trade_id,pair,signal_bar_time,entry_time,entry_price,sl_at_entry_price,exit_time,exit_price,exit_reason,final_r,bars_held,mfe_r,mae_r,spread_pips_used,spread_pips_exit,time_to_peak_mfe,calendar_year,num_higher_highs,num_higher_lows,most_recent_sh_price,most_recent_sh_age,most_recent_sl_price,most_recent_sl_age,hh_range_atr,hl_range_atr,pullback_depth_atr,trigger_body_atr,trigger_close_pos,trigger_break_size_atr
1,GBP_AUD,2020-10-08 00:00:00,2020-10-08 04:00:00,1.8119,1.799131918,2020-10-09 12:00:00,1.798931918,stoploss,-1.01566406,9,3.182937067,-1.426995899,4,4,0,2020,2,3,1.81701,10,1.8028,11,0.8897186289,2.847726175,1.35319202,0.4824530593,0.898467433,0.2772538685
2,GBP_JPY,2020-10-08 00:00:00,2020-10-08 04:00:00,137.012,135.9117222,2020-10-14 08:00:00,135.8997222,stoploss,-1.010906337,26,3.119212338,-2.373945987,2,2.4,10,2020,2,2,137.441,10,135.864,6,0.7870739758,1.490532702,1.036329427,0.2908356492,0.7037037037,0.02908356492
3,AUD_JPY,2020-10-08 04:00:00,2020-10-08 08:00:00,75.7125,75.17257889,2020-10-15 00:00:00,75.16807889,stoploss,-1.008334551,29,3.425500445,-4.775697701,0.9,0.9,8,2020,2,2,76.162,12,74.929,7,0.4111711807,0.003704244872,1.984955669,0.3444947731,0.9086294416,0.01852122436
4,EUR_JPY,2020-10-08 20:00:00,2020-10-09 00:00:00,124.642,124.0880886,2020-10-13 16:00:00,124.0810886,stoploss,-1.0126374,17,3.632349762,-5.462967385,1,1.4,4,2020,3,2,124.874,8,123.843,12,0.5957631319,2.975204974,0.9186107887,0.2130304532,0.7433628319,0.184144968
5,GBP_NZD,2020-10-09 20:00:00,2020-10-12 00:00:00,1.95654,1.943345871,2020-10-14 00:00:00,1.943060871,stoploss,-1.021600517,13,1.757599943,-5.282652697,5.2,5.7,4,2020,2,4,1.97237,10,1.95666,8,1.852339052,2.194915669,2.759777959,0.2576903755,0.6036036036,0.1227818848
6,AUD_USD,2020-10-13 08:00:00,2020-10-13 12:00:00,0.71984,0.7155097784,2020-10-13 20:00:00,0.7154597784,stoploss,-1.011546753,3,5.891153504,-4.791902596,1,1,0,2020,3,2,0.72429,9,0.7123,19,4.226111687,1.293236363,2.789224035,0.6743303894,0.9918032787,0.6697116881
7,GBP_USD,2020-10-14 12:00:00,2020-10-14 16:00:00,1.302865,1.293333491,2020-10-15 12:00:00,1.293288491,stoploss,-1.004721183,6,5.361690632,-1.8375895,0.9,0.9,0,2020,2,4,1.30823,11,1.30051,12,2.358493404,3.376170718,4.419455571,2.595601727,0.8966712899,2.161252852
8,GBP_AUD,2020-10-16 04:00:00,2020-10-16 08:00:00,1.82319,1.810599105,2020-11-04 16:00:00,1.810399105,stoploss,-1.015884494,81,2.331049527,-5.594518865,4,4,23,2020,2,2,1.83308,4,1.79642,11,2.122168428,0.1096030101,1.628134782,0.09213006649,0.9938650307,0.02700364018
9,GBP_CHF,2020-10-19 00:00:00,2020-10-19 04:00:00,1.184105,1.175219412,2020-10-20 12:00:00,1.175124412,stoploss,-1.01069147,9,4.079077206,-1.778723003,1.9,1.9,1,2020,3,2,1.19171,14,1.17849,8,0.5019363867,0.3803912527,2.473429291,1.033133639,0.9914893617,0.1350501489
10,USD_CAD,2020-10-19 20:00:00,2020-10-20 00:00:00,1.319125,1.31388241,2020-10-20 16:00:00,1.31381741,stoploss,-1.012398452,5,3.783435177,-9.244476221,1.3,1.3,2,2020,2,2,1.32591,13,1.31162,20,3.662311843,0.6523492969,4.096016482,1.274179329,0.9314420804,0.5569765927
11,EUR_AUD,2020-10-21 08:00:00,2020-10-21 12:00:00,1.67562,1.665929138,2020-10-21 16:00:00,1.665809138,stoploss,-1.012382799,2,0,-7.390467228,2.4,2.4,0,2020,3,2,1.68262,4,1.64842,13,5.349369186,3.058551363,1.947050683,0.4953119617,0.7764976959,0.02270179824
12,EUR_CAD,2020-10-21 08:00:00,2020-10-21 12:00:00,1.55429,1.54778611,2020-11-02 12:00:00,1.54769611,stoploss,-1.013837873,49,2.586144663,-3.533270176,1.8,1.8,36,2020,4,2,1.55839,5,1.54256,12,3.59169675,1.1285554,2.408846205,1.070128826,0.887254902,0.6365421466
13,USD_JPY,2020-10-22 00:00:00,2020-10-22 04:00:00,104.633,104.2451123,2020-10-28 04:00:00,104.2421123,stoploss,-1.007734198,25,2.68892273,-3.758820077,0.6,0.6,14,2020,3,2,105.746,9,105.301,15,1.309657475,0.5774867608,5.993166822,0.2114014035,0.5860215054,0.2217136671
14,CAD_JPY,2020-10-22 08:00:00,2020-10-22 12:00:00,79.655,79.24280958,2020-10-27 20:00:00,79.23680958,stoploss,-1.014556379,21,5.977819735,-4.226202102,1.2,1.2,3,2020,3,2,80.519,10,79.847,14,2.178604757,1.960259069,4.990216819,0.6598891916,0.9503816794,0.5531424106
15,CHF_JPY,2020-10-22 16:00:00,2020-10-22 20:00:00,115.53,115.0396957,2020-10-27 08:00:00,115.0286957,stoploss,-1.022435049,16,4.546156648,-3.720138953,2.2,2.2,8,2020,2,2,116.584,12,115.032,20,4.625699092,0.7056842531,4.991161069,0.5547575631,0.5986842105,0.004079099729
16,AUD_USD,2020-10-23 08:00:00,2020-10-23 12:00:00,0.71445,0.7091936762,2020-10-28 12:00:00,0.7091436762,stoploss,-1.009512352,19,9.415325605,-2.922194409,1,1,0,2020,2,2,0.71366,10,0.70849,7,0.8332819994,2.446576829,0.965378532,1.187141479,0.9154013015,0.6164003831
17,EUR_USD,2020-10-23 08:00:00,2020-10-23 12:00:00,1.183875,1.178767411,2020-10-27 20:00:00,1.178732411,stoploss,-1.006852548,15,8.500096179,-4.637217045,0.7,0.7,2,2020,3,2,1.18806,10,1.17598,18,5.270588256,2.224141255,3.394690647,1.444908668,0.8581818182,1.339183643
18,EUR_CHF,2020-10-23 16:00:00,2020-10-23 20:00:00,1.07219,1.069424064,2020-10-28 12:00:00,1.069374064,stoploss,-1.018077062,17,5.419503117,-2.256017308,1,1,10,2020,2,2,1.07484,8,1.07103,13,1.359395045,0.5061577294,2.689415044,0.6507742236,0.6020408163,0.1012315459
19,AUD_CHF,2020-10-26 08:00:00,2020-10-26 12:00:00,0.64728,0.6428967294,2020-10-28 16:00:00,0.6428267294,stoploss,-1.01596981,14,6.362828713,-1.633483456,1.4,1.4,11,2020,2,2,0.6475,8,0.64323,4,1.06769589,2.806123814,1.920814732,1.587855426,0.8549019608,1.200017176
20,NZD_USD,2020-10-26 08:00:00,2020-10-26 12:00:00,0.669525,0.6651260172,2020-10-28 12:00:00,0.6650710172,stoploss,-1.01250289,13,10.8240932,-2.417604352,1.1,1.1,7,2020,3,2,0.67046,5,0.66559,6,2.664252281,4.691993777,0.9166911211,0.463743571,0.9259259259,0.1954997407
21,NZD_CHF,2020-10-27 08:00:00,2020-10-27 12:00:00,0.607905,0.6043383131,2020-10-28 16:00:00,0.6042533131,stoploss,-1.02383164,8,8.684530163,-1.173357828,1.7,1.7,5,2020,2,3,0.60755,6,0.60395,6,0.5719593715,5.074737561,0.7294919421,0.8803688365,0.9555555556,0.4766328096
22,AUD_CAD,2020-10-28 00:00:00,2020-10-28 04:00:00,0.940675,0.9360900246,2020-10-29 16:00:00,0.9359950246,stoploss,-1.02071985,10,7.632538271,-2.356610259,1.9,1.9,1,2020,3,3,0.94151,8,0.93355,14,2.185398871,3.84734891,1.060251142,0.6586731127,0.9130434783,0.2922589308
23,USD_CHF,2020-10-29 08:00:00,2020-10-29 12:00:00,0.911885,0.9080698196,2020-11-05 08:00:00,0.9080248196,stoploss,-1.011794986,30,2.320991169,-7.76241146,0.9,0.9,13,2020,2,2,0.91276,5,0.90614,12,1.871471141,1.436367206,1.947008311,1.373460613,0.9641693811,0.6972147386
24,USD_CAD,2020-10-30 04:00:00,2020-10-30 08:00:00,1.333165,1.325670792,2020-11-02 16:00:00,1.325605792,stoploss,-1.008673365,9,0.511728508,-8.587298079,1.3,1.3,4,2020,3,3,1.33896,4,1.32777,5,4.395394277,4.502143379,2.438874849,0.8433179063,0.8720379147,0.1174240123
25,AUD_JPY,2020-11-05 08:00:00,2020-11-05 12:00:00,75.1885,74.30632475,2021-01-04 12:00:00,79.444,time_exit,4.82387147,240,5.217217352,-0.3292996503,0.9,0.8,234,2020,3,5,75.471,8,74.066,6,3.672739646,2.112958858,1.612570235,0.9385890206,0.8492366412,0.7118766968
26,AUD_NZD,2020-11-05 16:00:00,2020-11-05 20:00:00,1.074755,1.06920742,2020-11-09 04:00:00,1.06910242,stoploss,-1.018927173,9,0.2009885465,-5.962059349,2.1,2.1,1,2020,2,5,1.07371,5,1.06505,9,3.731356872,2.188341663,0.5010984394,0.8147697131,0.8976377953,0.5660125883
27,NZD_JPY,2020-11-06 00:00:00,2020-11-06 04:00:00,70.276,69.62338285,2021-01-05 04:00:00,74.01,time_exit,5.72157815,240,6.670066869,-0.5899324017,1,1,230,2020,2,3,70.47,12,69.432,10,2.384246278,1.706973235,1.440547902,0.7508230567,0.876344086,0.2359729607
28,EUR_JPY,2020-11-09 00:00:00,2020-11-09 04:00:00,122.844,122.1250226,2021-01-06 04:00:00,126.293,time_exit,4.797091139,240,6.103112763,-0.02225382958,1.4,1.4,212,2020,3,3,123.184,9,122.219,5,2.876307474,1.368610519,1.189951941,0.1891575515,0.7813953488,0.1835940941
29,NZD_CHF,2020-11-09 00:00:00,2020-11-09 04:00:00,0.612345,0.6075043165,2021-01-06 04:00:00,0.637355,time_exit,5.166625701,240,5.481663854,-0.1601013562,1.7,1.7,96,2020,2,2,0.61394,6,0.60619,16,0.3057419448,0.7560915661,1.822622749,1.251889314,0.8657142857,0.8924359468
30,NZD_USD,2020-11-09 00:00:00,2020-11-09 04:00:00,0.680485,0.6738387008,2021-01-06 04:00:00,0.725105,time_exit,6.713510618,240,7.034742021,-0.1436889879,1.1,1.1,240,2020,2,2,0.68021,4,0.66136,17,1.766396563,0.7432707856,0.916008714,0.5807743386,0.7119205298,0.6229030471
31,EUR_CHF,2020-11-09 12:00:00,2020-11-09 16:00:00,1.07894,1.073803764,2020-12-10 00:00:00,1.073753764,stoploss,-1.009734756,135,1.997571871,-1.053300567,1,1,100,2020,3,3,1.07268,11,1.0676,7,0.8449767953,0.6424938766,1.918178144,3.862751064,0.9629972248,3.675843754
32,NZD_CAD,2020-11-09 20:00:00,2020-11-10 00:00:00,0.886835,0.8807587786,2021-01-07 00:00:00,0.923905,time_exit,6.100830994,240,6.39295333,-0.216417393,2.3,2.3,237,2020,2,4,0.88834,9,0.8823,6,1.731339144,2.534469849,1.367030761,0.7669239933,0.605664488,0.03291519285
33,CHF_JPY,2020-11-10 16:00:00,2020-11-10 20:00:00,115.201,114.4664338,2020-11-16 16:00:00,114.4554338,stoploss,-1.014974825,24,3.482327457,-2.035214835,2.2,2.2,9,2020,3,3,116.102,7,114.265,16,3.082091229,0.2532106752,3.059008269,0.5554298681,0.5670886076,0.3103872792
34,AUD_CHF,2020-11-11 04:00:00,2020-11-11 08:00:00,0.66845,0.6624384858,2020-11-12 16:00:00,0.6623684858,stoploss,-1.011644321,9,3.521575312,-1.731676854,1.4,1.4,0,2020,4,2,0.66811,4,0.65201,16,3.855933667,1.866418281,0.5902936422,0.6786975566,0.835483871,0.4690997818
35,AUD_USD,2020-11-12 00:00:00,2020-11-12 04:00:00,0.72854,0.7223543931,2020-11-12 20:00:00,0.7223043931,stoploss,-1.008083281,5,8.642644234,-1.036276647,1,1,0,2020,2,2,0.73179,5,0.72523,9,0.934427304,0.4364971835,1.19668759,0.1713655609,0.5392670157,0.04526637459
36,CAD_CHF,2020-11-13 08:00:00,2020-11-13 12:00:00,0.696115,0.6919720545,2020-12-02 16:00:00,0.6918970545,stoploss,-1.018103062,80,1.490485467,-2.398052326,1.5,1.5,47,2020,3,2,0.70498,11,0.69973,14,0.492403296,6.063319017,5.020210509,0.7337774607,0.8195876289,0.3186138974
37,GBP_USD,2020-11-13 08:00:00,2020-11-13 12:00:00,1.31727,1.308286702,2021-01-12 12:00:00,1.360215,time_exit,4.780538089,240,5.910969205,-0.4330258043,0.8,0.9,204,2020,2,3,1.33138,12,1.31909,10,2.348803206,2.195184797,4.252509402,1.05083897,0.9570093458,0.9729165886
38,USD_CAD,2020-11-16 08:00:00,2020-11-16 12:00:00,1.311685,1.305135482,2020-11-18 16:00:00,1.305070482,stoploss,-1.009924395,14,0.1076415103,-7.43031787,1.3,1.3,0,2020,2,2,1.31723,4,1.29845,22,3.713250398,1.722264165,1.938695323,0.2504001091,0.9450549451,0.045804898
39,EUR_CAD,2020-11-18 00:00:00,2020-11-18 04:00:00,1.554805,1.547194936,2020-11-18 20:00:00,1.547009936,stoploss,-1.024309915,5,3.121524497,-2.799582379,3.7,3.7,1,2020,2,2,1.55763,14,1.54633,9,4.218098773,3.458578184,0.8141030019,0.06044627526,0.6832740214,0.03679338494
40,EUR_USD,2020-11-18 04:00:00,2020-11-18 08:00:00,1.187335,1.182607323,2020-11-19 08:00:00,1.182592323,stoploss,-1.003172805,7,10.06942634,-1.55150178,0.3,0.3,0,2020,3,3,1.18939,4,1.18141,10,2.99512818,2.902059225,1.667114624,0.7699340802,0.8101265823,0.2876676783
41,GBP_AUD,2020-11-20 08:00:00,2020-11-20 12:00:00,1.82216,1.812040979,2020-11-25 12:00:00,1.811840979,stoploss,-1.019764758,19,0.9417907102,-7.965197402,4,4,7,2020,3,2,1.82414,5,1.81206,9,0.9585907543,2.61487746,0.7852106358,0.3577421166,0.8299595142,0.136376829
42,AUD_USD,2020-11-25 16:00:00,2020-11-25 20:00:00,0.73629,0.7305219958,2021-01-22 20:00:00,0.77149,time_exit,6.102630753,240,7.92475147,-0.4368928835,1,1,166,2020,4,2,0.73733,4,0.72652,12,1.473646631,0.3744796144,0.9784861787,0.575589037,0.9765625,0.2080442302
43,AUD_CAD,2020-11-25 20:00:00,2020-11-26 00:00:00,0.957685,0.952989088,2020-11-30 20:00:00,0.952894088,stoploss,-1.020230362,18,6.892164866,-2.545831329,1.9,1.9,12,2020,2,2,0.95964,9,0.95223,13,0.8688408049,1.235116831,1.244803239,0.3577579785,0.5885714286,0.3322038372
44,AUD_CHF,2020-11-26 08:00:00,2020-11-26 12:00:00,0.66899,0.6648795223,2020-12-01 16:00:00,0.6648095223,stoploss,-1.017029651,20,5.488413237,-2.663923978,1.4,1.4,5,2020,3,3,0.67146,11,0.66682,4,2.233317089,2.466866588,1.910399275,0.7006484984,0.9467455621,0.08271544773
45,GBP_CHF,2020-11-27 04:00:00,2020-11-27 08:00:00,1.211275,1.205925275,2020-11-27 16:00:00,1.205830275,stoploss,-1.017757922,3,1.569239545,-8.033123224,1.9,1.9,0,2020,2,2,1.21929,16,1.21372,15,0.2654342054,3.095486227,3.021110639,0.1644944372,0.9857142857,0.1046782782
46,CHF_JPY,2020-11-27 16:00:00,2020-11-27 20:00:00,114.958,114.4522858,2021-01-26 20:00:00,116.847,time_exit,3.735311259,240,5.538701342,-0.6584746687,2.2,2.2,53,2020,2,4,115.103,8,114.636,7,0.9293786615,3.677966618,0.9085385753,0.2807909999,0.5341365462,0.2610169858
47,EUR_USD,2020-12-01 08:00:00,2020-12-01 12:00:00,1.198105,1.193134284,2021-01-28 12:00:00,1.210825,time_exit,2.558987734,240,7.41040198,-0.4234802815,0.7,0.7,144,2020,3,3,1.20034,4,1.18853,17,2.961344296,1.782439569,1.907351265,0.9495614862,0.8454258675,0.8369016489
48,GBP_JPY,2020-12-03 12:00:00,2020-12-03 16:00:00,140.098,139.1762225,2020-12-07 08:00:00,139.1642225,stoploss,-1.013018325,11,4.344866081,-3.593057792,2.4,2.4,6,2020,2,2,140.444,7,138.889,5,0.2885728783,1.334378347,1.544875361,0.7420445441,0.6423487544,0.2994214827
49,CAD_JPY,2020-12-03 16:00:00,2020-12-03 20:00:00,80.725,80.32638799,2020-12-21 12:00:00,80.32038799,stoploss,-1.015052231,71,3.71790101,-1.462575094,1.2,1.2,29,2020,2,2,81.012,8,79.881,22,1.831354749,0.2006964108,2.399405448,0.8429249254,0.9832214765,0.1154004362
50,EUR_AUD,2020-12-04 00:00:00,2020-12-04 04:00:00,1.63433,1.625253576,2020-12-09 08:00:00,1.625133576,stoploss,-1.013221066,20,0.7425831896,-8.266471323,2.4,2.4,2,2020,3,3,1.64198,8,1.63187,10,4.849927597,3.816480963,2.260870736,0.4561267663,0.7896103896,0.2600142919
51,EUR_NZD,2020-12-04 00:00:00,2020-12-04 04:00:00,1.7195,1.710522778,2020-12-09 12:00:00,1.710332778,stoploss,-1.021164676,21,1.693174112,-4.861191991,3.8,3.8,2,2020,2,3,1.71813,8,1.70408,10,2.767002958,1.699857695,0.6696085456,0.7953462607,0.861003861,0.3341791011
52,GBP_NZD,2020-12-14 00:00:00,2020-12-14 04:00:00,1.87868,1.860527509,2021-02-10 04:00:00,1.91012,time_exit,1.731993672,240,2.34237821,-0.9310016876,4.8,4.8,152,2020,2,3,1.91078,12,1.89053,16,1.092962928,0.6632698413,5.153786165,0.06390307441,0.7436489607,1.069825608
53,AUD_CHF,2020-12-15 12:00:00,2020-12-15 16:00:00,0.66871,0.6641426561,2021-02-11 16:00:00,0.69095,time_exit,4.86935083,240,5.412335994,-0.7575518827,1.4,1.4,222,2020,3,2,0.67218,7,0.65958,21,3.060859919,0.6743525429,2.400363868,0.8057199214,0.8633093525,0.1751565047
54,AUD_CAD,2020-12-15 16:00:00,2020-12-15 20:00:00,0.962245,0.9573384519,2021-02-11 20:00:00,0.984065,time_exit,4.447118329,240,5.666916826,-0.7326943352,1.9,1.9,85,2020,3,4,0.96523,8,0.96036,10,3.50551949,5.315345831,2.137269769,0.8437703888,0.8885135135,0.5869707052
55,GBP_AUD,2020-12-17 04:00:00,2020-12-17 08:00:00,1.78552,1.771937719,2020-12-18 16:00:00,1.771737719,stoploss,-1.014725068,9,1.23396067,-3.236569871,4,4,3,2020,2,2,1.79081,4,1.76358,15,2.108629688,3.093736715,0.9220063628,0.1472506766,0.9299191375,0.094240433
56,EUR_NZD,2020-12-17 16:00:00,2020-12-17 20:00:00,1.71479,1.704220858,2020-12-30 16:00:00,1.704030858,stoploss,-1.017976862,48,1.883785867,-4.827260419,3.8,3.8,16,2020,3,2,1.72409,6,1.7102,8,2.000162392,0.6055363912,2.700986966,0.8458586465,0.8534107402,0.6452747169
57,GBP_JPY,2020-12-21 20:00:00,2020-12-22 00:00:00,139.08,137.7411892,2021-02-18 00:00:00,146.568,time_exit,5.593023161,240,6.340701604,-0.8104206903,2.4,2.4,234,2020,2,2,140.448,12,139.575,13,0.5751372641,1.936046479,3.878502937,1.460998037,0.6754143646,1.259326529
58,USD_CAD,2020-12-22 04:00:00,2020-12-22 08:00:00,1.288015,1.280595126,2020-12-29 12:00:00,1.280530126,stoploss,-1.008760256,26,0.7190148935,-3.925268749,1.3,1.3,2,2020,2,2,1.29566,4,1.26886,15,4.496033149,0.01347731759,2.59150654,0.5498745578,0.8978328173,0.4097104548
59,GBP_CAD,2020-12-28 04:00:00,2020-12-28 08:00:00,1.74285,1.728951937,2020-12-28 16:00:00,1.728691937,stoploss,-1.018707643,3,2.519775655,-1.825434276,2.8,5.2,0,2020,4,2,1.74827,4,1.72029,15,2.803268404,2.22333146,1.109849028,0.3496890257,0.7067039106,0.002878098977
60,EUR_CHF,2020-12-30 00:00:00,2020-12-30 04:00:00,1.08445,1.080243668,2020-12-31 12:00:00,1.080193668,stoploss,-1.011886842,9,5.030511452,-2.508123621,1,1,2,2020,2,3,1.0892,10,1.08202,12,1.607101012,0.4754736722,3.128589197,0.8843810303,0.93359375,0.1331326282
61,USD_CHF,2020-12-30 08:00:00,2020-12-30 12:00:00,0.884765,0.8803531804,2020-12-31 12:00:00,0.8803081804,stoploss,-1.010199873,7,5.599730383,-2.038841319,0.9,0.9,0,2020,4,2,0.89188,11,0.88678,22,0.6437253304,1.015454042,4.68751081,1.223984783,0.7977207977,0.8250564094
62,CAD_JPY,2020-12-30 16:00:00,2020-12-30 20:00:00,80.885,80.48518597,2021-02-25 20:00:00,84.739,time_exit,9.639481631,240,10.53489793,-0.8203814154,1.2,1.2,238,2020,3,2,81.051,7,80.372,16,1.695788413,1.150534912,2.798546803,1.600744225,0.6714285714,0.6052814101
63,USD_JPY,2020-12-30 16:00:00,2020-12-30 20:00:00,103.248,102.8680367,2021-01-04 08:00:00,102.8650367,stoploss,-1.0078955,10,8.30869781,-1.729114495,0.6,0.6,5,2020,3,2,103.898,12,103.403,14,0.8632413309,0.242128666,4.905675752,1.047469664,0.7182741117,0.01579099995
64,EUR_CAD,2021-01-04 08:00:00,2021-01-04 12:00:00,1.558265,1.550073912,2021-01-11 00:00:00,1.549888912,stoploss,-1.022585523,28,1.192149346,-4.544573416,3.7,3.7,1,2021,4,2,1.5737,10,1.56598,16,1.245255845,1.233047455,3.997374476,0.2026592846,0.578125,0.1391756533
65,AUD_JPY,2021-01-05 04:00:00,2021-01-05 08:00:00,79.383,78.82500079,2021-03-02 08:00:00,82.867,time_exit,6.243736387,240,9.978508669,-0.4426529528,0.8,0.8,222,2021,2,3,79.791,10,79.156,7,3.265237571,2.437279416,2.342411697,0.8207896858,0.6822157434,0.5376351653
66,EUR_GBP,2021-01-07 16:00:00,2021-01-07 20:00:00,0.90535,0.8995200231,2021-01-08 08:00:00,0.8994800231,stoploss,-1.006861091,4,0,-8.833654252,0.8,0.8,0,2021,3,2,0.9085,6,0.90134,12,1.252149049,2.778741726,1.963912244,0.8404836084,0.8035190616,0.5351650731
67,CAD_CHF,2021-01-12 00:00:00,2021-01-12 04:00:00,0.696955,0.6929130589,2021-01-28 04:00:00,0.6928380589,stoploss,-1.018555441,73,10.65948227,-1.594530886,1.5,1.5,39,2021,3,3,0.69943,10,0.69515,8,2.835271365,3.35482371,1.504808931,0.2721464661,0.9179104478,0.09401423375
68,EUR_CHF,2021-01-12 00:00:00,2021-01-12 04:00:00,1.08222,1.078825116,2021-01-13 16:00:00,1.078775116,stoploss,-1.014728043,10,9.699889048,-2.450746337,1,1,1,2021,2,2,1.08678,13,1.08145,6,2.845457887,1.673105672,2.995366081,0.3181257265,0.8527607362,0.08836825735
69,USD_CAD,2021-01-13 04:00:00,2021-01-13 08:00:00,1.271945,1.26488476,2021-01-14 16:00:00,1.26481976,stoploss,-1.009206487,9,2.292415149,-3.565743057,1.3,1.3,2,2021,3,2,1.28354,10,1.26588,15,3.158533076,0.8101708158,3.50439061,0.3370990457,0.8268156425,0.01133106036
70,GBP_AUD,2021-01-13 08:00:00,2021-01-13 12:00:00,1.76595,1.75552943,2021-01-14 16:00:00,1.75532943,stoploss,-1.019192808,8,4.351969322,-1.061362309,4,4,0,2021,2,3,1.76567,4,1.7452,14,1.76573838,0.6986182285,0.715715841,0.7197303178,0.877318117,0.4375960332
71,USD_CHF,2021-01-13 08:00:00,2021-01-13 12:00:00,0.887325,0.8827378453,2021-03-10 12:00:00,0.929355,time_exit,9.162542512,240,10.949053,-0.7575502077,0.9,0.9,231,2021,3,2,0.89204,10,0.88227,17,4.307681181,2.834000777,2.694948747,0.5232001434,0.693452381,0.4360001195
72,AUD_NZD,2021-01-14 08:00:00,2021-01-14 12:00:00,1.078795,1.074656352,2021-01-22 00:00:00,1.074551352,stoploss,-1.025370606,34,1.298733397,-5.99591986,2.1,2.1,19,2021,3,2,1.07826,4,1.07354,7,2.305100764,3.083132678,0.7346410075,0.9326717976,0.9688888889,0.2851172853
73,GBP_USD,2021-01-18 16:00:00,2021-01-18 20:00:00,1.358215,1.35009043,2021-03-15 20:00:00,1.3892,time_exit,3.813740531,240,8.108121913,-0.2147806108,0.9,0.8,157,2021,2,2,1.3711,12,1.36117,18,0.251090227,3.960825247,3.844472479,0.6424955808,0.8578088578,0.6006472097
74,EUR_CAD,2021-01-21 04:00:00,2021-01-21 08:00:00,1.53072,1.523723729,2021-02-24 16:00:00,1.523633729,stoploss,-1.012863996,147,4.089321364,-7.343912327,1.8,1.8,30,2021,3,2,1.54791,9,1.53842,12,1.323562245,1.406463552,4.848355566,0.1457919535,0.8076923077,0.1200639617
75,EUR_AUD,2021-01-21 12:00:00,2021-01-21 16:00:00,1.56608,1.558631344,2021-02-15 04:00:00,1.558511344,stoploss,-1.016110289,100,3.846331422,-5.492265915,2.4,2.4,28,2021,3,2,1.57695,10,1.56715,14,0.9639322725,2.107762769,4.179714835,1.049853812,0.9426523297,0.5101591414
76,EUR_NZD,2021-01-21 12:00:00,2021-01-21 16:00:00,1.68716,1.678176582,2021-01-26 16:00:00,1.677986582,stoploss,-1.021150078,19,1.90684652,-6.115712072,3.8,3.8,5,2021,3,2,1.70723,11,1.69381,14,2.175118564,2.83856312,5.672958916,1.028561695,0.9220563847,0.2382166697
77,USD_JPY,2021-01-21 12:00:00,2021-01-21 16:00:00,103.581,103.2205866,2021-03-18 16:00:00,109.174,time_exit,15.51828977,240,16.04823673,-0.3468239265,0.6,0.6,220,2021,2,3,104.086,13,103.638,17,0.8656725205,0.4106395289,3.838331213,0.8656725205,0.9124087591,0.1220820221
78,NZD_JPY,2021-01-25 00:00:00,2021-01-25 04:00:00,74.66,74.22970731,2021-01-28 08:00:00,74.22270731,stoploss,-1.016267997,20,10.58116984,-1.245663746,1,1.4,9,2021,2,4,74.792,6,74.356,8,2.328647526,3.286135331,1.346779673,0.9203038125,0.8103448276,0.348599929
79,NZD_USD,2021-01-25 00:00:00,2021-01-25 04:00:00,0.718975,0.7142760819,2021-01-28 00:00:00,0.7142210819,stoploss,-1.011704822,18,5.853475109,-1.933423791,1.1,1.1,9,2021,2,4,0.72253,6,0.7177,8,3.600828898,3.430576941,1.919568619,0.6384448401,0.7442748092,0.1659956584
80,AUD_USD,2021-01-25 04:00:00,2021-01-25 08:00:00,0.77434,0.7697073768,2021-01-25 16:00:00,0.7696573768,stoploss,-1.010793021,3,5.692239338,-3.881170394,1,1,0,2021,2,3,0.77821,10,0.77019,4,2.456491606,1.856399632,2.910019092,1.174280698,0.9715302491,0.7252910191
81,GBP_CHF,2021-01-28 12:00:00,2021-01-28 16:00:00,1.216605,1.210997212,2021-03-25 16:00:00,1.283025,time_exit,11.84424183,240,14.67155972,-0.3040414381,1.9,1.9,166,2021,3,2,1.22049,6,1.21037,13,1.865263016,1.002177643,2.24348178,0.7810565976,0.8117977528,0.2425198568
82,GBP_CAD,2021-02-01 08:00:00,2021-02-01 12:00:00,1.75638,1.747286518,2021-02-02 20:00:00,1.747026518,stoploss,-1.028591907,9,3.546496095,-4.239299983,5.2,5.2,2,2021,2,3,1.76409,6,1.74788,4,4.337172279,2.412717033,2.033922651,0.2837196876,0.7253218884,0.1583551745
83,NZD_JPY,2021-02-02 20:00:00,2021-02-03 00:00:00,75.484,74.9365112,2021-03-31 00:00:00,76.967,time_exit,2.708731228,240,6.811098281,-0.2995495087,1,1.4,98,2021,2,3,75.647,13,74.994,5,2.042050919,3.178147227,1.953204649,1.282218019,0.8584474886,0.7233024723
84,EUR_CHF,2021-02-03 16:00:00,2021-02-03 20:00:00,1.08158,1.078652746,2021-02-10 16:00:00,1.078602746,stoploss,-1.017080857,30,11.46808713,-1.229821676,1,1,16,2021,2,2,1.08327,8,1.07988,7,2.958404365,3.341015554,2.268642421,1.045348425,0.9392265193,0.1981379367
85,EUR_JPY,2021-02-03 20:00:00,2021-02-04 00:00:00,126.406,125.9384223,2021-04-01 00:00:00,129.844,time_exit,7.352789028,240,9.108647024,-0.6587140839,1,1.4,180,2021,2,2,127.344,19,126.266,7,2.908607643,0.6287725347,4.400066667,0.5004516092,0.8742138365,0.1839266598
86,CAD_CHF,2021-02-04 08:00:00,2021-02-04 12:00:00,0.704705,0.7010784167,2021-02-09 12:00:00,0.7010034167,stoploss,-1.020680622,19,13.2645511,-1.562076333,1.5,1.5,6,2021,2,3,0.70442,4,0.70136,4,2.310714858,5.983593367,0.8539516249,0.9209770436,0.5506329114,0.5790574226
87,NZD_CHF,2021-02-05 16:00:00,2021-02-05 20:00:00,0.648345,0.6442771058,2021-02-10 08:00:00,0.6441921058,stoploss,-1.020895332,16,6.960603886,-1.871975935,1.7,1.7,8,2021,3,4,0.6499,8,0.64589,10,3.259671818,5.039462463,1.861013424,1.047224883,0.9819004525,0.752231958
88,GBP_CAD,2021-02-09 04:00:00,2021-02-09 08:00:00,1.75412,1.746571263,2021-03-08 00:00:00,1.746431263,stoploss,-1.018546148,113,4.571625419,-4.807426441,5.2,2.8,64,2021,2,2,1.75705,10,1.74755,4,2.312969569,3.330358245,1.442665124,0.6120228756,0.868338558,0.5722811304
89,EUR_USD,2021-02-11 04:00:00,2021-02-11 08:00:00,1.212685,1.208464682,2021-02-12 12:00:00,1.208449682,stoploss,-1.003554235,8,2.756901528,-10.01701866,0.7,0.3,1,2021,2,2,1.2144,5,1.20197,16,4.203475128,3.1988114,1.220368741,0.4407251262,0.8818181818,0.3080336903
90,AUD_USD,2021-02-11 08:00:00,2021-02-11 12:00:00,0.77453,0.7698662271,2021-02-26 20:00:00,0.7698162271,stoploss,-1.010720934,69,5.61348084,-4.582127026,1,1,60,2021,2,2,0.7756,4,0.76513,17,3.177684723,2.933247437,0.6420501826,0.1672465644,0.6042780749,0.154381444
91,CHF_JPY,2021-02-11 08:00:00,2021-02-11 12:00:00,117.6,117.1988099,2021-02-22 16:00:00,117.1878099,stoploss,-1.027418422,44,3.158103701,-4.217451825,2.2,2.2,21,2021,2,2,117.733,4,116.879,14,1.949200548,1.425757945,1.033551926,0.3040952261,0.6196078431,0.2043918733
92,NZD_CAD,2021-02-11 12:00:00,2021-02-11 16:00:00,0.917925,0.9133953086,2021-02-15 00:00:00,0.9132803086,stoploss,-1.025388043,9,3.28830346,-9.82738023,2.3,2.3,2,2021,2,2,0.92322,14,0.91459,5,1.373161969,0.4680230504,3.155181587,0.6755427048,0.8361204013,0.17219716
93,GBP_NZD,2021-02-12 08:00:00,2021-02-12 12:00:00,1.9183,1.908806685,2021-02-24 16:00:00,1.908536685,stoploss,-1.028441066,50,6.712091521,-2.621844915,4.8,5.4,25,2021,2,2,1.92245,10,1.90708,4,1.053372806,1.63272785,2.664753924,1.607446902,0.9824120603,1.23876642
94,EUR_NZD,2021-02-15 12:00:00,2021-02-15 16:00:00,1.68004,1.6721141,2021-02-16 04:00:00,1.6719241,stoploss,-1.023972041,4,2.387110638,-6.033384288,3.8,3.8,0,2021,3,2,1.68481,7,1.6745,9,2.339166556,2.389634011,2.065463244,0.7923390491,0.8555555556,0.5702822455
95,AUD_NZD,2021-02-16 12:00:00,2021-02-16 16:00:00,1.074905,1.071344868,2021-02-24 08:00:00,1.071239868,stoploss,-1.029493286,35,5.534906655,-3.27656362,2.1,2.1,28,2021,2,3,1.07686,6,1.07382,7,2.348227335,3.269541409,2.535606761,1.213438049,0.724025974,0.1629152936
96,GBP_AUD,2021-02-18 08:00:00,2021-02-18 12:00:00,1.79006,1.781929263,2021-02-19 12:00:00,1.781729263,stoploss,-1.024598015,7,4.475608915,-2.60861954,4,4,1,2021,2,3,1.7966,8,1.78502,14,1.857150168,1.601330807,2.629205234,0.8879883584,0.8414634146,0.5534553481
97,GBP_JPY,2021-02-18 08:00:00,2021-02-18 12:00:00,147.196,146.4411561,2021-04-15 12:00:00,149.856,time_exit,3.523907192,240,8.236139477,-0.02914509707,2.4,2,196,2021,2,2,147.569,8,146.419,4,7.066361263,5.089793771,2.565618119,1.393665551,0.895280236,1.141957894
98,CAD_CHF,2021-02-19 08:00:00,2021-02-19 12:00:00,0.706605,0.7036535159,2021-04-16 12:00:00,0.734895,time_exit,9.585008383,240,15.65483607,-0.08639721236,1.5,1.5,174,2021,2,3,0.70798,7,0.70465,4,2.148071868,3.801477344,1.429901853,0.4269038729,0.8742857143,0.3726938573
99,AUD_CAD,2021-02-24 00:00:00,2021-02-24 04:00:00,0.998035,0.9937677935,2021-02-25 16:00:00,0.9936727935,stoploss,-1.022262808,10,0.3011337767,-11.48409395,1.9,1.9,7,2021,3,2,0.99898,8,0.98349,18,5.891442137,0.6327324491,1.732287168,1.110796966,0.7593457944,0.4733776101
100,EUR_USD,2021-02-24 00:00:00,2021-02-24 04:00:00,1.215885,1.210974152,2021-02-24 16:00:00,1.210959152,stoploss,-1.003054462,4,1.717625922,-9.260111299,0.3,0.3,1,2021,2,2,1.21802,4,1.20912,10,1.46206925,2.761233847,1.253513054,0.3787533154,0.678111588,0.04072616294
101,CAD_JPY,2021-02-26 08:00:00,2021-02-26 12:00:00,84.383,83.79147097,2021-02-26 16:00:00,83.78547097,stoploss,-1.010143205,2,6.628584286,-1.371023172,1.2,1.2,0,2021,2,3,85.097,5,83.196,16,3.905133818,0.3245825511,3.330789181,0.7539782177,0.9508547009,0.5274466456
102,NZD_CAD,2021-03-01 00:00:00,2021-03-01 04:00:00,0.923905,0.9171954409,2021-03-01 12:00:00,0.9170804409,stoploss,-1.017139725,3,0.2332493062,-7.525829849,2.3,2.3,0,2021,2,2,0.93282,13,0.9206,18,2.038882114,0.07153972329,3.729905835,0.8912657194,0.8398268398,0.5574136773
103,NZD_USD,2021-03-01 00:00:00,2021-03-01 04:00:00,0.727375,0.7188472783,2021-03-04 20:00:00,0.7187922783,stoploss,-1.006449554,23,0.386386905,-3.877354481,1.1,1.1,10,2021,3,2,0.74648,10,0.73069,22,2.962104164,0.6097759957,5.621003039,0.9216998705,0.7701543739,0.3119238747
104,EUR_CAD,2021-03-02 04:00:00,2021-03-02 08:00:00,1.52479,1.517321909,2021-03-04 16:00:00,1.517231909,stoploss,-1.012051273,15,0.4820509194,-6.999111543,1.8,1.8,3,2021,3,2,1.53805,7,1.52906,11,0.8221646236,2.147804652,3.675177263,0.2196009744,0.5663716814,0.1339030332
105,CHF_JPY,2021-03-02 16:00:00,2021-03-02 20:00:00,116.772,116.0622873,2021-03-04 12:00:00,116.0512873,stoploss,-1.01549923,11,3.161842996,-1.217394095,2.2,2.2,3,2021,2,2,117.785,14,116.383,6,0.369163487,0.5974248798,3.740628838,0.8313223563,0.9270833333,0.3860717384
106,EUR_CHF,2021-03-03 00:00:00,2021-03-03 04:00:00,1.10647,1.101734641,2021-03-16 16:00:00,1.101684641,stoploss,-1.010558862,58,1.83301839,-1.885812698,1,1,9,2021,2,2,1.10976,21,1.10032,4,1.752771041,1.989289543,1.718597871,0.3547777528,0.9345238095,0.2703068593
107,AUD_NZD,2021-03-04 04:00:00,2021-03-04 08:00:00,1.074655,1.069186455,2021-04-29 08:00:00,1.073285,time_exit,-0.2505236891,240,3.649051252,-0.8219737098,2.1,2.3,102,2021,2,2,1.07843,8,1.06678,13,1.609203258,1.294677167,1.865883537,0.4717891371,0.7830188679,0.3401270523
108,AUD_JPY,2021-03-05 04:00:00,2021-03-05 08:00:00,83.501,82.67745985,2021-03-24 00:00:00,82.67345985,stoploss,-1.00485708,77,2.361754907,-1.477766438,0.8,0.8,54,2021,2,2,83.753,11,83.005,7,1.515408804,2.489253244,1.734890502,1.090414348,0.974609375,0.145712385
109,AUD_CHF,2021-03-05 16:00:00,2021-03-05 20:00:00,0.71435,0.7073116634,2021-04-07 16:00:00,0.7072416634,stoploss,-1.009945532,138,1.378166542,-1.859814436,1.4,1.4,52,2021,2,2,0.72281,6,0.7131,10,1.452047635,3.961163214,3.100898501,0.6848209001,0.6912181303,0.2813164693
110,NZD_CHF,2021-03-05 16:00:00,2021-03-05 20:00:00,0.666275,0.6598933583,2021-03-22 20:00:00,0.6598083583,stoploss,-1.013319457,67,0.8234558261,-3.097165443,1.7,1.7,21,2021,3,3,0.6728,6,0.66425,12,2.043361365,2.519727818,3.386860937,1.262997899,0.9926829268,0.8399092726
111,EUR_AUD,2021-03-08 08:00:00,2021-03-08 12:00:00,1.55256,1.540380506,2021-03-10 16:00:00,1.540260506,stoploss,-1.009852626,14,1.219262438,-2.100251391,2.4,2.4,0,2021,2,2,1.56096,5,1.54216,10,1.137978275,0.2101893496,2.701224186,1.169178257,0.8424870466,0.6749048646
112,GBP_AUD,2021-03-08 20:00:00,2021-03-09 00:00:00,1.80663,1.793066755,2021-03-11 08:00:00,1.792866755,stoploss,-1.014745733,15,1.461302172,-2.405766391,4,4,0,2021,2,3,1.80834,8,1.79209,5,1.711979639,1.664793292,0.6504195648,0.3745416264,0.6935483871,0.08110153327
113,GBP_NZD,2021-03-09 00:00:00,2021-03-09 04:00:00,1.94292,1.928736683,2021-03-11 08:00:00,1.928466683,stoploss,-1.019036449,14,2.756759848,-1.8444204,5.6,5.4,1,2021,3,4,1.94158,9,1.92278,6,2.404233013,1.703409666,0.6079278675,0.7614579631,0.9147982063,0.2566395357
114,CHF_JPY,2021-03-11 04:00:00,2021-03-11 08:00:00,116.827,116.2243694,2021-03-23 20:00:00,116.2133694,stoploss,-1.018253304,52,5.5589608,-1.52498059,2.2,2.2,30,2021,3,3,117.154,5,116.189,11,1.924893889,0.6869879914,1.95692502,0.8363332069,0.8428093645,0.5741493841
115,EUR_USD,2021-03-12 16:00:00,2021-03-12 20:00:00,1.194815,1.188553876,2021-03-16 16:00:00,1.188538876,stoploss,-1.002395736,12,3.564056367,-3.897862229,0.3,0.3,1,2021,2,2,1.199,5,1.18687,14,2.373375649,1.057318089,2.100622743,0.6867776106,0.8057395143,0.2363792706
116,NZD_USD,2021-03-15 00:00:00,2021-03-15 04:00:00,0.720725,0.7143956456,2021-03-19 12:00:00,0.7143406456,stoploss,-1.00868967,27,1.454334735,-4.17341141,1.1,1.1,19,2021,2,3,0.72405,10,0.71851,8,1.554660923,2.606900938,2.047219479,1.020641216,0.776744186,0.7014933432
117,EUR_GBP,2021-03-17 16:00:00,2021-03-17 20:00:00,0.85903,0.8546855683,2021-03-18 12:00:00,0.8546455683,stoploss,-1.009207188,5,2.969318155,-2.729931265,0.8,0.8,0,2021,3,4,0.86394,8,0.85583,6,2.65627376,0.4557558098,3.749392176,1.298213519,0.802259887,0.842457709
118,CAD_JPY,2021-03-17 20:00:00,2021-03-18 00:00:00,87.719,87.27927333,2021-03-18 20:00:00,87.27327333,stoploss,-1.01364484,6,6.647311131,-5.21687709,1.2,1.2,2,2021,2,3,87.683,4,87.225,7,0.07732075896,6.67687495,1.090101768,1.373580542,0.8274932615,0.5276004729
119,GBP_CAD,2021-03-22 16:00:00,2021-03-22 20:00:00,1.73526,1.726876908,2021-03-23 16:00:00,1.726736908,stoploss,-1.016700282,6,2.796104325,-5.970350746,2.8,2.8,3,2021,2,2,1.74352,11,1.7283,15,1.980176271,1.138004917,3.498052338,1.328865281,0.8402877698,0.7395839085
120,NZD_CAD,2021-03-25 00:00:00,2021-03-25 04:00:00,0.877085,0.871354655,2021-05-12 12:00:00,0.871214655,stoploss,-1.024431339,207,5.407178782,-1.903026775,2.3,2.8,117,2021,2,2,0.8995,14,0.89365,21,0.7852930294,0.1954507095,8.030604052,0.3629798892,0.811827957,0.09423516353
121,USD_CAD,2021-03-25 12:00:00,2021-03-25 16:00:00,1.260445,1.253634028,2021-04-02 00:00:00,1.253569028,stoploss,-1.009543425,33,0.7289708858,-8.686719528,1.3,1.3,18,2021,3,4,1.26088,7,1.25429,5,2.416688979,2.381451716,1.219235779,0.9866433741,0.9241935484,0.6695080039
122,EUR_USD,2021-03-26 00:00:00,2021-03-26 04:00:00,1.178365,1.1735389,2021-03-30 08:00:00,1.1735239,stoploss,-1.0031081,14,9.563622462,-1.64832882,0.3,0.3,3,2021,2,2,1.19467,20,1.18744,22,0.3936926157,0.02486479678,7.253129921,0.6299081851,0.9294117647,0.07045025754
123,NZD_CHF,2021-03-29 12:00:00,2021-03-29 16:00:00,0.658205,0.6538036332,2021-04-07 12:00:00,0.6537186332,stoploss,-1.019312183,42,1.41660541,-3.774963735,1.7,1.7,29,2021,2,2,0.65811,6,0.65132,12,1.922130196,0.281730667,1.826517849,1.694928045,0.7920168067,0.8088396568
124,USD_JPY,2021-03-29 12:00:00,2021-03-29 16:00:00,109.697,109.2746016,2021-04-08 12:00:00,109.2716016,stoploss,-1.007102299,48,3.004272651,-5.255701564,0.6,0.6,9,2021,2,2,109.847,6,108.451,20,4.61175975,0.208334116,1.005472037,0.2982965752,0.8474576271,0.06628812783
125,AUD_JPY,2021-03-31 00:00:00,2021-03-31 04:00:00,84.216,83.57992639,2021-04-01 04:00:00,83.57592639,stoploss,-1.00628858,7,2.493422117,-1.856703354,0.8,0.8,3,2021,3,3,84.284,5,83.337,10,3.920929861,3.310937565,1.547012394,1.241994623,0.8109028961,1.1853974
126,CAD_JPY,2021-04-01 20:00:00,2021-04-02 00:00:00,88.086,87.58563996,2021-04-06 12:00:00,87.57963996,stoploss,-1.011991365,16,5.955711452,-5.318170528,1.2,1.2,1,2021,2,2,88.24,7,87.233,12,3.361579417,2.40227019,0.9393289095,0.3797265691,0.6022099448,0.00399712178
127,USD_CHF,2021-04-02 16:00:00,2021-04-02 20:00:00,0.94236,0.9380615505,2021-04-05 16:00:00,0.9380165505,stoploss,-1.010468891,6,0.3466366213,-11.46459912,1.4,0.9,3,2021,2,3,0.94727,7,0.94044,6,3.159278736,1.586618629,2.553399638,0.2093778249,0.5,0.03722272443
128,EUR_USD,2021-04-05 00:00:00,2021-04-05 04:00:00,1.176495,1.172283768,2021-05-31 04:00:00,1.219145,time_exit,10.12767667,240,11.90744071,-0.6352059808,0.3,0.7,218,2021,2,2,1.17864,4,1.17124,10,1.263288156,0.3941838984,1.196320736,0.4986663775,0.8253012048,0.02374601797
129,NZD_JPY,2021-04-05 08:00:00,2021-04-05 12:00:00,77.862,77.32133615,2021-04-06 12:00:00,77.31433615,stoploss,-1.012947046,7,4.289171542,-2.221343261,1.4,1.4,1,2021,3,3,77.927,5,76.906,12,2.127014779,2.138112248,0.7606751145,0.5030852347,0.9149797571,0.214551056
130,EUR_JPY,2021-04-05 12:00:00,2021-04-05 16:00:00,130.138,129.6469715,2021-04-08 12:00:00,129.6399715,stoploss,-1.014255792,18,7.981207035,-1.150646077,1.4,1.4,12,2021,2,2,130.317,8,129.651,14,1.099732533,1.926568475,1.605706935,0.8064705245,0.9703947368,0.01221925037
131,AUD_CAD,2021-04-06 12:00:00,2021-04-06 16:00:00,0.959345,0.9544460711,2021-04-12 00:00:00,0.9543510711,stoploss,-1.019391994,21,3.379310114,-6.063570337,1.9,1.9,3,2021,2,2,0.9595,4,0.95403,10,0.453160281,2.041262527,1.245615436,1.032878839,0.8402366864,0.08165050109
132,GBP_CAD,2021-04-07 00:00:00,2021-04-07 04:00:00,1.74025,1.731762372,2021-04-07 20:00:00,1.731622372,stoploss,-1.016494596,5,2.173752121,-6.484732613,2.8,2.8,1,2021,3,2,1.7444,4,1.73373,17,1.564630253,1.003813987,1.826939595,0.8200170601,1,0.1861532981
133,AUD_USD,2021-04-08 04:00:00,2021-04-08 08:00:00,0.76289,0.7578391413,2021-06-03 08:00:00,0.77376,time_exit,2.152109322,240,5.187236819,-0.8810383148,1,1,133,2021,3,3,0.76769,6,0.76061,10,1.560130769,2.949993458,2.551898063,0.6375153648,0.9961538462,0.4474486722
134,GBP_USD,2021-04-08 04:00:00,2021-04-08 08:00:00,1.37591,1.36871481,2021-04-09 08:00:00,1.36867481,stoploss,-1.005559269,7,6.808715062,-1.260564311,0.8,0.8,0,2021,2,2,1.39182,11,1.38096,22,1.856795943,1.773406903,4.911430752,0.5364694864,0.875,0.4113859274
135,NZD_CHF,2021-04-08 04:00:00,2021-04-08 08:00:00,0.652805,0.6487940878,2021-04-09 08:00:00,0.6487090878,stoploss,-1.021192187,7,2.442087871,-2.796122049,1.7,1.7,1,2021,2,2,0.66444,16,0.65959,20,0.4786941002,2.253851389,6.098990109,0.3889389564,0.9424460432,0.2742518283
136,EUR_AUD,2021-04-09 04:00:00,2021-04-09 08:00:00,1.55967,1.552231222,2021-04-14 16:00:00,1.552111222,stoploss,-1.016131683,21,3.413195187,-2.388833339,2.4,2.4,14,2021,3,2,1.56106,9,1.55278,4,3.471000383,3.366144446,1.347767601,0.9383262074,0.8934010152,0.4705074106
137,EUR_NZD,2021-04-12 00:00:00,2021-04-12 04:00:00,1.6922,1.682883268,2021-04-14 08:00:00,1.682693268,stoploss,-1.020393417,14,1.227898358,-3.35096038,3.8,3.8,9,2021,3,2,1.69547,4,1.68438,9,2.322702838,3.806055575,0.9552906963,1.659380124,0.9126328217,0.03864015812
138,EUR_GBP,2021-04-12 04:00:00,2021-04-12 08:00:00,0.86888,0.8647072144,2021-04-12 08:00:00,0.8646672144,stoploss,-1.009585923,1,0.730926608,-3.072288234,0.8,0.8,0,2021,2,3,0.86971,5,0.86213,11,1.624813902,7.170270201,0.8812144674,0.4888820592,0.9237288136,0.2156832614
139,CHF_JPY,2021-04-12 12:00:00,2021-04-12 16:00:00,118.417,117.895559,2021-04-15 04:00:00,117.884559,stoploss,-1.021095388,16,7.883921682,-2.040499312,2.2,2.2,4,2021,2,2,118.63,4,117.625,12,1.027920706,0.9627167805,1.264222871,0.4180722274,0.7282051282,0.180269676
140,GBP_AUD,2021-04-15 04:00:00,2021-04-15 08:00:00,1.78609,1.776879359,2021-04-15 08:00:00,1.776679359,stoploss,-1.021714015,1,6.388263153,-1.312612194,4,4,0,2021,3,2,1.80873,11,1.79397,19,1.265927063,0.4364516974,6.064692857,0.8859318037,0.9069423929,0.3734810545
141,EUR_NZD,2021-04-16 04:00:00,2021-04-16 08:00:00,1.67034,1.662056029,2021-05-06 00:00:00,1.661866029,stoploss,-1.02293586,83,4.019811326,-1.129892913,3.8,3.8,73,2021,2,2,1.69836,15,1.68986,16,0.697733017,1.344765711,6.676754451,0.1279579581,0.552238806,0.1231293559
142,AUD_CAD,2021-04-19 04:00:00,2021-04-19 08:00:00,0.967495,0.9628400434,2021-04-22 20:00:00,0.9627450434,stoploss,-1.020408354,22,1.805602241,-9.214908761,1.9,1.9,14,2021,2,2,0.97294,8,0.9651,12,5.684263569,4.11174621,3.205334702,0.8034446617,0.846473029,0.1804528117
143,EUR_CHF,2021-04-19 16:00:00,2021-04-19 20:00:00,1.1016,1.098021396,2021-04-30 16:00:00,1.097971396,stoploss,-1.013971929,54,1.659865163,-4.07421449,1,1,39,2021,2,2,1.10635,15,1.10012,8,2.822329654,1.441903071,3.814809258,1.073044146,0.976744186,0.5868210171
144,GBP_CHF,2021-04-21 08:00:00,2021-04-21 12:00:00,1.279285,1.272073456,2021-04-22 12:00:00,1.271978456,stoploss,-1.013173324,7,0.3778664009,-2.918237948,1.9,1.9,1,2021,3,3,1.28163,6,1.27431,4,1.877545346,3.316904334,1.70841221,0.9928526351,0.8384955752,0.6267728925
145,GBP_JPY,2021-04-21 08:00:00,2021-04-21 12:00:00,150.739,149.8580166,2021-04-22 12:00:00,149.8460166,stoploss,-1.013621141,7,6.055732456,-1.906959799,2.4,2.4,0,2021,2,2,151.981,6,149.891,12,3.462040111,1.15325664,3.670360918,0.6969484026,0.6191222571,0.1316710337
146,NZD_USD,2021-04-21 16:00:00,2021-04-21 20:00:00,0.720765,0.7156330072,2021-04-22 20:00:00,0.7155780072,stoploss,-1.010717084,7,2.121008422,-3.22389383,1.1,1.1,2,2021,3,2,0.72294,8,0.71679,10,1.917383819,1.804367293,1.993970613,0.993766004,0.7605042017,0.6819962772
147,GBP_AUD,2021-04-22 04:00:00,2021-04-22 08:00:00,1.79886,1.78860278,2021-04-23 16:00:00,1.78840278,stoploss,-1.019498461,9,4.491470492,-2.021015483,4,4,0,2021,2,3,1.80703,5,1.79103,11,0.4835618328,3.320587909,2.064476102,0.4757624484,0.7935656836,0.2515301469
148,NZD_CHF,2021-04-23 04:00:00,2021-04-23 08:00:00,0.658265,0.6540343782,2021-04-30 16:00:00,0.6539493782,stoploss,-1.020091609,33,0.9584879574,-4.853896475,1.7,1.7,9,2021,3,3,0.66205,9,0.65531,13,1.616783632,0.7847546285,2.588274762,0.770572316,0.9558823529,0.4065596268
149,EUR_GBP,2021-04-27 08:00:00,2021-04-27 12:00:00,0.87001,0.8664850048,2021-05-03 20:00:00,0.8664450048,stoploss,-1.011347533,27,0.4964545809,-4.490786295,0.8,0.8,19,2021,4,2,0.87193,8,0.86822,6,4.317736413,3.948941581,1.535724296,0.4425537979,0.9454545455,0.1134753328
150,CAD_CHF,2021-04-30 08:00:00,2021-04-30 12:00:00,0.740945,0.7370483527,2021-06-15 16:00:00,0.7369533527,stoploss,-1.024379933,194,2.87811523,-1.289570132,1.9,1.9,49,2021,4,3,0.7413,4,0.73672,8,1.447398118,3.156559726,0.5221396094,0.2925591942,0.9201877934,0.09751973139
151,USD_JPY,2021-04-30 12:00:00,2021-04-30 16:00:00,108.98,108.4826215,2021-05-07 12:00:00,108.4796215,stoploss,-1.006031624,30,4.292505638,-1.290767503,0.6,0.6,4,2021,3,3,109.223,5,108.436,9,4.334727005,3.85621818,1.272051199,0.2854968621,0.8719008264,0.1769276329
152,AUD_JPY,2021-05-03 00:00:00,2021-05-03 04:00:00,84.544,84.00300313,2021-05-04 16:00:00,83.99900313,stoploss,-1.007393758,10,2.325336922,-4.462133013,0.8,0.8,1,2021,3,3,85.006,9,84.359,8,1.878014557,1.04991365,2.628720967,0.7985258747,0.947826087,0.820707149
153,NZD_JPY,2021-05-03 00:00:00,2021-05-03 04:00:00,78.53,77.99706925,2021-05-04 12:00:00,77.99006925,stoploss,-1.013134915,9,3.09796346,-4.343903943,1,1.4,4,2021,2,2,79.162,9,78.65,8,3.189907863,2.559431956,3.722476133,0.5741834154,0.946714032,0.6529929038
154,NZD_USD,2021-05-03 00:00:00,2021-05-03 04:00:00,0.718205,0.7130669338,2021-05-04 12:00:00,0.7130119338,stoploss,-1.010704416,9,2.61674322,-5.010639955,1.1,1.1,4,2021,2,2,0.72865,11,0.72223,8,1.697136547,1.323455106,5.192472342,0.3736814416,0.9715762274,0.4943494071
155,GBP_AUD,2021-05-03 08:00:00,2021-05-03 12:00:00,1.79364,1.784553953,2021-05-06 20:00:00,1.784353953,stoploss,-1.022011772,21,6.458253936,-1.449475193,4,4,7,2021,2,2,1.80002,10,1.78644,14,0.7814179097,1.829178262,2.11293711,0.6713590492,0.9574468085,0.4952648724
156,CHF_JPY,2021-05-05 00:00:00,2021-05-05 04:00:00,119.707,119.2000295,2021-06-21 04:00:00,119.1890295,stoploss,-1.021697515,199,6.039799069,-1.658873618,2.2,2.2,175,2021,2,2,120.177,9,119.48,12,0.2445901648,2.931136975,2.25776687,0.2011951355,0.8781512605,0.01578001063
157,EUR_NZD,2021-05-06 04:00:00,2021-05-06 08:00:00,1.66626,1.656080295,2021-07-01 08:00:00,1.69532,time_exit,2.854699522,240,4.495218518,-0.2780041173,3.8,3.8,188,2021,3,2,1.68866,10,1.67181,13,2.326196995,0.6797839193,5.202654102,0.4931380455,0.5995260664,0.2848805442
158,USD_CHF,2021-05-06 04:00:00,2021-05-06 08:00:00,0.914015,0.9098460378,2021-05-06 08:00:00,0.9098010378,stoploss,-1.010794053,1,3.153062866,-5.134371293,0.9,0.9,0,2021,4,3,0.91643,5,0.91148,9,2.154013278,1.655088153,1.193570116,0.08155506842,0.6,0.02878414179
159,AUD_NZD,2021-05-06 08:00:00,2021-05-06 12:00:00,1.07518,1.070915524,2021-05-26 00:00:00,1.070810524,stoploss,-1.024622016,82,1.411662236,-3.604194114,3.4,2.1,13,2021,2,2,1.08199,11,1.07534,14,3.6862675,2.865533642,4.820754237,1.322553988,0.8902077151,0.6987962563
160,GBP_JPY,2021-05-07 00:00:00,2021-05-07 04:00:00,151.655,150.8153417,2021-07-02 04:00:00,153.627,time_exit,2.348574412,240,5.262855136,-0.4668565769,2.4,2.4,88,2021,3,2,152.23,10,150.996,15,0.7169583146,0.7622148195,1.670364806,0.4454192851,0.8851174935,0.1429152787
161,GBP_CAD,2021-05-07 04:00:00,2021-05-07 08:00:00,1.69208,1.682570966,2021-07-02 08:00:00,1.71169,time_exit,2.062249385,240,3.558721019,-0.1072664137,2.8,2.8,187,2021,2,2,1.71222,15,1.70388,15,0.3428318712,2.166360904,4.66226936,0.5026798602,0.8611111111,0.4290656547
162,GBP_CHF,2021-05-07 04:00:00,2021-05-07 08:00:00,1.262055,1.255183038,2021-07-02 08:00:00,1.275335,time_exit,1.932490208,240,3.432061865,-0.5551543784,1.9,1.9,204,2021,3,2,1.27361,11,1.26244,16,1.239820525,1.155419597,3.386447707,0.1688018556,0.5433070866,0.08149055096
163,GBP_NZD,2021-05-07 04:00:00,2021-05-07 08:00:00,1.923655,1.911296475,2021-07-02 08:00:00,1.97557,time_exit,4.200743934,240,5.832006531,-0.5263573012,9.1,9,180,2021,2,2,1.94778,16,1.92743,19,2.081154464,1.475904254,4.052826843,0.165068239,0.9122401848,0.1213737051
164,NZD_USD,2021-05-10 08:00:00,2021-05-10 12:00:00,0.729125,0.7235023223,2021-05-12 04:00:00,0.7234473223,stoploss,-1.009781816,11,0.4490742875,-6.520914357,1.1,1.1,1,2021,3,3,0.72993,4,0.72053,5,3.087496883,3.201321653,0.7732474486,0.4730841999,0.7480314961,0.1316098902
165,NZD_JPY,2021-05-11 08:00:00,2021-05-11 12:00:00,79.238,78.73138042,2021-05-11 16:00:00,78.72438042,stoploss,-1.013817073,2,1.861357178,-5.967001854,1.4,1.4,0,2021,2,3,79.424,4,78.577,11,1.515930342,3.446372887,1.652874002,0.8961359053,0.9380165289,0.2092299691
166,CAD_JPY,2021-05-12 08:00:00,2021-05-12 12:00:00,89.972,89.43597841,2021-06-17 16:00:00,89.42997841,stoploss,-1.011193579,158,2.26296855,-3.747983362,1.2,1.2,85,2021,2,3,90.114,9,89.36,4,1.033540459,1.764854286,1.132961771,0.5895284929,0.7510373444,0.2201403866
167,GBP_AUD,2021-05-17 00:00:00,2021-05-17 04:00:00,1.81533,1.805429074,2021-07-12 04:00:00,1.85786,time_exit,4.295557645,240,4.604619634,-0.1161507475,4,4,240,2021,2,2,1.82353,10,1.81441,6,0.2585616641,2.989619241,2.533882741,0.8160852522,0.9237668161,0.4726830421
168,EUR_JPY,2021-05-18 04:00:00,2021-05-18 08:00:00,132.849,132.340509,2021-06-17 08:00:00,132.335509,stoploss,-1.009833016,133,2.509385621,-6.350161575,1.4,1,62,2021,3,2,132.951,7,132.035,17,1.880072613,1.545750077,0.7255413308,0.3146565042,0.7456647399,0.02359923781
169,EUR_GBP,2021-05-18 08:00:00,2021-05-18 12:00:00,0.85977,0.8566303655,2021-06-04 12:00:00,0.8565903655,stoploss,-1.012740336,79,2.347406971,-2.14356159,0.8,0.8,31,2021,4,3,0.86313,5,0.85959,8,1.140260103,2.248669365,3.124898081,0.8472323669,0.652173913,0.407690763
170,NZD_USD,2021-05-20 04:00:00,2021-05-20 08:00:00,0.718245,0.7127624245,2021-06-03 20:00:00,0.7127074245,stoploss,-1.010031782,64,2.445018752,-4.836230675,1.1,1.1,24,2021,3,2,0.72708,10,0.71814,16,2.797955065,1.699930978,3.567756361,0.3429045321,0.984375,0.1751001866
171,GBP_USD,2021-05-20 16:00:00,2021-05-20 20:00:00,1.418045,1.410989471,2021-05-27 00:00:00,1.410944471,stoploss,-1.006377977,26,0.9715784936,-6.361677708,0.9,0.9,4,2021,2,2,1.422,13,1.40995,5,3.098279485,0.623624416,2.598295442,1.346461807,0.9376114082,1.227406237
172,EUR_AUD,2021-05-21 04:00:00,2021-05-21 08:00:00,1.5771,1.569196511,2021-05-21 12:00:00,1.569076511,stoploss,-1.015183168,2,2.615300728,-1.975077134,2.4,2.4,0,2021,3,2,1.57935,9,1.56045,18,3.168221104,0.3061938926,1.121833487,0.5516551124,0.8621908127,0.4959834955
173,EUR_CHF,2021-05-27 12:00:00,2021-05-27 16:00:00,1.09674,1.093398108,2021-05-28 00:00:00,1.093348108,stoploss,-1.014961583,3,1.044318476,-4.883460612,1,1,0,2021,2,2,1.09851,12,1.09483,12,1.226849786,1.208895887,2.436715034,1.184957354,0.7702702703,0.4189243172
174,NZD_CHF,2021-05-28 16:00:00,2021-05-28 20:00:00,0.652975,0.6487298768,2021-06-02 08:00:00,0.6486448768,stoploss,-1.020022976,16,0.4699510256,-4.698332434,1.7,1.7,5,2021,3,3,0.657,6,0.65238,10,3.655959858,5.083480267,2.523246613,0.621890079,0.8390804598,0.1696063852
175,AUD_JPY,2021-05-31 08:00:00,2021-05-31 12:00:00,84.8625,84.42697789,2021-06-03 16:00:00,84.42247789,stoploss,-1.010332426,20,0.7542671075,-11.5367278,0.9,0.9,10,2021,2,3,85.151,7,84.333,13,1.607266287,1.66237256,1.85415751,0.5464705375,0.8169934641,0.4087048558
176,NZD_JPY,2021-05-31 16:00:00,2021-05-31 20:00:00,79.708,79.24580786,2021-06-02 12:00:00,79.24080786,stoploss,-1.010818012,11,0.1730881866,-9.615048768,1,1,3,2021,2,3,80.181,11,79.421,4,2.358326543,4.045936363,2.319662461,0.08221688865,0.6862745098,0.1125073213
177,USD_JPY,2021-06-01 08:00:00,2021-06-01 12:00:00,109.58,109.1665182,2021-07-19 16:00:00,109.1635182,stoploss,-1.007255458,206,5.028032211,-1.245520245,0.6,0.6,137,2021,2,2,110.2,10,109.037,18,5.465778161,2.316909504,3.353112013,0.3095661967,0.704845815,0.2902183094
178,GBP_USD,2021-06-02 12:00:00,2021-06-02 16:00:00,1.416785,1.410153212,2021-06-03 16:00:00,1.410108212,stoploss,-1.006785501,7,0.5270072056,-8.986264497,0.9,0.9,5,2021,3,3,1.4249,8,1.41637,13,2.204533718,2.180407494,3.621985376,0.9258438462,0.9128289474,0.2714200201
179,AUD_CAD,2021-06-04 00:00:00,2021-06-04 04:00:00,0.927905,0.9230277316,2021-07-21 16:00:00,0.9229327316,stoploss,-1.019478116,202,2.861232729,-1.989843327,1.9,1.9,188,2021,2,2,0.93719,11,0.93042,14,0.4961793769,0.3198511686,4.538406641,0.5330852809,0.9090909091,0.06971115212
180,AUD_NZD,2021-06-04 12:00:00,2021-06-04 16:00:00,1.07324,1.068755178,2021-07-05 00:00:00,1.068600178,stoploss,-1.034561016,123,1.732510265,-4.818474496,3.4,3.1,30,2021,3,2,1.07323,4,1.06087,21,3.460561045,0.4727055035,0.9630055112,0.869599747,0.8427672956,0.3344614412
181,EUR_AUD,2021-06-11 00:00:00,2021-06-11 04:00:00,1.57105,1.565221979,2021-07-06 08:00:00,1.565101979,stoploss,-1.02059018,104,8.110815203,-1.640351033,2.4,2.4,87,2021,2,2,1.5771,8,1.57115,10,0.5490714756,1.564853705,2.541301149,0.3637598526,0.8563829787,0.1132459918
182,USD_CHF,2021-06-16 20:00:00,2021-06-17 00:00:00,0.908605,0.904142355,2021-07-30 12:00:00,0.904097355,stoploss,-1.010083706,190,4.229554429,-1.518157948,0.9,0.9,68,2021,3,3,0.90079,8,0.89736,5,0.6812103558,1.824030361,1.222675592,4.329271077,0.9722222222,3.782510133
183,USD_CAD,2021-06-22 00:00:00,2021-06-22 04:00:00,1.237775,1.230177229,2021-06-22 20:00:00,1.230112229,stoploss,-1.008555141,5,5.647051133,-1.65377456,1.3,1.3,2,2021,4,2,1.24867,4,1.21567,20,7.441656476,0.71336714,3.243276748,0.523837863,0.8014705882,0.1632057664
184,CAD_CHF,2021-06-22 04:00:00,2021-06-22 08:00:00,0.743065,0.7390290356,2021-07-08 04:00:00,0.7389240356,stoploss,-1.026016087,72,1.297087751,-6.396240742,1.9,2.1,38,2021,3,2,0.74466,9,0.73626,7,1.679895883,0.1684851329,1.0931229,0.2725494796,0.9487179487,0.178396023
185,EUR_CAD,2021-06-22 12:00:00,2021-06-22 16:00:00,1.47463,1.468116285,2021-06-23 00:00:00,1.468026285,stoploss,-1.013816999,3,5.425475113,-2.583778895,1.8,1.8,0,2021,2,2,1.48251,7,1.46978,11,0.9948239595,0.5618913105,2.661015723,0.1995788808,0.9351851852,0.03991577615
186,GBP_USD,2021-06-24 08:00:00,2021-06-24 12:00:00,1.397085,1.389977293,2021-06-24 12:00:00,1.389932293,stoploss,-1.006331156,1,0.1737550608,-5.61292158,0.9,0.9,0,2021,2,2,1.40013,4,1.38603,11,1.80930371,2.079433036,1.165007664,0.2926401024,0.5767195767,0.09004310844
187,AUD_JPY,2021-06-24 16:00:00,2021-06-24 20:00:00,84.0605,83.54919476,2021-06-29 04:00:00,83.54469476,stoploss,-1.008801005,15,0.3803989984,-11.37774382,0.9,0.9,5,2021,2,2,84.166,4,82.789,13,3.493021137,2.577716606,0.578770037,0.1603738708,0.9393939394,0.02738090477
188,CAD_JPY,2021-06-25 16:00:00,2021-06-25 20:00:00,90.152,89.67133993,2021-06-28 16:00:00,89.66533993,stoploss,-1.012482834,6,0.07489700611,-11.40306918,1.2,1.2,1,2021,2,2,90.404,12,89.809,4,4.585361152,7.681104071,2.171238111,1.023592417,0.7859237537,0.4452210919
189,NZD_CHF,2021-06-28 00:00:00,2021-06-28 04:00:00,0.649125,0.6451684786,2021-06-29 08:00:00,0.6450834786,stoploss,-1.021483518,8,2.154670487,-6.446319153,1.7,1.7,1,2021,2,4,0.64938,9,0.64594,6,3.21494529,4.170329976,0.732222984,1.010989085,0.9295774648,0.3285714526
190,EUR_GBP,2021-06-29 08:00:00,2021-06-29 12:00:00,0.86016,0.8566229817,2021-07-01 08:00:00,0.8565829817,stoploss,-1.01130896,12,1.922523275,-4.286096007,0.8,0.8,1,2021,3,3,0.86043,11,0.85663,6,1.255294609,2.029958399,0.7791386706,0.6050293836,0.9571428571,0.1130896044
191,USD_CAD,2021-07-01 16:00:00,2021-07-01 20:00:00,1.242635,1.236199593,2021-07-02 16:00:00,1.236134593,stoploss,-1.010100371,6,8.116813367,-1.930724727,1.3,1.3,3,2021,2,2,1.24236,7,1.23554,6,2.579479313,2.591910538,1.544673179,1.501070492,0.9664,0.2641635441
192,EUR_NZD,2021-07-01 20:00:00,2021-07-02 00:00:00,1.69976,1.691483026,2021-07-02 16:00:00,1.691293026,stoploss,-1.02295525,5,1.992274028,-4.425530481,3.8,3.8,1,2021,2,3,1.70438,8,1.69696,11,0.2730466527,3.431205724,1.291543294,0.2150544433,0.5215827338,0.03382878883
193,EUR_CHF,2021-07-05 00:00:00,2021-07-05 04:00:00,1.09335,1.090406732,2021-07-08 08:00:00,1.090356732,stoploss,-1.016987922,20,0.4111077015,-8.07266032,1,1,4,2021,3,3,1.09867,9,1.09576,14,1.005684956,1.114407654,4.44577649,0.9445284381,0.7595628415,0.1834695527
194,CAD_JPY,2021-07-05 16:00:00,2021-07-05 20:00:00,89.929,89.44751479,2021-07-06 12:00:00,89.44151479,stoploss,-1.012461442,5,0.3613818145,-10.9203769,1.2,1.2,3,2021,3,2,90.188,5,89.541,10,1.885831538,2.650133306,2.029006671,0.8930700013,0.786440678,0.2658440934
195,AUD_USD,2021-07-07 08:00:00,2021-07-07 12:00:00,0.75059,0.7456787698,2021-07-08 04:00:00,0.7456287698,stoploss,-1.010180748,5,0.5619773172,-8.140526501,1,1,0,2021,2,2,0.75988,6,0.74808,4,3.705792454,1.49453388,4.183069037,0.4194468382,0.5141509434,0.2932055568
196,NZD_CHF,2021-07-07 12:00:00,2021-07-07 16:00:00,0.650175,0.6453442202,2021-07-08 08:00:00,0.6452592202,stoploss,-1.017595503,5,1.547369211,-5.677137205,1.7,1.7,0,2021,2,3,0.6546,6,0.64613,5,2.670376297,1.150952885,2.581642314,0.6375782167,0.5424242424,0.1531843767
197,GBP_CAD,2021-07-09 12:00:00,2021-07-09 16:00:00,1.72831,1.718578393,2021-07-21 16:00:00,1.718438393,stoploss,-1.014386113,49,3.519459881,-1.371818669,2.8,2.8,35,2021,3,3,1.73396,6,1.71482,13,4.352826877,3.588307709,1.807461942,0.6124373982,0.6959183673,0.1541369291
198,EUR_AUD,2021-07-12 00:00:00,2021-07-12 04:00:00,1.58749,1.578475763,2021-07-14 04:00:00,1.578355763,stoploss,-1.013312275,13,6.217941581,-1.113793639,2.4,2.4,2,2021,2,2,1.59777,8,1.57022,15,4.03805662,1.93693595,2.734758433,0.5324909829,0.7927927928,0.1841531316
199,USD_CAD,2021-07-12 04:00:00,2021-07-12 08:00:00,1.246515,1.239163423,2021-09-06 08:00:00,1.254235,time_exit,1.050114766,240,6.577499939,-0.5828681054,1.3,1.3,175,2021,3,2,1.259,10,1.24229,16,5.933420481,3.272767005,3.573660801,0.2394044027,0.5408560311,0.07889463271
200,EUR_CAD,2021-07-12 08:00:00,2021-07-12 12:00:00,1.4822,1.474258696,2021-07-13 12:00:00,1.474168696,stoploss,-1.011333151,7,3.676978014,-2.036189537,1.8,1.8,0,2021,3,2,1.49148,11,1.4677,16,6.132494154,1.516123811,3.028742201,0.7076923438,0.9909365559,0.3878456262
201,EUR_GBP,2021-07-12 08:00:00,2021-07-12 12:00:00,0.85647,0.852845726,2021-07-13 16:00:00,0.852805726,stoploss,-1.011036693,8,2.894372756,-3.164771736,0.8,0.8,0,2021,3,2,0.86177,10,0.85383,14,2.279077118,0.165550396,4.270297593,1.164371118,0.9256505576,0.9215638708
202,GBP_AUD,2021-07-13 12:00:00,2021-07-13 16:00:00,1.85807,1.848111784,2021-09-07 16:00:00,1.86326,time_exit,0.5211776771,240,5.751029975,-0.8284616255,4,4,167,2021,2,3,1.86092,8,1.84709,11,0.4398378084,4.33812633,1.948198588,1.271312022,0.9181208054,0.6848616104
203,GBP_NZD,2021-07-13 12:00:00,2021-07-13 16:00:00,1.994695,1.982223095,2021-07-14 04:00:00,1.981758095,stoploss,-1.0372838,4,1.018689619,-4.97478138,8.9,9.3,0,2021,3,3,1.99252,6,1.977,9,2.862433641,3.957695365,1.682880335,1.799244003,0.924132948,0.9814058198
204,GBP_JPY,2021-07-14 08:00:00,2021-07-14 12:00:00,153.026,152.1939825,2021-07-15 00:00:00,152.1819825,stoploss,-1.014422773,4,0.501191378,-5.489067203,2.4,2.4,0,2021,3,3,153.485,7,152.41,5,0.7523880159,4.194623284,1.862968721,0.7211386734,0.7072072072,0.6346020326
205,NZD_CAD,2021-07-19 04:00:00,2021-07-19 08:00:00,0.883785,0.8776900319,2021-07-20 20:00:00,0.8775750319,stoploss,-1.018868023,10,3.319951743,-3.146037789,2.3,2.3,1,2021,2,2,0.88452,7,0.87476,7,1.115674418,2.841688371,0.8767001543,0.5709627904,0.8790322581,0.09187906972
206,EUR_GBP,2021-07-20 12:00:00,2021-07-20 16:00:00,0.86605,0.8618733254,2021-07-21 16:00:00,0.8618333254,stoploss,-1.009576997,7,0.2178766821,-5.03989468,0.8,0.8,0,2021,3,3,0.86413,5,0.85238,13,4.01276175,0.9768536957,0.7848911338,1.632877991,0.9624664879,0.7948907524
207,NZD_CHF,2021-07-20 16:00:00,2021-07-20 20:00:00,0.637745,0.631987023,2021-07-28 20:00:00,0.631902023,stoploss,-1.014762129,37,3.456943271,-2.60421323,1.7,1.7,16,2021,2,2,0.64617,14,0.63772,16,0.2153534115,0.7954182458,3.83308783,0.8232057827,0.988372093,0.5314366446
208,EUR_CAD,2021-07-21 04:00:00,2021-07-21 08:00:00,1.49599,1.487508281,2021-07-21 16:00:00,1.487418281,stoploss,-1.010611057,3,1.81684874,-3.532302937,1.8,1.8,0,2021,2,2,1.50997,9,1.47888,22,4.86458008,2.270766174,3.699297657,0.4574544525,0.7942122186,0.407936187
209,CAD_CHF,2021-07-23 08:00:00,2021-07-23 12:00:00,0.732465,0.7280884416,2021-07-27 00:00:00,0.7280134416,stoploss,-1.017136753,10,1.351518582,-5.432350683,1.9,1.5,0,2021,3,3,0.73281,5,0.72764,4,0.4615498793,4.748023016,0.5343214393,0.3473048597,0.9861111111,0.2421994416
210,AUD_CHF,2021-07-26 12:00:00,2021-07-26 16:00:00,0.675915,0.6718656262,2021-07-27 20:00:00,0.6717456262,stoploss,-1.029634211,8,1.61382976,-6.110821331,2.3,2.4,0,2021,2,3,0.68004,6,0.67313,15,1.921284702,1.545918025,2.786532693,0.681586861,0.7067307692,0.2173175499
211,NZD_JPY,2021-07-26 12:00:00,2021-07-26 16:00:00,76.913,76.29332623,2021-07-27 16:00:00,76.28832623,stoploss,-1.008068762,7,2.793405305,-3.79554551,1,1,0,2021,3,3,77.288,6,76.497,9,3.576075191,3.979513277,1.713624965,0.4841257028,0.6025236593,0.0871426265
212,NZD_USD,2021-07-26 16:00:00,2021-07-26 20:00:00,0.700015,0.6949544442,2021-07-27 08:00:00,0.6948994442,stoploss,-1.010868371,4,3.356350696,-3.852343646,1.1,1.1,1,2021,3,2,0.69924,7,0.6894,20,2.331759683,0.5256339625,1.007269488,1.237018273,0.7638888889,0.6797672297
213,GBP_CHF,2021-07-27 16:00:00,2021-07-27 20:00:00,1.268145,1.26128692,2021-07-30 16:00:00,1.26119192,stoploss,-1.013852274,18,2.007121611,-3.073017651,1.9,1.9,3,2021,2,3,1.26877,6,1.26157,8,0.4024450162,3.321629517,1.584260148,1.245246536,0.7535410765,0.5511746961
214,GBP_JPY,2021-07-27 16:00:00,2021-07-27 20:00:00,152.222,151.2755968,2021-08-03 16:00:00,151.2635968,stoploss,-1.012679585,30,1.290147754,-3.45518686,2.4,2.4,11,2021,3,3,152.606,6,151.401,8,1.466605309,6.217223083,1.381489282,0.4606915813,0.6304604486,0.2726110733
215,EUR_AUD,2021-07-29 12:00:00,2021-07-29 16:00:00,1.6081,1.599962314,2021-08-04 08:00:00,1.599842314,stoploss,-1.014746207,23,4.355046443,-2.245110003,2.4,2.4,9,2021,4,2,1.60994,5,1.59606,15,2.521601383,1.597505749,1.389042284,0.8970609208,1,0.1941583911
216,EUR_CAD,2021-07-30 00:00:00,2021-07-30 04:00:00,1.48078,1.474405234,2021-08-09 12:00:00,1.474315234,stoploss,-1.014118165,39,4.803313483,-2.313810381,1.8,1.8,21,2021,3,2,1.48973,13,1.47723,24,2.255769036,0.354522811,3.420597653,0.6462982218,0.9093023256,0.1003958403
217,EUR_NZD,2021-07-30 00:00:00,2021-07-30 04:00:00,1.69714,1.687157991,2021-08-04 00:00:00,1.686967991,stoploss,-1.019034245,18,1.914444316,-4.412939411,3.8,3.8,6,2021,4,2,1.70727,7,1.68353,18,3.231814424,0.1222198883,2.503123374,0.4848723439,0.8522920204,0.1723100065
218,GBP_USD,2021-07-30 08:00:00,2021-07-30 12:00:00,1.397695,1.391295018,2021-07-30 16:00:00,1.391250018,stoploss,-1.00703127,2,0.09765653121,-5.855485611,0.9,0.9,0,2021,2,4,1.39817,4,1.38433,9,4.637513354,3.856261104,1.074196987,0.8781275286,0.9377777778,0.6281268087
219,AUD_CAD,2021-08-02 00:00:00,2021-08-02 04:00:00,0.916745,0.9121742882,2021-08-19 08:00:00,0.9120792882,stoploss,-1.020784509,80,4.575873717,-1.30286053,1.9,1.9,15,2021,2,2,0.92787,17,0.92378,22,0.5600878181,0.498828213,5.379313523,1.028286228,0.91796875,0.2144086179
220,AUD_NZD,2021-08-02 04:00:00,2021-08-02 08:00:00,1.05393,1.050347507,2021-08-04 00:00:00,1.050177507,stoploss,-1.047452993,11,0.7090035476,-7.344048558,3.4,3.4,4,2021,2,2,1.06061,14,1.05632,19,0.5247742793,1.775300221,3.927386741,0.2288909091,0.5510204082,0.05582705099
221,EUR_USD,2021-08-02 08:00:00,2021-08-02 12:00:00,1.188515,1.183969996,2021-08-04 16:00:00,1.183934996,stoploss,-1.007700763,14,0.5269521839,-4.865781857,0.7,0.7,13,2021,3,3,1.19087,5,1.18517,4,4.021998297,3.590755591,1.689976104,0.6336627514,0.8477366255,0.4972492424
222,NZD_USD,2021-08-03 00:00:00,2021-08-03 04:00:00,0.699465,0.6944301839,2021-08-17 04:00:00,0.6943751839,stoploss,-1.010923934,61,3.482748841,-3.76279879,1.1,1.1,9,2021,2,2,0.70213,10,0.69521,5,0.08739147362,2.029865592,2.21504192,1.001029607,0.8559556787,0.5124318226
223,EUR_AUD,2021-08-04 16:00:00,2021-08-04 20:00:00,1.60417,1.594798309,2021-08-10 16:00:00,1.594678309,stoploss,-1.01280452,24,4.200949575,-1.53014013,2.4,2.4,0,2021,3,2,1.61832,15,1.6033,8,1.788364614,0.2326154451,3.312748636,0.2774312648,0.6004366812,0.1621905856
224,AUD_CHF,2021-08-06 08:00:00,2021-08-06 12:00:00,0.67125,0.6677461294,2021-08-16 16:00:00,0.6676261294,stoploss,-1.03424784,38,3.196465072,-5.730805236,2.4,2.4,20,2021,4,3,0.6723,4,0.6673,8,2.597127871,2.482968404,1.138543714,0.4965936808,0.8660714286,0.2397348804
225,NZD_JPY,2021-08-09 04:00:00,2021-08-09 08:00:00,77.375,76.87331403,2021-08-16 04:00:00,76.86831403,stoploss,-1.009966394,30,2.529470783,-5.609086512,1,1,14,2021,4,2,77.56,9,76.034,21,3.731417893,0.02790590305,1.631533172,0.869069552,0.9688888889,0.3548036245
226,AUD_JPY,2021-08-10 08:00:00,2021-08-10 12:00:00,81.0675,80.62749373,2021-08-16 00:00:00,80.62299373,stoploss,-1.010227127,22,2.173832655,-7.21239721,0.9,0.9,7,2021,4,2,81.396,10,80.824,8,2.199968646,3.045411143,2.851900149,1.263618355,0.9342105263,0.677263075
227,NZD_CHF,2021-08-10 12:00:00,2021-08-10 16:00:00,0.645485,0.641458357,2021-08-16 12:00:00,0.641373357,stoploss,-1.021109395,24,3.125432246,-5.646142401,1.7,1.7,7,2021,3,4,0.64458,5,0.63924,9,1.991733541,4.018235498,0.533484428,0.9486810632,0.8769230769,0.894044981
228,EUR_CAD,2021-08-17 08:00:00,2021-08-17 12:00:00,1.48545,1.480209262,2021-08-17 16:00:00,1.480119262,stoploss,-1.017173152,2,4.951592282,-9.002548125,1.8,1.8,0,2021,3,2,1.48288,4,1.46606,16,5.106150653,0.01144876828,0.7621153536,1.62190884,0.7580071174,0.9807778161
229,NZD_CAD,2021-08-18 00:00:00,2021-08-18 04:00:00,0.87409,0.8687744995,2021-08-18 04:00:00,0.8686444995,stoploss,-1.024456775,1,5.630702125,-2.409932984,2.6,2.6,0,2021,2,2,0.88396,6,0.87528,20,0.6885522812,0.6847897004,3.926193076,0.2558554925,0.6824817518,0.1392154885
230,EUR_NZD,2021-08-18 12:00:00,2021-08-18 16:00:00,1.69987,1.68707001,2021-08-25 12:00:00,1.68688001,stoploss,-1.014843762,30,1.279688536,-3.654690458,3.8,3.8,10,2021,2,2,1.7032,7,1.67221,15,3.710940504,1.418751148,1.321477099,0.7640631184,0.7376311844,0.6250005059
231,EUR_AUD,2021-08-24 00:00:00,2021-08-24 04:00:00,1.63012,1.621691042,2021-08-24 12:00:00,1.621571042,stoploss,-1.014236636,3,0,-8.346227816,2.4,2.4,0,2021,2,2,1.64354,10,1.61164,23,1.900590897,1.959910214,3.394653376,0.2799871734,0.9887640449,0.2799871734
232,NZD_CAD,2021-08-24 04:00:00,2021-08-24 08:00:00,0.87316,0.8668694159,2021-10-08 00:00:00,0.8667144159,stoploss,-1.024640001,197,4.905744728,-1.888536856,2.8,3.1,74,2021,2,2,0.88204,10,0.86776,19,1.764542012,0.009538064928,3.545959974,0.7217135796,0.9844357977,0.1748645237
233,AUD_CHF,2021-08-27 08:00:00,2021-08-27 12:00:00,0.666115,0.6621972131,2021-10-22 12:00:00,0.68814,time_exit,5.621796259,240,6.910789272,-0.4275372864,1.9,1.4,232,2021,2,2,0.66677,4,0.65139,26,3.803167503,0.1123083021,1.697410375,1.271125783,0.9964788732,0.9750402592
234,AUD_JPY,2021-08-27 08:00:00,2021-08-27 12:00:00,79.868,79.3502885,2021-09-20 08:00:00,79.3462885,stoploss,-1.007726311,96,12.33119222,-1.981798749,0.8,0.8,31,2021,2,2,80.098,9,79.392,12,1.367557032,5.787006874,1.90369479,0.9773783306,0.9326923077,0.7996731796
235,AUD_USD,2021-08-27 08:00:00,2021-08-27 12:00:00,0.72531,0.7213783747,2021-09-29 12:00:00,0.7213283747,stoploss,-1.012717387,139,7.452388747,-2.113629709,1,1,30,2021,2,2,0.72802,9,0.72371,12,0.4832607037,6.663910756,1.897523829,0.5188693871,0.7923497268,0.4832607037
236,CAD_JPY,2021-08-27 08:00:00,2021-08-27 12:00:00,86.905,86.33713092,2021-09-14 20:00:00,86.33113092,stoploss,-1.010565816,75,10.76480518,-3.528982429,1.2,1.2,30,2021,2,3,87.498,6,86.889,12,1.060103504,7.811659708,2.981844579,0.8346994367,0.7668711656,0.5740759839
237,EUR_CHF,2021-08-27 08:00:00,2021-08-27 12:00:00,1.07919,1.075744458,2021-08-27 16:00:00,1.075694458,stoploss,-1.014511505,2,4.234457296,-3.796209831,1,1,0,2021,2,2,1.08054,4,1.07001,17,2.809427459,0.02321840875,1.590729628,0.7662074888,0.8677248677,0.3192531204
238,GBP_JPY,2021-08-27 08:00:00,2021-08-27 12:00:00,150.891,150.1124935,2021-09-20 08:00:00,150.1004935,stoploss,-1.01541413,96,9.40904162,-2.490666444,2.4,2.4,72,2021,3,2,151.592,6,150.056,16,2.145133038,2.237617816,2.602346613,0.7090499623,0.6167315175,0.4958211693
239,NZD_JPY,2021-08-27 08:00:00,2021-08-27 12:00:00,76.583,76.03313022,2021-10-22 12:00:00,81.846,time_exit,9.571357077,240,10.76618543,-0.460108938,1,1.4,232,2021,2,3,76.83,9,75.923,14,1.705858434,4.855695116,1.781127054,0.8547478294,0.9642857143,0.4910253488
240,GBP_USD,2021-08-27 12:00:00,2021-08-27 16:00:00,1.37246,1.367119879,2021-09-20 08:00:00,1.367074879,stoploss,-1.008426776,95,3.529882726,-5.859418063,0.8,0.9,72,2021,2,3,1.37681,9,1.36968,12,0.7640276669,3.542991044,2.516682512,0.8164609382,0.8532934132,0.1310831782
241,AUD_CAD,2021-08-31 04:00:00,2021-08-31 08:00:00,0.921135,0.9174147733,2021-09-27 00:00:00,0.9173197733,stoploss,-1.025536078,113,4.441933581,-3.02535325,1.9,1.9,42,2021,3,2,0.92312,8,0.91402,19,3.650315161,1.123587435,1.716559789,0.5752337588,0.8246445498,0.4354573314
242,NZD_USD,2021-09-02 08:00:00,2021-09-02 12:00:00,0.708785,0.7044732027,2021-09-17 16:00:00,0.7044182027,stoploss,-1.012755702,68,3.020782053,-5.305212243,1.1,1.1,8,2021,4,2,0.70772,4,0.69843,14,4.680182866,2.388795021,0.6060150225,1.066840495,0.9402390438,0.7189577247
243,EUR_CAD,2021-09-03 00:00:00,2021-09-03 04:00:00,1.49154,1.485011333,2021-09-23 08:00:00,1.484921333,stoploss,-1.013785357,86,2.79536409,-9.539467152,1.8,1.8,68,2021,3,2,1.49661,6,1.48556,10,1.246808969,0.8424384929,1.837250269,0.349229048,0.9886363636,0.03063412701
244,EUR_CHF,2021-09-03 12:00:00,2021-09-03 16:00:00,1.0867,1.08344656,2021-09-09 20:00:00,1.08339656,stoploss,-1.015368351,26,2.176158478,-9.150316086,1,1,18,2021,5,3,1.0864,5,1.08291,9,4.100276002,5.464985556,0.5902219259,0.7315334996,0.7053140097,0.295072336
245,GBP_CHF,2021-09-03 12:00:00,2021-09-03 16:00:00,1.265745,1.260309399,2021-09-07 12:00:00,1.260214399,stoploss,-1.01747737,12,2.973912428,-2.83961264,1.9,1.9,5,2021,5,3,1.26658,5,1.25891,10,2.152476054,2.498344001,0.7293401017,0.3642651783,0.6858789625,0.1766134198
246,EUR_GBP,2021-09-06 00:00:00,2021-09-06 04:00:00,0.85736,0.8547585187,2021-09-09 12:00:00,0.8547185187,stoploss,-1.015375855,21,3.248149431,-6.580866066,0.8,0.8,8,2021,3,4,0.86026,14,0.85738,16,1.622152734,1.376139049,2.550033522,0.9071754624,0.7662337662,0.1998861188
247,EUR_JPY,2021-09-06 16:00:00,2021-09-06 20:00:00,130.42,129.9805977,2021-09-09 08:00:00,129.9755977,stoploss,-1.011379095,16,6.959454417,-5.689547431,1,1,9,2021,3,2,130.744,9,130.148,4,2.58988199,2.535262335,1.845133964,0.3823375873,1,0.081929483
248,NZD_CHF,2021-09-07 00:00:00,2021-09-07 04:00:00,0.653525,0.6498123517,2021-09-21 00:00:00,0.6497273517,stoploss,-1.022894708,60,2.638278431,-3.818029276,1.7,1.7,44,2021,4,2,0.6547,7,0.64924,11,4.126434463,3.722410201,0.9534978882,0.4902161046,0.6918604651,0.1562227146
249,AUD_NZD,2021-09-07 16:00:00,2021-09-07 20:00:00,1.041315,1.037209408,2021-09-08 12:00:00,1.037039408,stoploss,-1.041406943,5,4.801987492,-3.335694583,3.3,3.4,0,2021,3,3,1.04433,13,1.03982,10,0.4725262863,1.553978199,2.771410004,1.135037368,0.9659863946,0.009742810027
250,EUR_CHF,2021-09-10 04:00:00,2021-09-10 08:00:00,1.08447,1.081403128,2021-09-22 12:00:00,1.081353128,stoploss,-1.016303258,50,3.035666654,-10.24170673,1,1,33,2021,3,3,1.09012,9,1.08643,11,1.865092724,1.741187963,4.042284312,0.4434486197,0.9368421053,0.2282456131
251,USD_JPY,2021-09-10 04:00:00,2021-09-10 08:00:00,109.884,109.5608061,2021-09-14 20:00:00,109.5578061,stoploss,-1.009282355,16,14.89508501,-2.385565131,0.6,0.6,13,2021,2,3,110.447,11,110.141,11,3.094118198,3.397341782,4.66040298,1.101506079,0.9732620321,0.451741257
252,USD_CHF,2021-09-10 12:00:00,2021-09-10 16:00:00,0.917555,0.9136454352,2021-10-28 16:00:00,0.9136004352,stoploss,-1.011510233,205,4.930216287,-2.262400159,0.9,0.9,83,2021,3,2,0.92348,11,0.91326,19,3.857206828,0.8798933347,4.447505169,1.14079194,0.754491018,0.2097420158
253,GBP_NZD,2021-09-10 16:00:00,2021-09-10 20:00:00,1.94354,1.934067553,2021-10-19 04:00:00,1.933827553,stoploss,-1.025336643,159,2.908435422,-5.318583542,4.8,4.8,106,2021,2,3,1.94469,20,1.93547,13,0.6693096398,0.5954110991,0.9327220102,0.6334160629,0.8326996198,0.1119035044
254,GBP_AUD,2021-09-14 04:00:00,2021-09-14 08:00:00,1.88458,1.875051472,2021-09-22 20:00:00,1.874851472,stoploss,-1.020989601,40,1.206902038,-7.539464554,4,4,23,2021,3,3,1.88347,5,1.87617,5,3.377226745,4.481279739,0.8468814095,0.999104991,0.9089635854,0.8983549079
255,GBP_CHF,2021-09-14 08:00:00,2021-09-14 12:00:00,1.278245,1.272471295,2021-09-14 16:00:00,1.272376295,stoploss,-1.016453906,2,0.6347743864,-8.731828292,1.9,1.9,0,2021,5,5,1.27772,5,1.26839,8,3.446660379,2.96516712,0.6823778401,0.8036434251,0.6608695652,0.3048302647
256,EUR_AUD,2021-09-20 00:00:00,2021-09-20 04:00:00,1.61479,1.606762238,2021-09-23 16:00:00,1.606642238,stoploss,-1.014948127,22,1.062562698,-9.859535466,2.4,2.4,9,2021,3,3,1.61695,8,1.60885,4,2.456475545,2.391700328,0.7628044475,0.146989916,0.797235023,0.03986167213
257,CAD_JPY,2021-09-24 16:00:00,2021-09-24 20:00:00,87.457,86.70867112,2021-11-19 20:00:00,90.183,time_exit,3.642783365,240,7.431224613,-0.3701581043,1.2,1.2,110,2021,2,2,87.321,4,85.027,18,3.469062955,0.3367503331,1.261364775,1.539430094,0.9463190184,0.7483340736
258,AUD_JPY,2021-09-27 16:00:00,2021-09-27 20:00:00,80.877,80.23111811,2021-09-29 16:00:00,80.22661811,stoploss,-1.006967218,12,8.321954925,-1.518853541,0.8,0.9,3,2021,2,2,80.767,10,80.003,6,2.904555803,3.595084528,0.6582797089,0.9816036135,0.9759358289,0.6719494768
259,CHF_JPY,2021-09-27 16:00:00,2021-09-27 20:00:00,119.903,119.3412181,2021-09-30 16:00:00,119.3302181,stoploss,-1.019580551,18,9.971840597,-1.568224128,2.2,2.2,4,2021,2,2,119.847,5,118.42,16,4.838176141,1.238914862,0.8529517925,0.982587649,0.9039812646,0.3026085151
260,CAD_CHF,2021-09-28 04:00:00,2021-09-28 08:00:00,0.73515,0.7304954208,2021-09-28 16:00:00,0.7303954208,stoploss,-1.021484219,3,3.072243378,-1.044133064,2,2,0,2021,3,3,0.73512,5,0.72637,10,3.231226601,3.540599361,0.8191111732,0.7777287431,0.9146919431,0.7347603043
261,EUR_JPY,2021-09-28 04:00:00,2021-09-28 08:00:00,130.039,129.5218392,2021-09-30 16:00:00,129.5148392,stoploss,-1.013535443,15,6.649769915,-3.987154861,1.4,1.4,5,2021,2,4,129.934,4,129.482,5,4.760608762,6.040674968,0.59936639,0.9668173765,0.8869565217,0.7154448586
262,GBP_AUD,2021-09-29 16:00:00,2021-09-29 20:00:00,1.86988,1.859171208,2021-10-11 08:00:00,1.858971208,stoploss,-1.018676243,46,0.6779476152,-5.33580258,4,4,27,2021,3,3,1.8888,13,1.87524,15,0.4500974525,0.07283734708,3.833696637,0.328701874,0.8557457213,0.1923653013
263,EUR_JPY,2021-10-04 08:00:00,2021-10-04 12:00:00,129.146,128.5179115,2021-10-06 12:00:00,128.5109115,stoploss,-1.011144927,13,6.897117737,-2.641347721,1.4,1.4,11,2021,2,2,130.47,19,129.673,17,1.706765977,0.6081945927,5.650561293,1.184546536,0.9388185654,0.9043312268
264,AUD_JPY,2021-10-06 20:00:00,2021-10-07 00:00:00,80.9965,80.34686647,2021-11-30 04:00:00,80.34236647,stoploss,-1.006926982,230,8.089945761,-1.635537508,0.9,0.9,61,2021,3,2,81.402,4,80.548,9,1.533172101,2.007285562,2.033273417,0.7727433683,0.8196721311,0.2031914833
265,GBP_CHF,2021-10-07 00:00:00,2021-10-07 04:00:00,1.261395,1.25469601,2021-10-29 12:00:00,1.25460101,stoploss,-1.014181242,99,2.218991247,-6.391262042,1.9,1.9,54,2021,3,2,1.26608,6,1.25523,14,1.409167667,1.468878162,1.989844439,0.6329312404,0.9498327759,0.211972255
266,GBP_USD,2021-10-07 00:00:00,2021-10-07 04:00:00,1.359355,1.352184507,2021-11-04 12:00:00,1.352139507,stoploss,-1.006275719,123,3.361693479,-5.572141173,0.9,0.9,58,2021,3,3,1.36478,8,1.35845,11,3.637127813,4.214493962,1.812253153,0.3514402642,0.8009708738,0.06973021114
267,GBP_JPY,2021-10-07 16:00:00,2021-10-07 20:00:00,152.062,151.1434766,2021-11-26 08:00:00,151.1314766,stoploss,-1.013064446,214,6.699883505,-2.7696626,2.4,2.4,50,2021,3,2,152.152,9,150.813,6,3.070144863,3.455546026,1.411280341,1.151848675,0.9375,0.7686249195
268,EUR_JPY,2021-10-12 08:00:00,2021-10-12 12:00:00,131.085,130.429889,2021-11-12 08:00:00,130.422889,stoploss,-1.010685212,138,3.652815935,-5.658582813,1.4,1.4,35,2021,2,2,131.221,4,129.077,10,5.266282898,2.271370711,0.7680526245,0.3144505151,0.7985781991,0.02442334098
269,AUD_USD,2021-10-13 08:00:00,2021-10-13 12:00:00,0.73611,0.7314719932,2021-11-11 04:00:00,0.7314219932,stoploss,-1.010780493,125,4.195767863,-7.932286726,1,1,67,2021,4,4,0.73841,5,0.7332,7,2.595942707,4.596802202,1.962111906,0.9055614093,0.9614035088,0.6942637472
270,NZD_USD,2021-10-13 08:00:00,2021-10-13 12:00:00,0.695565,0.6908033184,2021-11-24 04:00:00,0.6907483184,stoploss,-1.011550541,179,5.511708287,-4.608665969,1.1,1.1,34,2021,3,3,0.69694,5,0.69143,14,0.4032188954,1.604475188,1.220527554,0.6132287368,0.937254902,0.3066143684
271,USD_JPY,2021-10-13 08:00:00,2021-10-13 12:00:00,113.558,113.0254254,2021-11-09 04:00:00,113.0224254,stoploss,-1.005633014,113,3.683990845,-1.930245968,0.6,0.6,27,2021,2,4,113.787,5,113.002,6,7.506929357,6.759616229,1.189534948,0.3379808115,0.7368421053,0.236586568
272,CAD_CHF,2021-10-14 16:00:00,2021-10-14 20:00:00,0.74701,0.7430619111,2021-10-21 16:00:00,0.7429619111,stoploss,-1.02532871,30,0.618020536,-8.330612881,1.8,2,21,2021,2,2,0.74818,12,0.74165,4,1.372816109,0.04559167889,2.405148252,1.615971729,0.9320113314,1.185383651
273,NZD_CHF,2021-10-18 20:00:00,2021-10-19 00:00:00,0.654435,0.6501837125,2021-11-02 16:00:00,0.6500987125,stoploss,-1.019993943,65,2.089955086,-8.7350008,1.7,1.7,8,2021,2,2,0.6558,5,0.6419,17,4.045833143,0.0329312,1.108459451,0.4845590857,0.8253968254,0.07527131429
274,CHF_JPY,2021-10-19 04:00:00,2021-10-19 08:00:00,123.957,123.3581112,2021-11-15 20:00:00,123.3471112,stoploss,-1.01836735,118,2.584787045,-3.052319586,2.2,2.2,58,2021,3,2,123.88,10,123.248,7,5.179592645,4.508349498,0.699390853,0.9217070085,0.9202453988,0.3072356695
275,GBP_CAD,2021-10-20 16:00:00,2021-10-20 20:00:00,1.70387,1.695801665,2021-10-27 16:00:00,1.695541665,stoploss,-1.032224742,30,0.9233628049,-4.957652644,2.8,5.2,22,2021,3,3,1.70863,6,1.6968,8,1.978103405,1.886386831,1.645007963,0.4759346538,0.8503649635,0.3445568587
276,GBP_AUD,2021-10-21 04:00:00,2021-10-21 08:00:00,1.84034,1.830469857,2021-10-27 00:00:00,1.830269857,stoploss,-1.020263132,23,5.211677496,-2.796312187,4,4,4,2021,2,2,1.86096,16,1.84247,11,0.7679726947,0.1762892465,5.322712246,0.7679726947,0.8526785714,0.06281570854
277,AUD_CHF,2021-10-25 00:00:00,2021-10-25 04:00:00,0.68469,0.6805486077,2021-11-02 04:00:00,0.6804786077,stoploss,-1.016902528,37,2.02588872,-10.40471334,1.4,1.4,12,2021,2,2,0.69319,11,0.68434,6,0.01931717492,1.376348713,4.457184818,0.734052647,0.8774509804,0.02897576238
278,EUR_AUD,2021-10-27 08:00:00,2021-10-27 12:00:00,1.54784,1.539273498,2021-10-28 00:00:00,1.539153498,stoploss,-1.014008052,4,8.077976571,-1.424151939,2.4,2.4,1,2021,2,2,1.56004,16,1.54961,17,0.165761947,0.9011846694,4.519444032,1.39847051,0.8977900552,1.076285318
279,USD_CAD,2021-10-28 00:00:00,2021-10-28 04:00:00,1.237045,1.230239454,2021-12-23 04:00:00,1.284815,time_exit,7.01927527,240,8.72303279,-0.6208172078,1.3,1.3,225,2021,3,4,1.24,14,1.23505,9,0.4760823084,1.84261486,1.186873999,0.4202454945,0.9152542373,0.1469389841
280,EUR_GBP,2021-11-01 08:00:00,2021-11-01 12:00:00,0.84693,0.8436350481,2021-11-16 08:00:00,0.8435950481,stoploss,-1.012139783,66,3.939359436,-2.698066671,0.8,0.8,23,2021,2,3,0.84757,9,0.84329,4,0.6919676051,1.851316838,1.763180913,1.244327711,0.6810631229,1.195768581
281,AUD_NZD,2021-11-01 12:00:00,2021-11-01 16:00:00,1.046315,1.041776207,2021-11-02 08:00:00,1.041671207,stoploss,-1.023133902,5,3.744387284,-3.361025479,2.1,2.1,2,2021,3,2,1.05276,5,1.04548,14,1.60395054,0.5243684458,3.133686196,0.3084520269,0.7156398104,0.03525166022
282,NZD_JPY,2021-11-02 20:00:00,2021-11-03 00:00:00,81.135,80.50467022,2021-11-05 00:00:00,80.49967022,stoploss,-1.007932356,13,1.18668041,-8.208401658,1,1,6,2021,2,2,82.207,7,81.246,13,1.208891006,0.7741979144,4.183702232,0.8503485289,0.884375,0.3046024581
283,EUR_AUD,2021-11-04 12:00:00,2021-11-04 16:00:00,1.56,1.550850153,2021-11-15 16:00:00,1.550730153,stoploss,-1.013114973,43,6.233984006,-1.657951216,2.4,2.4,21,2021,3,3,1.56216,5,1.55449,7,2.107139054,4.120287465,1.361234323,0.7978275463,0.7433380084,0.185795456
284,EUR_NZD,2021-11-05 00:00:00,2021-11-05 04:00:00,1.63005,1.620562652,2021-11-08 04:00:00,1.620372652,stoploss,-1.020026671,7,5.558982342,-2.508604091,3.8,3.8,1,2021,2,2,1.63205,14,1.6177,4,0.7525812272,2.049044686,1.366033416,0.9022542444,0.9279112754,0.5839355741
285,EUR_CAD,2021-11-05 20:00:00,2021-11-08 00:00:00,1.43841,1.431920997,2021-11-10 16:00:00,1.431830997,stoploss,-1.01386962,17,4.034518361,-3.399597978,1.8,1.8,10,2021,2,2,1.4408,13,1.43243,9,0.2928030896,0.8753271311,0.6654397671,0.6657417617,0.8679867987,0.3205423297
286,EUR_CAD,2021-11-11 04:00:00,2021-11-11 08:00:00,1.43607,1.42965898,2021-11-15 16:00:00,1.42947398,stoploss,-1.028856564,15,4.448590318,-3.075953754,1.8,3.7,2,2021,2,4,1.44629,9,1.43924,10,1.534857248,2.124467045,3.809488855,0.6457631106,0.9201520913,0.4679442831
287,GBP_AUD,2021-11-12 00:00:00,2021-11-12 04:00:00,1.83483,1.825453355,2021-11-15 08:00:00,1.825253355,stoploss,-1.021329591,8,6.138656191,-1.467475837,4,4,2,2021,2,2,1.84294,11,1.82736,7,3.169577172,2.175618247,2.025810138,0.356204164,0.9736842105,0.1813015206
288,GBP_NZD,2021-11-12 00:00:00,2021-11-12 04:00:00,1.90864,1.897566252,2021-11-15 08:00:00,1.897326252,stoploss,-1.02167288,8,8.951802298,-1.048425549,4.8,4.8,2,2021,2,2,1.90895,11,1.89617,6,0.5418219892,1.986680627,1.045291219,0.9969524602,0.9857142857,0.4768033505
289,GBP_USD,2021-11-12 08:00:00,2021-11-12 12:00:00,1.339475,1.331984406,2021-11-24 16:00:00,1.331939406,stoploss,-1.006007534,50,2.720078079,-3.131260433,0.9,0.9,23,2021,2,3,1.36071,18,1.35242,16,2.616614986,2.670015292,6.504900328,0.6701738382,0.6482617587,0.6434736853
290,AUD_CAD,2021-11-17 12:00:00,2021-11-17 16:00:00,0.916615,0.9119974754,2021-11-24 16:00:00,0.9119024754,stoploss,-1.020573794,31,2.965874814,-4.269603647,1.9,1.9,22,2021,4,2,0.92306,12,0.91802,9,2.464523942,2.369234791,3.739313491,0.7103373048,0.6957671958,0.0303192752
291,NZD_CHF,2021-11-18 04:00:00,2021-11-18 08:00:00,0.652465,0.6484691462,2021-11-19 08:00:00,0.6483841462,stoploss,-1.02127205,7,0.4091741326,-9.000579621,1.7,1.7,0,2021,4,4,0.65349,5,0.64834,7,2.397485132,1.551608332,2.03375853,1.411463063,0.9894736842,0.780809354
292,USD_JPY,2021-11-19 00:00:00,2021-11-19 04:00:00,114.322,113.8138439,2021-11-19 12:00:00,113.8108439,stoploss,-1.005903698,3,3.988931809,-3.526475482,0.6,0.6,1,2021,2,2,114.968,12,113.875,5,2.629113417,0.4959106146,2.736566785,0.3384786735,0.6887417219,0.1534961426
293,EUR_CAD,2021-11-23 04:00:00,2021-11-23 08:00:00,1.42838,1.421799346,2021-11-24 08:00:00,1.421709346,stoploss,-1.013676453,7,5.502492935,-1.828085888,1.8,1.8,0,2021,2,2,1.4358,15,1.42403,10,3.136466561,1.97548766,2.557980017,0.3586269905,0.8864864865,0.04558817676
294,GBP_NZD,2021-11-26 00:00:00,2021-11-26 04:00:00,1.9466,1.935043836,2022-01-21 04:00:00,2.01941,time_exit,6.300533518,240,6.444179798,-0.970910398,4.8,4.8,239,2021,3,3,1.94596,4,1.92257,12,3.845566674,1.910668591,0.733651019,1.150900917,0.7897862233,0.2353722177
295,AUD_CAD,2021-11-26 08:00:00,2021-11-26 12:00:00,0.909735,0.9055660907,2021-12-03 08:00:00,0.9054710907,stoploss,-1.022787735,30,4.935343685,-3.07874295,1.9,1.9,13,2021,3,2,0.9204,18,0.91619,20,1.276113167,1.280910585,6.271469932,0.5756901504,0.6270022883,0.5612978966
296,EUR_GBP,2021-11-29 16:00:00,2021-11-29 20:00:00,0.84714,0.843381354,2021-12-23 12:00:00,0.843341354,stoploss,-1.01064213,107,3.397500037,-4.424465592,0.8,0.8,42,2021,3,2,0.84955,6,0.84059,10,3.421444829,1.112102596,2.172022687,0.8300861484,0.7333333333,0.2713743177
297,EUR_CAD,2021-11-30 04:00:00,2021-11-30 08:00:00,1.447135,1.43617939,2021-12-07 08:00:00,1.43599439,stoploss,-1.016886326,31,1.593247677,-3.392325976,3.7,3.7,13,2021,2,2,1.44925,8,1.41682,13,2.526559478,0.08580079153,2.050125602,1.524333211,0.984496124,1.389242603
298,EUR_NZD,2021-11-30 04:00:00,2021-11-30 08:00:00,1.66484,1.651854092,2021-12-01 04:00:00,1.651664092,stoploss,-1.014631245,6,2.609752002,-1.052679547,3.8,3.8,0,2021,2,2,1.66279,8,1.64769,5,5.661521604,4.828310726,1.601385047,1.758829617,0.9272030651,1.221323893
299,GBP_AUD,2021-12-01 12:00:00,2021-12-01 16:00:00,1.86409,1.852104441,2021-12-08 12:00:00,1.851904441,stoploss,-1.016686748,30,2.930192997,-2.115045344,4,4,13,2021,3,2,1.87871,7,1.86239,9,3.702789443,2.115879682,2.99450859,0.5156205218,0.6962843296,0.05506626931
300,EUR_AUD,2021-12-01 16:00:00,2021-12-01 20:00:00,1.58978,1.577143492,2021-12-09 08:00:00,1.577023492,stoploss,-1.009496294,34,2.157241515,-2.666875974,2.4,2.4,12,2021,2,2,1.59702,8,1.57522,12,0.8973998083,2.94859937,2.130059735,0.9464639954,0.9644886364,0.6441652945
301,EUR_CHF,2021-12-09 12:00:00,2021-12-09 16:00:00,1.04525,1.04170062,2021-12-10 12:00:00,1.04165062,stoploss,-1.014086969,6,2.527202266,-4.299342986,1,1,0,2021,3,2,1.04551,5,1.04025,12,2.659619776,2.017253983,1.308979206,1.087514019,0.976,0.9072008135
302,AUD_CAD,2021-12-10 08:00:00,2021-12-10 12:00:00,0.909535,0.9048399022,2022-01-12 08:00:00,0.9047449022,stoploss,-1.02023387,138,4.424827981,-3.990332237,1.9,1.9,85,2021,3,3,0.90958,6,0.90532,5,3.271497367,3.586719769,0.5046827236,0.4515347928,0.75,0.1320526281
303,AUD_CHF,2021-12-10 12:00:00,2021-12-10 16:00:00,0.66269,0.6580052548,2021-12-13 16:00:00,0.6579352548,stoploss,-1.014942115,7,1.099312716,-3.065268077,1.4,1.4,0,2021,2,3,0.66203,5,0.65814,6,0.2774964137,7.061216435,0.6567994498,0.9050652262,0.9521912351,0.3415340476
304,NZD_CAD,2021-12-14 08:00:00,2021-12-14 12:00:00,0.866175,0.8614742074,2022-01-03 00:00:00,0.8613592074,stoploss,-1.02446396,82,2.296421258,-6.861608862,2.3,2.3,38,2021,2,3,0.86547,8,0.86295,4,0.5318252102,3.539828599,0.6877266046,0.9147393615,0.7964912281,0.3616411429
305,GBP_AUD,2021-12-14 12:00:00,2021-12-14 16:00:00,1.8604,1.849134533,2021-12-15 20:00:00,1.848934533,stoploss,-1.01775337,8,5.480465348,-1.65017575,4,4,1,2021,2,2,1.86293,5,1.84188,11,1.777112346,0.557455821,1.01739996,0.5219490808,0.719237435,0.2876045955
306,GBP_CHF,2021-12-14 16:00:00,2021-12-14 20:00:00,1.220815,1.214076969,2021-12-21 00:00:00,1.213981969,stoploss,-1.014099074,26,5.959456146,-1.110858654,1.9,1.9,10,2021,2,2,1.22572,7,1.21748,12,0.7598659063,1.255559681,2.881996119,1.175417574,0.5921052632,0.4303927985
307,GBP_JPY,2021-12-15 00:00:00,2021-12-15 04:00:00,150.5,149.7394516,2021-12-20 08:00:00,149.7274516,stoploss,-1.015778088,20,9.552317483,-1.284599337,2,2.4,8,2021,2,4,150.752,9,149.762,5,0.1420027926,1.109725527,0.7811076319,0.1078169351,0.6298932384,0.01314840672
308,GBP_CAD,2021-12-16 12:00:00,2021-12-16 16:00:00,1.70548,1.695432992,2022-01-27 12:00:00,1.695292992,stoploss,-1.013934497,180,2.565938078,-1.057031124,2.8,2.8,87,2021,2,2,1.70885,7,1.68341,19,2.372845763,1.532794662,2.133345701,1.09485333,0.7268518519,0.5076138168
309,USD_JPY,2021-12-17 16:00:00,2021-12-17 20:00:00,113.642,113.1234331,2022-02-11 20:00:00,115.883,time_exit,4.321525159,240,5.220155558,-0.6074432954,0.6,0.6,70,2021,2,2,114.271,11,113.316,22,2.090376293,0.3625375858,3.727977207,1.176318763,0.9808743169,0.1388441818
310,AUD_JPY,2021-12-20 12:00:00,2021-12-20 16:00:00,80.8135,80.0831906,2022-02-14 16:00:00,82.168,time_exit,1.854693363,240,4.761680451,-0.6209696864,0.9,0.8,72,2021,2,2,82.434,12,80.633,21,3.519056437,0.42721619,5.318743276,0.8708637719,0.8641304348,0.4518632779
311,GBP_JPY,2021-12-20 12:00:00,2021-12-20 16:00:00,150.31,149.2698264,2022-02-14 16:00:00,156.243,time_exit,5.703855632,240,7.460293225,-0.5297192741,2.4,2,228,2021,2,3,152.629,12,151.089,10,3.609012985,2.551497193,5.958385964,1.263250683,0.8648293963,0.4614614366
312,NZD_JPY,2021-12-20 12:00:00,2021-12-20 16:00:00,76.335,75.71358673,2022-01-27 04:00:00,75.70658673,stoploss,-1.011264645,166,4.673218505,-1.7782047,1,1.4,73,2021,2,3,77.97,12,76.539,16,3.456636828,0.3186285344,5.911277459,0.6823156495,0.7653429603,0.1995451428
313,NZD_CHF,2021-12-21 00:00:00,2021-12-21 04:00:00,0.619905,0.6151757552,2022-01-21 08:00:00,0.6150907552,stoploss,-1.017973271,140,2.079613236,-2.686475462,1.7,1.7,13,2021,2,2,0.63145,15,0.62059,9,3.0110516,0.1395571669,5.671505181,0.6216637433,0.9512893983,0.09303811124
314,EUR_NZD,2021-12-22 00:00:00,2021-12-22 04:00:00,1.6697,1.65921673,2021-12-23 08:00:00,1.65902673,stoploss,-1.018124117,8,6.30337701,-1.662649233,3.8,3.8,0,2021,3,2,1.68279,8,1.6635,12,1.5186102,1.650248521,3.159326614,0.4445178097,0.8766140603,0.1697943565
315,NZD_USD,2021-12-24 08:00:00,2021-12-24 12:00:00,0.682565,0.6780123492,2022-01-03 16:00:00,0.6779573492,stoploss,-1.012080874,38,1.417855275,-6.511590956,1.1,1.1,25,2021,2,3,0.68415,5,0.67392,12,2.187736412,1.651784921,1.235489544,0.5491306254,0.8862275449,0.07028872005
316,AUD_USD,2021-12-27 00:00:00,2021-12-27 04:00:00,0.72342,0.719518928,2022-01-03 16:00:00,0.719468928,stoploss,-1.01281699,34,2.05071839,-6.834019035,1,1,27,2021,2,2,0.72512,7,0.71209,17,6.341846621,1.968689654,1.470291432,0.6408494969,0.797029703,0.3537489223
317,CHF_JPY,2021-12-27 08:00:00,2021-12-27 12:00:00,124.697,124.1242808,2022-01-11 00:00:00,124.1132808,stoploss,-1.019206621,64,4.150376177,-2.105744076,2.2,2.2,37,2021,2,2,124.767,7,123.192,22,4.162598572,1.840343496,1.210123554,0.8939809013,0.7116402116,0.6774699018
318,CAD_CHF,2021-12-27 16:00:00,2021-12-27 20:00:00,0.717375,0.7136505794,2021-12-29 16:00:00,0.7135755794,stoploss,-1.02013736,12,5.23437119,-1.214954072,1.5,1.5,1,2021,2,4,0.71881,14,0.71452,9,1.057882662,2.588322045,1.03118254,0.1772087707,0.5654008439,0.1181391805
319,EUR_JPY,2021-12-29 12:00:00,2021-12-29 16:00:00,130.137,129.5801147,2022-01-19 04:00:00,129.5731147,stoploss,-1.012569914,88,5.421224189,-3.39746809,1.4,1.4,31,2021,2,3,130.222,9,129.602,5,2.592993616,2.004003377,1.794955334,1.379099098,0.8951965066,0.7039151646
320,GBP_CHF,2021-12-31 16:00:00,2021-12-31 20:00:00,1.233475,1.22790934,2022-02-25 20:00:00,1.241915,time_exit,1.516441901,240,4.940114937,-0.9980846872,1.9,1.9,40,2021,3,2,1.23635,7,1.23042,16,0.6540104881,0.4743372771,2.163505511,0.9630484111,0.5858585859,0.0179673211
321,CAD_CHF,2022-01-05 12:00:00,2022-01-05 16:00:00,0.720515,0.7168153969,2022-03-02 16:00:00,0.724945,time_exit,1.197425741,240,4.420744467,-0.9744288477,1.5,1.5,29,2022,3,5,0.72235,5,0.7193,6,2.692180672,3.486860509,1.106049743,0.07027780871,0.8645833333,0.01081197057
322,GBP_AUD,2022-01-05 16:00:00,2022-01-05 20:00:00,1.87108,1.861356027,2022-02-25 08:00:00,1.861156027,stoploss,-1.020567724,220,5.25093995,-4.264717582,4,4,101,2022,5,3,1.87646,7,1.86664,9,2.996717394,2.575079051,2.052592951,0.8453334585,0.9509803922,0.3702190329
323,CAD_JPY,2022-01-07 00:00:00,2022-01-07 04:00:00,91.194,90.56861976,2022-01-14 12:00:00,90.56261976,stoploss,-1.009594163,33,1.571843715,-3.140489376,1.2,1.2,20,2022,2,2,91.664,14,90.294,4,1.31440034,0.2398540766,2.228758766,0.8442863497,0.790368272,0.3230034898
324,EUR_AUD,2022-01-10 16:00:00,2022-01-10 20:00:00,1.58093,1.571164681,2022-01-12 16:00:00,1.571044681,stoploss,-1.012288385,12,4.259973486,-12.76455998,2.4,2.4,5,2022,3,2,1.58539,6,1.57298,10,2.545743771,3.274854617,2.255004936,1.138723682,0.7063081696,0.6123711886
325,EUR_NZD,2022-01-11 12:00:00,2022-01-11 16:00:00,1.67767,1.668315901,2022-01-13 04:00:00,1.668125901,stoploss,-1.020311951,10,6.212249952,-12.14654689,3.8,3.8,0,2022,4,2,1.68075,5,1.67047,7,2.959130591,3.532141428,1.760432509,1.039116667,0.9499105546,0.04917630318
326,USD_CHF,2022-01-11 12:00:00,2022-01-11 16:00:00,0.927215,0.9231093504,2022-01-12 00:00:00,0.9230643504,stoploss,-1.010960507,3,1.718363884,-4.407341527,0.9,0.9,0,2022,3,4,0.9275,4,0.91794,9,2.489252855,2.094674614,0.6201937909,0.4773909585,0.9530201342,0.2581808245
327,AUD_CHF,2022-01-13 08:00:00,2022-01-13 12:00:00,0.66713,0.6633110059,2022-01-13 16:00:00,0.6632410059,stoploss,-1.018329434,2,5.043212852,-4.922762286,1.4,1.4,0,2022,3,5,0.66778,4,0.66429,4,3.435459638,4.152926056,0.9145691155,0.4975132097,0.6,0.07855471733
328,AUD_USD,2022-01-14 04:00:00,2022-01-14 08:00:00,0.72872,0.7239239196,2022-01-14 12:00:00,0.7238739196,stoploss,-1.01042518,2,3.215125451,-6.663774929,1,1,0,2022,2,3,0.73142,5,0.71549,15,4.662140407,1.059198268,1.931151805,0.788143593,0.9559471366,0.1417824453
329,GBP_USD,2022-01-14 04:00:00,2022-01-14 08:00:00,1.373315,1.36743502,2022-01-14 16:00:00,1.36739002,stoploss,-1.007653087,3,0.170918953,-11.59952954,0.9,0.9,0,2022,2,3,1.37489,4,1.36206,10,4.942193806,3.010214397,1.240990273,0.7006826731,0.8199233716,0.4829948523
330,CHF_JPY,2022-01-17 08:00:00,2022-01-17 12:00:00,125.338,124.7232805,2022-01-19 04:00:00,124.7122805,stoploss,-1.017894342,11,1.867518563,-3.004622635,2.2,2.2,5,2022,2,2,125.656,10,124.521,5,0.1106195664,1.379491064,1.455648119,0.3871684825,0.6591639871,0.3578868326
331,NZD_USD,2022-01-17 08:00:00,2022-01-17 12:00:00,0.680885,0.676097123,2022-01-18 16:00:00,0.676042123,stoploss,-1.011487346,8,2.440538882,-5.840793311,1.1,1.1,0,2022,2,2,0.68902,10,0.67399,22,4.477976349,0.17962032,3.836593653,0.4469621915,0.5669642857,0.07936711812
332,EUR_AUD,2022-01-19 20:00:00,2022-01-20 00:00:00,1.57244,1.563894952,2022-01-20 12:00:00,1.563774952,stoploss,-1.014043222,4,5.861874723,-13.59383845,2.4,2.4,0,2022,2,2,1.58719,10,1.57936,13,0.3861885923,2.61672028,4.293616792,0.8519554399,0.8183760684,0.01872429538
333,EUR_NZD,2022-01-19 20:00:00,2022-01-20 00:00:00,1.67179,1.66283196,2022-02-28 12:00:00,1.66264196,stoploss,-1.021209998,166,7.143303918,-12.02718494,3.8,3.8,70,2022,2,2,1.68417,9,1.6699,11,0.9176114738,1.201155652,3.350847128,0.6206715078,0.8693877551,0.02232631323
334,USD_CHF,2022-01-20 16:00:00,2022-01-20 20:00:00,0.916895,0.9129760666,2022-01-21 08:00:00,0.9129310666,stoploss,-1.011482716,4,7.498213746,-1.565476989,0.9,0.9,0,2022,2,3,0.91792,11,0.91262,16,1.05130647,1.786200314,1.616932879,1.025789323,0.9927272727,0.3470332039
335,AUD_NZD,2022-01-21 08:00:00,2022-01-21 12:00:00,1.070555,1.06613399,2022-01-24 12:00:00,1.06602899,stoploss,-1.023750228,7,2.059484056,-2.116032218,2.1,2.1,0,2022,2,3,1.07038,7,1.05839,12,3.623606213,0.4478614421,0.9153924543,0.9228660019,0.8047138047,0.2261926475
336,AUD_CHF,2022-01-24 00:00:00,2022-01-24 04:00:00,0.65587,0.6508986985,2022-01-24 12:00:00,0.6508286985,stoploss,-1.01408082,3,7.742439305,-1.516705439,1.4,1.4,0,2022,2,3,0.66587,8,0.65911,12,2.096030594,0.8528953664,4.685987758,1.025888294,0.9612676056,0.04023091351
337,EUR_CHF,2022-01-27 12:00:00,2022-01-27 16:00:00,1.03873,1.034877903,2022-02-22 00:00:00,1.034827903,stoploss,-1.012979944,105,5.885106725,-10.72662593,1,1,60,2022,2,2,1.03993,4,1.03277,9,0.7268768782,1.443369801,0.8634034267,0.2180630635,0.5659340659,0.06749571012
338,NZD_JPY,2022-01-28 00:00:00,2022-01-28 04:00:00,75.98,75.28983924,2022-01-28 20:00:00,75.28483924,stoploss,-1.007244689,5,13.40412334,-1.08670333,1,1,0,2022,2,2,76.663,7,75.789,14,0.5274133496,0.1333022752,2.103972028,0.2608087993,0.7018867925,0.04926388431
339,USD_CHF,2022-01-28 08:00:00,2022-01-28 12:00:00,0.931115,0.9265439203,2022-01-31 20:00:00,0.9264989203,stoploss,-1.009844501,9,3.317596949,-3.521049977,0.9,0.9,6,2022,2,2,0.93376,4,0.9167,14,5.858572127,2.598948352,1.774483789,0.5687934103,0.5458015267,0.1618873553
340,AUD_USD,2022-01-31 00:00:00,2022-01-31 04:00:00,0.70104,0.6950824924,2022-03-28 04:00:00,0.7505,time_exit,8.302129579,240,8.84094551,-0.0738563893,1,1,235,2022,2,2,0.71814,13,0.71214,21,0.2249262765,1.03398945,6.170777851,0.7016356984,0.92578125,0.4263527928
341,CAD_JPY,2022-01-31 00:00:00,2022-01-31 04:00:00,90.572,89.8203257,2022-02-22 00:00:00,89.8143257,stoploss,-1.007982181,96,10.67483619,-1.785347727,1.2,1.2,51,2022,2,2,91.168,8,90.098,11,0.4097519373,1.415506693,2.426271428,1.048326385,0.9800995025,0.6917889851
342,GBP_NZD,2022-02-01 08:00:00,2022-02-01 12:00:00,2.04669,2.034764905,2022-02-01 20:00:00,2.034524905,stoploss,-1.020125625,3,0.5366833409,-13.22337438,4.8,4.8,0,2022,2,3,2.04992,10,2.03641,4,4.447763188,3.615904009,1.502955531,0.9039760023,0.9005847953,0.1123680745
343,AUD_CAD,2022-02-03 08:00:00,2022-02-03 12:00:00,0.904415,0.8993669785,2022-03-31 12:00:00,0.936255,time_exit,6.307421592,240,8.279481327,-0.8013040308,1.9,1.9,129,2022,2,2,0.90734,5,0.8945,13,1.901735154,1.465920847,1.465295167,0.2694124801,0.5418326693,0.2020593601
344,NZD_JPY,2022-02-04 20:00:00,2022-02-07 00:00:00,76.149,75.59613358,2022-04-04 00:00:00,84.604,time_exit,15.29302514,240,19.54179108,-0.5082602086,1,1,212,2022,3,3,76.776,4,75.578,11,2.391174362,1.258893613,2.38171789,0.3291934447,0.7058823529,0.07958522839
345,NZD_USD,2022-02-04 20:00:00,2022-02-07 00:00:00,0.660505,0.6553996164,2022-04-04 00:00:00,0.690335,time_exit,5.842851805,240,7.708529427,-0.2477776579,1.1,1.1,226,2022,3,2,0.66829,4,0.66085,11,3.376827527,3.106524627,3.045182483,0.4152479325,0.711409396,0.1253578664
346,NZD_CAD,2022-02-08 00:00:00,2022-02-08 04:00:00,0.841765,0.8367837855,2022-04-05 04:00:00,0.867465,time_exit,5.159384291,240,7.836442249,-0.2258485341,2.3,2.3,113,2022,2,2,0.84657,11,0.84059,6,1.224600941,0.9836958376,2.850941206,0.7628661598,0.9469496021,0.2931012087
347,USD_CHF,2022-02-09 20:00:00,2022-02-10 00:00:00,0.923865,0.9200522212,2022-02-17 12:00:00,0.9200072212,stoploss,-1.011802416,34,5.878914349,-2.319830355,0.9,0.9,4,2022,3,3,0.92627,9,0.92258,8,1.400553318,2.554567288,1.526075196,0.5297973225,0.8034682081,0.2255572759
348,AUD_CHF,2022-02-10 08:00:00,2022-02-10 12:00:00,0.66415,0.6604044457,2022-02-11 04:00:00,0.6603344457,stoploss,-1.018688823,5,12.16108389,-2.386829637,1.4,1.4,1,2022,2,2,0.66438,4,0.65667,11,3.267874133,2.664492145,0.5678053523,0.4111540985,0.6,0.2830021717
349,AUD_NZD,2022-02-11 16:00:00,2022-02-11 20:00:00,1.075015,1.070669114,2022-02-21 00:00:00,1.070564114,stoploss,-1.024160782,32,4.02794752,-3.178868608,2.1,2.1,16,2022,3,3,1.07702,6,1.07213,9,1.030860034,2.554139815,2.028545608,1.02625798,0.9798387097,0.8559819922
350,GBP_USD,2022-02-11 16:00:00,2022-02-11 20:00:00,1.36015,1.351936625,2022-02-14 08:00:00,1.351896625,stoploss,-1.004870105,4,0.5040558655,-7.540140037,0.8,0.8,0,2022,4,2,1.36438,6,1.35074,20,2.262163764,0.4090888184,1.721009533,0.6818146973,0.8018867925,0.0511361023
351,EUR_CAD,2022-02-14 00:00:00,2022-02-14 04:00:00,1.44664,1.439152465,2022-02-14 16:00:00,1.439062465,stoploss,-1.012019977,4,0.4834701746,-11.72481951,1.8,1.8,1,2022,3,2,1.45622,7,1.44596,9,1.076455693,0.2190306868,2.966526534,0.8013317811,0.824933687,0.06677764842
352,USD_CAD,2022-02-15 04:00:00,2022-02-15 08:00:00,1.274825,1.267876443,2022-02-16 12:00:00,1.267811443,stoploss,-1.00935446,8,2.199737352,-4.971535939,1.3,1.3,2,2022,3,2,1.2784,5,1.26695,8,1.810447883,0.9584724085,1.336922044,0.3252473939,0.7453703704,0.2360202327
353,GBP_NZD,2022-02-16 12:00:00,2022-02-16 16:00:00,2.04092,2.029980549,2022-02-17 00:00:00,2.029740549,stoploss,-1.021938943,3,0.07952866902,-15.5218023,4.8,4.8,0,2022,2,2,2.04908,12,2.02975,17,1.597886361,1.400435873,1.797698704,0.2724085445,0.5950413223,0.159057338
354,EUR_JPY,2022-02-18 00:00:00,2022-02-18 04:00:00,130.894,129.9275803,2022-02-21 20:00:00,129.9225803,stoploss,-1.005173736,11,6.877964386,-6.727926048,1,1,1,2022,2,2,131.91,10,130.401,4,0.7657128999,0.7346704851,2.886333777,0.6560297008,0.7974068071,0.3187021259
355,EUR_USD,2022-02-18 00:00:00,2022-02-18 04:00:00,1.136845,1.131008718,2022-02-21 20:00:00,1.130973718,stoploss,-1.005996969,11,0.3778090296,-10.46813726,0.7,0.7,7,2022,2,2,1.13959,7,1.13233,5,0.9458076386,1.480394565,1.227910644,0.2775739809,0.7959183673,0.02741471416
356,AUD_JPY,2022-02-18 04:00:00,2022-02-18 08:00:00,82.983,82.13860609,2022-02-22 00:00:00,82.13460609,stoploss,-1.004737126,11,13.4238297,-1.149937242,0.8,0.8,0,2022,2,3,83.34,6,82.337,6,0.2036964012,1.86642749,1.160478228,0.3434416067,0.7363636364,0.0473712561
357,AUD_CHF,2022-02-21 00:00:00,2022-02-21 04:00:00,0.66272,0.6573529406,2022-02-22 00:00:00,0.6572829406,stoploss,-1.013042524,6,8.753396736,-1.04340191,1.4,1.4,1,2022,2,4,0.66642,4,0.66065,6,0.465804424,2.027180853,1.889435558,0.8645330109,0.8283828383,0.0931608848
358,NZD_CHF,2022-02-21 04:00:00,2022-02-21 08:00:00,0.618645,0.6143030882,2022-02-21 20:00:00,0.6142180882,stoploss,-1.01957663,4,7.652159049,-1.516613012,1.7,1.7,0,2022,2,3,0.62039,5,0.61468,7,0.801490248,2.358408086,1.278243623,0.4606265793,0.9271523179,0.244132087
359,GBP_CAD,2022-02-22 16:00:00,2022-02-22 20:00:00,1.73327,1.72522951,2022-02-23 12:00:00,1.72508951,stoploss,-1.017411873,5,0.3420189379,-12.90468545,2.8,2.8,0,2022,3,2,1.73778,7,1.72687,12,2.626705443,2.848084974,3.720432933,2.12176112,0.9910179641,0.6641385922
360,AUD_CHF,2022-02-25 12:00:00,2022-02-25 16:00:00,0.67055,0.664160723,2022-02-28 00:00:00,0.664090723,stoploss,-1.010955856,3,6.127453821,-1.094020491,1.4,1.4,0,2022,2,2,0.66964,13,0.65833,8,1.489996434,0.3787595976,0.8289961476,1.061152922,0.9912663755,0.9609850948
361,NZD_CHF,2022-02-25 12:00:00,2022-02-25 16:00:00,0.625545,0.619681722,2022-02-28 00:00:00,0.619596722,stoploss,-1.01449701,3,4.489809278,-1.57676303,1.7,1.7,0,2022,2,2,0.62651,13,0.61498,5,2.517363151,0.9960298645,1.76612348,1.326902799,0.9708520179,1.27232582
362,USD_JPY,2022-03-02 00:00:00,2022-03-02 04:00:00,115.007,114.4306495,2022-04-27 04:00:00,127.542,time_exit,21.74891836,240,24.98479652,-0.6194147471,0.6,0.6,209,2022,3,2,115.762,14,115.205,12,1.946732062,2.76220806,3.01271928,0.419883386,0.723183391,0.270668629
363,AUD_NZD,2022-03-02 12:00:00,2022-03-02 16:00:00,1.073985,1.069549678,2022-03-08 08:00:00,1.069444678,stoploss,-1.023673589,23,5.824830272,-2.882541321,2.1,2.1,6,2022,4,4,1.0751,8,1.07203,5,1.163387815,2.520673599,0.7864872478,0.2570275405,0.595890411,0.1082221223
364,CHF_JPY,2022-03-02 20:00:00,2022-03-03 00:00:00,125.553,124.817505,2022-03-07 00:00:00,124.806505,stoploss,-1.014955914,13,14.49228105,-1.726728298,2.2,2.2,3,2022,3,3,125.686,9,124.771,6,1.623396526,2.004092528,0.8326423747,0.4677122319,0.7601626016,0.1305243438
365,AUD_JPY,2022-03-07 00:00:00,2022-03-07 04:00:00,85.337,84.4910855,2022-03-07 16:00:00,84.4870855,stoploss,-1.00472861,4,12.30029755,-1.80396483,0.8,0.8,1,2022,2,3,85.144,4,84.159,6,3.033403508,3.99804001,1.260113801,1.600634587,0.8317490494,1.41858309
366,USD_CHF,2022-03-07 00:00:00,2022-03-07 04:00:00,0.921135,0.9153089107,2022-05-02 04:00:00,0.974675,time_exit,9.18969776,240,9.401675286,-0.2394402013,0.9,0.9,230,2022,2,2,0.92424,14,0.91689,16,1.191193546,0.562984846,2.648020463,1.520745651,0.8535645472,0.4634326476
367,GBP_CHF,2022-03-10 12:00:00,2022-03-10 16:00:00,1.226085,1.217333595,2022-03-10 16:00:00,1.217238595,stoploss,-1.0108554,1,2.145369856,-2.087093498,1.9,1.9,0,2022,2,2,1.22362,5,1.21185,13,0.518773856,0.3199486336,0.7036229416,1.202092724,0.9947916667,0.5027764243
368,EUR_AUD,2022-03-11 00:00:00,2022-03-11 04:00:00,1.49699,1.481015101,2022-03-22 12:00:00,1.480895101,stoploss,-1.007511785,45,2.249153486,-4.067005343,2.4,2.4,13,2022,2,2,1.51597,8,1.49365,9,1.362136929,4.6785898,2.904978384,0.5283288455,0.7822822823,0.3042272736
369,EUR_CAD,2022-03-11 00:00:00,2022-03-11 04:00:00,1.40479,1.391981026,2022-03-11 16:00:00,1.391891026,stoploss,-1.007026324,4,0.8876589395,-5.158102562,1.8,1.8,2,2022,2,2,1.42274,8,1.40333,10,1.842458309,4.231408489,3.13121703,0.4512461452,0.6848341232,0.05464918713
370,EUR_NZD,2022-03-11 00:00:00,2022-03-11 04:00:00,1.60346,1.587462082,2022-03-22 12:00:00,1.587272082,stoploss,-1.011876546,45,2.524703552,-2.765359869,3.8,3.8,13,2022,2,2,1.62209,5,1.59926,9,1.982758026,4.40182283,2.748223491,0.4900637743,0.7893700787,0.005000650759
371,CHF_JPY,2022-03-11 04:00:00,2022-03-11 08:00:00,125.413,124.7104689,2022-05-06 08:00:00,132.344,time_exit,9.865755865,240,15.3715622,-0.15800013,2.2,2.2,164,2022,2,3,125.307,4,124.577,9,0.8085051697,0.8369736616,0.898132219,1.15866762,0.8508946322,0.8398205108
372,GBP_NZD,2022-03-11 12:00:00,2022-03-11 16:00:00,1.91286,1.899372269,2022-03-23 12:00:00,1.899132269,stoploss,-1.01779395,48,3.170288704,-3.094664418,4.8,4.8,10,2022,3,2,1.9315,8,1.9194,12,0.5634750738,2.187172984,2.928212635,0.1838708135,0.5049115914,0.1141778439
373,EUR_CHF,2022-03-14 00:00:00,2022-03-14 04:00:00,1.02209,1.013515782,2022-04-05 16:00:00,1.013465782,stoploss,-1.005831436,100,2.687125665,-1.522004771,1,1,22,2022,3,2,1.03051,8,1.02043,6,4.777112294,5.369586182,2.390134081,0.5318269546,0.6216931217,0.3358907082
374,EUR_GBP,2022-03-14 00:00:00,2022-03-14 04:00:00,0.8379,0.8322106835,2022-03-22 12:00:00,0.8321706835,stoploss,-1.007030721,39,3.736828469,-2.2744384,0.8,0.8,21,2022,3,2,0.84358,9,0.8366,8,3.118124979,5.737068732,2.381027883,0.5026965862,0.7419354839,0.08436865782
375,EUR_JPY,2022-03-14 00:00:00,2022-03-14 04:00:00,128.52,127.2717044,2022-05-09 04:00:00,137.638,time_exit,7.304359856,240,9.200545399,-0.0937278025,1,1,169,2022,2,2,128.877,9,127.423,8,4.686390125,4.856221699,1.401050971,0.8523622381,0.8531684699,0.7642420819
376,CAD_CHF,2022-03-15 04:00:00,2022-03-15 08:00:00,0.732925,0.7278442811,2022-05-10 08:00:00,0.762745,time_exit,5.869248142,240,7.383797587,-0.75087799,1.5,1.5,224,2022,3,2,0.73565,8,0.72173,16,4.365523937,0.7990995123,1.739775278,0.6731330867,0.9072164948,0.1220299748
377,GBP_JPY,2022-03-15 04:00:00,2022-03-15 08:00:00,154.401,153.4025082,2022-03-15 08:00:00,153.3925082,stoploss,-1.010015105,1,14.04718616,-1.175773318,2,2,0,2022,2,2,154.19,4,151.819,13,2.391607055,1.680534606,0.581957663,0.9734681984,0.8362760835,0.7010573445
378,AUD_CHF,2022-03-15 12:00:00,2022-03-15 16:00:00,0.67836,0.6726988191,2022-05-10 16:00:00,0.69019,time_exit,2.089670019,240,5.535947454,-0.4504360564,1.4,1.4,94,2022,2,3,0.68552,16,0.68001,12,1.572110158,2.465916607,3.8160682,1.179965826,0.9834254144,0.7171648584
379,GBP_CHF,2022-03-18 16:00:00,2022-03-18 20:00:00,1.230625,1.223039761,2022-03-21 12:00:00,1.222944761,stoploss,-1.012524325,5,1.876671253,-3.006497219,1.9,1.9,0,2022,2,3,1.24181,7,1.22931,6,2.578692638,3.41188985,3.302377387,0.408688506,0.8098859316,0.06855420101
380,AUD_NZD,2022-03-21 16:00:00,2022-03-21 20:00:00,1.074865,1.07067042,2022-03-22 12:00:00,1.07056542,stoploss,-1.025032302,5,8.638528355,-1.307639797,2.1,2.1,2,2022,2,2,1.07446,4,1.06408,17,3.35671255,1.373200589,0.5700915118,0.6722961215,0.8125,0.23840288
381,GBP_JPY,2022-03-21 16:00:00,2022-03-21 20:00:00,157.303,156.3378337,2022-05-12 16:00:00,156.3278337,stoploss,-1.010360909,228,11.52547544,-1.768607207,2,2,127,2022,3,2,157.222,6,155.456,13,5.238475712,4.618893339,0.5042519557,0.6403041911,0.605893186,0.2507340036
382,NZD_CHF,2022-03-25 16:00:00,2022-03-25 20:00:00,0.648445,0.6436257182,2022-03-29 00:00:00,0.6435407182,stoploss,-1.017637483,8,0.7106868044,-6.433531203,1.7,1.7,3,2022,2,2,0.65159,13,0.64672,11,2.481697571,2.581297473,2.450734223,1.04164898,0.9790419162,0.6266493866
383,AUD_JPY,2022-03-28 04:00:00,2022-03-28 08:00:00,92.568,91.58550663,2022-03-29 12:00:00,91.58150663,stoploss,-1.004071274,8,3.230556165,-5.361868266,0.8,0.8,0,2022,2,3,92.013,7,91.059,5,2.756252708,6.569001099,0.6029547277,1.68143629,0.8519249753,1.174562638
384,CAD_JPY,2022-03-29 00:00:00,2022-03-29 04:00:00,99.099,97.85429018,2022-03-29 16:00:00,97.84829018,stoploss,-1.004820401,4,3.094697202,-1.642149813,1.2,1.2,2,2022,3,2,100.194,4,96.725,11,5.92748597,1.634115812,2.196153772,0.4065204528,0.8322580645,0.1574664205
385,EUR_AUD,2022-04-01 16:00:00,2022-04-01 20:00:00,1.47463,1.462586587,2022-04-04 16:00:00,1.462466587,stoploss,-1.009963953,6,4.423995131,-3.538033644,2.4,2.4,1,2022,3,2,1.49426,8,1.46361,20,4.068614141,1.670622786,4.056302112,0.7888129457,0.8811188811,0.2175463071
386,CAD_JPY,2022-04-05 08:00:00,2022-04-05 12:00:00,98.619,97.73450379,2022-05-31 12:00:00,100.949,time_exit,2.634267925,240,4.897703283,-0.9282120026,1.2,1.2,70,2022,3,2,98.462,4,97.613,8,0.5313759333,1.175810576,0.6446699297,0.9632602025,0.8034055728,0.823067403
387,GBP_NZD,2022-04-05 16:00:00,2022-04-05 20:00:00,1.87974,1.866128698,2022-05-31 20:00:00,1.9356,time_exit,4.103942318,240,6.440236012,-0.2740369647,4.8,4.8,179,2022,2,3,1.89965,14,1.88423,10,1.744138751,0.5612982333,4.218515693,1.057944314,0.7515695067,0.3261994968
388,AUD_NZD,2022-04-08 00:00:00,2022-04-08 04:00:00,1.087065,1.081496324,2022-06-03 04:00:00,1.106965,time_exit,3.573560638,240,4.316107032,-0.8323343496,2.1,2.1,112,2022,2,4,1.09252,13,1.08339,4,2.330895331,2.072306018,3.136429351,0.5782344349,0.8658008658,0.4848549609
389,GBP_AUD,2022-04-11 00:00:00,2022-04-11 04:00:00,1.75035,1.740024717,2022-04-12 16:00:00,1.739824717,stoploss,-1.019369929,10,3.717089351,-3.150518931,4,4,5,2022,2,3,1.7511,10,1.74332,4,0.04067685063,5.020685564,0.7217103355,0.8697098064,0.8280467446,0.3564066913
390,EUR_NZD,2022-04-12 00:00:00,2022-04-12 04:00:00,1.59608,1.584850172,2022-04-12 12:00:00,1.584660172,stoploss,-1.016919226,3,7.838054066,-2.354443871,3.8,3.8,0,2022,3,3,1.59776,4,1.57382,12,3.820183134,2.600217891,0.6321801135,0.2618027602,0.8880248834,0.1335728368
391,GBP_CAD,2022-04-12 00:00:00,2022-04-12 04:00:00,1.64733,1.63988988,2022-04-14 16:00:00,1.63974988,stoploss,-1.0188169,16,0.4180039873,-10.23236127,2.8,2.8,13,2022,2,2,1.64734,12,1.63558,6,2.290285512,1.631694021,0.5293068779,0.3736498665,0.8445945946,0.1989215116
392,EUR_AUD,2022-04-13 04:00:00,2022-04-13 08:00:00,1.45451,1.443705388,2022-06-08 08:00:00,1.48419,time_exit,2.746974999,240,6.793395044,-0.3387442215,2.4,2.4,126,2022,3,2,1.46887,6,1.44979,17,1.36053007,2.937634315,3.000188012,0.3128293631,0.8832752613,0.1665955188
393,EUR_CAD,2022-04-13 08:00:00,2022-04-13 12:00:00,1.37027,1.362933867,2022-04-14 12:00:00,1.362843867,stoploss,-1.012268043,7,1.436724137,-4.3006306,1.8,1.8,0,2022,3,2,1.37652,5,1.36585,18,0.4007560686,0.2426346265,2.317813782,0.610675914,0.9504643963,0.5861398282
394,USD_CAD,2022-04-13 08:00:00,2022-04-13 12:00:00,1.264385,1.257943642,2022-04-13 20:00:00,1.257878642,stoploss,-1.01009104,3,6.719856374,-2.877498854,1.3,1.3,1,2022,3,2,1.26619,6,1.25815,5,1.564887426,0.7296598119,1.098560373,0.4967896592,0.8364116095,0.1241974148
395,AUD_JPY,2022-04-15 00:00:00,2022-04-15 04:00:00,93.529,92.82522437,2022-04-25 00:00:00,92.82122437,stoploss,-1.00568363,36,4.762881628,-8.850832238,0.8,0.8,17,2022,3,4,93.865,10,93.124,4,2.748034925,2.063157555,1.433358869,0.4660576295,0.8419354839,0.04831085184
396,GBP_CHF,2022-04-19 00:00:00,2022-04-19 04:00:00,1.230115,1.224234807,2022-04-25 04:00:00,1.224139807,stoploss,-1.016155931,25,2.507570561,-5.599305576,1.9,1.9,15,2022,2,2,1.23405,11,1.22926,10,6.10864256,6.424958683,1.717050128,0.3503286101,0.6196808511,0.01700624321
397,GBP_USD,2022-04-19 08:00:00,2022-04-19 12:00:00,1.3041,1.297946125,2022-04-22 08:00:00,1.297901125,stoploss,-1.007312466,18,0.7978712608,-15.90217548,0.8,0.9,12,2022,2,2,1.31475,18,1.30334,16,3.041985744,1.956490831,5.09734888,1.338993725,1,0.9489955526
398,EUR_NZD,2022-04-19 12:00:00,2022-04-19 16:00:00,1.60482,1.593923225,2022-04-20 12:00:00,1.593733225,stoploss,-1.017436352,6,7.275547253,-1.150799225,3.8,3.8,0,2022,2,2,1.60578,6,1.58917,9,0.1908821681,3.584546868,1.437625488,1.193013551,0.950867052,0.4863824475
399,GBP_AUD,2022-04-20 12:00:00,2022-04-20 16:00:00,1.75952,1.748663673,2022-04-29 04:00:00,1.748463673,stoploss,-1.018422437,40,2.690596913,-3.841078098,4,4,16,2022,2,2,1.77194,13,1.75952,7,1.015076274,0.5360929145,3.617527866,1.18272045,1,0.2413339237
400,EUR_GBP,2022-04-22 04:00:00,2022-04-22 08:00:00,0.83259,0.828396718,2022-06-17 08:00:00,0.85544,time_exit,5.449192367,240,9.426983556,-0.08585160841,0.8,0.8,228,2022,4,2,0.8367,5,0.82833,12,3.372060397,0.47695338,2.076141025,0.1860118182,0.6625,0.1049297436
401,GBP_CHF,2022-04-25 20:00:00,2022-04-26 00:00:00,1.221645,1.213063043,2022-04-26 12:00:00,1.212968043,stoploss,-1.011069736,4,2.644501675,-5.005268537,1.9,1.9,1,2022,2,3,1.24486,13,1.23628,14,0.7900295816,2.04149237,5.482963392,0.2493603694,0.5177865613,0.1421587153
402,EUR_USD,2022-04-26 00:00:00,2022-04-26 04:00:00,1.073055,1.065806987,2022-04-26 16:00:00,1.065791987,stoploss,-1.002069533,4,0.7774544364,-5.255923115,0.7,0.3,0,2022,3,2,1.09363,16,1.07708,8,3.358161665,0.2649001806,6.027834168,0.5022065924,0.955465587,0.3118095876
403,USD_JPY,2022-04-27 08:00:00,2022-04-27 12:00:00,127.964,126.788753,2022-05-24 16:00:00,126.785753,stoploss,-1.002552655,116,7.445243673,-1.365670411,0.6,0.6,47,2022,2,2,129.11,16,127.735,18,0.6841115329,0.4696885152,2.494831333,0.5275486946,0.7722132472,0.2348442576
404,USD_CAD,2022-04-28 12:00:00,2022-04-28 16:00:00,1.286815,1.278283813,2022-04-29 00:00:00,1.278218813,stoploss,-1.007619104,3,2.472692148,-4.111385498,1.3,1.3,0,2022,2,2,1.28542,5,1.27779,7,1.802797119,2.194301825,0.8856670205,1.151070722,0.8112927192,0.2156792392
405,USD_CHF,2022-05-05 08:00:00,2022-05-05 12:00:00,0.978305,0.9700648272,2022-05-19 20:00:00,0.9700198272,stoploss,-1.005461051,63,3.413156598,-3.493252006,0.9,0.9,42,2022,2,2,0.97997,10,0.97202,11,0.9854162338,1.194149722,1.771397463,1.242692393,0.7705146036,1.114054314
406,AUD_CAD,2022-05-06 00:00:00,2022-05-06 04:00:00,0.914295,0.9062247935,2022-05-09 08:00:00,0.9061297935,stoploss,-1.011771694,8,0.1406407628,-4.202494686,1.9,1.9,3,2022,3,3,0.92553,7,0.90994,13,2.797945747,1.261429925,3.14290605,0.3866072069,0.9850299401,0.220564368
407,EUR_JPY,2022-05-10 04:00:00,2022-05-10 08:00:00,137.978,136.8658542,2022-05-11 12:00:00,136.8608542,stoploss,-1.004495813,8,5.662027425,-4.784444645,1,1,0,2022,3,4,138.316,4,137.477,7,1.699417474,1.686829196,1.917280897,1.201281347,0.9419354839,0.2607571785
408,EUR_NZD,2022-05-11 12:00:00,2022-05-11 16:00:00,1.67405,1.65825563,2022-05-11 16:00:00,1.65806563,stoploss,-1.012029603,1,1.43152276,-2.381861398,3.8,3.8,0,2022,2,2,1.68002,9,1.63957,15,5.147403819,2.742749489,1.754996093,0.9142498296,0.9844134537,0.08610663215
409,USD_CAD,2022-05-11 12:00:00,2022-05-11 16:00:00,1.303495,1.294329817,2022-05-11 16:00:00,1.294264817,stoploss,-1.007092057,1,0.5297220934,-5.646913891,1.3,1.3,0,2022,3,3,1.30524,4,1.29614,5,4.3403388,5.405238415,1.99186128,1.464236971,0.9380116959,0.4320699258
410,EUR_CHF,2022-05-12 00:00:00,2022-05-12 04:00:00,1.04627,1.039841966,2022-05-12 12:00:00,1.039791966,stoploss,-1.007778428,3,0.8011780893,-9.16454393,1,1,1,2022,2,2,1.05155,9,1.04567,9,1.997500324,3.854988942,2.12212736,0.2582438113,0.9321148825,0.02489096977
411,EUR_CAD,2022-05-12 04:00:00,2022-05-12 08:00:00,1.36939,1.360527914,2022-05-12 08:00:00,1.360437914,stoploss,-1.010155623,1,1.288635681,-5.033803654,1.8,1.8,0,2022,2,4,1.37688,12,1.36745,9,2.70139564,4.854387653,2.2344425,0.5529172362,0.9048913043,0.3588320022
412,GBP_AUD,2022-05-12 04:00:00,2022-05-12 08:00:00,1.77184,1.753256459,2022-05-31 08:00:00,1.753056459,stoploss,-1.010762211,79,0.6231320349,-2.383829805,4,4,3,2022,2,3,1.78479,12,1.76623,9,4.50075677,5.209986496,2.213678768,0.7641170031,0.9385964912,0.1947960247
413,AUD_USD,2022-05-19 04:00:00,2022-05-19 08:00:00,0.70108,0.6927814628,2022-06-13 16:00:00,0.6927314628,stoploss,-1.006025158,105,3.278891109,-3.615094938,1,1,64,2022,2,3,0.70464,7,0.69897,8,2.082294684,3.877791837,2.07593927,1.101398924,0.8125894134,0.8097812661
414,CHF_JPY,2022-05-19 04:00:00,2022-05-19 08:00:00,130.684,129.413084,2022-07-14 08:00:00,140.74,time_exit,7.912403449,240,10.29021602,-0.3643041763,2.2,2.2,176,2022,2,2,130.609,10,128.254,15,2.089831301,1.177103775,0.8750789992,0.9583639022,0.8125,0.6436302726
415,GBP_CHF,2022-05-19 04:00:00,2022-05-19 08:00:00,1.221175,1.210819815,2022-05-19 08:00:00,1.210724815,stoploss,-1.009174148,1,0.80297939,-6.598143935,1.9,1.9,0,2022,2,2,1.24434,10,1.21846,22,3.217711759,1.210987559,4.747393054,0.3824171238,0.8764367816,0.04055939192
416,GBP_JPY,2022-05-19 04:00:00,2022-05-19 08:00:00,159.58,157.6162184,2022-07-14 08:00:00,163.946,time_exit,2.223261441,240,4.655812955,-0.8661859166,2,2,88,2022,2,2,161.848,10,157.424,17,2.665265778,1.861714116,3.431660526,1.0214985,0.8205904618,0.8066069911
417,NZD_JPY,2022-05-19 04:00:00,2022-05-19 08:00:00,81.697,80.57315449,2022-07-14 08:00:00,84.691,time_exit,2.664067228,240,4.549557693,-0.7590011173,1,1,86,2022,2,2,82.484,9,80.169,18,1.776044818,1.274196483,3.093478212,1.501985798,0.9056410256,1.251061631
418,EUR_CHF,2022-05-19 16:00:00,2022-05-19 20:00:00,1.02901,1.020728983,2022-06-16 08:00:00,1.020678983,stoploss,-1.006037906,118,2.706189344,-5.845900319,1,1,88,2022,3,2,1.04952,8,1.0424,16,1.137541438,1.062671407,5.75506036,0.6641696293,0.6880907372,0.01449097373
419,GBP_USD,2022-05-19 16:00:00,2022-05-19 20:00:00,1.2499,1.238208759,2022-06-10 16:00:00,1.238168759,stoploss,-1.003421365,96,1.433551823,-6.323537369,0.8,0.8,32,2022,2,3,1.25009,10,1.23298,5,3.491502711,2.98514073,1.296592603,1.188924245,0.7329949239,1.036673514
420,AUD_CAD,2022-05-20 08:00:00,2022-05-20 12:00:00,0.904035,0.8969183574,2022-06-13 12:00:00,0.8968233574,stoploss,-1.013348991,97,1.492979288,-4.297672614,1.9,1.9,57,2022,4,2,0.9053,4,0.89466,6,2.177993314,0.7868879071,1.410364647,1.006092395,0.8782816229,0.5508215349
421,AUD_JPY,2022-05-20 08:00:00,2022-05-20 12:00:00,90.545,89.09196809,2022-07-15 12:00:00,93.502,time_exit,2.035055095,240,4.360537396,-0.8994984812,0.8,0.8,79,2022,2,2,90.53,7,88.993,8,0.5602079294,0.7350148263,1.040422501,1.040582788,0.9257142857,0.4115532454
422,NZD_USD,2022-05-20 08:00:00,2022-05-20 12:00:00,0.640935,0.6344468494,2022-06-13 00:00:00,0.6343918494,stoploss,-1.008476992,94,2.571611103,-5.376724802,1.1,1.1,57,2022,2,2,0.6417,4,0.62902,8,1.285420234,2.019065355,0.9491944524,0.7089847811,0.847972973,0.5826005375
423,GBP_CAD,2022-05-20 16:00:00,2022-05-20 20:00:00,1.60187,1.591244575,2022-05-31 16:00:00,1.590984575,stoploss,-1.024469609,42,1.539703089,-6.182340826,5.2,5.2,22,2022,3,3,1.60402,6,1.58588,8,2.955175855,1.541585367,1.469060948,0.9505501955,0.6662763466,0.8319667057
424,EUR_CAD,2022-05-23 08:00:00,2022-05-23 12:00:00,1.36267,1.354324564,2022-05-31 12:00:00,1.354234564,stoploss,-1.010784337,37,2.173643089,-7.858187087,1.8,1.8,7,2022,3,3,1.35893,9,1.35064,4,2.096954468,2.791945092,0.7977812202,1.624840148,0.984496124,1.366016054
425,NZD_CAD,2022-05-25 04:00:00,2022-05-25 08:00:00,0.834335,0.8280928661,2022-05-25 16:00:00,0.8279778661,stoploss,-1.018423187,3,0.148186503,-7.00802008,2.3,2.3,0,2022,3,3,0.82923,10,0.82268,5,4.017856752,4.165242246,1.149918309,2.52798164,0.9605866178,1.858338848
426,EUR_JPY,2022-05-25 16:00:00,2022-05-25 20:00:00,135.812,134.5200277,2022-07-20 20:00:00,140.88,time_exit,3.922684688,240,6.550449983,-0.451248061,1,1,142,2022,2,3,136.797,11,135.546,6,1.551116834,2.509341705,2.314239758,0.7476940428,0.6580645161,0.08823718517
427,EUR_NZD,2022-05-27 00:00:00,2022-05-27 04:00:00,1.65814,1.644794574,2022-05-27 08:00:00,1.644604574,stoploss,-1.014237087,2,2.886382134,-2.119078057,3.8,3.8,0,2022,2,3,1.66939,14,1.64641,6,1.450684271,1.482155727,2.069892854,0.3626710677,0.9372056515,0.07493203879
428,EUR_USD,2022-05-27 00:00:00,2022-05-27 04:00:00,1.074045,1.067190066,2022-06-01 16:00:00,1.067155066,stoploss,-1.005105811,22,0.6776141128,-11.49901667,0.7,0.7,10,2022,2,2,1.07485,14,1.06422,9,4.364739345,3.194779133,0.5589297397,0.4697346487,0.9923954373,0.2479965537
429,USD_CAD,2022-05-31 00:00:00,2022-05-31 04:00:00,1.267715,1.261948513,2022-06-01 12:00:00,1.261883513,stoploss,-1.011272028,9,9.476307321,-2.770317677,1.3,1.3,2,2022,2,2,1.28851,21,1.28014,18,0.4370078589,1.38385822,7.979665748,0.7491563295,0.8621908127,0.4751593386
430,GBP_CHF,2022-06-01 00:00:00,2022-06-01 04:00:00,1.210405,1.20186175,2022-06-01 16:00:00,1.20176675,stoploss,-1.01111989,4,2.233927344,-6.775524459,1.9,1.9,2,2022,3,3,1.21593,6,1.20526,14,0.8685219226,1.001960601,1.743463601,0.6367600079,0.9655797101,0.1638720609
431,NZD_CHF,2022-06-01 12:00:00,2022-06-01 16:00:00,0.627335,0.6218053913,2022-06-02 08:00:00,0.6217203913,stoploss,-1.015371793,5,0.8960851034,-6.717473495,1.7,1.7,0,2022,2,2,0.62924,9,0.62245,15,1.645686063,0.9837947452,1.453749842,0.7450798438,0.8333333333,0.6799757798
432,USD_CHF,2022-06-03 08:00:00,2022-06-03 12:00:00,0.958295,0.9526380987,2022-06-24 16:00:00,0.9525930987,stoploss,-1.007954885,92,8.256286898,-1.551202602,0.9,0.9,50,2022,2,3,0.96588,10,0.95661,14,1.361169235,0.7601334689,2.798935275,0.1131361442,0.9595588235,0.1131361442
433,EUR_NZD,2022-06-08 08:00:00,2022-06-08 12:00:00,1.65834,1.647674246,2022-06-10 12:00:00,1.647484246,stoploss,-1.017814023,13,3.592807258,-4.228486622,3.8,3.8,6,2022,3,2,1.65861,4,1.64004,10,1.809529752,0.6769328916,0.8753980994,0.7744412305,0.7887096774,0.7313125421
434,NZD_CHF,2022-06-09 08:00:00,2022-06-09 12:00:00,0.631685,0.6272469019,2022-06-09 16:00:00,0.6271619019,stoploss,-1.019152348,2,0.02591200035,-9.349725691,1.7,1.7,0,2022,3,4,0.63229,8,0.62851,6,1.387981932,3.46094196,0.6812025309,0.3875533965,0.8088888889,0.315450439
435,CAD_CHF,2022-06-10 12:00:00,2022-06-10 16:00:00,0.772085,0.767276224,2022-06-14 08:00:00,0.767201224,stoploss,-1.015596484,11,0.8494885154,-7.555976795,1.5,1.5,6,2022,2,2,0.77991,12,0.77616,11,5.623052499,2.266689062,4.412514349,0.9482662498,0.6840659341,0.1122946875
436,EUR_AUD,2022-06-13 08:00:00,2022-06-13 12:00:00,1.49948,1.487511198,2022-06-16 04:00:00,1.487391198,stoploss,-1.010026066,17,3.366251655,-4.043846614,2.4,2.4,11,2022,2,3,1.50418,11,1.48347,5,2.280930012,1.224851061,1.735150432,0.8588996528,0.9600443951,0.4210947714
437,GBP_AUD,2022-06-13 16:00:00,2022-06-13 20:00:00,1.75479,1.741176731,2022-06-15 00:00:00,1.740976731,stoploss,-1.014691548,8,1.990704767,-2.493890289,4,4,4,2022,3,2,1.76311,12,1.7368,18,2.319795444,1.360437354,2.627076959,1.245843279,0.9566395664,0.2791394138
438,GBP_NZD,2022-06-13 16:00:00,2022-06-13 20:00:00,1.94184,1.928182239,2022-06-14 16:00:00,1.927942239,stoploss,-1.017572426,6,1.591036716,-2.572896006,4.8,4.8,3,2022,3,2,1.9602,12,1.939,14,1.954932366,0.1186138739,3.630544051,0.8507982808,0.9356321839,0.2943381316
439,EUR_USD,2022-06-14 04:00:00,2022-06-14 08:00:00,1.042485,1.034835631,2022-07-05 08:00:00,1.034800631,stoploss,-1.004575541,91,2.483211388,-6.178941102,0.7,0.7,56,2022,3,2,1.0774,16,1.06713,22,1.563527675,0.5046167916,9.206423507,0.04706270595,0.7030456853,0.002614594775
440,EUR_NZD,2022-06-14 08:00:00,2022-06-14 12:00:00,1.67156,1.658619096,2022-06-15 20:00:00,1.658429096,stoploss,-1.014682128,9,1.939586342,-4.589324017,3.8,3.8,5,2022,3,3,1.67349,17,1.65149,6,2.299684842,0.7402883328,2.237374928,1.672217069,0.8298701299,1.14520596
441,USD_JPY,2022-06-17 00:00:00,2022-06-17 04:00:00,133.222,131.6287437,2022-08-01 16:00:00,131.6257437,stoploss,-1.001882936,190,3.871944618,-1.775608903,0.6,0.6,115,2022,3,2,135.593,12,133.593,20,1.398394004,0.2887168949,4.518830832,1.281651955,0.9386189258,1.173696942
442,EUR_CAD,2022-06-17 12:00:00,2022-06-17 16:00:00,1.36522,1.354805257,2022-06-28 12:00:00,1.354715257,stoploss,-1.008641596,42,0.603951555,-6.577214867,1.8,1.8,18,2022,4,2,1.36763,4,1.34203,7,4.032744882,0.3533452659,0.6097956877,0.1344248294,0.7162426614,0.1133009276
443,CAD_CHF,2022-06-23 08:00:00,2022-06-23 12:00:00,0.745745,0.7398255705,2022-06-23 16:00:00,0.7397505705,stoploss,-1.01267014,2,2.139564285,-2.822062485,1.5,1.5,0,2022,2,2,0.74874,9,0.74039,17,0.8379185829,0.3074620607,2.419530979,1.25349917,1,1.118351012
444,EUR_AUD,2022-06-27 00:00:00,2022-06-27 04:00:00,1.52716,1.514462658,2022-06-30 04:00:00,1.514342658,stoploss,-1.009450797,19,0.993121248,-6.906169884,2.4,2.4,14,2022,2,3,1.5345,11,1.51998,8,2.120128786,2.397352164,2.396476452,1.414469279,0.8829891839,0.9687066892
445,GBP_AUD,2022-06-27 00:00:00,2022-06-27 04:00:00,1.77531,1.761320104,2022-06-28 12:00:00,1.761120104,stoploss,-1.014296031,9,0.4703394358,-5.200896253,4,4,1,2022,3,2,1.77912,11,1.75562,20,1.609733145,0.8520434764,1.841605744,1.678354096,0.8927756654,0.8949315708
446,USD_CAD,2022-06-27 12:00:00,2022-06-27 16:00:00,1.290245,1.282650491,2022-06-28 08:00:00,1.282585491,stoploss,-1.008558815,5,4.228713218,-2.303638105,1.3,1.3,0,2022,2,2,1.30174,10,1.2912,16,0.5477641908,0.1632758646,3.904675848,0.8137458412,0.7149321267,0.2791490588
447,CAD_JPY,2022-07-01 00:00:00,2022-07-01 04:00:00,105.573,104.7374034,2022-07-01 04:00:00,104.7314034,stoploss,-1.007180498,1,2.479665467,-4.985659428,1.2,1.2,0,2022,2,2,106.422,8,105.438,10,0.4451909043,4.645782501,2.394659236,0.3662054213,0.7759036145,0.2010539568
448,AUD_NZD,2022-07-04 08:00:00,2022-07-04 12:00:00,1.100105,1.094934299,2022-08-29 12:00:00,1.121795,time_exit,4.194788912,240,4.907458213,-0.5057341173,2.1,2.1,235,2022,2,3,1.10901,12,1.10429,14,0.4216062623,3.163980941,4.395937452,0.8200048404,0.8912386707,0.8006651036
449,AUD_CHF,2022-07-07 04:00:00,2022-07-07 08:00:00,0.66059,0.6540367561,2022-09-01 08:00:00,0.66719,time_exit,1.007134796,240,2.203488857,-0.4211654603,1.4,1.4,229,2022,3,3,0.66291,4,0.65356,11,0.5310347108,0.7965520662,1.473814268,0.7233058992,0.8760107817,0.5676577943
450,NZD_CHF,2022-07-07 04:00:00,2022-07-07 08:00:00,0.599055,0.5933582461,2022-08-19 12:00:00,0.5932732461,stoploss,-1.014920778,188,1.703601751,-1.536840116,1.7,1.7,156,2022,3,2,0.60109,4,0.59198,10,1.23228071,0.6284280543,1.496739678,0.7477942769,0.8924731183,0.5862987992
451,AUD_CAD,2022-07-12 12:00:00,2022-07-12 16:00:00,0.879395,0.8737879549,2022-07-13 16:00:00,0.8736929549,stoploss,-1.016942971,7,5.574237298,-1.06027326,1.9,1.9,5,2022,3,2,0.89019,11,0.88493,12,0.5814114091,0.7918609376,5.271668755,1.216326936,0.9625935162,0.756191526
452,GBP_AUD,2022-07-13 00:00:00,2022-07-13 04:00:00,1.76061,1.748739311,2022-07-14 08:00:00,1.748539311,stoploss,-1.016848222,8,0.3917211565,-6.185824628,4,4,1,2022,3,3,1.76941,8,1.7494,14,1.45400154,0.9367611312,1.703210167,0.141525063,0.6568914956,0.06570806496
453,CAD_JPY,2022-07-13 04:00:00,2022-07-13 08:00:00,105.316,104.4430455,2022-07-29 04:00:00,104.4370455,stoploss,-1.00687321,72,4.660036436,-4.477896369,1.2,1.2,36,2022,2,2,105.842,9,104.103,18,1.878677422,1.69997396,1.735846659,0.5338193164,0.6310160428,0.3253319439
454,USD_CHF,2022-07-14 00:00:00,2022-07-14 04:00:00,0.981395,0.9745984412,2022-07-18 04:00:00,0.9745534412,stoploss,-1.006620998,13,1.058623956,-6.523154008,0.9,0.9,3,2022,2,2,0.98587,9,0.98035,8,1.800911358,3.584166722,2.10278882,0.800405048,0.9033149171,0.5443931393
455,NZD_CAD,2022-07-20 00:00:00,2022-07-20 04:00:00,0.803145,0.7969000103,2022-09-02 04:00:00,0.7967850103,stoploss,-1.018414762,193,3.54284011,-2.490796742,2.3,2.3,106,2022,3,2,0.80609,11,0.7967,8,2.049643092,1.956768639,1.566495646,0.6180954949,0.951417004,0.02241797132
456,AUD_CAD,2022-07-20 04:00:00,2022-07-20 08:00:00,0.890465,0.8843402517,2022-09-07 00:00:00,0.8842452517,stoploss,-1.015510842,209,3.295645644,-1.437610102,1.9,1.9,105,2022,4,3,0.89335,4,0.88256,9,3.14461903,2.974816133,1.603147769,0.6236991014,0.9316770186,0.4506307644
457,AUD_JPY,2022-07-21 04:00:00,2022-07-21 08:00:00,95.537,94.71110074,2022-07-22 16:00:00,94.70710074,stoploss,-1.004843206,9,3.510113336,-6.072169155,0.8,0.8,1,2022,3,2,95.757,4,93.937,17,3.617874663,1.896115034,0.9168021011,0.3705052366,0.9643765903,0.04116724851
458,AUD_USD,2022-07-21 04:00:00,2022-07-21 08:00:00,0.69148,0.6853671842,2022-08-29 04:00:00,0.6853171842,stoploss,-1.008179537,162,3.63171422,-3.528652059,1,1,92,2022,2,2,0.69303,4,0.68024,12,2.486579105,3.958895681,1.379548094,0.8408563553,0.9764705882,0.641275664
459,EUR_USD,2022-07-21 04:00:00,2022-07-21 08:00:00,1.022335,1.013582489,2022-07-22 08:00:00,1.013547489,stoploss,-1.003998853,7,1.660666379,-4.105679141,0.7,0.7,1,2022,3,2,1.02731,5,1.01196,12,1.640672116,3.825188191,1.965970982,0.8180509991,0.9454545455,0.6718072451
460,GBP_USD,2022-07-21 04:00:00,2022-07-21 08:00:00,1.19991,1.191344926,2022-07-21 12:00:00,1.191304926,stoploss,-1.004670129,2,3.437214981,-6.932806576,0.8,0.8,0,2022,2,2,1.20455,9,1.1925,12,0.2848778721,3.85986166,1.812377766,0.73788039,0.9596774194,0.3736103241
461,NZD_USD,2022-07-21 04:00:00,2022-07-21 08:00:00,0.624105,0.6184120137,2022-08-19 16:00:00,0.6183570137,stoploss,-1.00966101,129,3.991753874,-4.646946039,1.1,1.1,96,2022,2,2,0.6272,6,0.6141,12,2.511862724,2.828041248,1.711863818,0.6077653863,0.9810606061,0.2599690092
462,CHF_JPY,2022-07-21 12:00:00,2022-07-21 16:00:00,143.094,142.194001,2022-07-21 16:00:00,142.183001,stoploss,-1.012222236,1,8.460009863,-6.595563245,2.2,2.2,0,2022,3,2,142.825,9,141.965,5,2.940003427,1.995557882,0.5497176287,1.117779081,0.9830246914,1.084445709
463,GBP_USD,2022-07-27 00:00:00,2022-07-27 04:00:00,1.204485,1.194937621,2022-08-18 16:00:00,1.194897621,stoploss,-1.004189632,100,2.60437982,-7.273724376,0.9,0.8,21,2022,3,2,1.20903,5,1.19164,16,1.78687793,0.5551262034,1.296907614,0.4566698579,0.7077922078,0.04818076482
464,GBP_AUD,2022-08-01 16:00:00,2022-08-01 20:00:00,1.74553,1.735298243,2022-08-04 12:00:00,1.735098243,stoploss,-1.019546986,17,1.928310141,-14.64948845,4,4,4,2022,3,3,1.74639,6,1.73721,8,0.9343459174,2.073935185,0.709278047,0.5101763273,0.59030837,0.4358977815
465,EUR_USD,2022-08-03 04:00:00,2022-08-03 08:00:00,1.018625,1.010239552,2022-08-18 16:00:00,1.010224552,stoploss,-1.001788813,69,2.175793132,-7.755697798,0.7,0.3,32,2022,3,3,1.02939,7,1.0146,15,1.419125145,1.178231633,3.210510749,0.663053429,0.7897574124,0.3196012931
466,EUR_AUD,2022-08-04 12:00:00,2022-08-04 16:00:00,1.46301,1.452614489,2022-08-10 20:00:00,1.452494489,stoploss,-1.011543444,26,4.539459506,-3.325473938,2.4,2.4,6,2022,2,2,1.48063,12,1.45291,18,2.291373711,0.3520750539,3.738371758,0.2250971656,0.9514978602,0.1750755732
467,EUR_CHF,2022-08-05 04:00:00,2022-08-05 08:00:00,0.97903,0.9746202796,2022-08-08 16:00:00,0.9745702796,stoploss,-1.011338587,9,1.723465291,-8.687625698,1,1,3,2022,4,4,0.97974,5,0.97603,7,2.00466226,2.762079901,0.8976788139,0.576000242,0.8979591837,0.0771023946
468,CHF_JPY,2022-08-05 12:00:00,2022-08-05 16:00:00,139.975,138.7740603,2022-09-30 16:00:00,147.527,time_exit,6.288408831,240,9.561678841,-0.0599530503,2.2,2.2,202,2022,2,2,139.995,6,138.837,5,0.5395774527,2.796143651,1.323711578,1.207387818,0.8044806517,0.812696904
469,EUR_JPY,2022-08-05 12:00:00,2022-08-05 16:00:00,136.81,135.378284,2022-08-15 12:00:00,135.373284,stoploss,-1.003492313,36,6.165328813,-1.301235706,1,1,17,2022,2,2,136.923,7,135.633,8,0.699859462,3.123524465,1.261410471,1.03512148,0.789893617,0.3394527929
470,CAD_JPY,2022-08-05 16:00:00,2022-08-05 20:00:00,104.545,103.3003306,2022-08-10 12:00:00,103.2943306,stoploss,-1.004820557,17,4.806095368,-1.569894742,1.2,1.2,10,2022,2,2,104.709,7,102.955,4,0.2104976574,2.487407432,1.339296145,1.005889569,0.7834051724,0.6314929721
471,NZD_JPY,2022-08-05 16:00:00,2022-08-05 20:00:00,84.445,83.50921619,2022-09-22 08:00:00,83.50421619,stoploss,-1.005343114,202,3.656827527,-4.134501958,1,1,153,2022,2,2,84.75,7,83.453,4,1.803835437,0.7309380562,2.085821513,1.297308187,0.7852834741,0.8655845403
472,GBP_JPY,2022-08-09 08:00:00,2022-08-09 12:00:00,163.493,161.9727251,2022-08-10 16:00:00,161.9627251,stoploss,-1.006577758,8,2.370623964,-9.489073612,2,2,0,2022,3,2,163.841,6,161.106,14,1.02613024,2.195655602,1.074738516,0.5906826635,0.95,0.435447576
473,AUD_JPY,2022-08-10 08:00:00,2022-08-10 12:00:00,94.152,93.3626563,2022-08-15 12:00:00,93.3586563,stoploss,-1.005067501,19,5.427293599,-2.56668927,0.8,0.8,14,2022,2,2,94.428,10,93.898,7,1.58106032,4.188289598,1.290109357,0.5852963685,0.9421965318,0.08868126795
474,GBP_NZD,2022-08-18 08:00:00,2022-08-18 12:00:00,1.9223,1.909557056,2022-08-18 16:00:00,1.909317056,stoploss,-1.018833952,2,8.027971948,-7.970685345,4.8,4.8,0,2022,2,2,1.92375,4,1.89766,7,3.4764336,2.944374462,0.9926387284,0.7094121839,0.6885676741,0.1522411103
475,USD_CHF,2022-08-18 08:00:00,2022-08-18 12:00:00,0.953575,0.9481039796,2022-09-13 12:00:00,0.9480589796,stoploss,-1.008225157,109,9.783366991,-1.022661155,0.9,0.9,82,2022,4,2,0.95436,4,0.94072,21,3.564234588,1.33795883,0.8767636945,0.5629662837,0.7902097902,0.4715756532
476,USD_JPY,2022-08-18 16:00:00,2022-08-18 20:00:00,135.644,134.5086373,2022-10-13 20:00:00,147.21,time_exit,10.18705312,240,10.5957331,-0.007046206553,0.6,0.6,239,2022,3,2,135.5,6,133.903,9,2.829051931,2.379856263,1.042045441,1.243655457,0.9352179034,0.5196577333
477,CAD_JPY,2022-08-18 20:00:00,2022-08-19 00:00:00,104.909,104.1128993,2022-10-14 00:00:00,107.014,time_exit,2.644137829,240,7.056896116,-0.4308500121,1.2,1.2,106,2022,2,3,104.95,6,104.298,5,0.5727918528,4.288402161,0.7868473546,0.7511612455,0.667405765,0.5451571581
478,EUR_AUD,2022-08-19 00:00:00,2022-08-19 04:00:00,1.46069,1.451013308,2022-08-22 08:00:00,1.450893308,stoploss,-1.012400932,8,10.68236948,-3.332750466,2.4,2.4,3,2022,4,2,1.4715,4,1.44339,16,3.623138956,0.8101942217,2.668645723,0.4381662628,0.8257575758,0.002066821994
479,EUR_JPY,2022-08-22 00:00:00,2022-08-22 04:00:00,137.625,136.705025,2022-08-22 08:00:00,136.700025,stoploss,-1.005434931,2,8.708932666,-2.292453693,1,1,0,2022,3,3,137.963,4,136.556,8,2.276148902,3.497921283,1.117002755,0.3717492476,0.88101983,0.2934862481
480,USD_CAD,2022-08-22 16:00:00,2022-08-22 20:00:00,1.304625,1.298120566,2022-08-23 16:00:00,1.298055566,stoploss,-1.009993183,6,14.32176898,-2.323799455,1.3,1.3,3,2022,3,2,1.30091,6,1.28807,13,2.469084965,1.635807225,0.5307978288,1.626582748,0.9429590018,1.316025361
481,EUR_NZD,2022-08-24 00:00:00,2022-08-24 04:00:00,1.60673,1.596222542,2022-10-19 04:00:00,1.73087,time_exit,11.81446529,240,14.09379866,-0.7271025844,3.8,3.8,227,2022,2,2,1.62746,13,1.60997,20,0.40923313,2.957898995,4.320720642,0.3997160805,0.8578431373,0.2417330582
482,CAD_CHF,2022-08-24 16:00:00,2022-08-24 20:00:00,0.744915,0.7405151162,2022-08-26 16:00:00,0.7404401162,stoploss,-1.017045905,12,1.321625805,-7.644520026,1.5,1.5,4,2022,4,3,0.74473,5,0.73589,12,2.218240388,0.2772800485,0.8858543098,0.900023764,0.6448598131,0.6545627374
483,EUR_USD,2022-08-26 08:00:00,2022-08-26 12:00:00,0.998915,0.9920281956,2022-08-29 04:00:00,0.9920131956,stoploss,-1.002178078,5,3.03115913,-6.581426949,0.3,0.3,1,2022,2,3,1.00333,6,0.99491,4,0.4327115788,1.425915337,2.102355468,0.7695877072,0.9487750557,0.4123828469
484,NZD_CHF,2022-08-26 12:00:00,2022-08-26 16:00:00,0.598475,0.5949164983,2022-08-26 16:00:00,0.5948314983,stoploss,-1.023886458,1,1.024307517,-13.15300777,1.7,1.7,0,2022,2,2,0.60143,6,0.59497,12,0.7868480238,2.197554124,1.926171677,0.2360544071,0.6040268456,0.03372205816
485,AUD_JPY,2022-08-29 12:00:00,2022-08-29 16:00:00,95.567,94.79922083,2022-09-01 04:00:00,94.79522083,stoploss,-1.005209831,16,3.73675153,-6.15541573,0.8,0.8,5,2022,4,3,95.766,5,94.622,4,2.461645309,1.354556149,2.103347785,1.458752776,0.9418777943,0.7476107976
486,EUR_CHF,2022-08-30 08:00:00,2022-08-30 12:00:00,0.97237,0.9666982171,2022-09-08 16:00:00,0.9666482171,stoploss,-1.00881557,44,3.171842157,-5.580255934,1,1,18,2022,5,4,0.96978,4,0.96128,7,1.988792636,2.136894216,0.9305572428,1.692589478,0.7023370234,1.44927974
487,EUR_JPY,2022-08-31 16:00:00,2022-08-31 20:00:00,139.455,138.3990585,2022-09-26 00:00:00,138.3940585,stoploss,-1.004735111,104,8.473954074,-1.979276264,1,1,45,2022,4,2,139.217,6,138.261,8,4.235082993,4.252129391,1.02825699,1.397804673,0.772591857,1.215976423
488,EUR_AUD,2022-09-02 04:00:00,2022-09-02 08:00:00,1.46864,1.457605913,2022-09-05 08:00:00,1.457485913,stoploss,-1.010875391,7,9.239550549,-1.087539054,2.4,2.4,0,2022,2,2,1.47409,6,1.45178,11,3.315181551,1.803502265,1.460802938,0.4676417934,0.8513800425,0.4585789679
489,EUR_CAD,2022-09-02 04:00:00,2022-09-02 08:00:00,1.3111,1.302545617,2022-09-05 00:00:00,1.302455617,stoploss,-1.010520922,5,6.84327546,-1.561772466,1.8,1.8,1,2022,4,3,1.32446,4,1.30742,11,4.720387139,4.495940796,3.48407611,0.4652585639,0.9162995595,0.455906633
490,EUR_GBP,2022-09-02 04:00:00,2022-09-02 08:00:00,0.86292,0.8587724544,2022-09-06 12:00:00,0.8587324544,stoploss,-1.009644258,14,15.24998303,-1.514148513,0.8,0.8,2,2022,2,2,0.867,4,0.85714,11,5.801021214,2.386953866,2.364246396,0.4484579991,0.8347107438,0.438813741
491,NZD_CAD,2022-09-02 08:00:00,2022-09-02 12:00:00,0.799855,0.7945990014,2022-09-06 16:00:00,0.7944840014,stoploss,-1.021879762,14,0.8323822618,-7.109020163,2.3,2.3,0,2022,4,3,0.80558,5,0.80169,11,0.3386606688,1.594368767,3.436090335,1.171994225,1,0.2207002111
492,USD_CAD,2022-09-05 00:00:00,2022-09-05 04:00:00,1.314925,1.307427025,2022-09-09 00:00:00,1.307362025,stoploss,-1.008669007,24,11.05031671,-2.60670376,1.3,1.3,15,2022,2,2,1.32079,8,1.30633,16,3.520950589,1.933855437,2.21496256,0.5708207773,0.8439716312,0.005334773619
493,AUD_JPY,2022-09-08 20:00:00,2022-09-09 00:00:00,97.281,96.47423129,2022-09-14 08:00:00,96.47023129,stoploss,-1.00495805,21,1.431637078,-7.982461282,0.8,0.8,12,2022,2,2,97.498,5,95.998,10,3.616897829,2.412091561,1.069544402,0.5528226291,0.8254545455,0.1983220194
494,GBP_JPY,2022-09-09 00:00:00,2022-09-09 04:00:00,165.991,164.7375416,2022-09-09 12:00:00,164.7275416,stoploss,-1.007977928,3,4.896851905,-13.50184452,2,2,0,2022,2,2,166.316,6,164.882,4,6.103114544,6.730179646,0.871757545,0.3637934944,0.8418803419,0.3254994424
495,EUR_AUD,2022-09-12 08:00:00,2022-09-12 12:00:00,1.48073,1.469022635,2022-09-12 20:00:00,1.468902635,stoploss,-1.010249958,3,7.675509976,-1.034391562,2.4,2.4,0,2022,2,3,1.48822,11,1.46658,4,2.654739039,1.698076322,2.222159536,0.830246572,0.8522222222,0.585955914
496,EUR_USD,2022-09-13 08:00:00,2022-09-13 12:00:00,1.015495,1.006910011,2022-09-13 12:00:00,1.006895011,stoploss,-1.001747236,1,0.3756556911,-7.210842034,0.3,0.3,0,2022,3,4,1.01979,6,1.00322,10,4.934193822,3.918467426,1.575690785,0.615026992,0.9520547945,0.3937104608
497,NZD_CAD,2022-09-14 00:00:00,2022-09-14 04:00:00,0.791125,0.7852188553,2022-09-20 12:00:00,0.7851038553,stoploss,-1.019471247,27,2.364486603,-4.848340414,2.3,2.3,16,2022,3,2,0.79975,9,0.79174,19,0.7754635619,0.1964056183,3.214877723,0.5688990323,0.9454545455,0.1422247581
498,GBP_USD,2022-09-14 04:00:00,2022-09-14 08:00:00,1.15214,1.141371957,2022-09-16 08:00:00,1.141326957,stoploss,-1.004179032,13,1.154341638,-10.74382817,0.8,0.9,2,2022,4,2,1.1738,4,1.14604,21,3.293077593,1.02339862,4.304327319,0.3473240327,0.7890995261,0.1597319081
499,AUD_CAD,2022-09-14 16:00:00,2022-09-14 20:00:00,0.887925,0.8818952337,2022-09-27 20:00:00,0.8818002337,stoploss,-1.015755171,55,1.465230916,-4.652750802,1.9,1.9,36,2022,3,3,0.89626,7,0.88916,15,2.610383091,2.4876586,3.21127584,0.4245604011,0.5965517241,0.1857451755
500,NZD_USD,2022-09-14 16:00:00,2022-09-14 20:00:00,0.601685,0.5948981669,2022-09-16 08:00:00,0.5948431669,stoploss,-1.008103927,10,0.134819876,-7.44014168,1.1,1.1,1,2022,4,2,0.61613,7,0.60823,16,2.434124974,1.502910093,4.921312544,0.6483141577,0.7485380117,0.2003880124
501,AUD_JPY,2022-09-14 20:00:00,2022-09-15 00:00:00,96.578,95.63331939,2022-09-16 08:00:00,95.62931939,stoploss,-1.004234235,9,0.583265917,-6.072952025,0.8,0.8,2,2022,3,2,98.436,11,97.028,17,1.985856371,0.8214416545,3.894443806,0.1545495896,0.8193832599,0.04234235332
502,AUD_NZD,2022-09-14 20:00:00,2022-09-15 00:00:00,1.123735,1.119385685,2022-10-12 08:00:00,1.119280685,stoploss,-1.024141731,117,5.813558863,-8.195543036,2.1,2.1,55,2022,2,2,1.12578,7,1.11824,14,1.802582617,3.122330605,1.518270196,0.6759684815,0.9874213836,0.3862677037
503,EUR_AUD,2022-09-15 16:00:00,2022-09-15 20:00:00,1.48951,1.47767414,2022-09-21 20:00:00,1.47755414,stoploss,-1.01013868,25,6.850368159,-1.469263718,2.4,2.4,5,2022,2,2,1.4898,7,1.46862,16,1.328167088,0.344715122,0.9319690918,0.8212330847,0.7997858672,0.5610069632
504,GBP_CAD,2022-09-16 00:00:00,2022-09-16 04:00:00,1.5189,1.510570899,2022-09-16 08:00:00,1.510430899,stoploss,-1.016808536,2,7.503810652,-13.01220797,2.8,2.8,0,2022,4,2,1.52516,8,1.50945,14,2.871858413,1.678452367,2.050646356,0.5354719281,0.8700361011,0.0840426793
505,USD_CAD,2022-09-20 04:00:00,2022-09-20 08:00:00,1.325505,1.317973219,2022-11-15 08:00:00,1.329385,time_exit,0.5151503969,240,9.596003849,-0.2529282232,1.3,1.3,103,2022,2,3,1.33078,9,1.32502,7,2.700556462,7.870648331,1.467053586,0.1088719911,0.5480225989,0.02389872975
506,USD_CHF,2022-09-20 04:00:00,2022-09-20 08:00:00,0.965595,0.959485063,2022-11-11 08:00:00,0.959440063,stoploss,-1.007365051,229,8.051637849,-4.514776503,0.9,0.9,139,2022,3,2,0.96955,5,0.95564,16,2.039300897,2.507390829,1.635674553,0.3829826724,0.91875,0.281508631
507,AUD_USD,2022-09-22 08:00:00,2022-09-22 12:00:00,0.6651,0.6577768737,2022-09-23 12:00:00,0.6577268737,stoploss,-1.006827685,7,2.001877271,-6.566867529,1,1,0,2022,2,2,0.67473,14,0.66722,16,0.3632328473,0.06008362887,4.519497508,1.310915539,0.7946058091,1.23717654
508,EUR_CHF,2022-09-22 08:00:00,2022-09-22 12:00:00,0.96243,0.9537918639,2022-09-23 16:00:00,0.9537418639,stoploss,-1.005788286,8,3.831845174,-2.513273677,1,1,0,2022,3,3,0.96821,12,0.96342,17,0.3982340603,2.373197162,6.42344267,3.088629282,0.7360406091,2.64640425
509,GBP_NZD,2022-09-23 04:00:00,2022-09-23 08:00:00,1.92835,1.916428026,2022-09-23 12:00:00,1.916188026,stoploss,-1.020130894,2,8.673898909,-9.027028339,4.8,4.8,1,2022,3,2,1.9386,4,1.91887,8,2.387188501,2.29324433,2.272294579,0.5586323057,0.9649122807,0.2466034503
510,AUD_CHF,2022-09-27 00:00:00,2022-09-27 04:00:00,0.64333,0.6367809283,2022-09-27 16:00:00,0.6367109283,stoploss,-1.010688538,4,0.7130781609,-3.385212597,1.4,1.4,1,2022,2,2,0.653,15,0.6387,5,1.013884152,1.416994718,3.590157539,0.665743208,0.892,0.01526933963
511,EUR_AUD,2022-10-04 00:00:00,2022-10-04 04:00:00,1.51203,1.498450372,2022-11-29 04:00:00,1.55385,time_exit,3.079612991,240,4.312341864,-0.3836629288,2.4,2.4,87,2022,2,3,1.53373,7,1.50354,8,4.919133137,3.151779914,3.788615348,0.664230253,0.8578595318,0.4624574267
512,EUR_CAD,2022-10-04 00:00:00,2022-10-04 04:00:00,1.33997,1.328271975,2022-11-04 12:00:00,1.328181975,stoploss,-1.007693607,141,5.871076638,-1.090782439,1.8,1.8,99,2022,2,2,1.35631,7,1.33694,8,5.821495618,4.197289792,2.940817213,0.2735504549,0.7435897436,0.04958101995
513,GBP_AUD,2022-10-04 00:00:00,2022-10-04 04:00:00,1.74336,1.717004247,2022-11-29 04:00:00,1.79823,time_exit,2.081898411,240,2.904489218,-0.3669028183,4,4,57,2022,3,2,1.74813,4,1.70514,9,5.884863197,4.400557277,0.771023157,0.398394994,0.8806161746,0.3612114612
514,GBP_CAD,2022-10-04 00:00:00,2022-10-04 04:00:00,1.545,1.520751993,2022-10-07 16:00:00,1.520611993,stoploss,-1.00577367,22,3.480286051,-1.432282671,2.8,2.8,3,2022,3,2,1.54983,4,1.51502,9,5.605409173,5.188055282,0.5819389416,0.1979544146,0.7612903226,0.005773670425
515,CHF_JPY,2022-10-04 04:00:00,2022-10-04 08:00:00,146.074,144.742337,2022-11-11 12:00:00,144.731337,stoploss,-1.008260348,170,3.368720243,-1.122656434,2.2,2.2,80,2022,3,2,148.56,13,146.79,17,2.981234811,2.243810986,4.156210136,0.4715907964,0.7189292543,0.438549403
516,GBP_NZD,2022-10-04 12:00:00,2022-10-04 16:00:00,1.99409,1.965256842,2022-10-06 00:00:00,1.965016842,stoploss,-1.00832375,9,1.306481917,-2.81967029,4.8,4.8,1,2022,2,2,1.99636,10,1.9697,5,4.970666003,6.346859325,0.8507518766,0.6749173905,0.7434456929,0.3163024975
517,EUR_JPY,2022-10-06 00:00:00,2022-10-06 04:00:00,143.395,142.1021401,2022-10-06 16:00:00,142.0971401,stoploss,-1.003867395,4,3.873582769,-1.929056595,1,1,0,2022,4,3,144.088,4,141.372,15,2.767507817,3.028943715,1.667017041,0.6017666523,0.9483648881,0.5491700811
518,EUR_USD,2022-10-06 00:00:00,2022-10-06 04:00:00,0.991705,0.9806599389,2022-10-06 16:00:00,0.9806449389,stoploss,-1.001358073,4,5.249857797,-2.585318434,0.3,0.3,0,2022,2,3,0.99995,7,0.97527,15,2.63647252,2.120404753,2.255727446,0.7641424473,0.8345070423,0.3621528186
519,GBP_USD,2022-10-06 00:00:00,2022-10-06 04:00:00,1.13641,1.117172905,2022-10-06 16:00:00,1.117132905,stoploss,-1.002079316,4,4.104050118,-2.291406323,0.8,0.8,0,2022,3,2,1.14958,4,1.10253,21,2.715586804,2.73845928,1.77786144,0.4272994549,0.7506297229,0.06965708876
520,USD_JPY,2022-10-14 08:00:00,2022-10-14 12:00:00,147.689,146.8601996,2022-10-21 16:00:00,146.8571996,stoploss,-1.003619689,32,5.132719673,-16.9739305,0.6,0.6,30,2022,3,3,147.674,4,146.451,4,4.838318263,4.174708526,0.5811287252,0.6105209578,0.8479381443,0.5333009157
521,NZD_JPY,2022-10-17 04:00:00,2022-10-17 08:00:00,83.029,81.89008148,2022-12-12 08:00:00,87.532,time_exit,3.953750783,240,4.139892281,-0.04214524486,1,1.4,240,2022,3,2,83.742,5,81.165,9,2.55505547,0.832368586,2.040903676,0.8025157042,0.9446721311,0.1826293944
522,NZD_CAD,2022-10-17 08:00:00,2022-10-17 12:00:00,0.773525,0.7670222112,2022-12-12 12:00:00,0.876725,time_exit,15.87011416,240,15.94931095,-0.306791451,2.3,2.3,240,2022,2,3,0.77924,7,0.77019,11,1.036478386,2.368214709,2.210623459,0.4705673383,0.820754717,0.1845362111
523,EUR_CHF,2022-10-18 08:00:00,2022-10-18 12:00:00,0.97967,0.9745691655,2022-11-11 12:00:00,0.9745191655,stoploss,-1.009802318,109,3.109295153,-1.55072665,1,1,42,2022,4,3,0.98089,4,0.97423,6,3.697434211,3.88563871,0.6289848443,0.1254696657,0.6790123457,0.08626039518
524,GBP_CHF,2022-10-19 00:00:00,2022-10-19 04:00:00,1.127645,1.116089968,2022-11-11 12:00:00,1.115994968,stoploss,-1.008221527,105,2.599300528,-1.975329933,1.9,1.9,49,2022,2,3,1.13959,8,1.12133,14,0.6732997538,5.495441436,2.349360717,0.3634780162,0.8646864686,0.07269560324
525,GBP_JPY,2022-10-19 00:00:00,2022-10-19 04:00:00,169.193,167.1836722,2022-10-21 16:00:00,167.1736722,stoploss,-1.004976789,16,1.461185162,-3.05624594,2,2,9,2022,3,2,170.097,8,165.027,15,6.740562614,2.692442686,1.100940827,0.2239554915,0.6090534979,0.06071682213
526,GBP_USD,2022-10-19 00:00:00,2022-10-19 04:00:00,1.13415,1.11885347,2022-10-19 20:00:00,1.11881347,stoploss,-1.002614972,5,7.206209566,-1.838325438,0.8,0.8,0,2022,3,3,1.14398,8,1.11518,14,3.998292453,2.987605708,1.500499741,0.2536523008,0.5927710843,0.08629408171
527,NZD_CHF,2022-10-19 08:00:00,2022-10-19 12:00:00,0.568345,0.5623796756,2022-12-14 12:00:00,0.597895,time_exit,4.953628307,240,5.829523667,-0.4417194784,1.7,1.7,234,2022,2,2,0.5684,5,0.55713,14,0.489495589,0.7644177691,0.6260683528,0.5900768744,0.8970588235,0.3687980465
528,CAD_JPY,2022-10-19 12:00:00,2022-10-19 16:00:00,108.797,107.9079644,2022-10-21 16:00:00,107.9019644,stoploss,-1.006748886,13,1.750211122,-10.68123703,1.2,1.2,12,2022,3,3,108.933,8,107.794,6,5.066163813,6.150484842,0.9070421324,0.5894027171,0.7782909931,0.2474591561
529,EUR_USD,2022-10-20 04:00:00,2022-10-20 08:00:00,0.977845,0.9701005628,2022-12-15 08:00:00,1.065815,time_exit,11.35912106,240,11.84011146,-0.9510051902,0.3,0.7,237,2022,2,3,0.98757,9,0.98126,10,1.72769171,4.676905362,2.813640232,0.3460548418,0.768488746,0.0671449693
530,NZD_USD,2022-10-20 08:00:00,2022-10-20 12:00:00,0.566115,0.5587323366,2022-12-15 12:00:00,0.637925,time_exit,9.726841901,240,11.55070942,-0.8323554308,1.1,1.1,229,2022,2,2,0.57196,11,0.55503,21,1.024020676,1.040274973,1.938580416,0.3901031148,0.7907949791,0.005418098817
531,EUR_JPY,2022-10-21 08:00:00,2022-10-21 12:00:00,147.255,146.2551078,2022-10-21 16:00:00,146.2501078,stoploss,-1.005000539,2,1.148123813,-6.492700171,1,1,1,2022,2,3,147.299,4,146.076,11,0.08600927521,5.196560395,0.727301858,0.6140662207,0.6588050314,0.5100550042
532,AUD_CHF,2022-10-21 16:00:00,2022-10-21 20:00:00,0.63586,0.6300827872,2022-10-24 08:00:00,0.6300127872,stoploss,-1.012116569,4,1.656508127,-2.771232509,1.4,1.4,1,2022,4,3,0.63598,6,0.62669,9,2.682954647,1.273970722,2.079819434,1.838256667,0.8916666667,0.9900968115
533,USD_JPY,2022-10-24 08:00:00,2022-10-24 12:00:00,149.329,147.3069778,2022-10-26 08:00:00,147.3039778,stoploss,-1.001483663,12,0.06478662637,-7.768460511,0.6,0.6,0,2022,2,2,151.943,5,149.552,10,2.526183874,1.401567169,2.921843675,0.4174039134,0.8685897436,0.2809068991
534,AUD_CAD,2022-10-25 00:00:00,2022-10-25 04:00:00,0.867255,0.8601685196,2022-12-20 04:00:00,0.912435,time_exit,6.37552037,240,9.277525159,-0.5228265376,1.9,1.9,213,2022,4,2,0.87269,6,0.85994,9,1.174066611,0.01975592855,2.147260837,0.629367438,0.9009287926,0.3894740199
535,GBP_NZD,2022-10-28 00:00:00,2022-10-28 04:00:00,1.98567,1.967225972,2022-11-01 00:00:00,1.966985972,stoploss,-1.013012342,12,0.8268259043,-4.451847541,4.8,4.8,3,2022,3,3,1.99845,9,1.98574,10,1.84883694,3.22055467,1.482341484,0.04662755919,0.5613496933,0.03036213157
536,AUD_USD,2022-10-28 04:00:00,2022-10-28 08:00:00,0.647,0.6386364206,2022-10-31 12:00:00,0.6385864206,stoploss,-1.005978302,8,5.060034453,-2.363820443,1,1,0,2022,3,4,0.65221,5,0.64258,4,2.649583258,5.158078599,1.832649341,0.5954388368,0.7142857143,0.2486973455
537,GBP_USD,2022-10-28 16:00:00,2022-10-28 20:00:00,1.15889,1.146585525,2022-10-31 16:00:00,1.146545525,stoploss,-1.00325085,6,6.970634841,-3.602754372,0.8,0.8,0,2022,3,2,1.16457,10,1.1271,20,3.8457554,0.2145560916,1.743554272,0.8045853436,0.8240601504,0.2226832163
538,AUD_CHF,2022-11-01 00:00:00,2022-11-01 04:00:00,0.64233,0.6376605011,2022-11-02 20:00:00,0.6375905011,stoploss,-1.014990902,11,0.6638828051,-5.634437614,1.4,1.4,0,2022,2,2,0.64277,16,0.63732,6,2.201521044,0.01713245949,1.048645201,0.8437736297,0.904109589,0.5139737846
539,CAD_CHF,2022-11-02 04:00:00,2022-11-02 08:00:00,0.734435,0.7305105353,2022-11-03 00:00:00,0.7304355353,stoploss,-1.019110887,5,2.019383701,-14.51790364,1.5,1.5,0,2022,3,2,0.7369,6,0.73156,10,2.461482215,3.822177353,1.596071045,0.3669290258,0.88,0.04586612823
540,EUR_GBP,2022-11-04 12:00:00,2022-11-04 16:00:00,0.87549,0.869558381,2022-11-07 20:00:00,0.869518381,stoploss,-1.006743522,8,2.06014582,-3.511688824,0.8,0.8,4,2022,2,2,0.87432,4,0.85849,14,3.951703602,0.4383288978,1.090235359,1.395908951,0.7939609236,1.011528226
541,EUR_CAD,2022-11-09 20:00:00,2022-11-10 00:00:00,1.3542,1.34687147,2022-11-10 12:00:00,1.34678147,stoploss,-1.012280771,4,14.33166022,-1.124372848,1.8,1.8,3,2022,3,2,1.35489,6,1.3479,9,0.897860842,5.646425781,1.075194689,0.8378215152,0.7347368421,0.2647188501
542,GBP_NZD,2022-11-10 00:00:00,2022-11-10 04:00:00,1.93714,1.921095434,2022-11-14 16:00:00,1.920855434,stoploss,-1.014958335,16,0.9043560015,-2.709951685,4.8,4.8,3,2022,2,2,1.94503,4,1.92799,9,0.09598264937,1.894722429,1.930718293,0.7927917532,0.9675141243,0.6768646572
543,GBP_USD,2022-11-10 00:00:00,2022-11-10 04:00:00,1.13875,1.125256575,2023-01-05 04:00:00,1.206295,time_exit,5.005771454,240,7.849008138,-0.1808288156,0.8,0.9,148,2022,2,3,1.15992,8,1.14301,9,0.853749162,4.216868691,3.488912522,0.4772694968,0.8670076726,0.02519745791
544,AUD_USD,2022-11-10 12:00:00,2022-11-10 16:00:00,0.65299,0.6431546629,2023-01-05 16:00:00,0.67767,time_exit,2.509319189,240,3.693823587,-0.1657289416,1,1,138,2022,3,3,0.65514,11,0.64443,13,1.388869535,3.497592387,3.758186389,2.554055836,0.8006718925,2.104655884
545,EUR_JPY,2022-11-11 00:00:00,2022-11-11 04:00:00,144.727,143.3682079,2022-11-11 12:00:00,143.3632079,stoploss,-1.003679739,3,1.474839312,-5.40259251,1,1,0,2022,2,3,147.113,8,146.316,9,0.1663241939,3.061542684,5.022577162,1.270245835,0.835106383,0.3782771489
546,AUD_NZD,2022-11-14 12:00:00,2022-11-14 16:00:00,1.099185,1.093350439,2022-11-17 08:00:00,1.093245439,stoploss,-1.017996213,17,0.2270950631,-8.950973335,2.1,2.1,0,2022,3,4,1.10448,6,1.09495,4,4.03115161,2.351505106,2.165424349,0.3359293009,0.5076923077,0.06512915017
547,EUR_CAD,2022-11-18 08:00:00,2022-11-18 12:00:00,1.38489,1.376407498,2022-11-21 08:00:00,1.376317498,stoploss,-1.010610077,6,8.76392329,-1.345121936,1.8,1.8,1,2022,3,3,1.38726,10,1.37821,4,3.218389909,2.893014226,1.47208406,0.8605951038,0.9926199262,0.6460357765
548,EUR_JPY,2022-11-18 08:00:00,2022-11-18 12:00:00,145.296,144.1518748,2022-11-24 12:00:00,144.1468748,stoploss,-1.004370151,25,1.254233382,-6.913579129,1,1,17,2022,3,3,145.498,11,144.446,6,0.4387631761,3.295093972,0.8964463234,0.5366545619,0.6684684685,0.05768599526
549,GBP_CHF,2022-11-21 08:00:00,2022-11-21 12:00:00,1.132475,1.123901747,2022-12-20 04:00:00,1.123806747,stoploss,-1.011080975,125,2.560871649,-2.660017214,1.9,1.9,96,2022,3,3,1.13658,5,1.11998,11,4.737991636,3.53658066,1.340855175,0.3732538955,0.9497354497,0.1889597846
550,GBP_JPY,2022-11-21 08:00:00,2022-11-21 12:00:00,167.469,166.0008025,2022-11-28 20:00:00,165.9888025,stoploss,-1.008173287,33,1.232123065,-8.251614665,2,2.4,12,2022,3,3,167.318,6,165.187,11,2.180905502,1.039369705,1.454302587,1.571995596,0.9807846277,1.418065351
551,GBP_CAD,2022-11-22 12:00:00,2022-11-22 16:00:00,1.5923,1.581315103,2023-01-17 16:00:00,1.64258,time_exit,4.577193676,240,8.393342421,-0.3614053081,2.8,5.2,96,2022,3,2,1.59758,11,1.5834,6,1.225318753,2.117452763,1.478996057,0.4624531399,0.5906432749,0.05279976794
552,CHF_JPY,2022-11-24 20:00:00,2022-11-25 00:00:00,146.886,145.9009679,2022-11-28 08:00:00,145.8899679,stoploss,-1.011167149,9,1.665935551,-9.611869471,2.2,2.2,3,2022,2,2,148.865,8,147.66,15,2.877063591,2.286219904,4.203885988,0.3735918848,0.7815699659,0.09948914323
553,EUR_JPY,2022-11-24 20:00:00,2022-11-25 00:00:00,144.287,143.3039091,2022-11-28 04:00:00,143.2969091,stoploss,-1.007120399,8,2.486036601,-7.019696638,1,1.4,3,2022,3,2,146.134,9,144.893,14,1.196227104,1.139263909,4.115136541,0.5065655595,0.9154929577,0.2929535766
554,AUD_CHF,2022-11-29 04:00:00,2022-11-29 08:00:00,0.6346,0.629466269,2022-12-06 16:00:00,0.629396269,stoploss,-1.013635307,33,2.949122161,-3.619200115,1.4,1.4,12,2022,3,2,0.63976,11,0.6306,22,1.729736115,0.1597278845,3.06082089,0.9661589113,0.8401253918,0.9388882969
555,EUR_CHF,2022-11-29 04:00:00,2022-11-29 08:00:00,0.98295,0.9775427507,2023-01-24 08:00:00,1.00246,time_exit,3.608119194,240,4.948911821,-0.7545426094,1,1,198,2022,5,3,0.98902,4,0.97906,7,2.137870727,0.998659336,2.386321019,0.210828082,0.6438356164,0.1553470078
556,EUR_AUD,2022-12-06 16:00:00,2022-12-06 20:00:00,1.56675,1.554625508,2022-12-09 12:00:00,1.554505508,stoploss,-1.009897322,17,2.558457768,-3.392307156,2.4,2.4,4,2022,2,3,1.5677,5,1.54362,9,3.094562716,2.688772509,0.6474253144,0.4486786027,0.7377423033,0.3843460089
557,GBP_AUD,2022-12-06 16:00:00,2022-12-06 20:00:00,1.81992,1.80433239,2022-12-08 16:00:00,1.80413239,stoploss,-1.012830703,12,0.483075968,-5.666038445,4,4,4,2022,3,3,1.821,5,1.79878,7,2.078573886,3.636221231,0.8201781468,0.5953446193,0.5883507853,0.3759395979
558,EUR_CAD,2022-12-07 08:00:00,2022-12-07 12:00:00,1.434205,1.424799552,2023-01-06 16:00:00,1.424614552,stoploss,-1.019669452,134,3.197614998,-1.144549475,3.7,3.7,37,2022,2,4,1.43504,4,1.42459,6,3.210905168,6.39629321,1.467387917,1.161029286,0.8790035587,1.099362895
559,USD_JPY,2022-12-08 00:00:00,2022-12-08 04:00:00,136.875,135.4325276,2022-12-13 12:00:00,135.4295276,stoploss,-1.002079762,21,0.9005371313,-6.69544851,0.6,0.6,18,2022,3,2,137.858,4,135.962,9,2.601089543,3.245815896,1.785816566,0.3715842205,0.7921914358,0.3521731045
560,EUR_JPY,2022-12-08 16:00:00,2022-12-08 20:00:00,144.002,142.9412724,2022-12-20 04:00:00,142.9342724,stoploss,-1.006599244,45,2.572762358,-6.2372282,1.4,1.4,29,2022,3,3,144.58,7,143.25,4,2.726430465,4.68923414,1.584348123,0.5015425336,0.6478873239,0.04713745617
561,AUD_JPY,2022-12-14 08:00:00,2022-12-14 12:00:00,92.8765,92.12404702,2022-12-16 00:00:00,92.11954702,stoploss,-1.00598044,10,0.2438690583,-7.781881586,0.9,0.9,3,2022,4,2,93.355,6,91.988,17,3.253359426,0.9754762333,1.82189625,0.5422265711,0.6424581006,0.4119858751
562,NZD_CAD,2022-12-14 12:00:00,2022-12-14 16:00:00,0.874655,0.8680209665,2022-12-15 08:00:00,0.8679059665,stoploss,-1.017334854,5,0.1424472759,-4.788188063,2.3,2.3,0,2022,3,2,0.88174,5,0.86893,8,3.274026278,1.667160711,2.517877317,0.3587561023,0.7371794872,0.03316232878
563,CHF_JPY,2022-12-14 16:00:00,2022-12-14 20:00:00,146.05,144.9687675,2022-12-20 04:00:00,144.9577675,stoploss,-1.010173575,21,2.290904074,-7.983481616,2.2,2.2,7,2022,2,3,147.296,10,145.421,7,1.381756434,1.046953335,3.10837291,0.7343471273,0.8160741886,0.2922590582
564,GBP_JPY,2022-12-14 16:00:00,2022-12-14 20:00:00,167.778,166.4470022,2022-12-16 08:00:00,166.4350022,stoploss,-1.009015792,10,0.7994002504,-9.334350292,2.4,2.4,4,2022,4,4,169.278,8,167.098,6,3.161537832,1.215629328,3.590349208,1.197597744,0.9742533471,0.2809921933
565,EUR_GBP,2022-12-19 20:00:00,2022-12-20 00:00:00,0.87322,0.8678171257,2023-02-14 00:00:00,0.88233,time_exit,1.686139534,240,4.566088068,-0.4312519335,0.8,0.8,202,2022,2,2,0.87716,9,0.85755,18,5.719178002,0.4997340002,1.76130762,0.2813317334,0.5696202532,0.0962450667
566,AUD_NZD,2022-12-23 16:00:00,2022-12-23 20:00:00,1.067405,1.061305383,2023-02-17 20:00:00,1.100655,time_exit,5.451162124,240,5.871680345,-0.8402167184,2.1,2.1,223,2022,2,2,1.07177,7,1.05042,20,4.983919656,1.134497501,1.903524684,0.442650759,0.9627118644,0.3967462358
567,EUR_NZD,2022-12-26 00:00:00,2022-12-26 04:00:00,1.69253,1.680064349,2022-12-28 12:00:00,1.679874349,stoploss,-1.015241884,15,1.94133466,-2.17638055,3.8,3.8,12,2022,2,2,1.69908,6,1.68028,10,1.366956306,3.685327036,1.668467148,0.2262216422,0.6698895028,0.2791671329
568,AUD_CAD,2022-12-26 04:00:00,2022-12-26 08:00:00,0.913125,0.9061214728,2023-02-20 08:00:00,0.929895,time_exit,2.394507725,240,5.95485657,-0.7103563467,1.9,1.9,137,2022,2,2,0.91866,12,0.90865,8,0.008567111718,1.26507683,2.773666145,1.088023188,0.9330543933,0.06568118984
569,AUD_CHF,2022-12-27 00:00:00,2022-12-27 04:00:00,0.62833,0.622736488,2022-12-28 00:00:00,0.622666488,stoploss,-1.012514499,6,5.118430034,-1.464196367,1.4,1.4,1,2022,2,2,0.6277,7,0.61976,13,0.8223813537,1.337263593,0.842310552,1.011886622,0.713592233,0.2824701172
570,USD_JPY,2022-12-27 08:00:00,2022-12-27 12:00:00,133.179,132.2178148,2022-12-30 08:00:00,132.2148148,stoploss,-1.003121147,18,2.005857001,-6.202759046,0.6,0.6,8,2022,3,3,133.183,5,132.305,8,1.358739234,3.622611036,0.7841228412,0.7719636383,0.9121338912,0.389102966
571,AUD_JPY,2022-12-28 00:00:00,2022-12-28 04:00:00,90.0255,89.15976085,2022-12-30 20:00:00,89.15526085,stoploss,-1.005197871,17,3.478530471,-3.022272946,0.9,0.9,3,2022,2,2,90.132,4,88.355,12,1.995982286,0.6630172639,0.8301624695,0.9771996607,0.8047445255,0.2009843274
572,CAD_CHF,2022-12-30 04:00:00,2022-12-30 08:00:00,0.681905,0.6775162885,2023-01-19 08:00:00,0.6774412885,stoploss,-1.017089298,85,3.526091919,-1.08118295,1.5,1.5,55,2022,2,3,0.68935,15,0.68491,13,0.6744576465,0.9114292521,3.621684053,0.3463431158,0.96,0.2141858742
573,NZD_USD,2023-01-02 08:00:00,2023-01-02 12:00:00,0.632575,0.6261637512,2023-01-03 08:00:00,0.6261087512,stoploss,-1.008578672,6,3.313706976,-3.034510201,1.3,1.1,4,2023,4,3,0.63724,4,0.62911,14,1.69701727,1.519204799,1.828511596,0.2776370166,0.5138121547,0.1123026134
574,EUR_NZD,2023-01-04 16:00:00,2023-01-04 20:00:00,1.68295,1.666286744,2023-01-18 12:00:00,1.666096744,stoploss,-1.011402333,59,2.758164414,-1.053215524,3.8,3.8,41,2023,3,3,1.69731,8,1.67779,9,0.8941829802,0.6085245248,2.914579175,0.9950036116,0.7527047913,0.3360687711
575,USD_CAD,2023-01-05 12:00:00,2023-01-05 16:00:00,1.353555,1.344132227,2023-01-06 16:00:00,1.344067227,stoploss,-1.006898181,7,1.374860613,-2.898828069,1.3,1.3,5,2023,2,2,1.36851,10,1.35227,13,2.201050491,0.2547020819,3.841917363,0.6282651353,0.9375,0.1634338359
576,USD_CHF,2023-01-06 04:00:00,2023-01-06 08:00:00,0.937575,0.9299414112,2023-01-06 16:00:00,0.9298964112,stoploss,-1.005894999,3,0.8456048866,-4.146804444,0.9,0.9,1,2023,2,5,0.93986,16,0.92607,4,3.309059556,1.577239788,0.9602177226,0.3720399501,0.8972332016,0.2934399606
577,AUD_CHF,2023-01-06 12:00:00,2023-01-06 16:00:00,0.63481,0.6291635517,2023-02-28 08:00:00,0.6290935517,stoploss,-1.012397174,221,3.922819938,-1.030736435,1.4,1.4,76,2023,2,2,0.63849,11,0.62623,21,2.812387387,0.02125229763,1.749129945,0.4002516054,0.975975976,0.1912706787
578,EUR_JPY,2023-01-09 08:00:00,2023-01-09 12:00:00,141.353,139.9910109,2023-01-13 00:00:00,139.9840109,stoploss,-1.005139542,22,3.094738507,-2.522780904,1.4,1.4,13,2023,3,2,141.449,6,140.105,8,2.117491306,3.992689917,0.9997795463,0.8340742453,0.8739184178,0.6681404606
579,USD_JPY,2023-01-09 08:00:00,2023-01-09 12:00:00,132.444,130.7587682,2023-01-12 12:00:00,130.7557682,stoploss,-1.001780171,19,2.759857798,-3.10165055,0.6,0.6,12,2023,3,2,134.775,5,129.927,18,4.006570598,0.5020081051,3.51100998,0.7049475519,0.8613138686,0.6242464853
580,AUD_JPY,2023-01-10 20:00:00,2023-01-11 00:00:00,91.1415,90.29058879,2023-01-12 12:00:00,90.28608879,stoploss,-1.005288448,10,2.227611962,-3.552074468,0.9,0.9,2,2023,3,2,91.821,9,90.246,13,2.218797881,1.017732503,1.799673633,0.218589198,0.6875,0.07991433046
581,NZD_JPY,2023-01-11 00:00:00,2023-01-11 04:00:00,84.323,83.48285687,2023-01-12 08:00:00,83.47585687,stoploss,-1.008331914,8,1.051011391,-3.923141046,1.4,1.4,1,2023,3,3,84.673,10,83.742,6,2.347219097,2.33769691,1.151463229,0.2690017829,0.9010238908,0.1690188193
582,EUR_CAD,2023-01-13 16:00:00,2023-01-13 20:00:00,1.451095,1.442733784,2023-01-18 04:00:00,1.442548784,stoploss,-1.02212597,15,2.985809896,-3.258497521,3.7,3.7,11,2023,3,3,1.453,4,1.44026,7,3.403811322,4.02333847,0.9125630828,0.4066394411,0.5066666667,0.1459117994
583,EUR_JPY,2023-01-16 00:00:00,2023-01-16 04:00:00,138.769,137.5439823,2023-03-13 04:00:00,143.724,time_exit,4.044839651,240,5.550124074,-0.6955001782,1.4,1.4,199,2023,2,2,142.854,14,141.081,24,1.533039125,1.493856016,7.354994364,0.7754990249,0.7750677507,0.2938733147
584,EUR_USD,2023-01-17 12:00:00,2023-01-17 16:00:00,1.084295,1.077217708,2023-01-18 04:00:00,1.077182708,stoploss,-1.004945394,4,2.686762065,-4.501015281,0.7,0.7,0,2023,4,5,1.08743,8,1.08016,7,3.249830528,2.526389993,1.657366531,0.709310837,0.6843177189,0.110211644
585,GBP_CAD,2023-01-18 08:00:00,2023-01-18 12:00:00,1.65127,1.640687951,2023-01-31 20:00:00,1.640427951,stoploss,-1.02456991,57,2.172547074,-4.116404983,5.2,5.2,9,2023,4,4,1.64613,4,1.63073,11,2.277441692,1.398594898,0.5902352483,1.477974608,0.9222972973,1.016816291
586,AUD_JPY,2023-01-19 12:00:00,2023-01-19 16:00:00,88.6435,87.46055469,2023-03-15 16:00:00,87.45605469,stoploss,-1.003804064,235,3.714034757,-1.0909211,0.9,0.9,109,2023,2,2,91.918,8,89.225,15,3.45578106,0.9653869791,5.924255302,0.5122806561,0.8076923077,0.1978113425
587,CAD_JPY,2023-01-19 12:00:00,2023-01-19 16:00:00,95.267,94.03931088,2023-03-16 16:00:00,96.214,time_exit,0.7713679197,240,4.569560749,-0.08797015346,1.2,1.2,167,2023,2,2,98.295,8,95.658,15,3.368931062,0.9367192266,5.295704533,0.4952393824,0.7493857494,0.2818303064
588,GBP_JPY,2023-01-19 16:00:00,2023-01-19 20:00:00,159.078,157.2723234,2023-02-02 16:00:00,157.2603234,stoploss,-1.006645708,60,3.839557889,-1.299789754,2.4,2.4,12,2023,2,2,161.532,9,156.391,16,4.932223073,0.8251754298,3.247896236,0.5837147,0.9520348837,0.1761112662
589,CHF_JPY,2023-01-20 00:00:00,2023-01-20 04:00:00,140.622,139.1415419,2023-03-17 04:00:00,143.671,time_exit,2.059497688,240,4.722862523,-0.2208775808,2.2,2.2,212,2023,2,3,142.457,11,139.476,5,3.298978913,2.780220558,3.193288939,0.5971124814,0.9014778325,0.287748775
590,NZD_USD,2023-01-20 00:00:00,2023-01-20 04:00:00,0.640895,0.6338755803,2023-02-03 20:00:00,0.6338205803,stoploss,-1.007835406,65,1.8413203,-4.625026194,1.1,1.1,54,2023,3,3,0.65303,8,0.63667,15,3.270925656,0.89466085,3.834902901,0.401742611,0.8926829268,0.1339142037
591,NZD_CAD,2023-01-20 16:00:00,2023-01-20 20:00:00,0.866275,0.8593357564,2023-01-31 20:00:00,0.8592207564,stoploss,-1.016572411,43,0.8552805353,-4.682787025,2.3,2.3,12,2023,2,2,0.87344,12,0.85894,5,4.369352288,1.386318239,2.950332445,0.7868292709,0.6086956522,0.09799338904
592,GBP_CHF,2023-01-23 16:00:00,2023-01-23 20:00:00,1.142155,1.1346401,2023-01-25 12:00:00,1.1345451,stoploss,-1.012641552,11,0.1896232842,-5.734607321,1.9,1.9,0,2023,2,4,1.14233,6,1.13118,8,1.852320081,1.708605592,1.032307534,0.9288214201,0.8382899628,0.4258207083
593,CAD_CHF,2023-01-25 04:00:00,2023-01-25 08:00:00,0.690975,0.6864213559,2023-01-25 16:00:00,0.6863463559,stoploss,-1.016470325,3,0.561089088,-6.903262419,1.5,1.5,0,2023,3,2,0.69315,4,0.68761,5,5.086036508,4.5897307,1.282887442,0.3381906832,0.8130841121,0.2152122529
594,NZD_JPY,2023-01-26 08:00:00,2023-01-26 12:00:00,84.165,83.32811328,2023-02-01 16:00:00,83.32111328,stoploss,-1.008364334,26,1.243895941,-3.627731103,1.4,1.4,10,2023,2,2,84.919,9,83.572,4,0.08364333899,4.249081621,2.379041065,0.5520460373,0.6501128668,0.2867771623
595,USD_JPY,2023-01-26 08:00:00,2023-01-26 12:00:00,129.963,128.7193634,2023-02-01 20:00:00,128.7163634,stoploss,-1.00241228,27,6.391738776,-1.515716139,0.6,0.6,1,2023,3,2,131.119,10,129.727,12,0.8153507509,1.106432577,2.937646707,1.009941364,0.9558638083,0.5966373345
596,AUD_USD,2023-01-30 00:00:00,2023-01-30 04:00:00,0.71143,0.7050829073,2023-01-31 00:00:00,0.7050329073,stoploss,-1.007877622,6,0.6869286814,-8.670111315,1,1,0,2023,2,3,0.71425,8,0.70793,8,0.6176056034,3.689878376,1.185574652,0.5986993094,0.8128654971,0.06617202894
597,GBP_USD,2023-01-31 00:00:00,2023-01-31 04:00:00,1.236735,1.229313833,2023-01-31 16:00:00,1.229268833,stoploss,-1.006063736,4,0.4601701942,-7.615378777,0.9,0.9,0,2023,2,4,1.24303,16,1.23452,8,0.4392839921,2.212589923,2.288276258,0.4662339303,0.8561643836,0.07276483305
598,EUR_CAD,2023-02-03 08:00:00,2023-02-03 12:00:00,1.458945,1.450443263,2023-02-03 16:00:00,1.450258263,stoploss,-1.021760258,2,4.103278974,-4.127979808,3.7,3.7,0,2023,2,2,1.46419,7,1.44434,14,1.298558116,0.04469674674,3.073960775,1.630255026,0.991902834,1.409123753
599,NZD_USD,2023-02-06 04:00:00,2023-02-06 08:00:00,0.633465,0.6264984261,2023-02-15 12:00:00,0.6264434261,stoploss,-1.007894842,44,0.7887664892,-3.593588545,1.1,1.1,37,2023,2,3,0.65382,12,0.64174,14,0.8555137899,0.1263174723,5.963781658,0.3416313456,0.9638554217,0.01722510986
600,EUR_CHF,2023-02-08 04:00:00,2023-02-08 08:00:00,0.98935,0.9847401299,2023-02-13 12:00:00,0.9846901299,stoploss,-1.010846293,20,3.219179674,-4.073867539,1,1,10,2023,2,2,1.0033,15,0.9941,11,1.080290753,0.2820036103,5.8199587,0.0694162733,0.546875,0.01735406832
601,GBP_AUD,2023-02-08 08:00:00,2023-02-08 12:00:00,1.73294,1.720304898,2023-04-05 12:00:00,1.86423,time_exit,10.39089375,240,10.68610308,-0.06569001302,4,4,240,2023,2,2,1.7548,10,1.72889,5,2.817547546,1.047874425,3.85644106,0.3783111593,0.8814935065,0.0237433782
602,AUD_USD,2023-02-09 04:00:00,2023-02-09 08:00:00,0.69544,0.687939374,2023-02-15 12:00:00,0.687889374,stoploss,-1.00666611,26,0.9945836467,-5.204898869,1,1,19,2023,2,2,0.69963,5,0.68858,9,0.1946504188,0.8052661161,1.486620546,0.3999666139,0.6926406926,0.3253061793
603,NZD_CAD,2023-02-13 04:00:00,2023-02-13 08:00:00,0.843965,0.8380630646,2023-02-17 08:00:00,0.8379480646,stoploss,-1.019485134,25,2.955810055,-1.725705096,2.3,2.3,2,2023,2,3,0.85467,9,0.84594,15,1.169108018,0.6201355574,4.226199801,0.6235242763,0.8888888889,0.2067118525
604,GBP_USD,2023-02-14 08:00:00,2023-02-14 12:00:00,1.218885,1.210373577,2023-02-15 08:00:00,1.210328577,stoploss,-1.005287012,6,3.951747941,-4.542718422,0.9,0.9,0,2023,3,2,1.21939,16,1.20307,5,2.319236044,1.635449125,1.142330462,0.9916085214,1,0.8694197937
605,GBP_NZD,2023-02-17 00:00:00,2023-02-17 04:00:00,1.91883,1.906629922,2023-04-14 04:00:00,1.98589,time_exit,5.496686166,240,7.713065437,-0.09180269171,4.8,4.8,234,2023,3,2,1.93043,10,1.9099,5,1.875397845,1.701628464,2.558221868,0.418030114,0.8830963665,0.1885233848
606,USD_JPY,2023-02-17 00:00:00,2023-02-17 04:00:00,134.639,133.4811055,2023-03-13 08:00:00,133.4781055,stoploss,-1.00259091,98,2.826682493,-4.317319212,0.6,0.6,78,2023,4,3,134.36,8,133.605,4,4.269819201,6.56363793,0.7986366132,1.200454832,0.9515706806,1.041545703
607,EUR_NZD,2023-02-20 08:00:00,2023-02-20 12:00:00,1.71509,1.704830564,2023-02-21 04:00:00,1.704640564,stoploss,-1.018519537,5,5.736182907,-1.75740659,3.8,3.8,0,2023,3,2,1.71673,5,1.69701,13,2.926086846,2.731144351,1.09212082,0.7271355053,0.6444073456,0.3294528161
608,USD_CAD,2023-02-21 00:00:00,2023-02-21 04:00:00,1.347265,1.3408938,2023-04-04 16:00:00,1.3408288,stoploss,-1.01020216,184,6.1095243,-2.694155032,1.3,1.3,79,2023,3,2,1.35374,9,1.33574,16,4.614515464,2.624309475,2.809798368,0.6278252332,0.7735368957,0.530512322
609,USD_CHF,2023-02-21 00:00:00,2023-02-21 04:00:00,0.923605,0.918332903,2023-03-10 16:00:00,0.918287903,stoploss,-1.008535503,82,3.874169998,-7.136628944,0.9,0.9,45,2023,2,3,0.93325,9,0.92205,4,2.640315612,3.141065124,3.832201009,0.1062195936,0.5492227979,0.06449046753
610,GBP_JPY,2023-02-23 12:00:00,2023-02-23 16:00:00,162.808,161.8211799,2023-02-23 16:00:00,161.8091799,stoploss,-1.012160272,1,5.233983545,-4.603676136,2.4,2.4,0,2023,3,2,163.757,11,161.17,18,4.541861423,1.420725059,3.121041629,1.100504575,0.9452269171,0.08714861275
611,EUR_AUD,2023-02-24 08:00:00,2023-02-24 12:00:00,1.56058,1.551184766,2023-04-21 12:00:00,1.63858,time_exit,8.302081651,240,8.947089533,-0.07237712209,2.4,2.4,202,2023,2,2,1.56338,12,1.55142,5,0.5534721101,1.688089936,1.551672563,0.8898128539,0.7364341085,0.8067920374
612,EUR_CAD,2023-02-24 12:00:00,2023-02-24 16:00:00,1.438265,1.432353758,2023-04-21 16:00:00,1.486375,time_exit,8.138730128,240,9.399886501,-0.9312764364,3.7,3.7,112,2023,2,2,1.44433,13,1.43307,6,0.96426443,0.1150350548,2.752471032,0.6022423458,0.8685714286,0.04398399154
613,CAD_CHF,2023-02-28 08:00:00,2023-02-28 12:00:00,0.690175,0.686574265,2023-03-06 00:00:00,0.686499265,stoploss,-1.020829081,22,0.8651011609,-10.45481002,1.5,1.5,11,2023,2,2,0.69347,6,0.68695,10,3.149357035,1.938493131,2.209244564,0.3610374026,0.5935483871,0.1610782258
614,GBP_JPY,2023-03-01 20:00:00,2023-03-02 00:00:00,163.787,162.4316941,2023-03-07 16:00:00,162.4196941,stoploss,-1.00885409,23,3.088601719,-4.074357069,2.4,2.4,2,2023,2,2,166.011,7,162.601,15,4.657251326,2.055624555,3.702501157,0.4766451769,0.8260869565,0.1342870313
615,AUD_CAD,2023-03-03 00:00:00,2023-03-03 04:00:00,0.916265,0.9111826012,2023-03-07 08:00:00,0.9110876012,stoploss,-1.018691961,14,1.360578005,-4.315875422,1.9,1.9,3,2023,2,2,0.92168,9,0.91205,16,2.15252688,0.7358729919,2.709101021,0.6020779025,0.7605177994,0.1101841913
616,NZD_JPY,2023-03-03 00:00:00,2023-03-03 04:00:00,85.133,84.54377954,2023-03-03 16:00:00,84.53677954,stoploss,-1.011880103,4,0.07806925049,-7.973246495,1.4,1.4,0,2023,2,3,85.206,7,83.762,16,3.42146976,0.6381312648,0.7006011375,0.7976640811,0.8819444444,0.2070532296
617,NZD_USD,2023-03-03 00:00:00,2023-03-03 04:00:00,0.623125,0.6170125356,2023-03-07 16:00:00,0.6169575356,stoploss,-1.008998007,16,2.427007987,-2.404103968,1.1,1.1,1,2023,2,2,0.62757,9,0.61326,16,3.131306563,0.0458080375,2.064394749,0.8834407232,0.8177777778,0.1668721366
618,NZD_CAD,2023-03-03 12:00:00,2023-03-03 16:00:00,0.847615,0.8420295687,2023-03-06 08:00:00,0.8419145687,stoploss,-1.020589278,5,2.469818211,-3.82871058,2.3,2.3,0,2023,2,2,0.85289,12,0.8343,19,5.428407986,0.1861986908,2.706960095,0.7268910429,0.9269662921,0.4225277984
619,EUR_USD,2023-03-03 20:00:00,2023-03-06 00:00:00,1.061145,1.055270028,2023-03-07 20:00:00,1.055235028,stoploss,-1.005957475,12,8.240890566,-1.621284367,0.7,0.7,8,2023,3,3,1.06916,14,1.05765,6,2.440862764,1.477453891,2.208339115,0.2212776564,0.6075268817,0.05787261784
620,CAD_CHF,2023-03-07 08:00:00,2023-03-07 12:00:00,0.684305,0.680478005,2023-03-09 00:00:00,0.680403005,stoploss,-1.019597621,10,0.4220021156,-8.98485619,1.5,1.5,6,2023,2,2,0.69329,18,0.68744,23,0.7002883405,0.3553702026,5.31720722,0.533055304,0.9858490566,0.05748635631
621,EUR_NZD,2023-03-07 16:00:00,2023-03-07 20:00:00,1.72535,1.714111678,2023-03-13 16:00:00,1.713921678,stoploss,-1.016906438,24,7.36586811,-2.517279643,3.8,3.8,19,2023,2,2,1.72762,6,1.70103,16,2.938160969,0.1530477549,1.06072628,0.7047315225,0.8352490421,0.3292306355
622,AUD_NZD,2023-03-08 04:00:00,2023-03-08 08:00:00,1.081015,1.075768828,2023-03-10 12:00:00,1.075663828,stoploss,-1.020014595,14,2.294053776,-4.23451638,2.1,2.1,10,2023,3,3,1.08919,11,1.08335,13,2.199699258,1.463924636,4.089716546,0.8997036827,0.9268292683,0.7548361406
623,GBP_CAD,2023-03-08 08:00:00,2023-03-08 12:00:00,1.62841,1.620135177,2023-05-03 12:00:00,1.70503,time_exit,9.259412615,240,9.457604167,-0.305746723,5.2,5.2,223,2023,3,2,1.64229,6,1.63291,11,1.077968683,2.639331395,3.625683042,0.2972873275,0.6385964912,0.1256824474
624,CAD_CHF,2023-03-13 00:00:00,2023-03-13 04:00:00,0.667425,0.6618764381,2023-03-13 08:00:00,0.6618014381,stoploss,-1.013517016,2,2.460998028,-3.55677745,1.5,1.5,0,2023,2,2,0.68592,15,0.68346,18,0.1225542775,0.472194422,7.717651916,0.9371797688,0.8602329451,0.176622341
625,NZD_CAD,2023-03-13 12:00:00,2023-03-13 16:00:00,0.854805,0.847636209,2023-03-15 20:00:00,0.847521209,stoploss,-1.016041757,14,0.9213547978,-3.986027759,2.3,2.3,0,2023,3,2,0.85163,5,0.84172,9,1.330768323,1.07967996,0.551292235,1.35866703,0.676,0.8843890111
626,EUR_USD,2023-03-15 20:00:00,2023-03-16 00:00:00,1.057915,1.048394431,2023-05-11 00:00:00,1.098205,time_exit,4.231889904,240,5.424570715,-0.2925245317,0.7,0.7,178,2023,2,2,1.07599,4,1.0679,9,0.2394814838,0.602905139,4.249365421,0.4306465279,0.6651884701,0.2604886315
627,AUD_CHF,2023-03-16 16:00:00,2023-03-16 20:00:00,0.61896,0.611843705,2023-03-23 20:00:00,0.611773705,stoploss,-1.009836579,31,0.8375144666,-4.756688707,1.4,1.4,13,2023,3,3,0.61885,4,0.60886,6,1.989799471,1.711564799,0.5472883788,0.5508484411,0.662601626,0.2585615132
628,CAD_CHF,2023-03-16 16:00:00,2023-03-16 20:00:00,0.678825,0.6717038888,2023-03-21 16:00:00,0.6716288888,stoploss,-1.010532064,18,0.3166640614,-4.372210887,1.5,1.5,15,2023,2,3,0.67867,4,0.66736,6,2.246840347,2.196286439,1.213907917,1.173974081,0.9579124579,0.7021376083
629,NZD_CHF,2023-03-16 16:00:00,2023-03-16 20:00:00,0.574405,0.5679872727,2023-03-27 00:00:00,0.5679022727,stoploss,-1.013244564,38,1.278489968,-4.834265844,1.7,1.7,5,2023,3,2,0.57807,5,0.56406,13,2.380905144,0.7354628456,1.633838563,0.4612224625,0.7433628319,0.3459168469
630,USD_CHF,2023-03-16 16:00:00,2023-03-16 20:00:00,0.931765,0.9221191411,2023-03-21 16:00:00,0.9220741411,stoploss,-1.004665214,18,0.006738643079,-5.157135384,0.9,0.9,0,2023,2,2,0.93426,4,0.9095,13,3.68862955,0.489329159,1.329571249,0.7961965977,0.8949416342,0.2840597236
631,GBP_CHF,2023-03-20 08:00:00,2023-03-20 12:00:00,1.133095,1.123640361,2023-03-21 16:00:00,1.123545361,stoploss,-1.010047977,8,0.890039245,-3.214823868,1.9,1.9,5,2023,4,5,1.13155,4,1.12193,6,3.594002798,4.837836609,0.7818352627,1.03864354,0.7923497268,0.8440300862
632,EUR_NZD,2023-03-24 00:00:00,2023-03-24 04:00:00,1.73604,1.723124475,2023-04-05 04:00:00,1.722934475,stoploss,-1.014710978,49,5.581654829,-1.451741269,3.8,3.8,27,2023,2,2,1.74647,7,1.73016,10,0.08826586913,4.809715605,2.108181924,0.4924306383,0.8032786885,0.00154852402
633,EUR_CHF,2023-03-24 16:00:00,2023-03-24 20:00:00,0.98916,0.982774865,2023-04-13 08:00:00,0.982724865,stoploss,-1.007830688,82,1.539513266,-2.7986879,1,1,28,2023,3,2,0.99976,8,0.99144,17,2.671830754,1.747809567,3.543536004,0.2317883656,0.7869415808,0.02505820168
634,GBP_USD,2023-03-27 08:00:00,2023-03-27 12:00:00,1.226305,1.218297737,2023-05-22 12:00:00,1.244085,time_exit,2.220484139,240,5.203401105,-0.2878636637,0.9,0.9,192,2023,2,3,1.23434,12,1.21902,5,1.456178012,0.579473926,2.669802585,0.6169399126,0.9316239316,0.2847414981
635,USD_JPY,2023-03-30 12:00:00,2023-03-30 16:00:00,132.768,131.6728952,2023-04-04 16:00:00,131.6698952,stoploss,-1.002739464,19,6.569234329,-1.977892905,0.6,0.6,10,2023,3,2,132.901,4,130.406,12,2.259144527,1.398952876,0.6569007559,0.421877434,0.7489626556,0.2428991287
636,USD_CHF,2023-03-31 08:00:00,2023-03-31 12:00:00,0.916165,0.9108955455,2023-04-04 00:00:00,0.9108505455,stoploss,-1.008539783,10,0.6556655974,-6.479797923,0.9,0.9,5,2023,3,2,0.92232,12,0.91649,11,0.2277275592,1.066524069,3.234023965,0.8425919689,0.8863636364,0.7515009452
637,EUR_JPY,2023-04-03 08:00:00,2023-04-03 12:00:00,144.697,143.2290902,2023-04-05 16:00:00,143.2220902,stoploss,-1.004768685,14,4.712823565,-1.462623908,1.4,1.4,6,2023,2,2,145.673,8,143.134,12,4.703286194,2.843498924,2.244256554,0.8665382443,0.8471760797,0.8202138728
638,NZD_JPY,2023-04-03 08:00:00,2023-04-03 12:00:00,83.214,82.3660176,2023-04-06 12:00:00,82.3590176,stoploss,-1.008254888,19,4.826751135,-1.954049995,1.4,1.4,10,2023,3,2,83.821,7,82.286,13,5.360960337,2.582600778,1.8966631,0.44576397,0.7638888889,0.3820834028
639,NZD_USD,2023-04-03 08:00:00,2023-04-03 12:00:00,0.623605,0.6184890735,2023-04-11 20:00:00,0.6184340735,stoploss,-1.010750741,39,2.903677357,-3.965068676,1.1,1.1,10,2023,2,2,0.62976,7,0.62033,13,1.043799198,0.8756967055,3.062171754,0.5981321247,0.9450171821,0.2032867352
640,CAD_JPY,2023-04-04 08:00:00,2023-04-04 12:00:00,99.008,98.14309688,2023-04-04 16:00:00,98.13709688,stoploss,-1.006937193,2,5.300015563,-2.209496017,1.2,1.2,0,2023,3,3,99.058,5,98.249,4,2.425705203,6.356781319,0.5700238542,0.4439803613,0.896969697,0.1063702949
641,CAD_CHF,2023-04-05 16:00:00,2023-04-05 20:00:00,0.673415,0.6690207233,2023-04-07 00:00:00,0.6689457233,stoploss,-1.017067655,8,0.164987336,-5.85420582,1.5,1.5,0,2023,2,3,0.68108,13,0.67818,12,1.174254695,2.157351649,4.322427994,0.6827062181,0.9427609428,0.1911577411
642,NZD_CHF,2023-04-05 16:00:00,2023-04-05 20:00:00,0.572565,0.5670009729,2023-04-06 12:00:00,0.5669159729,stoploss,-1.015276705,5,0.1177204916,-5.245301599,1.7,1.7,1,2023,4,4,0.57626,9,0.57025,5,1.128678912,0.2012930544,1.81690673,0.4421258158,0.7854785479,0.1725369037
643,GBP_AUD,2023-04-06 12:00:00,2023-04-06 16:00:00,1.86391,1.850814978,2023-04-13 16:00:00,1.850614978,stoploss,-1.015272979,31,4.161123135,-1.825120993,4,4,17,2023,4,2,1.86796,6,1.84288,8,2.856047078,2.746081629,1.035134041,0.3894609651,0.6758957655,0.04123704337
644,EUR_JPY,2023-04-10 12:00:00,2023-04-10 16:00:00,144.653,143.5847782,2023-06-05 16:00:00,149.673,time_exit,4.699398533,240,6.517373025,-0.04961516379,1.4,1.4,94,2023,2,2,145.433,24,143.588,6,0.9230292735,1.943416604,2.526069469,0.9773251131,0.7813765182,0.1029748682
645,USD_CAD,2023-04-11 12:00:00,2023-04-11 16:00:00,1.350685,1.345288237,2023-04-12 04:00:00,1.345223237,stoploss,-1.012044258,4,2.984196482,-3.814323787,1.3,1.3,0,2023,5,3,1.35539,5,1.3485,6,3.198213678,2.879504088,1.962755814,0.222355528,0.6244343891,0.0111177764
646,CAD_JPY,2023-04-13 04:00:00,2023-04-13 08:00:00,99.256,98.52287131,2023-04-25 16:00:00,98.51687131,stoploss,-1.008184102,51,7.673959634,-2.321556932,1.2,1.2,17,2023,2,2,99.547,6,98.475,10,4.569456945,2.998109363,1.238375831,0.4555816775,0.9680851064,0.2509791277
647,AUD_JPY,2023-04-14 12:00:00,2023-04-14 16:00:00,89.9835,89.24376376,2023-04-25 08:00:00,89.23926376,stoploss,-1.006083249,41,5.559413962,-2.855747597,0.9,0.9,24,2023,2,2,90.175,4,88.528,17,2.830738684,2.138600094,1.499527039,0.9381722285,0.7878787879,0.2946996337
648,GBP_NZD,2023-04-14 12:00:00,2023-04-14 16:00:00,1.99006,1.977616574,2023-05-19 08:00:00,1.977376574,stoploss,-1.019287292,149,6.724032263,-1.240815802,4.8,4.8,49,2023,3,3,2.01293,8,1.99658,11,2.698613642,2.441449745,3.972518575,0.2443057019,0.8979907264,0.1735856303
649,AUD_NZD,2023-04-14 16:00:00,2023-04-14 20:00:00,1.080805,1.075722562,2023-04-27 08:00:00,1.075617562,stoploss,-1.020659377,52,4.402414921,-4.892337297,2.1,2.1,28,2023,2,3,1.08124,9,1.07542,10,4.749689215,5.485556558,1.225619153,0.995585229,0.9102564103,0.7673482991
650,CHF_JPY,2023-04-14 16:00:00,2023-04-14 20:00:00,149.419,148.3933264,2023-06-09 20:00:00,154.307,time_exit,4.765648837,240,5.978510366,-0.3275896091,2.2,2.2,181,2023,2,2,149.829,7,147.742,13,1.657447427,3.927175433,1.279339736,0.483584661,0.8208955224,0.003899876299
651,NZD_CAD,2023-04-18 00:00:00,2023-04-18 04:00:00,0.828825,0.8234028789,2023-05-26 16:00:00,0.8232878789,stoploss,-1.021209412,172,4.620885398,-4.263091837,2.3,2.3,75,2023,2,2,0.84253,13,0.8333,16,1.298384881,0.4278768359,5.502340677,0.3282848138,0.9404255319,0.05164030778
652,EUR_NZD,2023-04-20 00:00:00,2023-04-20 04:00:00,1.77837,1.767368818,2023-05-02 12:00:00,1.767178818,stoploss,-1.017270872,51,2.705163882,-5.604852318,3.8,3.8,27,2023,2,2,1.77394,15,1.76238,9,0.2872418638,2.11250029,1.690047063,1.98342325,0.9760159893,1.936155601
653,USD_CAD,2023-04-21 04:00:00,2023-04-21 08:00:00,1.350285,1.345177287,2023-05-05 16:00:00,1.345112287,stoploss,-1.012725852,63,3.231387431,-5.743274782,1.3,1.3,31,2023,3,3,1.34896,4,1.33597,16,3.676792242,2.298484607,0.5565678178,1.049393313,0.9609929078,0.6891538174
654,GBP_AUD,2023-05-02 00:00:00,2023-05-02 04:00:00,1.88667,1.876376465,2023-05-02 04:00:00,1.876176465,stoploss,-1.019429671,1,3.082517373,-3.56048729,4,4,0,2023,2,2,1.90357,8,1.88155,12,2.01291396,0.2156693529,3.889884913,0.3847074943,0.9337606838,0.2681294658
655,EUR_CHF,2023-05-02 04:00:00,2023-05-02 08:00:00,0.98403,0.980181281,2023-05-03 08:00:00,0.980131281,stoploss,-1.012991335,7,0.6651563754,-4.430045391,1,1,0,2023,2,2,0.98801,15,0.98033,7,3.36735415,1.730445883,2.329387023,0.3325781877,0.9696969697,0.2910059142
656,GBP_CHF,2023-05-02 04:00:00,2023-05-02 08:00:00,1.119525,1.11403738,2023-05-02 16:00:00,1.11394238,stoploss,-1.017311696,3,5.644523912,-1.896086241,1.9,1.9,0,2023,2,2,1.12448,8,1.11464,10,2.132071986,4.351613592,1.949123396,0.1858729424,0.8045112782,0.007289134995
657,AUD_CHF,2023-05-04 04:00:00,2023-05-04 08:00:00,0.59103,0.5856206574,2023-06-29 08:00:00,0.59384,time_exit,0.5194716234,240,4.782466512,-0.6470287125,1.4,1.4,180,2023,2,2,0.60202,10,0.59185,13,3.116829741,1.660090811,5.734036322,1.423463167,0.9830508475,0.2551141781
658,GBP_JPY,2023-05-04 04:00:00,2023-05-04 08:00:00,169.339,168.0242894,2023-05-11 16:00:00,168.0122894,stoploss,-1.009127484,33,10.97275741,-1.140174917,2.4,2.4,24,2023,2,2,172.331,11,166.429,24,0.3559718888,0.1658159653,4.587645839,0.1962409131,0.6553846154,0.0380311847
659,NZD_USD,2023-05-04 04:00:00,2023-05-04 08:00:00,0.625045,0.6203649187,2023-05-12 16:00:00,0.6203099187,stoploss,-1.011751933,39,2.866403213,-5.663363188,1.1,1.1,29,2023,3,2,0.62495,6,0.61549,13,3.794805894,1.311943029,1.269558417,1.252115008,0.9174311927,0.8162251416
660,USD_CAD,2023-05-08 16:00:00,2023-05-08 20:00:00,1.335925,1.329056609,2023-06-13 16:00:00,1.328991609,stoploss,-1.009463643,156,4.301589934,-3.534306842,1.3,1.3,79,2023,2,2,1.36394,19,1.3582,17,0.04950213497,1.557861306,9.465770721,0.9783951381,0.8897959184,0.1019161602
661,AUD_USD,2023-05-10 12:00:00,2023-05-10 16:00:00,0.6815,0.676488654,2023-05-10 16:00:00,0.676438654,stoploss,-1.009977359,1,1.690164692,-7.117848238,1,1,0,2023,2,3,0.68037,11,0.67465,5,4.006907559,4.238382298,2.415813342,2.482367033,0.948787062,1.616332232
662,GBP_CAD,2023-05-11 12:00:00,2023-05-11 16:00:00,1.69143,1.683093473,2023-05-16 08:00:00,1.682833473,stoploss,-1.031188049,17,1.235526549,-3.702981027,5.2,5.2,5,2023,2,2,1.6916,7,1.68513,11,0.067174259,0.2303117451,1.120383658,0.9380405453,0.8857837181,0.4246372801
663,NZD_USD,2023-05-15 04:00:00,2023-05-15 08:00:00,0.621155,0.6160471268,2023-05-24 08:00:00,0.6159921268,stoploss,-1.010767691,43,1.839317378,-4.427478713,1.1,1.1,26,2023,2,2,0.63846,12,0.63242,16,0.982796513,0.2271003895,7.263273377,0.6343148809,0.9835164835,0.5755820216
664,USD_CHF,2023-05-18 08:00:00,2023-05-18 12:00:00,0.900505,0.8956570797,2023-05-22 08:00:00,0.8956120797,stoploss,-1.009282331,12,2.940436147,-8.031278948,0.9,0.9,1,2023,3,2,0.90258,4,0.89199,11,2.797075704,0.9364840484,1.433083376,0.5486888918,0.7728937729,0.5280614898
665,CAD_CHF,2023-05-18 12:00:00,2023-05-18 16:00:00,0.669085,0.6652137547,2023-05-19 16:00:00,0.6651387547,stoploss,-1.019373611,7,3.651279844,-4.074916133,1.5,1.5,0,2023,3,3,0.67007,5,0.66272,12,2.970620319,1.508558492,0.9722493022,0.4391351776,0.6474358974,0.09815962792
666,NZD_CHF,2023-05-18 20:00:00,2023-05-19 00:00:00,0.563525,0.5591968058,2023-05-24 04:00:00,0.5591118058,stoploss,-1.019638675,20,0.9137759967,-5.086416831,1.7,1.7,3,2023,2,4,0.56503,7,0.55848,5,2.365882732,2.185669009,1.341679726,0.4389821476,0.7171052632,0.1247633472
667,GBP_JPY,2023-05-19 12:00:00,2023-05-19 16:00:00,172.492,171.4308485,2023-05-19 16:00:00,171.4188485,stoploss,-1.011308471,1,10.85990125,-1.218487705,2.4,2.4,0,2023,4,2,172.163,5,171.19,6,2.904392195,3.373693724,1.430169869,1.920555254,0.9799426934,1.513450313
668,CAD_JPY,2023-05-22 08:00:00,2023-05-22 12:00:00,102.155,101.4058036,2023-07-17 12:00:00,104.683,time_exit,3.374281887,240,9.813180551,-0.08809438471,1.2,1.2,156,2023,5,2,102.914,4,101.665,4,4.754427248,2.592110532,2.158663094,0.1655106622,0.737037037,0.1361458673
669,AUD_JPY,2023-05-22 20:00:00,2023-05-23 00:00:00,92.1815,91.4396179,2023-05-24 04:00:00,91.4351179,stoploss,-1.006065654,8,7.400771644,-2.588686266,0.9,0.9,1,2023,3,2,92.353,7,91.079,16,3.057089535,1.369489844,0.6582380098,0.09974630757,0.726984127,0.02965430765
670,GBP_AUD,2023-05-25 08:00:00,2023-05-25 12:00:00,1.89394,1.883978479,2023-06-02 16:00:00,1.883778479,stoploss,-1.020077256,38,4.547498533,-4.408965465,4,4,25,2023,2,2,1.8935,6,1.86621,12,3.238461428,0.4236301062,0.5230303458,0.5581477228,0.8220472441,0.3754446913
671,EUR_AUD,2023-05-25 16:00:00,2023-05-25 20:00:00,1.64842,1.639468543,2023-05-29 04:00:00,1.639348543,stoploss,-1.013405639,9,1.328275414,-7.102754484,2.4,2.4,1,2023,2,2,1.64732,6,1.62286,15,3.617288301,0.6479392263,0.6740376351,0.8713665457,0.7642276423,0.7551843396
672,USD_CHF,2023-05-26 16:00:00,2023-05-26 20:00:00,0.905495,0.900508669,2023-06-08 16:00:00,0.900463669,stoploss,-1.009024672,54,1.858079634,-10.02641028,0.9,0.9,17,2023,3,2,0.90735,6,0.90051,14,1.764824692,2.575039665,1.60402867,0.7460395291,0.5356321839,0.4331842427
673,GBP_NZD,2023-05-29 16:00:00,2023-05-29 20:00:00,2.04108,2.029323308,2023-07-24 20:00:00,2.06821,time_exit,2.307621937,240,4.317541081,-0.5800951571,4.8,4.8,185,2023,3,2,2.04375,5,2.02924,9,2.407139728,9.291729467,1.024696411,0.5562789336,0.8905472637,0.2960016344
674,EUR_NZD,2023-05-30 00:00:00,2023-05-30 04:00:00,1.76983,1.759402622,2023-06-06 04:00:00,1.759212622,stoploss,-1.018221263,31,3.5560234,-2.930746362,3.8,3.8,6,2023,3,2,1.77541,7,1.76312,9,9.206533075,8.901566667,1.66391168,0.6348671766,0.6621621622,0.05562280399
675,EUR_CAD,2023-05-30 12:00:00,2023-05-30 16:00:00,1.45728,1.450512207,2023-05-31 16:00:00,1.450327207,stoploss,-1.027335352,7,4.55392195,-4.282046012,1.8,3.7,0,2023,2,2,1.4649,11,1.45681,18,0.3368897484,1.332783127,3.409045439,0.9131485285,0.6801292407,0.3841725201
676,AUD_NZD,2023-05-31 04:00:00,2023-05-31 08:00:00,1.082715,1.077252218,2023-07-05 08:00:00,1.077147218,stoploss,-1.019220976,151,4.117865269,-1.891893201,2.1,2.1,82,2023,2,3,1.08246,6,1.07664,7,2.533507683,2.804431915,1.637148967,1.588934009,0.9534883721,1.486422138
677,USD_JPY,2023-05-31 08:00:00,2023-05-31 12:00:00,139.957,139.0615793,2023-06-01 00:00:00,139.0585793,stoploss,-1.00335038,4,5.709048138,-3.041028576,0.6,0.6,1,2023,3,3,140.932,6,139.567,4,1.56797801,2.979604936,2.618547444,0.3395052101,0.9816232772,0.1183801062
678,AUD_USD,2023-05-31 20:00:00,2023-06-01 00:00:00,0.65001,0.6449318801,2023-07-27 00:00:00,0.67523,time_exit,4.966404942,240,7.869053984,-0.3091695384,1,1,68,2023,3,2,0.65592,10,0.65028,9,0.5868313532,0.4844312513,3.909108019,1.390278307,0.8886255924,0.2402463929
679,CAD_CHF,2023-06-01 16:00:00,2023-06-01 20:00:00,0.674975,0.6703836072,2023-07-06 16:00:00,0.6703086072,stoploss,-1.016334913,150,1.795751398,-5.864233643,1.5,1.5,93,2023,3,3,0.67304,6,0.66277,12,3.097099439,0.387681927,0.854513076,1.589931498,0.8992094862,1.350352779
680,GBP_USD,2023-06-05 16:00:00,2023-06-05 20:00:00,1.243585,1.235745862,2023-07-31 20:00:00,1.285745,time_exit,5.378142163,240,9.010556729,-0.5631996596,0.9,0.9,170,2023,2,2,1.25445,9,1.2348,20,2.507928722,0.530670574,4.581943579,1.518023998,0.8830242511,0.6633382175
681,GBP_JPY,2023-06-06 16:00:00,2023-06-06 20:00:00,173.567,172.5481847,2023-08-01 20:00:00,182.973,time_exit,9.232291726,240,10.25602979,-0.8814159016,2,2,123,2023,2,2,174.678,12,172.855,6,1.111094433,0.6438851129,2.611034183,0.4299110968,0.7634408602,0.2924965909
682,EUR_JPY,2023-06-07 12:00:00,2023-06-07 16:00:00,149.552,148.715764,2023-08-02 16:00:00,156.912,time_exit,8.801343381,240,10.15622409,-0.3360295503,1.4,1.4,190,2023,2,3,150.196,13,148.821,6,1.234101409,0.5548673001,2.924883437,1.250843095,0.9630200308,1.114517939
683,AUD_CAD,2023-06-08 16:00:00,2023-06-08 20:00:00,0.896625,0.8906650261,2023-06-22 04:00:00,0.8905700261,stoploss,-1.015939667,57,2.529373513,-4.378374914,1.9,1.9,33,2023,2,2,0.89887,6,0.88881,4,2.738267047,1.318797732,1.622840679,0.7953055027,0.6761229314,0.6409424094
684,EUR_USD,2023-06-13 04:00:00,2023-06-13 08:00:00,1.078255,1.07366602,2023-08-08 08:00:00,1.099185,time_exit,4.560926,240,10.74857501,-0.1884950306,0.7,0.7,150,2023,4,3,1.07901,4,1.07332,6,2.492928497,2.885172491,1.289384962,0.9413855861,0.9621848739,0.6755313234
685,GBP_CHF,2023-06-13 12:00:00,2023-06-13 16:00:00,1.139605,1.134353814,2023-06-26 12:00:00,1.134258814,stoploss,-1.018091152,54,2.07476946,-6.490914826,1.9,1.9,34,2023,3,2,1.13843,6,1.12637,17,3.88102814,0.2589891202,0.6537522078,1.051191135,0.7802816901,0.3580143721
686,EUR_CAD,2023-06-14 12:00:00,2023-06-14 16:00:00,1.44129,1.434388031,2023-06-23 08:00:00,1.434203031,stoploss,-1.026803947,41,6.782123016,-1.405396139,1.8,3.7,11,2023,3,2,1.44378,6,1.43179,15,1.611134543,1.011305675,2.54752648,1.654600403,1,1.388009795
687,USD_CHF,2023-06-14 20:00:00,2023-06-15 00:00:00,0.900425,0.8943016842,2023-06-15 16:00:00,0.8942566842,stoploss,-1.00734896,5,0.8516627519,-7.377538796,0.9,0.9,2,2023,2,2,0.91092,13,0.90317,8,0.04572685916,1.571044233,5.061058494,1.316280303,0.6583850932,0.3527500564
688,NZD_CHF,2023-06-16 00:00:00,2023-06-16 04:00:00,0.556685,0.5520937944,2023-06-20 16:00:00,0.5520087944,stoploss,-1.018513656,16,0.319088305,-6.657292861,1.7,1.7,4,2023,2,2,0.56025,7,0.55438,17,0.5488754461,3.114650349,2.116779475,0.3789854271,1,0.1089038583
689,GBP_AUD,2023-06-16 12:00:00,2023-06-16 16:00:00,1.86474,1.852747909,2023-08-11 16:00:00,1.94954,time_exit,7.071327317,240,7.639201598,-0.4169414691,4,4,221,2023,2,3,1.8701,10,1.85346,7,0.9639686767,0.5737114615,1.986012427,0.9873173989,0.8163493841,0.4903231677
690,NZD_USD,2023-06-19 08:00:00,2023-06-19 12:00:00,0.622745,0.617511134,2023-06-20 04:00:00,0.617456134,stoploss,-1.010508484,5,3.522252937,-5.220806156,1.1,1.1,0,2023,4,2,0.62477,6,0.61506,11,3.634024999,1.734855257,1.337407389,0.5693687958,0.7981220657,0.1490294164
691,AUD_JPY,2023-06-20 00:00:00,2023-06-20 04:00:00,97.3075,96.48301065,2023-06-20 04:00:00,96.47851065,stoploss,-1.005457924,1,0.1315966065,-6.69080811,0.9,0.9,0,2023,2,3,97.672,6,96.726,5,6.353023272,6.78723143,1.148824975,0.7762380477,0.7637231504,0.06064359748
692,GBP_CAD,2023-06-20 00:00:00,2023-06-20 04:00:00,1.69108,1.683899461,2023-06-21 08:00:00,1.683639461,stoploss,-1.036208982,8,5.906242067,-3.077763492,2.8,5.2,1,2023,3,2,1.69783,9,1.6898,8,4.860359541,1.47899766,2.368274225,0.7826710779,0.8912466844,0.2952424707
693,USD_JPY,2023-06-21 00:00:00,2023-06-21 04:00:00,141.702,140.7922086,2023-07-11 04:00:00,140.7892086,stoploss,-1.003297459,85,4.575774338,-4.911016032,0.6,0.6,42,2023,2,2,142.253,5,139.854,17,1.646531338,1.261827754,1.846982243,0.6550952451,0.9952494062,0.4990155055
694,EUR_CHF,2023-06-21 04:00:00,2023-06-21 08:00:00,0.98075,0.9775019668,2023-06-23 08:00:00,0.9774519668,stoploss,-1.015393931,13,1.059102481,-8.940795365,1,1,7,2023,3,2,0.98141,5,0.97465,17,1.514762851,1.015999473,0.5843032911,0.184727177,0.6056338028,0.06157572566
695,NZD_JPY,2023-06-23 16:00:00,2023-06-23 20:00:00,88.348,87.4597218,2023-07-11 04:00:00,87.4547218,stoploss,-1.005628867,69,1.517542597,-3.844516296,1,1,43,2023,2,2,88.582,4,87.705,8,0.05854021886,1.918317941,2.501247251,1.7674643,0.9223085461,0.8645940016
696,CHF_JPY,2023-06-27 08:00:00,2023-06-27 12:00:00,160.624,159.55063,2023-07-07 08:00:00,159.53963,stoploss,-1.010248097,48,5.546083768,-1.992789044,2.2,2.2,19,2023,2,4,160.684,4,159.659,6,1.28008048,4.604190489,0.6715645747,0.5422174958,0.8035714286,0.3782479438
697,USD_CHF,2023-07-03 08:00:00,2023-07-03 12:00:00,0.898985,0.8936889506,2023-07-07 12:00:00,0.8936439506,stoploss,-1.0084969,25,0.2747330882,-8.258042344,0.9,0.9,0,2023,5,3,0.90168,5,0.89433,11,1.929740317,1.189565949,2.871454805,1.61629913,0.9326923077,1.227329947
698,AUD_CAD,2023-07-05 08:00:00,2023-07-05 12:00:00,0.885585,0.8801894346,2023-07-28 04:00:00,0.8800944346,stoploss,-1.017607052,101,3.715087934,-4.311874322,1.9,1.9,37,2023,2,3,0.88593,4,0.87931,7,2.164740687,1.949749317,0.586291623,0.4373962347,0.8502415459,0.02594723426
699,NZD_CAD,2023-07-06 04:00:00,2023-07-06 08:00:00,0.822015,0.8168699044,2023-07-21 08:00:00,0.8167549044,stoploss,-1.022351382,67,4.037825823,-4.438207108,2.3,2.3,39,2023,4,2,0.82299,4,0.81689,7,5.504270869,5.951298517,0.6453062057,0.2099086348,0.5828402367,0.06608234801
700,GBP_CHF,2023-07-06 12:00:00,2023-07-06 16:00:00,1.144225,1.139174342,2023-07-06 16:00:00,1.139079342,stoploss,-1.018809432,1,0.2168034509,-7.663358509,1.9,1.9,0,2023,3,3,1.14259,6,1.13511,15,0.819695239,1.362198851,0.7607968858,1.310720406,0.8277886497,0.4078676793
701,NZD_CHF,2023-07-07 00:00:00,2023-07-07 04:00:00,0.552155,0.5479808103,2023-07-11 08:00:00,0.5478958103,stoploss,-1.020363233,14,0.4348149269,-8.455533247,1.7,1.7,1,2023,3,3,0.55778,4,0.55351,6,2.146524377,3.641425283,3.40944617,0.512674349,0.9565217391,0.09103563207
702,GBP_CAD,2023-07-10 16:00:00,2023-07-10 20:00:00,1.70689,1.697987749,2023-07-19 16:00:00,1.697727749,stoploss,-1.029206097,42,2.98800836,-2.356707345,2.8,5.2,24,2023,4,4,1.70701,7,1.7005,6,5.225644695,4.749360656,2.704041012,2.356707345,0.9804287046,0.8290038231
703,NZD_USD,2023-07-11 20:00:00,2023-07-12 00:00:00,0.619725,0.6148035355,2023-07-28 08:00:00,0.6147485355,stoploss,-1.011175535,75,4.359474726,-6.868890381,1.1,1.1,13,2023,4,2,0.62247,4,0.61665,8,0.7883832178,1.377638716,1.428647266,0.3169788195,0.761589404,0.3047873265
704,EUR_CAD,2023-07-12 12:00:00,2023-07-12 16:00:00,1.462305,1.455946348,2023-07-24 20:00:00,1.455761348,stoploss,-1.029094218,50,4.056677643,-2.188357023,3.7,3.7,22,2023,3,2,1.46206,7,1.45121,17,4.541843393,3.45670768,2.001819224,1.858884658,0.9819548872,1.081990393
705,EUR_NZD,2023-07-14 00:00:00,2023-07-14 04:00:00,1.75728,1.744968466,2023-09-08 04:00:00,1.81856,time_exit,4.977446273,240,7.218434241,-0.3874415588,3.8,3.8,159,2023,3,2,1.78254,9,1.76826,19,1.257357511,1.551390728,4.427892906,0.7066544154,0.9820143885,0.1055920391
706,CHF_JPY,2023-07-18 16:00:00,2023-07-18 20:00:00,161.852,160.7081513,2023-07-27 20:00:00,160.6971513,stoploss,-1.009616656,43,4.147401542,-2.634089554,2.2,2.2,15,2023,4,3,161.783,6,160.572,10,3.563408239,3.649083903,1.423877088,1.395289389,0.9133175729,0.9022171988
707,NZD_CHF,2023-07-19 00:00:00,2023-07-19 04:00:00,0.539585,0.5344867038,2023-07-21 16:00:00,0.5344017038,stoploss,-1.016672237,16,0.4638804652,-4.457371489,1.7,1.7,11,2023,3,2,0.55023,14,0.54575,18,1.047408746,1.66330078,5.474031162,0.6982724972,0.629489603,0.05099742957
708,AUD_CHF,2023-07-24 16:00:00,2023-07-24 20:00:00,0.58561,0.5810672454,2023-07-26 12:00:00,0.5809972454,stoploss,-1.015409153,11,0.6978144896,-5.582515917,1.4,1.4,3,2023,2,2,0.58873,11,0.58115,4,0.6251713409,0.5327164243,2.91266822,1.356005444,0.9867374005,0.3125856704
709,CAD_JPY,2023-07-24 16:00:00,2023-07-24 20:00:00,107.417,106.5133627,2023-07-26 08:00:00,106.5073627,stoploss,-1.006639832,10,2.462271068,-3.570016389,1.2,1.2,3,2023,4,3,107.8,7,106.079,10,4.603616918,4.065790518,2.204428772,1.248288433,0.8669410151,0.3142853857
710,USD_JPY,2023-07-24 20:00:00,2023-07-25 00:00:00,141.448,140.3775171,2023-07-26 08:00:00,140.3745171,stoploss,-1.002802473,9,6.074828311,-3.176136592,0.6,0.6,3,2023,3,2,141.956,9,139.109,16,3.667503606,2.666086421,1.195048644,0.3101403966,0.7020547945,0.07473262569
711,AUD_JPY,2023-07-25 04:00:00,2023-07-25 08:00:00,95.5935,94.80440908,2023-07-26 12:00:00,94.79990908,stoploss,-1.005702765,8,0.3326612867,-4.818836353,0.9,0.9,0,2023,3,3,95.783,11,94.651,12,2.415437762,2.22788016,1.357692568,0.8541474561,0.7884615385,0.52211981
712,NZD_JPY,2023-07-27 00:00:00,2023-07-27 04:00:00,87.433,86.69843701,2023-07-27 20:00:00,86.69143701,stoploss,-1.009529476,5,1.579170232,-3.403384121,1.4,1.4,2,2023,3,2,87.979,9,87.039,17,0.2886069735,0.04900873134,2.760060718,1.135368943,0.9686847599,0.2150938764
713,NZD_CHF,2023-07-27 04:00:00,2023-07-27 08:00:00,0.537965,0.5333087293,2023-07-31 00:00:00,0.5332237293,stoploss,-1.018254952,11,0.8558351127,-4.532597253,1.7,1.7,2,2023,2,2,0.54078,10,0.5343,7,0.05154339449,0.6872452599,1.970753864,0.7044263914,0.7829457364,0.6872452599
714,USD_CAD,2023-08-01 00:00:00,2023-08-01 04:00:00,1.319455,1.313387137,2023-09-26 04:00:00,1.345895,time_exit,4.357382677,240,8.240957668,-0.03378454798,1.3,1.3,165,2023,4,3,1.32615,5,1.32005,9,1.7139478,1.769980709,2.380751361,0.306532972,0.9137931034,0.05603290885
715,USD_CHF,2023-08-01 00:00:00,2023-08-01 04:00:00,0.872495,0.8654883675,2023-09-26 04:00:00,0.912675,time_exit,5.734566478,240,5.869438686,-0.5073764019,0.9,0.9,240,2023,2,2,0.87363,10,0.86609,8,1.016180023,3.094211081,0.5582222875,0.4395834931,0.987854251,0.0171266296
716,GBP_NZD,2023-08-01 04:00:00,2023-08-01 08:00:00,2.0722,2.057592964,2023-09-22 08:00:00,2.057352964,stoploss,-1.016430438,229,5.914957643,-1.987398384,4.8,4.8,86,2023,2,2,2.09192,9,2.06541,15,1.0405944,0.7133548454,3.490820214,0.7037704233,0.7118644068,0.4696366833
717,EUR_CHF,2023-08-01 12:00:00,2023-08-01 16:00:00,0.96132,0.9562679312,2023-08-03 12:00:00,0.9562179312,stoploss,-1.009896936,12,1.437035052,-1.953655091,1,1,5,2023,2,2,0.96229,6,0.95548,5,2.644461197,1.492457891,0.8220402537,0.4513002642,0.8452380952,0.2296089064
718,CAD_CHF,2023-08-02 08:00:00,2023-08-02 12:00:00,0.658915,0.6544715972,2023-08-03 12:00:00,0.6543965972,stoploss,-1.016878956,7,4.628209699,-2.922309892,1.5,1.5,0,2023,3,2,0.6618,9,0.65339,14,1.350316469,2.147003186,1.591997134,0.2250527449,0.5964912281,0.09002109795
719,CHF_JPY,2023-08-02 16:00:00,2023-08-02 20:00:00,163.376,161.8111786,2023-09-27 20:00:00,162.524,time_exit,-0.544471082,240,2.057742822,-0.9100080056,2.2,2.2,119,2023,2,2,163.996,12,162.892,7,0.2709574399,5.180143886,1.528244795,0.7182928359,0.9033877039,0.7016775212
720,EUR_JPY,2023-08-03 04:00:00,2023-08-03 08:00:00,156.966,155.7125959,2023-08-03 16:00:00,155.7055959,stoploss,-1.005584791,3,2.229927283,-1.144084338,1.4,1.4,0,2023,3,3,157.498,6,156.251,5,2.016907396,7.734137775,1.060829511,0.2170090236,0.7051792829,0.0430826738
721,EUR_GBP,2023-08-04 08:00:00,2023-08-04 12:00:00,0.8615,0.8576324478,2023-08-15 16:00:00,0.8575924478,stoploss,-1.010342459,44,2.352909389,-3.172549254,0.8,0.8,27,2023,3,2,0.86554,5,0.85504,17,3.345785439,0.03619860599,2.679791485,0.5895201547,0.6628571429,0.2533902419
722,EUR_AUD,2023-08-04 20:00:00,2023-08-07 00:00:00,1.67448,1.663543004,2023-09-14 04:00:00,1.663423004,stoploss,-1.010971934,170,2.913962766,-3.895950846,2.4,2.4,49,2023,2,2,1.67669,8,1.6637,4,3.436043952,5.520711384,1.160433345,0.9033558872,0.7713841369,0.1682363191
723,EUR_CAD,2023-08-07 16:00:00,2023-08-07 20:00:00,1.47085,1.463859943,2023-08-25 08:00:00,1.463674943,stoploss,-1.026466163,82,1.650916357,-7.8854861,1.8,3.7,22,2023,3,3,1.4745,6,1.45773,12,3.318999955,2.672367205,1.600162889,0.5264620618,0.6090425532,0.1287543086
724,AUD_CHF,2023-08-08 20:00:00,2023-08-09 00:00:00,0.57289,0.568478372,2023-08-11 16:00:00,0.568408372,stoploss,-1.015867158,17,4.426937198,-2.865155463,1.4,1.4,9,2023,3,2,0.57693,10,0.5714,11,0.9565629788,0.3581444328,2.666071802,0.8024248685,0.8099547511,0.6210859151
725,EUR_CHF,2023-08-11 08:00:00,2023-08-11 12:00:00,0.96422,0.9607064538,2023-08-11 16:00:00,0.9606564538,stoploss,-1.014230637,2,1.471447858,-3.634504671,1,1,0,2023,3,2,0.96374,6,0.96026,8,0.5464564579,1.474293986,0.5786824963,0.8196846869,0.7042253521,0.5635332223
726,CAD_JPY,2023-08-11 16:00:00,2023-08-11 20:00:00,107.809,107.0760222,2023-08-18 16:00:00,107.0700222,stoploss,-1.008185786,30,4.582676119,-1.72856524,1.2,1.2,9,2023,2,3,107.88,5,106.558,12,2.139218861,2.182876389,0.8628989944,0.6193911753,0.75795053,0.482961401
727,AUD_CHF,2023-08-14 08:00:00,2023-08-14 12:00:00,0.569,0.564873854,2023-08-16 20:00:00,0.564803854,stoploss,-1.016964984,15,5.675998861,-2.120622973,1.4,1.4,5,2023,2,2,0.57544,11,0.57087,14,0.6446693838,0.7610007012,3.737143617,0.6301279692,0.84,0.2665926023
728,AUD_JPY,2023-08-15 04:00:00,2023-08-15 08:00:00,94.6395,93.89663193,2023-08-16 00:00:00,93.89213193,stoploss,-1.006057603,5,3.07255094,-2.491021036,0.9,0.9,0,2023,3,2,94.937,15,93.573,6,2.58726962,1.809204146,1.722093717,0.7888345458,0.8798882682,0.4496087684
729,NZD_USD,2023-08-15 04:00:00,2023-08-15 08:00:00,0.598395,0.5927576854,2023-08-16 20:00:00,0.5927026854,stoploss,-1.009756419,10,1.153918225,-2.4009659,1.1,1.1,0,2023,2,2,0.61181,16,0.6041,19,0.8301825201,0.2235106785,5.331404658,0.4683080883,0.6939393939,0.188032793
730,EUR_JPY,2023-08-15 08:00:00,2023-08-15 12:00:00,159.162,158.3207907,2023-08-17 20:00:00,158.3137907,stoploss,-1.008321353,15,0.7120700761,-5.729846021,1.4,1.4,0,2023,3,2,159.221,12,158.188,6,3.523498674,4.39129693,1.165203284,0.9415016699,0.8228882834,0.7536768418
731,USD_JPY,2023-08-16 12:00:00,2023-08-16 16:00:00,145.87,145.166198,2023-08-18 08:00:00,145.163198,stoploss,-1.004262562,11,6.094043175,-2.028979635,0.6,0.6,2,2023,2,3,145.865,7,145.101,5,2.756456927,5.200325955,0.985062951,0.9718641948,0.965,0.8809295333
732,GBP_CHF,2023-08-17 16:00:00,2023-08-17 20:00:00,1.121825,1.116619968,2023-08-23 08:00:00,1.116524968,stoploss,-1.01825157,22,0.4889499642,-3.192103597,1.9,1.9,6,2023,3,3,1.12186,6,1.11196,14,2.662808056,1.098936658,0.7305674974,0.6993233279,1,0.3573465357
733,GBP_USD,2023-08-18 16:00:00,2023-08-18 20:00:00,1.274535,1.266819334,2023-08-23 12:00:00,1.266774334,stoploss,-1.00583229,17,0.7095952581,-9.178080037,0.9,0.9,9,2023,4,2,1.27874,6,1.27023,7,1.884477635,2.231822894,2.001820453,0.8787316621,0.8904761905,0.08035599269
734,GBP_CAD,2023-08-21 16:00:00,2023-08-21 20:00:00,1.72964,1.721148299,2023-08-23 08:00:00,1.720888299,stoploss,-1.030618129,10,0.2155045204,-11.06845348,5.2,5.2,3,2023,5,3,1.72813,6,1.72077,8,4.38781335,4.797625224,1.392538726,1.610984611,0.968707483,1.088121185
735,EUR_GBP,2023-08-23 12:00:00,2023-08-23 16:00:00,0.85541,0.8520781463,2023-10-18 16:00:00,0.86692,time_exit,3.454533482,240,4.55902377,-0.9184076851,0.8,0.8,143,2023,3,2,0.85631,13,0.85249,15,0.3601598765,0.1080479629,1.937680555,1.230546245,0.6456456456,1.044463642
736,AUD_CHF,2023-08-23 16:00:00,2023-08-23 20:00:00,0.56858,0.5643774609,2023-10-18 20:00:00,0.56909,time_exit,0.1213552077,240,5.672761083,-0.8827996483,1.4,1.4,160,2023,2,4,0.56695,7,0.56419,4,0.4568666644,1.875056935,0.8943392826,1.575238187,0.9673366834,1.066022217
737,NZD_CHF,2023-08-25 00:00:00,2023-08-25 04:00:00,0.524335,0.5208284586,2023-08-28 00:00:00,0.5207434586,stoploss,-1.02424041,6,7.644284518,-1.393110609,1.7,1.7,0,2023,2,4,0.52552,7,0.52182,8,0.838432997,2.828998412,1.217348437,0.3764393048,0.9433962264,0.05133263247
738,AUD_USD,2023-08-25 08:00:00,2023-08-25 12:00:00,0.64252,0.6376694056,2023-09-05 08:00:00,0.6376194056,stoploss,-1.010308015,42,1.9956317,-2.882120988,1,1,19,2023,3,3,0.64881,7,0.64108,11,2.754301602,1.311179505,3.465382288,0.8452572282,0.9193548387,0.2020370936
739,NZD_CAD,2023-08-25 12:00:00,2023-08-25 16:00:00,0.805025,0.8003179918,2023-09-05 12:00:00,0.8002029918,stoploss,-1.024431655,42,3.56808387,-2.312509254,2.3,2.3,29,2023,3,2,0.81025,11,0.80284,15,2.048010033,1.555127951,3.230640234,0.9347763637,0.8858131488,0.5438698843
740,AUD_JPY,2023-08-28 00:00:00,2023-08-28 04:00:00,94.089,93.43091385,2023-10-03 16:00:00,93.42641385,stoploss,-1.006838011,160,4.304907516,-1.691267937,0.8,0.9,146,2023,2,2,94.177,10,93.447,6,0.3494983158,1.878173558,1.320485096,0.9755561685,0.8804071247,0.3251853895
741,AUD_NZD,2023-08-30 04:00:00,2023-08-30 08:00:00,1.087605,1.083062649,2023-09-01 16:00:00,1.082957649,stoploss,-1.023115781,15,0.9191274926,-5.837285142,2.1,2.1,8,2023,3,4,1.08907,5,1.08493,7,1.250453691,2.131054881,1.765139323,0.9730643155,0.9790026247,0.6076148215
742,USD_JPY,2023-08-30 04:00:00,2023-08-30 08:00:00,146.225,145.3791539,2023-08-31 20:00:00,145.3761539,stoploss,-1.003546745,10,4.650964295,-2.107948485,0.6,0.6,0,2023,3,3,147.372,4,146.305,7,1.744998297,4.168607043,3.433965919,0.7424518499,0.9230769231,0.2884685531
743,NZD_USD,2023-08-31 12:00:00,2023-08-31 16:00:00,0.596555,0.591145667,2023-09-05 08:00:00,0.591090667,stoploss,-1.010167612,17,1.664715406,-3.554042608,1.1,1.1,5,2023,3,3,0.60065,5,0.59399,7,2.358886017,1.985457353,2.069054972,0.5102292639,0.7980769231,0.03697313507
744,EUR_CAD,2023-09-01 08:00:00,2023-09-01 12:00:00,1.46567,1.45876212,2023-09-05 16:00:00,1.45857712,stoploss,-1.02678101,14,1.100192838,-7.22942504,1.8,3.7,1,2023,3,4,1.48239,10,1.47191,12,3.03711128,2.623091344,4.884779601,0.1158097724,0.5875912409,0.09554306221
745,GBP_JPY,2023-09-01 08:00:00,2023-09-01 12:00:00,184.384,183.3797201,2023-09-07 16:00:00,183.3677201,stoploss,-1.01194886,26,1.392042206,-6.27315157,2.4,2.4,13,2023,3,2,186.063,9,184.084,4,2.825905422,0.02389772027,3.491279481,0.1314374615,0.6568627451,0.02389772027
746,AUD_CAD,2023-09-01 12:00:00,2023-09-01 16:00:00,0.881705,0.87481046,2023-09-04 00:00:00,0.87471546,stoploss,-1.013779019,3,0.006526903911,-3.661593094,1.9,1.9,0,2023,2,3,0.88218,11,0.87466,9,2.15822956,1.453323937,2.621062494,2.137923636,0.8841870824,1.917459327
747,NZD_JPY,2023-09-01 12:00:00,2023-09-01 16:00:00,86.868,86.23034884,2023-10-27 16:00:00,87.358,time_exit,0.7684452444,240,5.226995917,-0.8954739481,1.4,1,119,2023,2,2,87.526,12,86.485,5,2.252015043,0.4861592362,2.740022486,0.5802545723,0.8075117371,0.1536890489
748,GBP_JPY,2023-09-08 04:00:00,2023-09-08 08:00:00,183.902,182.8181753,2023-09-11 08:00:00,182.8061753,stoploss,-1.011071901,7,0.5194566818,-5.368026598,2.4,2.4,2,2023,2,3,185.782,15,184.234,9,2.267894358,1.28987645,4.248333398,0.677231269,0.6586466165,0.05720482108
749,USD_JPY,2023-09-08 08:00:00,2023-09-08 12:00:00,147.411,146.5921736,2023-09-11 04:00:00,146.5891736,stoploss,-1.00366378,5,5.259967347,-1.841660265,0.6,0.6,2,2023,3,3,147.873,8,147.013,12,3.856739467,6.27971955,1.57656083,0.4420961643,0.8740740741,0.1587638159
750,NZD_CHF,2023-09-11 04:00:00,2023-09-11 08:00:00,0.528095,0.5246130199,2023-09-13 00:00:00,0.5245280199,stoploss,-1.024411397,11,6.618360647,-3.065784331,1.7,1.7,2,2023,3,4,0.52729,4,0.5233,7,1.028150623,1.39575755,0.5666286681,0.9764558994,0.9470899471,0.769677003
751,NZD_USD,2023-09-13 00:00:00,2023-09-13 04:00:00,0.590935,0.5869904764,2023-10-18 16:00:00,0.5869354764,stoploss,-1.013943382,154,3.707672029,-3.449085672,1.1,1.1,119,2023,2,3,0.59349,8,0.58723,13,1.566729103,1.201666011,1.680093781,0.4664695065,0.73,0.05577352795
752,CAD_CHF,2023-09-14 08:00:00,2023-09-14 12:00:00,0.660405,0.6572793352,2023-10-18 12:00:00,0.6572043352,stoploss,-1.023994895,145,7.209666256,-3.917566599,1.5,1.5,59,2023,5,3,0.6601,4,0.65561,8,3.615230916,2.777009234,0.544344265,0.6462625177,0.9683544304,0.4095128825
753,EUR_CHF,2023-09-15 04:00:00,2023-09-15 08:00:00,0.95376,0.9502733024,2023-10-13 16:00:00,0.9502233024,stoploss,-1.014340217,123,4.482751828,-3.447388162,1,1,48,2023,4,2,0.95983,4,0.95445,17,1.938797336,0.5334560717,3.777568428,0.3957899887,0.9423076923,0.1720826038
754,EUR_JPY,2023-09-22 04:00:00,2023-09-22 08:00:00,157.717,156.8680567,2023-09-28 00:00:00,156.8630567,stoploss,-1.005889675,23,7.76023602,-3.975530748,1.4,1,0,2023,3,2,158.448,9,157.687,13,1.29572854,0.8009958248,2.882023336,0.9235010685,0.6952941176,0.6172379591
755,CAD_JPY,2023-09-27 12:00:00,2023-09-27 16:00:00,110.412,109.8927905,2023-10-02 16:00:00,109.8867905,stoploss,-1.01155603,19,1.456059765,-6.122769832,1.2,1.2,11,2023,3,3,110.695,8,110.101,4,1.744960512,3.389768765,1.676448304,0.5700974741,0.9369747899,0.3235688366
756,NZD_CHF,2023-09-29 04:00:00,2023-09-29 08:00:00,0.548465,0.5446293624,2023-10-03 00:00:00,0.5445443624,stoploss,-1.022160592,11,0.6974068654,-8.093830332,1.7,1.7,1,2023,2,2,0.54768,4,0.54114,13,3.008626253,1.308778491,0.9521644228,1.27749295,0.8936170213,1.131493755
757,CHF_JPY,2023-10-02 08:00:00,2023-10-02 12:00:00,164.264,163.332046,2023-10-02 16:00:00,163.321046,stoploss,-1.011803157,2,6.72565374,-4.646151993,2.2,2.2,0,2023,2,2,163.899,5,162.967,4,1.300493352,2.021558973,0.9681412993,1.648149991,0.9652351738,1.31980761
758,EUR_JPY,2023-10-03 08:00:00,2023-10-03 12:00:00,157.097,156.3023967,2023-10-03 16:00:00,156.2953967,stoploss,-1.008809427,2,9.071192761,-3.467138743,1.4,1.4,0,2023,3,2,158.474,6,157.398,12,1.384338518,1.739232574,4.215893817,0.6795843634,0.7813852814,0.2768677036
759,EUR_CAD,2023-10-04 08:00:00,2023-10-04 12:00:00,1.436245,1.42910596,2023-11-29 12:00:00,1.489795,time_exit,7.501008606,240,9.549603394,-0.4587451575,3.7,3.7,203,2023,3,3,1.43958,5,1.43023,8,2.762276185,4.062170861,1.529468567,0.5434904462,0.6301369863,0.1877003087
760,EUR_AUD,2023-10-05 08:00:00,2023-10-05 12:00:00,1.65892,1.648186543,2023-10-09 20:00:00,1.648066543,stoploss,-1.011179995,15,2.383202299,-1.346257749,2.4,2.4,6,2023,2,3,1.66433,9,1.65508,6,2.31053233,4.324794789,2.59944863,1.453399369,0.9632802938,0.09316662621
761,GBP_AUD,2023-10-05 16:00:00,2023-10-05 20:00:00,1.91571,1.904362596,2023-10-25 00:00:00,1.904162596,stoploss,-1.017625177,80,1.626803807,-2.273647791,4,4,73,2023,3,3,1.92216,6,1.90944,8,3.049155564,4.170116801,1.711086788,0.5463804768,0.6342756184,0.06345063602
762,EUR_NZD,2023-10-06 04:00:00,2023-10-06 08:00:00,1.76928,1.758715625,2023-10-09 16:00:00,1.758525625,stoploss,-1.017984973,9,5.599006061,-1.753061576,3.8,3.8,1,2023,3,3,1.78229,12,1.76536,13,2.943856103,2.114654191,2.819719268,0.3975625605,0.9211267606,0.0492220313
763,USD_CAD,2023-10-06 04:00:00,2023-10-06 08:00:00,1.371465,1.364935295,2023-10-06 20:00:00,1.364870295,stoploss,-1.009954508,4,2.824783098,-3.014684483,1.3,1.3,1,2023,3,3,1.37855,4,1.37108,6,1.516148152,9.005001148,2.236851322,0.1592721291,0.9495798319,0.006125851121
764,GBP_NZD,2023-10-06 08:00:00,2023-10-06 12:00:00,2.04587,2.03502584,2023-10-09 12:00:00,2.03478584,stoploss,-1.022131727,7,4.747255498,-1.643280749,4.8,4.8,0,2023,2,2,2.05841,10,2.02839,20,3.712597249,0.2508262423,2.647778561,0.3485747044,0.699751861,0.3043112499
765,AUD_JPY,2023-10-09 12:00:00,2023-10-09 16:00:00,94.9165,94.09511995,2023-10-13 16:00:00,94.09061995,stoploss,-1.005478584,25,4.466263817,-1.065889048,0.9,0.9,16,2023,2,2,95.555,4,94.216,11,2.086731956,3.019308782,1.64959804,0.1582702184,0.6966292135,0.02921911724
766,AUD_USD,2023-10-09 12:00:00,2023-10-09 16:00:00,0.63677,0.6309539959,2023-10-12 20:00:00,0.6309039959,stoploss,-1.008596968,20,5.548483058,-1.678128127,1,1,8,2023,2,2,0.64003,4,0.63123,6,0.7771658948,0.925033742,1.341802644,0.2579090359,0.8828125,0.1375514858
767,AUD_CAD,2023-10-09 20:00:00,2023-10-10 00:00:00,0.871035,0.8651657755,2023-10-12 16:00:00,0.8650707755,stoploss,-1.016186125,17,5.655772795,-2.190238267,1.9,1.9,6,2023,2,2,0.87454,10,0.86584,8,0.04770647335,1.151770571,1.993480435,0.6951514688,0.7770034843,0.2351247615
768,NZD_CAD,2023-10-10 16:00:00,2023-10-10 20:00:00,0.820515,0.8147608018,2023-10-12 12:00:00,0.8146458018,stoploss,-1.019985408,11,3.526990093,-4.227348313,2.3,2.3,1,2023,2,3,0.81978,11,0.8151,4,0.4275139507,3.416635882,0.8903768441,1.080949908,0.9017199017,0.6152030022
769,CAD_JPY,2023-10-11 04:00:00,2023-10-11 08:00:00,109.544,108.9497642,2023-10-24 16:00:00,108.9437642,stoploss,-1.010097003,57,1.904967812,-3.889028811,1.2,1.2,20,2023,2,2,109.67,4,108.953,9,0.8279542081,3.278160157,0.8915262486,0.4745591193,0.9038461538,0.2154027208
770,EUR_USD,2023-10-13 04:00:00,2023-10-13 08:00:00,1.055025,1.049272341,2023-12-08 08:00:00,1.078375,time_exit,4.058992306,240,8.118853774,-0.9534720684,0.7,0.7,196,2023,4,3,1.06397,5,1.05811,10,1.380231217,3.427979797,3.350016355,0.3720018644,0.9918699187,0.3511419468
771,CHF_JPY,2023-10-13 16:00:00,2023-10-13 20:00:00,165.957,164.9967824,2023-10-30 16:00:00,164.9857824,stoploss,-1.011455736,66,4.764544808,-3.988679042,2.2,2.2,27,2023,3,2,165.865,8,164.065,16,3.272174817,1.216390893,1.560672169,1.605885922,0.9055441478,1.493411422
772,NZD_CHF,2023-10-16 00:00:00,2023-10-16 04:00:00,0.532895,0.5289688729,2023-10-18 12:00:00,0.5288838729,stoploss,-1.021649834,15,2.808110823,-3.94154331,1.7,1.7,1,2023,2,2,0.54737,18,0.54268,24,0.310738794,0.9627808536,8.462218336,0.3922440515,0.7323943662,0.6877006097
773,GBP_NZD,2023-10-16 16:00:00,2023-10-16 20:00:00,2.05959,2.047421986,2023-11-30 16:00:00,2.047181986,stoploss,-1.019723843,198,3.103217932,-1.941154861,4.8,4.8,67,2023,2,3,2.066,7,2.04901,4,4.17652371,3.445097873,1.780639992,0.6969091118,0.7945670628,0.4092697378
774,EUR_NZD,2023-10-17 00:00:00,2023-10-17 04:00:00,1.78705,1.775856974,2023-11-29 00:00:00,1.775666974,stoploss,-1.016974855,186,3.696944833,-3.648700507,3.8,3.8,122,2023,2,3,1.78606,7,1.77352,6,4.056097038,4.066817999,1.099805317,1.056014691,0.6759720837,0.7987116194
775,USD_CAD,2023-10-17 04:00:00,2023-10-17 08:00:00,1.363225,1.358196258,2023-11-28 12:00:00,1.358131258,stoploss,-1.012925699,182,5.306496493,-3.031573507,1.3,1.3,69,2023,2,4,1.37006,14,1.36366,9,3.062396327,2.688545347,3.351078045,0.684067751,0.9555555556,0.5687307465
776,EUR_GBP,2023-10-19 04:00:00,2023-10-19 08:00:00,0.86869,0.8658513741,2023-11-06 00:00:00,0.8658113741,stoploss,-1.014091325,71,2.783036679,-4.854461447,0.8,0.8,48,2023,3,3,0.86907,10,0.86603,4,2.747808366,2.754854029,0.7550869743,0.4931963735,1,0.4579680611
777,AUD_CAD,2023-10-19 12:00:00,2023-10-19 16:00:00,0.867795,0.8629068754,2023-12-14 16:00:00,0.900405,time_exit,6.671270197,240,7.828155599,-0.9563995146,1.9,1.9,238,2023,2,2,0.87115,7,0.8601,17,2.917274241,0.7855773553,2.170369521,0.7119294783,0.8690095847,0.6914717346
778,AUD_CHF,2023-10-20 16:00:00,2023-10-20 20:00:00,0.56379,0.5598004332,2023-12-15 20:00:00,0.5827,time_exit,4.73986304,240,5.679814727,-0.6166083066,1.4,1.4,231,2023,3,2,0.57441,14,0.56831,22,1.273321219,1.193112008,5.471726266,0.2306014805,0.6849315068,0.1554053456
779,GBP_CAD,2023-10-20 16:00:00,2023-10-20 20:00:00,1.66452,1.656466307,2023-12-15 20:00:00,1.69795,time_exit,4.15089057,240,7.802631271,-0.1266499665,5.2,5.2,168,2023,4,5,1.66861,6,1.66069,7,1.313682986,1.355899642,1.80775633,0.6804331535,0.7699443414,0.06953331496
780,EUR_AUD,2023-10-25 08:00:00,2023-10-25 12:00:00,1.66622,1.655956273,2023-11-01 12:00:00,1.655836273,stoploss,-1.01169166,31,1.737185787,-4.993313044,2.4,2.4,3,2023,2,3,1.6845,9,1.67426,12,1.040557723,3.68871867,4.71727159,1.044454943,0.9085173502,0.7463176178
781,GBP_AUD,2023-10-25 08:00:00,2023-10-25 12:00:00,1.91077,1.899220829,2023-11-01 20:00:00,1.899020829,stoploss,-1.01731726,33,1.807921965,-3.755247874,4,4,4,2023,2,2,1.93417,8,1.91592,21,1.167183337,1.501406459,4.7489477,0.7203980243,0.9139344262,0.4017604366
782,NZD_CAD,2023-10-26 12:00:00,2023-10-26 16:00:00,0.803755,0.7987271264,2023-12-21 16:00:00,0.837435,time_exit,6.698656903,240,7.517094348,-0.2555752411,2.3,2.3,180,2023,2,2,0.80601,8,0.7999,9,1.09390181,1.475772987,2.204584759,1.157547006,0.9655172414,0.9825227167
783,USD_CHF,2023-10-31 12:00:00,2023-10-31 16:00:00,0.906465,0.9017557256,2023-11-03 12:00:00,0.9017107256,stoploss,-1.009555612,18,1.013956636,-11.69500769,0.9,0.9,7,2023,3,3,0.90488,6,0.90062,4,4.102542869,3.631132663,1.492393855,1.974826536,0.9280701754,1.537391841
784,NZD_USD,2023-11-01 08:00:00,2023-11-01 12:00:00,0.581935,0.5777126399,2023-12-28 00:00:00,0.633875,time_exit,12.30117735,240,12.94891936,-0.1030229524,1.1,1.1,240,2023,2,2,0.58573,6,0.58045,14,0.6205060581,1.47784649,2.350312496,0.5541924336,0.6536312849,0.4641953717
785,AUD_JPY,2023-11-01 12:00:00,2023-11-01 16:00:00,96.1715,95.41348925,2023-12-07 08:00:00,95.40898925,stoploss,-1.005936591,155,3.183991788,-3.256550126,0.9,0.9,60,2023,3,3,96.161,4,94.837,10,2.092318615,1.569898582,0.9552738818,0.8020994437,0.7115789474,0.2849563813
786,EUR_CHF,2023-11-02 08:00:00,2023-11-02 12:00:00,0.95944,0.9548035896,2023-11-30 16:00:00,0.9547535896,stoploss,-1.010784205,122,1.951941116,-7.257770004,1,1,77,2023,3,2,0.96291,9,0.95676,5,2.765070177,4.766618636,2.052076509,0.556464981,0.7109004739,0.1682335989
787,EUR_JPY,2023-11-02 12:00:00,2023-11-02 16:00:00,159.957,158.9661788,2023-12-04 16:00:00,158.9591788,stoploss,-1.007064847,133,4.388279276,-6.893272183,1.4,1.4,58,2023,3,2,160.854,13,159.06,4,3.940166121,2.749234762,2.351027331,0.5712433464,0.7085308057,0.5409654305
788,GBP_JPY,2023-11-03 08:00:00,2023-11-03 12:00:00,183.599,182.6133885,2023-12-07 08:00:00,182.6013885,stoploss,-1.012175182,144,5.137926948,-5.340846654,2.4,2.4,91,2023,2,2,184.38,15,182.721,6,5.079080234,3.967080246,1.863577395,0.3003211644,0.9590643275,0.1663941587
789,GBP_CHF,2023-11-03 12:00:00,2023-11-03 16:00:00,1.109755,1.103597619,2023-11-08 12:00:00,1.103502619,stoploss,-1.015428637,18,0.9525153432,-7.486137211,1.9,1.9,5,2023,2,2,1.10641,16,1.09986,7,3.056494247,0.03248134163,0.6922766365,1.760488716,0.9155405405,1.133598823
790,CAD_JPY,2023-11-06 00:00:00,2023-11-06 04:00:00,109.503,108.8835139,2023-11-17 08:00:00,108.8775139,stoploss,-1.009685447,56,1.893504954,-8.563549685,1.2,1.2,46,2023,3,2,109.555,7,108.49,10,3.722440259,3.244624857,0.8725906874,0.5068717438,0.8662207358,0.3519045865
791,USD_JPY,2023-11-06 00:00:00,2023-11-06 04:00:00,149.54,148.7379573,2023-11-20 04:00:00,148.7349573,stoploss,-1.003740449,61,2.953707917,-11.58292383,0.6,0.6,33,2023,2,2,151.718,19,149.842,9,4.648131327,2.588390728,5.88361626,0.5860036812,0.6733524355,0.1496179612
792,NZD_JPY,2023-11-08 04:00:00,2023-11-08 08:00:00,89.366,88.82870225,2023-12-07 16:00:00,88.82170225,stoploss,-1.013028158,129,3.997783337,-3.14164724,1,1.4,101,2023,2,2,89.757,11,88.929,4,3.368709422,5.099593269,1.848681083,0.4169010556,0.7142857143,0.2456738363
793,GBP_AUD,2023-11-08 16:00:00,2023-11-08 20:00:00,1.91719,1.905788373,2023-11-15 16:00:00,1.905588373,stoploss,-1.017541356,30,1.268240016,-5.118567587,4,4,21,2023,4,3,1.91866,8,1.89772,9,3.41179368,1.369979879,1.924371122,1.522589673,0.9718875502,1.340159574
794,GBP_CHF,2023-11-09 08:00:00,2023-11-09 12:00:00,1.107795,1.102654838,2023-11-09 20:00:00,1.102559838,stoploss,-1.018481907,3,1.52232546,-8.586304687,1.9,1.9,0,2023,2,2,1.11539,17,1.1025,5,0.6770214186,1.027204911,4.253820696,1.178951091,0.9751552795,0.9026952248
795,EUR_AUD,2023-11-09 20:00:00,2023-11-10 00:00:00,1.6751,1.665929643,2023-11-15 12:00:00,1.665809643,stoploss,-1.013085642,22,0.9759707632,-6.787086068,2.4,2.4,15,2023,2,3,1.67304,6,1.65721,9,1.437239627,2.604042662,0.8409398505,1.219145601,0.8903508772,1.097012947
796,USD_CHF,2023-11-13 12:00:00,2023-11-13 16:00:00,0.904155,0.9000759858,2023-11-14 12:00:00,0.9000309858,stoploss,-1.011032077,6,0.09193397784,-17.38287653,0.9,0.9,0,2023,3,3,0.9046,7,0.90022,6,1.343461863,1.524878246,1.29419158,0.9953385334,0.6574074074,0.789406423
797,AUD_NZD,2023-11-15 12:00:00,2023-11-15 16:00:00,1.080345,1.075773591,2023-11-29 00:00:00,1.075668591,stoploss,-1.022968849,57,1.836414189,-3.319545601,2.1,2.1,18,2023,2,2,1.08678,6,1.08007,9,2.6600115,1.098129748,4.025651435,1.045629521,0.7891373802,0.2756261916
798,EUR_AUD,2023-11-16 00:00:00,2023-11-16 04:00:00,1.67316,1.663480951,2023-11-21 12:00:00,1.663360951,stoploss,-1.012397912,21,0.7263110068,-6.229950741,2.4,2.4,7,2023,2,2,1.68405,9,1.67392,15,0.1570402177,1.444356739,3.86793234,1.338974488,0.8695652174,1.22739328
799,GBP_AUD,2023-11-16 00:00:00,2023-11-16 04:00:00,1.91385,1.902455737,2023-11-20 12:00:00,1.902255737,stoploss,-1.017552693,15,1.114595995,-4.828745798,4,4,3,2023,4,2,1.93165,10,1.91783,18,1.771066707,1.153211919,4.45699469,1.046140493,0.8669527897,0.9776849908
800,AUD_USD,2023-11-17 08:00:00,2023-11-17 12:00:00,0.64878,0.643284792,2024-01-16 08:00:00,0.66119,time_exit,2.258331264,240,6.976987966,-0.02365697537,1,1,167,2023,2,2,0.65424,11,0.63605,18,5.488418285,0.7970580932,2.754900797,0.666034845,0.9060052219,0.644197637
801,NZD_CHF,2023-11-20 04:00:00,2023-11-20 08:00:00,0.532705,0.5287959977,2023-12-28 08:00:00,0.5287109977,stoploss,-1.021744679,165,2.869018518,-1.275261463,1.7,1.7,40,2023,2,2,0.53697,17,0.52821,5,2.348425323,0.3683804428,2.587590045,0.3837296279,0.6163522013,0.127909876
802,GBP_USD,2023-11-24 04:00:00,2023-11-24 08:00:00,1.254605,1.24875073,2024-01-23 04:00:00,1.272015,time_exit,2.973897719,240,4.812726493,-0.7797727219,0.9,0.9,139,2023,2,2,1.25686,5,1.24491,9,0.3177168155,2.569065003,1.202218774,0.4372876601,0.9814814815,0.02391416891
803,CHF_JPY,2023-11-27 08:00:00,2023-11-27 12:00:00,169.37,168.4674157,2023-11-28 00:00:00,168.4564157,stoploss,-1.012187227,4,2.448524768,-8.024735246,2.2,2.2,0,2023,2,2,169.462,10,168.829,7,0.2171542328,5.043296264,0.8101030626,0.5761234748,0.9371428571,0.3279472087
804,CAD_JPY,2023-11-28 08:00:00,2023-11-28 12:00:00,109.334,108.67241,2023-11-28 16:00:00,108.66641,stoploss,-1.00906906,2,1.60522369,-7.763115699,1.2,1.2,0,2023,2,2,109.986,10,108.903,13,2.046584629,5.04844362,3.122877317,1.058057046,0.8551724138,0.8555146973
805,CAD_CHF,2023-12-13 08:00:00,2023-12-13 12:00:00,0.644525,0.6412968135,2023-12-27 16:00:00,0.6412218135,stoploss,-1.023232859,57,2.104896991,-4.406498851,1.5,1.5,14,2023,4,2,0.64959,10,0.64612,12,2.546321304,2.366653864,3.340829911,0.1982537269,0.6330935252,0.1239085793
806,GBP_NZD,2023-12-14 08:00:00,2023-12-14 12:00:00,2.03756,2.02180677,2023-12-20 08:00:00,2.02156677,stoploss,-1.015234971,24,3.606244593,-2.026251143,4.8,4.8,5,2023,2,2,2.06047,6,2.0395,12,0.3377085238,0.4481620635,4.914904404,1.540001652,0.7495569994,0.472284101
807,EUR_AUD,2023-12-14 12:00:00,2023-12-14 16:00:00,1.63209,1.620643443,2023-12-19 16:00:00,1.620523443,stoploss,-1.010483501,19,3.086517524,-1.679981092,2.4,2.4,0,2023,3,2,1.64808,7,1.63214,14,0.8910976152,0.5451420705,4.249751714,1.230064159,0.8184747583,0.2446150316
808,EUR_NZD,2023-12-14 12:00:00,2023-12-14 16:00:00,1.76354,1.748822513,2023-12-18 00:00:00,1.748632513,stoploss,-1.012909812,9,2.039070889,-1.719722899,3.8,3.8,0,2023,2,2,1.77269,7,1.74848,14,1.350774051,0.3084765691,2.705476267,1.319518716,0.8486672399,0.2391712606
809,EUR_CAD,2023-12-18 04:00:00,2023-12-18 08:00:00,1.459995,1.452043516,2024-01-30 00:00:00,1.451858516,stoploss,-1.023266097,174,1.703455612,-1.795262375,3.7,3.7,157,2023,4,3,1.47643,9,1.46534,10,2.794446933,2.200847044,4.237591692,0.2766779142,0.8872180451,0.2641016453
810,EUR_USD,2023-12-18 04:00:00,2023-12-18 08:00:00,1.091595,1.085297453,2024-01-17 12:00:00,1.085262453,stoploss,-1.00555772,123,3.549795049,-3.421173533,0.7,0.7,43,2023,3,2,1.10093,9,1.07733,16,7.313959291,1.003565409,3.438320646,0.5684753422,0.972972973,0.447793426
811,AUD_CAD,2023-12-18 08:00:00,2023-12-18 12:00:00,0.900145,0.893387933,2024-01-05 08:00:00,0.893292933,stoploss,-1.014059355,72,0.9345770937,-4.143069792,1.9,1.9,40,2023,2,3,0.90606,12,0.89292,5,3.045700172,1.038912304,2.434595972,0.6778088819,0.8355704698,0.3877421988
812,CAD_JPY,2023-12-20 16:00:00,2023-12-20 20:00:00,108.033,107.0337615,2023-12-21 04:00:00,107.0277615,stoploss,-1.006004573,3,3.584729787,-1.807376325,1.2,1.2,0,2023,2,3,108.28,7,106.221,10,2.609987517,2.984272536,1.695032127,1.154879446,0.9884488449,0.7245517492
813,CHF_JPY,2023-12-20 16:00:00,2023-12-20 20:00:00,167,165.5390527,2024-02-16 20:00:00,170.539,time_exit,2.422400874,240,3.304020632,-0.9480150353,2.2,2.2,153,2023,2,2,167.356,4,163.008,16,4.306794659,1.189639084,1.467621526,0.9555443966,0.921815889,0.6461560963
814,EUR_JPY,2023-12-20 16:00:00,2023-12-20 20:00:00,157.687,156.3200707,2023-12-21 12:00:00,156.3130707,stoploss,-1.005120967,5,3.098916615,-1.9145101,1.4,1.4,0,2023,2,3,158.569,7,155.381,10,3.040391278,2.241520422,2.103356488,0.8208178571,0.9095315024,0.6320736439
815,GBP_JPY,2023-12-20 16:00:00,2023-12-20 20:00:00,182.327,180.57442,2023-12-21 04:00:00,180.56242,stoploss,-1.006847048,3,4.42034028,-2.048979211,2.4,2.4,0,2023,2,3,184.177,7,180.042,10,2.783325143,1.947985248,3.057401873,0.9426103191,0.9810201661,0.5420579922
816,USD_JPY,2023-12-20 16:00:00,2023-12-20 20:00:00,143.897,142.5497808,2023-12-21 12:00:00,142.5467808,stoploss,-1.002226809,5,5.187723033,-2.707057648,0.6,0.6,0,2023,2,3,144.956,7,142.247,10,3.696503177,1.926932178,2.373704574,0.8075894491,0.9212598425,0.374103936
817,EUR_GBP,2023-12-22 08:00:00,2023-12-22 12:00:00,0.86742,0.8638327889,2023-12-25 00:00:00,0.8636927889,stoploss,-1.039027533,4,1.131798452,-4.920256819,0.8,2.8,0,2023,3,2,0.86855,4,0.85981,17,2.168815754,1.499772333,0.9923451182,0.2954941772,0.9154929577,0.02787680917
818,AUD_CHF,2023-12-28 16:00:00,2023-12-28 20:00:00,0.57574,0.5704053276,2023-12-29 12:00:00,0.5703353276,stoploss,-1.013121705,5,0.6710815063,-2.603721263,1.4,1.4,2,2023,3,3,0.58398,7,0.58074,10,0.3786549281,1.165957254,4.311858916,0.9710062018,0.9689578714,0.9147703214
819,USD_JPY,2023-12-28 16:00:00,2023-12-28 20:00:00,141.222,140.1767719,2024-02-23 20:00:00,150.407,time_exit,8.787555725,240,9.245828909,-0.4094800055,0.6,0.6,192,2023,2,2,142.848,10,141.89,19,0.3520762664,0.04783644924,3.652258051,0.191345797,0.8269394714,0.1492497216
820,GBP_JPY,2023-12-29 00:00:00,2023-12-29 04:00:00,180.216,178.9366454,2024-01-02 16:00:00,178.9246454,stoploss,-1.009379729,10,8.542588465,-1.156833281,2.4,2.4,7,2023,2,2,182.197,8,180.392,18,1.349117732,0.9520425245,3.464381124,0.395511919,0.590625,0.1688351275
821,NZD_USD,2023-12-29 04:00:00,2023-12-29 08:00:00,0.635415,0.6307231813,2023-12-29 12:00:00,0.6306681813,stoploss,-1.011722533,2,0.09697731908,-6.7276683,1.1,1.1,0,2023,3,2,0.63693,6,0.62877,13,2.182522522,0.9505908639,0.9198683277,0.2728153152,0.9068322981,0.1960860078
822,EUR_GBP,2024-01-02 00:00:00,2024-01-02 04:00:00,0.86747,0.8635891138,2024-01-03 16:00:00,0.8635491138,stoploss,-1.010306924,10,0.2061384861,-4.560814005,0.8,0.8,3,2024,2,3,0.87148,9,0.86685,12,0.809093558,1.60272673,2.373044862,0.02576731076,0.6666666667,0.03607423507
823,GBP_AUD,2024-01-03 08:00:00,2024-01-03 12:00:00,1.87113,1.859353046,2024-02-28 12:00:00,1.94483,time_exit,6.257984742,240,6.947466914,-0.07811866978,4,4,175,2024,2,3,1.87645,18,1.86042,4,1.528408756,0.2700188803,1.589808209,0.6436299097,0.6576862124,0.07811866978
824,USD_CHF,2024-01-04 12:00:00,2024-01-04 16:00:00,0.851395,0.8445713365,2024-02-29 16:00:00,0.879145,time_exit,4.066730413,240,5.450884241,-0.8609744567,0.9,0.9,172,2024,2,2,0.85543,6,0.83566,18,3.033561065,0.7063654266,1.78916955,0.5656785367,0.6354916067,0.03810269936
825,GBP_CHF,2024-01-05 08:00:00,2024-01-05 12:00:00,1.079955,1.072856508,2024-03-01 12:00:00,1.117765,time_exit,5.326483613,240,5.894914223,-0.3078118671,1.9,1.9,240,2024,4,4,1.08144,5,1.07386,8,1.414384964,2.873849926,0.9701607908,0.5409599861,0.70609319,0.2451224937
826,USD_CAD,2024-01-08 04:00:00,2024-01-08 08:00:00,1.337445,1.331598115,2024-03-04 08:00:00,1.356395,time_exit,3.241042056,240,3.963649057,-0.5772304453,1.3,1.3,223,2024,3,2,1.33989,4,1.33169,10,4.563113564,4.751247932,1.505013453,0.6601805981,0.7871485944,0.2873324883
827,GBP_NZD,2024-01-08 12:00:00,2024-01-08 16:00:00,2.04472,2.032527894,2024-03-04 16:00:00,2.07952,time_exit,2.854305877,240,4.072307092,-0.9350312357,4.8,4.8,62,2024,4,3,2.04081,6,2.03241,5,3.674508716,3.038031313,0.7154580916,1.295920485,0.8859357697,0.4642348065
828,EUR_AUD,2024-01-09 04:00:00,2024-01-09 08:00:00,1.63222,1.622378515,2024-03-05 08:00:00,1.67206,time_exit,4.048169473,240,4.297115638,-0.2143985338,2.4,2.4,240,2024,3,3,1.63841,10,1.62618,7,2.204951746,2.706908503,1.881885522,0.6096640773,0.9359267735,0.2824776891
829,CAD_JPY,2024-01-09 08:00:00,2024-01-09 12:00:00,107.799,106.9917958,2024-03-05 12:00:00,110.679,time_exit,3.567870235,240,4.959091858,-0.7098575155,1.2,1.2,198,2024,2,2,109.027,11,107.446,4,4.833968631,3.020301262,3.509960477,0.4682829684,0.5026315789,0.3146663332
830,EUR_CHF,2024-01-15 04:00:00,2024-01-15 08:00:00,0.93492,0.9310260752,2024-01-31 16:00:00,0.9309760752,stoploss,-1.012840515,75,7.249754762,-1.127397216,1,1,30,2024,3,2,0.9374,8,0.932,11,2.871139151,2.146934106,1.420261428,0.1849034158,0.8301886792,0.03595344197
831,EUR_NZD,2024-01-15 04:00:00,2024-01-15 08:00:00,1.761,1.750912613,2024-02-20 08:00:00,1.750722613,stoploss,-1.018835404,157,3.226802041,-1.673376911,3.8,3.8,34,2024,3,3,1.76459,9,1.75413,11,0.4005001611,1.11228015,1.436557185,0.701866619,0.9931350114,0.3013664579
832,GBP_CAD,2024-01-16 04:00:00,2024-01-16 08:00:00,1.70918,1.702037524,2024-01-16 12:00:00,1.701777524,stoploss,-1.036401942,2,3.530988403,-2.417929014,5.2,5.2,0,2024,2,5,1.7103,14,1.70595,5,1.293669026,1.960104586,0.6278983517,0.2688143432,0.935483871,0.005600298816
833,AUD_USD,2024-01-17 20:00:00,2024-01-18 00:00:00,0.65511,0.6502261285,2024-02-05 00:00:00,0.6501761285,stoploss,-1.01023778,73,2.383355113,-2.219550638,1,1,48,2024,2,2,0.67288,19,0.6678,20,0.1310435801,1.261294458,7.64465697,0.5118889847,0.9753694581,0.233421377
834,EUR_JPY,2024-01-18 20:00:00,2024-01-19 00:00:00,160.821,159.9941922,2024-01-24 16:00:00,159.9871922,stoploss,-1.008466297,23,3.507465829,-3.317578885,1.4,1.4,2,2024,2,2,161.389,5,159.236,17,3.766292617,2.092384787,1.013267962,0.3967064799,0.9641791045,0.2056100658
835,GBP_JPY,2024-01-19 16:00:00,2024-01-19 20:00:00,187.951,186.8199776,2024-01-30 08:00:00,186.8079776,stoploss,-1.010609869,40,2.976068361,-2.407556193,2.4,2.4,8,2024,2,3,188.125,12,187.316,6,4.196203339,5.167006387,0.6543369972,0.335979197,0.6174496644,0.08841557815
836,AUD_JPY,2024-01-23 00:00:00,2024-01-23 04:00:00,97.6065,97.03901348,2024-01-24 12:00:00,97.03451348,stoploss,-1.007929704,9,2.552483547,-3.710220302,0.9,0.9,0,2024,2,2,97.881,6,96.645,22,2.604467161,0.2467018961,2.369233171,1.296947111,0.90433213,0.5075010435
837,EUR_USD,2024-01-23 04:00:00,2024-01-23 08:00:00,1.090715,1.086530472,2024-01-23 12:00:00,1.086495472,stoploss,-1.008364146,2,1.772004057,-5.074646817,0.7,0.7,0,2024,2,3,1.09096,5,1.08657,9,0.1290468228,1.00369751,1.016238564,0.8746506876,0.947826087,0.8698711756
838,NZD_JPY,2024-01-23 04:00:00,2024-01-23 08:00:00,90.304,89.73902044,2024-01-31 20:00:00,89.73202044,stoploss,-1.012389829,40,5.57188296,-1.84785445,1.4,1.4,38,2024,2,3,90.808,7,90.309,9,0.02477965738,0.4708134902,2.440751295,0.5805519729,0.6303724928,0.5309926582
839,CAD_CHF,2024-01-23 08:00:00,2024-01-23 12:00:00,0.644285,0.6411635676,2024-01-24 12:00:00,0.6410885676,stoploss,-1.024027431,7,3.8876383,-2.295420554,1.5,1.5,1,2024,3,2,0.64719,5,0.64402,8,4.779856896,4.638895969,2.653323142,0.6919900064,0.7258064516,0.1217389826
840,AUD_CAD,2024-01-24 08:00:00,2024-01-24 12:00:00,0.887415,0.8827629598,2024-01-31 00:00:00,0.8826679598,stoploss,-1.020421148,28,1.624018649,-3.281356013,1.9,1.9,7,2024,2,3,0.88973,6,0.88378,4,0.3181399868,1.057600497,1.931247241,0.8254442902,0.728358209,0.6921694308
841,NZD_CAD,2024-02-01 16:00:00,2024-02-01 20:00:00,0.820885,0.8154348691,2024-02-05 00:00:00,0.8153198691,stoploss,-1.021100411,8,3.04304619,-2.263248402,2.3,2.3,4,2024,2,2,0.8261,6,0.82035,16,0.6311775034,0.759614786,2.78009119,0.6898916897,0.7965738758,0.124767646
842,NZD_USD,2024-02-01 16:00:00,2024-02-01 20:00:00,0.613515,0.608098941,2024-02-02 16:00:00,0.608043941,stoploss,-1.010154985,6,1.531556433,-3.300370251,1.1,1.1,4,2024,3,2,0.61738,6,0.61055,12,1.964528083,0.7200807821,3.248749172,1.528786891,0.9010600707,1.07458209
843,NZD_CHF,2024-02-02 00:00:00,2024-02-02 04:00:00,0.527375,0.5239098042,2024-03-29 04:00:00,0.538885,time_exit,3.321601603,240,5.501853568,-0.9047107755,1.7,1.7,91,2024,2,2,0.53006,8,0.52654,18,0.1327486305,0.8657519383,1.983978217,1.044674006,0.9419642857,0.1616070285
844,GBP_JPY,2024-02-07 04:00:00,2024-02-07 08:00:00,186.507,185.6229943,2024-04-03 08:00:00,190.673,time_exit,4.712639475,240,7.950175284,-0.07805379832,2.4,2.4,183,2024,2,2,187.734,15,186.165,7,0.3031654775,2.119895914,2.940326562,0.2443423252,0.7341772152,0.1990937464
845,CAD_CHF,2024-02-08 12:00:00,2024-02-08 16:00:00,0.649665,0.6464791739,2024-02-29 00:00:00,0.6464041739,stoploss,-1.023541774,87,7.060962844,-1.068796554,1.5,1.5,17,2024,5,3,0.64973,4,0.64288,9,4.294019635,2.630400917,0.8745466241,0.80355923,1,0.1443895491
846,EUR_CHF,2024-02-08 16:00:00,2024-02-08 20:00:00,0.94202,0.9384694467,2024-04-04 20:00:00,0.98211,time_exit,11.29119787,240,12.0685415,-0.3379754913,1,1,238,2024,4,3,0.94243,5,0.93482,10,3.543109734,2.208106543,0.6870364839,0.4393681387,0.7405063291,0.1915194451
847,AUD_CHF,2024-02-09 04:00:00,2024-02-09 08:00:00,0.56781,0.5649036083,2024-04-05 08:00:00,0.59313,time_exit,8.711833191,240,10.81409626,-0.03784761655,1.4,1.4,235,2024,3,3,0.57069,7,0.56488,13,3.316827487,1.768515901,2.22671279,0.2752553931,0.8358208955,0.01376276965
848,AUD_JPY,2024-02-12 16:00:00,2024-02-12 20:00:00,97.6545,97.21721879,2024-02-13 12:00:00,97.21271879,stoploss,-1.010290861,5,6.276281594,-1.730008026,0.9,0.9,0,2024,3,3,97.46,6,96.439,18,3.014078754,1.038233501,0.905289612,1.710569733,0.9743589744,1.683127438
849,NZD_JPY,2024-02-12 16:00:00,2024-02-12 20:00:00,91.617,91.12678084,2024-02-13 12:00:00,91.11978084,stoploss,-1.014279328,5,3.743223734,-3.080254953,1.4,1.4,0,2024,2,3,91.866,5,90.815,10,6.650086852,4.283798279,2.007956428,1.040351011,0.8691275168,0.9832337002
850,NZD_USD,2024-02-12 16:00:00,2024-02-12 20:00:00,0.613935,0.6099346634,2024-02-13 04:00:00,0.6098796634,stoploss,-1.013748843,3,1.96858434,-4.995829592,1.1,1.1,0,2024,2,2,0.61587,7,0.60791,13,1.689857795,2.029829186,1.684299976,0.7099402572,0.9318181818,0.2649777016
851,GBP_USD,2024-02-13 08:00:00,2024-02-13 12:00:00,1.265515,1.260476733,2024-02-13 12:00:00,1.260431733,stoploss,-1.008931643,1,4.736747836,-2.374824549,0.9,0.9,0,2024,2,3,1.26546,6,1.26063,5,0.4962023712,1.369518545,1.647530049,1.567999493,0.9731707317,1.341731212
852,AUD_CAD,2024-02-14 04:00:00,2024-02-14 08:00:00,0.876865,0.8729619968,2024-04-10 08:00:00,0.898375,time_exit,5.511140742,240,6.117084389,-0.1140147666,1.9,1.9,236,2024,2,2,0.87914,9,0.87372,4,0.3023312913,0.8045086904,1.698198985,0.5226744358,0.897810219,0.4663075849
853,AUD_JPY,2024-02-19 16:00:00,2024-02-19 20:00:00,98.1835,97.76820582,2024-02-29 00:00:00,97.76370582,stoploss,-1.010835692,44,6.32443243,-3.095396112,0.9,0.9,21,2024,3,2,98.259,6,97.318,16,2.802832419,1.218413405,0.9605009269,0.5971670446,0.9657534247,0.4671387365
854,NZD_USD,2024-02-20 08:00:00,2024-02-20 12:00:00,0.616535,0.6128760517,2024-02-28 00:00:00,0.6128210517,stoploss,-1.015031642,34,1.44167109,-7.973602664,1.1,1.1,11,2024,2,2,0.61525,6,0.60862,11,1.366512882,2.011506962,0.8661833563,1.481299964,0.9898305085,1.284522109
855,GBP_USD,2024-02-21 20:00:00,2024-02-22 00:00:00,1.263205,1.257880411,2024-03-22 12:00:00,1.257835411,stoploss,-1.008451357,130,4.915872627,-4.258544864,0.9,0.9,69,2024,2,3,1.26686,7,1.25794,10,1.453633396,1.408559492,2.035830067,0.7061578253,0.8011049724,0.003756158645
856,EUR_USD,2024-02-22 00:00:00,2024-02-22 04:00:00,1.082695,1.078911772,2024-03-28 12:00:00,1.078876772,stoploss,-1.009251358,153,4.079848964,-5.969769281,0.7,0.7,68,2024,3,3,1.0839,8,1.079,4,2.859991305,3.05559145,1.271259058,0.4440651934,0.7113402062,0.1110162983
857,NZD_JPY,2024-02-22 00:00:00,2024-02-22 04:00:00,93.002,92.49311277,2024-02-28 00:00:00,92.48611277,stoploss,-1.013755503,24,0.8842823536,-5.688883142,1.4,1.4,8,2024,4,2,92.992,4,92.236,7,5.073815638,3.816169624,0.8649449189,0.7506574646,0.502293578,0.4323158173
858,AUD_USD,2024-02-22 08:00:00,2024-02-22 12:00:00,0.65832,0.654563006,2024-02-22 16:00:00,0.654513006,stoploss,-1.013308512,2,2.243815109,-5.158379219,1,1,0,2024,3,3,0.65792,10,0.65457,8,2.640408764,2.619115145,1.038222094,1.155178834,0.6438746439,1.022093715
859,EUR_JPY,2024-02-23 04:00:00,2024-02-23 08:00:00,163.008,162.4363614,2024-02-29 04:00:00,162.4293614,stoploss,-1.0122455,24,4.10224254,-4.898200047,1.4,1.4,8,2024,3,2,163.465,5,161.945,10,5.279559908,1.633899587,1.893268174,0.3218817174,0.8176470588,0.1889305733
860,NZD_CAD,2024-02-23 20:00:00,2024-02-26 00:00:00,0.835605,0.8313603563,2024-02-27 04:00:00,0.8312453563,stoploss,-1.027092969,8,0.2391249009,-6.826250248,2.3,2.3,0,2024,2,2,0.83747,15,0.83351,5,0.3251156287,0.320403808,0.5399031017,0.3722338358,0.9846153846,0.05654184848
861,USD_JPY,2024-02-26 08:00:00,2024-02-26 12:00:00,150.642,150.1194616,2024-02-27 08:00:00,150.1164616,stoploss,-1.005741204,6,7.93243077,-7.963050527,0.6,0.6,1,2024,3,3,150.77,5,150.291,4,1.247755093,2.315619115,1.296208752,0.7808038007,0.8928571429,0.4516414142
862,EUR_NZD,2024-02-29 08:00:00,2024-02-29 12:00:00,1.78205,1.772769821,2024-03-01 12:00:00,1.772579821,stoploss,-1.020473744,7,3.386788274,-2.092632144,3.8,3.8,0,2024,2,2,1.7813,4,1.75463,8,3.831822813,2.245646441,1.306969373,1.359887624,0.9565807327,1.163770708
863,EUR_CAD,2024-03-01 00:00:00,2024-03-01 04:00:00,1.468185,1.46282939,2024-03-28 16:00:00,1.46264439,stoploss,-1.034543219,118,1.832657794,-2.530990973,3.7,3.7,20,2024,3,2,1.46901,14,1.463,15,2.352673276,1.941889053,0.7048340685,0.9746789287,0.9923954373,0.1941889053
864,AUD_NZD,2024-03-01 16:00:00,2024-03-01 20:00:00,1.069745,1.065451592,2024-04-26 20:00:00,1.099175,time_exit,6.854693918,240,7.025886579,-0.9491293821,2.1,2.1,240,2024,3,5,1.06947,6,1.06582,4,2.841565267,3.689376543,0.8859135888,0.9409773506,0.9384057971,0.8058865428
865,CAD_CHF,2024-03-05 00:00:00,2024-03-05 04:00:00,0.652515,0.6495967061,2024-03-05 20:00:00,0.6495217061,stoploss,-1.025699948,5,6.731672963,-1.595110086,1.5,1.5,2,2024,2,2,0.65398,8,0.64933,4,0.9663180328,2.10396905,1.55458554,0.5962387862,1,0.2946927334
866,CAD_JPY,2024-03-06 16:00:00,2024-03-06 20:00:00,110.571,110.0389719,2024-03-07 00:00:00,110.0329719,stoploss,-1.011277601,2,12.69857832,-3.558083002,1.2,1.2,0,2024,2,2,110.996,12,110.572,16,0.124053607,1.631492892,3.663483342,1.729232098,0.9010600707,0.9811512556
867,AUD_JPY,2024-03-07 16:00:00,2024-03-07 20:00:00,98.0105,97.45829457,2024-03-08 16:00:00,97.45379457,stoploss,-1.008149141,6,12.5523937,-2.014648776,0.9,0.9,3,2024,3,2,98.214,6,97.383,10,0.4635955835,0.1593609818,2.083067468,1.227803928,0.8267898383,1.057577425
868,EUR_NZD,2024-03-07 16:00:00,2024-03-07 20:00:00,1.77243,1.762737531,2024-05-02 20:00:00,1.80096,time_exit,2.943522575,240,4.448815052,-0.7593524765,3.8,3.8,229,2024,3,2,1.78696,10,1.77974,12,1.939650347,1.650766253,5.310773215,1.822033252,0.8947895792,0.2290438176
869,GBP_CAD,2024-03-07 16:00:00,2024-03-07 20:00:00,1.72337,1.717076929,2024-03-21 16:00:00,1.716816929,stoploss,-1.041315278,60,1.752721228,-5.506055354,5.2,5.2,6,2024,3,2,1.72936,8,1.71913,4,3.772402716,2.443957615,3.218420043,1.086909628,0.7807933194,0.05402767158
870,USD_CHF,2024-03-13 20:00:00,2024-03-14 00:00:00,0.878475,0.8748135121,2024-05-09 00:00:00,0.907565,time_exit,7.944857593,240,12.01014481,-0.075106079,0.9,0.9,206,2024,3,2,0.8795,7,0.8747,8,0.6663957555,0.93950877,0.9455383782,0.5571505496,0.9198113208,0.2458017131
871,CHF_JPY,2024-03-15 08:00:00,2024-03-15 12:00:00,168.191,167.3735627,2024-03-27 08:00:00,167.3625627,stoploss,-1.01345669,48,8.381070929,-1.984250043,2.2,2.2,23,2024,2,2,168.655,11,167.816,13,0.3498739287,1.808089743,2.804954623,1.350562298,0.8772298006,0.4942275077
872,NZD_JPY,2024-03-15 12:00:00,2024-03-15 16:00:00,90.723,90.24655484,2024-03-28 12:00:00,90.23955484,stoploss,-1.014692142,54,9.803856495,-1.616135624,1.4,1.4,22,2024,3,4,91.214,6,90.803,9,0.6548497595,1.523785017,2.536093602,0.4995328293,0.7898089172,0.2056899886
873,EUR_GBP,2024-03-15 16:00:00,2024-03-15 20:00:00,0.85515,0.852995311,2024-03-21 12:00:00,0.852955311,stoploss,-1.018564164,23,4.320809164,-1.429440626,0.8,0.8,22,2024,3,2,0.85596,11,0.85296,4,2.274110086,2.756778349,1.843186887,1.002464854,0.9214285714,0.3063087055
874,GBP_AUD,2024-03-18 16:00:00,2024-03-18 20:00:00,1.94189,1.934714331,2024-03-21 00:00:00,1.934514331,stoploss,-1.027871965,14,1.238908846,-7.168669406,4,4,3,2024,2,2,1.94427,8,1.93017,16,1.675105098,0.443164244,1.508514025,0.7999253964,0.9788359788,0.5379289251
875,USD_CAD,2024-03-20 08:00:00,2024-03-20 12:00:00,1.359325,1.354535306,2024-03-20 20:00:00,1.354470306,stoploss,-1.013570805,3,5.279043339,-2.867615593,1.3,1.3,0,2024,2,4,1.36135,4,1.35209,12,2.572189596,2.580540861,1.468317181,0.5804129121,0.7637795276,0.5470078524
876,CAD_CHF,2024-03-20 12:00:00,2024-03-20 16:00:00,0.655635,0.6527384578,2024-05-15 16:00:00,0.663275,time_exit,2.637627734,240,5.705078312,-0.8993481998,1.5,1.5,65,2024,2,2,0.65642,10,0.65165,5,1.746910515,0.5938114793,1.048398335,0.4695253558,0.6610169492,0.2830961704
877,USD_JPY,2024-03-21 08:00:00,2024-03-21 12:00:00,151.174,150.2218011,2024-05-16 12:00:00,154.711,time_exit,3.71456017,240,9.500116285,-0.3812228843,0.6,0.6,160,2024,2,3,151.82,4,148.921,15,5.223698696,3.121196728,2.294864942,0.8443614297,0.5934844193,0.7960521937
878,GBP_NZD,2024-03-22 16:00:00,2024-03-22 20:00:00,2.10092,2.090605052,2024-04-09 16:00:00,2.090365052,stoploss,-1.023267205,72,2.428514477,-3.24189717,4.8,4.8,22,2024,2,2,2.10813,10,2.09233,4,2.832782156,0.8162910937,1.63926848,0.1977712389,0.6704545455,0.1376642937
879,CAD_JPY,2024-03-25 08:00:00,2024-03-25 12:00:00,111.367,110.7698673,2024-05-20 12:00:00,114.372,time_exit,5.032382495,240,9.981031504,-0.8339855183,1.2,1.2,148,2024,2,2,112.293,12,111.608,13,6.400587652,5.489567327,3.245955933,0.2076590447,1,0.1607682927
880,GBP_CHF,2024-03-25 16:00:00,2024-03-25 20:00:00,1.136365,1.130470778,2024-04-19 04:00:00,1.130375778,stoploss,-1.01611748,111,3.572142609,-3.288814271,1.9,1.9,45,2024,2,2,1.14584,14,1.12853,4,5.113482699,1.275825809,3.794206445,0.6277334435,0.9636363636,0.3902126811
881,NZD_CHF,2024-03-29 12:00:00,2024-03-29 16:00:00,0.539245,0.5363875581,2024-04-16 16:00:00,0.5363025581,stoploss,-1.029746887,73,7.385977054,-3.879344025,1.7,1.7,47,2024,2,2,0.54459,12,0.54128,14,0.3009685035,3.072678443,4.588549152,0.601937007,0.6363636364,0.1049890129
882,EUR_GBP,2024-03-29 20:00:00,2024-04-01 00:00:00,0.85339,0.8511290124,2024-05-22 12:00:00,0.8510890124,stoploss,-1.017691384,226,4.896090567,-1.503767654,0.8,0.8,98,2024,2,2,0.85884,19,0.85693,21,0.3184449149,0.3626733753,4.112205868,0.5749699853,0.6218487395,0.03538276832
883,NZD_JPY,2024-04-05 08:00:00,2024-04-05 12:00:00,91.139,90.61262506,2024-04-16 16:00:00,90.60562506,stoploss,-1.013298505,44,10.64070418,-2.253146788,1.4,1.4,18,2024,2,2,91.706,5,90.227,13,3.795773425,0.4559487598,3.363194285,1.075279159,0.8602150538,0.3799572998
884,EUR_CHF,2024-04-08 00:00:00,2024-04-08 04:00:00,0.97883,0.9738975294,2024-04-12 08:00:00,0.9738475294,stoploss,-1.010136908,26,2.874827041,-4.529170387,1,1,5,2024,3,2,0.98487,9,0.97521,6,4.65081328,1.848971975,3.23209563,1.127224143,0.9639423077,0.3649286794
885,GBP_JPY,2024-04-08 04:00:00,2024-04-08 08:00:00,191.721,190.8737369,2024-04-12 12:00:00,190.8617369,stoploss,-1.014163251,26,10.64722421,-2.046589822,2.4,2.4,13,2024,2,2,192.246,9,190.67,6,3.606908015,1.489501935,1.993138341,0.7058020264,0.7243735763,0.2100882286
886,EUR_CAD,2024-04-08 16:00:00,2024-04-08 20:00:00,1.473965,1.469157252,2024-04-10 16:00:00,1.468972252,stoploss,-1.038479556,12,2.979565592,-3.318601677,3.7,3.7,5,2024,2,2,1.47425,6,1.46439,14,4.87962365,4.060113114,1.166500004,0.9068695275,0.6683291771,0.3993553883
887,GBP_CAD,2024-04-08 16:00:00,2024-04-08 20:00:00,1.71832,1.712565469,2024-04-12 16:00:00,1.712305469,stoploss,-1.045181784,24,4.886583732,-5.143772349,5.2,5.2,5,2024,3,3,1.71831,6,1.70745,13,3.711857344,1.845502106,1.200613892,1.063509688,0.7186813187,0.1981047459
888,EUR_JPY,2024-04-10 08:00:00,2024-04-10 12:00:00,164.928,164.3398862,2024-04-10 12:00:00,164.3328862,stoploss,-1.011902458,1,11.32943952,-4.516132579,1.4,1.4,0,2024,2,2,165.174,4,164.543,4,0.8739804766,3.618347187,1.512647686,0.6631369375,0.996124031,0.4216870782
889,GBP_USD,2024-04-10 08:00:00,2024-04-10 12:00:00,1.269505,1.264788996,2024-04-10 12:00:00,1.264743996,stoploss,-1.009541977,1,2.60283937,-8.385277629,0.9,0.9,0,2024,2,3,1.27096,4,1.26135,11,1.098387612,2.167089072,1.353462808,0.7251902767,0.9908256881,0.6658179733
890,AUD_USD,2024-04-11 04:00:00,2024-04-11 08:00:00,0.65192,0.6473789261,2024-04-12 16:00:00,0.6473289261,stoploss,-1.011010612,9,4.294138485,-3.455129889,1,1,2,2024,2,2,0.66445,9,0.65987,11,1.123082373,2.171292588,5.849835655,0.4580414384,0.7828947368,0.1893825178
891,NZD_CAD,2024-04-12 00:00:00,2024-04-12 04:00:00,0.821865,0.8175695863,2024-04-12 16:00:00,0.8174545863,stoploss,-1.026772741,4,6.438262286,-3.269766545,2.3,2.3,0,2024,2,2,0.82494,9,0.81649,6,2.896112198,0.9265696583,1.870936159,0.4842374093,0.9602649007,0.363178057
892,USD_CAD,2024-04-15 16:00:00,2024-04-15 20:00:00,1.376325,1.37019867,2024-04-22 20:00:00,1.37013367,stoploss,-1.01060994,31,1.352359335,-2.82795721,1.3,1.3,6,2024,4,3,1.37873,5,1.36609,13,6.153765473,3.715111463,1.723354384,0.8422660435,0.7766179541,0.06855653843
893,CHF_JPY,2024-04-18 04:00:00,2024-04-18 08:00:00,169.545,168.7387856,2024-05-01 20:00:00,168.7277856,stoploss,-1.013644014,58,7.986709514,-2.703995456,2.2,2.2,41,2024,3,3,169.903,5,169.234,5,3.535039931,4.807654306,1.107022315,0.1711703545,0.8520971302,0.01984583821
894,GBP_JPY,2024-04-18 04:00:00,2024-04-18 08:00:00,192.424,191.3052078,2024-04-19 04:00:00,191.2932078,stoploss,-1.010725852,6,7.92282968,-1.899369705,2.4,2.4,1,2024,2,2,192.718,15,191.643,11,0.2377563961,2.960335277,1.048481235,0.4987521391,0.9537892791,0.2681463114
895,EUR_JPY,2024-04-19 12:00:00,2024-04-19 16:00:00,164.826,163.8452654,2024-06-14 16:00:00,168.087,time_exit,3.32505874,240,6.897890947,-0.8238722669,1.4,1.4,33,2024,3,2,164.954,6,163.925,13,1.058390363,3.370942716,1.175021211,0.8850509005,0.7573149742,0.2956967294
896,AUD_JPY,2024-04-24 20:00:00,2024-04-25 00:00:00,100.7875,100.125129,2024-05-01 20:00:00,100.120629,stoploss,-1.006793775,30,7.119121535,-1.330825073,0.9,0.9,13,2024,3,3,101.017,4,99.71,8,4.323860477,5.842646664,1.089903274,0.6733386077,0.7985865724,0.3381790317
897,AUD_CAD,2024-04-25 08:00:00,2024-04-25 12:00:00,0.892705,0.8886128683,2024-06-20 12:00:00,0.914595,time_exit,5.349290236,240,6.11783833,-0.7709918088,1.9,1.9,206,2024,2,3,0.89188,4,0.88232,14,3.123066661,2.042945015,0.5240173677,0.8699622311,0.9380952381,0.6011536766
898,AUD_USD,2024-04-25 08:00:00,2024-04-25 12:00:00,0.65294,0.6488925186,2024-04-25 16:00:00,0.6488425186,stoploss,-1.012353361,2,4.565802279,-1.583700899,1,1,0,2024,2,5,0.65297,7,0.64833,4,3.661536243,5.979026793,1.152430066,1.092037125,0.952,0.9092073801
899,NZD_CHF,2024-04-26 00:00:00,2024-04-26 04:00:00,0.544435,0.5410594393,2024-04-30 08:00:00,0.5409744393,stoploss,-1.025181002,14,5.322078829,-1.408654875,1.7,1.7,8,2024,2,4,0.54476,4,0.54058,8,2.838047046,7.358777519,1.424989487,1.445685761,0.9726027397,0.8294918298
900,NZD_JPY,2024-04-26 00:00:00,2024-04-26 04:00:00,92.819,92.1768875,2024-05-01 20:00:00,92.1698875,stoploss,-1.010901516,23,7.096887227,-3.153652981,1.4,1.4,6,2024,3,5,92.84,4,91.737,8,3.581926843,5.556658685,0.8937566853,0.9032685082,0.9796437659,0.5917966088
901,GBP_JPY,2024-04-26 04:00:00,2024-04-26 08:00:00,195.272,194.0277348,2024-04-26 08:00:00,194.0157348,stoploss,-1.009644247,1,5.099395352,-3.140005932,2.4,2.4,0,2024,2,4,194.949,5,192.416,11,3.566763841,3.40281165,0.5501327742,1.02871963,0.9593326382,0.8165462061
902,EUR_USD,2024-04-26 08:00:00,2024-04-26 12:00:00,1.074125,1.069480802,2024-04-26 16:00:00,1.069445802,stoploss,-1.007536286,2,3.767066139,-1.975583414,0.7,0.7,0,2024,3,4,1.07407,5,1.06784,4,2.713062781,2.342708179,0.8056008232,0.7966930388,0.6146496815,0.4952416187
903,GBP_NZD,2024-04-26 20:00:00,2024-04-29 00:00:00,2.09713,2.088047346,2024-05-03 12:00:00,2.087807346,stoploss,-1.026423994,28,3.175283299,-3.995528118,4.8,4.8,12,2024,3,3,2.10576,6,2.09533,4,1.453319679,2.543309439,0.838039646,0.3082799319,0.6967509025,0.2488259451
904,GBP_USD,2024-04-29 00:00:00,2024-04-29 04:00:00,1.251585,1.244359843,2024-06-24 04:00:00,1.263985,time_exit,1.716225727,240,4.771522736,-0.9681450773,0.9,0.9,195,2024,3,3,1.25412,4,1.24227,16,2.114832992,3.407538499,1.359650061,1.024199224,0.9689922481,0.3100278732
905,EUR_CAD,2024-04-29 04:00:00,2024-04-29 08:00:00,1.463425,1.458605997,2024-06-24 08:00:00,1.464335,time_exit,0.1888357253,240,6.116409894,-0.5862207957,3.7,3.7,164,2024,3,2,1.46913,9,1.46098,17,1.975512203,1.232620009,2.815664278,0.4523756936,0.7602739726,0.2863662648
906,AUD_NZD,2024-04-30 20:00:00,2024-05-01 00:00:00,1.097585,1.093832526,2024-05-15 12:00:00,1.093727526,stoploss,-1.027981541,64,1.461702386,-6.551677877,2.1,2.1,24,2024,2,5,1.10126,10,1.09644,5,1.566966277,3.197890361,1.402878614,0.4157257469,0.6567164179,0.1172559799
907,AUD_CHF,2024-05-01 04:00:00,2024-05-01 08:00:00,0.59623,0.5926437239,2024-06-04 12:00:00,0.5925737239,stoploss,-1.019518854,146,3.83127218,-2.810714962,1.4,1.4,77,2024,3,2,0.59998,12,0.5952,13,2.693601838,0.9926731413,2.825133511,0.7361396329,0.8364779874,0.2453798776
908,AUD_USD,2024-05-01 08:00:00,2024-05-01 12:00:00,0.64807,0.6437897213,2024-06-26 12:00:00,0.66751,time_exit,4.541760336,240,5.455252256,-0.06308000467,1,1,63,2024,3,3,0.65867,13,0.65172,16,2.233499425,1.584009006,5.209571023,0.4111881786,0.8771929825,0.3130637269
909,GBP_CAD,2024-05-01 08:00:00,2024-05-01 12:00:00,1.72147,1.715145583,2024-05-02 16:00:00,1.715005583,stoploss,-1.022136428,8,6.174482293,-2.151977055,5.2,2.8,2,2024,2,2,1.72255,4,1.71381,5,2.991580153,3.108586988,1.050000878,0.6293070301,0.9969604863,0.1676043849
910,USD_CAD,2024-05-03 16:00:00,2024-05-03 20:00:00,1.368615,1.362479057,2024-05-15 12:00:00,1.362414057,stoploss,-1.010593318,47,1.721821669,-1.566996247,1.3,1.3,16,2024,2,2,1.37852,17,1.37034,11,2.91397742,2.337049005,5.705643175,1.857905066,0.9108635097,0.5508525548
911,NZD_CAD,2024-05-07 00:00:00,2024-05-07 04:00:00,0.822915,0.8186072079,2024-07-02 04:00:00,0.832035,time_exit,2.117093798,240,6.723862046,-0.6790021227,2.3,2.3,159,2024,2,2,0.82405,8,0.81195,14,4.099547859,1.453180611,1.439980089,0.9053361636,0.95,0.5060597017
912,NZD_CHF,2024-05-07 00:00:00,2024-05-07 04:00:00,0.545755,0.5425463326,2024-06-18 08:00:00,0.5424613326,stoploss,-1.026490748,182,5.187511827,-1.584770059,1.7,1.7,90,2024,2,2,0.54599,8,0.54002,15,1.165592925,0.2119259863,0.9693505631,0.9785994074,0.92760181,0.4113857381
913,USD_CHF,2024-05-10 04:00:00,2024-05-10 08:00:00,0.906695,0.9031331399,2024-05-15 12:00:00,0.9030881399,stoploss,-1.012633848,20,2.567478697,-6.74226363,0.9,0.9,13,2024,2,3,0.90989,4,0.9058,15,0.1572212214,2.919822684,1.93557688,0.1740663523,0.6330275229,0.03369026174
914,EUR_NZD,2024-05-10 08:00:00,2024-05-10 12:00:00,1.7921,1.785151017,2024-05-15 08:00:00,1.784961017,stoploss,-1.02734213,18,0.6418205324,-7.605429403,3.8,3.8,12,2024,2,3,1.79668,11,1.78868,19,0.4345959659,1.113832045,2.292588955,0.8835825267,0.9534883721,0.1122466402
915,NZD_JPY,2024-05-10 16:00:00,2024-05-10 20:00:00,93.812,93.32976374,2024-07-05 20:00:00,98.689,time_exit,10.11330007,240,10.47411906,-0.6884592217,1.4,1.4,240,2024,2,2,93.881,4,92.715,16,3.774083685,1.302266239,0.5392698268,0.2239566143,0.5965517241,0.06221017063
916,AUD_JPY,2024-05-13 08:00:00,2024-05-13 12:00:00,103.0065,102.469139,2024-07-08 12:00:00,108.5135,time_exit,10.24823205,240,10.40920392,-0.7322824245,0.9,0.9,231,2024,2,2,103.115,4,101.822,19,2.400620909,0.8969761846,1.354736225,0.9304732205,0.972972973,0.4875679675
917,EUR_CHF,2024-05-16 08:00:00,2024-05-16 12:00:00,0.98095,0.9778446897,2024-05-31 00:00:00,0.9777946897,stoploss,-1.016101451,64,3.883669865,-10.66882111,1,1,41,2024,3,3,0.9813,9,0.97857,5,2.49250454,2.763008909,0.6175398233,0.3349101708,0.970464135,0.2769449489
918,GBP_CHF,2024-05-16 08:00:00,2024-05-16 12:00:00,1.143445,1.1390762,2024-06-04 12:00:00,1.1389812,stoploss,-1.021745104,79,5.565602158,-4.988784661,1.9,1.9,43,2024,4,3,1.14532,4,1.13619,12,3.969053729,1.941036656,1.204832258,0.2975645818,0.958677686,0.2060062489
919,GBP_JPY,2024-05-16 08:00:00,2024-05-16 12:00:00,196.1,194.8725182,2024-07-11 12:00:00,207.961,time_exit,9.662872002,240,9.785888077,-0.2468468271,2,2.4,240,2024,2,2,197.091,7,195.719,12,3.633454947,1.603282362,3.056254635,1.274153259,0.8814741036,0.565385142
920,EUR_USD,2024-05-17 16:00:00,2024-05-17 20:00:00,1.086895,1.083210844,2024-05-22 12:00:00,1.083175844,stoploss,-1.009500139,17,1.282518814,-5.508723668,0.7,0.7,3,2024,3,2,1.08951,10,1.0767,19,5.694654967,0.3582909703,3.038325779,1.384306021,0.7203389831,1.183445932
921,GBP_CAD,2024-05-17 16:00:00,2024-05-17 20:00:00,1.72944,1.724278386,2024-07-12 20:00:00,1.7689,time_exit,7.644896291,240,8.061432708,-0.5385912744,5.2,5.2,240,2024,2,3,1.72758,7,1.72302,4,3.057183565,4.541215638,1.061179269,1.56152722,0.787826087,1.081057306
922,CAD_CHF,2024-05-22 00:00:00,2024-05-22 04:00:00,0.668185,0.6657085989,2024-05-23 20:00:00,0.6656335989,stoploss,-1.030285886,11,0.9711674077,-9.939827751,1.5,1.5,2,2024,3,3,0.66862,7,0.66678,8,3.359714275,4.829589271,1.2443892,0.6945563165,0.9166666667,0.3876593395
923,USD_JPY,2024-05-22 00:00:00,2024-05-22 04:00:00,156.276,155.537912,2024-06-04 08:00:00,155.534912,stoploss,-1.004064556,56,7.690139923,-2.349313359,0.6,0.6,34,2024,2,3,156.55,5,155.497,10,1.54182157,5.143018173,1.049900192,0.3929070785,0.9100529101,0.04335526384
924,USD_CHF,2024-05-23 16:00:00,2024-05-23 20:00:00,0.914905,0.911342072,2024-05-28 08:00:00,0.911297072,stoploss,-1.012630062,16,0.2596179336,-9.238188415,0.9,0.9,4,2024,3,2,0.91584,7,0.90871,13,3.373629796,0.4490688581,1.394694162,0.8027105838,0.8638132296,0.123493936
925,EUR_AUD,2024-05-28 00:00:00,2024-05-28 04:00:00,1.6328,1.626772695,2024-06-03 16:00:00,1.626652695,stoploss,-1.019909397,28,1.576160615,-5.478402475,2.4,2.4,8,2024,3,2,1.64058,8,1.63239,14,2.631358669,2.508584053,2.960768924,0.4346885065,0.9754385965,0.2853680272
926,GBP_AUD,2024-05-28 00:00:00,2024-05-28 04:00:00,1.91936,1.913290267,2024-05-31 12:00:00,1.913090267,stoploss,-1.032950376,21,4.96232668,-4.644355548,4,4,13,2024,3,2,1.9249,11,1.91549,14,4.734969083,4.102321857,2.012259802,0.1746369947,0.9428571429,0.08896601617
927,NZD_USD,2024-06-05 04:00:00,2024-06-05 08:00:00,0.618805,0.6151096495,2024-06-07 12:00:00,0.6150546495,stoploss,-1.014883568,14,0.9214281453,-8.93419977,1.1,1.1,5,2024,3,2,0.61983,7,0.61558,4,3.620766104,3.620766104,0.9030949215,0.3301445925,0.7402597403,0.1461295737
928,EUR_USD,2024-06-05 12:00:00,2024-06-05 16:00:00,1.088435,1.084494015,2024-06-07 12:00:00,1.084459015,stoploss,-1.008881028,12,1.620153325,-5.540493006,0.7,0.7,5,2024,3,4,1.09162,9,1.0859,6,3.598085222,3.582860602,2.099702431,0.4364391102,0.987755102,0.08119797399
929,USD_CAD,2024-06-12 20:00:00,2024-06-13 00:00:00,1.372155,1.367132467,2024-06-24 12:00:00,1.367067467,stoploss,-1.012941678,46,4.488771124,-2.641097758,1.3,1.3,10,2024,3,2,1.37918,7,1.37539,13,3.249356609,3.639597966,4.640736454,1.541055156,0.7764705882,0.9318007923
930,USD_CHF,2024-06-12 20:00:00,2024-06-13 00:00:00,0.893865,0.8890951439,2024-06-17 00:00:00,0.8890501439,stoploss,-1.009434247,13,2.347030963,-10.61352769,0.9,0.9,3,2024,2,2,0.89933,7,0.89436,11,0.4276858567,2.612238124,3.627823725,1.287250569,0.8731182796,0.6163707934
931,GBP_CHF,2024-06-17 08:00:00,2024-06-17 12:00:00,1.130425,1.124813976,2024-06-18 12:00:00,1.124718976,stoploss,-1.016930955,7,5.848308298,-10.00084779,1.9,1.9,1,2024,2,2,1.14629,11,1.14013,17,1.397249339,0.9124893642,6.0253778,0.3493123347,0.9345454545,0.1639629326
932,CAD_JPY,2024-06-19 12:00:00,2024-06-19 16:00:00,115.205,114.6473364,2024-07-17 08:00:00,114.6413364,stoploss,-1.010759174,119,6.56309622,-24.2888356,1.2,1.2,90,2024,4,4,115.188,5,114.281,13,2.485369224,1.997619997,0.5012611959,0.5523042721,0.841025641,0.4447125308
933,AUD_NZD,2024-06-21 04:00:00,2024-06-21 08:00:00,1.088465,1.085098662,2024-06-21 16:00:00,1.084993662,stoploss,-1.031191168,3,7.909189117,-1.534308424,2.1,2.1,0,2024,3,4,1.08921,4,1.08515,7,6.125351347,5.531233854,0.623924544,0.1247646734,0.6692913386,0.05941174924
934,EUR_NZD,2024-06-21 16:00:00,2024-06-21 20:00:00,1.74765,1.740143181,2024-08-16 20:00:00,1.8213,time_exit,9.811079396,240,15.62978881,-0.2384498591,3.8,3.8,183,2024,2,2,1.75843,20,1.74767,10,1.118982579,0.2237965158,3.683641226,0.7193459435,0.6520737327,0.2397819812
935,USD_JPY,2024-06-21 16:00:00,2024-06-21 20:00:00,159.483,158.805937,2024-06-24 12:00:00,158.802937,stoploss,-1.004430902,5,3.646632639,-26.28558975,0.6,0.6,1,2024,3,3,159.129,4,157.604,14,3.447242033,1.314501032,0.6484694608,1.630572067,0.795890411,1.364717926
936,CAD_CHF,2024-06-25 08:00:00,2024-06-25 12:00:00,0.654805,0.6518625817,2024-07-17 08:00:00,0.6517875817,stoploss,-1.025489238,96,2.914269506,-16.58329802,1.5,1.5,41,2024,3,2,0.65481,4,0.64405,20,6.137808429,0.3262622421,0.7882140841,0.7069015245,0.8036809816,0.5301761434
937,GBP_CHF,2024-06-25 08:00:00,2024-06-25 12:00:00,1.135135,1.130072988,2024-07-25 12:00:00,1.129977988,stoploss,-1.01876724,133,5.552139664,-12.01597207,1.9,1.9,81,2024,3,3,1.13433,4,1.12568,12,2.682727509,1.592252115,0.8493008367,1.086524396,0.9513677812,0.967994462
938,NZD_CHF,2024-06-25 08:00:00,2024-06-25 12:00:00,0.547635,0.544669873,2024-06-27 00:00:00,0.544584873,stoploss,-1.028666563,10,1.677837092,-17.95032748,1.7,1.7,4,2024,2,3,0.5481,4,0.54513,8,0.8094088482,3.008302886,1.385039441,0.9847807653,0.8941798942,0.6879975209
939,USD_CHF,2024-06-25 08:00:00,2024-06-25 12:00:00,0.893685,0.8901663717,2024-07-17 08:00:00,0.8901213717,stoploss,-1.012789075,96,3.232793887,-14.33655276,0.9,0.9,35,2024,3,2,0.89453,8,0.88324,18,5.161102152,0.3183058596,1.535961463,0.9719696784,0.9094488189,0.60250752
940,EUR_CHF,2024-06-25 20:00:00,2024-06-26 00:00:00,0.95824,0.9543636074,2024-07-25 08:00:00,0.9543136074,stoploss,-1.01289859,129,4.942739763,-9.593971388,1,1,82,2024,3,3,0.95954,7,0.95067,15,4.137867735,1.470439282,0.7458476817,0.2424934957,0.6060606061,0.1651019545
941,GBP_USD,2024-06-27 04:00:00,2024-06-27 08:00:00,1.263665,1.259433974,2024-08-22 08:00:00,1.308335,time_exit,10.5577232,240,11.63665775,-0.4998787681,0.9,0.9,240,2024,2,2,1.27025,10,1.26704,9,0.2079873834,2.283134232,4.163082981,1.011575001,0.9818181818,0.5719653044
942,GBP_NZD,2024-06-27 16:00:00,2024-06-27 20:00:00,2.07787,2.069685759,2024-08-22 20:00:00,2.13169,time_exit,6.576052956,240,13.80702311,-0.7819906897,4.8,4.8,131,2024,2,2,2.07905,6,2.07011,10,0.7306725507,2.174911606,1.694111978,1.280509754,0.857827476,0.6475860399
943,USD_JPY,2024-06-27 16:00:00,2024-06-27 20:00:00,160.714,160.0202284,2024-07-11 12:00:00,160.0172284,stoploss,-1.00432419,59,1.784448892,-27.42689299,0.6,0.6,22,2024,3,3,160.868,5,159.186,15,5.013177097,1.490404002,1.355012538,0.8907830495,0.9281914894,0.4007082326
944,CHF_JPY,2024-06-28 00:00:00,2024-06-28 04:00:00,179.124,178.423437,2024-06-28 12:00:00,178.412437,stoploss,-1.015701658,3,1.347487742,-17.56016335,2.2,2.2,0,2024,2,3,179.254,7,178.116,9,1.05343851,0.6594696365,1.26585892,0.836470145,0.9386666667,0.3682752516
945,EUR_CAD,2024-07-03 00:00:00,2024-07-03 04:00:00,1.470155,1.465311673,2024-08-28 04:00:00,1.50308,time_exit,6.798013134,240,10.86752988,-0.2198901743,3.7,1.8,141,2024,2,2,1.47633,5,1.46316,14,3.373714035,1.193394561,2.741217864,0.2725399343,0.6858974359,0.05781150122
946,AUD_NZD,2024-07-03 04:00:00,2024-07-03 08:00:00,1.098545,1.094889765,2024-08-01 16:00:00,1.094784765,stoploss,-1.028725922,129,4.526384644,-3.886206943,2.1,2.1,58,2024,3,3,1.09886,4,1.09365,7,2.122982462,2.276187382,1.263451971,1.023190001,0.9147982063,0.6128196798
947,NZD_CHF,2024-07-03 16:00:00,2024-07-03 20:00:00,0.550605,0.5478105955,2024-07-10 04:00:00,0.5477255955,stoploss,-1.03041793,27,0.7175052958,-20.10983047,1.7,1.7,3,2024,2,4,0.54988,14,0.54651,9,1.531632252,1.431432012,0.8066979578,1.20956005,0.6590909091,0.9304308076
948,AUD_CHF,2024-07-04 08:00:00,2024-07-04 12:00:00,0.60592,0.6026504698,2024-07-16 16:00:00,0.6025804698,stoploss,-1.021409804,50,0.7218162421,-21.21099847,1.4,1.4,29,2024,3,2,0.60588,4,0.59947,13,4.465473362,2.410132198,0.6240500873,0.5750061589,0.5559701493,0.2752689059
949,AUD_USD,2024-07-04 08:00:00,2024-07-04 12:00:00,0.67223,0.6684706977,2024-07-19 16:00:00,0.6684206977,stoploss,-1.01330034,68,2.705289189,-9.945994372,1,1,30,2024,4,2,0.67337,4,0.66341,13,3.245282999,0.7501391851,1.069134268,0.4522115655,0.701986755,0.005320136064
950,CHF_JPY,2024-07-05 12:00:00,2024-07-05 16:00:00,179.231,178.4805761,2024-07-11 12:00:00,178.4695761,stoploss,-1.014658382,24,1.115369592,-16.53598718,2.2,2.2,16,2024,2,3,179.435,10,178.566,7,0.6689552391,0.9008241866,1.427082147,0.7622358502,0.9955882353,0.4823940171
951,EUR_USD,2024-07-10 12:00:00,2024-07-10 16:00:00,1.082735,1.079471528,2024-08-01 08:00:00,1.079436528,stoploss,-1.010724775,95,11.47091316,-1.527514415,0.7,0.7,30,2024,2,2,1.08451,11,1.08054,5,1.728220922,0.5883305268,1.801135403,0.7170278295,0.9189189189,0.1225688597
952,CHF_JPY,2024-07-12 00:00:00,2024-07-12 04:00:00,177.57,176.3830466,2024-07-12 16:00:00,176.3720466,stoploss,-1.009267424,4,0.2535904206,-9.055115751,2.2,2.2,1,2024,3,3,180.068,10,179.571,8,1.32439914,1.733850783,5.722777827,0.6065950261,0.8414337789,0.03875468222
953,GBP_JPY,2024-07-12 00:00:00,2024-07-12 04:00:00,205.372,203.8984386,2024-07-17 08:00:00,203.8864386,stoploss,-1.008143536,20,0.6528401332,-17.15367988,2.4,2.4,2,2024,2,4,206.668,21,206.096,12,0.2999535747,1.517412201,2.556050614,0.5483314216,0.7280534351,0.1900158392
954,NZD_CAD,2024-07-17 00:00:00,2024-07-17 04:00:00,0.831175,0.8264123801,2024-07-19 04:00:00,0.8262973801,stoploss,-1.024146374,13,3.406738355,-4.078637445,2.3,2.3,2,2024,2,2,0.83467,14,0.82841,17,0.2771583747,0.5711142266,3.629028429,2.082887179,0.9296875,1.503374214
955,AUD_CAD,2024-07-17 04:00:00,2024-07-17 08:00:00,0.921355,0.9179607853,2024-07-19 04:00:00,0.9178657853,stoploss,-1.027988801,12,0.4434015344,-10.60775564,1.9,1.9,1,2024,3,2,0.92643,9,0.91924,4,3.594351309,0.7601169161,3.286167653,0.2946189597,0.584,0.1885561342
956,USD_CHF,2024-07-18 04:00:00,2024-07-18 08:00:00,0.884685,0.8804636159,2024-07-25 08:00:00,0.8804186159,stoploss,-1.010660011,31,1.829968517,-11.19656465,0.9,0.9,20,2024,2,2,0.89792,10,0.89325,21,0.3126936495,0.8148986017,6.541268884,0.4643026917,0.8672566372,0.450089344
957,EUR_AUD,2024-07-18 20:00:00,2024-07-19 00:00:00,1.62508,1.618775054,2024-09-13 00:00:00,1.64542,time_exit,3.226038882,240,14.83438626,-0.2965925619,2.4,2.4,68,2024,2,2,1.62842,4,1.61734,10,6.16975971,3.971485427,1.746987984,0.5487755423,0.5487804878,0.3330718609
958,GBP_AUD,2024-07-18 20:00:00,2024-07-19 00:00:00,1.93085,1.923173883,2024-09-13 00:00:00,1.9515,time_exit,2.690162218,240,9.519135751,-0.3908225983,4,4,68,2024,2,2,1.93587,4,1.92426,9,6.292243832,4.637761499,1.899770776,0.3725842103,0.5131264916,0.03126580786
959,CHF_JPY,2024-07-22 00:00:00,2024-07-22 04:00:00,177.257,176.3175922,2024-07-22 08:00:00,176.3065922,stoploss,-1.011709505,2,0.09686954136,-12.45359082,2.2,2.2,0,2024,4,3,177.517,4,176.803,4,1.383850591,1.99061585,0.899126267,0.5514112354,0.8515081206,0.07451503182
960,EUR_GBP,2024-07-24 04:00:00,2024-07-24 08:00:00,0.84169,0.8397014868,2024-07-24 12:00:00,0.8396614868,stoploss,-1.020115532,2,10.46007642,-1.277336255,0.8,0.8,0,2024,2,3,0.8433,16,0.84138,10,1.066123173,3.097791861,2.247594528,0.6135237128,0.9113924051,0.5028882892
961,EUR_CHF,2024-07-25 16:00:00,2024-07-25 20:00:00,0.95618,0.9516405407,2024-07-31 16:00:00,0.9515905407,stoploss,-1.011014528,24,0.9758871429,-7.738807072,1,1,15,2024,2,2,0.96919,14,0.96563,20,0.0308406772,0.608001922,6.280548332,0.2070731184,0.7786666667,0.149797575
962,USD_CAD,2024-07-26 12:00:00,2024-07-26 16:00:00,1.382285,1.378447562,2024-08-06 16:00:00,1.378382562,stoploss,-1.016938387,43,3.235231843,-10.00798058,1.3,1.3,34,2024,3,4,1.38494,6,1.37967,4,5.289988435,4.753171874,2.116347341,0.667111842,0.5829596413,0.156354338
963,AUD_JPY,2024-07-29 20:00:00,2024-07-30 00:00:00,100.7095,99.68222479,2024-07-31 00:00:00,99.67772479,stoploss,-1.00438052,7,1.038183329,-10.28789546,0.9,0.9,2,2024,2,2,101.497,8,100.407,7,0.6658390969,2.322649248,1.457104924,0.2725657122,0.8340807175,0.1070793869
964,CAD_JPY,2024-07-30 04:00:00,2024-07-30 08:00:00,111.572,110.5556965,2024-07-30 20:00:00,110.5496965,stoploss,-1.005903748,4,0.5195298627,-9.752992422,1.2,1.2,0,2024,2,2,111.986,10,110.726,6,0.4329415522,1.635338318,1.691653668,0.8540756076,0.9892665474,0.6336689992
965,EUR_JPY,2024-07-30 04:00:00,2024-07-30 08:00:00,167.18,165.7665104,2024-07-30 16:00:00,165.7595104,stoploss,-1.004952283,3,0.5525332571,-9.040038361,1.4,1.4,0,2024,2,2,168.017,10,166.321,9,0.5999336774,2.115332188,2.097958516,0.8956557024,0.995923913,0.5999336774
966,USD_JPY,2024-07-30 04:00:00,2024-07-30 08:00:00,154.455,153.1198445,2024-07-30 20:00:00,153.1168445,stoploss,-1.002246929,4,0.5707200346,-11.14252225,0.6,0.6,0,2024,2,2,154.741,10,153.015,6,0.6276422428,1.611797263,1.15950798,0.7354948477,1,0.5722179874
967,AUD_CHF,2024-07-31 16:00:00,2024-07-31 20:00:00,0.57514,0.5708276638,2024-08-01 08:00:00,0.5707576638,stoploss,-1.016232501,4,2.177474013,-8.944107847,1.4,1.4,0,2024,2,2,0.58231,8,0.57738,16,0.876555034,2.35603152,4.297187556,0.8023493169,0.8557377049,0.732781457
968,CAD_CHF,2024-07-31 16:00:00,2024-07-31 20:00:00,0.637735,0.6344991357,2024-08-01 04:00:00,0.6344241357,stoploss,-1.023177733,3,0.1282501234,-9.804181119,1.5,1.5,0,2024,2,2,0.6411,8,0.63721,16,0.6736994433,1.848037922,3.258153657,0.8900249526,0.923566879,0.3770244591
969,NZD_JPY,2024-07-31 16:00:00,2024-07-31 20:00:00,89.5,88.28691591,2024-08-02 12:00:00,88.27991591,stoploss,-1.005770416,11,1.776463817,-5.309607167,1.4,1.4,5,2024,3,2,91.528,8,90.191,12,0.7204776687,0.6479352947,3.847172853,0.4880123339,0.889632107,0.3462249666
970,AUD_CAD,2024-07-31 20:00:00,2024-08-01 00:00:00,0.902525,0.8977030413,2024-08-05 08:00:00,0.8976080413,stoploss,-1.019701537,15,5.289344354,-3.561830593,1.9,1.9,9,2024,2,2,0.90847,9,0.90448,13,0.2198276815,1.476578389,2.849732173,0.5267568971,0.7083333333,0.3484061366
971,USD_CHF,2024-08-08 12:00:00,2024-08-08 16:00:00,0.861935,0.8530223623,2024-08-21 00:00:00,0.8529773623,stoploss,-1.00504901,51,1.451309981,-2.75058865,0.9,0.9,30,2024,2,2,0.86624,5,0.85006,9,2.028580167,1.530411143,1.833083596,0.780913604,0.8542568543,0.3455767098
972,AUD_JPY,2024-08-08 16:00:00,2024-08-08 20:00:00,96.8585,94.6182707,2024-09-10 16:00:00,94.6137707,stoploss,-1.002008723,138,1.96921806,-1.459895198,0.9,0.9,101,2024,2,3,97.078,9,94.725,4,1.402534998,4.092438212,0.659027673,0.4892356327,0.8010680908,0.3213956711
973,GBP_CHF,2024-08-08 16:00:00,2024-08-08 20:00:00,1.103815,1.089612689,2024-10-03 20:00:00,1.118795,time_exit,1.05475791,240,2.336591537,-0.3186101162,1.9,1.9,203,2024,2,2,1.10206,6,1.07851,10,0.9885714987,0.5914530334,1.401963768,1.567350539,0.9358552632,1.381465299
974,GBP_JPY,2024-08-08 16:00:00,2024-08-08 20:00:00,187.643,183.9659138,2024-09-11 16:00:00,183.9559138,stoploss,-1.002719545,144,2.264292827,-1.068781024,2.4,2,101,2024,2,3,188.085,9,184.479,4,0.5352063755,2.384496698,0.900666842,0.6722714229,0.9786921381,0.5150817456
975,EUR_JPY,2024-08-08 20:00:00,2024-08-09 00:00:00,160.528,157.9409568,2024-09-06 08:00:00,157.9339568,stoploss,-1.002705792,123,1.298006917,-2.080753793,1.4,1.4,29,2024,2,3,161.445,7,158.96,5,0.9354308338,3.523713835,0.5906328845,0.07189675004,0.5417867435,0.003092333335
976,NZD_CHF,2024-08-08 20:00:00,2024-08-09 00:00:00,0.519685,0.5122955903,2024-10-04 00:00:00,0.528625,time_exit,1.209839539,240,2.521852329,-0.340351951,1.7,1.7,221,2024,2,2,0.52161,7,0.50404,13,2.79859974,2.606432833,0.5559156351,0.4222258795,0.9488372093,0.1867537544
977,CHF_JPY,2024-08-09 00:00:00,2024-08-09 04:00:00,170.284,168.2762304,2024-09-09 00:00:00,168.2652304,stoploss,-1.005478716,126,1.351250634,-2.481360362,2.2,2.2,97,2024,2,2,172.184,11,169.566,6,1.02501799,2.733381306,2.273735153,0.4940805858,0.6831812256,0.1364698392
978,NZD_JPY,2024-08-09 00:00:00,2024-08-09 04:00:00,88.587,86.87439106,2024-09-11 04:00:00,86.86939106,stoploss,-1.002919522,139,2.161030415,-1.352322735,1.4,1,99,2024,2,3,88.984,11,87.107,6,2.047169045,4.727290527,0.5514887574,0.262757008,0.5018796992,0.01985275172
979,USD_JPY,2024-08-09 00:00:00,2024-08-09 04:00:00,147.493,145.0957923,2024-08-21 00:00:00,145.0927923,stoploss,-1.001251456,48,0.79300596,-3.301758113,0.6,0.6,28,2024,2,3,147.908,11,145.429,6,1.279822349,3.122799904,0.5727421657,0.2461196825,0.5052631579,0.04421811245
980,CAD_JPY,2024-08-12 00:00:00,2024-08-12 04:00:00,106.924,105.3966661,2024-09-06 08:00:00,105.3906661,stoploss,-1.003928414,116,1.902007194,-2.690963706,1.2,1.2,93,2024,3,3,107.616,6,105.796,12,2.122653123,5.415973669,1.073605165,0.4386729156,0.6442307692,0.00523788556
981,AUD_CHF,2024-08-12 04:00:00,2024-08-12 08:00:00,0.57071,0.5633824757,2024-09-06 16:00:00,0.5633124757,stoploss,-1.009553022,117,2.22721883,-1.49163614,1.4,1.4,34,2024,3,3,0.57246,5,0.55818,13,3.526429814,5.89830869,0.9121388111,0.4503567486,0.9696969697,0.2865906582
982,CAD_CHF,2024-08-12 04:00:00,2024-08-12 08:00:00,0.631255,0.6254479606,2024-08-21 20:00:00,0.6253729606,stoploss,-1.012915359,46,1.011703144,-2.063874414,1.5,1.5,20,2024,2,3,0.63172,5,0.62258,10,0.1722047905,5.706866756,0.6500121346,0.4856175091,0.9621621622,0.1067669701
983,EUR_CHF,2024-08-12 04:00:00,2024-08-12 08:00:00,0.94641,0.9391205713,2024-08-28 12:00:00,0.9390705713,stoploss,-1.006859248,74,1.607807766,-2.162035017,1,1,20,2024,3,3,0.94758,5,0.9355,10,2.499510026,3.964645431,0.8311063505,0.5185591602,0.9579831933,0.2935758208
984,NZD_USD,2024-08-12 04:00:00,2024-08-12 08:00:00,0.601335,0.5970237765,2024-10-07 08:00:00,0.616155,time_exit,3.437539257,240,8.479031549,-0.9034558304,1.1,1.1,213,2024,3,3,0.60351,6,0.59772,9,2.546840826,5.90551616,1.185913989,0.1994793361,0.5934065934,0.0324733803
985,AUD_USD,2024-08-12 08:00:00,2024-08-12 12:00:00,0.65973,0.6546216504,2024-10-07 12:00:00,0.6785,time_exit,3.67437652,240,6.761479222,-0.6499163584,1,1,212,2024,3,3,0.66053,6,0.65074,14,2.537022893,6.225102469,0.8393784717,0.5128858009,0.7804878049,0.3523642907
986,GBP_CAD,2024-08-15 04:00:00,2024-08-15 08:00:00,1.76041,1.75419871,2024-10-10 08:00:00,1.79131,time_exit,4.97481215,240,8.729265851,-0.392833063,2.8,2.8,192,2024,3,3,1.76511,8,1.74982,16,3.580576771,2.891508939,1.758375692,0.2930148257,0.9915966387,0.2028564178
987,NZD_CAD,2024-08-15 04:00:00,2024-08-15 08:00:00,0.823315,0.8179845004,2024-10-10 08:00:00,0.834635,time_exit,2.123628324,240,7.140981638,-0.5205890988,2.3,2.3,195,2024,2,3,0.834,7,0.82603,13,2.063596428,1.422005538,4.37412635,0.3339274219,0.8136882129,0.003751993505
988,EUR_USD,2024-08-16 04:00:00,2024-08-16 08:00:00,1.098255,1.094234032,2024-10-09 16:00:00,1.094199032,stoploss,-1.008704373,231,5.761051194,-2.05547542,0.7,0.7,170,2024,2,2,1.10475,9,1.09138,16,5.769755566,0.233774579,3.412189284,0.3083834872,0.9277108434,0.2437224334
989,EUR_NZD,2024-08-26 08:00:00,2024-08-26 12:00:00,1.80139,1.793518767,2024-08-27 08:00:00,1.793328767,stoploss,-1.02413853,6,0.8423076466,-6.668586481,3.8,3.8,0,2024,2,2,1.81347,13,1.80516,12,0.4065436605,0.4675252096,3.517267612,0.437034435,0.7530487805,0.3099895411
990,GBP_USD,2024-08-27 08:00:00,2024-08-27 12:00:00,1.321785,1.316088036,2024-08-29 12:00:00,1.316043036,stoploss,-1.007898944,13,3.799391946,-4.603328888,0.9,0.9,2,2024,3,4,1.32304,10,1.31799,5,6.24894217,7.217879271,1.321298424,0.8601072088,0.8144654088,0.7828730921
991,USD_CAD,2024-09-03 00:00:00,2024-09-03 04:00:00,1.349895,1.346168364,2024-09-24 16:00:00,1.346103364,stoploss,-1.017442005,94,10.99517149,-2.142683205,1.3,1.3,72,2024,3,3,1.35097,8,1.34654,9,1.153855702,1.427561008,1.09578157,0.4454419687,0.7021276596,0.2039372869
992,GBP_NZD,2024-09-04 00:00:00,2024-09-04 04:00:00,2.12385,2.113733743,2024-09-25 00:00:00,2.113493743,stoploss,-1.02372419,90,5.986404062,-2.336832761,4.8,4.8,75,2024,2,4,2.12212,5,2.1061,6,2.920052444,1.577658666,0.5392037273,1.182255492,1,0.7295188569
993,USD_CHF,2024-09-04 12:00:00,2024-09-04 16:00:00,0.851145,0.8466840454,2024-09-04 20:00:00,0.8466390454,stoploss,-1.010087527,2,4.228915456,-3.076695713,0.9,0.9,0,2024,5,2,0.85378,7,0.84782,5,3.842226924,3.49252599,2.359263672,1.076002872,0.7659574468,0.847352262
994,EUR_NZD,2024-09-05 00:00:00,2024-09-05 04:00:00,1.79152,1.782574682,2024-09-06 12:00:00,1.782384682,stoploss,-1.021240163,9,3.154723083,-4.76450382,3.8,3.8,0,2024,2,4,1.79129,5,1.77345,12,0.8048903685,1.853483654,0.8189736755,0.6729777804,0.7737478411,0.5678948711
995,GBP_USD,2024-09-10 04:00:00,2024-09-10 08:00:00,1.307725,1.301626317,2024-09-11 16:00:00,1.301581317,stoploss,-1.007378642,9,5.854542668,-3.836074099,0.9,0.9,6,2024,2,2,1.32387,10,1.311,9,2.072578612,0.7313054278,5.565450069,0.4656743083,0.9620253165,0.003279396537
996,AUD_CAD,2024-09-16 04:00:00,2024-09-16 08:00:00,0.913025,0.908677656,2024-11-06 04:00:00,0.908582656,stoploss,-1.021852423,222,5.675879363,-1.356000359,1.9,1.9,62,2024,2,4,0.91342,7,0.90961,4,3.188153515,3.606799936,1.035841409,0.8142902916,0.953307393,0.5704632552
997,AUD_CHF,2024-09-16 20:00:00,2024-09-17 00:00:00,0.56942,0.5650870839,2024-11-12 00:00:00,0.57705,time_exit,1.76093879,240,4.064237495,-0.8539283778,1.4,1.4,62,2024,2,2,0.57286,12,0.56661,8,2.954130604,2.871045681,1.443430887,0.2354072825,0.5806451613,0.1292432139
998,EUR_CHF,2024-09-17 08:00:00,2024-09-17 12:00:00,0.93982,0.9356065326,2024-10-01 16:00:00,0.9355565326,stoploss,-1.011866711,62,2.596436355,-1.635232769,1,1,36,2024,2,2,0.94335,16,0.93686,8,2.662889937,2.947690999,1.983856193,0.3275212222,0.8947368421,0.01898673752
999,GBP_USD,2024-09-18 08:00:00,2024-09-18 12:00:00,1.320615,1.314737367,2024-10-03 08:00:00,1.314692367,stoploss,-1.007656144,66,3.881664843,-8.28820087,0.9,0.9,37,2024,2,2,1.323,6,1.31146,17,4.028832939,3.828071838,2.593175309,1.595880615,0.8900900901,1.136511994
1000,CAD_JPY,2024-09-20 08:00:00,2024-09-20 12:00:00,105.995,104.7370065,2024-11-15 12:00:00,110.58,time_exit,3.644692788,240,4.394299178,-0.9069998846,1.2,1.2,233,2024,4,2,105.961,4,103.66,9,3.511941709,1.344998952,1.964424961,1.806050603,0.95,1.14467996
1001,EUR_JPY,2024-09-20 08:00:00,2024-09-20 12:00:00,160.558,158.8030912,2024-09-27 16:00:00,158.7980912,stoploss,-1.002849151,32,3.496477896,-1.401782207,1,1,29,2024,3,2,159.967,5,156.044,18,3.257149226,1.024554638,1.568617745,2.044550634,0.9397272327,1.378989001
1002,USD_JPY,2024-09-20 08:00:00,2024-09-20 12:00:00,143.81,141.9211178,2024-09-30 08:00:00,141.9181178,stoploss,-1.001588241,36,6.851142072,-1.147768798,0.6,0.6,29,2024,3,2,143.948,7,140.438,9,2.860951376,0.9105914816,2.065267197,1.713182578,0.9646511628,1.08000385
1003,CHF_JPY,2024-09-24 04:00:00,2024-09-24 08:00:00,169.809,168.4259086,2024-09-30 08:00:00,168.4149086,stoploss,-1.007953198,25,5.442156612,-1.095372295,2.2,2.2,18,2024,2,2,169.983,10,168.514,5,1.067174593,1.21033216,0.6463242239,0.3947678372,0.8145454545,0.2501642338
1004,AUD_JPY,2024-09-25 08:00:00,2024-09-25 12:00:00,99.105,98.05627542,2024-09-27 20:00:00,98.05227542,stoploss,-1.003814157,15,3.145725828,-1.052707279,0.8,0.8,11,2024,3,2,99.063,4,97.623,12,2.25988791,1.743069662,0.7581460041,0.8143224788,0.8953488372,0.3947652298
1005,GBP_JPY,2024-09-25 08:00:00,2024-09-25 12:00:00,192.584,190.7908776,2024-09-27 16:00:00,190.7808776,stoploss,-1.005576864,14,4.030399601,-1.687559041,2,2,11,2024,3,2,193.319,5,190.127,12,3.263580803,1.606136827,1.233234262,0.4048803252,0.7006880734,0.05130714864
1006,NZD_JPY,2024-09-26 08:00:00,2024-09-26 12:00:00,90.985,90.14092845,2024-09-27 08:00:00,90.13592845,stoploss,-1.005923668,6,1.756960058,-1.329271197,1,1,5,2024,4,2,91.216,5,89.364,18,3.611068279,1.8955739,1.426366573,0.822205179,0.6487394958,0.2867055523
1007,EUR_JPY,2024-09-30 08:00:00,2024-09-30 12:00:00,159.72,157.6712372,2024-11-25 12:00:00,161.978,time_exit,1.102128584,240,3.404005644,-0.6569818751,1,1,136,2024,3,4,163.492,6,160.742,11,2.330186829,1.661490567,4.979288056,1.055271036,0.9752714113,0.138620247
1008,USD_JPY,2024-09-30 16:00:00,2024-09-30 20:00:00,143.106,141.4198576,2024-11-25 20:00:00,154.32,time_exit,6.65068366,240,8.092436111,-0.1245446378,0.6,0.6,199,2024,2,2,146.499,8,144.107,13,2.154029165,1.454206914,4.125895843,0.1791070506,0.5693779904,0.1174278014
1009,EUR_CAD,2024-10-02 08:00:00,2024-10-02 12:00:00,1.49344,1.485549469,2024-11-11 12:00:00,1.485459469,stoploss,-1.011406077,169,2.993461429,-5.689097524,1.8,1.8,137,2024,2,2,1.51516,12,1.50069,18,2.096183405,0.5449569917,5.873616535,0.4232921749,0.7794561934,0.1419422862
1010,USD_CAD,2024-10-02 12:00:00,2024-10-02 16:00:00,1.349265,1.344529482,2024-11-27 16:00:00,1.404255,time_exit,11.61224563,240,14.47676849,-0.4360663253,1.3,1.3,230,2024,3,2,1.35398,6,1.34893,11,2.225733205,1.351488853,2.145363027,0.1689361066,0.9375,0.01689361066
1011,AUD_JPY,2024-10-04 12:00:00,2024-10-04 16:00:00,100.983,99.84192915,2024-10-07 20:00:00,99.83792915,stoploss,-1.003505479,8,1.245321443,-3.100596246,0.8,0.8,2,2024,2,3,101.27,8,100.235,6,2.047199783,3.915620133,2.156980868,1.538905316,0.9607218684,1.402191632
1012,CAD_CHF,2024-10-04 12:00:00,2024-10-04 16:00:00,0.633155,0.6284175192,2024-10-07 12:00:00,0.6283425192,stoploss,-1.015831199,6,1.601061896,-3.137743585,1.5,1.5,0,2024,3,2,0.63196,7,0.62416,17,1.43958367,1.4818002,1.822449527,2.140378066,0.9884615385,1.815310786
1013,CHF_JPY,2024-10-04 12:00:00,2024-10-04 16:00:00,172.897,171.3605402,2024-11-27 12:00:00,171.3495402,stoploss,-1.007159315,228,2.889109172,-2.031943869,2.2,2.2,111,2024,3,3,172.997,8,171.59,7,4.015725071,4.290382442,1.684412045,1.347252982,0.7868589744,1.112948115
1014,GBP_JPY,2024-10-04 12:00:00,2024-10-04 16:00:00,194.434,192.2631304,2024-11-26 16:00:00,192.2531304,stoploss,-1.004606449,223,2.476887547,-1.978469781,2,2,108,2024,2,3,195.175,8,192.125,6,1.675826092,2.36495084,2.626505029,1.755057012,0.9475728155,1.578169376
1015,USD_CHF,2024-10-04 12:00:00,2024-10-04 16:00:00,0.859875,0.8538846331,2024-10-07 16:00:00,0.8538396331,stoploss,-1.007512061,7,5.995459103,-1.144337245,0.9,0.9,0,2024,2,2,0.85428,5,0.84312,17,2.026587039,1.101768901,1.082920886,2.784470495,0.9843049327,2.44058505
1016,EUR_NZD,2024-10-07 08:00:00,2024-10-07 12:00:00,1.7861,1.77638984,2024-11-22 08:00:00,1.77619984,stoploss,-1.019567135,204,4.262545817,-1.220371296,3.8,3.8,109,2024,3,2,1.78367,5,1.75302,19,4.15647135,0.8485957366,0.8010939887,1.244057827,0.9487179487,0.9783567351
1017,EUR_CHF,2024-10-08 12:00:00,2024-10-08 16:00:00,0.94074,0.9356485347,2024-10-10 16:00:00,0.9355985347,stoploss,-1.009820356,13,0.764023664,-4.002776934,1,1,10,2024,3,4,0.94383,11,0.93763,13,1.406274919,1.846226849,1.761021212,0.5145866323,0.5949820789,0.4281675032
1018,GBP_CAD,2024-10-14 08:00:00,2024-10-14 12:00:00,1.80145,1.79358229,2024-10-16 08:00:00,1.79344229,stoploss,-1.01779425,12,1.738752424,-6.799945518,2.8,2.8,6,2024,3,2,1.80148,4,1.78429,18,2.778445028,2.460690565,0.6002609037,0.5795841413,0.9166666667,0.5414536057
1019,NZD_CAD,2024-10-16 08:00:00,2024-10-16 12:00:00,0.837015,0.8312905651,2024-10-23 12:00:00,0.8311755651,stoploss,-1.020089319,31,0.481270211,-4.079878685,2.3,2.3,16,2024,2,2,0.84335,5,0.83744,10,0.5031064274,3.133933788,2.849047761,0.5939450879,0.9825327511,0.1083076337
1020,NZD_JPY,2024-10-16 08:00:00,2024-10-16 12:00:00,90.715,89.96696785,2024-11-25 16:00:00,89.96096785,stoploss,-1.008021046,170,2.343482162,-4.948985148,1,1.2,96,2024,3,2,91.355,10,90.601,6,0.8074519259,1.104230614,2.342930639,0.6229678766,0.9749303621,0.2860839605
1021,CAD_CHF,2024-10-16 12:00:00,2024-10-16 16:00:00,0.626445,0.6231370301,2024-10-28 12:00:00,0.6230620301,stoploss,-1.022672516,48,4.321381533,-2.46525823,1.5,1.5,4,2024,2,2,0.62646,11,0.62245,6,1.058050743,0.6287844413,0.7544771607,0.6771524753,0.905027933,0.04836803395
1022,GBP_NZD,2024-10-17 08:00:00,2024-10-17 12:00:00,2.14447,2.131254465,2024-12-12 12:00:00,2.19612,time_exit,3.908279094,240,4.948721254,-0.6288054071,4.8,4.8,233,2024,3,3,2.16236,8,2.13995,6,2.259462028,0.5281662745,3.060843154,0.2860270083,0.512995896,0.08323537278
1023,EUR_AUD,2024-10-18 16:00:00,2024-10-18 20:00:00,1.6197,1.611132667,2024-11-21 16:00:00,1.611012667,stoploss,-1.014006692,144,4.702746985,-2.698622742,2.4,2.4,53,2024,3,2,1.63284,12,1.61972,21,1.176562164,0.3034783361,3.539219065,0.4458797092,0.8070588235,0.4155318756
1024,EUR_GBP,2024-10-24 16:00:00,2024-10-24 20:00:00,0.8342,0.830893416,2024-10-29 12:00:00,0.830853416,stoploss,-1.012097077,17,3.199676756,-3.75009374,0.8,0.8,3,2024,4,2,0.83521,4,0.8303,7,0.9738146649,0.5080772164,1.933312098,1.209707658,0.9260700389,0.1693590721
1025,AUD_JPY,2024-10-25 12:00:00,2024-10-25 16:00:00,100.954,100.1832593,2024-10-31 08:00:00,100.1792593,stoploss,-1.005189813,23,1.88130711,-7.060740204,0.8,0.8,3,2024,2,2,101.696,12,100.894,10,1.710043291,2.478135573,2.530108922,0.6227775262,0.9696048632,0.3944257666
1026,EUR_CHF,2024-10-29 08:00:00,2024-10-29 12:00:00,0.93724,0.9339332728,2024-11-13 16:00:00,0.9338832728,stoploss,-1.015120691,68,2.234838134,-5.104745292,1,1,19,2024,2,2,0.939,7,0.93499,9,0.997965608,1.058448372,2.493244468,1.270138047,0.8514492754,0.9011931854
1027,USD_CHF,2024-10-29 12:00:00,2024-10-29 16:00:00,0.869435,0.865708526,2024-10-30 16:00:00,0.865663526,stoploss,-1.012075758,7,8.779076306,-2.21791428,0.9,0.9,0,2024,2,3,0.87001,7,0.86495,15,0.7406465109,0.2898181999,2.248064764,1.685239163,0.9227272727,1.432989989
1028,GBP_CAD,2024-10-31 08:00:00,2024-10-31 12:00:00,1.80673,1.798125339,2024-10-31 16:00:00,1.797985339,stoploss,-1.016270251,2,1.936159842,-6.831181005,2.8,2.8,0,2024,4,2,1.81513,4,1.79979,14,3.972265511,1.208647201,3.085129702,0.9576204743,0.6656804734,0.9111340435
1029,EUR_USD,2024-11-05 08:00:00,2024-11-05 12:00:00,1.089255,1.084573195,2024-11-06 00:00:00,1.084538195,stoploss,-1.00747575,4,0.9579639431,-11.98149106,0.7,0.7,3,2024,4,3,1.09148,5,1.08304,9,3.767777916,2.635735799,1.522048063,0.5681569874,0.7298578199,0.5083509887
1030,CAD_CHF,2024-11-07 04:00:00,2024-11-07 08:00:00,0.630105,0.6259920426,2024-12-05 16:00:00,0.6259170426,stoploss,-1.018235054,123,2.58573062,-2.760787136,1.5,1.5,68,2024,3,2,0.63074,4,0.62007,13,3.831792625,0.8655572173,0.7413347868,0.4084652037,0.5652173913,0.2090952828
1031,AUD_NZD,2024-11-11 00:00:00,2024-11-11 04:00:00,1.104315,1.099557275,2024-11-13 12:00:00,1.099452275,stoploss,-1.022069373,15,2.884782283,-2.266839849,2.1,2.1,0,2024,2,2,1.109,6,1.10003,17,0.697812545,0.7356457553,2.557742851,0.7818863456,0.7727272727,0.09668487069
1032,NZD_CHF,2024-11-11 00:00:00,2024-11-11 04:00:00,0.522755,0.5184195265,2024-11-18 08:00:00,0.5183345265,stoploss,-1.019605702,32,0.7807682435,-4.704215163,1.7,1.7,5,2024,2,3,0.52646,8,0.5193,12,1.812950781,2.080510947,1.957779836,1.097919303,0.8714733542,0.09226212627
1033,EUR_GBP,2024-11-15 00:00:00,2024-11-15 04:00:00,0.83157,0.8285499241,2024-11-22 08:00:00,0.8285099241,stoploss,-1.0132447,32,3.407199144,-3.23501804,0.8,0.8,14,2024,2,2,0.83455,9,0.83005,6,1.297980626,2.701918855,2.159045037,0.4635645094,0.6422018349,0.0198670504
1034,EUR_USD,2024-11-21 00:00:00,2024-11-21 04:00:00,1.054605,1.048372466,2024-11-21 16:00:00,1.048337466,stoploss,-1.005615693,4,1.348568681,-5.92134767,0.7,0.7,0,2024,4,3,1.06101,6,1.05236,10,0.8760481853,0.8696302499,2.031548498,0.1508214824,0.5643564356,0.03208967712
1035,GBP_USD,2024-11-25 00:00:00,2024-11-25 04:00:00,1.259495,1.251932494,2024-11-26 00:00:00,1.251887494,stoploss,-1.005950409,6,2.864791302,-6.554044813,0.9,0.9,2,2024,2,2,1.27149,16,1.26307,14,0.6664457956,0.4680988326,5.228233194,0.1745453274,0.757918552,1.560329442
1036,USD_CHF,2024-11-26 00:00:00,2024-11-26 04:00:00,0.887845,0.8820676463,2024-11-27 08:00:00,0.8820226463,stoploss,-1.007789033,8,5.579544159,-2.676831097,0.9,0.9,4,2024,2,3,0.89579,8,0.88514,10,3.306011895,1.748205243,3.371567941,0.4396476552,0.6241457859,0.1869367983
1037,EUR_AUD,2024-11-27 12:00:00,2024-11-27 16:00:00,1.62754,1.617641064,2024-12-02 08:00:00,1.617521064,stoploss,-1.012122515,17,5.32683499,-1.181945181,2.4,2.4,0,2024,2,2,1.6245,5,1.59951,15,0.1495110143,0.5919827999,0.7115278157,1.280945717,0.9670958512,1.006168718
1038,GBP_USD,2024-11-28 16:00:00,2024-11-28 20:00:00,1.268845,1.261681869,2024-12-02 16:00:00,1.261636869,stoploss,-1.006282169,12,1.719220259,-8.224755304,0.9,0.9,3,2024,3,3,1.26947,6,1.25248,11,2.264372928,1.055404398,0.8405424731,0.6645138801,0.9191919192,0.3797222172
1039,EUR_USD,2024-11-29 20:00:00,2024-12-02 00:00:00,1.056645,1.050306157,2024-12-02 08:00:00,1.050271157,stoploss,-1.005521512,3,1.004126384,-6.143865206,0.7,0.7,0,2024,3,3,1.05878,13,1.05273,9,1.798435315,3.227718118,0.6283154245,0.3312907159,0.6,0.3028943689
1040,NZD_CAD,2024-12-02 08:00:00,2024-12-02 12:00:00,0.828495,0.8236191577,2024-12-04 04:00:00,0.8235041577,stoploss,-1.023585668,11,0.5998963492,-6.248151206,2.3,2.3,0,2024,2,3,0.83117,4,0.8237,8,0.4799170793,3.14202122,1.600204102,0.4799170793,0.6887755102,0.1066482399
1041,NZD_CHF,2024-12-02 08:00:00,2024-12-02 12:00:00,0.523045,0.5196868034,2024-12-02 16:00:00,0.5196018034,stoploss,-1.025311204,2,0.1325115997,-6.159556046,1.7,1.7,0,2024,2,4,0.52281,4,0.51829,8,0.9409812476,2.042763088,0.7100442016,0.7980473872,0.8488372093,0.6193800617
1042,NZD_USD,2024-12-02 08:00:00,2024-12-02 12:00:00,0.590495,0.5866619845,2024-12-02 16:00:00,0.5866069845,stoploss,-1.014349016,2,0.1708837335,-9.489917262,1.1,1.1,0,2024,2,3,0.59292,6,0.58802,12,1.085307376,4.346447329,1.743198877,0.485257625,0.6967741935,0.1930594852
1043,GBP_CHF,2024-12-03 16:00:00,2024-12-03 20:00:00,1.123255,1.117366943,2024-12-06 12:00:00,1.117271943,stoploss,-1.016134355,17,2.765768084,-2.539887117,1.9,1.9,9,2024,2,2,1.12627,7,1.11652,12,1.888568689,1.596451949,2.529016652,1.345095685,0.9809322034,0.1766287263
1044,USD_CAD,2024-12-03 16:00:00,2024-12-03 20:00:00,1.405305,1.398461132,2025-01-29 20:00:00,1.442095,time_exit,5.375615095,240,6.78490587,-0.6261079283,1.3,1.3,199,2024,2,2,1.40897,6,1.39815,10,1.279977935,0.03506788863,1.53308047,0.388669099,0.526,0.1022813419
1045,GBP_AUD,2024-12-05 12:00:00,2024-12-05 16:00:00,1.97924,1.969203464,2025-01-14 08:00:00,1.969003464,stoploss,-1.019927195,161,5.076452908,-1.999694011,4,4,58,2024,2,2,1.97967,6,1.95064,12,3.650662111,0.6655683107,0.7930059177,0.6536119937,0.8730703259,0.5101361902
1046,EUR_USD,2024-12-09 08:00:00,2024-12-09 12:00:00,1.056695,1.050060779,2024-12-10 16:00:00,1.050025779,stoploss,-1.005275676,8,0.4182857479,-5.877856843,0.7,0.7,1,2024,4,2,1.06301,5,1.0472,16,2.85790911,0.3436726145,2.837671285,0.8832989127,0.7706185567,0.3014672057
1047,EUR_AUD,2024-12-09 20:00:00,2024-12-10 00:00:00,1.63856,1.628726777,2025-02-05 00:00:00,1.65795,time_exit,1.971886529,240,4.241742503,-0.2471214165,2.4,2.4,81,2024,2,2,1.6561,7,1.61901,23,3.414953566,0.445428726,3.759080045,0.3518683543,0.7306273063,0.03864450134
1048,EUR_CAD,2024-12-09 20:00:00,2024-12-10 00:00:00,1.49453,1.48684442,2024-12-11 16:00:00,1.48675442,stoploss,-1.011710242,11,2.987412936,-3.401174832,1.8,1.8,1,2024,3,2,1.49673,5,1.47371,19,4.275539594,0.3669209268,0.7681271609,0.5152506632,0.9724770642,0.05725007369
1049,GBP_JPY,2024-12-10 08:00:00,2024-12-10 12:00:00,193.362,191.7909246,2025-01-13 00:00:00,191.7809246,stoploss,-1.006365067,136,3.562527885,-2.572123492,2,2,82,2024,5,3,193.412,4,190.599,7,3.859776505,3.213085718,1.174115202,1.080788342,0.936440678,0.591951212
1050,EUR_NZD,2024-12-10 16:00:00,2024-12-10 20:00:00,1.81393,1.802715556,2025-02-06 16:00:00,1.8311,time_exit,1.531061196,240,3.591796446,-0.5698008761,3.8,3.8,69,2024,2,2,1.81558,8,1.79687,6,2.840979016,1.021896407,1.175968987,0.8221540027,0.940433213,0.6848310999
1051,EUR_JPY,2024-12-11 08:00:00,2024-12-11 12:00:00,160.324,159.0777027,2025-02-03 00:00:00,159.0727027,stoploss,-1.004011884,220,3.677292862,-2.27233109,1,1,76,2024,5,3,160.066,6,159.364,7,2.259493061,2.898184991,0.6686169033,0.9821091998,0.9598623853,0.7750959861
1052,GBP_CAD,2024-12-11 12:00:00,2024-12-11 16:00:00,1.80946,1.801281624,2024-12-11 16:00:00,1.801141624,stoploss,-1.017118314,1,1.703272235,-7.884206295,2.8,2.8,0,2024,2,3,1.80756,13,1.80419,5,4.323597,4.176868595,0.5093570103,0.9121615843,0.6965240642,0.07825514933
1053,NZD_CAD,2024-12-12 00:00:00,2024-12-12 04:00:00,0.821425,0.8155071465,2024-12-18 20:00:00,0.8153921465,stoploss,-1.019432722,29,0.5584795251,-3.953291525,2.3,2.3,21,2024,3,2,0.83142,12,0.82235,17,1.595172986,1.15244489,4.340747569,1.067954795,0.9473684211,0.5238385864
1054,USD_JPY,2024-12-12 20:00:00,2024-12-13 00:00:00,152.595,151.4119705,2025-02-06 20:00:00,151.4089705,stoploss,-1.002535862,234,5.313476749,-1.408248849,0.6,0.6,117,2024,3,2,152.863,8,150.997,9,3.651641673,2.767471027,0.9920484219,0.6643959155,0.923580786,0.4327871612
1055,AUD_NZD,2024-12-13 08:00:00,2024-12-13 12:00:00,1.104775,1.10050448,2024-12-17 00:00:00,1.10039948,stoploss,-1.024587173,10,1.644998927,-1.504500798,2.1,2.1,0,2024,4,3,1.10606,8,1.0975,14,3.474987056,1.859258573,1.054910508,0.4261776578,0.7741935484,0.2154304644
1056,CHF_JPY,2024-12-13 12:00:00,2024-12-13 16:00:00,171.845,170.537958,2025-01-16 00:00:00,170.526958,stoploss,-1.00841595,135,3.046573784,-4.571390848,2.2,2.2,24,2024,5,2,173.018,7,170.864,13,1.664827864,0.9318751553,2.30821744,0.4911854267,0.5541401274,0.3029741884
1057,EUR_CHF,2024-12-16 12:00:00,2024-12-16 16:00:00,0.93842,0.9342670198,2024-12-18 20:00:00,0.9342170198,stoploss,-1.012039547,14,3.212151158,-2.400685685,1,1,4,2024,4,2,0.93865,6,0.92582,15,4.040471996,0.1252112895,1.666219824,1.449561467,0.9597701149,0.5634508028
1058,USD_CHF,2024-12-16 12:00:00,2024-12-16 16:00:00,0.893175,0.8883025846,2025-02-11 16:00:00,0.913335,time_exit,4.13757823,240,5.521901899,-0.5284853146,0.9,0.9,114,2024,2,4,0.89459,6,0.88165,13,3.751732641,2.376644638,1.748789007,1.095965662,0.8563218391,0.5130925385
1059,EUR_GBP,2024-12-18 00:00:00,2024-12-18 04:00:00,0.82629,0.8229880201,2024-12-18 20:00:00,0.8229480201,stoploss,-1.012113944,5,6.377991598,-1.229565332,0.8,0.8,1,2024,3,2,0.83278,12,0.82726,8,4.585127863,3.307106755,4.48423281,0.6541529845,0.9,0.4118741013
1060,AUD_JPY,2024-12-18 12:00:00,2024-12-18 16:00:00,97.2735,96.49379634,2024-12-18 20:00:00,96.48929634,stoploss,-1.005771423,2,2.433616894,-3.752066522,0.9,0.9,0,2024,2,2,98.35,9,97.527,15,0.7310469722,1.464659022,3.771068175,0.9567737566,0.8440979955,0.5001900336
1061,CAD_JPY,2024-12-18 12:00:00,2024-12-18 16:00:00,107.5,106.7435466,2025-01-30 16:00:00,106.7375466,stoploss,-1.007931751,181,3.920928763,-3.426516303,1.2,1.2,75,2024,3,2,108.526,11,107.751,15,1.626008894,1.62072106,3.458057596,0.7217893138,0.7735368957,0.3807240336
1062,NZD_JPY,2024-12-19 04:00:00,2024-12-19 08:00:00,87.29,86.4745779,2025-02-03 00:00:00,86.4685779,stoploss,-1.007358152,185,2.960429927,-2.559410629,1.2,1.2,72,2024,2,2,89.304,13,87.915,6,1.442197843,0.139804893,6.103586741,0.8020385966,0.6450276243,0.2918733731
1063,AUD_USD,2024-12-25 08:00:00,2024-12-25 16:00:00,0.624805,0.6209203084,2024-12-27 04:00:00,0.6208703084,stoploss,-1.012871035,10,3.504782741,-4.135463439,15.7,1,3,2024,2,3,0.62748,16,0.62186,10,0.4788024897,1.014237532,2.459050747,0.7722620802,1,0.4221699372
1064,EUR_USD,2024-12-31 00:00:00,2024-12-31 04:00:00,1.041255,1.036713468,2024-12-31 16:00:00,1.036678468,stoploss,-1.007706651,4,2.663198487,-5.1865763,0.7,0.7,1,2024,3,3,1.04443,9,1.04048,10,1.501696046,1.105353981,1.714244558,0.6473587061,0.9318181818,0.2245938368
1065,EUR_GBP,2024-12-31 08:00:00,2024-12-31 12:00:00,0.82988,0.8265378439,2024-12-31 16:00:00,0.8264978439,stoploss,-1.011968322,2,5.227164562,-1.935876057,0.8,0.8,0,2024,3,2,0.83286,12,0.82721,5,1.783279954,0.9814023905,2.346346002,0.5385744826,0.8278145695,0.2273981149
1066,NZD_CAD,2025-01-02 00:00:00,2025-01-02 04:00:00,0.807025,0.8018703147,2025-01-10 12:00:00,0.8017553147,stoploss,-1.0223098,39,3.161201704,-1.74501438,2.3,2.3,19,2025,2,2,0.81539,11,0.80876,18,0.8380724984,1.070870415,4.919817667,1.579145865,0.96875,0.2715975689
1067,AUD_NZD,2025-01-06 12:00:00,2025-01-06 16:00:00,1.108495,1.104770476,2025-01-07 08:00:00,1.104665476,stoploss,-1.028191521,5,2.404334008,-2.723837913,2.1,2.1,0,2025,2,2,1.11008,6,1.1027,16,2.808412476,1.031004198,1.022342864,0.1288755247,0.6928104575,0.09665664352
1068,NZD_CHF,2025-01-06 12:00:00,2025-01-06 16:00:00,0.512125,0.5088010927,2025-01-09 08:00:00,0.5087160927,stoploss,-1.025572314,17,1.957034148,-2.639965357,1.7,1.7,5,2025,2,2,0.51144,8,0.50884,5,0.102289256,2.202227512,0.5642105256,0.908569274,0.8869565217,0.04813612048
1069,AUD_CHF,2025-01-07 00:00:00,2025-01-07 04:00:00,0.56591,0.5616309897,2025-02-03 00:00:00,0.5615609897,stoploss,-1.016358923,114,2.425794586,-2.703896277,1.4,1.4,79,2025,2,2,0.56708,11,0.56287,6,1.402193402,1.991114631,1.032547437,1.042297096,0.8504983389,0.3505483505
1070,AUD_JPY,2025-01-08 20:00:00,2025-01-09 00:00:00,98.238,97.4767714,2025-01-10 08:00:00,97.4727714,stoploss,-1.005254663,9,0.6909882239,-8.387756292,0.8,0.8,0,2025,3,2,99.171,8,97.494,21,3.265773241,1.171789916,2.213316078,0.367826431,0.7014925373,0.02364598485
1071,EUR_CAD,2025-01-09 12:00:00,2025-01-09 16:00:00,1.48376,1.476675769,2025-01-10 12:00:00,1.476585769,stoploss,-1.012704273,6,10.3158698,-2.169607537,1.8,1.8,5,2025,2,2,1.49415,17,1.47922,6,1.307128549,0.9090613234,3.335443515,0.4178294281,0.6940063091,0.07622563892
1072,EUR_GBP,2025-01-14 08:00:00,2025-01-14 12:00:00,0.84243,0.838464342,2025-01-28 00:00:00,0.838424342,stoploss,-1.010086598,58,1.24065161,-4.614618795,0.8,0.8,23,2025,3,2,0.84242,6,0.83627,14,5.976309587,4.009422887,1.552183135,1.447426879,0.9614395887,1.291084603
1073,CAD_CHF,2025-01-15 16:00:00,2025-01-15 20:00:00,0.636925,0.6334901477,2025-01-16 16:00:00,0.6334151477,stoploss,-1.021835,6,0.8340969986,-9.163421651,1.5,1.5,0,2025,2,2,0.6382,11,0.63212,22,2.224258663,0.05240399991,1.581913074,0.7744146653,0.900990099,0.05240399991
1074,AUD_CAD,2025-01-17 16:00:00,2025-01-17 20:00:00,0.895885,0.8900631914,2025-03-14 20:00:00,0.908835,time_exit,2.224394677,240,2.848771098,-0.5505162116,1.9,1.9,214,2025,3,2,0.89581,6,0.88886,7,1.528734566,1.185198708,1.478735403,1.391320223,0.9407114625,0.5462220134
1075,GBP_JPY,2025-01-17 16:00:00,2025-01-17 20:00:00,190.212,188.5558723,2025-02-06 12:00:00,188.5458723,stoploss,-1.006038182,83,2.742542137,-1.969051059,2,2,30,2025,2,2,193.006,16,191.451,19,0.1098949073,1.674991609,4.192945945,0.6654076254,0.661641541,0.02536036322
1076,EUR_CAD,2025-01-22 08:00:00,2025-01-22 12:00:00,1.49673,1.487458127,2025-02-04 12:00:00,1.487368127,stoploss,-1.009706777,55,9.600002331,-2.425615688,1.8,1.8,38,2025,2,2,1.50518,8,1.48626,10,4.702394131,2.981059032,2.61741539,0.7161444274,0.9646017699,0.6406472739
1077,NZD_CAD,2025-01-22 08:00:00,2025-01-22 12:00:00,0.813835,0.8080019544,2025-02-04 12:00:00,0.8078869544,stoploss,-1.019715258,55,3.314734948,-2.462692916,2.3,2.3,45,2025,3,3,0.81802,8,0.80857,10,3.226444878,2.345258551,2.238770744,0.7268930012,0.9833795014,0.6823193738
1078,AUD_JPY,2025-01-23 16:00:00,2025-01-23 20:00:00,98.1745,97.45507009,2025-01-27 08:00:00,97.45107009,stoploss,-1.005559958,10,0.8193987949,-8.843808028,0.9,0.8,4,2025,3,2,98.336,5,96.769,15,3.263695285,1.979345011,1.047977132,0.5754556422,0.9144254279,0.108419179
1079,EUR_USD,2025-01-23 16:00:00,2025-01-23 20:00:00,1.043545,1.036626108,2025-01-31 08:00:00,1.036591108,stoploss,-1.005058613,34,7.507704797,-3.25413367,0.7,0.7,10,2025,3,2,1.04576,7,1.03416,14,4.113375273,2.202664763,1.462343626,0.7110964983,0.9533834586,0.4191422449
1080,CHF_JPY,2025-01-24 00:00:00,2025-01-24 04:00:00,172.318,171.3548268,2025-01-24 04:00:00,171.3438268,stoploss,-1.011420583,1,0.3903762957,-6.702844056,2.2,2.2,0,2025,3,3,172.927,5,170.736,17,3.687810113,1.229270038,1.988315131,1.042387768,0.9908088235,0.5232703538
1081,AUD_USD,2025-01-24 04:00:00,2025-01-24 08:00:00,0.63248,0.6275116939,2025-01-27 16:00:00,0.6274616939,stoploss,-1.010063792,9,1.692729839,-4.77828851,1,1,0,2025,3,2,0.62958,10,0.62532,11,2.745402497,3.598812071,0.5432911857,1.658512945,1,1.513594339
1082,GBP_USD,2025-01-27 08:00:00,2025-01-27 12:00:00,1.248655,1.239962304,2025-01-29 12:00:00,1.239917304,stoploss,-1.00517676,13,6.079241554,-2.733904353,0.9,0.9,0,2025,3,2,1.25021,4,1.22931,12,3.607626363,1.472500556,1.303350407,0.8950042443,0.9901477833,0.522277541
1083,GBP_CAD,2025-01-28 20:00:00,2025-01-29 00:00:00,1.78944,1.780823429,2025-02-06 12:00:00,1.780683429,stoploss,-1.016247763,40,10.25930153,-2.528848195,2.8,2.8,22,2025,2,3,1.79913,7,1.78874,9,5.631010299,5.654221388,2.253156197,0.4038729563,0.725,0.1462298635
1084,GBP_AUD,2025-02-03 00:00:00,2025-02-03 04:00:00,2.00931,1.997985377,2025-02-03 20:00:00,1.997785377,stoploss,-1.017660632,5,4.918486145,-4.015144794,4,4,0,2025,2,2,2.00184,7,1.99463,9,0.7364483744,1.220349704,1.340050971,2.108679518,0.9701207883,2.216409376
1085,USD_CAD,2025-02-03 00:00:00,2025-02-03 04:00:00,1.474935,1.46030542,2025-02-03 12:00:00,1.46024042,stoploss,-1.004443053,3,0.3024693814,-4.093418961,1.3,1.3,0,2025,4,4,1.45962,7,1.43999,7,2.660363463,0.9104841039,0.8834184997,0.4073937883,0.9690844233,2.576970775
1086,GBP_CHF,2025-02-03 08:00:00,2025-02-03 12:00:00,1.127635,1.120956375,2025-02-06 12:00:00,1.120861375,stoploss,-1.014224484,19,3.380186583,-1.309401181,1.9,1.9,1,2025,3,3,1.1321,9,1.12409,11,1.075071525,0.9612756529,2.343038614,0.8325066402,0.5008375209,0.5689793584
1087,AUD_USD,2025-02-10 04:00:00,2025-02-10 08:00:00,0.62721,0.6220856583,2025-02-28 00:00:00,0.6220356583,stoploss,-1.009757351,83,2.669611214,-6.656464803,1,1,52,2025,3,2,0.63014,4,0.6255,11,2.493978897,6.541328062,1.81943561,0.6634998631,0.7584745763,0.1170882111
1088,NZD_CHF,2025-02-10 04:00:00,2025-02-10 08:00:00,0.515435,0.5113522288,2025-02-12 12:00:00,0.5112672288,stoploss,-1.020819193,14,0.7825567186,-10.97171462,1.7,1.7,11,2025,3,3,0.5171,4,0.51066,4,1.812494434,2.405229101,1.350178511,0.5241537958,0.7716049383,0.1910467106
1089,EUR_GBP,2025-02-10 08:00:00,2025-02-10 12:00:00,0.83223,0.8287771499,2025-02-18 16:00:00,0.8287371499,stoploss,-1.011584633,38,6.855206351,-2.345888105,0.8,0.8,16,2025,3,2,0.83778,11,0.83038,17,2.762934879,0.938355242,3.456148005,0.1969387545,0.6494845361,0.0695077957
1090,USD_CAD,2025-02-11 00:00:00,2025-02-11 04:00:00,1.433585,1.42518872,2025-02-13 16:00:00,1.42512372,stoploss,-1.007741524,16,2.471928168,-3.759403162,1.3,1.3,2,2025,2,2,1.4378,6,1.42731,7,0.2644028202,0.3310990271,1.416041644,0.6002658621,0.8312101911,0.2929869089
1091,USD_CHF,2025-02-12 12:00:00,2025-02-12 16:00:00,0.914475,0.9097175571,2025-02-13 08:00:00,0.9096725571,stoploss,-1.009458863,5,0.1271691569,-16.51202169,0.9,0.9,0,2025,2,3,0.91409,4,0.90928,9,0.7693208501,4.115656351,1.712038641,1.643740177,0.8149920255,0.4960648104
1092,EUR_CAD,2025-02-14 16:00:00,2025-02-14 20:00:00,1.48837,1.480425307,2025-02-19 12:00:00,1.480335307,stoploss,-1.011328317,17,13.20126522,-1.048498658,1.8,1.8,4,2025,2,4,1.48989,7,1.47916,5,2.081892894,1.238562641,1.081391943,0.6847338176,0.7684210526,0.1913226843
1093,NZD_JPY,2025-02-14 16:00:00,2025-02-14 20:00:00,87.36,86.47134059,2025-02-18 12:00:00,86.46534059,stoploss,-1.006751743,11,0.05401394474,-8.499319263,1.2,1.2,0,2025,2,4,87.398,12,86.254,7,2.630929225,2.365360663,0.8635996849,0.7719492936,0.9189873418,0.1732947394
1094,GBP_CAD,2025-02-17 08:00:00,2025-02-17 12:00:00,1.78688,1.778189664,2025-04-14 12:00:00,1.82253,time_exit,4.102258003,240,10.4667991,-0.1196731647,2.8,2.8,97,2025,3,3,1.78811,4,1.77699,11,1.475201896,2.149514151,0.9099851571,0.5937630097,0.6690140845,0.3521152732
1095,GBP_NZD,2025-02-17 16:00:00,2025-02-17 20:00:00,2.19952,2.188317485,2025-04-14 20:00:00,2.24485,time_exit,4.046412711,240,12.13923813,-0.5445205722,4.8,4.8,205,2025,2,2,2.21771,12,2.19075,4,1.055120191,1.335414387,3.923849519,0.6391421799,0.8155515371,0.2267347956
1096,GBP_AUD,2025-02-17 20:00:00,2025-02-18 00:00:00,1.98485,1.975127015,2025-02-20 16:00:00,1.974927015,stoploss,-1.020569814,17,18.48506323,-1.077858247,4,4,1,2025,2,2,1.99448,14,1.97561,4,1.731978327,2.421067092,2.363602339,0.5780117696,0.6098418278,0.4196242028
1097,NZD_CHF,2025-02-20 04:00:00,2025-02-20 08:00:00,0.516385,0.512788994,2025-02-25 08:00:00,0.512703994,stoploss,-1.023637335,19,0.6243037374,-14.66766175,1.7,1.7,2,2025,2,2,0.51843,5,0.51306,7,0.711900921,2.285869364,2.046532035,0.8231354399,0.887804878,0.0611789854
1098,AUD_CHF,2025-02-20 08:00:00,2025-02-20 12:00:00,0.57524,0.5714924104,2025-02-21 20:00:00,0.5714224104,stoploss,-1.018678673,9,0.2801800924,-20.14628284,1.4,1.4,1,2025,4,3,0.57576,6,0.57085,14,1.456936481,1.910561392,0.7900133501,0.4803087299,0.735483871,0.2027970193
1099,GBP_CHF,2025-02-21 00:00:00,2025-02-21 04:00:00,1.138135,1.133035215,2025-02-21 20:00:00,1.132940215,stoploss,-1.018628236,5,2.367746896,-15.10553889,1.9,1.9,1,2025,3,2,1.14228,10,1.13548,6,1.811841103,2.666779113,1.889761668,0.6863034482,0.8829113924,0.1490258916
1100,USD_JPY,2025-02-21 00:00:00,2025-02-21 04:00:00,150.347,149.232892,2025-02-21 16:00:00,149.229892,stoploss,-1.002692737,4,0.8607782758,-7.841250278,0.6,0.6,0,2025,2,2,152.315,11,151.525,14,0.1705400129,0.525981303,5.328129973,1.547426223,0.9145728643,0.9209160698
1101,USD_CAD,2025-02-21 08:00:00,2025-02-21 12:00:00,1.419785,1.414600105,2025-04-03 08:00:00,1.414535105,stoploss,-1.012536415,174,6.664551275,-7.304872798,1.3,1.3,43,2025,2,3,1.42457,9,1.41753,12,1.257498895,0.9566249262,2.557620234,0.7058966189,0.8951965066,0.4050226502
1102,EUR_USD,2025-02-25 04:00:00,2025-02-25 08:00:00,1.047745,1.042529844,2025-02-27 12:00:00,1.042494844,stoploss,-1.006711208,14,21.01471075,-2.257842228,0.7,0.7,8,2025,3,2,1.05287,6,1.04492,9,2.57326902,1.859963449,2.340038125,0.4486922136,0.9029850746,0.2761182853
1103,EUR_AUD,2025-02-25 08:00:00,2025-02-25 12:00:00,1.654,1.645344171,2025-04-22 12:00:00,1.7943,time_exit,16.2087314,240,23.31261518,-0.1374796177,2.4,2.4,183,2025,2,3,1.65198,7,1.64289,4,1.226918942,1.661308322,0.7906733807,1.203813123,0.9743150685,0.8156353792
1104,EUR_GBP,2025-02-28 04:00:00,2025-02-28 08:00:00,0.82545,0.8229786427,2025-04-25 08:00:00,0.85303,time_exit,11.15985929,240,19.56010145,-0.5179340061,0.8,0.8,180,2025,3,3,0.83054,10,0.82851,15,1.084424325,1.634729207,4.817937172,0.7040665396,0.8018018018,0.1456689392
1105,EUR_JPY,2025-03-04 16:00:00,2025-03-04 20:00:00,156.806,155.0131915,2025-04-29 20:00:00,161.954,time_exit,2.871472405,240,4.117562023,-0.03290926027,1,1,57,2025,3,2,158.465,7,155.923,4,1.493745746,1.266169844,2.633460909,0.678265432,0.9070464768,0.13833045
1106,AUD_NZD,2025-03-04 20:00:00,2025-03-05 00:00:00,1.105435,1.10211124,2025-03-07 00:00:00,1.10200624,stoploss,-1.031590725,13,0.7747249178,-12.15942041,2.1,2.1,0,2025,2,3,1.11064,7,1.10805,11,1.05302416,1.732976904,3.061168006,0.8243674854,0.7546296296,0.6197799343
1107,USD_JPY,2025-03-04 20:00:00,2025-03-05 00:00:00,149.7,148.1732516,2025-03-06 08:00:00,148.1702516,stoploss,-1.00196496,9,0.9909949617,-6.430004983,0.6,0.6,0,2025,3,2,151.306,8,149.098,16,1.854922493,0.4584907291,3.501121384,1.414771393,0.9541595925,1.185526028
1108,EUR_CAD,2025-03-06 12:00:00,2025-03-06 16:00:00,1.5549,1.542840132,2025-03-06 16:00:00,1.542750132,stoploss,-1.007462768,1,3.414631175,-1.867350511,1.8,1.8,0,2025,3,2,1.55389,5,1.51535,12,7.857466007,2.970181853,0.8392245065,0.9535759717,0.7885416667,0.567170404
1109,CHF_JPY,2025-03-06 16:00:00,2025-03-06 20:00:00,167.233,165.7511696,2025-05-01 20:00:00,174.959,time_exit,5.213822208,240,6.243629701,-0.4123279018,2.2,2.2,156,2025,2,3,168.718,7,166.819,6,0.9731208418,1.291645833,2.977019703,0.8233061213,0.6109215017,0.2267466039
1110,GBP_AUD,2025-03-07 08:00:00,2025-03-07 12:00:00,2.04935,2.036927438,2025-03-17 16:00:00,2.036727438,stoploss,-1.016099739,38,9.275864341,-1.35881793,4,4,18,2025,3,2,2.05143,15,2.02843,4,3.310106237,0.982084049,1.086968129,0.7260982067,0.8824531516,0.6407695926
1111,GBP_USD,2025-03-07 08:00:00,2025-03-07 12:00:00,1.293875,1.286348933,2025-03-10 20:00:00,1.286303933,stoploss,-1.005979219,9,6.715991605,-3.06601061,0.9,0.9,7,2025,2,2,1.2924,6,1.2866,5,8.022783127,8.155654659,1.101349599,1.416410535,0.8973966309,1.203816084
1112,NZD_CAD,2025-03-07 12:00:00,2025-03-07 16:00:00,0.820175,0.8148248947,2025-03-31 16:00:00,0.8147098947,stoploss,-1.021494904,97,2.587799557,-6.974629141,2.3,2.3,50,2025,5,2,0.82513,6,0.81076,19,5.569983878,1.409318068,2.378557677,0.4261598403,0.6837606838,0.3364419792
1113,AUD_USD,2025-03-10 12:00:00,2025-03-10 16:00:00,0.63262,0.6276039703,2025-03-10 20:00:00,0.6275539703,stoploss,-1.009968043,2,3.345275235,-8.249552398,1,1,0,2025,2,2,0.63642,11,0.62819,5,4.377964492,3.803805214,2.03307702,0.5263126711,0.7185929648,0.06778269249
1114,EUR_USD,2025-03-11 00:00:00,2025-03-11 04:00:00,1.085165,1.076898825,2025-03-26 16:00:00,1.076863825,stoploss,-1.004234123,70,8.731366097,-1.435367631,0.7,0.7,31,2025,2,2,1.0889,9,1.08053,4,0.8444050621,0.9629605006,1.34483021,0.4548657641,0.8947368421,0.1282334335
1115,EUR_CAD,2025-03-12 08:00:00,2025-03-12 12:00:00,1.57648,1.563856906,2025-03-12 20:00:00,1.563766906,stoploss,-1.007129789,3,1.552709707,-3.493596841,1.8,1.8,0,2025,4,2,1.58574,4,1.55254,12,5.046306548,2.016938221,1.691312942,0.2487504327,0.6137931034,0.1917121169
1116,USD_CHF,2025-03-14 12:00:00,2025-03-14 16:00:00,0.885325,0.8801929645,2025-03-17 16:00:00,0.8801479645,stoploss,-1.008768451,7,0.2153141778,-15.86212728,0.9,0.9,0,2025,3,3,0.8855,5,0.87968,6,1.30162779,1.515967695,0.7331798734,0.6508138948,0.7567567568,0.2611049758
1117,CAD_CHF,2025-03-17 16:00:00,2025-03-17 20:00:00,0.616075,0.611675414,2025-03-19 00:00:00,0.611600414,stoploss,-1.017047058,8,1.14669879,-7.845056242,1.5,1.5,4,2025,4,2,0.61648,5,0.60919,10,1.331943491,1.70015995,0.5754010296,0.3545788132,0.5751072961,0.01818352888
1118,GBP_JPY,2025-03-19 16:00:00,2025-03-19 20:00:00,194.532,193.0638663,2025-03-20 00:00:00,193.0538663,stoploss,-1.006811369,2,1.277131667,-6.919669656,2,2,0,2025,2,3,194.898,8,193.791,6,2.926164075,4.16447094,0.9171634118,0.4168557761,0.6912751678,0.01362273778
1119,NZD_USD,2025-03-19 20:00:00,2025-03-20 00:00:00,0.581365,0.5772973412,2025-03-20 08:00:00,0.5772423412,stoploss,-1.013521291,3,5.308950702,-8.084503072,1.1,1.1,0,2025,2,2,0.58312,9,0.57976,7,4.380898426,5.669108737,2.554555119,1.514384641,0.972972973,1.268542979
1120,USD_JPY,2025-03-20 08:00:00,2025-03-20 12:00:00,148.55,147.4428787,2025-04-03 04:00:00,147.4398787,stoploss,-1.00270973,59,2.40533711,-7.828410339,0.6,0.6,33,2025,3,3,150.149,4,149.093,9,2.028684622,3.038510717,3.153050763,0.276392473,0.7276264591,0.1716162414
1121,GBP_AUD,2025-03-21 12:00:00,2025-03-21 16:00:00,2.05838,2.048127734,2025-03-25 16:00:00,2.047927734,stoploss,-1.019507883,13,10.35868575,-1.893240023,4,4,0,2025,2,3,2.06497,6,2.04262,9,3.751365858,1.980050102,1.609315281,0.3452895251,0.809352518,0.1287520263
1122,AUD_NZD,2025-03-26 20:00:00,2025-03-27 00:00:00,1.098605,1.095458066,2025-04-02 20:00:00,1.095353066,stoploss,-1.033365812,30,1.428374544,-10.67229345,2.1,2.1,20,2025,2,4,1.1003,7,1.09723,5,2.612066462,4.544105889,1.394975461,0.7499363565,0.9029850746,0.4194559282
1123,CAD_JPY,2025-03-27 08:00:00,2025-03-27 12:00:00,105.471,104.6712788,2025-03-28 20:00:00,104.6652788,stoploss,-1.007502615,9,0.9840930176,-5.274338435,1.2,1.2,0,2025,3,3,105.865,4,104.527,10,3.411189011,3.461206446,1.391529759,0.4151447037,0.9933554817,0.3001046051
1124,NZD_JPY,2025-03-27 08:00:00,2025-03-27 12:00:00,86.571,85.83975852,2025-03-28 16:00:00,85.83375852,stoploss,-1.008205224,8,1.576770511,-9.250022324,1.2,1.2,2,2025,3,3,86.652,4,85.769,9,1.405828348,2.018485061,1.154516838,0.899839546,0.9934354486,0.7986417855
1125,AUD_JPY,2025-03-28 12:00:00,2025-03-28 16:00:00,94.942,94.20982261,2025-03-28 20:00:00,94.20582261,stoploss,-1.005463157,2,0.9642471961,-12.1609873,0.8,0.8,0,2025,3,3,95.396,6,94.411,9,1.308426082,3.480030957,1.615510634,0.3906157196,0.7785467128,0.2431104829
1126,EUR_CAD,2025-04-02 12:00:00,2025-04-02 16:00:00,1.54942,1.541424698,2025-04-03 00:00:00,1.541334698,stoploss,-1.011256611,3,5.835927324,-1.475866747,1.8,1.8,1,2025,2,2,1.55863,8,1.54114,18,2.809149758,2.191286899,3.685168607,1.265743346,0.9830508475,1.048115537
1127,EUR_CHF,2025-04-02 16:00:00,2025-04-02 20:00:00,0.95881,0.9543499826,2025-04-03 00:00:00,0.9542999826,stoploss,-1.011210719,2,0.9865432417,-8.414765423,1,1,0,2025,3,3,0.95726,11,0.95116,7,1.381160538,1.089681853,0.9918079406,1.591922049,0.9540229885,1.4304877
1128,AUD_USD,2025-04-07 04:00:00,2025-04-07 08:00:00,0.60153,0.5900551184,2025-06-02 08:00:00,0.64549,time_exit,3.830976333,240,4.550809465,-0.8967412753,1,1,209,2025,2,2,0.63891,9,0.6226,13,0.8331240614,0.1289773652,6.646817703,0.2457541688,0.6605504587,0.07494630678
1129,EUR_NZD,2025-04-07 16:00:00,2025-04-07 20:00:00,1.98407,1.948835369,2025-04-08 16:00:00,1.948645369,stoploss,-1.005392422,6,0.4796417454,-2.934328997,3.8,3.8,0,2025,3,2,1.98399,4,1.89562,12,4.140244841,0.8928715568,1.801756509,1.591615922,0.9914013479,0.3666846953
1130,GBP_AUD,2025-04-08 16:00:00,2025-04-08 20:00:00,2.13493,2.095499791,2025-04-09 20:00:00,2.095299791,stoploss,-1.005072253,7,0.6380894461,-2.204654831,4,4,1,2025,2,3,2.16458,10,2.09354,6,4.048165238,2.322077492,3.012852707,1.323858072,0.9872018615,1.004306123
1131,AUD_NZD,2025-04-11 16:00:00,2025-04-11 20:00:00,1.078295,1.067566136,2025-04-18 00:00:00,1.067461136,stoploss,-1.009786684,26,1.2867159,-1.237316448,2.1,2.1,1,2025,2,2,1.09062,11,1.07336,16,0.6971847106,0.5611032029,2.815097671,0.5089075561,0.9571984436,0.3709619182
1132,AUD_CHF,2025-04-15 00:00:00,2025-04-15 04:00:00,0.51758,0.5055768266,2025-06-10 04:00:00,0.53531,time_exit,1.477109373,240,2.306056822,-0.1407960993,1.4,1.4,123,2025,2,2,0.53104,16,0.50423,10,1.607908116,0.7481354862,2.553850497,0.5198625205,0.9260089686,0.2216080616
1133,NZD_CHF,2025-04-15 00:00:00,2025-04-15 04:00:00,0.481255,0.4716537173,2025-06-10 04:00:00,0.497165,time_exit,1.65707026,240,1.944011088,-0.1255040643,1.7,1.7,123,2025,2,3,0.48823,16,0.46991,8,1.328989096,1.306075491,1.953741204,0.7790625735,1,0.3895312868
1134,NZD_USD,2025-04-16 16:00:00,2025-04-16 20:00:00,0.592675,0.5852161482,2025-05-12 20:00:00,0.5851611482,stoploss,-1.007373789,109,2.054605785,-1.082606311,1.1,1.1,21,2025,2,2,0.59441,6,0.58859,4,1.40236062,1.49084609,1.059941439,0.6006286405,0.8481848185,0.0723972022
1135,GBP_JPY,2025-04-17 08:00:00,2025-04-17 12:00:00,188.86,187.0239549,2025-06-12 12:00:00,195.045,time_exit,3.368653608,240,4.12789421,-0.7684996346,2.4,2,226,2025,3,2,189.65,6,186.559,19,0.485826842,0.6100067972,1.37400967,0.4847375442,0.5237191651,0.213502379
1136,GBP_CHF,2025-04-17 16:00:00,2025-04-17 20:00:00,1.088655,1.076271469,2025-06-12 20:00:00,1.103735,time_exit,1.217746387,240,2.579635832,-0.8450740017,1.9,1.9,166,2025,3,2,1.08979,11,1.07356,4,2.472638885,2.012350131,1.035780235,0.8026789849,0.7401315789,0.704161041
1137,GBP_CAD,2025-04-18 00:00:00,2025-04-18 04:00:00,1.83871,1.826776745,2025-06-13 04:00:00,1.84887,time_exit,0.8514022606,240,2.575994635,-0.9410676562,2.8,2.8,139,2025,3,2,1.84983,10,1.83154,6,4.258687292,3.558124014,2.519732941,0.6134118649,0.9401574803,0.2782141245
1138,EUR_USD,2025-04-22 04:00:00,2025-04-22 08:00:00,1.153085,1.143198017,2025-04-22 20:00:00,1.143163017,stoploss,-1.003540008,4,1.025085232,-4.708716621,0.7,0.7,0,2025,3,2,1.15734,4,1.13352,16,3.930420533,1.444323345,1.685743945,0.8030761459,0.8185117967,0.09912022959
1139,NZD_CAD,2025-04-23 12:00:00,2025-04-23 16:00:00,0.829545,0.8230159851,2025-04-29 16:00:00,0.8229009851,stoploss,-1.017613683,25,0.3637608499,-2.184862536,2.3,2.3,7,2025,2,4,0.83172,7,0.82792,9,1.252868948,2.674216606,1.543560165,0.8423935471,0.9161676647,0.257312938
1140,GBP_AUD,2025-04-23 16:00:00,2025-04-23 20:00:00,2.08191,2.064383766,2025-05-02 12:00:00,2.064183766,stoploss,-1.011411464,41,1.22844414,-1.934813785,4,4,23,2025,3,3,2.09652,6,2.08194,9,0.9266109076,1.226732421,2.895903162,0.9950796938,0.7859649123,0.3103918311
1141,CAD_CHF,2025-04-28 08:00:00,2025-04-28 12:00:00,0.598315,0.5928670279,2025-04-28 16:00:00,0.5927920279,stoploss,-1.01376659,2,1.425300986,-1.309661627,1.5,1.5,1,2025,3,2,0.60042,6,0.59478,8,0.8443508739,4.85318198,1.44666674,0.6204143378,0.6838487973,0.315713805
1142,USD_CHF,2025-04-28 08:00:00,2025-04-28 12:00:00,0.830685,0.8227060861,2025-04-28 16:00:00,0.8226610861,stoploss,-1.005639865,2,2.126229227,-3.15017811,0.9,0.9,0,2025,3,2,0.83347,6,0.82392,11,1.183118415,5.013213622,1.646725571,0.8998718451,0.7582205029,0.3434051331
1143,CAD_JPY,2025-04-29 08:00:00,2025-04-29 12:00:00,103.111,102.2790632,2025-06-24 12:00:00,105.776,time_exit,3.203368468,240,5.09053113,-0.7392388772,1.2,1.2,234,2025,3,2,103.954,10,102.557,16,1.396740773,3.134853645,2.753683023,0.6851482277,0.9595744681,0.2115545405
1144,AUD_NZD,2025-04-30 00:00:00,2025-04-30 04:00:00,1.076555,1.071799994,2025-06-25 04:00:00,1.079395,time_exit,0.5972652717,240,3.269186144,-0.8233427953,2.1,2.1,66,2025,2,4,1.07837,5,1.07403,6,2.447946395,3.78969021,1.02602708,0.5173494959,0.9145299145,0.1430071777
1145,AUD_JPY,2025-04-30 04:00:00,2025-04-30 08:00:00,91.404,90.54876025,2025-06-25 08:00:00,94.192,time_exit,3.259904599,240,4.96235119,-0.84888477,0.8,0.8,57,2025,2,2,92.218,18,91.193,8,1.433516154,1.501333395,3.112254516,1.136523411,0.9705882353,1.113138156
1146,EUR_NZD,2025-05-01 08:00:00,2025-05-01 12:00:00,1.90976,1.894477899,2025-05-05 08:00:00,1.894287899,stoploss,-1.012432845,12,2.5559312,-1.902879654,3.8,3.8,5,2025,3,4,1.92641,5,1.90679,12,1.605800093,2.071704603,3.21515656,0.9383526217,0.8614900315,0.4515085836
1147,GBP_NZD,2025-05-01 08:00:00,2025-05-01 12:00:00,2.2478,2.232016024,2025-05-02 12:00:00,2.231776024,stoploss,-1.015205295,7,1.874686132,-1.897494074,4.8,4.8,1,2025,3,3,2.26188,5,2.24447,12,3.119619639,3.232392242,3.247759449,1.303854025,0.9132231405,0.6234170847
1148,GBP_USD,2025-05-01 08:00:00,2025-05-01 12:00:00,1.332495,1.325271969,2025-05-08 12:00:00,1.325226969,stoploss,-1.006230071,31,6.093702034,-2.568866097,0.9,0.9,18,2025,2,3,1.34442,14,1.33801,11,2.622167818,2.937824768,4.368136948,0.8417518657,0.8488964346,0.1356771099
1149,EUR_JPY,2025-05-06 04:00:00,2025-05-06 08:00:00,162.752,161.8423343,2025-05-06 12:00:00,161.8373343,stoploss,-1.005496524,2,7.813859125,-1.845732903,1,1,0,2025,3,2,164.638,13,161.698,21,4.60388886,0.05056802473,4.534938348,0.4968858082,0.8494983278,0.1187249276
1150,CAD_CHF,2025-05-06 08:00:00,2025-05-06 12:00:00,0.596445,0.5913057323,2025-06-13 04:00:00,0.5912307323,stoploss,-1.014593519,167,1.874780703,-3.376940228,1.5,1.5,24,2025,2,3,0.60287,16,0.59421,11,2.276588918,0.4864506235,2.771914257,0.311328399,0.6534653465,0.05059086484
1151,AUD_CAD,2025-05-08 04:00:00,2025-05-08 08:00:00,0.892205,0.8863467623,2025-05-27 16:00:00,0.8862517623,stoploss,-1.016216481,81,2.061200084,-2.308714794,1.9,1.9,24,2025,3,2,0.89721,7,0.89034,10,3.871471462,3.516415878,2.290454215,0.5564813477,0.6619217082,0.3482275918
1152,NZD_CAD,2025-05-08 04:00:00,2025-05-08 08:00:00,0.825245,0.8195943882,2025-05-09 04:00:00,0.8194793882,stoploss,-1.020351778,6,1.365338878,-2.444867997,2.3,2.3,0,2025,3,2,0.8295,6,0.82253,13,3.270442315,2.566093808,2.599690728,1.005200885,0.8225352113,0.5521525986
1153,EUR_JPY,2025-05-09 16:00:00,2025-05-09 20:00:00,163.568,162.7013342,2025-05-16 00:00:00,162.6963342,stoploss,-1.005769236,26,8.128854034,-2.878848945,1,1,11,2025,2,2,163.941,4,162.304,11,2.125386676,1.652309294,1.081140059,0.2238463708,0.7328990228,0.1223078109
1154,EUR_NZD,2025-05-12 16:00:00,2025-05-12 20:00:00,1.8934,1.879926903,2025-07-07 20:00:00,1.95058,time_exit,4.244013186,240,4.851891255,-0.9441036678,3.8,3.8,237,2025,2,2,1.91073,7,1.89588,14,0.307279024,1.978758159,2.981044035,0.3488433364,0.5537848606,0.08312862484
1155,CHF_JPY,2025-05-13 08:00:00,2025-05-13 12:00:00,176.124,175.0235673,2025-05-14 08:00:00,175.0125673,stoploss,-1.009996068,6,7.055406461,-2.760732204,2.2,2.2,0,2025,3,3,175.947,4,174.516,11,1.728411011,3.000637833,1.372905772,1.581196193,0.9199199199,1.312211093
1156,USD_CHF,2025-05-14 16:00:00,2025-05-14 20:00:00,0.841055,0.8331510229,2025-05-16 00:00:00,0.8331060229,stoploss,-1.005693336,8,0.3245201728,-6.816188815,0.9,0.9,0,2025,2,2,0.84765,11,0.82688,18,3.418532191,2.117921128,2.649429467,0.860326384,0.7296360485,0.7844152325
1157,USD_CAD,2025-05-15 08:00:00,2025-05-15 12:00:00,1.398315,1.392362368,2025-05-19 16:00:00,1.392297368,stoploss,-1.01091954,14,0.3687444652,-7.451326084,1.3,1.3,1,2025,3,2,1.40165,10,1.39013,5,2.402298794,0.2956675438,1.506117531,0.3998231559,0.6926829268,0.3259062699
1158,EUR_GBP,2025-05-16 12:00:00,2025-05-16 16:00:00,0.84295,0.8397372209,2025-05-16 16:00:00,0.8396972209,stoploss,-1.01245028,1,7.491956133,-2.318864694,0.8,0.8,0,2025,2,2,0.8441,7,0.84079,9,0.3237072862,0.8341687759,1.472088118,0.7470168143,0.7948717949,0.5415871904
1159,NZD_JPY,2025-05-21 16:00:00,2025-05-21 20:00:00,85.66,85.02964373,2025-05-22 00:00:00,85.02364373,stoploss,-1.009518427,2,5.138364049,-1.681588729,1.2,1.2,0,2025,2,3,86.176,10,85.323,7,0.688499536,0.8281031286,2.619081206,0.9105961605,0.7806122449,0.5837968416
1160,EUR_USD,2025-05-23 00:00:00,2025-05-23 04:00:00,1.129765,1.122532679,2025-05-29 00:00:00,1.122497679,stoploss,-1.004839387,24,7.364855643,-1.209155404,0.7,0.7,6,2025,3,2,1.13631,7,1.1218,18,3.960001232,2.408632034,2.218041554,0.5060616099,0.8786610879,0.3124861307
1161,EUR_AUD,2025-05-26 00:00:00,2025-05-26 04:00:00,1.75211,1.741350209,2025-07-21 04:00:00,1.78597,time_exit,3.146901225,240,5.365345768,-0.551125938,2.4,2.4,181,2025,4,3,1.7636,11,1.75368,10,2.167328309,2.808604696,2.603346547,0.2676631874,1,0.2267702005
1162,GBP_AUD,2025-05-26 12:00:00,2025-05-26 16:00:00,2.0847,2.073171117,2025-06-10 08:00:00,2.072971117,stoploss,-1.017347735,65,1.639360912,-3.51812056,4,4,5,2025,3,3,2.09673,6,2.07948,13,1.139746158,2.263879355,2.334983388,0.307054901,0.6375838926,0.03643024249
1163,GBP_USD,2025-05-27 00:00:00,2025-05-27 04:00:00,1.358315,1.351809296,2025-05-27 16:00:00,1.351764296,stoploss,-1.006917007,4,3.161072028,-3.357822439,0.9,0.9,0,2025,3,2,1.35936,5,1.33908,15,6.099262731,1.730788769,0.928132463,0.7378140401,0.9171597633,0.5287667287
1164,NZD_CAD,2025-05-28 20:00:00,2025-05-29 00:00:00,0.824865,0.8192900049,2025-05-30 20:00:00,0.8191750049,stoploss,-1.020627821,12,1.452019224,-2.494172613,2.3,2.3,7,2025,3,2,0.82635,4,0.81766,7,0.8609873099,0.6887898479,1.099741794,0.7497764491,0.9159663866,0.3408074768
1165,GBP_NZD,2025-05-29 04:00:00,2025-05-29 08:00:00,2.2619,2.247563226,2025-06-02 04:00:00,2.247323226,stoploss,-1.016740168,12,0.8446809871,-2.731437445,4.8,4.8,0,2025,3,2,2.27739,6,2.25542,6,0.1325263316,0.4017640368,3.255624557,0.8872289146,0.5283018868,0.5621906487
1166,NZD_JPY,2025-06-02 00:00:00,2025-06-02 04:00:00,86.024,85.27321789,2025-07-28 04:00:00,88.958,time_exit,3.907924783,240,4.045115053,-0.6526527415,1.2,1.2,240,2025,3,2,87.009,11,85.472,17,2.578644301,0.7805194011,2.86504388,0.9643277242,0.8562367865,0.04262221986
1167,CHF_JPY,2025-06-02 08:00:00,2025-06-02 12:00:00,174.795,173.8782422,2025-07-28 12:00:00,185.538,time_exit,11.71847092,240,12.27259762,-0.8181004549,2.2,2.2,187,2025,5,3,175.734,4,174.354,5,3.420750702,1.867450638,2.578101153,0.5650347142,0.9233128834,0.1527120849
1168,EUR_USD,2025-06-04 00:00:00,2025-06-04 04:00:00,1.138275,1.131617645,2025-07-30 04:00:00,1.156715,time_exit,2.769868986,240,6.722640263,-0.3867902732,0.7,0.7,116,2025,2,2,1.14549,6,1.13128,14,1.943715004,3.0823054,2.433402099,0.3244532,0.6761904762,0.01802517778
1169,NZD_USD,2025-06-04 12:00:00,2025-06-04 16:00:00,0.602355,0.597450517,2025-06-19 08:00:00,0.597395517,stoploss,-1.01121423,65,1.978801832,-2.869823368,1.1,1.1,48,2025,2,3,0.60548,9,0.59873,6,2.544610702,2.544610702,1.657064535,0.4118680783,0.9383561644,0.2691415165
1170,AUD_CAD,2025-06-05 00:00:00,2025-06-05 04:00:00,0.888835,0.8842314485,2025-06-13 00:00:00,0.8841364485,stoploss,-1.020636241,36,2.907537783,-2.20590558,1.9,1.9,18,2025,2,2,0.89115,13,0.8847,6,0.2085346486,0.7820049323,1.394676432,0.6647041924,0.8989169675,0.1042673243
1171,GBP_USD,2025-06-05 08:00:00,2025-06-05 12:00:00,1.356785,1.350097565,2025-06-10 08:00:00,1.350052565,stoploss,-1.006729038,18,3.303957436,-5.372014976,0.9,0.9,1,2025,3,3,1.35802,4,1.3501,6,2.060580831,1.588052861,0.9804675879,0.6011273543,0.7836990596,0.03887888361
1172,AUD_USD,2025-06-09 08:00:00,2025-06-09 12:00:00,0.65275,0.6485823258,2025-06-12 04:00:00,0.6485323258,stoploss,-1.011997099,17,2.346632548,-3.719100664,1,1,12,2025,2,2,0.65382,10,0.64793,4,1.804363677,1.626806613,1.158640086,0.6046537855,0.7206477733,0.4174990423
1173,EUR_JPY,2025-06-09 20:00:00,2025-06-10 00:00:00,165.008,164.2137894,2025-08-05 00:00:00,170.147,time_exit,6.47057613,240,11.1909867,-0.487276311,1,1,205,2025,3,2,165.286,7,162.839,17,2.629025678,0.11835652,0.7872880747,0.443207394,0.7335907336,0.3500331123
1174,GBP_AUD,2025-06-13 20:00:00,2025-06-16 00:00:00,2.09168,2.078447786,2025-06-16 16:00:00,2.078247786,stoploss,-1.015114629,5,0.9008318976,-3.848184583,4,4,1,2025,3,2,2.10017,4,2.08033,5,2.859687836,2.137208562,1.941087951,0.6227227211,0.9085820896,0.09522216367
1175,EUR_CAD,2025-06-16 04:00:00,2025-06-16 08:00:00,1.56908,1.560733946,2025-08-11 08:00:00,1.60481,time_exit,4.281064967,240,5.118586493,-0.5487623159,1.8,1.8,178,2025,2,2,1.58439,10,1.56004,17,4.229543614,0.3354878787,3.901216697,0.3810183766,0.9329896907,0.1701402814
1176,CAD_CHF,2025-06-18 08:00:00,2025-06-18 12:00:00,0.598045,0.594128022,2025-06-20 00:00:00,0.594053022,stoploss,-1.019147414,10,0.2693402932,-5.285962815,1.5,1.5,0,2025,2,2,0.60052,4,0.59569,14,0.05105977122,2.302795682,1.37635552,0.08680161107,0.7777777778,0.08169563395
1177,AUD_CHF,2025-06-18 16:00:00,2025-06-18 20:00:00,0.53278,0.5282900713,2025-06-19 08:00:00,0.5282200713,stoploss,-1.015590448,4,0.1714949298,-3.625892802,1.4,1.4,0,2025,2,3,0.53249,6,0.52643,4,1.590225713,2.334112811,0.7639260803,0.877519511,0.82,0.4498957899
1178,USD_JPY,2025-06-18 20:00:00,2025-06-19 00:00:00,145.057,144.0206418,2025-06-26 08:00:00,144.0176418,stoploss,-1.002894752,33,5.659240162,-2.293608502,0.6,0.6,15,2025,3,3,145.445,5,144.269,8,1.33158592,2.854225473,1.568063663,0.8915836163,0.9037610619,0.3319315628
1179,NZD_CAD,2025-06-19 20:00:00,2025-06-20 00:00:00,0.818635,0.8133277781,2025-06-23 12:00:00,0.8132127781,stoploss,-1.021668587,10,2.69915224,-1.493248273,2.3,2.3,2,2025,3,2,0.82744,7,0.8197,12,1.12676652,1.548832909,3.130061972,0.6293311332,0.7844036697,0.1582748958
1180,EUR_GBP,2025-06-20 00:00:00,2025-06-20 04:00:00,0.85431,0.8512954959,2025-06-25 00:00:00,0.8512554959,stoploss,-1.013269181,18,6.996175673,-1.161053336,0.8,0.8,7,2025,3,2,0.85645,7,0.85099,20,2.209318633,1.161053336,1.855083184,1.054899888,0.9408284024,0.3118257531
1181,USD_CAD,2025-06-23 00:00:00,2025-06-23 04:00:00,1.375285,1.369445553,2025-06-24 16:00:00,1.369380553,stoploss,-1.011131191,10,2.167157261,-3.371038379,1.3,1.3,2,2025,2,4,1.37465,8,1.3687,6,1.811815395,5.048423236,0.5240260392,0.5342971675,0.6706827309,0.1643991285
1182,USD_CHF,2025-06-23 00:00:00,2025-06-23 04:00:00,0.818675,0.8133942162,2025-06-23 16:00:00,0.8133492162,stoploss,-1.008521462,4,0.1486521761,-5.964076797,0.9,0.9,0,2025,2,3,0.82155,10,0.8142,6,2.590524546,2.030001691,1.354187604,0.8218476996,0.776,0.06438438199
1183,GBP_NZD,2025-06-24 16:00:00,2025-06-24 20:00:00,2.2632,2.249942744,2025-07-01 00:00:00,2.249702744,stoploss,-1.018103294,26,2.106016583,-2.550301599,4.8,4.8,9,2025,2,2,2.27401,6,2.2444,14,3.241998307,3.26764464,2.491086045,0.8025793853,0.7786885246,0.7211145605
1184,GBP_JPY,2025-06-27 00:00:00,2025-06-27 04:00:00,198.61,197.5307633,2025-06-30 08:00:00,197.5207633,stoploss,-1.009265808,8,1.544610252,-3.326425197,2,2,3,2025,2,2,198.596,5,197.689,4,0.7560899612,1.406549707,0.6933169779,0.7875937096,0.7764449291,0.2779742504
1185,NZD_CAD,2025-06-27 16:00:00,2025-06-27 20:00:00,0.828965,0.8236167312,2025-07-03 12:00:00,0.8235017312,stoploss,-1.021502285,23,0.7469706859,-4.335047648,2.3,2.3,14,2025,3,3,0.83113,9,0.82323,4,1.170472214,4.41264285,1.188062575,0.325338922,0.9461279461,0.1196648909
1186,AUD_USD,2025-06-30 04:00:00,2025-06-30 08:00:00,0.65436,0.6498729696,2025-07-07 08:00:00,0.6498229696,stoploss,-1.011143227,31,1.820803341,-2.921754198,1,1,6,2025,2,2,0.65641,8,0.64842,15,1.983494459,4.978793957,1.498523064,0.5928196923,0.9137931034,0.222864546
1187,NZD_USD,2025-06-30 04:00:00,2025-06-30 08:00:00,0.607475,0.6024334189,2025-07-07 04:00:00,0.6023784189,stoploss,-1.010909276,30,0.909436924,-5.455629792,1.1,1.1,7,2025,2,4,0.60784,5,0.60312,7,1.471760518,5.887042073,0.5645269866,0.4086019768,0.7784431138,0.1309113129
1188,AUD_JPY,2025-06-30 12:00:00,2025-06-30 16:00:00,94.356,93.71671608,2025-08-25 16:00:00,95.673,time_exit,2.060117499,240,4.810069331,-0.6257000755,0.8,0.8,66,2025,3,2,94.852,9,94.054,12,0.9041366092,0.5506160665,1.973664924,0.422347551,0.9063545151,0.2408945291
1189,EUR_GBP,2025-07-02 08:00:00,2025-07-02 12:00:00,0.85968,0.8564229114,2025-08-27 12:00:00,0.86187,time_exit,0.6723796219,240,4.82639619,-0.5894835042,0.8,0.8,105,2025,3,3,0.85974,4,0.85567,6,3.555322385,2.98426024,0.9443272964,0.8535229904,0.9069767442,0.4482530813
1190,USD_CHF,2025-07-09 04:00:00,2025-07-09 08:00:00,0.797175,0.7926570638,2025-07-10 00:00:00,0.7926120638,stoploss,-1.0099603,5,4.416839732,-1.39112191,0.9,0.9,0,2025,3,3,0.79913,8,0.79239,13,2.195692816,1.044724808,1.279962507,0.4028388029,0.61352657,0.2346204017
1191,USD_CAD,2025-07-10 12:00:00,2025-07-10 16:00:00,1.369225,1.364225649,2025-07-11 12:00:00,1.364160649,stoploss,-1.013001687,6,4.653603671,-2.339303457,1.3,1.3,2,2025,4,2,1.37102,6,1.36385,13,3.444446818,3.300428135,1.331972995,0.580075248,0.8661710037,0.1960254286
1192,NZD_USD,2025-07-15 08:00:00,2025-07-15 12:00:00,0.599635,0.5956719722,2025-07-15 16:00:00,0.5956169722,stoploss,-1.013878277,2,1.596001912,-4.962115035,1.1,1.1,0,2025,2,2,0.60437,14,0.59962,16,1.478667384,1.034562504,3.45690026,0.9840960405,0.8340080972,0.529897868
1193,NZD_CAD,2025-07-16 00:00:00,2025-07-16 04:00:00,0.817505,0.812902353,2025-07-16 16:00:00,0.812787353,stoploss,-1.024985623,4,1.802223823,-2.740814169,2.3,2.3,0,2025,2,2,0.82586,17,0.81696,6,1.620806476,0.01303597702,4.729970864,0.9212090428,0.8333333333,0.5475110349
1194,USD_JPY,2025-07-17 00:00:00,2025-07-17 04:00:00,148.389,147.2861588,2025-07-21 16:00:00,147.2831588,stoploss,-1.002720246,16,2.296794786,-2.30132853,0.6,0.6,2,2025,2,3,149.184,5,147.549,10,2.926985223,3.249787807,2.410671099,1.066336624,0.9389204545,0.5857597442
1195,AUD_NZD,2025-07-17 16:00:00,2025-07-17 20:00:00,1.094265,1.090696513,2025-07-21 00:00:00,1.090591513,stoploss,-1.029424232,8,5.981526024,-1.556681989,2.1,2.1,7,2025,2,3,1.09891,6,1.09376,10,0.9191569623,2.751866271,3.197257552,0.5604615624,0.91875,0.5492523311
1196,GBP_CHF,2025-07-21 04:00:00,2025-07-21 08:00:00,1.075455,1.070130221,2025-07-22 20:00:00,1.070035221,stoploss,-1.017841116,10,3.856498072,-1.867683142,1.9,1.9,1,2025,2,2,1.08062,8,1.07128,15,0.9427621292,0.8713976653,2.134070622,0.2291174896,0.6,0.05634036629
1197,GBP_NZD,2025-07-21 20:00:00,2025-07-22 00:00:00,2.25851,2.248468066,2025-07-23 04:00:00,2.248228066,stoploss,-1.023899778,8,6.277674893,-2.899839672,4.8,4.8,3,2025,2,2,2.26661,14,2.24544,5,2.569226083,1.047606914,1.904969118,0.7090267329,0.9875930521,0.2628975526
1198,GBP_AUD,2025-07-22 00:00:00,2025-07-22 04:00:00,2.06866,2.059865378,2025-07-23 04:00:00,2.059665378,stoploss,-1.022741171,7,3.61584612,-3.941044859,4,4,2,2025,2,2,2.07453,15,2.05641,6,4.000171903,2.790341629,1.471175277,0.3479399097,0.8978978979,0.1046093846
1199,USD_CAD,2025-07-22 04:00:00,2025-07-22 08:00:00,1.368925,1.364279815,2025-07-22 16:00:00,1.364214815,stoploss,-1.013992984,3,5.072994766,-2.453077673,1.3,1.3,0,2025,3,3,1.37746,16,1.36954,9,1.915962377,1.270132362,3.576443115,0.06458300148,0.756097561,0.04305533432
1200,GBP_JPY,2025-07-22 08:00:00,2025-07-22 12:00:00,199.129,198.1400768,2025-07-22 12:00:00,198.1300768,stoploss,-1.010112008,1,1.632078159,-4.155024261,2,2,0,2025,2,2,199.968,12,198.289,8,0.4813316009,0.7321094098,2.042854574,0.333696278,0.6831119545,0.2123521769
1201,NZD_USD,2025-07-25 20:00:00,2025-07-28 00:00:00,0.600935,0.5972394507,2025-07-28 08:00:00,0.5971844507,stoploss,-1.014882767,3,0.6291351645,-5.673040311,1.1,1.1,1,2025,2,2,0.60596,10,0.59406,21,4.042700799,0.1136502233,2.563790874,0.2922434313,0.8536585366,0.01623574618
1202,AUD_USD,2025-07-28 00:00:00,2025-07-28 04:00:00,0.65815,0.6545847771,2025-07-28 08:00:00,0.6545347771,stoploss,-1.014024368,2,3.528531112,-4.740236549,1,1,0,2025,2,2,0.66253,10,0.65038,22,4.914138718,0.3534140859,3.369008488,0.510487013,0.9593495935,0.8078036249
1203,GBP_USD,2025-07-28 00:00:00,2025-07-28 04:00:00,1.344385,1.338465821,2025-07-28 16:00:00,1.338420821,stoploss,-1.007602406,4,4.773466354,-5.202579946,0.9,0.9,0,2025,2,3,1.3589,11,1.35151,16,2.642258495,3.905947341,5.310598353,0.5912982566,0.7662835249,0.1723212062
1204,AUD_CHF,2025-07-28 12:00:00,2025-07-28 16:00:00,0.52326,0.5198992908,2025-08-01 16:00:00,0.5198292908,stoploss,-1.020828937,25,2.288207527,-2.323914276,1.4,1.4,16,2025,3,3,0.5261,12,0.52203,9,2.689908458,2.791077581,3.001650959,1.190224981,0.9867256637,0.380871994
1205,NZD_CAD,2025-07-29 16:00:00,2025-07-29 20:00:00,0.820155,0.8162348705,2025-07-30 16:00:00,0.8161198705,stoploss,-1.029335766,6,1.776727035,-3.894004048,2.3,2.3,2,2025,2,2,0.8258,9,0.82112,13,0.7601789756,4.147822196,3.497254556,0.4693722534,0.8084291188,0.08673182943
1206,CAD_JPY,2025-07-30 12:00:00,2025-07-30 16:00:00,107.836,107.2204163,2025-08-01 16:00:00,107.2144163,stoploss,-1.009746847,13,1.817786938,-3.075130183,1.2,1.2,9,2025,2,3,108.256,10,107.585,15,0.2956543546,1.14687898,2.822891191,1.289832734,0.9499036609,0.7082708714
1207,USD_CHF,2025-07-30 12:00:00,2025-07-30 16:00:00,0.810285,0.804906302,2025-08-01 16:00:00,0.804861302,stoploss,-1.008366337,13,1.272612805,-5.089521628,0.9,0.9,11,2025,3,2,0.80794,5,0.79401,15,4.82272844,1.126666706,1.492720394,2.167810856,0.9420731707,1.584026458
1208,CAD_CHF,2025-08-01 08:00:00,2025-08-01 12:00:00,0.588885,0.5850890209,2025-08-01 12:00:00,0.5850140209,stoploss,-1.019757748,1,0.2621194608,-4.990807221,1.5,1.5,0,2025,2,2,0.58918,8,0.58362,14,1.180196165,2.639635173,0.8812883933,0.6638603429,0.9663865546,0.5532169524
1209,NZD_CHF,2025-08-04 00:00:00,2025-08-04 04:00:00,0.476735,0.4730275491,2025-08-20 04:00:00,0.4729425491,stoploss,-1.022926804,73,1.568463124,-5.042548256,1.7,1.7,35,2025,2,4,0.48185,10,0.47854,12,0.5826105501,0.9979902941,3.513334416,1.122064763,1,0.1834144324
1210,EUR_NZD,2025-08-06 12:00:00,2025-08-06 16:00:00,1.95924,1.948966895,2025-10-01 16:00:00,2.01665,time_exit,5.588378392,240,6.999830868,-0.7709450768,3.8,3.8,228,2025,2,3,1.96082,15,1.95337,12,3.833310243,4.87681166,1.058787379,0.7203274708,0.8526315789,0.3465359184
1211,GBP_NZD,2025-08-06 16:00:00,2025-08-06 20:00:00,2.25056,2.240547533,2025-10-01 20:00:00,2.31721,time_exit,6.656700919,240,7.497652483,-0.851937867,4.8,4.8,227,2025,2,2,2.25669,6,2.24133,15,1.416234344,1.032712491,2.50632919,1.176533186,0.9136363636,0.7410760813
1212,EUR_CHF,2025-08-08 00:00:00,2025-08-08 04:00:00,0.94099,0.9369767583,2025-08-20 16:00:00,0.9369267583,stoploss,-1.012458756,52,0.8870634428,-2.962692229,1,1,35,2025,3,2,0.94282,4,0.93299,14,3.458550726,0.4534987264,1.131613356,0.4235977114,0.9526315789,0.1644555821
1213,EUR_USD,2025-08-08 00:00:00,2025-08-08 04:00:00,1.167335,1.160283064,2025-08-11 16:00:00,1.160248064,stoploss,-1.004963176,10,3.479186508,-1.410251063,0.7,0.7,6,2025,2,2,1.16986,4,1.15277,15,2.872969988,3.896802333,0.8612815781,0.3062988734,0.6886792453,0.04254151019
1214,CHF_JPY,2025-08-08 08:00:00,2025-08-08 12:00:00,182.644,181.6253023,2025-08-14 08:00:00,181.6143023,stoploss,-1.0107981,24,4.852273598,-1.156378373,2.2,2.2,17,2025,2,2,183.272,7,182.015,5,0.447630338,0.8461784022,1.612700748,0.3828417365,0.9044117647,0.03730252817
1215,GBP_CHF,2025-08-08 08:00:00,2025-08-08 12:00:00,1.086265,1.080142551,2025-08-21 00:00:00,1.080047551,stoploss,-1.015516665,52,1.588416532,-3.558216366,1.9,1.9,23,2025,4,3,1.08627,5,1.07128,14,3.413666378,1.884866507,0.8082634382,0.7676666018,0.8626198083,0.4279332972
1216,NZD_JPY,2025-08-11 16:00:00,2025-08-11 20:00:00,87.824,87.34488606,2025-08-14 08:00:00,87.33888606,stoploss,-1.012523117,16,1.091598386,-5.641664314,1.2,1.2,9,2025,3,3,88.125,6,87.423,10,2.304253571,3.176697405,1.981278305,0.6971201927,0.8303571429,0.008348744823
1217,EUR_JPY,2025-08-11 20:00:00,2025-08-12 00:00:00,171.83,170.989397,2025-08-14 08:00:00,170.984397,stoploss,-1.005948111,15,5.373523661,-1.038540216,1,1,7,2025,2,2,172.341,7,171.269,12,0.4092300508,3.471317698,1.341178234,0.8137016126,0.9748743719,0.4282640067
1218,GBP_USD,2025-08-12 04:00:00,2025-08-12 08:00:00,1.343905,1.337903774,2025-09-02 08:00:00,1.337858774,stoploss,-1.007498468,91,4.788188146,-1.942103109,0.9,0.9,13,2025,2,3,1.34772,5,1.34178,10,5.365570151,5.255592626,1.513025542,0.2799427905,0.9155844156,0.02999387041
1219,GBP_CAD,2025-08-12 08:00:00,2025-08-12 12:00:00,1.85726,1.849960665,2025-08-29 12:00:00,1.849820665,stoploss,-1.019179829,79,3.701707009,-2.305689451,2.8,2.8,35,2025,3,3,1.8538,5,1.84794,4,5.000455434,5.274452992,0.8774891156,1.701524835,0.9661835749,1.679605031
1220,AUD_CAD,2025-08-12 16:00:00,2025-08-12 20:00:00,0.898885,0.8943786758,2025-08-19 20:00:00,0.8942836758,stoploss,-1.021081483,31,5.626536983,-1.905100375,1.9,1.9,8,2025,3,2,0.89792,12,0.89157,22,1.318147493,0.9053942374,0.7402677251,1.069607898,0.8222222222,0.8033154753
1221,AUD_CHF,2025-08-12 16:00:00,2025-08-12 20:00:00,0.52737,0.5237821111,2025-08-14 20:00:00,0.5237121111,stoploss,-1.01951008,13,0.9978012374,-3.322287919,1.4,1.4,8,2025,4,4,0.52957,6,0.52515,10,2.430398545,2.798302912,1.598093469,0.3400328239,0.6378378378,0.2675668123
1222,USD_CAD,2025-08-14 08:00:00,2025-08-14 12:00:00,1.378275,1.374008029,2025-08-29 08:00:00,1.373943029,stoploss,-1.015233288,66,4.770362788,-1.433100882,1.3,1.3,37,2025,3,3,1.38063,11,1.37538,10,1.52332882,1.513954488,2.292811383,1.106171081,0.9409594096,0.806192483
1223,CAD_JPY,2025-08-14 12:00:00,2025-08-14 16:00:00,106.537,105.9474368,2025-08-20 16:00:00,105.9414368,stoploss,-1.010177026,25,5.458278532,-2.274565417,1.2,1.2,14,2025,2,2,107.761,14,107.002,19,0.2238945824,0.6581143786,4.869466808,0.6106215884,0.7888888889,0.07802386962
1224,USD_JPY,2025-08-14 12:00:00,2025-08-14 16:00:00,146.956,146.0381697,2025-09-17 20:00:00,146.0351697,stoploss,-1.003268578,146,6.841134261,-1.610319547,0.6,0.6,82,2025,2,3,148.523,12,147.577,11,1.344475184,1.873984859,4.453409611,0.8672627603,0.7764705882,0.6864014309
1225,AUD_USD,2025-08-15 08:00:00,2025-08-15 12:00:00,0.65099,0.6470075296,2025-08-19 16:00:00,0.6469575296,stoploss,-1.012555021,14,4.956722294,-2.445718092,1,1,5,2025,4,2,0.6569,7,0.64824,4,1.702460849,0.03515405882,3.3751097,0.4419367394,0.6496815287,0.2209683697
1226,EUR_USD,2025-08-15 16:00:00,2025-08-15 20:00:00,1.170445,1.164806068,2025-08-19 04:00:00,1.164771068,stoploss,-1.006206849,9,3.799478135,-2.875544362,0.7,0.7,1,2025,3,3,1.17305,13,1.16309,6,1.943630355,1.450629225,1.307472905,0.3475835307,0.6627218935,0.1347772874
1227,GBP_AUD,2025-08-15 20:00:00,2025-08-18 00:00:00,2.08111,2.072031873,2025-08-27 04:00:00,2.071831873,stoploss,-1.022030976,44,2.131496882,-6.26340634,4,4,14,2025,3,3,2.08644,4,2.06825,10,4.540584055,2.073114796,0.9755383183,0.1630292188,0.6787709497,0.05287434125
1228,AUD_NZD,2025-08-19 20:00:00,2025-08-20 00:00:00,1.093735,1.091016675,2025-10-15 00:00:00,1.133125,time_exit,14.49054209,240,18.67142583,-0.3439618393,2.1,2.1,211,2025,2,2,1.09947,13,1.09504,17,1.927657795,1.066833512,3.749375228,0.6106702173,0.9710144928,0.161864395
1229,CHF_JPY,2025-08-20 12:00:00,2025-08-20 16:00:00,182.787,181.883727,2025-10-15 16:00:00,189.374,time_exit,7.292369203,240,9.277372692,-0.2313807748,2.2,2.2,209,2025,3,3,183.551,5,182.762,8,1.045088284,2.869564441,1.897069776,0.2435587103,0.9264705882,0.08856680374
1230,NZD_CHF,2025-08-26 08:00:00,2025-08-26 12:00:00,0.471145,0.4681847166,2025-08-28 00:00:00,0.4680997166,stoploss,-1.028713467,10,1.579240705,-7.082092274,1.7,1.7,0,2025,2,3,0.47184,6,0.46863,8,0.3918543781,1.101245925,0.9720511518,0.4459032579,0.7593984962,0.209439409
1231,NZD_JPY,2025-08-27 04:00:00,2025-08-27 08:00:00,86.461,85.9232972,2025-09-29 16:00:00,85.9172972,stoploss,-1.01115858,141,3.922241042,-2.492082976,1.2,1.2,73,2025,2,3,86.645,9,85.994,6,0.7141491513,1.651469912,0.902046214,0.2157325561,0.7391304348,0.05207337561
1232,CAD_JPY,2025-09-02 00:00:00,2025-09-02 04:00:00,107.156,106.6593508,2025-09-05 12:00:00,106.6533508,stoploss,-1.012080961,21,5.233069744,-3.946447363,1.2,1.2,7,2025,2,4,107.242,5,106.808,4,0.8335863308,2.488678031,0.834982698,1.051043635,0.8512658228,0.3584018524
1233,AUD_CAD,2025-09-02 16:00:00,2025-09-02 20:00:00,0.898165,0.8941525724,2025-10-28 20:00:00,0.918365,time_exit,5.034358776,240,6.498559658,-0.4274220446,1.9,1.9,143,2025,3,2,0.90189,6,0.89643,16,1.211236814,0.6280487186,3.431377729,1.19129876,0.6162280702,0.1046747864
1234,AUD_CHF,2025-09-02 20:00:00,2025-09-03 00:00:00,0.523,0.5196160329,2025-10-10 16:00:00,0.5195460329,stoploss,-1.02068578,167,2.349313606,-4.506544968,1.4,1.4,43,2025,3,4,0.5254,7,0.52142,11,1.382992161,0.9988276716,0.6751666989,0.2245884705,0.7586206897,0.1122942353
1235,AUD_JPY,2025-09-03 00:00:00,2025-09-03 04:00:00,96.914,96.4084459,2025-09-05 16:00:00,96.4044459,stoploss,-1.007912111,16,7.973429543,-1.323300512,0.8,0.8,3,2025,3,3,96.872,4,96.24,6,3.449680259,3.034294448,0.5837302131,1.447916255,0.9786223278,0.5182432499
1236,GBP_JPY,2025-09-03 08:00:00,2025-09-03 12:00:00,199.21,198.1748938,2025-10-01 08:00:00,198.1648938,stoploss,-1.009660844,120,5.90180981,-1.676156494,2,2,65,2025,2,2,200.269,6,198.306,4,2.086742378,0.7149024815,3.270191179,1.085878904,0.9451697128,0.2685714728
1237,EUR_USD,2025-09-10 04:00:00,2025-09-10 08:00:00,1.171555,1.166036027,2025-09-11 12:00:00,1.166001027,stoploss,-1.006341759,8,3.680938347,-4.396651193,0.7,0.7,2,2025,3,2,1.17802,5,1.16292,21,3.544137537,0.7537634025,3.013105237,0.6667907022,0.9773584906,0.04711021266
1238,GBP_CAD,2025-09-10 04:00:00,2025-09-10 08:00:00,1.87442,1.867104267,2025-09-19 00:00:00,1.866964267,stoploss,-1.019136838,41,2.334694232,-5.772490481,2.8,2.8,33,2025,3,3,1.87571,4,1.86543,10,4.478020085,6.834584989,0.570266545,0.2159728856,0.6192893401,0.1394255338
1239,GBP_USD,2025-09-10 04:00:00,2025-09-10 08:00:00,1.354275,1.347931851,2025-09-19 12:00:00,1.347886851,stoploss,-1.007094268,44,2.895249784,-8.468191785,0.9,0.9,33,2025,4,2,1.35904,4,1.34164,23,4.152511805,2.623302826,2.122791416,0.6242956244,0.9858156028,0.3625959435
1240,EUR_CAD,2025-09-11 04:00:00,2025-09-11 08:00:00,1.62273,1.61673714,2025-09-22 00:00:00,1.61664714,stoploss,-1.015017872,41,4.004765761,-1.505124465,1.8,1.8,27,2025,2,2,1.62582,12,1.61909,5,0.02336113361,0.3938019665,1.323276301,0.3170439561,0.9152542373,0.09678183922
1241,AUD_USD,2025-09-11 12:00:00,2025-09-11 16:00:00,0.66233,0.6583402826,2025-09-22 00:00:00,0.6582902826,stoploss,-1.012532216,39,2.105412264,-4.59180389,1,1,25,2025,3,2,0.66358,5,0.65793,9,2.361069468,4.110566801,1.433312914,0.686765429,0.9461756374,0.4160695665
1242,NZD_CAD,2025-09-11 12:00:00,2025-09-11 16:00:00,0.823655,0.8196442462,2025-09-16 00:00:00,0.8195292462,stoploss,-1.028672915,15,0.8639273832,-7.284166955,2.3,2.3,1,2025,3,2,0.82533,5,0.8195,11,4.17876564,7.145788976,1.366752159,0.4089006951,0.8092307692,0.01495978153
1243,NZD_USD,2025-09-11 12:00:00,2025-09-11 16:00:00,0.594465,0.590688597,2025-09-18 08:00:00,0.590633597,stoploss,-1.014564123,29,1.661634084,-8.451163632,1.1,1.1,25,2025,3,2,0.59641,5,0.59209,8,2.452068784,4.681703682,2.00561769,0.8367750925,0.9473684211,0.3495389627
1244,EUR_JPY,2025-09-15 12:00:00,2025-09-15 16:00:00,173.33,172.6016127,2025-10-01 12:00:00,172.5966127,stoploss,-1.00686448,72,7.537199235,-1.466252966,1,1,54,2025,3,2,173.439,6,172.238,15,1.460761382,0.3047829199,1.215317645,0.8731618786,0.7408993576,0.5848537111
1245,AUD_JPY,2025-09-15 20:00:00,2025-09-16 00:00:00,98.222,97.7603946,2025-09-16 16:00:00,97.7563946,stoploss,-1.00866541,5,6.473061153,-4.282878815,0.8,0.8,0,2025,3,2,98.423,8,97.866,5,4.748644594,4.571003692,0.9116179221,0.498261066,0.8278145695,0.1776409018
1246,EUR_USD,2025-09-17 16:00:00,2025-09-17 20:00:00,1.185355,1.180460165,2025-09-18 04:00:00,1.180425165,stoploss,-1.007150395,3,1.330994943,-7.866455914,0.7,0.7,0,2025,4,3,1.18786,5,1.17161,14,6.051277085,2.382102999,1.394976659,0.3922502365,0.6436781609,0.1348360188
1247,CAD_JPY,2025-09-17 20:00:00,2025-09-18 00:00:00,106.624,106.0429951,2025-10-01 04:00:00,106.0369951,stoploss,-1.010326936,56,6.893229724,-2.457810748,1.2,1.2,34,2025,3,3,107.11,10,106.462,13,1.283982366,0.8984434247,3.138307431,1.469867212,0.9922879177,0.99482816
1248,GBP_AUD,2025-09-19 04:00:00,2025-09-19 08:00:00,2.05099,2.042065882,2025-09-19 20:00:00,2.041865882,stoploss,-1.022411177,4,3.809900157,-6.185484961,4,4,0,2025,4,3,2.05511,5,2.03977,13,2.799156056,1.293124936,1.339938758,0.4034011931,0.7805642633,0.2173884207
1249,EUR_AUD,2025-09-22 08:00:00,2025-09-22 12:00:00,1.78376,1.775364703,2025-09-30 04:00:00,1.775244703,stoploss,-1.014293717,35,3.872406268,-3.267305566,2.4,2.4,4,2025,2,3,1.78612,6,1.77175,17,2.24411363,2.746776024,1.884752686,1.181613971,0.6724832215,0.1262611702
1250,NZD_CAD,2025-09-22 08:00:00,2025-09-22 12:00:00,0.808945,0.8042502264,2025-09-25 16:00:00,0.8041352264,stoploss,-1.024495324,20,1.40049351,-4.354842558,2.3,2.3,10,2025,2,2,0.82462,15,0.8203,20,0.5325070382,0.3748849549,6.85116114,0.1661421959,0.9909090909,0.08094106981
1251,USD_JPY,2025-09-24 04:00:00,2025-09-24 08:00:00,147.906,147.2152574,2025-10-01 08:00:00,147.2122574,stoploss,-1.004343152,31,11.66570635,-1.916777763,0.6,0.6,10,2025,3,2,148.38,12,147.196,18,0.3213932503,4.974356792,1.70507691,0.3561384665,0.7509881423,0.2026804281
1252,USD_CAD,2025-09-25 12:00:00,2025-09-25 16:00:00,1.390725,1.386736708,2025-11-20 16:00:00,1.404945,time_exit,3.565436227,240,5.850875835,-0.4901847978,1.3,1.3,174,2025,3,2,1.39072,4,1.38114,11,4.884296604,2.146282286,0.6891356411,0.6619375275,0.7462121212,0.2056018078
1253,AUD_JPY,2025-09-29 16:00:00,2025-09-29 20:00:00,97.707,97.22463052,2025-10-01 08:00:00,97.22063052,stoploss,-1.008292399,10,9.899050804,-3.030871681,0.8,0.8,2,2025,2,3,98.224,13,97.721,10,0.1782865694,2.006760456,2.597836084,0.3897427332,0.6765799257,0.1699941709
1254,AUD_USD,2025-10-02 04:00:00,2025-10-02 08:00:00,0.66181,0.6581574114,2025-10-02 16:00:00,0.6581074114,stoploss,-1.013688922,3,0.1806937711,-5.390697505,1,1,0,2025,3,2,0.66293,4,0.65889,6,1.396270049,3.750764643,1.238980493,0.5694591574,0.7959183673,0.09308466997
1255,EUR_CAD,2025-10-02 04:00:00,2025-10-02 08:00:00,1.63621,1.62965249,2025-10-06 08:00:00,1.62956249,stoploss,-1.013724722,13,1.604267537,-3.431180568,1.8,1.8,8,2025,3,2,1.63858,5,1.62979,13,1.701865562,2.195955563,0.954449297,0.2287453712,0.9,0.07929839534
1256,EUR_CHF,2025-10-02 08:00:00,2025-10-02 12:00:00,0.93584,0.9327366717,2025-10-06 00:00:00,0.9326866717,stoploss,-1.016111734,10,0.04189050891,-5.793779617,1,1,1,2025,4,3,0.93727,4,0.93284,8,1.398498528,1.069819151,1.585105656,0.6251352868,0.6809815951,0.5155754943
1257,EUR_USD,2025-10-02 08:00:00,2025-10-02 12:00:00,1.175375,1.169842375,2025-10-02 16:00:00,1.169807375,stoploss,-1.006326111,2,0.09669911804,-5.155780079,0.7,0.7,0,2025,4,3,1.17789,6,1.17154,4,0.8928853142,2.534059131,1.60474292,0.6832199368,0.8695652174,0.408485994
1258,GBP_CAD,2025-10-02 08:00:00,2025-10-02 12:00:00,1.88191,1.8741951,2025-10-02 16:00:00,1.8740551,stoploss,-1.018146703,2,1.243049134,-6.444671841,2.8,2.8,0,2025,3,3,1.88402,4,1.86779,10,3.279368415,2.981244013,1.360285838,0.7751234435,0.8711111111,0.6377269802
1259,NZD_CAD,2025-10-03 00:00:00,2025-10-03 04:00:00,0.812835,0.8087936971,2025-10-07 20:00:00,0.8086786971,stoploss,-1.028456169,17,0.6643896885,-6.815871124,2.3,2.3,9,2025,2,4,0.81408,4,0.80678,6,2.900054804,2.62786536,0.8885740366,0.2276493532,0.9094488189,0.01484669695
1260,NZD_USD,2025-10-03 08:00:00,2025-10-03 12:00:00,0.583235,0.5797895938,2025-10-07 20:00:00,0.5797345938,stoploss,-1.015963285,15,0.3700579618,-7.64351092,1.1,1.1,8,2025,3,5,0.58428,6,0.58026,4,2.710855971,2.815342925,1.648711752,0.9868212313,0.8921568627,0.383118831
1261,NZD_CHF,2025-10-06 00:00:00,2025-10-06 04:00:00,0.464275,0.4617304941,2025-10-08 04:00:00,0.4616454941,stoploss,-1.033405307,13,0.5914704376,-7.060309908,1.7,1.7,1,2025,4,5,0.46541,10,0.46235,6,2.798185725,3.387691144,1.280987106,1.312632068,0.9141414141,0.07860072261
1262,NZD_JPY,2025-10-07 16:00:00,2025-10-07 20:00:00,87.839,87.25651292,2025-10-10 16:00:00,87.25051292,stoploss,-1.010300658,18,3.119382469,-4.283356775,1,1.2,8,2025,2,2,87.93,4,85.444,16,6.685126767,1.109037466,1.166988105,0.810318396,0.8047493404,0.6798434
1263,CAD_CHF,2025-10-10 12:00:00,2025-10-10 16:00:00,0.576155,0.5734090745,2025-10-10 16:00:00,0.5733340745,stoploss,-1.027313195,1,2.066698435,-5.835919369,1.5,1.5,0,2025,3,4,0.57616,5,0.573,9,2.439978769,3.314001015,1.324871338,1.209064106,0.9024390244,0.7137848339
1264,CAD_JPY,2025-10-10 12:00:00,2025-10-10 16:00:00,109.106,108.438965,2025-10-10 16:00:00,108.432965,stoploss,-1.008995031,1,4.776361416,-4.304122293,1.2,1.2,0,2025,2,2,109.755,7,109.284,9,0.2848426456,11.8044789,2.583477477,0.5906736967,0.8141361257,0.01799006183
1265,NZD_JPY,2025-10-13 00:00:00,2025-10-13 04:00:00,87.083,86.27518155,2025-10-15 20:00:00,86.27018155,stoploss,-1.00618951,17,3.381948025,-2.152711426,1,1,1,2025,3,2,88.57,11,87.441,16,1.584514448,0.06684670327,5.580577499,0.01485482295,0.5648994516,0.2797658322
1266,GBP_NZD,2025-10-16 20:00:00,2025-10-17 00:00:00,2.34547,2.331770692,2025-10-20 20:00:00,2.331530692,stoploss,-1.017519134,12,0.7095249157,-4.741845527,4.8,4.8,2,2025,3,2,2.34777,5,2.32637,13,1.967982688,2.858538652,0.751927675,0.6044101134,0.7697594502,0.01751913372
1267,CHF_JPY,2025-10-22 16:00:00,2025-10-22 20:00:00,190.864,189.9422384,2025-11-04 08:00:00,189.9312384,stoploss,-1.011933672,52,5.813867907,-1.905047965,2.2,2.2,34,2025,3,3,191.315,7,190.393,4,2.54946624,2.742574747,1.490037357,0.5033839725,0.7789473684,0.3536706359
1268,GBP_JPY,2025-10-24 04:00:00,2025-10-24 08:00:00,203.665,202.5774222,2025-10-28 08:00:00,202.5674222,stoploss,-1.009194745,13,6.175190605,-4.235099453,2,2,8,2025,3,3,203.792,4,201.91,10,1.25416319,2.280296709,0.5537527812,0.3236550168,0.7169811321,0.2923928845
1269,USD_CHF,2025-10-24 04:00:00,2025-10-24 08:00:00,0.796095,0.7925739931,2025-10-28 16:00:00,0.7925289931,stoploss,-1.012780435,15,4.65065832,-2.353020103,0.9,0.9,6,2025,2,3,0.79871,4,0.79483,9,2.465203922,4.294226186,1.972623149,0.5225777899,0.8839285714,0.3464917955
1270,CAD_CHF,2025-10-24 16:00:00,2025-10-24 20:00:00,0.568225,0.5650342097,2025-11-13 16:00:00,0.5649592097,stoploss,-1.023505148,84,5.163297605,-2.004205656,1.5,1.5,37,2025,2,2,0.57068,7,0.56719,10,2.457071516,2.688988981,2.533695352,0.8900616206,0.9009433962,0.05014431665
1271,EUR_GBP,2025-10-27 16:00:00,2025-10-27 20:00:00,0.87283,0.8698630912,2025-12-22 20:00:00,0.87282,time_exit,-0.003370511377,240,4.617600587,-0.2797524443,0.8,0.8,81,2025,3,3,0.87466,6,0.87052,8,3.532295923,2.952567966,1.716743853,0.4449075018,0.5093167702,0.006741022754
1272,EUR_JPY,2025-10-27 16:00:00,2025-10-27 20:00:00,178.073,177.3293044,2025-10-28 04:00:00,177.3243044,stoploss,-1.006723181,3,9.210757471,-3.19754471,1,1,0,2025,2,2,178.149,4,177.131,7,4.119965093,3.684302988,0.5940876118,0.3738088433,0.5229885057,0.2662379532
1273,NZD_JPY,2025-10-27 16:00:00,2025-10-27 20:00:00,88.204,87.67652289,2025-10-28 08:00:00,87.67052289,stoploss,-1.011374901,4,5.549055931,-4.409670002,1,1.2,1,2025,3,3,88.418,4,87.641,6,3.556552417,4.993581593,1.188019214,0.3981215393,0.7867647059,0.3147055977
1274,NZD_USD,2025-10-27 20:00:00,2025-10-28 00:00:00,0.576745,0.5733878976,2025-10-30 12:00:00,0.5733328976,stoploss,-1.016383176,16,1.907895353,-5.911347897,1.1,1.1,10,2025,2,3,0.57791,8,0.5738,7,1.07235336,1.668105227,0.8026947438,0.35745112,0.7565217391,0.160853004
1275,AUD_CHF,2025-10-28 12:00:00,2025-10-28 16:00:00,0.52152,0.5182210256,2025-11-13 16:00:00,0.5181510256,stoploss,-1.021218716,73,4.655992505,-2.424996096,1.4,1.4,26,2025,3,3,0.52246,7,0.51665,11,2.734183099,1.097310734,1.692190123,1.042748321,0.8349056604,0.3698119047
1276,AUD_JPY,2025-10-28 16:00:00,2025-10-28 20:00:00,100.215,99.51488316,2025-11-04 16:00:00,99.51088316,stoploss,-1.005713332,30,6.428926927,-1.993952897,0.8,0.8,9,2025,3,2,100.366,5,99.083,13,4.279285731,2.531006113,2.042374668,1.454043015,0.7769461078,1.23407973
1277,EUR_USD,2025-10-29 16:00:00,2025-10-29 20:00:00,1.165765,1.161242279,2025-10-29 20:00:00,1.161207279,stoploss,-1.007738705,1,3.324326389,-4.18221707,0.7,0.7,0,2025,3,4,1.16689,5,1.16255,6,2.047440131,1.773268882,1.604309628,1.030353241,0.7456647399,0.3670357038
1278,AUD_USD,2025-10-30 04:00:00,2025-10-30 08:00:00,0.65947,0.6550114844,2025-10-30 12:00:00,0.6549614844,stoploss,-1.011214495,2,2.765494403,-3.891429675,1,1,0,2025,2,2,0.66178,5,0.65442,11,4.467854705,2.337100704,1.423376991,0.3498922359,0.8483606557,0.305034257
1279,AUD_NZD,2025-10-30 12:00:00,2025-10-30 16:00:00,1.141055,1.136725666,2025-12-26 16:00:00,1.151455,time_exit,2.402216848,240,5.216737261,-0.3545579675,2.1,2.1,58,2025,3,2,1.14278,7,1.13438,13,4.374806452,2.623959942,1.651744335,0.7761008278,0.8208955224,0.03695718228
1280,EUR_NZD,2025-11-06 00:00:00,2025-11-06 04:00:00,2.03113,2.019418329,2025-12-03 20:00:00,2.019228329,stoploss,-1.016223134,119,3.145580243,-2.038991754,3.8,3.8,81,2025,2,3,2.04034,6,2.02559,6,2.908210181,2.392485299,1.820716361,0.3500781486,0.5186335404,0.09221570745
1281,EUR_CHF,2025-11-07 04:00:00,2025-11-07 08:00:00,0.93157,0.9286309188,2025-11-11 08:00:00,0.9285809188,stoploss,-1.017012119,13,2.711731805,-4.664723092,1,1,1,2025,4,3,0.93209,4,0.92888,7,2.000625221,2.633476056,0.6879157854,0.3198278415,0.7391304348,0.1020727154
1282,USD_CHF,2025-11-07 04:00:00,2025-11-07 08:00:00,0.807675,0.8038374666,2025-11-07 16:00:00,0.8037924666,stoploss,-1.011726282,3,0.6605805706,-5.734152054,0.9,0.9,0,2025,2,2,0.81247,9,0.80794,13,0.849504008,0.6566718099,2.803920857,0.3648176721,0.8582677165,0.2397373274
1283,EUR_AUD,2025-11-07 12:00:00,2025-11-07 16:00:00,1.78316,1.773084654,2025-11-10 00:00:00,1.772964654,stoploss,-1.011910261,3,1.449081757,-3.489706479,2.4,2.4,0,2025,3,2,1.78502,5,1.76314,11,3.003370821,1.351814626,1.027873533,0.6312438341,0.6964980545,0.3831133962
1284,EUR_CAD,2025-11-11 00:00:00,2025-11-11 04:00:00,1.62124,1.615710169,2025-12-05 16:00:00,1.615620169,stoploss,-1.016275362,112,2.3346102,-2.844571529,1.8,1.8,16,2025,4,2,1.63134,9,1.61968,20,3.468460389,1.283945191,4.012565491,0.8824862722,0.9682539683,0.01446698807
1285,EUR_JPY,2025-11-11 00:00:00,2025-11-11 04:00:00,178.321,177.4853811,2025-12-31 20:00:00,184.046,end_of_data,6.851209425,215,7.900730939,-0.268064788,1,1,175,2025,2,2,178.451,4,176.274,14,2.948712668,1.385799216,0.7384790569,1.012423262,0.8536585366,0.3542284698
1286,AUD_USD,2025-11-11 12:00:00,2025-11-11 16:00:00,0.65358,0.6500899691,2025-11-17 16:00:00,0.6500399691,stoploss,-1.014326521,25,5.498518581,-3.283638507,1,1,10,2025,2,2,0.65404,4,0.64628,17,1.237811374,0.2578773696,1.255240416,0.9398197471,0.854368932,0.5558689967
1287,AUD_JPY,2025-11-12 04:00:00,2025-11-12 08:00:00,100.97,100.2815873,2025-11-14 12:00:00,100.2775873,stoploss,-1.005810468,14,6.166359661,-1.201314356,0.8,0.8,6,2025,3,2,100.873,7,100.396,4,1.400322901,4.575743918,0.5961039407,0.8628545674,0.9216216216,0.7669818377
1288,GBP_JPY,2025-11-12 04:00:00,2025-11-12 08:00:00,203.095,202.0156182,2025-12-31 20:00:00,211.121,end_of_data,7.435737457,208,7.868392503,-0.7365326786,2,2,169,2025,3,3,203.275,6,202.306,5,3.76882382,3.737324309,0.9643207215,0.6077552669,0.6928327645,0.4206111146
1289,EUR_USD,2025-11-12 16:00:00,2025-11-12 20:00:00,1.159345,1.15523988,2025-11-19 16:00:00,1.15520488,stoploss,-1.008525938,30,5.226400016,-2.49322788,0.7,0.7,5,2025,3,3,1.16061,7,1.1541,12,2.611373021,3.532174329,1.746325789,1.023112564,0.86,0.6187395032
1290,NZD_JPY,2025-11-14 00:00:00,2025-11-14 04:00:00,87.693,87.10445308,2025-12-31 20:00:00,90.175,end_of_data,4.217165921,197,6.228900188,-0.784984148,1.2,1,177,2025,2,3,87.84,4,86.96,12,2.463694837,3.676852157,1.809622519,1.104414927,0.9593495935,0.4995353669
1291,NZD_USD,2025-11-14 00:00:00,2025-11-14 04:00:00,0.567605,0.5637975354,2025-11-19 00:00:00,0.5637425354,stoploss,-1.014445308,18,4.657955268,-2.811582247,1.1,1.1,0,2025,3,3,0.56827,4,0.56344,4,1.691414261,1.491806367,1.596730248,1.286945634,0.9490084986,0.09455110778
1292,USD_JPY,2025-11-14 08:00:00,2025-11-14 12:00:00,154.697,153.9295731,2025-11-14 12:00:00,153.9265731,stoploss,-1.003909167,1,4.188020852,-1.408603155,0.6,0.6,0,2025,2,2,155.049,10,154.127,4,1.441179547,1.209235641,1.454710219,0.5524955947,0.8590163934,0.2970966877
1293,AUD_CAD,2025-11-14 16:00:00,2025-11-14 20:00:00,0.917605,0.9130015126,2025-11-17 16:00:00,0.9129065126,stoploss,-1.020636529,6,1.751932674,-2.614322348,1.9,1.9,0,2025,2,3,0.9205,8,0.91469,10,1.62051057,1.863804383,2.559017738,1.099166687,0.7568238213,0.747259566
1294,CAD_JPY,2025-11-14 16:00:00,2025-11-14 20:00:00,110.263,109.636469,2025-12-31 20:00:00,114.198,end_of_data,6.280614831,193,6.986086687,-0.304853223,1.2,1.2,173,2025,3,2,110.642,9,109.957,5,1.794005354,0.8746574148,2.607602393,1.244950335,0.8292220114,0.003192180346
1295,CHF_JPY,2025-11-17 08:00:00,2025-11-17 12:00:00,194.819,193.9184348,2025-11-21 16:00:00,193.9074348,stoploss,-1.012214551,26,4.17515572,-2.686090874,2.2,2.2,19,2025,3,2,195.604,6,193.651,13,3.058079482,6.282721027,2.27290005,0.4930237074,0.5319148936,0.3775406768
1296,EUR_AUD,2025-11-19 00:00:00,2025-11-19 04:00:00,1.78317,1.771930786,2025-11-28 04:00:00,1.771810786,stoploss,-1.010676903,43,1.298133446,-3.129222296,2.4,2.4,27,2025,4,2,1.79369,5,1.77301,14,3.46643448,1.791940206,2.59662242,0.9520238434,0.9021922428,0.5551989516
1297,GBP_AUD,2025-11-19 00:00:00,2025-11-19 04:00:00,2.02288,2.00973559,2025-12-02 16:00:00,2.00953559,stoploss,-1.015215594,58,1.86238872,-1.773377494,4,4,27,2025,2,2,2.03419,5,2.00645,14,1.695017184,1.621982333,2.11010658,0.5051577246,0.8605577689,0.3545233429
1298,GBP_CHF,2025-11-20 12:00:00,2025-11-20 16:00:00,1.056175,1.050977079,2025-11-21 00:00:00,1.050882079,stoploss,-1.018276539,3,3.829415944,-1.053305817,1.9,1.9,0,2025,2,2,1.0549,5,1.04415,13,2.193184716,3.03582937,0.5386506757,0.9850092758,0.961038961,0.7503000343
1299,CAD_CHF,2025-11-21 12:00:00,2025-11-21 16:00:00,0.572695,0.5691252675,2025-12-31 20:00:00,0.577615,end_of_data,1.378254535,164,3.362997091,-0.4916334773,1.5,1.5,66,2025,2,2,0.57438,6,0.56464,21,3.843425247,1.574347659,1.584397875,0.5938820352,0.7945945946,0.3585702854
1300,EUR_CHF,2025-11-21 16:00:00,2025-11-21 20:00:00,0.93017,0.9265174548,2025-12-26 00:00:00,0.9264674548,stoploss,-1.013689084,140,2.565334414,-1.147145272,1,1,65,2025,3,2,0.93051,6,0.9254,4,4.106725316,2.748768145,0.6050948386,0.3778187291,0.6139534884,0.290208589
1301,GBP_NZD,2025-11-24 04:00:00,2025-11-24 08:00:00,2.33752,2.324677183,2025-11-26 00:00:00,2.324437183,stoploss,-1.018687488,11,1.375866333,-3.205682905,4.8,4.8,8,2025,3,2,2.34238,7,2.32354,10,1.616467746,1.020025408,1.247401178,0.4640726285,0.8903345725,0.202447791
1302,USD_CAD,2025-11-24 08:00:00,2025-11-24 12:00:00,1.411445,1.40698188,2025-11-26 08:00:00,1.40691688,stoploss,-1.014563804,12,0.236381747,-10.58116398,1.3,1.3,6,2025,4,3,1.41311,4,1.40813,5,3.092007686,4.942731127,1.665983362,0.8783094297,0.9451476793,0.5691086611
1303,AUD_CHF,2025-11-24 16:00:00,2025-11-24 20:00:00,0.52233,0.5175585608,2025-12-31 20:00:00,0.52887,end_of_data,1.370655616,157,3.049394375,-0.5805376234,1.4,1.4,65,2025,2,2,0.52408,13,0.51726,8,1.286823468,1.567661163,1.233116008,0.4820348497,0.8565217391,0.2808376951
1304,USD_CHF,2025-11-24 16:00:00,2025-11-24 20:00:00,0.808585,0.8041631993,2025-11-26 08:00:00,0.8041181993,stoploss,-1.010176849,10,0.3674973385,-5.182277854,0.9,0.9,4,2025,2,2,0.80984,6,0.80355,8,0.8729475242,4.432583283,1.052737487,0.4658735492,0.6834862385,0.3663665775
1305,GBP_CAD,2025-11-26 12:00:00,2025-11-26 16:00:00,1.8597,1.850733621,2025-11-28 12:00:00,1.850593621,stoploss,-1.015613884,12,0.7851553247,-2.797115844,2.8,2.8,0,2025,2,2,1.86208,4,1.83934,18,3.040246328,1.545774546,1.803496009,0.9747524912,0.7809160305,0.5933276033
1306,GBP_CHF,2025-11-26 12:00:00,2025-11-26 16:00:00,1.066115,1.059986992,2025-12-03 00:00:00,1.059891992,stoploss,-1.01550259,27,1.626140149,-1.227968351,1.9,1.9,6,2025,5,3,1.06607,5,1.05524,12,3.64555654,1.791773089,1.291388674,1.142296141,0.935261708,0.9889020874
1307,GBP_USD,2025-11-28 16:00:00,2025-11-28 20:00:00,1.323705,1.316927995,2025-12-31 20:00:00,1.347445,end_of_data,3.503022506,133,4.386156023,-0.8521463762,0.9,0.9,104,2025,3,3,1.32689,9,1.32098,8,4.447392516,3.821747384,1.328742598,0.3305295035,0.625,0.2301901899
1308,AUD_USD,2025-12-01 12:00:00,2025-12-01 16:00:00,0.65608,0.6525346973,2025-12-31 20:00:00,0.66731,end_of_data,3.167571531,128,4.707637475,-0.7079790331,1,1,111,2025,2,2,0.65592,5,0.65177,6,1.083123302,4.58635023,0.5410163171,0.5923330556,0.7040358744,0.3046284286
1309,AUD_CAD,2025-12-02 04:00:00,2025-12-02 08:00:00,0.917305,0.9137012632,2025-12-15 00:00:00,0.9136062632,stoploss,-1.026361526,53,2.321201727,-2.385024368,1.9,1.9,19,2025,3,2,0.91761,12,0.91284,7,0.7603219045,2.430810176,0.6992725655,0.510581133,0.7832167832,0.4217844142
1310,AUD_JPY,2025-12-02 04:00:00,2025-12-02 08:00:00,102.001,101.4127558,2025-12-31 20:00:00,104.561,end_of_data,4.351933873,124,5.46371698,-0.02379963837,0.8,0.8,107,2025,2,2,102.365,9,101.505,4,0.1835972103,3.954139918,1.679712596,0.4487931807,0.7258064516,0.3909940589
1311,EUR_USD,2025-12-05 04:00:00,2025-12-05 08:00:00,1.165945,1.162033791,2025-12-08 16:00:00,1.161998791,stoploss,-1.008948639,9,3.798057935,-1.139033868,0.7,0.7,6,2025,2,2,1.16821,5,1.15911,15,1.518711823,1.840862816,1.420167825,0.2761294224,0.984496124,0.2710159146
1312,GBP_CHF,2025-12-09 08:00:00,2025-12-09 12:00:00,1.075255,1.071254318,2025-12-10 00:00:00,1.071159318,stoploss,-1.023745949,4,0.1537237782,-3.55814306,1.9,1.9,0,2025,4,2,1.07608,4,1.06929,8,6.183945157,5.349087565,1.088568152,0.6198942599,0.6028708134,0.01999658903
1313,NZD_CHF,2025-12-10 08:00:00,2025-12-10 12:00:00,0.465955,0.4634907999,2025-12-10 20:00:00,0.4634057999,stoploss,-1.034493953,3,0.09942374565,-4.396964425,1.7,1.7,0,2025,2,3,0.46742,4,0.46469,8,0.7385763963,4.942780498,1.494580056,0.2759516206,0.8888888889,0.2597191723
1314,NZD_USD,2025-12-10 08:00:00,2025-12-10 12:00:00,0.578705,0.575502397,2025-12-18 04:00:00,0.575447397,stoploss,-1.017173531,35,2.071752276,-1.600260801,1.1,1.1,7,2025,2,3,0.5795,4,0.57585,10,0.1373882444,1.492535927,1.17517083,0.6557166209,0.8071428571,0.6244920199
1315,USD_JPY,2025-12-11 20:00:00,2025-12-12 00:00:00,155.561,154.687978,2025-12-16 04:00:00,154.684978,stoploss,-1.003436339,14,2.529145817,-1.340172376,0.6,0.6,3,2025,2,2,156.955,12,154.898,22,3.344703707,1.27373648,3.942496403,0.7124677075,0.7381974249,0.5887594882
1316,EUR_CAD,2025-12-12 16:00:00,2025-12-12 20:00:00,1.6172,1.611192357,2025-12-24 16:00:00,1.611102357,stoploss,-1.014980918,48,0.7224131564,-1.945854792,1.8,1.8,11,2025,3,3,1.61941,6,1.60968,11,1.794381066,1.051993352,2.038520053,1.108587931,0.643902439,0.8489186861
1317,EUR_AUD,2025-12-15 16:00:00,2025-12-15 20:00:00,1.76961,1.761881669,2025-12-23 08:00:00,1.761761669,stoploss,-1.015527284,34,1.434979857,-2.693983825,2.4,2.4,14,2025,3,3,1.76889,6,1.75708,8,1.780461933,2.34979569,0.651611542,0.7893036184,0.7390438247,0.4477033639
1318,EUR_NZD,2025-12-15 20:00:00,2025-12-16 00:00:00,2.03157,2.021815079,2025-12-23 08:00:00,2.021625079,stoploss,-1.01947735,33,1.280379476,-1.730408771,3.8,3.8,21,2025,3,3,2.03481,4,2.01599,9,3.551028427,1.791916192,1.098914017,0.5576672818,0.9770992366,0.416200214
1319,GBP_NZD,2025-12-15 20:00:00,2025-12-16 00:00:00,2.31152,2.300797742,2025-12-31 20:00:00,2.34067,end_of_data,2.718643832,66,2.928487696,-0.5455940452,4.8,4.8,65,2025,3,3,2.31637,4,2.29952,9,1.464243848,0.5912933755,1.239815175,0.5651794725,0.9726027397,0.1585486969
1320,GBP_AUD,2025-12-19 04:00:00,2025-12-19 08:00:00,2.02548,2.015080851,2025-12-23 16:00:00,2.014880851,stoploss,-1.019232343,15,0.1028930359,-1.840535241,4,4,0,2025,2,3,2.02875,4,2.01871,4,0.18270726,2.809845336,0.9230785644,0.2884851474,0.9535714286,0.2384810552
1321,CHF_JPY,2025-12-23 12:00:00,2025-12-23 16:00:00,198.036,197.0278761,2025-12-31 20:00:00,197.674,end_of_data,-0.3590828411,32,0.5386242617,-0.8768763302,2.2,2.2,8,2025,3,2,198.474,7,195.487,15,6.959461915,2.313207695,1.350146296,0.4880352426,0.701369863,0.3154374129
1322,USD_JPY,2025-12-23 12:00:00,2025-12-23 16:00:00,156.345,155.4076061,2025-12-31 20:00:00,156.684,end_of_data,0.3616409164,32,0.6966121486,-0.8480959543,0.6,0.6,30,2025,2,2,157.769,10,155.2,18,3.825499487,1.726061955,3.86130697,0.7936897987,0.9544554455,0.3221697839
1323,AUD_CAD,2025-12-26 00:00:00,2025-12-26 04:00:00,0.917635,0.9143706154,2025-12-29 00:00:00,0.9142756154,stoploss,-1.029101963,6,0.5468105736,-1.291208161,1.9,1.9,0,2025,2,3,0.91869,4,0.91358,12,3.541249429,2.983717079,1.621713607,1.151825074,0.8534798535,0.2266889773
1324,GBP_CHF,2025-12-26 00:00:00,2025-12-26 04:00:00,1.064855,1.060391251,2025-12-31 20:00:00,1.067795,end_of_data,0.6586391937,23,0.7426492949,-0.6597593284,1.9,1.9,22,2025,3,3,1.06726,10,1.06208,6,0.08961077465,0.4749371056,1.981718669,0.2150658592,0.7819148936,0.09857185212
1325,EUR_USD,2025-12-29 00:00:00,2025-12-29 04:00:00,1.178465,1.174303266,2025-12-31 00:00:00,1.174268266,stoploss,-1.008409956,12,0.1093294235,-1.555841796,0.7,0.7,1,2025,2,3,1.1808,11,1.17726,8,3.363982262,3.368787951,1.856993898,0.975554856,0.906504065,0.1297536015
1326,EUR_CHF,2025-12-31 04:00:00,2025-12-31 08:00:00,0.93061,0.927545153,2025-12-31 20:00:00,0.93092,end_of_data,0.1011469729,4,0.3491201968,-0.2838640853,1,1,1,2025,3,3,0.93079,10,0.92646,7,0.6786635601,0.3132293355,0.5651101229,0.4372159474,0.9333333333,0.1435634454
1327,USD_CAD,2025-12-31 16:00:00,2025-12-31 20:00:00,1.372145,1.368261939,2025-12-31 20:00:00,1.372165,end_of_data,0.005150575797,1,0.1686813573,-0.1815577968,1.3,1.3,0,2025,3,2,1.37089,6,1.36791,8,1.22583704,1.900562469,0.5908736038,1.169180706,0.8304093567,0.4274977911
