{
  "ending_equity": 871950.4592611634,
  "full_data_annualised_roi_pct": 134.17103594065372,
  "full_data_max_dd_pct": 6.232205464354084,
  "full_data_roi_pct": 8619.504592611633,
  "full_data_worst_day_dd_pct": 4.9775940431713925,
  "n_trades": 236
}
