comparison,spearman_rho,p_value
F1<->F2,0.9636199095022624,9.79799667049125e-30
F2<->F3,0.9654298642533937,2.86532286292946e-30
F3<->F4,0.9888687782805429,3.2767608256485465e-42
F4<->F5,0.9944796380090498,1.2049423073567208e-49
F5<->F6,0.9946606334841628,5.335181681215833e-50
F6<->F7,0.9933031674208145,1.351381576464113e-47
F1<->F7,0.9722171945701358,1.4631077497531874e-32
