trade_id,pair,signal_bar_time,entry_time,y,native_prob_negative,native_prob_positive
1,EUR_AUD,2020-10-08 00:00:00,2020-10-08 04:00:00,0,0.9947818018,0.005218198199
2,GBP_AUD,2020-10-08 00:00:00,2020-10-08 04:00:00,0,0.9930228681,0.006977131917
3,AUD_JPY,2020-10-08 04:00:00,2020-10-08 08:00:00,0,0.9634512149,0.03654878508
4,CAD_CHF,2020-10-08 08:00:00,2020-10-08 12:00:00,0,0.989701534,0.01029846604
5,CAD_JPY,2020-10-08 08:00:00,2020-10-08 12:00:00,0,0.9087359315,0.09126406847
6,GBP_JPY,2020-10-08 08:00:00,2020-10-08 12:00:00,0,0.9262391032,0.07376089681
7,USD_CHF,2020-10-08 08:00:00,2020-10-08 12:00:00,0,0.9965604115,0.003439588471
8,AUD_CHF,2020-10-09 00:00:00,2020-10-09 04:00:00,0,0.8864435574,0.1135564426
9,CHF_JPY,2020-10-09 08:00:00,2020-10-09 12:00:00,0,0.9808308145,0.0191691855
10,EUR_JPY,2020-10-09 08:00:00,2020-10-09 12:00:00,0,0.9660511422,0.03394885782
11,NZD_CAD,2020-10-09 12:00:00,2020-10-09 16:00:00,0,0.9930076812,0.00699231879
12,GBP_CHF,2020-10-12 04:00:00,2020-10-12 08:00:00,0,0.9985096521,0.001490347894
13,GBP_USD,2020-10-12 04:00:00,2020-10-12 08:00:00,0,0.9909394976,0.009060502393
14,EUR_NZD,2020-10-12 08:00:00,2020-10-12 12:00:00,0,0.9784840579,0.02151594206
15,GBP_NZD,2020-10-13 00:00:00,2020-10-13 04:00:00,0,0.9761148251,0.02388517491
16,USD_CAD,2020-10-13 00:00:00,2020-10-13 04:00:00,0,0.983822188,0.01617781204
17,NZD_JPY,2020-10-14 00:00:00,2020-10-14 04:00:00,0,0.9970386815,0.002961318461
18,NZD_USD,2020-10-14 00:00:00,2020-10-14 04:00:00,0,0.9619032342,0.03809676576
19,EUR_GBP,2020-10-14 04:00:00,2020-10-14 08:00:00,0,0.9673547653,0.03264523475
20,EUR_AUD,2020-10-15 00:00:00,2020-10-15 04:00:00,0,0.9556345668,0.04436543321
21,GBP_AUD,2020-10-15 00:00:00,2020-10-15 04:00:00,0,0.9945910207,0.005408979292
22,GBP_JPY,2020-10-15 00:00:00,2020-10-15 04:00:00,0,0.9993878292,0.0006121707961
23,USD_CHF,2020-10-15 08:00:00,2020-10-15 12:00:00,0,0.9912768029,0.008723197106
24,GBP_CAD,2020-10-16 08:00:00,2020-10-16 12:00:00,0,0.9472774567,0.0527225433
25,GBP_CHF,2020-10-16 08:00:00,2020-10-16 12:00:00,0,0.9989826092,0.001017390818
26,GBP_NZD,2020-10-16 08:00:00,2020-10-16 12:00:00,0,0.9864967559,0.01350324409
27,EUR_JPY,2020-10-16 12:00:00,2020-10-16 16:00:00,0,0.9687101991,0.03128980092
28,USD_JPY,2020-10-16 12:00:00,2020-10-16 16:00:00,0,0.9979356765,0.002064323511
29,NZD_CHF,2020-10-16 16:00:00,2020-10-16 20:00:00,0,0.993564725,0.006435274957
30,AUD_JPY,2020-10-19 00:00:00,2020-10-19 04:00:00,0,0.9894852656,0.01051473444
31,AUD_USD,2020-10-19 00:00:00,2020-10-19 04:00:00,0,0.9982412654,0.001758734579
32,CAD_JPY,2020-10-19 00:00:00,2020-10-19 04:00:00,0,0.9969680647,0.003031935262
33,GBP_USD,2020-10-19 00:00:00,2020-10-19 04:00:00,1,0.04720415917,0.9527958408
34,NZD_JPY,2020-10-19 08:00:00,2020-10-19 12:00:00,0,0.9981123386,0.001887661429
35,NZD_USD,2020-10-19 08:00:00,2020-10-19 12:00:00,0,0.9525545283,0.0474454717
36,EUR_CAD,2020-10-19 20:00:00,2020-10-20 00:00:00,0,0.9885950123,0.01140498772
37,CHF_JPY,2020-10-20 00:00:00,2020-10-20 04:00:00,0,0.9765038137,0.02349618632
38,EUR_GBP,2020-10-20 04:00:00,2020-10-20 08:00:00,0,0.9237096574,0.07629034262
39,GBP_JPY,2020-10-20 08:00:00,2020-10-20 12:00:00,0,0.9990738405,0.0009261595277
40,EUR_USD,2020-10-21 04:00:00,2020-10-21 08:00:00,0,0.9686716659,0.03132833414
41,CAD_CHF,2020-10-22 08:00:00,2020-10-22 12:00:00,0,0.9719526877,0.0280473123
42,AUD_CHF,2020-10-22 16:00:00,2020-10-22 20:00:00,0,0.949938083,0.05006191696
43,AUD_JPY,2020-10-22 16:00:00,2020-10-22 20:00:00,0,0.972961097,0.02703890301
44,NZD_USD,2020-10-22 16:00:00,2020-10-22 20:00:00,0,0.9732764166,0.02672358344
45,AUD_CAD,2020-10-23 00:00:00,2020-10-23 04:00:00,0,0.9506575861,0.04934241386
46,USD_CAD,2020-10-23 00:00:00,2020-10-23 04:00:00,0,0.9717111049,0.02828889513
47,USD_CHF,2020-10-23 00:00:00,2020-10-23 04:00:00,0,0.8335245497,0.1664754503
48,CHF_JPY,2020-10-23 08:00:00,2020-10-23 12:00:00,0,0.9985750774,0.001424922599
49,USD_JPY,2020-10-26 00:00:00,2020-10-26 04:00:00,0,0.9997975588,0.0002024411749
50,NZD_CHF,2020-10-26 08:00:00,2020-10-26 12:00:00,1,0.0275305069,0.9724694931
51,AUD_USD,2020-10-27 04:00:00,2020-10-27 08:00:00,0,0.9992589206,0.0007410793573
52,EUR_GBP,2020-10-28 08:00:00,2020-10-28 12:00:00,0,0.9364506153,0.06354938468
53,GBP_CAD,2020-10-28 16:00:00,2020-10-28 20:00:00,0,0.9845035385,0.01549646147
54,GBP_CHF,2020-10-29 00:00:00,2020-10-29 04:00:00,0,0.990826917,0.009173082954
55,GBP_NZD,2020-10-29 04:00:00,2020-10-29 08:00:00,0,0.9994667516,0.0005332484116
56,NZD_USD,2020-10-30 00:00:00,2020-10-30 04:00:00,0,0.9945892116,0.00541078839
57,EUR_NZD,2020-10-30 04:00:00,2020-10-30 08:00:00,0,0.9975140129,0.002485987115
58,EUR_JPY,2020-10-30 12:00:00,2020-10-30 16:00:00,1,0.02541833744,0.9745816626
59,NZD_JPY,2020-10-30 12:00:00,2020-10-30 16:00:00,0,0.9987333249,0.001266675062
60,USD_JPY,2020-10-30 12:00:00,2020-10-30 16:00:00,0,0.9915023495,0.008497650549
61,AUD_CHF,2020-11-02 08:00:00,2020-11-02 12:00:00,1,0.01662348259,0.9833765174
62,CAD_CHF,2020-11-02 08:00:00,2020-11-02 12:00:00,0,0.8710499603,0.1289500397
63,CAD_JPY,2020-11-02 08:00:00,2020-11-02 12:00:00,0,0.8258518827,0.1741481173
64,CHF_JPY,2020-11-02 08:00:00,2020-11-02 12:00:00,1,0.01952717999,0.98047282
65,AUD_NZD,2020-11-04 12:00:00,2020-11-04 16:00:00,0,0.9993748644,0.0006251356111
66,AUD_USD,2020-11-04 12:00:00,2020-11-04 16:00:00,1,0.0287098496,0.9712901504
67,AUD_CAD,2020-11-05 08:00:00,2020-11-05 12:00:00,1,0.03659557669,0.9634044233
68,EUR_CAD,2020-11-05 08:00:00,2020-11-05 12:00:00,0,0.992558521,0.007441478954
69,EUR_CHF,2020-11-05 08:00:00,2020-11-05 12:00:00,0,0.8931428643,0.1068571357
70,GBP_JPY,2020-11-05 08:00:00,2020-11-05 12:00:00,1,0.02508782772,0.9749121723
71,GBP_NZD,2020-11-05 20:00:00,2020-11-06 00:00:00,0,0.9968113215,0.003188678499
72,EUR_GBP,2020-11-06 08:00:00,2020-11-06 12:00:00,0,0.9920726288,0.007927371202
73,EUR_USD,2020-11-06 08:00:00,2020-11-06 12:00:00,0,0.9729594324,0.02704056755
74,NZD_USD,2020-11-09 00:00:00,2020-11-09 04:00:00,1,0.02887991604,0.971120084
75,AUD_JPY,2020-11-09 12:00:00,2020-11-09 16:00:00,0,0.9369014916,0.06309850841
76,USD_CHF,2020-11-11 08:00:00,2020-11-11 12:00:00,0,0.9962544878,0.003745512228
77,USD_JPY,2020-11-11 08:00:00,2020-11-11 12:00:00,0,0.9632956291,0.03670437094
78,EUR_CAD,2020-11-12 04:00:00,2020-11-12 08:00:00,1,0.01940457412,0.9805954259
79,USD_CAD,2020-11-12 04:00:00,2020-11-12 08:00:00,0,0.907581872,0.09241812802
80,AUD_NZD,2020-11-13 00:00:00,2020-11-13 04:00:00,0,0.9867236847,0.01327631526
81,GBP_CAD,2020-11-13 00:00:00,2020-11-13 04:00:00,0,0.9961860015,0.003813998454
82,EUR_USD,2020-11-13 20:00:00,2020-11-16 00:00:00,1,0.0316963458,0.9683036542
83,NZD_CAD,2020-11-16 00:00:00,2020-11-16 04:00:00,1,0.03021281447,0.9697871855
84,NZD_JPY,2020-11-16 20:00:00,2020-11-17 00:00:00,0,0.9657101698,0.03428983022
85,EUR_AUD,2020-11-17 00:00:00,2020-11-17 04:00:00,0,0.9820395851,0.01796041488
86,EUR_NZD,2020-11-17 08:00:00,2020-11-17 12:00:00,0,0.9977762989,0.002223701067
87,GBP_NZD,2020-11-17 08:00:00,2020-11-17 12:00:00,0,0.9894427141,0.01055728591
88,AUD_JPY,2020-11-18 08:00:00,2020-11-18 12:00:00,0,0.9995785331,0.0004214669151
89,GBP_AUD,2020-11-19 08:00:00,2020-11-19 12:00:00,0,0.8866343499,0.1133656501
90,NZD_JPY,2020-11-20 12:00:00,2020-11-20 16:00:00,1,0.02525185712,0.9747481429
91,USD_JPY,2020-11-23 08:00:00,2020-11-23 12:00:00,0,0.9882009524,0.01179904759
92,EUR_NZD,2020-11-23 16:00:00,2020-11-23 20:00:00,0,0.9945265999,0.005473400063
93,AUD_JPY,2020-11-24 16:00:00,2020-11-24 20:00:00,1,0.02816517981,0.9718348202
94,AUD_NZD,2020-11-24 16:00:00,2020-11-24 20:00:00,0,0.996393417,0.003606583016
95,EUR_GBP,2020-11-25 00:00:00,2020-11-25 04:00:00,0,0.9125396409,0.08746035908
96,USD_CHF,2020-11-25 08:00:00,2020-11-25 12:00:00,0,0.9804427827,0.01955721725
97,USD_CAD,2020-11-27 00:00:00,2020-11-27 04:00:00,0,0.9731386298,0.02686137017
98,EUR_NZD,2020-11-30 04:00:00,2020-11-30 08:00:00,0,0.9527351672,0.04726483277
99,AUD_NZD,2020-12-03 04:00:00,2020-12-03 08:00:00,1,0.08098544493,0.9190145551
100,USD_CAD,2020-12-03 08:00:00,2020-12-03 12:00:00,0,0.9951524829,0.004847517129
101,USD_CHF,2020-12-04 08:00:00,2020-12-04 12:00:00,0,0.983303945,0.01669605497
102,GBP_NZD,2020-12-07 16:00:00,2020-12-07 20:00:00,0,0.9742530457,0.02574695431
103,EUR_AUD,2020-12-14 00:00:00,2020-12-14 04:00:00,0,0.9743881486,0.02561185135
104,GBP_CAD,2020-12-14 08:00:00,2020-12-14 12:00:00,0,0.9523199508,0.04768004924
105,GBP_USD,2020-12-14 08:00:00,2020-12-14 12:00:00,0,0.9582091731,0.04179082692
106,GBP_AUD,2020-12-15 00:00:00,2020-12-15 04:00:00,0,0.8134880181,0.1865119819
107,GBP_NZD,2020-12-15 00:00:00,2020-12-15 04:00:00,0,0.8608575324,0.1391424676
108,USD_CAD,2020-12-16 04:00:00,2020-12-16 08:00:00,0,0.8904929066,0.1095070934
109,GBP_CHF,2020-12-16 08:00:00,2020-12-16 12:00:00,0,0.9864709853,0.01352901473
110,USD_CHF,2020-12-16 16:00:00,2020-12-16 20:00:00,0,0.9936975216,0.006302478383
111,USD_JPY,2020-12-21 08:00:00,2020-12-21 12:00:00,0,0.9992939027,0.0007060972804
112,GBP_CHF,2020-12-21 16:00:00,2020-12-21 20:00:00,1,0.01452911726,0.9854708827
113,GBP_CAD,2020-12-21 20:00:00,2020-12-22 00:00:00,1,0.02431026015,0.9756897398
114,GBP_USD,2020-12-23 00:00:00,2020-12-23 04:00:00,1,0.01486181386,0.9851381861
115,NZD_CHF,2020-12-29 00:00:00,2020-12-29 04:00:00,1,0.03862790822,0.9613720918
116,CAD_CHF,2020-12-30 08:00:00,2020-12-30 12:00:00,1,0.03113642519,0.9688635748
117,AUD_CHF,2020-12-31 00:00:00,2020-12-31 04:00:00,0,0.9600896592,0.03991034078
118,USD_JPY,2020-12-31 16:00:00,2020-12-31 20:00:00,0,0.9951526626,0.004847337437
119,GBP_JPY,2021-01-05 16:00:00,2021-01-05 20:00:00,1,0.03381714132,0.9661828587
120,EUR_CHF,2021-01-06 08:00:00,2021-01-06 12:00:00,0,0.9935680075,0.006431992494
121,CHF_JPY,2021-01-07 00:00:00,2021-01-07 04:00:00,0,0.9384658998,0.0615341002
122,EUR_JPY,2021-01-07 00:00:00,2021-01-07 04:00:00,0,0.9878318831,0.01216811691
123,USD_JPY,2021-01-07 04:00:00,2021-01-07 08:00:00,1,0.03723047179,0.9627695282
124,USD_CHF,2021-01-08 00:00:00,2021-01-08 04:00:00,1,0.03809215935,0.9619078406
125,AUD_CHF,2021-01-08 04:00:00,2021-01-08 08:00:00,0,0.9651778006,0.03482219937
126,AUD_CAD,2021-01-08 08:00:00,2021-01-08 12:00:00,0,0.9991777217,0.00082227827
127,GBP_NZD,2021-01-08 08:00:00,2021-01-08 12:00:00,1,0.01078440773,0.9892155923
128,GBP_AUD,2021-01-08 16:00:00,2021-01-08 20:00:00,1,0.01469008338,0.9853099166
129,NZD_USD,2021-01-12 08:00:00,2021-01-12 12:00:00,0,0.9974954203,0.002504579672
130,CAD_JPY,2021-01-13 08:00:00,2021-01-13 12:00:00,0,0.9800382427,0.01996175729
131,NZD_CAD,2021-01-15 08:00:00,2021-01-15 12:00:00,0,0.993578273,0.006421727035
132,AUD_CAD,2021-01-18 00:00:00,2021-01-18 04:00:00,0,0.994728821,0.005271178961
133,EUR_CAD,2021-01-18 00:00:00,2021-01-18 04:00:00,0,0.9910551252,0.00894487476
134,EUR_NZD,2021-01-18 00:00:00,2021-01-18 04:00:00,0,0.9990055024,0.0009944975756
135,USD_CAD,2021-01-18 00:00:00,2021-01-18 04:00:00,0,0.9665718871,0.03342811293
136,NZD_USD,2021-01-19 00:00:00,2021-01-19 04:00:00,1,0.01037320565,0.9896267944
137,EUR_JPY,2021-01-20 00:00:00,2021-01-20 04:00:00,0,0.9293899024,0.07061009758
138,EUR_USD,2021-01-20 00:00:00,2021-01-20 04:00:00,0,0.7728497276,0.2271502724
139,CAD_JPY,2021-01-20 08:00:00,2021-01-20 12:00:00,0,0.8234570579,0.1765429421
140,NZD_JPY,2021-01-20 08:00:00,2021-01-20 12:00:00,1,0.008612158532,0.9913878415
141,AUD_CHF,2021-01-21 00:00:00,2021-01-21 04:00:00,0,0.9988802255,0.001119774526
142,AUD_USD,2021-01-21 00:00:00,2021-01-21 04:00:00,0,0.9861384761,0.01386152388
143,CHF_JPY,2021-01-21 00:00:00,2021-01-21 04:00:00,0,0.9241274626,0.07587253742
144,NZD_CAD,2021-01-21 00:00:00,2021-01-21 04:00:00,1,0.04158142136,0.9584185786
145,EUR_CHF,2021-01-22 00:00:00,2021-01-22 04:00:00,1,0.04634433895,0.9536556611
146,USD_CAD,2021-01-22 00:00:00,2021-01-22 04:00:00,0,0.914001654,0.08599834598
147,EUR_CAD,2021-01-28 04:00:00,2021-01-28 08:00:00,0,0.9532675764,0.04673242359
148,EUR_GBP,2021-01-28 08:00:00,2021-01-28 12:00:00,0,0.9995947591,0.000405240865
149,EUR_USD,2021-01-28 08:00:00,2021-01-28 12:00:00,0,0.9843386101,0.01566138993
150,CAD_JPY,2021-01-29 08:00:00,2021-01-29 12:00:00,1,0.01568035599,0.984319644
151,EUR_JPY,2021-01-29 08:00:00,2021-01-29 12:00:00,0,0.9976308526,0.002369147401
152,AUD_CHF,2021-01-29 12:00:00,2021-01-29 16:00:00,0,0.812453546,0.187546454
153,AUD_NZD,2021-02-01 16:00:00,2021-02-01 20:00:00,0,0.9924840997,0.00751590034
154,EUR_AUD,2021-02-02 04:00:00,2021-02-02 08:00:00,0,0.9995471945,0.0004528054678
155,EUR_JPY,2021-02-03 20:00:00,2021-02-04 00:00:00,1,0.0260121199,0.9739878801
156,AUD_CAD,2021-02-04 00:00:00,2021-02-04 04:00:00,1,0.01933310621,0.9806668938
157,AUD_JPY,2021-02-04 00:00:00,2021-02-04 04:00:00,1,0.03320268524,0.9667973148
158,AUD_USD,2021-02-04 00:00:00,2021-02-04 04:00:00,0,0.8727563382,0.1272436618
159,EUR_GBP,2021-02-04 04:00:00,2021-02-04 08:00:00,0,0.9996714237,0.000328576347
160,EUR_NZD,2021-02-05 00:00:00,2021-02-05 04:00:00,0,0.8081488945,0.1918511055
161,AUD_CHF,2021-02-09 00:00:00,2021-02-09 04:00:00,0,0.9874858614,0.01251413865
162,EUR_USD,2021-02-09 00:00:00,2021-02-09 04:00:00,0,0.9355233274,0.06447667259
163,EUR_AUD,2021-02-09 08:00:00,2021-02-09 12:00:00,0,0.9676008792,0.03239912085
164,AUD_USD,2021-02-09 20:00:00,2021-02-10 00:00:00,1,0.01686443346,0.9831355665
165,AUD_NZD,2021-02-17 00:00:00,2021-02-17 04:00:00,0,0.9756657768,0.02433422325
166,AUD_CHF,2021-02-17 16:00:00,2021-02-17 20:00:00,0,0.9842683848,0.01573161519
167,GBP_USD,2021-02-24 00:00:00,2021-02-24 04:00:00,0,0.9830756936,0.01692430642
168,NZD_CHF,2021-02-24 08:00:00,2021-02-24 12:00:00,0,0.9860124875,0.01398751251
169,EUR_GBP,2021-02-25 08:00:00,2021-02-25 12:00:00,0,0.9091823121,0.09081768795
170,EUR_NZD,2021-02-26 08:00:00,2021-02-26 12:00:00,0,0.9183444756,0.08165552441
171,EUR_CAD,2021-02-26 16:00:00,2021-02-26 20:00:00,0,0.9912226225,0.008777377549
172,GBP_CAD,2021-03-01 00:00:00,2021-03-01 04:00:00,0,0.9959031792,0.004096820823
173,GBP_CHF,2021-03-01 00:00:00,2021-03-01 04:00:00,0,0.9603426504,0.0396573496
174,EUR_AUD,2021-03-02 00:00:00,2021-03-02 04:00:00,0,0.9957644283,0.004235571742
175,EUR_USD,2021-03-03 08:00:00,2021-03-03 12:00:00,0,0.9988618576,0.001138142447
176,GBP_USD,2021-03-03 08:00:00,2021-03-03 12:00:00,0,0.9991134331,0.0008865669346
177,NZD_CHF,2021-03-03 08:00:00,2021-03-03 12:00:00,0,0.994316719,0.005683281009
178,AUD_NZD,2021-03-03 16:00:00,2021-03-03 20:00:00,0,0.9611322615,0.03886773848
179,CHF_JPY,2021-03-08 00:00:00,2021-03-08 04:00:00,1,0.0237320715,0.9762679285
180,GBP_JPY,2021-03-08 00:00:00,2021-03-08 04:00:00,0,0.9910509787,0.008949021275
181,GBP_AUD,2021-03-08 08:00:00,2021-03-08 12:00:00,0,0.974832632,0.025167368
182,NZD_CHF,2021-03-08 16:00:00,2021-03-08 20:00:00,0,0.9958411989,0.004158801122
183,GBP_NZD,2021-03-09 00:00:00,2021-03-09 04:00:00,0,0.9991453887,0.0008546113057
184,USD_JPY,2021-03-09 00:00:00,2021-03-09 04:00:00,0,0.9753295172,0.02467048281
185,AUD_CAD,2021-03-09 16:00:00,2021-03-09 20:00:00,0,0.9890457512,0.01095424881
186,NZD_CAD,2021-03-09 16:00:00,2021-03-09 20:00:00,0,0.9987982366,0.001201763424
187,AUD_USD,2021-03-09 20:00:00,2021-03-10 00:00:00,0,0.9796767737,0.02032322633
188,USD_CAD,2021-03-10 00:00:00,2021-03-10 04:00:00,0,0.8492699766,0.1507300234
189,CAD_CHF,2021-03-10 08:00:00,2021-03-10 12:00:00,0,0.9958324386,0.004167561445
190,GBP_USD,2021-03-11 04:00:00,2021-03-11 08:00:00,0,0.8943371514,0.1056628486
191,EUR_CAD,2021-03-11 08:00:00,2021-03-11 12:00:00,0,0.99687237,0.003127629965
192,EUR_AUD,2021-03-15 00:00:00,2021-03-15 04:00:00,0,0.9850818889,0.01491811108
193,EUR_GBP,2021-03-15 16:00:00,2021-03-15 20:00:00,0,0.9829138552,0.01708614479
194,USD_JPY,2021-03-16 00:00:00,2021-03-16 04:00:00,0,0.9916231256,0.008376874387
195,EUR_USD,2021-03-16 04:00:00,2021-03-16 08:00:00,0,0.980945791,0.01905420896
196,GBP_NZD,2021-03-17 04:00:00,2021-03-17 08:00:00,0,0.9880332177,0.0119667823
197,GBP_AUD,2021-03-17 08:00:00,2021-03-17 12:00:00,0,0.9685478439,0.0314521561
198,GBP_USD,2021-03-17 08:00:00,2021-03-17 12:00:00,0,0.9410577726,0.05894222741
199,USD_CAD,2021-03-17 08:00:00,2021-03-17 12:00:00,0,0.9929406825,0.007059317464
200,NZD_CAD,2021-03-17 20:00:00,2021-03-18 00:00:00,0,0.9412256169,0.05877438308
201,EUR_AUD,2021-03-22 00:00:00,2021-03-22 04:00:00,1,0.01916890473,0.9808310953
202,EUR_GBP,2021-03-22 00:00:00,2021-03-22 04:00:00,0,0.9593902648,0.04060973519
203,NZD_USD,2021-03-22 08:00:00,2021-03-22 12:00:00,0,0.9912953463,0.008704653701
204,GBP_NZD,2021-03-22 20:00:00,2021-03-23 00:00:00,0,0.9636046837,0.0363953163
205,USD_JPY,2021-03-22 20:00:00,2021-03-23 00:00:00,0,0.983368927,0.01663107297
206,USD_CAD,2021-03-23 00:00:00,2021-03-23 04:00:00,0,0.9238683573,0.07613164274
207,USD_CHF,2021-03-23 00:00:00,2021-03-23 04:00:00,0,0.9496452941,0.05035470594
208,EUR_CHF,2021-03-23 08:00:00,2021-03-23 12:00:00,0,0.9784608292,0.02153917083
209,EUR_CAD,2021-03-24 04:00:00,2021-03-24 08:00:00,0,0.9990992623,0.0009007376743
210,GBP_AUD,2021-03-24 20:00:00,2021-03-25 00:00:00,0,0.97557984,0.02442015999
211,GBP_JPY,2021-03-25 04:00:00,2021-03-25 08:00:00,1,0.00442236565,0.9955776343
212,AUD_CAD,2021-03-26 00:00:00,2021-03-26 04:00:00,0,0.9960864303,0.003913569657
213,AUD_USD,2021-03-26 00:00:00,2021-03-26 04:00:00,0,0.9828684056,0.01713159435
214,NZD_JPY,2021-03-26 00:00:00,2021-03-26 04:00:00,1,0.03125150699,0.968748493
215,EUR_USD,2021-03-26 08:00:00,2021-03-26 12:00:00,0,0.9556844391,0.04431556091
216,GBP_USD,2021-03-30 04:00:00,2021-03-30 08:00:00,0,0.8880289728,0.1119710272
217,NZD_CAD,2021-03-30 04:00:00,2021-03-30 08:00:00,0,0.9862426442,0.01375735583
218,NZD_USD,2021-03-30 04:00:00,2021-03-30 08:00:00,0,0.9804509726,0.01954902738
219,GBP_CAD,2021-03-31 08:00:00,2021-03-31 12:00:00,0,0.9503472032,0.04965279683
220,CAD_JPY,2021-03-31 12:00:00,2021-03-31 16:00:00,0,0.9834533632,0.01654663677
221,EUR_GBP,2021-04-02 08:00:00,2021-04-02 12:00:00,0,0.9874600321,0.0125399679
222,EUR_USD,2021-04-05 00:00:00,2021-04-05 04:00:00,1,0.03360245516,0.9663975448
223,NZD_CAD,2021-04-05 04:00:00,2021-04-05 08:00:00,1,0.02848694227,0.9715130577
224,AUD_JPY,2021-04-05 08:00:00,2021-04-05 12:00:00,0,0.9637038079,0.03629619215
225,AUD_CAD,2021-04-05 16:00:00,2021-04-05 20:00:00,0,0.9624035092,0.03759649083
226,EUR_CAD,2021-04-07 04:00:00,2021-04-07 08:00:00,0,0.9696100395,0.03038996049
227,AUD_USD,2021-04-08 04:00:00,2021-04-08 08:00:00,0,0.9407783505,0.05922164954
228,NZD_USD,2021-04-08 04:00:00,2021-04-08 08:00:00,1,0.05065079999,0.9493492
229,EUR_GBP,2021-04-08 16:00:00,2021-04-08 20:00:00,0,0.9919514553,0.008048544706
230,GBP_USD,2021-04-09 00:00:00,2021-04-09 04:00:00,0,0.9455167832,0.05448321685
231,CAD_JPY,2021-04-09 08:00:00,2021-04-09 12:00:00,0,0.9998557386,0.0001442614084
232,EUR_CHF,2021-04-12 00:00:00,2021-04-12 04:00:00,0,0.9967836444,0.003216355616
233,AUD_CAD,2021-04-12 08:00:00,2021-04-12 12:00:00,0,0.9530942026,0.04690579745
234,EUR_JPY,2021-04-12 16:00:00,2021-04-12 20:00:00,0,0.9470295942,0.05297040579
235,GBP_CAD,2021-04-13 08:00:00,2021-04-13 12:00:00,0,0.9280986484,0.07190135158
236,GBP_NZD,2021-04-19 00:00:00,2021-04-19 04:00:00,0,0.999650512,0.0003494879524
237,AUD_JPY,2021-04-20 00:00:00,2021-04-20 04:00:00,0,0.9737319651,0.02626803485
238,USD_CHF,2021-04-20 12:00:00,2021-04-20 16:00:00,0,0.9960846603,0.003915339738
239,EUR_GBP,2021-04-21 04:00:00,2021-04-21 08:00:00,0,0.9814316906,0.01856830943
240,EUR_CHF,2021-04-21 08:00:00,2021-04-21 12:00:00,0,0.9789966105,0.02100338951
241,USD_JPY,2021-04-21 08:00:00,2021-04-21 12:00:00,0,0.9894671358,0.01053286422
242,CAD_CHF,2021-04-21 16:00:00,2021-04-21 20:00:00,0,0.9912087193,0.008791280732
243,GBP_CAD,2021-04-22 00:00:00,2021-04-22 04:00:00,0,0.9993760339,0.0006239660534
244,EUR_JPY,2021-04-23 16:00:00,2021-04-23 20:00:00,1,0.02411297215,0.9758870278
245,AUD_CHF,2021-04-26 00:00:00,2021-04-26 04:00:00,0,0.9491537701,0.05084622989
246,NZD_CHF,2021-04-26 00:00:00,2021-04-26 04:00:00,0,0.9711410748,0.02885892521
247,GBP_CHF,2021-04-26 08:00:00,2021-04-26 12:00:00,0,0.9892795992,0.01072040077
248,GBP_NZD,2021-04-28 00:00:00,2021-04-28 04:00:00,0,0.9982122252,0.001787774791
249,EUR_NZD,2021-04-29 04:00:00,2021-04-29 08:00:00,0,0.9983200699,0.001679930142
250,AUD_JPY,2021-04-30 00:00:00,2021-04-30 04:00:00,0,0.9694064497,0.03059355027
251,CAD_JPY,2021-04-30 00:00:00,2021-04-30 04:00:00,1,0.03089356962,0.9691064304
252,USD_JPY,2021-04-30 12:00:00,2021-04-30 16:00:00,0,0.9064153904,0.09358460958
253,AUD_NZD,2021-05-03 08:00:00,2021-05-03 12:00:00,0,0.9758003159,0.02419968414
254,GBP_AUD,2021-05-03 08:00:00,2021-05-03 12:00:00,0,0.9387052785,0.06129472149
255,GBP_NZD,2021-05-03 08:00:00,2021-05-03 12:00:00,0,0.9997884295,0.0002115704783
256,USD_CAD,2021-05-04 00:00:00,2021-05-04 04:00:00,0,0.9889399979,0.01106000212
257,USD_CHF,2021-05-04 00:00:00,2021-05-04 04:00:00,0,0.9978186552,0.002181344776
258,AUD_CAD,2021-05-05 00:00:00,2021-05-05 04:00:00,0,0.9966796924,0.00332030764
259,CHF_JPY,2021-05-05 00:00:00,2021-05-05 04:00:00,1,0.02703295886,0.9729670411
260,GBP_CHF,2021-05-05 00:00:00,2021-05-05 04:00:00,0,0.9998167239,0.0001832760521
261,NZD_CAD,2021-05-05 00:00:00,2021-05-05 04:00:00,0,0.9885150239,0.01148497612
262,EUR_CHF,2021-05-05 08:00:00,2021-05-05 12:00:00,0,0.9943713756,0.00562862438
263,NZD_CHF,2021-05-05 08:00:00,2021-05-05 12:00:00,0,0.9883054926,0.01169450743
264,EUR_NZD,2021-05-07 08:00:00,2021-05-07 12:00:00,0,0.8600598971,0.1399401029
265,AUD_JPY,2021-05-10 00:00:00,2021-05-10 04:00:00,0,0.9349037236,0.06509627644
266,GBP_AUD,2021-05-10 00:00:00,2021-05-10 04:00:00,1,0.02351365628,0.9764863437
267,GBP_NZD,2021-05-10 00:00:00,2021-05-10 04:00:00,1,0.005159317371,0.9948406826
268,AUD_CAD,2021-05-10 08:00:00,2021-05-10 12:00:00,0,0.9976480035,0.002351996481
269,AUD_CHF,2021-05-10 08:00:00,2021-05-10 12:00:00,0,0.9902976761,0.009702323905
270,GBP_CAD,2021-05-10 08:00:00,2021-05-10 12:00:00,0,0.9557996971,0.04420030289
271,GBP_USD,2021-05-10 08:00:00,2021-05-10 12:00:00,0,0.9819084375,0.01809156255
272,GBP_CHF,2021-05-11 08:00:00,2021-05-11 12:00:00,0,0.9484102253,0.05158977468
273,USD_CHF,2021-05-11 16:00:00,2021-05-11 20:00:00,0,0.9978886135,0.002111386459
274,USD_CAD,2021-05-12 00:00:00,2021-05-12 04:00:00,0,0.9976034331,0.002396566862
275,AUD_NZD,2021-05-12 08:00:00,2021-05-12 12:00:00,0,0.9712738065,0.02872619346
276,EUR_CHF,2021-05-13 00:00:00,2021-05-13 04:00:00,0,0.9182984187,0.08170158134
277,EUR_GBP,2021-05-13 08:00:00,2021-05-13 12:00:00,0,0.9447274682,0.05527253181
278,GBP_USD,2021-05-14 08:00:00,2021-05-14 12:00:00,0,0.9920862822,0.007913717772
279,GBP_CHF,2021-05-17 08:00:00,2021-05-17 12:00:00,0,0.9893968272,0.01060317283
280,NZD_CAD,2021-05-18 04:00:00,2021-05-18 08:00:00,0,0.9821355161,0.01786448393
281,AUD_NZD,2021-05-18 20:00:00,2021-05-19 00:00:00,0,0.9486450824,0.05135491761
282,USD_CAD,2021-05-19 00:00:00,2021-05-19 04:00:00,0,0.9987370906,0.001262909379
283,EUR_CHF,2021-05-20 00:00:00,2021-05-20 04:00:00,0,0.9948010165,0.005198983494
284,AUD_CAD,2021-05-20 04:00:00,2021-05-20 08:00:00,0,0.9995429375,0.0004570625215
285,AUD_JPY,2021-05-20 04:00:00,2021-05-20 08:00:00,0,0.9871122698,0.01288773021
286,EUR_CAD,2021-05-20 08:00:00,2021-05-20 12:00:00,0,0.9633696139,0.03663038612
287,GBP_JPY,2021-05-20 16:00:00,2021-05-20 20:00:00,0,0.9796739388,0.02032606119
288,EUR_AUD,2021-05-24 00:00:00,2021-05-24 04:00:00,0,0.9832671088,0.01673289118
289,NZD_CAD,2021-05-24 08:00:00,2021-05-24 12:00:00,0,0.9887706409,0.01122935908
290,USD_CHF,2021-05-24 08:00:00,2021-05-24 12:00:00,0,0.9981048079,0.00189519212
291,AUD_CHF,2021-05-27 08:00:00,2021-05-27 12:00:00,0,0.994447148,0.005552851992
292,EUR_CHF,2021-05-27 08:00:00,2021-05-27 12:00:00,0,0.9353817592,0.06461824084
293,AUD_CAD,2021-05-28 00:00:00,2021-05-28 04:00:00,0,0.9953342038,0.004665796208
294,AUD_JPY,2021-05-28 00:00:00,2021-05-28 04:00:00,0,0.9894341812,0.01056581883
295,USD_JPY,2021-05-28 00:00:00,2021-05-28 04:00:00,0,0.9977032148,0.002296785205
296,AUD_NZD,2021-05-31 00:00:00,2021-05-31 04:00:00,0,0.9394466798,0.06055332025
297,NZD_CHF,2021-05-31 08:00:00,2021-05-31 12:00:00,0,0.9986068593,0.00139314071
298,EUR_USD,2021-05-31 16:00:00,2021-05-31 20:00:00,0,0.9981055461,0.001894453927
299,GBP_CHF,2021-06-01 00:00:00,2021-06-01 04:00:00,0,0.9855138326,0.01448616738
300,NZD_JPY,2021-06-02 00:00:00,2021-06-02 04:00:00,0,0.9944757329,0.005524267109
301,USD_CHF,2021-06-02 04:00:00,2021-06-02 08:00:00,0,0.9916174501,0.008382549937
302,EUR_CAD,2021-06-03 08:00:00,2021-06-03 12:00:00,0,0.9996390017,0.0003609982677
303,AUD_CHF,2021-06-07 08:00:00,2021-06-07 12:00:00,0,0.999498693,0.0005013069965
304,AUD_USD,2021-06-07 08:00:00,2021-06-07 12:00:00,0,0.9839375256,0.01606247439
305,NZD_CHF,2021-06-07 08:00:00,2021-06-07 12:00:00,0,0.9912330035,0.008766996522
306,USD_JPY,2021-06-08 08:00:00,2021-06-08 12:00:00,1,0.03430891592,0.9656910841
307,EUR_AUD,2021-06-10 00:00:00,2021-06-10 04:00:00,0,0.9982944017,0.001705598254
308,GBP_CHF,2021-06-11 08:00:00,2021-06-11 12:00:00,0,0.9508645765,0.04913542351
309,NZD_CHF,2021-06-11 08:00:00,2021-06-11 12:00:00,0,0.9991889871,0.0008110129491
310,NZD_JPY,2021-06-11 08:00:00,2021-06-11 12:00:00,0,0.988872724,0.011127276
311,NZD_USD,2021-06-11 08:00:00,2021-06-11 12:00:00,0,0.9995921027,0.0004078972996
312,EUR_CHF,2021-06-14 16:00:00,2021-06-14 20:00:00,0,0.9850083944,0.01499160565
313,EUR_AUD,2021-06-15 16:00:00,2021-06-15 20:00:00,0,0.9154624434,0.08453755663
314,AUD_JPY,2021-06-16 00:00:00,2021-06-16 04:00:00,0,0.9869255657,0.0130744343
315,GBP_CHF,2021-06-16 20:00:00,2021-06-17 00:00:00,0,0.8891369985,0.1108630015
316,AUD_CHF,2021-06-17 04:00:00,2021-06-17 08:00:00,0,0.9986644562,0.001335543768
317,CAD_CHF,2021-06-17 08:00:00,2021-06-17 12:00:00,0,0.9327888996,0.06721110044
318,USD_CAD,2021-06-17 08:00:00,2021-06-17 12:00:00,0,0.9838699768,0.0161300232
319,USD_CHF,2021-06-18 08:00:00,2021-06-18 12:00:00,0,0.9787470606,0.0212529394
320,EUR_GBP,2021-06-18 16:00:00,2021-06-18 20:00:00,0,0.9638392282,0.03616077176
321,NZD_CHF,2021-06-21 00:00:00,2021-06-21 04:00:00,1,0.02831677,0.97168323
322,AUD_CHF,2021-06-23 08:00:00,2021-06-23 12:00:00,0,0.947192408,0.05280759201
323,AUD_JPY,2021-06-23 08:00:00,2021-06-23 12:00:00,0,0.9054530534,0.09454694663
324,AUD_USD,2021-06-23 08:00:00,2021-06-23 12:00:00,0,0.9979180088,0.002081991196
325,CAD_CHF,2021-06-23 08:00:00,2021-06-23 12:00:00,0,0.9920087072,0.007991292765
326,CAD_JPY,2021-06-23 08:00:00,2021-06-23 12:00:00,0,0.9543907633,0.04560923671
327,GBP_JPY,2021-06-23 08:00:00,2021-06-23 12:00:00,0,0.9718590454,0.02814095465
328,NZD_JPY,2021-06-23 08:00:00,2021-06-23 12:00:00,0,0.9634489754,0.03655102464
329,CHF_JPY,2021-06-24 20:00:00,2021-06-25 00:00:00,0,0.9215016299,0.07849837008
330,EUR_JPY,2021-06-25 00:00:00,2021-06-25 04:00:00,0,0.986447838,0.01355216198
331,EUR_USD,2021-06-25 04:00:00,2021-06-25 08:00:00,0,0.9998276261,0.0001723738512
332,EUR_CAD,2021-06-28 08:00:00,2021-06-28 12:00:00,0,0.9848350839,0.01516491607
333,GBP_USD,2021-06-28 08:00:00,2021-06-28 12:00:00,0,0.9987466558,0.001253344239
334,CAD_CHF,2021-06-29 00:00:00,2021-06-29 04:00:00,0,0.9924662758,0.007533724248
335,EUR_GBP,2021-06-29 08:00:00,2021-06-29 12:00:00,0,0.8879561454,0.1120438546
336,EUR_JPY,2021-06-30 16:00:00,2021-06-30 20:00:00,0,0.9185409543,0.08145904567
337,EUR_AUD,2021-07-01 00:00:00,2021-07-01 04:00:00,0,0.9908494449,0.009150555135
338,NZD_JPY,2021-07-01 08:00:00,2021-07-01 12:00:00,0,0.9483657138,0.05163428622
339,USD_CAD,2021-07-01 08:00:00,2021-07-01 12:00:00,0,0.9945887011,0.005411298949
340,GBP_USD,2021-07-05 08:00:00,2021-07-05 12:00:00,0,0.8345294815,0.1654705185
341,NZD_CAD,2021-07-06 04:00:00,2021-07-06 08:00:00,0,0.9487253929,0.05127460705
342,CAD_CHF,2021-07-07 08:00:00,2021-07-07 12:00:00,0,0.9835753173,0.01642468273
343,NZD_USD,2021-07-07 08:00:00,2021-07-07 12:00:00,0,0.9981794727,0.001820527263
344,GBP_AUD,2021-07-07 16:00:00,2021-07-07 20:00:00,1,0.02745236723,0.9725476328
345,GBP_CAD,2021-07-07 16:00:00,2021-07-07 20:00:00,0,0.9545124279,0.04548757212
346,EUR_AUD,2021-07-08 00:00:00,2021-07-08 04:00:00,1,0.03958002214,0.9604199779
347,EUR_NZD,2021-07-08 00:00:00,2021-07-08 04:00:00,0,0.7364382817,0.2635617183
348,USD_CAD,2021-07-08 00:00:00,2021-07-08 04:00:00,0,0.9984408882,0.001559111786
349,CHF_JPY,2021-07-09 00:00:00,2021-07-09 04:00:00,0,0.980892053,0.01910794697
350,EUR_JPY,2021-07-09 00:00:00,2021-07-09 04:00:00,0,0.9876637646,0.01233623541
351,AUD_CAD,2021-07-09 08:00:00,2021-07-09 12:00:00,0,0.9374866515,0.06251334847
352,GBP_JPY,2021-07-09 08:00:00,2021-07-09 12:00:00,0,0.9774993253,0.0225006747
353,GBP_NZD,2021-07-12 00:00:00,2021-07-12 04:00:00,0,0.9894251494,0.01057485057
354,AUD_CHF,2021-07-12 16:00:00,2021-07-12 20:00:00,0,0.9793390331,0.02066096689
355,AUD_JPY,2021-07-13 00:00:00,2021-07-13 04:00:00,0,0.9673603143,0.03263968567
356,EUR_USD,2021-07-13 00:00:00,2021-07-13 04:00:00,0,0.997727765,0.002272235026
357,GBP_USD,2021-07-13 00:00:00,2021-07-13 04:00:00,0,0.9477478972,0.05225210276
358,NZD_CHF,2021-07-13 00:00:00,2021-07-13 04:00:00,0,0.9994711093,0.0005288906891
359,NZD_JPY,2021-07-13 00:00:00,2021-07-13 04:00:00,0,0.9974522899,0.002547710054
360,NZD_USD,2021-07-13 00:00:00,2021-07-13 04:00:00,0,0.9990958461,0.0009041539332
361,CAD_CHF,2021-07-14 00:00:00,2021-07-14 04:00:00,0,0.9989939477,0.001006052256
362,USD_CHF,2021-07-14 08:00:00,2021-07-14 12:00:00,0,0.9993736052,0.0006263947503
363,EUR_GBP,2021-07-15 20:00:00,2021-07-16 00:00:00,0,0.9796647638,0.02033523618
364,EUR_USD,2021-07-16 08:00:00,2021-07-16 12:00:00,0,0.9989736192,0.001026380788
365,NZD_USD,2021-07-16 08:00:00,2021-07-16 12:00:00,0,0.9964268958,0.003573104193
366,EUR_CHF,2021-07-20 00:00:00,2021-07-20 04:00:00,0,0.9984728503,0.001527149674
367,USD_CHF,2021-07-20 00:00:00,2021-07-20 04:00:00,0,0.9978103187,0.002189681317
368,AUD_CHF,2021-07-21 00:00:00,2021-07-21 04:00:00,0,0.9982276123,0.00177238771
369,USD_JPY,2021-07-21 00:00:00,2021-07-21 04:00:00,0,0.9141806809,0.08581931912
370,CHF_JPY,2021-07-21 08:00:00,2021-07-21 12:00:00,0,0.9137632446,0.08623675537
371,EUR_JPY,2021-07-21 08:00:00,2021-07-21 12:00:00,0,0.9580666817,0.04193331831
372,AUD_USD,2021-07-21 16:00:00,2021-07-21 20:00:00,0,0.9991645844,0.0008354155869
373,EUR_USD,2021-07-21 16:00:00,2021-07-21 20:00:00,0,0.9991179735,0.0008820264764
374,EUR_CAD,2021-07-22 00:00:00,2021-07-22 04:00:00,0,0.99610685,0.003893149981
375,GBP_NZD,2021-07-22 00:00:00,2021-07-22 04:00:00,0,0.8843156879,0.1156843121
376,GBP_USD,2021-07-22 04:00:00,2021-07-22 08:00:00,0,0.9264327138,0.07356728617
377,GBP_CHF,2021-07-22 08:00:00,2021-07-22 12:00:00,0,0.9207345242,0.07926547576
378,NZD_JPY,2021-07-23 00:00:00,2021-07-23 04:00:00,0,0.9993256066,0.0006743934238
379,NZD_USD,2021-07-23 00:00:00,2021-07-23 04:00:00,0,0.9742039054,0.02579609463
380,AUD_JPY,2021-07-23 08:00:00,2021-07-23 12:00:00,0,0.9852793299,0.01472067009
381,GBP_JPY,2021-07-27 16:00:00,2021-07-27 20:00:00,0,0.9717749846,0.0282250154
382,CAD_JPY,2021-07-28 00:00:00,2021-07-28 04:00:00,0,0.9327138978,0.06728610221
383,EUR_CHF,2021-07-28 00:00:00,2021-07-28 04:00:00,0,0.9903379252,0.009662074798
384,NZD_USD,2021-07-29 04:00:00,2021-07-29 08:00:00,0,0.9906680371,0.009331962876
385,EUR_GBP,2021-07-30 00:00:00,2021-07-30 04:00:00,0,0.9984944078,0.00150559221
386,NZD_JPY,2021-08-02 08:00:00,2021-08-02 12:00:00,0,0.9576464386,0.04235356139
387,NZD_CAD,2021-08-02 16:00:00,2021-08-02 20:00:00,0,0.9974835988,0.002516401235
388,AUD_JPY,2021-08-03 00:00:00,2021-08-03 04:00:00,0,0.9829397729,0.01706022711
389,EUR_CHF,2021-08-03 00:00:00,2021-08-03 04:00:00,0,0.9822252783,0.01777472174
390,USD_CHF,2021-08-04 08:00:00,2021-08-04 12:00:00,0,0.9964678816,0.003532118386
391,AUD_CHF,2021-08-05 00:00:00,2021-08-05 04:00:00,0,0.926332426,0.07366757396
392,CAD_CHF,2021-08-05 00:00:00,2021-08-05 04:00:00,0,0.9558735007,0.04412649935
393,USD_JPY,2021-08-05 00:00:00,2021-08-05 04:00:00,0,0.8250296906,0.1749703094
394,USD_CAD,2021-08-06 00:00:00,2021-08-06 04:00:00,0,0.9774945887,0.02250541127
395,EUR_NZD,2021-08-09 00:00:00,2021-08-09 04:00:00,0,0.9709818642,0.02901813577
396,CAD_JPY,2021-08-09 08:00:00,2021-08-09 12:00:00,0,0.9908688431,0.009131156919
397,EUR_CHF,2021-08-09 08:00:00,2021-08-09 12:00:00,0,0.9998653418,0.0001346581578
398,GBP_JPY,2021-08-10 08:00:00,2021-08-10 12:00:00,0,0.9942221049,0.005777895056
399,USD_CHF,2021-08-10 08:00:00,2021-08-10 12:00:00,0,0.9883394774,0.01166052255
400,NZD_CHF,2021-08-10 12:00:00,2021-08-10 16:00:00,0,0.9707454926,0.02925450743
401,EUR_GBP,2021-08-11 00:00:00,2021-08-11 04:00:00,1,0.02185955072,0.9781404493
402,EUR_CAD,2021-08-12 00:00:00,2021-08-12 04:00:00,0,0.8750758301,0.1249241699
403,CAD_JPY,2021-08-18 04:00:00,2021-08-18 08:00:00,0,0.9984521579,0.00154784205
404,AUD_NZD,2021-08-18 12:00:00,2021-08-18 16:00:00,0,0.9987240689,0.001275931131
405,EUR_NZD,2021-08-18 12:00:00,2021-08-18 16:00:00,0,0.9512286827,0.04877131725
406,USD_JPY,2021-08-18 12:00:00,2021-08-18 16:00:00,0,0.9793639499,0.02063605013
407,EUR_USD,2021-08-20 04:00:00,2021-08-20 08:00:00,0,0.9954007645,0.00459923553
408,NZD_JPY,2021-08-20 16:00:00,2021-08-20 20:00:00,1,0.007485247306,0.9925147527
409,NZD_USD,2021-08-20 16:00:00,2021-08-20 20:00:00,0,0.9798092008,0.02019079924
410,AUD_CHF,2021-08-23 00:00:00,2021-08-23 04:00:00,1,0.01661065644,0.9833893436
411,AUD_JPY,2021-08-23 00:00:00,2021-08-23 04:00:00,1,0.006328874189,0.9936711258
412,AUD_USD,2021-08-23 00:00:00,2021-08-23 04:00:00,0,0.8809913832,0.1190086168
413,EUR_JPY,2021-08-23 00:00:00,2021-08-23 04:00:00,0,0.9063935574,0.09360644259
414,GBP_CHF,2021-08-23 00:00:00,2021-08-23 04:00:00,1,0.02503767349,0.9749623265
415,GBP_JPY,2021-08-23 00:00:00,2021-08-23 04:00:00,0,0.8809797029,0.1190202971
416,CAD_JPY,2021-08-24 04:00:00,2021-08-24 08:00:00,0,0.9786508918,0.02134910822
417,NZD_CAD,2021-08-24 04:00:00,2021-08-24 08:00:00,1,0.01372503806,0.9862749619
418,NZD_CHF,2021-08-24 04:00:00,2021-08-24 08:00:00,1,0.03039644495,0.969603555
419,USD_JPY,2021-08-25 00:00:00,2021-08-25 04:00:00,0,0.9908467944,0.009153205587
420,AUD_NZD,2021-08-26 08:00:00,2021-08-26 12:00:00,0,0.9813284664,0.01867153359
421,AUD_CAD,2021-08-26 16:00:00,2021-08-26 20:00:00,0,0.9013616661,0.09863833395
422,EUR_CHF,2021-08-26 16:00:00,2021-08-26 20:00:00,0,0.9666470411,0.03335295889
423,EUR_CHF,2021-09-01 00:00:00,2021-09-01 04:00:00,0,0.9882779986,0.01172200142
424,USD_CHF,2021-09-01 00:00:00,2021-09-01 04:00:00,0,0.9734986908,0.02650130916
425,GBP_CAD,2021-09-02 00:00:00,2021-09-02 04:00:00,0,0.9868198746,0.01318012538
426,CAD_CHF,2021-09-02 08:00:00,2021-09-02 12:00:00,0,0.9728011302,0.02719886982
427,AUD_NZD,2021-09-03 08:00:00,2021-09-03 12:00:00,0,0.9994816028,0.0005183971928
428,GBP_USD,2021-09-07 00:00:00,2021-09-07 04:00:00,0,0.986809016,0.01319098396
429,EUR_AUD,2021-09-08 08:00:00,2021-09-08 12:00:00,0,0.956657018,0.04334298205
430,EUR_NZD,2021-09-08 08:00:00,2021-09-08 12:00:00,0,0.9868332172,0.01316678279
431,GBP_AUD,2021-09-08 08:00:00,2021-09-08 12:00:00,0,0.9242858184,0.07571418155
432,GBP_NZD,2021-09-08 08:00:00,2021-09-08 12:00:00,0,0.8798999056,0.1201000944
433,USD_CHF,2021-09-08 08:00:00,2021-09-08 12:00:00,0,0.9952928012,0.004707198768
434,GBP_CAD,2021-09-09 04:00:00,2021-09-09 08:00:00,0,0.9661945062,0.0338054938
435,EUR_NZD,2021-09-13 16:00:00,2021-09-13 20:00:00,0,0.8743444636,0.1256555364
436,GBP_USD,2021-09-16 00:00:00,2021-09-16 04:00:00,0,0.9994995327,0.0005004673485
437,CAD_CHF,2021-09-16 08:00:00,2021-09-16 12:00:00,0,0.9870583819,0.0129416181
438,USD_JPY,2021-09-17 00:00:00,2021-09-17 04:00:00,0,0.9626717399,0.03732826006
439,CAD_JPY,2021-09-17 04:00:00,2021-09-17 08:00:00,0,0.9886380738,0.01136192617
440,EUR_AUD,2021-09-20 00:00:00,2021-09-20 04:00:00,0,0.9433795185,0.05662048155
441,AUD_NZD,2021-09-20 12:00:00,2021-09-20 16:00:00,1,0.03232884728,0.9676711527
442,CAD_CHF,2021-09-22 16:00:00,2021-09-22 20:00:00,1,0.004953175849,0.9950468242
443,CAD_JPY,2021-09-22 16:00:00,2021-09-22 20:00:00,1,0.03062273027,0.9693772697
444,GBP_JPY,2021-09-22 16:00:00,2021-09-22 20:00:00,1,0.009357082466,0.9906429175
445,CHF_JPY,2021-09-24 00:00:00,2021-09-24 04:00:00,1,0.03462609597,0.965373904
446,USD_CHF,2021-09-24 04:00:00,2021-09-24 08:00:00,0,0.984396204,0.01560379603
447,EUR_JPY,2021-09-29 00:00:00,2021-09-29 04:00:00,0,0.976380634,0.02361936597
448,USD_JPY,2021-09-29 00:00:00,2021-09-29 04:00:00,0,0.9442005331,0.0557994669
449,GBP_CAD,2021-09-29 04:00:00,2021-09-29 08:00:00,0,0.9992015156,0.0007984844475
450,EUR_USD,2021-10-04 00:00:00,2021-10-04 04:00:00,0,0.9987544321,0.001245567923
451,GBP_CAD,2021-10-04 12:00:00,2021-10-04 16:00:00,0,0.9947158092,0.00528419076
452,USD_JPY,2021-10-05 04:00:00,2021-10-05 08:00:00,1,0.01348003048,0.9865199695
453,EUR_CHF,2021-10-06 00:00:00,2021-10-06 04:00:00,0,0.9990490809,0.0009509190561
454,EUR_JPY,2021-10-06 00:00:00,2021-10-06 04:00:00,0,0.9442670323,0.05573296771
455,GBP_USD,2021-10-07 00:00:00,2021-10-07 04:00:00,0,0.9857577698,0.01424223022
456,EUR_GBP,2021-10-08 20:00:00,2021-10-11 00:00:00,0,0.9781939296,0.02180607041
457,AUD_CAD,2021-10-12 08:00:00,2021-10-12 12:00:00,0,0.8788227964,0.1211772036
458,EUR_JPY,2021-10-12 08:00:00,2021-10-12 12:00:00,0,0.9332538077,0.06674619234
459,EUR_USD,2021-10-14 08:00:00,2021-10-14 12:00:00,0,0.9719412617,0.02805873829
460,NZD_CAD,2021-10-15 04:00:00,2021-10-15 08:00:00,0,0.9171956563,0.08280434372
461,AUD_CAD,2021-10-15 16:00:00,2021-10-15 20:00:00,0,0.9684396791,0.03156032094
462,EUR_CAD,2021-10-18 08:00:00,2021-10-18 12:00:00,0,0.9953500801,0.004649919866
463,GBP_AUD,2021-10-18 08:00:00,2021-10-18 12:00:00,0,0.9988556856,0.001144314435
464,EUR_CHF,2021-10-19 00:00:00,2021-10-19 04:00:00,0,0.9993896803,0.0006103197246
465,AUD_USD,2021-10-19 16:00:00,2021-10-19 20:00:00,0,0.9883107633,0.01168923671
466,NZD_CHF,2021-10-19 16:00:00,2021-10-19 20:00:00,0,0.9777618039,0.02223819614
467,EUR_USD,2021-10-20 16:00:00,2021-10-20 20:00:00,0,0.9622443746,0.03775562544
468,AUD_CHF,2021-10-21 00:00:00,2021-10-21 04:00:00,0,0.9992792676,0.0007207323958
469,USD_CHF,2021-10-21 08:00:00,2021-10-21 12:00:00,0,0.992977204,0.007022795992
470,GBP_AUD,2021-10-21 16:00:00,2021-10-21 20:00:00,0,0.9914058102,0.008594189819
471,GBP_CAD,2021-10-25 00:00:00,2021-10-25 04:00:00,0,0.9541337091,0.04586629087
472,NZD_JPY,2021-10-25 00:00:00,2021-10-25 04:00:00,0,0.9977148607,0.002285139306
473,NZD_USD,2021-10-25 00:00:00,2021-10-25 04:00:00,0,0.9996757383,0.0003242616947
474,AUD_JPY,2021-10-26 00:00:00,2021-10-26 04:00:00,0,0.998298157,0.00170184302
475,NZD_CHF,2021-10-26 00:00:00,2021-10-26 04:00:00,0,0.9984334048,0.001566595244
476,AUD_CHF,2021-10-27 00:00:00,2021-10-27 04:00:00,0,0.9847572501,0.01524274987
477,EUR_USD,2021-10-27 00:00:00,2021-10-27 04:00:00,0,0.9641520356,0.03584796439
478,EUR_AUD,2021-10-28 00:00:00,2021-10-28 04:00:00,0,0.987550249,0.01244975101
479,EUR_NZD,2021-10-28 00:00:00,2021-10-28 04:00:00,0,0.9957955658,0.004204434229
480,GBP_NZD,2021-10-28 00:00:00,2021-10-28 04:00:00,0,0.998292552,0.001707447993
481,USD_CAD,2021-10-28 00:00:00,2021-10-28 04:00:00,1,0.02651137748,0.9734886225
482,USD_CHF,2021-10-28 00:00:00,2021-10-28 04:00:00,0,0.995858034,0.00414196601
483,GBP_AUD,2021-10-29 00:00:00,2021-10-29 04:00:00,0,0.9899935035,0.01000649646
484,GBP_CAD,2021-10-29 00:00:00,2021-10-29 04:00:00,0,0.9959579052,0.004042094805
485,NZD_CHF,2021-11-01 00:00:00,2021-11-01 04:00:00,0,0.9842741409,0.01572585909
486,EUR_CAD,2021-11-01 08:00:00,2021-11-01 12:00:00,0,0.9160512379,0.08394876213
487,EUR_GBP,2021-11-02 04:00:00,2021-11-02 08:00:00,0,0.9746396849,0.02536031515
488,EUR_USD,2021-11-02 04:00:00,2021-11-02 08:00:00,0,0.9990833585,0.000916641527
489,USD_CHF,2021-11-04 04:00:00,2021-11-04 08:00:00,1,0.02279089985,0.9772091001
490,EUR_NZD,2021-11-08 00:00:00,2021-11-08 04:00:00,0,0.9234622362,0.07653776382
491,GBP_CAD,2021-11-08 08:00:00,2021-11-08 12:00:00,0,0.9992331432,0.0007668568406
492,EUR_AUD,2021-11-09 00:00:00,2021-11-09 04:00:00,0,0.9536658161,0.04633418387
493,GBP_AUD,2021-11-09 00:00:00,2021-11-09 04:00:00,0,0.9650360549,0.03496394512
494,EUR_GBP,2021-11-10 00:00:00,2021-11-10 04:00:00,0,0.9969085514,0.003091448594
495,EUR_NZD,2021-11-12 00:00:00,2021-11-12 04:00:00,0,0.9822767578,0.0177232422
496,GBP_NZD,2021-11-12 00:00:00,2021-11-12 04:00:00,0,0.9375386954,0.06246130459
497,AUD_CAD,2021-11-12 08:00:00,2021-11-12 12:00:00,0,0.9986426095,0.00135739048
498,AUD_JPY,2021-11-12 16:00:00,2021-11-12 20:00:00,0,0.9976028765,0.00239712346
499,AUD_USD,2021-11-12 16:00:00,2021-11-12 20:00:00,0,0.9973482051,0.002651794946
500,EUR_USD,2021-11-15 00:00:00,2021-11-15 04:00:00,0,0.9609923562,0.03900764376
501,AUD_CHF,2021-11-15 08:00:00,2021-11-15 12:00:00,0,0.9997650826,0.000234917406
502,NZD_JPY,2021-11-15 08:00:00,2021-11-15 12:00:00,0,0.9850863245,0.01491367551
503,AUD_NZD,2021-11-16 08:00:00,2021-11-16 12:00:00,0,0.998043028,0.001956972021
504,GBP_AUD,2021-11-16 16:00:00,2021-11-16 20:00:00,1,0.04886713844,0.9511328616
505,GBP_CHF,2021-11-16 16:00:00,2021-11-16 20:00:00,0,0.9640153983,0.03598460173
506,EUR_AUD,2021-11-17 00:00:00,2021-11-17 04:00:00,0,0.974016036,0.02598396401
507,EUR_JPY,2021-11-17 00:00:00,2021-11-17 04:00:00,0,0.9821733197,0.01782668026
508,AUD_CHF,2021-11-19 00:00:00,2021-11-19 04:00:00,0,0.999458673,0.0005413270125
509,AUD_JPY,2021-11-19 00:00:00,2021-11-19 04:00:00,0,0.9986940716,0.001305928377
510,AUD_NZD,2021-11-22 00:00:00,2021-11-22 04:00:00,1,0.03117539788,0.9688246021
511,CAD_CHF,2021-11-22 00:00:00,2021-11-22 04:00:00,0,0.9995173096,0.0004826904059
512,CHF_JPY,2021-11-22 08:00:00,2021-11-22 12:00:00,0,0.9689811546,0.03101884539
513,EUR_CAD,2021-11-22 16:00:00,2021-11-22 20:00:00,0,0.9702252508,0.02977474918
514,EUR_NZD,2021-11-22 16:00:00,2021-11-22 20:00:00,1,0.01499089779,0.9850091022
515,GBP_JPY,2021-11-22 16:00:00,2021-11-22 20:00:00,0,0.9958845794,0.004115420643
516,GBP_NZD,2021-11-22 16:00:00,2021-11-22 20:00:00,1,0.04966094476,0.9503390552
517,AUD_CAD,2021-11-23 08:00:00,2021-11-23 12:00:00,0,0.9948485658,0.005151434154
518,EUR_CHF,2021-11-23 08:00:00,2021-11-23 12:00:00,0,0.9987034048,0.00129659517
519,CAD_JPY,2021-11-23 16:00:00,2021-11-23 20:00:00,0,0.9980291251,0.001970874894
520,NZD_JPY,2021-11-23 16:00:00,2021-11-23 20:00:00,0,0.9922232446,0.007776755431
521,EUR_JPY,2021-11-24 16:00:00,2021-11-24 20:00:00,0,0.9986637647,0.001336235311
522,EUR_GBP,2021-11-25 08:00:00,2021-11-25 12:00:00,0,0.9027420904,0.09725790964
523,AUD_CHF,2021-11-25 16:00:00,2021-11-25 20:00:00,0,0.9807879312,0.01921206875
524,AUD_JPY,2021-11-30 00:00:00,2021-11-30 04:00:00,0,0.9990914165,0.0009085835236
525,AUD_USD,2021-11-30 00:00:00,2021-11-30 04:00:00,0,0.9979482275,0.002051772473
526,CAD_JPY,2021-11-30 00:00:00,2021-11-30 04:00:00,0,0.9954596283,0.004540371723
527,EUR_JPY,2021-11-30 00:00:00,2021-11-30 04:00:00,0,0.9997481902,0.0002518098381
528,GBP_JPY,2021-11-30 00:00:00,2021-11-30 04:00:00,0,0.994251233,0.005748766979
529,NZD_CHF,2021-11-30 00:00:00,2021-11-30 04:00:00,0,0.9956906839,0.004309316136
530,NZD_JPY,2021-11-30 00:00:00,2021-11-30 04:00:00,0,0.9941530909,0.005846909087
531,NZD_USD,2021-12-01 00:00:00,2021-12-01 04:00:00,0,0.9942718641,0.00572813585
532,USD_JPY,2021-12-01 00:00:00,2021-12-01 04:00:00,1,0.01230074917,0.9876992508
533,CHF_JPY,2021-12-03 08:00:00,2021-12-03 12:00:00,0,0.9300797457,0.06992025426
534,EUR_JPY,2021-12-06 08:00:00,2021-12-06 12:00:00,1,0.003222008478,0.9967779915
535,GBP_JPY,2021-12-06 08:00:00,2021-12-06 12:00:00,1,0.007510985251,0.9924890147
536,GBP_USD,2021-12-06 08:00:00,2021-12-06 12:00:00,0,0.9822603595,0.01773964047
537,AUD_JPY,2021-12-06 16:00:00,2021-12-06 20:00:00,1,0.006310954309,0.9936890457
538,NZD_JPY,2021-12-06 16:00:00,2021-12-06 20:00:00,1,0.01262496376,0.9873750362
539,AUD_USD,2021-12-07 00:00:00,2021-12-07 04:00:00,1,0.01136280175,0.9886371983
540,NZD_USD,2021-12-08 04:00:00,2021-12-08 08:00:00,0,0.9980369983,0.001963001657
541,GBP_CAD,2021-12-09 04:00:00,2021-12-09 08:00:00,1,0.009495437702,0.9905045623
542,EUR_USD,2021-12-10 00:00:00,2021-12-10 04:00:00,0,0.992108273,0.007891727014
543,EUR_CAD,2021-12-10 04:00:00,2021-12-10 08:00:00,0,0.9824268006,0.0175731994
544,NZD_CHF,2021-12-13 00:00:00,2021-12-13 04:00:00,0,0.9112796851,0.08872031486
545,EUR_CHF,2021-12-13 08:00:00,2021-12-13 12:00:00,0,0.9763163573,0.02368364272
546,CHF_JPY,2021-12-14 08:00:00,2021-12-14 12:00:00,0,0.9547680412,0.04523195882
547,CAD_JPY,2021-12-16 08:00:00,2021-12-16 12:00:00,0,0.9437050773,0.0562949227
548,EUR_USD,2021-12-16 08:00:00,2021-12-16 12:00:00,0,0.9232958312,0.07670416878
549,GBP_CHF,2021-12-16 08:00:00,2021-12-16 12:00:00,0,0.9911925543,0.00880744565
550,NZD_USD,2021-12-21 00:00:00,2021-12-21 04:00:00,1,0.02647641428,0.9735235857
551,AUD_CAD,2021-12-21 08:00:00,2021-12-21 12:00:00,0,0.9575594313,0.0424405687
552,AUD_CHF,2021-12-22 08:00:00,2021-12-22 12:00:00,0,0.9979507502,0.00204924976
553,CAD_JPY,2021-12-22 08:00:00,2021-12-22 12:00:00,1,0.06670055161,0.9332994484
554,CHF_JPY,2021-12-22 08:00:00,2021-12-22 12:00:00,0,0.9318414667,0.06815853334
555,EUR_CHF,2021-12-22 08:00:00,2021-12-22 12:00:00,0,0.9932924317,0.006707568348
556,NZD_CHF,2021-12-22 08:00:00,2021-12-22 12:00:00,0,0.8905750091,0.1094249909
557,EUR_USD,2021-12-23 00:00:00,2021-12-23 04:00:00,0,0.9661147582,0.0338852418
558,GBP_CHF,2021-12-23 08:00:00,2021-12-23 12:00:00,0,0.9862995233,0.0137004767
559,GBP_USD,2021-12-23 08:00:00,2021-12-23 12:00:00,1,0.03968938406,0.9603106159
560,NZD_CAD,2021-12-28 08:00:00,2021-12-28 12:00:00,0,0.9996736516,0.0003263483719
561,USD_CAD,2021-12-28 16:00:00,2021-12-28 20:00:00,0,0.9495875957,0.05041240435
562,CAD_CHF,2021-12-29 08:00:00,2021-12-29 12:00:00,0,0.9690824177,0.03091758234
563,AUD_CAD,2022-01-03 08:00:00,2022-01-03 12:00:00,0,0.9944766641,0.005523335892
564,EUR_GBP,2022-01-04 00:00:00,2022-01-04 04:00:00,0,0.984290535,0.01570946499
565,EUR_USD,2022-01-04 00:00:00,2022-01-04 04:00:00,0,0.9510486625,0.04895133747
566,NZD_CAD,2022-01-04 08:00:00,2022-01-04 12:00:00,0,0.9964675845,0.003532415455
567,EUR_CHF,2022-01-06 08:00:00,2022-01-06 12:00:00,0,0.8336944316,0.1663055684
568,USD_CHF,2022-01-06 08:00:00,2022-01-06 12:00:00,0,0.9976162351,0.00238376495
569,NZD_CHF,2022-01-07 04:00:00,2022-01-07 08:00:00,0,0.8905757933,0.1094242067
570,EUR_GBP,2022-01-07 08:00:00,2022-01-07 12:00:00,0,0.987237671,0.01276232896
571,CAD_CHF,2022-01-13 00:00:00,2022-01-13 04:00:00,0,0.99374402,0.006255980003
572,USD_CHF,2022-01-17 00:00:00,2022-01-17 04:00:00,0,0.9613711743,0.03862882574
573,AUD_CAD,2022-01-20 00:00:00,2022-01-20 04:00:00,0,0.9877524765,0.01224752354
574,AUD_NZD,2022-01-20 00:00:00,2022-01-20 04:00:00,0,0.9960553548,0.003944645204
575,GBP_NZD,2022-01-20 00:00:00,2022-01-20 04:00:00,0,0.985335048,0.01466495199
576,CAD_CHF,2022-01-20 16:00:00,2022-01-20 20:00:00,0,0.9619863475,0.03801365251
577,EUR_GBP,2022-01-21 00:00:00,2022-01-21 04:00:00,0,0.9866029644,0.01339703562
578,GBP_AUD,2022-01-24 04:00:00,2022-01-24 08:00:00,0,0.9818336094,0.01816639064
579,AUD_CHF,2022-01-25 08:00:00,2022-01-25 12:00:00,0,0.940503179,0.05949682095
580,NZD_CHF,2022-01-25 08:00:00,2022-01-25 12:00:00,0,0.9907928049,0.009207195073
581,NZD_JPY,2022-01-26 08:00:00,2022-01-26 12:00:00,0,0.9921933603,0.007806639686
582,USD_CHF,2022-01-26 08:00:00,2022-01-26 12:00:00,0,0.9887734074,0.01122659261
583,EUR_CHF,2022-01-26 16:00:00,2022-01-26 20:00:00,0,0.9376201632,0.06237983679
584,AUD_NZD,2022-01-27 04:00:00,2022-01-27 08:00:00,0,0.998614543,0.001385456998
585,CAD_CHF,2022-01-31 00:00:00,2022-01-31 04:00:00,0,0.9455946445,0.05440535554
586,EUR_USD,2022-01-31 00:00:00,2022-01-31 04:00:00,0,0.9575674621,0.04243253785
587,USD_JPY,2022-01-31 00:00:00,2022-01-31 04:00:00,0,0.9041761533,0.09582384675
588,NZD_CAD,2022-02-01 04:00:00,2022-02-01 08:00:00,1,0.005363305136,0.9946366949
589,NZD_JPY,2022-02-01 04:00:00,2022-02-01 08:00:00,1,0.003079021376,0.9969209786
590,AUD_CAD,2022-02-01 12:00:00,2022-02-01 16:00:00,1,0.01503325375,0.9849667462
591,AUD_CHF,2022-02-01 16:00:00,2022-02-01 20:00:00,1,0.02691600939,0.9730839906
592,AUD_JPY,2022-02-01 16:00:00,2022-02-01 20:00:00,1,0.03096319096,0.969036809
593,EUR_JPY,2022-02-02 00:00:00,2022-02-02 04:00:00,0,0.9894698672,0.01053013282
594,GBP_AUD,2022-02-03 00:00:00,2022-02-03 04:00:00,0,0.9978664511,0.002133548888
595,CAD_CHF,2022-02-03 08:00:00,2022-02-03 12:00:00,0,0.9343749364,0.06562506362
596,USD_CAD,2022-02-03 08:00:00,2022-02-03 12:00:00,0,0.9975414496,0.002458550391
597,EUR_CAD,2022-02-04 00:00:00,2022-02-04 04:00:00,0,0.9774484686,0.02255153136
598,EUR_NZD,2022-02-04 08:00:00,2022-02-04 12:00:00,0,0.987323047,0.01267695303
599,USD_JPY,2022-02-07 00:00:00,2022-02-07 04:00:00,0,0.9583528092,0.04164719084
600,AUD_NZD,2022-02-07 08:00:00,2022-02-07 12:00:00,0,0.9597605476,0.04023945245
601,NZD_CHF,2022-02-07 20:00:00,2022-02-08 00:00:00,1,0.04452291273,0.9554770873
602,NZD_USD,2022-02-08 20:00:00,2022-02-09 00:00:00,0,0.9093985713,0.09060142872
603,EUR_NZD,2022-02-10 00:00:00,2022-02-10 04:00:00,0,0.9994043685,0.0005956314558
604,EUR_AUD,2022-02-14 00:00:00,2022-02-14 04:00:00,0,0.9795316242,0.02046837582
605,GBP_JPY,2022-02-14 16:00:00,2022-02-14 20:00:00,0,0.9982528506,0.001747149442
606,GBP_AUD,2022-02-15 04:00:00,2022-02-15 08:00:00,0,0.9986107722,0.001389227792
607,USD_CAD,2022-02-15 04:00:00,2022-02-15 08:00:00,0,0.9492514432,0.05074855678
608,GBP_CAD,2022-02-15 16:00:00,2022-02-15 20:00:00,0,0.9680884184,0.03191158157
609,NZD_USD,2022-02-15 16:00:00,2022-02-15 20:00:00,1,0.01493349174,0.9850665083
610,AUD_USD,2022-02-16 16:00:00,2022-02-16 20:00:00,0,0.957338408,0.04266159195
611,GBP_CHF,2022-02-18 08:00:00,2022-02-18 12:00:00,0,0.9989346731,0.001065326911
612,EUR_CAD,2022-02-21 00:00:00,2022-02-21 04:00:00,0,0.9688019866,0.03119801341
613,GBP_USD,2022-02-21 00:00:00,2022-02-21 04:00:00,0,0.9985063447,0.001493655256
614,GBP_CAD,2022-02-21 08:00:00,2022-02-21 12:00:00,0,0.9408701166,0.05912988336
615,USD_CHF,2022-02-22 08:00:00,2022-02-22 12:00:00,1,0.01428573828,0.9857142617
616,CAD_JPY,2022-02-23 04:00:00,2022-02-23 08:00:00,0,0.9985741851,0.00142581492
617,EUR_CHF,2022-02-23 08:00:00,2022-02-23 12:00:00,0,0.9876431035,0.01235689646
618,CAD_CHF,2022-02-25 08:00:00,2022-02-25 12:00:00,0,0.8581103346,0.1418896654
619,USD_JPY,2022-02-25 12:00:00,2022-02-25 16:00:00,0,0.9627738372,0.03722616283
620,AUD_NZD,2022-02-28 00:00:00,2022-02-28 04:00:00,0,0.9973027218,0.002697278192
621,AUD_USD,2022-02-28 08:00:00,2022-02-28 12:00:00,1,0.03769723447,0.9623027655
622,CHF_JPY,2022-02-28 08:00:00,2022-02-28 12:00:00,0,0.9402365821,0.05976341791
623,EUR_JPY,2022-02-28 08:00:00,2022-02-28 12:00:00,0,0.9943737892,0.00562621083
624,EUR_USD,2022-02-28 08:00:00,2022-02-28 12:00:00,0,0.9952746738,0.004725326214
625,GBP_JPY,2022-02-28 08:00:00,2022-02-28 12:00:00,0,0.9940499606,0.005950039392
626,GBP_USD,2022-02-28 08:00:00,2022-02-28 12:00:00,0,0.9963217735,0.003678226512
627,GBP_CAD,2022-03-01 04:00:00,2022-03-01 08:00:00,0,0.9987382317,0.001261768269
628,CAD_JPY,2022-03-03 04:00:00,2022-03-03 08:00:00,0,0.9584462119,0.04155378808
629,GBP_CHF,2022-03-03 04:00:00,2022-03-03 08:00:00,0,0.9996017072,0.0003982928222
630,EUR_CAD,2022-03-04 08:00:00,2022-03-04 12:00:00,0,0.9841318723,0.01586812768
631,USD_CAD,2022-03-04 08:00:00,2022-03-04 12:00:00,0,0.8634024804,0.1365975196
632,USD_JPY,2022-03-07 00:00:00,2022-03-07 04:00:00,1,0.03372633646,0.9662736635
633,EUR_USD,2022-03-08 16:00:00,2022-03-08 20:00:00,0,0.8785030991,0.1214969009
634,CHF_JPY,2022-03-09 00:00:00,2022-03-09 04:00:00,1,0.02396072454,0.9760392755
635,EUR_CHF,2022-03-09 08:00:00,2022-03-09 12:00:00,0,0.9051437822,0.09485621775
636,EUR_GBP,2022-03-09 08:00:00,2022-03-09 12:00:00,0,0.9720515074,0.02794849261
637,EUR_JPY,2022-03-09 08:00:00,2022-03-09 12:00:00,1,0.04677575573,0.9532242443
638,GBP_CHF,2022-03-09 08:00:00,2022-03-09 12:00:00,0,0.7907749139,0.2092250861
639,GBP_JPY,2022-03-09 08:00:00,2022-03-09 12:00:00,1,0.0167195889,0.9832804111
640,GBP_CAD,2022-03-09 16:00:00,2022-03-09 20:00:00,0,0.9983011627,0.001698837309
641,GBP_AUD,2022-03-10 00:00:00,2022-03-10 04:00:00,0,0.9605531509,0.03944684912
642,AUD_NZD,2022-03-10 04:00:00,2022-03-10 08:00:00,0,0.999633777,0.0003662230349
643,CAD_JPY,2022-03-14 08:00:00,2022-03-14 12:00:00,0,0.9672166053,0.03278339467
644,EUR_CAD,2022-03-14 16:00:00,2022-03-14 20:00:00,0,0.9235006421,0.07649935787
645,EUR_NZD,2022-03-14 16:00:00,2022-03-14 20:00:00,0,0.9902360681,0.009763931852
646,GBP_CAD,2022-03-15 00:00:00,2022-03-15 04:00:00,0,0.9976169849,0.002383015105
647,CAD_CHF,2022-03-16 04:00:00,2022-03-16 08:00:00,1,0.02091592711,0.9790840729
648,AUD_NZD,2022-03-17 08:00:00,2022-03-17 12:00:00,1,0.05752350757,0.9424764924
649,CAD_JPY,2022-03-17 20:00:00,2022-03-18 00:00:00,1,0.02603798483,0.9739620152
650,EUR_CAD,2022-03-21 08:00:00,2022-03-21 12:00:00,0,0.9563556515,0.04364434852
651,GBP_AUD,2022-03-22 00:00:00,2022-03-22 04:00:00,0,0.9549982933,0.04500170672
652,GBP_USD,2022-03-23 00:00:00,2022-03-23 04:00:00,0,0.9906980411,0.009301958861
653,USD_CAD,2022-03-25 08:00:00,2022-03-25 12:00:00,0,0.9839135268,0.01608647324
654,EUR_AUD,2022-03-29 00:00:00,2022-03-29 04:00:00,0,0.9898351644,0.01016483564
655,GBP_CAD,2022-03-30 08:00:00,2022-03-30 12:00:00,0,0.9856118702,0.01438812976
656,NZD_JPY,2022-03-30 12:00:00,2022-03-30 16:00:00,0,0.9948383225,0.005161677545
657,AUD_CAD,2022-03-31 00:00:00,2022-03-31 04:00:00,0,0.9970107573,0.002989242717
658,EUR_CAD,2022-03-31 00:00:00,2022-03-31 04:00:00,0,0.9603668269,0.03963317313
659,NZD_CAD,2022-03-31 00:00:00,2022-03-31 04:00:00,0,0.9972282022,0.002771797848
660,USD_CAD,2022-03-31 00:00:00,2022-03-31 04:00:00,0,0.9949166251,0.005083374939
661,AUD_JPY,2022-04-04 16:00:00,2022-04-04 20:00:00,0,0.9989797289,0.001020271125
662,GBP_USD,2022-04-05 04:00:00,2022-04-05 08:00:00,0,0.9948586192,0.00514138082
663,USD_CAD,2022-04-06 04:00:00,2022-04-06 08:00:00,1,0.04819098709,0.9518090129
664,AUD_CHF,2022-04-06 08:00:00,2022-04-06 12:00:00,0,0.9973556702,0.002644329816
665,NZD_CAD,2022-04-06 08:00:00,2022-04-06 12:00:00,0,0.9975765836,0.002423416426
666,NZD_CHF,2022-04-06 08:00:00,2022-04-06 12:00:00,0,0.9982552364,0.001744763618
667,EUR_CAD,2022-04-06 20:00:00,2022-04-07 00:00:00,0,0.9911385384,0.008861461608
668,GBP_AUD,2022-04-07 04:00:00,2022-04-07 08:00:00,0,0.9027819292,0.09721807075
669,EUR_AUD,2022-04-12 00:00:00,2022-04-12 04:00:00,0,0.9887721315,0.01122786849
670,EUR_NZD,2022-04-12 00:00:00,2022-04-12 04:00:00,0,0.9931703041,0.006829695904
671,GBP_NZD,2022-04-12 00:00:00,2022-04-12 04:00:00,0,0.9909190053,0.009080994676
672,NZD_CAD,2022-04-12 04:00:00,2022-04-12 08:00:00,0,0.9995089672,0.0004910327926
673,AUD_CHF,2022-04-13 16:00:00,2022-04-13 20:00:00,0,0.9993111589,0.0006888411418
674,GBP_USD,2022-04-13 16:00:00,2022-04-13 20:00:00,0,0.9973152643,0.002684735736
675,GBP_CAD,2022-04-14 00:00:00,2022-04-14 04:00:00,0,0.9638890874,0.03611091256
676,EUR_CHF,2022-04-14 08:00:00,2022-04-14 12:00:00,0,0.9525324604,0.04746753955
677,GBP_CHF,2022-04-15 16:00:00,2022-04-15 20:00:00,0,0.9664031702,0.03359682985
678,EUR_GBP,2022-04-15 20:00:00,2022-04-18 00:00:00,1,0.01989907911,0.9801009209
679,NZD_CHF,2022-04-19 20:00:00,2022-04-20 00:00:00,0,0.9974855026,0.00251449744
680,NZD_CAD,2022-04-20 00:00:00,2022-04-20 04:00:00,0,0.9923082183,0.007691781729
681,EUR_USD,2022-04-20 04:00:00,2022-04-20 08:00:00,0,0.9997844598,0.0002155401709
682,GBP_USD,2022-04-20 20:00:00,2022-04-21 00:00:00,0,0.9975569963,0.002443003696
683,EUR_AUD,2022-04-21 00:00:00,2022-04-21 04:00:00,1,0.04088646732,0.9591135327
684,EUR_NZD,2022-04-21 00:00:00,2022-04-21 04:00:00,1,0.0504944876,0.9495055124
685,GBP_NZD,2022-04-21 00:00:00,2022-04-21 04:00:00,0,0.9863940579,0.01360594208
686,USD_CHF,2022-04-21 00:00:00,2022-04-21 04:00:00,1,0.0196695498,0.9803304502
687,NZD_USD,2022-04-21 08:00:00,2022-04-21 12:00:00,0,0.9997944174,0.0002055826068
688,EUR_CAD,2022-04-25 00:00:00,2022-04-25 04:00:00,0,0.9989144816,0.001085518437
689,AUD_CAD,2022-04-26 12:00:00,2022-04-26 16:00:00,0,0.994135341,0.005864659022
690,AUD_JPY,2022-04-28 00:00:00,2022-04-28 04:00:00,0,0.9994179704,0.0005820295776
691,NZD_JPY,2022-04-28 04:00:00,2022-04-28 08:00:00,0,0.9988879444,0.001112055594
692,AUD_CHF,2022-04-28 08:00:00,2022-04-28 12:00:00,0,0.9361784575,0.06382154247
693,GBP_CHF,2022-04-29 00:00:00,2022-04-29 04:00:00,1,0.01229792971,0.9877020703
694,GBP_NZD,2022-04-29 08:00:00,2022-04-29 12:00:00,0,0.9636951262,0.03630487376
695,GBP_CAD,2022-05-02 08:00:00,2022-05-02 12:00:00,0,0.9921218619,0.007878138141
696,EUR_CHF,2022-05-02 16:00:00,2022-05-02 20:00:00,0,0.9112747196,0.08872528045
697,AUD_CAD,2022-05-03 00:00:00,2022-05-03 04:00:00,0,0.9976037963,0.00239620372
698,AUD_CHF,2022-05-06 00:00:00,2022-05-06 04:00:00,0,0.9987200968,0.001279903202
699,AUD_USD,2022-05-06 00:00:00,2022-05-06 04:00:00,0,0.9951409948,0.004859005211
700,EUR_JPY,2022-05-06 00:00:00,2022-05-06 04:00:00,0,0.990010949,0.009989051039
701,NZD_CHF,2022-05-06 00:00:00,2022-05-06 04:00:00,0,0.9960692731,0.0039307269
702,GBP_CAD,2022-05-06 04:00:00,2022-05-06 08:00:00,0,0.9865728496,0.01342715042
703,USD_JPY,2022-05-06 04:00:00,2022-05-06 08:00:00,0,0.9938419007,0.006158099285
704,GBP_NZD,2022-05-06 20:00:00,2022-05-09 00:00:00,0,0.865438504,0.134561496
705,GBP_AUD,2022-05-09 20:00:00,2022-05-10 00:00:00,0,0.931896674,0.06810332603
706,EUR_USD,2022-05-10 04:00:00,2022-05-10 08:00:00,0,0.9997244006,0.0002755993835
707,AUD_CAD,2022-05-11 04:00:00,2022-05-11 08:00:00,0,0.9885276119,0.01147238807
708,AUD_JPY,2022-05-11 04:00:00,2022-05-11 08:00:00,0,0.992399685,0.007600314956
709,CHF_JPY,2022-05-11 04:00:00,2022-05-11 08:00:00,0,0.9796696988,0.0203303012
710,GBP_JPY,2022-05-11 04:00:00,2022-05-11 08:00:00,0,0.9952713794,0.004728620607
711,GBP_USD,2022-05-11 04:00:00,2022-05-11 08:00:00,0,0.9985492196,0.001450780363
712,NZD_JPY,2022-05-11 04:00:00,2022-05-11 08:00:00,0,0.9925137708,0.007486229235
713,NZD_USD,2022-05-11 04:00:00,2022-05-11 08:00:00,0,0.9967941195,0.0032058805
714,CAD_CHF,2022-05-11 16:00:00,2022-05-11 20:00:00,0,0.9729593124,0.02704068758
715,AUD_CHF,2022-05-13 00:00:00,2022-05-13 04:00:00,0,0.9929550041,0.007044995901
716,EUR_JPY,2022-05-13 16:00:00,2022-05-13 20:00:00,1,0.02519820291,0.9748017971
717,USD_JPY,2022-05-16 00:00:00,2022-05-16 04:00:00,0,0.9982059018,0.001794098234
718,AUD_CAD,2022-05-16 12:00:00,2022-05-16 16:00:00,0,0.9749714874,0.02502851256
719,AUD_JPY,2022-05-16 12:00:00,2022-05-16 16:00:00,1,0.01619127725,0.9838087227
720,AUD_USD,2022-05-16 12:00:00,2022-05-16 16:00:00,1,0.007293226268,0.9927067737
721,NZD_CHF,2022-05-16 12:00:00,2022-05-16 16:00:00,0,0.9980208111,0.001979188904
722,NZD_JPY,2022-05-16 12:00:00,2022-05-16 16:00:00,1,0.006677861787,0.9933221382
723,NZD_USD,2022-05-16 12:00:00,2022-05-16 16:00:00,1,0.02140526149,0.9785947385
724,EUR_USD,2022-05-17 08:00:00,2022-05-17 12:00:00,0,0.9147254964,0.08527450362
725,GBP_USD,2022-05-17 20:00:00,2022-05-18 00:00:00,0,0.9078177801,0.09218221989
726,AUD_NZD,2022-05-18 00:00:00,2022-05-18 04:00:00,0,0.9907574218,0.009242578163
727,EUR_CAD,2022-05-20 16:00:00,2022-05-20 20:00:00,0,0.9767691645,0.02323083548
728,CAD_CHF,2022-05-23 00:00:00,2022-05-23 04:00:00,0,0.964834252,0.03516574803
729,CHF_JPY,2022-05-23 08:00:00,2022-05-23 12:00:00,1,0.0244740443,0.9755259557
730,GBP_JPY,2022-05-23 08:00:00,2022-05-23 12:00:00,0,0.9625103712,0.03748962881
731,NZD_CAD,2022-05-24 16:00:00,2022-05-24 20:00:00,0,0.9930542206,0.006945779432
732,USD_JPY,2022-05-26 16:00:00,2022-05-26 20:00:00,1,0.01695721301,0.983042787
733,GBP_CHF,2022-05-27 00:00:00,2022-05-27 04:00:00,0,0.9993382185,0.000661781531
734,GBP_JPY,2022-05-27 00:00:00,2022-05-27 04:00:00,1,0.04210346817,0.9578965318
735,CAD_JPY,2022-05-27 08:00:00,2022-05-27 12:00:00,1,0.08389877344,0.9161012266
736,AUD_NZD,2022-05-30 08:00:00,2022-05-30 12:00:00,0,0.8038231776,0.1961768224
737,CAD_CHF,2022-05-31 00:00:00,2022-05-31 04:00:00,0,0.9904883902,0.0095116098
738,AUD_CHF,2022-05-31 08:00:00,2022-05-31 12:00:00,0,0.9695837133,0.03041628666
739,NZD_CHF,2022-06-01 12:00:00,2022-06-01 16:00:00,0,0.9254539418,0.07454605821
740,NZD_CAD,2022-06-02 08:00:00,2022-06-02 12:00:00,0,0.9966907949,0.003309205081
741,EUR_CAD,2022-06-03 00:00:00,2022-06-03 04:00:00,0,0.9977548073,0.002245192723
742,GBP_CHF,2022-06-03 08:00:00,2022-06-03 12:00:00,0,0.9996242743,0.0003757256834
743,USD_CAD,2022-06-07 00:00:00,2022-06-07 04:00:00,0,0.9989248775,0.0010751225
744,GBP_AUD,2022-06-07 12:00:00,2022-06-07 16:00:00,0,0.9834390795,0.01656092054
745,GBP_CAD,2022-06-07 16:00:00,2022-06-07 20:00:00,0,0.9758800803,0.02411991972
746,GBP_USD,2022-06-07 16:00:00,2022-06-07 20:00:00,0,0.9936762448,0.006323755177
747,EUR_CAD,2022-06-09 04:00:00,2022-06-09 08:00:00,0,0.8766202233,0.1233797767
748,NZD_CHF,2022-06-09 08:00:00,2022-06-09 12:00:00,0,0.9972965206,0.002703479438
749,NZD_CAD,2022-06-10 00:00:00,2022-06-10 04:00:00,0,0.9978797971,0.002120202897
750,EUR_GBP,2022-06-13 08:00:00,2022-06-13 12:00:00,0,0.9927599412,0.007240058817
751,USD_CAD,2022-06-15 04:00:00,2022-06-15 08:00:00,0,0.9392294066,0.06077059339
752,EUR_USD,2022-06-16 16:00:00,2022-06-16 20:00:00,0,0.9449970254,0.0550029746
753,NZD_USD,2022-06-16 16:00:00,2022-06-16 20:00:00,0,0.9487847098,0.05121529017
754,EUR_AUD,2022-06-17 00:00:00,2022-06-17 04:00:00,0,0.9568818738,0.04311812623
755,EUR_GBP,2022-06-17 16:00:00,2022-06-17 20:00:00,0,0.9993178438,0.000682156194
756,GBP_USD,2022-06-20 04:00:00,2022-06-20 08:00:00,0,0.9584731189,0.04152688106
757,NZD_CAD,2022-06-20 08:00:00,2022-06-20 12:00:00,0,0.9718225872,0.02817741278
758,EUR_NZD,2022-06-21 00:00:00,2022-06-21 04:00:00,0,0.9497359655,0.05026403451
759,GBP_AUD,2022-06-21 08:00:00,2022-06-21 12:00:00,0,0.9933075496,0.006692450444
760,USD_CAD,2022-06-22 00:00:00,2022-06-22 04:00:00,0,0.9950288554,0.004971144557
761,USD_CHF,2022-06-22 00:00:00,2022-06-22 04:00:00,0,0.998498929,0.001501071026
762,CAD_CHF,2022-06-24 00:00:00,2022-06-24 04:00:00,0,0.9969244429,0.003075557072
763,NZD_CAD,2022-06-24 00:00:00,2022-06-24 04:00:00,0,0.9972843996,0.002715600437
764,EUR_USD,2022-06-24 04:00:00,2022-06-24 08:00:00,0,0.9245579204,0.07544207965
765,GBP_CAD,2022-06-24 04:00:00,2022-06-24 08:00:00,0,0.9849653657,0.01503463432
766,AUD_CAD,2022-06-24 16:00:00,2022-06-24 20:00:00,0,0.9485703749,0.05142962509
767,EUR_CHF,2022-06-24 20:00:00,2022-06-27 00:00:00,0,0.9947389326,0.00526106737
768,GBP_CHF,2022-06-27 08:00:00,2022-06-27 12:00:00,0,0.9993966705,0.0006033294927
769,NZD_CHF,2022-06-27 08:00:00,2022-06-27 12:00:00,0,0.9891300512,0.01086994876
770,NZD_USD,2022-06-27 08:00:00,2022-06-27 12:00:00,0,0.9612279179,0.03877208212
771,EUR_CAD,2022-06-27 12:00:00,2022-06-27 16:00:00,0,0.9971624702,0.002837529824
772,GBP_CAD,2022-06-30 08:00:00,2022-06-30 12:00:00,0,0.9861735309,0.01382646915
773,USD_CHF,2022-07-01 00:00:00,2022-07-01 04:00:00,0,0.8453129524,0.1546870476
774,USD_CAD,2022-07-01 04:00:00,2022-07-01 08:00:00,0,0.9630204561,0.03697954395
775,NZD_CHF,2022-07-04 08:00:00,2022-07-04 12:00:00,0,0.9619102425,0.03808975747
776,NZD_USD,2022-07-04 08:00:00,2022-07-04 12:00:00,0,0.9894697274,0.01053027264
777,AUD_CHF,2022-07-05 00:00:00,2022-07-05 04:00:00,0,0.8752649284,0.1247350716
778,AUD_USD,2022-07-05 00:00:00,2022-07-05 04:00:00,0,0.9630216151,0.03697838493
779,EUR_CHF,2022-07-05 00:00:00,2022-07-05 04:00:00,0,0.9991616624,0.0008383376157
780,EUR_USD,2022-07-05 00:00:00,2022-07-05 04:00:00,0,0.9970923348,0.002907665192
781,AUD_CAD,2022-07-05 16:00:00,2022-07-05 20:00:00,0,0.9766475478,0.0233524522
782,USD_CAD,2022-07-06 16:00:00,2022-07-06 20:00:00,0,0.9917487759,0.008251224099
783,GBP_USD,2022-07-07 04:00:00,2022-07-07 08:00:00,0,0.9685749486,0.0314250514
784,NZD_USD,2022-07-08 00:00:00,2022-07-08 04:00:00,0,0.983145592,0.01685440799
785,GBP_CHF,2022-07-12 16:00:00,2022-07-12 20:00:00,0,0.9613274877,0.03867251225
786,GBP_AUD,2022-07-13 00:00:00,2022-07-13 04:00:00,0,0.9986736611,0.00132633888
787,GBP_CAD,2022-07-13 04:00:00,2022-07-13 08:00:00,0,0.9941567571,0.005843242871
788,GBP_NZD,2022-07-14 00:00:00,2022-07-14 04:00:00,0,0.9973908497,0.002609150275
789,EUR_CHF,2022-07-14 08:00:00,2022-07-14 12:00:00,0,0.9981719641,0.001828035937
790,NZD_CAD,2022-07-14 08:00:00,2022-07-14 12:00:00,1,0.01634567724,0.9836543228
791,USD_CAD,2022-07-14 08:00:00,2022-07-14 12:00:00,0,0.948640002,0.05135999795
792,AUD_CAD,2022-07-14 20:00:00,2022-07-15 00:00:00,1,0.047073234,0.952926766
793,EUR_GBP,2022-07-15 04:00:00,2022-07-15 08:00:00,0,0.9982354594,0.001764540582
794,EUR_USD,2022-07-15 04:00:00,2022-07-15 08:00:00,0,0.9373468101,0.06265318987
795,AUD_USD,2022-07-18 00:00:00,2022-07-18 04:00:00,1,0.03573958892,0.9642604111
796,GBP_USD,2022-07-18 00:00:00,2022-07-18 04:00:00,0,0.9544334582,0.04556654184
797,NZD_USD,2022-07-18 00:00:00,2022-07-18 04:00:00,1,0.0369600103,0.9630399897
798,GBP_CHF,2022-07-18 04:00:00,2022-07-18 08:00:00,0,0.9543064829,0.04569351706
799,AUD_CHF,2022-07-18 08:00:00,2022-07-18 12:00:00,0,0.9445365357,0.05546346433
800,EUR_AUD,2022-07-18 16:00:00,2022-07-18 20:00:00,0,0.9991528922,0.0008471077981
801,AUD_JPY,2022-07-19 04:00:00,2022-07-19 08:00:00,0,0.9771074658,0.02289253422
802,NZD_JPY,2022-07-19 04:00:00,2022-07-19 08:00:00,0,0.9944843611,0.005515638947
803,NZD_CHF,2022-07-20 00:00:00,2022-07-20 04:00:00,0,0.9690699414,0.03093005858
804,CHF_JPY,2022-07-21 00:00:00,2022-07-21 04:00:00,0,0.9760395512,0.02396044876
805,EUR_CAD,2022-07-22 16:00:00,2022-07-22 20:00:00,0,0.9767363575,0.02326364251
806,GBP_NZD,2022-07-22 20:00:00,2022-07-25 00:00:00,0,0.9958983852,0.004101614772
807,NZD_CHF,2022-07-25 08:00:00,2022-07-25 12:00:00,0,0.9994549674,0.0005450325942
808,USD_JPY,2022-07-25 12:00:00,2022-07-25 16:00:00,0,0.9970479198,0.00295208019
809,EUR_AUD,2022-07-26 00:00:00,2022-07-26 04:00:00,0,0.9844952537,0.01550474633
810,GBP_AUD,2022-07-26 00:00:00,2022-07-26 04:00:00,0,0.8341813224,0.1658186776
811,GBP_CAD,2022-07-26 00:00:00,2022-07-26 04:00:00,0,0.9487425562,0.05125744383
812,EUR_CHF,2022-07-27 20:00:00,2022-07-28 00:00:00,0,0.9932900367,0.006709963348
813,GBP_JPY,2022-07-29 00:00:00,2022-07-29 04:00:00,0,0.9964825534,0.003517446619
814,EUR_CAD,2022-07-29 04:00:00,2022-07-29 08:00:00,0,0.8848078671,0.1151921329
815,EUR_AUD,2022-07-29 08:00:00,2022-07-29 12:00:00,0,0.9992231289,0.0007768710767
816,AUD_NZD,2022-08-01 08:00:00,2022-08-01 12:00:00,0,0.9858240582,0.0141759418
817,EUR_NZD,2022-08-01 20:00:00,2022-08-02 00:00:00,0,0.9874631456,0.01253685442
818,EUR_GBP,2022-08-02 00:00:00,2022-08-02 04:00:00,1,0.04120928369,0.9587907163
819,NZD_CHF,2022-08-02 16:00:00,2022-08-02 20:00:00,0,0.9818308952,0.01816910478
820,USD_CHF,2022-08-02 16:00:00,2022-08-02 20:00:00,0,0.9790085391,0.02099146094
821,AUD_JPY,2022-08-03 12:00:00,2022-08-03 16:00:00,1,0.05430233908,0.9456976609
822,CAD_JPY,2022-08-03 12:00:00,2022-08-03 16:00:00,0,0.8471859977,0.1528140023
823,EUR_JPY,2022-08-03 12:00:00,2022-08-03 16:00:00,1,0.04417784994,0.9558221501
824,GBP_JPY,2022-08-03 12:00:00,2022-08-03 16:00:00,0,0.9830239167,0.01697608328
825,USD_JPY,2022-08-03 12:00:00,2022-08-03 16:00:00,0,0.8087963766,0.1912036234
826,AUD_NZD,2022-08-05 20:00:00,2022-08-08 00:00:00,0,0.9383962178,0.0616037822
827,CHF_JPY,2022-08-08 00:00:00,2022-08-08 04:00:00,1,0.03267148883,0.9673285112
828,NZD_JPY,2022-08-08 12:00:00,2022-08-08 16:00:00,1,0.02582407524,0.9741759248
829,EUR_CHF,2022-08-09 08:00:00,2022-08-09 12:00:00,0,0.9967323279,0.003267672074
830,CAD_CHF,2022-08-12 04:00:00,2022-08-12 08:00:00,0,0.9998040919,0.0001959081241
831,USD_CAD,2022-08-15 04:00:00,2022-08-15 08:00:00,1,0.01578420182,0.9842157982
832,USD_CHF,2022-08-15 04:00:00,2022-08-15 08:00:00,1,0.04336878756,0.9566312124
833,USD_JPY,2022-08-15 08:00:00,2022-08-15 12:00:00,1,0.02174822841,0.9782517716
834,EUR_AUD,2022-08-16 00:00:00,2022-08-16 04:00:00,0,0.9995727162,0.0004272837584
835,GBP_AUD,2022-08-16 00:00:00,2022-08-16 04:00:00,0,0.9740581317,0.02594186834
836,EUR_NZD,2022-08-16 08:00:00,2022-08-16 12:00:00,1,0.02430008193,0.9756999181
837,GBP_CHF,2022-08-16 08:00:00,2022-08-16 12:00:00,0,0.9954149091,0.004585090908
838,AUD_CHF,2022-08-16 16:00:00,2022-08-16 20:00:00,0,0.9426359575,0.05736404246
839,NZD_CHF,2022-08-16 16:00:00,2022-08-16 20:00:00,0,0.9917997827,0.008200217345
840,GBP_NZD,2022-08-17 00:00:00,2022-08-17 04:00:00,0,0.875126865,0.124873135
841,CAD_CHF,2022-08-18 08:00:00,2022-08-18 12:00:00,0,0.974830237,0.02516976295
842,CAD_JPY,2022-08-18 08:00:00,2022-08-18 12:00:00,1,0.05034966912,0.9496503309
843,AUD_NZD,2022-08-19 00:00:00,2022-08-19 04:00:00,1,0.04135109645,0.9586489035
844,AUD_CHF,2022-08-22 00:00:00,2022-08-22 04:00:00,0,0.8200761897,0.1799238103
845,GBP_JPY,2022-08-22 00:00:00,2022-08-22 04:00:00,0,0.9110919885,0.08890801145
846,GBP_CHF,2022-08-23 08:00:00,2022-08-23 12:00:00,0,0.9987518355,0.001248164502
847,GBP_CAD,2022-08-23 16:00:00,2022-08-23 20:00:00,0,0.9343517616,0.06564823837
848,NZD_CHF,2022-08-23 16:00:00,2022-08-23 20:00:00,0,0.9834711104,0.01652888956
849,GBP_AUD,2022-08-24 00:00:00,2022-08-24 04:00:00,0,0.9815856994,0.0184143006
850,GBP_NZD,2022-08-24 00:00:00,2022-08-24 04:00:00,0,0.8750024461,0.1249975539
851,EUR_CHF,2022-08-25 00:00:00,2022-08-25 04:00:00,0,0.8972764332,0.1027235668
852,EUR_USD,2022-08-25 00:00:00,2022-08-25 04:00:00,0,0.9990469854,0.0009530146185
853,GBP_USD,2022-08-25 00:00:00,2022-08-25 04:00:00,0,0.9973723812,0.002627618815
854,EUR_CAD,2022-08-26 00:00:00,2022-08-26 04:00:00,1,0.02756996295,0.972430037
855,GBP_JPY,2022-08-29 00:00:00,2022-08-29 04:00:00,0,0.9562125124,0.04378748756
856,EUR_AUD,2022-08-30 00:00:00,2022-08-30 04:00:00,1,0.03442250982,0.9655774902
857,GBP_AUD,2022-08-30 00:00:00,2022-08-30 04:00:00,0,0.9921783479,0.007821652105
858,GBP_NZD,2022-08-30 00:00:00,2022-08-30 04:00:00,0,0.9557694848,0.04423051519
859,GBP_CAD,2022-09-01 08:00:00,2022-09-01 12:00:00,0,0.998866725,0.001133275044
860,EUR_USD,2022-09-02 04:00:00,2022-09-02 08:00:00,0,0.9943974897,0.005602510287
861,GBP_AUD,2022-09-06 00:00:00,2022-09-06 04:00:00,0,0.939790721,0.06020927903
862,GBP_CHF,2022-09-06 00:00:00,2022-09-06 04:00:00,0,0.9952819884,0.004718011608
863,NZD_USD,2022-09-06 00:00:00,2022-09-06 04:00:00,0,0.9989910338,0.001008966225
864,GBP_NZD,2022-09-08 04:00:00,2022-09-08 08:00:00,0,0.9888789699,0.01112103011
865,EUR_USD,2022-09-09 00:00:00,2022-09-09 04:00:00,0,0.9608195245,0.03918047551
866,GBP_CAD,2022-09-12 08:00:00,2022-09-12 12:00:00,0,0.9609492084,0.03905079155
867,NZD_CAD,2022-09-12 08:00:00,2022-09-12 12:00:00,0,0.9984500981,0.001549901928
868,AUD_USD,2022-09-12 16:00:00,2022-09-12 20:00:00,0,0.9897125082,0.01028749179
869,GBP_USD,2022-09-13 08:00:00,2022-09-13 12:00:00,0,0.9966801893,0.003319810712
870,AUD_CAD,2022-09-16 16:00:00,2022-09-16 20:00:00,0,0.9027634702,0.09723652979
871,NZD_CAD,2022-09-16 16:00:00,2022-09-16 20:00:00,0,0.9979171421,0.002082857925
872,CAD_CHF,2022-09-19 00:00:00,2022-09-19 04:00:00,0,0.9975635273,0.002436472711
873,NZD_CAD,2022-09-22 08:00:00,2022-09-22 12:00:00,0,0.9979133537,0.002086646328
874,EUR_CHF,2022-09-26 08:00:00,2022-09-26 12:00:00,0,0.9682715259,0.03172847408
875,AUD_CHF,2022-09-27 00:00:00,2022-09-27 04:00:00,0,0.9988515275,0.001148472523
876,GBP_CAD,2022-09-27 00:00:00,2022-09-27 04:00:00,1,0.03889621753,0.9611037825
877,GBP_CHF,2022-09-27 00:00:00,2022-09-27 04:00:00,0,0.8058624385,0.1941375615
878,GBP_JPY,2022-09-27 00:00:00,2022-09-27 04:00:00,1,0.03838423036,0.9616157696
879,GBP_USD,2022-09-27 00:00:00,2022-09-27 04:00:00,1,0.01793267657,0.9820673234
880,CAD_CHF,2022-09-27 04:00:00,2022-09-27 08:00:00,0,0.9924445508,0.007555449189
881,NZD_JPY,2022-09-27 08:00:00,2022-09-27 12:00:00,0,0.9918917391,0.00810826092
882,EUR_GBP,2022-09-27 16:00:00,2022-09-27 20:00:00,0,0.9987941777,0.001205822251
883,GBP_AUD,2022-09-28 20:00:00,2022-09-29 00:00:00,0,0.9348701732,0.06512982675
884,AUD_USD,2022-09-30 00:00:00,2022-09-30 04:00:00,0,0.994282083,0.005717916968
885,GBP_NZD,2022-09-30 16:00:00,2022-09-30 20:00:00,0,0.9893801778,0.01061982222
886,EUR_GBP,2022-10-03 00:00:00,2022-10-03 04:00:00,0,0.9982284153,0.001771584694
887,NZD_JPY,2022-10-03 04:00:00,2022-10-03 08:00:00,1,0.01194743876,0.9880525612
888,NZD_USD,2022-10-03 04:00:00,2022-10-03 08:00:00,0,0.9748689369,0.02513106313
889,CHF_JPY,2022-10-04 04:00:00,2022-10-04 08:00:00,0,0.9780124665,0.02198753355
890,EUR_JPY,2022-10-04 04:00:00,2022-10-04 08:00:00,0,0.9912743517,0.008725648297
891,NZD_CAD,2022-10-05 04:00:00,2022-10-05 08:00:00,0,0.9905398563,0.00946014374
892,AUD_CHF,2022-10-05 20:00:00,2022-10-06 00:00:00,0,0.9924472767,0.007552723269
893,NZD_CHF,2022-10-05 20:00:00,2022-10-06 00:00:00,0,0.9139368251,0.08606317492
894,EUR_CHF,2022-10-06 00:00:00,2022-10-06 04:00:00,0,0.9977173701,0.002282629908
895,EUR_USD,2022-10-06 00:00:00,2022-10-06 04:00:00,0,0.95863283,0.04136717004
896,CAD_CHF,2022-10-06 04:00:00,2022-10-06 08:00:00,1,0.03574700923,0.9642529908
897,EUR_GBP,2022-10-06 08:00:00,2022-10-06 12:00:00,0,0.9966280282,0.003371971796
898,EUR_JPY,2022-10-11 00:00:00,2022-10-11 04:00:00,0,0.9555526857,0.04444731427
899,NZD_CHF,2022-10-11 12:00:00,2022-10-11 16:00:00,1,0.02592971105,0.9740702889
900,GBP_CHF,2022-10-11 16:00:00,2022-10-11 20:00:00,0,0.9656883178,0.03431168222
901,AUD_JPY,2022-10-12 04:00:00,2022-10-12 08:00:00,0,0.997419776,0.002580224014
902,USD_JPY,2022-10-12 12:00:00,2022-10-12 16:00:00,1,0.03287173831,0.9671282617
903,USD_CHF,2022-10-12 16:00:00,2022-10-12 20:00:00,0,0.9471594791,0.05284052091
904,EUR_CHF,2022-10-13 00:00:00,2022-10-13 04:00:00,0,0.94141816,0.05858183997
905,AUD_CAD,2022-10-13 20:00:00,2022-10-14 00:00:00,1,0.0223186783,0.9776813217
906,AUD_CHF,2022-10-13 20:00:00,2022-10-14 00:00:00,0,0.9975797206,0.002420279448
907,AUD_USD,2022-10-13 20:00:00,2022-10-14 00:00:00,0,0.9564000362,0.04359996377
908,NZD_CAD,2022-10-13 20:00:00,2022-10-14 00:00:00,1,0.03076519742,0.9692348026
909,NZD_USD,2022-10-13 20:00:00,2022-10-14 00:00:00,1,0.02963032955,0.9703696705
910,EUR_GBP,2022-10-14 08:00:00,2022-10-14 12:00:00,0,0.978627586,0.021372414
911,EUR_USD,2022-10-17 00:00:00,2022-10-17 04:00:00,1,0.02333078956,0.9766692104
912,GBP_CHF,2022-10-17 08:00:00,2022-10-17 12:00:00,0,0.9965009588,0.00349904119
913,EUR_CAD,2022-10-21 08:00:00,2022-10-21 12:00:00,0,0.9786126743,0.02138732573
914,CAD_JPY,2022-10-24 00:00:00,2022-10-24 04:00:00,0,0.9879792425,0.01202075752
915,AUD_NZD,2022-10-25 00:00:00,2022-10-25 04:00:00,0,0.9997398999,0.0002601000951
916,AUD_USD,2022-10-25 00:00:00,2022-10-25 04:00:00,1,0.03539273104,0.964607269
917,EUR_NZD,2022-10-26 00:00:00,2022-10-26 04:00:00,0,0.9985466618,0.001453338173
918,EUR_AUD,2022-10-28 00:00:00,2022-10-28 04:00:00,0,0.9998088143,0.0001911857241
919,USD_JPY,2022-10-28 00:00:00,2022-10-28 04:00:00,0,0.9989910322,0.001008967757
920,AUD_CHF,2022-10-31 00:00:00,2022-10-31 04:00:00,0,0.9658549542,0.03414504582
921,CAD_JPY,2022-10-31 00:00:00,2022-10-31 04:00:00,0,0.9983946384,0.00160536164
922,USD_CAD,2022-10-31 08:00:00,2022-10-31 12:00:00,0,0.9928033137,0.007196686261
923,USD_CHF,2022-10-31 08:00:00,2022-10-31 12:00:00,0,0.9967931952,0.003206804805
924,CAD_JPY,2022-11-03 08:00:00,2022-11-03 12:00:00,0,0.9614691456,0.0385308544
925,EUR_AUD,2022-11-07 00:00:00,2022-11-07 04:00:00,0,0.9946704754,0.005329524648
926,AUD_CHF,2022-11-07 08:00:00,2022-11-07 12:00:00,0,0.9999266562,7.334384293e-05
927,GBP_NZD,2022-11-07 08:00:00,2022-11-07 12:00:00,0,0.9471933234,0.05280667656
928,EUR_CAD,2022-11-07 16:00:00,2022-11-07 20:00:00,1,0.0265866482,0.9734133518
929,EUR_NZD,2022-11-10 00:00:00,2022-11-10 04:00:00,0,0.9987590305,0.001240969474
930,AUD_CHF,2022-11-11 04:00:00,2022-11-11 08:00:00,0,0.9928606315,0.007139368525
931,CHF_JPY,2022-11-11 20:00:00,2022-11-14 00:00:00,0,0.9981415401,0.00185845995
932,AUD_NZD,2022-11-14 08:00:00,2022-11-14 12:00:00,0,0.9994706073,0.0005293927234
933,CAD_JPY,2022-11-14 08:00:00,2022-11-14 12:00:00,0,0.9985272206,0.001472779375
934,USD_JPY,2022-11-16 00:00:00,2022-11-16 04:00:00,0,0.9786147456,0.02138525438
935,USD_CAD,2022-11-17 00:00:00,2022-11-17 04:00:00,0,0.8292811044,0.1707188956
936,CHF_JPY,2022-11-23 00:00:00,2022-11-23 04:00:00,0,0.9432206768,0.05677932319
937,GBP_JPY,2022-11-23 00:00:00,2022-11-23 04:00:00,0,0.9964707513,0.003529248686
938,GBP_USD,2022-11-24 00:00:00,2022-11-24 04:00:00,0,0.9866617818,0.01333821816
939,EUR_NZD,2022-11-24 04:00:00,2022-11-24 08:00:00,0,0.99375911,0.006240890041
940,AUD_NZD,2022-11-25 00:00:00,2022-11-25 04:00:00,0,0.9970223683,0.002977631693
941,USD_CHF,2022-11-25 00:00:00,2022-11-25 04:00:00,0,0.9435401398,0.05645986022
942,CAD_JPY,2022-11-25 08:00:00,2022-11-25 12:00:00,0,0.9981534781,0.001846521924
943,EUR_AUD,2022-11-30 00:00:00,2022-11-30 04:00:00,0,0.9547762962,0.04522370377
944,GBP_AUD,2022-11-30 00:00:00,2022-11-30 04:00:00,0,0.9893814144,0.01061858564
945,GBP_CHF,2022-11-30 00:00:00,2022-11-30 04:00:00,0,0.8860010448,0.1139989552
946,AUD_CHF,2022-12-02 04:00:00,2022-12-02 08:00:00,0,0.9995671732,0.0004328267702
947,EUR_GBP,2022-12-02 04:00:00,2022-12-02 08:00:00,1,0.03501780266,0.9649821973
948,GBP_JPY,2022-12-02 16:00:00,2022-12-02 20:00:00,0,0.9741406343,0.02585936569
949,GBP_USD,2022-12-05 00:00:00,2022-12-05 04:00:00,0,0.9920212917,0.007978708252
950,NZD_JPY,2022-12-05 00:00:00,2022-12-05 04:00:00,0,0.9817362407,0.01826375934
951,USD_JPY,2022-12-05 08:00:00,2022-12-05 12:00:00,0,0.8186027137,0.1813972863
952,CHF_JPY,2022-12-05 16:00:00,2022-12-05 20:00:00,0,0.9441921669,0.0558078331
953,EUR_AUD,2022-12-06 12:00:00,2022-12-06 16:00:00,0,0.9821752465,0.01782475354
954,GBP_AUD,2022-12-06 16:00:00,2022-12-06 20:00:00,0,0.9844612824,0.01553871756
955,CAD_JPY,2022-12-06 20:00:00,2022-12-07 00:00:00,0,0.985437731,0.01456226896
956,EUR_NZD,2022-12-08 00:00:00,2022-12-08 04:00:00,0,0.999331756,0.0006682440025
957,USD_CHF,2022-12-08 00:00:00,2022-12-08 04:00:00,0,0.971709614,0.02829038602
958,CAD_CHF,2022-12-08 08:00:00,2022-12-08 12:00:00,0,0.9989462469,0.001053753096
959,GBP_NZD,2022-12-08 16:00:00,2022-12-08 20:00:00,0,0.9962560162,0.003743983806
960,NZD_CAD,2022-12-09 12:00:00,2022-12-09 16:00:00,0,0.9889741011,0.01102589891
961,EUR_AUD,2022-12-12 00:00:00,2022-12-12 04:00:00,0,0.8637757566,0.1362242434
962,AUD_CAD,2022-12-12 08:00:00,2022-12-12 12:00:00,0,0.9930924641,0.006907535864
963,EUR_CHF,2022-12-12 08:00:00,2022-12-12 12:00:00,0,0.9667724254,0.0332275746
964,GBP_USD,2022-12-12 08:00:00,2022-12-12 12:00:00,0,0.9931038371,0.006896162851
965,GBP_CHF,2022-12-13 04:00:00,2022-12-13 08:00:00,0,0.9668149198,0.03318508017
966,GBP_AUD,2022-12-14 00:00:00,2022-12-14 04:00:00,0,0.9854186567,0.01458134328
967,GBP_NZD,2022-12-14 00:00:00,2022-12-14 04:00:00,0,0.9977293004,0.002270699592
968,GBP_CAD,2022-12-14 04:00:00,2022-12-14 08:00:00,0,0.9889870881,0.01101291193
969,AUD_CHF,2022-12-14 08:00:00,2022-12-14 12:00:00,0,0.993469233,0.006530766972
970,AUD_JPY,2022-12-14 08:00:00,2022-12-14 12:00:00,0,0.9678469322,0.03215306783
971,EUR_NZD,2022-12-14 08:00:00,2022-12-14 12:00:00,1,0.03108207036,0.9689179296
972,NZD_USD,2022-12-14 08:00:00,2022-12-14 12:00:00,0,0.9995975098,0.0004024902391
973,EUR_JPY,2022-12-14 20:00:00,2022-12-15 00:00:00,0,0.9831063609,0.01689363913
974,USD_CHF,2022-12-15 16:00:00,2022-12-15 20:00:00,0,0.8609549192,0.1390450808
975,GBP_CHF,2022-12-19 00:00:00,2022-12-19 04:00:00,0,0.999062064,0.0009379359928
976,CAD_JPY,2022-12-20 00:00:00,2022-12-20 04:00:00,0,0.9987035697,0.001296430284
977,AUD_NZD,2022-12-20 16:00:00,2022-12-20 20:00:00,1,0.01962924403,0.980370756
978,GBP_USD,2022-12-20 20:00:00,2022-12-21 00:00:00,0,0.9972253216,0.002774678362
979,AUD_CAD,2022-12-21 12:00:00,2022-12-21 16:00:00,1,0.01540213152,0.9845978685
980,AUD_CHF,2022-12-22 00:00:00,2022-12-22 04:00:00,1,0.06365415727,0.9363458427
981,EUR_USD,2022-12-22 00:00:00,2022-12-22 04:00:00,0,0.9986506648,0.001349335237
982,AUD_JPY,2022-12-26 08:00:00,2022-12-26 12:00:00,0,0.9757568263,0.02424317374
983,CAD_JPY,2022-12-26 08:00:00,2022-12-26 12:00:00,0,0.9997595887,0.0002404113123
984,CHF_JPY,2022-12-26 08:00:00,2022-12-26 12:00:00,0,0.9926549387,0.007345061319
985,EUR_JPY,2022-12-26 08:00:00,2022-12-26 12:00:00,0,0.9963251662,0.0036748338
986,GBP_JPY,2022-12-26 08:00:00,2022-12-26 12:00:00,0,0.9933472871,0.006652712901
988,USD_JPY,2022-12-26 08:00:00,2022-12-26 12:00:00,0,0.993142607,0.006857392951
987,NZD_JPY,2022-12-26 08:00:00,2022-12-26 16:00:00,0,0.9935553943,0.006444605713
989,CAD_CHF,2022-12-27 00:00:00,2022-12-27 04:00:00,0,0.9761613236,0.02383867636
990,NZD_USD,2022-12-27 00:00:00,2022-12-27 04:00:00,0,0.9959893445,0.004010655456
991,GBP_CAD,2022-12-28 08:00:00,2022-12-28 12:00:00,0,0.9984931119,0.001506888079
992,GBP_CHF,2022-12-28 08:00:00,2022-12-28 12:00:00,0,0.9941563301,0.005843669948
993,NZD_CAD,2022-12-29 00:00:00,2022-12-29 04:00:00,0,0.9809241248,0.01907587523
994,GBP_USD,2022-12-29 08:00:00,2022-12-29 12:00:00,0,0.991913687,0.008086313008
995,GBP_AUD,2022-12-30 00:00:00,2022-12-30 04:00:00,0,0.9946188241,0.0053811759
996,GBP_CHF,2023-01-02 16:00:00,2023-01-02 20:00:00,1,0.01760826965,0.9823917304
997,USD_CHF,2023-01-02 16:00:00,2023-01-02 20:00:00,0,0.9817689588,0.01823104117
998,GBP_USD,2023-01-04 00:00:00,2023-01-04 04:00:00,0,0.9965297817,0.003470218277
999,NZD_CAD,2023-01-04 00:00:00,2023-01-04 04:00:00,0,0.9975689743,0.002431025712
1000,CAD_JPY,2023-01-04 08:00:00,2023-01-04 12:00:00,0,0.9334209216,0.0665790784
1001,CHF_JPY,2023-01-04 08:00:00,2023-01-04 12:00:00,0,0.9957397461,0.004260253885
1002,GBP_NZD,2023-01-04 16:00:00,2023-01-04 20:00:00,0,0.8374865079,0.1625134921
1003,EUR_USD,2023-01-05 00:00:00,2023-01-05 04:00:00,0,0.9980838121,0.001916187858
1004,AUD_JPY,2023-01-06 00:00:00,2023-01-06 04:00:00,0,0.976710349,0.02328965095
1005,CAD_CHF,2023-01-06 00:00:00,2023-01-06 04:00:00,0,0.9879565819,0.01204341806
1006,EUR_JPY,2023-01-06 00:00:00,2023-01-06 04:00:00,0,0.9489390105,0.0510609895
1007,NZD_CHF,2023-01-06 04:00:00,2023-01-06 08:00:00,1,0.01447948154,0.9855205185
1008,GBP_JPY,2023-01-10 08:00:00,2023-01-10 12:00:00,0,0.9347231907,0.06527680935
1009,USD_JPY,2023-01-11 00:00:00,2023-01-11 04:00:00,0,0.9997377492,0.0002622508009
1010,EUR_AUD,2023-01-11 12:00:00,2023-01-11 16:00:00,0,0.9990358509,0.0009641491203
1011,EUR_CAD,2023-01-11 16:00:00,2023-01-11 20:00:00,0,0.9717734457,0.02822655426
1012,GBP_CAD,2023-01-12 00:00:00,2023-01-12 04:00:00,0,0.901351657,0.09864834304
1013,GBP_AUD,2023-01-12 08:00:00,2023-01-12 12:00:00,0,0.9990815533,0.0009184466624
1014,NZD_CAD,2023-01-13 20:00:00,2023-01-16 00:00:00,0,0.9101237505,0.0898762495
1015,EUR_USD,2023-01-16 00:00:00,2023-01-16 04:00:00,0,0.9954615166,0.004538483377
1016,CHF_JPY,2023-01-16 08:00:00,2023-01-16 12:00:00,1,0.01372729189,0.9862727081
1017,EUR_JPY,2023-01-16 08:00:00,2023-01-16 12:00:00,1,0.0139746909,0.9860253091
1018,NZD_JPY,2023-01-16 08:00:00,2023-01-16 12:00:00,0,0.8244210651,0.1755789349
1019,CAD_JPY,2023-01-16 16:00:00,2023-01-16 20:00:00,0,0.9983890751,0.001610924922
1020,USD_CAD,2023-01-16 20:00:00,2023-01-17 00:00:00,0,0.9971541968,0.002845803232
1021,GBP_JPY,2023-01-17 00:00:00,2023-01-17 04:00:00,1,0.02661294504,0.973387055
1022,USD_JPY,2023-01-17 00:00:00,2023-01-17 04:00:00,1,0.04038644842,0.9596135516
1023,AUD_JPY,2023-01-18 00:00:00,2023-01-18 04:00:00,0,0.9842341516,0.01576584839
1024,NZD_USD,2023-01-18 00:00:00,2023-01-18 04:00:00,0,0.9823339089,0.01766609114
1025,CAD_CHF,2023-01-20 00:00:00,2023-01-20 04:00:00,0,0.9622053846,0.03779461537
1026,USD_CHF,2023-01-20 04:00:00,2023-01-20 08:00:00,0,0.9992506294,0.0007493706216
1027,AUD_USD,2023-01-23 08:00:00,2023-01-23 12:00:00,0,0.9649980026,0.03500199738
1028,NZD_USD,2023-01-23 08:00:00,2023-01-23 12:00:00,0,0.9972990248,0.002700975247
1029,EUR_USD,2023-01-24 00:00:00,2023-01-24 04:00:00,0,0.985837445,0.01416255498
1030,AUD_JPY,2023-01-25 00:00:00,2023-01-25 04:00:00,0,0.9898419391,0.01015806087
1031,CAD_JPY,2023-01-25 00:00:00,2023-01-25 04:00:00,0,0.9450146264,0.05498537363
1032,GBP_AUD,2023-01-31 00:00:00,2023-01-31 04:00:00,0,0.996791642,0.003208358021
1033,EUR_GBP,2023-02-01 08:00:00,2023-02-01 12:00:00,0,0.9327132661,0.06728673387
1034,USD_CAD,2023-02-01 16:00:00,2023-02-01 20:00:00,0,0.9878708933,0.01212910671
1035,AUD_JPY,2023-02-02 08:00:00,2023-02-02 12:00:00,0,0.978104593,0.02189540696
1036,CAD_JPY,2023-02-02 08:00:00,2023-02-02 12:00:00,0,0.9887352912,0.01126470885
1037,GBP_NZD,2023-02-06 08:00:00,2023-02-06 12:00:00,1,0.0256134414,0.9743865586
1038,CAD_JPY,2023-02-08 00:00:00,2023-02-08 04:00:00,0,0.9973979681,0.002602031892
1039,EUR_USD,2023-02-08 08:00:00,2023-02-08 12:00:00,0,0.9976041077,0.002395892285
1040,GBP_CAD,2023-02-08 08:00:00,2023-02-08 12:00:00,0,0.9986080373,0.00139196269
1041,GBP_USD,2023-02-08 08:00:00,2023-02-08 12:00:00,0,0.9993291501,0.0006708499245
1042,EUR_NZD,2023-02-08 16:00:00,2023-02-08 20:00:00,0,0.9703077602,0.02969223981
1043,EUR_CAD,2023-02-09 00:00:00,2023-02-09 04:00:00,0,0.9992145144,0.0007854855722
1044,NZD_CAD,2023-02-09 00:00:00,2023-02-09 04:00:00,0,0.9954550919,0.004544908066
1045,NZD_USD,2023-02-09 00:00:00,2023-02-09 04:00:00,0,0.9788092545,0.02119074547
1046,AUD_JPY,2023-02-10 16:00:00,2023-02-10 20:00:00,0,0.9983764676,0.001623532356
1047,AUD_USD,2023-02-13 08:00:00,2023-02-13 12:00:00,0,0.9986600198,0.001339980173
1048,EUR_AUD,2023-02-14 00:00:00,2023-02-14 04:00:00,1,0.03654427598,0.963455724
1049,EUR_NZD,2023-02-14 00:00:00,2023-02-14 04:00:00,1,0.03570057679,0.9642994232
1050,GBP_AUD,2023-02-14 00:00:00,2023-02-14 04:00:00,1,0.06371048801,0.936289512
1051,GBP_CAD,2023-02-14 00:00:00,2023-02-14 04:00:00,0,0.9183863158,0.08161368423
1052,EUR_CHF,2023-02-14 08:00:00,2023-02-14 12:00:00,1,0.02637031667,0.9736296833
1053,CAD_JPY,2023-02-14 12:00:00,2023-02-14 16:00:00,0,0.9866226584,0.01337734156
1054,EUR_CAD,2023-02-15 08:00:00,2023-02-15 12:00:00,1,0.02762900895,0.9723709911
1055,USD_CAD,2023-02-17 00:00:00,2023-02-17 04:00:00,0,0.9935977326,0.006402267357
1056,AUD_USD,2023-02-20 04:00:00,2023-02-20 08:00:00,0,0.998075448,0.001924552005
1057,NZD_CAD,2023-02-21 00:00:00,2023-02-21 04:00:00,0,0.9998200821,0.0001799178856
1058,USD_CHF,2023-02-21 00:00:00,2023-02-21 04:00:00,0,0.9895899943,0.01041000571
1059,GBP_USD,2023-02-21 08:00:00,2023-02-21 12:00:00,0,0.9502147489,0.04978525107
1060,EUR_USD,2023-02-23 04:00:00,2023-02-23 08:00:00,0,0.9749818974,0.02501810265
1061,GBP_CHF,2023-02-23 08:00:00,2023-02-23 12:00:00,0,0.932369528,0.06763047197
1062,AUD_CAD,2023-02-24 00:00:00,2023-02-24 04:00:00,0,0.9997108399,0.0002891601427
1063,AUD_CHF,2023-02-24 00:00:00,2023-02-24 04:00:00,0,0.9984470273,0.001552972674
1064,AUD_USD,2023-02-24 00:00:00,2023-02-24 04:00:00,0,0.9957550598,0.004244940206
1065,NZD_CHF,2023-02-24 00:00:00,2023-02-24 04:00:00,0,0.9971065743,0.002893425657
1066,NZD_USD,2023-02-24 00:00:00,2023-02-24 04:00:00,0,0.9865295211,0.01347047893
1067,GBP_CAD,2023-02-27 08:00:00,2023-02-27 12:00:00,1,0.02039216528,0.9796078347
1068,AUD_CAD,2023-03-03 00:00:00,2023-03-03 04:00:00,0,0.9966121191,0.00338788086
1069,AUD_CHF,2023-03-03 00:00:00,2023-03-03 04:00:00,0,0.9982285314,0.001771468631
1070,AUD_USD,2023-03-03 00:00:00,2023-03-03 04:00:00,0,0.9974388886,0.002561111398
1071,NZD_CHF,2023-03-03 00:00:00,2023-03-03 04:00:00,0,0.9995344568,0.000465543167
1072,NZD_USD,2023-03-03 00:00:00,2023-03-03 04:00:00,0,0.9929884535,0.007011546545
1073,NZD_CAD,2023-03-03 12:00:00,2023-03-03 16:00:00,0,0.9894892258,0.01051077418
1074,EUR_USD,2023-03-07 00:00:00,2023-03-07 04:00:00,0,0.9963946858,0.003605314211
1075,NZD_USD,2023-03-13 12:00:00,2023-03-13 16:00:00,0,0.889826274,0.110173726
1076,NZD_CHF,2023-03-13 16:00:00,2023-03-13 20:00:00,0,0.9908070904,0.009192909644
1077,EUR_JPY,2023-03-14 08:00:00,2023-03-14 12:00:00,0,0.9859936049,0.01400639511
1078,AUD_CAD,2023-03-14 20:00:00,2023-03-15 00:00:00,0,0.8562008699,0.1437991301
1079,AUD_JPY,2023-03-15 00:00:00,2023-03-15 04:00:00,0,0.9961749524,0.00382504765
1080,USD_JPY,2023-03-15 20:00:00,2023-03-16 00:00:00,0,0.9953464555,0.004653544515
1081,AUD_USD,2023-03-16 00:00:00,2023-03-16 04:00:00,1,0.01251324407,0.9874867559
1082,NZD_CAD,2023-03-16 08:00:00,2023-03-16 12:00:00,0,0.9673939756,0.03260602438
1083,CAD_CHF,2023-03-16 16:00:00,2023-03-16 20:00:00,0,0.9493073142,0.05069268583
1084,AUD_CHF,2023-03-17 00:00:00,2023-03-17 04:00:00,0,0.9677625419,0.03223745806
1085,EUR_USD,2023-03-17 00:00:00,2023-03-17 04:00:00,1,0.0332356276,0.9667643724
1086,CAD_JPY,2023-03-20 00:00:00,2023-03-20 04:00:00,0,0.9897090146,0.01029098535
1087,EUR_GBP,2023-03-20 00:00:00,2023-03-20 04:00:00,0,0.8099559281,0.1900440719
1088,EUR_JPY,2023-03-20 00:00:00,2023-03-20 04:00:00,0,0.9967034903,0.003296509717
1089,GBP_JPY,2023-03-20 00:00:00,2023-03-20 04:00:00,0,0.9985027437,0.001497256279
1090,USD_CHF,2023-03-20 08:00:00,2023-03-20 12:00:00,0,0.9896267431,0.01037325693
1091,AUD_JPY,2023-03-21 08:00:00,2023-03-21 12:00:00,0,0.9956128365,0.004387163524
1092,CHF_JPY,2023-03-21 08:00:00,2023-03-21 12:00:00,1,0.02116940537,0.9788305946
1093,USD_JPY,2023-03-21 08:00:00,2023-03-21 12:00:00,0,0.9989858672,0.001014132755
1094,EUR_CHF,2023-03-22 04:00:00,2023-03-22 08:00:00,0,0.9954507344,0.004549265601
1095,GBP_CHF,2023-03-22 04:00:00,2023-03-22 08:00:00,0,0.98536551,0.01463449002
1096,NZD_JPY,2023-03-22 08:00:00,2023-03-22 12:00:00,0,0.997813151,0.002186849048
1097,AUD_CHF,2023-03-23 04:00:00,2023-03-23 08:00:00,0,0.8663586639,0.1336413361
1098,GBP_USD,2023-03-23 04:00:00,2023-03-23 08:00:00,0,0.9957893188,0.004210681192
1099,NZD_USD,2023-03-23 04:00:00,2023-03-23 08:00:00,0,0.9837592737,0.01624072625
1100,AUD_JPY,2023-03-27 08:00:00,2023-03-27 12:00:00,1,0.008033728857,0.9919662711
1101,CAD_JPY,2023-03-27 08:00:00,2023-03-27 12:00:00,1,0.03236194026,0.9676380597
1102,EUR_JPY,2023-03-27 08:00:00,2023-03-27 12:00:00,1,0.03503672234,0.9649632777
1103,GBP_JPY,2023-03-27 08:00:00,2023-03-27 12:00:00,1,0.01984367202,0.980156328
1104,NZD_JPY,2023-03-27 16:00:00,2023-03-27 20:00:00,1,0.03435241526,0.9656475847
1105,AUD_NZD,2023-03-28 00:00:00,2023-03-28 04:00:00,0,0.978710267,0.02128973304
1106,AUD_CHF,2023-03-28 16:00:00,2023-03-28 20:00:00,0,0.9524640832,0.04753591677
1107,NZD_USD,2023-03-30 16:00:00,2023-03-30 20:00:00,0,0.9430193876,0.05698061243
1108,AUD_CAD,2023-03-31 00:00:00,2023-03-31 04:00:00,0,0.9928938021,0.007106197947
1109,EUR_CHF,2023-03-31 08:00:00,2023-03-31 12:00:00,0,0.9989939238,0.001006076189
1110,USD_CHF,2023-03-31 08:00:00,2023-03-31 12:00:00,0,0.9994702554,0.0005297445852
1111,USD_JPY,2023-03-31 08:00:00,2023-03-31 12:00:00,0,0.9781323904,0.02186760955
1112,AUD_CHF,2023-04-03 08:00:00,2023-04-03 12:00:00,0,0.994852052,0.005147947958
1113,CAD_CHF,2023-04-03 08:00:00,2023-04-03 12:00:00,0,0.993407786,0.00659221401
1114,AUD_NZD,2023-04-05 00:00:00,2023-04-05 04:00:00,0,0.9858498454,0.01415015459
1115,USD_JPY,2023-04-06 08:00:00,2023-04-06 12:00:00,1,0.0299022831,0.9700977169
1116,EUR_CHF,2023-04-06 16:00:00,2023-04-06 20:00:00,0,0.999056394,0.0009436060154
1117,EUR_AUD,2023-04-12 00:00:00,2023-04-12 04:00:00,0,0.9667330328,0.03326696718
1118,GBP_USD,2023-04-12 00:00:00,2023-04-12 04:00:00,0,0.9809667403,0.01903325967
1119,AUD_NZD,2023-04-12 04:00:00,2023-04-12 08:00:00,0,0.9497350444,0.05026495561
1120,EUR_NZD,2023-04-13 00:00:00,2023-04-13 04:00:00,0,0.9954738856,0.004526114425
1121,AUD_CAD,2023-04-13 04:00:00,2023-04-13 08:00:00,0,0.9967848682,0.003215131769
1122,NZD_CAD,2023-04-13 08:00:00,2023-04-13 12:00:00,0,0.9802783627,0.01972163726
1123,CAD_CHF,2023-04-17 00:00:00,2023-04-17 04:00:00,0,0.9977862477,0.002213752251
1124,AUD_CHF,2023-04-17 16:00:00,2023-04-17 20:00:00,0,0.9990601087,0.0009398913077
1125,NZD_USD,2023-04-18 00:00:00,2023-04-18 04:00:00,0,0.9996668835,0.0003331165413
1126,EUR_CHF,2023-04-18 08:00:00,2023-04-18 12:00:00,0,0.9959036425,0.00409635748
1127,GBP_CHF,2023-04-18 08:00:00,2023-04-18 12:00:00,0,0.9992224487,0.0007775513139
1128,EUR_AUD,2023-04-18 16:00:00,2023-04-18 20:00:00,1,0.02069082654,0.9793091735
1129,AUD_CAD,2023-04-19 00:00:00,2023-04-19 04:00:00,0,0.9980115905,0.001988409503
1130,NZD_CAD,2023-04-19 00:00:00,2023-04-19 04:00:00,0,0.8580325002,0.1419674998
1131,GBP_AUD,2023-04-20 00:00:00,2023-04-20 04:00:00,0,0.9963301542,0.003669845753
1132,GBP_USD,2023-04-24 08:00:00,2023-04-24 12:00:00,0,0.9959526728,0.004047327186
1133,GBP_CAD,2023-04-25 08:00:00,2023-04-25 12:00:00,0,0.9552375917,0.04476240831
1134,GBP_AUD,2023-04-25 16:00:00,2023-04-25 20:00:00,0,0.996361863,0.003638137006
1135,NZD_CHF,2023-04-25 16:00:00,2023-04-25 20:00:00,0,0.9953385032,0.004661496785
1136,GBP_NZD,2023-04-26 04:00:00,2023-04-26 08:00:00,0,0.9991678023,0.000832197669
1137,EUR_CHF,2023-04-26 08:00:00,2023-04-26 12:00:00,0,0.9993710846,0.0006289153869
1138,GBP_CHF,2023-04-26 08:00:00,2023-04-26 12:00:00,1,0.03922773562,0.9607722644
1139,CAD_CHF,2023-04-27 08:00:00,2023-04-27 12:00:00,0,0.9996285031,0.0003714969028
1140,USD_CHF,2023-04-27 08:00:00,2023-04-27 12:00:00,0,0.9998176822,0.0001823178288
1141,EUR_CAD,2023-04-28 00:00:00,2023-04-28 04:00:00,0,0.9996744626,0.0003255374024
1142,USD_CAD,2023-04-28 04:00:00,2023-04-28 08:00:00,0,0.9960978093,0.003902190716
1143,NZD_USD,2023-05-03 00:00:00,2023-05-03 04:00:00,0,0.9556727744,0.04432722557
1144,CAD_CHF,2023-05-05 08:00:00,2023-05-05 12:00:00,1,0.01626484554,0.9837351545
1145,NZD_CHF,2023-05-08 08:00:00,2023-05-08 12:00:00,0,0.9701528979,0.02984710212
1146,USD_CHF,2023-05-09 08:00:00,2023-05-09 12:00:00,0,0.8948901173,0.1051098827
1147,GBP_NZD,2023-05-09 16:00:00,2023-05-09 20:00:00,0,0.9875965764,0.01240342358
1148,USD_CAD,2023-05-10 08:00:00,2023-05-10 12:00:00,0,0.9191815348,0.08081846522
1149,AUD_CAD,2023-05-11 00:00:00,2023-05-11 04:00:00,0,0.951424701,0.04857529896
1150,AUD_CHF,2023-05-11 00:00:00,2023-05-11 04:00:00,0,0.9996950044,0.0003049956315
1151,EUR_AUD,2023-05-11 16:00:00,2023-05-11 20:00:00,0,0.9488658644,0.0511341356
1152,AUD_USD,2023-05-12 00:00:00,2023-05-12 04:00:00,0,0.9990630483,0.0009369516926
1153,EUR_GBP,2023-05-16 00:00:00,2023-05-16 04:00:00,0,0.9906712764,0.009328723613
1154,EUR_USD,2023-05-16 00:00:00,2023-05-16 04:00:00,0,0.9875583363,0.01244166368
1155,EUR_NZD,2023-05-16 08:00:00,2023-05-16 12:00:00,0,0.998121976,0.001878023973
1156,NZD_USD,2023-05-17 00:00:00,2023-05-17 04:00:00,0,0.9934835154,0.006516484612
1157,EUR_CHF,2023-05-17 08:00:00,2023-05-17 12:00:00,0,0.9978914083,0.002108591672
1158,CHF_JPY,2023-05-17 16:00:00,2023-05-17 20:00:00,1,0.02252352299,0.977476477
1159,NZD_CHF,2023-05-22 16:00:00,2023-05-22 20:00:00,0,0.9977167579,0.002283242138
1160,AUD_CHF,2023-05-23 00:00:00,2023-05-23 04:00:00,0,0.9953189317,0.004681068298
1161,CAD_JPY,2023-05-23 00:00:00,2023-05-23 04:00:00,1,0.02212068927,0.9778793107
1162,GBP_AUD,2023-05-23 16:00:00,2023-05-23 20:00:00,0,0.9585784564,0.04142154362
1163,GBP_JPY,2023-05-23 16:00:00,2023-05-23 20:00:00,1,0.03471296919,0.9652870308
1164,GBP_USD,2023-05-24 00:00:00,2023-05-24 04:00:00,0,0.9993618099,0.0006381900827
1165,EUR_AUD,2023-05-24 04:00:00,2023-05-24 08:00:00,0,0.9778228602,0.02217713978
1166,EUR_CHF,2023-05-24 04:00:00,2023-05-24 08:00:00,0,0.9975881207,0.002411879294
1167,EUR_NZD,2023-05-24 04:00:00,2023-05-24 08:00:00,0,0.9836266539,0.01637334608
1168,EUR_USD,2023-05-24 04:00:00,2023-05-24 08:00:00,0,0.9968726428,0.003127357202
1169,GBP_NZD,2023-05-24 16:00:00,2023-05-24 20:00:00,1,0.01619636359,0.9838036364
1170,AUD_NZD,2023-05-25 00:00:00,2023-05-25 04:00:00,1,0.02241208987,0.9775879101
1171,USD_CAD,2023-05-25 04:00:00,2023-05-25 08:00:00,0,0.9454346274,0.05456537263
1172,EUR_JPY,2023-05-25 16:00:00,2023-05-25 20:00:00,0,0.9683379739,0.03166202605
1173,AUD_JPY,2023-05-26 08:00:00,2023-05-26 12:00:00,0,0.9697415073,0.03025849273
1174,AUD_CAD,2023-05-29 00:00:00,2023-05-29 04:00:00,0,0.9760118831,0.02398811692
1175,AUD_USD,2023-05-29 00:00:00,2023-05-29 04:00:00,0,0.9957164062,0.004283593793
1176,NZD_USD,2023-05-29 00:00:00,2023-05-29 04:00:00,0,0.9886858748,0.01131412517
1177,GBP_USD,2023-05-29 16:00:00,2023-05-29 20:00:00,1,0.02227836159,0.9777216384
1178,EUR_CHF,2023-05-30 16:00:00,2023-05-30 20:00:00,0,0.9992658625,0.000734137481
1179,EUR_CAD,2023-05-31 00:00:00,2023-05-31 04:00:00,0,0.9991416071,0.0008583929251
1180,GBP_CAD,2023-05-31 00:00:00,2023-05-31 04:00:00,0,0.9997597412,0.0002402587688
1181,AUD_CHF,2023-05-31 16:00:00,2023-05-31 20:00:00,1,0.02739959318,0.9726004068
1182,AUD_USD,2023-06-01 12:00:00,2023-06-01 16:00:00,0,0.9279140914,0.07208590863
1183,EUR_GBP,2023-06-02 08:00:00,2023-06-02 12:00:00,0,0.9979194828,0.002080517229
1184,USD_JPY,2023-06-05 08:00:00,2023-06-05 12:00:00,0,0.9950864093,0.004913590709
1185,NZD_CAD,2023-06-05 16:00:00,2023-06-05 20:00:00,0,0.9679906014,0.03200939856
1186,AUD_JPY,2023-06-06 16:00:00,2023-06-06 20:00:00,0,0.9837328153,0.01626718468
1187,EUR_USD,2023-06-07 00:00:00,2023-06-07 04:00:00,1,0.02218772947,0.9778122705
1188,NZD_USD,2023-06-07 00:00:00,2023-06-07 04:00:00,0,0.9054068691,0.09459313088
1189,AUD_CAD,2023-06-07 08:00:00,2023-06-07 12:00:00,0,0.9776926347,0.0223073653
1190,EUR_CAD,2023-06-09 00:00:00,2023-06-09 04:00:00,0,0.8784429432,0.1215570568
1191,EUR_JPY,2023-06-09 00:00:00,2023-06-09 04:00:00,1,0.04265526796,0.957344732
1192,GBP_CAD,2023-06-09 00:00:00,2023-06-09 04:00:00,1,0.02884218013,0.9711578199
1193,USD_CAD,2023-06-09 00:00:00,2023-06-09 04:00:00,0,0.9926795795,0.007320420529
1194,NZD_CAD,2023-06-12 08:00:00,2023-06-12 12:00:00,0,0.9643208026,0.0356791974
1195,NZD_CHF,2023-06-12 08:00:00,2023-06-12 12:00:00,0,0.9765653071,0.02343469286
1196,NZD_JPY,2023-06-12 08:00:00,2023-06-12 12:00:00,1,0.03888110328,0.9611188967
1197,NZD_USD,2023-06-12 08:00:00,2023-06-12 12:00:00,0,0.9691336226,0.03086637742
1198,GBP_AUD,2023-06-13 16:00:00,2023-06-13 20:00:00,1,0.01102908716,0.9889709128
1199,AUD_CAD,2023-06-15 04:00:00,2023-06-15 08:00:00,0,0.9916742599,0.008325740117
1200,USD_CAD,2023-06-15 04:00:00,2023-06-15 08:00:00,0,0.9990038933,0.0009961067394
1201,USD_JPY,2023-06-16 16:00:00,2023-06-16 20:00:00,0,0.9890279254,0.01097207464
1202,EUR_CAD,2023-06-19 00:00:00,2023-06-19 04:00:00,0,0.9843579558,0.01564204424
1203,EUR_GBP,2023-06-21 08:00:00,2023-06-21 12:00:00,0,0.9604502025,0.03954979753
1204,EUR_CHF,2023-06-22 08:00:00,2023-06-22 12:00:00,0,0.9979736964,0.00202630362
1205,GBP_CHF,2023-06-22 08:00:00,2023-06-22 12:00:00,0,0.9993732909,0.0006267091082
1206,EUR_AUD,2023-06-22 16:00:00,2023-06-22 20:00:00,1,0.02544725323,0.9745527468
1207,EUR_GBP,2023-06-27 00:00:00,2023-06-27 04:00:00,0,0.9409581807,0.05904181927
1208,EUR_CAD,2023-06-27 08:00:00,2023-06-27 12:00:00,1,0.01605198641,0.9839480136
1209,EUR_CHF,2023-06-28 08:00:00,2023-06-28 12:00:00,0,0.9975891735,0.002410826507
1210,USD_CAD,2023-06-29 04:00:00,2023-06-29 08:00:00,0,0.9835943776,0.01640562241
1211,NZD_USD,2023-06-30 04:00:00,2023-06-30 08:00:00,1,0.01223032206,0.9877696779
1212,GBP_CHF,2023-06-30 08:00:00,2023-06-30 12:00:00,0,0.9992578884,0.0007421115568
1213,AUD_CAD,2023-06-30 20:00:00,2023-07-03 00:00:00,0,0.9680302798,0.03196972024
1214,NZD_CAD,2023-07-04 00:00:00,2023-07-04 04:00:00,0,0.9696805254,0.0303194746
1215,USD_CAD,2023-07-06 12:00:00,2023-07-06 16:00:00,0,0.9725660105,0.02743398954
1216,EUR_GBP,2023-07-12 08:00:00,2023-07-12 12:00:00,0,0.8224038759,0.1775961241
1217,CHF_JPY,2023-07-17 08:00:00,2023-07-17 12:00:00,0,0.9949289976,0.005071002412
1218,USD_CAD,2023-07-18 08:00:00,2023-07-18 12:00:00,0,0.8199046633,0.1800953367
1219,USD_CHF,2023-07-19 16:00:00,2023-07-19 20:00:00,1,0.02699622586,0.9730037741
1220,CAD_CHF,2023-07-20 08:00:00,2023-07-20 12:00:00,0,0.9103012114,0.08969878856
1221,EUR_CHF,2023-07-20 08:00:00,2023-07-20 12:00:00,0,0.9899255377,0.01007446226
1222,EUR_NZD,2023-07-20 12:00:00,2023-07-20 16:00:00,0,0.9972282729,0.002771727124
1223,GBP_NZD,2023-07-21 00:00:00,2023-07-21 04:00:00,1,0.04094910918,0.9590508908
1224,GBP_JPY,2023-07-21 20:00:00,2023-07-24 00:00:00,0,0.9852105701,0.01478942989
1225,NZD_CHF,2023-07-24 16:00:00,2023-07-24 20:00:00,0,0.9977211852,0.002278814753
1226,GBP_CHF,2023-07-25 04:00:00,2023-07-25 08:00:00,0,0.9507262042,0.04927379583
1227,GBP_USD,2023-07-27 04:00:00,2023-07-27 08:00:00,0,0.9939850489,0.006014951141
1228,CAD_JPY,2023-07-27 12:00:00,2023-07-27 16:00:00,0,0.9995978066,0.0004021934386
1229,USD_CAD,2023-07-28 04:00:00,2023-07-28 08:00:00,0,0.9958128102,0.004187189813
1230,EUR_CHF,2023-07-28 16:00:00,2023-07-28 20:00:00,0,0.9942760658,0.005723934224
1231,EUR_NZD,2023-07-28 16:00:00,2023-07-28 20:00:00,0,0.9516164309,0.04838356908
1232,AUD_CHF,2023-07-31 00:00:00,2023-07-31 04:00:00,0,0.9520602246,0.04793977543
1233,AUD_JPY,2023-07-31 00:00:00,2023-07-31 04:00:00,0,0.9549542316,0.04504576836
1234,USD_JPY,2023-08-01 00:00:00,2023-08-01 04:00:00,1,0.01659597504,0.983404025
1235,CAD_CHF,2023-08-02 08:00:00,2023-08-02 12:00:00,0,0.999158826,0.0008411740229
1236,CHF_JPY,2023-08-02 16:00:00,2023-08-02 20:00:00,0,0.9435389779,0.05646102215
1237,USD_CAD,2023-08-03 04:00:00,2023-08-03 08:00:00,1,0.01882984255,0.9811701575
1238,AUD_CAD,2023-08-04 00:00:00,2023-08-04 04:00:00,0,0.9992320125,0.0007679875115
1239,AUD_USD,2023-08-04 00:00:00,2023-08-04 04:00:00,0,0.9976569106,0.002343089424
1240,GBP_CHF,2023-08-04 00:00:00,2023-08-04 04:00:00,0,0.9378586065,0.06214139349
1241,GBP_USD,2023-08-04 00:00:00,2023-08-04 04:00:00,0,0.9929838916,0.007016108355
1242,NZD_CAD,2023-08-04 00:00:00,2023-08-04 04:00:00,0,0.9976170252,0.002382974796
1243,NZD_JPY,2023-08-04 00:00:00,2023-08-04 04:00:00,0,0.985018456,0.01498154405
1244,GBP_CAD,2023-08-04 12:00:00,2023-08-04 16:00:00,0,0.9646259246,0.03537407544
1245,EUR_NZD,2023-08-07 16:00:00,2023-08-07 20:00:00,0,0.9756820171,0.02431798285
1246,EUR_JPY,2023-08-08 20:00:00,2023-08-09 00:00:00,0,0.9832379025,0.01676209748
1247,NZD_CHF,2023-08-08 20:00:00,2023-08-09 00:00:00,0,0.9719710914,0.02802890855
1248,AUD_CHF,2023-08-09 04:00:00,2023-08-09 08:00:00,0,0.9941012477,0.00589875229
1249,GBP_AUD,2023-08-10 20:00:00,2023-08-11 00:00:00,0,0.9546030719,0.04539692809
1250,AUD_NZD,2023-08-15 00:00:00,2023-08-15 04:00:00,0,0.9974960878,0.002503912157
1251,CAD_CHF,2023-08-16 08:00:00,2023-08-16 12:00:00,0,0.9992385511,0.0007614489257
1252,AUD_CHF,2023-08-18 16:00:00,2023-08-18 20:00:00,1,0.01202460069,0.9879753993
1253,NZD_CHF,2023-08-18 16:00:00,2023-08-18 20:00:00,0,0.9993278525,0.000672147459
1254,EUR_USD,2023-08-21 08:00:00,2023-08-21 12:00:00,0,0.9968276831,0.003172316872
1255,GBP_JPY,2023-08-21 12:00:00,2023-08-21 16:00:00,0,0.9756018921,0.02439810794
1256,AUD_CAD,2023-08-21 16:00:00,2023-08-21 20:00:00,0,0.8395410112,0.1604589888
1257,NZD_JPY,2023-08-21 20:00:00,2023-08-22 00:00:00,1,0.06057564372,0.9394243563
1258,CAD_CHF,2023-08-22 08:00:00,2023-08-22 12:00:00,1,0.04309605064,0.9569039494
1259,AUD_USD,2023-08-23 00:00:00,2023-08-23 04:00:00,0,0.8889511752,0.1110488248
1260,NZD_USD,2023-08-23 00:00:00,2023-08-23 04:00:00,0,0.9994809413,0.0005190586791
1261,NZD_CAD,2023-08-23 16:00:00,2023-08-23 20:00:00,0,0.9457905303,0.05420946968
1262,CAD_JPY,2023-08-24 04:00:00,2023-08-24 08:00:00,0,0.9689196022,0.03108039781
1263,EUR_CHF,2023-08-24 08:00:00,2023-08-24 12:00:00,0,0.9675565651,0.03244343495
1264,GBP_JPY,2023-08-25 12:00:00,2023-08-25 16:00:00,0,0.9985723074,0.001427692552
1265,EUR_AUD,2023-08-25 16:00:00,2023-08-25 20:00:00,0,0.9989029177,0.001097082346
1266,EUR_USD,2023-08-28 04:00:00,2023-08-28 08:00:00,0,0.9943773772,0.005622622755
1267,AUD_NZD,2023-08-28 16:00:00,2023-08-28 20:00:00,0,0.9462681576,0.05373184241
1268,EUR_CAD,2023-08-31 00:00:00,2023-08-31 04:00:00,0,0.9995821367,0.0004178633334
1269,AUD_USD,2023-09-04 00:00:00,2023-09-04 04:00:00,0,0.9935485072,0.006451492796
1270,GBP_USD,2023-09-04 04:00:00,2023-09-04 08:00:00,0,0.9997944651,0.0002055349097
1271,CAD_JPY,2023-09-04 16:00:00,2023-09-04 20:00:00,1,0.02870572984,0.9712942702
1272,NZD_CHF,2023-09-05 16:00:00,2023-09-05 20:00:00,1,0.03119730707,0.9688026929
1273,EUR_AUD,2023-09-06 00:00:00,2023-09-06 04:00:00,0,0.9946169152,0.005383084777
1274,AUD_NZD,2023-09-06 16:00:00,2023-09-06 20:00:00,0,0.9342910512,0.06570894876
1275,NZD_USD,2023-09-07 08:00:00,2023-09-07 12:00:00,1,0.04357009895,0.9564299011
1276,EUR_CAD,2023-09-08 00:00:00,2023-09-08 04:00:00,0,0.9996804844,0.0003195156139
1277,NZD_CAD,2023-09-08 00:00:00,2023-09-08 04:00:00,0,0.9955211403,0.004478859709
1278,EUR_GBP,2023-09-08 16:00:00,2023-09-08 20:00:00,0,0.9458832313,0.0541167687
1279,EUR_AUD,2023-09-12 16:00:00,2023-09-12 20:00:00,0,0.9976204775,0.002379522498
1280,GBP_JPY,2023-09-12 16:00:00,2023-09-12 20:00:00,0,0.998877823,0.001122176999
1281,AUD_USD,2023-09-14 00:00:00,2023-09-14 04:00:00,0,0.9659527912,0.03404720885
1282,EUR_GBP,2023-09-18 08:00:00,2023-09-18 12:00:00,1,0.04400327314,0.9559967269
1283,USD_CHF,2023-09-19 16:00:00,2023-09-19 20:00:00,0,0.9942481167,0.005751883346
1284,AUD_NZD,2023-09-20 08:00:00,2023-09-20 12:00:00,0,0.9982283159,0.001771684092
1285,EUR_CAD,2023-09-20 16:00:00,2023-09-20 20:00:00,0,0.9941628967,0.005837103287
1286,GBP_JPY,2023-09-20 16:00:00,2023-09-20 20:00:00,0,0.9933875456,0.006612454411
1287,GBP_USD,2023-09-20 16:00:00,2023-09-20 20:00:00,0,0.9971878003,0.002812199652
1288,NZD_CAD,2023-09-21 08:00:00,2023-09-21 12:00:00,1,0.00779334706,0.9922066529
1289,USD_CHF,2023-09-26 00:00:00,2023-09-26 04:00:00,0,0.9657050358,0.03429496417
1290,AUD_JPY,2023-09-28 04:00:00,2023-09-28 08:00:00,0,0.9887143424,0.01128565761
1291,GBP_JPY,2023-09-29 00:00:00,2023-09-29 04:00:00,0,0.9965272026,0.003472797384
1292,USD_JPY,2023-09-29 16:00:00,2023-09-29 20:00:00,0,0.9971948509,0.00280514913
1293,USD_CAD,2023-10-02 04:00:00,2023-10-02 08:00:00,1,0.03631911912,0.9636808809
1294,AUD_NZD,2023-10-03 00:00:00,2023-10-03 04:00:00,0,0.9916721831,0.008327816922
1295,CHF_JPY,2023-10-04 08:00:00,2023-10-04 12:00:00,1,0.01235115809,0.9876488419
1296,EUR_CAD,2023-10-04 08:00:00,2023-10-04 12:00:00,1,0.03467441327,0.9653255867
1297,EUR_USD,2023-10-04 08:00:00,2023-10-04 12:00:00,1,0.0173071748,0.9826928252
1298,GBP_CAD,2023-10-04 08:00:00,2023-10-04 12:00:00,1,0.0381294266,0.9618705734
1299,GBP_JPY,2023-10-04 08:00:00,2023-10-04 12:00:00,1,0.01365215166,0.9863478483
1300,GBP_NZD,2023-10-04 12:00:00,2023-10-04 16:00:00,0,0.9775135238,0.02248647615
1301,AUD_CAD,2023-10-05 00:00:00,2023-10-05 04:00:00,0,0.9190142969,0.0809857031
1302,AUD_USD,2023-10-05 00:00:00,2023-10-05 04:00:00,0,0.9233884882,0.0766115118
1303,GBP_USD,2023-10-05 04:00:00,2023-10-05 08:00:00,0,0.9480130444,0.05198695556
1304,EUR_JPY,2023-10-10 00:00:00,2023-10-10 04:00:00,1,0.02069739343,0.9793026066
1305,GBP_CHF,2023-10-10 08:00:00,2023-10-10 12:00:00,0,0.9493560596,0.05064394039
1306,EUR_AUD,2023-10-11 16:00:00,2023-10-11 20:00:00,0,0.9262061693,0.07379383074
1307,EUR_NZD,2023-10-13 20:00:00,2023-10-16 00:00:00,1,0.03703754422,0.9629624558
1308,GBP_NZD,2023-10-13 20:00:00,2023-10-16 00:00:00,0,0.9336463478,0.06635365225
1309,AUD_NZD,2023-10-16 08:00:00,2023-10-16 12:00:00,1,0.03046545678,0.9695345432
1310,USD_CHF,2023-10-16 08:00:00,2023-10-16 12:00:00,0,0.9881716487,0.01182835129
1311,AUD_JPY,2023-10-16 16:00:00,2023-10-16 20:00:00,1,0.03015325503,0.969846745
1312,AUD_CHF,2023-10-17 00:00:00,2023-10-17 04:00:00,0,0.9995985588,0.0004014411745
1313,USD_JPY,2023-10-17 08:00:00,2023-10-17 12:00:00,0,0.9844540782,0.01554592184
1314,AUD_CAD,2023-10-17 12:00:00,2023-10-17 16:00:00,1,0.04420574887,0.9557942511
1315,AUD_USD,2023-10-19 12:00:00,2023-10-19 16:00:00,0,0.9289384752,0.07106152478
1316,GBP_AUD,2023-10-20 20:00:00,2023-10-23 00:00:00,0,0.9233501256,0.07664987437
1317,AUD_CHF,2023-10-23 00:00:00,2023-10-23 04:00:00,1,0.02112803569,0.9788719643
1318,NZD_CHF,2023-10-23 00:00:00,2023-10-23 04:00:00,1,0.02277216099,0.977227839
1319,USD_CHF,2023-10-23 00:00:00,2023-10-23 04:00:00,0,0.9878856754,0.01211432456
1320,NZD_JPY,2023-10-25 00:00:00,2023-10-25 04:00:00,0,0.9972228897,0.002777110334
1321,NZD_USD,2023-10-25 00:00:00,2023-10-25 04:00:00,0,0.9950803899,0.004919610067
1322,EUR_CHF,2023-10-25 16:00:00,2023-10-25 20:00:00,1,0.05304721992,0.9469527801
1323,GBP_CHF,2023-10-25 16:00:00,2023-10-25 20:00:00,0,0.8285026148,0.1714973852
1324,USD_JPY,2023-10-26 04:00:00,2023-10-26 08:00:00,0,0.9737222606,0.02627773937
1325,GBP_USD,2023-10-30 08:00:00,2023-10-30 12:00:00,1,0.02969120802,0.970308792
1326,NZD_JPY,2023-10-30 08:00:00,2023-10-30 12:00:00,1,0.03795099133,0.9620490087
1327,GBP_AUD,2023-10-30 16:00:00,2023-10-30 20:00:00,0,0.9948066646,0.00519333537
1328,CAD_JPY,2023-10-31 00:00:00,2023-10-31 04:00:00,1,0.009873555408,0.9901264446
1329,USD_JPY,2023-11-06 00:00:00,2023-11-06 04:00:00,1,0.03132661429,0.9686733857
1330,EUR_AUD,2023-11-07 00:00:00,2023-11-07 04:00:00,0,0.9157038651,0.08429613491
1331,GBP_AUD,2023-11-08 16:00:00,2023-11-08 20:00:00,0,0.9872049686,0.01279503142
1332,AUD_USD,2023-11-13 08:00:00,2023-11-13 12:00:00,1,0.01869658352,0.9813034165
1333,NZD_USD,2023-11-15 04:00:00,2023-11-15 08:00:00,0,0.9111901263,0.08880987367
1334,CAD_CHF,2023-11-16 08:00:00,2023-11-16 12:00:00,0,0.9956544105,0.004345589477
1335,GBP_AUD,2023-11-16 16:00:00,2023-11-16 20:00:00,0,0.9930096735,0.006990326481
1336,USD_JPY,2023-11-22 04:00:00,2023-11-22 08:00:00,0,0.9993634149,0.0006365851085
1337,CAD_CHF,2023-11-22 08:00:00,2023-11-22 12:00:00,0,0.9945833235,0.005416676546
1338,NZD_USD,2023-11-23 00:00:00,2023-11-23 04:00:00,1,0.0471707388,0.9528292612
1339,NZD_CAD,2023-11-29 00:00:00,2023-11-29 04:00:00,0,0.994689585,0.005310415036
1340,USD_JPY,2023-11-30 08:00:00,2023-11-30 12:00:00,0,0.9942377038,0.005762296186
1341,GBP_JPY,2023-11-30 16:00:00,2023-11-30 20:00:00,0,0.99978606,0.0002139399616
1342,GBP_CAD,2023-12-04 08:00:00,2023-12-04 12:00:00,0,0.9981722616,0.001827738393
1343,EUR_CAD,2023-12-05 00:00:00,2023-12-05 04:00:00,0,0.9934256394,0.006574360596
1344,EUR_USD,2023-12-05 00:00:00,2023-12-05 04:00:00,0,0.9997187758,0.0002812241948
1345,EUR_AUD,2023-12-05 12:00:00,2023-12-05 16:00:00,0,0.9885691958,0.01143080424
1346,GBP_AUD,2023-12-05 12:00:00,2023-12-05 16:00:00,0,0.995294006,0.004705994032
1347,USD_CHF,2023-12-05 16:00:00,2023-12-05 20:00:00,0,0.9982298131,0.001770186922
1348,USD_CAD,2023-12-05 20:00:00,2023-12-06 00:00:00,0,0.9758993837,0.02410061633
1349,CHF_JPY,2023-12-06 00:00:00,2023-12-06 04:00:00,0,0.9937447091,0.006255290887
1350,NZD_CAD,2023-12-06 00:00:00,2023-12-06 04:00:00,0,0.9696709118,0.03032908821
1351,CAD_CHF,2023-12-08 00:00:00,2023-12-08 04:00:00,0,0.9668638522,0.03313614777
1352,EUR_GBP,2023-12-08 08:00:00,2023-12-08 12:00:00,0,0.9946437317,0.005356268279
1353,USD_JPY,2023-12-08 08:00:00,2023-12-08 12:00:00,0,0.9953638196,0.004636180387
1354,GBP_NZD,2023-12-08 12:00:00,2023-12-08 16:00:00,0,0.9879817526,0.01201824737
1355,CAD_JPY,2023-12-08 20:00:00,2023-12-11 00:00:00,0,0.8774499213,0.1225500787
1356,EUR_JPY,2023-12-08 20:00:00,2023-12-11 00:00:00,0,0.9461650605,0.05383493955
1357,EUR_AUD,2023-12-11 00:00:00,2023-12-11 04:00:00,0,0.998694404,0.001305595958
1358,EUR_NZD,2023-12-11 00:00:00,2023-12-11 04:00:00,0,0.9967981339,0.003201866067
1359,EUR_USD,2023-12-11 00:00:00,2023-12-11 04:00:00,0,0.9436823645,0.0563176355
1360,GBP_AUD,2023-12-11 00:00:00,2023-12-11 04:00:00,0,0.9993138205,0.0006861794746
1361,AUD_JPY,2023-12-11 08:00:00,2023-12-11 12:00:00,0,0.9641785758,0.03582142425
1362,CHF_JPY,2023-12-11 08:00:00,2023-12-11 12:00:00,0,0.9486338577,0.05136614235
1363,GBP_JPY,2023-12-11 08:00:00,2023-12-11 12:00:00,0,0.9938342869,0.006165713053
1364,EUR_CHF,2023-12-13 08:00:00,2023-12-13 12:00:00,0,0.9697093304,0.03029066956
1365,AUD_NZD,2023-12-14 08:00:00,2023-12-14 12:00:00,0,0.971733947,0.02826605298
1366,CAD_JPY,2023-12-14 12:00:00,2023-12-14 16:00:00,1,0.01022773122,0.9897722688
1367,EUR_JPY,2023-12-14 12:00:00,2023-12-14 16:00:00,1,0.01956586525,0.9804341348
1368,EUR_NZD,2023-12-15 00:00:00,2023-12-15 04:00:00,0,0.998605882,0.001394117987
1369,GBP_JPY,2023-12-15 00:00:00,2023-12-15 04:00:00,0,0.815632728,0.184367272
1370,GBP_NZD,2023-12-15 00:00:00,2023-12-15 04:00:00,0,0.9984225598,0.001577440242
1371,USD_JPY,2023-12-15 00:00:00,2023-12-15 04:00:00,0,0.9632432367,0.03675676331
1372,USD_CHF,2023-12-15 20:00:00,2023-12-18 00:00:00,0,0.9931643254,0.006835674648
1373,NZD_CAD,2023-12-18 00:00:00,2023-12-18 04:00:00,0,0.9912606877,0.008739312256
1374,AUD_JPY,2023-12-18 08:00:00,2023-12-18 12:00:00,0,0.967981459,0.03201854099
1375,CHF_JPY,2023-12-18 08:00:00,2023-12-18 12:00:00,1,0.02746618228,0.9725338177
1376,EUR_GBP,2023-12-18 08:00:00,2023-12-18 12:00:00,0,0.9875635258,0.01243647424
1377,AUD_CAD,2023-12-19 00:00:00,2023-12-19 04:00:00,0,0.9582971277,0.0417028723
1378,AUD_CHF,2023-12-19 00:00:00,2023-12-19 04:00:00,0,0.9996537215,0.0003462785292
1379,EUR_NZD,2023-12-21 04:00:00,2023-12-21 08:00:00,0,0.9544633095,0.04553669046
1380,EUR_AUD,2023-12-26 08:00:00,2023-12-26 12:00:00,0,0.9769716907,0.02302830934
1381,EUR_CHF,2023-12-26 08:00:00,2023-12-26 12:00:00,0,0.9792293665,0.02077063348
1382,GBP_AUD,2023-12-26 08:00:00,2023-12-26 12:00:00,1,0.03694546387,0.9630545361
1383,GBP_CHF,2023-12-26 08:00:00,2023-12-26 12:00:00,0,0.9950346753,0.004965324725
1384,GBP_JPY,2023-12-26 08:00:00,2023-12-26 12:00:00,0,0.9603527885,0.03964721147
1385,USD_CHF,2023-12-26 08:00:00,2023-12-26 12:00:00,0,0.9975532882,0.002446711801
1386,NZD_JPY,2023-12-26 16:00:00,2023-12-26 20:00:00,0,0.982173375,0.01782662501
1387,AUD_CHF,2023-12-27 00:00:00,2023-12-27 04:00:00,0,0.9902639878,0.009736012206
1388,GBP_USD,2023-12-27 04:00:00,2023-12-27 08:00:00,0,0.9840587011,0.01594129887
1389,EUR_CAD,2023-12-29 00:00:00,2023-12-29 04:00:00,0,0.9791354403,0.02086455975
1390,USD_CAD,2023-12-29 08:00:00,2023-12-29 12:00:00,0,0.9903942518,0.009605748189
1391,CAD_CHF,2024-01-02 00:00:00,2024-01-02 04:00:00,1,0.003547490835,0.9964525092
1392,EUR_CHF,2024-01-02 00:00:00,2024-01-02 04:00:00,1,0.009309163237,0.9906908368
1393,EUR_NZD,2024-01-02 00:00:00,2024-01-02 04:00:00,1,0.04914579247,0.9508542075
1394,GBP_JPY,2024-01-02 00:00:00,2024-01-02 04:00:00,1,0.03472255272,0.9652774473
1395,USD_CHF,2024-01-02 00:00:00,2024-01-02 04:00:00,1,0.01163848485,0.9883615151
1396,USD_JPY,2024-01-02 00:00:00,2024-01-02 04:00:00,1,0.01506110635,0.9849388936
1397,EUR_CAD,2024-01-04 08:00:00,2024-01-04 12:00:00,0,0.9509508685,0.04904913155
1398,GBP_CHF,2024-01-04 08:00:00,2024-01-04 12:00:00,1,0.03829800394,0.9617019961
1399,GBP_CAD,2024-01-05 00:00:00,2024-01-05 04:00:00,0,0.9747923508,0.02520764918
1400,GBP_USD,2024-01-05 00:00:00,2024-01-05 04:00:00,0,0.977157491,0.02284250901
1401,NZD_JPY,2024-01-05 00:00:00,2024-01-05 04:00:00,0,0.9617149476,0.03828505237
1402,NZD_CHF,2024-01-05 08:00:00,2024-01-05 12:00:00,0,0.9960304728,0.003969527168
1403,USD_CAD,2024-01-08 04:00:00,2024-01-08 08:00:00,1,0.0384578395,0.9615421605
1404,AUD_CAD,2024-01-09 00:00:00,2024-01-09 04:00:00,0,0.9932070531,0.006792946907
1405,AUD_NZD,2024-01-10 20:00:00,2024-01-11 00:00:00,0,0.9770016742,0.02299832579
1406,AUD_CHF,2024-01-12 00:00:00,2024-01-12 04:00:00,0,0.9980086348,0.001991365227
1407,GBP_NZD,2024-01-17 08:00:00,2024-01-17 12:00:00,0,0.9822972191,0.01770278093
1408,AUD_CHF,2024-01-18 00:00:00,2024-01-18 04:00:00,0,0.8908523761,0.1091476239
1409,EUR_GBP,2024-01-18 00:00:00,2024-01-18 04:00:00,0,0.9897223634,0.01027763665
1410,AUD_USD,2024-01-18 20:00:00,2024-01-19 00:00:00,0,0.9223869577,0.07761304225
1411,AUD_CAD,2024-01-19 08:00:00,2024-01-19 12:00:00,0,0.9992141429,0.0007858571168
1412,GBP_USD,2024-01-23 04:00:00,2024-01-23 08:00:00,0,0.9359503106,0.06404968938
1413,AUD_CAD,2024-01-25 08:00:00,2024-01-25 12:00:00,0,0.9955978565,0.00440214351
1414,NZD_CAD,2024-01-25 08:00:00,2024-01-25 12:00:00,0,0.9941486051,0.005851394867
1415,NZD_USD,2024-01-25 08:00:00,2024-01-25 12:00:00,0,0.9976114023,0.002388597669
1416,AUD_NZD,2024-01-26 00:00:00,2024-01-26 04:00:00,0,0.9983579006,0.001642099369
1417,NZD_CHF,2024-01-29 08:00:00,2024-01-29 12:00:00,1,0.02056555865,0.9794344413
1418,EUR_GBP,2024-01-31 08:00:00,2024-01-31 12:00:00,0,0.9238963194,0.07610368059
1419,NZD_CAD,2024-01-31 08:00:00,2024-01-31 12:00:00,0,0.9934058269,0.006594173109
1420,EUR_CAD,2024-02-02 08:00:00,2024-02-02 12:00:00,0,0.997919822,0.002080178029
1421,GBP_USD,2024-02-02 08:00:00,2024-02-02 12:00:00,0,0.9857087903,0.01429120966
1422,AUD_CHF,2024-02-06 00:00:00,2024-02-06 04:00:00,1,0.03223265034,0.9677673497
1423,AUD_CAD,2024-02-07 00:00:00,2024-02-07 04:00:00,0,0.9996814593,0.0003185407385
1424,EUR_USD,2024-02-08 00:00:00,2024-02-08 04:00:00,0,0.9990383891,0.0009616108753
1425,NZD_JPY,2024-02-08 00:00:00,2024-02-08 04:00:00,0,0.9936574434,0.00634255662
1426,NZD_USD,2024-02-08 20:00:00,2024-02-09 00:00:00,0,0.9532990759,0.0467009241
1427,AUD_USD,2024-02-09 08:00:00,2024-02-09 12:00:00,0,0.9866407429,0.01335925714
1428,NZD_CAD,2024-02-09 16:00:00,2024-02-09 20:00:00,0,0.9761988371,0.02380116285
1429,GBP_USD,2024-02-14 04:00:00,2024-02-14 08:00:00,0,0.9049407825,0.09505921755
1430,EUR_USD,2024-02-14 16:00:00,2024-02-14 20:00:00,0,0.9902704499,0.009729550058
1431,AUD_CAD,2024-02-15 08:00:00,2024-02-15 12:00:00,1,0.0441915061,0.9558084939
1432,AUD_NZD,2024-02-15 08:00:00,2024-02-15 12:00:00,0,0.9669951551,0.03300484493
1433,AUD_USD,2024-02-15 08:00:00,2024-02-15 12:00:00,0,0.8499113305,0.1500886695
1434,CHF_JPY,2024-02-15 08:00:00,2024-02-15 12:00:00,0,0.8974228823,0.1025771177
1435,EUR_GBP,2024-02-15 08:00:00,2024-02-15 12:00:00,0,0.8912490689,0.1087509311
1436,GBP_NZD,2024-02-15 20:00:00,2024-02-16 00:00:00,0,0.9940968999,0.005903100134
1437,EUR_CAD,2024-02-16 08:00:00,2024-02-16 12:00:00,0,0.9748561498,0.02514385016
1438,NZD_CAD,2024-02-16 08:00:00,2024-02-16 12:00:00,0,0.9274650567,0.07253494327
1439,NZD_USD,2024-02-16 08:00:00,2024-02-16 12:00:00,0,0.9661999675,0.03380003255
1440,EUR_JPY,2024-02-19 16:00:00,2024-02-19 20:00:00,0,0.9388049348,0.0611950652
1441,CAD_JPY,2024-02-20 08:00:00,2024-02-20 12:00:00,0,0.9680413113,0.03195868872
1442,AUD_JPY,2024-02-21 20:00:00,2024-02-22 00:00:00,0,0.966688743,0.033311257
1443,GBP_NZD,2024-02-26 08:00:00,2024-02-26 12:00:00,1,0.0180574807,0.9819425193
1444,CAD_CHF,2024-02-27 08:00:00,2024-02-27 12:00:00,0,0.9963833426,0.003616657352
1445,GBP_AUD,2024-02-28 00:00:00,2024-02-28 04:00:00,0,0.9876119579,0.0123880421
1446,AUD_NZD,2024-02-28 16:00:00,2024-02-28 20:00:00,1,0.01929043422,0.9807095658
1447,AUD_JPY,2024-03-01 00:00:00,2024-03-01 04:00:00,0,0.9772493613,0.02275063875
1448,EUR_AUD,2024-03-01 08:00:00,2024-03-01 12:00:00,0,0.9932570021,0.006742997854
1449,EUR_NZD,2024-03-04 00:00:00,2024-03-04 04:00:00,0,0.9932920008,0.006707999236
1450,GBP_CHF,2024-03-05 00:00:00,2024-03-05 04:00:00,0,0.9759756011,0.02402439891
1451,USD_CHF,2024-03-05 08:00:00,2024-03-05 12:00:00,0,0.9993515297,0.0006484702933
1452,EUR_CHF,2024-03-06 08:00:00,2024-03-06 12:00:00,0,0.9782176976,0.0217823024
1453,GBP_CAD,2024-03-06 08:00:00,2024-03-06 12:00:00,0,0.9500873805,0.04991261951
1454,GBP_USD,2024-03-06 08:00:00,2024-03-06 12:00:00,0,0.9652074141,0.03479258586
1455,NZD_USD,2024-03-08 08:00:00,2024-03-08 12:00:00,0,0.9380567704,0.06194322962
1456,EUR_GBP,2024-03-11 16:00:00,2024-03-11 20:00:00,1,0.03196883668,0.9680311633
1457,USD_CHF,2024-03-11 16:00:00,2024-03-11 20:00:00,1,0.01008264412,0.9899173559
1458,EUR_NZD,2024-03-13 00:00:00,2024-03-13 04:00:00,1,0.02862342308,0.9713765769
1459,CAD_CHF,2024-03-14 04:00:00,2024-03-14 08:00:00,0,0.9182228266,0.08177717339
1460,CAD_JPY,2024-03-14 04:00:00,2024-03-14 08:00:00,1,0.05122083627,0.9487791637
1461,EUR_JPY,2024-03-14 04:00:00,2024-03-14 08:00:00,1,0.0226307402,0.9773692598
1462,GBP_JPY,2024-03-14 04:00:00,2024-03-14 08:00:00,1,0.02186336538,0.9781366346
1463,USD_JPY,2024-03-14 04:00:00,2024-03-14 08:00:00,1,0.04191920916,0.9580807908
1464,GBP_CAD,2024-03-14 08:00:00,2024-03-14 12:00:00,0,0.9943945053,0.005605494685
1465,EUR_AUD,2024-03-15 00:00:00,2024-03-15 04:00:00,0,0.9699191659,0.03008083409
1466,AUD_JPY,2024-03-18 00:00:00,2024-03-18 04:00:00,1,0.05131149764,0.9486885024
1467,EUR_CHF,2024-03-18 08:00:00,2024-03-18 12:00:00,0,0.9878787952,0.01212120479
1468,CHF_JPY,2024-03-19 04:00:00,2024-03-19 08:00:00,0,0.974133301,0.02586669898
1469,USD_CAD,2024-03-20 08:00:00,2024-03-20 12:00:00,0,0.9946256205,0.005374379537
1470,GBP_USD,2024-03-25 12:00:00,2024-03-25 16:00:00,0,0.9951984768,0.004801523214
1471,GBP_AUD,2024-03-27 00:00:00,2024-03-27 04:00:00,0,0.9993752452,0.0006247547711
1472,GBP_CAD,2024-03-27 08:00:00,2024-03-27 12:00:00,0,0.9950319412,0.004968058832
1473,USD_CAD,2024-03-28 08:00:00,2024-03-28 12:00:00,0,0.9594035652,0.04059643477
1474,CHF_JPY,2024-04-01 08:00:00,2024-04-01 12:00:00,0,0.9384004653,0.06159953466
1475,NZD_CAD,2024-04-02 12:00:00,2024-04-02 16:00:00,1,0.02242925706,0.9775707429
1476,NZD_JPY,2024-04-02 12:00:00,2024-04-02 16:00:00,1,0.01357628653,0.9864237135
1477,AUD_CHF,2024-04-03 16:00:00,2024-04-03 20:00:00,0,0.9972936462,0.002706353784
1478,NZD_CHF,2024-04-03 16:00:00,2024-04-03 20:00:00,0,0.9735038479,0.02649615212
1479,NZD_USD,2024-04-03 16:00:00,2024-04-03 20:00:00,0,0.9996971154,0.0003028845962
1480,GBP_USD,2024-04-04 08:00:00,2024-04-04 12:00:00,0,0.9984339741,0.001566025905
1481,CHF_JPY,2024-04-04 16:00:00,2024-04-04 20:00:00,0,0.9613187465,0.03868125346
1482,USD_CAD,2024-04-05 04:00:00,2024-04-05 08:00:00,0,0.9857405177,0.0142594823
1483,EUR_AUD,2024-04-08 00:00:00,2024-04-08 04:00:00,0,0.9842030763,0.0157969237
1484,NZD_CHF,2024-04-09 00:00:00,2024-04-09 04:00:00,0,0.9595379679,0.04046203209
1485,GBP_CAD,2024-04-10 08:00:00,2024-04-10 12:00:00,0,0.9993798481,0.0006201518587
1486,GBP_CAD,2024-04-15 20:00:00,2024-04-16 00:00:00,0,0.9965294042,0.003470595805
1487,EUR_AUD,2024-04-17 16:00:00,2024-04-17 20:00:00,0,0.9750463989,0.02495360108
1488,EUR_CAD,2024-04-17 16:00:00,2024-04-17 20:00:00,0,0.9491602019,0.0508397981
1489,AUD_USD,2024-04-18 04:00:00,2024-04-18 08:00:00,0,0.996292681,0.003707319012
1490,EUR_USD,2024-04-18 04:00:00,2024-04-18 08:00:00,0,0.9172508466,0.08274915339
1491,GBP_USD,2024-04-18 04:00:00,2024-04-18 08:00:00,0,0.9945870264,0.005412973564
1492,NZD_USD,2024-04-18 04:00:00,2024-04-18 08:00:00,0,0.998957156,0.001042844031
1493,AUD_CAD,2024-04-22 00:00:00,2024-04-22 04:00:00,1,0.01764376359,0.9823562364
1494,EUR_CHF,2024-04-22 00:00:00,2024-04-22 04:00:00,1,0.01224968177,0.9877503182
1495,NZD_CHF,2024-04-22 00:00:00,2024-04-22 04:00:00,1,0.007353921511,0.9926460785
1496,AUD_CHF,2024-04-23 16:00:00,2024-04-23 20:00:00,1,0.02308435954,0.9769156405
1497,EUR_USD,2024-04-23 16:00:00,2024-04-23 20:00:00,0,0.9855997659,0.01440023407
1498,GBP_NZD,2024-04-23 20:00:00,2024-04-24 00:00:00,0,0.9983864951,0.001613504934
1499,AUD_USD,2024-04-24 00:00:00,2024-04-24 04:00:00,0,0.9129922286,0.08700777138
1500,GBP_CAD,2024-04-25 08:00:00,2024-04-25 12:00:00,0,0.9445422541,0.05545774586
1501,GBP_CHF,2024-04-25 08:00:00,2024-04-25 12:00:00,0,0.9978102789,0.00218972113
1502,GBP_AUD,2024-04-25 12:00:00,2024-04-25 16:00:00,0,0.9996834618,0.0003165382112
1503,GBP_USD,2024-04-29 00:00:00,2024-04-29 04:00:00,1,0.03353885285,0.9664611472
1504,NZD_USD,2024-04-29 00:00:00,2024-04-29 04:00:00,0,0.9894701573,0.01052984272
1505,AUD_NZD,2024-04-30 00:00:00,2024-04-30 04:00:00,0,0.9738653544,0.02613464561
1506,EUR_AUD,2024-05-01 00:00:00,2024-05-01 04:00:00,0,0.9859343098,0.01406569019
1507,EUR_CAD,2024-05-01 08:00:00,2024-05-01 12:00:00,0,0.9804344085,0.01956559145
1508,NZD_USD,2024-05-02 08:00:00,2024-05-02 12:00:00,1,0.03064468103,0.969355319
1509,GBP_CAD,2024-05-06 00:00:00,2024-05-06 04:00:00,0,0.9783927771,0.02160722292
1510,EUR_AUD,2024-05-08 00:00:00,2024-05-08 04:00:00,0,0.9572242985,0.04277570147
1511,USD_CHF,2024-05-08 04:00:00,2024-05-08 08:00:00,0,0.998491702,0.001508297979
1512,GBP_AUD,2024-05-09 00:00:00,2024-05-09 04:00:00,0,0.998706217,0.001293783018
1513,GBP_JPY,2024-05-10 16:00:00,2024-05-10 20:00:00,1,0.02008941993,0.9799105801
1514,CAD_CHF,2024-05-13 08:00:00,2024-05-13 12:00:00,1,0.03491154784,0.9650884522
1515,EUR_USD,2024-05-13 08:00:00,2024-05-13 12:00:00,0,0.962966909,0.03703309098
1516,GBP_CAD,2024-05-14 16:00:00,2024-05-14 20:00:00,1,0.032722293,0.967277707
1517,GBP_CHF,2024-05-14 16:00:00,2024-05-14 20:00:00,1,0.04144532662,0.9585546734
1518,GBP_AUD,2024-05-15 12:00:00,2024-05-15 16:00:00,0,0.9094802908,0.09051970921
1519,EUR_JPY,2024-05-16 08:00:00,2024-05-16 12:00:00,1,0.01819301869,0.9818069813
1520,USD_JPY,2024-05-17 00:00:00,2024-05-17 04:00:00,1,0.02119990092,0.9788000991
1521,CAD_JPY,2024-05-20 00:00:00,2024-05-20 04:00:00,1,0.02325362886,0.9767463711
1522,GBP_NZD,2024-05-20 00:00:00,2024-05-20 04:00:00,0,0.7429791419,0.2570208581
1523,AUD_JPY,2024-05-21 00:00:00,2024-05-21 04:00:00,0,0.9518395147,0.04816048534
1524,EUR_CAD,2024-05-21 00:00:00,2024-05-21 04:00:00,0,0.9512480485,0.04875195147
1525,USD_CHF,2024-05-21 04:00:00,2024-05-21 08:00:00,0,0.9238404232,0.07615957682
1526,AUD_NZD,2024-05-21 12:00:00,2024-05-21 16:00:00,0,0.9986962246,0.001303775396
1527,EUR_GBP,2024-05-23 08:00:00,2024-05-23 12:00:00,0,0.9939314087,0.006068591269
1528,EUR_NZD,2024-05-24 00:00:00,2024-05-24 04:00:00,0,0.9963035527,0.003696447341
1529,AUD_JPY,2024-05-24 08:00:00,2024-05-24 12:00:00,0,0.9782452928,0.02175470721
1530,EUR_AUD,2024-05-28 00:00:00,2024-05-28 04:00:00,0,0.9542083822,0.04579161779
1531,EUR_GBP,2024-05-30 08:00:00,2024-05-30 12:00:00,0,0.9994825243,0.0005174756857
1532,NZD_JPY,2024-05-30 16:00:00,2024-05-30 20:00:00,0,0.9950096049,0.004990395087
1533,CHF_JPY,2024-05-31 16:00:00,2024-05-31 20:00:00,1,0.02389403475,0.9761059653
1534,USD_CAD,2024-06-03 08:00:00,2024-06-03 12:00:00,0,0.9991294497,0.0008705503393
1535,NZD_JPY,2024-06-05 00:00:00,2024-06-05 04:00:00,1,0.02684178548,0.9731582145
1536,NZD_CAD,2024-06-05 16:00:00,2024-06-05 20:00:00,0,0.9790208426,0.02097915737
1537,USD_CHF,2024-06-05 16:00:00,2024-06-05 20:00:00,0,0.9884427638,0.01155723622
1538,EUR_NZD,2024-06-07 12:00:00,2024-06-07 16:00:00,0,0.9979428806,0.002057119377
1539,GBP_CHF,2024-06-10 00:00:00,2024-06-10 04:00:00,0,0.9973382224,0.002661777555
1540,CAD_CHF,2024-06-11 00:00:00,2024-06-11 04:00:00,0,0.9983754756,0.001624524353
1541,USD_CHF,2024-06-11 00:00:00,2024-06-11 04:00:00,0,0.9880828286,0.01191717143
1542,GBP_NZD,2024-06-12 08:00:00,2024-06-12 12:00:00,0,0.9981798449,0.001820155147
1543,EUR_GBP,2024-06-13 00:00:00,2024-06-13 04:00:00,0,0.9987598475,0.001240152454
1544,USD_CAD,2024-06-13 04:00:00,2024-06-13 08:00:00,0,0.9966005823,0.00339941768
1545,AUD_JPY,2024-06-14 04:00:00,2024-06-14 08:00:00,0,0.9984082817,0.001591718293
1546,CAD_JPY,2024-06-14 04:00:00,2024-06-14 08:00:00,0,0.9437426408,0.05625735922
1547,EUR_NZD,2024-06-17 00:00:00,2024-06-17 04:00:00,1,0.01340759244,0.9865924076
1548,AUD_NZD,2024-06-17 08:00:00,2024-06-17 12:00:00,1,0.05874863877,0.9412513612
1549,CAD_CHF,2024-06-17 08:00:00,2024-06-17 12:00:00,0,0.9985323062,0.0014676938
1550,EUR_CHF,2024-06-17 08:00:00,2024-06-17 12:00:00,0,0.9992281447,0.0007718552557
1551,USD_CHF,2024-06-17 08:00:00,2024-06-17 12:00:00,0,0.9670154589,0.03298454105
1552,EUR_GBP,2024-06-18 08:00:00,2024-06-18 12:00:00,0,0.8487822823,0.1512177177
1553,AUD_CAD,2024-06-18 16:00:00,2024-06-18 20:00:00,0,0.989665822,0.01033417797
1554,AUD_CHF,2024-06-19 00:00:00,2024-06-19 04:00:00,1,0.03526116425,0.9647388357
1555,GBP_NZD,2024-06-19 00:00:00,2024-06-19 04:00:00,1,0.02446007019,0.9755399298
1556,CAD_JPY,2024-06-20 04:00:00,2024-06-20 08:00:00,1,0.02901577609,0.9709842239
1557,GBP_CHF,2024-06-20 08:00:00,2024-06-20 12:00:00,1,0.04132144022,0.9586785598
1558,NZD_CHF,2024-06-20 08:00:00,2024-06-20 12:00:00,0,0.8542035689,0.1457964311
1559,AUD_JPY,2024-06-21 00:00:00,2024-06-21 04:00:00,1,0.02257931424,0.9774206858
1560,CAD_CHF,2024-06-21 00:00:00,2024-06-21 04:00:00,0,0.9973316665,0.002668333491
1561,EUR_CHF,2024-06-21 00:00:00,2024-06-21 04:00:00,1,0.0439695058,0.9560304942
1562,USD_CHF,2024-06-21 00:00:00,2024-06-21 04:00:00,0,0.9372981303,0.06270186972
1563,AUD_USD,2024-06-21 04:00:00,2024-06-21 08:00:00,0,0.9927273934,0.007272606623
1564,AUD_CAD,2024-06-24 08:00:00,2024-06-24 12:00:00,0,0.9747725213,0.02522747872
1565,GBP_USD,2024-06-24 08:00:00,2024-06-24 12:00:00,0,0.9962881235,0.003711876492
1566,NZD_CAD,2024-06-24 08:00:00,2024-06-24 12:00:00,0,0.984466418,0.01553358204
1567,EUR_AUD,2024-06-25 00:00:00,2024-06-25 04:00:00,0,0.9979917223,0.002008277683
1568,EUR_USD,2024-06-25 04:00:00,2024-06-25 08:00:00,0,0.9939681673,0.006031832746
1569,USD_CAD,2024-06-26 08:00:00,2024-06-26 12:00:00,0,0.9997916936,0.0002083063596
1570,EUR_CAD,2024-07-01 00:00:00,2024-07-01 04:00:00,1,0.02726850073,0.9727314993
1571,NZD_CAD,2024-07-01 08:00:00,2024-07-01 12:00:00,0,0.9985257159,0.001474284135
1572,NZD_USD,2024-07-01 08:00:00,2024-07-01 12:00:00,0,0.9995483419,0.0004516580798
1573,EUR_AUD,2024-07-02 00:00:00,2024-07-02 04:00:00,0,0.9575157221,0.04248427792
1574,AUD_CAD,2024-07-03 00:00:00,2024-07-03 04:00:00,0,0.9825571633,0.01744283672
1575,GBP_USD,2024-07-03 08:00:00,2024-07-03 12:00:00,1,0.03672977229,0.9632702277
1576,AUD_USD,2024-07-03 16:00:00,2024-07-03 20:00:00,0,0.9830973836,0.01690261642
1577,EUR_USD,2024-07-04 16:00:00,2024-07-04 20:00:00,1,0.03914131443,0.9608586856
1578,NZD_USD,2024-07-05 20:00:00,2024-07-08 00:00:00,0,0.9966914843,0.003308515734
1579,NZD_USD,2024-07-11 12:00:00,2024-07-11 16:00:00,0,0.9994809488,0.0005190511878
1580,GBP_JPY,2024-07-12 00:00:00,2024-07-12 04:00:00,0,0.9996829688,0.0003170312108
1581,EUR_AUD,2024-07-15 00:00:00,2024-07-15 04:00:00,1,0.07280997785,0.9271900222
1582,GBP_AUD,2024-07-15 00:00:00,2024-07-15 04:00:00,1,0.04816768368,0.9518323163
1583,USD_CAD,2024-07-15 00:00:00,2024-07-15 04:00:00,1,0.03384127075,0.9661587292
1584,USD_JPY,2024-07-15 00:00:00,2024-07-15 04:00:00,0,0.9964201051,0.00357989486
1585,EUR_JPY,2024-07-16 00:00:00,2024-07-16 04:00:00,0,0.9965933868,0.003406613209
1586,EUR_GBP,2024-07-16 08:00:00,2024-07-16 12:00:00,0,0.9981116936,0.001888306389
1587,NZD_CAD,2024-07-17 00:00:00,2024-07-17 04:00:00,0,0.997482526,0.002517474018
1588,AUD_JPY,2024-07-18 16:00:00,2024-07-18 20:00:00,0,0.9991893793,0.0008106207071
1589,GBP_JPY,2024-07-18 16:00:00,2024-07-18 20:00:00,0,0.9887582346,0.01124176536
1590,NZD_CHF,2024-07-18 16:00:00,2024-07-18 20:00:00,0,0.9915317667,0.008468233298
1591,NZD_JPY,2024-07-18 16:00:00,2024-07-18 20:00:00,0,0.9976601098,0.002339890228
1592,USD_CHF,2024-07-18 16:00:00,2024-07-18 20:00:00,0,0.9918912692,0.008108730839
1593,USD_JPY,2024-07-18 16:00:00,2024-07-18 20:00:00,0,0.9959699038,0.00403009618
1594,CAD_JPY,2024-07-22 00:00:00,2024-07-22 04:00:00,0,0.9996263797,0.0003736203416
1595,EUR_JPY,2024-07-22 16:00:00,2024-07-22 20:00:00,0,0.9914395353,0.008560464672
1596,EUR_GBP,2024-07-25 00:00:00,2024-07-25 04:00:00,0,0.9805700634,0.01942993661
1597,AUD_USD,2024-07-26 04:00:00,2024-07-26 08:00:00,0,0.9998680313,0.0001319686567
1598,AUD_JPY,2024-07-26 08:00:00,2024-07-26 12:00:00,0,0.9988869012,0.001113098798
1599,CAD_JPY,2024-07-26 08:00:00,2024-07-26 12:00:00,0,0.9997022125,0.0002977875479
1600,EUR_JPY,2024-07-26 08:00:00,2024-07-26 12:00:00,0,0.9987458761,0.001254123883
1601,GBP_JPY,2024-07-26 08:00:00,2024-07-26 12:00:00,0,0.999300852,0.0006991479621
1602,NZD_JPY,2024-07-26 08:00:00,2024-07-26 12:00:00,0,0.9989497693,0.001050230674
1603,USD_JPY,2024-07-26 08:00:00,2024-07-26 12:00:00,0,0.9980924567,0.001907543319
1604,CAD_CHF,2024-07-29 00:00:00,2024-07-29 04:00:00,0,0.9984489167,0.001551083298
1605,USD_CHF,2024-07-29 08:00:00,2024-07-29 12:00:00,0,0.9997496148,0.0002503851807
1606,GBP_CAD,2024-07-31 00:00:00,2024-07-31 04:00:00,0,0.9986648777,0.001335122291
1607,AUD_CHF,2024-07-31 16:00:00,2024-07-31 20:00:00,0,0.9791849144,0.02081508557
1608,NZD_CAD,2024-07-31 16:00:00,2024-07-31 20:00:00,0,0.8944840721,0.1055159279
1609,NZD_CHF,2024-07-31 16:00:00,2024-07-31 20:00:00,0,0.9971504296,0.002849570393
1610,AUD_CAD,2024-08-01 12:00:00,2024-08-01 16:00:00,0,0.99583744,0.004162559977
1611,AUD_CHF,2024-08-06 00:00:00,2024-08-06 04:00:00,1,0.02120900404,0.978790996
1612,AUD_JPY,2024-08-06 00:00:00,2024-08-06 04:00:00,1,0.02439110228,0.9756088977
1613,AUD_USD,2024-08-06 00:00:00,2024-08-06 04:00:00,1,0.0197026038,0.9802973962
1614,CAD_CHF,2024-08-06 00:00:00,2024-08-06 04:00:00,0,0.808806846,0.191193154
1615,CAD_JPY,2024-08-06 00:00:00,2024-08-06 04:00:00,0,0.805693073,0.194306927
1616,EUR_CHF,2024-08-06 00:00:00,2024-08-06 04:00:00,0,0.8708507504,0.1291492496
1617,EUR_JPY,2024-08-06 00:00:00,2024-08-06 04:00:00,0,0.9389227854,0.06107721458
1618,GBP_CHF,2024-08-06 00:00:00,2024-08-06 04:00:00,0,0.806136068,0.193863932
1619,GBP_JPY,2024-08-06 00:00:00,2024-08-06 04:00:00,1,0.0661676974,0.9338323026
1620,NZD_CAD,2024-08-06 00:00:00,2024-08-06 04:00:00,1,0.02776041862,0.9722395814
1621,NZD_CHF,2024-08-06 00:00:00,2024-08-06 04:00:00,1,0.008082966549,0.9919170335
1622,NZD_JPY,2024-08-06 00:00:00,2024-08-06 04:00:00,1,0.02200402533,0.9779959747
1623,NZD_USD,2024-08-06 00:00:00,2024-08-06 04:00:00,0,0.8510673104,0.1489326896
1624,USD_JPY,2024-08-06 00:00:00,2024-08-06 04:00:00,0,0.9038847542,0.09611524577
1625,CHF_JPY,2024-08-09 00:00:00,2024-08-09 04:00:00,0,0.8621407233,0.1378592767
1626,AUD_CAD,2024-08-12 00:00:00,2024-08-12 04:00:00,1,0.01467913146,0.9853208685
1627,EUR_NZD,2024-08-12 16:00:00,2024-08-12 20:00:00,0,0.9852712297,0.0147287703
1628,GBP_CAD,2024-08-13 04:00:00,2024-08-13 08:00:00,1,0.03956293143,0.9604370686
1629,AUD_NZD,2024-08-15 12:00:00,2024-08-15 16:00:00,0,0.970008233,0.02999176705
1630,NZD_USD,2024-08-21 16:00:00,2024-08-21 20:00:00,0,0.982982133,0.01701786702
1631,EUR_NZD,2024-08-30 16:00:00,2024-08-30 20:00:00,0,0.9298954551,0.0701045449
1632,EUR_CAD,2024-09-02 04:00:00,2024-09-02 08:00:00,0,0.9351589603,0.06484103965
1633,GBP_NZD,2024-09-02 04:00:00,2024-09-02 08:00:00,1,0.01482957408,0.9851704259
1634,USD_CAD,2024-09-02 04:00:00,2024-09-02 08:00:00,0,0.8915834241,0.1084165759
1635,GBP_USD,2024-09-04 16:00:00,2024-09-04 20:00:00,0,0.9960253873,0.00397461273
1636,CHF_JPY,2024-09-10 00:00:00,2024-09-10 04:00:00,0,0.9923319095,0.007668090489
1637,EUR_AUD,2024-09-10 00:00:00,2024-09-10 04:00:00,0,0.9983777791,0.001622220864
1638,USD_JPY,2024-09-10 00:00:00,2024-09-10 04:00:00,0,0.9972669992,0.002733000752
1639,GBP_USD,2024-09-11 04:00:00,2024-09-11 08:00:00,0,0.9811812838,0.01881871616
1640,GBP_CHF,2024-09-12 04:00:00,2024-09-12 08:00:00,0,0.964484797,0.03551520298
1641,NZD_USD,2024-09-17 08:00:00,2024-09-17 12:00:00,1,0.05484350444,0.9451564956
1642,CHF_JPY,2024-09-17 16:00:00,2024-09-17 20:00:00,1,0.01376626776,0.9862337322
1643,CAD_JPY,2024-09-18 20:00:00,2024-09-19 00:00:00,1,0.03852448036,0.9614755196
1644,EUR_JPY,2024-09-18 20:00:00,2024-09-19 00:00:00,1,0.02403259938,0.9759674006
1645,EUR_USD,2024-09-20 04:00:00,2024-09-20 08:00:00,0,0.9634627744,0.03653722557
1646,GBP_AUD,2024-09-20 16:00:00,2024-09-20 20:00:00,0,0.9804618617,0.01953813833
1647,EUR_AUD,2024-09-25 00:00:00,2024-09-25 04:00:00,0,0.9922599558,0.007740044209
1648,USD_CHF,2024-09-25 08:00:00,2024-09-25 12:00:00,0,0.9880702503,0.01192974967
1649,EUR_USD,2024-09-26 04:00:00,2024-09-26 08:00:00,0,0.9939302643,0.006069735718
1650,USD_JPY,2024-09-27 00:00:00,2024-09-27 04:00:00,0,0.9953928498,0.004607150173
1651,USD_CAD,2024-10-01 08:00:00,2024-10-01 12:00:00,0,0.8825443419,0.1174556581
1652,AUD_NZD,2024-10-01 12:00:00,2024-10-01 16:00:00,1,0.03463982696,0.965360173
1653,NZD_JPY,2024-10-02 04:00:00,2024-10-02 08:00:00,0,0.9970435297,0.002956470252
1654,USD_CHF,2024-10-03 00:00:00,2024-10-03 04:00:00,1,0.0414440298,0.9585559702
1655,GBP_AUD,2024-10-04 08:00:00,2024-10-04 12:00:00,1,0.02733089811,0.9726691019
1656,EUR_GBP,2024-10-07 08:00:00,2024-10-07 12:00:00,0,0.9492754603,0.05072453969
1657,EUR_NZD,2024-10-07 08:00:00,2024-10-07 12:00:00,0,0.9770236429,0.02297635713
1658,USD_CAD,2024-10-07 08:00:00,2024-10-07 12:00:00,1,0.04088173042,0.9591182696
1659,NZD_CAD,2024-10-08 00:00:00,2024-10-08 04:00:00,0,0.978011998,0.02198800197
1660,EUR_CHF,2024-10-08 20:00:00,2024-10-09 00:00:00,0,0.9573758225,0.04262417752
1661,AUD_JPY,2024-10-09 16:00:00,2024-10-09 20:00:00,0,0.9788368358,0.02116316423
1662,CAD_CHF,2024-10-09 16:00:00,2024-10-09 20:00:00,0,0.9949652021,0.005034797858
1663,EUR_CAD,2024-10-11 00:00:00,2024-10-11 04:00:00,0,0.9396494825,0.06035051754
1664,GBP_CAD,2024-10-11 00:00:00,2024-10-11 04:00:00,0,0.9963953453,0.003604654666
1665,EUR_AUD,2024-10-11 08:00:00,2024-10-11 12:00:00,0,0.9971605018,0.002839498238
1666,GBP_JPY,2024-10-11 08:00:00,2024-10-11 12:00:00,0,0.9946125845,0.005387415503
1667,GBP_USD,2024-10-14 08:00:00,2024-10-14 12:00:00,0,0.9978258241,0.002174175945
1668,NZD_CHF,2024-10-14 08:00:00,2024-10-14 12:00:00,0,0.9987116844,0.001288315617
1669,USD_JPY,2024-10-14 08:00:00,2024-10-14 12:00:00,1,0.04130760509,0.9586923949
1670,AUD_CAD,2024-10-15 00:00:00,2024-10-15 04:00:00,0,0.9988302072,0.00116979279
1671,AUD_USD,2024-10-15 00:00:00,2024-10-15 04:00:00,0,0.9967617765,0.003238223519
1672,NZD_CAD,2024-10-16 08:00:00,2024-10-16 12:00:00,0,0.9879925311,0.01200746886
1673,AUD_CHF,2024-10-17 00:00:00,2024-10-17 04:00:00,0,0.9636461352,0.0363538648
1674,NZD_USD,2024-10-17 00:00:00,2024-10-17 04:00:00,0,0.9799928891,0.02000711091
1675,EUR_CHF,2024-10-18 04:00:00,2024-10-18 08:00:00,0,0.9916937882,0.008306211778
1676,EUR_GBP,2024-10-18 16:00:00,2024-10-18 20:00:00,0,0.9834223916,0.0165776084
1677,AUD_CAD,2024-10-21 00:00:00,2024-10-21 04:00:00,0,0.9362672247,0.06373277535
1678,EUR_AUD,2024-10-21 16:00:00,2024-10-21 20:00:00,0,0.9936682961,0.006331703877
1679,EUR_USD,2024-10-22 04:00:00,2024-10-22 08:00:00,0,0.9870189869,0.01298101313
1680,CAD_CHF,2024-10-23 00:00:00,2024-10-23 04:00:00,0,0.9833269342,0.01667306576
1681,EUR_CAD,2024-10-24 16:00:00,2024-10-24 20:00:00,0,0.985316798,0.01468320198
1682,EUR_AUD,2024-10-25 00:00:00,2024-10-25 04:00:00,0,0.953151448,0.04684855199
1683,GBP_CAD,2024-10-25 08:00:00,2024-10-25 12:00:00,0,0.9700260054,0.02997399463
1684,AUD_CAD,2024-10-25 12:00:00,2024-10-25 16:00:00,0,0.9790631518,0.02093684816
1685,AUD_USD,2024-10-25 12:00:00,2024-10-25 16:00:00,0,0.9979710754,0.002028924575
1686,NZD_CAD,2024-10-25 12:00:00,2024-10-25 16:00:00,0,0.8800451084,0.1199548916
1687,NZD_CHF,2024-10-25 12:00:00,2024-10-25 16:00:00,0,0.987801067,0.01219893304
1688,NZD_USD,2024-10-25 12:00:00,2024-10-25 16:00:00,0,0.9964244422,0.003575557812
1689,EUR_GBP,2024-10-30 00:00:00,2024-10-30 04:00:00,0,0.9789176823,0.02108231774
1690,EUR_USD,2024-10-30 08:00:00,2024-10-30 12:00:00,0,0.9967337355,0.003266264466
1691,NZD_CAD,2024-11-01 04:00:00,2024-11-01 08:00:00,0,0.9891829465,0.01081705346
1692,AUD_CHF,2024-11-01 16:00:00,2024-11-01 20:00:00,0,0.9911606417,0.008839358305
1693,GBP_NZD,2024-11-04 08:00:00,2024-11-04 12:00:00,0,0.9982267528,0.001773247196
1694,AUD_CAD,2024-11-05 00:00:00,2024-11-05 04:00:00,0,0.9278927501,0.07210724985
1695,GBP_USD,2024-11-05 04:00:00,2024-11-05 08:00:00,0,0.9986085333,0.001391466731
1696,CAD_CHF,2024-11-07 00:00:00,2024-11-07 04:00:00,0,0.9686423881,0.03135761188
1697,NZD_CAD,2024-11-07 04:00:00,2024-11-07 08:00:00,0,0.974679458,0.02532054197
1698,EUR_CHF,2024-11-07 08:00:00,2024-11-07 12:00:00,0,0.9907614352,0.009238564836
1699,AUD_CAD,2024-11-11 00:00:00,2024-11-11 04:00:00,0,0.9986070509,0.001392949114
1700,AUD_CHF,2024-11-11 00:00:00,2024-11-11 04:00:00,0,0.9987712649,0.00122873508
1701,AUD_USD,2024-11-11 00:00:00,2024-11-11 04:00:00,0,0.998460349,0.001539650981
1702,NZD_CHF,2024-11-11 00:00:00,2024-11-11 04:00:00,0,0.9974811556,0.002518844408
1703,NZD_USD,2024-11-12 00:00:00,2024-11-12 04:00:00,0,0.999635402,0.0003645979827
1704,EUR_CHF,2024-11-12 20:00:00,2024-11-13 00:00:00,0,0.9943230353,0.005676964683
1705,NZD_CAD,2024-11-13 00:00:00,2024-11-13 04:00:00,0,0.9988230426,0.00117695745
1706,EUR_CAD,2024-11-15 00:00:00,2024-11-15 04:00:00,0,0.9950822128,0.004917787245
1707,AUD_CAD,2024-11-15 04:00:00,2024-11-15 08:00:00,0,0.8974892583,0.1025107417
1708,GBP_CAD,2024-11-15 04:00:00,2024-11-15 08:00:00,0,0.9991501523,0.0008498476778
1709,GBP_USD,2024-11-15 04:00:00,2024-11-15 08:00:00,0,0.9932967623,0.006703237715
1710,EUR_GBP,2024-11-15 08:00:00,2024-11-15 12:00:00,0,0.9729050749,0.02709492505
1711,AUD_CHF,2024-11-18 00:00:00,2024-11-18 04:00:00,0,0.9834383366,0.01656166337
1712,AUD_USD,2024-11-18 00:00:00,2024-11-18 04:00:00,0,0.9946067077,0.005393292255
1713,CHF_JPY,2024-11-18 08:00:00,2024-11-18 12:00:00,0,0.9904633179,0.009536682059
1714,EUR_AUD,2024-11-18 08:00:00,2024-11-18 12:00:00,0,0.9992086695,0.0007913305127
1715,EUR_USD,2024-11-18 08:00:00,2024-11-18 12:00:00,0,0.9916333078,0.008366692234
1716,CAD_JPY,2024-11-19 16:00:00,2024-11-19 20:00:00,0,0.9574129994,0.04258700064
1717,EUR_JPY,2024-11-19 16:00:00,2024-11-19 20:00:00,0,0.9929594744,0.007040525596
1718,GBP_USD,2024-11-21 00:00:00,2024-11-21 04:00:00,0,0.989135823,0.01086417704
1719,NZD_USD,2024-11-21 00:00:00,2024-11-21 04:00:00,0,0.9989634014,0.001036598566
1720,EUR_CHF,2024-11-25 00:00:00,2024-11-25 04:00:00,0,0.9686178733,0.03138212667
1721,EUR_GBP,2024-11-25 00:00:00,2024-11-25 04:00:00,0,0.9646028711,0.03539712886
1722,EUR_USD,2024-11-25 00:00:00,2024-11-25 04:00:00,0,0.9496964763,0.05030352373
1723,GBP_CHF,2024-11-25 00:00:00,2024-11-25 04:00:00,0,0.9738594763,0.02614052371
1724,CHF_JPY,2024-11-25 08:00:00,2024-11-25 12:00:00,0,0.993829294,0.006170705997
1725,EUR_CAD,2024-11-25 08:00:00,2024-11-25 12:00:00,0,0.9225061161,0.07749388395
1726,GBP_CAD,2024-11-26 00:00:00,2024-11-26 04:00:00,1,0.02148940009,0.9785105999
1727,GBP_NZD,2024-11-26 00:00:00,2024-11-26 04:00:00,0,0.9942100976,0.005789902389
1728,EUR_AUD,2024-11-26 08:00:00,2024-11-26 12:00:00,1,0.02644047238,0.9735595276
1729,EUR_JPY,2024-11-26 08:00:00,2024-11-26 12:00:00,0,0.9972745054,0.002725494624
1730,GBP_JPY,2024-11-26 08:00:00,2024-11-26 12:00:00,0,0.9986088455,0.001391154462
1731,GBP_USD,2024-11-26 08:00:00,2024-11-26 12:00:00,0,0.7489756198,0.2510243802
1732,EUR_NZD,2024-11-26 16:00:00,2024-11-26 20:00:00,0,0.9775626391,0.02243736086
1733,NZD_CHF,2024-11-27 00:00:00,2024-11-27 04:00:00,0,0.9766745236,0.02332547636
1734,NZD_USD,2024-11-27 08:00:00,2024-11-27 12:00:00,0,0.9997267321,0.0002732679268
1735,AUD_JPY,2024-11-28 08:00:00,2024-11-28 12:00:00,0,0.994945709,0.005054290974
1736,CAD_JPY,2024-11-28 08:00:00,2024-11-28 12:00:00,0,0.9999006247,9.937532653e-05
1737,AUD_NZD,2024-12-02 00:00:00,2024-12-02 04:00:00,0,0.995717674,0.004282326006
1738,GBP_AUD,2024-12-02 08:00:00,2024-12-02 12:00:00,0,0.9772067561,0.02279324388
1739,NZD_CAD,2024-12-02 08:00:00,2024-12-02 12:00:00,0,0.950181133,0.04981886696
1740,USD_CAD,2024-12-02 16:00:00,2024-12-02 20:00:00,1,0.0247306212,0.9752693788
1741,EUR_CHF,2024-12-03 00:00:00,2024-12-03 04:00:00,0,0.9837997337,0.01620026629
1742,EUR_NZD,2024-12-03 00:00:00,2024-12-03 04:00:00,1,0.04188987273,0.9581101273
1743,GBP_CHF,2024-12-03 00:00:00,2024-12-03 04:00:00,0,0.9673627797,0.03263722026
1744,USD_CHF,2024-12-05 08:00:00,2024-12-05 12:00:00,0,0.9928960628,0.007103937242
1745,AUD_USD,2024-12-06 12:00:00,2024-12-06 16:00:00,0,0.997587902,0.002412098041
1746,AUD_CAD,2024-12-09 00:00:00,2024-12-09 04:00:00,0,0.9979505746,0.00204942542
1747,AUD_NZD,2024-12-09 00:00:00,2024-12-09 04:00:00,0,0.9947711069,0.005228893107
1748,CAD_JPY,2024-12-09 08:00:00,2024-12-09 12:00:00,0,0.9928685507,0.00713144929
1749,NZD_CAD,2024-12-09 16:00:00,2024-12-09 20:00:00,0,0.9487190709,0.05128092913
1750,GBP_NZD,2024-12-10 00:00:00,2024-12-10 04:00:00,0,0.9585024082,0.04149759179
1751,AUD_JPY,2024-12-10 12:00:00,2024-12-10 16:00:00,0,0.946703421,0.05329657898
1752,USD_CHF,2024-12-10 16:00:00,2024-12-10 20:00:00,1,0.0257542424,0.9742457576
1753,AUD_USD,2024-12-12 00:00:00,2024-12-12 04:00:00,0,0.9964250344,0.003574965621
1754,CAD_CHF,2024-12-12 08:00:00,2024-12-12 12:00:00,0,0.9513851692,0.04861483078
1755,EUR_CHF,2024-12-12 16:00:00,2024-12-12 20:00:00,0,0.970604633,0.02939536704
1756,USD_JPY,2024-12-12 20:00:00,2024-12-13 00:00:00,0,0.9353207091,0.06467929087
1757,CHF_JPY,2024-12-13 08:00:00,2024-12-13 12:00:00,0,0.9714407745,0.02855922552
1758,EUR_GBP,2024-12-13 08:00:00,2024-12-13 12:00:00,0,0.9493973082,0.05060269184
1759,EUR_JPY,2024-12-13 08:00:00,2024-12-13 12:00:00,0,0.9976933858,0.002306614221
1760,GBP_JPY,2024-12-13 08:00:00,2024-12-13 12:00:00,0,0.9963873152,0.003612684842
1761,NZD_CHF,2024-12-16 00:00:00,2024-12-16 04:00:00,0,0.9990176973,0.0009823027127
1762,NZD_JPY,2024-12-16 00:00:00,2024-12-16 04:00:00,0,0.9993613688,0.0006386311768
1763,NZD_USD,2024-12-16 00:00:00,2024-12-16 04:00:00,0,0.9948575087,0.005142491298
1764,GBP_CHF,2024-12-16 08:00:00,2024-12-16 12:00:00,0,0.9362501312,0.06374986881
1765,AUD_CHF,2024-12-18 12:00:00,2024-12-18 16:00:00,0,0.9946586516,0.005341348405
1766,NZD_USD,2024-12-20 08:00:00,2024-12-20 12:00:00,0,0.9894662912,0.0105337088
1767,AUD_USD,2024-12-20 16:00:00,2024-12-20 20:00:00,0,0.9977786827,0.002221317278
1768,AUD_JPY,2024-12-23 16:00:00,2024-12-23 20:00:00,0,0.9627289348,0.03727106522
1769,EUR_CHF,2024-12-24 08:00:00,2024-12-24 12:00:00,0,0.9786623774,0.02133762263
1770,GBP_USD,2024-12-25 08:00:00,2024-12-25 16:00:00,0,0.9891183581,0.01088164188
1771,EUR_GBP,2024-12-26 08:00:00,2024-12-26 12:00:00,0,0.9807603293,0.01923967071
1772,NZD_CHF,2024-12-27 08:00:00,2024-12-27 12:00:00,1,0.0224253714,0.9775746286
1773,AUD_CAD,2024-12-27 16:00:00,2024-12-27 20:00:00,0,0.9977329995,0.00226700045
1774,NZD_CAD,2024-12-27 16:00:00,2024-12-27 20:00:00,0,0.9977409599,0.002259040076
1775,AUD_CHF,2024-12-27 20:00:00,2024-12-30 00:00:00,1,0.04222015146,0.9577798485
1776,AUD_USD,2024-12-30 00:00:00,2024-12-30 04:00:00,0,0.99674411,0.003255889961
1777,EUR_USD,2024-12-31 00:00:00,2024-12-31 04:00:00,0,0.9952926613,0.004707338683
1778,GBP_CHF,2024-12-31 08:00:00,2024-12-31 12:00:00,0,0.9993944888,0.0006055111697
1779,EUR_GBP,2025-01-02 08:00:00,2025-01-02 12:00:00,0,0.9832828752,0.01671712478
1780,CAD_CHF,2025-01-06 00:00:00,2025-01-06 04:00:00,0,0.9355309635,0.06446903645
1781,NZD_USD,2025-01-06 00:00:00,2025-01-06 04:00:00,0,0.9988458055,0.001154194476
1782,AUD_CAD,2025-01-06 08:00:00,2025-01-06 12:00:00,0,0.9988825367,0.001117463344
1783,AUD_USD,2025-01-06 08:00:00,2025-01-06 12:00:00,0,0.9977396571,0.002260342865
1784,AUD_JPY,2025-01-07 00:00:00,2025-01-07 04:00:00,0,0.9929386936,0.007061306381
1785,GBP_CHF,2025-01-07 00:00:00,2025-01-07 04:00:00,0,0.9607522639,0.03924773611
1786,NZD_JPY,2025-01-07 00:00:00,2025-01-07 04:00:00,0,0.9660442987,0.03395570127
1787,EUR_USD,2025-01-08 20:00:00,2025-01-09 00:00:00,0,0.9991657972,0.0008342028288
1788,AUD_CAD,2025-01-10 00:00:00,2025-01-10 04:00:00,0,0.998794525,0.001205475017
1789,AUD_USD,2025-01-10 00:00:00,2025-01-10 04:00:00,0,0.9977888877,0.002211112264
1790,NZD_CAD,2025-01-10 00:00:00,2025-01-10 04:00:00,0,0.9982437539,0.001756246093
1791,GBP_CHF,2025-01-10 08:00:00,2025-01-10 12:00:00,0,0.9991633301,0.0008366699394
1792,NZD_USD,2025-01-13 20:00:00,2025-01-14 00:00:00,0,0.9972521809,0.002747819123
1793,AUD_JPY,2025-01-14 08:00:00,2025-01-14 12:00:00,0,0.999080923,0.0009190769567
1794,EUR_USD,2025-01-14 08:00:00,2025-01-14 12:00:00,1,0.03365184402,0.966348156
1795,NZD_JPY,2025-01-14 08:00:00,2025-01-14 12:00:00,0,0.9991429733,0.000857026656
1796,AUD_USD,2025-01-15 08:00:00,2025-01-15 12:00:00,0,0.9158538257,0.08414617429
1797,NZD_CAD,2025-01-17 00:00:00,2025-01-17 04:00:00,0,0.9819395003,0.01806049974
1798,GBP_USD,2025-01-20 00:00:00,2025-01-20 04:00:00,1,0.01982135231,0.9801786477
1799,CHF_JPY,2025-01-20 08:00:00,2025-01-20 12:00:00,0,0.9943236238,0.005676376184
1800,GBP_JPY,2025-01-20 20:00:00,2025-01-21 00:00:00,0,0.8289666935,0.1710333065
1801,AUD_CAD,2025-01-21 00:00:00,2025-01-21 04:00:00,0,0.9847334638,0.01526653623
1802,AUD_JPY,2025-01-24 00:00:00,2025-01-24 04:00:00,0,0.9942484566,0.005751543433
1803,NZD_JPY,2025-01-24 00:00:00,2025-01-24 04:00:00,0,0.9902899547,0.009710045301
1804,GBP_CAD,2025-01-24 04:00:00,2025-01-24 08:00:00,0,0.9905989111,0.00940108885
1805,EUR_CAD,2025-01-24 16:00:00,2025-01-24 20:00:00,0,0.9931098639,0.006890136058
1806,EUR_AUD,2025-01-27 00:00:00,2025-01-27 04:00:00,0,0.9803053977,0.01969460232
1807,GBP_CHF,2025-01-28 08:00:00,2025-01-28 12:00:00,0,0.9861567215,0.01384327855
1808,CAD_CHF,2025-01-29 08:00:00,2025-01-29 12:00:00,0,0.9915511212,0.008448878836
1809,USD_CAD,2025-01-29 08:00:00,2025-01-29 12:00:00,0,0.9675619192,0.03243808081
1810,NZD_USD,2025-02-04 12:00:00,2025-02-04 16:00:00,1,0.02225791011,0.9777420899
1811,EUR_CAD,2025-02-05 16:00:00,2025-02-05 20:00:00,0,0.9874484783,0.01255152171
1812,CAD_CHF,2025-02-06 08:00:00,2025-02-06 12:00:00,0,0.9973075724,0.002692427553
1813,AUD_USD,2025-02-06 16:00:00,2025-02-06 20:00:00,0,0.9638683937,0.03613160629
1814,AUD_CAD,2025-02-07 00:00:00,2025-02-07 04:00:00,0,0.9973527865,0.00264721351
1815,USD_CHF,2025-02-10 00:00:00,2025-02-10 04:00:00,0,0.9971923411,0.002807658904
1816,USD_JPY,2025-02-10 00:00:00,2025-02-10 04:00:00,0,0.9931905881,0.006809411938
1817,AUD_NZD,2025-02-10 08:00:00,2025-02-10 12:00:00,0,0.994189641,0.005810359
1818,CAD_JPY,2025-02-10 08:00:00,2025-02-10 12:00:00,0,0.924987982,0.07501201798
1819,CHF_JPY,2025-02-10 08:00:00,2025-02-10 12:00:00,1,0.009371536965,0.990628463
1820,EUR_CAD,2025-02-11 08:00:00,2025-02-11 12:00:00,1,0.01112665811,0.9888733419
1821,EUR_JPY,2025-02-11 08:00:00,2025-02-11 12:00:00,0,0.9045692185,0.09543078149
1822,GBP_CHF,2025-02-11 08:00:00,2025-02-11 12:00:00,0,0.990919884,0.009080116012
1823,GBP_AUD,2025-02-13 00:00:00,2025-02-13 04:00:00,1,0.08420799857,0.9157920014
1824,GBP_NZD,2025-02-13 00:00:00,2025-02-13 04:00:00,0,0.9600826423,0.03991735769
1825,AUD_CAD,2025-02-13 20:00:00,2025-02-14 00:00:00,1,0.02072288253,0.9792771175
1826,NZD_CAD,2025-02-13 20:00:00,2025-02-14 00:00:00,1,0.01513985527,0.9848601447
1827,GBP_CAD,2025-02-14 08:00:00,2025-02-14 12:00:00,1,0.03326155192,0.9667384481
1828,AUD_USD,2025-02-17 00:00:00,2025-02-17 04:00:00,0,0.9656225053,0.03437749467
1829,USD_CAD,2025-02-17 08:00:00,2025-02-17 12:00:00,0,0.8624565888,0.1375434112
1830,USD_CHF,2025-02-17 12:00:00,2025-02-17 16:00:00,0,0.977229089,0.02277091099
1831,EUR_AUD,2025-02-17 20:00:00,2025-02-18 00:00:00,0,0.9974202804,0.002579719588
1832,EUR_NZD,2025-02-17 20:00:00,2025-02-18 00:00:00,0,0.9976291854,0.002370814552
1833,NZD_JPY,2025-02-18 20:00:00,2025-02-19 00:00:00,0,0.9919801176,0.008019882385
1834,GBP_NZD,2025-02-19 16:00:00,2025-02-19 20:00:00,0,0.9877573387,0.01224266127
1835,AUD_NZD,2025-02-25 00:00:00,2025-02-25 04:00:00,0,0.9979219455,0.002078054466
1836,EUR_AUD,2025-02-25 00:00:00,2025-02-25 04:00:00,1,0.05853471057,0.9414652894
1837,GBP_JPY,2025-02-25 00:00:00,2025-02-25 04:00:00,0,0.84315997,0.15684003
1838,USD_JPY,2025-02-25 00:00:00,2025-02-25 04:00:00,0,0.9994631433,0.0005368566602
1839,EUR_NZD,2025-02-25 08:00:00,2025-02-25 12:00:00,1,0.03641556416,0.9635844358
1840,GBP_NZD,2025-02-25 08:00:00,2025-02-25 12:00:00,1,0.02252825062,0.9774717494
1841,EUR_CHF,2025-02-26 08:00:00,2025-02-26 12:00:00,0,0.9229541855,0.07704581451
1842,USD_CHF,2025-02-27 00:00:00,2025-02-27 04:00:00,0,0.9928558373,0.007144162673
1843,CAD_JPY,2025-02-27 08:00:00,2025-02-27 12:00:00,0,0.9987420682,0.001257931807
1844,CAD_CHF,2025-02-28 08:00:00,2025-02-28 12:00:00,0,0.9973741604,0.002625839637
1845,EUR_GBP,2025-03-04 00:00:00,2025-03-04 04:00:00,1,0.02015361854,0.9798463815
1846,EUR_JPY,2025-03-04 08:00:00,2025-03-04 12:00:00,0,0.9732201467,0.02677985333
1847,EUR_CHF,2025-03-05 08:00:00,2025-03-05 12:00:00,0,0.9898390057,0.0101609943
1848,NZD_CHF,2025-03-10 16:00:00,2025-03-10 20:00:00,0,0.9981056021,0.001894397866
1849,USD_JPY,2025-03-11 08:00:00,2025-03-11 12:00:00,0,0.9955227522,0.004477247823
1850,AUD_JPY,2025-03-12 08:00:00,2025-03-12 12:00:00,0,0.8916794716,0.1083205284
1851,GBP_JPY,2025-03-12 08:00:00,2025-03-12 12:00:00,0,0.9637799357,0.03622006432
1852,NZD_JPY,2025-03-12 08:00:00,2025-03-12 12:00:00,0,0.8366127098,0.1633872902
1853,AUD_USD,2025-03-12 20:00:00,2025-03-13 00:00:00,0,0.9264335508,0.07356644923
1854,EUR_USD,2025-03-13 04:00:00,2025-03-13 08:00:00,0,0.9928270736,0.007172926363
1855,CAD_JPY,2025-03-17 00:00:00,2025-03-17 04:00:00,0,0.9795569601,0.02044303991
1856,NZD_CHF,2025-03-17 08:00:00,2025-03-17 12:00:00,0,0.8320667861,0.1679332139
1857,USD_CHF,2025-03-18 00:00:00,2025-03-18 04:00:00,0,0.9827413161,0.01725868386
1858,GBP_USD,2025-03-18 20:00:00,2025-03-19 00:00:00,0,0.9824105882,0.01758941183
1859,NZD_CHF,2025-03-21 08:00:00,2025-03-21 12:00:00,0,0.9991747563,0.0008252437257
1860,CAD_CHF,2025-03-24 00:00:00,2025-03-24 04:00:00,0,0.9711433816,0.02885661844
1861,EUR_USD,2025-03-24 08:00:00,2025-03-24 12:00:00,0,0.9975661213,0.002433878662
1862,AUD_NZD,2025-03-25 00:00:00,2025-03-25 04:00:00,0,0.9994040225,0.0005959775332
1863,AUD_CHF,2025-03-28 08:00:00,2025-03-28 12:00:00,0,0.9570296505,0.04297034951
1864,EUR_USD,2025-03-31 00:00:00,2025-03-31 04:00:00,0,0.985550456,0.014449544
1865,GBP_USD,2025-04-01 00:00:00,2025-04-01 04:00:00,0,0.9902802046,0.009719795372
1866,AUD_USD,2025-04-01 16:00:00,2025-04-01 20:00:00,0,0.9895515581,0.01044844193
1867,NZD_CHF,2025-04-01 16:00:00,2025-04-01 20:00:00,0,0.9977362165,0.002263783529
1868,EUR_USD,2025-04-07 08:00:00,2025-04-07 12:00:00,0,0.9963018752,0.003698124763
1869,CHF_JPY,2025-04-07 16:00:00,2025-04-07 20:00:00,0,0.9866224155,0.01337758455
1870,NZD_JPY,2025-04-08 04:00:00,2025-04-08 08:00:00,0,0.9673409434,0.0326590566
1871,AUD_CHF,2025-04-09 20:00:00,2025-04-10 00:00:00,0,0.9759515498,0.02404845024
1872,AUD_JPY,2025-04-09 20:00:00,2025-04-10 00:00:00,0,0.9944291055,0.005570894454
1873,USD_JPY,2025-04-09 20:00:00,2025-04-10 00:00:00,0,0.9892493205,0.01075067955
1874,AUD_CAD,2025-04-10 04:00:00,2025-04-10 08:00:00,1,0.06860018271,0.9313998173
1875,AUD_USD,2025-04-10 04:00:00,2025-04-10 08:00:00,1,0.01198550067,0.9880144993
1876,NZD_CAD,2025-04-10 04:00:00,2025-04-10 08:00:00,0,0.878874257,0.121125743
1877,NZD_CHF,2025-04-10 04:00:00,2025-04-10 08:00:00,0,0.8254906299,0.1745093701
1878,NZD_USD,2025-04-10 04:00:00,2025-04-10 08:00:00,1,0.03149996748,0.9685000325
1879,EUR_CAD,2025-04-11 00:00:00,2025-04-11 04:00:00,0,0.9571695881,0.04283041188
1880,GBP_AUD,2025-04-11 00:00:00,2025-04-11 04:00:00,0,0.9968869396,0.003113060441
1881,EUR_CHF,2025-04-11 08:00:00,2025-04-11 12:00:00,0,0.977332848,0.02266715201
1882,GBP_USD,2025-04-11 08:00:00,2025-04-11 12:00:00,1,0.02045921969,0.9795407803
1883,GBP_JPY,2025-04-11 16:00:00,2025-04-11 20:00:00,1,0.01843218583,0.9815678142
1884,NZD_JPY,2025-04-11 16:00:00,2025-04-11 20:00:00,1,0.03028440827,0.9697155917
1885,CAD_CHF,2025-04-15 00:00:00,2025-04-15 04:00:00,0,0.9939954214,0.006004578572
1886,CAD_JPY,2025-04-15 00:00:00,2025-04-15 04:00:00,0,0.9936330601,0.006366939896
1887,GBP_CHF,2025-04-15 00:00:00,2025-04-15 04:00:00,1,0.03399530782,0.9660046922
1888,USD_CHF,2025-04-15 00:00:00,2025-04-15 04:00:00,0,0.9928713037,0.007128696271
1889,GBP_CAD,2025-04-17 08:00:00,2025-04-17 12:00:00,0,0.9952154126,0.004784587399
1890,AUD_CHF,2025-04-21 20:00:00,2025-04-22 00:00:00,0,0.9260550065,0.07394499352
1891,USD_JPY,2025-04-22 16:00:00,2025-04-22 20:00:00,0,0.9980465805,0.00195341948
1892,AUD_NZD,2025-04-23 00:00:00,2025-04-23 04:00:00,1,0.03327563927,0.9667243607
1893,EUR_NZD,2025-04-24 00:00:00,2025-04-24 04:00:00,0,0.998724074,0.001275925972
1894,NZD_CHF,2025-04-24 08:00:00,2025-04-24 12:00:00,0,0.9950141419,0.004985858079
1895,USD_CAD,2025-04-24 16:00:00,2025-04-24 20:00:00,0,0.9989078153,0.001092184702
1896,GBP_NZD,2025-04-29 16:00:00,2025-04-29 20:00:00,0,0.9730093543,0.02699064575
1897,CAD_JPY,2025-04-30 04:00:00,2025-04-30 08:00:00,1,0.02163500655,0.9783649934
1898,EUR_JPY,2025-04-30 08:00:00,2025-04-30 12:00:00,0,0.9830885375,0.01691146254
1899,EUR_GBP,2025-05-02 08:00:00,2025-05-02 12:00:00,0,0.9996341902,0.0003658097698
1900,USD_CAD,2025-05-06 00:00:00,2025-05-06 04:00:00,0,0.9989483323,0.001051667686
1901,NZD_CHF,2025-05-07 00:00:00,2025-05-07 04:00:00,0,0.997630524,0.002369475991
1902,EUR_AUD,2025-05-07 08:00:00,2025-05-07 12:00:00,0,0.9969102255,0.003089774491
1903,GBP_AUD,2025-05-07 08:00:00,2025-05-07 12:00:00,1,0.008753252291,0.9912467477
1904,GBP_NZD,2025-05-07 12:00:00,2025-05-07 16:00:00,0,0.9936912736,0.006308726428
1905,EUR_GBP,2025-05-09 00:00:00,2025-05-09 04:00:00,0,0.9966266543,0.003373345742
1906,EUR_NZD,2025-05-09 00:00:00,2025-05-09 04:00:00,0,0.9997350486,0.0002649513558
1907,EUR_AUD,2025-05-13 00:00:00,2025-05-13 04:00:00,0,0.9882736534,0.01172634663
1908,EUR_GBP,2025-05-15 00:00:00,2025-05-15 04:00:00,0,0.9969729373,0.0030270627
1909,EUR_NZD,2025-05-19 08:00:00,2025-05-19 12:00:00,0,0.9764074475,0.02359255246
1910,EUR_GBP,2025-05-20 08:00:00,2025-05-20 12:00:00,0,0.9993554806,0.0006445193685
1911,EUR_CAD,2025-05-21 04:00:00,2025-05-21 08:00:00,0,0.9378173429,0.06218265714
1912,NZD_CHF,2025-05-21 12:00:00,2025-05-21 16:00:00,0,0.9921669871,0.007833012946
1913,EUR_JPY,2025-05-26 00:00:00,2025-05-26 04:00:00,1,0.02090526308,0.9790947369
1914,USD_CAD,2025-05-28 04:00:00,2025-05-28 08:00:00,0,0.9709503168,0.0290496832
1915,EUR_AUD,2025-05-28 12:00:00,2025-05-28 16:00:00,0,0.9346135983,0.06538640166
1916,EUR_NZD,2025-05-29 16:00:00,2025-05-29 20:00:00,0,0.9881277182,0.01187228182
1917,EUR_GBP,2025-06-02 08:00:00,2025-06-02 12:00:00,1,0.05088503986,0.9491149601
1918,EUR_USD,2025-06-04 00:00:00,2025-06-04 04:00:00,1,0.03065032789,0.9693496721
1919,EUR_CAD,2025-06-04 08:00:00,2025-06-04 12:00:00,1,0.03442374659,0.9655762534
1920,AUD_USD,2025-06-05 12:00:00,2025-06-05 16:00:00,0,0.9889459177,0.01105408225
1921,AUD_JPY,2025-06-09 00:00:00,2025-06-09 04:00:00,0,0.9553790565,0.04462094347
1922,EUR_CHF,2025-06-09 16:00:00,2025-06-09 20:00:00,0,0.9544918414,0.04550815857
1923,GBP_JPY,2025-06-09 20:00:00,2025-06-10 00:00:00,0,0.9581053537,0.04189464629
1924,NZD_JPY,2025-06-10 16:00:00,2025-06-10 20:00:00,0,0.9186815113,0.08131848868
1925,EUR_AUD,2025-06-11 00:00:00,2025-06-11 04:00:00,0,0.8420583107,0.1579416893
1926,CHF_JPY,2025-06-11 08:00:00,2025-06-11 12:00:00,1,0.04282566653,0.9571743335
1927,EUR_NZD,2025-06-13 00:00:00,2025-06-13 04:00:00,0,0.9704740429,0.0295259571
1928,GBP_USD,2025-06-13 16:00:00,2025-06-13 20:00:00,0,0.9870069172,0.01299308282
1929,AUD_CAD,2025-06-16 08:00:00,2025-06-16 12:00:00,0,0.981649682,0.01835031801
1930,AUD_JPY,2025-06-16 08:00:00,2025-06-16 12:00:00,1,0.03559344387,0.9644065561
1931,CAD_CHF,2025-06-16 08:00:00,2025-06-16 12:00:00,0,0.9896882463,0.01031175369
1932,GBP_CAD,2025-06-16 08:00:00,2025-06-16 12:00:00,0,0.9977054876,0.002294512361
1933,GBP_JPY,2025-06-16 08:00:00,2025-06-16 12:00:00,0,0.9946884924,0.005311507633
1934,NZD_CHF,2025-06-16 08:00:00,2025-06-16 12:00:00,0,0.9961529409,0.003847059142
1935,NZD_JPY,2025-06-16 08:00:00,2025-06-16 12:00:00,1,0.0333347866,0.9666652134
1936,NZD_USD,2025-06-16 08:00:00,2025-06-16 12:00:00,0,0.9662677947,0.03373220527
1937,GBP_CHF,2025-06-16 16:00:00,2025-06-16 20:00:00,0,0.9973831748,0.002616825225
1938,AUD_USD,2025-06-18 04:00:00,2025-06-18 08:00:00,0,0.9883419625,0.01165803751
1939,USD_CHF,2025-06-18 08:00:00,2025-06-18 12:00:00,0,0.9997326259,0.0002673741219
1940,USD_CAD,2025-06-19 04:00:00,2025-06-19 08:00:00,0,0.9859534309,0.01404656913
1941,GBP_JPY,2025-06-19 20:00:00,2025-06-20 00:00:00,1,0.04160889614,0.9583911039
1942,GBP_USD,2025-06-19 20:00:00,2025-06-20 00:00:00,0,0.9958663548,0.004133645239
1943,NZD_CAD,2025-06-19 20:00:00,2025-06-20 00:00:00,0,0.9858454889,0.01415451115
1944,GBP_CAD,2025-06-20 00:00:00,2025-06-20 04:00:00,0,0.959592169,0.04040783103
1945,AUD_NZD,2025-06-23 08:00:00,2025-06-23 12:00:00,0,0.9402898586,0.05971014136
1946,GBP_CHF,2025-06-24 00:00:00,2025-06-24 04:00:00,0,0.9990367059,0.0009632940893
1947,NZD_CHF,2025-06-25 04:00:00,2025-06-25 08:00:00,0,0.9931519512,0.006848048766
1948,AUD_CHF,2025-06-25 12:00:00,2025-06-25 16:00:00,0,0.998538069,0.00146193104
1949,EUR_NZD,2025-06-25 16:00:00,2025-06-25 20:00:00,1,0.02174057693,0.9782594231
1950,AUD_USD,2025-06-26 16:00:00,2025-06-26 20:00:00,0,0.9706408566,0.02935914338
1951,CAD_CHF,2025-06-26 16:00:00,2025-06-26 20:00:00,0,0.9934521819,0.006547818067
1952,CAD_JPY,2025-06-26 16:00:00,2025-06-26 20:00:00,0,0.9916071229,0.008392877098
1953,GBP_USD,2025-06-26 16:00:00,2025-06-26 20:00:00,0,0.9891071865,0.01089281353
1954,USD_JPY,2025-06-27 00:00:00,2025-06-27 04:00:00,0,0.9947157751,0.005284224884
1955,NZD_CAD,2025-06-27 16:00:00,2025-06-27 20:00:00,0,0.9738744531,0.02612554695
1956,NZD_USD,2025-07-01 08:00:00,2025-07-01 12:00:00,0,0.9936743069,0.006325693069
1957,AUD_NZD,2025-07-02 08:00:00,2025-07-02 12:00:00,1,0.03851094647,0.9614890535
1958,CAD_JPY,2025-07-02 08:00:00,2025-07-02 12:00:00,1,0.02726359394,0.9727364061
1959,AUD_CHF,2025-07-03 08:00:00,2025-07-03 12:00:00,0,0.9989255508,0.001074449228
1960,CAD_CHF,2025-07-03 08:00:00,2025-07-03 12:00:00,0,0.9612369459,0.03876305406
1961,GBP_CHF,2025-07-03 08:00:00,2025-07-03 12:00:00,0,0.9956017553,0.00439824467
1962,GBP_USD,2025-07-04 00:00:00,2025-07-04 04:00:00,0,0.9702166481,0.02978335186
1963,NZD_CAD,2025-07-04 00:00:00,2025-07-04 04:00:00,0,0.9996020092,0.0003979907593
1964,USD_CAD,2025-07-04 08:00:00,2025-07-04 12:00:00,1,0.02258582704,0.977414173
1965,GBP_NZD,2025-07-04 16:00:00,2025-07-04 20:00:00,0,0.9598692432,0.04013075677
1966,EUR_CHF,2025-07-04 20:00:00,2025-07-07 00:00:00,0,0.9905317447,0.009468255281
1967,GBP_AUD,2025-07-07 20:00:00,2025-07-08 00:00:00,0,0.9879263334,0.01207366662
1968,USD_JPY,2025-07-08 12:00:00,2025-07-08 16:00:00,0,0.9685040505,0.03149594947
1969,AUD_USD,2025-07-10 00:00:00,2025-07-10 04:00:00,0,0.9112613127,0.08873868732
1970,GBP_USD,2025-07-10 00:00:00,2025-07-10 04:00:00,0,0.9984798202,0.001520179774
1971,NZD_USD,2025-07-10 08:00:00,2025-07-10 12:00:00,0,0.9975856676,0.002414332434
1972,CAD_CHF,2025-07-14 08:00:00,2025-07-14 12:00:00,0,0.8901010234,0.1098989766
1973,NZD_CAD,2025-07-15 00:00:00,2025-07-15 04:00:00,0,0.9866672215,0.01333277851
1974,USD_CHF,2025-07-17 00:00:00,2025-07-17 04:00:00,0,0.9725144017,0.02748559826
1975,USD_JPY,2025-07-17 00:00:00,2025-07-17 04:00:00,0,0.9973617201,0.002638279945
1976,GBP_CAD,2025-07-17 08:00:00,2025-07-17 12:00:00,0,0.9968741537,0.003125846261
1977,GBP_USD,2025-07-18 00:00:00,2025-07-18 04:00:00,0,0.9562026767,0.04379732334
1978,GBP_NZD,2025-07-21 00:00:00,2025-07-21 04:00:00,0,0.9855323471,0.01446765287
1979,NZD_CHF,2025-07-21 08:00:00,2025-07-21 12:00:00,0,0.9994722664,0.0005277336489
1980,EUR_CHF,2025-07-21 16:00:00,2025-07-21 20:00:00,0,0.9407676805,0.05923231947
1981,GBP_AUD,2025-07-22 00:00:00,2025-07-22 04:00:00,0,0.9962004256,0.003799574394
1982,AUD_USD,2025-07-23 00:00:00,2025-07-23 04:00:00,0,0.9989116632,0.001088336824
1983,NZD_USD,2025-07-23 00:00:00,2025-07-23 04:00:00,0,0.9987551644,0.001244835618
1984,USD_CHF,2025-07-23 16:00:00,2025-07-23 20:00:00,0,0.9771676265,0.0228323735
1985,NZD_CAD,2025-07-24 00:00:00,2025-07-24 04:00:00,0,0.9759901261,0.02400987391
1986,EUR_CHF,2025-07-25 00:00:00,2025-07-25 04:00:00,0,0.9826162012,0.01738379876
1987,EUR_JPY,2025-07-25 00:00:00,2025-07-25 04:00:00,0,0.9765727387,0.02342726128
1988,GBP_NZD,2025-07-25 04:00:00,2025-07-25 08:00:00,0,0.9964483363,0.003551663739
1989,GBP_CHF,2025-07-29 08:00:00,2025-07-29 12:00:00,0,0.9949588053,0.005041194744
1990,NZD_CAD,2025-07-29 16:00:00,2025-07-29 20:00:00,0,0.9738212268,0.02617877322
1991,EUR_CAD,2025-08-01 08:00:00,2025-08-01 12:00:00,1,0.006442994767,0.9935570052
1992,EUR_CHF,2025-08-01 08:00:00,2025-08-01 12:00:00,0,0.8650750468,0.1349249532
1993,AUD_USD,2025-08-04 04:00:00,2025-08-04 08:00:00,0,0.9107675494,0.0892324506
1994,EUR_JPY,2025-08-04 04:00:00,2025-08-04 08:00:00,1,0.01589447435,0.9841055256
1995,CAD_CHF,2025-08-05 00:00:00,2025-08-05 04:00:00,0,0.9394744772,0.06052552279
1996,GBP_CHF,2025-08-05 00:00:00,2025-08-05 04:00:00,0,0.9317178352,0.06828216482
1997,GBP_USD,2025-08-05 16:00:00,2025-08-05 20:00:00,1,0.03919344935,0.9608065507
1998,NZD_CAD,2025-08-06 00:00:00,2025-08-06 04:00:00,0,0.9981612774,0.001838722601
1999,NZD_CHF,2025-08-06 00:00:00,2025-08-06 04:00:00,0,0.8944955228,0.1055044772
2000,NZD_USD,2025-08-06 00:00:00,2025-08-06 04:00:00,0,0.9101750538,0.08982494621
2001,EUR_GBP,2025-08-06 08:00:00,2025-08-06 12:00:00,0,0.988982732,0.01101726796
2002,EUR_USD,2025-08-07 04:00:00,2025-08-07 08:00:00,0,0.9569522785,0.04304772146
2003,GBP_CAD,2025-08-07 08:00:00,2025-08-07 12:00:00,1,0.02615132708,0.9738486729
2004,GBP_NZD,2025-08-08 08:00:00,2025-08-08 12:00:00,1,0.04440459691,0.9555954031
2005,EUR_AUD,2025-08-11 00:00:00,2025-08-11 04:00:00,0,0.8738976166,0.1261023834
2006,AUD_CHF,2025-08-11 08:00:00,2025-08-11 12:00:00,0,0.9962668002,0.003733199796
2007,AUD_CAD,2025-08-12 00:00:00,2025-08-12 04:00:00,0,0.9895078037,0.01049219633
2008,CHF_JPY,2025-08-12 20:00:00,2025-08-13 00:00:00,0,0.9993870133,0.0006129867258
2009,EUR_USD,2025-08-15 00:00:00,2025-08-15 04:00:00,0,0.9848792664,0.01512073358
2010,AUD_CAD,2025-08-15 08:00:00,2025-08-15 12:00:00,0,0.9993155754,0.0006844245503
2011,EUR_GBP,2025-08-15 08:00:00,2025-08-15 12:00:00,1,0.01246919673,0.9875308033
2012,GBP_AUD,2025-08-19 16:00:00,2025-08-19 20:00:00,0,0.9654325742,0.03456742578
2013,AUD_CAD,2025-08-22 00:00:00,2025-08-22 04:00:00,1,0.03454999992,0.9654500001
2014,CHF_JPY,2025-08-22 00:00:00,2025-08-22 04:00:00,1,0.04404978178,0.9559502182
2015,EUR_NZD,2025-08-22 12:00:00,2025-08-22 16:00:00,0,0.9929493105,0.007050689477
2016,AUD_USD,2025-08-22 16:00:00,2025-08-22 20:00:00,1,0.02863609518,0.9713639048
2017,NZD_CAD,2025-08-22 16:00:00,2025-08-22 20:00:00,0,0.9955293914,0.004470608551
2018,AUD_CHF,2025-08-25 00:00:00,2025-08-25 04:00:00,0,0.8409215232,0.1590784768
2019,AUD_JPY,2025-08-25 00:00:00,2025-08-25 04:00:00,1,0.03660424083,0.9633957592
2020,CAD_CHF,2025-08-25 00:00:00,2025-08-25 04:00:00,0,0.9909398035,0.009060196497
2021,GBP_JPY,2025-08-25 00:00:00,2025-08-25 04:00:00,0,0.9944693542,0.005530645787
2022,NZD_CHF,2025-08-25 00:00:00,2025-08-25 04:00:00,0,0.8973459105,0.1026540895
2023,NZD_JPY,2025-08-25 00:00:00,2025-08-25 04:00:00,1,0.01840567457,0.9815943254
2024,USD_JPY,2025-08-25 00:00:00,2025-08-25 04:00:00,0,0.9646187287,0.03538127135
2025,NZD_USD,2025-08-26 12:00:00,2025-08-26 16:00:00,1,0.02526095727,0.9747390427
2026,NZD_CAD,2025-08-29 12:00:00,2025-08-29 16:00:00,0,0.9321867947,0.06781320534
2027,EUR_USD,2025-09-01 04:00:00,2025-09-01 08:00:00,0,0.9601660515,0.03983394848
2028,CAD_JPY,2025-09-03 00:00:00,2025-09-03 04:00:00,0,0.9922559277,0.00774407229
2029,EUR_NZD,2025-09-03 08:00:00,2025-09-03 12:00:00,0,0.9937551698,0.006244830235
2030,AUD_NZD,2025-09-03 12:00:00,2025-09-03 16:00:00,0,0.9847522427,0.01524775733
2031,USD_CAD,2025-09-04 04:00:00,2025-09-04 08:00:00,0,0.9488020483,0.05119795169
2032,EUR_USD,2025-09-05 00:00:00,2025-09-05 04:00:00,0,0.956724819,0.04327518102
2033,NZD_CAD,2025-09-05 00:00:00,2025-09-05 04:00:00,0,0.8679600254,0.1320399746
2034,AUD_NZD,2025-09-09 16:00:00,2025-09-09 20:00:00,1,0.04636311503,0.953636885
2035,CAD_JPY,2025-09-10 08:00:00,2025-09-10 12:00:00,0,0.9987583622,0.001241637793
2036,USD_CAD,2025-09-11 04:00:00,2025-09-11 08:00:00,0,0.9844013015,0.0155986985
2037,GBP_AUD,2025-09-15 08:00:00,2025-09-15 12:00:00,0,0.9344354327,0.06556456731
2038,NZD_CHF,2025-09-15 20:00:00,2025-09-16 00:00:00,0,0.9965287027,0.003471297309
2039,USD_JPY,2025-09-16 00:00:00,2025-09-16 04:00:00,0,0.9936405742,0.006359425771
2040,USD_CAD,2025-09-17 16:00:00,2025-09-17 20:00:00,1,0.01781054942,0.9821894506
2041,CAD_CHF,2025-09-18 04:00:00,2025-09-18 08:00:00,0,0.9996534959,0.0003465041025
2042,USD_CHF,2025-09-18 04:00:00,2025-09-18 08:00:00,1,0.02865186454,0.9713481355
2043,USD_JPY,2025-09-19 12:00:00,2025-09-19 16:00:00,0,0.963335475,0.03666452502
2044,EUR_NZD,2025-09-22 20:00:00,2025-09-23 00:00:00,1,0.005615270089,0.9943847299
2045,EUR_AUD,2025-09-23 00:00:00,2025-09-23 04:00:00,0,0.9120486714,0.08795132861
2046,NZD_CAD,2025-09-26 16:00:00,2025-09-26 20:00:00,0,0.9974707071,0.002529292886
2047,EUR_CAD,2025-09-30 08:00:00,2025-09-30 12:00:00,0,0.9848154287,0.01518457127
2048,EUR_CHF,2025-09-30 08:00:00,2025-09-30 12:00:00,0,0.9627809274,0.03721907259
2049,NZD_USD,2025-09-30 16:00:00,2025-09-30 20:00:00,0,0.9964583008,0.003541699215
2050,GBP_CHF,2025-10-01 08:00:00,2025-10-01 12:00:00,0,0.8733540708,0.1266459292
2051,NZD_CHF,2025-10-01 08:00:00,2025-10-01 12:00:00,0,0.9993037288,0.00069627119
2052,EUR_JPY,2025-10-03 00:00:00,2025-10-03 04:00:00,1,0.007427914737,0.9925720853
2053,NZD_JPY,2025-10-03 00:00:00,2025-10-03 04:00:00,1,0.01922931307,0.9807706869
2054,GBP_CAD,2025-10-03 08:00:00,2025-10-03 12:00:00,0,0.9952237488,0.004776251231
2055,GBP_USD,2025-10-03 08:00:00,2025-10-03 12:00:00,0,0.9984261115,0.001573888462
2056,GBP_AUD,2025-10-03 16:00:00,2025-10-03 20:00:00,0,0.9273887022,0.07261129781
2057,CAD_JPY,2025-10-06 00:00:00,2025-10-06 04:00:00,0,0.9635055889,0.03649441108
2058,CAD_CHF,2025-10-06 08:00:00,2025-10-06 12:00:00,0,0.9993184395,0.0006815605301
2059,EUR_CAD,2025-10-06 16:00:00,2025-10-06 20:00:00,0,0.9839538831,0.01604611694
2060,USD_JPY,2025-10-06 20:00:00,2025-10-07 00:00:00,1,0.02589661969,0.9741033803
2061,EUR_AUD,2025-10-07 00:00:00,2025-10-07 04:00:00,0,0.9752338886,0.02476611144
2062,GBP_NZD,2025-10-07 00:00:00,2025-10-07 04:00:00,0,0.8803956124,0.1196043876
2063,NZD_CHF,2025-10-08 12:00:00,2025-10-08 16:00:00,0,0.9874756858,0.01252431422
2064,GBP_JPY,2025-10-09 00:00:00,2025-10-09 04:00:00,0,0.9576171422,0.04238285776
2065,NZD_USD,2025-10-09 00:00:00,2025-10-09 04:00:00,0,0.9981585208,0.001841479168
2066,EUR_AUD,2025-10-10 16:00:00,2025-10-10 20:00:00,0,0.9681239681,0.03187603189
2067,CAD_CHF,2025-10-13 08:00:00,2025-10-13 12:00:00,0,0.9988519462,0.001148053822
2068,EUR_CHF,2025-10-13 08:00:00,2025-10-13 12:00:00,0,0.9928345522,0.007165447835
2069,GBP_CHF,2025-10-13 08:00:00,2025-10-13 12:00:00,0,0.9952434857,0.004756514275
2070,GBP_CAD,2025-10-13 16:00:00,2025-10-13 20:00:00,0,0.8851538374,0.1148461626
2071,EUR_CAD,2025-10-14 16:00:00,2025-10-14 20:00:00,0,0.8917128299,0.1082871701
2072,EUR_USD,2025-10-14 16:00:00,2025-10-14 20:00:00,0,0.8965098896,0.1034901104
2073,AUD_USD,2025-10-15 00:00:00,2025-10-15 04:00:00,0,0.8959543396,0.1040456604
2074,EUR_AUD,2025-10-16 16:00:00,2025-10-16 20:00:00,0,0.9925187556,0.007481244446
2075,NZD_USD,2025-10-17 04:00:00,2025-10-17 08:00:00,0,0.9621088837,0.03789111632
2076,GBP_JPY,2025-10-17 20:00:00,2025-10-20 00:00:00,0,0.9711836138,0.02881638617
2077,AUD_CAD,2025-10-20 00:00:00,2025-10-20 04:00:00,0,0.8572215163,0.1427784837
2078,CHF_JPY,2025-10-20 00:00:00,2025-10-20 04:00:00,0,0.9971456299,0.002854370144
2079,GBP_USD,2025-10-20 04:00:00,2025-10-20 08:00:00,0,0.9940865217,0.005913478262
2080,GBP_AUD,2025-10-20 12:00:00,2025-10-20 16:00:00,0,0.99869416,0.001305839972
2081,AUD_CHF,2025-10-21 00:00:00,2025-10-21 04:00:00,1,0.02434040877,0.9756595912
2082,AUD_USD,2025-10-21 00:00:00,2025-10-21 04:00:00,0,0.9505965519,0.04940344814
2083,NZD_CAD,2025-10-21 00:00:00,2025-10-21 04:00:00,0,0.9775362089,0.02246379106
2084,EUR_GBP,2025-10-22 08:00:00,2025-10-22 12:00:00,0,0.9483015036,0.05169849644
2085,GBP_CHF,2025-10-22 16:00:00,2025-10-22 20:00:00,0,0.9475789186,0.05242108139
2086,AUD_JPY,2025-10-23 00:00:00,2025-10-23 04:00:00,1,0.02254392043,0.9774560796
2087,CAD_JPY,2025-10-24 20:00:00,2025-10-27 00:00:00,0,0.9555037109,0.04449628914
2088,GBP_USD,2025-10-27 00:00:00,2025-10-27 04:00:00,0,0.9952483857,0.004751614313
2089,AUD_USD,2025-10-27 08:00:00,2025-10-27 12:00:00,0,0.9670225552,0.03297744478
2090,CAD_CHF,2025-10-27 08:00:00,2025-10-27 12:00:00,0,0.9879780068,0.01202199317
2091,EUR_CHF,2025-10-27 08:00:00,2025-10-27 12:00:00,0,0.986032603,0.01396739704
2092,NZD_CAD,2025-10-27 16:00:00,2025-10-27 20:00:00,0,0.9742618757,0.02573812434
2093,NZD_CHF,2025-10-29 16:00:00,2025-10-29 20:00:00,0,0.9768938453,0.02310615472
2094,EUR_AUD,2025-10-30 12:00:00,2025-10-30 16:00:00,0,0.98707843,0.01292156995
2095,GBP_AUD,2025-10-30 12:00:00,2025-10-30 16:00:00,0,0.971756121,0.02824387903
2096,GBP_NZD,2025-10-30 12:00:00,2025-10-30 16:00:00,0,0.936397264,0.06360273599
2097,CAD_CHF,2025-11-03 08:00:00,2025-11-03 12:00:00,0,0.990682082,0.009317918039
2098,EUR_CHF,2025-11-03 08:00:00,2025-11-03 12:00:00,0,0.9762683365,0.02373166353
2099,GBP_CHF,2025-11-03 08:00:00,2025-11-03 12:00:00,0,0.9996014533,0.000398546721
2100,EUR_CAD,2025-11-04 20:00:00,2025-11-05 00:00:00,0,0.8875107492,0.1124892508
2101,EUR_AUD,2025-11-06 00:00:00,2025-11-06 04:00:00,0,0.8821120793,0.1178879207
2102,GBP_CAD,2025-11-06 00:00:00,2025-11-06 04:00:00,0,0.9925595235,0.00744047648
2103,EUR_USD,2025-11-06 20:00:00,2025-11-07 00:00:00,0,0.9457282176,0.05427178236
2104,GBP_USD,2025-11-06 20:00:00,2025-11-07 00:00:00,0,0.9897143365,0.01028566349
2105,CHF_JPY,2025-11-07 08:00:00,2025-11-07 12:00:00,1,0.009880051027,0.990119949
2106,CAD_CHF,2025-11-07 20:00:00,2025-11-10 00:00:00,0,0.9971038203,0.002896179721
2107,GBP_CHF,2025-11-10 08:00:00,2025-11-10 12:00:00,0,0.9996921116,0.0003078883676
2108,GBP_JPY,2025-11-11 16:00:00,2025-11-11 20:00:00,1,0.03957350127,0.9604264987
2109,NZD_CAD,2025-11-12 00:00:00,2025-11-12 04:00:00,0,0.9988614931,0.001138506863
2110,NZD_CHF,2025-11-12 00:00:00,2025-11-12 04:00:00,0,0.9947066947,0.005293305344
2111,NZD_USD,2025-11-12 12:00:00,2025-11-12 16:00:00,0,0.9864928675,0.0135071325
2112,GBP_CAD,2025-11-13 08:00:00,2025-11-13 12:00:00,0,0.9526963862,0.04730361377
2113,GBP_AUD,2025-11-17 00:00:00,2025-11-17 04:00:00,0,0.7516629568,0.2483370432
2114,CAD_JPY,2025-11-17 08:00:00,2025-11-17 12:00:00,1,0.02462467945,0.9753753205
2115,EUR_CHF,2025-11-18 08:00:00,2025-11-18 12:00:00,1,0.03062951469,0.9693704853
2116,USD_CHF,2025-11-19 00:00:00,2025-11-19 04:00:00,0,0.9135445301,0.08645546989
2117,CAD_CHF,2025-11-19 08:00:00,2025-11-19 12:00:00,0,0.9861903074,0.01380969264
2118,GBP_CHF,2025-11-19 08:00:00,2025-11-19 12:00:00,0,0.9389091795,0.06109082046
2119,EUR_NZD,2025-11-19 12:00:00,2025-11-19 16:00:00,0,0.9312760032,0.06872399684
2120,NZD_CHF,2025-11-20 12:00:00,2025-11-20 16:00:00,0,0.8933140744,0.1066859256
2121,USD_CAD,2025-11-24 08:00:00,2025-11-24 12:00:00,0,0.9955986665,0.004401333457
2122,AUD_CAD,2025-11-24 16:00:00,2025-11-24 20:00:00,0,0.891417017,0.108582983
2123,NZD_CAD,2025-11-25 00:00:00,2025-11-25 04:00:00,0,0.9677849547,0.03221504534
2124,GBP_CAD,2025-11-25 08:00:00,2025-11-25 12:00:00,0,0.9517242465,0.04827575348
2125,GBP_USD,2025-11-25 08:00:00,2025-11-25 12:00:00,1,0.04968304069,0.9503169593
2126,AUD_USD,2025-11-26 00:00:00,2025-11-26 04:00:00,1,0.0134124272,0.9865875728
2127,NZD_CHF,2025-11-26 00:00:00,2025-11-26 04:00:00,0,0.9957161297,0.004283870275
2128,NZD_USD,2025-11-26 00:00:00,2025-11-26 04:00:00,1,0.02865057239,0.9713494276
2129,EUR_USD,2025-11-26 04:00:00,2025-11-26 08:00:00,1,0.03196420438,0.9680357956
2130,GBP_CAD,2025-12-01 08:00:00,2025-12-01 12:00:00,0,0.9710301625,0.02896983749
2131,USD_CAD,2025-12-01 20:00:00,2025-12-02 00:00:00,0,0.9983513185,0.001648681475
2132,AUD_NZD,2025-12-02 00:00:00,2025-12-02 04:00:00,1,0.02505835287,0.9749416471
2133,EUR_NZD,2025-12-02 08:00:00,2025-12-02 12:00:00,0,0.9985830811,0.001416918861
2134,NZD_JPY,2025-12-03 00:00:00,2025-12-03 04:00:00,1,0.03699660058,0.9630033994
2135,USD_JPY,2025-12-04 20:00:00,2025-12-05 00:00:00,0,0.9650729698,0.0349270302
2136,EUR_JPY,2025-12-09 16:00:00,2025-12-09 20:00:00,0,0.9696806937,0.03031930633
2137,EUR_NZD,2025-12-10 00:00:00,2025-12-10 04:00:00,0,0.9249362096,0.07506379043
2138,EUR_AUD,2025-12-12 16:00:00,2025-12-12 20:00:00,0,0.934173489,0.06582651095
2139,GBP_AUD,2025-12-12 16:00:00,2025-12-12 20:00:00,0,0.9484191609,0.0515808391
2140,EUR_CAD,2025-12-15 08:00:00,2025-12-15 12:00:00,0,0.9985251687,0.001474831271
2141,GBP_CAD,2025-12-16 08:00:00,2025-12-16 12:00:00,0,0.9949428133,0.005057186706
2142,AUD_CHF,2025-12-17 08:00:00,2025-12-17 12:00:00,0,0.9981350019,0.00186499815
2143,EUR_GBP,2025-12-18 00:00:00,2025-12-18 04:00:00,0,0.9781130702,0.02188692983
2144,USD_CHF,2025-12-18 08:00:00,2025-12-18 12:00:00,0,0.9801423951,0.01985760487
2145,EUR_JPY,2025-12-19 00:00:00,2025-12-19 04:00:00,0,0.9830503093,0.01694969074
2146,USD_CAD,2025-12-19 04:00:00,2025-12-19 08:00:00,0,0.9996733962,0.000326603787
2147,AUD_JPY,2025-12-22 20:00:00,2025-12-23 00:00:00,0,0.9280388642,0.07196113583
2148,GBP_CAD,2025-12-23 00:00:00,2025-12-23 04:00:00,0,0.9987316785,0.001268321509
2149,AUD_CHF,2025-12-23 08:00:00,2025-12-23 12:00:00,0,0.9963840557,0.003615944347
2150,EUR_GBP,2025-12-29 08:00:00,2025-12-29 12:00:00,0,0.9861365984,0.01386340162
2151,GBP_CAD,2025-12-29 08:00:00,2025-12-29 12:00:00,0,0.9989519062,0.001048093773
2152,USD_CAD,2025-12-29 08:00:00,2025-12-29 12:00:00,0,0.9989288253,0.001071174686
2153,USD_CHF,2025-12-31 04:00:00,2025-12-31 08:00:00,0,0.998550791,0.001449208953
