{
  "ending_equity": 119931.5404570495,
  "full_data_annualised_roi_pct": 60.49601311539041,
  "full_data_max_dd_pct": 0.01498670059429457,
  "full_data_roi_pct": 1099.315404570495,
  "n_trades": 365
}
