{
  "ending_equity": 61779.918130459046,
  "full_data_annualised_roi_pct": 41.45008918161797,
  "full_data_max_dd_pct": 2.51737931112764,
  "full_data_roi_pct": 517.7991813045904,
  "full_data_worst_day_dd_pct": 2.0062853595074253,
  "n_trades": 236
}
