{
  "approach_a": {
    "auc_drift_iso": -0.0037359900373600263,
    "auc_drift_platt": 0.0,
    "auc_preserved_within_0.01": true,
    "iso_auc": 0.6577677459526774,
    "n_cal": 425,
    "n_pos_cal": 73,
    "n_pos_test": 73,
    "n_pos_train": 219,
    "n_test": 425,
    "n_train": 1274,
    "platt_auc": 0.6615037359900374,
    "uncal_auc": 0.6615037359900374
  },
  "approach_b_aggregate": {
    "iso_auc": {
      "mean": 0.6247187696245915,
      "std": 0.052510366320266545
    },
    "iso_precision_at_40": {
      "mean": 0.09945054945054946,
      "std": 0.13868049145536182
    },
    "iso_precision_at_50": {
      "mean": 0.06666666666666667,
      "std": 0.14907119849998599
    },
    "iso_precision_at_60": {
      "mean": 0.06666666666666667,
      "std": 0.14907119849998599
    },
    "iso_precision_at_70": {
      "mean": 0.06666666666666667,
      "std": 0.14907119849998599
    },
    "iso_recall_at_40": {
      "mean": 0.04657534246575342,
      "std": 0.06821862793418483
    },
    "iso_recall_at_50": {
      "mean": 0.0027397260273972603,
      "std": 0.006126213636985725
    },
    "iso_recall_at_60": {
      "mean": 0.0027397260273972603,
      "std": 0.006126213636985725
    },
    "iso_recall_at_70": {
      "mean": 0.0027397260273972603,
      "std": 0.006126213636985725
    },
    "platt_auc": {
      "mean": 0.6264050320557171,
      "std": 0.051192436536383196
    },
    "platt_precision_at_40": {
      "mean": 0.22727272727272724,
      "std": 0.43598468393751993
    },
    "platt_precision_at_50": {
      "mean": 0.05,
      "std": 0.11180339887498951
    },
    "platt_precision_at_60": {
      "mean": 0.0,
      "std": 0.0
    },
    "platt_precision_at_70": {
      "mean": 0.0,
      "std": 0.0
    },
    "platt_recall_at_40": {
      "mean": 0.010958904109589041,
      "std": 0.017860828507404516
    },
    "platt_recall_at_50": {
      "mean": 0.0027397260273972603,
      "std": 0.006126213636985725
    },
    "platt_recall_at_60": {
      "mean": 0.0,
      "std": 0.0
    },
    "platt_recall_at_70": {
      "mean": 0.0,
      "std": 0.0
    },
    "uncal_auc": {
      "mean": 0.6264050320557171,
      "std": 0.051192436536383196
    },
    "uncal_precision_at_40": {
      "mean": 0.0,
      "std": 0.0
    },
    "uncal_precision_at_50": {
      "mean": 0.0,
      "std": 0.0
    },
    "uncal_precision_at_60": {
      "mean": 0.0,
      "std": 0.0
    },
    "uncal_precision_at_70": {
      "mean": 0.0,
      "std": 0.0
    },
    "uncal_recall_at_40": {
      "mean": 0.0,
      "std": 0.0
    },
    "uncal_recall_at_50": {
      "mean": 0.0,
      "std": 0.0
    },
    "uncal_recall_at_60": {
      "mean": 0.0,
      "std": 0.0
    },
    "uncal_recall_at_70": {
      "mean": 0.0,
      "std": 0.0
    }
  },
  "extended_sweep_first_pass_at_recall_0_60": {
    "iso": {
      "highest_threshold_with_recall_ge_0_60": 0.19,
      "n_admitted_there": 200,
      "precision_there": 0.25,
      "recall_there": 0.684931506849315
    },
    "platt": {
      "highest_threshold_with_recall_ge_0_60": 0.19,
      "n_admitted_there": 166,
      "precision_there": 0.2710843373493976,
      "recall_there": 0.6164383561643836
    },
    "uncal": {
      "highest_threshold_with_recall_ge_0_60": 0.2,
      "n_admitted_there": 162,
      "precision_there": 0.2716049382716049,
      "recall_there": 0.6027397260273972
    }
  },
  "recall_floor_v2_2_s3": 0.6,
  "reproduced_uncal_auc": 0.6257867132867132,
  "reproduction_parity": {
    "matches_step4": true,
    "reproduced_threshold_precision_at_40": 0.3333333333333333,
    "reproduced_threshold_recall_at_40": 0.0027397260273972603,
    "step4_n_thresholds": 4,
    "step4_sweep_present": true,
    "step4_threshold_precision_at_40": 0.3333333333,
    "step4_threshold_recall_at_40": 0.002739726027,
    "step4_threshold_recall_max": 0.002739726027
  },
  "thresholds": [
    0.4,
    0.5,
    0.6,
    0.7
  ],
  "verdict": {
    "iso_best_recall": [
      0.0273972602739726,
      0.4,
      0.3333333333333333
    ],
    "outcome": "OUTCOME_B",
    "platt_best_recall": [
      0.0,
      0.4,
      0.0
    ],
    "uncal_best_recall": [
      0.0,
      0.4,
      0.0
    ],
    "v2_2_s3_passes_iso": false,
    "v2_2_s3_passes_platt": false,
    "v2_2_s3_passes_uncal": false
  }
}
