{
  "ending_equity": 10428.535207242148,
  "full_data_annualised_roi_pct": 0.8022706909811772,
  "full_data_max_dd_pct": 62.98560728084565,
  "full_data_roi_pct": 4.285352072421489,
  "n_trades": 2153
}
