fold,auc
1,0.84838
2,0.735746
3,0.717263
4,0.714402
5,0.738041
