{
  "archetypes": [
    {
      "centroid": {
        "local_peaks": 1.215953307392996,
        "monotonicity": 0.2507505153171206,
        "pullback": 0.01876866712539883,
        "time_to_peak_rel": 0.1307320202470846
      },
      "cluster_ids": [
        0,
        3
      ],
      "distribution_csv": "results\\l_arc_3\\step3_capturability\\early-peak_hold_distribution.csv",
      "final_r": {
        "mean": -0.9875706118453988,
        "p25": -1.00510552575,
        "p5": -1.0307131875,
        "p50": -1.00178186,
        "p75": -1.0011032205000001,
        "p95": -1.00054288185,
        "t_stat": -150.90354090268016
      },
      "frequencies": {
        "frac_reach_1R": 0.11964980544747082,
        "frac_reach_2R": 0.016536964980544747,
        "frac_wrong_way": 0.9883268482490273,
        "pct_peak_and_collapse": 0.11673151750972763
      },
      "gates": {
        "direction": "FAIL",
        "failure_reasons": [
          "monotonicity_centroid 0.251 < 0.55",
          "mfe_h240_p50 0.346R < 1.5R",
          "frac_reach_1R 0.120 < 0.7",
          "frac_wrong_way 0.988 > 0.3",
          "shape_tag=no_magnitude not in {tight_unimodal, heavy_right_tail}"
        ],
        "local_peaks": "PASS",
        "mfe_p50": "FAIL",
        "monotonicity": "FAIL",
        "shape_tag": "FAIL",
        "size": "PASS",
        "verdict": "FAIL"
      },
      "label": "Early-peak hold",
      "mass_in_band": {
        "-0.5R_to_0R": 0.0009727626459143969,
        "-1R_to_-0.5R": 0.0,
        "0.5R_to_1R": 0.0019455252918287938,
        "0R_to_0.5R": 0.0048638132295719845,
        "1R_to_2R": 0.0029182879377431907,
        "2R_to_5R": 0.0009727626459143969,
        "gt_5R": 0.0,
        "le_-1R": 0.9883268482490273
      },
      "mfe_h240": {
        "p25": 0.132408364425,
        "p5": 0.0126038255055,
        "p50": 0.3460113345,
        "p75": 0.6644387708,
        "p95": 1.4981208142499998
      },
      "out_of_scope_for_step_4": false,
      "shape_tag": "no_magnitude",
      "shape_tag_log": {
        "iqr": 0.004002305249999782,
        "no_magnitude_p75_le_0.5R": true,
        "p25": -1.00510552575,
        "p50": -1.00178186,
        "p75": -1.0011032205000001,
        "p95": -1.00054288185,
        "skew": 11.964129869120407,
        "std": 0.2098288906529236
      },
      "size_count": 1028,
      "size_fraction_of_pool": 0.40031152647975077,
      "treatment": "full_evaluation"
    },
    {
      "centroid": {
        "local_peaks": 16.725601131541726,
        "monotonicity": 0.5594106191724186,
        "pullback": 0.46495056591265915,
        "time_to_peak_rel": 0.8026824009898161
      },
      "cluster_ids": [
        2,
        4
      ],
      "distribution_csv": "results\\l_arc_3\\step3_capturability\\stepwise_climber_distribution.csv",
      "final_r": {
        "mean": 1.8174506395663366,
        "p25": -1.0013893925,
        "p5": -1.0146268984,
        "p50": 1.84501628,
        "p75": 3.800553846,
        "p95": 6.202930509499998,
        "t_stat": 17.535462026417477
      },
      "frequencies": {
        "frac_reach_1R": 0.8359264497878359,
        "frac_reach_2R": 0.6831683168316832,
        "frac_wrong_way": 0.38330975954738333,
        "pct_peak_and_collapse": 0.2871287128712871
      },
      "gates": {
        "direction": "FAIL",
        "failure_reasons": [
          "frac_wrong_way 0.383 > 0.3",
          "shape_tag=bimodal not in {tight_unimodal, heavy_right_tail}"
        ],
        "local_peaks": "PASS",
        "mfe_p50": "PASS",
        "monotonicity": "PASS",
        "shape_tag": "FAIL",
        "size": "PASS",
        "verdict": "FAIL"
      },
      "label": "Stepwise climber",
      "mass_in_band": {
        "-0.5R_to_0R": 0.009900990099009901,
        "-1R_to_-0.5R": 0.002828854314002829,
        "0.5R_to_1R": 0.021216407355021217,
        "0R_to_0.5R": 0.009900990099009901,
        "1R_to_2R": 0.09618104667609619,
        "2R_to_5R": 0.347949080622348,
        "gt_5R": 0.13154172560113153,
        "le_-1R": 0.38048090523338046
      },
      "mfe_h240": {
        "p25": 1.4363461195,
        "p5": 0.52384121756,
        "p50": 3.343711638,
        "p75": 5.0450239544999995,
        "p95": 7.5660771384
      },
      "out_of_scope_for_step_4": false,
      "shape_tag": "bimodal",
      "shape_tag_log": {
        "bimodal_decision": "fire",
        "iqr": 4.8019432385,
        "kde_peak_count": 4,
        "mode_separation_R": 3.828041415892368,
        "p25": -1.0013893925,
        "p50": 1.84501628,
        "p75": 3.800553846,
        "p95": 6.202930509499998,
        "p95_over_p75": 1.63211225543573,
        "skew": 0.6804705162813279,
        "std": 2.755847099635537,
        "valley_depth_pct": 0.46128272581550434
      },
      "size_count": 707,
      "size_fraction_of_pool": 0.27531152647975077,
      "treatment": "full_evaluation"
    },
    {
      "centroid": {
        "local_peaks": 8.697768762677486,
        "monotonicity": 0.49891837516044624,
        "pullback": 0.4729253980425963,
        "time_to_peak_rel": 0.3845657514000609
      },
      "cluster_ids": [
        1
      ],
      "distribution_csv": "results\\l_arc_3\\step3_capturability\\unassigned_cluster_1___peak-and-collapse_near-miss_distribution.csv",
      "final_r": {
        "mean": -0.3519421477024341,
        "p25": -1.00468122,
        "p5": -1.0504882908,
        "p50": -1.001462579,
        "p75": -0.06692024069,
        "p95": 2.5318646041999995,
        "t_stat": -6.43489297683299
      },
      "frequencies": {
        "frac_reach_1R": 0.8093306288032455,
        "frac_reach_2R": 0.4847870182555781,
        "frac_wrong_way": 0.7322515212981744,
        "pct_peak_and_collapse": 0.6632860040567952
      },
      "gates": {
        "direction": "FAIL",
        "failure_reasons": [
          "monotonicity_centroid 0.499 < 0.55",
          "frac_wrong_way 0.732 > 0.3",
          "shape_tag=no_magnitude not in {tight_unimodal, heavy_right_tail}"
        ],
        "local_peaks": "PASS",
        "mfe_p50": "PASS",
        "monotonicity": "FAIL",
        "shape_tag": "FAIL",
        "size": "PASS",
        "verdict": "FAIL"
      },
      "label": "unassigned (cluster 1 / Peak-and-collapse near-miss)",
      "mass_in_band": {
        "-0.5R_to_0R": 0.018255578093306288,
        "-1R_to_-0.5R": 0.010141987829614604,
        "0.5R_to_1R": 0.05070993914807302,
        "0R_to_0.5R": 0.032454361054766734,
        "1R_to_2R": 0.09939148073022312,
        "2R_to_5R": 0.06693711967545639,
        "gt_5R": 0.0,
        "le_-1R": 0.7221095334685599
      },
      "mfe_h240": {
        "p25": 1.165968895,
        "p5": 0.5964553392999999,
        "p50": 1.948247266,
        "p75": 2.914544167,
        "p95": 4.870004916799999
      },
      "out_of_scope_for_step_4": false,
      "shape_tag": "no_magnitude",
      "shape_tag_log": {
        "iqr": 0.9377609793099999,
        "no_magnitude_p75_le_0.5R": true,
        "p25": -1.00468122,
        "p50": -1.001462579,
        "p75": -0.06692024069,
        "p95": 2.5318646041999995,
        "skew": 1.7318371496768676,
        "std": 1.2143766592857275
      },
      "size_count": 493,
      "size_fraction_of_pool": 0.19197819314641745,
      "treatment": "full_evaluation"
    },
    {
      "centroid": {
        "local_peaks": 8.373913043478261,
        "monotonicity": 0.5037068052447826,
        "pullback": 1.0833922788126087,
        "time_to_peak_rel": 0.6413957960017391
      },
      "cluster_ids": [
        6
      ],
      "distribution_csv": "results\\l_arc_3\\step3_capturability\\unassigned_cluster_6___diagnostic_distribution.csv",
      "final_r": {
        "mean": 0.2579671668487392,
        "p25": -1.0021161475,
        "p5": -1.0240939543999998,
        "p50": -1.0011595034999998,
        "p75": 1.47387569,
        "p95": 3.9078167585999983,
        "t_stat": 2.0555152257314515
      },
      "frequencies": {
        "frac_reach_1R": 0.8347826086956521,