{
  "ending_equity": 150947.26495481213,
  "full_data_annualised_roi_pct": 67.68218517094893,
  "full_data_max_dd_pct": 3.7638412923889772,
  "full_data_roi_pct": 1409.4726495481214,
  "full_data_worst_day_dd_pct": 3.0018041681417063,
  "n_trades": 236
}
