day,n_bars,n_open,n_closes,n_sl_closes,dd_daystart_pct,dd_dayhigh_pct,dd_cons_daystart_pct,realized_drop_pct,floating_drop_pct,total_drop_pct,dominant_ccy
2010-02-01,4,1,0,0,0.08843607119351336,0.08843607119351336,0.15160469347460226,-0.0,0.08843607119352301,0.08843607119352301,AUD
2010-02-02,6,1,1,1,0.49281526918216517,0.526933502653915,0.49281526918216517,-0.0,0.4928152691821608,0.4928152691821608,AUD
2010-02-03,6,0,0,0,0.0,0.0,0.0,-0.0,-0.0,0.0,AUD
2010-02-04,6,0,0,0,0.0,0.0,0.0,-0.0,-0.0,0.0,AUD
2010-02-05,6,0,0,0,0.0,0.0,0.0,-0.0,-0.0,0.0,AUD
2010-02-06,1,0,0,0,0.0,0.0,0.0,-0.0,-0.0,0.0,AUD
2010-02-08,6,1,0,0,0.2107154490714406,0.2107154490714406,0.24635885836711452,-0.0,0.2107154490714456,0.21071544907144557,CHF
2010-02-09,6,2,0,0,0.15119173124012167,0.17110650634196567,0.2789501832916401,-0.0,0.15119173124011623,0.15119173124011617,CHF
2010-02-10,6,2,0,0,0.2703533794046564,0.45188180531424677,0.38109383233008803,-0.0,0.2703533794046482,0.27035337940464815,GBP
2010-02-11,6,4,1,1,0.4067774098994258,0.4067774098994258,0.5692763054709726,0.5048952167402817,-0.09811780684085276,0.4067774098994289,CHF
2010-02-12,6,5,0,0,0.004751967257332878,0.13233451257898945,0.9940945782620272,-0.0,0.004751967257331296,0.004751967257331309,GBP
2010-02-15,6,5,0,0,0.22184910710469846,0.22184910710469846,1.192534923810945,-0.0,0.2218491071046947,0.22184910710469477,CHF
2010-02-16,6,5,0,0,0.4564645811743229,0.4564645811743229,1.4180867471572642,-0.0,0.4564645811743283,0.45646458117432837,CHF
2010-02-17,6,5,0,0,0.19639573624135204,0.2771300496610988,1.246967350287169,-0.0,0.1963957362413529,0.19639573624135295,CHF
2010-02-18,6,5,1,1,0.24483623076004138,0.39347418713842947,1.2261973851986903,-0.0,0.24483623076004737,0.24483623076004724,CHF
2010-02-19,6,5,0,0,0.7149940431459655,0.7149940431459655,1.5570544204925723,0.5077540783475464,0.20723996479841406,0.7149940431459606,CHF
2010-02-20,1,3,0,0,0.0,0.0,0.84812441640235,-0.0,-0.0024816613484539016,-0.0024816613484536744,CHF
2010-02-22,6,5,0,0,0.08492887146962519,0.1782893861175888,0.6859293668645327,-0.0,0.084928871469622,0.084928871469622,CHF
2010-02-23,6,6,1,1,0.05013813397178806,0.48566203390793505,0.8043030060322292,-0.0,0.05013813397178568,0.050138133971785334,CHF
2010-02-24,6,6,0,0,0.44378495718779304,0.44378495718779304,1.3226408542486527,-0.0,0.443784957187802,0.44378495718780214,CHF
2010-02-25,6,6,2,2,0.2807767080951455,0.39239412299080856,0.9781444993225805,-0.0,0.2807767080951376,0.2807767080951373,CHF
2010-02-26,6,5,0,0,0.253238373085026,0.31795109807836136,1.1865374138978309,-0.0,0.2532383730850287,0.2532383730850287,EUR
2010-02-27,1,0,0,0,0.0,0.0,0.9721742690552019,-0.0,-0.0,0.0,EUR
2010-03-01,6,6,1,0,0.41364141782094294,0.7056761408046776,1.4190675726318476,-0.0,0.4136414178209455,0.4136414178209453,EUR
2010-03-02,6,5,1,1,0.400078421643748,0.4889528790937979,0.7250418598360189,-0.0,0.40007842164375557,0.4000784216437554,EUR
2010-03-03,6,4,0,0,0.033134060839846526,0.16426182497993916,0.7317364244977529,-0.0,0.033134060839846984,0.033134060839846984,EUR
2010-03-04,6,6,0,0,0.105809847129232,0.20423221747623344,0.9781172757482829,-0.0,0.10580984712922237,0.10580984712922237,EUR
2010-03-05,6,8,0,0,0.0,0.0,0.9877315800474049,-0.0,-0.26623169674317065,-0.26623169674317076,EUR
2010-03-08,6,8,0,0,0.0,0.12360191321834132,1.9781963972275076,-0.0,-0.28669626829398104,-0.28669626829398104,CHF
2010-03-09,6,8,0,0,0.5992914684648233,0.5992914684648233,2.4295598395755333,-0.0,0.5992914684648133,0.5992914684648133,CHF
2010-03-10,6,9,0,0,0.0,0.1639971703750538,2.2817014014144954,-0.0,-0.12629610756984794,-0.12629610756984794,CHF
2010-03-11,6,9,1,0,0.05645022784230511,0.060021725534137454,2.1870145761045663,-0.2750483338515058,0.3314985616938167,0.05645022784231093,EUR
2010-03-12,6,8,2,2,0.4031067776652589,0.537010227770856,2.555397955306018,-0.0,0.4031067776652629,0.4031067776652629,EUR
2010-03-15,6,6,0,0,0.20320190166972474,0.2753568756609051,2.2422270924987404,-0.0,0.20320190166972252,0.20320190166972252,JPY
2010-03-16,6,6,2,0,0.14558749036009355,0.14558749036009355,2.0884902588220178,-0.0,0.14558749036009805,0.14558749036009805,JPY
2010-03-17,6,4,0,0,0.0,0.16752973220472528,2.113816553221863,-0.30548559371990097,0.18431726792517397,-0.121168325794727,JPY
2010-03-18,6,4,1,0,0.2236160958896323,0.2236160958896323,2.2409846244708316,-0.0,0.22361609588963188,0.22361609588963188,JPY
2010-03-19,6,6,0,0,0.2940302137830452,0.32819937023890616,1.919727619268248,-0.0,0.29403021378304617,0.29403021378304617,AUD
2010-03-22,6,7,2,0,0.35129124475025864,0.37864397691650464,1.8334292645924881,-0.0,0.35129124475025547,0.35129124475025547,AUD
2010-03-23,6,5,0,0,0.22640920678909962,0.22640920678909962,1.4790849056264332,-0.0,0.2264092067890895,0.2264092067890895,AUD
2010-03-24,6,5,0,0,0.7128883415221142,0.846416609478752,1.8791515081128543,-0.0,0.7128883415221119,0.7128883415221119,AUD
2010-03-25,6,6,1,1,0.5993580880083971,0.8083646636614992,1.6331987949721596,0.5063887049425423,0.09296938306585843,0.5993580880084006,AUD
2010-03-26,6,6,0,0,0.614730446625966,0.9085108644193907,1.8343045571793208,-0.0,0.614730446625967,0.6147304466259673,AUD
2010-03-29,6,8,0,0,0.0,0.0,1.606080689418271,-0.0,-0.34292124012024805,-0.34292124012024805,AUD
2010-03-30,6,8,0,0,0.07019134472206125,0.09690093383580849,3.8663076726136105,-0.0,0.07019134472204971,0.07019134472204971,AUD
2010-03-31,6,8,0,0,0.7558929519997349,1.1092715162379287,4.1686796345011645,-0.0,0.755892951999742,0.755892951999742,AUD
2010-04-01,6,11,0,0,0.16684959461817703,0.4106228580956476,4.460803914489534,-0.0,0.16684959461817525,0.16684959461817525,AUD
2010-04-02,6,12,0,0,0.1081786294602628,0.31497180048662543,5.2224654854605355,-0.0,0.1081786294602681,0.1081786294602681,AUD
2010-04-03,1,12,0,0,0.09874615049433506,0.09874615049433506,5.885451767130053,-0.0,0.0987461504943294,0.0987461504943294,AUD
2010-04-05,6,12,0,0,0.0,0.189240810574368,5.831188584834361,-0.0,-0.29033033587743245,-0.29033033587743245,AUD
2010-04-06,6,13,1,0,0.3840280116738048,0.3840280116738048,5.795937684579378,-0.0,0.38402801167381434,0.38402801167381434,AUD
2010-04-07,6,13,0,0,0.3741781848183199,0.3741781848183199,6.216598705859555,-0.0,0.3741781848183157,0.3741781848183157,AUD
2010-04-08,6,13,0,0,0.8051995389435539,0.8051995389435539,6.439803803433168,-0.0,0.8051995389435554,0.8051995389435554,AUD
2010-04-09,6,14,1,0,0.10188823525094774,0.2638736924907416,6.269705289855378,-0.0,0.10188823525093846,0.10188823525093846,AUD
2010-04-10,1,13,0,0,0.0,0.0,5.925323997719737,-0.0,-0.059789745647308816,-0.059789745647308816,AUD
2010-04-12,6,13,5,0,1.719288514311566,1.8895222081782812,5.387636134009765,-2.1966564673027706,3.915944981614335,1.7192885143115642,AUD
2010-04-13,6,10,4,0,0.6425943576581766,0.6425943576581766,2.7445877734104585,-1.0874229819618582,1.7300173396200227,0.6425943576581647,AUD
2010-04-14,6,6,0,0,0.0,0.02910801013110474,1.600175976915084,-0.4888378725973481,0.3381735269734211,-0.1506643456239272,AUD
2010-04-15,6,6,0,0,0.2814215269590165,0.4780555689382984,2.419362926119155,-0.0,0.28142152695902983,0.28142152695903005,AUD
2010-04-16,6,7,0,0,1.170983666250565,1.170983666250565,3.7016131557984853,-0.0,1.1709836662505488,1.170983666250549,AUD
2010-04-17,1,8,0,0,0.11239323739004586,0.11239323739004586,2.6026230102323757,-0.0,0.11239323739004368,0.11239323739004373,JPY
2010-04-19,6,11,1,0,0.9591676334743449,0.9591676334743449,2.783893127087252,-0.6775716219537554,1.6367392554281095,0.9591676334743539,JPY
2010-04-20,6,15,2,0,0.0,0.32808964155532677,3.4919283772585965,-0.0,-0.6012020940665024,-0.6012020940665017,JPY
2010-04-21,6,14,0,0,0.3480258437726895,0.8018962588400366,5.268567433888198,-0.0,0.3480258437727007,0.34802584377270107,JPY
2010-04-22,6,16,0,0,1.35163367315902,1.35163367315902,5.371159249465607,-0.0,1.3516336731590177,1.3516336731590184,JPY
2010-04-23,6,16,0,0,2.2718165393329803,2.2718165393329803,6.7717901147651665,-0.0,2.2718165393329786,2.2718165393329786,JPY
2010-04-24,1,16,0,0,0.0,0.0,6.630934272417926,-0.0,-0.11112402907056287,-0.11112402907056204,JPY
2010-04-26,6,17,1,1,0.0,0.37181928243477047,6.7007381255494884,-0.0,-0.24070177554565098,-0.24070177554565017,JPY
2010-04-27,6,17,5,0,3.5029508070439768,3.5029508070439768,7.399761010317866,-1.3109862338137162,4.813937040857693,3.502950807043977,AUD
2010-04-28,6,12,0,0,0.0,0.3915675259093636,3.7859781242985044,-0.0,-0.1086781320585215,-0.1086781320585215,AUD
2010-04-29,6,14,0,0,0.35770645259544853,0.35770645259544853,5.551681506456836,-0.0,0.35770645259545697,0.3577064525954576,AUD
2010-04-30,6,14,0,0,0.0,0.2595059616462768,6.345916809043524,-0.0,-0.16588560863318502,-0.16588560863318336,JPY
2010-05-01,1,14,0,0,0.12895465783949667,0.12895465783949667,5.392044606904816,-0.0,0.12895465783949586,0.12895465783949586,GBP
2010-05-03,6,14,0,0,0.36677323971615705,0.7299889817207909,5.31716210985335,-0.0,0.36677323971617726,0.3667732397161765,GBP
2010-05-04,6,15,4,1,1.1774024009564072,1.6427436847610783,5.013382086455765,-0.29657480970832995,1.4739772106647318,1.1774024009564024,GBP
2010-05-05,6,11,2,1,0.5397146552948956,0.5605774748598268,4.213528703642672,0.23156077450561385,0.3081538807892863,0.5397146552948997,GBP
2010-05-06,6,13,5,4,4.655351088567993,4.8917427835693506,8.12250019540111,-0.6176937225137292,5.273044811081728,4.655351088567999,GBP
2010-05-07,6,11,6,0,0.5268808749904561,1.6198501164480978,3.4025609192597632,-3.033327677864949,3.5602085528553937,0.526880874990444,CHF
2010-05-08,1,5,0,0,0.007041312190097678,0.007041312190097678,2.6215675533248106,-0.0,0.00704131219009854,0.00704131219009854,CHF
2010-05-10,6,7,0,0,0.0,0.8853922373371589,2.8271106359808766,-0.0,-1.089103381714299,-1.089103381714299,CHF
2010-05-11,6,8,0,0,2.0779404877211327,2.0779404877211327,4.543200553629993,-0.0,2.077940487721117,2.077940487721117,GBP
2010-05-12,6,8,0,0,1.2693784113623272,1.3079869525610437,3.3999049050149823,-0.0,1.2693784113623179,1.2693784113623179,GBP
2010-05-13,6,8,1,0,0.674197828818883,0.7531546308791116,2.2801991604253184,-0.14173475795785873,0.8159325867767383,0.6741978288188796,CHF
2010-05-14,6,7,0,0,0.11875733596279744,0.11875733596279744,1.2393563544283903,-0.0,0.1187573359628045,0.1187573359628045,CHF
2010-05-15,1,7,0,0,0.0,0.0,1.244429913165878,-0.0,-0.20531206711441452,-0.20531206711441452,CHF
2010-05-17,6,7,2,2,1.0265005852807496,1.0265005852807496,1.9827227830405438,-0.0,1.0265005852807303,1.0265005852807303,CHF
2010-05-18,6,5,0,0,0.2494596164736567,0.4036019232234251,1.4570869391242813,0.9940964990757589,-0.7446368826021199,0.24945961647363904,CHF
2010-05-19,6,5,1,1,0.0,0.0,1.489378531166072,-0.0,-0.0031563938116619065,-0.0031563938116619065,CHF
2010-05-20,6,4,1,1,1.216218396781457,1.278429614179246,5.5954133973280245,-0.0,1.2162183967814584,1.2162183967814586,CHF
2010-05-21,6,3,1,0,0.28657297871872195,0.3674148024803778,2.5168508220141006,-0.7264488048993444,1.013021783618074,0.28657297871872944,GBP
2010-05-22,1,2,0,0,0.10113751267639565,0.10113751267639565,2.4148277857562865,-0.0,0.10113751267640703,0.10113751267640653,GBP
2010-05-24,6,2,0,0,0.0,0.24926954419340325,2.3160326508957803,-0.0,-0.14771409174236522,-0.14771409174236486,GBP
2010-05-25,6,3,0,0,0.13789259824112274,0.3163309327475292,2.7705721087415074,-0.0,0.1378925982411107,0.13789259824111105,GBP
2010-05-26,6,3,0,0,0.14186380503455834,0.25285950465262247,2.91119860534836,-0.0,0.1418638050345685,0.14186380503456836,GBP
2010-05-27,6,3,1,0,0.0869742318303465,0.10219862833628546,2.0747086089929874,-0.0,0.08697423183034525,0.08697423183034567,GBP
2010-05-28,6,3,0,0,0.13018430483581542,0.16691234876297328,1.4220814198056122,-0.0,0.13018430483582485,0.13018430483582455,CHF
2010-05-29,1,3,0,0,0.0002029884301490843,0.0002029884301490843,1.1434359103107634,-0.0,0.00020298843014970646,0.00020298843014991387,CHF
2010-05-31,6,3,0,0,0.029471664584655777,0.10669210028421948,1.2586262263031522,-0.0,0.029471664584649865,0.02947166458464997,CHF
2010-06-01,6,4,1,1,0.11457190522955178,0.11457190522955178,1.3761914932957258,-0.0,0.11457190522954484,0.11457190522954433,EUR
2010-06-02,6,4,0,0,0.09907732465116316,0.15795556545090084,1.113656898703371,-0.0,0.09907732465117466,0.09907732465117396,CHF
2010-06-03,6,5,0,0,0.2141287758017426,0.49655754331353097,1.39417675731976,-0.0,0.2141287758017415,0.21412877580174097,EUR
2010-06-04,6,6,1,1,0.7534583230188758,0.8113886299142173,1.9446557733394443,0.46810217059188736,0.2853561524269866,0.7534583230188743,EUR
2010-06-05,1,5,0,0,0.0,0.0,1.2510363959871662,-0.0,-0.03471407306874889,-0.034714073068749206,EUR
2010-06-07,6,10,1,0,0.8549722160528749,0.8549722160528749,2.358498071812845,-0.3756084589749097,1.230580675027793,0.8549722160528832,EUR
2010-06-08,6,10,1,0,0.18347375941278934,0.6347024956176944,1.670016662469131,-0.0,0.18347375941277394,0.18347375941277416,EUR
2010-06-09,6,13,0,0,0.35988539354096405,0.8982274597610113,1.875488551176839,-0.0,0.35988539354097837,0.35988539354097754,JPY
2010-06-10,6,14,0,0,0.0,0.3021269259584737,2.5312480763088,-0.0,-0.7013957451269681,-0.7013957451269683,JPY
2010-06-11,6,15,0,0,0.32898368393888094,0.32898368393888094,4.825786974241091,-0.0,0.32898368393886873,0.3289836839388685,JPY
2010-06-12,1,15,0,0,0.10147824389600624,0.10147824389600624,5.059363748650548,-0.0,0.1014782438960048,0.1014782438960046,CAD
2010-06-14,6,15,0,0,0.0,0.0,4.962921790633609,-0.0,-0.5878602124599857,-0.5878602124599851,CAD
2010-06-15,6,17,0,0,0.5195943797082923,0.5195943797082923,5.700977406166942,-0.0,0.5195943797082923,0.5195943797082923,CAD
2010-06-16,6,17,1,1,0.7870110192774381,0.7870110192774381,5.6249186403282785,0.45645609607629245,0.3305549232011343,0.7870110192774267,CAD
2010-06-17,6,16,0,0,0.7671935505996079,0.7671935505996079,5.384758642916576,-0.0,0.7671935505996096,0.7671935505996104,CAD
2010-06-18,6,18,0,0,0.8779534686927046,1.1323708714172134,4.8504434051554455,-0.0,0.8779534686927059,0.8779534686927062,GBP
2010-06-19,1,18,0,0,0.0,0.0,4.08715076014739,-0.0,-0.04534351194482165,-0.045343511944822876,GBP
2010-06-21,6,19,0,0,0.6675295006850457,0.6675295006850457,5.422884466033877,-0.0,0.6675295006850388,0.6675295006850392,GBP
2010-06-22,6,19,1,1,1.1287506778330871,1.1287506778330871,5.204267971597925,-0.0,1.1287506778330834,1.1287506778330831,GBP
2010-06-23,6,19,4,2,0.0,0.034467235517866825,5.315466189954811,-0.0,-0.015988708122381328,-0.01598870812238174,GBP
2010-06-24,6,16,1,0,0.0,0.5187273944206573,5.850331301693188,0.45817922547818307,-0.5537146866065994,-0.0955354611284168,GBP
2010-06-25,6,15,1,0,0.18871760503351975,0.5381948989215096,6.058723617376495,-0.0,0.18871760503350837,0.1887176050335076,GBP
2010-06-26,1,15,0,0,0.05133893534362365,0.05133893534362365,5.910507211401004,-0.0,0.05133893534361269,0.05133893534361146,GBP
2010-06-28,6,15,1,1,0.19884312691848477,0.19884312691848477,6.285208007505003,-0.0,0.1988431269184998,0.19884312691850103,GBP
2010-06-29,6,16,1,0,0.0,0.022415798329755356,6.225050700070101,-0.0,-0.12659367384429443,-0.12659367384429362,GBP
2010-06-30,6,16,4,0,0.29508761799704264,0.29508761799704264,6.818252978156697,-0.0,0.29508761799702665,0.29508761799702743,GBP
2010-07-01,6,12,1,0,0.0,0.0,5.750294111481771,-0.23464974136040354,0.08001960742931245,-0.15463013393109068,EUR
2010-07-02,6,11,1,0,0.1554334881817144,0.1554334881817144,7.075641169408373,-0.0,0.1554334881817277,0.15543348818172692,GBP
2010-07-03,1,11,0,0,0.0,0.0,7.480274591068689,-0.0,-0.13990158102371525,-0.139901581023716,GBP
2010-07-05,6,11,0,0,0.6133871341693823,0.7085401321529491,7.746394075346945,-0.0,0.6133871341693894,0.6133871341693886,GBP
2010-07-06,6,13,3,0,0.34964435316149867,0.6740447963054843,7.570014372647556,-0.0,0.3496443531614854,0.3496443531614847,GBP
2010-07-07,6,10,3,0,0.6816333348411295,0.8005092003317733,5.40229989323951,-0.0,0.6816333348411393,0.6816333348411389,EUR
2010-07-08,6,7,0,0,0.056038137981038585,0.30254690622034397,3.608923680269009,-1.204036826503376,1.2600749644844178,0.05603813798104168,JPY
2010-07-09,6,7,0,0,0.5124451181212948,0.6181578970700866,3.8056030680283937,-0.0,0.5124451181213079,0.5124451181213094,JPY
2010-07-10,1,8,0,0,0.008710938634545366,0.008710938634545366,3.3623751336100343,-0.0,0.00871093863454846,0.00871093863454846,JPY
2010-07-12,6,8,2,0,0.49108304252904533,0.5884691722701402,3.4355553455661623,-0.37449861973630527,0.8655816622653363,0.4910830425290308,JPY
2010-07-13,6,6,0,0,0.4050124213808623,0.42937053253790197,2.4413285412633714,-0.0,0.4050124213808799,0.40501242138088017,JPY
2010-07-14,6,6,0,0,0.0,0.3633767630815666,2.7864429806434,-0.0,-0.14676482929181586,-0.14676482929181625,JPY
2010-07-15,6,7,0,0,0.10423701224141017,0.17854529888352838,3.042479142287939,-0.0,0.10423701224141904,0.10423701224141868,JPY
2010-07-16,6,9,0,0,0.4164030225725348,0.619608806030518,3.6637514974132714,-0.0,0.4164030225725383,0.41640302257253864,JPY
2010-07-17,1,9,0,0,0.024250666209364013,0.024250666209364013,3.4602815035766947,-0.0,0.024250666209375955,0.02425066620937634,JPY
2010-07-19,6,11,1,0,0.08841779241684165,0.6352282439252082,3.3050596531929917,-0.0,0.0884177924168376,0.08841779241683702,JPY
2010-07-20,6,10,1,0,0.2840295270850897,0.5923623245020139,2.8348868727603787,-0.0,0.28402952708507995,0.2840295270850798,JPY
2010-07-21,6,9,2,0,1.1397664990466139,1.157528764978644,3.0914893821861047,-0.8471391035289276,1.98690560257554,1.1397664990466132,JPY
2010-07-22,6,8,0,0,0.6568591799764959,0.6568591799764959,1.5716696762698106,-0.0,0.656859179976492,0.656859179976492,JPY
2010-07-23,6,10,0,0,0.03905665623679625,0.6227767798186389,2.1531806621781215,-0.0,0.03905665623680622,0.039056656236806264,JPY
2010-07-24,1,11,0,0,0.0,0.0,3.501887442413537,-0.0,-0.08469692054227218,-0.08469692054227236,JPY
2010-07-26,6,11,0,0,0.5443488771758007,1.1060231491411232,3.5995024358525467,-0.0,0.5443488771758077,0.5443488771758068,JPY
2010-07-27,6,11,0,0,0.0,0.0,3.0718752772567344,-0.0,-0.08175882569379005,-0.08175882569378948,JPY
2010-07-28,6,11,0,0,0.20101655731985332,0.42084326652050524,3.485549282509165,-0.0,0.20101655731985896,0.2010165573198571,JPY
2010-07-29,6,11,1,0,0.2179221668589668,0.3874473672084606,2.8390554074846452,-0.0,0.21792216685896457,0.2179221668589638,JPY
2010-07-30,6,11,1,0,0.7701962145650478,0.7701962145650478,2.554495937849115,-0.3090392759439354,1.0792354905089772,0.7701962145650396,JPY
2010-07-31,1,10,0,0,0.0,0.0,1.728668735823133,-0.0,-0.20897995286731277,-0.20897995286731255,JPY
2010-08-02,6,12,0,0,0.36607764061302317,0.36607764061302317,2.5686527154950496,-0.0,0.36607764061303016,0.3660776406130307,JPY
2010-08-03,6,12,1,1,0.3945272400949318,0.47856821393492566,2.7638912230432426,0.4255896986986858,-0.031062458603749888,0.39452724009493334,EUR
2010-08-04,6,11,0,0,0.5990069540817778,0.5990069540817778,2.702466426881992,-0.0,0.5990069540817927,0.5990069540817915,EUR
2010-08-05,6,11,0,0,0.12969521670569745,0.41602456572248436,2.24293575981258,-0.0,0.1296952167056855,0.12969521670568598,EUR
2010-08-06,6,12,2,1,0.1970458448730184,0.3560842585141268,2.423046350039319,-0.0,0.1970458448730144,0.1970458448730123,EUR
2010-08-07,1,11,0,0,0.0,0.0,2.9027386264912174,-0.0,-0.039971493727939476,-0.03997149372793871,EUR
2010-08-09,6,12,0,0,0.3553706040668138,0.3723665956342013,3.0691620146266296,-0.0,0.3553706040668144,0.3553706040668138,JPY
2010-08-10,6,12,1,1,0.6911937711763518,0.7460895583689195,3.1648798722300877,0.4286444318307162,0.26254933934564084,0.6911937711763566,EUR
2010-08-11,6,12,5,3,1.1524544258042084,1.1524544258042084,3.0996129057892463,0.6546033785943378,0.4978510472098784,1.1524544258042169,CAD
2010-08-12,6,9,1,1,0.9061434476589574,0.9695799567454456,2.7785651973157863,0.43617170189012594,0.4699717457688162,0.9061434476589426,CAD
2010-08-13,6,8,1,0,0.4028434210373599,0.58076239191866,2.277261617671052,-0.0,0.4028434210373654,0.40284342103736465,CAD
2010-08-14,1,7,0,0,0.02207687627558635,0.02207687627558635,1.9924432925315225,-0.10150363068362192,0.123580506959207,0.02207687627558479,EUR
2010-08-16,6,12,1,1,0.3436955659946947,0.4568295347556792,2.8710129168894225,0.4395014512504741,-0.09580588525578643,0.3436955659946877,EUR
2010-08-17,6,11,2,0,0.20650407508804933,0.23977227452792604,2.6615942312597527,-0.8274003861681473,1.033904461256205,0.20650407508805796,EUR
2010-08-18,6,11,0,0,0.5218208803947039,0.5218208803947039,2.6066253422073213,-0.0,0.521820880394698,0.5218208803946975,EUR
2010-08-19,6,13,0,0,0.49912559215193036,0.49912559215193036,2.8946368840219825,-0.0,0.4991255921519307,0.49912559215193036,EUR
2010-08-20,6,14,0,0,0.30048015133855505,0.30048015133855505,3.652396749543945,-0.0,0.3004801513385539,0.30048015133855427,CAD
2010-08-21,1,14,0,0,0.053489977273498066,0.053489977273498066,3.498406037657621,-0.0,0.053489977273499245,0.05348997727349886,CAD
2010-08-23,6,14,1,1,0.37088930851435903,0.37088930851435903,3.789318603759997,-0.0,0.37088930851434876,0.37088930851434876,CAD
2010-08-24,6,14,3,2,0.4786897174268695,0.4786897174268695,3.680244992416199,0.44604922497164395,0.032640492455221014,0.4786897174268663,CAD
2010-08-25,6,12,1,0,0.35786627562576256,0.35786627562576256,3.567934125270891,-0.0,0.3578662756257519,0.3578662756257523,EUR
2010-08-26,6,11,0,0,0.0,0.3083433479604039,3.754220048997306,-0.0,-0.097073884728698,-0.0970738847286981,EUR
2010-08-27,6,12,0,0,0.16699679719123273,0.4200869536762215,4.058095462758652,-0.0,0.166996797191221,0.16699679719122174,EUR
2010-08-28,1,12,0,0,0.0,0.0,3.980085490868812,-0.0,-0.17381965444208158,-0.17381965444208178,EUR
2010-08-30,6,13,0,0,0.7051586042333351,0.7569518308663562,4.45759924510849,-0.0,0.7051586042333343,0.7051586042333343,EUR
2010-08-31,6,13,1,1,0.0,0.2909502471222267,4.058051354414846,-0.0,-0.08877078975564237,-0.08877078975564089,EUR
2010-09-01,6,12,1,1,0.13074227208223668,0.6378361209574811,4.550015932282105,0.4411775983368951,-0.31043532625466064,0.13074227208223432,EUR
2010-09-02,6,11,1,0,0.31795728480769053,0.31795728480769053,4.303538314383972,-0.22946400368042308,0.54742128848811,0.3179572848076874,CAD
2010-09-03,6,10,1,0,0.31371044963244893,0.5096733644289982,4.406216486016774,-0.0,0.3137104496324411,0.3137104496324404,CAD
2010-09-04,1,9,0,0,0.037581697622688405,0.037581697622688405,3.6589041720130715,-0.0,0.037581697622693096,0.03758169762269231,EUR
2010-09-06,6,9,3,2,0.39271942017181544,0.39271942017181544,3.616059029788871,0.6406287433628344,-0.24790932319101489,0.3927194201718194,EUR
2010-09-07,6,7,0,0,1.1011266920536051,1.1011266920536051,3.6908651527914684,-0.0,1.1011266920536051,1.1011266920536051,EUR
2010-09-08,6,8,0,0,0.290240073591676,0.41819157993626765,2.8908050018080447,-0.0,0.29024007359168086,0.2902400735916815,EUR
2010-09-09,6,9,0,0,0.12221746078716846,0.3054270325284417,3.2621413449001673,-0.0,0.1222174607871618,0.1222174607871613,EUR
2010-09-10,6,10,0,0,0.19511626832930762,0.19511626832930762,3.537587305364137,-0.0,0.19511626832931334,0.19511626832931317,EUR
2010-09-11,1,10,0,0,0.2591652238547612,0.2591652238547612,3.8675502912870945,-0.0,0.2591652238547695,0.2591652238547691,EUR
2010-09-13,6,10,0,0,0.0,0.1849422376448209,3.6592175136933753,-0.0,-0.6880851269713741,-0.6880851269713734,EUR
2010-09-14,6,11,0,0,0.5253693987632153,0.5253693987632153,5.101200904506749,-0.0,0.5253693987632011,0.5253693987632013,EUR
2010-09-15,6,12,0,0,0.3696456478866937,0.5148394397116802,6.047200836081802,-0.0,0.3696456478866894,0.3696456478866906,EUR
2010-09-16,6,13,2,0,0.5155510547853411,0.5155510547853411,6.652233895775936,-0.0,0.515551054785354,0.5155510547853533,EUR
2010-09-17,6,11,0,0,0.16892761320800775,0.6982742384970504,7.06814022028562,-0.0,0.168927613208007,0.16892761320800775,EUR
2010-09-18,1,11,0,0,0.0,0.0,6.243817783544539,-0.0,-0.24031909143121616,-0.24031909143121616,EUR
2010-09-20,6,11,0,0,0.08302495665062788,0.16878083395884758,6.468591614379669,-0.0,0.08302495665062712,0.08302495665062788,EUR
2010-09-21,6,11,0,0,0.0,0.0,6.767202075223258,-0.0,-0.04334554796183766,-0.04334554796183766,EUR
2010-09-22,6,11,3,0,0.0,0.14101487669086019,6.751936968156073,-0.39939731403269413,0.3233475280697161,-0.07604978596298022,EUR
2010-09-23,6,10,1,0,0.5339267645023945,0.6436418755797422,6.297474179240563,-0.5843573338373225,1.1182840983397102,0.5339267645023871,EUR
2010-09-24,6,9,0,0,0.11968835192747646,0.11968835192747646,5.146985767678944,-0.0,0.11968835192749125,0.11968835192749201,EUR
2010-09-25,1,9,0,0,0.15916501465116834,0.15916501465116834,5.9446394284854795,-0.0,0.15916501465117494,0.15916501465117566,EUR
2010-09-27,6,9,0,0,0.06975834961387899,0.1372528398791262,5.79469754503085,-0.0,0.06975834961387237,0.06975834961387163,EUR
2010-09-28,6,10,0,0,0.17702440860012644,0.17702440860012644,6.319301070765279,-0.0,0.17702440860013596,0.17702440860013668,EUR
2010-09-29,6,11,0,0,0.18219567210287577,0.18219567210287577,6.9306092958162075,-0.0,0.182195672102878,0.18219567210287654,CHF
2010-09-30,6,11,1,0,0.4549100953449621,0.49412327170380865,7.138792910256607,-0.0,0.4549100953449715,0.4549100953449715,CHF
2010-10-01,6,12,0,0,0.0,0.0,6.739977349334275,-0.5284853775562772,0.5019417380902802,-0.0265436394659962,CHF
2010-10-02,1,12,0,0,0.19633047152746927,0.19633047152746927,7.54030304767049,-0.0,0.19633047152747576,0.19633047152747365,JPY
2010-10-04,6,14,1,0,0.7881598033989459,0.9517356796667393,7.370504665793531,-1.0564656913685444,1.8446254947674954,0.7881598033989518,JPY
2010-10-05,6,15,2,0,0.5234166983851831,0.5234166983851831,4.844995563838348,-1.0316363281677252,1.5550530265529185,0.5234166983851919,JPY
2010-10-06,6,13,1,1,0.09220491110897606,0.28097405917634666,4.999492442500285,-0.0,0.09220491110899276,0.09220491110899276,JPY
2010-10-07,6,13,0,0,0.7075177779145941,1.1904052851517581,5.0187976953749684,-0.0,0.7075177779145988,0.7075177779145986,JPY
2010-10-08,6,15,2,0,0.6088566511286251,1.014320560247009,4.8206430997752,-0.0,0.6088566511286136,0.6088566511286141,JPY
2010-10-09,1,13,0,0,0.20255989686880413,0.20255989686880413,5.02081872609018,-0.0,0.20255989686880593,0.20255989686880632,JPY
2010-10-11,6,13,0,0,0.4278910187631754,0.5995534807904088,4.930446338365516,-0.0,0.4278910187631777,0.4278910187631777,JPY
2010-10-12,6,13,4,1,0.9802416748251966,1.2087900561485305,4.521904141300044,-2.340438948038997,3.320680622864189,0.9802416748251922,JPY
2010-10-13,6,11,0,0,0.0,0.24864403852339098,2.0703317494376208,0.4175131432900245,-0.5597730362533849,-0.14225989296335811,CHF
2010-10-14,6,13,0,0,0.525202424541894,0.525202424541894,3.370073093000059,-0.0,0.5252024245419029,0.5252024245419029,CHF
2010-10-15,6,14,0,0,0.4692716819374977,0.7346001386277202,3.3148246838423487,-0.0,0.46927168193750424,0.4692716819375035,JPY
2010-10-16,1,14,0,0,0.0,0.0,2.7726613245401923,-0.0,-0.29808700879741296,-0.29808700879741046,JPY
2010-10-18,6,16,2,1,0.7272387274586748,0.7272387274586748,2.9664067359101414,0.31305865333744953,0.41418007412121594,0.7272387274586645,CHF
2010-10-19,6,15,2,2,1.792249771282377,1.792249771282377,3.7636915778672857,0.8234845317878976,0.9687652394944762,1.792249771282373,EUR
2010-10-20,6,15,0,0,0.26539006652306657,0.26539006652306657,2.2646016812653067,-0.0,0.26539006652307073,0.26539006652307184,EUR
2010-10-21,6,16,0,0,0.22719244276629497,0.41537858408548545,3.9939091305428014,-0.0,0.22719244276629075,0.2271924427662913,CHF
2010-10-22,6,17,0,0,0.0,0.01831991651516358,3.570453514451486,-0.0,-0.005679234099605045,-0.005679234099604494,CHF
2010-10-23,1,17,0,0,0.09150315365172051,0.09150315365172051,4.955497080800018,-0.0,0.09150315365171476,0.09150315365171405,CHF
2010-10-25,6,17,2,0,0.7493200765790498,1.3231084182538404,5.06010860619629,-0.3897988832020384,1.139118959781085,0.7493200765790482,CHF
2010-10-26,6,15,1,0,0.16627836020469802,0.16627836020469802,4.372046095568997,-0.0,0.1662783602046991,0.16627836020469802,CHF
2010-10-27,6,15,1,0,0.6962909890583726,0.6962909890583726,4.919118480323904,-0.0,0.6962909890583683,0.6962909890583676,EUR
2010-10-28,6,17,0,0,0.0,0.47154051981356015,4.266609408511274,-0.35270587432960027,0.3438589023222989,-0.008846972007302143,EUR
2010-10-29,6,17,0,0,0.6585684897502554,0.861310266115706,5.438175948603008,-0.0,0.6585684897502678,0.658568489750266,EUR
2010-10-30,1,17,0,0,0.0,0.0,5.454526935994583,-0.0,-0.3033823274397306,-0.3033823274397306,EUR
2010-11-01,6,18,1,1,0.0,0.4537736250195259,6.210846041155723,-0.0,-0.33389165761795386,-0.33389165761795314,EUR
2010-11-02,6,18,1,1,0.0,0.43851843061177237,6.731194784399042,-0.0,-0.07695993592593457,-0.07695993592593599,EUR
2010-11-03,6,18,3,1,0.09518460780595166,0.09518460780595166,7.009767245346667,-0.0,0.09518460780595588,0.095184607805958,CHF
2010-11-04,6,15,2,0,0.0,1.018423730175926,7.2052914280702165,-0.14421715620524472,-0.0849641319715051,-0.2291812881767512,EUR
2010-11-05,6,13,0,0,0.5005203748991467,0.5988464149686777,6.6892160730745385,-0.0,0.5005203748991446,0.5005203748991454,EUR
2010-11-06,1,2,0,0,0.0,0.0,6.2698133272646155,-0.0,-0.002247562401733878,-0.002247562401734571,EUR
2010-11-08,6,13,4,2,1.0242441492815573,1.0242441492815573,6.271919924352264,0.33874327210638805,0.6855008771751567,1.0242441492815468,CHF
2010-11-09,6,9,6,0,0.7025753758706984,0.7041812169089686,5.219243986181972,-2.9112417220030227,3.6138170978737345,0.7025753758707111,CHF
2010-11-10,6,5,0,0,0.0,0.02884137078570835,1.9336373769666924,-0.51997046471672,0.45541949011628763,-0.06455097460043245,JPY
2010-11-11,6,6,2,0,0.39813856571495704,0.39813856571495704,2.5507403996959948,-0.0,0.3981385657149407,0.3981385657149416,EUR
2010-11-12,6,5,0,0,0.40808840627801896,0.40808840627801896,1.8322565584759705,-0.0,0.4080884062780077,0.4080884062780064,EUR
2010-11-13,1,2,0,0,0.00014979473917544863,0.00014979473917544863,2.2463039342905176,-0.0,0.00014979473917370003,0.00014979473917474918,EUR
2010-11-15,6,5,0,0,0.30914869903496195,0.4575955499842083,2.2670401202406922,-0.0,0.30914869903496184,0.30914869903496195,EUR
2010-11-16,6,6,1,1,0.08302067261801815,0.1556059821151873,2.0633205100555227,-0.0,0.08302067261802269,0.08302067261802167,EUR
2010-11-17,6,6,0,0,0.0009272456038693548,0.14561103834136074,2.051679051945776,-0.0,0.0009272456038553168,0.0009272456038560186,CHF
2010-11-18,6,7,0,0,0.0,0.0,2.270175231718605,-0.0,-0.06530473272769705,-0.06530473272769802,CAD
2010-11-19,6,7,0,0,0.47017574294709386,0.47017574294709386,2.371493380339815,-0.0,0.47017574294710185,0.47017574294710013,AUD
2010-11-22,6,7,1,0,0.382587545328525,0.8624332663417474,1.9348357166669174,-0.0,0.38258754532852,0.38258754532852085,AUD
2010-11-23,6,6,3,1,1.27743296699513,1.27743296699513,1.6963203880879094,-0.10551968343896574,1.3829526504340968,1.27743296699513,AUD
2010-11-24,6,6,0,0,0.04833088007075361,0.2328393964353073,0.6205250751607019,0.20283720763305643,-0.15450632756230367,0.04833088007075361,AUD
2010-11-25,6,6,0,0,0.41531136790664047,0.41531136790664047,1.0534411281152118,-0.0,0.41531136790664014,0.4153113679066419,JPY
2010-11-26,6,6,0,0,0.7845384269776283,0.7845384269776283,1.3771975768793454,-0.0,0.7845384269776221,0.7845384269776214,JPY
2010-11-27,1,1,0,0,0.0,0.0,0.7236104463484786,-0.0,-0.008235496742481961,-0.008235496742483556,JPY
2010-11-29,6,6,0,0,0.2332131434987732,0.289069255739628,0.9532689539247623,-0.0,0.23321314349876043,0.2332131434987597,JPY
2010-11-30,6,8,1,1,0.7661582123349999,0.913142579966545,1.352195233374358,-0.0,0.7661582123350078,0.7661582123350077,JPY
2010-12-01,6,9,0,0,0.2642250396885032,0.2642250396885032,0.7818624173703815,-0.0,0.26422503968850514,0.26422503968850386,JPY
2010-12-02,6,10,0,0,0.5273521114921387,0.5996948209701499,2.2707114381853644,-0.0,0.5273521114921196,0.5273521114921218,JPY
2010-12-03,6,10,0,0,0.3603145120435516,0.4875439902174024,2.9698157259802027,-0.0,0.36031451204355647,0.3603145120435558,JPY
2010-12-04,1,4,0,0,0.008515759600286225,0.008515759600286225,3.593950059714319,-0.0,0.008515759600293901,0.008515759600292506,JPY
2010-12-06,6,13,0,0,0.6780604968761869,0.6780604968761869,3.6388014855857493,-0.0,0.6780604968761863,0.6780604968761875,JPY
2010-12-07,6,14,0,0,0.5643724721236022,0.5643724721236022,3.353420543075757,-0.0,0.5643724721235951,0.5643724721235973,JPY
2010-12-08,6,16,0,0,0.09222599201737969,0.3643219639835931,4.027807682529968,-0.0,0.09222599201738561,0.09222599201738807,JPY
2010-12-09,6,16,0,0,0.360655842410159,0.6619556201663361,3.6302611309919417,-0.0,0.36065584241016824,0.36065584241016735,JPY
2010-12-10,6,17,0,0,0.0020270313131433115,0.3842767434626279,3.6706094587510547,-0.0,0.002027031313146279,0.0020270313131468026,JPY
2010-12-11,1,8,0,0,0.006325687935955784,0.006325687935955784,3.7210386692559787,-0.0,0.006325687935943747,0.006325687935945318,CHF
2010-12-13,6,17,2,2,0.6010628953254199,1.1272121419796222,4.87749673166928,0.7857310431331607,-0.18466814780773444,0.6010628953254261,AUD
2010-12-14,6,15,2,2,0.11248358425431437,0.16244613417866804,4.32703380563891,-0.0,0.11248358425431683,0.1124835842543151,AUD
2010-12-15,6,13,1,0,1.0576108286836692,1.0576108286836692,4.368758658673431,-0.0,1.057610828683664,1.0576108286836636,JPY
2010-12-16,6,13,1,1,0.19341024254967745,0.2433063612288884,3.692047326491511,-0.0,0.19341024254966593,0.1934102425496633,AUD
2010-12-17,6,12,1,1,0.183356811484194,0.22879367086719443,3.6619235806134838,0.39941219636707587,-0.21605538488287357,0.1833568114842011,AUD
2010-12-18,1,3,0,0,0.004572541642444465,0.004572541642444465,3.703712859783894,-0.0,0.004572541642450493,0.004572541642449429,AUD
2010-12-20,6,12,0,0,0.2958103272178564,0.2958103272178564,3.815759046001719,-0.0,0.2958103272178365,0.29581032721783795,AUD
2010-12-21,6,15,0,0,0.10366480685212588,0.5058837582599348,4.439882779642897,-0.0,0.10366480685210677,0.10366480685210747,JPY
2010-12-22,6,16,0,0,0.7778735785634112,0.8276424237843607,4.960257620908487,-0.0,0.7778735785634223,0.7778735785634211,JPY
2010-12-23,6,16,3,0,0.3025240979122065,0.4851468571862064,4.371419423954018,-0.2477461683990869,0.550270266311284,0.30252409791219725,JPY
2010-12-24,6,15,0,0,0.0,0.1061580117344313,3.673809017064087,-0.0,-0.13675829280982177,-0.1367582928098205,JPY
2010-12-27,6,16,0,0,0.3668099769942044,0.3668099769942044,4.139639150067515,-0.0,0.3668099769942014,0.36680997699420226,JPY
2010-12-28,6,17,0,0,1.4567398016547377,1.6421456792439475,5.679155844839468,-0.0,1.4567398016547368,1.4567398016547373,JPY
2010-12-29,6,19,0,0,0.004595146792068636,0.10014445247062329,5.262286619005771,-0.0,0.004595146792068095,0.004595146792068636,JPY
2010-12-30,6,19,1,1,0.5086094100305941,0.5086094100305941,6.304453050937149,-0.0,0.5086094100305909,0.508609410030592,JPY
2010-12-31,6,19,1,1,0.0,0.0,6.4054186734149905,-0.0,-0.09163310135742851,-0.0916331013574294,JPY
2011-01-03,6,19,0,0,0.8787940862524468,0.8787940862524468,6.7240274696123254,-0.0,0.8787940862524376,0.8787940862524389,JPY
2011-01-04,6,20,5,0,1.7583750198375672,2.5326044916547583,7.127679008981683,-1.0800197731105248,2.8383947929480784,1.7583750198375536,JPY
2011-01-05,6,17,3,1,0.7293695906426148,0.7293695906426148,4.900561581487569,-0.2525537923962391,0.9819233830388522,0.7293695906426128,JPY
2011-01-06,6,15,0,0,1.3520596723348666,1.4541217242617028,7.093910267970574,-0.0,1.3520596723348532,1.3520596723348532,JPY
2011-01-07,6,15,1,0,1.5050378616133482,1.9257346134435687,6.0242687549990865,-0.0,1.5050378616133449,1.5050378616133449,JPY
2011-01-08,1,10,0,0,0.0,0.0,4.598369770686371,-0.0,-0.023460703547452492,-0.023460703547454442,JPY
2011-01-10,6,14,1,0,1.062699311570723,1.062699311570723,4.766827010657811,-0.0,1.0626993115707302,1.0626993115707302,JPY
2011-01-11,6,14,1,0,0.12548020139341104,0.28167316516045,3.991072965811081,-0.3275878613296479,0.4530680627230579,0.12548020139341032,JPY
2011-01-12,6,14,0,0,0.37268555498119943,0.6444926594036798,5.08187375460247,-0.0,0.3726855549811883,0.3726855549811867,JPY
2011-01-13,6,14,1,0,0.2874544976255736,0.3275423738204191,6.167727040802875,-0.0,0.2874544976255588,0.28745449762556113,JPY
2011-01-14,6,13,1,0,0.9993371003532114,0.9993371003532114,6.883765719219308,-0.0,0.9993371003532098,0.9993371003532089,JPY
2011-01-15,1,4,0,0,0.0,0.0,6.054002914316181,-0.0,-0.010243829103199476,-0.010243829103198444,JPY
2011-01-17,6,13,0,0,0.9628026682037716,0.9628026682037716,6.105078910541783,-0.0,0.9628026682037608,0.9628026682037586,JPY
2011-01-18,6,13,0,0,0.5915589768457572,0.5915589768457572,5.549077617740917,-0.0,0.5915589768457477,0.5915589768457497,JPY
2011-01-19,6,13,2,0,0.4360995780039792,0.9263044675678291,6.274498834848914,-0.0,0.43609957800398924,0.4360995780039895,JPY
2011-01-20,6,12,2,0,0.3911045778155358,0.3911045778155358,5.183404247742817,-1.0041626393173357,1.395267217132862,0.39110457781552693,JPY
2011-01-21,6,11,0,0,0.2612545940792429,0.2612545940792429,4.093007660977729,-0.0,0.2612545940792307,0.26125459407923,JPY
2011-01-22,1,2,0,0,0.0027276299839335987,0.0027276299839335987,3.9331777034916007,-0.0,0.0027276299839319815,0.002727629983932237,JPY
2011-01-24,6,11,0,0,0.12613150762499734,0.12613150762499734,4.044664916177696,-0.0,0.12613150762499,0.12613150762498918,JPY
2011-01-25,6,12,1,0,1.148516619366841,1.148516619366841,4.784442101883167,-0.19387926955692397,1.342395888923755,1.1485166193668315,JPY
2011-01-26,6,11,0,0,0.3479630844888311,0.3479630844888311,3.940658231855071,-0.0,0.34796308448883423,0.3479630844888325,JPY
2011-01-27,6,11,0,0,0.3469362294359145,0.3469362294359145,4.16180708765914,-0.0,0.3469362294359137,0.3469362294359125,JPY
2011-01-28,6,11,2,0,1.6068406169453824,1.6068406169453824,4.92344200921946,-0.9126671963389992,2.519507813284386,1.606840616945388,JPY
2011-01-29,1,3,0,0,0.007566391431635892,0.007566391431635892,2.141880860403036,-0.0,0.00756639143163743,0.007566391431635892,JPY
2011-01-31,6,10,0,0,0.36529426581909274,0.36529426581909274,2.7102893246515847,-0.0,0.36529426581908386,0.3652942658190852,JPY
2011-02-01,6,10,2,1,0.0,0.318107392238189,3.2600050769487727,-0.0,-0.08171279474600275,-0.08171279474600453,JPY
2011-02-02,6,8,0,0,0.13814856185201027,0.4194288065411844,3.328806719544964,-0.0,0.1381485618520132,0.13814856185201163,AUD
2011-02-03,6,9,1,0,0.01248004749449144,0.3714946657892295,3.6605740419017723,-0.0,0.012480047494488106,0.012480047494489409,AUD
2011-02-04,6,9,1,0,0.0,0.22763854979953235,3.629665334325799,-0.0,-0.32427744560406746,-0.32427744560406807,AUD
2011-02-05,1,0,0,0,0.0,0.0,3.9718131314720644,-0.0,-0.0,0.0,JPY
2011-02-07,6,9,0,0,0.007401277004191215,0.25256919573018205,4.148769935230688,-0.0,0.007401277004192379,0.007401277004194542,JPY
2011-02-08,6,9,0,0,0.07219111996200173,0.24314840430691187,3.770780645845188,-0.0,0.0721911199619936,0.07219111996199243,JPY
2011-02-09,6,9,0,0,0.14252695772043064,0.27287308950712624,3.8039048080148143,-0.0,0.1425269577204293,0.1425269577204293,JPY
2011-02-10,6,10,1,0,0.2132362116154073,0.3109965944900192,3.7554591675895304,-0.0,0.21323621161540934,0.21323621161540995,JPY
2011-02-11,6,9,0,0,0.3761184502441142,0.3761184502441142,3.6269539379876226,-0.0,0.37611845024412505,0.3761184502441221,JPY
2011-02-12,1,0,0,0,0.0,0.0,3.3368608336529366,-0.0,-0.0,0.0,EUR
2011-02-14,6,10,0,0,0.5539619888277056,0.5539619888277056,3.749765180400124,-0.0,0.5539619888276981,0.5539619888276972,EUR
2011-02-15,6,11,3,0,0.039321263442778295,0.3575635651316039,3.5781040192139035,-0.0,0.039321263442773674,0.03932126344277235,EUR
2011-02-16,6,9,0,0,0.3882956224389848,0.6252489416156125,2.6164009463400792,-0.8577492042661733,1.2460448267051414,0.3882956224389663,EUR
2011-02-17,6,9,1,0,0.2310167076464907,0.3876701735926604,2.935452076717819,-0.0,0.2310167076464858,0.23101670764648546,EUR
2011-02-18,6,9,0,0,0.3491295890184519,0.3491295890184519,2.7207692338400307,-0.0,0.34912958901845975,0.3491295890184604,EUR
2011-02-19,1,1,0,0,0.0,0.0,3.2843442037501105,-0.0,-0.0021416801308441046,-0.0021416801308421557,EUR
2011-02-21,6,9,0,0,0.368128449302346,0.368128449302346,3.2864154993731827,-0.0,0.36812844930234767,0.3681284493023486,EUR
2011-02-22,6,10,3,0,0.9545568774015949,0.9545568774015949,3.069976263814722,-0.0,0.9545568774015908,0.9545568774015937,EUR
2011-02-23,6,7,0,0,0.0,0.030629958428347002,2.083800108204611,-0.0,-0.30179377789499584,-0.3017937778949945,EUR
2011-02-24,6,7,2,0,0.16811177703491845,0.2046958286113724,2.2549560889494353,-0.2715394054215962,0.4396511824565079,0.16811177703491587,EUR
2011-02-25,6,6,1,0,0.40534523907418885,0.4548041931137215,1.9092025698562738,-0.2436799531099064,0.649025192184093,0.40534523907418424,EUR
2011-02-28,6,7,1,0,0.07254095841756729,0.26785160850617645,1.5782314400559316,-0.0,0.07254095841758107,0.0725409584175809,EUR
2011-03-01,6,6,0,0,0.13263364933217345,0.5943317410372083,1.7568711073928125,-0.0,0.13263364933217092,0.1326336493321702,JPY
2011-03-02,6,7,0,0,0.15387320153757725,0.15387320153757725,1.8578427235534152,-0.0,0.15387320153757733,0.15387320153757594,JPY
2011-03-03,6,7,0,0,0.12962311370868265,0.17030164589230615,2.3914266498239094,-0.0,0.12962311370867977,0.12962311370867816,JPY
2011-03-04,6,7,0,0,0.2974883991705267,0.2974883991705267,2.8818292225770192,-0.0,0.2974883991705229,0.29748839917051906,JPY
2011-03-07,6,7,0,0,0.48332619741959704,0.5654629834504356,2.8382733105490385,-0.0,0.4833261974195942,0.4833261974195939,JPY
2011-03-08,6,7,0,0,0.2603479127941404,0.3336494151683827,2.5372237164083047,-0.0,0.2603479127941345,0.26034791279413844,JPY
2011-03-09,6,7,0,0,0.0648534210418104,0.0648534210418104,2.4837650809802065,-0.0,0.06485342104180959,0.06485342104180845,JPY
2011-03-10,6,7,2,0,0.5899707328745594,0.5899707328745594,2.6778140404306976,-0.8229573959838214,1.4129281288583777,0.5899707328745549,JPY
2011-03-11,6,10,1,0,0.4846935685475437,0.486461526751396,1.3245209029936313,-0.0,0.48469356854754597,0.4846935685475483,JPY
2011-03-14,6,11,0,0,0.676512891760129,0.676512891760129,2.819535660181342,-0.0,0.6765128917601304,0.6765128917601302,AUD
2011-03-15,6,11,1,0,3.2210929874740253,3.2210929874740253,4.55713749359087,-0.10157018659125108,3.3226631740652746,3.221092987474021,AUD
2011-03-16,6,10,0,0,2.198302995404075,2.9285274241737715,3.6294889554838354,-0.0,2.1983029954040756,2.198302995404073,AUD
2011-03-17,6,10,0,0,1.2604949192509918,1.2604949192509918,6.111594744817219,-0.0,1.2604949192509973,1.2604949192509973,AUD
2011-03-18,6,11,2,0,0.0,1.560333916915116,4.967598312797075,-0.4309846048918667,-2.9782947618744435,-3.409279366766312,JPY
2011-03-19,1,5,0,0,0.0,0.0,7.8253624020521855,-0.0,-0.025433786882909367,-0.02543378688291003,AUD
2011-03-21,6,10,0,0,0.0,0.1567229511901479,7.859159764242427,-0.0,-0.4984009420205908,-0.49840094202059415,AUD
2011-03-22,6,11,0,0,0.1167615607786987,0.27804824790413063,9.607949831724289,-0.0,0.11676156077870262,0.11676156077870456,AUD
2011-03-23,6,11,1,0,0.38939048838903,0.38939048838903,10.364143442484986,-0.0,0.38939048838904655,0.38939048838904805,AUD
2011-03-24,6,10,0,0,0.0,0.045569144362902464,10.322565622116564,-0.37546027125981946,0.3678538584713718,-0.007606412788449932,AUD
2011-03-25,6,10,0,0,0.12766474902609126,0.12766474902609126,10.961901793097798,-0.0,0.1276647490260961,0.12766474902609637,AUD
2011-03-26,1,3,0,0,0.0,0.0,10.987606204192952,-0.0,-0.0,0.0,AUD
2011-03-28,6,11,0,0,0.0,0.6986114950872704,11.03761069712271,-0.0,-0.15225144498088372,-0.1522514449808867,JPY
2011-03-29,6,11,2,0,0.19689098813986528,0.19689098813986528,11.172851314531648,-0.0,0.1968909881398537,0.19689098813985775,JPY
2011-03-30,6,9,0,0,0.0,0.09474394639499348,8.43615761065021,-0.0,-0.15699705493538588,-0.1569970549353831,JPY
2011-03-31,6,11,0,0,0.18499022798418005,0.3945824365911909,8.40717250604011,-0.0,0.18499022798418838,0.18499022798418435,JPY
2011-04-01,6,12,0,0,0.0,0.033685187148717696,8.549258754058156,-0.0,-0.27065428807482494,-0.27065428807482594,JPY
2011-04-02,1,12,0,0,0.016097565184117604,0.016097565184117604,7.581155696925203,-0.0,0.016097565184118215,0.016097565184116997,EUR
2011-04-04,6,12,0,0,0.19071116322779563,0.21981913216931617,7.649834502925225,-0.0,0.1907111632277841,0.1907111632277859,EUR
2011-04-05,6,12,2,1,0.17140014187006872,0.30945973766798396,7.559024808734257,0.3434117087514679,-0.17201156688139616,0.17140014187007238,EUR
2011-04-06,6,11,1,1,0.0,0.1570478275538188,8.030648186713329,-0.0,-0.13868421264812897,-0.1386842126481314,EUR
2011-04-07,6,10,0,0,0.525296688049814,0.525296688049814,8.787654992127548,-0.0,0.5252966880498182,0.5252966880498188,EUR
2011-04-08,6,10,0,0,0.05314688307628839,0.05314688307628839,8.325535087162425,-0.0,0.053146883076292034,0.05314688307629082,EUR
2011-04-09,1,10,0,0,0.0,0.0,8.936331036261219,-0.0,-0.030659957912788048,-0.030659957912789252,EUR
2011-04-11,6,10,1,0,0.29649012825444687,0.5016171164765219,8.964242561177551,-0.0,0.296490128254442,0.29649012825443954,EUR
2011-04-12,6,9,4,0,0.15632157781197917,0.15632157781197917,3.9486188741033192,-3.0472548532657284,3.2035764310777024,0.1563215778119743,EUR
2011-04-13,6,5,0,0,0.30863339188964184,0.32003996645243704,1.631876352208634,-0.0,0.30863339188964334,0.30863339188964545,EUR
2011-04-14,6,5,2,0,0.2707925130104165,0.32843133353172105,1.3273395734664752,-0.0,0.27079251301041285,0.27079251301041224,EUR
2011-04-15,6,3,0,0,0.16245043368615658,0.19380605291009884,0.8777806383023685,-0.0,0.16245043368614764,0.16245043368614928,EUR
2011-04-16,1,3,0,0,0.0047767806231690975,0.0047767806231690975,0.7164941524742423,-0.0,0.004776780623175778,0.004776780623172741,EUR
2011-04-18,6,3,1,0,0.3022921084829058,0.3022921084829058,0.7583235623067437,-0.0,0.3022921084829105,0.30229210848291127,EUR
2011-04-19,6,6,0,0,0.10712596737671917,0.10712596737671917,0.7717126617084695,-0.0,0.10712596737672318,0.10712596737672588,USD
2011-04-20,6,8,0,0,0.0,0.16119643676735448,1.2423126913959146,-0.0,-0.15487762296910834,-0.15487762296910818,GBP
2011-04-21,6,8,0,0,0.0,0.1543609617409907,1.584007448753634,-0.0,-0.02384311589595247,-0.02384311589595399,GBP
2011-04-22,6,8,0,0,0.04529631578767656,0.060549590600337946,1.8178439606324248,-0.0,0.04529631578767717,0.04529631578767837,JPY
2011-04-23,1,8,0,0,0.02695285482320083,0.02695285482320083,1.8535050067563004,-0.0,0.026952854823202185,0.02695285482319962,JPY
2011-04-25,6,8,0,0,0.18312611861589154,0.4105338528322464,1.8958884082693208,-0.0,0.18312611861589695,0.1831261186158994,JPY
2011-04-26,6,8,1,1,0.2524703465479345,0.2524703465479345,1.8061122168937522,-0.0,0.2524703465479345,0.25247034654793266,JPY
2011-04-27,6,7,0,0,0.0,0.06533604293706759,1.7435582381668049,-0.0,-0.11867064973434308,-0.11867064973434642,JPY
2011-04-28,6,7,0,0,0.32775834097298473,0.46848170411895657,2.243810740000195,-0.0,0.3277583409729916,0.3277583409729938,JPY
2011-04-29,6,7,0,0,0.0,0.08494289834199574,2.0005593983222827,-0.0,-0.06250187865485334,-0.06250187865485696,JPY
2011-04-30,1,7,0,0,0.0,0.0,2.1240919361370363,-0.0,-0.014016337588944458,-0.01401633758894506,JPY
2011-05-02,6,8,0,0,0.10240805082223847,0.19550878088394585,2.3117546711842865,-0.0,0.10240805082223155,0.10240805082223185,JPY
2011-05-03,6,10,3,1,0.808974557004634,0.808974557004634,2.4213175241870806,-0.0,0.808974557004642,0.8089745570046414,NZD
2011-05-04,6,7,1,0,0.3901117940369963,0.3901117940369963,2.0436043757855087,-0.41865814993505385,0.8087699439720496,0.3901117940369945,NZD
2011-05-05,6,6,1,0,0.7082245167224053,0.8788529272153546,1.348529916516302,-0.15346504876758016,0.8616895654899953,0.7082245167224145,NZD
2011-05-06,6,8,1,0,0.0,0.38901360945252644,0.8007509391353121,-0.0,-0.060698153133578216,-0.060698153133576536,NZD
2011-05-07,1,7,0,0,0.046188845066332286,0.046188845066332286,1.3076978941955928,-0.10083717465725153,0.14702601972359364,0.04618884506634019,NZD
2011-05-09,6,8,0,0,0.0,0.25841016105726144,1.4611229900609342,-0.0,-0.035087719569166474,-0.03508771956916723,NZD
2011-05-10,6,8,1,0,0.16197592381243478,0.2305604474833925,1.5679538887397708,-0.0,0.16197592381242515,0.16197592381242445,NZD
2011-05-11,6,9,0,0,0.9822507285969461,1.0042727481851315,2.0153645362242254,-0.0,0.9822507285969432,0.9822507285969388,CAD
2011-05-12,6,11,2,1,0.0,0.21419968186491278,1.2254364784570924,-0.0,-0.12346431270897167,-0.12346431270896707,CAD
2011-05-13,6,10,0,0,0.5790528982877423,0.6604898875450391,1.9493953405370124,-0.0,0.5790528982877466,0.5790528982877503,CAD
2011-05-14,1,10,0,0,0.0,0.0,1.3783236653814472,-0.0,-0.0694791484830046,-0.06947914848300704,CAD
2011-05-16,6,12,0,0,0.17833624031716216,0.17833624031716216,1.5713072065530194,-0.0,0.17833624031716525,0.17833624031716586,CAD
2011-05-17,6,12,0,0,0.1110844281889116,0.1993280892438529,2.167439863803445,-0.0,0.1110844281889131,0.11108442818891587,CAD
2011-05-18,6,12,1,0,0.20121258211559645,0.5010799293064707,2.5957516987181957,-0.0,0.20121258211560034,0.2012125821156013,CAD
2011-05-19,6,11,0,0,0.0,0.26251785679674344,2.550482150345498,-0.0,-0.0061881185598414296,-0.006188118559843556,CAD
2011-05-20,6,11,2,2,0.05713273229724562,0.09988311020475008,2.9683955595764906,-0.0,0.05713273229724236,0.05713273229724502,CAD
2011-05-21,1,9,0,0,0.05299747420141521,0.05299747420141521,3.103686857461644,0.6777754211523171,-0.6247779469509014,0.05299747420141521,CAD
2011-05-23,6,11,1,1,1.2012583761322426,1.2012583761322426,3.404037419501186,-0.0,1.201258376132242,1.201258376132242,CAD
2011-05-24,6,10,0,0,0.008156828513822028,0.3420103606747292,2.402591868220658,0.3425826431371009,-0.3344258146232835,0.008156828513815944,CAD
2011-05-25,6,10,1,1,0.5205630467182208,0.5464509284388945,3.291292007032031,-0.0,0.5205630467182146,0.5205630467182173,CAD
2011-05-26,6,10,0,0,0.096579452371375,0.34919121522794416,2.9856991470395458,-0.0,0.09657945237137001,0.09657945237137136,NZD
2011-05-27,6,11,1,1,0.11565916940098264,0.15847596398801453,3.998743705708072,-0.0,0.11565916940097427,0.11565916940097366,NZD
2011-05-28,1,10,1,1,0.0,0.0,3.578143340011529,-0.0,-0.10826652963468293,-0.10826652963468382,NZD
2011-05-30,6,10,0,0,0.132438058089485,0.33413273622355166,3.742548947410354,0.33683613122370043,-0.20439807313421005,0.132438058089488,NZD
2011-05-31,6,10,1,0,0.0,0.244323390780087,3.614898390551223,-0.0,-0.22588320529430775,-0.22588320529430658,NZD
2011-06-01,6,9,3,0,0.7898349751085488,0.7898349751085488,3.722563191184549,-0.2897696041437527,1.0796045792523012,0.789834975108547,NZD
2011-06-02,6,6,0,0,0.11138146520643863,0.12225353318426663,2.451603633857205,-0.42788770740626636,0.5392691726127065,0.11138146520643863,NZD
2011-06-03,6,9,2,1,0.3338026210248503,0.3338026210248503,2.5421348159041495,0.1526427845548331,0.18115983647002853,0.33380262102485986,JPY
2011-06-04,1,7,0,0,0.0,0.0,2.219467671647612,-0.0,-0.04876363303101963,-0.04876363303101693,JPY
2011-06-06,6,7,0,0,0.29175602546706025,0.36728885028370645,2.465435114688791,-0.0,0.29175602546706153,0.2917560254670585,JPY
2011-06-07,6,7,0,0,0.0,0.17151387536866822,2.180039485779052,-0.0,-0.13273308042972842,-0.13273308042972815,JPY
2011-06-08,6,7,0,0,0.46488847737697875,0.5583964446550027,2.747518932255863,-0.0,0.4648884773769838,0.4648884773769817,JPY
2011-06-09,6,8,1,0,0.0,0.08341811844246683,2.3486956891562705,-0.0,-0.2679925077037815,-0.2679925077037791,JPY
2011-06-10,6,10,0,0,0.7170776966574649,0.8211684024231102,2.9888098651332258,-0.4112210639229229,1.1282987605803845,0.7170776966574626,AUD
2011-06-11,1,10,0,0,0.0,0.0,2.288139909434635,-0.0,-0.016323974036837413,-0.016323974036835304,AUD
2011-06-13,6,11,3,0,0.3507238239619623,0.3507238239619623,2.330647500209914,-0.0,0.3507238239619684,0.35072382396196466,AUD
2011-06-14,6,8,0,0,0.03783516354698462,0.15295670216171947,1.662493090209889,-0.0,0.03783516354698168,0.037835163546981625,AUD
2011-06-15,6,9,0,0,0.9622964783077038,1.0265388109836893,2.2123114745261874,-0.0,0.9622964783077075,0.9622964783077087,GBP
2011-06-16,6,11,1,1,0.6028231602283215,0.7827546475830968,1.7224157950877734,-0.0,0.6028231602283186,0.6028231602283192,GBP
2011-06-17,6,13,1,1,0.3361534496389691,0.4269746459214244,1.5937323788106874,-0.0,0.3361534496389741,0.33615344963896965,JPY
2011-06-18,1,12,0,0,0.0,0.0,1.630761221352749,-0.0,-0.09390344843283349,-0.09390344843283364,NZD
2011-06-20,6,12,1,1,0.8910027638992358,0.8910027638992358,2.0758299823721704,-0.0,0.891002763899232,0.891002763899232,NZD
2011-06-21,6,12,0,0,0.16882469117117632,0.42667348441162806,1.8759379570636903,-0.0,0.1688246911711659,0.16882469117116478,NZD
2011-06-22,6,12,1,1,0.09912154958655905,0.5429334734554854,2.1814334500141643,0.34158888200339305,-0.24246733241684412,0.09912154958655177,NZD
2011-06-23,6,12,0,0,0.31523111461371595,0.40332743775163704,2.228629865801764,-0.0,0.3152311146137137,0.3152311146137116,NZD
2011-06-24,6,13,0,0,0.39912379239499757,0.39912379239499757,2.799889230416719,-0.0,0.3991237923950011,0.39912379239499635,NZD
2011-06-25,1,13,0,0,0.0,0.0,2.368754517510112,-0.0,-0.1496119806687504,-0.14961198066874923,NZD
2011-06-27,6,14,0,0,0.9166224317593837,0.9166224317593837,2.880516282844212,-0.0,0.916622431759368,0.9166224317593711,NZD
2011-06-28,6,15,0,0,0.3210279776491287,0.39566395991610476,2.916293518880348,-0.0,0.3210279776491293,0.32102797764912633,NZD
2011-06-29,6,17,0,0,0.22648885490447382,0.22648885490447382,3.905767237299832,-0.0,0.2264888549044676,0.22648885490447018,NZD
2011-06-30,6,17,2,0,0.0,0.16183882763645138,5.210322154555396,-0.0,-0.05691729467244336,-0.05691729467244514,CHF
2011-07-01,6,15,0,0,0.1216207105948298,0.1216207105948298,5.0966604389738075,-0.0,0.12162071059483863,0.12162071059484036,CHF
2011-07-02,1,15,0,0,0.13863078344132043,0.13863078344132043,5.044347083579286,-0.0,0.13863078344131344,0.13863078344131344,NZD
2011-07-04,6,15,0,0,0.0,0.05106785561303011,4.912526574214563,-0.0,-0.10408158259694464,-0.10408158259694346,NZD
2011-07-05,6,17,3,0,0.6916855860783266,0.9305682112738911,5.048528720771516,-0.0,0.691685586078333,0.6916855860783324,CHF
2011-07-06,6,14,2,0,0.3493337911303294,0.5265056135314152,3.6240681127738865,-1.3679810987561318,1.7173148898864579,0.3493337911303259,AUD
2011-07-07,6,12,0,0,0.0,0.2672854056678445,3.2945149056501264,-0.0,-0.09293323486792811,-0.09293323486792679,AUD
2011-07-08,6,12,1,0,0.38344490200378056,0.4203724662221146,3.7351034536570564,-0.0,0.38344490200378367,0.38344490200378056,AUD
2011-07-09,1,11,0,0,0.0,0.0,3.2233279939813024,-0.0,-0.163046012055817,-0.16304601205581876,AUD
2011-07-11,6,13,3,1,1.4859819837224026,1.4859819837224026,3.942583878509446,-0.18752392989988179,1.6735059136222843,1.4859819837224044,AUD
2011-07-12,6,16,5,2,0.9474434503631781,1.0359728815964253,2.857680558943879,0.03659461818275138,0.9108488321804251,0.9474434503631751,CAD
2011-07-13,6,15,0,0,0.14279802483494072,0.14279802483494072,2.7990196352111028,-0.0,0.14279802483493775,0.14279802483493953,CAD
2011-07-14,6,16,2,2,0.10717586586831049,0.640931427026591,3.108711772482432,0.6725748937157604,-0.5653990278474477,0.10717586586831226,CAD
2011-07-15,6,14,0,0,0.868825439955207,1.126090698991117,3.6805023391253058,-0.0,0.8688254399552016,0.8688254399551999,CAD
2011-07-16,1,14,0,0,0.11560544344581412,0.11560544344581412,2.881495535275376,-0.0,0.1156054434458203,0.11560544344582015,CAD
2011-07-18,6,14,0,0,0.36220206750679546,0.43039998771710175,3.228219825945531,-0.0,0.3622020675067895,0.36220206750679124,CAD
2011-07-19,6,15,1,0,0.0,0.20111840580196377,3.263343805790153,-0.0,-0.20752949983447333,-0.20752949983446894,CAD
2011-07-20,6,14,0,0,0.3644682882945592,0.4694241290785331,3.964472274654085,-0.0,0.3644682882945549,0.3644682882945592,CAD
2011-07-21,6,15,0,0,0.18950218755299242,0.3899095052443058,3.965545676203961,-0.0,0.18950218755299708,0.18950218755299603,CAD
2011-07-22,6,16,0,0,0.0,0.2832500427921589,4.625823774433595,-0.0,-0.046643355463643135,-0.04664335546364112,CAD
2011-07-23,1,16,0,0,0.13197748520477443,0.13197748520477443,4.912075412137156,-0.0,0.13197748520478403,0.1319774852047827,CAD
2011-07-25,6,16,1,0,0.618110586154397,0.9075509412916336,4.8554241264877085,-0.15336273506282838,0.7714733212172162,0.6181105861543886,CAD
2011-07-26,6,17,0,0,0.0,0.09403939573251092,4.37312930468231,-0.0,-0.09443486839190891,-0.0944348683919094,CAD
2011-07-27,6,17,0,0,0.027867948635469326,0.5215643559856094,5.244227645176165,-0.0,0.027867948635470798,0.02786794863547109,CAD
2011-07-28,6,17,0,0,0.4094386390325728,0.4996207005018143,5.19233116404754,-0.0,0.4094386390325556,0.4094386390325564,CAD
2011-07-29,6,19,0,0,0.6550729764736222,0.6936276534685046,5.885126836349965,-0.0,0.6550729764736171,0.6550729764736168,CAD
2011-07-30,1,19,1,1,0.0,0.0,6.25860798913322,-0.0,-0.014987615638792555,-0.014987615638791968,JPY
2011-08-01,6,18,1,0,1.240204388251958,1.720792779765689,6.925018673695746,0.32885021311149176,0.9113541751404611,1.2402043882519556,CAD
2011-08-02,6,17,7,0,0.4269319728683772,0.7666825133566779,5.998037298120407,-0.0,0.4269319728683767,0.4269319728683761,CAD
2011-08-03,6,11,0,0,0.0,0.0,4.005352244707501,-0.7335073562918697,0.476899435711947,-0.25660792057991916,GBP
2011-08-04,6,14,4,0,0.0,0.8695436948483964,5.19500722278791,-0.0,-0.25358634576019146,-0.2535863457601917,GBP
2011-08-05,6,10,2,1,0.4529567894074199,0.4529567894074199,4.84566273895927,-0.0,0.45295678940742296,0.4529567894074239,JPY
2011-08-06,1,8,0,0,0.0,0.0,4.663942605827268,-0.0,-0.19602043235085312,-0.19602043235085356,EUR
2011-08-08,6,8,2,2,0.13974919794048035,0.4766855820382781,5.142581132205335,0.3206200914098789,-0.18087089346939628,0.13974919794048263,EUR
2011-08-09,6,6,5,0,0.0,0.8797837195447022,5.516243190012241,-2.1823391265096874,2.0489793236416074,-0.1333598028680795,CAD
2011-08-10,6,2,0,0,0.5560996794177786,0.5568906246462111,0.8355875022104917,-0.0,0.5560996794177918,0.5560996794177921,CHF
2011-08-11,6,2,0,0,0.004013554168268007,0.004013554168268007,0.295519759092675,-0.0,0.004013554168252623,0.004013554168254331,CHF
2011-08-12,6,2,0,0,0.16951165705151436,0.16951165705151436,1.3230771467654083,-0.0,0.16951165705151522,0.1695116570515172,CHF
2011-08-13,1,2,0,0,0.002378519600102607,0.002378519600102607,1.6592034476327517,-0.0,0.0023785196001099122,0.0023785196001110363,CHF
2011-08-15,6,4,0,0,0.0,0.24627714694832373,1.788521320665288,-0.0,-0.10256818706014806,-0.1025681870601507,GBP
2011-08-16,6,4,0,0,0.03702701270095589,0.05686903794926059,2.0124692331203127,-0.0,0.03702701270094467,0.037027012700948034,GBP
2011-08-17,6,5,0,0,0.13073898890725683,0.13602111318895616,2.3874716158304228,-0.0,0.13073898890725444,0.1307389889072529,GBP
2011-08-18,6,5,0,0,0.0,0.08467023338917228,2.1699933506494693,-0.0,-0.01564943292214799,-0.015649432922148623,GBP
2011-08-19,6,6,0,0,0.12820863972008856,0.21241260549326782,2.2987331689190795,-0.0,0.1282086397201051,0.1282086397201053,JPY
2011-08-20,1,7,0,0,0.0,0.0,2.1970869607322285,-0.0,-0.030046794043365636,-0.030046794043366895,JPY
2011-08-22,6,7,0,0,0.0,0.09729517502396139,2.2264647734906466,-0.0,-0.12179733335289063,-0.12179733335288866,JPY
2011-08-23,6,7,0,0,0.08715269049724962,0.163723481103687,2.431413493194392,-0.0,0.08715269049725262,0.0871526904972513,JPY
2011-08-24,6,7,0,0,0.18011463600444363,0.18011463600444363,2.4403666385425593,-0.0,0.1801146360044546,0.18011463600445538,JPY
2011-08-25,6,7,1,0,0.0,0.03796836724233285,2.362348522398812,-0.0,-0.035230861851073214,-0.035230861851073075,JPY
2011-08-26,6,6,1,0,0.4157247466317419,0.4157247466317419,2.6993908623128915,-0.18889776447024556,0.6046225111019894,0.4157247466317469,JPY
2011-08-27,1,5,0,0,0.005078433224357074,0.005078433224357074,2.2931995135486103,-0.0,0.005078433224352034,0.0050784332243497925,JPY
2011-08-29,6,7,2,2,0.21074220567631075,0.21074220567631075,2.601283861575257,0.6306350740474013,-0.4198928683710903,0.21074220567631302,AUD
2011-08-30,6,5,0,0,0.08527559071432715,0.17111147596656753,2.781650794289455,-0.0,0.0852755907143277,0.0852755907143249,AUD
2011-08-31,6,6,0,0,0.4862618477650526,0.5254567116369749,3.140806431874522,-0.0,0.48626184776507286,0.48626184776507286,CAD
2011-09-01,6,7,1,1,1.0198461975499422,1.0198461975499422,3.2847335450783013,0.3177984669364253,0.7020477306135013,1.0198461975499298,AUD
2011-09-02,6,8,0,0,0.0,0.14596322807123832,2.4472068069701964,-0.0,-0.05661649041351733,-0.056616490413518746,AUD
2011-09-03,1,8,0,0,0.0,0.0,3.132637243615156,-0.0,-0.11299473106298066,-0.11299473106297984,CAD
2011-09-05,6,9,1,1,0.41998320646168114,0.41998320646168114,3.4412323499935815,-0.0,0.4199832064616718,0.4199832064616743,GBP
2011-09-06,6,9,0,0,0.13998341155298855,0.47732610551952487,3.0483069343259537,-0.0,0.13998341155298866,0.13998341155298855,EUR
2011-09-07,6,9,1,0,0.5326469915319242,0.5326469915319242,2.7226819705578724,-0.0,0.5326469915319367,0.5326469915319343,GBP
2011-09-08,6,8,1,0,0.03629590683877024,0.14342714164280618,2.335125535465039,-0.0,0.0362959068387766,0.03629590683877532,GBP
2011-09-09,6,7,2,2,0.07279532298279841,0.274452336410525,2.413821952537033,-0.0,0.07279532298279559,0.07279532298279501,GBP
2011-09-10,1,5,0,0,0.02915856072457184,0.02915856072457184,2.164813137986559,-0.0,0.029158560724569446,0.029158560724568454,AUD
2011-09-12,6,11,0,0,0.0,0.09180824854341954,2.6505496818841974,-0.0,-0.1107088807359904,-0.11070888073599139,AUD
2011-09-13,6,11,1,0,0.3489626984275583,0.3489626984275583,3.249644932480008,-0.0,0.3489626984275672,0.3489626984275673,NZD
2011-09-14,6,10,0,0,0.4592916927922289,0.4592916927922289,3.383209097973798,-0.19227015191526445,0.6515618447074886,0.45929169279222565,NZD
2011-09-15,6,12,1,0,0.3011945865024958,0.3011945865024958,3.1028555176004886,-0.0,0.3011945865024875,0.3011945865024885,JPY
2011-09-16,6,12,0,0,0.0,0.1837366055577636,2.3126677541839467,-0.0,-0.07796568307148388,-0.07796568307148247,NZD
2011-09-17,1,12,0,0,0.12290289692211277,0.12290289692211277,2.5557802248645736,-0.0,0.12290289692211713,0.12290289692212122,NZD
2011-09-19,6,13,0,0,0.6153201862604082,0.6153201862604082,2.873722937950114,-0.0,0.6153201862604011,0.6153201862603975,GBP
2011-09-20,6,14,0,0,0.25231217002866857,0.2889824718090849,2.6791512417695627,-0.0,0.2523121700286692,0.25231217002867085,JPY
2011-09-21,6,14,2,2,0.6666105521656184,0.7731477086150567,3.3847282380228454,-0.0,0.6666105521656229,0.6666105521656246,JPY
2011-09-22,6,12,1,1,0.5623079852213915,0.5674396049588623,4.293614539130205,0.9614902729257295,-0.39918228770434133,0.5623079852213874,JPY
2011-09-23,6,12,1,1,0.0,0.17498270467960145,3.949846999647645,-0.0,-0.002197066318557817,-0.002197066318560107,JPY
2011-09-24,1,11,0,0,0.05195231932422119,0.05195231932422119,4.560048574857496,-0.0,0.051952319324216414,0.051952319324217774,JPY
2011-09-26,6,12,0,0,0.13069907796938415,0.30620338527705676,4.510439533482636,-0.0,0.1306990779693792,0.13069907796937902,JPY
2011-09-27,6,12,3,0,0.09217576113852242,0.1680364326085078,3.741593408786962,-0.6152932284159356,0.7074689895544539,0.09217576113852015,JPY
2011-09-28,6,9,0,0,0.7550005598409207,0.7550005598409207,2.7242423917120093,-0.0,0.7550005598409164,0.7550005598409163,JPY
2011-09-29,6,9,0,0,0.23776780964876099,0.23776780964876099,2.070035760928219,-0.0,0.23776780964876756,0.23776780964876953,JPY
2011-09-30,6,10,1,1,0.434912882153235,0.434912882153235,2.2826953320982,0.32054244874390087,0.1143704334093393,0.4349128821532384,JPY
2011-10-01,1,9,0,0,0.10546291179735089,0.10546291179735089,1.8691456631812577,-0.0,0.10546291179733486,0.10546291179733486,JPY
2011-10-03,6,9,0,0,0.7692540927086557,0.9269193545614727,2.1978987278681337,-0.0,0.76925409270867,0.7692540927086731,JPY
2011-10-04,6,9,1,0,0.4388640120382833,0.4388640120382833,1.8165587883139773,-0.2271440663400396,0.6660080783783248,0.4388640120382833,JPY
2011-10-05,6,8,0,0,0.28377980419744353,0.28377980419744353,2.4194165374153656,-0.0,0.2837798041974343,0.2837798041974343,JPY
2011-10-06,6,8,1,0,0.10344439965254942,0.12882059206430957,2.516699332844283,-0.0,0.10344439965254085,0.10344439965254144,JPY
2011-10-07,6,7,0,0,0.007964908187454819,0.22676882169719634,2.499265648647354,-0.0,0.007964908187435494,0.007964908187437768,JPY
2011-10-08,1,7,0,0,0.14261190611212443,0.14261190611212443,2.602145887690779,-0.0,0.14261190611210428,0.14261190611210628,JPY
2011-10-10,6,8,0,0,0.0,0.09704952508637113,2.54803195270036,-0.0,-0.19696384509007847,-0.19696384509008158,JPY
2011-10-11,6,8,0,0,0.1321170985353884,0.1321170985353884,3.350378969048392,-0.0,0.1321170985354012,0.13211709853539969,JPY
2011-10-12,6,8,0,0,0.1462187718196296,0.1462187718196296,3.5852499101348045,-0.0,0.14621877181961526,0.14621877181961612,JPY
2011-10-13,6,9,1,1,0.5186940433116807,0.5186940433116807,4.45926812955864,0.31384905438907146,0.20484498892260547,0.5186940433116796,JPY
2011-10-14,6,8,0,0,0.06289331946265792,0.06289331946265792,4.198896516115045,-0.0,0.06289331946266379,0.06289331946266408,JPY
2011-10-15,1,8,0,0,0.047581041604664136,0.047581041604664136,4.95067425713172,-0.0,0.047581041604674544,0.04758104160467413,JPY
2011-10-17,6,10,0,0,0.6531010937523536,0.8265921351758734,4.980508946644473,-0.0,0.6531010937523426,0.6531010937523446,EUR
2011-10-18,6,13,1,0,0.22921943612406276,0.3124352758703871,4.888713324953678,-0.19125778476453711,0.4204772208885992,0.22921943612405937,CHF
2011-10-19,6,12,0,0,0.09478770865423819,0.09478770865423819,4.858753321932558,-0.0,0.09478770865424004,0.09478770865424042,CHF
2011-10-20,6,13,1,0,0.5983861709788639,0.6294310123723167,5.217222341769673,-0.3329373991810066,0.9313235701598798,0.5983861709788717,CHF
2011-10-21,6,14,0,0,0.7198228639515111,0.8263891646374951,5.176933558858212,-0.0,0.7198228639515026,0.7198228639515051,CHF
2011-10-22,1,14,0,0,0.0,0.0,4.4913697796690935,-0.0,-0.28016873233840656,-0.2801687323384047,CHF
2011-10-24,6,16,0,0,0.0635442433078688,0.2582360350264766,5.094213882862058,-0.0,0.06354424330789034,0.06354424330788795,CHF
2011-10-25,6,16,0,0,0.11782830793717275,0.11894490510434809,5.750194979563282,-0.0,0.11782830793716993,0.1178283079371677,CHF
2011-10-26,6,21,1,0,0.6626589416849953,0.6822796389549249,6.371935790636327,-0.0,0.6626589416850011,0.6626589416849976,CHF
2011-10-27,6,22,2,0,0.7044170291695059,1.146627992905578,6.9110583678940785,-0.14162651881483962,0.8460435479843497,0.7044170291695103,CHF
2011-10-28,6,20,0,0,0.1772682819297401,0.30346289087537304,6.191661040548462,-0.0,0.17726828192972868,0.17726828192972774,CHF
2011-10-29,1,20,0,0,0.0,0.0,6.230714974305745,-0.0,-0.18460235402869338,-0.18460235402869044,CHF
2011-10-31,6,21,6,1,0.34440801925377607,0.835163456010515,6.403496323381316,-0.0,0.34440801925377784,0.34440801925377723,CHF
2011-11-01,6,16,2,0,0.0,1.325997142700954,4.487698560839988,-0.3333148764891954,0.27966178110832396,-0.053653095380873185,CHF
2011-11-02,6,15,0,0,0.5356967725524443,0.5356967725524443,4.032546198621315,-0.0,0.5356967725524373,0.5356967725524377,CHF
2011-11-03,6,15,0,0,0.6785059465513045,0.8780970628381722,3.7162374184087894,-0.0,0.6785059465513067,0.6785059465513088,CHF
2011-11-04,6,16,0,0,0.14891061699804092,0.4467074559120811,3.543471370157061,-0.0,0.14891061699803398,0.1489106169980326,CHF
2011-11-05,1,1,0,0,0.0011766413557441667,0.0011766413557441667,4.251463518809269,-0.0,0.0011766413557387802,0.0011766413557386423,CHF
2011-11-07,6,16,0,0,0.0,0.0,3.8971658073236464,-0.0,-1.4721138533641605,-1.4721138533641591,CHF
2011-11-08,6,16,1,1,0.6720772554642385,0.9550852077100338,6.616485953234384,-0.0,0.6720772554642529,0.6720772554642513,CHF
2011-11-09,6,15,2,1,0.4117856403218758,0.4117856403218758,6.062759051096819,-0.0,0.41178564032186393,0.4117856403218656,CHF
2011-11-10,6,13,2,1,0.43004161756347564,0.7293797792042804,5.599895145630322,0.4221401789325197,0.007901438630942819,0.4300416175634627,CHF
2011-11-11,6,12,0,0,0.12038756780334958,0.14420088031977155,4.421228300786333,-0.0,0.12038756780333446,0.1203875678033334,CHF
2011-11-14,6,13,0,0,0.20591596428974407,0.34090844250317626,4.694899910316679,-0.0,0.20591596428975,0.20591596428974515,CHF
2011-11-15,6,13,0,0,0.04047953933562002,0.09560993475920514,4.746330890444605,-0.0,0.04047953933562272,0.04047953933562272,CHF
2011-11-16,6,14,0,0,0.2808416640101514,0.34408160828616063,4.610564302922503,-0.0,0.2808416640101382,0.28084166401014127,CHF
2011-11-17,6,15,3,3,0.5451049141536098,0.5451049141536098,4.618879565739167,0.9114181614458584,-0.36631324729225206,0.5451049141536077,CHF
2011-11-18,6,14,0,0,0.6926680408338464,0.6926680408338464,4.6070381716079325,-0.0,0.6926680408338328,0.6926680408338344,CHF
2011-11-21,6,14,4,0,0.7348251958243193,0.7348251958243193,4.312416790700338,-0.5864610701403628,1.3212862659646818,0.7348251958243209,CHF
2011-11-22,6,12,0,0,0.46492836700023843,0.6527265557341545,3.5711270067475307,-0.0,0.464928367000232,0.46492836700023077,CHF
2011-11-23,6,12,0,0,0.1781455331077543,0.1781455331077543,3.1758833951305485,-0.0,0.17814553310775802,0.17814553310776035,CHF
2011-11-24,6,12,0,0,0.1692559825817409,0.4403701883122337,2.936064366210439,-0.0,0.16925598258173807,0.1692559825817376,CHF
2011-11-25,6,14,1,0,0.0,0.05884781706787353,2.946407839739769,-0.0,-0.24276937557287898,-0.24276937557287961,CHF
2011-11-28,6,13,2,0,0.0,0.6756123279831593,3.592041349090473,-0.47438802229629534,0.1687282991026665,-0.3056597231936266,CHF
2011-11-29,6,13,0,0,0.010060023718449596,0.14800329274333807,4.093498265319246,-0.0,0.010060023718442912,0.010060023718444736,CHF
2011-11-30,6,14,5,2,0.2891285502348342,0.2891285502348342,4.874234500794803,-0.0,0.28912855023484296,0.28912855023484496,CHF
2011-12-01,6,9,0,0,0.5789155727657643,0.5981888284072083,3.5390012518667726,-0.0,0.5789155727657499,0.5789155727657515,CHF
2011-12-02,6,9,1,1,0.0,0.16338265871506907,3.6774231856052726,0.3010205522212546,-0.3402215709392781,-0.03920101871802396,CHF
2011-12-05,6,8,0,0,0.0,0.101383818282042,3.3681071741241553,-0.0,-0.11861268509518628,-0.11861268509518522,CHF
2011-12-06,6,8,0,0,0.1250480054051012,0.1250480054051012,3.6916943491054357,-0.0,0.12504800540509828,0.12504800540510438,CHF
2011-12-07,6,9,0,0,0.015845836713902186,0.05730162844468065,3.3684906301502138,-0.0,0.01584583671388313,0.01584583671388313,CHF
2011-12-08,6,9,2,0,0.5615975080059914,0.6307633726921424,3.4970630187416902,-0.4196802022748972,0.9812777102808886,0.5615975080059914,CHF
2011-12-09,6,7,3,0,0.29946207268931274,0.31773385030158063,2.35091547320251,-1.0681485673113604,1.3676106400006727,0.29946207268931174,CHF
2011-12-12,6,5,1,1,0.1779143682091825,0.18130806614738948,1.085328339988782,-0.0,0.17791436820918735,0.17791436820918677,EUR
2011-12-13,6,4,1,0,0.17495062589403282,0.2602260365589154,0.9467320916358195,-0.0,0.17495062589404162,0.17495062589403976,GBP
2011-12-14,6,3,0,0,0.04117460812631722,0.10289690007398158,0.7977712422079298,-0.1454319400467937,0.1866065481730993,0.041174608126307605,GBP
2011-12-15,6,4,2,0,0.2243841084095419,0.2243841084095419,0.8736283906252011,-0.4636332346461667,0.6880173430557179,0.22438410840954884,USD
2011-12-16,6,3,0,0,0.0,0.15668892051118286,0.24883218024943382,-0.0,-0.06461120755876058,-0.0646112075587563,CHF
2011-12-19,6,4,0,0,0.27853685031736264,0.27853685031736264,0.5718765174431953,-0.0,0.2785368503173654,0.27853685031736586,CHF
2011-12-20,6,4,0,0,0.0,0.0,0.29415900836265085,-0.0,-0.10606484963206667,-0.10606484963206655,CHF
2011-12-21,6,4,0,0,0.0,0.19703395650990368,0.9908991727005845,-0.0,-0.10729352489311725,-0.10729352489311737,CHF
2011-12-22,6,4,0,0,0.0805742121078206,0.0805742121078206,1.039392294978742,-0.0,0.08057421210781093,0.08057421210781106,AUD
2011-12-23,6,4,0,0,0.00460061556298847,0.15197035845509826,1.1085072491891415,-0.0,0.004600615563003064,0.004600615562998022,AUD
2011-12-26,4,4,0,0,0.0,0.0,0.8578679837278799,-0.0,-0.08037470813541317,-0.08037470813541515,AUD
2011-12-27,6,4,0,0,0.11239158559454805,0.11239158559454805,0.9657305361659898,-0.0,0.11239158559453571,0.11239158559453215,AUD
2011-12-28,6,5,0,0,0.3479360884493732,0.3479360884493732,1.067694239632641,-0.0,0.347936088449372,0.3479360884493758,AUD
2011-12-29,6,5,1,0,0.15896741261517613,0.15896741261517613,0.8472352318098395,-0.0,0.15896741261516806,0.15896741261516603,AUD
2011-12-30,6,4,1,0,0.0,0.08608405552907568,0.7005579326950591,-0.0,-0.06750781817757374,-0.0675078181775695,AUD
2012-01-02,4,3,0,0,0.0,0.006403527434899766,0.7685762403727859,-0.0,-0.027722681470552107,-0.027722681470549196,AUD
2012-01-03,6,4,0,0,0.04858584706185956,0.1318115962205729,1.0174133734233142,-0.0,0.04858584706186762,0.048585847061870135,AUD
2012-01-04,6,5,0,0,0.043082518384722886,0.043082518384722886,1.029252662819836,-0.0,0.04308251838470782,0.04308251838470915,AUD
2012-01-05,6,5,0,0,0.05121122075422222,0.05121122075422222,1.405697780164221,-0.0,0.051211220754209606,0.051211220754207504,USD
2012-01-06,6,5,0,0,0.12215526091375972,0.12215526091375972,1.736159760540092,-0.0,0.12215526091377282,0.12215526091377125,USD
2012-01-09,6,6,0,0,0.26110529844839503,0.26110529844839503,1.810837493385457,-0.0,0.2611052984483974,0.26110529844839764,AUD
2012-01-10,6,7,2,0,0.0,0.09310749575527832,1.3487381083742345,-0.0,-0.05084854334373324,-0.05084854334373692,AUD
2012-01-11,6,5,1,1,0.11775363429286533,0.1390606351813751,1.4208133523665851,-0.0,0.11775363429286272,0.1177536342928674,AUD
2012-01-12,6,4,1,0,0.29558699103987424,0.35116052367585615,1.3597787637034242,-0.0,0.2955869910398635,0.29558699103986796,JPY
2012-01-13,6,3,0,0,0.06955074808103029,0.13291997173556708,0.7415391480457383,-0.0,0.06955074808102636,0.06955074808102767,JPY
2012-01-16,6,3,0,0,0.13667445584548857,0.13667445584548857,0.7953544380483225,-0.0,0.13667445584547377,0.136674455845476,JPY
2012-01-17,6,3,0,0,0.0,0.08652243718658859,0.8343153026128147,-0.0,-0.13020089852891772,-0.13020089852892008,JPY
2012-01-18,6,4,0,0,0.08069243386721131,0.08069243386721131,1.1286305250138022,-0.0,0.08069243386719967,0.08069243386719979,JPY
2012-01-19,6,4,1,0,0.1334393920661964,0.1334393920661964,1.2085559894977056,-0.0,0.1334393920661947,0.13343939206619013,JPY
2012-01-20,6,3,0,0,0.0,0.046046521216927275,0.5879895490063167,-0.0,-0.029908887443454966,-0.029908887443456083,USD
2012-01-23,6,4,1,1,0.27215552489509115,0.28043264813294216,0.9162577999106408,0.294330468554374,-0.02217494365927499,0.2721555248950984,CAD
2012-01-24,6,3,0,0,0.07424375783022219,0.07424375783022219,0.736209329912667,-0.0,0.07424375783021347,0.07424375783021592,CAD
2012-01-25,6,3,0,0,0.0,0.033050112349962815,0.8719894401576734,-0.0,-0.0033983544788306597,-0.003398354478826995,CAD
2012-01-26,6,3,0,0,0.009425349915271258,0.08195206050727787,1.0087718926286655,-0.0,0.009425349915276748,0.009425349915275442,CAD
2012-01-27,6,3,2,0,0.45526305892825797,0.45526305892825797,1.0133536794912092,-0.8939912714320153,1.349254330360276,0.4552630589282591,CAD
2012-01-30,6,2,0,0,0.0,0.0,0.055756024468034904,-0.0,-0.026817514246466546,-0.026817514246467986,CAD
2012-01-31,6,2,0,0,0.0779437115676967,0.0779437115676967,0.24949402280542618,-0.0,0.07794371156768967,0.07794371156769407,CHF
2012-02-01,6,3,0,0,0.060415935922241676,0.12525971515336812,0.5565433341830051,-0.0,0.06041593592223288,0.06041593592223278,CHF
2012-02-02,6,3,0,0,0.0,0.04480526265386088,0.4652973340566988,-0.0,-0.007932495225116291,-0.007932495225115587,CHF
2012-02-03,6,3,0,0,0.04925094161735242,0.056105053427433736,0.5256476593082416,-0.0,0.049250941617355624,0.04925094161735556,CHF
2012-02-06,6,4,0,0,0.18615009288814724,0.18615009288814724,0.9114787561021249,-0.0,0.18615009288815218,0.1861500928881514,GBP
2012-02-07,6,4,0,0,0.0,0.08210862711549513,0.751179513862616,-0.0,-0.0005883601612627163,-0.0005883601612560413,GBP
2012-02-08,6,4,0,0,0.0510011619626889,0.0510011619626889,0.8675439025633965,-0.0,0.05100116196268251,0.05100116196268732,GBP
2012-02-09,6,4,1,0,0.05822411956913656,0.05822411956913656,0.767515456557368,-0.31762639070240895,0.37585051027153626,0.05822411956913552,GBP
2012-02-10,6,4,0,0,0.25857802899973353,0.25857802899973353,0.883585762717751,-0.0,0.2585780289997355,0.25857802899973664,GBP
2012-02-13,6,4,0,0,0.045735485821084255,0.050633829447405174,0.7683589322103983,-0.0,0.04573548582107513,0.045735485821079044,CAD
2012-02-14,6,4,0,0,0.0,0.0173721256893445,0.809209311546153,-0.0,-0.03814365295193071,-0.038143652951926246,CAD
2012-02-15,6,4,0,0,0.01346411749786986,0.20611331789156537,1.0497594572894533,-0.0,0.01346411749786304,0.013464117497856353,CAD
2012-02-16,6,7,1,0,0.020540677562596435,0.020540677562596435,0.8536135852291071,-0.0,0.020540677562595464,0.02054067756259955,EUR
2012-02-17,6,6,0,0,0.0,0.07839607812801504,0.9714592656750716,-0.0,-0.0655725536733111,-0.06557255367331116,EUR
2012-02-20,6,6,1,0,0.0,0.12471483775483502,0.8888978035853584,-0.15369485928780333,-0.005587324715387702,-0.1592821840031905,EUR
2012-02-21,6,6,0,0,0.1297851206102749,0.18455962445174454,1.0681341335484191,-0.0,0.12978512061027775,0.12978512061027128,EUR
2012-02-22,6,6,1,0,0.2780346560913019,0.3095454180484035,1.0050320738557084,-0.0,0.2780346560912957,0.27803465609129935,CHF
2012-02-23,6,8,0,0,0.034704413843876826,0.13449410108822987,0.9802564330266076,-0.0,0.03470441384387141,0.03470441384387372,CHF
2012-02-24,6,8,1,1,0.07147186733890327,0.3315065120073738,1.3170441428503998,0.29204975830450614,-0.2205778909656049,0.07147186733889394,NZD
2012-02-27,6,7,1,1,0.08197415980040955,0.08197415980040955,1.3046420191846215,-0.0,0.08197415980040458,0.08197415980041006,NZD
2012-02-28,6,6,1,0,0.19523104130597096,0.19523104130597096,1.2122566130529437,-0.2585890427553732,0.4538200840613364,0.19523104130595856,EUR
2012-02-29,6,7,2,0,0.28843443357770515,0.4523871070527775,1.157828041828194,-0.3410895979780844,0.6295240315557893,0.28843443357770254,CHF
2012-03-01,6,6,1,0,0.004500821779345657,0.10060425976148844,0.891350806619198,-0.0,0.004500821779353461,0.004500821779356061,CHF
2012-03-02,6,6,0,0,0.1024361868863146,0.13398951505136217,1.48021519630156,-0.0,0.10243618688631491,0.10243618688631718,CHF
2012-03-05,6,6,1,1,0.6060333412520128,0.6060333412520128,1.7489054646548436,-0.0,0.6060333412520108,0.6060333412520086,CHF
2012-03-06,6,5,1,1,0.3519883161383073,0.3519883161383073,1.4261027151101147,0.292328261041117,0.059660055097199655,0.3519883161383219,CHF
2012-03-07,6,5,0,0,0.08180831979434136,0.08180831979434136,1.2168030974991684,-0.0,0.08180831979435466,0.08180831979435281,CHF
2012-03-08,6,5,1,1,0.08963725719362264,0.26198674209388684,1.1903895582307644,-0.0,0.08963725719362682,0.08963725719362421,CHF
2012-03-09,6,4,1,0,0.0,0.07746068891806927,1.1477392943152163,-0.0,-0.022620346474930338,-0.02262034647493141,CHF
2012-03-12,6,5,0,0,0.4184393423404809,0.4568598298764747,1.539050266263114,-0.0,0.4184393423404872,0.41843934234048247,CHF
2012-03-13,6,5,0,0,0.010225950308544078,0.010225950308544078,1.4394283351140207,-0.0,0.010225950308541686,0.010225950308541475,CHF
2012-03-14,6,5,0,0,0.021055688871919727,0.07094578792639038,1.4531967902875205,-0.0,0.021055688871922315,0.021055688871925944,GBP
2012-03-15,6,7,1,0,0.03924338050547955,0.04019209880066008,1.3948096669844112,-0.0,0.03924338050547697,0.03924338050548007,GBP
2012-03-16,6,8,0,0,0.054265193178215154,0.054265193178215154,0.9825063939286638,-0.0,0.05426519317821153,0.054265193178209464,EUR
2012-03-19,6,8,1,0,0.12913468278129409,0.12913468278129409,1.6041677819421145,-0.0,0.12913468278127815,0.1291346827812833,CAD
2012-03-20,6,7,0,0,0.0,0.06150687541965236,1.431656865263812,-0.0,-0.015044178516394262,-0.015044178516395031,CAD
2012-03-21,6,7,0,0,0.11527190104963882,0.29645523875657637,1.3898926935920861,-0.0,0.11527190104964778,0.11527190104964805,CAD
2012-03-22,6,8,1,0,0.19921902035817227,0.2507371614332198,1.374850368824331,-0.23549080863755076,0.43470982899573424,0.19921902035818254,CAD
2012-03-23,6,7,0,0,0.033270670357177214,0.039440984924971854,1.426781928765678,-0.0,0.03327067035717033,0.033270670357172114,EUR
2012-03-26,6,10,0,0,0.14814614196719658,0.17239501369402066,1.9366590757873134,-0.0,0.14814614196720063,0.14814614196720013,EUR
2012-03-27,6,11,0,0,0.4048505775485799,0.42298779664704433,2.3543808318956185,-0.0,0.40485057754857817,0.40485057754857734,EUR
2012-03-28,6,11,2,0,0.0,0.16850495636464347,2.022894861960588,-0.0,-0.050020469990475054,-0.05002046999047328,EUR
2012-03-29,6,12,0,0,0.15134277230994606,0.16366020381052568,1.8053462392741515,-0.0,0.1513427723099392,0.15134277230993895,EUR
2012-03-30,6,13,0,0,0.5205432040362753,0.5205432040362753,2.4123859687095655,-0.0,0.5205432040362867,0.5205432040362866,CHF
2012-03-31,1,13,0,0,0.0026669179103452068,0.0026669179103452068,2.1991241444373437,-0.0,0.002666917910354369,0.0026669179103574235,CHF
2012-04-02,6,13,2,0,0.3706463451002442,0.7074577348305127,2.2869032636656326,-0.1280595833748969,0.49870592847514034,0.37064634510024164,CHF
2012-04-03,6,14,2,0,0.34396065931665504,0.34396065931665504,1.7213426739074424,-0.3211193484744536,0.665080007791108,0.34396065931665504,CHF
2012-04-04,6,15,2,1,0.30609265114093975,0.5542103147240329,2.663651249982471,-0.4633671963806047,0.7694598475215498,0.3060926511409418,USD
2012-04-05,6,15,2,2,0.41674688809446075,0.41674688809446075,2.400598136688567,-0.0,0.41674688809444743,0.4167468880944496,JPY
2012-04-06,6,14,3,2,1.0883640203071718,1.1682772424795609,2.736582630867002,0.5720052251477786,0.5163587951593899,1.0883640203071718,CHF
2012-04-07,1,11,0,0,0.0,0.0,1.3926979458270883,-0.25157726009212206,0.20920944051658835,-0.042367819575539485,JPY
2012-04-09,6,12,0,0,0.15673147476548718,0.15673147476548718,1.7120995514405268,-0.0,0.15673147476547367,0.1567314747654795,JPY
2012-04-10,6,13,3,3,0.6522877243251277,0.6522877243251277,2.495682373132949,0.8651639623456466,-0.2128762380205261,0.6522877243251181,CHF
2012-04-11,6,11,0,0,0.01412741540138172,0.027105351725396642,1.9415160718962179,-0.0,0.014127415401380688,0.014127415401384813,CHF
2012-04-12,6,12,4,0,0.09314528891999994,0.1698895282563629,1.897256086570881,-0.0,0.09314528891999775,0.09314528891999069,EUR
2012-04-13,6,9,0,0,0.7188362446988218,0.7188362446988218,1.9507379287835493,-0.33769550585022245,1.0565317505490344,0.7188362446988136,EUR
2012-04-14,1,9,0,0,0.014154024151371711,0.014154024151371711,1.2408211562880167,-0.0,0.014154024151389019,0.014154024151384156,EUR
2012-04-16,6,10,3,1,0.35541779871712403,0.35541779871712403,1.331762486210365,0.07437525381076858,0.2810425449063515,0.355417798717122,EUR
2012-04-17,6,8,0,0,0.0,0.1797566243763652,1.3822592307356574,-0.0,-0.02952671708271788,-0.0295267170827206,EUR
2012-04-18,6,9,0,0,0.0,0.007336418918766183,1.7466882573396427,-0.0,-0.036723680065873704,-0.03672368006586695,EUR
2012-04-19,6,9,1,0,0.058817012166662304,0.14631118325352482,1.9181580655697332,-0.0,0.05881701216666474,0.058817012166671005,EUR
2012-04-20,6,8,0,0,0.0,0.0,2.235353789827941,-0.1531324945219772,0.13067815796020074,-0.022454336561777498,EUR
2012-04-21,1,8,0,0,0.0,0.0,2.5643012358814947,-0.0,-0.0006324139171878621,-0.000632413917191556,EUR
2012-04-23,6,9,0,0,0.16568739886170034,0.16568739886170034,2.5915791370658874,-0.0,0.16568739886170622,0.16568739886170597,EUR
2012-04-24,6,11,1,1,0.08446243853786181,0.08446243853786181,2.4582711561490758,-0.0,0.08446243853786208,0.08446243853786743,EUR
2012-04-25,6,11,0,0,0.004297072511111275,0.12511608058112186,2.7312786885259466,-0.0,0.0042970725111041415,0.004297072511100066,EUR
2012-04-26,6,11,0,0,0.17456363912687958,0.20673687812472666,2.9546030506270236,-0.0,0.17456363912687528,0.174563639126875,EUR
2012-04-27,6,14,2,1,0.5491539225126815,0.6390049650584364,3.2046593435560906,0.12783320132958859,0.4213207211830864,0.5491539225126724,AUD
2012-04-28,1,12,0,0,0.0,0.0,2.651502433125986,-0.0,-0.08544069296459099,-0.08544069296458767,AUD
2012-04-30,6,12,1,1,0.2927735519630507,0.2927735519630507,2.897699365790614,-0.0,0.29277355196305305,0.2927735519630507,AUD
2012-05-01,6,12,1,0,0.7564232714868234,0.777265364072576,3.4219488700863656,-0.14099037405800552,0.8974136455448213,0.7564232714868178,EUR
2012-05-02,6,13,0,0,0.0,0.06808809884022539,2.8747393121202967,-0.0,-0.09233327385294143,-0.09233327385294444,EUR
2012-05-03,6,13,1,0,0.0,0.006213211989065947,3.1814396123034125,-0.0,-0.07120787950637443,-0.07120787950637533,EUR
2012-05-04,6,12,3,2,0.038089525993043535,0.04816755889615754,3.319702213027425,-0.0,0.038089525993042,0.03808952599303996,CHF
2012-05-05,1,9,0,0,0.0,0.0,3.593208440403549,-0.0,-0.027655734965964518,-0.027655734965962995,EUR
2012-05-07,6,10,2,1,0.24235449277174428,0.24235449277174428,2.6572842699293657,0.010109520374542505,0.2322449723971909,0.24235449277173673,EUR
2012-05-08,6,8,0,0,0.07815501057738652,0.08272799022548202,2.4612861574132108,-0.0,0.07815501057739542,0.07815501057739059,EUR
2012-05-09,6,8,0,0,0.0,0.11494352560666118,2.8538592117396693,-0.0,-0.1113531774664619,-0.11135317746645634,EUR
2012-05-10,6,8,0,0,0.14943579282801028,0.24012152878991064,2.982748086456067,-0.0,0.14943579282801028,0.14943579282800826,EUR
2012-05-11,6,8,0,0,0.4301664959620528,0.6465306072236647,3.0666854504280243,-0.0,0.430166495962068,0.430166495962069,EUR
2012-05-12,1,8,0,0,0.0,0.0,2.9500184162431076,-0.0,-0.010339221094419017,-0.01033922109441598,EUR
2012-05-14,6,10,1,1,0.0,0.09024254390343532,3.0850997200550903,-0.0,-0.008311827244078734,-0.008311827244081771,EUR
2012-05-15,6,9,1,1,0.08421735806979402,0.18017075398961993,3.421419397431717,-0.0,0.08421735806979856,0.08421735806979806,CHF
2012-05-16,6,9,0,0,0.08439627885952199,0.08439627885952199,4.056674987259957,-0.0,0.0843962788595069,0.0843962788595069,CHF
2012-05-17,6,10,3,1,0.4550453148345391,0.4550453148345391,4.2909774319495035,-1.6154943650702807,2.0705396799048326,0.4550453148345502,CHF
2012-05-18,6,7,4,0,0.2851803950015901,0.5472914665305495,2.1980651162301994,-0.07348981187466702,0.35867020687625134,0.2851803950015881,CHF
2012-05-19,1,3,0,0,0.0,0.0,0.30991959706286604,-1.7908953152037943,1.687203938025366,-0.10369137717842998,CHF
2012-05-21,6,4,0,0,0.04220414942460451,0.06848257938802918,0.47668970908312486,-0.0,0.04220414942461228,0.04220414942460956,CHF
2012-05-22,6,4,0,0,0.06218317907835427,0.07397893453506722,0.5738728066332874,-0.0,0.0621831790783709,0.06218317907836842,CHF
2012-05-23,6,4,0,0,0.14127609655947462,0.14127609655947462,0.6551089854797341,-0.0,0.14127609655948,0.1412760965594832,CHF
2012-05-24,6,4,1,0,0.018886395015974305,0.17015358948228396,0.618118507826237,-0.0,0.018886395015958412,0.018886395015966242,CHF
2012-05-25,6,3,0,0,0.042766820521466714,0.050635222466826335,0.7323957379435672,-0.1147760466382362,0.1575428671597151,0.042766820521472744,CHF
2012-05-26,1,3,0,0,0.0022748507869105143,0.0022748507869105143,0.809936564011868,-0.0,0.002274850786908758,0.0022748507869085072,CHF
2012-05-28,6,3,0,0,0.0,0.002046310979612392,0.8076800867417664,-0.0,-0.003436618242627667,-0.00343661824262522,CHF
2012-05-29,6,4,0,0,0.1306068107144384,0.1306068107144384,0.8253084995055584,-0.0,0.13060681071444363,0.13060681071444288,GBP
2012-05-30,6,5,0,0,0.03803857150985657,0.12206541521615404,0.8994539520780765,-0.0,0.038038571509857635,0.03803857150985205,EUR
2012-05-31,6,5,1,1,0.03375421858611406,0.07336248406982342,0.9998022326431791,0.2826061737828208,-0.24885195519671233,0.03375421858611507,EUR
2012-06-01,6,5,2,0,0.0,0.002075588774532025,0.9668307708399875,-0.0,-0.02521795354299765,-0.025217953543002547,EUR
2012-06-02,1,3,0,0,0.005073173944636295,0.005073173944636295,0.4820011877940813,-0.0,0.005073173944633159,0.005073173944631279,AUD
2012-06-04,6,3,0,0,0.06450013097923797,0.21318130486515896,0.4769522104647147,-0.0,0.06450013097924111,0.06450013097924699,AUD
2012-06-05,6,4,1,1,0.3061064191925051,0.3061064191925051,0.716221043437284,0.2822169305885928,0.023889488603897942,0.30610641919249104,EUR
2012-06-06,6,3,2,1,0.42722057914800293,0.42722057914800293,0.5788560170496208,-0.021467942164895688,0.4486885213128921,0.4272205791479908,CHF
2012-06-07,6,2,0,0,0.0379462612234288,0.049103333870213414,0.14627907981385543,-0.0,0.037946261223434384,0.03794626122343688,CHF
2012-06-08,6,2,0,0,0.03414525151832541,0.1000776727580378,0.23816715073304495,-0.0,0.03414525151833032,0.03414525151832995,CHF
2012-06-09,1,2,0,0,0.050726462198469,0.050726462198469,0.37859561699622624,-0.0,0.050726462198461074,0.05072646219846245,CHF
2012-06-11,6,2,0,0,0.41637125408300546,0.41637125408300546,0.5347226199259167,-0.0,0.416371254083009,0.4163712540830069,CHF
2012-06-12,6,2,0,0,0.03558670292751802,0.06409278332099576,0.695120798859909,-0.0,0.035586702927507013,0.03558670292750996,CHF
2012-06-13,6,3,1,0,0.16110109168934872,0.17907940104987866,0.5351971370223032,-0.0,0.16110109168934078,0.1611010916893477,CHF
2012-06-14,6,4,0,0,0.2305557170749812,0.2305557170749812,0.6279645890186344,-0.0,0.2305557170749745,0.23055571707497566,USD
2012-06-15,6,4,1,0,0.20782653624073447,0.2555306226580863,0.4147428370750852,-0.16182286008787367,0.36964939632861415,0.20782653624073702,USD
2012-06-16,1,4,0,0,0.0,0.0,0.15824063305690822,-0.0,-0.1499762286756696,-0.14997622867566865,CHF
2012-06-18,6,4,0,0,0.3880931000867595,0.3880931000867595,0.7348455303056987,-0.0,0.3880931000867575,0.388093100086759,CHF
2012-06-19,6,4,0,0,0.48724800931021645,0.48724800931021645,0.944907119839492,-0.0,0.48724800931020634,0.48724800931020784,CHF
2012-06-20,6,4,0,0,0.0803891683593682,0.21255623626880463,0.5153865848551167,-0.0,0.08038916835936681,0.0803891683593682,CHF
2012-06-21,6,6,0,0,0.21316526595044025,0.21316526595044025,0.8355930719816466,-0.0,0.2131652659504376,0.21316526595043314,CHF
2012-06-22,6,7,0,0,0.12795177855940343,0.19932426168357698,1.2303405207908964,-0.0,0.1279517785594004,0.1279517785593994,CHF
2012-06-23,1,7,0,0,0.008056334472833902,0.008056334472833902,1.2640872620554169,-0.0,0.00805633447283055,0.008056334472829876,CHF
2012-06-25,6,7,0,0,0.0,0.284161033925439,1.3776521373258244,-0.0,-0.022955646436366595,-0.02295564643637152,CHF
2012-06-26,6,7,0,0,0.0,0.12494696883459262,1.4336931359817147,-0.0,-0.01852911035366582,-0.01852911035366573,CHF
2012-06-27,6,8,0,0,0.0,0.0656240657242126,1.6249657650425648,-0.0,-0.026538645836638262,-0.02653864583664209,CHF
2012-06-28,6,10,0,0,0.1661195087167075,0.1661195087167075,2.1042966184836063,-0.0,0.1661195087167141,0.1661195087167095,EUR
2012-06-29,6,11,4,0,0.054226843298882,0.21118060575780712,2.5156453407602926,-0.0,0.05422684329889286,0.054226843298890486,EUR
2012-06-30,1,7,0,0,0.07656119040147119,0.07656119040147119,1.4848895330066454,-0.0,0.076561190401465,0.0765611904014682,CHF
2012-07-02,6,8,1,0,0.2207106038450991,0.264963910489796,1.441343019400027,-0.13672511640592294,0.35743572025102666,0.22071060384509958,EUR
2012-07-03,6,7,0,0,0.11625787673248361,0.1871376832020939,1.439408742433902,-0.0,0.11625787673247795,0.11625787673248461,EUR
2012-07-04,6,7,2,2,0.034190319041971354,0.06310966494483063,1.4757935491650525,-0.0,0.03419031904197189,0.03419031904197285,EUR
2012-07-05,6,5,1,1,0.0,0.009441382578511334,1.4897189017442416,-0.0,-0.02467342881119438,-0.02467342881118944,CHF
2012-07-06,6,4,0,0,0.05775203580144101,0.05775203580144101,1.224894841826711,-0.0,0.05775203580144325,0.057752035801443,NZD
2012-07-07,1,4,0,0,0.016441018964626117,0.016441018964626117,1.324451376687378,-0.0,0.016441018964632473,0.016441018964629107,NZD
2012-07-09,6,4,1,0,0.06021025713939996,0.072386558478961,1.1383626795530941,-0.2696554017425633,0.329865658881954,0.0602102571393935,NZD
2012-07-10,6,4,0,0,0.0,0.022015028213969178,1.1652693693745442,-0.0,-0.01355950644151626,-0.013559506441517754,NZD
2012-07-11,6,5,0,0,0.0607589601258687,0.0607589601258687,1.3943545419245102,-0.0,0.06075896012587318,0.06075896012587567,NZD
2012-07-12,6,5,0,0,0.39035641153589434,0.4544672700046924,1.8238474517877805,-0.0,0.39035641153589545,0.3903564115358948,USD
2012-07-13,6,5,0,0,0.0,0.032743548890945814,1.5019149861739212,-0.0,-0.01528176916738915,-0.015281769167390151,USD
2012-07-14,1,5,0,0,0.1077011588533482,0.1077011588533482,1.7082879413024707,-0.0,0.10770115885334781,0.1077011588533467,USD
2012-07-16,6,6,1,1,0.13622239977724054,0.15266858001871747,1.6469571577945201,0.28061330102291493,-0.14439090124567205,0.1362223997772475,NZD
2012-07-17,6,5,0,0,0.0,0.0,1.5691312419255095,-0.0,-0.013029559740006458,-0.013029559740009326,GBP
2012-07-18,6,5,0,0,0.13212276124260217,0.15457718824188746,1.5810397713800735,-0.0,0.13212276124260453,0.1321227612426027,GBP
2012-07-19,6,5,0,0,0.11459989811592977,0.11459989811592977,1.4931093947292762,-0.0,0.11459989811593874,0.11459989811594072,GBP
2012-07-20,6,5,0,0,0.1627312679501357,0.22860410918382001,1.6905709021886235,-0.0,0.16273126795014314,0.16273126795014067,GBP
2012-07-21,1,6,0,0,0.0,0.0,1.5692542553962538,-0.0,-0.007573008409258006,-0.0075730084092598725,CHF
2012-07-23,6,6,0,0,0.3626137620709365,0.36915521856618044,2.0786716021825113,-0.0,0.3626137620709299,0.36261376207093493,CHF
2012-07-24,6,6,0,0,0.15090824026715294,0.15090824026715294,1.8612589786614286,-0.0,0.15090824026715807,0.15090824026716096,CHF
2012-07-25,6,8,0,0,0.1588070890295824,0.18991502302192342,1.9642084708562682,-0.0,0.15880708902958576,0.1588070890295889,CHF
2012-07-26,6,11,3,0,0.06491058492496105,0.06491058492496105,1.9548582073523872,-0.0,0.06491058492495094,0.06491058492495655,CHF
2012-07-27,6,9,0,0,0.03196277572764501,0.03196277572764501,1.344326443304198,-0.0,0.031962775727644395,0.031962775727647996,JPY
2012-07-28,1,9,0,0,0.0,0.0,2.339744361609947,-0.0,-0.07568099004670277,-0.07568099004670058,JPY
2012-07-30,6,9,0,0,0.3653317009627644,0.3653317009627644,2.4135987162524386,-0.0,0.36533170096276707,0.3653317009627713,JPY
2012-07-31,6,9,1,0,0.12364175745093464,0.2594317236328354,2.15301200848977,-0.14901512702593434,0.2726568844768731,0.12364175745093417,JPY
2012-08-01,6,9,1,0,0.1277583689501197,0.307890438508661,1.8138505073614153,-0.0,0.12775836895011342,0.12775836895011428,JPY
2012-08-02,6,9,0,0,0.14427344640079284,0.14427344640079284,1.8495534359086427,-0.0,0.14427344640078954,0.14427344640079384,JPY
2012-08-03,6,9,0,0,0.0,0.058214283602998115,1.564514014989984,-0.0,-0.039996551196486756,-0.039996551196487866,JPY
2012-08-04,1,9,0,0,0.14308378333325567,0.14308378333325567,1.9902229410669907,-0.0,0.14308378333326743,0.14308378333326496,JPY
2012-08-06,6,9,3,2,0.4931558645447724,0.4931558645447724,1.7484095283366405,0.22911132351964678,0.26404454102511976,0.49315586454476407,JPY
2012-08-07,6,6,0,0,0.07243827724681684,0.22269873069506566,1.2625564424757014,-0.0,0.07243827724682103,0.07243827724682375,JPY
2012-08-08,6,7,0,0,0.3967384903154697,0.3967384903154697,1.6653512342325083,-0.0,0.3967384903154578,0.3967384903154568,JPY
2012-08-09,6,8,0,0,0.25570533751233976,0.27288702824798516,1.8109636466187875,-0.0,0.25570533751235003,0.25570533751234964,JPY
2012-08-10,6,8,1,1,0.5910238408796903,0.5910238408796903,1.791430117308325,0.27719439198510604,0.3138294488945801,0.591023840879686,JPY
2012-08-11,1,7,0,0,0.0,0.0,1.5108729576844617,-0.0,-0.029769406924548925,-0.02976940692454769,JPY
2012-08-13,6,7,1,0,0.18986047070546594,0.18986047070546594,1.5401838610080372,-0.0,0.18986047070546397,0.18986047070546594,JPY
2012-08-14,6,7,0,0,0.02403868696856189,0.18195527255094032,1.394084154348409,-0.0,0.024038686968557075,0.0240386869685609,JPY
2012-08-15,6,10,0,0,0.008162652641355147,0.12148996552580796,1.7608942629293916,-0.0,0.008162652641350096,0.00816265264134825,JPY
2012-08-16,6,10,0,0,0.0,0.03740596779030247,2.013055888563835,-0.0,-0.06947638392957656,-0.06947638392957632,CHF
2012-08-17,6,10,1,1,0.4978577092533579,0.6608595510071054,2.203055378685384,0.27532418202730347,0.22253352722605765,0.49785770925336087,CHF
2012-08-18,1,9,0,0,0.009353981693383487,0.009353981693383487,1.8805205659653106,-0.0,0.0093539816933776,0.009353981693379563,CHF
2012-08-20,6,10,0,0,0.0,0.07091706184590135,1.8999276999587575,-0.0,-0.06482352256006027,-0.06482352256006174,CHF
2012-08-21,6,11,1,1,0.185719111663813,0.7147568339470387,2.1487528414085246,-0.0,0.1857191116638103,0.18571911166381397,CHF
2012-08-22,6,10,1,0,0.22749593450423228,0.2806001906894789,2.081611399326748,0.27654989636499994,-0.049053961860767874,0.22749593450423333,EUR
2012-08-23,6,9,2,0,0.12698315400644056,0.5412824472355859,1.7516849524369997,-0.7344721611938896,0.8614553152003324,0.12698315400644253,EUR
2012-08-24,6,8,0,0,0.12829669622991366,0.229232868385214,1.1093928802214796,-0.12899593990991454,0.25729263613982695,0.12829669622991072,CHF
2012-08-25,1,8,0,0,0.006109806145910596,0.006109806145910596,1.016472941708289,-0.0,0.006109806145902712,0.0061098061459096105,CHF
2012-08-27,6,9,1,0,0.0,0.04883488731544308,1.0372880963670597,-0.17386794581812057,0.057242703389044365,-0.11662524242907868,CHF
2012-08-28,6,9,3,0,0.34215809719088836,0.4394554954753439,1.2234667659048981,-0.5880409617880439,0.9301990589789375,0.34215809719088985,CHF
2012-08-29,6,7,0,0,0.0,0.11611584125964451,0.36856499064296294,-0.0,-0.02146161140390457,-0.02146161140390402,CHF
2012-08-30,6,7,0,0,0.31505821778105597,0.37372968688137465,0.664851879043159,-0.0,0.31505821778104626,0.3150582177810471,CHF
2012-08-31,6,7,0,0,0.33642107630200063,0.33642107630200063,0.7798262680461655,-0.0,0.3364210763020097,0.33642107630200363,CHF
2012-09-01,1,7,0,0,0.0,0.0,0.4889827262464275,-0.0,-0.07326952669607083,-0.07326952669606805,CHF
2012-09-03,6,8,1,1,0.23539743989263306,0.2740880359200804,0.7667939512717995,0.27842140607084065,-0.043023966178202526,0.23539743989263612,CHF
2012-09-04,6,8,0,0,0.0,0.06339667050315968,0.7391875803278319,-0.0,-0.005193338842097603,-0.005193338842094974,CHF
2012-09-05,6,9,0,0,0.0,0.38396208917805846,1.2574923319327038,-0.0,-0.027751263228020448,-0.02775126322802189,CHF
2012-09-06,6,9,4,0,0.0,0.9507215765330125,2.9202062425308584,-0.0,-0.019880311779538997,-0.019880311779543313,CHF
2012-09-07,6,5,3,0,0.20795342597492456,0.5803907465810342,1.0117896937896,-0.5692511597098805,0.7772045856847936,0.2079534259749112,USD
2012-09-08,1,2,0,0,0.0,0.0,0.25930172137353874,-0.0,-0.00939860064009046,-0.009398600640089983,CAD
2012-09-10,6,2,1,0,0.12961118542245278,0.12961118542245278,0.26867507031675586,-0.23816567473451672,0.36777686015697686,0.1296111854224585,CAD
2012-09-11,6,2,0,0,0.22810832597909034,0.22810832597909034,0.2942105049126214,-0.0,0.22810832597908057,0.22810832597908604,CAD
2012-09-12,6,2,0,0,0.06286361494834393,0.09269431468582573,0.12917145338531058,-0.0,0.06286361494834801,0.06286361494834682,CAD
2012-09-13,6,3,0,0,0.3615380947255042,0.38643541151170974,0.5833685107800262,-0.0,0.3615380947255048,0.3615380947255037,CHF
2012-09-14,6,3,2,1,0.2516794993665987,0.2638361885051133,0.5619188832133895,-0.13517712135382629,0.38685662072041993,0.2516794993665925,CHF
2012-09-15,1,1,0,0,0.0,0.0,0.34338838293831314,-0.0,-0.013788911750109592,-0.013788911750110187,CAD
2012-09-17,6,2,0,0,0.11409244110520461,0.13319088781703164,0.5500478556539165,-0.0,0.11409244110519633,0.11409244110519884,CAD
2012-09-18,6,2,1,1,0.14493371856153991,0.14493371856153991,0.634118183123982,0.270463636342426,-0.12552991778090652,0.1449337185615236,CAD
2012-09-19,6,1,0,0,0.05476813464586315,0.06544760590691241,0.5098334485325859,-0.0,0.054768134645856115,0.054768134645858335,CAD
2012-09-20,6,1,0,0,0.0,0.10977477903446343,0.500529594204136,-0.0,-0.02449210647796262,-0.024492106477965986,CAD
2012-09-21,6,2,0,0,0.06851779003523607,0.06851779003523607,0.6429050058968324,-0.0,0.06851779003523241,0.0685177900352303,CAD
2012-09-22,1,2,0,0,0.0,0.0,0.5946088408792316,-0.0,-0.021376378509329042,-0.02137637850932886,CAD
2012-09-24,6,2,0,0,0.0,0.0840964648418507,0.6548893205506483,-0.0,-0.02080437709207565,-0.020804377092081962,CAD
2012-09-25,6,2,0,0,0.04850566819119767,0.10524668733801308,0.7536280753723968,-0.0,0.048505668191202715,0.048505668191204394,CAD
2012-09-26,6,3,0,0,0.04747648898575421,0.04747648898575421,0.8783998187120513,-0.0,0.04747648898574419,0.04747648898574749,CAD
2012-09-27,6,7,0,0,0.013401491144984217,0.013401491144984217,1.209853970350317,-0.0,0.013401491144983839,0.01340149114498613,CAD
2012-09-28,6,10,0,0,0.5947402651425339,0.5947402651425339,2.0547676395681314,-0.0,0.5947402651425365,0.594740265142533,AUD
2012-09-29,1,10,0,0,0.0,0.0,1.4819493458918187,-0.0,-0.051770278194884396,-0.051770278194886436,AUD
2012-10-01,6,11,1,0,0.2988680178355026,0.2988680178355026,1.7159298831400025,-0.0,0.2988680178355036,0.2988680178355026,AUD
2012-10-02,6,11,1,1,0.2997585881685193,0.43068506807575935,2.2593481071031,-0.0,0.29975858816851775,0.29975858816851353,GBP
2012-10-03,6,12,0,0,0.04241560290165536,0.06931877897516125,2.4573594789728683,0.270205338953502,-0.22778973605184555,0.04241560290165632,GBP
2012-10-04,6,13,0,0,0.0,0.019496182262289566,2.697771415438281,-0.0,-0.04302886865096242,-0.043028868650961505,GBP
2012-10-05,6,14,0,0,0.5750856328248893,0.6154372485966028,3.255973431724155,-0.0,0.5750856328248906,0.5750856328248941,CHF
2012-10-06,1,14,0,0,0.0,0.0,2.6963943755573947,-0.0,-0.10033870973478809,-0.10033870973478758,CHF
2012-10-08,6,15,6,2,0.6810426933634204,0.7398699810400349,2.7968090686095937,-0.5502969376540618,1.2313396310174913,0.6810426933634234,CHF
2012-10-09,6,11,0,0,0.0,0.48787091920098996,1.7593014978100734,-0.0,-0.07819850603111018,-0.07819850603110633,CHF
2012-10-10,6,11,0,0,0.03503216881606712,0.47137346890384796,2.1315399676151663,-0.0,0.03503216881606111,0.035032168816060874,NZD
2012-10-11,6,11,2,0,0.029037317447513828,0.1639653079718929,2.1278173808557383,-0.0,0.02903731744751551,0.029037317447509505,NZD
2012-10-12,6,10,0,0,0.17441141311087816,0.5461231451863596,2.157199372835216,-0.0,0.1744114131108887,0.17441141311088393,NZD
2012-10-13,1,10,0,0,0.0,0.0,2.0158060471041384,-0.0,-0.10636471599168992,-0.10636471599168534,NZD
2012-10-15,6,10,0,0,0.2090394733075998,0.2090394733075998,2.2583336533024068,-0.0,0.20903947330761352,0.20903947330760797,NZD
2012-10-16,6,10,0,0,0.05614436758002296,0.17317909001326853,2.6888135721224904,-0.0,0.056144367580016126,0.05614436758002009,NZD
2012-10-17,6,10,0,0,0.0,0.03807581360494581,2.725816100227634,-0.0,-0.19749119891432879,-0.19749119891433325,NZD
2012-10-18,6,10,0,0,0.0,0.24831041747940139,3.0747555586525452,-0.0,-0.0272487653663198,-0.027248765366319216,NZD
2012-10-19,6,11,0,0,0.0,0.20455547252471515,3.005896943021957,-0.0,-0.06257426768129701,-0.06257426768129705,NZD
2012-10-20,1,11,0,0,0.0,0.0,2.4597955522305806,-0.0,-0.011822324510815786,-0.011822324510813446,NZD
2012-10-22,6,12,1,0,0.1282169369107464,0.1282169369107464,2.3664916739346804,-0.0,0.12821693691074496,0.1282169369107445,NZD
2012-10-23,6,11,1,1,0.3803918793108813,0.4781539914911708,2.6618780340330135,-0.0,0.38039187931087665,0.38039187931088175,NZD
2012-10-24,6,10,1,0,0.00033752834176304253,0.053029019795943086,2.3941766844970203,-0.0,0.0003375283417726841,0.00033752834177108704,CHF
2012-10-25,6,10,0,0,0.0,0.08633195976058727,2.1749636399806214,-0.0,-0.24173373941410825,-0.24173373941410894,CHF
2012-10-26,6,12,1,0,0.37187575049074034,0.37187575049074034,3.0416245759792346,-0.0,0.37187575049072075,0.37187575049072535,CHF
2012-10-27,1,11,0,0,0.0,0.0,2.676103394074515,-0.0,-0.014812670449071199,-0.014812670449073076,CHF
2012-10-29,6,11,0,0,0.12442922262843134,0.12442922262843134,2.7390215283958397,-0.0,0.1244292226284255,0.12442922262842902,CHF
2012-10-30,6,12,0,0,0.02451892226476226,0.053563777681643,2.770003768361993,-0.0,0.02451892226475523,0.024518922264759446,CHF
2012-10-31,6,12,1,0,0.09967815259689992,0.24783724823054373,2.785840680141187,-0.14473310750147234,0.2444112600983716,0.09967815259690556,EUR
2012-11-01,6,11,0,0,0.04676568383092296,0.23410783753559594,2.934897558694423,-0.0,0.046765683830935156,0.046765683830939854,EUR
2012-11-02,6,11,2,2,0.2060052791882273,0.446042650958634,3.0184234578791314,0.5284386678084995,-0.3224333886202745,0.2060052791882273,EUR
2012-11-05,6,10,0,0,0.27956349197322156,0.3544672038046734,3.0842490307546067,-0.0,0.2795634919732226,0.27956349197322344,EUR
2012-11-06,6,13,0,0,0.007804637160392905,0.0388158661761532,3.2635751846950307,-0.0,0.007804637160391495,0.007804637160392905,EUR
2012-11-07,6,15,3,0,1.1045280776741309,1.4140336016209776,3.9141837877772803,-0.0,1.1045280776741198,1.1045280776741258,EUR
2012-11-08,6,12,1,0,0.49959615565624627,0.49959615565624627,2.528376129370452,-0.8379801662740136,1.3375763219302483,0.4995961556562359,EUR
2012-11-09,6,12,0,0,0.4804603195322844,0.7155211205138636,2.0702408376644574,-0.35779717507169473,0.8382574946039871,0.4804603195322915,EUR
2012-11-12,6,12,0,0,0.19169677950932612,0.37142572629429793,1.962969118480382,-0.0,0.191696779509328,0.19169677950932704,EUR
2012-11-13,6,13,0,0,0.5586044053532508,0.5586044053532508,2.3024027913875353,-0.0,0.5586044053532625,0.5586044053532585,EUR
2012-11-14,6,16,1,1,0.0,0.27782474169043475,1.9289918085183206,-0.0,-0.1713932093567711,-0.17139320935677277,EUR
2012-11-15,6,16,2,0,0.21194755024602163,0.21194755024602163,2.9977434923303528,-0.0,0.21194755024602496,0.2119475502460273,JPY
2012-11-16,6,16,0,0,0.4739255992424171,0.4739255992424171,3.2254725917923186,-0.0,0.4739255992424119,0.47392559924241434,EUR
2012-11-19,6,17,1,0,0.0,0.1723246351442153,3.301095268371748,-0.0,-0.09711060231900266,-0.09711060231900126,EUR
2012-11-20,6,17,0,0,0.32073865037481486,0.32073865037481486,3.865029476801636,-0.0,0.32073865037480287,0.32073865037480614,EUR
2012-11-21,6,17,0,0,0.28636537745106583,0.3782868859993509,4.32282650841669,-0.0,0.2863653774510571,0.28636537745105894,EUR
2012-11-22,6,19,1,1,0.0,0.23334141159531505,5.119903261264231,0.2576206236041571,-0.3104724856793597,-0.052851862075203024,EUR
2012-11-23,6,18,0,0,0.2688349376453253,0.2688349376453253,5.371483813612763,-0.0,0.26883493764532573,0.2688349376453244,EUR
2012-11-26,6,19,0,0,0.644104175915208,0.644104175915208,6.13818204669857,-0.0,0.6441041759152061,0.6441041759152043,CHF
2012-11-27,6,20,1,0,0.0,0.4562919440074981,5.096161284627228,-0.5372008741969546,0.3879355508833057,-0.14926532331364523,CHF
2012-11-28,6,19,6,0,0.40097765372609495,0.40097765372609495,5.247454194738918,-1.793757739806915,2.194735393533028,0.40097765372610866,CHF
2012-11-29,6,15,0,0,0.48802814300473146,0.6440866147640236,2.925055292499584,-0.0,0.4880281430047368,0.48802814300473746,CHF
2012-11-30,6,15,1,0,0.07280689376769253,0.07280689376769253,2.5306594379446383,-0.0,0.07280689376768552,0.07280689376768473,CHF
2012-12-03,6,14,0,0,0.11894626470277875,0.20894004581910774,2.778498976835619,-0.0,0.11894626470277339,0.11894626470277284,CHF
2012-12-04,6,15,0,0,0.0,0.37241655267574036,3.4976762218123043,-0.0,-0.22797402711028578,-0.2279740271102868,CHF
2012-12-05,6,15,3,1,0.3711405012585045,0.5873316171971024,3.6678247743158097,-0.640071303413529,1.0112118046720289,0.37114050125850495,CHF
2012-12-06,6,14,2,0,0.0,0.08808172707589845,2.1660643583345403,0.12970696882568516,-0.20242981227149193,-0.0727228434458097,CHF
2012-12-07,6,14,1,0,0.06711401199717072,0.19174635869527018,2.7934206967950734,-0.0,0.06711401199716005,0.0671140119971645,CHF
2012-12-10,6,14,0,0,0.06228280362423332,0.1378759028490433,2.354655773146916,-0.0,0.062282803624220916,0.06228280362422446,CHF
2012-12-11,6,14,0,0,0.0,0.12632606132500526,2.383082568187241,-0.0,-0.015500192325081645,-0.01550019232508364,CHF
2012-12-12,6,15,2,0,0.3856537207543018,0.3856537207543018,2.630360604858504,-0.1122464001307016,0.4979001208850116,0.3856537207543098,GBP
2012-12-13,6,13,2,0,0.3523726737886413,0.3523726737886413,2.376850389723119,-0.0,0.3523726737886312,0.3523726737886284,CAD
2012-12-14,6,11,0,0,0.034446835651313186,0.034446835651313186,2.015564054650677,-0.0,0.03444683565131207,0.03444683565130561,CAD
2012-12-17,6,11,1,0,0.0,0.27072221116354106,2.250941837055968,-0.28796505303406944,0.2589445590910488,-0.02902049394301641,GBP
2012-12-18,6,12,0,0,0.0,0.0,2.0097862005879006,-0.0,-0.07788903895939073,-0.07788903895938962,GBP
2012-12-19,6,12,3,0,0.0,0.2214534297409634,1.8296751273763572,-0.0,-0.2282099378747845,-0.228209937874788,EUR
2012-12-20,6,9,0,0,0.15785301687076975,0.1886520265190806,2.310131640573643,-0.2578207690243275,0.41567378589509674,0.15785301687076975,EUR
2012-12-21,6,10,0,0,0.0,0.182972889495967,2.384649592258239,-0.0,-0.16540030526836266,-0.16540030526835936,EUR
2012-12-24,6,11,1,0,0.4500444691196582,0.5219765589129117,2.77624908984028,-0.0,0.4500444691196308,0.4500444691196373,EUR
2012-12-26,3,10,0,0,0.0,0.03084411639773017,2.5760330854372997,-0.0,-0.14669997868231688,-0.14669997868231424,EUR
2012-12-27,6,12,1,0,0.14158845925396302,0.14158845925396302,3.0351945664511324,-0.0,0.14158845925396302,0.1415884592539639,EUR
2012-12-28,6,12,2,0,0.2384622962130269,0.2384622962130269,2.732767272174725,-0.9755782622248061,1.2140405584378318,0.23846229621302517,CAD
2012-12-31,6,11,0,0,0.18832301717702477,0.38210106665836147,2.3111441790208387,-0.0,0.18832301717701633,0.18832301717701608,CAD
2013-01-02,6,12,2,0,0.0,0.0,2.0462101736578364,-0.0,-0.5611027009712919,-0.5611027009712924,AUD
2013-01-03,6,10,2,0,0.15714854410215734,0.22461461514143685,1.9323663464393663,-0.0,0.15714854410216586,0.1571485441021651,AUD
2013-01-04,6,8,2,0,0.23277049838602484,0.23277049838602484,1.7441437671468385,-0.5475247479834907,0.7802952463695191,0.23277049838602656,EUR
2013-01-07,6,9,0,0,0.0,0.10333432323247689,1.536834769523572,-0.0,-0.03398991830193627,-0.033989918301939405,EUR
2013-01-08,6,9,0,0,0.03952097150386371,0.10062999967111858,1.7742710983569103,-0.0,0.03952097150387176,0.03952097150387667,EUR
2013-01-09,6,9,0,0,0.0,0.04031803714667096,2.0197431472846135,-0.0,-0.007269141942398255,-0.007269141942397445,EUR
2013-01-10,6,9,1,1,0.0933925288769698,0.0933925288769698,2.114272602788632,-0.0,0.0933925288769699,0.09339252887697239,EUR
2013-01-11,6,9,1,0,0.041602100253013564,0.041602100253013564,1.8933682468943693,-0.0,0.0416021002530024,0.04160210025300412,EUR
2013-01-14,6,10,0,0,0.0,0.015665217777240652,2.0208368472083436,-0.0,-0.08877053657246946,-0.08877053657247352,EUR
2013-01-15,6,10,0,0,0.0,0.1393956652060034,2.6088530056002437,-0.0,-0.08671970903972515,-0.0867197090397213,GBP
2013-01-16,6,10,2,1,0.27288501589316444,0.28399464051033657,2.886386595594039,-0.8138159698235052,1.086700985716676,0.27288501589317127,GBP
2013-01-17,6,8,0,0,0.040541514736516335,0.05243555311737792,2.1299373847843186,-0.0,0.040541514736513566,0.04054151473651037,CAD
2013-01-18,6,8,3,2,0.0,0.06074138097538852,1.8451983107625622,-0.0,-0.09043928568994866,-0.09043928568995004,CAD
2013-01-21,6,5,0,0,0.020266810046666524,0.026423305085396608,1.7446348674470358,-0.0,0.020266810046676475,0.020266810046677533,CAD
2013-01-22,6,6,0,0,0.03595102305476431,0.1106578337675369,1.932763727142972,-0.0,0.03595102305474296,0.035951023054744013,CAD
2013-01-23,6,8,0,0,0.14782370628258096,0.1480649221372361,1.9981637776620709,-0.0,0.14782370628260189,0.1478237062825962,CAD
2013-01-24,6,8,0,0,0.08374771452076875,0.08374771452076875,2.3141654153137696,-0.0,0.08374771452077423,0.08374771452077887,JPY
2013-01-25,6,9,1,1,0.0,0.11365580882936835,2.9151622858568484,-0.0,-0.027800493032155458,-0.02780049303215462,JPY
2013-01-28,6,8,0,0,0.0,0.11837825518361363,3.022751088135258,-0.0,-0.19655723412494042,-0.19655723412494466,JPY
2013-01-29,6,9,2,0,0.05285358027067252,0.09618796635906934,3.296040318826221,-0.0,0.05285358027066333,0.05285358027066416,JPY
2013-01-30,6,8,1,0,0.13208882301104605,0.276483786204879,2.4753502803876883,-0.30276158812523124,0.4348504111362916,0.13208882301105693,AUD
2013-01-31,6,8,0,0,0.15251393764235127,0.1539506158872746,2.40916206296313,-0.0,0.15251393764233767,0.15251393764234122,AUD
2013-02-01,6,10,0,0,0.14708732526281734,0.14708732526281734,2.7889917569213507,-0.0,0.147087325262828,0.14708732526282822,AUD
2013-02-04,6,10,2,0,0.1622495741599181,0.32562848953047424,3.0027047638706295,-1.882696919659951,2.0449464938198645,0.1622495741599156,AUD
2013-02-05,6,8,0,0,0.27734367666290155,0.40547512911903577,1.4609606546716944,-0.0,0.277343676662888,0.2773436766628857,AUD
2013-02-06,6,9,0,0,0.6282710869575122,0.6282710869575122,1.7282741031931694,-0.0,0.6282710869575244,0.6282710869575249,CHF
2013-02-07,6,10,1,0,0.0,0.11122586346810573,1.4704230533097633,-0.0,-0.00035319682615770807,-0.00035319682615338974,CHF
2013-02-08,6,9,1,0,0.12165177381488085,0.12165177381488085,1.8246860148255262,-0.0,0.1216517738148906,0.12165177381489346,CHF
2013-02-11,6,8,0,0,0.08673781466349459,0.19678376930561017,1.7142133196342861,-0.0,0.0867378146635012,0.08673781466349963,CHF
2013-02-12,6,9,0,0,0.2752021742871751,0.38127888287265405,1.765235441052478,-0.0,0.27520217428718086,0.27520217428718097,CHF
2013-02-13,6,10,0,0,0.0,0.13404056267619782,1.6188745398895588,-0.0,-0.22394812355742838,-0.22394812355742794,CHF
2013-02-14,6,11,1,0,0.38441469365537034,0.38441469365537034,1.9292576475811,-0.0,0.38441469365536163,0.384414693655362,AUD
2013-02-15,6,17,0,0,0.17874731286517162,0.17874731286517162,1.7779593164914385,-0.0,0.17874731286515946,0.17874731286516155,EUR
2013-02-18,6,17,0,0,0.0,0.0,2.062729051909718,-0.0,-0.06255576193028574,-0.06255576193028384,EUR
2013-02-19,6,17,1,1,0.0,0.04885906274686286,2.566969167432798,-0.0,-0.11516563720177501,-0.11516563720177007,EUR
2013-02-20,6,16,1,0,0.46728725817427075,1.0369180669213895,2.782633517931344,0.013660807635704274,0.45362645053856265,0.46728725817427075,EUR
2013-02-21,6,16,4,1,0.5417274490460362,0.6079897209528928,2.4265455867477614,-0.20941223518829685,0.7511396842343506,0.5417274490460512,EUR
2013-02-22,6,13,1,1,0.0,0.21426305013803035,1.906239155542484,-0.0,-0.13800345147392803,-0.1380034514739274,EUR
2013-02-25,6,13,4,2,0.5925542752524515,0.8215136518672492,2.6874164015773316,-0.0,0.5925542752524635,0.5925542752524642,EUR
2013-02-26,6,11,0,0,0.0,0.3048534697099258,2.5634534738743953,0.34467384479717766,-0.36476708678605896,-0.02009324198888323,JPY
2013-02-27,6,12,2,0,0.5233190741179343,0.5233190741179343,2.802934849360924,-0.4225008957458047,0.9458199698637448,0.5233190741179369,JPY
2013-02-28,6,13,0,0,0.08864219710645944,0.29879311394567176,2.6271979020314515,-0.0,0.08864219710644747,0.08864219710644851,JPY
2013-03-01,6,15,0,0,0.0,0.018810493074157622,2.721213387319897,-0.0,-0.08948442570959667,-0.08948442570959794,JPY
2013-03-04,6,15,0,0,0.7846731179996935,0.7846731179996935,3.9019799203843366,-0.0,0.7846731179996966,0.7846731179996985,JPY
2013-03-05,6,15,0,0,0.0,0.025832577563531564,3.610932444651204,-0.0,-0.06560449230913164,-0.06560449230913093,JPY
2013-03-06,6,15,0,0,0.0,0.029774341462452066,3.8700050270717767,-0.0,-0.0390929659715683,-0.03909296597156331,JPY
2013-03-07,6,15,0,0,0.0,0.14509620963565534,4.422779017907349,-0.0,-0.005415047480581326,-0.0054150474805783316,JPY
2013-03-08,6,16,0,0,0.0,0.15042340503123489,4.880047164365568,-0.0,-0.0816092557393576,-0.08160925573935944,JPY
2013-03-11,6,16,0,0,0.053797705203834784,0.0696374978703559,4.400447941254839,-0.0,0.05379770520383234,0.05379770520383072,JPY
2013-03-12,6,16,0,0,0.0,0.12661125234303633,4.536609980499938,-0.0,-0.08181010827356112,-0.08181010827355707,JPY
2013-03-13,6,16,0,0,0.1577417306563121,0.21991302633891976,4.904904676577406,-0.0,0.15774173065630848,0.15774173065630645,JPY
2013-03-14,6,17,1,0,0.0,0.22147382413112982,3.99651445824708,-0.0,-0.2901863892628333,-0.29018638926283774,JPY
2013-03-15,6,16,5,0,0.3104618100402391,0.322440044610905,3.8822808469277756,-0.5943713853039684,0.9048331953442,0.3104618100402302,JPY
2013-03-18,6,12,3,0,0.581751802559774,0.581751802559774,1.6531301875389721,-0.4185713732382983,1.0003231757980742,0.5817518025597781,CAD
2013-03-19,6,9,0,0,0.08376006116195482,0.08452509058371009,1.2682123167698287,-0.0,0.08376006116195751,0.08376006116196132,CAD
2013-03-20,6,10,0,0,0.08944619436446623,0.08944619436446623,1.3782945858075781,-0.0,0.08944619436446669,0.08944619436446542,CAD
2013-03-21,6,10,2,2,0.22739900586838824,0.22739900586838824,1.8347905105539137,-0.0,0.2273990058684025,0.22739900586839962,CAD
2013-03-22,6,12,1,0,0.0801522315417002,0.10412756576012516,1.7484134334165193,-0.20601210309693016,0.28616433463861995,0.08015223154168967,JPY
2013-03-25,6,12,1,1,0.6879269284556645,1.0271303030940029,2.3532112004160606,-0.0,0.6879269284556728,0.687926928455671,JPY
2013-03-26,6,12,0,0,0.07175244737920902,0.07175244737920902,1.9463067890760581,-0.0,0.07175244737920808,0.0717524473792123,JPY
2013-03-27,6,13,1,1,0.4612792159811039,0.7094745208289457,2.0443517318282023,-0.0,0.46127921598112864,0.46127921598112503,JPY
2013-03-28,6,13,0,0,0.2735268826231729,0.2735268826231729,1.9874737125574944,-0.0,0.27352688262315894,0.2735268826231598,JPY
2013-03-29,6,13,0,0,0.10866965340759609,0.16914649388445818,1.847294796203817,-0.0,0.10866965340760586,0.10866965340760262,JPY
2013-04-01,6,14,1,0,0.7678080165552488,0.7996232951955559,2.10346212490228,-0.23000262680107422,0.9978106433563099,0.7678080165552373,JPY
2013-04-02,6,14,0,0,0.37240628253562347,0.37240628253562347,1.710365093268117,-0.0,0.37240628253564134,0.37240628253563823,JPY
2013-04-03,6,17,0,0,0.6670509907307988,0.8114244336354548,2.1972515615428656,-0.0,0.6670509907307937,0.667050990730793,JPY
2013-04-04,6,22,1,0,0.1588685645426844,0.1588685645426844,1.5500192523760703,-0.0,0.15886856454269202,0.15886856454269266,JPY
2013-04-05,6,22,0,0,0.0022687554395251536,0.4026059077162269,5.23750588904403,-0.10074881106054924,0.10301756650006808,0.002268755439520418,JPY
2013-04-06,1,23,0,0,0.09032329090087966,0.09032329090087966,5.852656831223397,-0.0,0.09032329090085958,0.09032329090086887,JPY
2013-04-08,6,23,3,0,0.0,0.1859419641261118,5.812971932379058,-0.0,-0.4007143590426228,-0.40071435904263436,JPY
2013-04-09,6,20,0,0,0.0,0.23693578769347243,6.319591733290543,-0.2372626427053005,0.16483958898331635,-0.072423053721991,JPY
2013-04-10,6,20,0,0,0.05499287706421644,0.05499287706421644,6.986289777158627,-0.0,0.05499287706421038,0.05499287706421038,JPY
2013-04-11,6,20,0,0,0.18368388974147773,0.18368388974147773,7.547664990429624,-0.0,0.1836838897414815,0.18368388974148,JPY
2013-04-12,6,20,3,0,1.2973685055537958,1.2973685055537958,7.925748813856803,-1.5964147546938239,2.8937832602476274,1.2973685055537987,JPY
2013-04-13,1,17,3,0,0.22423747516674974,0.22423747516674974,4.049829143925026,-0.0,0.22423747516674217,0.22423747516673911,JPY
2013-04-15,6,15,10,0,0.7031638239870349,0.7198267159012088,3.8341893581681443,-3.865280617427351,4.568444441414391,0.7031638239870448,CHF
2013-04-16,6,7,0,0,0.11730048088211678,0.20242323081005575,0.7703111152163051,-0.2649921505511057,0.382292631433213,0.11730048088210913,CHF
2013-04-17,6,7,0,0,0.33230723032614984,0.33230723032614984,0.9607663389572174,-0.0,0.33230723032615744,0.3323072303261613,CHF
2013-04-18,6,7,0,0,0.0,0.060260558614143006,1.0201853279695836,-0.0,-0.0025185282446116776,-0.002518528244612348,CHF
2013-04-19,6,8,0,0,0.012853833648719438,0.350331414657344,1.272498160461456,-0.0,0.012853833648719103,0.012853833648711791,CHF
2013-04-20,1,8,0,0,0.0,0.0,1.3089994848924698,-0.0,-0.003948760682022098,-0.003948760682023936,CHF
2013-04-22,6,9,0,0,0.14051630140376198,0.14051630140376198,1.415817440488945,-0.0,0.14051630140374324,0.14051630140374516,CHF
2013-04-23,6,10,0,0,0.1433147635593645,0.23855612902311701,1.8275312790216498,-0.0,0.14331476355936518,0.1433147635593622,CHF
2013-04-24,6,11,0,0,0.0,0.021869553419413892,2.0338064629258836,-0.0,-0.005181633829140247,-0.005181633829134596,CHF
2013-04-25,6,11,2,1,0.0,0.29849361701731386,2.5034687724469986,-0.0,-0.049934677941873194,-0.049934677941875436,CHF
2013-04-26,6,9,1,0,0.034990108206704555,0.12600208758621687,2.308073770523756,-0.23582737592700345,0.2708174841336941,0.03499010820669108,USD
2013-04-27,1,8,0,0,0.028601882145750355,0.028601882145750355,2.1424958385689963,-0.0,0.02860188214575802,0.028601882145750355,USD
2013-04-29,6,8,1,0,0.0,0.19244960464508526,2.114498742861653,-0.0,-0.0457715041977993,-0.045771504197794445,USD
2013-04-30,6,8,1,0,0.12935479942087966,0.12935479942087966,1.7999496313959276,-0.0,0.12935479942086545,0.12935479942086173,USD
2013-05-01,6,7,2,0,0.15051854694479383,0.20075785629964688,1.2945757776356808,-0.4061760771260044,0.5566946240708084,0.15051854694479833,USD
2013-05-02,6,8,1,0,0.16628755863552222,0.18922220914525903,1.100706957607487,-0.14605207856519478,0.3123396372007118,0.16628755863551475,AUD
2013-05-03,6,8,0,0,0.0,0.039217778937107255,1.0108070066452635,-0.0,-0.031836772046780995,-0.031836772046771905,AUD
2013-05-04,1,8,0,0,0.040028490705012645,0.040028490705012645,1.5649205873341145,-0.0,0.04002849070500055,0.04002849070501116,AUD
2013-05-06,6,9,0,0,0.3875831952222808,0.3875831952222808,1.5665030324309617,-0.0,0.3875831952223091,0.38758319522230167,CAD
2013-05-07,6,9,3,2,0.5467662217220692,0.5467662217220692,1.1704241978460528,0.4206042429175435,0.12616197880453972,0.5467662217220775,EUR
2013-05-08,6,7,2,0,0.07778633668689101,0.2067148529532748,0.5952323093609408,-0.2440975903907616,0.3218839270776254,0.07778633668687297,CHF
2013-05-09,6,6,0,0,0.01903118585739521,0.21107459250501265,0.8357700045330062,-0.0,0.019031185857421567,0.01903118585741626,CAD
2013-05-10,6,7,0,0,0.2387381119848847,0.4409410043114934,1.1017464399212031,-0.0,0.23873811198488085,0.23873811198487946,EUR
2013-05-11,1,7,0,0,0.03087449868558766,0.03087449868558766,1.0544218981129978,-0.0,0.030874498685590057,0.030874498685591417,EUR
2013-05-13,6,7,0,0,0.3365098862735038,0.3365098862735038,1.1468685534235017,-0.0,0.33650988627349865,0.33650988627350303,EUR
2013-05-14,6,8,0,0,0.0,0.055287220006976535,0.9193038830121082,-0.0,-0.03201895815096446,-0.032018958150962666,EUR
2013-05-15,6,8,0,0,0.22628835760593494,0.4629429368722094,1.2922784215172314,-0.0,0.22628835760593896,0.226288357605944,CHF
2013-05-16,6,9,1,1,0.34095168566256284,0.34095168566256284,1.2668331531916786,0.21244200756404302,0.12850967809848635,0.3409516856625402,EUR
2013-05-17,6,9,0,0,0.16812105169164868,0.25610185833411453,1.2851514972886615,-0.0,0.16812105169166874,0.16812105169166838,EUR
2013-05-18,1,9,0,0,0.009104147620108305,0.009104147620108305,1.5296496357295792,-0.0,0.009104147620108683,0.00910414762011057,EUR
2013-05-20,6,9,0,0,0.0,0.08422107860228595,1.559015106419825,-0.0,-0.029028631183686798,-0.02902863118369586,EUR
2013-05-21,6,9,1,0,0.016338323787189704,0.24100826865647934,1.8340373865644621,-0.0,0.016338323787198843,0.016338323787195734,EUR
2013-05-22,6,9,0,0,0.1123414074332265,0.37783008801710904,1.6936177596157869,-0.0,0.11234140743322674,0.1123414074332265,JPY
2013-05-23,6,15,6,6,0.8644678250253321,0.8644678250253321,2.048895219345619,1.2719103492271888,-0.40744252420184873,0.864467825025342,JPY
2013-05-24,6,10,0,0,0.3281412411165734,0.5113242646493407,1.5222198894428456,-0.0,0.32814124111657705,0.32814124111657567,JPY
2013-05-25,1,10,0,0,0.0,0.0,1.2870126653681269,-0.0,-0.07442482985572438,-0.07442482985572167,JPY
2013-05-27,6,10,0,0,0.18443032565204606,0.18443032565204606,1.4168245545030784,-0.0,0.18443032565204576,0.18443032565204912,JPY
2013-05-28,6,10,0,0,0.0,0.3549845168122966,1.2750526997409444,-0.0,-0.06062500516301035,-0.06062500516302022,JPY
2013-05-29,6,10,0,0,0.34166230259562863,0.34166230259562863,1.7462536295246163,-0.0,0.34166230259564595,0.3416623025956469,JPY
2013-05-30,6,12,0,0,0.03232130698964468,0.1494650354254343,1.8176470280283237,-0.0,0.03232130698961381,0.032321306989617285,JPY
2013-05-31,6,14,1,1,0.16453517986482266,0.2962891760548417,2.2908992459351136,0.21354032399563322,-0.049005144130796846,0.164535179864831,JPY
2013-06-01,1,13,0,0,0.0,0.0,2.180300020625535,-0.0,-0.04466086142799223,-0.04466086142798436,EUR
2013-06-03,6,14,3,3,0.32125653336455673,0.6222924683667366,2.413447676293503,0.6402054350165515,-0.318948901651981,0.3212565333645689,EUR
2013-06-04,6,12,0,0,0.0,0.08267287106075025,2.108435467579763,-0.0,-0.10243381439367222,-0.10243381439367326,EUR
2013-06-05,6,12,1,0,0.4060931223078802,0.4524596772692061,2.55597232092714,-0.11842775658080372,0.5245208788886645,0.4060931223078666,EUR
2013-06-06,6,11,2,2,0.12964405467150944,0.31428698607748895,2.195420432643919,-0.0,0.12964405467150972,0.12964405467150944,JPY
2013-06-07,6,10,6,2,0.4766439849427379,0.6271835988711554,2.4144717868796475,0.6421499498932315,-0.1655059649504985,0.47664398494274174,JPY
2013-06-08,1,4,0,0,0.0,0.0,0.8543346359640609,-0.6024920833292996,0.5730903609152693,-0.029401722414027665,NZD
2013-06-10,6,5,0,0,0.04907528992616917,0.04907528992616917,0.9209425385043111,-0.0,0.04907528992615726,0.049075289926157735,GBP
2013-06-11,6,5,1,1,0.5071812244661311,0.5071812244661311,1.2037859385812164,0.21428321161389763,0.29289801285224004,0.5071812244661342,JPY
2013-06-12,6,6,0,0,0.057183847131425984,0.21522001282301034,0.8077510716505368,-0.0,0.05718384713141402,0.05718384713141527,JPY
2013-06-13,6,7,1,1,0.3849391369387928,0.3849391369387928,1.0982666446490152,0.2154674041207547,0.16947173281804706,0.3849391369387981,NZD
2013-06-14,6,6,0,0,0.24618470739536236,0.24618470739536236,0.9477675414772433,-0.0,0.24618470739534823,0.24618470739535392,NZD
2013-06-15,1,6,0,0,0.0361186740259532,0.0361186740259532,0.7424423011679722,-0.0,0.03611867402594528,0.036118674025939365,NZD
2013-06-17,6,6,0,0,0.0753648741873772,0.0753648741873772,0.7084758215716886,-0.0,0.07536487418738508,0.07536487418739565,NZD
2013-06-18,6,6,1,1,0.054787047431357115,0.07847300304867022,0.965752078990263,-0.0,0.05478704743135546,0.054787047431357115,NZD
2013-06-19,6,5,1,0,0.04074574251460935,0.10220610468614184,0.9972947113729788,-0.0,0.04074574251459737,0.04074574251460169,EUR
2013-06-20,6,4,1,1,0.0,0.09261642301313142,0.6587427384759201,-0.29925999146629173,0.2909340921524985,-0.008325899313794568,CHF
2013-06-21,6,4,1,0,0.035049435860765414,0.10540438282060655,0.6620603375595762,-0.0,0.03504943586075824,0.035049435860758524,CHF
2013-06-22,1,3,0,0,0.0,0.0,0.6370429396332998,-0.10802371676532802,0.1027018299994264,-0.005321886765906251,CHF
2013-06-24,6,3,0,0,0.0,0.048658711593413104,0.6703797824276574,-0.0,-0.06798399537081604,-0.0679839953708136,CHF
2013-06-25,6,3,0,0,0.06604311813216117,0.06604311813216117,0.7507046971051226,-0.0,0.06604311813214181,0.06604311813214511,CHF
2013-06-26,6,4,0,0,0.27408991843059444,0.30693989852296805,0.8305926347933981,-0.0,0.2740899184306044,0.2740899184306074,EUR
2013-06-27,6,4,1,0,0.00012837459080100981,0.05760671575845682,0.6552147286295503,-0.0,0.00012837459079885586,0.0001283745908063708,EUR
2013-06-28,6,3,0,0,0.01212329574029233,0.07908260643054497,0.5213376011036055,-0.0,0.012123295740309278,0.012123295740309148,CHF
2013-06-29,1,3,0,0,0.0,0.0,0.5098336811293508,-0.0,-0.00011629195042273586,-0.00011629195042750214,CHF
2013-07-01,6,3,0,0,0.0,0.03190932127610471,0.5178956656373745,-0.0,-0.012218809228143238,-0.012218809228139425,CHF
2013-07-02,6,3,1,1,0.08706238609784679,0.08706238609784679,0.6633064977826623,-0.0,0.08706238609783924,0.08706238609784527,CHF
2013-07-03,6,3,1,0,0.17886682793844097,0.19528996403678198,0.6090365491826246,-0.17131691587928768,0.3501837438177346,0.17886682793844558,CHF
2013-07-04,6,4,0,0,0.2528430065413744,0.27392267779423934,0.6947462942979562,-0.0,0.25284300654138975,0.25284300654138053,EUR
2013-07-05,6,6,0,0,0.2314338545686001,0.2314338545686001,0.711640398393768,-0.0,0.23143385456857718,0.23143385456858323,EUR
2013-07-06,1,6,0,0,0.0053870455419777735,0.0053870455419777735,0.4877548363147322,-0.0,0.00538704554196346,0.005387045541967015,EUR
2013-07-08,6,7,0,0,0.050888674565506456,0.050888674565506456,0.6869125333299045,-0.0,0.05088867456549829,0.050888674565503375,EUR
2013-07-09,6,7,0,0,0.7092571783683842,0.7092571783683842,1.301186653129969,-0.0,0.7092571783683723,0.7092571783683751,EUR
2013-07-10,6,8,0,0,0.03688533385143584,0.04913476292526688,0.8095354898952021,-0.0,0.03688533385141052,0.036885333851414195,EUR
2013-07-11,6,13,2,1,0.0,0.5022164727139546,1.3120178659359099,0.21636254223515636,-0.22803697525838693,-0.011674433023238395,EUR
2013-07-12,6,12,1,1,0.49957133450853114,0.49957133450853114,2.0997312304200455,-0.0,0.4995713345085329,0.4995713345085297,EUR
2013-07-13,1,13,0,0,0.011285781024953917,0.011285781024953917,2.1365990501784577,-0.0,0.011285781024940008,0.011285781024946295,EUR
2013-07-15,6,13,0,0,0.1000675244506462,0.1000675244506462,2.135107931233273,-0.0,0.10006752445064031,0.10006752445063784,EUR
2013-07-16,6,13,3,1,0.10867210332969493,0.21730349949977035,2.357152722228162,-0.37831211844228474,0.48698422177199185,0.10867210332970026,EUR
2013-07-17,6,12,0,0,0.06252631432379777,0.14784598576287217,2.0958911798031594,-0.0,0.06252631432380898,0.06252631432380004,EUR
2013-07-18,6,13,0,0,0.03272934418361579,0.03272934418361579,2.2672414899218754,-0.0,0.03272934418361066,0.03272934418360212,EUR
2013-07-19,6,13,0,0,0.257612632619906,0.257612632619906,2.5587971563606793,-0.0,0.2576126326199115,0.2576126326199197,EUR
2013-07-20,1,13,0,0,0.0,0.0,2.2019360364325666,-0.0,-0.11691796040204439,-0.11691796040204591,EUR
2013-07-22,6,13,0,0,0.2969758230856582,0.29841840723597973,2.4585855042253963,-0.0,0.2969758230856413,0.2969758230856483,EUR
2013-07-23,6,13,0,0,0.07347229923066474,0.24529277143862474,2.168048260305675,-0.0,0.07347229923067385,0.07347229923066322,EUR
2013-07-24,6,13,0,0,0.0,0.09807581327185967,2.2502627607026637,-0.0,-0.00818600923184501,-0.008186009231849561,EUR
2013-07-25,6,13,0,0,0.570695388392085,0.570695388392085,2.4544397386587558,-0.0,0.5706953883920823,0.5706953883920834,EUR
2013-07-26,6,14,3,1,0.42885717356210123,0.4466136137559992,1.8584077242675134,0.2143176707802281,0.21453950278187284,0.42885717356210284,EUR
2013-07-27,1,12,0,0,0.012847105939067138,0.012847105939067138,1.2932250794978772,-0.0,0.012847105939062624,0.01284710593906561,EUR
2013-07-29,6,14,1,0,0.07571702546678305,0.10111327853871831,1.3514602693394275,-0.0,0.07571702546676691,0.07571702546677388,EUR
2013-07-30,6,14,1,0,0.37487140740904484,0.4744143571452264,1.7968568588124147,-0.1181496323660742,0.49302103977512934,0.37487140740905545,EUR
2013-07-31,6,14,2,2,0.3498507540889677,0.3498507540889677,1.8722659949003302,0.4313907907063032,-0.08154003661733315,0.34985075408896615,EUR
2013-08-01,6,13,0,0,0.0,0.0,1.668694857501574,-0.0,-0.02741827239219897,-0.027418272392198063,EUR
2013-08-02,6,15,3,3,0.10043473003502226,0.1132350649935366,2.584497832315353,-0.0,0.10043473003502015,0.10043473003501313,CHF
2013-08-03,1,12,0,0,0.0,0.0,2.2547927326700896,-0.0,-0.024957579184987,-0.024957579184987,EUR
2013-08-05,6,12,0,0,0.2553480238628022,0.3280859301952479,2.5322306836218176,-0.0,0.25534802386282257,0.255348023862822,EUR
2013-08-06,6,12,4,1,0.08320349000654607,0.08320349000654607,2.2154937001940347,0.2146115217680447,-0.13140803176151902,0.08320349000653617,EUR
2013-08-07,6,10,2,0,0.02468305897635041,0.12165940083819968,1.8812986321317386,-0.0,0.024683058976370936,0.024683058976370176,CAD
2013-08-08,6,8,1,0,0.10322130981822618,0.14239940783619107,2.1190728990990157,-0.0,0.10322130981823298,0.10322130981823753,CAD
2013-08-09,6,7,3,0,0.24138702608661064,0.24138702608661064,1.6403537181580878,-1.1434610069143127,1.3848480330009285,0.24138702608661666,JPY
2013-08-10,1,4,0,0,0.010470436624847843,0.010470436624847843,0.717268897212807,-0.0,0.010470436624861554,0.010470436624861496,JPY
2013-08-12,6,4,0,0,0.08956944836105035,0.08956944836105035,0.7640965111034191,-0.0,0.08956944836105744,0.08956944836105947,JPY
2013-08-13,6,6,0,0,0.0,0.2518142421418625,0.8649940728311545,-0.0,-0.037687836513390076,-0.03768783651338237,JPY
2013-08-14,6,6,0,0,0.06774095394020391,0.1074316269800942,1.2394005671456734,-0.0,0.06774095394019494,0.06774095394020391,JPY
2013-08-15,6,6,1,0,0.10829613500530448,0.2579266809046149,1.0525755540866846,-0.0,0.10829613500530606,0.1082961350053158,JPY
2013-08-16,6,6,0,0,0.09996563863596299,0.13083105771543369,0.771699876078338,-0.15201076679904033,0.2519764054350142,0.09996563863597806,JPY
2013-08-17,1,6,0,0,0.024568346517815476,0.024568346517815476,0.9043707632378571,-0.0,0.024568346517826776,0.024568346517826023,JPY
2013-08-19,6,6,0,0,0.011822550118743697,0.2887887259430727,0.9653285062256073,-0.0,0.011822550118734515,0.011822550118734653,JPY
2013-08-20,6,8,1,0,0.1288188843082178,0.23948220729600073,0.9536186981553946,-0.19584913459315748,0.3246680189013819,0.1288188843082193,JPY
2013-08-21,6,7,0,0,0.0902260281991652,0.0902260281991652,1.3531454603390518,-0.0,0.09022602819917777,0.09022602819918472,JPY
2013-08-22,6,8,0,0,0.09900605034082936,0.09900605034082936,1.3603481533398403,-0.0,0.09900605034081433,0.0990060503408226,JPY
2013-08-23,6,8,0,0,0.0,0.13990375647358466,1.2846519040225295,-0.0,-0.01440713658773707,-0.014407136587736695,AUD
2013-08-24,1,8,0,0,0.061308643358517795,0.061308643358517795,1.3953715685285992,-0.0,0.06130864335852916,0.0613086433585342,AUD
2013-08-26,6,8,0,0,0.06895441084644521,0.14618574832451,1.3472131203574695,-0.0,0.06895441084643719,0.06895441084644074,AUD
2013-08-27,6,10,4,0,0.6072648285629124,0.6072648285629124,1.2791407334676839,-0.3047746928421715,0.9120395214050755,0.6072648285628975,AUD
2013-08-28,6,8,0,0,0.36113484923297173,0.36113484923297173,0.7905195881473185,-0.3123844660399072,0.6735193152729,0.36113484923299577,AUD
2013-08-29,6,12,1,0,0.0,0.12518838369359167,0.7991656437682604,-0.0,-0.07050822286788454,-0.07050822286788785,AUD
2013-08-30,6,11,0,0,0.5387002907049415,0.6497241113993011,1.18943698421725,-0.0,0.5387002907049261,0.5387002907049311,JPY
2013-08-31,1,12,0,0,0.0,0.0,0.6774982374530377,-0.0,-0.0226628532380488,-0.022662853238048234,JPY
2013-09-02,6,12,0,0,0.0,0.09142227199208834,0.700002450163151,-0.0,-0.688866813448955,-0.6888668134489524,JPY
2013-09-03,6,12,0,0,0.0,0.19843814287497002,1.9912060957369038,-0.0,-0.0957898025817065,-0.09578980258170593,AUD
2013-09-04,6,12,0,0,0.0,0.10043549537841535,2.0603533688337397,-0.0,-0.010129134103748912,-0.010129134103749281,CHF
2013-09-05,6,13,0,0,0.08385074227253275,0.09259909343816042,2.926430570748619,-0.0,0.08385074227252948,0.08385074227252912,AUD
2013-09-06,6,13,1,1,0.14757824847409678,0.14757824847409678,2.9998419659636193,-0.0,0.1475782484740716,0.147578248474072,GBP
2013-09-07,1,12,0,0,0.001467935202750788,0.001467935202750788,2.3132929265681597,-0.0,0.001467935202750788,0.0014679352027515188,JPY
2013-09-09,6,12,0,0,0.0,0.11633820179734246,2.3118589279564503,-0.0,-0.1573412691136852,-0.1573412691136907,JPY
2013-09-10,6,12,0,0,0.0,0.0,2.623702654592763,-0.0,-0.020249950369391152,-0.020249950369396613,JPY
2013-09-11,6,12,0,0,0.1742205635485638,0.1833322046776652,3.3010029521907014,-0.0,0.17422056354853704,0.174220563548545,JPY
2013-09-12,6,12,1,0,0.3294892632716435,0.45394993876968875,3.0110667157574773,-0.0,0.32948926327163486,0.3294892632716378,JPY
2013-09-13,6,11,0,0,0.03473478470127489,0.0861579235883476,2.505406336965825,-0.0,0.03473478470128831,0.03473478470128215,CHF
2013-09-14,1,11,0,0,0.0,0.0,2.471530032900305,-0.0,-0.007853878246506065,-0.007853878246503888,CHF
2013-09-16,6,12,2,0,0.0,0.15866488558182124,2.3521211580034267,-0.21351775742196247,0.06747148967265718,-0.14604626774930932,JPY
2013-09-17,6,10,0,0,0.0,0.04717435551068779,2.4459915844021562,-0.0,-0.006317750529975654,-0.006317750529974206,JPY
2013-09-18,6,10,1,0,0.01935619631371239,0.01935619631371239,2.6342148415665436,-0.0,0.01935619631371709,0.019356196313710217,JPY
2013-09-19,6,10,0,0,0.0,0.07753750565136998,2.8718398923792057,-0.1584130745652892,0.08622339357830278,-0.07218968098698461,JPY
2013-09-20,6,10,2,0,0.11135827605857074,0.1283934975322599,3.185425163346129,-0.0,0.11135827605858083,0.11135827605857794,JPY
2013-09-21,1,8,0,0,0.04304733063201631,0.04304733063201631,2.409158394878861,-0.4446884872630816,0.4877358178950982,0.04304733063201631,JPY
2013-09-23,6,9,1,0,0.16190230466389688,0.16190230466389688,2.367130050546193,-0.3281351746715178,0.4900374793354075,0.1619023046638832,JPY
2013-09-24,6,9,2,0,0.3700262928704075,0.3700262928704075,2.0576973952804094,-0.0,0.3700262928704164,0.37002629287041905,JPY
2013-09-25,6,7,2,0,0.2908878290465771,0.2908878290465771,0.7044118459190502,-0.9727717036358158,1.2636595326823878,0.2908878290465771,JPY
2013-09-26,6,5,0,0,0.02140159132441397,0.10937264586154162,0.4499130920617404,-0.0,0.021401591324431684,0.021401591324426313,JPY
2013-09-27,6,6,1,0,0.43245724267134283,0.45627823078424246,0.6953193291353869,-0.2555667229097513,0.6880239655810693,0.432457242671324,JPY
2013-09-28,1,5,0,0,0.0,0.0,0.2225704230442068,-0.0,-0.014186507643512298,-0.014186507643515846,JPY
2013-09-30,6,11,2,2,0.435158379252314,0.435158379252314,0.7019866930412533,0.40976642938884805,0.025391949863475656,0.4351583792523235,JPY
2013-10-01,6,9,0,0,0.26666600882909436,0.3435117664441076,0.9286641286636631,-0.0,0.26666600882908587,0.2666660088290827,JPY
2013-10-02,6,10,2,2,0.7275026489596914,0.7648350514860277,1.106982471913784,-0.0,0.727502648959688,0.7275026489596914,JPY
2013-10-03,6,9,1,0,0.6101620004805774,0.8972130393117244,1.1334482306409828,-0.0,0.6101620004805676,0.6101620004805723,JPY
2013-10-04,6,8,0,0,0.11836520413328117,0.1332286789353003,0.8742552580968619,-0.04481083897187692,0.16317604310516778,0.11836520413329432,JPY
2013-10-05,1,8,0,0,0.02123771406092315,0.02123771406092315,1.1695205169432221,-0.0,0.021237714060917474,0.021237714060918043,JPY
2013-10-07,6,9,0,0,0.6327171772697472,0.6327171772697472,1.2181081054115674,-0.0,0.6327171772697426,0.6327171772697393,JPY
2013-10-08,6,9,0,0,0.22990142541331765,0.5074263459831072,0.9419432566096866,-0.0,0.22990142541331324,0.22990142541331254,JPY
2013-10-09,6,10,0,0,0.0,0.25918217692489,0.9523529871648326,-0.0,-0.12063152287369239,-0.12063152287369347,JPY
2013-10-10,6,10,0,0,0.08410846311893234,0.16058842974562249,1.2664739996557106,-0.0,0.08410846311891292,0.08410846311892138,JPY
2013-10-11,6,11,0,0,0.08969253454782869,0.08969253454782869,1.9773651661423937,-0.0,0.08969253454782432,0.08969253454782576,JPY
2013-10-12,1,11,0,0,0.0,0.0,2.2648980264229226,-0.0,-0.02481242187881708,-0.02481242187881599,JPY
2013-10-14,6,11,0,0,0.2844614154624693,0.2844614154624693,2.2929691089849435,-0.0,0.2844614154624942,0.28446141546248666,JPY
2013-10-15,6,11,0,0,0.08529709156096313,0.13377937603903844,2.036987365108379,-0.0,0.08529709156095591,0.08529709156096385,JPY
2013-10-16,6,11,0,0,0.0,0.08552977199979626,1.717688306781013,-0.0,-0.12748157187345527,-0.12748157187345743,JPY
2013-10-17,6,14,0,0,0.0,0.05048571585215333,2.053371890272338,-0.0,-0.004980576214239529,-0.004980576214245114,EUR
2013-10-18,6,15,0,0,0.027070371438545977,0.0435198117977318,2.68830031835264,-0.0,0.027070371438544905,0.02707037143854669,JPY
2013-10-19,1,15,0,0,0.06457296383440607,0.06457296383440607,2.649697173686077,-0.0,0.06457296383440571,0.06457296383440536,JPY
2013-10-21,6,15,0,0,0.0,0.1474559279396238,2.5867945797801424,-0.0,-0.09585964948836248,-0.09585964948837214,JPY
2013-10-22,6,15,0,0,0.04245540796704622,0.04245540796704622,2.751977849005412,-0.0,0.042455407967049795,0.04245540796704765,JPY
2013-10-23,6,17,5,0,0.5080263742864933,0.5084541680481872,2.6885456798931378,-0.8144544945297064,1.3224808688161973,0.5080263742864891,EUR
2013-10-24,6,13,0,0,0.044847610810666266,0.044847610810666266,1.8686136478514783,-0.0,0.04484761081068305,0.04484761081068484,EUR
2013-10-25,6,13,1,0,0.0011782869009205968,0.0929768030063104,2.2722132979369514,-0.0,0.0011782869009277044,0.0011782869009248614,EUR
2013-10-26,1,12,0,0,0.06550094814390255,0.06550094814390255,2.35342794563333,-0.0,0.06550094814388588,0.06550094814388269,EUR
2013-10-28,6,13,0,0,0.0,0.01822311493003499,2.2992894942340425,-0.0,-0.055447746981979684,-0.05544774698197649,EUR
2013-10-29,6,17,1,0,0.11376574411697303,0.11376574411697303,2.448683115659273,-0.0,0.11376574411698506,0.1137657441169872,EUR
2013-10-30,6,17,0,0,0.037072183762774595,0.15044026034174404,2.616758801048382,-0.0,0.03707218376278414,0.037072183762785205,CHF
2013-10-31,6,17,7,0,0.38363108872852986,0.38363108872852986,2.7760063044913115,-0.8252259936369979,1.2088570823655176,0.3836310887285228,CHF
2013-11-01,6,10,2,0,0.11018339606194791,0.2515957527401225,1.4950875224438684,-0.24852191188189074,0.35870530794383376,0.11018339606194934,CHF
2013-11-04,6,9,0,0,0.0,0.1240447712106125,1.2719119129160241,-0.0,-0.207685937765014,-0.20768593776501598,CHF
2013-11-05,6,10,0,0,0.03782151264687216,0.03969302470079623,1.4316955784063514,-0.0,0.03782151264685937,0.03782151264686229,GBP
2013-11-06,6,11,0,0,0.04197645613085839,0.2999474382492154,2.4957590802900067,-0.0,0.04197645613085996,0.04197645613085631,CAD
2013-11-07,6,11,0,0,0.3539339999123502,0.3539339999123502,2.0061485899065463,-0.0,0.35393399991235003,0.3539339999123516,CAD
2013-11-08,6,11,6,2,0.290143487452282,0.3761421602740504,1.7095407318323743,-0.3374096337051363,0.6275531211574135,0.290143487452282,CAD
2013-11-11,6,6,2,0,0.10373046237727894,0.10685181439809728,1.1984975132656168,-0.3744898338176613,0.47822029619493556,0.10373046237726848,JPY
2013-11-12,6,5,1,0,0.020853827394305333,0.10448409389801164,0.5911407883254158,-0.12233710657053116,0.1431909339648351,0.020853827394310926,JPY
2013-11-13,6,4,1,0,0.09376519634438851,0.09376519634438851,0.6561862130870703,-0.0,0.09376519634439008,0.0937651963443927,JPY
2013-11-14,6,3,0,0,0.0,0.0,0.461513307917048,-0.1893984058327402,0.1852603433517032,-0.004138062481036401,JPY
2013-11-15,6,3,0,0,0.0,0.057174065480869146,0.5790842633364075,-0.0,-0.011830411027458467,-0.011830411027467265,JPY
2013-11-18,6,3,0,0,0.04723596104587377,0.06631102911524256,0.7376415387720887,-0.0,0.04723596104586768,0.04723596104587307,JPY
2013-11-19,6,3,0,0,0.11717198013767834,0.11717198013767834,0.6941863900232406,-0.0,0.11717198013767625,0.11717198013767556,JPY
2013-11-20,6,3,1,0,0.15184743020209948,0.15184743020209948,0.6557120685980853,-0.0,0.15184743020209132,0.15184743020209046,JPY
2013-11-21,6,2,0,0,0.0,0.0,0.4248978747256968,-0.13074781325941523,0.0834578911673832,-0.047289922092027654,JPY
2013-11-22,6,4,1,1,0.1782194388448344,0.1782194388448344,0.9257872403816592,-0.0,0.17821943884481053,0.17821943884481498,NZD
2013-11-25,6,3,0,0,0.0,0.11136646948820661,0.847429047039292,-0.0,-0.02835962335791981,-0.02835962335792467,CAD
2013-11-26,6,3,0,0,0.05062280450898329,0.09298307152629558,0.8842740483810724,-0.0,0.05062280450900362,0.0506228045089972,CAD
2013-11-27,6,3,0,0,0.013938418952483506,0.04080429479108381,0.8776255005087438,-0.0,0.013938418952475171,0.013938418952471698,CAD
2013-11-28,6,4,0,0,0.036397751095985115,0.08453878169628694,1.1614800209015337,-0.0,0.036397751095999846,0.03639775109598927,EUR
2013-11-29,6,4,0,0,0.005172296150349292,0.05668064736304086,1.2276195850967009,-0.0,0.005172296150347211,0.005172296150349985,EUR
2013-12-02,6,4,0,0,0.0,0.06764309628504792,1.37095577031076,-0.0,-0.037022141659213956,-0.03702214165921274,EUR
2013-12-03,6,4,0,0,0.0003620815886858232,0.0012839177677953714,1.4807877428937883,-0.0,0.0003620815886975995,0.00036208158870383394,EUR
2013-12-04,6,5,1,0,0.18079031945111823,0.18079031945111823,1.479182467985474,-0.0,0.180790319451116,0.18079031945111546,EUR
2013-12-05,6,6,0,0,0.06199942438233127,0.06199942438233127,0.8848571584340525,-0.0,0.06199942438233196,0.061999424382340275,EUR
2013-12-06,6,6,0,0,0.04570189085624919,0.10732622800003636,1.3026499519970682,-0.0,0.04570189085625749,0.04570189085625335,EUR
2013-12-09,6,6,0,0,0.0,0.10337759458172138,1.520027769968084,-0.0,-0.007217788687178229,-0.0072177886871713365,EUR
2013-12-10,6,6,0,0,0.10762523946580047,0.12036014536690996,1.5872457464559175,-0.0,0.1076252394658027,0.10762523946579426,EUR
2013-12-11,6,6,1,0,0.04050181552539724,0.04050181552539724,1.4980429573671517,-0.0,0.04050181552538966,0.040501815525388965,EUR
2013-12-12,6,5,0,0,0.0,0.07759865495732511,1.2717452017393693,-0.0,-0.035375085260222025,-0.035375085260220304,EUR
2013-12-13,6,5,0,0,0.05348742523608777,0.1395999199602422,1.3192181546927273,-0.0,0.05348742523606972,0.05348742523607471,EUR
2013-12-16,6,6,0,0,0.068716248484123,0.0864280667282353,1.3590251086309935,-0.0,0.06871624848411716,0.0687162484841175,EUR
2013-12-17,6,7,0,0,0.18980120869141756,0.22410462202336773,1.644729024303502,-0.0,0.18980120869141515,0.18980120869141892,EUR
2013-12-18,6,8,2,0,0.0,0.0,1.4576945374632182,-0.0,-0.058708376502911316,-0.058708376502913905,EUR
2013-12-19,6,6,1,0,0.0,0.030073458814680414,1.4657411406761884,-0.0,-0.0001118804162811679,-0.00011188041628527244,GBP
2013-12-20,6,7,1,0,0.24354909635499258,0.24354909635499258,1.6201412851113886,-0.0,0.2435490963549878,0.24354909635498712,EUR
2013-12-23,6,7,0,0,0.06532197214343273,0.11341148879698405,1.4889488978549368,-0.0975037239451579,0.16282569608857608,0.06532197214342177,EUR
2013-12-24,6,7,0,0,0.016340502603395785,0.05515042882149782,1.4694834239721375,-0.0,0.016340502603407952,0.016340502603410866,EUR
2013-12-26,3,7,0,0,0.0,0.0,1.593432586186399,-0.0,-0.21586321192734365,-0.21586321192733937,EUR
2013-12-27,6,8,0,0,0.0,0.021299556303221508,1.9254757408023053,-0.0,-0.009664623483658468,-0.009664623483665978,EUR
2013-12-30,6,8,0,0,0.0,0.02427872383703755,2.106681815855006,-0.0,-0.01551928552040413,-0.015519285520412814,EUR
2013-12-31,6,8,2,0,0.024557276617279557,0.029263862669858014,2.185218582081368,-0.0,0.024557276617281774,0.0245572766172816,EUR
2014-01-02,6,8,0,0,0.012170352738127475,0.17761965675280594,1.5362569148375294,-0.0,0.012170352738139018,0.012170352738139018,NZD
2014-01-03,6,8,1,0,0.038809538053817406,0.11916478097629794,1.4217895182729112,-0.0,0.03880953805382411,0.03880953805382283,EUR
2014-01-06,6,7,0,0,0.12773904442946635,0.12773904442946635,1.5028105319905485,-0.0,0.12773904442946196,0.1277390444294677,EUR
2014-01-07,6,8,1,0,0.06027385332962477,0.06027385332962477,1.5736893156870817,-0.0,0.06027385332963558,0.06027385332963963,EUR
2014-01-08,6,8,0,0,0.1661062527124146,0.24961320847442808,1.4985289287213697,-0.0,0.1661062527124217,0.1661062527124173,EUR
2014-01-09,6,9,1,0,0.008972701182216412,0.11542405406693196,1.397617757083432,-0.0,0.008972701182225014,0.008972701182228556,EUR
2014-01-10,6,10,2,1,0.05051674331716876,0.11101035734782914,1.3157163226150053,-0.0,0.05051674331717786,0.050516743317177516,EUR
2014-01-13,6,9,0,0,0.10078459275192019,0.10078459275192019,1.669501353741148,-0.0,0.10078459275192658,0.10078459275192019,EUR
2014-01-14,6,12,0,0,0.0,0.06990926184732368,1.6985099949846525,-0.0,-0.0001673855323902214,-0.0001673855323991319,EUR
2014-01-15,6,14,2,0,0.49076679189181976,0.49076679189181976,2.0337686067095437,-0.6196814853334763,1.1104482772252937,0.49076679189182576,EUR
2014-01-16,6,12,1,1,0.46169620235603503,0.4653103361807449,1.7017538836081276,0.189349938296684,0.2723462640593589,0.4616962023560451,EUR
2014-01-17,6,12,2,1,0.5248262344975788,0.5766500192102628,1.4140709956530724,-0.36539499341954906,0.8902212279171269,0.5248262344975788,EUR
2014-01-20,6,12,0,0,0.3046164529618251,0.3046164529618251,1.1562803470694798,-0.0,0.304616452961842,0.3046164529618414,EUR
2014-01-21,6,12,1,1,0.0,0.24712182363669358,1.2614047923011176,0.1906489839103817,-0.22377218764125573,-0.03312320373087559,JPY
2014-01-22,6,12,0,0,0.0,0.1715343457098014,1.424197239145619,-0.0,-0.1412706214478279,-0.14127062144782232,JPY
2014-01-23,6,12,0,0,0.4179793760832189,0.5642939002936805,2.119791319172801,-0.0,0.41797937608322067,0.41797937608321223,JPY
2014-01-24,6,13,4,2,1.178323572632614,1.2886462409842714,2.584824005127663,0.16073934340000054,1.0175842292326267,1.1783235726326275,JPY
2014-01-27,6,10,1,1,0.0005826809679498727,0.13167867096207192,1.2204071248657675,-0.0,0.0005826809679399505,0.000582680967934134,JPY
2014-01-28,6,11,1,0,0.0,0.19325882923830973,1.5127492852652857,-0.0,-0.07162717293765167,-0.07162717293764374,USD
2014-01-29,6,10,0,0,0.5363694611183598,0.8489135149592196,1.7401623819735381,-0.0,0.5363694611183525,0.5363694611183504,NZD
2014-01-30,6,10,1,0,0.3003221137119633,0.3003221137119633,1.2331309559301444,-0.0,0.3003221137119589,0.3003221137119606,NZD
2014-01-31,6,9,1,1,0.8091795482778938,0.8091795482778938,1.7086714337204176,-0.0,0.8091795482778932,0.8091795482778918,NZD
2014-02-03,6,8,0,0,0.45797046119975876,0.6296003213481424,1.2559178219816782,-0.0,0.45797046119975365,0.4579704611997554,NZD
2014-02-04,6,9,2,0,0.0,0.0,0.8472218027386333,-0.0,-0.0016052079468508432,-0.0016052079468515338,NZD
2014-02-05,6,10,0,0,0.5020987879886621,0.5020987879886621,2.3300574789356885,-0.0,0.5020987879886661,0.5020987879886615,NZD
2014-02-06,6,10,0,0,0.0,0.17772284541068475,2.0252158037702768,-0.0,-0.21947859454673316,-0.21947859454673396,NZD
2014-02-07,6,11,0,0,0.29576852259452235,0.29576852259452235,2.5530047986134794,-0.0,0.29576852259450004,0.29576852259450337,NZD
2014-02-10,6,12,0,0,0.32879504613229665,0.32879504613229665,2.630549012329499,-0.0,0.32879504613228944,0.32879504613228916,NZD
2014-02-11,6,12,0,0,0.0,0.28815141378705883,2.552511326101924,-0.0,-0.23366190750738097,-0.23366190750738658,NZD
2014-02-12,6,13,0,0,0.06197363225017788,0.1759518116430892,3.1563996917095922,-0.0,0.06197363225017743,0.061973632250169795,NZD
2014-02-13,6,14,1,0,0.32103936200586086,0.32103936200586086,2.8704776061621673,-0.1385027816179679,0.4595421436238253,0.32103936200586153,NZD
2014-02-14,6,14,0,0,0.2709655184001047,0.2709655184001047,2.9176822911709954,-0.0,0.27096551840011274,0.27096551840011207,NZD
2014-02-17,6,14,1,1,0.1377895951603907,0.1377895951603907,2.7012500878381323,-0.0,0.13778959516037834,0.13778959516038125,EUR
2014-02-18,6,13,0,0,0.10719163164880394,0.14673487864318435,2.702686930680096,-0.0,0.1071916316488107,0.10719163164881,EUR
2014-02-19,6,14,1,0,0.0706273823471728,0.14738901036847207,2.7764827036886333,-0.0,0.0706273823471649,0.07062738234716608,EUR
2014-02-20,6,13,1,0,0.19938141333496312,0.19938141333496312,2.6842331064217486,-0.11150497465304257,0.3108863879880167,0.1993814133349672,EUR
2014-02-21,6,12,0,0,0.0,0.12794619459784065,2.6656080139193237,-0.0,-0.03781610363779181,-0.037816103637787195,EUR
2014-02-24,6,13,1,0,0.05519532933815576,0.06938064031161564,2.48151646300435,-0.0,0.05519532933816575,0.05519532933816449,EUR
2014-02-25,6,12,0,0,0.16105181439253316,0.16105181439253316,2.5530987772286595,-0.0,0.16105181439253752,0.16105181439253585,EUR
2014-02-26,6,12,1,0,0.12170593049703105,0.16675464052968483,2.4388472737091713,-0.0,0.12170593049702715,0.12170593049703508,EUR
2014-02-27,6,16,0,0,0.3809604726553731,0.3809604726553731,2.627066758178803,-0.0,0.3809604726554003,0.38096047265539323,EUR
2014-02-28,6,16,1,0,0.33928959726212965,0.36910661045794885,2.86644612247838,-0.0,0.33928959726214436,0.3392895972621404,JPY
2014-03-03,6,16,1,0,0.5983039396458968,0.5983039396458968,2.755125087943242,-0.0,0.5983039396459129,0.5983039396459102,JPY
2014-03-04,6,16,0,0,0.0,0.010539726224048451,2.28777351861195,-0.0,-0.14428308560002037,-0.14428308560002534,JPY
2014-03-05,6,17,1,0,0.09810561457473727,0.12705284848259077,3.32919745319856,-0.0,0.09810561457473603,0.09810561457473928,JPY
2014-03-06,6,19,2,0,0.0,0.0,3.1934789089446878,-0.14130303480876347,-0.30903015554384183,-0.45033319035260727,JPY
2014-03-07,6,18,1,0,0.06607904606222638,0.3155498426302374,3.6611943667397457,-0.08814262081969908,0.1542216668819307,0.06607904606223097,EUR
2014-03-10,6,17,4,0,0.14844610226029697,0.14844610226029697,2.593490515564147,-0.6003573992791493,0.7488035015394561,0.1484461022603048,EUR
2014-03-11,6,13,2,0,0.10029728309205956,0.11438460280851204,2.254743816271863,-0.0,0.10029728309206268,0.10029728309206873,EUR
2014-03-12,6,12,1,0,0.040202281116140166,0.07220085909992148,1.7710684658567506,-0.0,0.04020228111614262,0.0402022811161369,EUR
2014-03-13,6,11,1,0,0.21935374899421364,0.33622406018951184,1.7855566288191471,-0.0,0.21935374899421062,0.2193537489942104,EUR
2014-03-14,6,10,0,0,0.05275310295396247,0.09511617029665914,1.1824713181786528,-0.16196853374030715,0.21472163669426803,0.05275310295396181,EUR
2014-03-17,6,10,1,0,0.15126439649151116,0.15126439649151116,1.3556470755019332,-0.1288569720262523,0.2801213685177698,0.15126439649152038,EUR
2014-03-18,6,10,4,3,0.17832506602336748,0.20088814341182232,1.326066992708909,-0.0,0.17832506602337403,0.1783250660233655,EUR
2014-03-19,6,6,0,0,0.045942038206239384,0.2260219755876116,1.288493413151788,-0.0,0.04594203820624169,0.045942038206243326,NZD
2014-03-20,6,6,0,0,0.09627359303358671,0.10919400466434706,1.286805306888892,-0.0,0.09627359303358426,0.09627359303358277,NZD
2014-03-21,6,6,0,0,0.041903017372712036,0.10373386290539748,1.2337186280821029,-0.0,0.04190301737273461,0.04190301737272911,NZD
2014-03-24,6,6,0,0,0.0,0.14484774401075293,1.2493470138661362,-0.0,-0.008259305294067239,-0.008259305294066582,NZD
2014-03-25,6,6,1,0,0.0,0.03356322066950864,1.2776879272571622,-0.0,-0.01511646328115661,-0.01511646328115776,NZD
2014-03-26,6,5,0,0,0.0,0.028439842911361025,1.2001241896753774,-0.0,-0.013107217650704748,-0.013107217650708682,NZD
2014-03-27,6,5,0,0,0.015357936094213757,0.015357936094213757,1.195047260217448,-0.0,0.015357936094208526,0.015357936094204605,NZD
2014-03-28,6,6,0,0,0.0,0.06219247988985302,1.4219426047081036,-0.0,-0.010299933378706376,-0.010299933378703113,NZD
2014-03-31,6,7,0,0,0.0409230674166303,0.06319071744850825,1.6111138964174703,-0.0,0.04092306741663454,0.04092306741663422,NZD
2014-04-01,6,7,1,0,0.15804062122896415,0.1857119423382111,1.698186827177053,-0.0,0.1580406212289552,0.1580406212289609,NZD
2014-04-02,6,6,2,0,0.23336737126189844,0.23336737126189844,0.9683879577169127,-0.7135151771356384,0.9468825483975535,0.23336737126190757,EUR
2014-04-03,6,5,0,0,0.16320511202048263,0.16320511202048263,0.8586775635951177,-0.0,0.1632051120204833,0.16320511202048654,CAD
2014-04-04,6,5,0,0,0.2271915529422829,0.24360917422238726,0.9824979392736888,-0.0,0.22719155294228716,0.22719155294228427,CAD
2014-04-05,1,5,0,0,0.0,0.0,0.7570262861069936,-0.0,-0.006247984107480059,-0.0062479841074804705,CAD
2014-04-07,6,5,0,0,0.04642257588729959,0.04642257588729959,0.7632265839388036,-0.0,0.046422575887295155,0.04642257588729434,CAD
2014-04-08,6,5,2,2,0.0,0.006496105135512766,0.8289709465508841,-0.0,-0.023408116775186262,-0.023408116775192955,CAD
2014-04-09,6,4,0,0,0.010211045217416843,0.01937105515075988,0.920909175275764,-0.0,0.010211045217413816,0.010211045217411608,USD
2014-04-10,6,5,0,0,0.14971575595258413,0.18279099493937512,1.0459167763174344,-0.0,0.14971575595259548,0.1497157559525926,EUR
2014-04-11,6,5,1,0,0.11539376725719927,0.17272035418368661,0.8985246016169633,-0.278893793257238,0.39428756051443825,0.115393767257196,EUR
2014-04-12,1,4,0,0,0.0,0.0,0.5258909164115946,-0.0,-0.014500361648591968,-0.014500361648591765,EUR
2014-04-14,6,6,0,0,0.15342438673235906,0.15342438673235906,0.6377186627373216,-0.0,0.15342438673235514,0.15342438673235775,CHF
2014-04-15,6,6,2,0,0.10320179304657308,0.19989418560351666,0.6541593090539298,-0.2860719998797729,0.38927379292634245,0.1032017930465757,USD
2014-04-16,6,8,0,0,0.0,0.0,0.39136676589295705,-0.0,-0.009266436143394846,-0.009266436143396966,JPY
2014-04-17,6,10,0,0,0.49394357530970523,0.49394357530970523,1.2231407964466832,-0.0,0.4939435753097166,0.49394357530971306,CHF
2014-04-18,6,10,0,0,0.04638951463354587,0.09002191721108464,1.121203207559439,-0.0,0.04638951463355197,0.04638951463355043,CHF
2014-04-19,1,10,0,0,0.0,0.0,1.1609498729626035,-0.0,-0.01850749484780212,-0.01850749484780854,CHF
2014-04-21,6,10,0,0,0.08562546833824612,0.19217229973060895,1.1792391201910137,-0.0,0.08562546833824523,0.08562546833825264,CHF
2014-04-22,6,11,0,0,0.0,0.032239784642999036,1.3255526649653673,-0.0,-0.1258625755559697,-0.12586257555596142,CHF
2014-04-23,6,11,1,0,0.7354155526622019,0.7944054619317757,1.5684948058875012,-0.0,0.7354155526622121,0.7354155526622135,CHF
2014-04-24,6,10,0,0,0.4237605120238516,0.534509171367493,1.0427026793181482,-0.0,0.42376051202384685,0.4237605120238451,CHF
2014-04-25,6,10,0,0,0.08358694373085333,0.15692265447849998,0.7045701374464414,-0.0,0.08358694373085979,0.08358694373086052,CHF
2014-04-26,1,10,0,0,0.0,0.0,0.6441345697772308,-0.0,-0.05740904514934884,-0.05740904514935486,CHF
2014-04-28,6,12,1,0,0.2251403504614325,0.23905444449694785,1.0074432817163204,-0.08916312410950404,0.3143034745709238,0.22514035046142145,CHF
2014-04-29,6,11,2,1,0.1100727601184907,0.1100727601184907,0.996122550320495,-0.0,0.11007276011849183,0.11007276011849329,CHF
2014-04-30,6,12,0,0,0.2967310486129488,0.32199896288730206,1.4708847240515726,-0.0,0.29673104861294347,0.2967310486129488,CHF
2014-05-01,6,13,1,0,0.12060381114020519,0.12060381114020519,1.4109355001558725,-0.0,0.12060381114019009,0.1206038111401935,CHF
2014-05-02,6,12,0,0,0.05542116397219478,0.19256188664254262,1.2500567743822897,-0.0,0.05542116397219848,0.05542116397219803,CHF
2014-05-03,1,12,0,0,0.032903205237420095,0.032903205237420095,1.069940914563561,-0.0,0.032903205237413115,0.03290320523741879,CHF
2014-05-05,6,16,3,0,0.3021280560401688,0.3021280560401688,1.1215847022876162,-0.0,0.3021280560401664,0.30212805604016557,CHF
2014-05-06,6,13,0,0,0.1853706214049125,0.2728597622435901,1.2669340641180815,-0.0,0.18537062140490276,0.18537062140490468,CHF
2014-05-07,6,15,1,0,0.10746758293572886,0.20902953636139365,1.077216168765597,-0.14712658433447706,0.25459416727019774,0.107467582935723,CHF
2014-05-08,6,16,4,2,0.03332131955939508,0.3047644915833268,1.5052951490982602,-0.09432492690651595,0.1276462464659159,0.033321319559408064,EUR
2014-05-09,6,12,2,2,0.0,0.011467014347404906,1.382169349714942,0.10315981722074297,-0.11937539358350097,-0.016215576362761594,CHF
2014-05-10,1,10,0,0,0.0,0.0,1.6538005955771322,-0.0,-0.03181684273646367,-0.031816842736466094,CHF
2014-05-12,6,11,0,0,0.0,0.07499728616408355,1.7209159316363822,-0.0,-0.053118672572515735,-0.0531186725725117,CHF
2014-05-13,6,11,0,0,0.16267007253775256,0.16267007253775256,2.0249279786640466,-0.0,0.16267007253775675,0.16267007253775773,CHF
2014-05-14,6,12,0,0,0.47702030513794136,0.520160796095935,2.077843600208899,-0.0,0.4770203051379332,0.47702030513793303,CHF
2014-05-15,6,13,2,1,0.18035896378199928,0.49024846930415145,1.797772726209947,-0.0,0.18035896378200636,0.18035896378200897,CHF
2014-05-16,6,11,0,0,0.07542049868163261,0.07542049868163261,1.404362171280283,-0.0,0.07542049868165088,0.07542049868164813,GBP
2014-05-17,1,11,0,0,0.0,0.0,1.6725806552318434,-0.0,-0.02495637528114949,-0.02495637528114063,GBP
2014-05-19,6,11,0,0,0.1284340649734691,0.12996748473962297,1.7187214133069455,-0.0,0.12843406497347584,0.1284340649734691,GBP
2014-05-20,6,13,2,1,0.10419315731438505,0.16983347434788648,1.6836237774691571,0.03480996658068002,0.0693831907337268,0.10419315731440698,GBP
2014-05-21,6,11,1,0,0.1529880248014362,0.1529880248014362,1.695900251230081,-0.0,0.1529880248014251,0.15298802480142332,GBP
2014-05-22,6,11,0,0,0.020334739865595274,0.17453856457326067,1.7835566214546312,-0.0,0.020334739865585625,0.02033473986558691,JPY
2014-05-23,6,11,0,0,0.04702827171151001,0.11246692579672199,1.8651473609760434,-0.0,0.0470282717115105,0.04702827171151644,JPY
2014-05-24,1,11,0,0,0.0,0.0,1.8824449117159359,-0.0,-0.030332873671495748,-0.03033287367149286,GBP
2014-05-26,6,11,0,0,0.0,0.05517677476511035,1.9121977608562797,-0.0,-0.005153631280321325,-0.005153631280328063,GBP
2014-05-27,6,12,2,0,0.0,0.10542721718848046,2.0166614708006665,-0.0,-0.0018040556497108012,-0.0018040556497120842,GBP
2014-05-28,6,10,0,0,0.31918721513887915,0.31918721513887915,1.9425199485184266,-0.17961395443047884,0.4988011695693604,0.3191872151388881,JPY
2014-05-29,6,13,0,0,0.28193232149046854,0.28193232149046854,1.9438768743864896,-0.0,0.2819323214904608,0.28193232149045894,CHF
2014-05-30,6,14,1,0,0.13840464582380518,0.2451601332119093,1.984406859628776,-0.0,0.13840464582380455,0.1384046458238039,CHF
2014-05-31,1,13,0,0,0.0,0.0,1.8824821029861332,-0.0,-0.022810978900352226,-0.022810978900348045,CHF
2014-06-02,1,13,0,0,0.0,0.0,1.9616441435571503,-0.0,-0.5401052342796591,-0.5401052342796651,CHF
2014-06-03,6,13,1,0,0.0607217851373872,0.21672356314853058,2.5196405918237548,-0.3274863151947195,0.38820810033210285,0.0607217851373872,CHF
2014-06-04,6,12,1,0,0.03254059251865008,0.2996495116553111,2.1380621819809953,-0.0,0.03254059251864785,0.032540592518640485,CHF
2014-06-05,6,14,3,1,0.11808846890820864,0.14264263612674608,2.102001803759525,-0.0,0.11808846890820403,0.1180884689082048,CHF
2014-06-06,6,12,2,0,0.10866936403756511,0.10866936403756511,2.029382137909972,-0.0,0.10866936403756909,0.10866936403756511,CHF
2014-06-07,1,10,0,0,0.0,0.0,1.6637516461929596,-0.0,-0.004108200541379905,-0.004108200541385336,CHF
2014-06-09,6,11,1,0,0.0,0.05065748446613325,1.667791330521889,-0.0,-0.09801404775364173,-0.09801404775363336,CHF
2014-06-10,6,12,2,1,0.1499332421420228,0.21113288859218068,1.7221806351040523,0.03788503434010997,0.11204820780190039,0.14993324214201514,JPY
2014-06-11,6,10,0,0,0.07643981119336982,0.1322469476144337,1.6243501098369302,-0.0,0.07643981119337166,0.07643981119336854,JPY
2014-06-12,6,10,1,1,0.0,0.25903426916374106,1.5928665715324424,-0.0,-0.09725126673107612,-0.09725126673107531,JPY
2014-06-13,6,10,0,0,0.0,0.028124385352225254,1.4818911946445756,-0.0,-0.46355360027640574,-0.4635536002764033,JPY
2014-06-14,1,10,0,0,0.0,0.0,2.003887840455859,-0.0,-0.01876411826720031,-0.018764118267195568,GBP
2014-06-16,6,11,0,0,0.07649214050701282,0.09273513422651036,2.0382080701958425,-0.0,0.07649214050702925,0.07649214050702673,GBP
2014-06-17,6,12,1,0,0.012773908764984467,0.10120326987627809,1.877898406148312,-0.0,0.012773908764981625,0.012773908764974359,JPY
2014-06-18,6,12,0,0,0.0,0.0954134786835299,1.9330390687883903,-0.0,-0.016545599622976657,-0.016545599622976973,JPY
2014-06-19,6,12,2,0,0.029535355733700287,0.0487013236173376,2.0173788551087544,-0.0,0.02953535573367224,0.02953535573368138,JPY
2014-06-20,6,10,1,1,0.02369234605209261,0.02369234605209261,1.794472600339218,-0.0,0.02369234605208726,0.02369234605209387,JPY
2014-06-21,1,9,0,0,0.01217891880914322,0.01217891880914322,1.87238661927248,-0.0,0.012178918809151396,0.012178918809150768,JPY
2014-06-23,6,9,1,0,0.1569398436367888,0.19130514851474284,1.860434281243947,-0.0,0.15693984363679195,0.1569398436367976,JPY
2014-06-24,6,8,1,0,0.13981175417500263,0.1917590934565218,1.8194316357758953,-0.0,0.13981175417500485,0.13981175417500327,JPY
2014-06-25,6,10,2,0,0.10599729164714836,0.10599729164714836,1.1375051279473714,-0.5719524400707219,0.6779497317178658,0.10599729164714393,JPY
2014-06-26,6,8,0,0,0.058069423020187194,0.11838910178653991,1.1052851038568572,-0.0,0.05806942302016703,0.058069423020173344,JPY
2014-06-27,6,8,0,0,0.2864373010584794,0.2864373010584794,1.249873126659349,-0.0,0.2864373010584839,0.28643730105848386,JPY
2014-06-28,1,8,0,0,0.00382165447638151,0.00382165447638151,1.087055807998436,-0.0,0.003821654476379618,0.003821654476380249,JPY
2014-06-30,6,11,0,0,0.12459722724649865,0.12459722724649865,1.2349679650236352,-0.0,0.12459722724650463,0.12459722724649865,JPY
2014-07-01,6,12,0,0,0.062582902769504,0.062582902769504,1.509385568791941,-0.0,0.06258290276951171,0.06258290276950779,GBP
2014-07-02,6,13,0,0,0.13323830787137042,0.13323830787137042,2.016429169168839,-0.0,0.1332383078713695,0.13323830787136792,GBP
2014-07-03,6,13,1,0,0.3147673057424966,0.31996655788410855,2.1527983044486616,-0.09102994280059026,0.405797248543071,0.31476730574248596,GBP
2014-07-04,6,13,1,0,0.12264571392088137,0.1587545114719035,1.9192493568231261,-0.11617673645287034,0.2388224503737533,0.12264571392088387,GBP
2014-07-05,1,12,0,0,0.00655856692753072,0.00655856692753072,1.9528737926929984,-0.0,0.006558566927511105,0.006558566927513286,GBP
2014-07-07,6,13,3,0,0.24596602466245937,0.24596602466245937,1.9658761307039172,-0.0,0.24596602466247622,0.2459660246624706,GBP
2014-07-08,6,10,2,0,0.0006263443214889192,0.09441188073738917,1.3416655637997492,-0.521642858371838,0.5222692026933212,0.0006263443214789461,CAD
2014-07-09,6,8,0,0,0.2526848671797741,0.2796017411345713,1.3090017030564849,-0.0,0.2526848671797734,0.2526848671797809,CAD
2014-07-10,6,9,2,0,0.2183906275936475,0.2183906275936475,1.3592076908995196,-0.2767428972740877,0.49513352486773854,0.21839062759364875,CAD
2014-07-11,6,8,1,0,0.1435919339238469,0.1435919339238469,1.0044238406190669,-0.0,0.1435919339238455,0.1435919339238463,CAD
2014-07-12,1,7,1,0,0.0,0.0,0.7037171100502714,-0.0,-0.162610265642907,-0.162610265642901,JPY
2014-07-14,6,7,2,0,0.08128608753676891,0.22942318628127212,0.89866535194038,-0.02203339688817032,0.1033194844249462,0.08128608753677263,CAD
2014-07-15,6,6,0,0,0.19023562542692343,0.21932382611596227,0.7217838994511483,-0.24444007531921663,0.4346757007461234,0.19023562542691227,JPY
2014-07-16,6,6,3,1,0.25689258815760885,0.25689258815760885,0.5454319842321839,-0.2910614873936338,0.5479540755512375,0.25689258815760635,JPY
2014-07-17,6,4,1,0,0.15022742509812811,0.15022742509812811,0.4556558875530187,-0.0,0.15022742509812176,0.15022742509812376,EUR
2014-07-18,6,4,1,1,0.022774897486349904,0.022774897486349904,0.45114440641540016,-0.0,0.022774897486354733,0.02277489748634928,EUR
2014-07-19,1,3,0,0,0.0,0.0,0.4631808030318326,-0.0,-0.02265997766891485,-0.02265997766891586,EUR
2014-07-21,6,5,0,0,0.1651782035300209,0.2043025440080142,0.6037802171357357,-0.0,0.16517820353004398,0.16517820353004078,EUR
2014-07-22,6,5,1,1,0.0,0.05599185170073475,0.49585524868184994,-0.0,-0.01843194162447696,-0.018431941624481238,EUR
2014-07-23,6,8,1,1,0.2748760012104,0.2748760012104,0.8043092949761323,0.1752185980195798,0.09965740319080828,0.2748760012103907,CAD
2014-07-24,6,7,2,2,0.28766412653394835,0.28766412653394835,0.8028749050004996,0.1757015594402334,0.11196256709373438,0.28766412653396023,GBP
2014-07-25,6,6,0,0,0.0145537725841636,0.041913598790608846,0.5707405448562195,-0.0,0.014553772584157148,0.014553772584160473,CAD
2014-07-26,1,6,0,0,9.919416589715372e-05,9.919416589715372e-05,0.913102937870151,-0.0,9.919416589201352e-05,9.919416589403843e-05,CAD
2014-07-28,6,6,0,0,0.07727540877376167,0.1063254146260602,0.9130046493516003,-0.0,0.07727540877376035,0.07727540877375483,CAD
2014-07-29,6,6,0,0,0.011514118255997486,0.011514118255997486,0.836375553205462,-0.0,0.011514118255998108,0.011514118255997486,CAD
2014-07-30,6,6,1,0,0.025386970646847848,0.025386970646847848,0.9994500206067264,-0.0,0.025386970646864935,0.025386970646861514,CAD
2014-07-31,6,5,0,0,0.1267518540989839,0.16770620360126032,0.8492365623496017,-0.0,0.12675185409898346,0.12675185409897588,CAD
2014-08-01,6,5,2,0,0.08039972385393589,0.14845674380551124,0.7976340297241455,-0.0,0.08039972385395354,0.08039972385394518,CAD
2014-08-02,1,3,0,0,0.03412912652841479,0.03412912652841479,0.6445321911539982,-0.0,0.034129126528420366,0.034129126528411685,CAD
2014-08-04,6,3,0,0,0.012078934813341574,0.059994090346975275,0.6106114609836996,-0.0,0.01207893481332204,0.012078934813330413,CAD
2014-08-05,6,5,0,0,0.01747263858316223,0.0307496625946077,0.7171188390105223,-0.0,0.01747263858317541,0.017472638583170913,CAD
2014-08-06,6,6,3,0,0.13177391050063625,0.1567441446727087,0.9108124731168923,-0.5748549508726584,0.7066288613732918,0.13177391050063375,CHF
2014-08-07,6,5,0,0,0.2362223739956181,0.2362223739956181,0.49149980280122085,-0.14589075369593776,0.38211312769157174,0.23622237399563117,CHF
2014-08-08,6,5,0,0,0.5251775506344202,0.5251775506344202,0.8602676998300597,-0.0,0.5251775506344003,0.5251775506344029,CHF
2014-08-09,1,5,0,0,0.0062468430324124306,0.0062468430324124306,0.3966745055273024,-0.0,0.006246843032420468,0.006246843032420546,CHF
2014-08-11,6,6,0,0,0.01354398270112823,0.10732003454854067,0.40295379352481103,-0.0,0.013543982701111765,0.013543982701120737,CHF
2014-08-12,6,6,0,0,0.04415850777723429,0.0822707825185102,0.5314491119514321,-0.0,0.044158507777246996,0.04415850777724801,CHF
2014-08-13,6,7,0,0,0.07526786543646667,0.32999888162244095,0.9310829131241705,-0.0,0.07526786543647407,0.0752678654364704,CHF
2014-08-14,6,7,0,0,0.11280102640725835,0.11280102640725835,1.0631650547358176,-0.0,0.11280102640726698,0.11280102640726583,CHF
2014-08-15,6,8,0,0,0.489468178099181,0.5521005576455096,1.2404076873041747,-0.0,0.4894681780991788,0.489468178099181,CHF
2014-08-16,1,8,0,0,0.0,0.0,0.8725336947513403,-0.0,-0.01101359989901035,-0.011013599899003945,CHF
2014-08-18,6,9,0,0,0.011604717700896338,0.07266660545112656,0.9344241397088257,-0.0,0.011604717700907898,0.011604717700907584,CHF
2014-08-19,6,12,0,0,0.0,0.1369000953138876,1.4880176178736446,-0.0,-0.00518774596492386,-0.005187745964918305,CHF
2014-08-20,6,12,0,0,0.01612727958088523,0.01612727958088523,1.7718753529934121,-0.0,0.01612727958087842,0.01612727958088523,CHF
2014-08-21,6,13,0,0,0.29816690442556876,0.3097496219979073,2.0594977489808537,-0.0,0.2981669044255538,0.29816690442555577,CHF
2014-08-22,6,13,2,2,0.01440505906639829,0.1346864258976148,1.8097468572816713,-0.0,0.014405059066413341,0.014405059066412566,CHF
2014-08-23,1,11,0,0,0.0,0.0,1.6080788594542623,-0.0,-0.046429548282997425,-0.046429548282994046,CHF
2014-08-25,6,12,2,1,0.0,0.0645684078703326,1.8164367521676124,0.17456015614553494,-0.17637292142187042,-0.0018127652763440106,CHF
2014-08-26,6,10,0,0,0.023541039325897017,0.12616650502976737,1.5037152940323244,-0.0,0.023541039325904383,0.023541039325900737,CHF
2014-08-27,6,10,2,0,0.2362893642782869,0.25353066868877033,1.5295442215119694,-0.17725225924153332,0.41354162351982865,0.23628936427829245,CHF
2014-08-28,6,9,0,0,0.0,0.023710045088156106,1.386996681226229,-0.0,-0.012389279431774518,-0.012389279431771082,CHF
2014-08-29,6,9,0,0,0.02391847841725546,0.11086809273388873,1.486516993812194,-0.0,0.023918478417245564,0.02391847841724365,EUR
2014-08-30,1,9,0,0,0.0,0.0,1.5998512965749934,-0.0,-0.009858192351636883,-0.009858192351636243,EUR
2014-09-01,6,9,0,0,0.06198404452333659,0.06453644275205486,1.7121536826679926,-0.0,0.061984044523343725,0.061984044523345286,EUR
2014-09-02,6,9,0,0,0.10410142614304238,0.12233541363006718,1.7062810573197935,-0.0,0.10410142614303516,0.10410142614303491,EUR
2014-09-03,6,11,0,0,0.0,0.02355030370891859,1.68502601908329,-0.0,-0.0676709180005039,-0.06767091800050454,EUR
2014-09-04,6,12,0,0,0.28071322278481,0.33301674812487386,2.808552610763719,-0.0,0.28071322278479854,0.2807132227847988,EUR
2014-09-05,6,14,0,0,0.21672108820321892,0.21672108820321892,2.7182351839023227,-0.0,0.21672108820323688,0.21672108820323263,EUR
2014-09-06,1,14,0,0,0.03187685793328989,0.03187685793328989,2.4475075255440535,-0.0,0.03187685793329452,0.03187685793330046,EUR
2014-09-08,6,15,4,0,0.4934296270357218,0.4934296270357218,2.777052173321021,-0.0,0.49342962703571425,0.49342962703570936,EUR
2014-09-09,6,11,2,0,0.0,0.14927701875097749,1.6007984193746458,-0.0,-0.0850480245259663,-0.08504802452596132,EUR
2014-09-10,6,11,1,0,0.06911244123328764,0.0782047858629978,1.832479281054242,-0.5384114282679278,0.6075238695012105,0.06911244123328639,EUR
2014-09-11,6,11,1,0,0.0,0.25644588147814923,2.792275393816893,-0.0,-0.09925135580764108,-0.09925135580763444,GBP
2014-09-12,6,10,0,0,0.0,0.06583949166170233,2.957467617161492,-0.0,-0.11241061007595153,-0.11241061007594916,GBP
2014-09-13,1,10,0,0,0.0,0.0,3.2832686031843696,-0.0,-0.1220045901464006,-0.12200459014639847,GBP
2014-09-15,6,11,0,0,0.20769198086046228,0.31822002375311137,3.401123666341271,-0.0,0.20769198086046772,0.20769198086045987,GBP
2014-09-16,6,11,4,0,0.4045220953934685,0.4045220953934685,1.7669790820897233,-0.2435147585443992,0.6480368539378674,0.4045220953934734,GBP
2014-09-17,6,7,0,0,0.07830682744135421,0.07830682744135421,1.4438359382439099,-0.08872089682340159,0.16702772426476128,0.07830682744136089,CHF
2014-09-18,6,7,0,0,0.03325042034572308,0.15732659836216126,1.8650413634199816,-0.0,0.03325042034571707,0.03325042034571467,CHF
2014-09-19,6,7,5,0,0.0,0.455802570235178,1.9821983168301547,-1.2560320758573176,1.1024186367353066,-0.15361343912201758,CHF
2014-09-20,1,2,0,0,0.0,0.0,0.21998598231856645,-0.0,-0.0007162260539793165,-0.0007162260539778204,CHF
2014-09-22,6,3,0,0,0.0,0.021660211163528897,0.2466922727819356,-0.0,-0.01347877753530477,-0.013478777535303575,CHF
2014-09-23,6,3,1,1,0.13803251904357994,0.13803251904357994,0.4426564119300745,-0.0,0.13803251904359132,0.13803251904358527,CHF
2014-09-24,6,2,0,0,0.006103028176029746,0.030779975242255498,0.255377990720521,-0.0,0.006103028176034082,0.006103028176033335,GBP
2014-09-25,6,2,0,0,0.0,0.021197120121416637,0.24958067630287523,-0.0,-0.0057804941223146,-0.0057804941223145246,GBP
2014-09-26,6,2,0,0,0.006550513277076599,0.015032670289377086,0.2720925973785917,-0.0,0.006550513277080561,0.006550513277078992,GBP
2014-09-27,1,2,0,0,0.0,0.0,0.2723544843037711,-0.0,-0.005548096844980077,-0.005548096844984713,GBP
2014-09-29,6,2,0,0,0.021879576712975225,0.022666420825625772,0.27788716369979277,-0.0,0.021879576712981803,0.021879576712983597,GBP
2014-09-30,6,4,0,0,0.06910171727175285,0.06910171727175285,0.4139007449040181,-0.0,0.06910171727174325,0.06910171727174508,GBP
2014-10-01,6,4,0,0,0.014311619513951605,0.08321675140469717,0.38756312375052304,-0.0,0.014311619513961293,0.014311619513961182,GBP
2014-10-02,6,5,0,0,0.2166908363260273,0.313099192987919,0.632871687589545,-0.0,0.21669083632602537,0.2166908363260255,GBP
2014-10-03,6,6,1,1,0.0,0.07909612096028629,0.5931757826979296,-0.0,-0.011182213576805829,-0.011182213576797552,GBP
2014-10-04,1,5,0,0,0.0,0.0,0.6322898068527829,-0.0,-0.010362145896724417,-0.010362145896726807,JPY
2014-10-06,6,5,1,0,0.04444369715921638,0.04444369715921638,0.6425853671162521,-0.09451873785736459,0.1389624350165855,0.04444369715921996,JPY
2014-10-07,6,4,2,0,0.2665393572771601,0.2665393572771601,0.6254197798548815,-0.3120613987259801,0.5786007560031362,0.26653935727715894,CAD
2014-10-08,6,5,1,0,0.0,0.048285380962861946,0.19516819119606094,-0.0,-0.024875467299252742,-0.02487546729924958,EUR
2014-10-09,6,5,0,0,0.20935681489467448,0.22044161924082403,0.45357879049940747,-0.0,0.2093568148946818,0.20935681489467803,EUR
2014-10-10,6,5,0,0,0.11690552345529602,0.11690552345529602,0.36680831767540656,-0.0,0.11690552345529376,0.1169055234552936,GBP
2014-10-11,1,5,0,0,0.0,0.0,0.27640446708721156,-0.0,-0.023059667053484164,-0.023059667053486374,GBP
2014-10-13,6,6,1,1,0.338412312080855,0.338412312080855,0.5264560246747962,0.16885411584766802,0.16955819623319113,0.3384123120808579,JPY
2014-10-14,6,5,0,0,0.31362995195022286,0.3508241099277534,0.5457858160580877,-0.0,0.3136299519502088,0.31362995195020843,JPY
2014-10-15,6,5,1,1,0.14057595875486306,0.19596991911431239,0.4637436303980931,-0.0,0.14057595875486792,0.14057595875487214,JPY
2014-10-16,6,5,0,0,0.29744750652189667,0.29744750652189667,0.7241350493916867,-0.0,0.2974475065219001,0.2974475065218979,EUR
2014-10-17,6,5,0,0,0.1043647153103431,0.1043647153103431,0.8647999350429629,-0.0,0.10436471531034995,0.10436471531035095,EUR
2014-10-18,1,5,0,0,0.0,0.0,0.904441704649188,-0.0,-0.01089115134866277,-0.010891151348665935,EUR
2014-10-20,6,5,0,0,0.00662571516911712,0.1562683677716273,0.9235588549955577,-0.0,0.006625715169105968,0.006625715169109283,EUR
2014-10-21,6,5,1,0,0.08945084372506161,0.08945084372506161,0.9853027551188392,-0.0,0.08945084372506937,0.08945084372507066,EUR
2014-10-22,6,4,0,0,0.05014992645557311,0.12759085075418838,0.9010858156757282,-0.0,0.05014992645559278,0.05014992645558517,EUR
2014-10-23,6,4,0,0,0.018066357218164082,0.018066357218164082,0.8513628470618267,-0.0,0.018066357218137537,0.018066357218142363,EUR
2014-10-24,6,6,0,0,0.015011247714321685,0.04375800512232705,1.2979660773481139,-0.0,0.015011247714308758,0.015011247714312668,EUR
2014-10-25,1,6,0,0,0.0,0.0,1.293206741606576,-0.0,-0.03115565161852896,-0.031155651618520394,EUR
2014-10-27,6,6,0,0,0.06056666383368701,0.10100772079302575,1.3239499080041526,-0.0,0.06056666383370203,0.06056666383369723,EUR
2014-10-28,6,7,0,0,0.0,0.012655711552331247,1.3319381582972745,-0.0,-0.03558419457165088,-0.03558419457165241,EUR
2014-10-29,6,8,1,0,0.11675899273313743,0.13339995793324846,1.7031084681684086,-0.0,0.11675899273313958,0.11675899273314164,EUR
2014-10-30,6,13,0,0,0.21480077996615488,0.22276710911389072,1.9584733831089558,-0.06813877246497331,0.28293955243111946,0.2148007799661441,EUR
2014-10-31,6,13,1,1,0.0,0.02142250259267565,1.9480064972559534,-0.0,-0.010321578624923501,-0.010321578624927932,EUR
2014-11-03,6,13,0,0,0.0,0.0,1.9131985390355593,-0.0,-0.08697532298774069,-0.08697532298773321,EUR
2014-11-04,6,13,1,0,0.0,0.039802262546717836,1.6865619588920866,-0.0,-0.03389720445581283,-0.03389720445581536,EUR
2014-11-05,6,16,3,2,0.5207977790202355,0.5892033246182005,2.5016517206246567,-0.0,0.5207977790202266,0.5207977790202296,USD
2014-11-06,6,15,3,1,0.29746058378298373,0.36892387861086745,2.145100122224901,-0.23082120873764758,0.5282817925206206,0.2974605837829694,EUR
2014-11-07,6,12,2,0,0.06398374302688233,0.10815602921416993,1.3340574922967143,-0.3071376194403493,0.3711213624672445,0.06398374302689545,EUR
2014-11-10,6,11,0,0,0.24063362074947256,0.31216716162054636,1.2320281313728747,-0.0,0.2406336207494737,0.2406336207494785,EUR
2014-11-11,6,11,0,0,0.1143089109901653,0.2227141959260918,1.0332598028407418,-0.0,0.1143089109901627,0.11430891099016291,EUR
2014-11-12,6,12,1,1,0.029237587812224033,0.1416080256553127,1.3410119666573774,-0.0,0.029237587812231115,0.029237587812228207,EUR
2014-11-13,6,11,0,0,0.0,0.12246556901659418,1.5500514202919553,-0.0,-0.010040188828776735,-0.010040188828773777,EUR
2014-11-14,6,11,0,0,0.23284488485665833,0.23284488485665833,1.572653394485915,-0.0,0.2328448848566689,0.23284488485667082,CHF
2014-11-17,6,11,1,1,0.0,0.13264948196419096,1.2087437760042405,-0.0,-0.018407372303941735,-0.018407372303943244,CHF
2014-11-18,6,10,0,0,0.016966043068164127,0.11998382261934257,1.2838535704286402,-0.0,0.01696604306816353,0.016966043068162937,CHF
2014-11-19,6,11,2,0,0.13364000441519372,0.13364000441519372,1.2333813883766953,-0.2475747227138224,0.3812147271290138,0.1336400044151961,EUR
2014-11-20,6,11,2,0,0.04351787905474375,0.04351787905474375,0.9372939148736027,-0.2094635083740078,0.25298138742875037,0.04351787905473839,EUR
2014-11-21,6,9,2,0,0.0,0.03970157565504291,0.8041361438879577,-0.0,-0.04681249059823935,-0.04681249059823663,CHF
2014-11-24,6,8,1,0,0.0,0.09751783958505104,0.8425195148827682,-0.0,-0.0682797016609132,-0.06827970166092015,EUR
2014-11-25,6,7,3,1,0.0,0.05551054783630955,0.918170856241893,-0.0,-0.033199355658172086,-0.03319935565817182,EUR
2014-11-26,6,4,0,0,0.07524536078727313,0.11495976345310259,0.7686470224117402,-0.0,0.07524536078728845,0.07524536078728143,EUR
2014-11-27,6,4,0,0,0.10896263379690674,0.10896263379690674,0.7095346747446476,-0.0,0.1089626337969142,0.10896263379690853,EUR
2014-11-28,6,4,0,0,0.10557820018788386,0.17294207309515672,0.6243588046479392,-0.0,0.1055782001878765,0.10557820018787793,EUR
2014-12-01,6,4,0,0,0.0,0.1858492575258992,0.6091289622434928,-0.0,-0.05832673913345577,-0.058326739133453695,EUR
2014-12-02,6,4,0,0,0.007671882180271993,0.09926122532915871,0.7575205971762371,-0.0,0.007671882180270253,0.0076718821802696235,EUR
2014-12-03,6,4,0,0,0.0,0.060667912001663285,0.8566317553586882,-0.0,-0.0068857211516686915,-0.006885721151674406,EUR
2014-12-04,6,5,0,0,0.1546047905010821,0.21404889832716154,1.0466563134976536,-0.0,0.15460479050107842,0.15460479050107975,EUR
2014-12-05,6,6,0,0,0.17165798284708067,0.17916416439749835,1.146232296299045,-0.0,0.17165798284707956,0.17165798284707653,EUR
2014-12-08,6,8,0,0,0.0,0.12738634778428656,1.1039771804973606,-0.0,-0.04824582754797019,-0.048245827547966295,EUR
2014-12-09,6,9,0,0,0.02529073550581853,0.048608623551826616,1.402944961815819,-0.0,0.025290735505810496,0.025290735505810832,EUR
2014-12-10,6,10,0,0,0.028345594958646064,0.028345594958646064,1.5346517618010955,-0.0,0.02834559495864712,0.028345594958646653,EUR
2014-12-11,6,12,1,0,0.20149446214588496,0.3083248003158801,1.8635255151632693,-0.05982140423795072,0.2613158663838325,0.2014944621458826,EUR
2014-12-12,6,11,0,0,0.12812471598495015,0.12812471598495015,1.7764909931024278,-0.0,0.12812471598494132,0.128124715984939,EUR
2014-12-15,6,12,0,0,0.3674256459574649,0.3674256459574649,1.8345630800043071,-0.0,0.36742564595747695,0.36742564595746907,EUR
2014-12-16,6,14,0,0,0.042386277778988846,0.09820864852488145,1.5490595109252536,-0.0,0.042386277778985675,0.0423862777789859,EUR
2014-12-17,6,14,4,0,0.30390206203770204,0.30390206203770204,1.6008473099341411,-0.225311325594869,0.5292133876325614,0.30390206203769443,CHF
2014-12-18,6,11,3,0,0.06763480143500984,0.06763480143500984,1.2075450150643285,-0.0,0.0676348014350184,0.06763480143501575,CHF
2014-12-19,6,8,0,0,0.0,0.13507845770064178,1.4012747859179557,-0.0,-0.03814549030414021,-0.03814549030414093,CHF
2014-12-22,6,8,0,0,0.0821513171118704,0.08280697096441582,1.355699472290756,-0.0,0.08215131711185719,0.08215131711186344,CHF
2014-12-23,6,8,0,0,0.028801177472130127,0.047983680859242914,1.3437670124690075,-0.0,0.02880117747212447,0.028801177472123164,CHF
2014-12-24,6,9,0,0,0.01442117390624588,0.03207982076810785,1.3677966981546512,-0.0,0.014421173906255387,0.014421173906251104,CHF
2014-12-26,6,10,0,0,0.02130301199275028,0.02253083483108664,1.4057507964534361,-0.0,0.021303011992749265,0.021303011992752027,CHF
2014-12-29,6,10,1,1,0.05743359081605066,0.10971555918160211,1.5017036052234645,-0.0,0.05743359081604586,0.057433590816048916,EUR
2014-12-30,6,9,1,1,0.057501331262734705,0.057501331262734705,1.5742132687745536,0.163300811291875,-0.10579948002913202,0.05750133126274282,NZD
2014-12-31,6,8,0,0,0.0,0.030704629080016792,1.5652901727128368,-0.0,-0.03357352603031815,-0.033573526030321044,NZD
2015-01-01,2,8,0,0,0.0,0.0,1.3863695344366438,-0.0,-0.0,0.0,NZD
2015-01-02,6,9,4,1,0.6524721420741854,0.6524721420741854,1.5809850178741627,-0.0907439761388168,0.7432161182129909,0.6524721420741755,CHF
2015-01-05,6,6,2,2,0.16044253817926402,0.22501238379380434,0.6948582494950242,0.12374190184745804,0.036700636331814245,0.16044253817926699,GBP
2015-01-06,6,5,0,0,0.10822450830307376,0.10822450830307376,0.8959545428835859,-0.0,0.1082245083030778,0.10822450830307492,GBP
2015-01-07,6,6,0,0,0.03379976729631942,0.03379976729631942,0.9140997620299438,-0.0,0.03379976729630617,0.03379976729631066,GBP
2015-01-08,6,6,0,0,0.0,0.039470884708156434,0.9976030493329768,-0.0,-0.005832303458520888,-0.0058323034585157,GBP
2015-01-09,6,7,0,0,0.0408822165828692,0.13211771363476132,1.1707045340912625,-0.0,0.04088221658287311,0.04088221658286686,GBP
2015-01-12,6,7,2,0,0.03933224418743842,0.06336548425117673,1.2256230246738664,-0.0,0.039332244187441856,0.03933224418743901,GBP
2015-01-13,6,6,1,1,0.13602833838658943,0.1872315387933018,1.0030603070783128,-0.0,0.13602833838657805,0.13602833838657657,JPY
2015-01-14,6,5,2,2,0.08095417123181942,0.08095417123181942,0.9164551904106328,0.16453010210425395,-0.0835759308724224,0.08095417123182468,JPY
2015-01-15,6,3,2,0,0.44317327863406253,0.46183877225912057,0.9205646558255519,-0.3918580787627781,0.8350313573968404,0.44317327863406425,NZD
2015-01-16,6,1,0,0,0.047347019867112025,0.08407238728821245,0.13513277556376133,-0.0,0.047347019867104094,0.04734701986710967,NZD
2015-01-19,6,1,0,0,0.007412007308712851,0.034102973572797374,0.158852793002592,-0.0,0.007412007308711018,0.007412007308705809,NZD
2015-01-20,6,1,0,0,0.00741255672795929,0.00741255672795929,0.15145201132802796,-0.0,0.0074125567279573834,0.007412556727961638,NZD
2015-01-21,6,1,0,0,0.12772386722340154,0.12772386722340154,0.49234339879410965,-0.0,0.12772386722340226,0.12772386722340212,NZD
2015-01-22,6,2,0,0,0.12077980399237313,0.1784727844232813,0.7939159816301897,-0.0,0.12077980399237637,0.12077980399237138,NZD
2015-01-23,6,2,1,1,0.05637608190080693,0.05637608190080693,0.7213012850288966,-0.0,0.056376081900790694,0.05637608190079875,NZD
2015-01-26,6,1,0,0,0.0,0.03794575013397339,0.32159570683146704,-0.0,-0.042965768240914685,-0.04296576824091279,NZD
2015-01-27,6,2,0,0,0.00426008412032669,0.021642285492759466,0.4847731833437233,-0.0,0.004260084120329974,0.004260084120327858,CAD
2015-01-28,6,2,0,0,0.0,0.005646596640466339,0.5502405173637438,-0.0,-0.005444564057734447,-0.00544456405772872,CAD
2015-01-29,6,2,0,0,0.0076603800321530776,0.01320793815604067,0.6628717786546173,-0.0,0.007660380032159201,0.0076603800321501615,CAD
2015-01-30,6,3,0,0,0.0,0.06639971231805385,0.7105414816202047,-0.0,-0.0071599945165434845,-0.007159994516550701,CAD
2015-02-02,6,3,1,0,0.1514696319024182,0.1745312514308429,0.8000066523622333,-0.3490393708907974,0.5005090027932266,0.15146963190242577,NZD
2015-02-03,6,2,0,0,0.2317929958247197,0.2562458560806236,0.27087062215859614,-0.0,0.23179299582471508,0.2317929958247127,NZD
2015-02-04,6,2,0,0,0.0,0.04466798521716448,0.19682445903164664,-0.0,-0.08928119791126385,-0.0892811979112603,NZD
2015-02-05,6,2,0,0,0.141431542971957,0.1487820240785174,0.4291715786735368,-0.0,0.14143154297196112,0.14143154297195992,NZD
2015-02-06,6,4,0,0,0.028013563594382427,0.12670398282321657,0.3741813483411658,-0.0,0.02801356359438815,0.028013563594383006,NZD
2015-02-09,6,4,0,0,0.06917410257772003,0.08674881193351917,0.5084313910315217,-0.0,0.06917410257771968,0.06917410257772295,CAD
2015-02-10,6,4,0,0,0.031184547440143897,0.09522435272635918,0.4940941159481378,-0.0,0.03118454744014514,0.031184547440142738,CAD
2015-02-11,6,4,1,1,0.08932758600687507,0.16032400616965828,0.7149847611486375,0.16386330992973525,-0.07453572392286617,0.08932758600687157,NZD
2015-02-12,6,4,0,0,0.12472051714436992,0.12472051714436992,0.6445840505906356,-0.0,0.12472051714436821,0.12472051714436584,NZD
2015-02-13,6,4,0,0,0.024548875372375975,0.14180358171045201,0.6068803759228129,-0.0,0.024548875372382244,0.0245488753723888,CAD
2015-02-16,6,5,0,0,0.0,0.06976647783752447,0.6591438739594961,-0.0,-0.1135812136812424,-0.11358121368124852,CAD
2015-02-17,6,6,0,0,0.08279657433673089,0.10111243821729901,0.8695579658537481,-0.0,0.08279657433672086,0.08279657433671808,CAD
2015-02-18,6,6,0,0,0.014231262765010829,0.03485704116368001,0.8289326378000967,-0.0,0.014231262765004422,0.014231262765010829,CAD
2015-02-19,6,7,0,0,0.016879344337520114,0.10368824793265899,0.8883868759714926,-0.0,0.016879344337517206,0.016879344337522435,CAD
2015-02-20,6,10,1,1,0.18207008380390854,0.18207008380390854,0.9355125242115514,-0.0,0.18207008380391182,0.18207008380391437,CAD
2015-02-23,6,9,0,0,0.13737252797502336,0.13737252797502336,1.030419969992317,-0.0,0.13737252797501512,0.1373725279750228,EUR
2015-02-24,6,11,0,0,0.22063685593600477,0.4153632029541255,0.9740848810630652,-0.0,0.22063685593600293,0.22063685593600244,EUR
2015-02-25,6,11,0,0,0.14703886570792327,0.14703886570792327,0.9752955959139248,-0.0,0.14703886570792019,0.14703886570791977,EUR
2015-02-26,6,12,2,1,0.33861858163472935,0.4005263099639737,1.1629781827525592,0.07464096939902229,0.26397761223570887,0.33861858163473635,EUR
2015-02-27,6,11,1,1,0.014956049302338834,0.1217352448817701,0.9246823208334322,-0.0,0.014956049302336023,0.014956049302337664,EUR
2015-03-02,6,10,0,0,0.018307119518479326,0.06294359859857862,0.9562796545364535,-0.0,0.018307119518485016,0.018307119518482243,JPY
2015-03-03,6,10,1,1,0.327132315674379,0.34065922473533755,1.1120388021753307,0.16416107386046191,0.16297124181391792,0.3271323156743802,JPY
2015-03-04,6,9,3,3,0.20216383383384204,0.20216383383384204,0.9133821998841098,0.3293101321992104,-0.12714629836536304,0.20216383383384728,JPY
2015-03-05,6,9,2,0,0.18134425928811435,0.18134425928811435,0.6529597079175008,-0.2426578574796025,0.42400211676771943,0.18134425928812078,CAD
2015-03-06,6,7,3,2,0.31467419304139954,0.31467419304139954,0.555915447317478,0.21832068806617455,0.09635350497522145,0.31467419304139777,CAD
2015-03-09,6,5,0,0,0.04873664242902962,0.04873664242902962,0.27798605101665325,-0.0,0.04873664242904224,0.048736642429039634,CAD
2015-03-10,6,5,1,0,0.24646261980544992,0.24646261980544992,0.535556113231175,-0.07840850134389532,0.32487112114935374,0.24646261980545933,NZD
2015-03-11,6,4,1,0,0.14751045950151492,0.1639271570180816,0.35269754419126076,-0.0,0.14751045950151942,0.14751045950151376,NZD
2015-03-12,6,3,0,0,0.0,0.06178925779749662,0.44565508483376765,-0.0,-0.07035927277390025,-0.07035927277390636,NZD
2015-03-13,6,3,0,0,0.14797601796845844,0.18188591654395123,0.6111470500155756,-0.0,0.14797601796846843,0.1479760179684649,NZD
2015-03-16,6,5,0,0,0.0,0.12606419065610974,0.5742775281911634,-0.0,-0.05282619398682515,-0.052826193986825844,NZD
2015-03-17,6,5,0,0,0.3373677193431325,0.4167068063702695,0.7991781035029754,-0.0,0.3373677193431331,0.3373677193431325,NZD
2015-03-18,6,5,1,1,0.05559631596032958,0.06659541699836952,0.6054790814148494,-0.0,0.05559631596032623,0.05559631596032309,NZD
2015-03-19,6,4,1,0,0.21491362516703416,0.3009885499271149,0.7230660016955489,-0.0,0.21491362516702023,0.21491362516702062,NZD
2015-03-20,6,3,0,0,0.0,0.038417626527356606,0.4797264379874212,-0.0,-0.015671695613984026,-0.01567169561398258,NZD
2015-03-23,6,3,0,0,0.0,0.0482903447634966,0.3626715165567787,-0.0,-0.038467763167251964,-0.0384677631672589,EUR
2015-03-24,6,3,1,1,0.09091786490011816,0.09091786490011816,0.4857886675843199,0.16528452311629793,-0.07436665821618609,0.09091786490011876,NZD
2015-03-25,6,2,0,0,0.06169549722002898,0.07608602170108686,0.4125441430230621,-0.0,0.061695497220031925,0.06169549722002722,NZD
2015-03-26,6,3,1,0,0.06275132659750389,0.06275132659750389,0.3510652372467191,-0.16333115147411695,0.22608247807161738,0.06275132659749978,NZD
2015-03-27,6,3,1,0,0.05556940440784561,0.07140682644850059,0.12922661750902778,-0.14355493203018901,0.1991243364380352,0.05556940440784914,USD
2015-03-30,6,4,0,0,0.0,0.012577315653872125,0.16108057437784967,-0.0,-0.014614748916049107,-0.014614748916043576,USD
2015-03-31,6,5,0,0,0.11764871024510137,0.12647501395550964,0.5391449992064639,-0.0,0.11764871024510379,0.11764871024510079,JPY
2015-04-01,6,5,1,1,0.18900356421868222,0.18900356421868222,0.5418090087805405,-0.0,0.1890035642186864,0.18900356421869044,JPY
2015-04-02,6,6,1,0,0.13413364371337294,0.13413364371337294,0.46301481352949797,0.1656953582879063,-0.0315617145745467,0.13413364371336176,JPY
2015-04-03,6,5,0,0,0.0,0.009837189252191328,0.4691552475602235,-0.0,-0.023121025510765832,-0.023121025510767786,NZD
2015-04-04,1,5,0,0,0.013113070075293384,0.013113070075293384,0.5732547873300878,-0.0,0.013113070075296851,0.01311307007529574,NZD
2015-04-06,6,5,0,0,0.0,0.048975734968067855,0.5701189095979325,-0.0,-0.019133951413220225,-0.019133951413212044,NZD
2015-04-07,6,5,0,0,0.07735840701887392,0.07735840701887392,0.6203841509790767,-0.0,0.07735840701887602,0.07735840701887274,NZD
2015-04-08,6,7,0,0,0.0,0.06160496254973966,0.6614900745687178,-0.0,-0.024684309552697382,-0.024684309552690187,NZD
2015-04-09,6,7,0,0,0.0,0.07139602922990201,0.8722014773982375,-0.0,-0.00654991687440891,-0.006549916874411035,CAD
2015-04-10,6,9,1,0,0.32453959346355554,0.4092894039394014,0.964959184992729,-0.12271424888247032,0.4472538423460154,0.32453959346354616,EUR
2015-04-11,1,9,0,0,0.0737142645596427,0.0737142645596427,0.6545233401885743,-0.0,0.07371426455964361,0.07371426455964446,EUR
2015-04-13,6,9,2,0,0.22490325154690372,0.3202255686416236,0.6580998061214314,-0.17157349497580981,0.39647674652271814,0.2249032515469055,EUR
2015-04-14,6,10,1,0,0.16873159287920436,0.16873159287920436,0.6309879047060136,-0.0,0.1687315928792016,0.16873159287920203,EUR
2015-04-15,6,9,1,1,0.6180421511134709,0.6180421511134709,0.9738718265332622,-0.0,0.6180421511134659,0.6180421511134686,EUR
2015-04-16,6,10,0,0,0.15799872500653325,0.1915565236764426,0.8466214139080309,0.16628909836186068,-0.008290373355328466,0.15799872500653855,EUR
2015-04-17,6,11,1,1,0.05011515826812633,0.14045518690818734,1.1834792851053344,-0.0,0.05011515826813882,0.05011515826813985,EUR
2015-04-18,1,12,0,0,0.004019401881620332,0.004019401881620332,1.4862835965875025,-0.0,0.0040194018816278815,0.004019401881625023,EUR
2015-04-20,6,13,0,0,0.5153161329078839,0.5153161329078839,1.548074784736145,-0.0,0.5153161329078806,0.515316132907881,EUR
2015-04-21,6,15,0,0,0.3920873490673051,0.4420517649735979,1.4451942427468636,-0.0,0.3920873490672981,0.3920873490672998,EUR
2015-04-22,6,16,1,0,0.0,0.04164702806897594,1.6787943063045874,-0.0,-0.022674814802361817,-0.02267481480236769,EUR
2015-04-23,6,15,1,0,0.09380284554227587,0.1390802064562053,1.7256961430486575,-0.11514850120687165,0.2089513467491328,0.0938028455422665,EUR
2015-04-24,6,14,0,0,0.11419550302452076,0.262184338856437,2.0486787651592624,-0.0,0.11419550302451886,0.11419550302451259,EUR
2015-04-25,1,14,0,0,0.0,0.0,2.076158883564445,-0.0,-0.09699755937060815,-0.09699755937060137,EUR
2015-04-27,6,15,0,0,0.19627416170647297,0.19627416170647297,2.2049187404202963,-0.0,0.19627416170647757,0.1962741617064718,EUR
2015-04-28,6,16,0,0,0.13501437826285395,0.13501437826285395,2.2994746885486523,-0.0,0.1350143782628532,0.13501437826285573,EUR
2015-04-29,6,17,4,2,0.058310990543897524,0.11174152794540818,2.4129233533481633,-0.0,0.05831099054389435,0.05831099054389521,EUR
2015-04-30,6,13,2,0,0.0,0.07224254173528705,2.810588988374595,-0.0,-0.128972613989536,-0.1289726139895314,EUR
2015-05-01,6,11,2,0,0.0,0.026856975594773912,2.757130260493511,-0.0,-0.011654420839904695,-0.011654420839899274,EUR
2015-05-02,1,9,0,0,0.0479969505288631,0.0479969505288631,2.306356046104858,-0.3012583996080271,0.3492553501368834,0.04799695052885401,EUR
2015-05-04,6,9,1,0,0.22005713808359606,0.22005713808359606,2.2594435595835156,-0.06118604160629792,0.28124317968988993,0.22005713808359606,EUR
2015-05-05,6,10,6,0,0.35363224266122206,0.363756299662006,1.780606241256619,-1.1741430259303975,1.5277752685916237,0.35363224266122034,NZD
2015-05-06,6,4,0,0,0.12317838234004039,0.12317838234004039,0.5417557956299619,-0.0,0.12317838234004368,0.12317838234004383,NZD
2015-05-07,6,4,2,1,0.14306438834832513,0.14306438834832513,0.5057094744900859,-0.0,0.14306438834833154,0.1430643883483314,NZD
2015-05-08,6,3,0,0,0.0,0.023679177421107023,0.4349713317228953,-0.0,-0.09151708184398948,-0.09151708184398998,CHF
2015-05-09,1,3,0,0,0.035959925556152725,0.035959925556152725,0.6984376766192802,-0.0,0.035959925556151795,0.035959925556152725,CHF
2015-05-11,6,3,1,0,0.012573025234576221,0.041953794147533356,0.6627160632661268,-0.2406230870295299,0.2531961122641089,0.012573025234581935,CHF
2015-05-12,6,2,0,0,0.11269672291333403,0.11269672291333403,0.4231016392282521,-0.0,0.1126967229133336,0.11269672291333689,CHF
2015-05-13,6,4,0,0,0.13186253661761105,0.13186253661761105,0.5231894582296478,-0.0,0.13186253661761121,0.13186253661761504,EUR
2015-05-14,6,5,1,0,0.007259434830875064,0.05658357936476413,0.4572565762916237,-0.0,0.00725943483087849,0.007259434830871638,EUR
2015-05-15,6,4,0,0,0.0071784899881945285,0.04596562833773518,0.305811693947943,-0.0,0.007178489988190393,0.007178489988195099,EUR
2015-05-16,1,4,0,0,0.005326091719762098,0.005326091719762098,0.47655661461644727,-0.0,0.005326091719760033,0.0053260917197632375,EUR
2015-05-18,6,4,0,0,0.00408646460503421,0.031905375090525316,0.4712556224033689,-0.0,0.004086464605029795,0.00408646460503364,EUR
2015-05-19,6,4,0,0,0.15122521567322417,0.1555072708673592,0.5452180393784694,-0.0,0.15122521567322214,0.15122521567322705,EUR
2015-05-20,6,4,0,0,0.030033497870170803,0.030033497870170803,0.47166185751844464,-0.0,0.030033497870182543,0.030033497870179917,EUR
2015-05-21,6,5,0,0,0.037807434098418365,0.04520564719853982,0.4720559726650568,-0.0,0.03780743409841894,0.03780743409841894,EUR
2015-05-22,6,7,0,0,0.10989525232798752,0.2247952804991366,0.5915921076857348,-0.0,0.10989525232797512,0.10989525232797841,EUR
2015-05-23,1,7,0,0,0.002852464584547427,0.002852464584547427,0.4874968302065258,-0.0,0.002852464584557371,0.0028524645845542703,EUR
2015-05-25,6,8,0,0,0.17930532751559491,0.17930532751559491,0.647934045444549,-0.0,0.1793053275155947,0.17930532751559491,EUR
2015-05-26,6,10,0,0,0.2294799192831729,0.2294799192831729,0.9551994568527334,-0.0,0.22947991928317185,0.22947991928317407,EUR
2015-05-27,6,10,1,1,0.01581563053524463,0.10007179916879784,0.9513569954704763,-0.0,0.015815630535238823,0.015815630535243486,EUR
2015-05-28,6,10,1,1,0.05378543127566435,0.05378543127566435,1.1433333695343473,-0.0,0.05378543127565269,0.05378543127565579,EUR
2015-05-29,6,10,2,1,0.1323260130635981,0.1617521424160851,1.4519466829773275,-0.0,0.13232601306359354,0.13232601306359013,EUR
2015-05-30,1,8,0,0,0.0,0.0,1.337534605866811,-0.0,-0.10088284112621415,-0.10088284112620889,EUR
2015-06-01,6,9,0,0,0.305016295932456,0.305016295932456,1.4683529126569683,-0.0,0.30501629593245433,0.3050162959324497,EUR
2015-06-02,6,9,0,0,0.013318104738697413,0.03792009097698876,1.4802478419457028,-0.0,0.013318104738693288,0.013318104738690585,EUR
2015-06-03,6,10,1,0,0.1238078972971992,0.1238078972971992,1.5380195823417784,-0.5021895612762395,0.6259974585734457,0.12380789729720372,EUR
2015-06-04,6,10,0,0,0.0,0.103183994152838,1.8679437445653337,-0.0,-0.01805334892660593,-0.018053348926609026,EUR
2015-06-05,6,10,5,2,0.39285912829872244,0.46903604528335857,1.176368267576275,-0.4479144024610067,0.8407735307597263,0.39285912829872355,NZD
2015-06-06,1,5,0,0,0.0,0.0,0.7865993666927451,0.15876362503034916,-0.16131443473097148,-0.0025508097006210445,EUR
2015-06-08,6,7,0,0,0.0012506015035172668,0.027481889314422466,0.8952169781690299,-0.0,0.0012506015035093705,0.0012506015035059863,EUR
2015-06-09,6,8,0,0,0.1854570103274616,0.2094299326883057,1.1738444890730155,-0.0,0.1854570103274661,0.1854570103274706,CAD
2015-06-10,6,8,1,0,0.12222463930691502,0.15211560153851947,1.1938070279851325,-0.0,0.12222463930692051,0.12222463930691502,CAD
2015-06-11,6,7,3,1,0.24352890386042306,0.24352890386042306,1.037376965055463,0.158536702586486,0.08499220127394888,0.24352890386042872,CAD
2015-06-12,6,4,0,0,0.06627789584367222,0.07110184203467954,0.4715288490788427,-0.2200618210793826,0.2863397169230628,0.06627789584367787,CAD
2015-06-13,1,5,0,0,0.005087656145775177,0.005087656145775177,0.5686460221066941,-0.0,0.005087656145787436,0.005087656145781378,CAD
2015-06-15,6,6,0,0,0.020722334941334405,0.020722334941334405,0.5992411990509703,-0.0,0.02072233494131947,0.02072233494132539,CAD
2015-06-16,6,6,0,0,0.007832855160603894,0.021856564652749395,0.6747496451878712,-0.0,0.007832855160590957,0.00783285516059152,CAD
2015-06-17,6,7,0,0,0.027449163725554893,0.03916208564937458,0.7150148092077935,-0.0,0.027449163725550955,0.02744916372555208,CAD
2015-06-18,6,9,0,0,0.06386956890057617,0.07367540972670669,0.8875576023218716,-0.0,0.06386956890056958,0.06386956890057001,CHF
2015-06-19,6,9,0,0,0.2537359024946537,0.2562315425425755,1.0696532726204862,-0.0,0.25373590249465494,0.25373590249465094,CHF
2015-06-20,1,10,0,0,0.0,0.0,0.8409170915732771,-0.0,-0.046789059746890516,-0.04678905974689178,CHF
2015-06-22,6,10,0,0,0.0,0.041070238598665265,0.8872909962058232,-0.0,-0.0630511376868182,-0.06305113768682023,CHF
2015-06-23,6,10,1,0,0.0,0.08003190219812051,1.118623133425938,-0.0,-0.041549326749923926,-0.04154932674992224,CHF
2015-06-24,6,12,0,0,0.00914050648277203,0.08753120525806504,1.2665401146350885,-0.0,0.009140506482767546,0.009140506482761941,CHF
2015-06-25,6,12,1,0,0.0077965929206731555,0.15977961759628387,1.3151795077305095,-0.0,0.007796592920680993,0.007796592920680993,EUR
2015-06-26,6,12,0,0,0.3514983341788725,0.3514983341788725,1.33579188811987,-0.0,0.35149833417887894,0.3514983341788775,EUR
2015-06-27,1,13,0,0,0.02928830942079134,0.02928830942079134,1.0042290823088007,-0.0,0.029288309420782165,0.029288309420787417,EUR
2015-06-29,6,18,6,3,1.217065397855162,1.217065397855162,1.9697232879938493,-0.0,1.2170653978551695,1.217065397855164,EUR
2015-06-30,6,13,0,0,0.10095491425664821,0.10095491425664821,1.4711786881536502,-0.17403525902471695,0.2749901732813638,0.10095491425664539,EUR
2015-07-01,6,14,0,0,0.17583502066083811,0.17583502066083811,1.7807773459845073,-0.0,0.17583502066084597,0.17583502066084203,EUR
2015-07-02,6,15,0,0,0.19065770411522395,0.32066426633797723,1.9872235334023158,-0.0,0.190657704115229,0.19065770411523295,EUR
2015-07-03,6,15,5,2,0.3288793588214479,0.38006407138819087,1.799997663506461,-0.0320528025661909,0.36093216138763484,0.3288793588214446,EUR
2015-07-04,1,10,0,0,0.0,0.0,1.2811616813155575,-0.0,-0.05314839894042015,-0.05314839894042008,EUR
2015-07-06,6,10,1,1,0.5228344013769239,0.5228344013769239,1.4185870321542984,-0.0,0.5228344013769195,0.5228344013769239,EUR
2015-07-07,6,9,1,1,0.310195841648988,0.34382139103556514,1.212912037825013,0.15888753575666203,0.1513083058923278,0.31019584164899366,EUR
2015-07-08,6,9,1,0,0.15885605983316267,0.16548922302578223,1.2448469604698476,-0.0,0.15885605983316556,0.15885605983316212,EUR
2015-07-09,6,8,0,0,0.0,0.3183319458804079,1.0338481285419316,-0.0,-0.04231963563511495,-0.04231963563511522,CHF
2015-07-10,6,8,1,1,0.0,0.18861231355194874,1.1279676862789734,-0.0,-0.09838116995826372,-0.0983811699582685,CHF
2015-07-11,1,7,0,0,0.0326880298881572,0.0326880298881572,1.3626296754412455,-0.0,0.03268802988815108,0.03268802988814594,EUR
2015-07-13,6,7,1,0,0.05282290753021374,0.2110200964536589,1.3303765194273836,-0.0,0.052822907530210565,0.052822907530215436,EUR
2015-07-14,6,6,0,0,0.15666278835385733,0.2056547109632364,1.1349802148300574,-0.21198610991970038,0.3686488982735541,0.15666278835385902,CHF
2015-07-15,6,6,0,0,0.012243944671560215,0.09982124330977155,0.979852490709901,-0.0,0.01224394467156057,0.012243944671560782,CHF
2015-07-16,6,6,0,0,0.0528523797704282,0.1073110450272315,1.0786178713764005,-0.0,0.05285237977043693,0.05285237977043608,EUR
2015-07-17,6,6,0,0,0.0,0.06942714259524456,1.0909046167945795,-0.0,-0.004308983959040698,-0.004308983959046717,EUR
2015-07-18,1,6,0,0,0.005947639766078613,0.005947639766078613,1.1059936605401846,-0.0,0.005947639766093149,0.005947639766089875,EUR
2015-07-20,6,6,0,0,0.0,0.035420259984655283,1.100111451440263,-0.0,-0.04313009795247069,-0.043130097952462775,EUR
2015-07-21,6,7,0,0,0.04042203761215263,0.04441365100129261,1.2376921729793313,-0.0,0.040422037612161274,0.04042203761215825,EUR
2015-07-22,6,7,0,0,0.03042752643937264,0.07017683878940653,1.2257596128946413,-0.0,0.030427526439372354,0.030427526439371515,EUR
2015-07-23,6,9,0,0,0.0,0.053997654080505615,1.4098797224470456,-0.0,-0.01710608464452544,-0.017106084644525302,EUR
2015-07-24,6,10,1,1,0.27209600841239273,0.28830077715729124,1.8228159658672738,-0.0,0.2720960084123902,0.272096008412391,CHF
2015-07-25,1,9,0,0,0.0,0.0,1.4829874314577323,0.157486213412995,-0.18372112894375908,-0.026234915530761013,CHF
2015-07-27,6,9,1,0,0.05853023609199603,0.05853023609199603,1.5097805285898136,-0.0,0.05853023609199015,0.058530236091993794,CHF
2015-07-28,6,11,0,0,0.0340950837439369,0.062120443205013254,1.5368123062141694,-0.0,0.034095083743933004,0.03409508374393356,EUR
2015-07-29,6,12,2,0,0.09984764309433698,0.09984764309433698,1.4707630760204693,-0.22004055055542632,0.31988819364976673,0.09984764309434034,JPY
2015-07-30,6,10,1,0,0.002776914370566223,0.1726492091632013,1.5345919898324627,-0.0,0.002776914370573747,0.0027769143705745833,JPY
2015-07-31,6,11,3,0,0.14910225708834426,0.14910225708834426,1.3183439075023289,-0.40790215703736776,0.5570044141257242,0.14910225708834873,JPY
2015-08-01,1,8,0,0,0.056971170877166244,0.056971170877166244,0.6999171543099587,-0.0,0.05697117087716865,0.05697117087717238,JPY
2015-08-03,6,8,1,1,0.04179756770938441,0.12533120788080682,0.6970345395142995,0.157051392947341,-0.11525382523796616,0.04179756770937884,JPY
2015-08-04,6,8,0,0,0.019054775948568994,0.10108764111464599,0.8033328127615048,-0.0,0.019054775948573948,0.01905477594856732,JPY
2015-08-05,6,8,0,0,0.038719374687607444,0.038719374687607444,1.0561031260555045,-0.0,0.03871937468760585,0.03871937468761079,JPY
2015-08-06,6,11,0,0,0.06004695835021797,0.06004695835021797,1.334885538236539,-0.0,0.060046958350220614,0.06004695835022075,JPY
2015-08-07,6,12,2,0,0.03351760313618462,0.03351760313618462,1.4655710433049423,-0.0,0.033517603136181705,0.033517603136182954,JPY
2015-08-08,1,11,0,0,0.0,0.0,1.5659320413315025,-0.13003196342280582,0.045458191903367744,-0.08457377151943628,JPY
2015-08-10,6,13,1,0,0.11856689324356258,0.11856689324356258,1.6883716111839828,-0.0,0.11856689324355901,0.11856689324355708,JPY
2015-08-11,6,13,1,0,0.32701368741829706,0.3355189502579841,1.588970915026712,-0.0,0.3270136874183017,0.3270136874182965,JPY
2015-08-12,6,12,3,1,0.16558530614479886,0.23218310443384946,1.3427033139717868,-0.0,0.1655853061448066,0.16558530614480438,NZD
2015-08-13,6,9,0,0,0.1959992164814469,0.1959992164814469,1.355449119038954,-0.0,0.19599921648145618,0.19599921648144908,NZD
2015-08-14,6,9,0,0,0.29579665843514397,0.29579665843514397,1.2674473651121243,-0.0,0.2957966584351394,0.2957966584351384,NZD
2015-08-15,1,9,0,0,0.0007560851870489794,0.0007560851870489794,1.0444771266097448,-0.0,0.0007560851870390369,0.0007560851870379322,NZD
2015-08-17,6,9,1,0,0.0006727186197224504,0.10974729229803978,0.9208943387813522,-0.0,0.0006727186197187221,0.0006727186197241076,NZD
2015-08-18,6,8,2,0,0.0,0.10144429697547311,0.9346051511139474,-0.0,-0.042337729403839564,-0.04233772940384025,NZD
2015-08-19,6,6,0,0,0.12278820233408551,0.13514067145904937,0.814766104900845,-0.0,0.12278820233409145,0.12278820233408827,NZD
2015-08-20,6,9,1,0,0.1315321324359193,0.1831268318787811,0.9643793987245958,-0.10943755695451622,0.24096968939043456,0.13153213243592535,NZD
2015-08-21,6,8,2,2,0.3436367457790164,0.3436367457790164,0.9764934600451431,-0.0,0.3436367457790139,0.34363674577901027,NZD
2015-08-22,1,6,1,1,0.07122585310794739,0.07122585310794739,0.6103003883839071,-0.0,0.0712258531079537,0.07122585310794628,NZD
2015-08-24,6,5,4,2,0.29129624404073906,0.29129624404073906,0.6312092627748982,0.4675573450163963,-0.17626110097567152,0.2912962440407308,NZD
2015-08-25,6,3,0,0,0.12929795310426512,0.20733592465673575,0.26521856989756104,-0.0,0.12929795310426978,0.12929795310427178,CAD
2015-08-26,6,3,1,0,0.15751994642234832,0.18466345615959384,0.19433581735193553,-0.12225010910720871,0.27977005552954914,0.1575199464223411,CAD
2015-08-27,6,2,0,0,0.04247444400678872,0.05526131488469121,0.10590941457842465,-0.0,0.042474444006798756,0.04247444400679317,CAD
2015-08-28,6,2,0,0,0.0,0.015746943094546547,0.06346192567172097,-0.0,-0.0016710681563017298,-0.0016710681562960232,CAD
2015-08-29,1,2,0,0,0.0,0.0,0.12896303360285724,-0.0,-0.012019629417162513,-0.012019629417164968,CAD
2015-08-31,6,2,0,0,0.15404597142198992,0.15404597142198992,0.17933008705451312,-0.0,0.15404597142198057,0.1540459714219799,CAD
2015-09-01,6,3,2,2,0.08558638579213082,0.08558638579213082,0.14256070785778238,0.3136641494795419,-0.2280777636874159,0.08558638579213027,CAD
2015-09-02,6,2,0,0,0.03242835291086558,0.05369425555956518,0.1379546536041917,-0.0,0.03242835291086967,0.03242835291086725,EUR
2015-09-03,6,2,1,1,0.19129166112424167,0.20588554528716838,0.23526036920710086,0.1569787210304891,0.034312940093736956,0.19129166112423276,CAD
2015-09-04,6,1,0,0,0.0016155792461945721,0.01371855835240922,0.04405297775578293,-0.0,0.001615579246208489,0.0016155792462023946,CAD
2015-09-05,1,1,0,0,0.0,0.0,0.0484652379369858,-0.0,-0.0033220303938023307,-0.003322030393807822,CAD
2015-09-07,6,3,0,0,0.0005133470925593152,0.014777292820445828,0.07298699810633942,-0.0,0.0005133470925618731,0.0005133470925626675,CAD
2015-09-08,6,4,0,0,0.0,0.0,0.1806153132577474,-0.0,-0.012960983846132392,-0.012960983846133216,EUR
2015-09-09,6,4,0,0,0.0979257837313553,0.10559662046285283,0.343045689759074,-0.0,0.0979257837313543,0.09792578373135306,EUR
2015-09-10,6,5,0,0,0.0,0.0,0.39569716975547153,-0.0,-0.020867477478963628,-0.020867477478961505,EUR
2015-09-11,6,5,0,0,0.016042487534378893,0.016042487534378893,0.6387050190580064,-0.0,0.01604248753438195,0.01604248753438445,EUR
2015-09-12,1,5,0,0,0.0,0.0,0.6504015924075601,-0.0,-0.013818726766794348,-0.013818726766793726,EUR
2015-09-14,6,6,0,0,0.006097247517874734,0.024870266218997784,0.6766710986900053,-0.0,0.006097247517885209,0.006097247517885279,EUR
2015-09-15,6,7,0,0,0.05535322839267838,0.061180887923634894,0.6751570649717487,-0.0,0.05535322839267651,0.055353228392678935,EUR
2015-09-16,6,7,1,0,0.08020169572027498,0.10892859821049873,0.6607609848250546,-0.0,0.08020169572027012,0.08020169572026499,EUR
2015-09-17,6,6,0,0,0.0,0.004637690052410202,0.5708511640727808,-0.0,-0.013413879996258303,-0.013413879996257538,EUR
2015-09-18,6,9,0,0,0.28071430113690826,0.28071430113690826,0.899463348325034,-0.0,0.28071430113690593,0.2807143011369044,CHF
2015-09-19,1,9,0,0,0.0,0.0,0.9125276734166051,-0.0,-0.005842286091689555,-0.005842286091687197,CHF
2015-09-21,6,9,0,0,0.06588227991941001,0.09133386019495104,0.9569779833082132,-0.0,0.06588227991942007,0.06588227991941888,CHF
2015-09-22,6,10,0,0,0.01109153043394778,0.02422842549571081,1.0231846988652928,-0.0,0.011091530433949306,0.011091530433947224,CHF
2015-09-23,6,16,0,0,0.06741311665231912,0.11565917238420965,1.1324009661828582,-0.0,0.06741311665232542,0.06741311665232412,JPY
2015-09-24,6,18,2,0,0.043499622771228166,0.11433574826700972,1.321975184301595,-0.19249657862434297,0.23599620139557578,0.04349962277122983,JPY
2015-09-25,6,17,1,0,0.11300022841517843,0.11300022841517843,1.6872746006237844,-0.0,0.11300022841518101,0.11300022841517568,JPY
2015-09-26,1,16,0,0,0.04808738504842494,0.04808738504842494,1.8062098987928308,-0.0,0.04808738504841866,0.04808738504842494,JPY
2015-09-28,6,17,0,0,0.27681747066525814,0.27681747066525814,1.8501706004840424,-0.0,0.27681747066526147,0.2768174706652565,JPY
2015-09-29,6,23,0,0,0.10032506163582054,0.1304430387718329,1.7794077308785283,-0.0,0.10032506163583309,0.10032506163582607,JPY
2015-09-30,6,23,1,0,0.2180062871168128,0.6505955030488978,1.8784667393771368,-0.0,0.21800628711681974,0.21800628711681724,JPY
2015-10-01,6,22,2,1,0.17416460034299747,0.2649198773680936,1.6038863416201827,-0.0,0.17416460034299983,0.1741646003430019,JPY
2015-10-02,6,22,1,1,0.0013719566796957698,0.15294372978962384,1.842615639959545,-0.0,0.0013719566797036947,0.0013719566796974343,JPY
2015-10-03,1,21,1,1,0.10767976159895445,0.10767976159895445,2.1851663631476845,0.1556776454269988,-0.04799788382803412,0.10767976159896607,JPY
2015-10-05,6,20,1,1,0.0,0.07898485489865652,2.0884621401223877,0.15584545944619327,-0.2658888158743129,-0.11004335642812019,JPY
2015-10-06,6,21,2,1,0.09982730736411913,0.13770256505929876,2.1178111318904085,-0.0,0.09982730736411073,0.09982730736411419,JPY
2015-10-07,6,22,1,0,0.09668794714409934,0.24990818573913803,2.7200784240205595,0.15441878123932695,-0.05773083409522596,0.0966879471440999,JPY
2015-10-08,6,21,0,0,0.11693332873706987,0.11693332873706987,2.6276847658908853,-0.12499919657803331,0.2419325253151084,0.11693332873706987,JPY
2015-10-09,6,21,1,1,0.0,0.06413252825928534,2.787084856141426,-0.0,-0.08918941530988196,-0.08918941530988087,JPY
2015-10-10,1,20,0,0,0.0,0.0,3.055109598518447,-0.0,-0.0435369420730704,-0.04353694207306986,JPY
2015-10-12,6,20,0,0,0.07907092795638168,0.17219222528152614,3.097298071724203,-0.0,0.07907092795637082,0.07907092795637082,JPY
2015-10-13,6,21,6,0,0.4481924983813372,0.4481924983813372,3.1159726082558215,-0.11496091536190461,0.5631534137432402,0.4481924983813296,JPY
2015-10-14,6,16,3,0,0.1501780425282383,0.22313664605490288,1.798560308725524,-0.7406213795506796,0.8907994220789165,0.1501780425282361,JPY
2015-10-15,6,13,3,1,0.24048338721859458,0.4103921080276524,1.6832869255760357,-0.1295676884354855,0.37005107565407697,0.2404833872185902,JPY
2015-10-16,6,10,0,0,0.005082295692712814,0.13700936387702795,1.645319075883515,-0.0,0.005082295692721292,0.00508229569272102,JPY
2015-10-17,1,10,0,0,0.022468971223665653,0.022468971223665653,1.8636176992163627,-0.0,0.0224689712236703,0.022468971223675478,JPY
2015-10-19,6,11,1,0,0.07125197554662786,0.07125197554662786,1.858116686465987,-0.0,0.07125197554662077,0.07125197554662023,JPY
2015-10-20,6,11,1,0,0.0,0.03342911408349816,1.892627839694161,-0.0,-0.006896455921105398,-0.006896455921107171,JPY
2015-10-21,6,11,0,0,0.25732298790951585,0.3373674215382305,1.917048533288347,-0.0,0.25732298790952224,0.25732298790952074,JPY
2015-10-22,6,13,4,1,0.08410937467562418,0.08853349614426222,1.7559319574308507,-0.0,0.0841093746756179,0.08410937467561926,JPY
2015-10-23,6,9,0,0,0.0,0.23662148644438397,1.7869120932849265,-0.0,-0.08319281764216961,-0.08319281764216864,JPY
2015-10-24,1,9,0,0,0.0,0.0,1.9139532176668455,-0.0,-0.02311763422489701,-0.023117634224899316,JPY
2015-10-26,6,9,0,0,0.11422010763640761,0.11422010763640761,1.9366231504355176,-0.0,0.11422010763640746,0.11422010763640596,JPY
2015-10-27,6,10,2,1,0.580436943319655,0.580436943319655,1.8981528670270518,-0.021871827354320188,0.6023087706739783,0.5804369433196603,CHF
2015-10-28,6,8,1,0,0.2939095796277582,0.2939095796277582,1.5000338877776411,-0.34104652780398176,0.6349561074317356,0.2939095796277517,CHF
2015-10-29,6,9,1,0,0.21889605237260115,0.21889605237260115,1.1023395086760064,-0.0,0.2188960523726151,0.2188960523726093,AUD
2015-10-30,6,9,0,0,0.0,0.11471900363412019,0.8851393556875318,-0.11101839500258397,0.011054667980848027,-0.09996372702174298,JPY
2015-11-02,6,9,0,0,0.0449850723191513,0.06361986905774705,1.2127257152753688,-0.0,0.04498507231915424,0.04498507231915403,JPY
2015-11-03,6,10,0,0,0.04843473161644858,0.24586451173787519,1.4082916913979595,-0.0,0.04843473161644822,0.04843473161644913,AUD
2015-11-04,6,10,1,1,0.21903058728283964,0.3515295257564234,1.2867908017769392,-0.0,0.2190305872828461,0.2190305872828402,AUD
2015-11-05,6,10,2,0,0.030862993505076392,0.1544546957283557,1.1257898093143088,-0.0,0.030862993505082217,0.030862993505076392,AUD
2015-11-06,6,8,0,0,0.41814627308695007,0.46961365118398146,0.9270237737489943,-0.24709237108395,0.6652386441708978,0.418146273086949,AUD
2015-11-09,6,9,0,0,0.04614384536778096,0.2397859308397928,0.598645527681452,-0.0,0.04614384536777952,0.04614384536777823,AUD
2015-11-10,6,9,0,0,0.2095803570699534,0.2095803570699534,0.7359220430299739,-0.0,0.2095803570699636,0.20958035706995834,AUD
2015-11-11,6,9,0,0,0.0,0.06044120566703854,0.6026511612291969,-0.0,-0.19095959277717472,-0.19095959277717925,AUD
2015-11-12,6,9,0,0,0.0,0.13585023122607964,0.86189470695419,-0.0,-0.3318163897060507,-0.3318163897060549,AUD
2015-11-13,6,9,0,0,0.0,0.04499178940052574,1.2269744272793204,-0.0,-0.007673414384649189,-0.007673414384646446,AUD
2015-11-16,6,9,0,0,0.29624811351566316,0.29624811351566316,1.3921024682704966,-0.0,0.296248113515669,0.29624811351566316,AUD
2015-11-17,6,9,0,0,0.1343817352469132,0.13687929914678929,1.1330316655519443,-0.0,0.13438173524692096,0.13438173524691974,AUD
2015-11-18,6,10,0,0,0.1378755791516442,0.1378755791516442,1.3015426490234607,-0.0,0.13787557915165535,0.1378755791516502,CAD
2015-11-19,6,10,0,0,0.0,0.09827942764056899,1.3319945917539484,-0.0,-0.34213311192464935,-0.34213311192465334,CAD
2015-11-20,6,10,0,0,0.0,0.014358550335096686,1.5333497414650787,-0.0,-0.03671636199194886,-0.0367163619919467,NZD
2015-11-23,6,12,0,0,0.38328568409184893,0.38328568409184893,1.7559106432053568,-0.0,0.3832856840918516,0.3832856840918527,CAD
2015-11-24,6,13,1,0,0.06345862803826803,0.1185010618962547,1.4736167209165179,-0.10161198987132225,0.16507061790959013,0.06345862803826749,AUD
2015-11-25,6,13,0,0,0.02586603936956486,0.12419920478250074,1.6810783092142203,-0.0,0.025866039369567904,0.025866039369566485,JPY
2015-11-26,6,13,0,0,0.22865474003732986,0.22865474003732986,1.8377813747826057,-0.0,0.22865474003732367,0.22865474003732825,JPY
2015-11-27,6,14,1,1,0.17843999343112601,0.19116503329912748,1.7336713580510101,-0.0,0.1784399934311263,0.17843999343112169,JPY
2015-11-30,6,13,0,0,0.07965923390315806,0.07965923390315806,1.7114328836127588,-0.0,0.0796592339031618,0.07965923390316296,JPY
2015-12-01,6,13,0,0,0.0,0.07420818039204874,2.1121289000347065,-0.0,-0.13007843238781552,-0.1300784323878131,JPY
2015-12-02,6,13,0,0,0.13896050257796974,0.22651267847487191,2.373635641207531,-0.0,0.1389605025779751,0.13896050257797402,JPY
2015-12-03,6,16,3,0,0.07011894854799035,0.07011894854799035,2.199168174052021,-0.0,0.07011894854799089,0.07011894854799304,JPY
2015-12-04,6,14,0,0,0.1930869172838573,0.1930869172838573,2.917018732067396,-0.0,0.1930869172838586,0.19308691728386157,JPY
2015-12-07,6,15,1,0,0.057635387684912526,0.1417003434903198,2.6319450191296014,-0.0,0.057635387684908786,0.05763538768491092,EUR
2015-12-08,6,14,5,1,0.23370130189164143,0.23370130189164143,2.3149459815475435,-0.27881465243428083,0.5125159543259336,0.2337013018916489,EUR
2015-12-09,6,9,2,1,0.0,0.10094658548006191,1.8630976290957988,-0.0,-0.08879670218874751,-0.0887967021887487,EUR
2015-12-10,6,9,0,0,0.006647682245816816,0.07326805769647843,1.7730194966051913,0.050782309000584044,-0.0441346267547619,0.00664768224582055,EUR
2015-12-11,6,9,1,1,0.06221624867145215,0.07374915345583298,2.0006409943131995,-0.0,0.06221624867145348,0.06221624867145802,EUR
2015-12-14,6,9,1,0,0.09781590523298742,0.09781590523298742,2.0477909594238644,-0.0,0.09781590523299433,0.09781590523299487,EUR
2015-12-15,6,8,5,0,0.3269517676461218,0.3879354464064032,2.125985689034543,-0.0,0.32695176764613165,0.3269517676461287,CAD
2015-12-16,6,3,0,0,0.0,0.03104918561695301,0.19680560094984673,-0.0,-0.004968552043576138,-0.004968552043576738,EUR
2015-12-17,6,5,0,0,0.27102143371807286,0.27102143371807286,0.5091236946038827,-0.0,0.27102143371808374,0.27102143371808246,JPY
2015-12-18,6,6,2,2,0.25784037723697867,0.25784037723697867,0.4022319641801847,0.30071997517354926,-0.042879597936565664,0.2578403772369813,EUR
2015-12-21,6,4,0,0,0.03781518893380702,0.03781518893380702,0.22796678790258806,-0.0,0.03781518893380054,0.03781518893380648,USD
2015-12-22,6,6,0,0,0.0,0.00509264595470147,0.33675132281901565,-0.0,-0.02443755518055454,-0.02443755518055145,USD
2015-12-23,6,6,0,0,0.2973890332893188,0.2973890332893188,0.6587687764263676,-0.0,0.29738903328931154,0.2973890332893108,JPY
2015-12-24,6,7,0,0,0.0,0.05140602017921364,0.49505788876247936,-0.0,-0.026838184356622673,-0.02683818435662566,JPY
2015-12-28,6,8,0,0,0.0,0.08310652509367356,0.5985145075066142,-0.0,-0.046449737733368496,-0.04644973773336374,EUR
2015-12-29,6,9,0,0,0.32567391036673743,0.39956098559151015,0.9929795065652228,-0.0,0.32567391036673193,0.325673910366731,EUR
2015-12-30,6,9,0,0,0.0,0.0662631432353207,0.6694859372296166,-0.0,-0.04538599502576715,-0.045385995025771265,EUR
2015-12-31,6,9,2,2,0.4270876237659138,0.4270876237659138,0.8583358979076541,0.301247487757239,0.12584013600868427,0.4270876237659202,EUR
2016-01-01,1,0,0,0,0.0,0.0,0.40906576857576044,-0.0,-0.0,0.0,EUR
2016-01-04,6,9,2,0,0.0,0.19674713728673868,0.4741297182915602,-0.0,-0.19228131563105738,-0.1922813156310596,EUR
2016-01-05,6,9,2,1,0.4338375470546177,0.4338375470546177,0.7489378015971125,0.1509029918306913,0.2829345552239191,0.4338375470546171,EUR
2016-01-06,6,8,0,0,0.0,0.040666984280455926,0.5132847339817578,-0.0,-0.3138227131055381,-0.31382271310553633,EUR
2016-01-07,6,8,0,0,0.0,0.19648505398714736,0.8403414104360081,-0.0,-0.25157224996189287,-0.25157224996189603,EUR
2016-01-08,6,9,1,0,0.41197473579069827,0.41197473579069827,1.4626306913724085,-0.22528625455060697,0.6372609903413016,0.41197473579069244,EUR
2016-01-11,6,8,3,1,0.2667676463769208,0.32179523593668985,1.2325283011199293,-0.2987300813107904,0.5654977276877088,0.26676764637691863,CAD
2016-01-12,6,5,0,0,0.2753237359320314,0.33474081270140293,0.8297556237998075,-0.0,0.2753237359320309,0.275323735932033,CAD
2016-01-13,6,5,1,0,0.19110274045465878,0.19110274045465878,0.646318889931538,-0.09910289001868128,0.2902056304733404,0.19110274045466147,CAD
2016-01-14,6,4,0,0,0.0,0.03009894721197304,0.7519623526375658,-0.0,-0.027808434197934145,-0.027808434197931758,CAD
2016-01-15,6,4,0,0,0.0,0.027825871959183297,0.8066884180881506,-0.0,-0.012185617079902107,-0.012185617079907935,CAD
2016-01-18,6,4,0,0,0.0230506363666762,0.0230506363666762,0.6692319512587627,-0.0,0.023050636366672896,0.023050636366676727,CAD
2016-01-19,6,4,3,0,0.10891486255192552,0.10891486255192552,0.6721556990254739,-0.5486936732471476,0.657608535799085,0.10891486255193134,EUR
2016-01-20,6,2,0,0,0.005162721544820539,0.06133102331910292,0.13081069855774313,-0.0,0.0051627215448243405,0.005162721544821597,AUD
2016-01-21,6,2,1,0,0.13300198603980082,0.1511450320024841,0.15733841377758925,-0.051892557810989955,0.18489454385078305,0.13300198603979765,AUD
2016-01-22,6,2,0,0,0.02269192014990399,0.027721281442193352,0.045774213954702804,-0.0,0.02269192014990414,0.02269192014990081,AUD
2016-01-25,6,2,0,0,0.0,0.03042899452617473,0.06494839074216469,-0.0,-0.0025127670268992636,-0.002512767026896268,AUD
2016-01-26,6,2,0,0,0.08792664471191991,0.08792664471191991,0.16591406057191893,-0.0,0.08792664471192686,0.08792664471192733,AUD
2016-01-27,6,2,0,0,0.14593947610146335,0.14593947610146335,0.17499557642796434,-0.0,0.14593947610146735,0.14593947610146443,AUD
2016-01-28,6,2,0,0,0.056054453506321426,0.056054453506321426,0.10524540948632546,-0.0,0.056054453506326825,0.05605445350632196,AUD
2016-01-29,6,2,1,1,0.10492856302275315,0.10492856302275315,0.11704952071990826,0.1490977030540025,-0.04416914003125446,0.10492856302274628,EUR
2016-02-01,6,1,0,0,0.0,0.031404418903422465,0.01213368940308743,-0.0,-0.005962658464923212,-0.005962658464924538,EUR
2016-02-02,6,1,0,0,0.0,0.021494629883991558,0.01809526890893233,-0.0,-0.007741377221444742,-0.007741377221442439,EUR
2016-02-03,6,3,0,0,0.09316118261841688,0.11571915420814795,0.1923353836339447,-0.0,0.09316118261841094,0.09316118261841635,EUR
2016-02-04,6,3,1,1,0.06899255347321084,0.06899255347321084,0.18065771362112706,-0.0,0.06899255347321262,0.06899255347321244,EUR
2016-02-05,6,3,0,0,0.07553735270882456,0.07553735270882456,0.27266806437736674,-0.0,0.07553735270882118,0.07553735270881767,EUR
2016-02-08,6,3,0,0,0.03926221260681267,0.047837428706319046,0.3194484653379831,-0.0,0.039262212606807505,0.039262212606802065,EUR
2016-02-09,6,5,0,0,0.05218632591985256,0.06683706143672455,0.311257585873303,-0.0,0.05218632591986158,0.052186325919862116,CAD
2016-02-10,6,6,0,0,0.0036286562270401407,0.07697880998566765,0.3928147011474043,-0.0,0.0036286562270418637,0.0036286562270401407,AUD
2016-02-11,6,6,0,0,0.13733857727570334,0.21970143347400098,0.5678224661852025,-0.0,0.13733857727570048,0.13733857727569856,AUD
2016-02-12,6,7,0,0,0.013622246909614222,0.07612751187480651,0.6313275537556414,-0.0,0.013622246909615613,0.013622246909620583,AUD
2016-02-15,6,8,1,0,0.0,0.11910330524409214,0.6638979918455148,-0.12271063604532831,0.0622043473531736,-0.06050628869215506,AUD
2016-02-16,6,7,0,0,0.13120496362625841,0.21491445332858147,0.7407890094227532,-0.0,0.1312049636262519,0.13120496362625686,AUD
2016-02-17,6,8,0,0,0.06780703883139771,0.06780703883139771,0.650790584426754,-0.0,0.06780703883139369,0.06780703883139824,AUD
2016-02-18,6,9,1,1,0.1240238302953927,0.1240238302953927,0.8041756773879161,-0.0,0.12402383029539787,0.12402383029539482,AUD
2016-02-19,6,8,0,0,0.24579471744748865,0.24579471744748865,0.7423799156868598,0.14924010072393265,0.09655461672355854,0.24579471744749343,AUD
2016-02-22,6,9,2,2,0.08754118313016004,0.08754118313016004,0.9351868739304621,-0.0,0.08754118313015348,0.08754118313015051,AUD
2016-02-23,6,7,0,0,0.07276519073912915,0.12973057156286605,0.8495986192967483,-0.0,0.07276519073912394,0.07276519073912598,CAD
2016-02-24,6,7,0,0,0.2501743318371625,0.2501743318371625,0.8163295409015444,-0.0,0.25017433183715165,0.25017433183715454,CAD
2016-02-25,6,7,0,0,0.14032458340655724,0.14032458340655724,0.6586667889828524,-0.0,0.1403245834065566,0.14032458340655615,CAD
2016-02-26,6,7,3,1,0.546442410799384,0.6706897076681793,0.7511762808319865,-0.0662266680752651,0.6126690788746477,0.5464424107993825,AUD
2016-02-29,6,4,0,0,0.05522342828973327,0.06684824850837018,0.20928092320565939,-0.0,0.05522342828973547,0.05522342828973701,AUD
2016-03-01,6,4,0,0,0.0749558324703701,0.09326549646926884,0.3104730156880094,-0.0,0.07495583247036547,0.0749558324703653,AUD
2016-03-02,6,5,0,0,0.0,0.04232370020083143,0.2623820733760569,-0.0,-0.1663933233064736,-0.16639332330647294,AUD
2016-03-03,6,5,0,0,0.0,0.05618633616944011,0.664732228183344,-0.0,-0.035608363283498874,-0.03560836328350005,AUD
2016-03-04,6,5,0,0,0.0,0.05035528785987001,0.8958444027705976,-0.0,-0.04767011540833984,-0.04767011540833806,AUD
2016-03-07,6,5,0,0,0.0856114629345981,0.0856114629345981,0.9741522422474542,-0.0,0.0856114629345954,0.08561146293459071,AUD
2016-03-08,6,5,0,0,0.08267527714348193,0.08267527714348193,1.0130085599617324,-0.0,0.0826752771434869,0.08267527714348723,AUD
2016-03-09,6,6,0,0,0.03415571372723507,0.20488722989285046,1.1080634674139882,-0.0,0.034155713727241015,0.03415571372723454,AUD
2016-03-10,6,6,1,0,0.008582725125422772,0.03321058764613083,0.6364240171484774,-0.0,0.00858272512542079,0.008582725125424358,AUD
2016-03-11,6,5,0,0,0.0,0.0015711009047872718,0.7477240528571172,-0.0,-0.017867195237168718,-0.017867195237162382,AUD
2016-03-14,6,5,0,0,0.08595784090889261,0.13249975374219547,0.8331231554032796,-0.0,0.08595784090889867,0.08595784090889684,AUD
2016-03-15,6,5,0,0,0.06020374458615661,0.06020374458615661,0.7478081142034979,-0.0,0.060203744586157,0.06020374458615713,AUD
2016-03-16,6,7,5,1,0.2241260527377392,0.2706081605856685,0.6905784047053226,-0.23082543946824746,0.4549514922059952,0.2241260527377434,CAD
2016-03-17,6,3,0,0,0.10685175520342481,0.14454455243174796,0.1888947034126549,-0.13997024878269967,0.246822003986122,0.10685175520341952,GBP
2016-03-18,6,4,0,0,0.09081564260746165,0.09081564260746165,0.30557514430448707,-0.0,0.09081564260746613,0.09081564260746376,JPY
2016-03-21,6,4,0,0,0.12569693842205792,0.12569693842205792,0.3387893072791861,-0.0,0.1256969384220611,0.12569693842206217,GBP
2016-03-22,6,5,2,1,0.28639401192767344,0.29006169954608646,0.45977654675909485,-0.0725300499560424,0.35892406188371073,0.2863940119276687,GBP
2016-03-23,6,6,0,0,0.09266442738932883,0.09266442738932883,0.392277351014517,-0.0,0.09266442738932858,0.09266442738933042,JPY
2016-03-24,6,8,0,0,0.0,0.010558532193645241,0.3172849160448336,-0.0,-0.04636207241338737,-0.0463620724133815,JPY
2016-03-25,6,8,0,0,0.0,0.044722344113310476,0.575872888046639,-0.0,-0.02144818115693774,-0.02144818115694078,JPY
2016-03-28,6,9,0,0,0.0,0.0,0.6372894178337094,-0.0,-0.09706854573875844,-0.09706854573876002,JPY
2016-03-29,6,9,0,0,0.0,0.012474433627158396,0.9269177971123171,-0.0,-0.014173754163360424,-0.014173754163357134,JPY
2016-03-30,6,10,0,0,0.14478676169825086,0.14478676169825086,1.2111217624210722,-0.0,0.14478676169825216,0.14478676169824928,JPY
2016-03-31,6,10,1,0,0.07667742847550436,0.07798162894638873,1.0899321062746772,-0.0,0.07667742847550885,0.07667742847551332,JPY
2016-04-01,6,11,0,0,0.44288006197999363,0.44288006197999363,1.2173220509932186,-0.0,0.4428800619799977,0.4428800619799899,CHF
2016-04-02,1,11,0,0,0.07232014260809849,0.07232014260809849,0.7781255486250811,-0.0,0.07232014260809547,0.07232014260809798,CHF
2016-04-04,6,11,1,0,0.1607784377656216,0.19105683118112055,0.8311862541606164,-0.0,0.16077843776562192,0.16077843776562264,CHF
2016-04-05,6,10,3,2,0.7587432575584948,0.7587432575584948,1.0322150469393927,0.16944962769403213,0.5892936298644691,0.7587432575584976,CHF
2016-04-06,6,11,0,0,0.0,0.2667197170135038,0.5389694244285095,-0.0,-0.020098319649818442,-0.020098319649822838,CHF
2016-04-07,6,11,0,0,0.9151269817028228,0.9587436828894285,1.3147634951188463,-0.0,0.9151269817028213,0.9151269817028197,CHF
2016-04-08,6,11,0,0,0.0,0.15506346427618248,0.5669024287305321,-0.0,-0.04636949836751786,-0.04636949836752322,CHF
2016-04-09,1,11,0,0,0.049736799584585115,0.049736799584585115,0.8457017992575085,-0.0,0.04973679958458311,0.04973679958458565,CHF
2016-04-11,6,12,0,0,0.026896504103872707,0.15584522944465062,0.8570111182394098,-0.0,0.026896504103872305,0.02689650410387057,CHF
2016-04-12,6,12,2,1,0.05156849644362493,0.11283052087812091,1.4643429629859988,-0.0,0.05156849644362472,0.051568496443623324,CHF
2016-04-13,6,11,0,0,0.0,0.11658756206251704,1.7081077440022228,-0.0,-0.04351730107621589,-0.043517301076214966,CHF
2016-04-14,6,13,0,0,0.3707738046161029,0.3707738046161029,2.12607690305652,-0.0,0.3707738046160943,0.3707738046160971,CHF
2016-04-15,6,14,0,0,0.0716944882344813,0.0716944882344813,1.8764087471863897,-0.0,0.07169448823447516,0.0716944882344776,GBP
2016-04-16,1,14,0,0,0.0,0.0,1.843659452374003,-0.0,-0.045321770961995016,-0.045321770961995675,GBP
2016-04-18,6,15,3,0,0.5158648839221995,0.5158648839221995,1.7354180548621523,-0.42191914477083997,0.9377840286930377,0.5158648839221991,GBP
2016-04-19,6,12,0,0,0.0,0.04957456059389739,1.6262480887654225,-0.0,-0.09209602943240061,-0.09209602943239834,GBP
2016-04-20,6,12,0,0,0.06963928592778053,0.09074105646896351,1.8129242756425417,-0.0,0.06963928592778335,0.06963928592778053,GBP
2016-04-21,6,13,0,0,0.024100628256119756,0.14906738922284515,1.785478792336892,-0.0,0.02410062825611398,0.02410062825611398,GBP
2016-04-22,6,13,2,1,0.0,0.0,1.6938935096068297,-0.0,-0.0029712785676136964,-0.002971278567615796,GBP
2016-04-23,1,11,0,0,0.0,0.0,2.1697091563681967,-0.0,-0.02006687716481157,-0.0200668771648134,GBP
2016-04-25,6,11,1,0,0.08027553525364334,0.11084964835310834,2.189336702026286,-0.0,0.08027553525364489,0.08027553525365012,GBP
2016-04-26,6,10,0,0,0.04428333612615457,0.056125070992146794,2.1242184550235255,-0.0,0.044283336126167853,0.04428333612616655,GBP
2016-04-27,6,10,2,0,0.02335834539119377,0.03305169533518298,1.9176838886618992,-0.0,0.02335834539119273,0.023358345391191172,GBP
2016-04-28,6,10,4,0,0.35738957921147324,0.35738957921147324,1.4149023887928105,-0.39239733347034,0.7497869126818161,0.3573895792114785,EUR
2016-04-29,6,6,0,0,0.05319993022735826,0.05569866081250907,0.9564472749815571,-0.0,0.053199930227350326,0.05319993022735826,EUR
2016-04-30,1,6,0,0,0.006542859809899972,0.006542859809899972,0.8736971896890027,-0.0,0.00654285980989139,0.006542859809899452,USD
2016-05-02,6,8,1,1,0.0,0.0512901085660934,0.9630958537728369,-0.0,-0.008900779610029021,-0.0089007796100298,CHF
2016-05-03,6,7,1,0,0.11601499775009787,0.1541290309728703,1.146832809161864,-0.21146323125909275,0.3274782290091856,0.11601499775009737,NZD
2016-05-04,6,6,0,0,0.021744231268752173,0.029209423281690114,0.9375649704952647,-0.0,0.02174423126875113,0.021744231268748526,NZD
2016-05-05,6,10,0,0,0.0,0.09368619079492593,1.0003528085825146,-0.0,-0.0005104132417961016,-0.0005104132417936289,NZD
2016-05-06,6,10,0,0,0.04198189038743125,0.08458158525889088,1.424110467061999,-0.0,0.041981890387433586,0.04198189038743333,CHF
2016-05-07,1,10,0,0,0.0,0.0,1.4930535883846436,-0.0,-0.03613042539349349,-0.03613042539349737,CHF
2016-05-09,6,10,0,0,0.22928296785214128,0.22928296785214128,1.6343955217286612,-0.0,0.2292829678521366,0.22928296785214025,CHF
2016-05-10,6,10,0,0,0.03672647800775943,0.04730422301229629,1.5489663839390457,-0.0,0.03672647800776319,0.036726478007760466,CHF
2016-05-11,6,10,0,0,0.05412841943836023,0.15129601885792615,1.7630794858101633,-0.0,0.054128419438358805,0.054128419438359186,NZD
2016-05-12,6,10,0,0,0.034472117238864675,0.131863163576808,1.8086350292509898,-0.0,0.034472117238857174,0.034472117238864154,NZD
2016-05-13,6,10,1,0,0.16419717477233797,0.16799668182845243,1.7568167296916362,-0.18020136248514498,0.34439853725748676,0.16419717477234314,NZD
2016-05-14,1,9,0,0,0.006774763243922439,0.006774763243922439,1.426479362223657,-0.0,0.006774763243914676,0.006774763243915192,NZD
2016-05-16,6,10,0,0,0.025164537884208953,0.03921124617691856,1.4409337746018867,-0.0,0.025164537884205588,0.025164537884207916,NZD
2016-05-17,6,12,0,0,0.0,0.027728762427273658,1.6416231558773826,-0.0,-0.06626943221424726,-0.06626943221424855,NZD
2016-05-18,6,12,0,0,0.016168761105459693,0.030570664426084616,1.8385862103610124,-0.0,0.016168761105474643,0.016168761105468457,NZD
2016-05-19,6,12,1,0,0.0,0.05756728433505924,2.0752306732601475,-0.0,-0.04445818164100031,-0.04445818164099594,NZD
2016-05-20,6,11,2,0,0.0,0.07017930132605087,2.090492027926023,-0.0,-0.04122281064154017,-0.041222810641533235,NZD
2016-05-21,1,9,0,0,0.018315108721456783,0.018315108721456783,1.5592918308491122,-0.4576512923320471,0.4759664010534989,0.01831510872145781,NZD
2016-05-23,6,9,0,0,0.08306348336835885,0.12686918817064574,1.541259005390172,-0.0,0.08306348336836476,0.08306348336836296,NZD
2016-05-24,6,12,1,0,0.04811793469382192,0.04811793469382192,1.4652412989579726,-0.0,0.04811793469381986,0.04811793469381884,CHF
2016-05-25,6,12,0,0,0.0,0.08349945797454625,1.5523941722411638,-0.0,-0.040177108647093986,-0.040177108647092834,NZD
2016-05-26,6,13,0,0,0.3882201800620763,0.3882201800620763,1.8794769411856223,-0.0,0.38822018006206677,0.3882201800620733,NZD
2016-05-27,6,13,0,0,0.169835903638712,0.2083566386135381,1.7743784899807844,-0.0,0.16983590363871087,0.16983590363871048,NZD
2016-05-28,1,13,0,0,0.02671149805789265,0.02671149805789265,1.6627704628303916,-0.0,0.026711498057894703,0.026711498057893156,NZD
2016-05-30,6,13,0,0,0.0,0.06634393943731433,1.650343965909781,-0.0,-0.14984691476677822,-0.14984691476678194,NZD
2016-05-31,6,13,3,0,0.0309693013185105,0.1318991293685554,1.8297432418067738,-0.0,0.030969301318519202,0.030969301318517155,NZD
2016-06-01,6,13,3,0,0.1279543078912835,0.30451716581406135,1.6159721905229942,-0.1894815906063497,0.31743589849763887,0.12795430789128864,NZD
2016-06-02,6,14,1,0,0.23955794566155403,0.26737281254917017,1.4885148925894731,-0.10864468676866253,0.3482026324302205,0.23955794566155147,CHF
2016-06-03,6,14,6,4,0.2708926660958422,0.2708926660958422,1.4394909015339958,0.030416834414779256,0.24047583168106118,0.2708926660958418,NZD
2016-06-04,1,8,0,0,0.0,0.0,1.0692444885285812,0.14446770971269215,-0.17369000745268603,-0.029222297739994102,NZD
2016-06-06,6,9,1,0,0.24303195100517996,0.24303195100517996,1.1393286367406024,-0.0,0.24303195100517888,0.24303195100517896,NZD
2016-06-07,6,8,2,2,0.08837939659024285,0.08837939659024285,1.1181037999681465,-0.13209160259184963,0.22047099918208377,0.08837939659024029,JPY
2016-06-08,6,6,0,0,0.07069333616955471,0.07998810559289561,1.1369542069086935,-0.0,0.07069333616955652,0.07069333616956038,JPY
2016-06-09,6,6,0,0,0.0,0.17002895378870347,0.7453827336828477,-0.0,-0.0488652795454577,-0.048865279545459106,JPY
2016-06-10,6,6,0,0,0.3599580254626132,0.3599580254626132,1.092002299291081,-0.0,0.3599580254626182,0.3599580254626152,JPY
2016-06-11,1,6,0,0,0.0,0.0,0.734688845289265,-0.0,-0.007709417543292149,-0.007709417543289323,JPY
2016-06-13,6,7,1,0,0.20803938944232073,0.20803938944232073,0.8325929497035203,-0.0,0.20803938944233222,0.20803938944233255,JPY
2016-06-14,6,6,3,0,0.2237446073275874,0.2237446073275874,0.5138384831515208,-0.23075476936567813,0.4544993766932755,0.22374460732759466,USD
2016-06-15,6,4,0,0,0.00661602884300772,0.052105415648494684,0.14410264910622353,-0.0,0.006616028843004367,0.006616028843005658,JPY
2016-06-16,6,4,1,1,0.4774285187711507,0.5217803705151464,0.6250366224103542,0.14495637485363078,0.33247214391753177,0.4774285187711621,NZD
2016-06-17,6,4,0,0,0.0,0.15906647818793893,0.4417252515021718,-0.0,-0.010644112388964773,-0.01064411238896516,CHF
2016-06-18,1,4,0,0,0.030108594390309423,0.030108594390309423,0.5402161546525399,-0.0,0.030108594390316382,0.030108594390320247,CHF
2016-06-20,6,4,0,0,0.0,0.021239268622187463,0.5102611927350822,-0.0,-0.34266470761557977,-0.3426647076155783,CHF
2016-06-21,6,5,0,0,0.032911706401224455,0.13423416217266823,0.8233364351627286,-0.0,0.03291170640122006,0.03291170640122035,CHF
2016-06-22,6,5,0,0,0.003386936949929693,0.031046261399019028,0.7311942154712153,-0.0,0.003386936949924561,0.0033869369499230214,CHF
2016-06-23,6,5,1,1,0.0,0.05321472808414594,0.8048017046414427,-0.0,-0.06265668645862675,-0.062656686458624,CHF
2016-06-24,6,5,4,0,0.33305412467423345,0.33305412467423345,0.3396052550534865,-0.49878037623081395,0.8318345009050419,0.333054124674233,EUR
2016-06-25,1,1,0,0,0.0,0.0,0.023316817216250597,-0.0,-0.01424666534544546,-0.014246665345446781,EUR
2016-06-27,6,1,1,0,0.05661848984981773,0.05661848984981773,0.061659245702910565,-0.0,0.05661848984981598,0.05661848984981927,EUR
2016-06-28,6,0,0,0,0.0,0.0,0.0,-0.0,-0.0,0.0,EUR
2016-06-29,6,0,0,0,0.0,0.0,0.0,-0.0,-0.0,0.0,EUR
2016-06-30,6,0,0,0,0.0,0.0,0.0,-0.0,-0.0,0.0,EUR
2016-07-01,6,1,0,0,0.0,0.0,0.013288641467491737,-0.0,-0.0,0.0,EUR
2016-07-02,1,1,0,0,0.004898101713991405,0.004898101713991405,0.03871513272568443,-0.0,0.004898101713992776,0.0048981017139985835,NZD
2016-07-04,6,1,0,0,0.07112660463197507,0.07112660463197507,0.10749511379285501,-0.0,0.07112660463197695,0.07112660463197609,NZD
2016-07-05,6,1,0,0,0.009331926089395102,0.026447118940262485,0.054514561040224334,-0.0,0.009331926089396845,0.00933192608939818,NZD
2016-07-06,6,1,0,0,0.0,0.0,0.0720915540072866,-0.0,-0.0066453108442461484,-0.006645310844247638,NZD
2016-07-07,6,1,0,0,0.2574570554460369,0.2574570554460369,0.26590266570018634,-0.0,0.2574570554460389,0.25745705544604,NZD
2016-07-08,6,1,0,0,0.036893715867612704,0.05267778882273456,0.04771318445537442,-0.0,0.036893715867611844,0.03689371586760912,NZD
2016-07-09,1,1,0,0,0.015586010862255173,0.015586010862255173,0.0783331407991197,-0.0,0.015586010862261877,0.015586010862261848,NZD
2016-07-11,6,2,0,0,0.0016125972908615626,0.0016125972908615626,0.08579437416700822,-0.0,0.0016125972908589154,0.0016125972908636163,NZD
2016-07-12,6,2,0,0,0.04088518282425,0.04088518282425,0.1979016378529617,-0.0,0.040885182824251874,0.04088518282425102,NZD
2016-07-13,6,2,0,0,0.05608589936793527,0.060186305808487564,0.23058583493672807,-0.0,0.05608589936793908,0.05608589936793835,NZD
2016-07-14,6,2,0,0,0.0,0.0,0.25039181560201695,-0.0,-0.008121172910159737,-0.008121172910158882,NZD
2016-07-15,6,4,0,0,0.0,0.12823306880583774,0.4144745153309199,-0.0,-0.0008874944031156978,-0.0008874944031180611,CAD
2016-07-16,1,4,0,0,0.00060986655678948,0.00060986655678948,0.4369436180671769,-0.0,0.0006098665567908214,0.000609866556791524,CAD
2016-07-18,6,5,0,0,0.0,0.06290418587724907,0.4720701634338632,-0.0,-0.025055706715633373,-0.025055706715630243,CAD
2016-07-19,6,6,2,0,0.12241197958989221,0.12241197958989221,0.6542295498632389,-0.0,0.12241197958989528,0.12241197958989937,CAD
2016-07-20,6,5,0,0,0.061286938618323225,0.061286938618323225,0.2605979368426558,-0.0,0.061286938618323086,0.06128693861832271,NZD
2016-07-21,6,5,0,0,0.18531834541737915,0.18531834541737915,0.3522472763373825,-0.0,0.18531834541739034,0.18531834541738582,NZD
2016-07-22,6,5,0,0,0.031416362872368535,0.08027042051726617,0.3743224480768142,-0.0,0.03141636287238001,0.03141636287237775,NZD
2016-07-23,1,5,0,0,0.02394386112586179,0.02394386112586179,0.34301384767953513,-0.0,0.023943861125856895,0.023943861125854626,NZD
2016-07-25,6,7,0,0,0.06173165376084104,0.09479041634093296,0.3722568026118382,-0.0,0.06173165376083541,0.06173165376084104,EUR
2016-07-26,6,10,0,0,0.0,0.13050638815776192,0.5214455043484526,-0.0,-0.011672963626895424,-0.011672963626893155,NZD
2016-07-27,6,11,0,0,0.11670365992441942,0.19482438016714246,0.8975090807529639,-0.0,0.11670365992442339,0.11670365992442758,NZD
2016-07-28,6,13,1,0,0.012280193256591168,0.29267620119313736,1.215197577791427,-0.0,0.012280193256598019,0.0122801932565932,USD
2016-07-29,6,13,2,2,0.1749185592925526,0.1749185592925526,1.28999510776992,0.04720814962492228,0.1277104096676275,0.17491855929255667,USD
2016-07-30,1,11,0,0,0.07279082106657998,0.07279082106657998,1.3429811487633105,-0.0,0.07279082106657885,0.072790821066582,USD
2016-08-01,6,12,0,0,0.15004380286232283,0.2662731322884737,1.3859575544463967,-0.0,0.15004380286233018,0.1500438028623294,USD
2016-08-02,6,12,1,1,0.0,0.01728502097746096,1.2960481044311027,-0.0,-0.014127821000902194,-0.01412782100090194,USD
2016-08-03,6,12,1,0,0.2790708053664001,0.2790708053664001,1.5486507330932988,-0.0,0.27907080536639955,0.2790708053663945,CHF
2016-08-04,6,12,4,0,0.2988735261486037,0.3474313028616017,1.2046159776790937,-0.6820599986219648,0.9809335247705611,0.2988735261486037,CHF
2016-08-05,6,10,0,0,0.0,0.0,0.8071699446015221,-0.0,-0.027263550475669866,-0.027263550475674997,CHF
2016-08-06,1,10,0,0,0.0,0.0,0.934226853095518,-0.0,-0.016063868131123978,-0.01606386813112145,CHF
2016-08-08,6,10,1,0,0.06053008720780573,0.06053008720780573,0.8629124425119261,-0.08277891581026302,0.1433090030180845,0.060530087207815844,CHF
2016-08-09,6,10,0,0,0.09817469154004786,0.10297903283683167,0.9926511961893064,-0.0,0.09817469154004269,0.09817469154004685,CHF
2016-08-10,6,11,1,0,0.25478914782093687,0.2682276783664463,0.9400213543141016,-0.09403825059271209,0.3488273984136435,0.2547891478209303,CHF
2016-08-11,6,10,3,1,0.47533724262029076,0.47533724262029076,0.9685292112095648,0.09876961446525305,0.37656762815504147,0.4753372426202943,CHF
2016-08-12,6,9,2,0,0.18261890624608573,0.18261890624608573,0.565313800937618,-0.1131897778552578,0.2958086841013409,0.1826189062460781,GBP
2016-08-13,1,7,0,0,0.006426332155396658,0.006426332155396658,0.2788170956862621,-0.13556158845255223,0.1419879206079578,0.006426332155401249,GBP
2016-08-15,6,7,0,0,0.2539525324976764,0.30342825606113766,0.4704977121489301,-0.0,0.2539525324976778,0.2539525324976795,GBP
2016-08-16,6,8,1,1,0.049775984789132484,0.10268674209080561,0.3780510121540573,0.1439207159652051,-0.09414473117607351,0.04977598478912738,CAD
2016-08-17,6,7,1,0,0.0,0.04644139412541661,0.6419235315065129,-0.0,-0.004987990331020171,-0.004987990331017812,CAD
2016-08-18,6,10,0,0,0.08124438624423336,0.19693557168143058,0.7072975368449257,-0.0,0.08124438624423769,0.08124438624423692,CAD
2016-08-19,6,11,0,0,0.051173693512412424,0.051173693512412424,0.9092983609705977,-0.0,0.05117369351241433,0.05117369351241395,CAD
2016-08-20,1,11,0,0,0.0,0.0,1.0331838719733197,-0.0,-0.04797608070248748,-0.04797608070248748,CAD
2016-08-22,6,11,0,0,0.03758631061262228,0.03758631061262228,1.0806415032361083,-0.0,0.03758631061262126,0.037586310612624824,CAD
2016-08-23,6,11,1,0,0.0,0.10839238009635552,1.3828786186798674,-0.0,-0.1690594904789003,-0.16905949047890415,CAD
2016-08-24,6,10,0,0,0.031225842761883192,0.06316150771097954,1.5267187096598986,-0.0,0.0312258427618754,0.031225842761876125,CAD
2016-08-25,6,11,0,0,0.07497700816856573,0.138622326842838,1.7861234641809904,-0.0,0.07497700816856201,0.07497700816856422,CAD
2016-08-26,6,11,1,0,0.06186506462415213,0.08034434730509223,1.73700415033744,-0.0,0.061865064624149306,0.06186506462415415,CAD
2016-08-27,1,10,0,0,0.0,0.0,1.7479260477015954,-0.0,-0.0474923159328651,-0.047492315932859554,CAD
2016-08-29,6,11,0,0,0.13462697331191167,0.13462697331191167,1.8086280865020017,-0.0,0.13462697331191248,0.13462697331190918,CAD
2016-08-30,6,12,0,0,0.07491912140270243,0.07491912140270243,1.8881877516804237,-0.0,0.0749191214026996,0.07491912140270092,CAD
2016-08-31,6,12,0,0,0.0,0.0,1.9815048361263423,-0.0,-0.044804654737306354,-0.04480465473730735,CAD
2016-09-01,6,12,0,0,0.016427369154317,0.036566940281783006,2.1023808495118192,-0.0,0.016427369154308858,0.01642736915430748,CAD
2016-09-02,6,12,0,0,0.19869888188786444,0.27782300511432517,2.1516563065616956,-0.0,0.19869888188786558,0.19869888188786292,EUR
2016-09-03,1,12,0,0,0.010924775814459317,0.010924775814459317,1.9542596699381867,-0.0,0.01092477581445018,0.010924775814456314,EUR
2016-09-05,6,13,3,0,0.18451628973152995,0.19894818162006692,1.9435472223006118,-0.3627687956887041,0.547285085420245,0.18451628973154,EUR
2016-09-06,6,11,0,0,0.0,0.016120910396848435,1.6753915898153953,-0.0,-0.004971642912660517,-0.004971642912661896,EUR
2016-09-07,6,12,1,0,0.1562562560954967,0.1562562560954967,1.759535329014888,-0.0,0.15625625609549768,0.1562562560954977,CAD
2016-09-08,6,13,0,0,0.06946644962456683,0.06946644962456683,1.5655573392336413,-0.0,0.06946644962455681,0.06946644962455581,EUR
2016-09-09,6,14,4,0,0.01715979423568599,0.01715979423568599,1.7984360072016714,-0.0,0.01715979423569785,0.017159794235692485,EUR
2016-09-10,1,10,0,0,0.0,0.0,1.774946742707014,-0.21040454363211894,0.08408724529647205,-0.12631729833564226,EUR
2016-09-12,6,12,2,0,0.17683871752685343,0.3564623885308233,1.8627854284354022,-0.16405239854920123,0.34089111607605493,0.176838717526849,EUR
2016-09-13,6,10,1,1,0.02619418510834244,0.02619418510834244,1.3686504076543926,-0.15278090405341996,0.1789750891617653,0.026194185108343433,EUR
2016-09-14,6,12,0,0,0.1992158135063301,0.1992158135063301,1.913177467876836,0.13923167609446663,0.059984137411862655,0.19921581350633363,EUR
2016-09-15,6,12,0,0,0.2770434197322108,0.36904129061217755,1.9492058999292055,-0.0,0.2770434197321956,0.2770434197322024,EUR
2016-09-16,6,12,5,1,0.323147937131284,0.323147937131284,1.742147385436291,-0.4994125721520794,0.8225605092833738,0.32314793713128553,EUR
2016-09-17,1,7,1,1,0.0038361422872775094,0.0038361422872775094,1.10370475936596,0.14007257312351853,-0.13623643083623926,0.0038361422872829833,EUR
2016-09-19,6,10,0,0,0.2158486614751979,0.2158486614751979,1.3206211882982515,0.14007794671286752,0.07577071476232407,0.2158486614751979,EUR
2016-09-20,6,10,0,0,0.24209006654995957,0.24336592627134415,1.3026001890956196,-0.0,0.2420900665499507,0.24209006654996004,EUR
2016-09-21,6,12,2,1,0.5356461919978638,0.5356461919978638,1.528740331723211,0.14057393383420488,0.3950722581636494,0.5356461919978568,EUR
2016-09-22,6,10,1,0,0.00018724063693455027,0.09438921748423197,0.9279142275075181,-0.22470527534787418,0.22489251598481538,0.00018724063693856667,EUR
2016-09-23,6,9,1,1,0.0,0.031941471287473974,1.1589540409871308,-0.0,-0.02926287601533513,-0.029262876015341874,JPY
2016-09-24,1,9,0,0,0.016994463450647656,0.016994463450647656,1.3807267934058725,-0.0,0.01699446345064388,0.01699446345065115,JPY
2016-09-26,6,10,0,0,0.2246827333083003,0.24189969044927312,1.4889630694576157,-0.0,0.22468273330830657,0.2246827333083058,JPY
2016-09-27,6,11,0,0,0.19642849963423986,0.3999723920404365,1.286213193627465,-0.0,0.19642849963423448,0.1964284996342328,JPY
2016-09-28,6,11,2,0,0.0,0.10278738361502714,1.1850190572540984,-0.1045709778808535,0.06611226497717328,-0.038458712903674516,JPY
2016-09-29,6,10,0,0,0.0,0.2993269694537701,1.3581139560556486,-0.0727003388559379,-0.10010321851597025,-0.17280355737190753,JPY
2016-09-30,6,13,1,0,0.266004474988892,0.39291884485931244,1.4905728257750601,-0.0,0.2660044749888839,0.2660044749888851,JPY
2016-10-01,1,12,0,0,0.0,0.0,1.8640722272632537,-0.0,-0.014886250150486616,-0.014886250150472107,EUR
2016-10-03,6,12,0,0,0.0,0.04379725551266382,1.8786788125861618,-0.0,-0.04931277825680351,-0.049312778256807265,EUR
2016-10-04,6,12,0,0,0.0,0.0,1.912730482820305,-0.0,-0.06730400102921599,-0.06730400102921898,EUR
2016-10-05,6,13,1,0,0.0,0.05062017417371695,1.9718055773348218,-0.0,-0.058108919394676176,-0.0581089193946779,JPY
2016-10-06,6,13,0,0,0.05466418681259418,0.05466418681259418,1.7758864405422303,-0.1039564448140405,0.15862063162662654,0.0546641868125878,EUR
2016-10-07,6,13,1,1,0.2565776919009972,0.2565776919009972,1.8573652066575277,0.1385737404520971,0.11800395144889728,0.2565776919009948,EUR
2016-10-08,1,13,0,0,0.0,0.0,1.622297652361052,-0.0,-0.021324103552393496,-0.02132410355240263,EUR
2016-10-10,6,13,1,0,0.0696973910545754,0.07988176281317025,1.66840663801009,-0.11953429588526286,0.18923168693982567,0.0696973910545754,EUR
2016-10-11,6,12,2,0,0.3289072908253913,0.3289072908253913,1.7958125333465704,-0.15752455204558127,0.4864318428709852,0.3289072908253947,EUR
2016-10-12,6,10,1,0,0.0,0.0677195630421849,1.2923063190018296,-0.0,-0.031245603313978222,-0.03124560331397718,EUR
2016-10-13,6,9,0,0,0.18386225373829007,0.18386225373829007,1.159149779499401,-0.13574173496008377,0.31960398869836704,0.18386225373827866,EUR
2016-10-14,6,10,1,0,0.02110803685127016,0.15796296693001527,1.1218249675290664,-0.0,0.021108036851280865,0.02110803685127709,EUR
2016-10-15,1,9,0,0,0.0,0.0,0.8960724302397255,-0.0,-0.02887652912516378,-0.02887652912516553,CAD
2016-10-17,6,9,0,0,0.055415872719937725,0.055415872719937725,0.9316707304457134,-0.0,0.05541587271993972,0.05541587271994268,CAD
2016-10-18,6,9,0,0,0.0,0.06216578208594955,1.1616273619307793,-0.0,-0.12003877372663262,-0.12003877372663639,CAD
2016-10-19,6,9,0,0,0.07135986800378753,0.10415557161024033,1.4127663011802452,-0.0,0.07135986800378638,0.07135986800378309,CAD
2016-10-20,6,12,2,0,0.0,0.029059902331510623,1.2840874794591268,-0.0,-0.024787438411100746,-0.024787438411108996,NZD
2016-10-21,6,10,0,0,0.15295723242792386,0.17979215583604732,1.4087337060028742,-0.07384533412523776,0.2268025665531657,0.15295723242793025,CAD
2016-10-22,1,10,0,0,0.0,0.0,1.3905333732685878,-0.0,-0.045494720725469597,-0.0454947207254615,CAD
2016-10-24,6,10,0,0,0.0,0.03950208866957994,1.435375074112717,-0.0,-0.01961680898220365,-0.019616808982207946,CAD
2016-10-25,6,10,0,0,0.12711575671560293,0.12711575671560293,1.5127466581019924,-0.0,0.12711575671560613,0.12711575671560588,CAD
2016-10-26,6,10,0,0,0.004445462932338805,0.03869868335251226,1.605874595340865,-0.0,0.00444546293235081,0.004445462932350075,CAD
2016-10-27,6,10,1,0,0.0012885423514073825,0.04711967331730934,1.7048526265964168,-0.0,0.001288542351401998,0.0012885423514039558,CAD
2016-10-28,6,10,1,0,0.0,0.05164435616382973,1.4953338454145617,-0.0,-0.014017336203953892,-0.01401733620395071,NZD
2016-10-29,1,10,0,0,0.0,0.0,1.5500806406807333,-0.2207964389435755,0.17015919623899942,-0.050637242704584244,NZD
2016-10-31,6,11,0,0,0.07426353487648674,0.07426353487648674,1.6302645738936112,-0.0,0.07426353487649223,0.07426353487649211,NZD
2016-11-01,6,11,0,0,0.0,0.1545924503661356,1.710179625545493,-0.0,-3.618525303022691e-05,-3.6185253030593474e-05,NZD
2016-11-02,6,12,2,1,0.07399994464589664,0.07757427084637084,1.6373653434123485,-0.0,0.07399994464591056,0.07399994464590154,AUD
2016-11-03,6,13,1,0,0.027450324677283193,0.027450324677283193,1.7462640883842115,-0.0,0.02745032467727709,0.027450324677283682,NZD
2016-11-04,6,12,0,0,0.04546952303896187,0.04546952303896187,1.8110697921166221,-0.0,0.04546952303896955,0.04546952303897016,JPY
2016-11-07,6,12,0,0,0.0,0.04148826336636111,1.7230104682153742,-0.0,-0.21222274796041823,-0.21222274796042717,CHF
2016-11-08,6,13,2,0,0.029768586687079362,0.029768586687079362,1.7645592007243478,-0.0,0.0297685866870852,0.029768586687087147,EUR
2016-11-09,6,15,10,3,0.14520248698664515,0.22311236819350105,1.6133568678890968,-0.9161448143694597,1.0613473013561057,0.14520248698665242,JPY
2016-11-10,6,5,0,0,0.05557225655677582,0.05557225655677582,0.7645501999580521,-0.0,0.05557225655677073,0.055572256556771935,JPY
2016-11-11,6,6,0,0,0.08394221400403358,0.08394221400403358,0.8684521408268417,-0.0,0.08394221400404063,0.08394221400403844,JPY
2016-11-14,6,6,0,0,0.0,0.013704920405186661,0.85465282873629,-0.0,-0.030863586375234196,-0.030863586375240774,JPY
2016-11-15,6,7,1,0,0.03638322116271852,0.03638322116271852,1.0350069364402292,-0.0,0.03638322116270188,0.036383221162707875,JPY
2016-11-16,6,7,0,0,0.023150529683664083,0.052773422326227865,1.0872940533388396,-0.0,0.02315052968365551,0.023150529683666016,JPY
2016-11-17,6,7,0,0,0.007647843535803964,0.10858625705832037,1.018349617727198,-0.0,0.007647843535809096,0.007647843535806861,NZD
2016-11-18,6,7,0,0,0.0010937063943393466,0.010504173737365542,1.027597199361476,-0.0,0.0010937063943290222,0.0010937063943398297,NZD
2016-11-21,6,8,0,0,0.0,0.00857669245707981,1.1627682492406521,-0.0,-0.006339331553910569,-0.006339331553908638,NZD
2016-11-22,6,8,0,0,0.08139656723583626,0.09273427841254361,0.9830503707998612,-0.0,0.08139656723584121,0.08139656723583433,NZD
2016-11-23,6,8,0,0,0.08915300505389141,0.08915300505389141,0.9613019746635781,-0.0,0.08915300505389785,0.08915300505389093,NZD
2016-11-24,6,8,1,1,0.036437653409953766,0.036437653409953766,0.9231293884620139,-0.0,0.03643765340994779,0.03643765340995328,NZD
2016-11-25,6,7,0,0,0.0,0.01554144693861117,0.9436667567249648,-0.0,-0.02105240635128876,-0.02105240635127719,EUR
2016-11-28,6,8,1,0,0.17102348944612952,0.17102348944612952,1.1165886327521246,-0.0,0.1710234894461236,0.17102348944612422,EUR
2016-11-29,6,7,0,0,0.019586408752096173,0.019586408752096173,1.0044043125817412,-0.0,0.019586408752098466,0.01958640875209521,EUR
2016-11-30,6,7,0,0,0.01994502407425253,0.01994502407425253,1.1686966555830962,-0.0,0.019945024074253494,0.01994502407426169,EUR
2016-12-01,6,9,0,0,0.0,0.03332879711790315,1.3117874589081389,-0.0,-0.014718971756649398,-0.014718971756662516,EUR
2016-12-02,6,9,0,0,0.11489743939556205,0.1466374801790734,1.4775453521165256,-0.0,0.1148974393955677,0.11489743939557069,EUR
2016-12-05,6,9,0,0,0.14417438202610142,0.14417438202610142,1.535255140950431,-0.0,0.14417438202609514,0.1441743820260942,EUR
2016-12-06,6,11,0,0,0.08913462484299854,0.08913462484299854,1.8617175433176005,-0.0,0.08913462484300862,0.08913462484300479,EUR
2016-12-07,6,11,0,0,0.1731041473027503,0.1731041473027503,1.889343387126318,-0.0,0.17310414730275608,0.1731041473027503,EUR
2016-12-08,6,11,1,0,0.32910941138603605,0.32910941138603605,1.8753265240903736,-0.0,0.3291094113860278,0.329109411386037,EUR
2016-12-09,6,12,0,0,0.026896227088003915,0.043628279467904825,1.5197065534641878,-0.0,0.02689622708801332,0.026896227088009216,NZD
2016-12-12,6,12,1,1,0.07832592182931615,0.07832592182931615,1.6429406100518855,0.13563736784141092,-0.05731144601209182,0.07832592182931856,NZD
2016-12-13,6,11,0,0,0.24537296488177268,0.2547447111362551,1.6774968891245527,-0.0,0.24537296488176302,0.24537296488177268,NZD
2016-12-14,6,12,2,0,0.05976625653464864,0.05976625653464864,1.5266810964289235,-0.0,0.059766256534642785,0.05976625653465444,NZD
2016-12-15,6,10,0,0,0.04633322874761871,0.15303867573301352,1.1071116058249884,-0.09539280714799306,0.14172603589562557,0.04633322874762015,NZD
2016-12-16,6,10,0,0,0.0,0.027927514061999607,1.096122560304985,-0.0,-0.08510620277723598,-0.08510620277724347,NZD
2016-12-19,6,13,1,0,0.2367849175352456,0.2367849175352456,1.738496476066656,-0.2382858557269113,0.47507077326216834,0.23678491753524994,NZD
2016-12-20,6,12,0,0,0.08336511671508032,0.18950022602951724,1.42909542770731,-0.0,0.08336511671508003,0.08336511671508225,NZD
2016-12-21,6,12,0,0,0.09457032209072687,0.09457032209072687,1.4447446434091642,-0.0,0.09457032209073024,0.09457032209072735,NZD
2016-12-22,6,13,0,0,0.03171965507458884,0.1338098732599405,1.6639873287829177,-0.0,0.03171965507459747,0.03171965507458549,EUR
2016-12-23,6,13,0,0,0.009087936705955682,0.009087936705955682,1.6491957905055525,-0.0,0.009087936705953106,0.009087936705959998,EUR
2016-12-26,3,13,0,0,0.08637726274704197,0.08637726274704197,1.443829752203323,-0.0,0.08637726274704065,0.08637726274704818,CHF
2016-12-27,6,13,0,0,0.0,0.0,1.3586260334349307,-0.0,-0.06628726667618398,-0.06628726667618842,CHF
2016-12-28,6,13,3,0,0.3946449441744266,0.4313686328047637,1.5565684067659267,-0.13504371898294354,0.5296886631573838,0.3946449441744323,CHF
2016-12-29,6,11,1,1,0.14971255205774775,0.18434102867624583,0.9482662712280006,0.07451660542144438,0.07519594663629889,0.1497125520577511,CHF
2016-12-30,6,11,3,0,0.0,0.06356212485561955,0.7680203574334352,-0.2109970482907648,0.14756975802985364,-0.06342729026091982,CHF
2017-01-02,4,9,0,0,0.091561470749698,0.091561470749698,0.8106109976627522,-0.0,0.0915614707497032,0.09156147074969753,CHF
2017-01-03,6,11,1,0,0.005572194432064178,0.199797282540316,0.775171340126757,-0.0,0.005572194432057319,0.005572194432064657,CHF
2017-01-04,6,10,2,2,0.0,0.04995790855067733,0.8672019828595164,0.2703540069480877,-0.3015629057716501,-0.031208898823557384,CHF
2017-01-05,6,9,2,1,0.0677142803648762,0.1420173737749366,0.9783153407303368,-0.0,0.06771428036488242,0.06771428036487427,CHF
2017-01-06,6,7,0,0,0.03296543948947424,0.03296543948947424,0.6903448215987582,-0.0,0.0329654394894822,0.03296543948948336,CHF
2017-01-09,6,7,1,1,0.005203436492567566,0.04563502853263768,0.7846501334711449,-0.0,0.005203436492562872,0.005203436492568526,CHF
2017-01-10,6,6,0,0,0.002225899011921762,0.06821500727114516,0.8674388638534621,-0.0,0.002225899011928056,0.002225899011921283,CHF
2017-01-11,6,8,0,0,0.006761831254634727,0.02547612612435145,0.9431961101738773,-0.0,0.00676183125462712,0.006761831254629935,CHF
2017-01-12,6,9,1,1,0.10972119989353234,0.10972119989353234,1.139811548683256,-0.0,0.10972119989352774,0.10972119989352995,EUR
2017-01-13,6,9,0,0,0.0193370825446787,0.06484639422336608,1.2345691268225185,-0.0,0.019337082544677742,0.019337082544677264,EUR
2017-01-16,6,10,0,0,0.12782916532739244,0.12782916532739244,1.3371799036686882,-0.0,0.1278291653274002,0.12782916532738955,EUR
2017-01-17,6,10,1,0,0.1770210096279186,0.2078299156646075,1.312975144615024,-0.0,0.1770210096279172,0.17702100962791287,EUR
2017-01-18,6,9,0,0,0.0063659332373215876,0.07072724276329884,1.1670627752360683,-0.0,0.006365933237316198,0.006365933237319671,CHF
2017-01-19,6,11,0,0,0.0,0.10513119618536561,1.240195006562026,-0.0,-0.03830634011442322,-0.03830634011441797,CHF
2017-01-20,6,11,0,0,0.14687063429885067,0.14687063429885067,1.3725511689467336,-0.0,0.1468706342988582,0.1468706342988521,CHF
2017-01-23,6,11,3,2,0.3394675993572648,0.3394675993572648,1.3382150439935854,0.16598781750310151,0.17347978185416543,0.3394675993572695,EUR
2017-01-24,6,9,2,0,0.03824890975732809,0.07334829951131099,1.0734922722828368,-0.0,0.03824890975732628,0.03824890975732425,EUR
2017-01-25,6,7,0,0,0.1558064963050654,0.1558064963050654,0.9655074349805692,-0.0,0.155806496305058,0.15580649630506396,EUR
2017-01-26,6,7,0,0,0.07202215324076124,0.1170378882265596,0.8448032505056777,-0.0,0.07202215324076683,0.07202215324075453,EUR
2017-01-27,6,7,1,0,0.0,0.051645253266584236,0.7733380719961986,-0.0,-0.05610720359961749,-0.05610720359961759,EUR
2017-01-30,6,6,1,1,0.41880467807905564,0.41880467807905564,0.8141250043963495,-0.0,0.4188046780790709,0.4188046780790643,EUR
2017-01-31,6,5,1,1,0.04306032187875667,0.09773404151581319,0.4884904442078032,-0.0,0.043060321878753846,0.04306032187875619,EUR
2017-02-01,6,4,1,0,0.0,0.04317270511040489,0.488867351531069,-0.0,-0.02464749992511039,-0.024647499925119463,EUR
2017-02-02,6,5,0,0,0.0,0.06213868399629235,0.44987939411725625,-0.0,-0.04471220790310095,-0.044712207903110146,EUR
2017-02-03,6,5,0,0,0.03119728804292977,0.03119728804292977,0.57514715865664,-0.0,0.031197288042944412,0.03119728804293121,AUD
2017-02-06,6,6,1,1,0.15999859621095713,0.15999859621095713,0.6621892367081027,-0.0,0.15999859621096144,0.15999859621095092,AUD
2017-02-07,6,7,1,0,0.0945879580943793,0.0945879580943793,0.5886817287984226,-0.1691576766170756,0.26374563471145684,0.09458795809438314,AUD
2017-02-08,6,6,0,0,0.053108095524974114,0.0737231096201919,0.6038106333326279,-0.0,0.053108095524967674,0.05310809552496931,GBP
2017-02-09,6,10,1,0,0.0,0.06110971346333477,0.7362410174717547,-0.0,-0.009020891221449346,-0.009020891221442819,GBP
2017-02-10,6,10,0,0,0.021533084146236663,0.18984171488969337,0.810150263242809,-0.0,0.021533084146236545,0.021533084146239057,JPY
2017-02-13,6,11,0,0,0.0,0.24160826819471806,0.8801607223747016,-0.0,-0.008141240094241858,-0.008141240094239107,JPY
2017-02-14,6,12,0,0,0.0783161427399154,0.10229521154437679,0.9806051820015818,-0.0,0.07831614273990423,0.07831614273991684,EUR
2017-02-15,6,13,0,0,0.021854814905781138,0.10168560460486259,1.1144169275548506,-0.0,0.021854814905773602,0.021854814905780177,EUR
2017-02-16,6,13,1,0,0.007585210261987987,0.0619956077538243,1.285242706991687,-0.0,0.007585210261987272,0.007585210261995148,EUR
2017-02-17,6,13,2,0,0.45001296992088147,0.5167097006435106,1.396202493352635,-0.23859148445166645,0.6886044543725519,0.4500129699208795,EUR
2017-02-20,6,11,0,0,0.0,0.09176525600271111,0.9504667470683464,-0.0,-0.025142770714570824,-0.025142770714559542,EUR
2017-02-21,6,12,0,0,0.24713686311214406,0.24713686311214406,1.1785886036758164,-0.0,0.2471368631121211,0.2471368631121335,EUR
2017-02-22,6,13,0,0,0.27928220021673034,0.3005539694136086,1.3469426839328258,-0.0,0.27928220021671923,0.27928220021672506,EUR
2017-02-23,6,13,0,0,0.12922838030497089,0.12922838030497089,1.383862403758552,-0.0,0.12922838030497177,0.12922838030497422,EUR
2017-02-24,6,14,1,0,0.35035955846562195,0.4078727676881954,1.465683581669996,-0.1892446111687546,0.5396041696343765,0.35035955846562433,EUR
2017-02-27,6,15,1,0,0.0799437472738444,0.0799437472738444,0.9673041684820144,-0.06852598353724026,0.14846973081109702,0.07994374727384874,EUR
2017-02-28,6,15,1,0,0.29888855312617657,0.29888855312617657,1.4789479828205543,-0.0,0.2988885531261623,0.29888855312617657,EUR
2017-03-01,6,16,1,1,0.0,0.18035164720847463,1.5987257432136688,0.1349576615601806,-0.20929406288554908,-0.07433640132537651,JPY
2017-03-02,6,16,0,0,0.0,0.05238867749252106,1.7634933627741383,-0.0,-0.050485646195809704,-0.050485646195808295,GBP
2017-03-03,6,16,1,1,0.12561704450350072,0.12561704450350072,1.9691418641297598,-0.0,0.12561704450351233,0.1256170445035036,GBP
2017-03-06,6,16,0,0,0.3663047922291695,0.3663047922291695,2.2235624954459867,-0.0,0.36630479222916257,0.3663047922291762,GBP
2017-03-07,6,17,0,0,0.12137011554711225,0.2033616582091806,1.8622217626722777,-0.0,0.12137011554710939,0.12137011554710653,GBP
2017-03-08,6,17,0,0,0.2568918024860192,0.2568918024860192,1.9809232826682872,-0.0,0.2568918024860366,0.2568918024860259,GBP
2017-03-09,6,17,1,1,0.019616089405502368,0.18331576023571905,2.066754541338748,-0.0,0.0196160894054815,0.019616089405495665,GBP
2017-03-10,6,16,0,0,0.0,0.091953497241195,2.3316660087137278,0.13434612212645242,-0.2341216580301904,-0.09977553590373511,GBP
2017-03-13,6,17,0,0,0.0,0.04493462199869998,2.521806861109001,-0.0,-0.0470931144517265,-0.04709311445172709,GBP
2017-03-14,6,18,0,0,0.479286969698592,0.479286969698592,2.8269266496903644,-0.0,0.47928696969859375,0.4792869696985911,GBP
2017-03-15,6,18,4,0,0.0,0.19237569523960976,2.227496021144622,-0.0,-0.04387853646863923,-0.04387853646863785,GBP
2017-03-16,6,14,0,0,0.2893626024896783,0.2893626024896783,1.7547908190949135,-0.2990235655418141,0.5883861680314878,0.2893626024896769,GBP
2017-03-17,6,14,2,0,0.06449996516703635,0.23707020201488663,2.1089546402223402,-0.0,0.06449996516703528,0.0644999651670354,GBP
2017-03-20,6,13,0,0,0.24450501747374517,0.37156267433896084,1.9524405266754241,-0.0,0.24450501747374556,0.24450501747374753,GBP
2017-03-21,6,15,1,1,0.0,0.11679545733549873,1.7225163954955487,-0.0,-0.009290641917642468,-0.009290641917643002,GBP
2017-03-22,6,15,3,2,0.34475556026103393,0.3515167362048107,2.1606732442215493,0.1983848118476936,0.14637074841335135,0.3447555602610443,GBP
2017-03-23,6,13,0,0,0.0,0.04769135355694006,1.9091392168711485,-0.0,-0.01479515881349152,-0.014795158813490574,GBP
2017-03-24,6,13,1,1,0.18220926433111115,0.18220926433111115,2.0835558224708386,0.13278586522706484,0.049423399104051254,0.18220926433111773,GBP
2017-03-27,6,13,0,0,0.0,0.04430272940651692,1.9116802419034722,-0.0,-0.011564093317084924,-0.011564093317088941,GBP
2017-03-28,6,13,4,0,0.41977665932593466,0.5827257060005762,1.9194207016816165,-0.40664633535392686,0.82642299467985,0.4197766593259299,GBP
2017-03-29,6,11,2,0,0.256584128788993,0.256584128788993,0.9480181332900373,-0.09917706185734831,0.35576119064634815,0.25658412878899206,GBP
2017-03-30,6,9,1,0,0.1716533410504408,0.26215893997635703,0.7308943904091556,-0.08184327625024855,0.25349661730069184,0.1716533410504399,JPY
2017-03-31,6,9,0,0,0.1480638376535517,0.25302202675201674,0.9392330275185018,-0.0,0.14806383765356307,0.1480638376535531,JPY
2017-04-01,1,9,0,0,0.0,0.0,0.6221573359483885,-0.0,-0.058758958896262425,-0.05875895889626139,JPY
2017-04-03,6,13,0,0,0.20259020160646726,0.20259020160646726,0.9805421136787099,-0.0,0.20259020160645788,0.20259020160646535,EUR
2017-04-04,6,13,2,0,0.37397971661333335,0.37397971661333335,0.9506749707985602,-0.21009254249509976,0.5840722591084279,0.37397971661332574,EUR
2017-04-05,6,11,0,0,0.0,0.11225244725507977,0.6777455594501468,-0.0,-0.006840245171514954,-0.006840245171512818,EUR
2017-04-06,6,11,0,0,0.34089207062558297,0.34089207062558297,1.0396478529586728,-0.0,0.3408920706255802,0.34089207062558013,EUR
2017-04-07,6,12,0,0,0.4172345274506484,0.47605412263534724,0.9037123032464862,-0.0,0.4172345274506557,0.41723452745065454,EUR
2017-04-08,1,13,0,0,0.09250796219881477,0.09250796219881477,0.5413946107804329,-0.0,0.09250796219880118,0.0925079621988143,EUR
2017-04-10,6,14,0,0,0.28578912044011623,0.3439141151947491,0.6216417433890268,-0.0,0.28578912044011856,0.2857891204401172,EUR
2017-04-11,6,16,0,0,0.32019521813461366,0.32019521813461366,0.8410754714414317,-0.0,0.32019521813462876,0.32019521813461604,EUR
2017-04-12,6,16,0,0,0.3897269936292605,0.40919685768790043,1.1145627085206433,-0.0,0.389726993629254,0.38972699362925806,EUR
2017-04-13,6,17,0,0,0.05886731831165775,0.1738120429970554,1.1834193723207929,-0.0,0.05886731831165631,0.05886731831165343,EUR
2017-04-14,6,18,0,0,0.20099075058643062,0.25098379362178247,1.5649258576596596,-0.0,0.20099075058642987,0.20099075058642676,EUR
2017-04-15,1,18,0,0,0.0,0.0,1.3888511012302105,-0.0,-0.12186654633040937,-0.12186654633039834,EUR
2017-04-17,6,18,0,0,0.2269605752854416,0.2269605752854416,1.6736397884482273,-0.0,0.22696057528545838,0.22696057528545072,EUR
2017-04-18,6,18,0,0,0.12174870999175956,0.277155258272374,2.1399563899552723,-0.0,0.12174870999177223,0.12174870999176672,EUR
2017-04-19,6,20,2,1,0.15273307682813883,0.20674282867606555,3.267385628993495,-0.0,0.1527330768281384,0.152733076828136,EUR
2017-04-20,6,18,1,1,0.0,0.3182191667773059,2.54061367791481,-0.0,-0.035985675042844514,-0.035985675042842676,EUR
2017-04-21,6,17,0,0,0.42261625344538434,0.46001236966816544,2.974892456800608,-0.0,0.42261625344539067,0.4226162534453919,EUR
2017-04-22,1,17,0,0,0.0,0.0,2.7739247533531275,-0.0,-0.17675817035146077,-0.1767581703514548,EUR
2017-04-24,6,18,1,0,0.0,0.11034325620062994,2.3014935416840894,-0.0,-1.3627476991139855,-1.3627476991139944,AUD
2017-04-25,6,17,1,1,0.0,0.06598503016554438,3.5730818009280116,-0.0,-0.040946691106115964,-0.04094669110611109,AUD
2017-04-26,6,16,5,2,0.20611672314861476,0.20611672314861476,3.796763873440622,0.023773105482049844,0.18234361766657042,0.20611672314862026,JPY
2017-04-27,6,11,3,0,0.07488741388822467,0.10684850888035353,3.15668283290424,-0.0,0.07488741388821751,0.07488741388821821,JPY
2017-04-28,6,8,0,0,0.040042182774602135,0.07068216474345852,2.5962284404263594,-0.0,0.04004218277459359,0.04004218277460352,JPY
2017-04-29,1,8,0,0,0.0,0.0,2.6268944208115235,-0.0,-0.028671205652589696,-0.028671205652589925,JPY
2017-05-01,6,9,1,0,0.07981698698762366,0.07981698698762366,2.655468296389953,-0.0,0.07981698698763194,0.0798169869876255,JPY
2017-05-02,6,8,0,0,0.0,0.024775781072760607,2.4008322700638693,-0.0,-0.023782507632512426,-0.023782507632505518,JPY
2017-05-03,6,9,1,0,0.12407435601320749,0.1369964576728788,2.5606591245467136,-0.08531979210579077,0.20939414811901044,0.12407435601320749,JPY
2017-05-04,6,8,0,0,0.0,0.008741791839173806,2.2888873341794267,-0.0,-0.015468085354415247,-0.015468085354412717,JPY
2017-05-05,6,9,1,0,0.08205617077049288,0.09822111219914056,2.2199477051427956,-0.0,0.08205617077048026,0.0820561707704892,JPY
2017-05-06,1,8,0,0,0.0,0.0,2.075796701695082,-0.24762413161932076,0.18278648407492784,-0.06483764754440029,JPY
2017-05-08,6,9,2,0,0.2138340741350414,0.2138340741350414,2.1392473116074786,-0.5352328496489133,0.7490669237839521,0.21383407413504235,JPY
2017-05-09,6,7,0,0,0.12234007527384645,0.1320078704688701,1.382794076945737,-0.0,0.12234007527385266,0.12234007527384601,AUD
2017-05-10,6,9,1,0,0.04821702257160436,0.06977347728467345,1.1657766352793408,-0.0,0.04821702257159369,0.04821702257160436,AUD
2017-05-11,6,10,1,1,0.08275954610340043,0.11763408090047076,1.2528956708502281,0.12922921110326796,-0.046469664999880846,0.08275954610339813,EUR
2017-05-12,6,9,1,0,0.0,0.0,1.1762378276684935,-0.0,-0.01858662674987822,-0.018586626749879712,EUR
2017-05-13,1,8,0,0,0.013044080247675059,0.013044080247675059,0.9884280989756158,-0.0,0.013044080247671504,0.013044080247672308,EUR
2017-05-15,6,9,0,0,0.056576666855108274,0.059320645284350444,1.0728477057766568,-0.0,0.056576666855110105,0.056576666855111486,EUR
2017-05-16,6,9,1,1,0.07626791967833965,0.07626791967833965,1.1834344806240038,-0.0,0.07626791967834343,0.07626791967834286,EUR
2017-05-17,6,8,3,0,0.15853897823275653,0.15853897823275653,1.3173598997364098,0.0439805982170758,0.11455838001566486,0.15853897823274693,EUR
2017-05-18,6,6,1,0,0.11182651596368957,0.2541781151862799,0.8177027161668087,-0.18661351468843773,0.2984400306521167,0.11182651596368681,EUR
2017-05-19,6,5,0,0,0.0,0.001993063566344291,0.6308463617350318,-0.0,-0.004042298423645718,-0.004042298423644344,EUR
2017-05-20,1,5,0,0,0.0,0.0,0.7412826078953448,-0.0,-0.01652018466702355,-0.016520184667033658,EUR
2017-05-22,6,8,0,0,0.080624407952436,0.080624407952436,0.8414249862263733,-0.0,0.08062440795242079,0.08062440795243098,AUD
2017-05-23,6,9,1,0,0.1089373291247361,0.1089373291247361,0.9379880591670495,-0.0,0.10893732912474095,0.10893732912473882,JPY
2017-05-24,6,9,1,1,0.20495004874459102,0.20844592638258053,1.1763332427384217,-0.0,0.2049500487445892,0.20495004874459283,JPY
2017-05-25,6,8,0,0,0.03327757733370008,0.10219353152524319,1.0581139571544456,-0.0,0.03327757733370487,0.03327757733370556,JPY
2017-05-26,6,8,3,1,0.3246508376370121,0.3246508376370121,0.887492198009923,0.050691833862596,0.27395900377441745,0.32465083763700797,JPY
2017-05-27,1,5,0,0,0.0,0.0,0.3749299714198291,-0.0,-0.007149292356001588,-0.007149292356001744,JPY
2017-05-29,6,5,0,0,0.029290068896564905,0.029290068896564905,0.39017046657316223,-0.0,0.02929006889655312,0.0292900688965617,JPY
2017-05-30,6,7,0,0,0.10037549690082835,0.10037549690082835,0.47537186836248196,-0.0,0.10037549690081221,0.10037549690081965,JPY
2017-05-31,6,8,0,0,0.09138304095724263,0.09138304095724263,0.6305732254094353,-0.0,0.09138304095723267,0.0913830409572399,JPY
2017-06-01,6,10,0,0,0.008856850353586824,0.06289453693627511,0.7137895821066146,-0.0,0.008856850353589185,0.00885685035359003,JPY
2017-06-02,6,10,1,1,0.2864101107769545,0.3540350724266985,1.0167758801422953,-0.0,0.2864101107769569,0.2864101107769577,JPY
2017-06-03,1,9,0,0,0.0,0.0,0.7324636192285743,0.12912446887191872,-0.15696373235142605,-0.027839263479505928,JPY
2017-06-05,6,10,1,0,0.056494402641220735,0.056494402641220735,0.7630910355402839,-0.0,0.056494402641215136,0.05649440264121247,JPY
2017-06-06,6,11,1,0,0.21905726227487318,0.21905726227487318,1.0617766147194945,-0.0,0.21905726227487496,0.21905726227487,JPY
2017-06-07,6,11,1,1,0.0,0.011951397374878945,1.0648051912918688,-0.0,-0.030629332818096305,-0.030629332818105124,JPY
2017-06-08,6,10,0,0,0.0037612862607648376,0.029212188218519584,1.297481343324405,-0.0,0.003761286260767347,0.0037612862607652934,JPY
2017-06-09,6,11,1,1,0.27101087293789916,0.27101087293789916,1.343986227691766,-0.0,0.27101087293790294,0.271010872937895,JPY
2017-06-10,1,10,0,0,0.0,0.0,1.2326377067010588,-0.0,-0.027536888983446188,-0.027536888983432515,JPY
2017-06-12,6,10,2,0,0.084503258973301,0.08512715182253561,1.2598276783353233,-0.0,0.08450325897331017,0.0845032589733092,JPY
2017-06-13,6,9,0,0,0.0,0.16716844887643384,1.0405821892597442,-0.10011241667115811,0.06530690166385746,-0.03480551500731205,JPY
2017-06-14,6,9,0,0,0.03864934680468638,0.3080489048214653,1.1110519467841697,-0.0,0.03864934680468576,0.03864934680468046,JPY
2017-06-15,6,9,0,0,0.1276178142742275,0.1276178142742275,1.0793268275128571,-0.0,0.1276178142742328,0.12761781427422889,JPY
2017-06-16,6,10,0,0,0.0,0.14747107263573087,1.4070641796603176,-0.0,-0.05985659652391689,-0.05985659652392382,JPY
2017-06-17,1,10,0,0,0.0,0.0,1.6095067192982533,-0.0,-0.007400029830390091,-0.007400029830385562,JPY
2017-06-19,6,10,0,0,0.0,0.08779657484880074,1.6707110473057853,-0.0,-0.002880870298923165,-0.0028808702989274655,JPY
2017-06-20,6,10,0,0,0.1292802836718554,0.29129144300767196,1.832106293833909,-0.0,0.1292802836718547,0.12928028367185676,JPY
2017-06-21,6,10,3,0,0.1484325693557766,0.1484325693557766,1.715111328671622,-0.12457426967361178,0.27300683902937906,0.14843256935577115,JPY
2017-06-22,6,7,1,0,0.1335746751776897,0.1335746751776897,1.174995068146872,-0.3217100469713957,0.4552847221490965,0.13357467517769464,JPY
2017-06-23,6,7,0,0,0.0,0.0310556672529771,0.985386312766617,-0.0,-0.022160925963340784,-0.022160925963338744,JPY
2017-06-24,1,7,0,0,0.00335379268744834,0.00335379268744834,0.9604923087066503,-0.0,0.00335379268742956,0.003353792687439289,EUR
2017-06-26,6,8,0,0,0.011129480895555858,0.049224598560373,1.0101972008312579,-0.0,0.011129480895569265,0.011129480895557214,EUR
2017-06-27,6,8,1,1,0.009653420668679372,0.05830927842201955,1.1670678203680338,-0.0,0.00965342066867124,0.009653420668673498,EUR
2017-06-28,6,9,0,0,0.006187091780509919,0.006187091780509919,1.32530858435531,-0.0,0.006187091780498665,0.006187091780507669,EUR
2017-06-29,6,10,0,0,0.0,0.10032756795549824,1.4658183776226603,-0.0,-0.006891326075259329,-0.0068913260752645,EUR
2017-06-30,6,10,1,0,0.03546743160402934,0.06457552471552748,1.3141018984333317,-0.12552185406570518,0.1609892856697464,0.03546743160403698,EUR
2017-07-01,1,9,0,0,0.002421320462520777,0.002421320462520777,1.3109272395336635,-0.0,0.0024213204625382822,0.002421320462529305,EUR
2017-07-03,6,9,0,0,0.0428519021578209,0.0428519021578209,1.3390610302565784,-0.0,0.04285190215780698,0.04285190215781596,EUR
2017-07-04,6,9,2,1,0.22676270590039105,0.22676270590039105,1.4124774858180111,-0.0,0.2267627059003794,0.22676270590038344,EUR
2017-07-05,6,8,1,0,0.10654838169065661,0.14050117243979554,1.2597639704651202,-0.1498101009681957,0.2563584826588453,0.10654838169065302,EUR
2017-07-06,6,8,0,0,0.06149745321107951,0.06149745321107951,1.106672109974653,-0.0,0.06149745321107974,0.06149745321108041,EUR
2017-07-07,6,9,2,1,0.0,0.04782900469274839,1.1876125775089983,-0.0,-0.018771949995237566,-0.01877194999522993,NZD
2017-07-08,1,7,0,0,0.0,0.0,1.2431194934853842,-0.0,-0.017754249871273275,-0.01775424987127754,NZD
2017-07-10,6,7,0,0,0.007154910280797976,0.03157976528359767,1.260649924419076,-0.0,0.007154910280797302,0.007154910280797976,NZD
2017-07-11,6,7,0,0,0.14965222081161342,0.14965222081161342,1.323607890548366,-0.0,0.1496522208116094,0.1496522208116112,NZD
2017-07-12,6,7,2,0,0.022991355467634998,0.023562013256982782,1.153692295121974,-0.0,0.022991355467636122,0.022991355467631407,NZD
2017-07-13,6,5,1,0,0.01203242407338038,0.01662537309199872,0.5935671350620829,-0.0,0.012032424073393402,0.012032424073388462,NZD
2017-07-14,6,5,1,0,0.0,0.0030202967599909786,0.7120928701859276,-0.0,-0.01679524660580353,-0.016795246605795806,CHF
2017-07-15,1,4,0,0,0.0033737762093641937,0.0033737762093641937,0.5887727129766847,-0.0,0.003373776209363858,0.003373776209363299,CHF
2017-07-17,6,6,0,0,0.07959458855701107,0.0905550535188922,0.6195189328199878,-0.0,0.0795945885570138,0.07959458855700972,CHF
2017-07-18,6,7,2,0,0.028546779874633076,0.052104007271292996,0.4909243761986708,-0.13931618825341374,0.16786296812804713,0.028546779874638894,CHF
2017-07-19,6,5,0,0,0.013380939810522872,0.03503954584193429,0.4651891372958794,-0.0,0.013380939810532719,0.013380939810525558,CHF
2017-07-20,6,5,0,0,0.014368935162049203,0.15584669657146796,0.5441906005241884,-0.0,0.014368935162038634,0.014368935162038467,CHF
2017-07-21,6,6,1,0,0.20607847385237474,0.20607847385237474,0.6494068374044987,-0.24748950965656652,0.4535679835089381,0.20607847385237743,CHF
2017-07-22,1,5,0,0,0.0,0.0,0.38919303778913283,-0.0,-0.017944270534164763,-0.017944270534169506,CHF
2017-07-24,6,5,0,0,0.06952989441811065,0.06952989441811065,0.40706426361058723,-0.0,0.06952989441812196,0.06952989441811694,CHF
2017-07-25,6,6,0,0,0.0,0.04787375298277908,0.38996115141653753,-0.0,-0.011888117082003172,-0.01188811708200281,CHF
2017-07-26,6,6,0,0,0.0,0.09709015070819693,0.611412276621719,-0.0,-0.05606749734693475,-0.05606749734693819,CHF
2017-07-27,6,6,1,0,0.0,0.08881449739678408,0.5499017919427703,-0.0,-0.020764557069862803,-0.020764557069858396,CHF
2017-07-28,6,5,0,0,0.002782474639094512,0.014204242821611469,0.6774480307828399,-0.0,0.0027824746390833293,0.0027824746390860554,CHF
2017-07-29,1,5,0,0,0.008470740481225715,0.008470740481225715,0.6590553105599201,-0.0,0.008470740481224827,0.00847074048122527,JPY
2017-07-31,6,6,1,0,0.04793299503492105,0.04825914285074466,0.6643306840498859,-0.0,0.04793299503493005,0.04793299503492995,JPY
2017-08-01,6,6,0,0,0.05464602921429421,0.11408299267074375,0.7015146786119096,-0.0,0.05464602921429466,0.05464602921429466,JPY
2017-08-02,6,6,1,0,0.0,0.037149178127220316,0.5141180807517487,-0.0,-0.04530752057098285,-0.045307520570984285,JPY
2017-08-03,6,5,0,0,0.3035100966324822,0.328346852229862,0.7097037061796555,-0.0,0.30351009663249245,0.30351009663248396,JPY
2017-08-04,6,6,1,0,0.0,0.05490085109187191,0.422974926094919,-0.0,-0.0032018241106604286,-0.0032018241106471293,JPY
2017-08-05,1,5,0,0,0.0050482239096303685,0.0050482239096303685,0.31067742546026406,-0.0,0.0050482239096414526,0.005048223909629478,JPY
2017-08-07,6,6,1,0,0.0,0.053669226279717104,0.35287126806329727,-0.0,-0.004932788562950123,-0.004932788562950289,JPY
2017-08-08,6,6,1,0,0.0,0.06541268509619574,0.3520102377218887,-0.0,-0.006361895285733877,-0.006361895285731656,JPY
2017-08-09,6,7,1,0,0.2965549507155592,0.2965549507155592,0.5229380758973391,-0.0860741319185935,0.38262908263414663,0.2965549507155566,AUD
2017-08-10,6,7,1,1,0.231989407673556,0.2785866115878628,0.39444285414768815,0.12533618824374967,0.10665321942979897,0.2319894076735489,CHF
2017-08-11,6,7,0,0,0.21468447510581862,0.21468447510581862,0.37851174344998134,-0.0,0.21468447510583152,0.214684475105828,CHF
2017-08-12,1,7,0,0,0.0,0.0,0.46879785173164895,-0.0,-0.028218535416746137,-0.028218535416747226,CHF
2017-08-14,6,8,0,0,0.0,0.10200659967058084,0.5904917346833027,-0.0,-0.05000385941437056,-0.05000385941436029,CHF
2017-08-15,6,9,1,0,0.2337277454564038,0.4629675557276723,0.8017685874846534,-0.14383723292192802,0.3775649783783208,0.23372774545640246,CHF
2017-08-16,6,9,0,0,0.0,0.11121923826013032,0.7579378185694916,-0.0,-0.03395184902365844,-0.03395184902364997,CHF
2017-08-17,6,11,0,0,0.5498798054912174,0.5498798054912174,1.2068288860569671,-0.0,0.549879805491219,0.5498798054912138,CHF
2017-08-18,6,12,0,0,0.1438717942890089,0.1438717942890089,0.8784980052352962,-0.0,0.14387179428901267,0.14387179428901425,CHF
2017-08-19,1,12,0,0,0.05934868908918973,0.05934868908918973,1.145890297860763,-0.0,0.05934868908919409,0.059348689089186155,CHF
2017-08-21,6,13,0,0,0.11545596473141245,0.15904320807505226,1.0994663695338387,-0.0,0.11545596473140464,0.11545596473141603,CHF
2017-08-22,6,13,1,1,0.28424312965175513,0.377060743223528,1.3632510282858479,-0.0,0.284243129651755,0.28424312965175424,CHF
2017-08-23,6,12,0,0,0.3427597739799842,0.4065899776328726,1.264697745460564,-0.0,0.3427597739799824,0.34275977397998464,CHF
2017-08-24,6,13,1,1,0.2166585755005401,0.2166585755005401,1.1074868039231218,-0.0,0.2166585755005435,0.21665857550053924,CHF
2017-08-25,6,12,0,0,0.06692023147445245,0.10331681723098314,1.1655831598427895,-0.0,0.06692023147444708,0.0669202314744583,CHF
2017-08-26,1,12,0,0,0.0,0.0,1.2795317507597859,-0.0,-0.009889977582406095,-0.009889977582399822,CHF
2017-08-28,6,13,1,0,0.10349035650407878,0.24819349355332757,1.3521701366123933,-0.0,0.10349035650408751,0.10349035650407698,CHF
2017-08-29,6,13,0,0,0.527984038881433,0.527984038881433,1.7353045649950116,-0.0,0.5279840388814301,0.5279840388814308,CHF
2017-08-30,6,14,2,0,0.009470535775488651,0.33640922710236054,1.6071139453502037,-0.14128733465249388,0.15075787042799058,0.00947053577549088,CHF
2017-08-31,6,14,0,0,0.28161658439467263,0.3311906828075744,1.7793847470805861,-0.0,0.2816165843946879,0.2816165843946802,CHF
2017-09-01,6,14,1,1,0.0,0.05928052909114748,1.6165019291391252,-0.0,-0.0034319956402029676,-0.0034319956402005737,CHF
2017-09-02,1,13,0,0,0.0035757008892092143,0.0035757008892092143,1.7669001430662339,-0.0,0.003575700889194863,0.003575700889191483,CHF
2017-09-04,6,13,1,0,0.5829610521511495,0.5829610521511495,1.7633874956393865,-0.09350801034850392,0.6764690624996661,0.5829610521511566,CHF
2017-09-05,6,12,1,0,0.1340322379340712,0.17438025186789094,1.0685610222186142,-0.0,0.13403223793408098,0.13403223793408103,CHF
2017-09-06,6,11,1,0,0.015710497878208416,0.05143700862986234,1.2772427258156474,-0.0,0.01571049787822243,0.015710497878211088,CHF
2017-09-07,6,10,1,0,0.10808670170736889,0.10808670170736889,1.3689921616622072,-0.0,0.10808670170735228,0.10808670170736401,CHF
2017-09-08,6,10,0,0,0.031174664814056032,0.11826003237144146,1.228853452934737,-0.0,0.03117466481405153,0.03117466481405071,CHF
2017-09-09,1,10,0,0,0.01990145772801255,0.01990145772801255,1.3297434566378659,-0.0,0.019901457728007665,0.019901457728003693,CHF
2017-09-11,6,10,0,0,0.0,0.0016219599309893675,1.3101027284505493,-0.0,-0.1150191779632529,-0.11501917796324648,CHF
2017-09-12,6,11,1,0,0.011075167343220164,0.011075167343220164,1.5652707860474422,-0.0,0.011075167343240024,0.011075167343234287,CHF
2017-09-13,6,12,1,0,0.1883829582162898,0.22151247462825416,2.067350865515404,-0.0,0.18838295821631504,0.18838295821630735,CHF
2017-09-14,6,11,0,0,0.058369092546564603,0.058369092546564603,1.6502062389400636,-0.18050462770801107,0.23887372025455833,0.0583690925465523,CHF
2017-09-15,6,11,0,0,0.11550072900472295,0.11550072900472295,1.9848854149992294,-0.0,0.11550072900473128,0.11550072900472033,CHF
2017-09-16,1,11,0,0,0.005428698146092527,0.005428698146092527,1.9113836929221972,-0.0,0.005428698146115014,0.005428698146109993,CHF
2017-09-18,6,11,2,0,0.05034247595117151,0.07430756841597487,1.9601196669781278,-0.0,0.05034247595114728,0.05034247595115404,CHF
2017-09-19,6,9,0,0,0.00652378614841802,0.06785394099877742,1.657780040268906,-0.17263807575478735,0.17916186190319927,0.006523786148409291,EUR
2017-09-20,6,9,1,0,0.1367634583693122,0.1367634583693122,1.7573926880796835,-0.23585665690158023,0.37262011527089567,0.13676345836931394,EUR
2017-09-21,6,8,1,0,0.0,0.0,1.3736173811766303,-0.0,-0.05426775626467331,-0.05426775626467092,EUR
2017-09-22,6,7,0,0,0.07687216694587626,0.10274286477854676,1.3456454788428829,-0.0,0.07687216694587932,0.07687216694588062,EUR
2017-09-23,1,7,0,0,0.06202949744214677,0.06202949744214677,1.2767910046824604,-0.0,0.06202949744215289,0.06202949744214677,EUR
2017-09-25,6,7,5,0,0.08270346070440901,0.27239383264587835,1.2155154853872308,-0.1444276542045086,0.2271311149089105,0.08270346070440203,NZD
2017-09-26,6,3,0,0,0.02411434498793778,0.02411434498793778,0.2020330516091465,-0.0,0.024114344987952514,0.024114344987950006,NZD
2017-09-27,6,5,0,0,0.17623635252988962,0.17623635252988962,0.36662035752443356,-0.0,0.1762363525298883,0.1762363525298905,CHF
2017-09-28,6,5,0,0,0.05610944968487402,0.05610944968487402,0.25463093117827185,-0.0,0.05610944968488347,0.05610944968487051,CHF
2017-09-29,6,5,0,0,0.0949000527418094,0.11905142723414153,0.34068369690320033,-0.0,0.09490005274180432,0.09490005274180677,CHF
2017-09-30,1,5,0,0,0.0,0.0,0.2709640280939869,-0.0,-0.02005169276971993,-0.02005169276971206,CHF
2017-10-02,6,10,0,0,0.16393388811624832,0.16393388811624832,0.48543443732611535,-0.0,0.16393388811627804,0.1639338881162728,CHF
2017-10-03,6,11,0,0,0.10406609106809615,0.16924273236922363,0.6448035856734255,-0.0,0.10406609106809399,0.10406609106809353,CHF
2017-10-04,6,13,0,0,0.021358720053763585,0.06846042626099558,0.6206625415713809,-0.0,0.02135872005378387,0.02135872005377321,CHF
2017-10-05,6,13,0,0,0.5928117403211507,0.5928117403211507,1.182067244904623,-0.0,0.5928117403211369,0.5928117403211377,CHF
2017-10-06,6,13,2,2,0.2834633375450989,0.2834633375450989,0.910689168928462,0.24713698649910534,0.03632635104601706,0.283463337545113,CHF
2017-10-07,1,11,0,0,0.0,0.0,0.6892471199333263,-0.0,-0.06397416060604565,-0.06397416060604323,CHF
2017-10-09,6,12,0,0,0.0,0.0976531937371898,0.8204934644567775,-0.0,-0.02631638981319541,-0.02631638981319651,CHF
2017-10-10,6,12,1,1,0.0,0.1397872760616489,1.0015573729989615,-0.0,-0.04817297225657041,-0.048172972256574687,CHF
2017-10-11,6,12,0,0,0.08511923754682887,0.11825339864309645,1.0196253462883877,-0.0,0.08511923754681426,0.08511923754682188,JPY
2017-10-12,6,16,0,0,0.17197903890695487,0.29357768696545566,1.170797558369222,-0.0,0.1719790389069526,0.1719790389069531,CHF
2017-10-13,6,17,1,0,0.0,0.08991423553717903,1.4664480285805073,-0.0,-0.02969338781565677,-0.02969338781565169,CHF
2017-10-14,1,16,0,0,0.028117813649487653,0.028117813649487653,1.4946205235941645,-0.0,0.02811781364948195,0.028117813649482418,JPY
2017-10-16,6,18,1,1,0.16793569285603557,0.21614895360254657,1.6076032261125466,0.12289689537659959,0.04503879747944032,0.1679356928560347,JPY
2017-10-17,6,19,0,0,0.15969178810207282,0.21236463361780034,1.6376968036719273,-0.0,0.15969178810208629,0.15969178810208765,JPY
2017-10-18,6,21,3,0,0.0,0.0,1.42908822974307,-0.0,-0.010898793220796258,-0.010898793220790615,JPY
2017-10-19,6,18,0,0,0.09201718526150536,0.26607636349090613,2.0238109785832807,-0.0,0.09201718526151316,0.0920171852615149,JPY
2017-10-20,6,18,0,0,0.0,0.0,1.796869807663543,-0.0,-0.1100061760405072,-0.11000617604050764,JPY
2017-10-21,1,18,0,0,0.0,0.0,2.3122599192162885,-0.0,-0.03776285258043384,-0.03776285258043535,JPY
2017-10-23,6,19,0,0,0.22150500077305896,0.5857291351544518,2.349135671156334,-0.0,0.221505000773045,0.22150500077304006,JPY
2017-10-24,6,19,0,0,0.0,0.13418429428568796,2.048505857412593,-0.0,-0.024351355408790323,-0.024351355408781694,JPY
2017-10-25,6,20,3,2,0.0,0.22086508936123359,2.279175575371694,-0.0,-0.007462477061708014,-0.007462477061698119,JPY
2017-10-26,6,17,6,3,0.6869678364822647,0.6906627043055423,2.4377578675068894,-0.039705747955024726,0.7266735844373045,0.686967836482275,JPY
2017-10-27,6,13,1,0,0.24110326031529916,0.24110326031529916,1.63110010507289,-0.06299344125848096,0.30409670157374913,0.2411032603152681,GBP
2017-10-28,1,12,1,0,0.0,0.0,1.1903848087412023,-0.0,-0.009281962911937152,-0.009281962911929037,GBP
2017-10-30,6,11,2,0,0.0,0.06709705389029309,1.1995554293630861,-0.15934432932614037,0.1159444027215906,-0.04339992660456062,GBP
2017-10-31,6,9,0,0,0.04284557611445277,0.04284557611445277,1.1890372044588366,-0.0,0.04284557611445266,0.04284557611444153,GBP
2017-11-01,6,9,0,0,0.035331019947988485,0.04920357968470409,1.314772411420494,-0.0,0.0353310199479901,0.03533101994799883,EUR
2017-11-02,6,9,5,0,0.06165252537926016,0.1263593442452727,1.1961627742638,-0.24326489529431497,0.3049174206735987,0.06165252537927396,EUR
2017-11-03,6,5,1,0,0.2517985965511577,0.2517985965511577,0.6380190403191736,-0.04673481914836488,0.2985334156995451,0.25179859655117065,EUR
2017-11-06,6,5,0,0,0.08524748873664613,0.14285647524079664,0.45985752505970073,-0.0,0.08524748873662842,0.08524748873662971,EUR
2017-11-07,6,6,0,0,0.08600346643548988,0.11221120059817942,0.4028240839291765,-0.0,0.0860034664354874,0.08600346643549507,EUR
2017-11-08,6,6,0,0,0.022048897240583343,0.05913839984213933,0.4523453856252792,-0.0,0.02204889724059529,0.022048897240591128,EUR
2017-11-09,6,8,0,0,0.01796056617495748,0.033421283100171305,0.5363572235174866,-0.0,0.017960566174948827,0.017960566174951422,EUR
2017-11-10,6,10,0,0,0.0,0.0022458657207718017,0.6338794396125197,-0.0,-0.06470478360202363,-0.06470478360202275,EUR
2017-11-13,6,11,0,0,0.18802314691228783,0.18802314691228783,0.9927716197520454,-0.0,0.1880231469122721,0.18802314691227232,EUR
2017-11-14,6,13,1,1,0.0,0.014107356005926252,1.0326296852783075,-0.0,-0.10333668298872196,-0.1033366829887142,EUR
2017-11-15,6,15,0,0,0.3009287357792009,0.3009287357792009,1.5330379109266534,-0.0,0.3009287357791991,0.30092873577919654,CHF
2017-11-16,6,16,0,0,0.0,0.03747561523885782,1.388492982304412,-0.0,-0.03599818672313737,-0.035998186723144136,CHF
2017-11-17,6,16,3,1,0.27273334293358337,0.3213388394421393,1.6838266422713406,0.015491757914959351,0.2572415850186292,0.27273334293358936,CHF
2017-11-20,6,15,3,0,0.1436738274359549,0.1436738274359549,1.381232242863778,-0.0,0.14367382743596352,0.14367382743596005,CHF
2017-11-21,6,12,0,0,0.06310736246255332,0.06310736246255332,1.2276407538252865,-0.0,0.06310736246258328,0.06310736246257742,CHF
2017-11-22,6,12,0,0,0.17601387793634782,0.1859553082540314,1.2965447777656085,-0.0,0.17601387793634626,0.17601387793634954,CHF
2017-11-23,6,13,0,0,0.07145472861771196,0.07145472861771196,1.3100238580189454,-0.0,0.07145472861771185,0.07145472861771367,CHF
2017-11-24,6,13,0,0,0.050503872466011075,0.050503872466011075,1.3735249534598781,-0.0,0.050503872466012255,0.050503872466016245,CHF
2017-11-27,6,13,1,0,0.1380327375356138,0.1380327375356138,1.2296632337741202,-0.0,0.13803273753559936,0.13803273753560436,CHF
2017-11-28,6,13,1,0,0.0,0.04574610057229754,1.3046618456067685,-0.1576015888739795,0.10840459093033009,-0.049196997943642226,CHF
2017-11-29,6,12,0,0,0.0,0.055075192203416924,1.3782842632742427,-0.1082772027966336,0.03767261549843185,-0.07060458729820361,CHF
2017-11-30,6,12,1,0,0.0,0.012332259041900582,1.3512645985910587,-0.0,-0.034530109262657184,-0.0345301092626575,CHF
2017-12-01,6,11,4,0,0.40989351775379607,0.40989351775379607,1.4325010776852303,-0.5467445747000926,0.9566380924538671,0.40989351775377386,CHF
2017-12-04,6,8,0,0,0.0,0.07869918126584129,0.6460597585400445,-0.0,-0.09856520295811108,-0.09856520295811096,CHF
2017-12-05,6,9,0,0,0.0,0.1085610255792355,0.851624859349631,-0.0,-0.11405017696654686,-0.11405017696654612,CHF
2017-12-06,6,9,2,0,0.036303364418704576,0.04001481502403164,1.033122929090637,-0.0,0.036303364418712514,0.03630336441871739,CAD
2017-12-07,6,7,0,0,0.0829226926723225,0.0829226926723225,0.9567734871882543,-0.060313679640853546,0.14323637231316114,0.08292269267230033,CAD
2017-12-08,6,7,0,0,0.009597614549545181,0.08658364703470524,0.7625614391499976,-0.0,0.009597614549557461,0.009597614549563085,CAD
2017-12-11,6,7,1,1,0.0,0.04496462679365914,0.7887892747428236,-0.0,-0.045298942512139145,-0.04529894251213921,CAD
2017-12-12,6,7,0,0,0.0,0.06668721357438186,0.9042218673624614,-0.0,-0.044750669507623735,-0.044750669507630965,CAD
2017-12-13,6,7,0,0,0.0,0.01702405707429276,0.9011009527074593,-0.0,-0.029133606260372043,-0.029133606260372896,CAD
2017-12-14,6,10,0,0,0.013214162958963315,0.12618379950286465,1.1162126090093742,-0.0,0.013214162958963315,0.013214162958963315,GBP
2017-12-15,6,13,2,0,0.1292225835233738,0.15216435761267094,1.181069683657846,-0.1647621641955398,0.29398474771891536,0.12922258352337632,JPY
2017-12-18,6,11,0,0,0.0,0.045423772371216045,1.0712300340899,-0.0,-0.05786410387112346,-0.05786410387112334,JPY
2017-12-19,6,13,1,0,0.0,0.0037754165677227457,1.242187529061431,-0.0,-0.008808972145837875,-0.008808972145832691,JPY
2017-12-20,6,12,0,0,0.0,0.11109601499744796,1.2096899379226904,-0.09958656243752209,0.057654177546080224,-0.04193238489144651,GBP
2017-12-21,6,12,2,0,0.09285346886800766,0.09285346886800766,1.378972685333042,-0.0,0.09285346886800079,0.09285346886799754,GBP
2017-12-22,6,12,0,0,0.16556012269698725,0.2338404897294946,1.1470888434796362,-0.0,0.1655601226969974,0.16556012269699652,GBP
2017-12-26,6,12,0,0,0.020317980223711184,0.08728553246514585,1.0194594937913997,-0.0,0.020317980223715615,0.020317980223721315,GBP
2017-12-27,6,12,0,0,0.005516838066645202,0.06672733298933133,1.0317608066813522,-0.0,0.005516838066631693,0.00551683806663507,GBP
2017-12-28,6,12,1,1,0.11165207242703294,0.11165207242703294,1.0372791910046661,0.1187057561366608,-0.007053683709646195,0.11165207242702115,GBP
2017-12-29,6,13,1,0,0.043723071957492275,0.043723071957492275,0.9706412038260694,-0.0,0.043723071957507055,0.04372307195749734,GBP
2018-01-02,6,14,0,0,0.0546158924589447,0.0546158924589447,1.1858387343828793,-0.0,0.054615892458952174,0.05461589245895227,GBP
2018-01-03,6,15,0,0,0.16758134067450298,0.2276522279914957,1.4108146851493624,-0.0,0.16758134067450067,0.16758134067450128,GBP
2018-01-04,6,15,0,0,0.0,0.09480452861510212,1.2643801095052403,-0.0,-0.053059254583394964,-0.05305925458340065,GBP
2018-01-05,6,15,0,0,0.23861229281172697,0.4285603780456465,1.7522303894525952,-0.0,0.23861229281173715,0.23861229281172952,GBP
2018-01-08,6,15,1,0,0.23976752716725505,0.23976752716725505,1.6050501443673926,-0.0,0.23976752716726352,0.23976752716726094,GBP
2018-01-09,6,14,3,0,0.3483693419017761,0.3483693419017761,1.064768655873708,-0.490058656838953,0.8384279987407065,0.3483693419017601,GBP
2018-01-10,6,12,1,0,0.3139757152409905,0.3139757152409905,1.0466509966325204,-0.0,0.31397571524095924,0.31397571524097195,GBP
2018-01-11,6,12,0,0,0.0,0.17198658121776367,1.198475268147198,-0.0,-0.05468982654096184,-0.05468982654096265,GBP
2018-01-12,6,12,0,0,0.0,0.0,1.2668913743589387,-0.0,-0.0864643960324052,-0.08646439603240862,GBP
2018-01-15,6,14,0,0,0.040872725754802545,0.040872725754802545,1.7981125499157438,-0.0,0.04087272575479565,0.04087272575479921,GBP
2018-01-16,6,14,1,0,0.09700304096029606,0.17207296987779588,1.883983634963917,-0.0,0.0970030409602755,0.09700304096027604,GBP
2018-01-17,6,14,1,0,0.0,0.10025635525048096,1.889107281805455,-0.09282131510986451,0.05907266201265244,-0.03374865309721112,GBP
2018-01-18,6,14,0,0,0.0972425433723716,0.0972425433723716,1.8105420863393813,-0.12101910930529532,0.21826165267766515,0.09724254337237327,GBP
2018-01-19,6,14,0,0,0.03445167318415395,0.07784637274470203,1.8925964818234116,-0.0,0.034451673184160814,0.03445167318415729,GBP
2018-01-22,6,14,0,0,0.0,0.009795106882594993,1.9362519646309706,-0.0,-0.026920112979980853,-0.026920112979984184,GBP
2018-01-23,6,14,1,0,0.24424873041016096,0.24424873041016096,2.148837575505047,-0.411017312796035,0.6552660432062007,0.24424873041016265,GBP
2018-01-24,6,13,1,1,0.0,0.02369434069832422,1.733351147657832,-0.0,-0.01881649552644468,-0.018816495526448526,GBP
2018-01-25,6,15,4,3,0.3841862359001581,0.3841862359001581,2.1162146035335323,0.1133805903722846,0.27080564552787945,0.38418623590015977,JPY
2018-01-26,6,12,1,0,0.11106754533952011,0.16928934234828008,1.8079424798266648,-0.11610859207066371,0.2271761374101618,0.11106754533950683,CAD
2018-01-29,6,13,2,0,0.14254836091449416,0.18045275184725146,1.478567844783203,-0.0,0.14254836091450154,0.14254836091450082,CAD
2018-01-30,6,11,2,1,0.07019295780001886,0.07019295780001886,1.1591255423636917,-0.07210808318020678,0.14230104098021434,0.07019295780000721,EUR
2018-01-31,6,10,2,0,0.06870048633273247,0.06870048633273247,1.1405234922050762,-0.0,0.06870048633273747,0.06870048633272748,EUR
2018-02-01,6,8,0,0,0.0,0.00037058737221851894,0.8610866386284466,-0.0,-0.05373982828246936,-0.0537398282824788,EUR
2018-02-02,6,9,0,0,0.0,0.0,0.9099677231564861,-0.0,-0.026172214749613974,-0.026172214749615064,EUR
2018-02-05,6,10,2,0,0.05003783953900321,0.05003783953900321,1.1273961933427343,-0.0,0.05003783953901523,0.050037839539016464,EUR
2018-02-06,6,12,4,2,0.12113414578832148,0.13347362172832392,0.8887089830589932,0.014845968963381098,0.106288176824923,0.12113414578831322,EUR
2018-02-07,6,9,0,0,0.30436953100014424,0.3211347161727693,0.8183019335679905,-0.05922546856999256,0.36359499957013225,0.30436953100015085,EUR
2018-02-08,6,10,2,1,0.10645624894876421,0.3093213994739073,0.568745977554361,0.05631886074294516,0.05013738820581194,0.10645624894874842,GBP
2018-02-09,6,9,3,2,0.22629599796153912,0.31197598391145426,0.6259280396163727,-0.05457736028205606,0.28087335824359355,0.22629599796154076,JPY
2018-02-12,6,6,0,0,0.0,0.03456501105695503,0.4398746878755821,-0.0,-0.015199059030726454,-0.01519905903072429,CAD
2018-02-13,6,7,1,0,0.016041335183410943,0.047461021729278394,0.4289771432873929,-0.1822113185837041,0.1982526537671162,0.016041335183418437,AUD
2018-02-14,6,7,2,1,0.1695705530033704,0.21219808212414007,0.4856771054731308,-0.0,0.16957055300336102,0.1695705530033579,USD
2018-02-15,6,5,0,0,0.0,0.0328494338796654,0.5805922731123476,-0.10409241119672921,0.08579075252157942,-0.018301658675159257,USD
2018-02-16,6,5,1,0,0.12706551801839652,0.18474991264184243,0.6354615776812625,-0.0,0.12706551801840155,0.12706551801839985,USD
2018-02-19,6,5,0,0,0.027829969339195522,0.06506320723907325,0.3655463559411779,-0.08502566298706912,0.11285563232626201,0.02782996933918638,USD
2018-02-20,6,6,0,0,0.05250163773884624,0.05250163773884624,0.41954742393167854,-0.0,0.05250163773884502,0.052501637738848736,EUR
2018-02-21,6,6,1,0,0.017623134548640496,0.04985698691340614,0.40391190866578247,-0.0,0.01762313454862705,0.017623134548630525,EUR
2018-02-22,6,5,0,0,0.06861816104721043,0.06861816104721043,0.3488739913855143,-0.06703419824765192,0.13565235929486447,0.06861816104720876,EUR
2018-02-23,6,6,0,0,0.019844790216546507,0.06927914953159782,0.3991129487277663,-0.0,0.01984479021653371,0.019844790216543184,EUR
2018-02-26,6,6,0,0,0.056673554790239666,0.056673554790239666,0.41279355303065013,-0.0,0.05667355479022897,0.05667355479022804,EUR
2018-02-27,6,6,0,0,0.0,0.10745468556518885,0.4442004343811497,-0.0,-0.029240425904278586,-0.029240425904274277,EUR
2018-02-28,6,6,1,1,0.12699046630762134,0.12699046630762134,0.5282823206147819,0.11685056249352778,0.010139903814117224,0.1269904663076338,EUR
2018-03-01,6,6,0,0,0.03404972450879482,0.0895604797958773,0.4099626881531315,-0.0,0.034049724508759205,0.03404972450876656,EUR
2018-03-02,6,6,0,0,0.06824562920576026,0.06824562920576026,0.4973589052115667,-0.0,0.06824562920575539,0.06824562920575278,EUR
2018-03-05,6,6,0,0,0.0,0.004589475721983784,0.49240304011675023,-0.0,-0.017065638205820348,-0.01706563820582346,EUR
2018-03-06,6,7,0,0,0.013943044867696552,0.055233079036212815,0.6708510308362283,-0.0,0.013943044867695101,0.013943044867695722,EUR
2018-03-07,6,7,0,0,0.026755815119830637,0.026755815119830637,0.7474115692880667,-0.0,0.02675581511982474,0.026755815119829808,USD
2018-03-08,6,7,3,0,0.1909127357933817,0.19306530683180056,0.8296044115823347,-0.11108546889662424,0.3019982046900257,0.19091273579339244,USD
2018-03-09,6,4,1,0,0.016877665997088488,0.016877665997088488,0.3454802698615163,-0.23019088512800123,0.2470685511250828,0.016877665997081858,USD
2018-03-12,6,3,0,0,0.0,0.009721934399157275,0.28588139737317786,-0.0,-0.01379157479269809,-0.013791574792702575,USD
2018-03-13,6,4,0,0,0.024390637746395695,0.04050068888263835,0.3620384839197116,-0.0,0.024390637746386386,0.02439063774639156,USD
2018-03-14,6,4,0,0,0.034502182176193934,0.07795060133045578,0.4898546872320869,-0.0,0.034502182176194454,0.03450218217618567,GBP
2018-03-15,6,4,0,0,0.00912158714498937,0.056136594965460744,0.4790948589552863,-0.0,0.009121587144979161,0.009121587144984407,GBP
2018-03-16,6,4,1,0,0.013365796508319835,0.013365796508319835,0.45300666898565756,-0.0,0.01336579650832273,0.01336579650832645,GBP
2018-03-19,6,5,0,0,0.026851336618175285,0.026851336618175285,0.4080002925761066,-0.0,0.026851336618155638,0.02685133661816702,GBP
2018-03-20,6,6,0,0,0.17814211924948264,0.23605689768641958,0.6792641459714813,-0.0,0.17814211924947565,0.1781421192494736,USD
2018-03-21,6,6,1,1,0.0,0.06654759844701724,0.5522142549746485,-0.0,-0.055386298684887404,-0.05538629868488889,USD
2018-03-22,6,9,1,0,0.19385485665042262,0.2551256936442211,0.8506428627236788,0.0592439361737549,0.13461092047669615,0.19385485665043908,CAD
2018-03-23,6,8,1,1,0.0,0.07701640459363598,0.6488848711359897,-0.0,-0.009616315575842837,-0.00961631557583361,CAD
2018-03-26,6,7,0,0,0.0,0.0,0.6625903738983029,-0.0,-0.0333456242248131,-0.033345624224805887,NZD
2018-03-27,6,8,1,0,0.19808851937312397,0.2065124203058934,1.0169327105169454,-0.1293047223349032,0.3273932417080172,0.19808851937311656,JPY
2018-03-28,6,7,1,0,0.0,0.05416681901102173,0.743923182978191,-0.0,-0.02167909154207586,-0.021679091542074112,JPY
2018-03-29,6,6,2,0,0.10904660955212335,0.10904660955212335,0.6190399545110119,-0.27787460141384307,0.38692121096595106,0.10904660955210033,NZD
2018-03-30,6,4,0,0,0.008366382680977889,0.02121145069918893,0.23174714716934397,-0.0,0.008366382680969762,0.008366382680968835,NZD
2018-03-31,1,4,0,0,0.0,0.0,0.24781186895415488,-0.0,-0.013842187025311717,-0.013842187025309993,NZD
2018-04-02,6,4,0,0,0.07994491237039893,0.07994491237039893,0.2616178423484289,-0.0,0.07994491237041383,0.07994491237041045,NZD
2018-04-03,6,4,2,0,0.049396342502234146,0.06918421559954491,0.09949655440395885,-0.0,0.04939634250223166,0.049396342502234146,NZD
2018-04-04,6,4,0,0,0.0,0.04579837592677886,0.17462256467510967,-0.0,-0.026886596806439032,-0.026886596806436243,NZD
2018-04-05,6,4,0,0,0.21207155907055683,0.21207155907055683,0.35999792651558615,-0.0,0.21207155907055655,0.21207155907056507,CAD
2018-04-06,6,5,0,0,0.008817550261267055,0.042089838949350776,0.20286050998276237,-0.0,0.008817550261272957,0.008817550261267055,CAD
2018-04-07,1,5,0,0,0.0,0.0,0.40224452283331374,-0.0,-0.004763106504684944,-0.004763106504682725,CAD
2018-04-09,6,5,0,0,0.0,0.10020794400455399,0.40698824405447964,-0.0,-0.007787734707423728,-0.007787734707430248,CAD
2018-04-10,6,6,1,0,0.11890052487163379,0.18868513802823517,0.4794405151456826,-0.0,0.11890052487164682,0.11890052487165516,CAD
2018-04-11,6,5,0,0,0.06648193554208359,0.12538702418517975,0.39315491999141455,-0.0,0.06648193554208805,0.0664819355420877,CAD
2018-04-12,6,6,0,0,0.0,0.0756203018590714,0.2877319516705689,-0.0,-0.030935376420753308,-0.030935376420752128,CAD
2018-04-13,6,6,1,1,0.05937366337281188,0.07718398862256406,0.42244498243036416,-0.0,0.0593736633727837,0.05937366337278718,CAD
2018-04-14,1,5,0,0,0.0,0.0,0.40474105951037165,-0.0,-0.005849468394319435,-0.005849468394329162,CAD
2018-04-16,6,6,0,0,0.010821714652533053,0.03267243965651403,0.4105665119463477,-0.0,0.010821714652526467,0.010821714652534701,CAD
2018-04-17,6,6,1,1,0.09318877705775531,0.11643240490463104,0.44186658012454644,0.11585429454177007,-0.022665517484008534,0.09318877705776521,EUR
2018-04-18,6,5,1,0,0.010749742544342114,0.05436944955406926,0.36809974462517997,-0.12098360193618139,0.13173334448053833,0.010749742544354473,EUR
2018-04-19,6,4,1,0,0.01696459701475619,0.01796028826391175,0.27044214786491444,-0.0,0.016964597014755063,0.01696459701475619,EUR
2018-04-20,6,3,0,0,0.0,0.026702830772710566,0.27722881585121845,-0.0,-0.01767903109525455,-0.01767903109524934,EUR
2018-04-21,1,3,0,0,0.0,0.0,0.42751342102287043,-0.0,-0.004784336043896731,-0.004784336043899544,EUR
2018-04-23,6,4,0,0,0.022878889346461956,0.03615711037374451,0.4444499367835991,-0.0,0.022878889346451374,0.02287888934644634,EUR
2018-04-24,6,4,0,0,0.0,0.023065603944264455,0.5760973438860335,-0.0,-0.014106921656163545,-0.014106921656165545,EUR
2018-04-25,6,5,0,0,0.0,0.029329126232140564,0.5383169081455781,-0.0,-0.015008481693353387,-0.01500848169334662,USD
2018-04-26,6,5,0,0,0.09447497671971733,0.09447497671971733,0.6753112181166423,-0.0,0.09447497671970169,0.09447497671970422,JPY
2018-04-27,6,6,2,0,0.1240583633403913,0.1240583633403913,0.6354517014213011,-0.21027846853232252,0.33433683187270924,0.12405836334038474,JPY
2018-04-28,1,4,0,0,0.0102454938700085,0.0102454938700085,0.39991474489675155,-0.0,0.01024549387000866,0.010245493870017537,JPY
2018-04-30,6,5,0,0,0.086385444390414,0.09684455737319884,0.488549453505702,-0.0,0.08638544439040663,0.08638544439040331,JPY
2018-05-01,6,6,0,0,0.18594440821673197,0.21143278596214843,0.6038539876332052,-0.0,0.1859444082167476,0.1859444082167443,JPY
2018-05-02,6,7,0,0,0.09765607477110844,0.17855137202013693,0.5987040546246721,-0.0,0.09765607477110945,0.09765607477111503,JPY
2018-05-03,6,7,1,1,0.26970547375103365,0.3450160067319437,0.7616037085978686,0.11596722738017394,0.1537382463708802,0.2697054737510419,JPY
2018-05-04,6,6,1,1,0.15501748765107784,0.15501748765107784,0.6713673075403722,0.11619346131820968,0.03882402633289463,0.15501748765109766,JPY
2018-05-05,1,5,0,0,0.0,0.0,0.5778950696746176,-0.0,-0.005983887194630159,-0.005983887194631089,JPY
2018-05-07,6,5,0,0,0.05033299257844904,0.05033299257844904,0.5838440203016844,-0.0,0.050332992578453,0.05033299257845812,JPY
2018-05-08,6,5,0,0,0.2122668096898212,0.2122668096898212,0.5626813134488663,-0.0,0.21226680968982878,0.21226680968982947,JPY
2018-05-09,6,5,1,0,0.04837428474417581,0.06303083434609207,0.3852680601037557,-0.0,0.04837428474417767,0.048374284744171665,JPY
2018-05-10,6,6,0,0,0.0,0.08361583343138031,0.42658828568357926,-0.0,-0.01674974759598188,-0.016749747595978626,JPY
2018-05-11,6,6,0,0,0.019234787174546637,0.05105251758538128,0.6175477928557283,-0.0,0.019234787174523902,0.01923478717452849,JPY
2018-05-12,1,6,0,0,0.014549912275141233,0.014549912275141233,0.6365102225805954,-0.0,0.014549912275146076,0.014549912275145358,JPY
2018-05-14,6,6,0,0,0.01792611193770719,0.13377150054456388,0.680714074334214,-0.0,0.017926111937712246,0.017926111937708846,JPY
2018-05-15,6,7,3,3,0.15105629858517045,0.18150164719165854,0.834172936021192,0.23222778410512518,-0.08117148551996936,0.15105629858515804,JPY
2018-05-16,6,5,0,0,0.027560736589321906,0.027560736589321906,0.720890455579035,0.11628955474960853,-0.08872881816024909,0.027560736589351653,JPY
2018-05-17,6,5,0,0,0.02587725995702302,0.02587725995702302,0.8278103693944929,-0.0,0.02587725995701864,0.025877259957018065,JPY
2018-05-18,6,5,0,0,0.0,0.03918332424982345,0.8080305575193948,-0.0,-0.03590926927773198,-0.035909269277738076,JPY
2018-05-19,1,5,0,0,0.0,0.0,0.9220991118701602,-0.0,-0.04111376612319761,-0.04111376612319751,JPY
2018-05-21,6,5,0,0,0.0,0.004073239943482022,0.7954649873787554,-0.0,-0.04083286724136375,-0.04083286724136067,JPY
2018-05-22,6,6,0,0,0.04035431768729362,0.06934078754991191,0.9840218327878072,-0.0,0.040354317687307746,0.04035431768731006,JPY
2018-05-23,6,9,2,0,0.10286789793082504,0.10286789793082504,1.0489564315281374,-0.2472759945023242,0.35014389243313165,0.10286789793081848,USD
2018-05-24,6,7,0,0,0.1690105744593986,0.1690105744593986,0.7919866319243978,-0.0,0.1690105744594057,0.1690105744594019,JPY
2018-05-25,6,7,2,2,0.0330772888280544,0.07879427770690975,0.6308396846797488,-0.0,0.033077288828048904,0.033077288828045344,JPY
2018-05-26,1,5,0,0,0.0,0.0,0.5423228250761456,-0.0,-0.0054288747667433,-0.0054288747667402115,EUR
2018-05-28,6,5,0,0,0.042351050357197495,0.1305542176030913,0.5477219647033538,-0.0,0.04235105035720983,0.04235105035720162,EUR
2018-05-29,6,6,1,1,0.305074362472712,0.305074362472712,0.7668058340478229,-0.0,0.30507436247271824,0.3050743624727137,JPY
2018-05-30,6,7,2,0,0.062087518422817047,0.062087518422817047,0.5319019428318172,0.11630259362575704,-0.05421507520294437,0.06208751842282119,JPY
2018-05-31,6,5,0,0,0.08902545941683668,0.08902545941683668,0.6256401390173872,-0.0,0.08902545941683682,0.08902545941683998,JPY
2018-06-01,6,6,0,0,0.006669849621792888,0.006669849621792888,0.6038087331270419,-0.0,0.00666984962180151,0.006669849621806931,JPY
2018-06-02,1,6,0,0,0.0,0.0,0.7790243492820828,-0.0,-0.010556408934092256,-0.010556408934091053,JPY
2018-06-04,6,6,0,0,0.0,0.0,0.7894974156404465,-0.0,-0.017159290094242358,-0.017159290094238267,JPY
2018-06-05,6,6,0,0,0.20219786273220972,0.24622541943195492,0.9569620406498711,-0.0,0.2021978627321978,0.2021978627321884,JPY
2018-06-06,6,6,0,0,0.0,0.0,0.811466466849076,-0.0,-0.07715520371124118,-0.07715520371123795,JPY
2018-06-07,6,6,0,0,0.13508729782557716,0.16861973022103713,1.111481012141723,-0.0,0.1350872978255727,0.13508729782557388,JPY
2018-06-08,6,6,3,0,0.16171625841709497,0.16961032166844825,0.6706003553202216,-0.19269911745977805,0.35441537587688665,0.16171625841709825,JPY
2018-06-09,1,3,0,0,0.0,0.0,0.19850382058667673,-0.0,-0.013496027246217072,-0.013496027246215722,USD
2018-06-11,6,3,0,0,0.0,0.0,0.21197124013659735,-0.0,-0.0006818210840246303,-0.0006818210840268214,USD
2018-06-12,6,3,0,0,0.019655362000723455,0.05481317819697666,0.22210689875653725,-0.0,0.019655362000714133,0.019655362000715236,NZD
2018-06-13,6,5,0,0,0.037055225747025376,0.06352304422548778,0.33341538136894167,-0.0,0.037055225747019124,0.037055225747018805,AUD
2018-06-14,6,7,2,1,0.3927659066522405,0.3927659066522405,0.5262299721952287,0.07546839316830654,0.31729751348393664,0.3927659066522487,AUD
2018-06-15,6,8,0,0,0.025645927621835138,0.13441196858788834,0.31399601359987367,-0.0,0.025645927621831294,0.025645927621825233,AUD
2018-06-16,1,8,0,0,0.05734205662916446,0.05734205662916446,0.2884240550024284,-0.0,0.05734205662918009,0.05734205662918098,AUD
2018-06-18,6,10,0,0,0.16246255014906794,0.19373867637555886,0.4762589265362554,-0.0,0.16246255014906477,0.16246255014906794,AUD
2018-06-19,6,11,2,2,0.594015161113158,0.594015161113158,0.9133752887191162,0.23271286219741483,0.3613022989157516,0.5940151611131653,AUD
2018-06-20,6,11,0,0,0.0,0.08883401721375465,0.6241771762965228,-0.0,-0.10041266422686741,-0.10041266422686711,AUD
2018-06-21,6,12,0,0,0.06583230101078,0.1637867995737969,0.896123839662004,-0.0,0.06583230101077274,0.06583230101076921,AUD
2018-06-22,6,12,0,0,0.04428185120297358,0.04428185120297358,0.8784779823468808,-0.0,0.04428185120297566,0.04428185120297524,AUD
2018-06-23,1,12,0,0,0.0,0.0,1.1609470867870872,-0.0,-0.043663592802654215,-0.04366359280265143,JPY
2018-06-25,6,13,1,0,0.3061691884462573,0.3061691884462573,1.2040849328476693,-0.0783263624547415,0.3844955509009963,0.3061691884462589,JPY
2018-06-26,6,12,2,0,0.15497801414788773,0.15497801414788773,0.9362392848201244,-0.0,0.1549780141478684,0.15497801414787285,JPY
2018-06-27,6,10,1,1,0.2000167543694318,0.3448232669380609,0.9358613572103531,0.04873577120489192,0.15128098316453947,0.20001675436942604,JPY
2018-06-28,6,10,1,1,0.0,0.00840346951660217,0.8000815466766329,-0.0,-0.06965154439890454,-0.06965154439889196,JPY
2018-06-29,6,10,0,0,0.02617510547013916,0.02617510547013916,1.133265899576492,-0.0,0.02617510547015302,0.026175105470148223,JPY
2018-06-30,1,10,0,0,0.0,0.0,1.6398911237846419,-0.0,-0.028740276418320807,-0.028740276418322035,JPY
2018-07-02,6,11,0,0,0.19345041595413348,0.19345041595413348,1.668151968716101,-0.0,0.1934504159541157,0.19345041595411547,JPY
2018-07-03,6,11,0,0,0.030568565205605303,0.299000289601292,1.2205465160709164,-0.0,0.030568565205586425,0.03056856520559381,JPY
2018-07-04,6,11,3,1,0.09661305302999429,0.09661305302999429,1.2178997136965695,-0.0013546835669721849,0.09796773659694544,0.09661305302996802,JPY
2018-07-05,6,8,1,0,0.1177609397420227,0.1177609397420227,0.8897729056753498,-0.0,0.11776093974201943,0.11776093974201778,JPY
2018-07-06,6,7,0,0,0.03349886657606296,0.03349886657606296,0.75631233858889,-0.0,0.03349886657606296,0.033498866576066245,JPY
2018-07-07,1,8,0,0,0.0,0.0,0.8428223459814066,-0.0,-0.04927072862377588,-0.04927072862378224,JPY
2018-07-09,6,8,0,0,0.0036620323672424296,0.04387903912321482,0.9298287074634809,-0.0,0.003662032367235715,0.003662032367239149,JPY
2018-07-10,6,10,0,0,0.0,0.006033531459615188,1.0731847966185706,-0.0,-0.05226953865769897,-0.05226953865770512,JPY
2018-07-11,6,10,0,0,0.09339640642801557,0.09339640642801557,1.2385425530932679,-0.0,0.09339640642802853,0.09339640642802863,JPY
2018-07-12,6,10,0,0,0.010445195841023689,0.028800213168067364,1.3188726075053352,-0.0,0.010445195841028985,0.01044519584102532,JPY
2018-07-13,6,12,2,0,0.09241803146985682,0.09241803146985682,1.291472661172524,-0.06117597895389014,0.15359401042373066,0.09241803146985192,JPY
2018-07-14,1,10,0,0,0.019015026637806458,0.019015026637806458,1.2334224507288116,-0.0,0.01901502663781358,0.019015026637812973,GBP
2018-07-16,6,10,1,0,0.0,0.09549904428508053,1.2284539768335208,-0.11593637750668877,0.10258329356273996,-0.013353083943958073,GBP
2018-07-17,6,11,0,0,0.15091688222087365,0.19484945791281164,1.3080206680256692,-0.0,0.15091688222087438,0.15091688222087285,GBP
2018-07-18,6,14,2,1,0.3835546449717585,0.4524809065928568,1.3407816771408436,-0.025311335037606048,0.4088659800093834,0.38355464497177316,GBP
2018-07-19,6,13,3,1,0.0,0.1195344689594671,0.9834953329193106,-0.0,-0.010408688370240836,-0.010408688370240785,GBP
2018-07-20,6,13,2,0,0.017944419705110327,0.06483157152487598,1.01192265458301,-0.09836504805467851,0.1163094677597828,0.01794441970510951,EUR
2018-07-21,1,11,0,0,0.002198177792444892,0.002198177792444892,0.884725040185575,-0.0,0.002198177792447539,0.0021981777924497785,EUR
2018-07-23,6,12,1,0,0.08694300074715652,0.11623883904802951,0.6951284500889238,-0.12186394048116446,0.20880694122832438,0.08694300074715246,EUR
2018-07-24,6,15,1,0,0.03729097448223135,0.05111003767889942,0.7159975318440243,-0.0,0.03729097448222896,0.037290974482228095,CHF
2018-07-25,6,14,1,0,0.14562366834180535,0.18810048278841265,0.9103725682912,-0.0,0.1456236683418005,0.14562366834179802,CHF
2018-07-26,6,14,2,1,0.6345321106811609,0.6598287202620937,1.0794632126565837,0.11432829051506738,0.5202038201660956,0.6345321106811537,CHF
2018-07-27,6,12,0,0,0.002895649079030189,0.019574362198859,0.4451460543432797,-0.05598210637307877,0.058877755452107126,0.002895649079033459,CHF
2018-07-28,1,12,0,0,0.03634333126667921,0.03634333126667921,0.6210803835658709,-0.0,0.0363433312666508,0.03634333126665636,CHF
2018-07-30,6,13,2,2,0.28360799281497484,0.29874076876659394,0.6598522290196978,0.22979359571683827,0.05381439709816602,0.2836079928149994,AUD
2018-07-31,6,14,1,0,0.0,0.11919741543220737,0.5474033110942728,-0.0,-0.02724859584624875,-0.027248595846250348,AUD
2018-08-01,6,15,1,1,0.15291450673352214,0.18332820970947264,0.8024257573109456,0.11509473623832706,0.03781977049521201,0.1529145067335434,CHF
2018-08-02,6,16,3,2,0.19051901256906303,0.19051901256906303,0.7405452918883421,0.11527100232293595,0.07524801024610739,0.1905190125690401,CHF
2018-08-03,6,13,0,0,0.016541552667708306,0.13643859120748225,0.6770839684163443,-0.0,0.01654155266770891,0.01654155266771569,AUD
2018-08-04,1,13,0,0,0.0,0.0,0.6516209088417958,-0.0,-0.00889915186966356,-0.008899151869664097,EUR
2018-08-06,6,13,0,0,0.053836382677601685,0.053836382677601685,0.7011151603330044,-0.0,0.053836382677589445,0.05383638267759021,EUR
2018-08-07,6,14,0,0,0.0,0.0,0.7617057283264203,-0.0,-0.008370740847458433,-0.008370740847461838,EUR
2018-08-08,6,15,1,0,0.16061792786958157,0.16061792786958157,1.0464698358098068,-0.0,0.16061792786958556,0.1606179278695783,NZD
2018-08-09,6,15,4,2,0.0,0.15464006743751657,0.9410027910931886,-0.0,-0.3261097656237481,-0.32610976562374855,AUD
2018-08-10,6,11,7,2,0.576443711554722,0.6000150255468235,1.2448984142326611,-0.33616788592985924,0.9126115974845812,0.5764437115547204,JPY
2018-08-11,1,4,0,0,0.04921871868887316,0.04921871868887316,0.41845207748428587,-0.0,0.04921871868885687,0.04921871868885924,JPY
2018-08-13,6,5,1,0,0.0257273825960612,0.0257273825960612,0.4133582832697975,-0.0,0.025727382596089372,0.025727382596085768,JPY
2018-08-14,6,6,0,0,0.0,0.12731013952276138,0.5279481510130084,-0.0,-0.007630385021345397,-0.007630385021354164,CAD
2018-08-15,6,6,0,0,0.3927024362740044,0.4988899820645058,0.8603517731100789,-0.0,0.3927024362739957,0.3927024362739946,JPY
2018-08-16,6,7,1,0,0.04244525516755775,0.05613720464161027,0.5227582203004864,-0.0,0.04244525516755585,0.042445255167559384,JPY
2018-08-17,6,6,0,0,0.12775574267729214,0.1732764682931755,0.45958383451248813,-0.0,0.1277557426772686,0.1277557426772725,CAD
2018-08-18,1,6,0,0,0.023615958424082636,0.023615958424082636,0.59425136849401,-0.0,0.023615958424078546,0.023615958424071184,CAD
2018-08-20,6,8,0,0,0.1525189876653428,0.16337277637400824,0.6446793718751089,-0.0,0.152518987665347,0.15251898766535016,JPY
2018-08-21,6,8,0,0,0.05572232345372733,0.06763279225858775,0.5771272976791866,-0.0,0.055722323453725284,0.055722323453724056,JPY
2018-08-22,6,8,0,0,0.09890533661962314,0.09890533661962314,0.7142325084456872,-0.0,0.09890533661963241,0.09890533661962807,JPY
2018-08-23,6,8,0,0,0.0,0.008938273581364202,0.8597208867943342,-0.0,-0.010600317327250567,-0.01060031732724584,JPY
2018-08-24,6,9,0,0,0.1635674437860438,0.1893951326876433,1.1192040667930148,-0.0,0.1635674437860536,0.16356744378604704,JPY
2018-08-25,1,9,0,0,0.0,0.0,0.9572022943316706,-0.0,-0.029260672120683166,-0.029260672120684273,JPY
2018-08-27,6,10,0,0,0.0552706345338652,0.0552706345338652,1.0177839320577264,-0.0,0.05527063453386957,0.055270634533875006,JPY
2018-08-28,6,10,0,0,0.13496542700546568,0.2208907387274103,1.0997061483085517,-0.0,0.13496542700548228,0.1349654270054763,USD
2018-08-29,6,11,0,0,0.031703073853976374,0.0742193313924037,1.022819670722753,-0.0,0.031703073853995636,0.031703073853990266,USD
2018-08-30,6,11,3,1,0.025516113435603248,0.10288932422772691,1.1090983702376882,0.11468611263881813,-0.08916999920322753,0.02551611343559103,USD
2018-08-31,6,8,1,0,0.014670402331748385,0.055572147410788565,0.9738051941609762,-0.07328734997161024,0.08795775230336503,0.014670402331761414,USD
2018-09-01,1,7,0,0,0.04746798409832918,0.04746798409832918,1.1095647066503123,-0.0,0.04746798409833455,0.04746798409833813,USD
2018-09-03,6,7,1,0,0.014765578588959811,0.05997198146898217,1.062601117881648,-0.0,0.014765578588960701,0.014765578588959811,USD
2018-09-04,6,6,0,0,0.004603232198945375,0.004603232198945375,0.8565446539826296,-0.0,0.0046032321989621,0.004603232198960829,USD
2018-09-05,6,6,1,0,0.05803669551098801,0.06910281202874953,0.8862707147067973,-0.0,0.05803669551101005,0.05803669551100342,USD
2018-09-06,6,5,0,0,0.13611766287376828,0.13611766287376828,0.7579113035110149,-0.16267995618709608,0.29879761906087277,0.13611766287377558,USD
2018-09-07,6,7,0,0,0.0998292736324172,0.0998292736324172,0.7066965538470781,-0.0,0.0998292736324032,0.09982927363240339,USD
2018-09-08,1,7,0,0,0.023740086354854775,0.023740086354854775,0.8024841057076815,-0.0,0.023740086354880324,0.023740086354875883,USD
2018-09-10,6,9,0,0,0.01641295055751616,0.01641295055751616,0.8799844412516559,-0.0,0.016412950557503095,0.016412950557503168,USD
2018-09-11,6,10,1,0,0.021034099667182653,0.143500168193427,1.068221512725573,-0.0,0.02103409966719046,0.02103409966719563,EUR
2018-09-12,6,9,2,0,0.0,0.0987467701310618,0.8127253260006043,-0.15085731035428898,0.09787817789973619,-0.05297913245454871,JPY
2018-09-13,6,7,0,0,0.00467284931176801,0.006024457645088338,0.8803837908493088,-0.0,0.004672849311771629,0.004672849311778541,JPY
2018-09-14,6,7,0,0,0.08698320133196277,0.09543444307744667,0.868624220320098,-0.0,0.08698320133194602,0.08698320133194662,EUR
2018-09-15,1,7,0,0,0.0,0.0,0.7823215072798758,-0.0,-0.0028484035237881446,-0.002848403523786225,EUR
2018-09-17,6,7,0,0,0.05139672235970695,0.05139672235970695,0.7858062992792881,-0.0,0.051396722359696195,0.051396722359694016,EUR
2018-09-18,6,7,0,0,0.05352662927898598,0.05352662927898598,0.7418395114258305,-0.0,0.05352662927897966,0.053526629278979505,EUR
2018-09-19,6,8,1,0,0.040540614720254844,0.09387839861424496,0.8702313521727173,-0.22868646712790242,0.26922708184814614,0.040540614720240314,EUR
2018-09-20,6,9,1,1,0.0,0.024354361533316073,0.7426665957157284,-0.0,-0.010930790569606347,-0.010930790569609728,EUR
2018-09-21,6,8,0,0,0.1641992576174772,0.22859083697396354,1.0475732345994684,-0.0,0.16419925761748083,0.16419925761747398,EUR
2018-09-22,1,8,0,0,0.019760865296320398,0.019760865296320398,0.8897032944666476,-0.0,0.019760865296323073,0.019760865296322823,EUR
2018-09-24,6,10,1,0,0.0,0.0,0.8794222286630362,-0.0,-0.03306056299846532,-0.033060562998470266,EUR
2018-09-25,6,10,0,0,0.0,0.021864452806332875,0.9401024761161839,-0.0,-0.02273989382026336,-0.022739893820256412,EUR
2018-09-26,6,10,0,0,0.11816647566832876,0.13720773295962185,1.157506355690379,-0.0,0.11816647566835117,0.11816647566834644,GBP
2018-09-27,6,11,1,0,0.0414823145175198,0.05596476920200257,0.9992945650493874,-0.0,0.04148231451751416,0.04148231451751819,GBP
2018-09-28,6,10,2,0,0.11862811436055175,0.14855024080909637,1.0413603403662635,-0.15584998476507642,0.27447809912561744,0.11862811436053888,NZD
2018-09-29,1,8,0,0,0.0,0.0,1.0355594843180969,-0.0,-0.03786193696188013,-0.03786193696188133,NZD
2018-10-01,6,8,0,0,0.0,0.05791264350248848,1.0730151569576594,-0.0,-0.08390295385723649,-0.08390295385723066,NZD
2018-10-02,6,8,0,0,0.1008133437101366,0.15410271796443767,1.003226594042218,-0.0,0.10081334371015145,0.10081334371014863,NZD
2018-10-03,6,8,0,0,0.0,0.0,0.9151828746545008,-0.0,-0.036120155107527564,-0.036120155107522194,NZD
2018-10-04,6,8,0,0,0.0,0.032712212782689196,1.2800222645929016,-0.0,-0.052024194910136635,-0.05202419491014054,NZD
2018-10-05,6,9,1,0,0.0,0.0,1.283280576203797,-0.0,-0.00490739464276641,-0.004907394642759421,NZD
2018-10-06,1,8,0,0,0.0,0.0,1.1411805308733052,-0.0,-0.014197982827652804,-0.014197982827656788,NZD
2018-10-08,6,8,2,0,0.17442788904809206,0.20682285768268738,1.155214496545123,-0.10274425623161168,0.27717214527969364,0.1744278890480865,GBP
2018-10-09,6,6,0,0,0.0680969403553655,0.08161525858332933,0.5527944937452509,-0.0,0.06809694035535463,0.06809694035535513,GBP
2018-10-10,6,6,1,0,0.011093960146262875,0.011093960146262875,0.5344353567815912,-0.0,0.01109396014624334,0.011093960146242143,GBP
2018-10-11,6,5,2,0,0.0869679526746572,0.10478561764832943,0.6049456731590929,-0.0,0.08696795267463152,0.08696795267464366,GBP
2018-10-12,6,4,2,0,0.11487801441802399,0.13097625032952082,0.4217494173928406,-0.05893542224104715,0.1738134366590578,0.11487801441801522,GBP
2018-10-13,1,3,0,0,0.0,0.0,0.08125145756248013,-0.0,-0.011350446741006244,-0.011350446741013128,JPY
2018-10-15,6,3,1,0,0.1019440541839388,0.1019440541839388,0.13644039579959738,-0.05718665347371157,0.15913070765766668,0.10194405418396116,JPY
2018-10-16,6,2,0,0,0.0,0.008766382638893911,0.07216408397707211,-0.0,-0.0064681926578649815,-0.006468192657857706,JPY
2018-10-17,6,3,0,0,0.03062113565106654,0.04414855940849205,0.20409422428264914,-0.0,0.030621135651067517,0.03062113565106973,JPY
2018-10-18,6,5,0,0,0.27168242618843036,0.2954313527223989,0.4411228649636906,-0.0,0.2716824261884204,0.2716824261884264,JPY
2018-10-19,6,5,0,0,0.011403982919923221,0.02181948137310381,0.17169321356304734,-0.0,0.011403982919937038,0.011403982919933614,JPY
2018-10-20,1,6,0,0,0.0,0.0,0.31079525076322956,-0.0,-0.03684838983151821,-0.036848389831516476,JPY
2018-10-22,6,6,0,0,0.06756979067688659,0.17433756478247645,0.35242469786920816,-0.0,0.06756979067687605,0.06756979067687144,JPY
2018-10-23,6,8,2,2,0.2603148454115081,0.26408597623511776,0.4649556300845201,0.11240258404414487,0.14791226136738855,0.2603148454115337,JPY
2018-10-24,6,6,1,0,0.2519045731585945,0.2885890722492556,0.4092975279015065,-0.08350975283314813,0.33541432599174015,0.25190457315859693,JPY
2018-10-25,6,9,0,0,0.1772893818671603,0.2842184106747245,0.4251921192906539,-0.0,0.17728938186716514,0.17728938186716833,CHF
2018-10-26,6,10,1,1,0.2469789357871921,0.2469789357871921,0.5674174142610113,-0.0,0.24697893578718316,0.24697893578718003,EUR
2018-10-27,1,9,0,0,0.0,0.0,0.4359066382986412,-0.0,-0.004609047901266952,-0.004609047901268965,EUR
2018-10-29,6,10,0,0,0.009624181241820412,0.042824753211865844,0.4651693040668575,-0.0,0.00962418124184335,0.00962418124183973,EUR
2018-10-30,6,11,2,2,0.07428529069530768,0.14232185466513889,0.6501653361658577,0.22635274677642547,-0.15206745608110675,0.07428529069532858,EUR
2018-10-31,6,9,0,0,0.02298227070098948,0.02298227070098948,0.5936714019209783,-0.0,0.022982270700994817,0.02298227070098787,EUR
2018-11-01,6,9,1,1,0.0,0.0,0.610027368179715,-0.0,-0.22143425334593858,-0.22143425334593408,EUR
2018-11-02,6,8,0,0,0.07669478999164164,0.12828321717802257,1.1789603172728262,-0.0,0.07669478999163916,0.07669478999163366,CHF
2018-11-05,6,8,0,0,0.0,0.01624741200719371,1.1555355804971637,-0.0,-0.032272766524898036,-0.032272766524903226,CHF
2018-11-06,6,8,0,0,0.0,0.0017241499597639184,1.261204188512938,-0.0,-0.03249857866690744,-0.03249857866690057,EUR
2018-11-07,6,8,0,0,0.0,0.05527691454180985,1.4781980561742916,-0.0,-0.011258902310404379,-0.011258902310410736,EUR
2018-11-08,6,8,0,0,0.09409784339669214,0.1522154467527876,1.5696928735849727,-0.0,0.0940978433966995,0.09409784339669851,EUR
2018-11-09,6,8,2,0,0.18906339361919886,0.18906339361919886,1.028630439698043,-0.2827177651756287,0.4717811587948411,0.189063393619206,EUR
2018-11-12,6,7,1,0,0.301762871445079,0.301762871445079,0.6648847392422009,-0.07714414805276062,0.3789070194978191,0.30176287144506314,EUR
2018-11-13,6,6,0,0,0.0,0.01535617662974048,0.36533266490956134,-0.0,-0.016909304525352453,-0.016909304525349406,EUR
2018-11-14,6,6,0,0,0.037910223501741384,0.0971598785968176,0.6209319971069558,-0.0,0.037910223501746165,0.037910223501745374,EUR
2018-11-15,6,7,0,0,0.06477355772076289,0.20216418887999965,0.6955169770626871,-0.0,0.06477355772077024,0.06477355772077244,EUR
2018-11-16,6,7,0,0,0.0002308749115656963,0.006713685857593176,0.7990049005697454,-0.0,0.0002308749115613237,0.00023087491155297598,EUR
2018-11-19,6,7,2,1,0.17822861594597358,0.17822861594597358,0.9032370134105859,-0.2119132063374505,0.3901418222834266,0.17822861594597122,EUR
2018-11-20,6,6,2,2,0.22793308952744248,0.22793308952744248,0.6533808894924957,-0.0,0.22793308952744248,0.2279330895274417,EUR
2018-11-21,6,5,0,0,0.0,0.07888710314753321,0.4522914805477115,-0.0,-0.03149449689932701,-0.03149449689932253,CAD
2018-11-22,6,5,0,0,0.06642350131930519,0.06642350131930519,0.5177146820642509,-0.0,0.06642350131928462,0.06642350131929244,AUD
2018-11-23,6,6,3,0,0.07006060477399034,0.07006060477399034,0.4698888633267853,-0.0,0.07006060477399897,0.07006060477399274,AUD
2018-11-26,6,5,0,0,0.015409872461989885,0.1631862008997123,0.2066192212930632,-0.0,0.015409872461976542,0.015409872461973128,CHF
2018-11-27,6,5,0,0,0.0288814272062554,0.13666251091028842,0.20987491684911372,-0.0,0.0288814272062554,0.028881427206261787,CHF
2018-11-28,6,6,0,0,0.0,0.01793326693108912,0.31421630450554794,-0.0,-0.010820905984498473,-0.010820905984503457,AUD
2018-11-29,6,6,0,0,0.12192131980845675,0.12192131980845675,0.4975175456525374,-0.0,0.12192131980845648,0.12192131980845275,CHF
2018-11-30,6,6,0,0,0.07764956920556303,0.07764956920556303,0.6169101583430305,-0.0,0.07764956920556208,0.07764956920555827,CHF
2018-12-03,6,8,0,0,0.0,0.08228437981812119,0.4466227667153598,-0.0,-0.20549860194336625,-0.20549860194336456,CHF
2018-12-04,6,9,1,1,0.1901266888166348,0.22981686122592032,0.8114840201006727,-0.0,0.1901266888166357,0.19012668881664352,JPY
2018-12-05,6,11,4,0,0.0838483161532413,0.0838483161532413,0.5688369657493438,-0.10558916531019352,0.18943748146343858,0.08384831615323496,JPY
2018-12-06,6,7,1,0,0.10995312161244555,0.10995312161244555,0.4305766852945086,-0.1103657303552167,0.22031885196764608,0.10995312161243206,JPY
2018-12-07,6,7,2,0,0.13001077804551334,0.16025756392482304,0.41516506506041373,-0.17619431771550548,0.30620509576099436,0.13001077804549113,JPY
2018-12-10,6,5,1,1,0.11463441991711254,0.11463441991711254,0.3563658708262142,0.11171198003726722,0.0029224398798704523,0.11463441991713319,JPY
2018-12-11,6,4,0,0,0.07080888147852554,0.09835941656364876,0.30066073192492654,-0.0,0.07080888147850693,0.07080888147850965,JPY
2018-12-12,6,4,0,0,0.0,0.0034327533459118276,0.2323393182816768,-0.0,-0.04049642907988807,-0.04049642907989175,JPY
2018-12-13,6,5,0,0,0.0,0.0,0.42009311245882736,-0.0,-0.011288917475390558,-0.011288917475391524,JPY
2018-12-14,6,7,1,0,0.11701999781004997,0.11701999781004997,0.49528316199118994,-0.0,0.1170199978100598,0.11701999781006585,JPY
2018-12-17,6,8,0,0,0.18804695650848113,0.2055588267950338,0.5207201445850022,-0.0,0.18804695650846012,0.1880469565084708,NZD
2018-12-18,6,8,0,0,0.0,0.0441376321904583,0.37401922112137204,-0.0,-0.13761455704605435,-0.13761455704605038,NZD
2018-12-19,6,8,2,1,0.16681891106437585,0.2880777318440891,0.5387408783217349,-0.0,0.1668189110643601,0.16681891106436156,CHF
2018-12-20,6,9,2,1,0.1761550544938396,0.19550559313870636,0.5507376306039241,0.05172603004272408,0.12442902445112408,0.17615505449384516,NZD
2018-12-21,6,7,2,1,0.2768998144667202,0.32096081675676086,0.4866888412675279,0.20929235174492983,0.06760746272178561,0.276899814466713,NZD
2018-12-24,6,5,0,0,0.0,0.052126722778060214,0.23109159487248715,-0.09250349439351573,0.03486083029941761,-0.057642664094101154,NZD
2018-12-25,3,6,0,0,0.09884704239884899,0.1291825137667172,0.38755683502952953,-0.0,0.09884704239885689,0.09884704239885378,NZD
2018-12-26,6,7,0,0,0.0,0.0656368791595969,0.2974038472379785,-0.0,-0.07650352605718694,-0.07650352605718269,NZD
2018-12-27,6,7,0,0,0.19742582863553473,0.19742582863553473,0.48361107374235573,-0.0,0.19742582863555092,0.19742582863555552,CAD
2018-12-28,6,7,0,0,0.0,0.07290971866136696,0.3362386659431555,-0.0,-0.010976448638029377,-0.010976448638033872,CAD
2018-12-31,6,8,0,0,0.0,0.08437448605000179,0.4526229552235744,-0.0,-0.020470830373801843,-0.020470830373802887,CAD
2019-01-01,1,0,0,0,0.0,0.0,0.546152611347877,-0.0,-0.0,0.0,CAD
2019-01-02,6,8,3,3,0.5593450401171886,0.5593450401171886,0.7872416017681658,0.112214527175637,0.44713051294156825,0.5593450401172092,NZD
2019-01-03,6,6,1,0,0.09292884968929595,0.09292884968929595,0.7142323223430401,0.22569144827315857,-0.13276259858386832,0.09292884968929113,USD
2019-01-04,6,5,0,0,0.0,0.051722397959502904,0.8456215912578148,-0.0,-0.024774280072363757,-0.02477428007236921,USD
2019-01-07,6,7,0,0,0.0,0.002080957609504565,1.1443749211678869,-0.0,-0.04922810507930923,-0.04922810507931701,USD
2019-01-08,6,7,0,0,0.14399922492557468,0.14399922492557468,1.21337306548491,-0.0,0.14399922492556727,0.14399922492556752,USD
2019-01-09,6,7,0,0,0.0,0.012153938097074567,0.881027547902189,-0.0,-0.06427130499264479,-0.06427130499264423,USD
2019-01-10,6,8,0,0,0.08191298482975164,0.08191298482975164,1.1692141781605612,-0.0,0.08191298482973255,0.08191298482973887,GBP
2019-01-11,6,9,0,0,0.019256036036925963,0.07310210465948225,1.3243614297628385,-0.0,0.019256036036915423,0.019256036036910017,GBP
2019-01-14,6,10,0,0,0.0,0.11052494656126624,1.425353043104096,-0.0,-0.007881292192452448,-0.00788129219245317,GBP
2019-01-15,6,10,3,1,0.3643766528222938,0.4191005809882035,1.3212315566012633,-0.09543971198751192,0.4598163648098124,0.364376652822309,GBP
2019-01-16,6,8,1,1,0.04499960039933067,0.04499960039933067,1.2100458496544488,-0.0,0.04499960039932721,0.04499960039933147,GBP
2019-01-17,6,8,0,0,0.0,0.0007045510119130446,1.2181884971398507,-0.0,-0.034788869119003446,-0.03478886911899857,GBP
2019-01-18,6,8,0,0,0.15838896326830018,0.15838896326830018,1.4292993279142752,-0.0,0.158388963268291,0.15838896326828986,GBP
2019-01-21,6,8,0,0,0.0180814340929955,0.039790201296434666,1.272926539795524,-0.0,0.018081434093009028,0.018081434093013004,GBP
2019-01-22,6,9,1,0,0.0006570947665593115,0.034396645620409554,1.3454134979738697,-0.0,0.000657094766563287,0.0006570947665609018,GBP
2019-01-23,6,8,0,0,0.044868467023721,0.044868467023721,1.0968408919784467,-0.08806907561303633,0.13293754263675925,0.044868467023723387,EUR
2019-01-24,6,8,0,0,0.14718121363480888,0.20736263144855985,1.2620378894352313,-0.0,0.14718121363481051,0.14718121363482078,EUR
2019-01-25,6,8,1,1,0.0,0.05411587394835056,1.1845921687758598,-0.0,-0.02184167039886253,-0.021841670398856875,EUR
2019-01-28,6,7,1,0,0.04537146491974508,0.04537146491974508,1.2946601718713127,-0.0,0.045371464919725255,0.045371464919721285,GBP
2019-01-29,6,6,2,0,0.01725142034086046,0.08424754791810576,1.1422821188570143,-0.0,0.01725142034085828,0.01725142034086046,NZD
2019-01-30,6,4,1,0,0.05871466732346972,0.09980796418292219,0.8357850916187303,-0.37975915946139505,0.43847382678484836,0.058714667323449106,NZD
2019-01-31,6,3,1,1,0.0,0.06872278726764637,0.4303830946966929,-0.0,-0.0020307755864989183,-0.002030775586502114,EUR
2019-02-01,6,3,0,0,0.012230003886288874,0.03522901445941263,0.4490242003162286,-0.0,0.012230003886300416,0.012230003886309484,NZD
2019-02-04,6,3,0,0,0.0,0.021058583377275956,0.4619228376316794,-0.0,-0.006660278669804599,-0.006660278669814557,JPY
2019-02-05,6,4,0,0,0.03513983045032147,0.048770625635993894,0.5126353091072549,-0.0,0.03513983045031716,0.03513983045031275,JPY
2019-02-06,6,4,3,1,0.21737991185170405,0.21737991185170405,0.5786240358028254,0.018244116045210722,0.1991357958064905,0.21737991185170727,JPY
2019-02-07,6,2,0,0,0.0245311283371945,0.0245311283371945,0.04553438906286053,-0.05609530276668017,0.08062643110386727,0.0245311283371802,JPY
2019-02-08,6,4,0,0,0.024276191804115364,0.048497641646108175,0.07537056566758367,-0.0,0.024276191804118195,0.024276191804125696,JPY
2019-02-11,6,4,0,0,0.0,0.06991657062066738,0.1866092599376184,-0.0,-0.027155952711402635,-0.02715595271140578,JPY
2019-02-12,6,4,0,0,0.0,0.051706942854209105,0.21769310626068072,-0.0,-0.04132007440361689,-0.04132007440361598,JPY
2019-02-13,6,4,0,0,0.0,0.12181638232244543,0.3585921265316417,-0.0,-0.03980834311929905,-0.03980834311930441,JPY
2019-02-14,6,5,0,0,0.04655080026441877,0.15789950874273462,0.3855073365092101,-0.0,0.046550800264412974,0.04655080026441798,JPY
2019-02-15,6,8,0,0,0.08670823775453887,0.08670823775453887,0.4166460541308428,-0.0,0.08670823775454074,0.086708237754546,JPY
2019-02-18,6,8,0,0,0.0,0.016200940002192372,0.5959648955304461,-0.0,-0.09427997401959605,-0.09427997401959794,GBP
2019-02-19,6,8,0,0,0.09209780395030716,0.09209780395030716,0.7698431198222028,-0.0,0.09209780395032909,0.09209780395033403,GBP
2019-02-20,6,9,0,0,0.03774810786566893,0.13689785038453675,0.7583882158380214,-0.0,0.037748107865665195,0.03774810786566735,JPY
2019-02-21,6,9,2,0,0.07691706802326369,0.07691706802326369,0.7686862805519235,-0.0,0.076917068023246,0.07691706802325268,JPY
2019-02-22,6,8,0,0,0.19548350085257887,0.2177584088119225,0.7392635438036853,-0.0,0.19548350085257352,0.19548350085257576,CAD
2019-02-25,6,8,1,0,0.0,0.0006253675597833952,0.4926285523305005,-0.0,-0.03614645413008221,-0.036146454130088115,CAD
2019-02-26,6,8,0,0,0.0,0.07660590705917533,0.8368330308446964,-0.0,-0.012192470832520754,-0.0121924708325182,CAD
2019-02-27,6,9,0,0,0.09520436722760241,0.09520436722760241,0.9722890801610661,-0.0,0.09520436722758671,0.09520436722758671,CAD
2019-02-28,6,10,0,0,0.09899840118891881,0.1368833794252137,1.19390276098132,-0.0,0.09899840118891294,0.09899840118891723,CAD
2019-03-01,6,12,1,0,0.0,0.02225414203228756,1.1834114191267875,-0.0,-0.008634964053604362,-0.008634964053603773,CAD
2019-03-04,6,11,1,1,0.011936613043558527,0.09076312088566901,1.3333080984249337,0.11004716790379025,-0.09811055486023798,0.011936613043564784,CAD
2019-03-05,6,14,2,0,0.012479524570666539,0.10958316365815202,1.2738409424203374,-0.0,0.012479524570679443,0.012479524570669668,CAD
2019-03-06,6,14,1,0,0.22030050624292635,0.22030050624292635,1.3701043082442652,-0.1451367428907761,0.3654372491336904,0.22030050624291625,CHF
2019-03-07,6,14,0,0,0.029696513759998072,0.0972205528031291,1.3196826731976583,-0.0,0.029696513760017584,0.029696513760018365,AUD
2019-03-08,6,15,2,1,0.13456776468120515,0.16569897390071123,1.327777405569188,-0.0,0.13456776468120027,0.1345677646812083,AUD
2019-03-10,1,7,0,0,0.05175194804018645,0.05175194804018645,1.1609244006546828,-0.0,0.05175194804017894,0.05175194804018256,AUD
2019-03-11,6,16,0,0,0.0,0.0,1.1618432938936152,-0.0,-0.013886038221260244,-0.013886038221260343,AUD
2019-03-12,6,18,2,0,0.0,0.08781779961920028,1.6074193562693542,-0.0,-0.04258242508440804,-0.04258242508439774,AUD
2019-03-13,6,16,2,0,0.3494113619779654,0.3494113619779654,1.3767473423558736,-0.13992625970534509,0.4893376216833002,0.34941136197794986,AUD
2019-03-14,6,14,1,0,0.37617976356449917,0.37617976356449917,1.202728123884198,-0.11976034054534651,0.49594010410984113,0.37617976356449606,AUD
2019-03-15,6,13,0,0,0.0,0.07556016422645317,0.8284567270180908,-0.0,-0.15049607030137835,-0.15049607030138196,AUD
2019-03-17,1,13,0,0,0.006523788918360424,0.006523788918360424,0.9774817257343409,-0.0,0.006523788918348965,0.0065237889183464405,AUD
2019-03-18,6,13,0,0,0.0,0.2292817894630478,0.9710212841949136,-0.0,-0.050840491567309035,-0.05084049156730729,AUD
2019-03-19,6,14,0,0,0.17163812304706375,0.1769474510378378,1.0892322425130456,-0.0,0.17163812304706735,0.17163812304706996,AUD
2019-03-20,6,16,2,0,0.12162131586093015,0.14945997625743718,1.0508537341793895,-0.0,0.12162131586094152,0.12162131586094183,AUD
2019-03-21,6,17,0,0,0.22217349988287743,0.5582368539352783,1.1083688312794369,-0.07384046842636571,0.29601396830923704,0.22217349988287896,AUD
2019-03-22,6,18,5,0,0.32069292267241933,0.36830533322838327,0.9986961247543261,-0.3284452444191735,0.6491381670915988,0.3206929226724248,CHF
2019-03-24,1,13,0,0,0.0,0.0,0.6940878556346057,-0.0,-0.0029813840280767034,-0.0029813840280707975,CHF
2019-03-25,6,14,0,0,0.07132929373829561,0.1670747773818243,0.8171826520377953,-0.0,0.0713292937382841,0.07132929373827375,CHF
2019-03-26,6,15,1,0,0.0,0.06961774959666893,0.9598117926312185,-0.0,-0.04272741843728837,-0.04272741843728632,CHF
2019-03-27,6,15,2,1,0.4528916670073293,0.4528916670073293,1.3266372834230842,0.025766741023713315,0.42712492598360957,0.4528916670073168,CHF
2019-03-28,6,14,0,0,0.14903475834863025,0.2647314613940178,0.9420831488856675,-0.0,0.14903475834863353,0.14903475834863417,CHF
2019-03-29,6,14,1,0,0.03376843917138056,0.32656011837369225,0.8669259233344263,-0.07179606790985142,0.10556450708121166,0.033768439171365704,CHF
2019-04-01,6,16,2,1,0.0,0.07678042032501248,0.8924204829530352,-0.0,-0.08308275071396502,-0.08308275071396873,CHF
2019-04-02,6,14,2,1,0.6658408254515719,0.6658408254515719,1.5975827591922058,0.031110903502151933,0.6347299219494442,0.665840825451589,CHF
2019-04-03,6,13,0,0,0.12084385366996345,0.12084385366996345,1.0476528427376655,-0.0,0.12084385366997433,0.12084385366998374,CHF
2019-04-04,6,13,0,0,0.07744567551013495,0.1500199489653782,1.6137956527689055,-0.0,0.07744567551015052,0.07744567551014117,CHF
2019-04-05,6,13,0,0,0.26255923490005606,0.38430874201632675,1.6545408943668782,-0.0,0.2625592349000567,0.26255923490005756,CHF
2019-04-06,1,14,0,0,0.0,0.0,1.3592680121907301,-0.0,-0.02983585057979322,-0.029835850579793346,CHF
2019-04-08,6,14,0,0,0.19925420606808764,0.19925420606808764,1.4248022565719562,-0.0,0.19925420606810673,0.19925420606810396,CHF
2019-04-09,6,15,0,0,0.060660209871877646,0.1829916241990109,1.582945510746879,-0.0,0.06066020987188699,0.06066020987188617,CHF
2019-04-10,6,15,1,0,0.0,0.0,1.4446348139907905,-0.0,-0.01630078682768007,-0.01630078682767406,CHF
2019-04-11,6,14,0,0,0.08679806997794888,0.11006856194100137,1.5782674076326078,-0.0,0.0867980699779406,0.08679806997793962,GBP
2019-04-12,6,14,0,0,0.004271191139575009,0.07963822278732656,1.4927650288890406,-0.0,0.004271191139585912,0.004271191139586588,GBP
2019-04-13,1,14,0,0,0.040301187494169805,0.040301187494169805,1.6938731254686454,-0.0,0.040301187494176924,0.040301187494176736,GBP
2019-04-15,6,14,0,0,0.0,0.05278579642158601,1.6657921476853326,-0.0,-0.04452191684295637,-0.04452191684295771,GBP
2019-04-16,6,14,0,0,0.12344038268309278,0.13071828628822293,1.930545921699586,-0.0,0.12344038268309471,0.123440382683102,GBP
2019-04-17,6,14,0,0,0.0,0.11631262977088912,1.9097705258146451,-0.0,-0.0052033724166050755,-0.005203372416605267,GBP
2019-04-18,6,14,0,0,0.05631538676022821,0.06624476157684711,1.8840396315550008,-0.0,0.05631538676025025,0.05631538676024967,GBP
2019-04-19,6,16,0,0,0.02082033566711418,0.02082033566711418,1.8590925986868,-0.0,0.020820335667113794,0.020820335667111105,GBP
2019-04-20,1,16,0,0,0.01983310205836591,0.01983310205836591,1.9218403844110599,-0.0,0.019833102058364187,0.019833102058362848,GBP
2019-04-22,6,16,0,0,0.18172947722548738,0.18172947722548738,1.9253790959555428,-0.0,0.1817294772254726,0.18172947722548202,GBP
2019-04-23,6,16,1,0,0.009416304711298219,0.20340080658427873,1.7468241130587658,-0.0,0.009416304711305517,0.009416304711298219,GBP
2019-04-24,6,19,9,2,0.44844960508689335,0.44844960508689335,1.6758830761121921,-0.5547092905287422,1.0031588956156217,0.4484496050868903,GBP
2019-04-25,6,11,2,1,0.28045785812958457,0.28045785812958457,0.6912045342313631,-0.07565302507993643,0.3561108832095108,0.28045785812956614,GBP
2019-04-26,6,11,0,0,0.021891493187439593,0.06692962378796731,0.4522965339691746,-0.0,0.021891493187441505,0.021891493187430323,GBP
2019-04-27,1,11,0,0,0.05771640146582071,0.05771640146582071,0.5442882235442109,-0.0,0.05771640146582217,0.05771640146582302,GBP
2019-04-29,6,13,0,0,0.0,0.11947572292476016,0.519974030489496,-0.0,-0.07520932543218135,-0.07520932543218381,GBP
2019-04-30,6,14,1,0,0.04706038193205971,0.04706038193205971,0.8052707324225311,-0.0,0.04706038193206466,0.04706038193206973,GBP
2019-05-01,6,13,2,0,0.0,0.11553461163749393,1.0580372052251965,-0.0,-0.0351288509949295,-0.03512885099492024,GBP
2019-05-02,6,11,1,1,0.112515879291322,0.32642863172168085,0.9507986345800074,-0.0,0.11251587929132115,0.11251587929132277,GBP
2019-05-03,6,10,1,0,0.15600617045359041,0.15600617045359041,0.7895014719520229,-0.0,0.15600617045359752,0.1560061704535981,GBP
2019-05-04,1,9,0,0,0.0,0.0,0.936729475353653,-0.0,-0.018209967891783762,-0.018209967891784626,GBP
2019-05-06,6,10,3,1,0.2947989820358096,0.2947989820358096,0.8888469985984262,0.018333043763145825,0.2764659382726622,0.29479898203581195,GBP
2019-05-07,6,8,0,0,0.027758719644015096,0.07512101257157527,0.6785668395131488,-0.0,0.027758719644014187,0.027758719644012792,GBP
2019-05-08,6,8,3,1,0.25169886644985084,0.25169886644985084,0.6010797593158008,-0.03241828357989465,0.2841171500297629,0.25169886644986694,GBP
2019-05-09,6,5,1,1,0.1208779187763172,0.12361133527537119,0.36947364081534384,0.10823426678821928,0.012643651988091358,0.12087791877631258,GBP
2019-05-10,6,5,1,0,0.08378428188493844,0.08378428188493844,0.2961641438767392,-0.06524055839991609,0.1490248402848581,0.08378428188494462,GBP
2019-05-11,1,4,0,0,0.0016382316587509717,0.0016382316587509717,0.21255795214559528,-0.0,0.001638231658746229,0.0016382316587432682,GBP
2019-05-13,6,5,1,1,0.08227341288157496,0.08227341288157496,0.23470161450010277,0.1084247127330959,-0.026151299851521783,0.08227341288157418,GBP
2019-05-14,6,4,0,0,0.09921842532165577,0.12402895993470837,0.18237586561555447,-0.0,0.09921842532165884,0.09921842532166271,GBP
2019-05-15,6,4,2,2,0.15861694155653885,0.2068465457374305,0.18516201738941046,0.10861705027001686,0.04999989128651207,0.1586169415565342,CAD
2019-05-16,6,3,1,1,0.032381140926714874,0.043878998234384604,0.03952984642370069,0.2175792180411532,-0.18519807711442093,0.03238114092672879,AUD
2019-05-17,6,2,0,0,0.06424815806828359,0.07871025210909637,0.07019052433650082,-0.0,0.06424815806828685,0.06424815806828514,AUD
2019-05-18,1,2,0,0,0.013949688889779906,0.013949688889779906,0.02919428560900317,-0.0,0.013949688889783905,0.01394968888977681,AUD
2019-05-20,6,3,1,1,0.11681974432726398,0.11681974432726398,0.14652106805550152,0.10883588973784131,0.00798385458942651,0.11681974432726941,AUD
2019-05-21,6,3,0,0,0.047055566081724974,0.1032652092249869,0.11731819106799135,-0.0,0.047055566081739095,0.04705556608174278,CAD
2019-05-22,6,3,1,1,0.0910796590481075,0.10664839037259305,0.15650373801513368,-0.0,0.09107965904809306,0.09107965904809277,CAD
2019-05-23,6,3,0,0,0.0,0.0,0.1536273040653499,-0.0,-0.02810507136416664,-0.028105071364164663,CAD
2019-05-24,6,3,0,0,0.027031968880242053,0.03940371985274729,0.32267085391415423,-0.0,0.027031968880259428,0.027031968880250556,EUR
2019-05-25,1,3,0,0,0.0,0.0,0.31398741924746315,-0.0,-0.004224689180562358,-0.004224689180563229,EUR
2019-05-27,6,3,0,0,0.04841883188718042,0.06284042080881022,0.31819866552344056,-0.0,0.04841883188717298,0.04841883188717423,EUR
2019-05-28,6,4,0,0,0.04345015446029345,0.06133257053434052,0.3546247570168697,-0.0,0.04345015446030643,0.043450154460295,EUR
2019-05-29,6,5,1,1,0.13583647959773468,0.13671779295181608,0.38725290050737426,0.10887872172651865,0.026957757871214235,0.13583647959772852,EUR
2019-05-30,6,4,0,0,0.06495569733523844,0.07659930676101641,0.3124034378112577,-0.0,0.06495569733525416,0.06495569733525161,EUR
2019-05-31,6,4,0,0,0.0,0.07183150740178997,0.316988550791049,-0.0,-0.027723938052883798,-0.02772393805289241,EUR
2019-06-01,1,4,0,0,0.015195985225571569,0.015195985225571569,0.35899973538220953,-0.0,0.015195985225595189,0.01519598522558704,EUR
2019-06-03,6,5,1,0,0.048646221037170936,0.09363010766763392,0.38248901655987255,-0.0,0.04864622103715194,0.0486462210371632,EUR
2019-06-04,6,5,0,0,0.03677832778841539,0.07226898560066022,0.35666116622723165,-0.0,0.03677832778840061,0.0367783277884038,EUR
2019-06-05,6,5,1,0,0.022574410468098053,0.0732406704268377,0.35334149637424367,-0.0,0.0225744104681066,0.02257441046810578,EUR
2019-06-06,6,4,0,0,0.04114210952110339,0.04114210952110339,0.25633319519692066,-0.09864540132189363,0.1397875108429908,0.041142109521102616,JPY
2019-06-07,6,5,1,0,0.08856896370573689,0.08856896370573689,0.4018658328463097,-0.0,0.08856896370571676,0.08856896370571836,JPY
2019-06-08,1,4,0,0,4.856607509559827e-05,4.856607509559827e-05,0.3389904922092009,-0.0,4.856607509304313e-05,4.85660750847992e-05,JPY
2019-06-10,6,5,0,0,0.0,0.029726144380179984,0.33894209074497567,-0.0,-0.0031248970077273957,-0.0031248970077200192,EUR
2019-06-11,6,6,0,0,0.022752605222869562,0.022752605222869562,0.3191109907485882,-0.0,0.02275260522286243,0.022752605222858765,EUR
2019-06-12,6,6,0,0,0.15342186937643645,0.17490487463319862,0.44238000117383997,-0.0,0.15342186937645483,0.15342186937645802,EUR
2019-06-13,6,7,1,1,0.13941529346151038,0.14344537725503528,0.41228449400365874,0.1086299454702186,0.030785347991269477,0.13941529346148876,EUR
2019-06-14,6,6,2,1,0.2094731610704403,0.2094731610704403,0.4159840388229374,0.0551431897118582,0.15432997135857526,0.20947316107043182,EUR
2019-06-15,1,4,0,0,0.0,0.0,0.2160392454038742,-0.0,-0.015331377218054738,-0.015331377218057857,EUR
2019-06-17,6,5,0,0,0.004998546697021617,0.09062779412973945,0.2670976946436409,-0.0,0.004998546697015655,0.004998546697016971,EUR
2019-06-18,6,5,2,1,0.059208459250867686,0.09056428478613382,0.3388217352358208,-0.0,0.05920845925087736,0.059208459250874645,EUR
2019-06-19,6,3,0,0,0.017342541134823402,0.04443180942142701,0.1960777357515488,-0.0,0.01734254113482006,0.0173425411348203,USD
2019-06-20,6,6,1,1,0.0,0.08437536444350067,0.23514210759534682,-0.0,-0.025037983784095715,-0.025037983784093706,USD
2019-06-21,6,5,0,0,0.04782828262719751,0.0998085644684924,0.3974754916436724,-0.0,0.047828282627195226,0.047828282627193644,USD
2019-06-22,1,5,0,0,0.007256741940013472,0.007256741940013472,0.5175458307938823,-0.0,0.007256741940008545,0.007256741940011926,USD
2019-06-24,6,5,0,0,0.0,0.03709383834171069,0.5103261219035878,-0.0,-0.10236729450953648,-0.10236729450954384,USD
2019-06-25,6,5,0,0,0.01297403072837276,0.07227820811326868,0.569910844288928,-0.0,0.012974030728354536,0.012974030728362729,USD
2019-06-26,6,8,0,0,0.04433509955660722,0.0801422283133919,0.6655656871998938,-0.0,0.04433509955662202,0.044335099556620336,USD
2019-06-27,6,8,0,0,0.05486683213472667,0.08997004508006949,0.7283716791347844,-0.0,0.05486683213472561,0.05486683213472822,EUR
2019-06-28,6,8,1,1,0.012205092984413331,0.044812464866995236,0.6603264212222232,-0.0,0.012205092984420282,0.012205092984417194,EUR
2019-06-29,1,7,0,0,0.006951122618934314,0.006951122618934314,0.6576728938422247,-0.0,0.006951122618946672,0.006951122618946672,EUR
2019-07-01,6,7,2,0,0.22567931892763754,0.22567931892763754,0.7165772039391252,-0.19705181965332924,0.42273113858095474,0.2256793189276267,EUR
2019-07-02,6,5,2,0,0.11271284464438433,0.11271284464438433,0.30407560263315064,-0.27467019856559916,0.3873830432099814,0.11271284464438047,EUR
2019-07-03,6,3,1,1,0.20929825248567538,0.20929825248567538,0.21601908193158137,0.10907127448603414,0.10022697799965416,0.2092982524856808,EUR
2019-07-04,6,2,0,0,0.0,0.016806348690064418,0.02379405294595895,-0.0,-0.00600780431627992,-0.006007804316279629,EUR
2019-07-05,6,2,0,0,0.007162651178644128,0.02117312512209274,0.09209202932292662,-0.0,0.0071626511786678435,0.007162651178661199,EUR
2019-07-06,1,2,0,0,0.0,0.0,0.15863985843541506,-0.0,-0.00510708509151898,-0.005107085091517914,EUR
2019-07-08,6,3,0,0,0.07588020850477603,0.07588020850477603,0.19074393392248756,-0.0,0.0758802085047583,0.07588020850476053,EUR
2019-07-09,6,3,0,0,0.0,0.012951072862391591,0.22887358234457925,-0.0,-0.0006246840755834664,-0.0006246840755926758,EUR
2019-07-10,6,5,0,0,0.030145919410532854,0.047522047264849474,0.3543988638933306,-0.0,0.030145919410553012,0.03014591941054371,EUR
2019-07-11,6,5,0,0,0.021832365447487803,0.02579371971131416,0.33745601798862523,-0.0,0.021832365447477284,0.021832365447483928,EUR
2019-07-12,6,6,0,0,0.08229981229742549,0.10468375659090086,0.3444913947173438,-0.0,0.08229981229742685,0.08229981229742858,EUR
2019-07-13,1,6,0,0,0.00389230723199338,0.00389230723199338,0.31344112295202586,-0.0,0.003892307232001761,0.0038923072319972563,EUR
2019-07-15,6,9,0,0,0.12742371149583434,0.12742371149583434,0.519296203785247,-0.0,0.12742371149583276,0.1274237114958289,EUR
2019-07-16,6,12,1,1,0.08762438913409272,0.11597828958932205,0.5968081502648984,0.10915144730865942,-0.02152705817458144,0.08762438913408573,EUR
2019-07-17,6,11,0,0,0.18964472654265213,0.2073233209294226,0.6825250591770602,-0.0,0.1896447265426591,0.189644726542663,EUR
2019-07-18,6,11,2,1,0.07518906278901026,0.0976647682898592,0.5501734104010211,0.03553899676409906,0.03965006602491373,0.07518906278900715,EUR
2019-07-19,6,11,1,1,0.3049901249720512,0.34592075826812047,0.7110553235829251,-0.0,0.30499012497206357,0.3049901249720652,EUR
2019-07-20,1,10,0,0,0.007245911966551373,0.007245911966551373,0.48019396313974405,-0.0,0.00724591196655264,0.007245911966558387,EUR
2019-07-22,6,11,1,1,0.2074977192157326,0.27616325026290545,0.6536556783659252,-0.0,0.20749771921574262,0.20749771921573884,JPY
2019-07-23,6,10,2,1,0.0,0.08410157059846408,0.4916251375420899,-0.10948114041680242,0.06589063474218192,-0.04359050567462166,JPY
2019-07-24,6,9,2,0,0.2819403475877985,0.2819403475877985,0.5752906159015764,-0.1660964408958246,0.44803678848363265,0.28194034758780784,JPY
2019-07-25,6,8,0,0,0.028626458178104094,0.09740168317942291,0.3599598605134056,-0.0,0.028626458178098033,0.028626458178099397,JPY
2019-07-26,6,8,0,0,0.14788612908395624,0.14788612908395624,0.8016892919528957,-0.0,0.14788612908394952,0.14788612908395,JPY
2019-07-27,1,9,0,0,0.00043076611673708215,0.00043076611673708215,0.7231667749344194,-0.0,0.00043076611673513465,0.00043076611672773405,JPY
2019-07-29,6,9,1,1,0.07396692709322493,0.07396692709322493,0.7770757306180386,-0.0,0.07396692709322347,0.07396692709322104,JPY
2019-07-30,6,9,0,0,0.13197051593962777,0.13197051593962777,0.8845604731838149,-0.0,0.1319705159396372,0.13197051593963088,CAD
2019-07-31,6,9,0,0,0.023330573193027566,0.14636739970438678,0.8945287528019685,-0.0,0.023330573193039928,0.023330573193040802,CAD
2019-08-01,6,9,4,3,0.24375909935797233,0.40590186922386234,0.9751090893296948,0.12275668318353086,0.12100241617445129,0.2437590993579747,NZD
2019-08-02,6,5,0,0,0.0,0.10148846989937492,0.7352587849081352,0.109791312444042,-0.14838336442596337,-0.038592051981925536,NZD
2019-08-03,1,5,0,0,0.018700955228805962,0.018700955228805962,1.0066109646091073,-0.0,0.018700955228808318,0.01870095522881374,NZD
2019-08-05,6,5,0,0,0.0,0.10294933158894531,0.9880947925450735,-0.0,-0.046102672237495514,-0.04610267223749852,NZD
2019-08-06,6,6,1,0,0.0943396484170323,0.14031981624967443,1.2137099903789703,-0.0,0.09433964841703323,0.0943396484170323,NZD
2019-08-07,6,5,2,0,0.004801144891722423,0.14504218767846072,0.9756509507903879,-0.0,0.004801144891716004,0.0048011448917161985,NZD
2019-08-08,6,3,0,0,0.009938417147600067,0.019597275699622878,0.8635955471616257,-0.0,0.009938417147595429,0.009938417147595429,NZD
2019-08-09,6,3,0,0,0.055205543651947735,0.055205543651947735,0.4928504378905236,-0.0,0.05520554365193346,0.05520554365194078,JPY
2019-08-10,1,3,0,0,0.0,0.0,0.46503861913717165,-0.0,-0.0020798670032263155,-0.002079867003226702,JPY
2019-08-12,6,3,3,1,0.10442867048126152,0.10442867048126152,0.48130706860180167,0.108757588282321,-0.0043289178010663945,0.10442867048125304,NZD
2019-08-13,6,0,0,0,0.0,0.0,0.0,-0.0,-0.0,0.0,EUR
2019-08-14,6,0,0,0,0.0,0.0,0.0,-0.0,-0.0,0.0,EUR
2019-08-15,6,0,0,0,0.0,0.0,0.0,-0.0,-0.0,0.0,EUR
2019-08-16,6,0,0,0,0.0,0.0,0.0,-0.0,-0.0,0.0,EUR
2019-08-17,1,0,0,0,0.0,0.0,0.0,-0.0,-0.0,0.0,EUR
2019-08-19,6,1,0,0,0.025344786545561576,0.025344786545561576,0.03514302876678224,-0.0,0.025344786545554363,0.0253447865455492,NZD
2019-08-20,6,1,0,0,0.004506399579100461,0.017108898691448972,0.05270528203395996,-0.0,0.004506399579111395,0.004506399579108195,NZD
2019-08-21,6,1,0,0,0.04897860562135899,0.04897860562135899,0.06295383442530023,-0.0,0.048978605621354886,0.048978605621352804,NZD
2019-08-22,6,2,0,0,0.05712681473647926,0.058236893629719566,0.08671628475404551,-0.0,0.05712681473649854,0.05712681473649396,CAD
2019-08-23,6,2,0,0,0.0,0.06779263460518217,0.033265764000890194,-0.0,-0.012470793251140543,-0.012470793251140012,CAD
2019-08-24,1,3,0,0,0.0,0.0,0.1366255908260216,-0.0,-0.0068596922373222995,-0.006859692237325617,EUR
2019-08-26,6,6,2,1,0.09270644645059807,0.09270644645059807,0.2578933107340345,-0.0,0.09270644645058594,0.09270644645058648,JPY
2019-08-27,6,5,0,0,0.11630848601494963,0.11630848601494963,0.4170757813385718,-0.037635556320836566,0.15394404233578438,0.11630848601495351,AUD
2019-08-28,6,5,0,0,0.027472841082886404,0.02937751134438488,0.3015135715408889,-0.0,0.027472841082902207,0.027472841082896455,AUD
2019-08-29,6,6,0,0,0.06521481352477108,0.06636623998951445,0.3694563014478667,-0.0,0.06521481352479938,0.06521481352478962,AUD
2019-08-30,6,7,0,0,0.12074173162424612,0.14323992469377117,0.5488663625094559,-0.0,0.12074173162423443,0.12074173162423454,AUD
2019-08-31,1,7,0,0,0.0,0.0,0.46942159712337,-0.0,-0.013191950997995932,-0.013191950997996365,AUD
2019-09-02,6,7,0,0,0.14847452852083357,0.14847452852083357,0.4927834579469949,-0.0,0.148474528520835,0.1484745285208382,AUD
2019-09-03,6,9,0,0,0.13044549944366265,0.13044549944366265,0.5524353657632171,-0.0,0.13044549944365547,0.130445499443658,AUD
2019-09-04,6,11,1,0,0.0,0.028635841796615557,0.6782170921751651,-0.0,-0.011176074758951854,-0.011176074758962389,AUD
2019-09-05,6,12,0,0,0.0,0.022655110856267046,1.0618655969678485,-0.0,-0.04855251690818187,-0.048552516908173984,USD
2019-09-06,6,13,0,0,0.10508936106514549,0.12795699055837398,1.2485627528606627,-0.0,0.10508936106514721,0.10508936106514703,USD
2019-09-07,1,14,0,0,0.01479467538506733,0.01479467538506733,1.1299521128848857,-0.0,0.014794675385069537,0.01479467538507577,USD
2019-09-09,6,14,0,0,0.024031275209255232,0.07833385991646599,1.1948837989528318,-0.0,0.02403127520924718,0.02403127520924449,USD
2019-09-10,6,14,0,0,0.10535101097899377,0.11272165632670329,1.5529934199358806,-0.0,0.10535101097899531,0.10535101097899682,USD
2019-09-11,6,14,0,0,0.19101661973624726,0.2749417331748791,1.6049920917991634,-0.0,0.19101661973625086,0.1910166197362465,USD
2019-09-12,6,14,1,0,0.20604564276800047,0.2681883760264086,1.5080124025958959,-0.0,0.2060456427680018,0.20604564276799586,USD
2019-09-13,6,13,0,0,0.040645801670122605,0.04909926038365233,1.703156171785104,-0.0,0.04064580167011115,0.040645801670114966,USD
2019-09-14,1,13,0,0,0.0,0.0,1.963189919361441,-0.0,-0.0036548603579203364,-0.003654860357917102,USD
2019-09-16,6,14,1,1,0.4122899628612419,0.4122899628612419,2.026523394358673,0.1070884755565664,0.30520148730466334,0.4122899628612283,USD
2019-09-17,6,13,0,0,0.061451729909041776,0.061451729909041776,1.679789098104197,-0.0,0.06145172990905916,0.06145172990906164,USD
2019-09-18,6,13,1,0,0.18982043698091253,0.18982043698091253,2.0447018167799635,-0.0,0.18982043698092396,0.18982043698092474,USD
2019-09-19,6,12,3,1,0.11364727788914196,0.11364727788914196,1.7574343609681877,-0.1241461321468352,0.23779341003599452,0.11364727788915263,USD
2019-09-20,6,9,2,0,0.14933084398964905,0.25275643125774516,1.4975519348793136,-0.1329069822068656,0.28223782619652643,0.14933084398965824,USD
2019-09-21,1,7,0,0,0.0,0.0,1.1214462790741508,-0.1493575271982312,0.14555959815562888,-0.0037979290425991445,USD
2019-09-23,6,10,2,0,0.25485185238329244,0.2635122857016667,1.1252014737631963,-0.0,0.2548518523832972,0.2548518523832909,USD
2019-09-24,6,9,1,0,0.06865464309169107,0.10647431365902993,0.6821517681933618,-0.36360973012238773,0.4322643732140809,0.0686546430916987,EUR
2019-09-25,6,10,1,0,0.21032809499491198,0.23322014884404096,0.70448913627016,-0.16257451615315233,0.3729026111480527,0.2103280949949005,EUR
2019-09-26,6,9,0,0,0.15197091363507015,0.16379251860796454,0.621164741484148,-0.0,0.1519709136350782,0.15197091363507015,EUR
2019-09-27,6,12,1,0,0.033525611980339196,0.07880734841100054,0.5122385035723317,-0.0,0.03352561198034236,0.033525611980344566,EUR
2019-09-28,1,11,0,0,0.017132408178910753,0.017132408178910753,0.6215684584416686,-0.0,0.01713240817891248,0.017132408178922254,EUR
2019-09-30,6,12,0,0,0.003695487633983671,0.03989510082029442,0.6812220452967861,-0.0,0.0036954876339876964,0.0036954876339790705,EUR
2019-10-01,6,13,3,0,0.19670792487400668,0.24029107208208303,0.8049785073300154,-0.0,0.19670792487400138,0.1967079248739952,EUR
2019-10-02,6,10,1,0,0.06876587685587904,0.17464493575409945,0.6749992694846102,-0.053009559423805065,0.12177543627969244,0.06876587685588212,EUR
2019-10-03,6,12,0,0,0.03782720416788867,0.14222124845388723,0.852131315692932,-0.0,0.037827204167881295,0.037827204167878714,EUR
2019-10-04,6,12,0,0,0.0,0.04678313062266361,0.9809584716338953,-0.0,-0.04222982283762825,-0.042229822837622125,EUR
2019-10-05,1,13,0,0,0.0053870586012709,0.0053870586012709,1.2368510780132653,-0.0,0.005387058601266656,0.005387058601272426,EUR
2019-10-07,6,13,1,0,0.2088903055929781,0.2088903055929781,1.2657979483098925,-0.0,0.20889030559297014,0.20889030559296135,EUR
2019-10-08,6,13,1,0,0.29673536287488783,0.36392152824473367,1.141685015252633,-0.05474580300621523,0.35148116588113143,0.2967353628749077,EUR
2019-10-09,6,13,0,0,0.036176783426460565,0.036176783426460565,0.9720202160021854,-0.0,0.03617678342644945,0.03617678342645137,USD
2019-10-10,6,14,0,0,0.02773745926286587,0.02773745926286587,1.2014427029799362,-0.0,0.027737459262873996,0.027737459262875814,USD
2019-10-11,6,15,2,1,0.09415156163424286,0.20292757456218005,1.906384534226461,-0.0,0.09415156163423515,0.09415156163423528,USD
2019-10-12,1,13,0,0,0.0315570561758538,0.0315570561758538,2.073443372445785,-0.0,0.03155705617585718,0.0315570561758538,USD
2019-10-14,6,15,2,0,0.2913942550730604,0.2913942550730604,2.045933455923546,-0.0,0.2913942550730548,0.2913942550730476,USD
2019-10-15,6,14,0,0,0.07928928969142693,0.14728358146562637,1.8518729164288514,-0.0,0.0792892896914224,0.07928928969141487,EUR
2019-10-16,6,15,0,0,0.15676569899601447,0.15676569899601447,2.132038959280551,-0.0,0.1567656989959966,0.15676569899600318,USD
2019-10-17,6,15,3,0,0.04161895365961891,0.12237033486826981,2.2049683952716865,-0.0,0.04161895365960709,0.04161895365961441,USD
2019-10-18,6,12,0,0,0.03446463797235809,0.03446463797235809,1.605654231421791,-0.0,0.03446463797235314,0.03446463797236332,AUD
2019-10-19,1,12,0,0,0.0,0.0,1.7805032748832703,-0.0,-0.05353313242693104,-0.05353313242692806,AUD
2019-10-21,6,12,0,0,0.09776370853514786,0.19578896232973847,1.8777868846356343,-0.0,0.09776370853515776,0.09776370853515086,AUD
2019-10-22,6,15,0,0,0.10337902295951898,0.13908109974135952,1.7916114094251225,-0.0,0.10337902295952997,0.1033790229595287,EUR
2019-10-23,6,16,3,0,0.22490474019735235,0.22490474019735235,1.6899794707306612,-0.43879364886130984,0.6636983890586576,0.22490474019735163,AUD
2019-10-24,6,13,2,0,0.09728531958083517,0.18345701997293296,0.9854345293303642,-0.19683345065041094,0.2941187702312562,0.09728531958084491,AUD
2019-10-25,6,11,1,0,0.0,0.003773168958457633,0.5991363150108278,-0.0,-0.004446428818818633,-0.004446428818816052,AUD
2019-10-26,1,10,0,0,0.0,0.0,0.630051668657844,-0.0,-0.012084613558410002,-0.012084613558401286,AUD
2019-10-27,1,10,0,0,0.0,0.0,0.6420586919045119,-0.0,-0.0028809134187315665,-0.0028809134187358187,AUD
2019-10-28,6,11,0,0,0.0,0.040615043314431915,0.6496046804578637,-0.0,-0.017067653616989035,-0.017067653616995193,AUD
2019-10-29,6,14,0,0,0.07552107336369766,0.07552107336369766,0.8033132879129194,-0.0,0.07552107336369135,0.07552107336369543,CAD
2019-10-30,6,14,1,0,0.027890062905194916,0.05788349744137001,1.0565828937555068,-0.0,0.027890062905183748,0.02789006290518896,CAD
2019-10-31,6,14,2,1,0.12815212969982487,0.16382038204700403,1.2613670799190648,0.10432083253505986,0.023831297164746648,0.1281521296998145,CAD
2019-11-01,6,13,0,0,0.0,0.04065662784490945,1.1206838511875599,-0.07366523183920287,0.049694708489198186,-0.023970523350000595,EUR
2019-11-04,6,16,1,0,0.1019585200639865,0.1349357521549377,1.1983842552803037,-0.0,0.10195852006399224,0.10195852006398946,EUR
2019-11-05,6,15,1,0,0.0,0.018863611086121255,1.0751171596429756,-0.1151550063304094,0.05386149926131211,-0.061293507069090335,EUR
2019-11-06,6,15,0,0,0.15544315388634786,0.1595455933308076,1.3299652398737567,-0.0,0.15544315388634056,0.15544315388634564,EUR
2019-11-07,6,15,1,0,0.04974110049409141,0.10346816201304389,1.2513887220882043,-0.0,0.04974110049409484,0.04974110049409733,EUR
2019-11-08,6,14,1,0,0.07286712903124659,0.10546972349246746,1.134662172018951,-0.0,0.07286712903124584,0.07286712903125103,EUR
2019-11-11,6,16,2,0,0.06382500600289726,0.06382500600289726,0.9871441582991584,-0.0,0.06382500600290436,0.06382500600290393,EUR
2019-11-12,6,14,1,0,0.13847706877386923,0.21306366115403744,1.0297624668564063,-0.07864032255966215,0.21711739133353972,0.13847706877388036,GBP
2019-11-13,6,15,2,1,0.0628924918550423,0.13822106699061795,0.9495599969290218,0.018003714695010865,0.044888777160040326,0.06289249185505642,GBP
2019-11-14,6,15,2,0,0.31418273847236605,0.31418273847236605,1.125525468132945,-0.1630849635688717,0.477267702041218,0.3141827384723498,GBP
2019-11-15,6,15,0,0,0.0,0.07030830590771447,0.8767267262397793,-0.0,-0.03597658949002063,-0.03597658949001291,GBP
2019-11-18,6,16,0,0,0.0,0.17448889092987777,1.285174969715107,-0.0,-0.042131076204377976,-0.04213107620437835,GBP
2019-11-19,6,17,0,0,0.1580543595227695,0.1580543595227695,1.38297131744469,-0.0,0.1580543595227696,0.15805435952276362,EUR
2019-11-20,6,19,0,0,0.20932775595532163,0.20932775595532163,1.6889590645257513,-0.0,0.20932775595532624,0.20932775595532907,AUD
2019-11-21,6,19,0,0,0.275272144989874,0.4606031008612595,1.5608449121009824,-0.0,0.275272144989877,0.27527214498987557,AUD
2019-11-22,6,19,1,0,0.22855817336310044,0.37428099110603746,1.4276316589381273,-0.05289255557040963,0.2814507289335026,0.22855817336309897,AUD
2019-11-25,6,20,0,0,0.0,0.10772760445055528,1.212695681360807,-0.0,-0.1640105656181812,-0.1640105656181805,JPY
2019-11-26,6,21,0,0,0.12597274251310925,0.22179355211394935,1.5309186683361657,-0.0,0.12597274251310397,0.1259727425130959,JPY
2019-11-27,6,21,0,0,0.12856659188128244,0.1326067864238404,1.5651781917528993,-0.0,0.1285665918812655,0.12856659188126837,JPY
2019-11-28,6,21,0,0,0.12444224838492435,0.12444224838492435,1.8958593883839607,-0.0,0.124442248384925,0.12444224838492585,JPY
2019-11-29,6,21,0,0,0.09238815655547362,0.15849001036079108,1.8936587917863705,-0.0,0.09238815655547446,0.09238815655546845,JPY
2019-12-02,6,21,1,0,0.0,0.0,1.8550138353172658,-0.0,-0.1584180773456101,-0.1584180773456137,JPY
2019-12-03,6,20,2,0,0.008914145208820952,0.30841181881963897,2.394565580745322,-0.0,0.008914145208814709,0.008914145208823892,JPY
2019-12-04,6,22,1,0,0.29251003576054235,0.29251003576054235,2.261299805348067,-0.0,0.2925100357605481,0.2925100357605497,AUD
2019-12-05,6,22,0,0,0.16730647285458386,0.16730647285458386,2.3481901774025498,-0.0,0.1673064728545946,0.16730647285459485,AUD
2019-12-06,6,22,0,0,0.08724993866508289,0.24220586472561456,2.2749321221559393,-0.0,0.08724993866508492,0.08724993866509316,AUD
2019-12-09,6,22,2,0,0.2724663292330895,0.2806995513759317,2.2980239234862023,-0.11915808984430726,0.39162441907740425,0.2724663292330859,AUD
2019-12-10,6,21,2,0,0.10812932773021375,0.16836748814511987,1.9759410778429047,-0.19312000030636917,0.3012493280365693,0.1081293277302064,AUD
2019-12-11,6,21,1,1,0.0,0.0,1.8370549684511615,-0.0,-0.07357602449506788,-0.07357602449506333,AUD
2019-12-12,6,20,1,0,0.0,0.10274236544701079,2.231299092507737,0.10294100034850683,-0.14575473609940992,-0.0428137357509062,AUD
2019-12-13,6,19,16,0,0.0,0.8087031574484183,1.6224200922667094,-1.4452585882735858,1.228374601364252,-0.21688398690932376,NZD
2019-12-16,6,3,1,1,0.045161868542850245,0.054741048702333345,0.4329894013989216,0.10196981256758834,-0.05680794402472169,0.045161868542857496,NZD
2019-12-17,6,2,1,0,0.04043116188172276,0.0418025463572072,0.38800276215345775,-0.0,0.040431161881716055,0.040431161881716964,NZD
2019-12-18,6,4,0,0,0.0467468261212638,0.0467468261212638,0.24600028422971068,-0.0,0.046746826121269625,0.046746826121271776,GBP
2019-12-19,6,5,0,0,0.11100022435522995,0.15614509000212068,0.3446183631033746,-0.0,0.11100022435523133,0.11100022435522197,GBP
2019-12-20,6,6,0,0,0.025023208429535274,0.11391230944307568,0.28140159468376386,-0.0,0.02502320842953278,0.02502320842953382,GBP
2019-12-23,6,6,0,0,0.12596113693414307,0.16637232000346566,0.3963589282699429,-0.0,0.1259611369341443,0.12596113693414454,GBP
2019-12-24,6,6,0,0,0.005481514565770635,0.03741159801307289,0.2886121399492021,-0.0,0.00548151456576134,0.00548151456575318,GBP
2019-12-25,3,6,0,0,0.0,0.010543845351455881,0.3222907781556271,-0.0,-0.012004318462788873,-0.012004318462789168,GBP
2019-12-26,6,8,0,0,0.0,0.03918352478752718,0.379463910323613,-0.0,-0.07645182523053928,-0.07645182523053919,GBP
2019-12-27,6,9,0,0,0.05076037662609131,0.05076037662609131,0.5502880970472493,-0.0,0.05076037662609229,0.05076037662609276,GBP
2019-12-30,6,9,1,1,0.12573031715633298,0.16054333270599763,0.8231234807413187,0.10199135989679847,0.023738957259536224,0.12573031715634095,GBP
2019-12-31,6,8,0,0,0.06991467022821977,0.06991467022821977,0.7062102712968933,-0.0,0.06991467022821479,0.0699146702282118,GBP
2020-01-01,1,0,0,0,0.0,0.0,0.8628470306839154,-0.0,-0.0,0.0,GBP
2020-01-02,6,9,2,0,0.44101561234272085,0.44101561234272085,0.8904673413406425,-0.2585148603309558,0.6995304726736585,0.4410156123427114,GBP
2020-01-03,6,8,1,1,0.22888678363795173,0.22888678363795173,0.46428638461293686,-0.0,0.228886783637965,0.2288867836379568,GBP
2020-01-06,6,10,0,0,0.08537580076916859,0.08537580076916859,0.41530021063132944,-0.0,0.08537580076917405,0.0853758007691642,GBP
2020-01-07,6,11,0,0,0.2750206544636706,0.2750206544636706,0.7748940582675312,-0.0,0.27502065446366264,0.2750206544636626,JPY
2020-01-08,6,12,0,0,0.28500695490915556,0.28500695490915556,0.7878974665107303,-0.0,0.28500695490914896,0.2850069549091534,JPY
2020-01-09,6,15,0,0,0.03725416106963544,0.21880472716913554,1.0269989687274157,-0.0,0.037254161069614516,0.03725416106961508,JPY
2020-01-10,6,18,0,0,0.019850667458709257,0.06699319184483388,1.099744937884734,-0.0,0.01985066745872359,0.019850667458723065,JPY
2020-01-13,6,18,1,1,0.0,0.16922420138779842,1.3292057295588608,0.10205106230249655,-0.13689384832497195,-0.03484278602247729,JPY
2020-01-14,6,18,1,1,0.09565020232788404,0.11903994377853665,1.3777300962469952,0.10191949887092575,-0.00626929654304663,0.09565020232787393,JPY
2020-01-15,6,18,2,2,0.1873064130547666,0.1873064130547666,1.4148032314748822,-0.0,0.18730641305476836,0.18730641305477028,JPY
2020-01-16,6,17,0,0,0.0,0.14596834113623375,1.3126566816514265,-0.0,-0.08911389700372617,-0.08911389700372817,JPY
2020-01-17,6,17,0,0,0.3640180258000188,0.40215762102493735,1.4042980066470774,-0.0,0.36401802580003007,0.3640180258000304,CAD
2020-01-20,6,18,0,0,0.15556141743811244,0.2199387272470813,1.117564471887326,-0.0,0.15556141743811075,0.15556141743810445,CAD
2020-01-21,6,19,2,0,0.16472546073305497,0.4143255349396146,1.0653403797748624,-0.0,0.16472546073305386,0.1647254607330455,CAD
2020-01-22,6,18,3,0,0.0,0.0036350709487419424,0.6760541583342305,-0.08489811661273558,0.035388610341391416,-0.04950950627135271,CAD
2020-01-23,6,16,1,0,0.40187913271744574,0.6205866509879415,1.3932984005279854,-0.0,0.4018791327174285,0.40187913271743125,CAD
2020-01-24,6,16,0,0,0.3401341465700369,0.3401341465700369,1.2028628665954797,-0.0,0.3401341465700231,0.3401341465700268,USD
2020-01-27,6,16,6,4,0.32438045528254716,0.32438045528254716,1.0325377243129732,0.12038496376121904,0.2039954915213305,0.3243804552825494,EUR
2020-01-28,6,10,0,0,0.17475414120609115,0.18426944226272562,0.75635668676735,-0.0,0.17475414120608018,0.17475414120608385,EUR
2020-01-29,6,11,0,0,0.07648475913488137,0.09217642361794155,0.6966299383208713,-0.0,0.07648475913487615,0.07648475913487039,EUR
2020-01-30,6,11,0,0,0.011529916138474813,0.022730162164649653,0.8473649808986674,-0.0,0.011529916138480022,0.011529916138477737,EUR
2020-01-31,6,11,1,1,0.0627056298560492,0.0627056298560492,1.0876702811255758,0.10264488214087322,-0.0399392522848241,0.06270562985604994,EUR
2020-02-03,6,11,2,0,0.24888647016586002,0.24888647016586002,1.416897486181765,-0.05406337604785963,0.30294984621373106,0.24888647016586798,EUR
2020-02-04,6,11,2,0,0.03427933892647213,0.10382770125001482,1.0123699033151257,-0.0,0.03427933892646495,0.034279338926461955,EUR
2020-02-05,6,9,2,0,0.11059414255338794,0.21615544384007626,0.7669440759099094,-0.10813746807974743,0.21873161063314236,0.11059414255339954,USD
2020-02-06,6,7,0,0,0.1741660511791251,0.18754230288209323,0.6375444418319024,-0.0,0.17416605117910464,0.1741660511791018,USD
2020-02-07,6,7,0,0,0.14369275694161174,0.14369275694161174,0.5030058544707683,-0.0,0.14369275694162512,0.14369275694162775,USD
2020-02-10,6,8,1,1,0.020431923521553357,0.13518007446788943,0.3867430942846929,0.10267299241276087,-0.08224106889121244,0.020431923521544604,GBP
2020-02-11,6,7,0,0,0.0,0.022818495874704317,0.4129534047035737,-0.0,-0.027881718161898654,-0.027881718161902026,GBP
2020-02-12,6,8,1,0,0.19914407223522762,0.19914407223522762,0.5142950143268548,-0.06213080044915264,0.26127487268437827,0.19914407223522762,GBP
2020-02-13,6,9,0,0,0.036758194744193624,0.036758194744193624,0.4901031496068231,-0.0,0.0367581947441844,0.03675819474417755,USD
2020-02-14,6,9,0,0,0.030647488659405024,0.0494004845290716,0.6057092836637782,-0.0,0.030647488659404382,0.030647488659401374,EUR
2020-02-17,6,9,0,0,0.08061877088821098,0.10732161772627091,0.5902318902502446,-0.0,0.08061877088821381,0.08061877088821537,EUR
2020-02-18,6,9,0,0,0.19197525980709682,0.20027320447654368,0.6993473127870022,-0.0,0.19197525980709682,0.19197525980709904,EUR
2020-02-19,6,9,1,0,0.07140208982442801,0.13031056562520352,0.5527053091037043,-0.05100566576117772,0.1224077555856156,0.07140208982443606,EUR
2020-02-20,6,9,1,0,0.1275409973007843,0.12946892382618766,0.6137527653142146,-0.06350104320422492,0.19104204050501436,0.12754099730079163,EUR
2020-02-21,6,9,0,0,0.0,0.055798529851803794,0.5347126376462392,-0.0,-0.048683680350117345,-0.048683680350125776,EUR
2020-02-24,6,10,1,0,0.19345286470608355,0.19345286470608355,0.9186179365764274,-0.0,0.19345286470609724,0.19345286470609158,EUR
2020-02-25,6,10,1,1,0.09507165866674681,0.16944781847411175,0.9159650989925296,-0.0,0.09507165866673807,0.09507165866674244,EUR
2020-02-26,6,9,0,0,0.08991122273255463,0.1493288146037118,1.0535407785414757,-0.0,0.08991122273255772,0.08991122273255756,EUR
2020-02-27,6,9,1,1,0.0,0.002046553619400323,0.9483197108857913,-0.0,-0.13031058076522203,-0.13031058076522725,EUR
2020-02-28,6,8,1,0,0.07133180077896745,0.380801764124406,1.6931427948258426,-0.0,0.07133180077897383,0.07133180077897398,USD
2020-03-02,6,7,1,0,0.0,0.17904579411695212,1.784618950837813,-0.0,-0.08066722938894379,-0.08066722938895082,USD
2020-03-03,6,6,2,0,0.005300796118896636,0.06076096537844445,1.3330416900289195,-0.07891527550587868,0.0842160716247746,0.005300796118893755,USD
2020-03-04,6,5,2,0,0.04401928654634505,0.04401928654634505,0.8040180499079974,-0.0,0.04401928654633709,0.044019286546343614,USD
2020-03-05,6,3,0,0,0.0046762121469086145,0.0046762121469086145,0.28713989550546504,-0.0,0.00467621214690632,0.0046762121469071756,GBP
2020-03-06,6,3,0,0,0.0,0.016773213616687092,0.48342587611806725,-0.0,-0.00903675284481252,-0.009036752844814935,GBP
2020-03-08,1,3,0,0,0.0,0.0,0.43228920603724597,-0.0,-0.0967607321433817,-0.09676073214337705,GBP
2020-03-09,6,3,2,0,0.0,0.03583895414795317,0.4146478167231283,-0.1574814304780974,0.14576878403358115,-0.011712646444519496,USD
2020-03-10,6,1,1,0,0.029371340164219002,0.029371340164219002,0.14689586260803256,-0.0,0.02937134016422707,0.029371340164226156,USD
2020-03-11,6,0,0,0,0.0,0.0,0.0,-0.0,-0.0,0.0,EUR
2020-03-12,6,0,0,0,0.0,0.0,0.0,-0.0,-0.0,0.0,EUR
2020-03-13,6,0,0,0,0.0,0.0,0.0,-0.0,-0.0,0.0,EUR
2020-03-15,1,0,0,0,0.0,0.0,0.0,-0.0,-0.0,0.0,EUR
2020-03-16,6,0,0,0,0.0,0.0,0.0,-0.0,-0.0,0.0,EUR
2020-03-17,6,1,0,0,0.012831601585109034,0.020746694566800745,0.025927110484635967,-0.0,0.01283160158510717,0.012831601585107603,NZD
2020-03-18,6,1,0,0,0.011069988018113971,0.03950405523244425,0.050849191096100595,-0.0,0.01106998801811445,0.011069988018120413,NZD
2020-03-19,6,1,1,0,0.0,0.04948860257534124,0.0,-0.0,-0.04931799721823331,-0.04931799721823428,NZD
2020-03-20,6,0,0,0,0.0,0.0,0.0,-0.0,-0.0,0.0,EUR
2020-03-22,1,1,0,0,0.004295936021798839,0.004295936021798839,0.005909433119165406,-0.0,0.004295936021780615,0.0042959360217773804,EUR
2020-03-23,6,1,0,0,0.0,0.009819624589603051,0.0018152622170542728,-0.0,-0.02033093683105753,-0.020330936831053636,EUR
2020-03-24,6,2,0,0,0.0,0.024091839025093178,0.04539086679874543,-0.0,-0.00021169671110541513,-0.00021169671110842617,EUR
2020-03-25,6,2,0,0,0.023253279683015434,0.025333599539599065,0.0635575725536274,-0.0,0.023253279683028615,0.023253279683029017,EUR
2020-03-26,6,2,0,0,0.0,0.0378450078327981,0.06056819698213479,-0.0,-0.0074032897567084905,-0.007403289756702179,EUR
2020-03-27,6,2,0,0,0.013254103879212427,0.013254103879212427,0.0904096438095882,-0.0,0.013254103879215209,0.013254103879218148,EUR
2020-03-30,6,2,0,0,0.005886788905881117,0.020975403328547144,0.11667857336520193,-0.0,0.005886788905889714,0.0058867889058825465,EUR
2020-03-31,6,2,0,0,0.021865491346549182,0.021865491346549182,0.11806355339118138,-0.0,0.021865491346566134,0.021865491346562047,EUR
2020-04-01,6,3,0,0,0.041012546961628,0.06422517287149172,0.1665272425933964,-0.0,0.041012546961634824,0.04101254696163515,EUR
2020-04-02,6,4,0,0,0.04285955218485133,0.046983520505145336,0.21039060582396543,-0.0,0.04285955218485737,0.04285955218485634,EUR
2020-04-03,6,4,0,0,0.041146425333796005,0.041146425333796005,0.19284000757711708,-0.0,0.041146425333789594,0.04114642533378671,EUR
2020-04-04,1,4,0,0,0.0,0.0,0.18817117337512718,-0.0,-0.014786003201631464,-0.014786003201629363,EUR
2020-04-06,6,5,0,0,0.02814821318580072,0.07065780157624639,0.23553141528450208,-0.0,0.02814821318581747,0.028148213185814307,JPY
2020-04-07,6,5,0,0,0.03564946078118222,0.03564946078118222,0.22264126693961966,-0.0,0.03564946078118433,0.03564946078118222,JPY
2020-04-08,6,6,0,0,0.13470203213855467,0.13470203213855467,0.3935611577523636,-0.0,0.13470203213857848,0.13470203213857465,EUR
2020-04-09,6,6,0,0,0.0,0.028074109861057694,0.2812514015549977,-0.0,-0.014855150272922654,-0.014855150272920482,EUR
2020-04-10,6,6,1,1,0.02784227257774505,0.03602949116240765,0.3017522852617413,-0.0,0.027842272577744975,0.02784227257774505,EUR
2020-04-11,1,5,0,0,0.00046542147665764775,0.00046542147665764775,0.2855329952986049,-0.0,0.0004654214766460335,0.000465421476656217,JPY
2020-04-13,6,5,0,0,0.18585065237166162,0.18585065237166162,0.30324270825534716,-0.0,0.1858506523716597,0.18585065237165876,JPY
2020-04-14,6,6,0,0,0.0,0.033801347873203054,0.15884312793869104,-0.0,-0.0009445852266611981,-0.0009445852266563265,JPY
2020-04-15,6,7,0,0,0.04184670728039758,0.04184670728039758,0.2922306341290546,-0.0,0.041846707280430065,0.04184670728042193,JPY
2020-04-16,6,8,0,0,0.12950143404616163,0.15900746791061,0.33131960088291873,-0.0,0.12950143404614803,0.1295014340461459,EUR
2020-04-17,6,8,1,1,0.0814980350962889,0.10934039948117633,0.26642862288367575,0.10090590669161266,-0.019407871595320293,0.08149803509629966,JPY
2020-04-18,1,7,0,0,0.000749640812114414,0.000749640812114414,0.1850814255125077,-0.0,0.000749640812122397,0.0007496408121158493,JPY
2020-04-20,6,7,0,0,0.0,0.03629947071177531,0.18665921570048027,-0.0,-0.022091467376476166,-0.022091467376467087,JPY
2020-04-21,6,9,0,0,0.11271557829874149,0.11271557829874149,0.2616362625177546,-0.0,0.1127155782987317,0.11271557829873359,JPY
2020-04-22,6,14,0,0,0.09653308443791521,0.18429945495056793,0.4760255403094752,-0.0,0.09653308443791182,0.09653308443790663,JPY
2020-04-23,6,17,1,1,0.0034164689312120656,0.1576710216062016,0.49055722569578597,-0.0,0.0034164689312083203,0.003416468931216372,JPY
2020-04-24,6,17,0,0,0.14449795118671796,0.14449795118671796,0.6996077115087713,-0.0,0.14449795118671252,0.14449795118671724,JPY
2020-04-25,1,17,0,0,0.0,0.0,0.6998009828662564,-0.0,-0.07399857682363828,-0.07399857682362965,JPY
2020-04-27,6,20,1,0,0.0,0.05618017550481425,0.7732973245344164,-0.0,-0.04224436867764433,-0.042244368677647984,JPY
2020-04-28,6,19,3,1,0.10289656113412458,0.23002005300693593,0.8586502247727403,0.09678227530279505,0.0061142858313323716,0.10289656113412458,JPY
2020-04-29,6,16,1,0,0.17314132225381026,0.17314132225381026,0.8171840917529715,-0.0,0.17314132225379292,0.173141322253801,JPY
2020-04-30,6,16,1,0,0.048898546809597807,0.06845499400250041,0.8958109268318616,0.05734957421532016,-0.008451027405723335,0.048898546809588515,JPY
2020-05-01,6,20,5,0,0.23060841032672805,0.23060841032672805,1.4931621380939886,-0.2052772682668133,0.4358856785935388,0.23060841032672452,JPY
2020-05-02,1,16,0,0,0.0,0.0,1.106874167433925,-0.0,-0.006790310690964442,-0.006790310690963553,JPY
2020-05-04,6,17,3,0,0.4218785608923417,0.4218785608923417,1.1290785443641265,-0.168075429351477,0.5899539902438293,0.42187856089235515,JPY
2020-05-05,6,14,2,0,0.3188279611316618,0.33661733127149485,0.6566084355525913,-0.19865131553649737,0.5174792766681608,0.31882796113166323,JPY
2020-05-06,6,12,1,1,0.29797306586199784,0.29797306586199784,0.647723628643861,0.10061951005443605,0.19735355580756328,0.2979730658619964,JPY
2020-05-07,6,12,0,0,0.06304536590218926,0.12728908475884715,0.5495059683441492,-0.0,0.06304536590218711,0.06304536590219356,JPY
2020-05-08,6,13,2,2,0.0,0.04603923726231618,0.6022981746360762,0.2018502338610487,-0.20785812978400048,-0.006007895922948838,JPY
2020-05-09,1,11,0,0,0.03131013800729403,0.03131013800729403,0.8251091813115288,-0.0,0.031310138007285576,0.031310138007285444,JPY
2020-05-11,6,11,0,0,0.0,0.040280014823140184,0.7338933048977421,-0.0,-0.16296779161939157,-0.16296779161939132,JPY
2020-05-12,6,12,0,0,0.16364838067841522,0.16364838067841522,1.176811180879188,-0.0,0.1636483806784248,0.1636483806784195,JPY
2020-05-13,6,14,3,0,0.27581335379968663,0.29121116854520945,1.091883683943041,-0.1783291533078373,0.45414250710749254,0.2758133537996652,JPY
2020-05-14,6,11,0,0,0.14186709569395092,0.14186709569395092,0.9356275753213023,-0.0,0.14186709569396935,0.14186709569396524,JPY
2020-05-15,6,12,1,0,0.23781902726609672,0.29053310333791393,1.0517423622374213,-0.0,0.23781902726607365,0.23781902726608029,JPY
2020-05-16,1,11,0,0,0.07709103695308765,0.07709103695308765,0.9054200106994277,-0.0,0.07709103695307701,0.07709103695308622,JPY
2020-05-18,6,13,2,0,0.0,0.009444220437483643,0.8684806308659542,-0.0,-0.02842260181467051,-0.028422601814674896,JPY
2020-05-19,6,12,2,1,0.0,0.08457748330948048,1.2009356643330293,-0.446420307126871,0.4424372632069104,-0.003983043919961124,JPY
2020-05-20,6,11,0,0,0.0,0.10914893770937674,1.1665680381307808,-0.0,-0.018485046623420653,-0.0184850466234272,JPY
2020-05-21,6,12,0,0,0.10693985411708705,0.1375352760403923,1.3223055000110233,-0.0,0.10693985411709263,0.10693985411709343,JPY
2020-05-22,6,12,1,0,0.1028597495798374,0.13611110833846868,1.2166667475388455,-0.0,0.10285974957984093,0.10285974957984022,JPY
2020-05-23,1,11,0,0,0.0,0.0,1.0191353608156062,-0.0,-0.028017780122172604,-0.02801778012216497,JPY
2020-05-25,6,11,0,0,0.0,0.05193120416850564,1.0468598340512787,-0.0,-0.005811209680751674,-0.005811209680752115,JPY
2020-05-26,6,11,1,1,8.680636493909059e-05,0.09693270328338742,1.160287278492582,-0.0,8.680636493471368e-05,8.680636493838322e-05,JPY
2020-05-27,6,11,0,0,0.08796112573349381,0.19820870630665993,1.3025372767313035,0.09943621223796144,-0.011475086504487857,0.08796112573347897,JPY
2020-05-28,6,13,0,0,0.0,0.038698063174738714,1.3225891254354063,-0.0,-0.016448021954290015,-0.01644802195429346,JPY
2020-05-29,6,13,2,1,0.07223501291864057,0.10217827057235748,1.512090281231427,-0.0,0.07223501291864816,0.07223501291864128,JPY
2020-05-30,1,11,0,0,0.0,0.0,1.5479131370231891,-0.0,-0.01882094703591973,-0.018820947035921843,JPY
2020-06-01,6,11,2,1,0.017554273682717225,0.022125092967951246,1.5664392653546209,-0.0,0.017554273682711685,0.017554273682713003,JPY
2020-06-02,6,11,0,0,0.025467260618291885,0.025467260618291885,1.2186601292511758,-0.0,0.025467260618284675,0.025467260618290476,JPY
2020-06-03,6,11,1,0,0.0,0.10772756043270473,1.4174922417892508,-0.0,-0.011266164888062265,-0.011266164888056136,JPY
2020-06-04,6,10,0,0,0.028796586394463648,0.034683841354419605,1.5095936433878463,-0.0,0.02879658639446732,0.028796586394460852,JPY
2020-06-05,6,10,1,0,0.0,0.05270794986719649,1.6598531703329615,-0.0,-0.012928972108003159,-0.012928972108009435,JPY
2020-06-06,1,9,0,0,0.019506554632048034,0.019506554632048034,1.7353576503789998,-0.0,0.01950655463206232,0.019506554632064063,JPY
2020-06-08,6,9,3,0,0.11057814878691997,0.19158123917368763,1.7161858644801944,-0.0,0.11057814878691946,0.11057814878691788,JPY
2020-06-09,6,7,2,0,0.12720265467615785,0.13104333051529668,1.1077602855315967,-0.3140882162140817,0.44129087089022895,0.1272026546761467,NZD
2020-06-10,6,5,0,0,0.028745384386889887,0.028745384386889887,0.6774536084882354,-0.0,0.028745384386890067,0.028745384386891986,CAD
2020-06-11,6,5,2,0,0.14313034618433604,0.14313034618433604,0.7566571562626898,-0.3822228412768987,0.5253531874612297,0.14313034618433604,CAD
2020-06-12,6,3,0,0,0.010078039269625907,0.03427761048830302,0.2570066134103928,-0.0,0.010078039269625907,0.010078039269627304,CAD
2020-06-13,1,3,0,0,0.0,0.0,0.25660986954844855,-0.0,-0.005198150058512199,-0.005198150058521936,CAD
2020-06-15,6,3,0,0,0.03988894399850916,0.03988894399850916,0.30867110743348525,-0.0,0.039888943998500424,0.039888943998510555,CAD
2020-06-16,6,4,0,0,0.057656597706965546,0.11004210018732541,0.396719115959191,-0.0,0.057656597706969646,0.05765659770696484,AUD
2020-06-17,6,5,0,0,0.04279014323816154,0.04279014323816154,0.3655191578039923,-0.0,0.04279014323816461,0.04279014323816783,AUD
2020-06-18,6,6,0,0,0.13188672733245727,0.14613868616363868,0.4933749161424606,-0.0,0.13188672733245654,0.13188672733245657,CAD
2020-06-19,6,7,0,0,0.0521521139972074,0.10811073153990276,0.45312781227399906,-0.0,0.05215211399720684,0.05215211399720811,CAD
2020-06-20,1,7,0,0,0.04029715002777469,0.04029715002777469,0.4011849246960587,-0.0,0.04029715002776723,0.040297150027771886,CAD
2020-06-22,6,9,0,0,0.01814899876211337,0.023892652967604334,0.4029099539142393,-0.0,0.01814899876210617,0.01814899876210777,CAD
2020-06-23,6,10,0,0,0.0,0.010017801289803735,0.6114453638459955,-0.0,-0.061076341587104434,-0.06107634158709705,EUR
2020-06-24,6,11,0,0,0.0,0.0982457119999491,0.8301610531347722,-0.0,-0.001526805519754265,-0.0015268055197554854,CAD
2020-06-25,6,11,0,0,0.0,0.027186754895087848,0.8204280598474244,-0.0,-0.015016540289467441,-0.0150165402894623,CAD
2020-06-26,6,11,0,0,0.08969367221119177,0.08969367221119177,0.8383329659825174,-0.0,0.089693672211197,0.08969367221118968,CAD
2020-06-27,1,11,0,0,0.0,0.0,0.7761474286041674,-0.0,-0.042141441457360505,-0.04214144145735571,CAD
2020-06-29,6,12,0,0,0.012947273894119385,0.012947273894119385,0.8314746037604015,-0.0,0.012947273894125047,0.012947273894120082,CAD
2020-06-30,6,12,0,0,0.10787796553533095,0.14741613508999835,0.8846222185789608,-0.0,0.10787796553532844,0.10787796553533512,CAD
2020-07-01,6,13,2,0,0.15367762813763716,0.15367762813763716,0.8551061637421109,-0.06563405946279144,0.21931168760043368,0.1536776281376323,CAD
2020-07-02,6,11,0,0,0.02362980405717494,0.1674037078456552,0.9309830487726498,-0.0,0.023629804057183987,0.023629804057179113,EUR
2020-07-03,6,12,0,0,0.029995087182028757,0.029995087182028757,0.8389325525201522,-0.0,0.02999508718202415,0.029995087182024583,EUR
2020-07-04,1,12,0,0,0.0,0.0,0.8620591487742213,-0.0,-0.027210781892410354,-0.027210781892403915,EUR
2020-07-06,6,12,0,0,0.024362278065615306,0.08185671247027082,0.8890280191913538,-0.0,0.024362278065615656,0.02436227806561461,EUR
2020-07-07,6,14,0,0,0.0032318940230274787,0.030545324667166515,1.0310361261746446,-0.0,0.0032318940230391196,0.0032318940230351236,EUR
2020-07-08,6,14,1,0,0.05316246896260588,0.07617276778275858,1.123453764453965,-0.0,0.05316246896260666,0.05316246896261143,EUR
2020-07-09,6,13,0,0,0.017998529285838054,0.0722263752710957,1.0652762789173305,-0.07262844537279628,0.09062697465863025,0.01799852928582971,EUR
2020-07-10,6,14,3,0,0.024145679459832953,0.024145679459832953,1.1060046441770295,-0.0,0.02414567945983226,0.02414567945983087,EUR
2020-07-11,1,11,0,0,0.009129519399763248,0.009129519399763248,1.0556635942296042,-0.0,0.009129519399768794,0.009129519399771566,EUR
2020-07-13,6,12,1,0,0.0006870580208204461,0.005827028353410382,1.0466296270846893,-0.24079752970916848,0.24148458772998949,0.0006870580208239126,EUR
2020-07-14,6,13,1,0,0.054723087458901316,0.06448372862301056,0.9263035287302731,-0.0,0.0547230874589066,0.05472308745890201,EUR
2020-07-15,6,14,1,0,0.013578009311262303,0.013578009311262303,1.0346783544770133,-0.0,0.013578009311258504,0.013578009311261612,EUR
2020-07-16,6,14,0,0,0.016951719134852165,0.05791097513723019,1.026717006477876,-0.0,0.016951719134847856,0.016951719134850787,EUR
2020-07-17,6,14,3,0,0.1008177136820752,0.1008177136820752,1.1167884872558926,-0.15020211981110093,0.25101983349318646,0.1008177136820828,EUR
2020-07-18,1,11,0,0,0.0030636410663017807,0.0030636410663017807,0.9713372828278751,-0.0,0.0030636410663001422,0.003063641066296953,EUR
2020-07-20,6,11,1,0,0.0,0.10182988887171797,0.968303307099336,-0.0,-0.012115786926927158,-0.012115786926917935,EUR
2020-07-21,6,11,1,1,0.1996552952496746,0.1996552952496746,0.9496116789646112,-0.0,0.199655295249687,0.1996552952496877,EUR
2020-07-22,6,10,1,1,0.007520178704133979,0.01384476164601129,0.8228252083179569,-0.0,0.007520178704139589,0.0075201787041450285,EUR
2020-07-23,6,9,0,0,0.027959107221100413,0.027959107221100413,0.9512214670165495,-0.0,0.027959107221099552,0.027959107221099032,EUR
2020-07-24,6,12,3,1,0.05935765489676477,0.0691887488855488,1.0465781299846995,-0.10116701444274508,0.16052466933950027,0.05935765489675649,EUR
2020-07-25,1,9,0,0,0.02239660491863713,0.02239660491863713,0.9036838526858644,-0.0,0.02239660491863937,0.02239660491863644,EUR
2020-07-27,6,10,2,0,0.0,0.07304599361932246,0.8903415498251265,-0.0,-0.026374974363558523,-0.02637497436355387,EUR
2020-07-28,6,8,0,0,0.13241144065443347,0.14897413126988993,0.7714668498592872,-0.0,0.13241144065444568,0.13241144065444035,CHF
2020-07-29,6,9,1,0,0.028623908578021516,0.028623908578021516,0.6945831704641898,-0.0,0.028623908578014626,0.028623908578021516,CHF
2020-07-30,6,8,1,1,0.03418115286723782,0.03418115286723782,0.6755085507047222,-0.0,0.03418115286722784,0.03418115286723369,CHF
2020-07-31,6,7,0,0,0.0,0.0374618783328634,0.6948770527556848,-0.0,-0.0036179447531685055,-0.0036179447531640273,EUR
2020-08-01,1,7,0,0,0.031203653409923034,0.031203653409923034,0.8612920882022984,-0.0,0.031203653409919426,0.031203653409912033,EUR
2020-08-03,6,7,1,0,0.0,0.007023125942500231,0.8303475335588448,-0.0,-0.021169491680980566,-0.02116949168097704,EUR
2020-08-04,6,8,1,0,0.09858749482098682,0.1166966130541312,0.7158775680105969,-0.1052745954973944,0.2038620903183897,0.09858749482099713,EUR
2020-08-05,6,7,1,0,0.006501864791686189,0.028445288707575327,0.4947899784183944,-0.0,0.006501864791688254,0.006501864791685502,EUR
2020-08-06,6,6,1,0,0.06009993166472129,0.06009993166472129,0.44913438063223526,-0.0,0.060099931664711184,0.06009993166471372,EUR
2020-08-07,6,5,1,0,0.1352376749021958,0.13802260254524315,0.45643476106667386,-0.16787846559319056,0.3031161404953749,0.13523767490218067,EUR
2020-08-08,1,4,0,0,0.0,0.0,0.2364653178244076,-0.0,-0.003348532472924202,-0.003348532472918298,EUR
2020-08-10,6,4,0,0,0.0897534348812026,0.09332513116589956,0.2560292211739189,-0.0,0.08975343488120638,0.0897534348812033,EUR
2020-08-11,6,5,2,1,0.05149890297471765,0.07408209357403557,0.1703203284385305,-0.0739111668946199,0.12541006986932712,0.05149890297471076,EUR
2020-08-12,6,5,0,0,0.0470800827922483,0.05478419422970997,0.22558071334660826,-0.0,0.04708008279223817,0.04708008279224279,EUR
2020-08-13,6,5,0,0,0.0914627958314004,0.11340203553944174,0.22455589446572377,-0.0,0.09146279583139644,0.09146279583139902,EUR
2020-08-14,6,6,0,0,0.0003391902851498705,0.01643086688456279,0.15170673841765453,-0.0,0.0003391902851520697,0.0003391902851491805,EUR
2020-08-15,1,7,0,0,0.0,0.0,0.2812139588576443,-0.0,-0.018308960388389153,-0.01830896038839335,EUR
2020-08-17,6,7,0,0,0.08671975422510039,0.15678403034068655,0.34501894533416094,-0.0,0.0867197542250912,0.08671975422509556,EUR
2020-08-18,6,9,0,0,0.0,0.05582206310491808,0.3182389417570268,-0.0,-0.02704381247712071,-0.027043812477112277,EUR
2020-08-19,6,11,0,0,0.02606685245581585,0.14359527720283405,0.6931560283398934,-0.0,0.026066852455819505,0.026066852455823408,EUR
2020-08-20,6,11,2,0,0.2325966981283637,0.27207178774802454,0.6693567041621613,-0.0,0.23259669812834863,0.23259669812835132,EUR
2020-08-21,6,9,1,1,0.161051126181173,0.161051126181173,0.5336432931212972,-0.0,0.16105112618117423,0.16105112618117234,EUR
2020-08-22,1,8,0,0,0.00841322193756745,0.00841322193756745,0.3848767052317494,-0.0,0.00841322193756802,0.008413221937572962,JPY
2020-08-24,6,9,2,0,0.03661421557114319,0.05615051669311051,0.40459656904195085,-0.0,0.03661421557114008,0.03661421557113423,JPY
2020-08-25,6,8,0,0,0.0,0.027444901787168612,0.4104235739633298,-0.0,-0.002058165385811608,-0.0020581653858144067,JPY
2020-08-26,6,8,0,0,0.0,0.006570109923198822,0.5046353333235595,-0.0,-0.00964303071911584,-0.009643030719117348,JPY
2020-08-27,6,8,0,0,0.0,0.006672213830087944,0.6667699798819424,-0.0,-0.017586884813371985,-0.017586884813371773,JPY
2020-08-28,6,10,2,0,0.0,0.07348730505376182,0.7107995630913079,-0.0,-0.043716543453234155,-0.04371654345323562,JPY
2020-08-29,1,8,0,0,0.0,0.0,0.7753123889678221,-0.0,-0.01842275581838715,-0.018422755818384283,AUD
2020-08-31,6,8,0,0,0.0531788165041298,0.06828004353235513,0.793588943832872,-0.0,0.05317881650413681,0.05317881650413253,AUD
2020-09-01,6,8,0,0,0.0,0.04902229492239867,0.74936190637849,-0.0,-0.018732060160834174,-0.018732060160834004,AUD
2020-09-02,6,8,3,2,0.21159164209849124,0.21159164209849124,0.7980535290302815,0.09618494339582434,0.1154066987026747,0.2115916420984981,EUR
2020-09-03,6,5,3,0,0.06412445627356991,0.06412445627356991,0.5639025731627962,-0.13992908059515463,0.20405353686872937,0.06412445627357195,EUR
2020-09-04,6,2,1,0,0.03646780743364342,0.03646780743364342,0.09097349204984961,-0.23302859357539712,0.26949640100903977,0.03646780743363862,EUR
2020-09-05,1,1,0,0,0.003979432679623474,0.003979432679623474,0.06798197494363621,-0.0,0.003979432679628721,0.003979432679623474,EUR
2020-09-07,6,1,0,0,0.0,0.009410207880268282,0.06400508930345311,-0.0,-0.025734688756207574,-0.02573468875620142,EUR
2020-09-08,6,1,0,0,0.0,0.006223716353110858,0.14116640225598498,-0.0,-0.01014012185219187,-0.010140121852198578,EUR
2020-09-09,6,4,0,0,0.0,0.013963132866692715,0.2693941252734502,-0.0,-0.008670916562856339,-0.008670916562848902,EUR
2020-09-10,6,4,1,0,0.0,0.12572889988666963,0.2680678608687169,-0.0,-0.010203569757200675,-0.010203569757192624,EUR
2020-09-11,6,5,0,0,0.0,0.05422420215013343,0.3255150788065589,-0.06637247311071968,0.05462448433098451,-0.011747988779738124,JPY
2020-09-12,1,5,0,0,0.0,0.0,0.3560362737927416,-0.0,-0.03226954458103661,-0.0322695445810404,JPY
2020-09-14,6,5,1,0,0.10093651222649236,0.10093651222649236,0.3915457480970612,-0.18452359123936032,0.28546010346584744,0.10093651222648758,JPY
2020-09-15,6,6,0,0,0.08762111809661816,0.15209841954180686,0.17881451001847648,-0.0,0.08762111809661907,0.08762111809661678,CHF
2020-09-16,6,8,1,1,0.08852881242742919,0.09049442206386854,0.3538407867492496,-0.0,0.08852881242744608,0.08852881242744352,CHF
2020-09-17,6,8,1,1,0.07567785962870882,0.10784402840796344,0.3935076566941533,0.09620456419057011,-0.020526704561854722,0.07567785962871566,CHF
2020-09-18,6,7,0,0,0.0,0.02075935168436277,0.38813214789620415,-0.0,-0.008607350185340805,-0.008607350185341232,CHF
2020-09-19,1,7,0,0,0.0,0.0,0.46619181741014043,-0.0,-0.03551930444676106,-0.035519304446761525,CHF
2020-09-21,6,7,1,1,0.21173144076593406,0.21173144076593406,0.5143658338972084,0.09611520317355364,0.11561623759237982,0.21173144076593267,CHF
2020-09-22,6,8,0,0,0.04110152716799166,0.07836909006838605,0.4053329578604414,-0.0,0.0411015271679916,0.041101527167996456,CHF
2020-09-23,6,8,1,1,0.08469197323719348,0.1473589182999434,0.5707743613166463,-0.0,0.08469197323719387,0.08469197323719212,CHF
2020-09-24,6,9,0,0,0.09994229685560219,0.10266201459716649,0.5528626572929699,0.09625158457278535,0.0036907122828186163,0.09994229685560561,CHF
2020-09-25,6,9,0,0,0.04030207753495736,0.07493437258265337,0.7367466068016758,-0.0,0.04030207753496043,0.04030207753496623,CHF
2020-09-26,1,9,0,0,0.025393046910774427,0.025393046910774427,0.7502394845875727,-0.0,0.025393046910784565,0.025393046910775787,CHF
2020-09-28,6,9,0,0,0.10282406587914131,0.1621317759613378,0.7250305450232134,-0.0,0.10282406587914078,0.10282406587914744,CHF
2020-09-29,6,10,3,0,0.001812609964961958,0.05014423601527691,0.5954331245879506,-0.0,0.001812609964963665,0.0018126099649537668,CHF
2020-09-30,6,7,2,0,0.028264735994532882,0.0784096759105535,0.3534258605458346,-0.0,0.028264735994527,0.028264735994524014,CHF
2020-10-01,6,5,0,0,0.0,0.00891321637324613,0.3345968612240988,-0.0,-0.008048175360580372,-0.008048175360576261,CHF
2020-10-02,6,5,0,0,0.12970230681019068,0.12970230681019068,0.4374149494961414,-0.0,0.12970230681018244,0.12970230681019,CHF
2020-10-03,1,5,0,0,0.0,0.0,0.35058354471426323,-0.0,-0.02017907908576511,-0.020179079085770355,CHF
2020-10-05,6,6,0,0,0.03288503408262632,0.03288503408262632,0.38093998670992546,-0.0,0.03288503408264479,0.03288503408264268,CHF
2020-10-06,6,6,0,0,0.11490294735253098,0.14057013547798272,0.38298075976472196,-0.0,0.11490294735252693,0.11490294735253029,CHF
2020-10-07,6,8,1,0,0.01903305934171416,0.01903305934171416,0.292691994836734,-0.0,0.01903305934170473,0.01903305934170665,CHF
2020-10-08,6,7,0,0,0.014048207485366978,0.03973459208617313,0.37048186549926093,-0.0,0.014048207485362816,0.014048207485361518,CHF
2020-10-09,6,8,0,0,0.09706708370846555,0.12146101856610621,0.5545539747382928,-0.0,0.0970670837084613,0.09706708370845805,CHF
2020-10-10,1,9,1,1,0.011068820039456384,0.011068820039456384,0.5098151892943583,-0.0,0.011068820039455076,0.011068820039452972,CHF
2020-10-12,6,9,0,0,0.17287518375239352,0.1802972579376218,0.6333176272085292,0.09604132599223698,0.07683385776015056,0.1728751837523853,CHF
2020-10-13,6,10,0,0,0.100339560302676,0.100339560302676,0.6106108038617777,-0.0,0.10033956030267446,0.10033956030267327,CHF
2020-10-14,6,13,0,0,0.010488173564211532,0.08271711383058927,0.7166662922802381,-0.0,0.010488173564211403,0.010488173564208114,CHF
2020-10-15,6,15,1,0,0.38019463454053887,0.38019463454053887,0.933144881027971,-0.0,0.38019463454054303,0.38019463454054303,CHF
2020-10-16,6,16,0,0,0.06446830071511826,0.06446830071511826,0.7844266777765282,-0.0,0.06446830071512331,0.06446830071512853,EUR
2020-10-17,1,16,0,0,0.024351295849208802,0.024351295849208802,0.7608435283539658,-0.0,0.024351295849211887,0.024351295849211543,EUR
2020-10-19,6,17,1,1,0.07867023563063644,0.2951997934753092,0.8027537470068581,0.0964843366418995,-0.0178141010112598,0.0786702356306385,EUR
2020-10-20,6,18,0,0,0.19835614682675184,0.19835614682675184,1.1157879579363343,-0.0,0.1983561468267449,0.19835614682674704,CHF
2020-10-21,6,19,1,0,0.023698792515858942,0.023698792515858942,0.9953052365735453,-0.0,0.02369879251587165,0.023698792515863064,CHF
2020-10-22,6,19,0,0,0.07825181560149451,0.10732052706282601,1.4477444585233379,-0.0,0.07825181560147909,0.07825181560148632,CHF
2020-10-23,6,19,1,0,0.1783935807784744,0.19738435198573537,1.580739523576843,-0.0,0.1783935807784624,0.17839358077846346,CHF
2020-10-24,1,18,0,0,0.0,0.0,1.5743784407945887,-0.0,-0.009700358712436765,-0.00970035871243677,CHF
2020-10-25,1,18,0,0,0.0,0.0,1.5839251530854415,-0.0,-0.020704594228164327,-0.020704594228174656,CHF
2020-10-26,6,18,0,0,0.13039158194931524,0.1325356278870577,1.6580884558706703,-0.0,0.13039158194931522,0.13039158194931524,CHF
2020-10-27,6,19,0,0,0.0,0.12586240965312614,1.6161442553583965,-0.0,-0.032153663161751854,-0.03215366316175627,CHF
2020-10-28,6,22,1,0,0.7830933908019694,0.8242226283864512,1.9745597072153647,-0.08630680875287491,0.8694001995548589,0.7830933908019816,EUR
2020-10-29,6,21,0,0,0.23456328688815117,0.4736055424360124,1.3869901749270057,-0.0,0.23456328688814362,0.23456328688814776,EUR
2020-10-30,6,21,2,2,0.3182868900615764,0.4494590618587653,1.5103044745762124,-0.0,0.3182868900615735,0.3182868900615736,EUR
2020-11-02,6,20,3,0,0.18028835353188663,0.18028835353188663,1.3280358413416047,-0.0,0.18028835353188613,0.18028835353188938,JPY
2020-11-03,6,20,0,0,0.06953438658056767,0.18495274525249591,1.5811557014437359,-0.0,0.06953438658057788,0.06953438658057316,JPY
2020-11-04,6,20,6,1,0.27304915164315197,0.27304915164315197,1.6668313768098062,-0.19171703123279818,0.46476618287595167,0.2730491516431533,EUR
2020-11-05,6,14,1,1,0.1304689337113913,0.16852487472894045,1.5046355988655458,-0.0,0.1304689337114009,0.13046893371139265,EUR
2020-11-06,6,16,0,0,0.1909918861481254,0.1909918861481254,1.7340718318994843,-0.0,0.1909918861481289,0.19099188614812404,EUR
2020-11-09,6,17,0,0,0.0,0.16040867024714991,1.6404974544977424,-0.0,-0.11193202274216621,-0.11193202274217103,EUR
2020-11-10,6,17,1,0,0.06041729222106054,0.06041729222106054,2.0124301696883307,-0.0,0.06041729222107128,0.06041729222106933,EUR
2020-11-11,6,16,0,0,0.19384392021419286,0.2926488469216487,2.1600965960571723,-0.0,0.19384392021420596,0.19384392021420027,EUR
2020-11-12,6,16,5,1,0.1302304928365945,0.1302304928365945,2.1306378675972053,0.09510456372606019,0.03512592911054943,0.1302304928366107,EUR
2020-11-13,6,12,1,0,0.09561238967670667,0.09561238967670667,1.3862459295281975,-0.41586022703970477,0.5114726167164098,0.0956123896767087,EUR
2020-11-16,6,11,0,0,0.05162572565373518,0.09906733350531721,1.326189030344766,-0.0,0.05162572565373505,0.051625725653740566,EUR
2020-11-17,6,11,0,0,0.09361883579247839,0.09398046506628499,1.3903322413068286,-0.0,0.09361883579246369,0.09361883579246827,EUR
2020-11-18,6,11,0,0,0.24409101295750976,0.24409101295750976,1.3257463477285827,-0.0,0.2440910129575053,0.24409101295750102,EUR
2020-11-19,6,11,1,0,0.030411518328053874,0.11071668018130217,1.1161203966873599,-0.0,0.030411518328053753,0.03041151832805049,EUR
2020-11-20,6,11,0,0,0.15336140798576162,0.17081306259090318,1.0652319270035036,-0.0,0.15336140798576525,0.1533614079857623,EUR
2020-11-23,6,12,0,0,0.03305932340007585,0.03575755626392243,0.9445148371308156,-0.0,0.033059323400083995,0.03305932340008465,EUR
2020-11-24,6,13,0,0,0.06492926650322292,0.07723261837415928,0.9418542670297615,-0.0,0.06492926650322013,0.06492926650322292,EUR
2020-11-25,6,13,2,0,0.020141583505961288,0.1999536431576809,0.9490961109247593,-0.0,0.02014158350596133,0.020141583505960615,EUR
2020-11-26,6,11,1,0,0.05621381055625389,0.05621381055625389,0.6687631362957634,-0.0,0.05621381055625005,0.05621381055624579,EUR
2020-11-27,6,10,1,1,0.05141443562850113,0.05141443562850113,0.6006511349048269,-0.0,0.051414435628498935,0.0514144356284991,EUR
2020-11-30,2,9,0,0,0.05832057787981533,0.05832057787981533,0.8035667630230194,-0.0,0.05832057787982384,0.058320577879816,EUR
2020-12-01,6,9,1,1,0.07488939146396019,0.07488939146396019,0.7542151214697651,-0.0,0.07488939146394126,0.07488939146394534,EUR
2020-12-02,6,10,0,0,0.0,0.009879623655076697,1.0737290389126353,-0.0,-0.031147234223338493,-0.031147234223340224,EUR
2020-12-03,6,11,0,0,0.15856980230219314,0.15856980230219314,1.2547158764994197,-0.0,0.15856980230219234,0.1585698023021945,EUR
2020-12-04,6,11,2,0,0.06680050839364635,0.13748046136907102,1.031746320252353,-0.0,0.06680050839365054,0.06680050839364635,EUR
2020-12-07,6,11,4,0,0.016833412166279912,0.13374938917151913,0.9713371760707646,-0.04020511989194088,0.05703853205822596,0.01683341216628932,EUR
2020-12-08,6,9,0,0,0.15634252610683383,0.18944355938624557,0.6653680442729485,-0.10634298249299083,0.2626855085998187,0.1563425261068325,CHF
2020-12-09,6,10,0,0,0.0,0.17464091857317962,0.5939362433990433,-0.0,-0.013360188031287667,-0.01336018803129038,CHF
2020-12-10,6,10,0,0,0.0,0.060425962998795366,0.6364177297922655,-0.0,-0.023462690364097986,-0.023462690364095283,CHF
2020-12-11,6,11,1,0,0.012508289265485053,0.09020836697324289,0.974145341008275,-0.0,0.012508289265481656,0.012508289265479016,CHF
2020-12-14,6,11,1,0,0.05055909223950541,0.13239835469047956,0.5742498174780752,-0.0741472899441963,0.12470638218370349,0.05055909223950608,CHF
2020-12-15,6,10,0,0,0.02783669119143359,0.0699258237591657,0.5867580609359441,-0.0,0.02783669119142911,0.027836691191430243,CHF
2020-12-16,6,10,0,0,0.04898770618436246,0.04898770618436246,0.6600532953997522,-0.0,0.04898770618438126,0.048987706184377866,CHF
2020-12-17,6,10,0,0,0.012028185869701133,0.053254002193717766,0.831206423125918,-0.0,0.01202818586970385,0.012028185869706486,CHF
2020-12-18,6,11,0,0,0.12752110024921967,0.12752110024921967,0.9618200573962999,-0.0,0.12752110024921667,0.12752110024921431,CHF
2020-12-21,6,13,2,0,0.3075248143248296,0.3075248143248296,0.9102200582177712,-0.12767953428869053,0.4352043486135106,0.3075248143248263,JPY
2020-12-22,6,11,0,0,0.14459391669919977,0.14459391669919977,0.7842017770674957,-0.0,0.1445939166992039,0.14459391669920246,JPY
2020-12-23,6,11,1,0,0.038384439863678683,0.038384439863678683,0.7194074208033694,-0.0,0.038384439863674166,0.038384439863680696,JPY
2020-12-24,6,11,0,0,0.0,0.10028784605577026,0.8215871609967094,-0.0,-0.03611225395746997,-0.03611225395746437,JPY
2020-12-25,3,11,0,0,0.07715570648533882,0.07715570648533882,0.908780460179226,-0.0,0.07715570648535819,0.07715570648535017,JPY
2020-12-28,6,11,0,0,0.0,0.029599208542031484,0.8322668950966428,-0.0,-0.07534891002940831,-0.07534891002940254,JPY
2020-12-29,6,11,1,0,0.06830195023387346,0.13008406376944365,0.9235425327839352,-0.0,0.06830195023388097,0.0683019502338828,JPY
2020-12-30,6,10,0,0,0.13511499009504407,0.13511499009504407,0.7975086568460547,-0.0,0.13511499009504654,0.13511499009504074,JPY
2020-12-31,6,10,0,0,0.06479162636266433,0.09299901803062449,0.7441245751123481,-0.0,0.06479162636265336,0.06479162636265498,JPY
2021-01-04,6,12,1,0,0.1724050945438449,0.1724050945438449,0.864783219759138,-0.052256928201366924,0.2246620227452081,0.17240509454384023,JPY
2021-01-05,6,12,0,0,0.12206428386248296,0.15058517285390693,0.8448734721935296,-0.0,0.12206428386248032,0.12206428386247963,JPY
2021-01-06,6,13,1,1,0.0,0.0753467953925634,0.8369620088163549,-0.0,-0.0016643591706756416,-0.0016643591706840693,JPY
2021-01-07,6,12,0,0,0.0,0.01670278058024309,0.9983555881655637,-0.0,-0.04548840988097976,-0.04548840988098472,JPY
2021-01-08,6,12,0,0,0.052467742026896434,0.09292568743085229,1.3304349594805887,-0.0,0.05246774202688919,0.05246774202688911,JPY
2021-01-11,6,13,0,0,0.057993057604280154,0.06215708594893754,1.3410199942311978,-0.0,0.05799305760427274,0.05799305760427749,JPY
2021-01-12,6,14,0,0,0.02225515932959818,0.11953169875435218,1.4007053886517098,-0.0,0.02225515932959876,0.022255159329598845,JPY
2021-01-13,6,14,2,1,0.045792958904938376,0.06625463707912091,1.3713083166659759,-0.0,0.04579295890493796,0.045792958904935704,JPY
2021-01-14,6,13,0,0,0.0806720171839922,0.13855284737672366,1.3463203999133524,-0.0,0.0806720171840022,0.0806720171840002,JPY
2021-01-15,6,13,1,1,0.17698329612989339,0.19270345355110594,1.2092560355086677,0.09364565767267934,0.0833376384572182,0.17698329612989605,JPY
2021-01-18,6,13,3,0,0.1154684244973288,0.1154684244973288,1.071258828153818,-0.11043261499774154,0.22590103949506143,0.11546842449731748,JPY
2021-01-19,6,11,0,0,0.0,0.020044332891038023,0.7451794521754115,-0.0,-0.06718129867374165,-0.06718129867373698,JPY
2021-01-20,6,12,0,0,0.26741481744985063,0.2712706040716042,1.0394082194236856,-0.0,0.2674148174498484,0.2674148174498527,JPY
2021-01-21,6,13,1,0,0.0,0.03761853507584302,0.7421796721977676,-0.09543867474650038,0.06720758386226133,-0.02823109088424217,JPY
2021-01-22,6,12,0,0,0.0,0.021241906042512606,0.98302186994338,-0.0,-0.0178547884299217,-0.01785478842992677,JPY
2021-01-25,6,13,0,0,0.05634337713517274,0.10909754006587727,1.1189099025890548,-0.0,0.05634337713515946,0.05634337713515813,JPY
2021-01-26,6,13,0,0,0.07861222973954385,0.07861222973954385,1.0814062795816335,-0.0,0.07861222973954696,0.07861222973954518,JPY
2021-01-27,6,13,1,0,0.0,0.06369755975766045,1.1156083047246526,-0.0,-0.047688610898572806,-0.04768861089856842,JPY
2021-01-28,6,14,0,0,0.01482493348591655,0.09094036399391148,1.1764915552661257,-0.04681373782570651,0.06163867131161121,0.014824933485907927,JPY
2021-01-29,6,15,0,0,0.0,0.13505367882150485,1.3658950718111915,-0.0,-0.023340503528936084,-0.023340503528933108,JPY
2021-02-01,6,15,2,0,0.0,0.10068321637827027,1.3485736959646997,-0.0,-0.00030261406433098464,-0.00030261406432553946,JPY
2021-02-02,6,13,0,0,0.04463330589887336,0.1505299595912241,1.3213522779046158,-0.05427606016983352,0.09890936606870475,0.04463330589886744,JPY
2021-02-03,6,14,1,0,0.1001022682834828,0.140280077483488,1.3165656074858063,-0.020708606074898633,0.12081087435838211,0.10010226828348745,CHF
2021-02-04,6,14,1,0,0.0,0.046135581595303385,1.2722786715770549,-0.0,-0.01633910765441297,-0.016339107654415114,CHF
2021-02-05,6,13,0,0,0.018613327690682482,0.018613327690682482,1.484268750544399,-0.0,0.018613327690680997,0.01861332769067985,CHF
2021-02-08,6,13,0,0,0.0,0.03906599765672112,1.4564062569523961,-0.0,-0.014174248770872306,-0.014174248770874111,JPY
2021-02-09,6,13,3,0,0.08866184132168302,0.10221443736467793,1.2013095909514284,-0.36733991802706256,0.45600175934874193,0.08866184132167776,GBP
2021-02-10,6,10,1,0,0.04118805566447661,0.06324974973556115,0.9268157734187568,-0.04621784893889532,0.0874059046033647,0.041188055664475295,GBP
2021-02-11,6,10,1,0,0.017992931022631206,0.03947490650203882,0.7002141542608887,-0.0,0.017992931022621842,0.017992931022620694,GBP
2021-02-12,6,9,0,0,0.02335284095748921,0.02335284095748921,0.728802925534033,-0.0,0.02335284095747509,0.023352840957477382,GBP
2021-02-15,6,10,0,0,0.0,0.023001958952645382,0.8786496137257347,-0.0,-0.08097584327477696,-0.08097584327477796,GBP
2021-02-16,6,12,0,0,0.0,0.04570225557171098,0.9081113256454889,-0.0,-0.06287519924395109,-0.06287519924395321,GBP
2021-02-17,6,12,0,0,0.0540512993835121,0.0540512993835121,1.0766301519308104,-0.0,0.05405129938350179,0.05405129938350294,GBP
2021-02-18,6,13,0,0,0.016127940496954332,0.016127940496954332,1.034456863780722,-0.0,0.01612794049694975,0.016127940496953676,GBP
2021-02-19,6,13,3,0,0.0,0.04014885243775517,1.2220502498631296,-0.0,-0.009574438643609748,-0.009574438643606806,CAD
2021-02-22,6,11,1,0,0.0,0.02601867003609075,1.1198038472011553,-0.08036708910186474,-0.02482017373581584,-0.10518726283768093,CAD
2021-02-23,6,11,0,0,0.05315326147486161,0.05315326147486161,1.2788666064612526,-0.0,0.05315326147484891,0.05315326147485379,CAD
2021-02-24,6,12,2,2,0.0,0.13857721059753858,1.4201090980891413,-0.0,-0.038499433722467294,-0.038499433722464525,CAD
2021-02-25,6,10,6,0,0.11605321261069593,0.21424001450664507,1.5834734070639775,-0.6643895685622809,0.7804427811729859,0.11605321261069917,JPY
2021-02-26,6,6,2,0,0.0449989596669946,0.0449989596669946,0.379524286745475,-0.5811783347550561,0.6261772944220455,0.04499895966699069,CAD
2021-03-01,6,6,2,0,0.257291264416488,0.257291264416488,0.303923635971865,-0.11492619970115403,0.37221746411764656,0.25729126441648603,EUR
2021-03-02,6,5,2,2,0.040012640113479915,0.052047305128942664,0.09306559084685204,-0.0,0.04001264011348856,0.040012640113491656,EUR
2021-03-03,6,3,0,0,0.07740184096891804,0.09216323619791869,0.139241201105742,-0.0,0.07740184096891523,0.07740184096892067,EUR
2021-03-04,6,3,0,0,0.12218270434678152,0.14756918128359683,0.15487120405908902,-0.0,0.12218270434677522,0.12218270434676914,EUR
2021-03-05,6,5,2,2,0.1359032191042343,0.1359032191042343,0.2320162292656538,0.18378439041911282,-0.047881171314888185,0.135903219104233,USD
2021-03-08,6,3,0,0,0.07106530013107867,0.10481061487956553,0.11828870682149449,-0.0,0.07106530013108055,0.07106530013107802,USD
2021-03-09,6,4,0,0,0.010963965588994836,0.010963965588994836,0.06527678467246706,-0.0,0.010963965588996165,0.01096396558899811,USD
2021-03-10,6,6,0,0,0.03559533084696025,0.03559533084696025,0.2282441120997903,-0.0,0.03559533084697446,0.03559533084696809,USD
2021-03-11,6,6,0,0,0.00566343537771405,0.03661492531795027,0.2647772718057698,-0.0,0.005663435377701595,0.005663435377700335,USD
2021-03-12,6,6,1,1,0.24528950418862,0.2569164171758917,0.4923635317426002,-0.0,0.24528950418861098,0.24528950418861414,USD
2021-03-14,1,5,0,0,0.0,0.0,0.29370549772353294,-0.0,-0.008920706445704023,-0.008920706445708585,USD
2021-03-15,6,5,0,0,0.014153362194383047,0.06185274717469554,0.3025992101819954,-0.0,0.014153362194370593,0.014153362194367367,USD
2021-03-16,6,5,0,0,0.07697272700719526,0.087625549133483,0.34737631012412473,-0.0,0.07697272700720571,0.07697272700719854,USD
2021-03-17,6,7,0,0,0.03656717831781178,0.03656717831781178,0.3058366405014373,-0.0,0.03656717831780953,0.03656717831780525,USD
2021-03-18,6,10,0,0,0.10154147159334691,0.1285874330944699,0.5634462124552071,-0.0,0.10154147159335362,0.10154147159335147,EUR
2021-03-19,6,10,0,0,0.03710292238340412,0.048665463790349424,0.4795884880274378,-0.0,0.03710292238340208,0.03710292238340281,EUR
2021-03-21,1,10,1,0,0.0561119429378605,0.0561119429378605,0.4929251675967493,-0.0,0.0561119429378691,0.05611194293786312,EUR
2021-03-22,6,10,0,0,0.03791347602207089,0.07161052515927814,0.4990513307237292,-0.04583619560969739,0.08374967163177306,0.03791347602207611,EUR
2021-03-23,6,12,2,2,0.03101246805134506,0.08150731710714365,0.4838764460648925,-0.0,0.03101246805134048,0.03101246805134571,EUR
2021-03-24,6,10,2,2,0.0939136472429224,0.0939136472429224,0.6147852800005214,0.18374993324681171,-0.08983628600388444,0.09391364724291913,CHF
2021-03-25,6,8,0,0,0.030406379895257893,0.06431609508735961,0.5217274203588688,-0.0,0.030406379895255606,0.030406379895261158,CHF
2021-03-26,6,8,1,0,0.0,0.0433465740880492,0.5664094748307558,-0.0,-0.03343577967286468,-0.03343577967286533,CHF
2021-03-29,6,8,1,0,0.14932751905514224,0.15117671275902123,0.5476672448365645,-0.11472326656760443,0.2640507856227354,0.14932751905513178,CHF
2021-03-30,6,7,0,0,0.06326245945835599,0.10263779929739253,0.42471291202757067,-0.0,0.06326245945835492,0.0632624594583586,CHF
2021-03-31,6,7,0,0,0.0,0.05258197123909652,0.3654950936317361,-0.0,-0.015425941214321863,-0.015425941214330469,CHF
2021-04-01,6,7,0,0,0.053554968107418985,0.053554968107418985,0.5472362888044361,-0.0,0.05355496810743049,0.05355496810743334,CHF
2021-04-02,6,7,0,0,0.0392677403544386,0.0633209084195671,0.4881229277651008,-0.0,0.03926774035443558,0.03926774035443598,CHF
2021-04-03,1,7,0,0,0.0,0.0,0.46267228017747863,-0.0,-0.02588469745547602,-0.025884697455478597,CHF
2021-04-05,6,7,1,0,0.060644499511712295,0.07173093261596088,0.5130271819913041,-0.0,0.06064449951169741,0.06064449951170121,CHF
2021-04-06,6,6,2,0,0.03948148449579533,0.05093990661011842,0.39390348262934516,-0.0,0.039481484495792675,0.03948148449579076,CHF
2021-04-07,6,6,2,1,0.15179070446223183,0.15245131327308967,0.37829152656126896,-0.053038396787878604,0.204829101250116,0.1517907044622338,CHF
2021-04-08,6,6,1,1,0.11500707677795238,0.12772565303818187,0.28538548431344185,0.18408331987621293,-0.06907624309825698,0.11500707677795435,CHF
2021-04-09,6,5,0,0,0.025519709209098844,0.027391001813883948,0.2387401759536048,-0.0,0.025519709209084793,0.025519709209086406,CHF
2021-04-10,1,5,0,0,0.0,0.0,0.2426554744426087,-0.0,-0.005705262992849361,-0.005705262992846854,CHF
2021-04-12,6,6,1,1,0.012229223138324606,0.06790340812059825,0.27679985331936674,-0.0,0.012229223138320464,0.012229223138314786,GBP
2021-04-13,6,6,0,0,0.0929700863047818,0.14244019666756094,0.35562690911723177,-0.0,0.09297008630478426,0.09297008630478443,GBP
2021-04-14,6,9,0,0,0.12092956600009877,0.13627669671213122,0.4662506705388771,-0.0,0.12092956600008961,0.12092956600008826,GBP
2021-04-15,6,10,0,0,0.10046302779397243,0.1011556706582879,0.5293684611346875,-0.0,0.10046302779396804,0.10046302779397177,GBP
2021-04-16,6,12,0,0,0.13500628852441868,0.15063792480729984,0.5534353159661359,-0.0,0.1350062885244202,0.13500628852441932,GBP
2021-04-17,1,12,0,0,0.0,0.0,0.7846739216776165,-0.0,-0.011771546573345814,-0.011771546573345056,GBP
2021-04-19,6,13,1,0,0.11579257375960123,0.11579257375960123,0.8732901855987104,-0.0,0.11579257375960521,0.1157925737596091,GBP
2021-04-20,6,13,1,0,0.04586030173290257,0.060481533435195266,0.8917392203866094,-0.0,0.04586030173290327,0.04586030173290322,GBP
2021-04-21,6,14,4,0,0.1076131511870035,0.14658481086033084,0.8605276208537109,-0.20727676401888942,0.3148899152058906,0.1076131511869989,JPY
2021-04-22,6,10,1,0,0.07352171596288476,0.08848026934670455,0.6824486617523752,-0.07851331707030343,0.15203503303319446,0.07352171596288999,JPY
2021-04-23,6,11,0,0,0.0,0.0702565125728786,0.6415071407596721,-0.0,-0.007789234695644203,-0.007789234695639497,JPY
2021-04-24,1,11,0,0,0.0014907759959400788,0.0014907759959400788,0.7596799210936837,-0.0,0.0014907759959304743,0.0014907759959322318,JPY
2021-04-26,6,11,0,0,0.05932690586094788,0.05932690586094788,0.758200448168026,-0.0,0.05932690586095814,0.05932690586095507,JPY
2021-04-27,6,11,0,0,0.0,0.07697369744656148,0.907503802245029,-0.0,-0.00682952990812081,-0.006829529908128703,JPY
2021-04-28,6,11,0,0,0.054650066370275835,0.090323584846547,0.9464516214333408,-0.0,0.0546500663702614,0.054650066370266724,EUR
2021-04-29,6,12,1,1,0.0,0.058576487688904694,0.8533129796279771,-0.0,-0.01484776551469634,-0.014847765514695889,EUR
2021-04-30,6,13,1,1,0.11182570111988105,0.12927595151667595,1.0981428124971204,0.09149877404177571,0.02032692707810903,0.11182570111989015,EUR
2021-05-01,1,12,0,0,0.012475096795394939,0.012475096795394939,1.070441320898657,-0.0,0.012475096795397784,0.012475096795398842,NZD
2021-05-03,6,13,0,0,0.005120911858055952,0.17076575331564603,1.0809848757532095,-0.0,0.00512091185805636,0.005120911858054651,NZD
2021-05-04,6,13,0,0,0.0,0.0,1.1531884454973589,-0.0,-0.007145990033763445,-0.0071459900337663695,EUR
2021-05-05,6,16,3,0,0.020381558977496175,0.07137439817191825,1.2394945769963595,-0.0,0.020381558977508266,0.020381558977508506,CHF
2021-05-06,6,14,0,0,0.08950155041598723,0.1090780819489723,1.1272887617875522,-0.0,0.08950155041598933,0.08950155041598917,CHF
2021-05-07,6,14,0,0,0.01518192336794912,0.022141392174468907,1.0879483308692282,-0.0,0.01518192336794547,0.015181923367953664,CHF
2021-05-08,1,14,0,0,0.04454885551756003,0.04454885551756003,1.1162864892365683,-0.0,0.04454885551756457,0.044548855517565863,CHF
2021-05-10,6,14,0,0,0.0,0.0,1.0739143372584459,-0.0,-0.13395625862944052,-0.1339562586294445,CHF
2021-05-11,6,15,1,1,0.022440326080468722,0.035704409784277524,1.447737458791536,0.09097846144471058,-0.06853813536424186,0.0224403260804726,CHF
2021-05-12,6,14,3,0,0.010764167935945519,0.03751876606383775,1.453306295912657,-0.0,0.01076416793594697,0.01076416793594681,CHF
2021-05-13,6,11,3,2,0.2195521441511981,0.2436072399041327,1.3571114503427084,0.18149744513821464,0.03805469901297975,0.2195521441511981,GBP
2021-05-14,6,9,1,0,0.07318585932199302,0.1103790883694684,1.0258513867215697,-0.1442441880944939,0.21743004741648259,0.07318585932199367,NZD
2021-05-15,1,8,0,0,0.0,0.0,0.9213488675962351,-0.0,-0.0037444895771963763,-0.0037444895772005796,NZD
2021-05-17,6,8,0,0,0.0,0.0,0.9340775522088751,-0.0,-0.04500830852695641,-0.045008308526953665,NZD
2021-05-18,6,8,0,0,0.013596633574053168,0.021136367561126173,1.1266792705382886,-0.0,0.013596633574056556,0.01359663357406027,NZD
2021-05-19,6,8,0,0,0.0,0.03486799801096522,1.1322310945445766,-0.0,-0.009170482989762634,-0.009170482989768603,NZD
2021-05-20,6,11,0,0,0.026423721372349187,0.029571914024670985,1.287406951508085,-0.0,0.02642372137235676,0.02642372137236079,JPY
2021-05-21,6,11,0,0,0.04505787034223876,0.06974121068267208,1.3446988233174801,-0.0,0.045057870342229904,0.0450578703422394,JPY
2021-05-22,1,11,0,0,0.00011571828646279879,0.00011571828646279879,1.1969755289046224,-0.0,0.0001157182864621546,0.00011571828646344298,JPY
2021-05-24,6,12,0,0,0.08407873739375137,0.08407873739375137,1.2139341551984493,-0.0,0.08407873739374766,0.08407873739374364,JPY
2021-05-25,6,13,2,0,0.07305212009789781,0.13235861428118023,1.188815551962876,-0.07899217853982249,0.15204429863772598,0.07305212009790298,JPY
2021-05-26,6,11,1,0,0.0,0.03896071832203713,1.0369425616091619,-0.0,-0.024731049336520903,-0.024731049336526378,JPY
2021-05-27,6,11,0,0,0.06591008004745454,0.06591008004745454,1.0813693285294805,-0.0,0.06591008004746098,0.06591008004745648,JPY
2021-05-28,6,13,0,0,0.0,0.0,1.422059962776574,-0.0,-0.006165204942758399,-0.0061652049427551895,JPY
2021-05-29,1,13,0,0,0.0,0.0,1.540806193370655,-0.0,-0.012465016660434557,-0.012465016660431028,EUR
2021-05-31,2,13,0,0,0.06632287462902912,0.0787783950489343,1.553077618647173,-0.0,0.0663228746290253,0.06632287462902464,EUR
2021-06-01,5,13,3,0,0.0,0.12457736205838531,1.3699378950652235,-0.25617811932186435,0.25519612583978496,-0.0009819934820886767,JPY
2021-06-02,6,10,0,0,0.0,0.0064127758403024065,1.105502846325867,-0.0,-0.0008820118465787881,-0.0008820118465765426,JPY
2021-06-03,6,11,1,0,0.02149484718168827,0.035432721682667985,1.1678627979693552,-0.09315615233604559,0.1146509995177334,0.021494847181679294,EUR
2021-06-04,6,13,3,0,0.0787114359655551,0.0787114359655551,1.0897815179113997,-0.03791718385396174,0.11662861981951525,0.07871143596555381,EUR
2021-06-05,1,10,0,0,0.0018405575104332335,0.0018405575104332335,0.951850677441699,-0.12116232945789766,0.12300288696833186,0.0018405575104358,USD
2021-06-07,6,13,0,0,0.11179596943545417,0.12994267321379077,1.10347786489187,-0.0,0.11179596943546169,0.11179596943546187,EUR
2021-06-08,6,15,1,0,0.13111751204615993,0.13111751204615993,1.175087771031031,-0.0,0.13111751204616393,0.13111751204616506,EUR
2021-06-09,6,15,0,0,0.0776658374143959,0.14045217676290372,0.9230237056927788,-0.2406548081944499,0.31832064560883505,0.07766583741439012,EUR
2021-06-10,6,19,2,2,0.17421540097336513,0.1768632265387948,1.0274049801441276,0.09044483689450657,0.08377056407886793,0.17421540097337157,EUR
2021-06-11,6,17,0,0,0.10947297931828241,0.21862425640411703,1.115399043727105,0.09060268071801207,0.01887029860026773,0.10947297931828176,JPY
2021-06-12,1,17,0,0,0.04786276132092518,0.04786276132092518,1.0116740903942183,-0.0,0.04786276132092615,0.04786276132092776,JPY
2021-06-14,6,19,0,0,0.0,0.03856986339378602,1.0546611633959435,-0.0,-0.05002107020763858,-0.050021070207645554,JPY
2021-06-15,6,19,1,1,0.21595678003045482,0.31356172451514686,1.3679541238244504,-0.0,0.21595678003045,0.2159567800304503,EUR
2021-06-16,6,18,5,2,0.07953619510011875,0.1468686862409052,1.3113631232503375,-0.43066916638988245,0.5102053614899974,0.07953619510011489,EUR
2021-06-17,6,15,4,4,0.1155712152626286,0.1155712152626286,0.9792537427984025,0.2330078169372234,-0.11743660167460872,0.11557121526262026,GBP
2021-06-18,6,13,1,0,0.0,0.009631675432699787,0.9103977635617408,-0.0,-0.010539167590857044,-0.01053916759085158,EUR
2021-06-19,1,12,0,0,0.0,0.0,0.8772702265032156,-0.0,-0.03749107825383553,-0.03749107825383441,CHF
2021-06-21,6,12,2,0,0.0845130051623458,0.0845130051623458,0.9308178222857915,-0.05985008980537906,0.14436309496772212,0.08451300516234517,CHF
2021-06-22,6,11,0,0,0.0,0.020679212235235677,0.6702218807593777,-0.2056054666386919,0.1863146377433234,-0.01929082889537025,CHF
2021-06-23,6,12,3,0,0.022705893538665072,0.02679972078289968,0.8385508284844082,-0.056877196108057734,0.07958308964673637,0.022705893538676622,CHF
2021-06-24,6,12,1,0,0.01744436861982837,0.06294801577940157,0.7198724940688019,-0.073718364505634,0.09116273312545907,0.01744436861982516,EUR
2021-06-25,6,11,2,0,0.07885819395371617,0.07885819395371617,0.7077811207770958,-0.16918991754652973,0.2480481115002362,0.07885819395371295,EUR
2021-06-26,1,9,0,0,0.0063818975085444905,0.0063818975085444905,0.5599353135074915,-0.0,0.006381897508548931,0.006381897508543205,EUR
2021-06-28,6,9,0,0,0.002013685502908995,0.002013685502908995,0.5723616811704398,-0.0,0.0020136855029079825,0.002013685502908995,EUR
2021-06-29,6,10,0,0,0.04273557363073311,0.04273557363073311,0.6600244783130077,-0.0,0.04273557363073786,0.04273557363074274,EUR
2021-06-30,6,11,0,0,0.07467629034198679,0.12479993658382568,0.670595597349626,-0.0,0.07467629034197959,0.07467629034197523,EUR
2021-07-01,6,12,0,0,0.14476139550696154,0.14476139550696154,0.7661206536023221,-0.0,0.1447613955069667,0.1447613955069654,CAD
2021-07-02,6,13,0,0,0.3620011456716032,0.3768724813246908,0.8837492704151139,-0.0,0.36200114567160113,0.3620011456716045,CAD
2021-07-03,1,13,0,0,0.0,0.0,0.595242132417994,-0.0,-0.006334472633183243,-0.006334472633182961,CAD
2021-07-05,6,15,0,0,0.016211549523485146,0.14053428200044832,0.7106931057592296,-0.0,0.01621154952347471,0.016211549523478697,CAD
2021-07-06,6,18,2,2,0.006784717734178964,0.006784717734178964,0.8815537992783223,-0.0,0.0067847177341676555,0.006784717734171238,CAD
2021-07-07,6,21,0,0,0.16384041128515625,0.16384041128515625,1.2605813791947924,-0.0,0.16384041128516685,0.1638404112851633,EUR
2021-07-08,6,21,8,8,0.08791741424293756,0.09408386984604028,1.1752775671462263,-0.0,0.08791741424293613,0.08791741424293627,EUR
2021-07-09,6,15,2,0,0.05575581508796148,0.07366891565328425,1.0317387304473995,-0.0,0.05575581508796164,0.05575581508795828,CAD
2021-07-10,1,14,0,0,0.003507959108370426,0.003507959108370426,0.8223838204108759,-0.0,0.0035079591083603864,0.0035079591083614307,CAD
2021-07-12,6,16,2,0,0.033151711850632766,0.054158582030294354,0.6890274743253271,-0.11710683309682109,0.15025854494746604,0.03315171185064497,EUR
2021-07-13,6,14,2,0,0.12174853275558709,0.1633563267737344,0.6679544685082823,-0.11222405260702364,0.23397258536260798,0.12174853275557745,JPY
2021-07-14,6,12,1,0,0.0,0.02488758948144141,0.5602126384456833,-0.0,-0.004142933405226726,-0.004142933405220531,JPY
2021-07-15,6,11,1,0,0.10023641754227487,0.13400932281867384,0.7395493038637065,-0.0,0.1002364175422704,0.10023641754227551,JPY
2021-07-16,6,11,1,1,0.0,0.04406481068852764,0.6825050793793643,-0.0,-0.03177155029228158,-0.03177155029227749,EUR
2021-07-17,1,10,0,0,0.0,0.0,0.8108115469832006,0.09039132593940084,-0.09586693854764013,-0.005475612608230609,EUR
2021-07-19,6,10,5,1,0.016583544270958206,0.03313054329590667,0.8421735488442158,-0.0,0.016583544270961016,0.01658354427096013,EUR
2021-07-20,6,6,0,0,0.014931027845487173,0.014931027845487173,0.37816086193801834,-0.4326811738380297,0.44761220168351806,0.014931027845488458,EUR
2021-07-21,6,8,2,0,0.15553293618086272,0.15553293618086272,0.572164083266931,-0.0,0.15553293618086483,0.15553293618087174,NZD
2021-07-22,6,8,1,0,0.013198899718098544,0.013198899718098544,0.2712517432302995,-0.15067488301538115,0.16387378273347775,0.01319889971809277,CAD
2021-07-23,6,7,0,0,0.05765462075337152,0.06325930236219605,0.3987817607175181,-0.0,0.0576546207533807,0.057654620753379855,GBP
2021-07-24,1,7,0,0,0.021594319142577815,0.021594319142577815,0.3592989642882889,-0.0,0.021594319142571754,0.021594319142572045,GBP
2021-07-26,6,7,0,0,0.018559341894888386,0.051849403868641834,0.3377775859156058,-0.0,0.018559341894891723,0.01855934189489416,GBP
2021-07-27,6,8,1,0,0.05836794003396551,0.06865592826885698,0.41620968845803086,-0.045591216791544015,0.10395915682550479,0.058367940033961035,GBP
2021-07-28,6,7,0,0,0.1621026579891485,0.1621026579891485,0.5032680093681327,-0.0,0.1621026579891586,0.16210265798915555,NZD
2021-07-29,6,7,2,1,0.03531262304450483,0.03531262304450483,0.3527068120568663,-0.0,0.03531262304449103,0.03531262304449394,NZD
2021-07-30,6,5,0,0,0.14892661511586916,0.14892661511586916,0.35580946071914177,-0.0,0.14892661511588226,0.1489266151158826,NZD
2021-07-31,1,5,0,0,0.0,0.0,0.20719140875514255,-0.0,-0.004968721533429942,-0.004968721533428498,NZD
2021-08-02,6,6,1,0,0.03448439166014877,0.0477294584273714,0.21504364435536485,-0.055683638065714545,0.09016802972586296,0.03448439166014556,NZD
2021-08-03,6,8,0,0,0.0,0.005952778255158572,0.2942433986388654,-0.0,-0.06095991121239004,-0.06095991121238968,NZD
2021-08-04,6,9,0,0,0.0,0.056218223320200336,0.47862673499872,-0.0,-0.15543339359123956,-0.15543339359124003,NZD
2021-08-05,6,10,0,0,0.0,0.03620908104042776,0.5786393593354562,-0.0,-0.013223313130435722,-0.013223313130437479,NZD
2021-08-06,6,10,2,0,0.029302557072340592,0.029302557072340592,0.5833507910750144,-0.0,0.02930255707234968,0.029302557072351437,NZD
2021-08-07,1,8,0,0,0.0,0.0,0.5895533347968238,-0.07140498033798723,0.06548280319113398,-0.005922177146852132,CHF
2021-08-09,6,9,1,0,0.035282430231113056,0.035282430231113056,0.6234495625641968,-0.0,0.035282430231111064,0.03528243023110923,CHF
2021-08-10,6,8,1,0,0.05106687065931066,0.0704730871991436,0.6425525895005553,-0.06903823678592322,0.12010510744523595,0.051066870659313215,CHF
2021-08-11,6,8,0,0,0.022317826065843902,0.022317826065843902,0.5370847302407249,-0.0,0.022317826065847163,0.02231782606584772,CHF
2021-08-12,6,10,0,0,0.05419536172655667,0.06483431495246857,0.6308673161658089,-0.0,0.054195361726558096,0.0541953617265554,GBP
2021-08-13,6,11,3,0,0.020370403633472187,0.030659830685906598,0.6044642982149208,-0.0,0.020370403633473942,0.020370403633472187,GBP
2021-08-14,1,8,0,0,0.0061470116697874555,0.0061470116697874555,0.42946502752720594,-0.22031148913724585,0.22645850080702215,0.006147011669781094,CAD
2021-08-16,6,8,2,0,0.01651305907724227,0.01651305907724227,0.4233440388648908,-0.0,0.016513059077251733,0.016513059077246726,CAD
2021-08-17,6,9,0,0,0.15259253688653304,0.19228221524269304,0.5490569387219307,-0.0,0.15259253688653662,0.15259253688653748,GBP
2021-08-18,6,9,1,0,0.014158456159766835,0.06080088520242148,0.4337694443322579,-0.08256232478065356,0.09672078094042796,0.014158456159771933,GBP
2021-08-19,6,9,0,0,0.28372665579843764,0.28372665579843764,0.750447505309388,-0.0,0.2837266557984356,0.28372665579843315,GBP
2021-08-20,6,10,2,0,0.058619138556283576,0.0744443578380239,0.6765347871870003,-0.0,0.058619138556281467,0.05861913855628422,CAD
2021-08-21,1,8,0,0,0.022521004059137942,0.022521004059137942,0.399406059375139,-0.26100044402130584,0.28352144808044377,0.02252100405914178,AUD
2021-08-23,6,9,1,0,0.0,0.050905581372884146,0.41436514469346264,-0.0,-0.000107193112085274,-0.00010719311209134477,AUD
2021-08-24,6,9,0,0,0.0429048707933503,0.0429048707933503,0.5888115522058043,-0.0,0.04290487079335119,0.04290487079334903,NZD
2021-08-25,6,9,0,0,0.057833599063970266,0.057833599063970266,0.8270294714921219,-0.0,0.05783359906396772,0.05783359906397155,NZD
2021-08-26,6,9,0,0,0.052890826714083614,0.052890826714083614,1.1251447559318597,-0.0,0.05289082671407383,0.05289082671408108,NZD
2021-08-27,6,9,0,0,0.06344062149972907,0.06344062149972907,0.9355784770606791,-0.0,0.06344062149973761,0.06344062149974365,CAD
2021-08-28,1,9,0,0,0.006369904251163466,0.006369904251163466,1.2076709574391922,-0.0,0.00636990425115987,0.006369904251168528,CAD
2021-08-30,6,10,0,0,0.04070845848352557,0.04982828020345882,1.206039626983408,-0.0,0.040708458483523086,0.04070845848352304,CAD
2021-08-31,6,11,0,0,0.010434521337612739,0.08177023554910005,1.2036878604591261,-0.0,0.010434521337607954,0.01043452133761084,CAD
2021-09-01,6,11,0,0,0.0,0.037007619108869204,1.3584372449658915,-0.0,-0.031087202501260847,-0.031087202501269257,GBP
2021-09-02,6,11,0,0,0.0,0.004271456199018819,1.5374641366111779,-0.0,-0.01279535826511783,-0.01279535826511255,GBP
2021-09-03,6,11,0,0,0.009242777095657493,0.009242777095657493,1.4301431990770073,-0.0,0.00924277709566528,0.009242777095665044,GBP
2021-09-04,1,11,0,0,0.005301528235040586,0.005301528235040586,1.4190527566797877,-0.0,0.005301528235025493,0.005301528235034297,GBP
2021-09-06,6,11,0,0,0.08151362971899356,0.11461538696734952,1.4138261828390248,-0.0,0.08151362971900883,0.08151362971900362,GBP
2021-09-07,6,12,2,0,0.08343292278009211,0.08713495565098134,1.360187550972188,-0.0,0.0834329227800826,0.0834329227800808,GBP
2021-09-08,6,10,0,0,0.03742318015039489,0.03742318015039489,1.223236513825882,-0.0,0.03742318015039082,0.03742318015039301,CAD
2021-09-09,6,12,2,0,0.03033363427097069,0.07820083120979548,1.171825370804049,-0.15065637482236907,0.1809900090933355,0.03033363427096881,JPY
2021-09-10,6,11,0,0,0.0,0.07884315399802211,1.0993862412140265,-0.0,-0.015970008291754448,-0.01597000829175727,JPY
2021-09-11,1,11,0,0,0.0,0.0,1.0745461067298796,-0.0,-0.020922060115158184,-0.020922060115159905,JPY
2021-09-13,6,13,0,0,0.05253165325135589,0.05253165325135589,1.1931755398840762,-0.0,0.05253165325135637,0.052531653251362775,JPY
2021-09-14,6,13,3,0,0.1408126092816449,0.23750552535761332,1.1745311915430736,-0.11404771132171787,0.25486032060337055,0.14081260928165745,JPY
2021-09-15,6,13,0,0,0.12345647032712496,0.13292917113467934,1.00958919440602,-0.15596551646478596,0.2794219867919129,0.12345647032712746,JPY
2021-09-16,6,13,0,0,0.1275699088797622,0.1964954575039427,1.1462400541605553,-0.0,0.12756990887975622,0.12756990887975717,JPY
2021-09-17,6,14,1,1,0.14864546251385533,0.30070267856253236,1.1845010473502267,0.08843080076573599,0.060214661748126015,0.1486454625138585,JPY
2021-09-18,1,13,0,0,0.020665916288296456,0.020665916288296456,1.0419710511152755,-0.0,0.020665916288304637,0.020665916288304637,JPY
2021-09-20,6,14,1,0,0.34629748903933955,0.3473849405553685,1.2255697665317806,-0.0,0.3462974890393291,0.3462974890393308,JPY
2021-09-21,6,16,3,0,0.43479813075516344,0.5429007967110383,1.003820155735455,-0.399373491498781,0.8341716222539559,0.4347981307551741,JPY
2021-09-22,6,14,0,0,0.08307533599515168,0.08307533599515168,0.5452789358846963,-0.0,0.08307533599515311,0.08307533599515295,JPY
2021-09-23,6,17,2,0,0.0720228356913007,0.0720228356913007,0.8414340171243719,-0.0,0.07202283569129928,0.07202283569129628,CHF
2021-09-24,6,17,0,0,0.34881979581256595,0.42023359047103764,1.6054066343641376,-0.0,0.3488197958125616,0.3488197958125672,CHF
2021-09-25,1,17,0,0,0.0,0.0,1.1657522183288427,-0.0,-0.01589135866636842,-0.01589135866637168,CHF
2021-09-27,6,17,1,1,0.0,0.0,1.1925935383194521,-0.0,-0.031288791475410006,-0.031288791475407966,CHF
2021-09-28,6,17,1,1,0.5078249477703535,0.6546410062220708,1.5699510811803514,-0.0,0.5078249477703449,0.5078249477703523,CHF
2021-09-29,6,16,0,0,0.41050673206672394,0.4528981744676783,1.4718796508046295,-0.0,0.4105067320667315,0.4105067320667265,CHF
2021-09-30,6,16,2,1,0.04970115711760882,0.20145160766586287,1.1007328273174928,0.0889795889600139,-0.03927843184241045,0.04970115711760692,CHF
2021-10-01,6,14,3,2,0.1700491752201419,0.22157533858991058,0.9155208316817653,-0.15588338429247578,0.3259325595126095,0.17004917522013874,CHF
2021-10-02,1,11,0,0,0.004622887587940605,0.004622887587940605,1.0165325132036183,-0.0,0.004622887587940289,0.004622887587942499,AUD
2021-10-04,6,11,0,0,0.03874288990063733,0.1232184654319253,1.0119564072228227,-0.0,0.03874288990064254,0.038742889900638594,AUD
2021-10-05,6,12,0,0,0.051549059475093105,0.07136543600203009,1.1246336713348852,-0.0,0.05154905947510438,0.05154905947510446,AUD
2021-10-06,6,12,0,0,0.339412775250455,0.3510194189207754,1.298022433085135,-0.0,0.3394127752504602,0.33941277525045943,AUD
2021-10-07,6,13,0,0,0.0,0.02964379033700071,1.0665014775932025,-0.0,-0.0475932812776158,-0.04759328127761328,AUD
2021-10-08,6,13,1,0,0.017871800369897637,0.07547364884833696,1.3434805143264326,-0.0,0.01787180036990527,0.017871800369899524,AUD
2021-10-09,1,12,0,0,0.0,0.0,1.0707008534313496,-0.0,-0.0003923048123223668,-0.0003923048123297085,CHF
2021-10-11,6,13,0,0,0.061634543378886346,0.1301463336206542,1.0720747051424264,-0.0,0.061634543378882446,0.0616345433788807,CHF
2021-10-12,6,13,0,0,0.020786653926894258,0.11142315677788642,1.3445377193886519,-0.0,0.020786653926891867,0.020786653926891125,CHF
2021-10-13,6,13,0,0,0.0999052414470644,0.0999052414470644,1.4346974649379896,-0.0,0.09990524144707989,0.09990524144707316,CHF
2021-10-14,6,14,2,1,0.0,0.015212866669226497,1.5537137221401711,-0.0,-0.04181100661207893,-0.041811006612076734,CHF
2021-10-15,6,12,0,0,0.0,0.052941366667607945,1.8390867888703275,-0.0,-0.03161743172088721,-0.031617431720888454,CHF
2021-10-16,1,12,0,0,0.0,0.0,2.037718981634464,-0.0,-0.020834086246631706,-0.020834086246630305,CHF
2021-10-18,6,12,0,0,0.09131973521307078,0.1826821851626408,2.05812427649427,-0.0,0.09131973521306085,0.09131973521306146,CHF
2021-10-19,6,13,0,0,0.0,0.006810067160840642,2.101078710238468,-0.0,-0.0298003986193632,-0.02980039861936584,CHF
2021-10-20,6,13,0,0,0.0,0.08724206122317552,2.0083499344755182,-0.0,-0.026962543428352338,-0.026962543428349552,AUD
2021-10-21,6,13,2,0,0.29762645893690726,0.33326752994732833,2.093127070051182,-0.19388316386092458,0.49150962279782673,0.2976264589368998,AUD
2021-10-22,6,11,7,0,0.11125721726115158,0.19749841056621842,1.4966713053357077,-0.8377093054788194,0.948966522739975,0.11125721726115655,AUD
2021-10-23,1,4,0,0,0.007030522733631802,0.007030522733631802,0.5377291731039489,-0.0,0.007030522733634384,0.007030522733635529,AUD
2021-10-25,6,5,1,0,0.0,0.008063499133875059,0.5412413874374221,-0.0,-0.025971355493607774,-0.025971355493609308,AUD
2021-10-26,6,4,0,0,0.003588037028741607,0.05629555685493897,0.3272570740883499,-0.0,0.0035880370287433173,0.0035880370287453283,CHF
2021-10-27,6,7,0,0,0.031106310556595268,0.09180382882818401,0.3691056970039506,-0.0,0.03110631055659762,0.031106310556595268,CHF
2021-10-28,6,8,0,0,0.08195074375384387,0.08195074375384387,0.3865218324375767,-0.0,0.08195074375384119,0.08195074375384759,JPY
2021-10-29,6,9,0,0,0.03945810923893014,0.08405767900933828,0.40052964998819757,-0.0,0.039458109238921034,0.03945810923892144,JPY
2021-10-30,1,9,0,0,0.0,0.0,0.36121406899119635,-0.0,-0.007344102711585898,-0.007344102711581697,JPY
2021-10-31,1,9,0,0,0.0,0.0,0.3685311063998031,-0.0,-0.015472081029997404,-0.015472081030000563,JPY
2021-11-01,6,11,2,1,0.15270710193113743,0.18862192552758836,0.454059725327378,0.03670720978796718,0.11599989214316463,0.15270710193113496,JPY
2021-11-02,6,9,1,0,0.11675948511771632,0.11675948511771632,0.39237568287832153,-0.0,0.11675948511770635,0.116759485117707,JPY
2021-11-03,6,11,0,0,0.022725789107108596,0.024131812512229383,0.3719474553313032,-0.0,0.022725789107111007,0.02272578910710673,JPY
2021-11-04,6,11,1,1,0.5481346527656799,0.61687928960642,0.7918306169090634,0.08737269516931533,0.4607619575963644,0.5481346527656854,JPY
2021-11-05,6,10,2,2,0.1564697906609561,0.1564697906609561,0.39718692481624085,0.08781845431335569,0.0686513363476096,0.15646979066096608,JPY
2021-11-08,6,9,0,0,0.017735565379150445,0.03049432963557541,0.36636202553727876,-0.0,0.017735565379153963,0.01773556537915482,JPY
2021-11-09,6,10,1,1,0.28564148455819804,0.28564148455819804,0.6745602562587628,0.08772821089703815,0.1979132736611525,0.2856414845581863,JPY
2021-11-10,6,10,3,3,0.20604534576084688,0.20604534576084688,0.5239008696713768,0.1759526263977596,0.030092719363081655,0.2060453457608431,CAD
2021-11-11,6,8,1,1,0.0,0.05981467113900118,0.36009676078938985,0.08815795856942989,-0.11030457397347145,-0.022146615404045694,CAD
2021-11-12,6,7,0,0,0.0,0.1025403327835755,0.5449989959052309,-0.0,-0.015157112011685786,-0.015157112011684605,CAD
2021-11-15,6,7,0,0,0.09917722270923893,0.10845735851197351,0.6196103922482191,-0.0,0.09917722270924678,0.09917722270924455,CAD
2021-11-16,6,8,0,0,0.015876245058756042,0.015876245058756042,0.5599279886177169,-0.0,0.015876245058761125,0.015876245058762298,CAD
2021-11-17,6,9,0,0,0.017447684774195695,0.017447684774195695,0.5616769897817145,-0.0,0.017447684774189075,0.017447684774190692,CAD
2021-11-18,6,9,2,0,0.0,0.012697554093406855,0.7044019938928778,-0.05831090654242826,0.005114571590392887,-0.053196334952036656,CAD
2021-11-19,6,8,0,0,0.14134431688163,0.14134431688163,0.6925633932439392,-0.0,0.14134431688162793,0.1413443168816337,CAD
2021-11-22,6,8,0,0,0.006569230135479738,0.015233364612387534,0.577141439879729,-0.0,0.006569230135479173,0.006569230135478491,CAD
2021-11-23,6,8,1,0,0.12049304348698833,0.27981451595766327,0.6467507085561393,-0.04228090882647885,0.16277395231345412,0.12049304348697586,CAD
2021-11-24,6,7,1,1,0.10013503756401923,0.16990341999868075,0.5554415867979511,0.08781697326345617,0.012318064300562587,0.100135037564018,CAD
2021-11-25,6,6,0,0,0.0447224052101106,0.10312872673064397,0.37298923331624695,-0.0,0.04472240521010776,0.04472240521010997,CAD
2021-11-26,6,6,0,0,0.0,0.0,0.3433258969501074,-0.0,-0.08831991646569304,-0.08831991646570167,CAD
2021-11-29,6,7,1,0,0.16996045221843034,0.16996045221843034,0.6627161787280963,-0.0438668420359262,0.2138272942543699,0.16996045221843656,CAD
2021-11-30,6,6,0,0,0.0,0.07013185537713289,0.5107932668319098,-0.0,-0.021148044987718554,-0.021148044987712646,CAD
2021-12-01,6,6,3,0,0.06744272023840757,0.06744272023840757,0.4124024671795879,-0.25831182652853346,0.32575454676693916,0.06744272023840943,JPY
2021-12-02,6,3,0,0,0.011882187084868021,0.02165983675674754,0.21452209373860107,-0.0,0.011882187084865447,0.01188218708486429,JPY
2021-12-03,6,3,0,0,0.07130912685902549,0.07130912685902549,0.295745393191905,-0.0,0.07130912685901997,0.0713091268590205,JPY
2021-12-06,6,4,0,0,0.0,0.013451542499895778,0.2267490999033065,-0.0,-0.013338789028957259,-0.013338789028958756,USD
2021-12-07,6,4,1,0,0.022734712455180273,0.04527965521032049,0.3081817529844608,-0.17039638909864965,0.19313110155383512,0.022734712455185255,USD
2021-12-08,6,3,0,0,0.015379775093533214,0.015379775093533214,0.14241716438519167,-0.0,0.015379775093537378,0.015379775093535705,USD
2021-12-09,6,5,0,0,0.0,0.0005538852914322495,0.22419049118210013,-0.0,-0.005187264114353912,-0.005187264114352057,USD
2021-12-10,6,6,0,0,0.005483073491774112,0.021108389556015468,0.28634336193009713,-0.0,0.005483073491774792,0.005483073491773491,USD
2021-12-13,6,6,0,0,0.035424336205503386,0.05182302433247608,0.3530037317206169,-0.0,0.03542433620549733,0.03542433620550401,GBP
2021-12-14,6,6,0,0,0.0034904341442629247,0.0034904341442629247,0.40092106314004033,-0.0,0.003490434144263662,0.0034904341442641667,GBP
2021-12-15,6,7,0,0,0.013744126873946863,0.026353691099978854,0.5209700921986772,-0.0,0.013744126873958103,0.013744126873954304,GBP
2021-12-16,6,9,1,0,0.05302038618351637,0.08779000007242477,0.6255631177377898,-0.0,0.053020386183520556,0.053020386183518856,EUR
2021-12-17,6,8,0,0,0.05002090676127596,0.13793327962157723,0.6397475352266642,-0.04001198070283165,0.09003288746411989,0.050020906761282784,EUR
2021-12-20,6,10,0,0,0.010782471308872566,0.04037336059614066,0.6188827289365736,-0.0,0.010782471308865942,0.010782471308870709,EUR
2021-12-21,6,13,0,0,0.0037190220847228886,0.0037190220847228886,0.7984239697556702,-0.0,0.003719022084729312,0.003719022084724746,EUR
2021-12-22,6,13,0,0,0.08431904055987544,0.08431904055987544,0.8662716951926158,-0.0,0.08431904055987322,0.08431904055987482,EUR
2021-12-23,6,13,1,1,0.0,0.020326178231698015,0.8565177181504001,-0.0,-0.029546051046616943,-0.029546051046618175,EUR
2021-12-24,6,13,0,0,0.040435584721842874,0.053946172944157114,0.8815226184203899,-0.0,0.040435584721849195,0.040435584721842256,EUR
2021-12-27,6,14,0,0,0.0,0.013497913872262927,0.864766009274485,-0.0,-0.015887653113608135,-0.015887653113601657,EUR
2021-12-28,6,14,0,0,0.03687162252050659,0.03687162252050659,0.9768581268011894,-0.0,0.036871622520509365,0.03687162252051213,EUR
2021-12-29,6,14,0,0,0.01720740656803236,0.017745930730757413,0.9854990322576109,-0.0,0.01720740656803991,0.017207406568037292,EUR
2021-12-30,6,16,0,0,0.21301026244063226,0.21301026244063226,1.2225698164013092,-0.0,0.21301026244063473,0.2130102624406372,EUR
2021-12-31,6,16,2,0,0.044401754780953,0.05575514832950761,1.0927741202676748,-0.0,0.044401754780948995,0.04440175478094992,EUR
2022-01-03,6,14,0,0,0.059361406509882225,0.09664074480478987,0.9097308565522824,-0.09878653454651626,0.15814794105640037,0.05936140650988469,EUR
2022-01-04,6,14,0,0,0.1341026180260028,0.1341026180260028,1.0102323684680465,-0.0,0.13410261802599494,0.13410261802598925,EUR
2022-01-05,6,16,0,0,0.0,0.07806224725044424,0.906944410675398,-0.0,-0.0018543704643363282,-0.0018543704643348632,EUR
2022-01-06,6,17,5,0,0.0,0.0,1.095077736384534,-0.0,-0.0011252939382733734,-0.0011252939382801453,EUR
2022-01-07,6,12,0,0,0.0,0.041091094982707986,1.0740480860767088,-0.0,-0.006978310910528956,-0.006978310910520433,EUR
2022-01-10,6,14,0,0,0.04908972761181519,0.04908972761181519,1.0941778256674375,-0.0,0.04908972761181198,0.04908972761180661,EUR
2022-01-11,6,14,0,0,0.06327278301941386,0.10337119450968184,1.2347136765020301,-0.0,0.06327278301941294,0.06327278301941569,EUR
2022-01-12,6,15,6,0,0.1945307989462788,0.21323645609040653,1.1764053809600283,-0.14532716709281293,0.339857966039083,0.19453079894627148,EUR
2022-01-13,6,9,0,0,0.0692703512363041,0.08119397927316845,0.5989397676647069,-0.0,0.06927035123630562,0.06927035123630777,EUR
2022-01-14,6,10,0,0,0.0,0.029395942625049767,0.6551250413640864,-0.0,-0.02611388526568424,-0.026113885265680405,EUR
2022-01-17,6,12,0,0,0.046301355517018,0.11056999963063759,0.7931417393281635,-0.0,0.04630135551701188,0.04630135551701066,EUR
2022-01-18,6,12,2,0,0.2286526683544427,0.26449114247341765,0.7817763992812574,-0.16766255395544294,0.39631522230988675,0.22865266835444512,JPY
2022-01-19,6,11,0,0,0.10140486133760145,0.10140486133760145,0.5741053873524541,-0.0,0.10140486133760052,0.10140486133759961,JPY
2022-01-20,6,12,1,0,0.16601711219482695,0.25957213072777807,0.5702215918150444,-0.10498268161122551,0.2709997938060474,0.16601711219482512,JPY
2022-01-21,6,14,1,0,0.0,0.1390766266673339,0.5879209994433046,-0.016391726287508474,-0.11482383411596855,-0.13121556040348104,JPY
2022-01-24,6,17,0,0,0.24632254411870144,0.2658266023233239,1.183041059830226,-0.0,0.24632254411869944,0.2463225441186984,JPY
2022-01-25,6,18,1,0,0.07397214867063379,0.13660670765448557,1.146021894590622,-0.05864859588643694,0.1326207445570712,0.07397214867063255,JPY
2022-01-26,6,18,0,0,0.0,0.04041047996317598,1.169524736482173,-0.0,-0.027915728410912763,-0.027915728410912815,JPY
2022-01-27,6,20,0,0,0.05625743140894779,0.07196668904837766,1.3807161818897793,-0.0,0.05625743140894166,0.05625743140894289,JPY
2022-01-28,6,20,0,0,0.06860179857476027,0.1999270559508773,1.4032532481284505,-0.0,0.06860179857476202,0.06860179857476395,JPY
2022-01-31,6,20,1,0,0.0,0.06921304759977591,1.2623740890358068,-0.0,-0.18764606819558322,-0.18764606819558557,JPY
2022-02-01,6,20,2,0,0.0954639854795261,0.0954639854795261,1.592214649854343,-0.0,0.0954639854795223,0.09546398547952427,JPY
2022-02-02,6,18,1,0,0.037580389332875275,0.10052794698368787,1.6174576278300556,-0.0,0.0375803893328787,0.037580389332876496,JPY
2022-02-03,6,17,1,0,0.1255954713575247,0.1255954713575247,1.6371563747106113,-0.0,0.12559547135753368,0.12559547135753685,JPY
2022-02-04,6,16,1,0,0.2609355046714945,0.2609355046714945,1.6907967414712683,-0.09452080339966536,0.35545630807116213,0.2609355046714933,JPY
2022-02-07,6,15,1,0,0.06389103344788456,0.1486027610598476,1.3643526559134291,-0.0,0.06389103344788019,0.06389103344788213,JPY
2022-02-08,6,14,2,0,0.0,0.06392587516093233,1.3610288814939795,-0.1009683279315486,0.0523248344617425,-0.04864349346980641,JPY
2022-02-09,6,12,0,0,0.0,0.026516785188675104,1.4189267210638496,-0.0,-0.010343364091205787,-0.010343364091205938,JPY
2022-02-10,6,12,0,0,0.07783575093474839,0.21611773419474573,1.5777301536327,-0.0,0.07783575093475094,0.07783575093474657,JPY
2022-02-11,6,13,3,0,0.2683228086935553,0.2734494767688537,1.0780042027581,-0.11443087670094498,0.3827536853945135,0.26832280869356795,JPY
2022-02-14,6,11,5,0,0.1745894286847983,0.1745894286847983,0.5755115420344008,-0.1110156382871688,0.2856050669719688,0.1745894286847983,JPY
2022-02-15,6,6,0,0,0.057472564476261534,0.06055377134627154,0.40543182774380987,-0.0,0.05747256447626991,0.057472564476270006,JPY
2022-02-16,6,6,0,0,0.0,0.03661982818715216,0.4622529549353885,-0.0,-0.017618016552895552,-0.017618016552898574,JPY
2022-02-17,6,7,0,0,0.10241666177021787,0.10241666177021787,0.534236028541384,-0.0,0.10241666177020368,0.10241666177021001,JPY
2022-02-18,6,8,0,0,0.07943061092824075,0.14504779605405166,0.4979440746887467,-0.0,0.07943061092824819,0.07943061092824379,JPY
2022-02-21,6,15,2,1,0.3159403709624421,0.3619378281013888,0.676740618310637,-0.09325796684806521,0.4091983378105007,0.3159403709624361,JPY
2022-02-22,6,15,1,1,0.0655009681524252,0.0655009681524252,0.6651110945134462,0.08549102257256522,-0.019990054420136676,0.06550096815242946,JPY
2022-02-23,6,14,3,3,0.19988946380408343,0.26549888966656526,0.7916532254829359,0.2563731759106479,-0.05648371210656528,0.19988946380408648,JPY
2022-02-24,6,14,3,1,0.4018104042901563,0.41574583825273753,0.6639428922257017,-0.0,0.40181040429015935,0.4018104042901539,JPY
2022-02-25,6,14,0,0,0.0671033860916298,0.0671033860916298,0.7804565551371053,-0.0,0.06710338609163372,0.06710338609163345,JPY
2022-02-28,6,14,2,1,0.4676669645414135,0.4676669645414135,1.2158300275739584,0.041611879809810015,0.4260550847315996,0.46766696454140866,JPY
2022-03-01,6,13,0,0,0.26946441321322123,0.44353056635082394,0.8640332074717335,-0.0,0.26946441321322534,0.2694644132132272,JPY
2022-03-02,6,13,0,0,0.0,0.005516352623741293,0.6182433841616868,-0.0,-0.13369253028381112,-0.1336925302838105,JPY
2022-03-03,6,13,1,0,0.07451833107028781,0.2460419385922863,1.2200744586404757,-0.0,0.0745183310702997,0.07451833107029993,JPY
2022-03-04,6,12,4,0,0.4789792504710156,0.4789792504710156,0.8662334806953624,-0.23319663703485652,0.712175887505859,0.47897925047100653,JPY
2022-03-07,6,8,0,0,0.06679390708467868,0.08792196565735437,0.45632914665256435,-0.0,0.06679390708467586,0.06679390708467685,JPY
2022-03-08,6,9,0,0,0.0,0.05981933962385139,0.5593277769775228,-0.0,-0.01734346144098617,-0.017343461440992636,JPY
2022-03-09,6,9,0,0,0.0,0.006157896907776458,0.5467593780606003,-0.0,-0.08903349004315753,-0.08903349004315984,JPY
2022-03-10,6,9,0,0,0.0287318883297061,0.08303457570678811,0.8522424575381731,-0.0,0.028731888329703657,0.028731888329704282,EUR
2022-03-11,6,9,1,0,0.0,0.04884370340972298,0.8400439293095987,-0.0,-0.011073560813073126,-0.011073560813072633,JPY
2022-03-13,1,8,0,0,0.0,0.0,0.9045311904454942,-0.0,-0.006004824535354503,-0.006004824535352159,JPY
2022-03-14,6,9,0,0,0.0,0.08365201937798018,0.9692819658187382,-0.0,-0.004606955833553535,-0.004606955833559998,JPY
2022-03-15,6,9,0,0,0.025532417970809365,0.10329281305701074,1.106093507239353,-0.0,0.025532417970809518,0.025532417970811783,JPY
2022-03-16,6,9,0,0,0.0,0.0,1.1022572400410986,-0.0,-0.05774937256129581,-0.05774937256129652,JPY
2022-03-17,6,9,0,0,0.0,0.003412087107476006,1.4613616687217372,-0.0,-0.03744124929526917,-0.03744124929526903,JPY
2022-03-18,6,9,0,0,0.0021852168666560874,0.03219694194468844,1.6177156738297067,-0.0,0.002185216866655637,0.0021852168666488753,JPY
2022-03-20,1,9,0,0,0.0026447504604129347,0.0026447504604129347,1.6845233774037323,-0.0,0.0026447504604061784,0.0026447504604105326,JPY
2022-03-21,6,9,0,0,0.028639773198600976,0.03812806760534386,1.6819231096125047,-0.0,0.02863977319860548,0.028639773198600976,JPY
2022-03-22,6,10,1,0,0.0,0.00926523227619377,1.7384478373469747,-0.0,-0.043673746617943765,-0.04367374661794017,JPY
2022-03-23,6,9,0,0,0.017881824806201523,0.07240456084784083,1.5919756837745973,-0.0,0.017881824806197478,0.017881824806200923,AUD
2022-03-24,6,9,0,0,0.0,0.0,1.683600503607351,-0.0,-0.020797010286458202,-0.0207970102864597,AUD
2022-03-25,6,11,2,1,0.12689440973757266,0.12689440973757266,1.7341464950503809,-0.0,0.12689440973757757,0.12689440973757504,EUR
2022-03-28,6,10,3,0,0.0,0.10421687335106619,1.300954526806081,0.08407703539796174,-0.11809669514700194,-0.034019659749049004,CHF
2022-03-29,6,9,0,0,0.06195253960949315,0.16100934574100872,0.6615860929010892,-0.0,0.06195253960949382,0.0619525396094866,CHF
2022-03-30,6,9,3,0,0.07843941474615623,0.09266468528947794,0.6074418353063226,-0.30656225055747754,0.38500166530362817,0.07843941474615743,CHF
2022-03-31,6,7,1,0,0.12269724045840637,0.16278207500179004,0.3729615547717324,-0.0,0.12269724045840885,0.12269724045840937,CHF
2022-04-01,6,7,0,0,0.02647424144106546,0.04549737436524105,0.31641969753714805,-0.07624248125045079,0.10271672269152093,0.02647424144106964,CHF
2022-04-02,1,7,0,0,0.0,0.0,0.32658211303754725,-0.0,-0.009773493990133811,-0.009773493990136476,CHF
2022-04-04,6,7,1,1,0.02546603195629626,0.04599484006240241,0.3694980606497701,-0.0,0.025466031956303502,0.02546603195630582,CHF
2022-04-05,6,6,0,0,0.03922002618991838,0.04962906657513645,0.4318741200538089,-0.0,0.03922002618992086,0.03922002618991659,CHF
2022-04-06,6,6,1,0,0.0,0.09975669120728073,0.4527119708197304,-0.0,-0.01628174951259274,-0.016281749512593115,CHF
2022-04-07,6,6,0,0,0.01494902458139398,0.015280286437449017,0.35636639574404566,-0.0,0.01494902458138721,0.01494902458139398,CHF
2022-04-08,6,8,1,0,0.13963450476286993,0.13963450476286993,0.511271963288465,-0.043429092456455064,0.18306359721931278,0.1396345047628592,CHF
2022-04-09,1,7,0,0,0.0,0.0,0.38640732763182545,-0.0,-0.02417408313456967,-0.024174083134565615,CHF
2022-04-11,6,7,0,0,0.11382595811211345,0.11449986373062858,0.4282157294481526,-0.0,0.11382595811211484,0.11382595811211824,CHF
2022-04-12,6,8,0,0,0.009053819113945295,0.04845601707553017,0.30284707196253025,-0.0,0.009053819113936318,0.009053819113935142,CHF
2022-04-13,6,8,2,2,0.09949153165661188,0.10745665642869619,0.3934436628725271,-0.0,0.09949153165661588,0.09949153165662086,CHF
2022-04-14,6,6,0,0,0.011825715638684259,0.04238332474210365,0.554357822936151,-0.0,0.011825715638685248,0.01182571563868724,CHF
2022-04-15,6,6,0,0,0.032930218713854216,0.032930218713854216,0.4686918282186559,-0.0,0.03293021871385667,0.03293021871386375,CHF
2022-04-16,1,6,0,0,0.0,0.0,0.439165965386291,-0.0,-0.005001152626869281,-0.00500115262687826,CHF
2022-04-18,6,6,1,1,0.053190201115940555,0.053190201115940555,0.446377387367408,0.08388229413268988,-0.030692093016766054,0.05319020111593102,CHF
2022-04-19,6,6,0,0,0.0,0.0019425877780833915,0.40681812669650624,-0.0,-0.0035670134401269596,-0.0035670134401295313,CHF
2022-04-20,6,6,0,0,0.05624128039244916,0.10354390999991116,0.509649425815654,-0.0,0.05624128039246375,0.056241280392456905,GBP
2022-04-21,6,7,0,0,0.02365816809134035,0.04952998531725061,0.5000556752629097,-0.0,0.023658168091347572,0.023658168091343326,GBP
2022-04-22,6,7,3,1,0.08031819135436195,0.12591932724279156,0.6074234771060448,-0.0,0.08031819135436195,0.08031819135436255,GBP
2022-04-23,1,4,0,0,0.0014492202204735127,0.0014492202204735127,0.4059495167457421,-0.1002558014862619,0.10170502170673452,0.0014492202204776778,CAD
2022-04-25,6,5,2,2,0.13981179747101255,0.13981179747101255,0.5045062793284875,0.16748827543254394,-0.027676477961534225,0.13981179747101197,USD
2022-04-26,6,6,1,0,0.018672277948692785,0.030838821565991593,0.3741545268280275,-0.0,0.01867227794869762,0.018672277948696955,AUD
2022-04-27,6,5,0,0,0.0015185594086700963,0.03230232238578349,0.38024584327467514,-0.0,0.0015185594086751237,0.0015185594086754588,NZD
2022-04-28,6,7,0,0,0.0,0.06563565495958217,0.5004613746203106,-0.0,-0.004016489446673317,-0.004016489446668777,NZD
2022-04-29,6,8,1,0,0.0,0.014941697841188855,0.5347018158395981,-0.0,-0.0077131857828780575,-0.0077131857828792475,AUD
2022-04-30,1,7,0,0,0.0,0.0,0.46090261748350486,-0.0,-0.004319420388331382,-0.004319420388329152,JPY
2022-05-02,6,7,1,1,0.0,0.017723264039117306,0.47690053595582327,-0.0,-0.011029814436427147,-0.011029814436424694,JPY
2022-05-03,6,6,1,0,0.014381092531820695,0.05618991593009146,0.489503931425398,-0.0,0.01438109253181876,0.014381092531819505,AUD
2022-05-04,6,5,2,0,0.0,0.017899673729349204,0.5321831505747971,-0.0,-0.020779426857740865,-0.020779426857733513,AUD
2022-05-05,6,5,0,0,0.10648525735507047,0.10677544569932401,0.3185969271949639,-0.30599825209652665,0.412483509451589,0.10648525735506514,JPY
2022-05-06,6,5,0,0,0.0,0.024359591885178285,0.2204324505955777,-0.0,-0.0057964513586844105,-0.005796451358684206,JPY
2022-05-07,1,5,0,0,0.003587415874409046,0.003587415874409046,0.23053461876446227,-0.0,0.0035874158744057024,0.0035874158744036966,JPY
2022-05-09,6,5,2,0,0.061011036747017244,0.07065664093458092,0.2269553447221176,-0.17108675821549135,0.2320977949625071,0.06101103674702141,JPY
2022-05-10,6,3,0,0,0.02192217787598586,0.040644917707661765,0.13124553032905711,-0.0,0.021922177875985153,0.0219221778759811,JPY
2022-05-11,6,3,1,0,0.05405520806137361,0.06921159968410052,0.12152980721903324,-0.07942051389719032,0.1334757219585674,0.0540552080613748,JPY
2022-05-12,6,2,0,0,0.21243380562982883,0.21243380562982883,0.2543023038309761,-0.0,0.2124338056298357,0.21243380562983183,JPY
2022-05-13,6,4,0,0,0.0,0.010464870150496216,0.083858516470494,-0.0,-0.024596808068709026,-0.024596808068702396,JPY
2022-05-14,1,4,0,0,0.0,0.0,0.23678463607047737,-0.0,-0.0014211888985139584,-0.001421188898516638,JPY
2022-05-16,6,5,0,0,0.10118632384445474,0.1307533974828519,0.28659453824968306,-0.0,0.101186323844449,0.10118632384445414,JPY
2022-05-17,6,6,0,0,0.010095031254051671,0.019153354985396356,0.26512311449691744,-0.0,0.010095031254053572,0.010095031254051074,JPY
2022-05-18,6,6,1,0,0.2174035391589918,0.22916757309564983,0.4548128205078664,-0.0,0.21740353915899613,0.2174035391590025,JPY
2022-05-19,6,6,0,0,0.019822592941649342,0.05230280058838956,0.299516658746525,-0.03959395840266034,0.059416551344306186,0.019822592941644575,JPY
2022-05-20,6,6,0,0,0.07166596547012079,0.07166596547012079,0.5147781553140284,-0.0,0.0716659654701286,0.07166596547012079,JPY
2022-05-21,1,6,0,0,0.0,0.0,0.4846374440154945,-0.0,-0.01628087606928454,-0.016280876069290524,JPY
2022-05-23,6,8,0,0,0.0,0.006024045312510516,0.5008367794694077,-0.0,-0.003778214554396532,-0.0037782145543913278,JPY
2022-05-24,6,8,0,0,0.06444713114953932,0.07588079294468628,0.6558407393632757,-0.0,0.06444713114953493,0.06444713114954288,JPY
2022-05-25,6,10,0,0,0.1618985874673367,0.17925945763937187,0.7301337068317512,-0.0,0.16189858746733482,0.16189858746733315,JPY
2022-05-26,6,10,0,0,0.08075189905439181,0.14590710826548242,0.6886491132284602,-0.0,0.08075189905439513,0.08075189905440132,JPY
2022-05-27,6,10,0,0,0.10403427515660232,0.11587256082002287,0.7764564805963583,-0.0,0.10403427515658978,0.10403427515659461,JPY
2022-05-28,1,10,0,0,0.0,0.0,0.7286720266252745,-0.0,-0.007365896935509861,-0.007365896935513916,JPY
2022-05-30,6,10,1,0,0.013494640204615615,0.029588613353726666,0.7373610417981697,-0.0,0.01349464020461105,0.013494640204612647,JPY
2022-05-31,6,10,0,0,0.0,0.043577764355934724,0.81648786662822,-0.0,-0.0006818298663704268,-0.0006818298663737181,JPY
2022-06-01,6,10,2,1,0.0,0.055644148013517955,0.9505791527936995,-0.0,-0.011130130913082808,-0.011130130913082808,JPY
2022-06-02,6,8,0,0,0.018472355365090107,0.024312823891569316,0.8651549621006769,-0.0,0.018472355365085152,0.018472355365091887,JPY
2022-06-03,6,9,0,0,0.0,0.020712869407056522,0.8198324796361949,-0.0,-0.008759021583903657,-0.008759021583907208,NZD
2022-06-04,1,9,0,0,0.0005603459031510276,0.0005603459031510276,0.956239512549407,-0.0,0.00056034590315583,0.0005603459031557561,NZD
2022-06-06,6,11,0,0,0.01653264152448864,0.018035649330750293,0.9626999825716825,-0.0,0.016532641524491597,0.016532641524485688,NZD
2022-06-07,6,13,1,1,0.0,0.0444893030495622,1.0630402234091625,-0.0,-0.03756876341040554,-0.03756876341040886,NZD
2022-06-08,6,12,0,0,0.0,0.01950518843722629,1.173330527972127,-0.0,-0.031132222110613585,-0.0311322221106152,NZD
2022-06-09,6,12,0,0,0.11622597153416539,0.16483857410754682,1.3807093480865258,-0.0,0.11622597153417846,0.11622597153417422,NZD
2022-06-10,6,13,7,2,0.3533339252818111,0.36077781709620155,1.2908538845966775,-0.32444170002334516,0.677775625305145,0.353333925281807,EUR
2022-06-11,1,6,0,0,0.0,0.0,0.550675626676242,-0.0,-0.0005261688824229891,-0.0005261688824259394,EUR
2022-06-13,6,6,2,0,0.03149664949393858,0.03982168554912599,0.5511988953216016,-0.0552070815421501,0.08670373103609677,0.03149664949395038,EUR
2022-06-14,6,5,0,0,0.01741478061229,0.01741478061229,0.34631539314038473,-0.0,0.01741478061228456,0.017414780612285873,EUR
2022-06-15,6,5,2,0,0.0,0.037040094904425766,0.35340006765548565,-0.0,-0.023293666897163244,-0.023293666897164236,CHF
2022-06-16,6,3,3,2,0.18846120979659206,0.1907387286097355,0.3199199510826368,0.1078112174448259,0.08064999235175181,0.18846120979657968,JPY
2022-06-17,6,0,0,0,0.0,0.0,0.0,-0.0,-0.0,0.0,EUR
2022-06-18,1,0,0,0,0.0,0.0,0.0,-0.0,-0.0,0.0,EUR
2022-06-20,6,0,0,0,0.0,0.0,0.0,-0.0,-0.0,0.0,EUR
2022-06-21,6,0,0,0,0.0,0.0,0.0,-0.0,-0.0,0.0,EUR
2022-06-22,6,0,0,0,0.0,0.0,0.0,-0.0,-0.0,0.0,EUR
2022-06-23,6,1,0,0,0.03573226487205344,0.03573226487205344,0.05827015959087341,-0.0,0.03573226487206369,0.03573226487205581,USD
2022-06-24,6,1,0,0,0.022754986204044016,0.02806896342518332,0.049362194481989016,-0.0,0.02275498620403251,0.02275498620404047,USD
2022-06-25,1,1,0,0,0.0,0.0,0.03539163730352166,-0.0,-0.0020309125203707523,-0.002030912520365018,USD
2022-06-27,6,1,0,0,0.019143948343698022,0.02622027613337833,0.037421789820070106,-0.0,0.019143948343709694,0.01914394834370452,USD
2022-06-28,6,1,0,0,0.00776607715719188,0.008064748343445657,0.024791707847970624,-0.0,0.007766077157194872,0.007766077157194835,USD
2022-06-29,6,3,0,0,0.058278158155101914,0.058278158155101914,0.11785574534685672,-0.0,0.058278158155100734,0.058278158155100145,NZD
2022-06-30,6,7,0,0,0.0020344827152833614,0.0020344827152833614,0.09269162568673327,-0.0,0.0020344827152839156,0.0020344827152875005,NZD
2022-07-01,6,8,0,0,0.27017906951974574,0.2706661121135685,0.533975759460825,-0.0,0.2701790695197386,0.2701790695197422,EUR
2022-07-02,1,8,0,0,0.019966081715912,0.019966081715912,0.33395829521996295,-0.0,0.019966081715913554,0.019966081715922068,EUR
2022-07-04,6,9,0,0,0.013419198296226809,0.06953856046916859,0.3381067966583124,-0.0,0.01341919829622466,0.01341919829622503,EUR
2022-07-05,6,10,3,3,0.4050903965772537,0.48897574824938944,0.6268221352149311,0.24990410331926718,0.1551862932579769,0.4050903965772519,JPY
2022-07-06,6,10,1,1,0.1691907401513365,0.1691907401513365,0.4187843697791873,-0.0,0.16919074015133528,0.1691907401513383,JPY
2022-07-07,6,9,1,1,0.0,0.0,0.3481059667870602,-0.0,-0.0017288666369498133,-0.0017288666369557953,JPY
2022-07-08,6,8,0,0,0.12880165793072618,0.13175943355296849,0.5685500972706942,-0.0,0.12880165793073212,0.1288016579307232,JPY
2022-07-09,1,8,0,0,0.0,0.0,0.6212883780773304,-0.0,-0.018994812468625524,-0.01899481246862857,JPY
2022-07-11,6,8,0,0,0.16752432578341853,0.19454423745205565,0.640161593051862,-0.0,0.16752432578342336,0.16752432578342802,JPY
2022-07-12,6,8,0,0,0.13504822137139938,0.15848708146416018,0.4476288193262339,-0.0,0.13504822137139588,0.1350482213713946,JPY
2022-07-13,6,8,0,0,0.05141903688702205,0.07191135516627434,0.40965236730014853,-0.0,0.051419036887016364,0.05141903688701908,JPY
2022-07-14,6,8,0,0,0.04782064143624266,0.16651818264901894,0.4548316987747544,-0.0,0.047820641436249096,0.04782064143624741,JPY
2022-07-15,6,8,0,0,0.027112090996559514,0.06406401171907525,0.5564892306849271,-0.0,0.02711209099655222,0.027112090996558924,JPY
2022-07-16,1,8,0,0,0.005998509605676353,0.005998509605676353,0.6389072997647731,-0.0,0.0059985096056925525,0.005998509605686424,JPY
2022-07-18,6,8,0,0,0.0,0.09594456870694715,0.6403625523672627,-0.0,-0.04386371706470015,-0.04386371706469304,JPY
2022-07-19,6,9,1,0,0.0,0.0,0.6924118356979799,-0.0,-0.008699752632303145,-0.008699752632305144,JPY
2022-07-20,6,8,0,0,0.007129743168265769,0.05761730328418942,0.7029231076789387,-0.0,0.007129743168261965,0.00712974316825927,JPY
2022-07-21,6,9,0,0,0.060220237496492024,0.0609354205291323,0.7183916103568271,-0.0,0.06022023749648796,0.06022023749649321,JPY
2022-07-22,6,9,4,1,0.20819281901935338,0.20819281901935338,0.7482353015402343,0.08319383216844986,0.12499898685091403,0.20819281901936051,JPY
2022-07-23,1,5,0,0,0.0,0.0,0.4371453402332937,-0.17270338551303774,0.16352728293362473,-0.009176102579416473,CHF
2022-07-25,6,6,0,0,0.028431877721447417,0.028431877721447417,0.45714346425704594,-0.0,0.028431877721444274,0.0284318777214486,CHF
2022-07-26,6,7,0,0,0.14051769585994328,0.14051769585994328,0.6879184690177162,-0.0,0.1405176958599589,0.14051769585995277,CHF
2022-07-27,6,8,0,0,0.0047204517137345615,0.032161691427628675,0.5723951514348654,-0.0,0.004720451713721114,0.004720451713722131,CHF
2022-07-28,6,9,1,0,0.2053900242199468,0.2575250677025572,0.6498779696763396,-0.0586638151828688,0.26405383940280946,0.20539002421994623,CHF
2022-07-29,6,8,0,0,0.15601009086942866,0.16244562142248703,0.5987096622182261,-0.0,0.15601009086943224,0.15601009086942927,CHF
2022-07-30,1,8,0,0,0.006615622742453528,0.006615622742453528,0.4765893249990096,-0.0,0.006615622742448225,0.006615622742453528,CHF
2022-08-01,6,10,1,1,0.051223874299289866,0.06257859963299935,0.5453539387333849,-0.0,0.05122387429928728,0.05122387429928394,CHF
2022-08-02,6,9,3,1,0.19927433584400767,0.19927433584400767,0.5673872816752338,0.08347098672912946,0.11580334911486258,0.19927433584399934,CHF
2022-08-03,6,10,0,0,0.0885056108272776,0.0885056108272776,0.5115004893540632,-0.04428003484704349,0.13278564567431222,0.08850561082727464,CHF
2022-08-04,6,10,0,0,0.1486546022279291,0.27964404961995254,0.7393091114530106,-0.0,0.1486546022279252,0.1486546022279196,CHF
2022-08-05,6,11,0,0,0.09845213561085263,0.09845213561085263,0.6210120627096892,-0.0,0.09845213561085864,0.09845213561085854,CHF
2022-08-06,1,11,0,0,0.015789653514472913,0.015789653514472913,0.7867770746414374,-0.0,0.015789653514471008,0.01578965351448001,CHF
2022-08-08,6,11,1,0,0.036103789420864896,0.08754477801806787,0.7711091765941671,-0.0,0.03610378942086829,0.036103789420859574,CHF
2022-08-09,6,10,0,0,0.17281781475229774,0.17281781475229774,0.7236394229999025,-0.0,0.17281781475231148,0.17281781475230543,CHF
2022-08-10,6,10,1,1,0.11685216681603881,0.11993912938718893,0.6367367300261566,-0.0,0.1168521668160368,0.11685216681603526,CHF
2022-08-11,6,9,0,0,0.048659014365069315,0.06870460946296403,0.6040445097881136,-0.0,0.048659014365080994,0.04865901436507465,CHF
2022-08-12,6,10,0,0,0.0089933425810793,0.07807611180506856,0.6566449983266002,-0.0,0.00899334258107643,0.008993342581080485,CHF
2022-08-13,1,10,0,0,0.024414010051445702,0.024414010051445702,0.7242696660005593,-0.0,0.024414010051446076,0.024414010051443336,CHF
2022-08-15,6,12,0,0,0.12145366225528144,0.12145366225528144,0.7253245493706361,-0.0,0.12145366225528421,0.12145366225528917,CHF
2022-08-16,6,14,2,0,0.03882971968551824,0.06580225880399054,0.6226674993038668,-0.0,0.038829719685517475,0.03882971968551705,CHF
2022-08-17,6,13,1,0,0.0561631663024255,0.06904880438468437,0.7536441978275562,-0.06290425012896075,0.11906741643137189,0.05616316630241425,CHF
2022-08-18,6,13,0,0,0.12728880954722793,0.1757694304656127,0.9002259605226912,-0.0,0.12728880954723237,0.1272888095472297,CHF
2022-08-19,6,13,3,3,0.0029822571123862517,0.11493544034512325,0.8371483557071036,0.08353952466412574,-0.08055726755173556,0.0029822571123921874,CHF
2022-08-20,1,10,0,0,0.0,0.0,0.8291286486595251,-0.0,-0.024477514415241285,-0.024477514415246523,CHF
2022-08-22,6,13,0,0,0.004610998724794096,0.10668737731502492,0.9296165379586059,-0.0,0.004610998724778106,0.004610998724785793,CHF
2022-08-23,6,14,0,0,0.0,0.03465691655088745,1.0226800078559801,-0.0,-0.010349555058017134,-0.010349555058022425,CHF
2022-08-24,6,14,0,0,0.19442918222328023,0.19442918222328023,1.1865890064510907,-0.0,0.1944291822232748,0.19442918222327138,CHF
2022-08-25,6,14,0,0,0.025018138101502364,0.025018138101502364,1.1943088743374073,-0.0,0.025018138101491057,0.025018138101494086,CHF
2022-08-26,6,14,0,0,0.18438374024309212,0.231869067842279,1.3308175254741883,-0.0,0.1843837402431022,0.18438374024310095,CHF
2022-08-27,1,14,0,0,0.006654201618633807,0.006654201618633807,1.1523547244120054,-0.0,0.006654201618635397,0.006654201618633214,CHF
2022-08-29,6,14,1,1,0.01414695192599275,0.06371062118094102,1.1925045668456595,-0.0,0.014146951925981355,0.014146951925982096,CHF
2022-08-30,6,14,0,0,0.06574738047528947,0.07514933458246939,1.359889918087402,-0.0,0.06574738047528668,0.06574738047528415,CHF
2022-08-31,6,17,0,0,0.011908938741521808,0.04822239572500854,1.2536028631670548,-0.0,0.011908938741526601,0.0119089387415224,CHF
2022-09-01,6,17,1,0,0.08279746273217926,0.11736586654797687,1.3647429398955084,-0.0,0.08279746273218384,0.08279746273217867,JPY
2022-09-02,6,16,3,0,0.011892495317285296,0.13479970957524479,1.166791108644879,-0.0,0.01189249531728898,0.011892495317291191,JPY
2022-09-03,1,13,0,0,0.0,0.0,1.089121418742265,-0.0,-0.0014098860953313205,-0.0014098860953316887,JPY
2022-09-05,6,14,0,0,0.055369288741423654,0.055369288741423654,1.1157612202701082,-0.0,0.05536928874141717,0.05536928874141539,JPY
2022-09-06,6,16,1,1,0.0,0.07718833492315018,1.1583394182557758,-0.0,-0.05429707825364374,-0.05429707825364455,JPY
2022-09-07,6,15,2,1,0.04827007506379937,0.1324374921298965,1.36940125695622,0.08279706042021115,-0.03452698535641119,0.048270075063803486,CHF
2022-09-08,6,14,5,4,0.18010170531066597,0.19953230566773128,1.1937020835565801,0.0729866036552189,0.10711510165544393,0.1801017053106601,GBP
2022-09-09,6,11,1,0,0.1583130029407665,0.1583130029407665,1.0013947878121765,-0.10780005552279458,0.2661130584635705,0.1583130029407795,GBP
2022-09-10,1,10,0,0,0.0,0.0,0.714265053389902,-0.0,-0.010140729740029372,-0.010140729740029964,GBP
2022-09-12,6,10,1,1,0.0,0.0540409593725849,0.8124937407355771,-0.0,-0.003870340452601277,-0.0038703404526065884,GBP
2022-09-13,6,9,2,1,0.020500096718496705,0.02155237006349604,0.8810902558866738,-0.0,0.02050009671850526,0.020500096718496705,GBP
2022-09-14,6,7,3,0,0.045704042394731276,0.05169713401956344,0.8544598477609432,-0.10962496595415708,0.15532900834888128,0.045704042394725974,GBP
2022-09-15,6,5,0,0,0.05436840918321516,0.05436840918321516,0.38991551575350647,-0.0,0.054368409183222416,0.05436840918322105,NZD
2022-09-16,6,5,2,0,0.06731971422975007,0.08268383739380764,0.3775597505117065,-0.06890822361091584,0.1362279378406571,0.06731971422974359,CHF
2022-09-17,1,3,0,0,0.001687520227887094,0.001687520227887094,0.22021818710408922,-0.0503505612263444,0.05203808145422624,0.0016875202278859142,CHF
2022-09-19,6,3,0,0,0.013245962461187139,0.0322170973510407,0.21853435468764237,-0.0,0.013245962461193951,0.01324596246118773,CHF
2022-09-20,6,3,0,0,0.0019789157208251864,0.05104990133492219,0.25554857460922614,-0.0,0.0019789157208227174,0.0019789157208222386,CHF
2022-09-21,6,4,0,0,0.02771039235031321,0.05287491266652959,0.3320537513910732,-0.0,0.027710392350323118,0.02771039235032323,CHF
2022-09-22,6,5,0,0,0.07649889889057537,0.30156371336845667,0.4544561906418224,-0.0,0.07649889889056635,0.07649889889056771,JPY
2022-09-23,6,5,0,0,0.30296500344911675,0.30296500344911675,0.5182708326436225,-0.0,0.302965003449129,0.3029650034491273,JPY
2022-09-24,1,5,0,0,0.01105883094034201,0.01105883094034201,0.2181517909032469,-0.0,0.011058830940338238,0.011058830940340235,JPY
2022-09-26,6,6,0,0,0.3370648026123848,0.3370648026123848,0.756155571262295,-0.0,0.33706480261237914,0.3370648026123795,JPY
2022-09-27,6,6,0,0,0.0,0.042697787020119525,0.8287456325268068,-0.0,-0.006156629902020504,-0.006156629902015477,JPY
2022-09-28,6,7,2,0,0.2308344496912515,0.23305620188108378,0.9075244345924124,-0.0,0.23083444969125244,0.23083444969124556,GBP
2022-09-29,6,8,0,0,0.09419806868037575,0.09419806868037575,0.8308554880118871,-0.0,0.09419806868037575,0.09419806868037932,GBP
2022-09-30,6,8,0,0,0.002081576254885266,0.16337877902644493,0.9861766392969121,-0.0,0.0020815762548771774,0.0020815762548805545,GBP
2022-10-01,1,8,0,0,0.0,0.0,1.200551305054094,-0.0,-0.026327226266654107,-0.026327226266658916,GBP
2022-10-03,6,8,0,0,0.11727671730291,0.11727671730291,1.2265556132491637,-0.0,0.11727671730290808,0.11727671730290826,GBP
2022-10-04,6,9,0,0,0.07414541760008238,0.09176751754581576,1.339561693193374,-0.0,0.07414541760008472,0.07414541760008767,GBP
2022-10-05,6,10,2,0,0.1036362350630039,0.1036362350630039,1.1289638733554022,-0.0,0.10363623506300808,0.10363623506300097,CAD
2022-10-06,6,8,0,0,0.08844460239301516,0.09411940174640299,0.547059844863191,-0.0,0.08844460239302708,0.0884446023930263,CAD
2022-10-07,6,8,0,0,0.1361355326302057,0.1361355326302057,0.514204212447388,-0.0,0.1361355326302007,0.13613553263019745,CAD
2022-10-08,1,8,0,0,0.0,0.0,0.38349195466849967,-0.0,-0.01686302766187017,-0.01686302766186167,CAD
2022-10-10,6,8,0,0,0.18059143235488448,0.18059143235488448,0.5559113825698018,-0.0,0.18059143235487762,0.1805914323548739,CAD
2022-10-11,6,9,0,0,0.039990150771576374,0.1012944759816507,0.4619020432612191,-0.0,0.039990150771585894,0.03999015077158639,CAD
2022-10-12,6,9,0,0,0.042607247603637266,0.042607247603637266,0.4638707466370322,-0.0,0.042607247603633616,0.042607247603633144,CAD
2022-10-13,6,10,2,1,0.013326173969982948,0.013326173969982948,0.5722246761650124,-0.0,0.013326173969976698,0.013326173969977064,CAD
2022-10-14,6,8,0,0,0.0486476209292111,0.11979287785750278,0.5906932383568957,-0.0,0.048647620929223735,0.04864762092922228,JPY
2022-10-15,1,8,0,0,0.005470975618360105,0.005470975618360105,0.542309438067379,-0.0,0.005470975618356521,0.005470975618360693,JPY
2022-10-17,6,8,0,0,0.0,0.04704845645169474,0.5368678343573394,-0.0,-0.04862028711177637,-0.048620287111776274,JPY
2022-10-18,6,8,0,0,0.0,0.016185788246034553,0.5485589784470789,-0.0,-0.0134063892616913,-0.013406389261693208,CAD
2022-10-19,6,8,1,0,0.07811063027549335,0.10535330591773717,0.6106781182288037,-0.10522928319337647,0.18333991346887787,0.07811063027550157,CAD
2022-10-20,6,7,0,0,0.05883691236231104,0.08095914826034162,0.45744588770571154,-0.0,0.05883691236230842,0.05883691236230576,CAD
2022-10-21,6,7,4,0,0.04579730531087679,0.04764428143660292,0.5000082253003026,-0.0,0.04579730531088684,0.045797305310881484,CAD
2022-10-22,1,3,0,0,0.011195067106118199,0.011195067106118199,0.20720381880291378,-0.09588479704178574,0.10707986414790965,0.011195067106125244,CAD
2022-10-24,6,4,0,0,0.05996761437954414,0.05996761437954414,0.20511486247302446,-0.0,0.0599676143795393,0.0599676143795418,CAD
2022-10-25,6,4,0,0,0.0,0.0002174789579086261,0.15587059418183827,-0.0,-0.017848736407432942,-0.017848736407435766,CAD
2022-10-26,6,4,0,0,0.008157971735297646,0.008157971735297646,0.2360170037222516,-0.0,0.008157971735310186,0.008157971735308793,CAD
2022-10-27,6,4,1,0,0.09914582746337076,0.09914582746337076,0.39931959202619177,-0.03633721294982342,0.13548304041318868,0.09914582746337135,CAD
2022-10-28,6,5,0,0,0.04679983704623405,0.04679983704623405,0.33378609389683067,-0.0,0.04679983704623345,0.046799837046232286,CAD
2022-10-29,1,5,0,0,0.01739588445054461,0.01739588445054461,0.30823116153571445,-0.0,0.01739588445053744,0.017395884450542264,CAD
2022-10-30,1,5,0,0,0.002673107647767873,0.002673107647767873,0.2908858792566083,-0.0,0.0026731076477771666,0.002673107647773152,CAD
2022-10-31,6,5,0,0,0.027546293195278387,0.0674322448274273,0.29779541692891537,-0.0,0.027546293195281964,0.027546293195282488,CAD
2022-11-01,6,6,0,0,0.04619736469553998,0.0608692426997273,0.3326950462886205,-0.0,0.04619736469553526,0.04619736469553587,CAD
2022-11-02,6,7,1,1,0.07797815238232858,0.07797815238232858,0.36263703344064224,0.08261020040572443,-0.004632048023399383,0.07797815238232622,CAD
2022-11-03,6,9,0,0,0.08443297864684961,0.08443297864684961,0.31534613147115875,-0.0,0.08443297864684479,0.0844329786468443,JPY
2022-11-04,6,10,2,0,0.0,0.008743505831580995,0.30149679300104354,-0.0,-0.026155573296065788,-0.026155573296062443,JPY
2022-11-07,6,9,0,0,0.07056414782859571,0.07056414782859571,0.5757446219296459,-0.0,0.07056414782860018,0.07056414782860275,CAD
2022-11-08,6,9,0,0,0.11746418629729324,0.11746418629729324,0.7501956518735251,-0.0,0.11746418629728396,0.11746418629728855,CAD
2022-11-09,6,10,0,0,0.21681706059128153,0.21781581497024105,0.7374247164776766,-0.0,0.2168170605912635,0.21681706059127104,CAD
2022-11-10,6,13,5,2,0.09147671302955235,0.1321478228639721,0.5760204798665476,-0.0,0.0914767130295543,0.09147671302955176,CAD
2022-11-11,6,10,1,1,0.10042255276217729,0.1925921142100415,0.8473730300683074,0.16466883159985388,-0.06424627883768194,0.10042255276217787,CAD
2022-11-14,6,10,0,0,0.121733173714232,0.121733173714232,0.8645390967538648,-0.0,0.12173317371422436,0.12173317371423141,AUD
2022-11-15,6,10,0,0,0.0,0.10581800504836324,0.9335938080937944,-0.0,-0.001866667361998402,-0.0018666673619963181,AUD
2022-11-16,6,10,0,0,0.011401275163532783,0.04233766216983045,0.9227794042769801,-0.0,0.01140127516353169,0.011401275163533368,JPY
2022-11-17,6,11,2,0,0.3153995969137474,0.3153995969137474,1.0655054146950664,-0.0,0.3153995969137451,0.31539959691374325,AUD
2022-11-18,6,9,0,0,0.0,0.07508337510865591,0.7726583925917595,-0.0,-0.04124519578522168,-0.04124519578521796,JPY
2022-11-21,6,9,0,0,0.10032756225850882,0.10032756225850882,0.8649103514837111,-0.0,0.10032756225850832,0.10032756225850242,JPY
2022-11-22,6,9,0,0,0.04522406124897882,0.05530680868339695,0.7877669454533378,-0.0,0.045224061248993454,0.04522406124898989,CHF
2022-11-23,6,9,0,0,0.004380689947008179,0.004380689947008179,0.7665858536493064,-0.0,0.004380689947003299,0.004380689947007013,CHF
2022-11-24,6,9,0,0,0.013612709344654006,0.013612709344654006,0.9382585067525869,-0.0,0.013612709344647462,0.013612709344649934,CHF
2022-11-25,6,10,0,0,0.015653300151089514,0.015653300151089514,0.9496999111363017,-0.0,0.015653300151094743,0.01565330015109591,AUD
2022-11-28,6,11,1,0,0.3330408432237369,0.3330408432237369,1.0265954933042019,-0.054161102868168845,0.38720194609190123,0.3330408432237404,AUD
2022-11-29,6,11,1,1,0.0,0.07282528177337065,0.7356914587678783,-0.0,-0.02545265522600899,-0.02545265522600979,AUD
2022-11-30,6,11,1,0,0.051078811145707025,0.13568751903281606,0.9406777780204583,-0.0,0.05107881114571292,0.05107881114571283,CHF
2022-12-01,6,10,0,0,0.06595874102931573,0.06595874102931573,0.8706749365399561,-0.0,0.06595874102931391,0.06595874102931165,GBP
2022-12-02,6,12,1,1,0.10572034874409388,0.10572034874409388,0.990839414117025,0.08184044122061301,0.023879907523487766,0.10572034874409796,CHF
2022-12-05,6,12,1,0,0.007616410882218874,0.05663507508003329,0.9381714483971006,-0.0,0.007616410882222293,0.007616410882224693,CHF
2022-12-06,6,11,0,0,0.10702578704171327,0.13360670435482785,0.9940113250432526,-0.0,0.10702578704171786,0.1070257870417162,CHF
2022-12-07,6,11,0,0,0.0,0.017048452224645197,0.9273831791442253,-0.0,-0.004331187133021414,-0.004331187133023596,CHF
2022-12-08,6,11,0,0,0.030432779589529006,0.04092451772115948,1.0083242485058117,-0.0,0.03043277958952508,0.030432779589521446,CHF
2022-12-09,6,11,1,0,0.04090735338217433,0.04090735338217433,0.9951525320270769,-0.055817854254075254,0.09672520763624318,0.040907353382171996,CHF
2022-12-12,6,10,0,0,0.018929877097943755,0.018929877097943755,0.9222738921962388,-0.0,0.01892987709795088,0.018929877097949573,CHF
2022-12-13,6,10,1,1,0.046567890493254153,0.0629848807271473,0.9585442985252206,0.08182264864997194,-0.03525475815671509,0.04656789049325357,GBP
2022-12-14,6,9,0,0,0.005635811944073041,0.0300047200176403,0.9124012940674467,-0.0,0.005635811944070132,0.005635811944071296,GBP
2022-12-15,6,9,5,2,0.19698629084618363,0.19698629084618363,1.026753767058723,-0.43289741936817766,0.6298837102143726,0.19698629084619235,NZD
2022-12-16,6,6,3,2,0.1141884322725229,0.11491496609433666,0.2519827057923265,-0.0,0.11418843227251908,0.11418843227252408,GBP
2022-12-19,6,4,0,0,0.04460158258344177,0.0480919471170454,0.13736404702728938,0.12219693638753244,-0.07759535380408623,0.04460158258344177,USD
2022-12-20,6,4,0,0,0.08076385580388445,0.08076385580388445,0.1922331206549057,-0.0,0.08076385580387022,0.08076385580387864,USD
2022-12-21,6,6,0,0,0.06826763012175188,0.06826763012175188,0.22362422239987872,-0.0,0.06826763012175908,0.06826763012176006,USD
2022-12-22,6,8,0,0,0.06914134687127185,0.15947255658738776,0.27830774835199096,-0.0,0.06914134687127006,0.06914134687126544,USD
2022-12-23,6,8,0,0,0.0,0.025046262655133714,0.25997500834057236,-0.0,-0.029151388346839863,-0.029151388346839353,USD
2022-12-26,6,8,0,0,0.013524562488443989,0.02383817048969781,0.35262323898494646,-0.0,0.013524562488443205,0.01352456248844632,USD
2022-12-27,6,8,0,0,0.09093016394212199,0.1360512098132934,0.41561561655833607,-0.0,0.09093016394212085,0.09093016394212372,USD
2022-12-28,6,9,2,1,0.0,0.02028355721986287,0.37094436680221976,-0.0,-0.011760964888338008,-0.01176096488833753,CAD
2022-12-29,6,8,0,0,0.013151326976871316,0.032595038475448306,0.4374497607805996,-0.0,0.013151326976875308,0.013151326976875984,CAD
2022-12-30,6,9,0,0,0.027575136531438282,0.027575136531438282,0.5052229322942808,-0.0,0.027575136531432308,0.027575136531433616,CHF
2023-01-02,6,9,0,0,0.057559542452034825,0.057559542452034825,0.6330808063665713,-0.0,0.05755954245203403,0.057559542452031924,CHF
2023-01-03,6,10,0,0,0.07295597569083055,0.07295597569083055,0.5886589996154366,-0.0,0.07295597569084006,0.0729559756908358,CAD
2023-01-04,6,14,3,1,0.0,0.1082510548819007,0.5161692067609558,-0.026164499384671618,0.012973684480994402,-0.013190814903673171,USD
2023-01-05,6,11,2,0,0.2295271355284365,0.256137776348451,0.4834916424104943,-0.1043219989147801,0.33384913444322106,0.22952713552844584,EUR
2023-01-06,6,9,1,0,0.0002013548741333152,0.01922962028515687,0.3047038255187645,-0.0,0.0002013548741387902,0.0002013548741309792,EUR
2023-01-09,6,8,0,0,0.0,0.024640157330712443,0.5521544109381199,-0.0,-0.03096927450086054,-0.030969274500854096,EUR
2023-01-10,6,8,0,0,0.014606869539721741,0.03515974159956679,0.6554426384794417,-0.0,0.014606869539727558,0.014606869539725233,EUR
2023-01-11,6,8,0,0,0.0,0.02005212417870151,0.673814154892705,-0.0,-0.006738884266891163,-0.0067388842668955245,EUR
2023-01-12,6,8,1,0,0.02071818251706353,0.02071818251706353,0.7665048537954083,-0.0,0.02071818251706513,0.020718182517068178,EUR
2023-01-13,6,7,0,0,0.07620361412891823,0.09326974528854404,0.8598225154836701,-0.0,0.07620361412891902,0.07620361412891244,EUR
2023-01-16,6,7,0,0,0.037374076476227626,0.08428276665950149,0.7495159986623999,-0.0,0.03737407647620797,0.0373740764762137,EUR
2023-01-17,6,7,1,0,0.07246820967738611,0.09471012132167343,0.7345682508981697,-0.0,0.07246820967737919,0.07246820967738321,EUR
2023-01-18,6,7,0,0,0.024408392272381913,0.0732792001046896,0.609148139497089,-0.0,0.024408392272379516,0.02440839227237901,EUR
2023-01-19,6,9,0,0,0.0,0.03397107861125905,0.5610681533778551,-0.0,-0.0017069716275633744,-0.0017069716275672565,EUR
2023-01-20,6,10,0,0,0.0,0.0011930359385700997,0.5855942128919115,-0.0,-0.039385418537491695,-0.03938541853750094,EUR
2023-01-23,6,11,0,0,0.0,0.031973193909333744,0.7617107896765384,-0.0,-0.04625410297404396,-0.046254102974043525,EUR
2023-01-24,6,11,0,0,0.0,0.02702743947684724,0.8240059734125819,-0.0,-0.00013454521266256697,-0.0001345452126473839,EUR
2023-01-25,6,12,0,0,0.0033168034666675684,0.08041219766675436,0.8339218566414314,-0.0,0.0033168034666629454,0.003316803466665257,EUR
2023-01-26,6,12,0,0,0.05605742794514613,0.05605742794514613,0.8435427934465457,-0.0,0.05605742794515293,0.05605742794514613,EUR
2023-01-27,6,12,0,0,0.06702676240768896,0.06702676240768896,0.8284553833503839,-0.0,0.0670267624076876,0.0670267624076878,EUR
2023-01-30,6,12,0,0,0.019123288930665273,0.053402662313832214,0.7640901891885371,-0.0,0.019123288930656745,0.01912328893066701,EUR
2023-01-31,6,12,2,0,0.029929085642960217,0.029929085642960217,0.7906604147402836,-0.0,0.029929085642963614,0.029929085642971205,EUR
2023-02-01,6,11,0,0,0.0,0.002779548873740612,0.7055555935977765,-0.04523556687474705,0.04382285311399955,-0.0014127137607429481,EUR
2023-02-02,6,13,2,1,0.2699666186174052,0.2849060039956666,0.869489997378531,-0.0,0.2699666186173938,0.2699666186173965,EUR
2023-02-03,6,14,3,0,0.028104876396183958,0.028104876396183958,0.4420694616353892,-0.17191924590580107,0.20002412230199024,0.028104876396184537,EUR
2023-02-06,6,15,0,0,0.035934285348568754,0.16006090532544104,0.8007067117606339,-0.0,0.035934285348583395,0.03593428534857625,EUR
2023-02-07,6,16,1,0,0.14289854722557335,0.1953326921545781,0.8475638733757298,-0.0,0.14289854722557227,0.14289854722557682,EUR
2023-02-08,6,16,2,0,0.07295288212429797,0.0882724229737118,0.7302812493190645,-0.17283869687529557,0.24579157899957327,0.0729528821242841,CHF
2023-02-09,6,17,0,0,0.0,0.10733936846266531,0.6213604278623391,-0.0,-0.04972295710138849,-0.04972295710138366,CHF
2023-02-10,6,18,1,0,0.40621998406431303,0.40621998406431303,0.9272124570154007,-0.053326547185961116,0.45954653125027234,0.40621998406431303,EUR
2023-02-13,6,17,0,0,0.0,0.024645856295798053,0.5197349729413417,-0.0,-0.029622290752500488,-0.029622290752486614,EUR
2023-02-14,6,20,0,0,0.04480566543179521,0.04480566543179521,0.8663774076686779,-0.0,0.04480566543179569,0.044805665431792326,EUR
2023-02-15,6,21,0,0,0.38432944690155385,0.38432944690155385,1.1752227473918084,-0.0,0.38432944690155746,0.3843294469015544,EUR
2023-02-16,6,21,0,0,0.07691918377539682,0.13794292534280175,0.9288909860893044,-0.0,0.0769191837753939,0.07691918377539161,CHF
2023-02-17,6,21,3,3,0.10174374093997282,0.10174374093997282,0.8953527666362981,-0.0,0.10174374093996945,0.10174374093996415,CHF
2023-02-20,6,18,1,1,0.08985166959262542,0.10600178123265713,0.9290256751729178,0.0813909146872169,0.008460754905398186,0.08985166959262773,EUR
2023-02-21,6,18,1,0,0.08365394889748412,0.08365394889748412,0.9121483000566384,-0.0,0.08365394889747461,0.08365394889748355,EUR
2023-02-22,6,18,0,0,0.23312333910414998,0.23312333910414998,1.1041561386098067,-0.0,0.23312333910414698,0.23312333910414942,EUR
2023-02-23,6,19,0,0,0.07355870497341657,0.2250994022816232,0.9303109927157382,-0.0,0.07355870497341435,0.07355870497341946,EUR
2023-02-24,6,20,3,2,0.14016147708135548,0.17437921886659286,1.005870987406893,-0.07827382887343724,0.21843530595479227,0.1401614770813538,EUR
2023-02-27,6,17,1,1,0.06582427330078351,0.1030862321330022,1.0172498105053183,-0.0,0.06582427330080008,0.06582427330078991,EUR
2023-02-28,6,17,0,0,0.09565393646741424,0.1421939422611016,1.1957370570027432,-0.0,0.09565393646741537,0.09565393646741249,EUR
2023-03-01,6,17,3,2,0.0,0.0495079567152975,1.1960574163533286,-0.0,-0.027451854720112866,-0.02745185472011648,EUR
2023-03-02,6,14,0,0,0.24072149888053973,0.24072149888053973,1.3547467479279227,-0.020287703954500667,0.26100920283504564,0.24072149888053512,EUR
2023-03-03,6,15,2,0,0.08019546293880167,0.10449211067694132,1.1306198863892998,-0.0,0.08019546293879681,0.0801954629388005,EUR
2023-03-06,6,13,2,1,0.08268376051609011,0.08268376051609011,1.0696931652400432,-0.0,0.0826837605160641,0.08268376051607913,EUR
2023-03-07,6,12,1,0,0.19225956965137966,0.2267104464583964,1.0907899445409872,-0.0,0.1922595696513795,0.1922595696513733,EUR
2023-03-08,6,11,0,0,0.017807056050421446,0.02112661444498167,0.9215608267707611,-0.04714960735816517,0.06495666340857888,0.01780705605042434,EUR
2023-03-09,6,11,3,2,0.04010450190177735,0.04010450190177735,0.9114610678460274,-0.1040106845072873,0.14411518640906276,0.04010450190177388,EUR
2023-03-10,6,9,1,0,0.0,0.039620467639651526,0.8701424252935975,0.16278880845270863,-0.21153819987563532,-0.048749391422925364,EUR
2023-03-12,1,3,0,0,0.0,0.0,0.8978165340765648,-0.0,-0.06104472000274908,-0.06104472000274915,EUR
2023-03-13,6,9,2,0,0.04863764970772081,0.09770023073376587,0.9582762770091535,-0.0,0.048637649707715266,0.048637649707720235,EUR
2023-03-14,6,7,1,0,0.04741482944554868,0.04741482944554868,0.7940189110948055,-0.0,0.04741482944556194,0.047414829445557326,CAD
2023-03-15,6,7,2,0,0.2404345859237038,0.2613828348178327,0.630738759060609,-0.0,0.2404345859237017,0.24043458592369454,GBP
2023-03-16,6,6,1,0,0.0652789850727989,0.0652789850727989,0.4034816165548161,-0.0,0.06527898507279549,0.06527898507279774,EUR
2023-03-17,6,5,0,0,0.0,0.02604562821000235,0.3354518633519459,-0.0,-0.01292873573613305,-0.012928735736129486,EUR
2023-03-19,1,3,0,0,0.0,0.0,0.4193140969919832,-0.0,-0.006711497799746505,-0.006711497799748666,EUR
2023-03-20,6,6,0,0,0.0,0.016159855266334646,0.33881014685765465,-0.0,-0.014027138924324766,-0.014027138924337521,EUR
2023-03-21,6,7,1,0,0.0,0.009520958341281825,0.4686529589834526,-0.0,-0.0037674537594376734,-0.0037674537594316205,EUR
2023-03-22,6,7,1,0,0.001259925650137762,0.007915086846295546,0.4835007387331846,-0.0,0.001259925650149283,0.0012599256501406423,EUR
2023-03-23,6,6,0,0,0.06536540903070998,0.06536540903070998,0.539950611588814,-0.050499949174155144,0.1158653582048708,0.06536540903071054,EUR
2023-03-24,6,6,1,0,0.15759984991985096,0.15759984991985096,0.369606960270559,-0.0,0.15759984991983786,0.15759984991984463,EUR
2023-03-27,6,6,0,0,0.01759864718752228,0.026935008989645477,0.30116235118848916,-0.0,0.01759864718752829,0.01759864718752228,JPY
2023-03-28,6,9,0,0,0.011069834332309148,0.10556070045381351,0.38042616380491784,-0.0,0.011069834332296672,0.011069834332301078,JPY
2023-03-29,6,9,0,0,0.06191675858713238,0.13240831288703064,0.5215259778913875,-0.0,0.06191675858712681,0.061916758587136994,CAD
2023-03-30,6,9,2,2,0.01801637909818015,0.021321337290790925,0.5141479325800336,0.16231699105673947,-0.14430061195854696,0.01801637909818938,JPY
2023-03-31,6,9,0,0,0.08749254005675867,0.15501410788764852,0.6023533044839386,-0.0,0.0874925400567727,0.08749254005677079,CHF
2023-04-01,1,6,0,0,0.0,0.0,0.5262035001309706,-0.0,-0.0026634609465726053,-0.002663460946566133,CHF
2023-04-03,6,11,1,1,0.04040155965418461,0.04040155965418461,0.575974681864927,-0.0,0.040401559654179096,0.04040155965418404,CHF
2023-04-04,6,10,1,0,0.08542545249775353,0.16231702732378567,0.6669244171706082,-0.042205953553571526,0.12763140605132736,0.08542545249774891,CAD
2023-04-05,6,10,4,1,0.04359341027300357,0.1890210546964133,0.539269406518614,-0.08725791087130097,0.13085132114429776,0.043593410273008185,EUR
2023-04-06,6,8,2,1,0.13680945482536844,0.13680945482536844,0.4073419809475165,-0.03748628591772626,0.17429574074309362,0.13680945482536902,EUR
2023-04-07,1,7,0,0,0.00884327183666012,0.00884327183666012,0.3014248543931238,-0.0,0.00884327183666399,0.008843271836664744,EUR
2023-04-10,6,8,0,0,0.022019592376593563,0.06661005038638664,0.3213092354648166,-0.0,0.022019592376602126,0.022019592376590097,CHF
2023-04-11,6,8,1,1,0.01597528172598976,0.0833796776207447,0.3243009474791213,-0.0,0.0159752817260015,0.015975281725994384,CHF
2023-04-12,6,8,1,1,0.0,0.0,0.32565600038653075,-0.0,-0.004293611321054449,-0.00429361132107055,EUR
2023-04-13,6,7,1,1,0.07766085909360264,0.10345148799586101,0.4882925571611321,-0.0,0.07766085909361,0.07766085909360264,EUR
2023-04-14,6,7,1,0,0.0033155763385024476,0.02000389332733888,0.42206928890167844,-0.0,0.003315576338495086,0.003315576338492055,EUR
2023-04-15,1,4,0,0,0.0048428672551504,0.0048428672551504,0.3950342001372284,-0.0,0.004842867255163345,0.004842867255153861,EUR
2023-04-17,6,8,0,0,0.10943955927090765,0.11945925085616205,0.47606910876075004,-0.0,0.10943955927090905,0.10943955927090591,EUR
2023-04-18,6,9,0,0,0.026734781513256586,0.026734781513256586,0.42406621669889116,-0.0,0.026734781513243953,0.026734781513250233,EUR
2023-04-19,6,9,1,0,0.01527338745347524,0.061169315747169474,0.5654767169494568,-0.0,0.01527338745348043,0.015273387453476969,EUR
2023-04-20,6,8,0,0,0.04694558543251617,0.058931114997238035,0.5322554410273926,-0.0,0.046945585432515084,0.046945585432517895,EUR
2023-04-21,6,9,2,1,0.06281474598808306,0.06281474598808306,0.49619691925106196,0.08112352227931997,-0.018308776291238987,0.06281474598808191,EUR
2023-04-22,1,3,0,0,0.0,0.0,0.5181426289219367,-0.0,-0.005097250969179389,-0.005097250969180181,EUR
2023-04-24,6,7,1,0,0.0,0.00940612141012099,0.5302742912317251,-0.0,-0.001964603206174555,-0.001964603206174771,EUR
2023-04-25,6,6,1,0,0.12459101396838873,0.13748056824871652,0.594570420990092,-0.10478282596472842,0.22937383993313784,0.12459101396839563,JPY
2023-04-26,6,5,0,0,0.0,0.013773829959291465,0.4400202146347772,-0.0,-0.008483894046798892,-0.008483894046793637,JPY
2023-04-27,6,6,1,0,0.0,0.04296163671394778,0.5236394528631365,-0.0,-0.0007044368274926254,-0.0007044368274967252,JPY
2023-04-28,6,5,0,0,0.0036548228624000375,0.00706848878644578,0.3899724770232065,-0.0,0.003654822862394645,0.003654822862398888,JPY
2023-04-29,1,3,0,0,0.004509978690394773,0.004509978690394773,0.5830745431093773,-0.0,0.004509978690386889,0.004509978690383878,JPY
2023-05-01,6,5,1,0,0.00420452856293942,0.05635031579967337,0.5785906587343961,-0.0,0.004204528562945299,0.004204528562949743,JPY
2023-05-02,6,5,1,0,0.0,0.03429593761738122,0.45961199873108677,-0.13758177223499982,0.13618671587387574,-0.0013950563611150567,JPY
2023-05-03,6,5,2,0,0.07713061640910732,0.08688670287137477,0.4778744297791509,-0.22601317605129143,0.3031437924603909,0.07713061640909816,EUR
2023-05-04,6,3,1,0,0.1591359585177034,0.161599062122967,0.24427415848617662,-0.0,0.1591359585177126,0.1591359585177103,EUR
2023-05-05,6,2,1,1,0.0,0.013779119448308237,0.04311539344826424,0.08085950863499024,-0.08584787996113104,-0.004988371326130354,NZD
2023-05-06,1,1,0,0,0.0,0.0,0.0757165679741904,-0.0,-0.0066050623126409375,-0.006605062312626669,NZD
2023-05-08,6,2,0,0,0.05518209217080191,0.062346058549540284,0.11754344422397436,-0.0,0.05518209217079444,0.055182092170797316,CAD
2023-05-09,6,4,0,0,0.013984626220826468,0.024085530994030636,0.09183364993193614,-0.0,0.013984626220832363,0.01398462622083164,CAD
2023-05-10,6,4,0,0,0.034020523848439475,0.040827684329428945,0.1376741733161732,-0.0,0.03402052384842797,0.034020523848438323,GBP
2023-05-11,6,4,0,0,0.03122098944287505,0.03122098944287505,0.12816241854911428,-0.0,0.031220989442871185,0.031220989442877347,GBP
2023-05-12,6,6,0,0,0.01668113645588697,0.01668113645588697,0.1822629197992433,-0.0,0.016681136455884125,0.01668113645588582,GBP
2023-05-13,1,4,0,0,0.0,0.0,0.35496578799837863,-0.0,-0.0010659582773382276,-0.0010659582773427812,JPY
2023-05-15,6,7,0,0,0.0,0.04861735002253692,0.35602795116630914,-0.0,-0.014639627719336296,-0.01463962771934257,JPY
2023-05-16,6,8,0,0,0.04516823716181298,0.04516823716181298,0.44317939338820533,-0.0,0.045168237161813195,0.045168237161815845,GBP
2023-05-17,6,12,0,0,0.0,0.015805489528392492,0.4608835627407053,-0.0,-0.0055608002259182445,-0.005560800225916846,CAD
2023-05-18,6,12,1,1,0.12334665223891542,0.1349479192116156,0.6121031826774452,0.08061513998550829,0.04273151225342324,0.12334665223891772,AUD
2023-05-19,6,11,0,0,0.0,0.03326568937245131,0.502261982684388,-0.0,-0.015534658077954072,-0.01553465807794228,AUD
2023-05-20,1,5,0,0,0.022832673569317286,0.022832673569317286,0.5824633035585088,-0.0,0.02283267356931936,0.022832673569313275,AUD
2023-05-22,6,13,0,0,0.09205921891189993,0.09205921891189993,0.6229698461874997,-0.0,0.09205921891189152,0.09205921891189935,AUD
2023-05-23,6,15,0,0,0.28288550058115863,0.28704042622311826,0.8195522109034965,-0.0,0.28288550058115014,0.2828855005811627,AUD
2023-05-24,6,15,1,1,0.20134745072450427,0.2423675135781068,0.7936617044901015,-0.0,0.20134745072450644,0.2013474507245008,AUD
2023-05-25,6,14,0,0,0.1541730287168212,0.19598547855431886,0.8096821523875722,-0.0,0.1541730287168213,0.15417302871681543,AUD
2023-05-26,6,15,0,0,0.019050178007503096,0.13148987901859288,0.7004697690940415,-0.0,0.01905017800751559,0.01905017800751462,AUD
2023-05-27,1,7,0,0,0.007321601156524113,0.007321601156524113,0.9091310750113737,-0.0,0.0073216011565102514,0.007321601156525838,AUD
2023-05-29,6,15,0,0,0.0,0.043148076058660084,0.9018755055822966,-0.0,-0.02153704801788995,-0.02153704801789776,AUD
2023-05-30,6,15,0,0,0.16733902958663863,0.21066427307335445,0.9137211610535758,-0.0,0.16733902958664404,0.16733902958664265,AUD
2023-05-31,6,15,2,0,0.1471070382467428,0.19549822154352683,0.9213700736036099,-0.23303694367416716,0.3801439819209186,0.14710703824674967,AUD
2023-06-01,6,14,1,0,0.044680398570895126,0.16955188013639103,0.8924425031301817,-0.0,0.04468039857089757,0.04468039857089972,AUD
2023-06-02,6,14,1,0,0.007804163439031294,0.04990412412886592,1.3018099028577288,-0.0,0.007804163439028221,0.007804163439032437,AUD
2023-06-03,1,6,0,0,0.025388205511285893,0.025388205511285893,1.3487220343107935,-0.0,0.025388205511292304,0.025388205511293872,AUD
2023-06-05,6,14,2,0,0.17223369579301812,0.17223369579301812,1.3347699965040503,-0.12149778737247686,0.29373148316548303,0.172233695793013,AUD
2023-06-06,6,12,0,0,0.0070930021985599135,0.0070930021985599135,1.209104624289568,-0.0,0.007093002198571113,0.007093002198562767,AUD
2023-06-07,6,13,0,0,0.021532005575778078,0.1651917876017624,1.4806357440727198,-0.0,0.021532005575772388,0.021532005575769547,AUD
2023-06-08,6,13,1,0,0.0190275082345552,0.0190275082345552,1.4821714386095908,-0.0,0.019027508234552567,0.019027508234552924,AUD
2023-06-09,6,13,1,0,0.02137379476671612,0.05465892727738971,1.6865455828537612,-0.0,0.02137379476673073,0.021373794766719523,AUD
2023-06-10,1,8,0,0,0.0027957605604867677,0.0027957605604867677,1.374335591086433,-0.0,0.0027957605605054585,0.0027957605604952635,AUD
2023-06-12,6,12,0,0,0.0,0.0,1.3941638319465282,-0.0,-0.0007915149124074626,-0.0007915149123957099,AUD
2023-06-13,6,12,0,0,0.008873265851727246,0.0207130529095146,1.5120829484137799,-0.0,0.008873265851732905,0.00887326585172951,AUD
2023-06-14,6,12,1,0,0.009126525817640323,0.031027034136827687,1.388821031255462,-0.0,0.009126525817638488,0.009126525817639194,JPY
2023-06-15,6,12,1,1,0.0,0.06406567190735722,1.3402169008621958,-0.13360226916489512,0.10042278294621369,-0.03317948621868255,JPY
2023-06-16,6,11,0,0,0.017517420317491643,0.017517420317491643,1.6602680884236058,-0.0,0.017517420317497274,0.017517420317489953,JPY
2023-06-17,1,6,0,0,0.014385815291825636,0.014385815291825636,1.8344370137279846,-0.0,0.014385815291830691,0.014385815291831815,JPY
2023-06-19,6,11,2,0,0.07616358980483477,0.08877325251330671,1.8203130653114674,-0.1577302436283262,0.23389383343317302,0.07616358980483422,JPY
2023-06-20,6,9,6,0,0.08136928352062152,0.10399857384736898,1.4201386673634504,-0.9818349686391,1.063204252159714,0.08136928352062095,EUR
2023-06-21,6,3,0,0,0.002741451814266402,0.015912956356171293,0.3266936925692932,-0.0,0.0027414518142674575,0.0027414518142630257,EUR
2023-06-22,6,3,0,0,0.0,0.0,0.3743781805194761,-0.0,-0.009255197718087499,-0.00925519771810279,EUR
2023-06-23,6,4,1,0,0.05653059329208472,0.06785103611653545,0.48564559682068326,-0.0,0.05653059329207872,0.05653059329208753,EUR
2023-06-24,1,2,0,0,0.004729312144652907,0.004729312144652907,0.2867572382313515,-0.0,0.004729312144668382,0.004729312144653469,NZD
2023-06-26,6,3,1,1,0.02168215651045107,0.026252000162045677,0.2868557584915078,-0.0,0.021682156510447036,0.02168215651045107,NZD
2023-06-27,6,3,1,0,0.026887917274528356,0.030250692564684694,0.28220833613654983,-0.0,0.026887917274529813,0.02688791727452667,EUR
2023-06-28,6,2,1,1,0.04138850617651645,0.04170293403422639,0.19344159674103364,0.07915951154835328,-0.03777100537183705,0.041388506176517015,EUR
2023-06-29,6,1,0,0,0.02766632306546183,0.028570352651923377,0.168258658254604,-0.0,0.027666323065466857,0.027666323065462396,EUR
2023-06-30,6,4,1,0,0.005937183221931206,0.005937183221931206,0.1511687783058075,-0.0,0.005937183221929447,0.005937183221937959,CAD
2023-07-01,1,0,0,0,0.0,0.0,0.06428133176200944,-0.07810312314058572,0.07810312314058297,0.0,NZD
2023-07-03,6,3,0,0,0.0014536143557694597,0.009392808469975221,0.06584882584302176,-0.0,0.0014536143557798272,0.0014536143557829552,NZD
2023-07-04,6,3,0,0,0.0,0.004537222300547318,0.10405113514067243,-0.0,-0.011677982199452633,-0.011677982199457588,NZD
2023-07-05,6,3,0,0,0.003566285030841037,0.006752886202246978,0.14905240039953313,-0.0,0.003566285030834263,0.0035662850308393525,NZD
2023-07-06,6,5,1,0,0.012115840269275658,0.012115840269275658,0.2073139003107234,-0.0,0.012115840269285801,0.012115840269273974,GBP
2023-07-07,6,4,0,0,0.047614844310708115,0.047614844310708115,0.2608822899777996,-0.0,0.04761484431069735,0.04761484431070699,GBP
2023-07-08,1,2,0,0,0.0,0.0,0.26898807307215666,-0.0,-0.006594417691843543,-0.006594417691837373,GBP
2023-07-10,6,4,0,0,0.024633578358240468,0.0474487999241474,0.2755643189017926,-0.0,0.024633578358244777,0.02463357835823598,GBP
2023-07-11,6,4,0,0,0.0,0.022333745196028598,0.3050243324078289,-0.0,-0.023234120579531725,-0.02323412057951777,GBP
2023-07-12,6,5,1,0,0.07319509015507868,0.0826680873113732,0.33659149879104383,-0.0,0.07319509015508635,0.07319509015508316,CAD
2023-07-13,6,6,0,0,0.037166323267392117,0.037166323267392117,0.36345096832035184,-0.0,0.037166323267398736,0.037166323267399964,CAD
2023-07-14,6,6,0,0,0.022209973781142638,0.024677705961593736,0.36085894168684274,-0.0,0.02220997378115214,0.022209973781139838,EUR
2023-07-15,1,1,0,0,0.0024251670752384494,0.0024251670752384494,0.571799523367502,-0.0,0.0024251670752367706,0.0024251670752373305,EUR
2023-07-17,6,6,0,0,0.039765700815561626,0.07271563049050767,0.5693881649065692,-0.0,0.03976570081554742,0.039765700815559385,EUR
2023-07-18,6,6,2,0,0.02559601299659563,0.07165745378437822,0.4376149565750693,-0.1274818224507427,0.15307783544733902,0.025596012996593392,CAD
2023-07-19,6,4,0,0,0.0,0.02835519028252304,0.21868251824683055,-0.0,-0.005659251569570805,-0.005659251569578084,EUR
2023-07-20,6,4,1,0,0.0521815782388298,0.0521815782388298,0.2459515381515882,-0.0,0.05218157823881817,0.05218157823882477,EUR
2023-07-21,6,4,0,0,0.0025619126108659992,0.0025619126108659992,0.19046371348215205,-0.0,0.002561912610873843,0.002561912610874959,USD
2023-07-22,1,3,0,0,0.006020392682301737,0.006020392682301737,0.2958045015756657,-0.0,0.006020392682312486,0.006020392682303975,AUD
2023-07-24,6,5,1,0,0.12007097194329847,0.1324261887144277,0.30402149006406803,-0.0,0.12007097194329566,0.12007097194329903,CAD
2023-07-25,6,4,0,0,0.013719807689022354,0.03362909733696835,0.17760391943071993,-0.0,0.013719807689015958,0.013719807689018993,NZD
2023-07-26,6,5,0,0,0.0,0.011859834162085602,0.23571547129720558,-0.0,-0.006506804495161579,-0.006506804495159558,NZD
2023-07-27,6,5,1,1,0.0867120688839049,0.0867120688839049,0.32779494185094343,-0.0,0.08671206888389668,0.08671206888390208,AUD
2023-07-28,6,7,0,0,0.00856448941446149,0.00856448941446149,0.25423002222872326,0.07882692192146006,-0.07026243250698176,0.008564489414464851,AUD
2023-07-29,1,4,0,0,0.0,0.0,0.3968072576935747,-0.0,-0.022286511780562956,-0.0222865117805747,CAD
2023-07-31,6,9,1,0,0.020984106733285816,0.0998990885639736,0.42883918165442003,-0.0,0.020984106733266877,0.020984106733277434,NZD
2023-08-01,6,8,0,0,0.0,0.03382058297488202,0.41083148259149094,-0.0,-0.0024061689152984093,-0.0024061689152978676,NZD
2023-08-02,6,9,0,0,0.20624631035463076,0.20624631035463076,0.48499717879747384,-0.0,0.20624631035464275,0.20624631035463023,JPY
2023-08-03,6,11,1,0,0.06013069992569133,0.06289569461156203,0.379376535723301,0.051733040940945954,0.008397658984747427,0.06013069992569582,CAD
2023-08-04,6,10,0,0,0.0,0.07203801908358082,0.32639739279780894,-0.0,-0.04850717030104536,-0.048507170301040174,CAD
2023-08-05,1,10,0,0,0.0,0.0,0.473981023628518,-0.0,-0.010352649826016847,-0.010352649826019715,CAD
2023-08-07,6,10,0,0,0.0,0.015791725979671843,0.488907658229915,-0.0,-0.007734651884800898,-0.007734651884801089,CAD
2023-08-08,6,11,2,1,0.09790388928546075,0.09908603006844238,0.5592083569934865,-0.0,0.09790388928545118,0.0979038892854518,CAD
2023-08-09,6,9,0,0,0.025153338820283692,0.08573991735240653,0.38480417636600805,-0.12864581788009402,0.15379915670038272,0.025153338820288165,JPY
2023-08-10,6,10,0,0,0.0,0.029239574521613184,0.40101529184374296,-0.0,-0.00886384341372417,-0.008863843413730057,JPY
2023-08-11,6,10,2,1,0.032687879969566666,0.05614526468363566,0.4297815586503999,0.07858368956319585,-0.04589580959362087,0.032687879969574486,JPY
2023-08-12,1,8,0,0,0.0028547735108189853,0.0028547735108189853,0.3970738332568148,-0.0,0.002854773510832913,0.002854773510820103,JPY
2023-08-14,6,10,1,1,0.06185856544714481,0.0636009502859583,0.5021060495370918,0.07860364522105684,-0.01674507977391385,0.061858565447145374,CHF
2023-08-15,6,10,0,0,0.00958304003572505,0.045918229936471516,0.45389036342037464,-0.0,0.009583040035710836,0.00958304003572058,EUR
2023-08-16,6,10,0,0,0.04521968285511739,0.10690636336509797,0.48821266017215775,-0.0,0.04521968285511449,0.045219682855114046,EUR
2023-08-17,6,11,2,1,0.1510884392802795,0.1510884392802795,0.523662934104886,0.03412782766501817,0.11696061161528298,0.15108843928028623,CHF
2023-08-18,6,11,0,0,0.0,0.008142844331294226,0.4475904016099541,-0.0,-0.0010154801672516965,-0.0010154801672401638,CHF
2023-08-19,1,11,0,0,0.0,0.0,0.5845384158120192,-0.0,-0.009530561539071686,-0.009530561539079163,CHF
2023-08-21,6,11,1,1,0.0909283175727294,0.10881314398466925,0.5926163911129626,0.07869858123908614,0.012229736333636585,0.09092831757272046,CHF
2023-08-22,6,10,1,0,0.11704655758053685,0.1664548469889255,0.5090198504603793,-0.13957034317790104,0.256616900758433,0.11704655758053739,CHF
2023-08-23,6,11,0,0,0.11141674701092795,0.12366855502475826,0.45222766632590516,-0.0,0.11141674701092162,0.11141674701091674,CHF
2023-08-24,6,14,0,0,0.013308668226914035,0.039260178987246146,0.42035181513471126,-0.0,0.013308668226905455,0.013308668226919642,CHF
2023-08-25,6,14,0,0,0.04566609696074057,0.0718642698725548,0.6697003150967001,-0.0,0.04566609696073753,0.045666096960745604,JPY
2023-08-26,1,14,0,0,0.02077900285016376,0.02077900285016376,0.692274709457554,-0.0,0.020779002850172496,0.020779002850176063,EUR
2023-08-28,6,15,1,0,0.0,0.07050132310996549,0.6996332484068915,-0.038743931777229026,0.023641665316757113,-0.015102266460464434,EUR
2023-08-29,6,15,2,0,0.09224349214551236,0.2205265915881455,0.7897098506635487,-0.0,0.0922434921455249,0.09224349214552297,EUR
2023-08-30,6,15,0,0,0.0030562931388096425,0.0030562931388096425,0.747902536547375,-0.11856396780432735,0.12162026094314465,0.00305629313881076,EUR
2023-08-31,6,15,1,0,0.25296495393328094,0.25296495393328094,0.9964122375459832,-0.04255441157336254,0.29551936550664276,0.2529649539332887,EUR
2023-09-01,6,17,0,0,0.1559631531797822,0.16553524432545752,0.9224629760756701,-0.0,0.15596315317978035,0.15596315317978443,EUR
2023-09-02,1,17,0,0,0.004659536364206299,0.004659536364206299,0.7201548498359123,-0.0,0.004659536364197439,0.004659536364195684,EUR
2023-09-04,6,17,1,1,0.04670704913472828,0.04670704913472828,0.7184606951683737,-0.0,0.04670704913474365,0.04670704913473833,EUR
2023-09-05,6,17,2,1,0.0,0.019848455113347967,0.8177932602534448,-0.0,-0.006765098008401445,-0.006765098008404271,EUR
2023-09-06,6,16,0,0,0.025974175540293777,0.025974175540293777,0.8267093878936104,-0.0,0.025974175540287643,0.025974175540287088,EUR
2023-09-07,6,18,0,0,0.18876668192134025,0.18876668192134025,0.9334778560718481,-0.0,0.18876668192134605,0.18876668192134527,EUR
2023-09-08,6,19,0,0,0.019620239213518468,0.05524284033672137,0.7925958327109887,-0.0,0.019620239213514596,0.019620239213510096,EUR
2023-09-09,1,20,0,0,0.0,0.0,0.9338551407080268,-0.0,-0.009735918054292636,-0.009735918054282323,EUR
2023-09-11,6,21,2,0,0.23703721135303943,0.23703721135303943,1.0423735940795091,-0.02885140153716864,0.26588861289020854,0.23703721135304553,EUR
2023-09-12,6,19,0,0,0.14591321360864334,0.2021482943729884,0.9598186728611929,-0.0,0.14591321360865195,0.14591321360864667,EUR
2023-09-13,6,21,0,0,0.0,0.07939165539582027,1.0483753249070586,-0.0,-0.0826469448372245,-0.08264694483721251,EUR
2023-09-14,6,22,4,3,0.3946872867401792,0.4107231076327506,1.3091375655637576,0.07829338703656866,0.3163938997036009,0.394687286740181,EUR
2023-09-15,6,18,0,0,0.03947779533856426,0.060520350621907804,0.8957773520562459,-0.0,0.03947779533855003,0.03947779533856148,JPY
2023-09-16,1,18,0,0,0.0,0.0,1.0939266731366013,-0.0,-6.042367440216889e-05,-6.042367439680759e-05,JPY
2023-09-18,6,19,0,0,0.09100061233627857,0.16440742243242007,1.1139141485758481,-0.0,0.09100061233627962,0.09100061233628137,CHF
2023-09-19,6,19,0,0,0.04171648459410216,0.06980055500254816,1.1884665077929328,-0.0,0.041716484594096596,0.04171648459410272,CHF
2023-09-20,6,19,0,0,0.07051649655660863,0.2053338022701288,1.340246785541377,-0.0,0.0705164965566124,0.07051649655660809,CHF
2023-09-21,6,20,5,1,0.19408799358022233,0.19408799358022233,1.274196109925676,-0.0,0.19408799358020584,0.19408799358022177,CHF
2023-09-22,6,15,1,0,0.0,0.04916332959356323,1.0192155557915343,-0.0,-0.03330737709780136,-0.03330737709779192,CHF
2023-09-23,1,14,0,0,0.003955356291719484,0.003955356291719484,1.247492990738995,-0.0,0.003955356291717682,0.003955356291727245,CHF
2023-09-25,6,14,0,0,0.010753801558407664,0.026159466180476633,1.2435868227369116,-0.0,0.010753801558402536,0.010753801558408773,CHF
2023-09-26,6,14,0,0,0.062373730666236964,0.07060883934584246,1.3807066780972688,-0.0,0.06237373066622008,0.062373730666227,CHF
2023-09-27,6,14,0,0,0.026465765141707752,0.03183496701619822,1.4193979159477939,-0.0,0.02646576514170041,0.026465765141709417,CHF
2023-09-28,6,16,1,0,0.0502814443635252,0.08260207091206564,1.4969605409150133,-0.0,0.050281444363519105,0.050281444363527966,CHF
2023-09-29,6,15,3,0,0.0,0.09281097919396197,1.4973014750803488,-0.0,-0.020799953459931648,-0.02079995345992985,CHF
2023-09-30,1,12,0,0,0.006650769216350653,0.006650769216350653,1.098204848851578,-0.13284567127015998,0.1394964404865036,0.006650769216347346,CHF
2023-10-02,6,12,6,0,0.3435348564942345,0.3557397361290177,1.0916266812064985,-0.35748093459072194,0.7010157910849465,0.3435348564942301,CHF
2023-10-03,6,7,1,0,0.16435321468423672,0.16771421347790566,0.5308991121431856,-0.1621893551791826,0.3265425698634247,0.16435321468423839,GBP
2023-10-04,6,7,0,0,0.0,0.058599041789643584,0.40235005558272813,-0.0,-0.0038848043121428783,-0.0038848043121429824,GBP
2023-10-05,6,7,0,0,0.023615032577041232,0.023615032577041232,0.6051421261938724,-0.0,0.023615032577040316,0.02361503257705395,GBP
2023-10-06,6,9,0,0,0.008162546174107358,0.008162546174107358,0.7010564732685628,-0.0,0.008162546174105305,0.008162546174105147,GBP
2023-10-07,1,10,0,0,0.029525755410013912,0.029525755410013912,0.9087926302237506,-0.0,0.029525755409999754,0.029525755410008955,JPY
2023-10-09,6,11,0,0,0.3518900824667652,0.3518900824667652,1.018632651226622,-0.0,0.3518900824667646,0.35189008246676406,GBP
2023-10-10,6,12,0,0,0.027694799982308598,0.027694799982308598,0.7910067474351986,-0.0,0.027694799982316925,0.027694799982308043,CHF
2023-10-11,6,12,0,0,0.056463764408386456,0.06427616937955859,1.019877820178371,-0.0,0.05646376440838466,0.056463764408387566,CHF
2023-10-12,6,12,2,0,0.34150607819467044,0.34150607819467044,0.9789607446651792,-0.13278055146192677,0.4742866296566014,0.34150607819467427,CHF
2023-10-13,6,10,4,3,0.25555837109010754,0.28289148592356417,0.5626494138834093,0.15576316992077638,0.09979520116933185,0.255558371090102,JPY
2023-10-14,1,6,0,0,0.011936354572865005,0.011936354572865005,0.30399696640050416,-0.0,0.011936354572862372,0.011936354572867226,JPY
2023-10-16,6,8,0,0,0.0,0.04653228730226002,0.33395922011965656,-0.0,-0.05268222841106814,-0.05268222841106242,JPY
2023-10-17,6,8,0,0,0.04961767653698714,0.04961767653698714,0.5028121315569123,-0.0,0.04961767653699287,0.049617676536983256,JPY
2023-10-18,6,8,1,1,0.12549883275228968,0.15802658954597984,0.6388828266088636,0.07781163122643231,0.04768720152585091,0.12549883275229465,JPY
2023-10-19,6,7,0,0,0.1474602290583233,0.1474602290583233,0.5750698999556542,-0.0,0.14746022905830686,0.1474602290583172,JPY
2023-10-20,6,8,0,0,0.17266146023777734,0.17266146023777734,0.6846458737863651,-0.0,0.17266146023777823,0.17266146023777734,JPY
2023-10-21,1,8,0,0,0.0,0.0,0.5904078233422926,-0.0,-0.018376731679482446,-0.01837673167948835,JPY
2023-10-23,6,10,0,0,0.029935292357527992,0.039420074123859054,0.6086727008727358,-0.0,0.029935292357523038,0.02993529235752301,JPY
2023-10-24,6,10,1,0,0.0,0.07552820021335291,0.703436389784702,-0.0,-0.045890514499601354,-0.04589051449959562,AUD
2023-10-25,6,10,4,0,0.08659316992594589,0.22186093500303655,0.6817125124738312,-0.10623756776486536,0.19283073769081668,0.08659316992594863,JPY
2023-10-26,6,6,0,0,0.02652622199318989,0.02652622199318989,0.25021094053712895,-0.15398856425480714,0.1805147862479918,0.02652622199318658,JPY
2023-10-27,6,6,0,0,0.1018231589507119,0.1260353697741424,0.3483221672884075,-0.0,0.1018231589507189,0.1018231589507108,JPY
2023-10-28,1,6,0,0,0.0,0.0,0.2467502572443408,-0.0,-0.00901062421313803,-0.009010624213130732,JPY
2023-10-29,1,6,0,0,0.01122519861214765,0.01122519861214765,0.25573783788192533,-0.0,0.011225198612160864,0.011225198612150414,JPY
2023-10-30,6,7,0,0,0.00323837336262212,0.10684599303239896,0.3052061640112865,-0.0,0.0032383733626180516,0.003238373362618254,JPY
2023-10-31,6,8,0,0,0.0,0.060168630492060435,0.3534543521165899,-0.0,-0.04779128711098346,-0.0477912871109734,JPY
2023-11-01,6,8,1,0,0.10050959917531713,0.10050959917531713,0.5971030925429829,-0.07991441753133754,0.1804240167066598,0.10050959917531986,JPY
2023-11-02,6,9,1,0,0.005444434952637056,0.012631947661635053,0.4285583854977564,-0.0,0.005444434952645442,0.005444434952646954,JPY
2023-11-03,6,8,0,0,0.008519893656928554,0.012104159305156627,0.46442913356641935,-0.0,0.008519893656924704,0.008519893656926904,JPY
2023-11-06,6,8,0,0,0.005603015186243349,0.03252077225570639,0.5860996161322736,-0.0,0.005603015186238755,0.005603015186244995,JPY
2023-11-07,6,11,0,0,0.03648790539891443,0.08100395609767026,0.6634496598930391,-0.0,0.036487905398904764,0.03648790539890565,GBP
2023-11-08,6,13,0,0,0.06197738124076223,0.06256971956866633,0.7132370469433449,-0.0,0.06197738124075372,0.06197738124075016,EUR
2023-11-09,6,13,0,0,0.15025933885644446,0.15025933885644446,0.9617863409232987,-0.0,0.1502593388564468,0.1502593388564483,EUR
2023-11-10,6,13,1,0,0.010059264210859776,0.010059264210859776,0.8297738508213317,-0.0,0.01005926421085594,0.010059264210858681,EUR
2023-11-13,6,13,0,0,0.0,0.00809370157683876,0.8797967035876313,-0.0,-0.006979025259410448,-0.006979025259406752,EUR
2023-11-14,6,14,2,0,0.008829514226775968,0.06989310144326397,1.084950369374087,-0.0,0.008829514226775559,0.008829514226773782,EUR
2023-11-15,6,12,4,1,0.18815277760051355,0.18815277760051355,0.8981707473718511,0.0016447747663883407,0.1865080028341285,0.18815277760051413,EUR
2023-11-16,6,9,1,0,0.0,0.044794507580572525,0.7279420186626542,-0.0,-0.0016161034051931013,-0.001616103405188456,EUR
2023-11-17,6,8,2,0,0.0383142099745486,0.06539045603363859,0.5856007504474703,-0.0,0.038314209974537605,0.03831420997454424,GBP
2023-11-20,6,6,0,0,0.04997795044986759,0.04997795044986759,0.4474092961954777,-0.0,0.04997795044986692,0.04997795044985941,NZD
2023-11-21,6,8,1,0,0.058097016115089696,0.058097016115089696,0.500065643271405,-0.0,0.0580970161150854,0.05809701611507988,NZD
2023-11-22,6,8,0,0,0.009271122511454129,0.06558813512124957,0.474451570472707,-0.0,0.00927112251144228,0.009271122511451941,NZD
2023-11-23,6,10,0,0,0.08526385229865621,0.08526385229865621,0.4985055321787822,-0.0,0.08526385229865116,0.0852638522986584,NZD
2023-11-24,6,10,0,0,0.08191925720124187,0.08191925720124187,0.5391471554267808,-0.0,0.08191925720124385,0.08191925720123858,EUR
2023-11-27,6,12,0,0,0.09940280815811729,0.19219365017653314,0.6147619849687811,-0.0,0.09940280815811374,0.09940280815811345,EUR
2023-11-28,6,12,3,3,0.08926957031797625,0.10472812348367432,0.5864098260768583,0.07699138786814991,0.012278182449826475,0.08926957031797571,EUR
2023-11-29,6,10,4,4,0.32953347748006534,0.32953347748006534,0.6666081381659678,0.3082261180987504,0.021307359381307397,0.32953347748006423,GBP
2023-11-30,6,7,4,1,0.1474904035182479,0.1474904035182479,0.3587575461449003,-0.11789774100095984,0.2653881445192081,0.1474904035182452,NZD
2023-12-01,6,3,2,2,0.10982692095308408,0.10982692095308408,0.12157926086748211,0.032573309409397934,0.07725361154369405,0.10982692095308133,NZD
2023-12-04,6,2,0,0,0.008914574767822082,0.009060508994795118,0.033409806724119445,-0.0,0.008914574767807666,0.00891457476782153,NZD
2023-12-05,6,3,0,0,0.0,0.032666715691886825,0.056139735825719156,-0.0,-0.014100614824508981,-0.014100614824501916,GBP
2023-12-06,6,4,0,0,0.06241489129993803,0.06241489129993803,0.13579504655466246,-0.0,0.062414891299938435,0.06241489129993473,JPY
2023-12-07,6,4,4,2,0.14260059861374208,0.14260059861374208,0.1772031134791632,0.15497267519716837,-0.01237207658341272,0.14260059861374758,GBP
2023-12-08,6,1,0,0,0.007750796036547204,0.007750796036547204,0.01229436612693932,-0.0,0.007750796036550611,0.00775079603655602,CAD
2023-12-11,6,1,0,0,0.011814197929390587,0.028782198925088213,0.014059430115087073,-0.0,0.011814197929404018,0.011814197929390587,CAD
2023-12-12,6,1,0,0,0.0001871060829279617,0.0020581284032905552,0.013899309017055059,-0.0,0.00018710608292191327,0.0001871060829274107,CAD
2023-12-13,6,3,0,0,0.022090455974649717,0.022090455974649717,0.06896225899795906,-0.0,0.02209045597465334,0.022090455974648614,CHF
2023-12-14,6,5,0,0,0.0062571913200312156,0.007035020664263386,0.11606927690752203,-0.0,0.006257191320031423,0.006257191320035622,CHF
2023-12-15,6,5,0,0,0.1660292129346246,0.1660292129346246,0.31472390147814233,-0.0,0.16602921293463652,0.16602921293463122,GBP
2023-12-18,6,5,1,1,0.042605235442563956,0.04986621561340056,0.14326164807752353,0.07754035155159915,-0.03493511610905362,0.04260523544255955,EUR
2023-12-19,6,4,0,0,0.006059770004871852,0.033902636856556784,0.11043725484587257,-0.0,0.006059770004864351,0.006059770004871301,EUR
2023-12-20,6,4,0,0,0.05470146725039763,0.05470146725039763,0.14959375374475312,-0.0,0.05470146725039777,0.05470146725039597,EUR
2023-12-21,6,4,1,0,0.06002858572379259,0.06002858572379259,0.12316322946125673,-0.03468778898096116,0.09471637470475862,0.060028585723794804,EUR
2023-12-22,6,3,0,0,0.004682445728358896,0.022601675741217166,0.06317256533500018,-0.0,0.0046824457283568275,0.004682445728355586,EUR
2023-12-25,3,3,0,0,0.009321014058309901,0.01579326702475308,0.06464654318060584,-0.0,0.009321014058291902,0.009321014058301625,EUR
2023-12-26,6,3,0,0,0.023032551386883194,0.03738958063285166,0.0771994370417516,-0.0,0.02303255138688361,0.023032551386888714,EUR
2023-12-27,6,4,2,1,0.033980950816190375,0.03821745081801986,0.13777051859381712,-0.0,0.033980950816180404,0.033980950816190375,CHF
2023-12-28,6,3,0,0,0.05172167437456583,0.0829681582603601,0.10748447490188942,-0.0,0.05172167437456222,0.05172167437456749,EUR
2023-12-29,6,4,0,0,0.005406885729437242,0.06484268359560592,0.09366940902043808,-0.0,0.0054068857294399695,0.005406885729440556,GBP
2024-01-02,6,5,0,0,0.02776757950360175,0.062274356627678516,0.14076541180591132,-0.0,0.02776757950360483,0.027767579503602854,GBP
2024-01-03,6,6,0,0,0.0,0.012689765562364501,0.122856427029785,-0.0,-0.00838152646002181,-0.008381526460022295,GBP
2024-01-04,6,7,0,0,0.0013750285395129204,0.036775312327497076,0.26491389237290036,-0.0,0.001375028539513024,0.0013750285395024392,GBP
2024-01-05,6,8,0,0,0.03604162644428732,0.06377775761288496,0.40195781961736393,-0.0,0.03604162644427246,0.0360416264442785,CAD
2024-01-08,6,8,0,0,0.023821303852142876,0.05155789038793539,0.48004336225041416,-0.0,0.02382130385213042,0.02382130385213957,CAD
2024-01-09,6,9,0,0,0.06099608933123832,0.07893661901454628,0.5646512021908203,-0.0,0.060996089331235376,0.06099608933123942,CAD
2024-01-10,6,10,0,0,0.0,0.003112806884129088,0.5356704025005464,-0.0,-0.008586052199719866,-0.00858605219971203,CAD
2024-01-11,6,10,0,0,0.09289191721540203,0.10919149287876576,0.6929191638808502,-0.0,0.09289191721540066,0.09289191721539818,CAD
2024-01-12,6,10,1,1,0.12213869092805582,0.14718292879974051,0.6796678648470134,-0.0,0.12213869092805862,0.12213869092805033,CAD
2024-01-15,6,10,0,0,0.012345270586534248,0.029587872851099855,0.6387391970577281,0.07749794564482451,-0.06515267505827695,0.012345270586540858,CAD
2024-01-16,6,10,3,2,0.21812261834798602,0.21812261834798602,0.7033286577842317,-0.0408274064489403,0.25895002479693074,0.2181226183479888,CAD
2024-01-17,6,8,2,2,0.030507343427977448,0.03292233060319162,0.5419046523559404,-0.0,0.030507343427969222,0.030507343427973586,CAD
2024-01-18,6,7,0,0,0.03470087128251006,0.05391798507467209,0.6143593248604408,-0.0,0.0347008712825133,0.03470087128250455,EUR
2024-01-19,6,7,1,0,0.0,0.058778364893177205,0.6053988879373349,-0.0,-0.01648173105270891,-0.016481731052706707,EUR
2024-01-22,6,6,0,0,0.0307993136488098,0.042481791666108465,0.5916723374761684,-0.0,0.03079931364881632,0.030799313648816416,EUR
2024-01-23,6,7,0,0,0.09324252922762549,0.14109155619529126,0.6188948589502631,-0.0,0.09324252922763297,0.09324252922762219,EUR
2024-01-24,6,7,1,0,0.011944651227843429,0.011944651227843429,0.5607254449342685,-0.0,0.011944651227823509,0.011944651227834054,EUR
2024-01-25,6,6,2,1,0.09119391577044653,0.13531557714271764,0.46311014174996323,0.010225036058784772,0.08096887971167409,0.09119391577045094,JPY
2024-01-26,6,5,0,0,0.014672483449887233,0.03688671775074389,0.33092119144253296,-0.0,0.014672483449877856,0.014672483449885027,JPY
2024-01-29,6,5,2,0,0.04275014646485466,0.043579565571291196,0.33022489694079965,-0.0,0.04275014646486079,0.04275014646486128,JPY
2024-01-30,6,4,0,0,0.015280586605042166,0.015280586605042166,0.23006918035581805,-0.0,0.015280586605033654,0.01528058660504327,JPY
2024-01-31,6,5,1,0,0.14229025656692734,0.18605923737069724,0.23349493251933234,-0.0,0.142290256566928,0.1422902565669312,JPY
2024-02-01,6,8,0,0,0.15778671109717807,0.16850005944128038,0.3701499447342064,-0.0,0.15778671109719056,0.15778671109718692,JPY
2024-02-02,6,9,0,0,0.00260483896283434,0.03960456975209909,0.2555543458061329,-0.0,0.002604838962818619,0.002604838962823836,JPY
2024-02-05,6,9,0,0,0.0,0.0,0.6028705022375324,-0.0,-0.015380260303717551,-0.015380260303722162,JPY
2024-02-06,6,9,0,0,0.1432726008258426,0.15950718689603632,0.6643506621399069,-0.0,0.14327260082585264,0.14327260082585083,JPY
2024-02-07,6,11,0,0,0.012684587804868237,0.012684587804868237,0.6020602304844371,-0.0,0.012684587804871403,0.012684587804876492,JPY
2024-02-08,6,11,0,0,0.0,0.022548828229656197,0.6076492241668684,-0.0,-0.03284519673658754,-0.03284519673659892,JPY
2024-02-09,6,11,0,0,0.06823700406852588,0.06823700406852588,0.8031045209526726,-0.0,0.06823700406852726,0.06823700406852204,JPY
2024-02-12,6,11,0,0,0.0,0.020967479989563064,0.7478333501016633,-0.0,-0.00746336427807676,-0.007463364278069002,JPY
2024-02-13,6,12,0,0,0.0,0.033737285297019096,0.7951914436336327,-0.0,-0.0028279221949789666,-0.0028279221949810947,JPY
2024-02-14,6,13,0,0,0.11909645773605179,0.11909645773605179,1.0463463671681372,-0.0,0.11909645773605687,0.11909645773604306,JPY
2024-02-15,6,13,3,0,0.10432514687404792,0.10432514687404792,0.9828679085924931,-0.0,0.1043251468740567,0.10432514687405942,JPY
2024-02-16,6,10,0,0,0.01564107706426881,0.05540695252810633,0.7189680530043275,-0.08399121505222003,0.09963229211649871,0.015641077064279217,EUR
2024-02-19,6,11,0,0,0.1263737607611069,0.1263737607611069,0.6584556092784397,-0.0,0.1263737607611078,0.1263737607611107,EUR
2024-02-20,6,12,0,0,0.04812266377531343,0.0969684587089043,0.6822626648913831,-0.0,0.048122663775308765,0.048122663775312324,EUR
2024-02-21,6,12,0,0,0.10987098290553135,0.10987098290553135,0.7538470909051,-0.0,0.10987098290551583,0.1098709829055215,EUR
2024-02-22,6,12,1,0,0.024953208154994962,0.039662600321531696,0.799722447292473,-0.0,0.02495320815500901,0.024953208154998803,EUR
2024-02-23,6,13,0,0,0.07081799907248774,0.11037025975499698,0.7729325183931792,-0.0,0.07081799907250405,0.07081799907249377,EUR
2024-02-26,6,13,0,0,0.0,0.0,0.703356722402276,-0.0,-0.10301550744941743,-0.103015507449416,EUR
2024-02-27,6,13,0,0,0.071689986219383,0.09852812169625459,1.0170615673918035,-0.0,0.0716899862193845,0.07168998621938354,EUR
2024-02-28,6,13,2,0,0.0,0.016897067041021986,0.8132664475722778,-0.0,-0.14130891048749122,-0.14130891048748973,EUR
2024-02-29,6,11,1,0,0.20676417400206548,0.20676417400206548,0.9044661272913057,-0.07033307942429196,0.27709725342636615,0.20676417400207256,EUR
2024-03-01,6,11,0,0,0.03853560392790701,0.0960991776639981,0.6983506159066929,-0.0,0.03853560392790933,0.03853560392790919,EUR
2024-03-04,6,11,0,0,0.0,0.021476256448631655,0.6811105403943314,-0.0,-0.04121593626779617,-0.04121593626780565,EUR
2024-03-05,6,11,0,0,0.03475930432006946,0.09574512984565536,0.8599066887484871,-0.0,0.034759304320064154,0.03475930432006783,EUR
2024-03-06,6,12,4,0,0.24664011603852443,0.24664011603852443,0.8137643568832971,-0.0,0.246640116038528,0.24664011603852334,EUR
2024-03-07,6,12,6,2,0.3385926240853375,0.3385926240853375,0.4511854126748761,-0.025146991017562285,0.36373961510288694,0.338592624085337,JPY
2024-03-08,6,7,0,0,0.343202730621544,0.343202730621544,0.4276381183777475,-0.0,0.3432027306215354,0.34320273062154566,JPY
2024-03-10,1,8,0,0,0.0,0.0,0.11054323805154147,-0.0,-0.005766322036069452,-0.005766322036083713,JPY
2024-03-11,6,9,0,0,0.13873236828157878,0.13873236828157878,0.2523197903388151,-0.0,0.13873236828157817,0.13873236828157934,JPY
2024-03-12,6,10,0,0,0.0,0.039831405939370575,0.2404862927357804,-0.0,-0.001501238395083455,-0.0015012383950922348,JPY
2024-03-13,6,11,0,0,0.06492874297902876,0.06492874297902876,0.45897931874773773,-0.0,0.06492874297903561,0.0649287429790408,JPY
2024-03-14,6,11,0,0,0.0,0.06666467621704059,0.5705712305324059,-0.0,-0.004916910693276157,-0.004916910693277167,JPY
2024-03-15,6,11,0,0,0.03504076166473314,0.05934116220749283,0.6084925268267322,-0.0,0.035040761664733674,0.035040761664731496,JPY
2024-03-17,1,11,0,0,0.0028005387119399688,0.0028005387119399688,0.8418266201015532,-0.0,0.002800538711938263,0.002800538711933965,JPY
2024-03-18,6,13,0,0,0.0,0.10353639557663724,0.8697280697721235,-0.0,-0.022869240663069647,-0.02286924066305491,JPY
2024-03-19,6,14,0,0,0.0,0.021837318771542578,0.868870050912297,-0.0,-0.01942836758202863,-0.019428367582036945,JPY
2024-03-20,6,14,1,0,0.0,0.03666988829728804,0.9938304209885174,-0.0,-0.0977445445648313,-0.0977445445648269,JPY
2024-03-21,6,16,3,1,0.07449608142743198,0.07449608142743198,0.9778156051866876,-0.04352184146408,0.11801792289153192,0.07449608142743579,EUR
2024-03-22,6,14,7,1,0.0961331152842818,0.10903729728799078,0.907265680652094,-0.4515900875135346,0.5477232027978164,0.09613311528427204,AUD
2024-03-24,1,7,0,0,3.8811667136920846e-05,3.8811667136920846e-05,0.3442409902205407,-0.0,3.881166714488875e-05,3.881166713909082e-05,AUD
2024-03-25,6,8,0,0,0.020087041933697945,0.020087041933697945,0.3563161198931005,-0.0,0.02008704193370574,0.02008704193369632,AUD
2024-03-26,6,8,0,0,0.007426549101117605,0.01607361939022669,0.37865218094888964,-0.0,0.007426549101117029,0.007426549101118691,AUD
2024-03-27,6,8,0,0,0.006634877046110832,0.02874019558247904,0.4155561011496052,-0.0,0.006634877046099988,0.006634877046101615,AUD
2024-03-28,6,11,3,0,0.11079828806793801,0.12343305628095336,0.4089483573241849,-0.15776413391728145,0.26856242198522384,0.11079828806794831,GBP
2024-03-29,6,10,0,0,0.02403836540994603,0.056679820713654475,0.28519633081686807,-0.0,0.024038365409947457,0.024038365409940605,GBP
2024-04-01,6,10,0,0,0.20160229539896551,0.20735024842447425,0.4005954443175414,-0.0,0.20160229539896835,0.20160229539897315,USD
2024-04-02,6,11,0,0,0.013265001889092347,0.013265001889092347,0.23767262133728528,-0.0,0.013265001889094982,0.013265001889085274,USD
2024-04-03,6,13,0,0,0.01780511532000626,0.032341287689774706,0.4260549691788786,-0.0,0.017805115320002854,0.01780511532001332,USD
2024-04-04,6,14,3,2,0.0066715065122868265,0.20660099239760552,0.7221924346503077,0.10362125617474423,-0.09694974966244226,0.006671506512290071,EUR
2024-04-05,6,11,1,0,0.028996116390415303,0.057185118719120236,0.5855485978663324,-0.0,0.028996116390403132,0.028996116390405568,EUR
2024-04-06,1,10,0,0,0.0,0.0,0.6433199038789058,-0.0,-0.0017522742715941747,-0.001752274271593229,EUR
2024-04-08,6,11,0,0,0.0437697983354145,0.0437697983354145,0.6828664601561922,-0.0,0.04376979833540072,0.043769798335412335,EUR
2024-04-09,6,11,0,0,0.0014551982115531012,0.030838314282311412,0.728547661689613,-0.0,0.0014551982115485129,0.001455198211546084,EUR
2024-04-10,6,12,5,1,0.42356580469306604,0.4383562690592117,0.7025712258020052,-0.0,0.42356580469306065,0.4235658046930628,EUR
2024-04-11,6,7,2,0,0.11295787379420501,0.11774794134924893,0.3107086687231445,-0.0,0.1129578737942116,0.11295787379419636,EUR
2024-04-12,6,6,3,1,0.09477354047341231,0.09477354047341231,0.18760901968334404,0.0023678296642646443,0.09240571080914319,0.09477354047341992,EUR
2024-04-13,1,4,0,0,0.0,0.0,0.13485887999934626,-0.0,-0.004237927877911435,-0.004237927877898737,EUR
2024-04-15,6,9,0,0,0.03131939423131464,0.11742573714778572,0.2668282593247112,-0.0,0.031319394231328304,0.0313193942313217,EUR
2024-04-16,6,9,0,0,0.022016138489487278,0.06701804802254276,0.31402110537325295,-0.0,0.022016138489487296,0.022016138489499217,EUR
2024-04-17,6,10,0,0,0.11610870111267778,0.11610870111267778,0.37034786218456933,-0.0,0.11610870111267806,0.11610870111267832,CHF
2024-04-18,6,10,0,0,0.0398631477714588,0.05661383259133123,0.4553602674918925,-0.0,0.03986314777147725,0.03986314777146259,CHF
2024-04-19,6,11,0,0,0.25122355548934444,0.25122355548934444,0.957604038429556,-0.0,0.2512235554893516,0.2512235554893515,CHF
2024-04-20,1,11,0,0,0.0,0.0,0.868891030669451,-0.0,-0.014716895683850073,-0.01471689568385386,CHF
2024-04-22,6,12,1,0,0.0380497200018628,0.1353434207599591,0.9068781270792238,-0.06371130018594462,0.10176102018780553,0.038049720001861166,CHF
2024-04-23,6,13,1,0,0.0,0.00046737549116526933,1.008534997996384,-0.0,-0.019021407247678375,-0.019021407247692013,CHF
2024-04-24,6,12,0,0,0.0,0.03956394656727446,1.2151032487666136,-0.0,-0.016970422653720663,-0.016970422653723227,CHF
2024-04-25,6,13,0,0,0.0232707458379481,0.09582247641972728,1.5169620332104738,-0.0,0.02327074583795934,0.023270745837945406,CHF
2024-04-26,6,13,0,0,0.0,0.0320155361659802,1.5952156526167838,-0.0,-0.017931643585295233,-0.017931643585294154,CHF
2024-04-27,1,14,0,0,0.0,0.0,1.7071103806596544,-0.0,-0.02693267794844046,-0.026932677948452555,CHF
2024-04-29,6,14,3,0,0.05026868311498306,0.23499199548483057,1.5990047730398496,-0.040243625934361225,0.0905123090493506,0.05026868311499327,CHF
2024-04-30,6,11,0,0,0.05141240245648448,0.05141240245648448,1.0781222741814642,-0.0,0.05141240245648145,0.05141240245649038,CHF
2024-05-01,6,11,0,0,0.022332547433863394,0.022332547433863394,0.8992624554361793,-0.0,0.02233254743385589,0.022332547433866076,CHF
2024-05-02,6,11,2,0,0.19595347678511102,0.22775579429483533,0.9493833681378353,-0.10328087069970363,0.2992343474848129,0.195953476785103,CHF
2024-05-03,6,10,1,0,0.01700561444868743,0.0304877515792644,0.6029191989878409,-0.0,0.017005614448692866,0.0170056144486826,CHF
2024-05-04,1,9,0,0,0.0,0.0,0.5953768094539731,-0.0,-0.004438761161351533,-0.004438761161351198,CAD
2024-05-06,6,11,0,0,0.003507971355615795,0.049139818409374675,0.6435093231970422,-0.0,0.0035079713556097638,0.003507971355613651,CAD
2024-05-07,6,11,0,0,0.0,0.06294459683670796,0.6451888779126904,-0.0,-0.004633098729773809,-0.004633098729780913,CAD
2024-05-08,6,12,0,0,0.007692296546578197,0.060791923046533435,0.7754768575353952,-0.0,0.007692296546583551,0.007692296546586765,CAD
2024-05-09,6,12,1,0,0.03919515351480708,0.03919515351480708,0.8025112421281436,-0.037502889737371994,0.07669804325218806,0.03919515351481672,CAD
2024-05-10,6,12,0,0,0.041260523141192544,0.08187500481629421,0.727461610960329,-0.0,0.04126052314118237,0.0412605231411904,CAD
2024-05-11,1,12,0,0,0.006180387137206414,0.006180387137206414,0.7020599713576412,-0.0,0.006180387137210163,0.006180387137208019,CAD
2024-05-13,6,13,0,0,0.0,0.040124514808808805,0.7133886023828937,-0.0,-0.010166751716303253,-0.010166751716306802,CAD
2024-05-14,6,13,0,0,0.0,0.03269082627002296,0.8592587255094606,-0.0,-0.008353731726476193,-0.008353731726476995,CAD
2024-05-15,6,14,0,0,0.041141724006570124,0.06586087683873168,0.8869727878129313,-0.0,0.04114172400656291,0.04114172400657066,CAD
2024-05-16,6,14,1,0,0.0708644594937445,0.0708644594937445,0.9181752569221802,-0.0,0.07086445949373142,0.07086445949374182,CAD
2024-05-17,6,13,1,1,0.0012048056235923275,0.006231715234422935,0.9286349905895587,0.07516215716402697,-0.07395735154042316,0.0012048056236003382,CAD
2024-05-18,1,12,0,0,0.0,0.0,1.0197887416658242,-0.0,-0.016602681645785964,-0.01660268164577716,CAD
2024-05-20,6,12,0,0,0.04393739095197799,0.04892798014018555,1.036219383106265,-0.0,0.04393739095198919,0.0439373909519796,CAD
2024-05-21,6,12,0,0,0.007976390935394288,0.047044854438835465,1.0295726363149078,-0.0,0.007976390935381217,0.007976390935390553,CAD
2024-05-22,6,12,0,0,0.0301427430174809,0.03207189931437769,1.1156943628438625,-0.0,0.030142743017481034,0.03014274301748569,CAD
2024-05-23,6,12,1,0,0.0,0.015547743432710374,1.217950298145319,-0.0,-0.0074924635456262035,-0.007492463545625936,CAD
2024-05-24,6,11,1,0,0.07670484807847398,0.09434830526852019,1.193861763542862,-0.08082719661738098,0.15753204469585697,0.07670484807847239,CAD
2024-05-25,1,10,0,0,0.007895287004263516,0.007895287004263516,1.0767431197377193,-0.0,0.007895287004265379,0.00789528700426245,CAD
2024-05-27,6,10,0,0,0.00019042269561230836,0.028295498307778496,1.0689322280007374,-0.0,0.00019042269561590205,0.00019042269561124353,CAD
2024-05-28,6,10,0,0,0.011549065387253832,0.014455621399693707,1.0756557473197421,-0.0,0.011549065387256094,0.011549065387259154,CAD
2024-05-29,6,10,0,0,0.008269041509053625,0.010878353249819216,1.071851528812981,-0.0,0.008269041509058151,0.008269041509055223,CAD
2024-05-30,6,12,4,0,0.04884117861172021,0.04884117861172021,1.0854454065794532,-0.436092013584523,0.4849331921962445,0.04884117861171488,CAD
2024-05-31,6,8,3,0,0.09707116361419614,0.10359307979515996,0.6236396048478365,-0.21998850610792092,0.31705966972211447,0.09707116361419507,CAD
2024-06-01,1,6,0,0,0.006673507575672833,0.006673507575672833,0.2774446746353545,-0.0,0.006673507575671467,0.006673507575671233,CAD
2024-06-03,6,8,0,0,0.004814397335648613,0.004814397335648613,0.2936961677562259,-0.0,0.004814397335632964,0.004814397335642753,CAD
2024-06-04,6,9,1,1,0.06343264333626608,0.0954638610968559,0.5338594283206389,-0.0,0.06343264333628497,0.06343264333627407,EUR
2024-06-05,6,12,0,0,0.0,0.0,0.5012699594401179,-0.0,-0.021934538168824454,-0.021934538168809747,CAD
2024-06-06,6,12,0,0,0.09953945054047213,0.12978853948444954,0.6626778982133432,-0.0,0.09953945054046662,0.09953945054046788,JPY
2024-06-07,6,12,3,1,0.034274544558269344,0.0582030865250591,0.5932451653375692,-0.0,0.03427454455826748,0.03427454455826775,JPY
2024-06-08,1,9,0,0,0.0,0.0,0.5738696287675237,-0.0,-0.007832625851738037,-0.007832625851734913,JPY
2024-06-10,6,9,0,0,0.07026146952828914,0.07026146952828914,0.6241314745887392,-0.0,0.07026146952830796,0.07026146952830031,JPY
2024-06-11,6,9,0,0,0.0,0.058791515943491184,0.5975791535655626,-0.0,-0.006458011267313667,-0.006458011267305354,JPY
2024-06-12,6,11,1,0,0.018056240931423904,0.1038082246338642,0.5614749487362221,-0.0,0.01805624093144206,0.01805624093143508,JPY
2024-06-13,6,10,0,0,0.14832792446637338,0.26071289730928743,0.6358429645295932,-0.0,0.14832792446637705,0.14832792446638135,JPY
2024-06-14,6,10,3,1,0.08577945290878475,0.26132429012619723,0.452344064085233,-0.0197705189513424,0.10554997186012428,0.08577945290878689,JPY
2024-06-15,1,7,0,0,0.0,0.0,0.33815285948561713,-0.0,-0.011365514182920436,-0.011365514182924065,JPY
2024-06-17,6,11,0,0,0.0,0.042128062989524345,0.3762582849205189,-0.0,-0.010717245629970484,-0.010717245629968286,JPY
2024-06-18,6,13,0,0,0.09621767699954169,0.10805873915962408,0.693448017775107,-0.0,0.09621767699954714,0.09621767699954382,JPY
2024-06-19,6,13,0,0,0.022693542128685792,0.0469656948155717,0.6639579978658174,-0.0,0.022693542128689587,0.02269354212869112,JPY
2024-06-20,6,14,1,0,0.06844558255615053,0.09178476751726947,0.70230279929513,-0.0,0.06844558255614763,0.06844558255615425,GBP
2024-06-21,6,15,0,0,0.11573655917747597,0.11870921627807757,0.7658744090161602,-0.03696269325647258,0.1526992524339484,0.1157365591774733,GBP
2024-06-22,1,15,0,0,0.003276917312609498,0.003276917312609498,0.8256379590765365,-0.0,0.0032769173126220687,0.003276917312618543,CAD
2024-06-24,6,15,0,0,0.04239331548047475,0.04239331548047475,0.8434135334060431,-0.0,0.04239331548046564,0.0423933154804705,CAD
2024-06-25,6,15,2,2,0.06813210335245971,0.08961464620383976,0.9432571630693967,-0.0,0.06813210335245659,0.06813210335244747,CAD
2024-06-26,6,14,0,0,0.048677649101945136,0.06913388085249814,0.9057016521645093,-0.0,0.04867764910195092,0.04867764910194567,GBP
2024-06-27,6,14,1,1,0.06446840559325755,0.06446840559325755,0.8848039395357252,0.07488155861311113,-0.010413153019851584,0.06446840559325755,GBP
2024-06-28,6,14,1,0,0.0020892456846498724,0.12281738763049149,0.8127744515833025,-0.16296042998954788,0.16504967567417722,0.002089245684639769,GBP
2024-06-29,1,13,0,0,0.0,0.0,0.7997203569922395,-0.0,-0.01005165114191429,-0.01005165114191828,GBP
2024-07-01,6,13,0,0,0.0,0.023285105833656134,0.8096906208576282,-0.0,-0.049150707787458434,-0.049150707787467815,GBP
2024-07-02,6,13,0,0,0.09336643550326254,0.13911912243518573,1.133158728246738,-0.0,0.09336643550326282,0.09336643550326042,GBP
2024-07-03,6,13,0,0,0.0,0.051092230055024605,1.0464970190044431,-0.0,-0.026890258099359226,-0.026890258099345962,GBP
2024-07-04,6,13,0,0,0.10294975461030971,0.10294975461030971,1.1141432634185313,-0.0,0.10294975461029314,0.10294975461030759,GBP
2024-07-05,6,13,2,0,0.05321069260841119,0.0631158532106487,1.0639951914531307,-0.0,0.05321069260840827,0.053210692608403234,GBP
2024-07-06,1,11,0,0,0.0,0.0,0.9860431176304252,-0.0,-0.03195696995334065,-0.03195696995335383,CAD
2024-07-08,6,11,0,0,0.06512622877157535,0.06512622877157535,1.0176748695314952,-0.0,0.06512622877157713,0.0651262287715796,CAD
2024-07-09,6,11,0,0,0.042212994248546326,0.05497444188593264,0.9957022439209,-0.0,0.04221299424855043,0.04221299424854473,CAD
2024-07-10,6,11,0,0,0.0,0.0023096651735828575,0.9538919160119973,-0.0,-0.002152085451151575,-0.0021520854511492566,CAD
2024-07-11,6,12,4,0,0.1271759207072452,0.23473324569265158,1.1085751578863259,-0.0,0.12717592070724393,0.12717592070724837,EUR
2024-07-12,6,9,0,0,0.04225123429023819,0.04225123429023819,0.8292556662552226,-0.0,0.042251234290241205,0.04225123429023873,CAD
2024-07-13,1,9,0,0,0.0,0.0,0.7908188847688948,-0.0,-0.008714492467399235,-0.00871449246739659,CAD
2024-07-15,6,9,0,0,0.0,0.011763025860359507,0.8181008376020393,-0.0,-0.011145300368581872,-0.011145300368579358,CAD
2024-07-16,6,10,1,0,0.029956686193695087,0.07730869099535437,0.9570198843335747,-0.08890753528484767,0.11886422147855236,0.029956686193692975,CAD
2024-07-17,6,9,1,1,0.0,0.0,0.9360858110520953,-0.0,-0.010236544708353138,-0.01023654470834217,CAD
2024-07-18,6,8,1,0,0.05638886797258297,0.05638886797258297,0.9804796887363971,-0.0,0.05638886797258264,0.056388867972587194,CAD
2024-07-19,6,9,0,0,0.041444379856894385,0.041444379856894385,0.9102355639219586,-0.14009354533169668,0.18153792518858625,0.04144437985688646,CAD
2024-07-20,1,9,0,0,0.0,0.0,0.9216488165451725,-0.0,-0.005164913916360495,-0.005164913916359439,EUR
2024-07-22,6,10,0,0,0.024618711514743236,0.024618711514743236,1.010317820312692,-0.0,0.02461871151473163,0.024618711514734798,EUR
2024-07-23,6,10,1,1,0.08743979437103155,0.10638354244453395,0.9957732567128641,-0.0,0.08743979437103544,0.08743979437102786,EUR
2024-07-24,6,10,1,1,0.15315859386525277,0.16200782311301093,1.1014314318081957,0.07425960551604571,0.07889898834919445,0.1531585938652417,CAD
2024-07-25,6,10,1,1,0.0403793094761847,0.0403793094761847,1.1267000819318345,-0.0,0.040379309476187335,0.040379309476181,CAD
2024-07-26,6,9,1,0,0.004270190875641986,0.03307140793365925,1.1630462454283441,-0.0,0.0042701908756369025,0.004270190875641459,CAD
2024-07-27,1,8,0,0,0.0,0.0,1.005929780241233,-0.0,-0.0020929821015746044,-0.0020929821015867444,CAD
2024-07-29,6,8,0,0,0.034398683032983046,0.03580329550235841,1.0379277397388924,-0.0,0.034398683032975004,0.03439868303298199,CAD
2024-07-30,6,8,2,0,0.06711161227398096,0.07315799637173187,1.025782906947475,-0.0,0.06711161227399409,0.06711161227398149,CAD
2024-07-31,6,7,1,0,0.08856781094695389,0.08856781094695389,0.7462692969107613,-0.0,0.08856781094695489,0.08856781094695496,CAD
2024-08-01,6,7,0,0,0.04290002172249452,0.06393416480978241,0.6607906159683679,-0.0,0.04290002172249204,0.04290002172249452,CAD
2024-08-02,6,7,0,0,0.026324406507544442,0.026324406507544442,0.647577682429802,-0.0,0.026324406507536945,0.026324406507540747,CAD
2024-08-03,1,7,0,0,0.0037955817273484325,0.0037955817273484325,0.8552418809193236,-0.0,0.0037955817273451413,0.0037955817273452735,CAD
2024-08-05,6,7,3,0,0.15022602704959165,0.15022602704959165,0.860231461523297,-0.14827522514712965,0.2985012521967202,0.15022602704958798,CAD
2024-08-06,6,5,1,0,0.12650999378108618,0.16159032666552392,0.4782552826033788,-0.2869217267090289,0.41343172049009624,0.1265099937810767,CAD
2024-08-07,6,4,0,0,0.0293564228709833,0.18040216370359755,0.40019141271475733,-0.0,0.029356422870982307,0.02935642287098594,CAD
2024-08-08,6,4,0,0,0.007042592866264307,0.01501904801377659,0.38912930546116403,-0.0,0.007042592866264241,0.007042592866261667,CAD
2024-08-09,6,4,0,0,0.021275922656044482,0.0719588428851386,0.5529784823916419,-0.0,0.021275922656055747,0.021275922656050807,CAD
2024-08-10,1,4,0,0,0.0071651568630302885,0.0071651568630302885,0.5318157084343966,-0.0,0.007165156863027192,0.007165156863021326,CAD
2024-08-12,6,4,0,0,0.015575100512702856,0.015575100512702856,0.5246881463000905,-0.0,0.01557510051269053,0.015575100512707076,CAD
2024-08-13,6,4,1,1,1.813565459178535e-06,0.0217316642282293,0.6225083089471231,-0.0,1.813565463853778e-06,1.813565457071383e-06,CAD
2024-08-14,6,3,0,0,0.20009576429136353,0.20537200296357358,0.7980135719362664,0.0740078851595383,0.12608787913182268,0.20009576429135142,CAD
2024-08-15,6,3,0,0,0.001647832684917477,0.016564054117277845,0.5991166146139111,-0.0,0.00164783268491886,0.0016478326849285424,CAD
2024-08-16,6,3,0,0,0.0050255449964975675,0.01009081686952107,0.6721106669447501,-0.0,0.0050255449965076705,0.005025544996501779,CAD
2024-08-17,1,3,0,0,0.006819506722595524,0.006819506722595524,0.8578008464905864,-0.0,0.0068195067226005405,0.0068195067226013055,CAD
2024-08-19,6,5,0,0,0.0,0.0,0.8510393764554803,-0.0,-0.01188302761458383,-0.011883027614585494,CAD
2024-08-20,6,7,0,0,0.0,0.010040915934749655,0.8105191135326326,-0.0,-0.009890392400019567,-0.009890392400012599,JPY
2024-08-21,6,8,0,0,0.0,0.0042170634491837415,0.7463284865702565,-0.0,-0.0026947990763716307,-0.0026947990763816305,JPY
2024-08-22,6,8,1,0,6.28529876755545e-05,0.01042891244518257,0.817986425954664,-0.0,6.285298767725811e-05,6.285298767136103e-05,JPY
2024-08-23,6,7,0,0,0.0987517641712822,0.11147362430186435,0.6541619502651654,-0.0,0.09875176417128455,0.09875176417128376,JPY
2024-08-24,1,7,0,0,0.0,0.0,0.45943743182544455,-0.0,-0.01758463846975137,-0.017584638469761982,JPY
2024-08-26,6,9,1,0,0.0,0.0036934440941496526,0.40803993667111227,-0.021210315495886867,-0.044128245692161526,-0.06533856118804308,JPY
2024-08-27,6,8,1,1,0.042565253623713085,0.07198465812335339,0.550062802233695,-0.0,0.0425652536237194,0.042565253623713085,JPY
2024-08-28,6,7,0,0,0.04711719781737957,0.07476382611026625,0.539856499297189,-0.0,0.047117197817367035,0.047117197817368575,JPY
2024-08-29,6,11,2,0,0.015223137160782985,0.04657393299451789,0.6059141230218528,-0.0,0.015223137160777157,0.015223137160775651,JPY
2024-08-30,6,10,0,0,0.009570907482002174,0.07340181751405415,0.5716878902442473,-0.0,0.009570907481994842,0.009570907481995364,CHF
2024-08-31,1,10,0,0,0.017315134483079173,0.017315134483079173,0.6380808076535405,-0.0,0.017315134483092586,0.01731513448307865,JPY
2024-09-02,6,11,1,0,0.014877090418490122,0.05946641631448323,0.5740083850334966,-0.0,0.014877090418483903,0.014877090418495876,EUR
2024-09-03,6,10,2,0,0.34303221041346305,0.34303221041346305,0.5839353288934259,-0.038067637427403815,0.3810998478408689,0.34303221041346776,EUR
2024-09-04,6,9,3,0,0.1268810460521901,0.1268810460521901,0.2907991235153093,-0.16663410635151596,0.2935151524036984,0.12688104605217967,AUD
2024-09-05,6,8,1,1,0.029995413778243576,0.029995413778243576,0.24446316778874155,0.0737847013896105,-0.04378928761137663,0.029995413778245147,AUD
2024-09-06,6,9,0,0,0.3438068231259204,0.34448687722456034,0.5358173130004675,-0.0,0.3438068231259212,0.34380682312592414,JPY
2024-09-07,1,9,0,0,0.024153252881657147,0.024153252881657147,0.23289672545434575,-0.0,0.024153252881661157,0.024153252881652938,JPY
2024-09-09,6,10,0,0,0.0,0.10445833828891395,0.2775486266845296,-0.0,-0.03412510018624673,-0.034125100186236414,CHF
2024-09-10,6,12,0,0,0.1563924613555081,0.22933832909016677,0.3958571793600972,-0.0,0.15639246135550633,0.1563924613555039,EUR
2024-09-11,6,13,0,0,0.1711849574836463,0.1711849574836463,0.6386930992414206,-0.0,0.17118495748363982,0.17118495748363838,EUR
2024-09-12,6,15,0,0,0.0,0.04927372044746234,0.7157101771953954,-0.0,-0.032556692207356866,-0.03255669220735482,EUR
2024-09-13,6,15,0,0,0.298898359169356,0.298898359169356,1.2280502672323559,-0.0,0.2988983591693616,0.2988983591693549,CHF
2024-09-14,1,15,0,0,0.008578357277946435,0.008578357277946435,0.9512939840381783,-0.0,0.008578357277950697,0.008578357277950631,CHF
2024-09-16,6,15,0,0,0.0,0.008638015423713707,0.9503224878091955,-0.0,-0.055483454521351935,-0.0554834545213445,CHF
2024-09-17,6,16,0,0,0.06360546189135624,0.06516048943623981,1.2006946900946125,-0.0,0.06360546189135859,0.0636054618913552,CHF
2024-09-18,6,18,2,0,0.07870593236394956,0.08366576552298456,1.3982186414198188,-0.0,0.07870593236394936,0.07870593236394643,CHF
2024-09-19,6,17,0,0,0.0,0.0537380630552725,1.3101267778358456,-0.14632418330869582,0.067454031169954,-0.07887015213874066,CHF
2024-09-20,6,17,1,1,0.01514546281870064,0.05968352747688406,1.3975978293145326,-0.0,0.01514546281869973,0.015145462818707397,EUR
2024-09-21,1,16,0,0,0.0,0.0,1.6188865199790001,-0.0,-0.011030770450861689,-0.011030770450866225,JPY
2024-09-23,6,16,2,0,0.20006232229083717,0.2557450513861086,1.6297375178253213,-0.0,0.20006232229084447,0.2000623222908455,JPY
2024-09-24,6,14,0,0,0.0271457510807643,0.1652583414001319,1.3505773909514982,-0.0,0.02714575108077339,0.027145751080768457,GBP
2024-09-25,6,14,3,0,0.0241652293804942,0.033239172612577146,1.2751865504521187,-0.0,0.024165229380486597,0.024165229380490563,GBP
2024-09-26,6,12,0,0,0.06594795972369193,0.1295497912883284,1.171860337755902,-0.08052331313647626,0.14647127286017345,0.06594795972368932,JPY
2024-09-27,6,12,4,0,0.23017995370126876,0.32401068293493046,1.1555980165175994,-0.1261002156377584,0.35628016933900913,0.23017995370126096,NZD
2024-09-28,1,8,0,0,0.0,0.0,0.44633797620758175,-0.0781946411395605,0.06670440544380422,-0.011490235695766694,NZD
2024-09-30,6,8,0,0,0.06691653287207305,0.07015788017234585,0.5379687965657477,-0.0,0.06691653287207422,0.06691653287208502,NZD
2024-10-01,6,8,0,0,0.0,0.13042443283222976,0.5473371114275118,-0.0,-0.013769477155734853,-0.013769477155742074,NZD
2024-10-02,6,9,0,0,0.022790299021489466,0.06393430648523737,0.5827725593342976,-0.0,0.022790299021478753,0.022790299021481143,NZD
2024-10-03,6,9,1,0,0.055652029095687734,0.10172064574724161,0.6116478621747276,-0.0840214253113467,0.13967345440703288,0.05565202909568617,NZD
2024-10-04,6,8,1,1,0.0,0.0,0.6139194967384177,-0.0,-0.0030468127796657346,-0.0030468127796561286,NZD
2024-10-05,1,7,0,0,0.0,0.0,0.7559581336940885,-0.0,-0.004036244164269395,-0.0040362441642717295,NZD
2024-10-07,6,7,2,0,0.030845908525276862,0.05583253053424216,0.7599637038677123,-0.0,0.03084590852527388,0.030845908525272716,NZD
2024-10-08,6,7,1,0,0.024103055085000213,0.04538950308598524,0.7505482352041319,-0.0,0.02410305508500407,0.024103055085007468,NZD
2024-10-09,6,6,0,0,0.0,0.0,0.6280714745857644,-0.0,-0.014232021345336163,-0.01423202134534928,CAD
2024-10-10,6,6,0,0,0.04117660703689191,0.05566492006576368,0.6001633126923924,-0.0,0.041176607036896816,0.04117660703689966,CAD
2024-10-11,6,6,2,0,0.0,0.025321344963024347,0.5850800236201755,-0.0,-0.004309473632783626,-0.0043094736327719835,CAD
2024-10-12,1,4,0,0,0.0,0.0,0.3531020022758367,-0.0,-0.007302429625322054,-0.007302429625322184,CAD
2024-10-14,6,5,0,0,0.0,0.0012515595416518577,0.36339228877790597,-0.0,-0.018238000709693857,-0.018238000709695182,EUR
2024-10-15,6,7,0,0,0.015678600500248382,0.04309673646191443,0.4812193909251765,-0.0,0.015678600500260917,0.015678600500247348,EUR
2024-10-16,6,10,1,0,0.10672461250592132,0.10672461250592132,0.5636877769731693,-0.0353652751564423,0.1420898876623677,0.1067246125059301,JPY
2024-10-17,6,10,0,0,0.0,0.0,0.4904082111515568,-0.0,-0.0028187276185304565,-0.002818727618528548,JPY
2024-10-18,6,11,0,0,0.0481962291313903,0.10934798225069242,0.6358289712787202,-0.0,0.048196229131396734,0.04819622913139289,JPY
2024-10-19,1,11,0,0,0.0,0.0,0.6274485399253874,-0.0,-0.012447802486308406,-0.012447802486322395,JPY
2024-10-21,6,12,0,0,0.04708221472450101,0.06015980145180519,0.7173379861072593,-0.0,0.04708221472448797,0.04708221472450153,JPY
2024-10-22,6,13,0,0,0.015366420862430466,0.10889281350295298,0.7142933050009231,-0.0,0.015366420862452917,0.015366420862438735,JPY
2024-10-23,6,14,3,3,0.0,0.03025458160294621,0.691654438136597,-0.0,-0.005829212643909559,-0.005829212643910463,EUR
2024-10-24,6,15,0,0,0.06497013523586438,0.06497013523586438,0.8583516188532456,0.14539955271788832,-0.08042941748203214,0.06497013523585457,EUR
2024-10-25,6,15,2,0,0.03158511757544579,0.04708559561630218,0.9524537542284516,-0.08619869094745586,0.1177838085229094,0.03158511757545353,EUR
2024-10-26,1,11,0,0,0.008505760599784968,0.008505760599784968,0.9064195611462181,-0.04077634189419435,0.049282102493975896,0.008505760599784968,EUR
2024-10-27,1,13,0,0,0.0,0.0,0.8979901814414761,-0.0,-0.058896738836840906,-0.05889673883684439,EUR
2024-10-28,6,13,0,0,0.0,0.06824692671634205,0.9196485328288693,-0.0,-0.013213052244886612,-0.013213052244873336,EUR
2024-10-29,6,15,0,0,0.05952319964458644,0.05952319964458644,0.9059647347385027,-0.0,0.05952319964460422,0.0595231996445916,EUR
2024-10-30,6,16,1,0,0.021875700026448796,0.05481651397003437,0.9865137416296577,-0.0,0.02187570002643244,0.021875700026445705,EUR
2024-10-31,6,15,2,1,0.06012468177521202,0.06012468177521202,0.9610887117688314,-0.0,0.060124681775213816,0.06012468177520688,EUR
2024-11-01,6,14,2,0,0.040952602603273464,0.040952602603273464,0.9897913188457933,-0.0,0.040952602603268065,0.040952602603267295,EUR
2024-11-04,6,12,0,0,0.10167952314552732,0.12715518411667814,0.898427184070858,-0.0,0.10167952314552371,0.10167952314553091,CHF
2024-11-05,6,12,3,0,0.0,0.009034233110658601,0.8167563026197604,-0.0,-0.006088930577860949,-0.006088930577872005,CHF
2024-11-06,6,12,4,1,0.106082759726021,0.106082759726021,0.538628946206627,-0.14010003168827712,0.24618279141429303,0.10608275972602717,CHF
2024-11-07,6,10,0,0,0.0,0.014530913931266515,0.5598442410591051,-0.0,-0.008074432971096314,-0.008074432971105166,CHF
2024-11-08,6,11,2,0,0.10307654670978661,0.10307654670978661,0.5156542356154281,-0.0,0.10307654670979095,0.10307654670979277,NZD
2024-11-11,6,9,2,2,0.05857154868879576,0.08153988986946095,0.4404472644148539,0.1445108807430836,-0.08593933205427741,0.05857154868880142,GBP
2024-11-12,6,8,0,0,0.0804470342479211,0.0963450131883922,0.4467633986684423,-0.0,0.08044703424792862,0.08044703424792368,GBP
2024-11-13,6,10,0,0,0.021112386864898837,0.029559607341991194,0.38911492416808297,-0.0,0.021112386864887173,0.021112386864895236,GBP
2024-11-14,6,10,0,0,0.0,0.03977115461827901,0.5110585577888849,-0.0,-0.011108148017100215,-0.011108148017113498,GBP
2024-11-15,6,10,3,0,0.2520610149124341,0.2520610149124341,0.6164411585118081,-0.1813972886330772,0.43345830354550774,0.25206101491243105,GBP
2024-11-18,6,14,0,0,0.0,0.06747135669206622,0.31298200125860565,-0.0,-0.02533715962987606,-0.025337159629889867,GBP
2024-11-19,6,14,1,0,0.44417975437802404,0.44417975437802404,0.6784392169513966,-0.0,0.44417975437802787,0.4441797543780307,JPY
2024-11-20,6,13,0,0,0.0,0.17646249006870485,0.5510711434458231,-0.0,-0.04596742945973357,-0.04596742945973621,GBP
2024-11-21,6,13,1,1,0.32831335737501605,0.32831335737501605,0.644090861917076,0.07229907520313582,0.2560142821718876,0.3283133573750135,GBP
2024-11-22,6,13,1,1,0.19719067482633132,0.24651236104148666,0.5385904517730079,0.07253722460056859,0.12465345022575378,0.19719067482632668,GBP
2024-11-25,6,12,2,0,0.004050386918828814,0.059173402079938243,0.47288513454758996,-0.0,0.004050386918825591,0.004050386918824688,GBP
2024-11-26,6,12,2,1,0.09675907583319769,0.09675907583319769,0.4788049959457345,0.07254617788736539,0.024212897945830685,0.09675907583319873,GBP
2024-11-27,6,10,1,1,0.2359362062697718,0.2359362062697718,0.5591902514928004,0.07255240737469904,0.1633837988950788,0.23593620626977233,GBP
2024-11-28,6,11,0,0,0.05028318422366605,0.05028318422366605,0.6111042453897473,-0.0,0.050283184223646374,0.05028318422365988,GBP
2024-11-29,6,11,0,0,0.23712957152955577,0.23712957152955577,0.6868636122628923,-0.0,0.2371295715295687,0.2371295715295609,GBP
2024-12-02,6,11,0,0,0.007049875096873241,0.1598254364981921,0.6317702244247996,-0.0,0.007049875096856803,0.007049875096867052,GBP
2024-12-03,6,11,0,0,0.06116472243370365,0.1437875459868697,0.6348288371943276,-0.0,0.06116472243371835,0.061164722433712924,GBP
2024-12-04,6,12,0,0,0.0,0.10188535533827542,0.7313879016067613,-0.0,-0.14571140323921258,-0.14571140323922643,GBP
2024-12-05,6,12,1,1,0.06832164913829965,0.13094964241537013,0.920687152807822,-0.0,0.06832164913828269,0.0683216491382976,CHF
2024-12-06,6,11,0,0,0.0,0.10261269495790758,0.7895841056985788,-0.0,-0.06284923266145925,-0.06284923266146308,EUR
2024-12-09,6,12,2,0,0.1395831535398838,0.1395831535398838,0.8317600643503391,-0.1431899897411622,0.2827731432810503,0.13958315353988843,CHF
2024-12-10,6,11,0,0,0.0050638599463210315,0.03260482837771063,0.7173653694669975,-0.0,0.005063859946323594,0.005063859946318976,EUR
2024-12-11,6,12,1,1,0.05948197238870748,0.08878135127589351,0.9130440503832166,0.07226330745508983,-0.012781335066376501,0.059481972388711585,EUR
2024-12-12,6,12,1,0,0.04751316226103799,0.04751316226103799,0.8625832332488466,-0.0,0.04751316226102241,0.04751316226103644,EUR
2024-12-13,6,12,1,0,0.0,0.0016015879722444538,0.8724448974222612,-0.0,-0.01644553088269444,-0.016445530882699278,EUR
2024-12-16,6,11,1,0,0.09422721959356117,0.12623046654906328,0.9797304455932663,-0.1707054996442779,0.264932719237832,0.09422721959355351,EUR
2024-12-17,6,10,1,0,0.20810678271173164,0.21834315112594527,0.9087686283554028,-0.024297532322638166,0.23240431503436051,0.20810678271172856,EUR
2024-12-18,6,9,1,1,0.1816779877521483,0.24176296791016558,0.8037205571588738,-0.0,0.18167798775215124,0.1816779877521478,EUR
2024-12-19,6,8,1,1,0.0,0.005550592066591187,0.630973246167658,0.0722765522862843,-0.10345653246010379,-0.03117998017380938,EUR
2024-12-20,6,8,2,0,0.09049143880073461,0.09428921222576164,0.6911748409955878,-0.04373910688295258,0.13423054568368586,0.09049143880073257,EUR
2024-12-23,6,6,0,0,0.021374947437457947,0.06390867523457537,0.5036523477425973,-0.0,0.021374947437452958,0.02137494743744923,EUR
2024-12-24,6,6,0,0,0.03580527897071821,0.0363802310385459,0.6046682722647092,-0.0,0.03580527897072282,0.03580527897072333,EUR
2024-12-25,3,5,0,0,0.016645825872949327,0.01925303343810837,0.6304976529388184,-0.0,0.016645825872938745,0.016645825872949327,EUR
2024-12-26,6,6,0,0,0.01023482470485572,0.01023482470485572,0.6139540247837746,-0.0,0.010234824704845814,0.010234824704850086,EUR
2024-12-27,6,6,0,0,0.015302000594587082,0.029039658842663435,0.6834083179025315,-0.0,0.015302000594581006,0.01530200059458862,EUR
2024-12-30,6,6,0,0,0.010992336670774105,0.0297117192701352,0.6607551111874209,-0.0,0.010992336670780726,0.01099233667077871,EUR
2024-12-31,6,7,0,0,0.04393168054479256,0.08949552702203649,0.5919550900011855,-0.0,0.04393168054478061,0.04393168054478438,EUR
2025-01-02,6,10,4,1,0.08893563053653443,0.10938306568578876,0.5625483775390371,-0.10099177340998058,0.18992740394651594,0.08893563053654006,EUR
2025-01-03,6,6,0,0,0.027375175514010197,0.027375175514010197,0.39789380662220614,-0.0,0.02737517551399715,0.027375175513999955,EUR
2025-01-06,6,8,0,0,0.01891527687682928,0.06619471995505581,0.44513176191409104,-0.0,0.018915276876816947,0.018915276876827234,EUR
2025-01-07,6,9,0,0,0.0788712221965007,0.09826619774163989,0.5521196532873116,-0.0,0.07887122219651667,0.07887122219650838,EUR
2025-01-08,6,10,2,0,0.027912784496875984,0.04853271691249483,0.4964068913063628,-0.0,0.02791278449686523,0.027912784496877525,EUR
2025-01-09,6,9,1,0,0.023860889386152828,0.024583434096132315,0.4433694550211871,-0.0,0.02386088938617273,0.02386088938616357,EUR
2025-01-10,6,8,0,0,0.07545359229099875,0.10467246846644544,0.5670028792891206,-0.0,0.07545359229099881,0.0754535922909962,EUR
2025-01-13,6,8,1,1,0.08841981977192574,0.08841981977192574,0.6272859630121889,0.07195660118151193,0.01646321859041292,0.08841981977192881,EUR
2025-01-14,6,13,0,0,0.0,0.01398672412825801,0.5483182772322279,-0.0,-0.031337825622422905,-0.03133782562241491,EUR
2025-01-15,6,14,2,0,0.24820385453128896,0.24820385453128896,0.877388391689689,-0.0,0.2482038545312946,0.2482038545312844,EUR
2025-01-16,6,13,1,1,0.20379784822678082,0.20379784822678082,0.630867934347649,-0.1508209250591252,0.35461877328590535,0.20379784822678848,JPY
2025-01-17,6,12,0,0,0.0,0.016016182117333192,0.45634803620144143,-0.0,-0.006879985494163069,-0.00687998549416571,JPY
2025-01-20,6,14,0,0,0.01946683492228919,0.04154859840126879,0.6467391482967705,-0.0,0.019466834922288203,0.019466834922282027,JPY
2025-01-21,6,14,1,0,0.20019390175300134,0.20019390175300134,0.7743941396398385,-0.027832780737876282,0.22802668249088187,0.20019390175300641,JPY
2025-01-22,6,15,1,0,0.0002269943143135566,0.05559314816685945,0.7231097915664357,-0.0,0.0002269943143307137,0.00022699431431661812,JPY
2025-01-23,6,14,0,0,0.096950847229958,0.128897762773478,0.9780287784439519,-0.0,0.0969508472299797,0.09695084722996665,JPY
2025-01-24,6,14,1,0,0.02292450052389307,0.09007442276595606,0.9162164925065174,-0.0,0.0229245005239018,0.022924500523894602,JPY
2025-01-27,6,13,3,2,0.5914219495897016,0.5914219495897016,0.9768961197408653,0.030749627617198533,0.5606723219725012,0.5914219495896961,JPY
2025-01-28,6,12,0,0,0.013374365689710937,0.08668549295198348,0.4801203233096265,-0.0,0.013374365689726688,0.013374365689720644,JPY
2025-01-29,6,13,1,1,0.15533097888004277,0.15533097888004277,0.5485231905115071,-0.0,0.15533097888004985,0.15533097888004277,JPY
2025-01-30,6,12,4,4,0.17782294576309535,0.17782294576309535,0.5680326201003479,0.2159279507717811,-0.03810500500867651,0.17782294576309177,CHF
2025-01-31,6,10,1,0,0.00984771749859779,0.1214310789588006,0.39804274018243535,0.08797618035735946,-0.07812846285877369,0.009847717498590617,CHF
2025-02-03,6,14,2,2,0.2590128026140129,0.2590128026140129,0.6158025908377533,-0.0,0.2590128026140205,0.2590128026140211,CHF
2025-02-04,6,12,1,0,0.12735489828033097,0.12735489828033097,0.8122311609441204,-0.0,0.1273548982803335,0.12735489828032998,CHF
2025-02-05,6,11,1,0,0.05512669509655049,0.05512669509655049,0.7985073624272062,-0.0,0.05512669509656578,0.05512669509656022,CHF
2025-02-06,6,12,0,0,0.07073622070438274,0.07073622070438274,0.6947434387764385,-0.0,0.07073622070437884,0.07073622070437711,CHF
2025-02-07,6,12,0,0,0.0,0.03208842632150944,0.8232479976061224,-0.0,-0.002835266936502088,-0.0028352669365071343,CHF
2025-02-10,6,12,0,0,0.012859400728989296,0.015821425960218044,0.8119385313385142,-0.0,0.012859400729003332,0.012859400728996441,CHF
2025-02-11,6,13,0,0,0.034716210425343216,0.034716210425343216,0.7927207175170398,-0.0,0.03471621042533856,0.034716210425335056,CHF
2025-02-12,6,16,0,0,0.0878008744085143,0.0878008744085143,0.896635432269976,-0.0,0.08780087440851951,0.08780087440852144,CHF
2025-02-13,6,17,2,0,0.1771111053920106,0.2269572589024364,0.9289030175038573,-0.06345252975499362,0.24056363514699422,0.1771111053920106,CHF
2025-02-14,6,15,2,0,0.03896268626866372,0.03896268626866372,0.7538394509296894,-0.0,0.03896268626867568,0.03896268626866321,CHF
2025-02-17,6,13,1,0,0.0,0.00649037205857143,0.7181395125089743,-0.0,-0.011587512219169621,-0.011587512219165928,CHF
2025-02-18,6,13,0,0,0.08109426472344274,0.08109426472344274,0.7259838056223878,-0.05595136294763149,0.13704562767106565,0.08109426472343154,CHF
2025-02-19,6,14,0,0,0.009866399345305405,0.05519372967791378,0.7319396208271023,-0.0,0.009866399345305215,0.009866399345306424,CHF
2025-02-20,6,14,0,0,0.04459035712956565,0.04459035712956565,0.795322344876123,-0.0,0.04459035712957417,0.044590357129569214,CHF
2025-02-21,6,15,2,0,0.0914249305483584,0.11441806100797533,0.7570554503396925,-0.09221305557892825,0.1836379861272803,0.09142493054835737,CHF
2025-02-24,6,14,1,1,0.010098915576112942,0.06956271696845148,0.6370949440771428,-0.0,0.01009891557610804,0.010098915576110904,CHF
2025-02-25,6,13,3,1,0.03862387780456474,0.04626626893355756,0.6270593546958728,0.07170588031401212,-0.03308200250944547,0.038623877804561696,CHF
2025-02-26,6,12,1,1,0.050887276503133655,0.050887276503133655,0.6613069960828517,-0.0,0.050887276503131545,0.05088727650313722,CHF
2025-02-27,6,11,3,1,0.03352032326873089,0.09572134226849519,0.612733215294082,-0.0655573683554873,0.09907769162420536,0.03352032326872172,CHF
2025-02-28,6,10,4,1,0.028900568345498385,0.04659220995537735,0.4214814734453966,0.07173668002427593,-0.042836111678763555,0.02890056834550144,CAD
2025-03-03,6,9,0,0,0.0,0.04185379239877489,0.3519198640793215,-0.0,-0.048210110818170664,-0.04821011081817952,EUR
2025-03-04,6,9,3,0,0.033583925063199384,0.033583925063199384,0.5118933066193699,-0.0,0.03358392506319404,0.033583925063197344,EUR
2025-03-05,6,6,0,0,0.02573797447583011,0.02573797447583011,0.589816784923385,-0.055562211294174935,0.08130018577000048,0.02573797447582859,USD
2025-03-06,6,7,0,0,0.057030420683537836,0.08925544448912869,0.7392940403635174,-0.0,0.057030420683538606,0.05703042068354443,EUR
2025-03-07,6,7,2,1,0.0005718528793579447,0.037196375159665944,0.710244655651997,-0.0,0.0005718528793627593,0.000571852879359972,EUR
2025-03-09,1,5,0,0,0.0,0.0,0.6886215317878099,-0.0,-0.004706693363383545,-0.004706693363386459,EUR
2025-03-10,6,5,0,0,0.026122358213025793,0.030641675451553402,0.6932955938534978,-0.0,0.026122358213021744,0.026122358213025793,EUR
2025-03-11,6,5,1,0,0.0,0.03048991141445416,0.6445815496754391,-0.0792948006372133,0.058541159685125625,-0.020753640952091094,EUR
2025-03-12,6,4,1,0,0.05636779472494038,0.07959641664275384,0.7299229046714177,-0.0,0.05636779472494431,0.05636779472494494,EUR
2025-03-13,6,3,2,0,0.032025399303526034,0.032025399303526034,0.2780598775866367,-0.591262600369714,0.6232879996732339,0.03202539930352705,EUR
2025-03-14,6,1,0,0,0.0,0.002007682666406596,0.06382885089330005,-0.0,-0.0036412431717648716,-0.003641243171754549,EUR
2025-03-16,1,1,0,0,0.0,0.0,0.0819733266873062,-0.0,-0.001673061610892672,-0.0016730616108929883,EUR
2025-03-17,6,1,0,0,0.001365195433924791,0.001365195433924791,0.08364498886599293,-0.0,0.0013651954339277668,0.0013651954339278301,EUR
2025-03-18,6,1,0,0,0.0,0.01035639202148308,0.09807913642254171,-0.0,-0.0022080853472124834,-0.002208085347210046,EUR
2025-03-19,6,2,0,0,0.040550862284255855,0.050933752492961844,0.1455231854389674,-0.0,0.040550862284241616,0.040550862284248264,NZD
2025-03-20,6,3,1,0,0.0,0.00992884138975455,0.10501490760527246,-0.0,-0.03082761899932366,-0.030827618999325797,NZD
2025-03-21,6,2,0,0,0.009452519604573028,0.009452519604573028,0.0504893395380962,-0.0,0.009452519604573955,0.009452519604584672,EUR
2025-03-23,1,2,0,0,0.0,0.0,0.05469956386734712,-0.0,-0.0017403480529195254,-0.001740348052922278,EUR
2025-03-24,6,2,0,0,0.016434362750495177,0.035029908139307515,0.08195654106653288,-0.0,0.016434362750491753,0.01643436275050176,EUR
2025-03-25,6,4,0,0,0.06251557159845322,0.06267442130822685,0.1414699244113895,-0.0,0.06251557159846019,0.06251557159844817,CAD
2025-03-26,6,6,1,0,0.04990665503886241,0.07915468195989603,0.1332697280121865,-0.037342830181516795,0.0872494852203827,0.049906655038863414,EUR
2025-03-27,6,8,0,0,0.025949435529391385,0.025949435529391385,0.15316657035527606,-0.0,0.025949435529394268,0.025949435529386826,EUR
2025-03-28,6,10,0,0,0.07576985407114542,0.07576985407114542,0.30601611712837745,-0.0,0.07576985407115089,0.07576985407115454,EUR
2025-03-31,6,13,1,1,0.10686464602769237,0.10686464602769237,0.5004095317387985,-0.0,0.10686464602768705,0.10686464602770097,EUR
2025-04-01,6,17,2,0,0.20624931174072397,0.20624931174072397,0.5790981380081033,-0.0,0.20624931174071875,0.206249311740727,EUR
2025-04-02,6,16,0,0,0.0,0.05493488338160913,0.4527641361858985,-0.04297188699610161,-0.05917865970683558,-0.10215054670293323,EUR
2025-04-03,6,17,11,2,0.28462999175819326,0.28462999175819326,0.7627487879733935,-0.0,0.2846299917582085,0.2846299917581998,EUR
2025-04-04,6,7,1,1,0.24540291801008482,0.2736810819117695,0.7412620927186383,-0.17338185357477895,0.41878477158485816,0.24540291801007874,NZD
2025-04-05,1,6,0,0,0.0,0.0,0.4970790211312255,-0.0,-0.01706061136289175,-0.017060611362886727,NZD
2025-04-07,6,7,0,0,0.11753324190733967,0.11753324190733967,0.6104059973596635,-0.0,0.1175332419073374,0.11753324190734069,EUR
2025-04-08,6,7,0,0,0.0447872591321056,0.11698644544872919,0.7244314448644903,-0.0,0.0447872591320916,0.044787259132099036,EUR
2025-04-09,6,7,3,0,0.04725060922742008,0.04725060922742008,0.6900111703945858,-0.0,0.04725060922741693,0.04725060922742008,EUR
2025-04-10,6,7,0,0,0.03549845850616116,0.048704759989028776,0.42459187200293924,-0.4598043952411524,0.49530285374731076,0.03549845850616066,JPY
2025-04-11,6,7,0,0,0.039937983584358364,0.0707645830620553,0.5021932050873564,-0.0,0.039937983584354395,0.03993798358435131,JPY
2025-04-12,1,7,0,0,0.017975724646744413,0.017975724646744413,0.6262014641039282,-0.0,0.01797572464674487,0.017975724646750454,JPY
2025-04-14,6,7,0,0,0.0,0.025292400288091703,0.6133445732712037,-0.0,-0.0031280282536205644,-0.003128028253627711,JPY
2025-04-15,6,7,1,0,0.017697128433718633,0.025914617928396957,0.7178449819305375,-0.0,0.017697128433709085,0.01769712843371964,JPY
2025-04-16,6,7,0,0,0.011781978729823122,0.03053767369699895,0.7851240778017644,-0.0,0.011781978729831756,0.011781978729831168,JPY
2025-04-17,6,7,0,0,0.0,0.0,0.7734332248099777,-0.0,-0.008038567715980457,-0.008038567715973291,JPY
2025-04-18,6,7,0,0,0.061626188476139154,0.061626188476139154,0.6670768529707186,-0.0,0.06162618847614164,0.061626188476141666,JPY
2025-04-19,1,7,0,0,0.0,0.0,0.6105810801410427,-0.0,-0.005895971180462964,-0.005895971180463907,JPY
2025-04-21,6,7,0,0,0.0,0.027292268436724682,0.6195859222461947,-0.0,-0.017801034578400782,-0.017801034578394544,JPY
2025-04-22,6,10,1,1,0.047261777250313414,0.04939107867371244,0.5498979274431942,-0.0,0.04726177725032081,0.047261777250321456,JPY
2025-04-23,6,11,0,0,0.0,0.0555217240432997,0.5656406717638812,-0.0,-0.013622199024113473,-0.013622199024111872,JPY
2025-04-24,6,11,0,0,0.06451704266093795,0.06451704266093795,0.7213973159586132,-0.0,0.06451704266094166,0.06451704266093847,EUR
2025-04-25,6,13,0,0,0.003335794084511034,0.06333318959078894,0.7716593356067695,-0.0,0.0033357940845169277,0.0033357940845175544,EUR
2025-04-26,1,13,0,0,0.0,0.0,0.7546633923921606,-0.0,-0.01770423112479051,-0.01770423112478086,EUR
2025-04-28,6,13,1,0,0.15408756376432897,0.15408756376432897,0.7826746998010583,-0.05631649208502786,0.2104040558493567,0.15408756376432595,EUR
2025-04-29,6,13,1,0,0.016205442003877746,0.022850278721811647,0.4920790555651883,-0.0,0.016205442003877746,0.016205442003880254,EUR
2025-04-30,6,13,1,0,0.07415962761529903,0.12995766009886414,0.39151763674552487,-0.040435806450065684,0.11459543406534699,0.07415962761529302,EUR
2025-05-01,6,13,0,0,0.019778786763093702,0.019778786763093702,0.3945666519255201,-0.0,0.019778786763112757,0.019778786763101235,EUR
2025-05-02,6,16,0,0,0.21828727387333663,0.22702117191558385,0.7431982361284677,-0.0,0.2182872738733498,0.21828727387334315,EUR
2025-05-03,1,16,1,1,0.011893218261454962,0.011893218261454962,0.5293355527480756,-0.0,0.011893218261447666,0.011893218261452954,EUR
2025-05-05,6,15,2,2,0.0903794622467031,0.16038102191698395,0.5518972878164239,0.212034331483583,-0.12165486923686873,0.0903794622467071,EUR
2025-05-06,6,14,4,2,0.0749614830870885,0.12316083551234588,0.47712091503671233,-0.043791120922345876,0.11875260400941438,0.07496148308708146,EUR
2025-05-07,6,10,0,0,0.0073954699134511845,0.0843390479920241,0.3783411444927083,-0.0,0.007395469913450713,0.007395469913452693,EUR
2025-05-08,6,12,0,0,0.000444573522847128,0.060988047790174374,0.4190424865148704,-0.0,0.00044457352284499064,0.00044457352284964246,EUR
2025-05-09,6,13,1,0,0.04103754789830502,0.05107443221584038,0.5205420122108353,-0.0,0.04103754789831215,0.04103754789831306,EUR
2025-05-10,1,12,0,0,0.014277544782106199,0.014277544782106199,0.5547878367224572,-0.0,0.014277544782091325,0.014277544782100677,EUR
2025-05-12,6,12,0,0,0.12533696276554468,0.13116547791400454,0.6342235088858372,-0.0,0.12533696276554807,0.12533696276554918,EUR
2025-05-13,6,14,1,1,0.007011688548754383,0.007011688548754383,0.5161688779116294,-0.0,0.007011688548758593,0.00701168854874986,EUR
2025-05-14,6,13,0,0,0.13947474015657907,0.1894536460685653,0.7432265085633111,-0.0,0.13947474015659134,0.13947474015658456,USD
2025-05-15,6,13,3,0,0.05273131432350723,0.07384530367795505,0.6045950257478935,-0.15091982423664155,0.203651138560147,0.05273131432350823,USD
2025-05-16,6,11,1,0,0.09177741686771114,0.15316651134547268,0.4576980357753417,-0.0644134329037524,0.15619084977146597,0.09177741686770964,USD
2025-05-17,1,10,0,0,0.0,0.0,0.37880496040174366,-0.0,-0.005652808961444563,-0.005652808961432051,USD
2025-05-19,6,10,0,0,0.0,0.0610515909982884,0.3982164518426662,-0.0,-0.03312301809290758,-0.033123018092912244,USD
2025-05-20,6,10,0,0,0.04231623064754865,0.07378408189012878,0.6180595407042054,-0.0,0.042316230647545645,0.04231623064754664,USD
2025-05-21,6,13,1,0,0.0,0.11662223253491653,0.6033124013867365,-0.0,-0.011325473695782443,-0.011325473695794407,USD
2025-05-22,6,14,0,0,0.0935176581282711,0.0935176581282711,0.6977032525287745,-0.0,0.09351765812827618,0.0935176581282676,USD
2025-05-23,6,17,2,0,0.022939320790859294,0.1410534753027404,0.6574375048995302,-0.0,0.02293932079086694,0.02293932079085328,JPY
2025-05-24,1,15,0,0,0.0,0.0,0.8462703710695536,-0.0,-0.02405966231214831,-0.024059662312154246,NZD
2025-05-26,6,17,0,0,0.0,0.09706045585189028,0.842335324422351,-0.0,-0.10308831791854985,-0.1030883179185464,JPY
2025-05-27,6,17,0,0,0.08223643335259422,0.08223643335259422,0.9788361993228536,-0.0,0.08223643335259383,0.08223643335259821,JPY
2025-05-28,6,17,0,0,0.03865814830014098,0.0535633380941315,1.0632881164211743,-0.0,0.03865814830014634,0.03865814830014048,JPY
2025-05-29,6,19,5,0,0.0,0.06659838133031173,0.7173590912064489,-0.17782064182951524,0.135992466251146,-0.041828175578370375,CAD
2025-05-30,6,15,3,0,0.2544100659799799,0.2544100659799799,0.7230304647266529,-0.14412230858311129,0.3985323745630869,0.2544100659799799,EUR
2025-05-31,1,12,0,0,0.023187348013447736,0.023187348013447736,0.4699224043763153,-0.0,0.023187348013432595,0.023187348013439746,EUR
2025-06-02,6,14,0,0,0.0,0.0,0.4474040163848654,-0.0,-0.004944565711796001,-0.00494456571179889,EUR
2025-06-03,6,16,0,0,0.1279174068697876,0.16168638033616745,0.6948730501338153,-0.0,0.12791740686978653,0.12791740686978811,CAD
2025-06-04,6,16,0,0,0.04922176376888262,0.09944396641807099,0.6301527882978115,-0.0,0.049221763768883584,0.04922176376888262,CAD
2025-06-05,6,16,0,0,0.00999826303038786,0.07424708990537365,0.5826795232874932,-0.0,0.009998263030404927,0.009998263030398842,CAD
2025-06-06,6,16,0,0,0.05922021509641715,0.09711087851862146,0.7418226621327333,-0.0,0.05922021509641893,0.05922021509641168,CAD
2025-06-07,1,16,0,0,0.0109580645504992,0.0109580645504992,0.6976180616416279,-0.0,0.010958064550502316,0.0109580645504997,CAD
2025-06-09,6,17,0,0,0.0,0.0007383904739586807,0.7161738004465943,-0.0,-0.025602276744073813,-0.02560227674406802,CAD
2025-06-10,6,18,0,0,0.12712633197184578,0.1715858291331697,0.9085108364767962,-0.0,0.12712633197183607,0.12712633197184478,CAD
2025-06-11,6,18,0,0,0.046375695302746704,0.055970350715523115,0.8067817820980993,-0.0,0.04637569530274219,0.04637569530275218,CAD
2025-06-12,6,18,5,1,0.01385435111314947,0.09748391401358043,0.9288499852177948,-0.09964742281754337,0.11350177393070601,0.013854351113149968,CAD
2025-06-13,6,18,1,0,0.128828935230993,0.202709658837203,0.7934328032272974,-0.0370168029186332,0.1658457381496233,0.128828935230995,CAD
2025-06-14,1,17,0,0,0.011249632114423832,0.011249632114423832,0.6745027108847992,-0.0,0.011249632114429064,0.01124963211443081,CAD
2025-06-16,6,17,3,0,0.03159492718065842,0.03159492718065842,0.6651701338839123,-0.03258719393922231,0.06418212111987752,0.03159492718065792,CAD
2025-06-17,6,15,2,0,0.345557370683681,0.3511311113762061,0.783782325056269,-0.05309131470461805,0.39864868538830356,0.345557370683684,CAD
2025-06-18,6,14,1,1,0.0,0.14525691302424706,0.4320832422893224,-0.08242835818458137,-0.05610911360297454,-0.13853747178755813,CAD
2025-06-19,6,13,0,0,0.17575683385872876,0.17706744911437167,0.7146955406469734,-0.0,0.17575683385872032,0.1757568338587258,CAD
2025-06-20,6,14,0,0,0.0,0.16076187117132806,0.6872185632694043,-0.0,-0.005530319273590365,-0.005530319273592335,CAD
2025-06-21,1,14,0,0,0.0019106907073560334,0.0019106907073560334,0.6936026180571568,-0.0,0.0019106907073625904,0.0019106907073600196,CAD
2025-06-23,6,14,1,1,0.30505334223019864,0.30505334223019864,0.8004687670463094,0.07012522646740718,0.2349281157627928,0.3050533422302017,CAD
2025-06-24,6,13,2,1,0.0,0.13099898477165556,0.8841652845639552,-0.0,-0.14758309764789482,-0.14758309764788569,CAD
2025-06-25,6,12,0,0,0.011285436026433077,0.029348491855416877,0.8422646860368397,-0.0,0.011285436026428484,0.011285436026429601,CAD
2025-06-26,6,12,0,0,0.0,0.11894085049858284,0.9770793222134527,-0.0,-0.0015822789390059068,-0.0015822789389995223,AUD
2025-06-27,6,12,0,0,0.023011812817075827,0.04731103548673351,0.9786461162410722,-0.0,0.023011812817076323,0.023011812817076323,AUD
2025-06-28,1,12,0,0,0.0,0.0,0.9904960623960044,-0.0,-0.002284455093571649,-0.002284455093566319,AUD
2025-06-30,6,16,2,0,0.10438246714615565,0.10438246714615565,1.0588077012842834,-0.0,0.1043824671461598,0.10438246714614821,AUD
2025-07-01,6,16,1,1,0.29470954494892304,0.29470954494892304,1.1163857425841461,-0.03609493760733923,0.33080448255625655,0.29470954494891954,AUD
2025-07-02,6,15,2,1,0.11079234382644905,0.11079234382644905,0.9816526136579793,0.06980992443840678,0.040982419388029746,0.11079234382645055,AUD
2025-07-03,6,14,2,0,0.05615348057205623,0.05615348057205623,0.8599721984197968,-0.0,0.05615348057204698,0.05615348057205523,AUD
2025-07-04,6,13,0,0,0.2042722283368105,0.2042722283368105,0.8847513537915134,-0.0,0.2042722283368014,0.2042722283368085,AUD
2025-07-05,1,13,0,0,0.041265569152310264,0.041265569152310264,0.7747315127781844,-0.0,0.04126556915231275,0.04126556915230827,AUD
2025-07-07,6,14,1,0,0.12393382830147123,0.12393382830147123,0.7506506360305382,-0.0,0.12393382830147247,0.1239338283014777,AUD
2025-07-08,6,13,0,0,0.0,0.12433828513443061,0.7301488292035002,-0.0,-0.01089315286095768,-0.010893152860955043,CHF
2025-07-09,6,14,0,0,0.048691330446590714,0.09743554388342278,0.7789217146632527,-0.0,0.04869133044660867,0.04869133044659914,CHF
2025-07-10,6,14,0,0,0.09113400962967898,0.09113400962967898,0.7434446591621404,-0.0,0.09113400962967254,0.09113400962967204,CHF
2025-07-11,6,14,0,0,0.03729995265867932,0.09216967822021109,0.8889824889405729,-0.0,0.037299952658680614,0.03729995265867882,CHF
2025-07-12,1,14,0,0,0.012508809483912581,0.012508809483912581,0.9019890599259598,-0.0,0.012508809483909741,0.012508809483919501,CHF
2025-07-14,6,15,1,1,0.10462935742400574,0.11507937138213982,0.9376689412070136,0.0695727427506383,0.03505661467336342,0.10462935742399983,CHF
2025-07-15,6,14,0,0,0.04553909326533363,0.07904148526375684,0.8822898694827843,-0.0,0.04553909326533165,0.04553909326533264,CHF
2025-07-16,6,14,4,1,0.01823940060943308,0.1471600027997579,0.8614499941162472,-0.036653027590043664,0.05489242819947767,0.018239400609435057,CHF
2025-07-17,6,12,2,0,0.09028361727268949,0.09028361727268949,0.7131533241650927,-0.08579674648963026,0.17608036376231698,0.0902836172726885,CHF
2025-07-18,6,12,0,0,0.012443341158889967,0.08225907307307906,0.6191227343802415,-0.0,0.01244334115888975,0.012443341158891948,CHF
2025-07-19,1,12,0,0,0.0,0.0,0.6067548938027857,-0.0,-0.009838230322570916,-0.009838230322578623,CHF
2025-07-21,6,12,1,0,0.02629974563807527,0.02629974563807527,0.6330896885495418,-0.0,0.02629974563807923,0.026299745638077247,CHF
2025-07-22,6,14,2,0,0.12199645683430688,0.13127321045485973,0.5644518486226824,-0.0,0.1219964568342989,0.12199645683430788,CHF
2025-07-23,6,14,0,0,0.0,0.0,0.39536722034763383,-0.0,-0.04028813858520729,-0.040288138585208744,CHF
2025-07-24,6,16,0,0,0.009926703545456746,0.12729476441776863,0.725089703922819,-0.0,0.009926703545473634,0.009926703545467614,CHF
2025-07-25,6,16,0,0,0.09259313540090613,0.12928313909873934,0.7999802857840967,-0.0,0.09259313540090744,0.09259313540091059,CHF
2025-07-26,1,16,0,0,0.0015872365744344875,0.0015872365744344875,0.6746538776023708,-0.0,0.0015872365744445851,0.0015872365744325112,CHF
2025-07-28,6,17,2,0,0.0,0.08460703456056955,0.6417608499474777,-0.0,-0.027011659264103514,-0.027011659264103205,CHF
2025-07-29,6,20,0,0,0.07296370530971433,0.08660482736805546,0.7302526057885795,-0.0,0.07296370530972096,0.0729637053097178,CHF
2025-07-30,6,22,2,0,0.12583035093696793,0.12583035093696793,0.8117760633028364,-0.08293901892863348,0.20876936986559655,0.12583035093697237,EUR
2025-07-31,6,21,1,1,0.1619427369812128,0.1619427369812128,0.8534126024281077,-0.0,0.16194273698122197,0.16194273698121134,EUR
2025-08-01,6,23,4,0,0.0,0.06732032625824108,0.8191076240254694,0.06963087959378371,-0.1964044638301321,-0.12677358423634716,EUR
2025-08-02,1,21,0,0,0.0,0.0,0.8336328025056575,-0.05461847943086113,-0.010927358853741187,-0.0655458382846105,EUR
2025-08-04,6,22,0,0,0.0,0.08797978470456924,0.9420830023541955,-0.0,-0.000770198800154824,-0.0007701988001430428,EUR
2025-08-05,6,22,0,0,0.03666725594539535,0.07938310202436435,1.065736879452121,-0.0,0.036667255945386876,0.03666725594539485,EUR
2025-08-06,6,22,0,0,0.0197704306262072,0.0197704306262072,1.1134415508350168,-0.0,0.019770430626213815,0.019770430626212615,EUR
2025-08-07,6,22,1,0,0.005474580835374837,0.030602946258143197,1.470693499432926,-0.0,0.005474580835385492,0.005474580835370918,EUR
2025-08-08,6,21,0,0,0.0,0.01622668826311856,1.4390079674032223,-0.0,-0.03771712837743356,-0.03771712837742916,EUR
2025-08-09,1,21,0,0,0.007589692228243909,0.007589692228243909,1.5908620621172278,-0.0,0.0075896922282375585,0.00758969222824342,EUR
2025-08-11,6,21,0,0,0.026426942144692198,0.05413184143485629,1.5156929086678566,-0.0,0.02642694214470221,0.026426942144699036,EUR
2025-08-12,6,22,0,0,0.0,0.041113660763345154,1.5024626586172554,-0.0,-0.020689707718041187,-0.020689707718041187,EUR
2025-08-13,6,23,0,0,0.0,0.03558723366857941,1.5205586984210115,-0.0,-0.009428241021142541,-0.00942824102115107,EUR
2025-08-14,6,24,0,0,0.07611681233264761,0.07611681233264761,1.5378789702226663,-0.0,0.07611681233265297,0.07611681233265005,EUR
2025-08-15,6,24,0,0,0.043669747819642224,0.04431633126554865,1.58236588310081,-0.0,0.04366974781965316,0.04366974781964174,EUR
2025-08-16,1,24,0,0,0.0,0.0,1.6953335505189187,-0.0,-0.03668880748244941,-0.03668880748245475,EUR
2025-08-18,6,25,2,0,0.1747714676194642,0.1747714676194642,1.7344038119125846,-0.08490219729791691,0.25967366491738886,0.17477146761947243,EUR
2025-08-19,6,24,1,0,0.023130940632391565,0.056921341374466985,1.4967637549159967,-0.0,0.02313094063238962,0.02313094063238476,EUR
2025-08-20,6,24,9,2,0.16107811156363805,0.3065984338667407,1.5092273868241686,-0.24037989196763282,0.4014580035312779,0.16107811156363855,EUR
2025-08-21,6,15,1,1,0.017183104168164345,0.07342279529931642,1.178371962489771,0.06849873041080246,-0.05131562624264091,0.017183104168169212,EUR
2025-08-22,6,16,0,0,0.0044647186959880574,0.01900874634481526,1.2363160461275136,-0.0,0.004464718695998035,0.004464718695989517,EUR
2025-08-23,1,16,0,0,0.00449396071607963,0.00449396071607963,1.2715790295210359,-0.0,0.004493960716082305,0.00449396071607817,EUR
2025-08-25,6,18,9,0,0.1289591843779217,0.15427061451649146,1.1493235318064712,-0.5375475502660645,0.6665067346439788,0.12895918437792658,EUR
2025-08-26,6,11,0,0,0.06057765431707878,0.07549926024419591,0.5266823901126985,-0.28452589559828506,0.3451035499153629,0.060577654317071475,EUR
2025-08-27,6,13,2,0,0.0385721726668809,0.06465763013641775,0.4710427453290214,-0.1267237263118133,0.16529589897870148,0.03857217266688968,CHF
2025-08-28,6,12,0,0,0.051654554412991285,0.051654554412991285,0.4882068218343441,-0.0,0.05165455441299795,0.051654554413000556,CHF
2025-08-29,6,13,1,1,0.10627458030570826,0.10627458030570826,0.6678245257643396,0.06857979858928008,0.03769478171643205,0.10627458030571361,CHF
2025-08-30,1,12,0,0,0.002852508339699772,0.002852508339699772,0.5591001226122235,-0.0,0.0028525083396951445,0.002852508339692947,CHF
2025-09-01,6,14,0,0,0.0011747116728472616,0.0370021643859647,0.556263481734731,-0.0,0.0011747116728349366,0.0011747116728472616,CHF
2025-09-02,6,15,3,2,0.23199019685668254,0.2339391967100765,0.7352485045964943,0.027549472115039268,0.2044407247416357,0.2319901968566762,CHF
2025-09-03,6,13,0,0,0.0,0.0,0.5748926907116628,-0.0,-0.004817158810988202,-0.004817158811001366,CHF
2025-09-04,6,15,0,0,0.024643914127142164,0.026087905877305514,0.7198182122820261,-0.0,0.024643914127137567,0.02464391412713826,CHF
2025-09-05,6,16,3,3,0.01749015966769947,0.03969401492793945,0.8026737475276429,-0.0,0.01749015966771529,0.017490159667703363,CHF
2025-09-06,1,13,0,0,0.06209275918135311,0.06209275918135311,0.8443911019837708,-0.0,0.062092759181346595,0.06209275918135311,CAD
2025-09-08,6,15,1,1,0.026504434796312325,0.05947840317017339,0.8420707452385691,-0.0,0.026504434796325166,0.026504434796314758,CAD
2025-09-09,6,16,2,0,0.042048235025592226,0.0759503559417048,0.9272130367349233,-0.0,0.04204823502559819,0.04204823502559466,EUR
2025-09-10,6,14,0,0,0.04723031085033788,0.04723031085033788,0.780109129650613,-0.0,0.047230310850347984,0.047230310850341295,CAD
2025-09-11,6,14,0,0,0.04628647599068082,0.11268083042910268,0.7993513245920056,-0.0,0.046286475990686415,0.04628647599067791,CAD
2025-09-12,6,14,0,0,0.0048984175112004,0.0048984175112004,0.8055055639234816,-0.0,0.004898417511194318,0.00489841751119894,CAD
2025-09-13,1,14,0,0,0.0007198458612989519,0.0007198458612989519,0.8909177798418519,-0.0,0.0007198458613024762,0.0007198458613004102,CAD
2025-09-15,6,15,1,0,0.08460287066626708,0.18111878529976655,0.8902043420796667,-0.054755977631338215,0.13935884829759593,0.08460287066626854,GBP
2025-09-16,6,14,1,0,0.005522697114693751,0.012089659537567084,0.8247321146795968,-0.0,0.005522697114693994,0.005522697114690345,GBP
2025-09-17,6,14,0,0,0.035480754077860444,0.04655656520292483,0.9989595230485373,-0.043291996437451186,0.07877275051530763,0.03548075407786385,GBP
2025-09-18,6,15,7,1,0.0,0.045512450832045144,0.905241376825128,-0.0,-0.11645434399434806,-0.11645434399435257,GBP
2025-09-19,6,8,2,0,0.07514106385747936,0.07514106385747936,0.6028621472997222,-0.13236413103932565,0.20750519489680652,0.07514106385747693,JPY
2025-09-20,1,6,0,0,0.00030602139389724513,0.00030602139389724513,0.4705324615568247,-0.0,0.0003060213938916795,0.0003060213938933628,JPY
2025-09-22,6,7,0,0,0.0,0.017386458371325207,0.47128386746773343,-0.0,-0.016612777394623964,-0.016612777394614423,JPY
2025-09-23,6,7,0,0,0.016595237282672554,0.039682914417342584,0.5353215928369233,-0.0,0.0165952372826748,0.016595237282676922,JPY
2025-09-24,6,7,1,1,0.03007223544264859,0.03007223544264859,0.5632180603499649,-0.0,0.030072235442650808,0.030072235442643744,JPY
2025-09-25,6,6,0,0,0.03375137651734012,0.03375137651734012,0.6030326864850852,-0.0,0.033751376517342696,0.033751376517343994,JPY
2025-09-26,6,7,0,0,0.0,0.006456934819768734,0.5025206545478642,-0.0,-0.0048619067968964065,-0.004861906796895983,EUR
2025-09-27,1,7,0,0,0.0,0.0,0.5700519123055876,-0.0,-0.001824826387357142,-0.0018248263873579897,EUR
2025-09-29,6,8,0,0,0.039427193360372995,0.039427193360372995,0.5821285886078729,-0.0,0.03942719336037657,0.03942719336037347,EUR
2025-09-30,6,9,3,0,0.04396334882362165,0.0464867740239424,0.5667947313966295,-0.11775027847230157,0.1617136272959258,0.04396334882361875,EUR
2025-10-01,6,7,0,0,0.05010624363557647,0.07974438624026786,0.4500403700189988,-0.0,0.05010624363557961,0.05010624363557114,EUR
2025-10-02,6,7,1,0,0.0365912286018143,0.05980342103690445,0.29226021444342515,-0.1164852739588395,0.15307650256066863,0.03659122860182449,GBP
2025-10-03,6,6,0,0,0.0,0.016313306944430422,0.2822684394542005,-0.0,-0.0037528826710863466,-0.0037528826710848655,GBP
2025-10-04,1,6,0,0,0.0,0.0,0.3648855669385446,-0.0,-0.001507742701821693,-0.0015077427018262797,GBP
2025-10-06,6,7,1,0,0.02769739073117904,0.07718493413517133,0.3191517660675414,-0.0,0.027697390731169277,0.02769739073117565,GBP
2025-10-07,6,7,0,0,0.03682213077083888,0.03682213077083888,0.36844641886577023,-0.0,0.036822130770851245,0.03682213077084469,EUR
2025-10-08,6,8,0,0,0.13332653295958508,0.14702403819393195,0.4425293440566665,-0.0,0.1333265329595797,0.1333265329595812,EUR
2025-10-09,6,9,1,0,0.13516533200350586,0.13982983116982797,0.4855931841652211,-0.0,0.13516533200349531,0.13516533200350733,EUR
2025-10-10,6,10,1,0,0.016744119796566866,0.06478923290342677,0.297390127104548,-0.13089063408486543,0.1476347538814422,0.016744119796573656,EUR
2025-10-11,1,9,0,0,0.0,0.0,0.4491537098743417,-0.0,-0.05245221149763393,-0.052452211497634474,EUR
2025-10-13,6,12,3,0,0.2091277707367634,0.2091277707367634,0.5086480693007923,-0.12803657438724073,0.3371643451240118,0.20912777073676098,EUR
2025-10-14,6,9,0,0,0.07170415866912823,0.10958665946878399,0.3279283817559337,-0.0,0.07170415866912995,0.07170415866913066,EUR
2025-10-15,6,9,1,1,0.0,0.07804822565054216,0.4083763641281136,-0.0,-0.017459595225130364,-0.017459595225127033,EUR
2025-10-16,6,11,0,0,0.02289547632727916,0.06652413123759084,0.4383188261216098,-0.0,0.02289547632727714,0.022895476327281575,CAD
2025-10-17,6,11,2,1,0.11741789571112717,0.11741789571112717,0.5478520306473843,0.06795557673061665,0.04946231898051537,0.117417895711132,EUR
2025-10-18,1,9,1,0,0.003330981963782704,0.003330981963782704,0.3408629671863158,-0.07282498012498304,0.07615596208875132,0.0033309819637711018,AUD
2025-10-20,6,8,0,0,0.0,0.016300358687878914,0.3375432287265899,-0.06208346602043004,0.05018834497693911,-0.011895121043497846,AUD
2025-10-21,6,10,2,0,0.043707996183660267,0.0745453278208871,0.39748879911604174,-0.0,0.04370799618366588,0.0437079961836651,AUD
2025-10-22,6,9,0,0,0.0,0.11359302899810993,0.295901922153621,-0.08513742490610887,0.080630866668921,-0.004506558237180121,AUD
2025-10-23,6,9,0,0,0.0,0.025999094934900338,0.34329449988769295,-0.0,-0.01780699843153516,-0.01780699843153429,AUD
2025-10-24,6,9,0,0,0.013466794782649342,0.03048009042595212,0.5267761849658233,-0.0,0.01346679478264844,0.013466794782653203,AUD
2025-10-25,1,9,0,0,0.0033689679100299156,0.0033689679100299156,0.5872206615110087,-0.0,0.003368967910032506,0.003368967910036181,AUD
2025-10-26,1,9,0,0,0.0,0.0,0.5055477518241522,-0.0,-0.0673153249312459,-0.06731532493124556,AUD
2025-10-27,6,9,0,0,0.023344958544528588,0.023344958544528588,0.5724777115237247,-0.0,0.023344958544540814,0.023344958544529552,AUD
2025-10-28,6,9,0,0,0.07910523102160966,0.07910523102160966,0.565693868014785,-0.0,0.07910523102161696,0.07910523102161109,AUD
2025-10-29,6,12,0,0,0.0,0.04652317740202507,0.647341049660445,-0.0,-0.020896724652111287,-0.020896724652116696,USD
2025-10-30,6,12,0,0,0.0,0.045716984548713265,0.7623539325956952,-0.0,-0.006735622805761843,-0.006735622805764124,CAD
2025-10-31,6,14,0,0,0.016600326813981287,0.09437594751385492,0.9038388871727812,-0.0,0.01660032681397517,0.016600326813980326,CAD
2025-11-03,6,14,1,0,0.0,0.017773705767011514,0.7569327333249778,-0.0,-0.0057516091029054224,-0.005751609102904224,CAD
2025-11-04,6,14,2,1,0.19937538730542037,0.19937538730542037,0.912403182870997,-0.0,0.1993753873054241,0.19937538730542612,CAD
2025-11-05,6,14,2,0,0.010207017786051464,0.010207017786051464,0.7030388304421282,0.0675720770946966,-0.05736505930864893,0.010207017786046182,AUD
2025-11-06,6,12,0,0,0.09683544842051824,0.10506638459057246,0.8607142391762617,-0.0,0.09683544842051782,0.09683544842051632,EUR
2025-11-07,6,13,3,0,0.039217116888483596,0.1142980731873444,0.8036128844342412,-0.08866750941508436,0.12788462630356862,0.039217116888476386,EUR
2025-11-10,6,10,2,0,0.0,0.037210803850894994,0.5598876739243412,-0.0,-0.08025453681274347,-0.08025453681273181,EUR
2025-11-11,6,9,0,0,0.01581742453782911,0.027901165192916393,0.47823403027665173,-0.0,0.015817424537823567,0.01581742453782959,EUR
2025-11-12,6,12,0,0,0.010367171782506727,0.010367171782506727,0.5230219935798308,-0.0,0.010367171782506368,0.010367171782510565,EUR
2025-11-13,6,12,0,0,0.001095775352645365,0.045208674806454234,0.6195536940303147,-0.0,0.0010957753526370413,0.001095775352636263,EUR
2025-11-14,6,13,2,0,0.16941093555496775,0.16941093555496775,0.6846257359985501,-0.09283598438711856,0.26224691994209615,0.16941093555497114,CHF
2025-11-17,6,12,0,0,0.07942621492869575,0.07942621492869575,0.69228382394401,-0.0,0.07942621492869194,0.07942621492869431,CHF
2025-11-18,6,15,2,0,0.08385032513485523,0.08385032513485523,0.7029573082966686,-0.0,0.0838503251348546,0.08385032513485428,CHF
2025-11-19,6,16,0,0,0.10135689811133898,0.1040438253597808,0.8139847554482058,-0.0,0.10135689811134156,0.10135689811134187,CHF
2025-11-20,6,18,0,0,0.0099736368980198,0.2581826510113041,0.8381049308653765,-0.0,0.009973636898030313,0.0099736368980284,CHF
2025-11-21,6,18,3,0,0.11424585577708972,0.18858532064377082,0.8364194094948754,-0.0,0.11424585577709064,0.11424585577708782,CHF
2025-11-24,6,16,0,0,0.086061391994621,0.09640919177644602,0.9273675859361813,-0.0,0.0860613919946251,0.08606139199462434,CAD
2025-11-25,6,16,0,0,0.0021746123767740163,0.0388185678162387,0.9791262877020649,-0.0,0.0021746123767687766,0.002174612376771635,CAD
2025-11-26,6,17,0,0,0.0,0.005524384870296497,0.9322001888180717,-0.0,-0.134050696374127,-0.13405069637411832,AUD
2025-11-27,6,18,0,0,0.0,0.03215122851650544,1.1411226641763783,-0.0,-0.039287679313492314,-0.03928767931349124,AUD
2025-11-28,6,19,1,0,0.14672059469253634,0.14672059469253634,1.2490078938659483,-0.0,0.14672059469253362,0.1467205946925354,CHF
2025-12-01,6,20,1,0,0.0,0.016268197222340932,1.1251350466699217,-0.0,-0.005444607713885256,-0.005444607713882529,CAD
2025-12-02,6,19,2,0,0.032335250261580274,0.10541507895307115,1.1562450601184082,-0.0,0.03233525026156972,0.032335250261570796,CAD
2025-12-03,6,18,0,0,0.0,0.040627455093540724,1.0528260730178258,-0.0,-0.035349023369015305,-0.03534902336901305,EUR
2025-12-04,6,18,2,2,0.0,0.005653290399481443,1.1061569520924586,-0.0,-0.022784727620142487,-0.02278472762015137,EUR
2025-12-05,6,18,3,1,0.028432924131831055,0.05791058023166945,1.2129111690826442,0.13325637920888242,-0.10482345507705361,0.02843292413183153,EUR
2025-12-08,6,15,1,0,0.0661932816000746,0.0661932816000746,1.0407760840583138,-0.07600147644956046,0.14219475804963555,0.06619328160007555,EUR
2025-12-09,6,14,0,0,0.0,0.03667302004241584,1.0667157464462858,-0.0,-0.012018880116158393,-0.012018880116163482,EUR
2025-12-10,6,14,1,0,0.034848164195246424,0.04257021858865959,1.0422210244480512,-0.0,0.03484816419525247,0.03484816419524785,EUR
2025-12-11,6,14,5,1,0.08946976683553036,0.08946976683553036,0.9238687594069053,-0.18159829493886098,0.2710680617744021,0.08946976683553746,EUR
2025-12-12,6,10,0,0,0.0014968470189031832,0.011995059588822696,0.6331315170964031,-0.0,0.0014968470189015855,0.0014968470188970286,EUR
2025-12-15,6,12,2,0,0.07286574339251625,0.07286574339251625,0.6592933907347667,-0.0,0.0728657433925356,0.07286574339252336,CAD
2025-12-16,6,10,2,0,0.048872393261155424,0.061015372321015504,0.5056575376903649,-0.05459758044434725,0.10346997370551125,0.04887239326115922,CAD
2025-12-17,6,8,2,0,0.12312595464202955,0.13719295341430765,0.4590566166823973,-0.06429250054776776,0.18741845518978814,0.12312595464202246,CAD
2025-12-18,6,7,0,0,0.061888031135399896,0.117045376862109,0.32466077123749576,-0.0,0.061888031135397835,0.06188803113539847,CAD
2025-12-19,6,7,0,0,0.0,0.0409232984110206,0.3044882433675603,-0.0,-0.014455057359422617,-0.0144550573594297,CAD
2025-12-22,6,8,0,0,0.0,0.011679257965050531,0.36955223942435034,-0.0,-0.03172090716239199,-0.03172090716240421,CAD
2025-12-23,6,10,0,0,0.041175861223497465,0.06208738284162723,0.45286340365617345,-0.0,0.041175861223500976,0.041175861223505514,CAD
2025-12-24,6,10,1,1,0.07022104067831136,0.08686328593318467,0.4271216284234359,-0.0,0.07022104067830502,0.07022104067831515,CAD
2025-12-25,3,7,0,0,0.0,0.01108645427089116,0.3817013928456186,-0.0,-0.019899214100364486,-0.019899214100364503,CAD
2025-12-26,6,9,0,0,0.0542426574810343,0.05913694899127467,0.41712581488996137,-0.0,0.054242657481045634,0.05424265748103858,CAD
2025-12-29,6,9,0,0,0.04268372147078162,0.04268372147078162,0.4399094652246042,-0.0,0.04268372147079535,0.04268372147078778,CAD
2025-12-30,6,9,0,0,0.054137631580731684,0.10163639148291975,0.45155491607676757,-0.0,0.0541376315807229,0.05413763158072932,CAD
2025-12-31,6,9,1,0,0.058938811547538224,0.058938811547538224,0.42342971155140874,-0.0,0.05893881154753861,0.05893881154754249,CAD
2026-01-02,6,8,0,0,0.0,0.011095141225295138,0.36346965509813856,-0.0,-0.03641267196711768,-0.03641267196711793,CAD
2026-01-05,6,11,0,0,0.03531962608609257,0.03531962608609257,0.45039637031994834,-0.0,0.03531962608608897,0.03531962608608831,CAD
2026-01-06,6,12,0,0,0.008742591407190784,0.06050046330742281,0.6346887965403933,-0.0,0.008742591407187715,0.00874259140719645,CAD
2026-01-07,6,12,0,0,0.02955035062045143,0.08108809088803835,0.7206502927538028,-0.0,0.02955035062046305,0.029550350620453317,CAD
2026-01-08,6,13,2,0,0.12403142738494857,0.15230936325297356,0.7253703559417268,-0.0,0.12403142738495437,0.12403142738494907,CAD
2026-01-09,6,14,0,0,0.006343582172734781,0.009945110955254848,0.5401277039268797,-0.0,0.006343582172748363,0.006343582172739032,GBP
2026-01-12,6,15,0,0,0.0,0.02786841715606253,0.6219441028233675,-0.0,-0.06469563470142511,-0.06469563470141541,GBP
2026-01-13,6,16,0,0,0.0,0.1459369269324337,0.8453707353449746,-0.0,-0.06118871614903251,-0.06118871614903186,GBP
2026-01-14,6,16,3,0,0.09287826320076141,0.14490215466939613,0.8206402655202975,-0.04159437217078392,0.13447263537154566,0.09287826320075952,GBP
2026-01-15,6,13,2,0,0.17963220769480764,0.17963220769480764,0.6872805634644376,-0.09234892659425344,0.2719811342890756,0.17963220769481614,GBP
2026-01-16,6,14,0,0,0.0,0.07190691841355626,0.5400047054551965,-0.0,-0.006537725567521511,-0.006537725567513233,GBP
2026-01-19,6,16,2,0,0.03462025958034024,0.03462025958034024,0.6060379076843639,-0.049920432199920206,0.08454069178026734,0.034620259580341185,GBP
2026-01-20,6,14,5,5,0.08669846951666324,0.13863836869320265,0.5734467587758267,0.33167538490295634,-0.2449769153862867,0.08669846951666182,GBP
2026-01-21,6,9,2,1,0.06414381017563933,0.08443284108451336,0.5015205527742694,-0.0,0.0641438101756305,0.06414381017563557,GBP
2026-01-22,6,9,0,0,0.002310305697315608,0.015355610816227312,0.4818571113885637,-0.0,0.002310305697321478,0.002310305697317024,USD
2026-01-23,6,9,1,1,0.02465359262331782,0.056464529123452206,0.7017071205782792,-0.0,0.024653592623331708,0.02465359262332582,CAD
2026-01-26,6,9,1,0,0.0,0.02046208708715539,0.6783104680696375,0.06615249113810492,-0.10396035765230985,-0.03780786651420327,CAD
2026-01-27,6,9,0,0,0.0,0.030197391008915355,0.7869900315746227,-0.0,-0.007302658565867704,-0.007302658565882138,GBP
2026-01-28,6,10,3,0,0.15708004720072083,0.15708004720072083,0.8410980525935138,-0.13941920957034779,0.2964992567710699,0.15708004720072036,GBP
2026-01-29,6,9,1,0,0.08991457903108768,0.1135575700846242,0.6397541822459333,-0.04715187780097754,0.13706645683208057,0.08991457903109143,JPY
2026-01-30,6,8,1,0,0.02781828550516667,0.04885872960972692,0.4865461996537545,-0.0,0.027818285505155835,0.027818285505167607,JPY
2026-02-02,6,8,0,0,0.004886215557420259,0.06308830118041854,0.5218921898832384,-0.0,0.004886215557413112,0.004886215557420729,JPY
2026-02-03,6,9,0,0,0.0,0.009157293291690058,0.567511905396459,-0.0,-0.03982905694635581,-0.039829056946357626,JPY
2026-02-04,6,9,2,0,0.0,0.04576695189310787,0.6312171677281817,-0.0,-0.029792981009998335,-0.02979298100999611,EUR
2026-02-05,6,8,1,0,0.010656159661566281,0.010656159661566281,0.3130141995443152,-0.0,0.01065615966156786,0.010656159661569086,EUR
2026-02-06,6,9,1,0,0.013641334776382151,0.013641334776382151,0.29714430453677404,-0.04496933350500376,0.05861066828139678,0.013641334776386358,EUR
2026-02-09,6,8,0,0,0.0,0.015715842154140812,0.3339510382004496,-0.0,-0.0019090685097716837,-0.0019090685097639763,EUR
2026-02-10,6,8,1,0,0.09690768173760765,0.09690768173760765,0.3276003582289961,-0.0,0.09690768173760345,0.09690768173760811,EUR
2026-02-11,6,7,2,0,0.007762603648257008,0.021152920416698657,0.2176774417823041,-0.039497827740329096,0.04726043138857694,0.007762603648253737,EUR
2026-02-12,6,5,0,0,0.012009774288444379,0.02140545680834387,0.21095187807859012,-0.0,0.01200977428843746,0.012009774288438307,CAD
2026-02-13,6,6,0,0,0.030131272276991822,0.03189149182108638,0.2275193284080989,-0.0,0.030131272276991975,0.030131272276986688,CAD
2026-02-16,6,6,0,0,0.00992882532375537,0.00992882532375537,0.24041111325453032,-0.0,0.009928825323755136,0.009928825323760507,CAD
2026-02-17,6,7,1,0,0.07469107061366527,0.07469107061366527,0.2667550811807639,-0.0,0.07469107061366104,0.0746910706136606,CAD
2026-02-18,6,7,0,0,0.10088832897679062,0.12293074004450479,0.24154548627738762,-0.0,0.10088832897680516,0.10088832897679624,CAD
2026-02-19,6,9,2,2,0.034533123360584186,0.05906114172507143,0.2285841563072456,-0.0,0.03453312336058371,0.03453312336058372,GBP
2026-02-20,6,8,0,0,0.05721441624461679,0.05721441624461679,0.248800475519651,-0.0,0.057214416244614756,0.05721441624461866,EUR
2026-02-23,6,9,0,0,0.03562497033131412,0.09727929283113275,0.32773698115388145,-0.0,0.03562497033129571,0.035624970331305704,EUR
2026-02-24,6,11,0,0,0.0273818046867869,0.07068175446854429,0.31990066159002983,-0.0,0.027381804686795276,0.02738180468679672,EUR
2026-02-25,6,11,0,0,0.0,0.024798910736190817,0.3059030803933194,-0.0,-0.029867373719771467,-0.029867373719764393,EUR
2026-02-26,6,11,0,0,0.18733027123170704,0.22508470995101834,0.5155875076432304,-0.0,0.18733027123171095,0.18733027123170423,EUR
2026-02-27,6,11,0,0,0.13543173261549446,0.15837088580019906,0.43463465255661193,-0.0,0.1354317326155085,0.13543173261550148,EUR
2026-03-02,6,14,7,5,0.32341130923720884,0.32341130923720884,0.6059039149719299,0.13156664285242642,0.1918446663847934,0.32341130923721306,EUR
2026-03-03,6,9,4,3,0.241553385383966,0.2585986984520607,0.38223669331662,0.01325782793083507,0.22829555745312938,0.2415533853839632,CHF
2026-03-04,6,6,1,0,0.044163684275011925,0.044163684275011925,0.18691753699266503,-0.0,0.04416368427501153,0.04416368427501755,CHF
2026-03-05,6,7,0,0,0.031094239163683333,0.031094239163683333,0.24922766790070774,-0.0,0.031094239163686345,0.03109423916368239,EUR
2026-03-06,6,7,1,0,0.09483332130232633,0.09681659858585037,0.2740685987149545,-0.0,0.09483332130233224,0.09483332130232586,EUR
2026-03-08,1,6,0,0,0.009167181173213487,0.009167181173213487,0.17132971839467948,-0.0,0.009167181173209346,0.009167181173221475,EUR
2026-03-09,6,6,2,2,0.0469220296121823,0.0469220296121823,0.20727916431180354,0.06613358241430349,-0.019211552802123655,0.0469220296121715,EUR
2026-03-10,6,5,1,0,0.0,0.013919592658033603,0.18446345672670528,-0.01580595857390082,0.011807642925426192,-0.0039983156484648405,CAD
2026-03-11,6,5,0,0,0.0,0.012641421275239238,0.13221820176613644,-0.0,-0.01955339920908651,-0.019553399209076682,EUR
2026-03-12,6,5,0,0,0.026692308080297593,0.026692308080297593,0.1604533766742825,-0.0,0.026692308080298318,0.02669230808029853,EUR
2026-03-13,6,6,1,0,0.0,0.017016431893930366,0.218483967908165,-0.0,-0.0017739555954137745,-0.0017739555954237535,CAD
2026-03-15,1,5,0,0,0.0,0.0,0.26822909871075434,-0.0,-0.004281025422847181,-0.004281025422844132,CAD
2026-03-16,6,7,0,0,0.06574678264986593,0.06574678264986593,0.28276353724591563,-0.0,0.06574678264986494,0.06574678264987296,EUR
2026-03-17,6,7,0,0,0.0,0.0077800774409131,0.2706343710221267,-0.0,-0.0037831898787612293,-0.0037831898787665658,EUR
2026-03-18,6,7,0,0,0.021434765793466867,0.039751940638025694,0.3772280206741253,-0.0,0.021434765793460955,0.02143476579346031,EUR
2026-03-19,6,8,0,0,0.023291286919068507,0.023291286919068507,0.37462273410093694,-0.0,0.023291286919076858,0.023291286919068975,EUR
2026-03-20,6,10,0,0,0.008681003398166624,0.008681003398166624,0.399806111523847,-0.0,0.00868100339817476,0.008681003398175988,EUR
2026-03-22,1,10,1,0,0.06457120630166673,0.06457120630166673,0.44747014633157634,-0.0,0.06457120630167269,0.06457120630167561,JPY
2026-03-23,6,14,1,1,0.1010541086076262,0.11920238528381807,0.5674391990838582,0.03312948426991535,0.06792462433769857,0.10105410860761638,JPY
2026-03-24,6,13,0,0,0.02735429274111033,0.02735429274111033,0.5051383929186674,-0.0,0.02735429274112748,0.02735429274111923,JPY
2026-03-25,6,13,0,0,0.0,0.01973561771035308,0.4980685812368028,-0.0,-0.002777673208811251,-0.002777673208812948,JPY
2026-03-26,6,15,2,1,0.05137989171957917,0.07221540654944111,0.6095251670691754,0.038629013873915985,0.012750877845666,0.0513798917195787,JPY
2026-03-27,6,13,0,0,0.016856513779513162,0.027287881890880942,0.5776114697408198,0.06589371196634343,-0.049037198186847125,0.016856513779507542,JPY
2026-03-30,6,15,4,2,0.1867673554137739,0.1867673554137739,0.740020828411941,0.04295901778356202,0.14380833763020168,0.18676735541377157,CHF
2026-03-31,6,12,2,1,0.009404830280735483,0.03982310885477926,0.6230786794365052,0.009375715570377318,2.9114710359334343e-05,0.00940483028072986,CHF
2026-04-01,6,11,3,1,0.10353892965021484,0.1149532890166799,0.6758991809064921,-0.0,0.10353892965021694,0.10353892965022328,CHF
2026-04-02,6,11,0,0,0.011590304948521422,0.02106680998805263,0.5820223688406201,-0.0,0.011590304948528984,0.01159030494852236,AUD
2026-04-03,6,11,0,0,0.012008493764437772,0.01267720835569584,0.683580093094747,-0.0,0.012008493764424182,0.01200849376443215,CHF
2026-04-04,1,11,0,0,0.002998654371595088,0.002998654371595088,0.7004945640628051,-0.0,0.0029986543716124256,0.0029986543716021166,CHF
2026-04-06,6,12,0,0,0.0,0.026429239987691554,0.7137991838241345,-0.0,-0.0054515988359634645,-0.005451598835952335,CHF
2026-04-07,6,12,0,0,0.007893908697144068,0.007893908697144068,0.7410682849557307,-0.0,0.007893908697147112,0.007893908697142663,CHF
2026-04-08,6,15,7,1,0.002929536187557419,0.0889800879848924,0.46259605169806545,-0.4425017450393249,0.44543128122688086,0.0029295361875550795,CHF
2026-04-09,6,9,0,0,0.0,0.005246284109771288,0.39781280398466357,-0.0,-0.009145065623053504,-0.009145065623050348,CHF
2026-04-10,6,9,1,0,0.06400581052047609,0.06400581052047609,0.47793846534242673,-0.0,0.06400581052046529,0.06400581052046535,CHF
2026-04-11,1,8,8,0,0.17795969174548693,0.17795969174548693,0.17795969174548693,-0.0,0.1779596917455002,0.17795969174549722,CHF
