pair,bar_time,L1_value,L0_value,L1_age_d1_bars,L0_age_d1_bars,L1_to_atr_proximity,reject_buffer_atr,upper_fraction,fired_signal
NZD_CHF,2020-10-07 04:00:00,0.60477,0.60247,5,9,-0.6439894076,0.2767557785,0.9351351351,1
NZD_CHF,2020-10-09 12:00:00,0.60477,0.60247,7,11,-0.8000926993,0.2300266511,0.8015564202,0
EUR_GBP,2020-10-12 08:00:00,0.90438,0.90247,6,10,0.18710027,1.260893124,0.992481203,1
NZD_CHF,2020-10-13 08:00:00,0.60477,0.60247,9,13,-0.1119308601,1.091325886,1,1
EUR_GBP,2020-10-13 12:00:00,0.90438,0.90247,7,11,-1.04884428,0.7103726202,0.9376391982,0
NZD_CHF,2020-10-13 16:00:00,0.60477,0.60247,9,13,0.1526510947,1.582483015,0.8593272171,0
AUD_NZD,2020-10-14 04:00:00,1.07586,1.07162,6,13,-0.3541318302,0.2440638289,0.6281407035,1
AUD_NZD,2020-10-14 12:00:00,1.07586,1.07162,6,13,-0.3197742997,0.5814078176,0.7410358566,0
NZD_JPY,2020-10-15 16:00:00,69.405,68.63,5,15,-0.8168785987,0.2487955123,0.9771863118,1
EUR_GBP,2020-10-15 20:00:00,0.90438,0.90247,9,13,0.1494194668,0.9438937047,0.7465753425,1
NZD_JPY,2020-10-15 20:00:00,69.405,68.63,5,15,0.1754758831,0.6077457414,0.7426470588,0
EUR_GBP,2020-10-16 12:00:00,0.90438,0.90247,10,14,-0.01360751894,1.496827084,0.6757990868,0
NZD_JPY,2020-10-16 12:00:00,69.405,68.63,6,16,-0.02552620216,0.7700404317,0.6951672862,0
NZD_JPY,2020-10-16 16:00:00,69.405,68.63,6,16,0.1690472287,1.157973517,0.9105058366,0
AUD_USD,2020-10-19 00:00:00,0.7095,0.70056,8,16,-0.9461095741,0.3440398451,0.8823529412,1
AUD_USD,2020-10-19 08:00:00,0.7095,0.70056,8,16,-0.4554382684,0.2256299678,0.9421965318,0
EUR_GBP,2020-10-19 12:00:00,0.90438,0.90247,11,15,-0.5168503263,0.6846588739,0.9017632242,0
EUR_GBP,2020-10-19 16:00:00,0.90438,0.90247,11,15,0.08935194716,1.035820721,0.8011204482,0
CAD_CHF,2020-10-20 16:00:00,0.68797,0.68587,9,15,0.02814686501,1.959021805,0.9397260274,1
NZD_JPY,2020-10-20 16:00:00,69.405,68.63,8,18,-0.5576285463,0.4676884582,0.8636363636,0
AUD_USD,2020-10-21 12:00:00,0.7095,0.70056,10,18,-0.9177157436,0.3916611123,0.8880208333,0
AUD_USD,2020-10-21 16:00:00,0.7095,0.70056,10,18,-0.0914654879,1.265882353,0.8412698413,0
CAD_CHF,2020-10-22 00:00:00,0.68797,0.68587,11,17,-0.3604262072,0.3836795109,0.8152866242,0
CAD_JPY,2020-10-22 04:00:00,79.443,78.565,5,16,-0.01982211249,0.3419314405,0.7684210526,1
CAD_CHF,2020-10-22 08:00:00,0.68797,0.68587,11,17,0.05392988349,1.174473018,0.9077669903,0
CAD_JPY,2020-10-22 08:00:00,79.443,78.565,5,16,-0.213493562,0.9946859137,0.9503816794,0
AUD_USD,2020-10-22 12:00:00,0.7095,0.70056,11,19,-0.1335752023,0.3300093232,0.7151515152,1
AUD_USD,2020-10-22 16:00:00,0.7095,0.70056,11,19,-0.1102363004,0.8307092635,0.967611336,0
CAD_JPY,2020-10-22 16:00:00,79.443,78.565,5,16,0.1981977878,1.509005884,0.7256857855,0
CAD_CHF,2020-10-23 20:00:00,0.68797,0.68587,12,18,-0.1163319526,0.3683845164,0.8720930233,0
CAD_JPY,2020-10-27 04:00:00,79.443,78.565,8,19,-0.3209063986,0.165629109,0.7286821705,0
CAD_CHF,2020-10-27 08:00:00,0.68797,0.68587,14,20,-0.2807485341,0.7189901484,0.9358974359,1
CAD_CHF,2020-10-27 16:00:00,0.68797,0.68587,14,20,-0.1088908481,0.8903428167,0.8387096774,0
EUR_GBP,2020-10-28 08:00:00,0.90108,0.90067,5,10,0.1575934031,1.874532059,0.8054474708,1
GBP_JPY,2020-10-28 16:00:00,135.337,135.044,8,18,-0.4705414829,0.4114158516,0.6520947177,1
GBP_JPY,2020-10-29 00:00:00,135.337,135.044,9,19,0.1489981723,1.11117281,0.9384236453,0
EUR_GBP,2020-11-02 04:00:00,0.90108,0.90067,8,13,-0.4481286897,0.289738377,1,0
CAD_CHF,2020-11-02 08:00:00,0.68797,0.68587,18,24,-0.4154775873,0.5165397032,0.9273743017,1
GBP_JPY,2020-11-03 00:00:00,135.337,135.044,12,22,-0.4453588184,0.1548038674,0.9032258065,1
EUR_GBP,2020-11-03 04:00:00,0.90108,0.90067,9,14,-0.2057754177,0.2798545681,0.8082191781,1
AUD_JPY,2020-11-03 08:00:00,74.185,73.972,8,28,-1.449212428,1.17371858,0.9176706827,1
CAD_JPY,2020-11-03 08:00:00,79.443,78.565,13,24,-1.663022174,0.8134347592,0.9607293128,1
EUR_USD,2020-11-03 08:00:00,1.16882,1.16122,13,27,-1.416440285,0.331851724,0.9751693002,1
GBP_JPY,2020-11-03 08:00:00,135.337,135.044,12,22,-0.4234354888,1.557149862,0.9529025192,0
GBP_AUD,2020-11-03 12:00:00,1.82153,1.79573,4,17,-0.3723450605,0.4348873949,0.8043478261,1
GBP_AUD,2020-11-03 20:00:00,1.82153,1.79573,4,17,-0.420544117,0.2023236302,0.7765765766,0
GBP_AUD,2020-11-04 00:00:00,1.82153,1.79573,5,18,-0.4026129723,0.4267130446,0.6647727273,0
EUR_GBP,2020-11-04 12:00:00,0.90108,0.90067,10,15,-0.8718159161,0.3772585237,0.912037037,0
EUR_USD,2020-11-04 16:00:00,1.16882,1.16122,14,28,-0.1995639537,0.6553581689,0.6425925926,0
GBP_JPY,2020-11-04 16:00:00,135.337,135.044,13,23,0.04627736247,1.000302989,0.8918469218,0
EUR_GBP,2020-11-04 20:00:00,0.90108,0.90067,10,15,-0.06125476335,0.5126056512,0.7235772358,0
EUR_GBP,2020-11-05 00:00:00,0.90108,0.90067,11,16,0.2238836069,1.128746518,0.6191489362,0
GBP_CAD,2020-11-05 00:00:00,1.69596,1.69049,12,16,0.2483748607,1.442079494,0.9588875453,1
GBP_NZD,2020-11-05 20:00:00,1.93944,1.93434,6,16,-0.6277529484,0.4263488775,1,1
EUR_GBP,2020-11-06 08:00:00,0.90108,0.90067,12,17,-0.3036329587,0.2656788389,0.618556701,0
EUR_CAD,2020-11-06 12:00:00,1.54995,1.53889,10,17,-0.1653851637,0.3927897637,0.820441989,1
EUR_GBP,2020-11-06 12:00:00,0.90108,0.90067,12,17,0.2447757781,0.9916557165,0.6780626781,1
EUR_CAD,2020-11-06 20:00:00,1.54995,1.53889,10,17,-0.4633686399,0.1665829408,0.875,0
EUR_GBP,2020-11-09 08:00:00,0.90108,0.90067,13,18,-0.1405689644,1.117857955,0.9016786571,0
GBP_NZD,2020-11-10 12:00:00,1.93944,1.93434,9,19,-0.529890271,0.241876034,0.7908309456,0
GBP_NZD,2020-11-10 20:00:00,1.93944,1.93434,9,19,-0.1549212369,0.4071823661,0.7167832168,0
EUR_CAD,2020-11-12 20:00:00,1.54995,1.53889,14,21,-0.2468046357,0.2399489513,0.6826923077,1
GBP_JPY,2020-11-20 00:00:00,137.542,134.4,5,15,-0.3908180004,0.4350615476,0.938547486,1
USD_CHF,2020-11-23 16:00:00,0.90881,0.8975,4,10,-0.5286356451,1.47040671,0.6276150628,1
USD_CAD,2020-11-24 12:00:00,1.3034,1.29281,4,11,-0.2033162334,1.241792995,0.9094488189,1
CAD_CHF,2020-11-30 00:00:00,0.69459,0.69307,5,11,-0.2603833283,0.7752321819,0.6578947368,1
CAD_CHF,2020-11-30 08:00:00,0.69459,0.69307,5,11,0.01835842236,0.9301600665,0.9551282051,0
CAD_CHF,2020-12-02 04:00:00,0.69459,0.69307,7,13,-0.3801782244,0.2172446997,0.9649122807,0
CAD_CHF,2020-12-02 08:00:00,0.69459,0.69307,7,13,0.170173054,1.122078575,0.7489539749,0
AUD_CHF,2020-12-02 16:00:00,0.66175,0.66044,8,13,-1.149675054,0.452261878,0.9176755448,1
GBP_CHF,2020-12-03 12:00:00,1.19876,1.17906,14,20,-0.215756725,0.3938814631,0.972,1
AUD_CHF,2020-12-03 16:00:00,0.66175,0.66044,9,14,-0.1012575018,0.7962521734,0.975,0
GBP_CHF,2020-12-03 16:00:00,1.19876,1.17906,14,20,-0.1727553525,0.8168860242,0.816700611,0
AUD_CHF,2020-12-04 08:00:00,0.66175,0.66044,10,15,-0.6145032746,0.1288474608,0.8522727273,0
GBP_CHF,2020-12-04 08:00:00,1.19876,1.17906,15,21,-0.9845449404,0.7586643057,0.9268929504,0
GBP_CHF,2020-12-04 12:00:00,1.19876,1.17906,15,21,-0.5693321593,0.8657613002,0.9298780488,0
AUD_CHF,2020-12-04 16:00:00,0.66175,0.66044,10,15,-0.647191555,0.1054682534,0.646090535,0
CAD_CHF,2020-12-04 16:00:00,0.69459,0.69307,9,15,-0.8184132295,0.6035797567,0.8200589971,1
EUR_CHF,2020-12-07 00:00:00,1.07911,1.06595,6,23,0.1662908479,0.9700299459,0.7591623037,1
AUD_CAD,2020-12-07 12:00:00,0.94933,0.92987,11,24,-1.353959238,0.1805278984,0.8535564854,1
GBP_JPY,2020-12-07 12:00:00,138.274,137.195,6,12,-0.3863075614,0.5581967057,0.9779816514,1
AUD_CAD,2020-12-07 16:00:00,0.94933,0.92987,11,24,0.09708415036,1.308838175,0.7711670481,0
AUD_CHF,2020-12-07 16:00:00,0.66175,0.66044,11,16,-0.7486267272,0.3111176009,0.8825910931,0
GBP_JPY,2020-12-07 16:00:00,138.274,137.195,6,12,0.01899329715,1.191397731,0.8795336788,0
GBP_JPY,2020-12-07 20:00:00,138.274,137.195,6,12,0.02109907182,1.463950983,0.8103919781,0
CAD_CHF,2020-12-08 00:00:00,0.69459,0.69307,11,17,0.09805943158,0.8879826304,0.90625,0
EUR_CHF,2020-12-08 04:00:00,1.07911,1.06595,7,24,-0.2698123134,0.3004728035,0.9393939394,0
AUD_CAD,2020-12-08 16:00:00,0.94933,0.92987,12,25,-0.7773816225,0.5878706797,0.9363395225,0
AUD_CAD,2020-12-09 00:00:00,0.94933,0.92987,13,26,-0.1440361997,0.3480874826,0.7278106509,0
AUD_CAD,2020-12-09 04:00:00,0.94933,0.92987,13,26,0.2059881899,1.287426187,0.9578947368,0
AUD_CHF,2020-12-09 08:00:00,0.66175,0.66044,13,18,-0.5817952986,1.080476983,0.9384164223,1
AUD_CHF,2020-12-10 00:00:00,0.66175,0.66044,14,19,-1.086625901,0.5257867265,0.9938271605,0
EUR_CAD,2020-12-10 20:00:00,1.5446,1.53131,11,23,-0.6511877914,0.3386176515,0.7089552239,1
USD_JPY,2020-12-14 16:00:00,103.672,103.651,7,18,-0.7141170906,1.508572354,0.8426395939,1
CHF_JPY,2020-12-18 00:00:00,116.647,113.706,5,19,-0.9467483963,0.5767547702,0.9130434783,1
CHF_JPY,2020-12-18 16:00:00,116.647,113.706,5,19,-0.1945509812,0.4704596455,0.9038461538,0
CHF_JPY,2020-12-21 04:00:00,116.647,113.706,6,20,-0.3075856914,0.2825496468,0.9217877095,0
USD_JPY,2020-12-21 08:00:00,103.672,103.651,12,23,-1.094749367,0.2726545592,0.9969879518,1
CHF_JPY,2020-12-21 16:00:00,116.647,113.706,6,20,-0.2829190769,0.3727874896,0.7606177606,0
NZD_JPY,2020-12-21 16:00:00,73.022,71.52,7,22,-0.7434761343,1.182802941,0.9193548387,1
CHF_JPY,2020-12-22 12:00:00,116.647,113.706,7,21,-0.3458479595,0.7091629877,0.8908554572,0
NZD_JPY,2020-12-22 12:00:00,73.022,71.52,8,23,-0.7821246706,0.2182673499,0.818452381,0
NZD_JPY,2020-12-23 08:00:00,73.022,71.52,9,24,-0.3558705181,0.8648036247,0.8787878788,0
CHF_JPY,2020-12-24 00:00:00,116.647,113.706,9,23,-1.21445988,0.2597399744,0.8624229979,1
EUR_GBP,2020-12-24 16:00:00,0.8982,0.88664,5,23,-0.6895639165,0.4483476415,0.8330134357,1
EUR_GBP,2020-12-28 00:00:00,0.8982,0.88664,6,24,-0.1362604279,0.7563844164,0.8966480447,0
CHF_JPY,2020-12-29 00:00:00,116.647,113.706,11,25,-0.1148588502,0.719782128,0.7315436242,0
CHF_JPY,2020-12-30 12:00:00,116.647,113.706,12,26,-0.566398936,0.2970140762,0.6443298969,1
CHF_JPY,2020-12-30 16:00:00,116.647,113.706,12,26,-0.2511132906,0.9383707177,0.7610993658,0
EUR_CAD,2021-01-04 12:00:00,1.56093,1.54029,5,15,-0.9260560619,0.217339688,0.803986711,1
EUR_CAD,2021-01-04 16:00:00,1.56093,1.54029,5,15,-0.3407713307,1.130041703,0.7734104046,0
EUR_NZD,2021-01-04 16:00:00,1.70628,1.6947,10,27,-0.3634800644,0.719579823,0.6897767333,1
EUR_NZD,2021-01-05 00:00:00,1.70628,1.6947,11,28,-0.2759708268,0.2608491377,0.7395833333,0
GBP_AUD,2021-01-05 12:00:00,1.75908,1.74257,9,15,-0.04392784036,0.7581619855,0.8055555556,1
EUR_CAD,2021-01-06 12:00:00,1.56093,1.54029,7,17,-0.6002893464,0.9352822775,0.8975032852,0
GBP_CHF,2021-01-06 16:00:00,1.19187,1.17331,4,10,-0.03925642127,1.505599216,0.9639769452,1
EUR_CAD,2021-01-06 20:00:00,1.56093,1.54029,7,17,-0.5494132621,0.2333415399,0.6275510204,0
GBP_NZD,2021-01-11 12:00:00,1.87782,1.85208,13,19,-0.7257433389,0.1683859255,0.9672131148,1
GBP_NZD,2021-01-11 16:00:00,1.87782,1.85208,13,19,0.08142138262,0.938042179,0.947467167,0
GBP_AUD,2021-01-12 12:00:00,1.75908,1.74257,14,20,-0.4047720354,0.7584747018,0.8686440678,1
EUR_CHF,2021-01-14 00:00:00,1.07861,1.07353,7,23,-0.2925124524,0.4666270074,0.872,1
EUR_CHF,2021-01-14 08:00:00,1.07861,1.07353,7,23,-0.5364091269,0.5501632071,0.8826815642,0
EUR_CHF,2021-01-14 20:00:00,1.07861,1.07353,7,23,-0.2194777378,0.5551495721,0.8333333333,0
EUR_CHF,2021-01-15 04:00:00,1.07861,1.07353,8,24,0.1510315197,0.5698007334,0.743902439,0
AUD_USD,2021-01-18 12:00:00,0.7666,0.74618,5,18,-0.06503385673,0.6600936458,0.9291666667,1
AUD_USD,2021-01-19 00:00:00,0.7666,0.74618,6,19,0.184217276,1.331230504,0.8549222798,0
CHF_JPY,2021-01-19 00:00:00,116.448,116.149,11,15,-1.240200677,0.7047634845,0.9703196347,1
NZD_USD,2021-01-20 16:00:00,0.71465,0.70025,7,20,-0.5014314947,0.5056452048,0.6005025126,1
CHF_JPY,2021-01-21 00:00:00,116.448,116.149,13,17,-1.004885105,0.1800419147,0.9012738854,0
CHF_JPY,2021-01-21 12:00:00,116.448,116.149,13,17,0.07409550589,1.233690173,0.6986607143,0
USD_JPY,2021-01-21 12:00:00,103.526,102.591,6,11,-1.098738199,0.2885575068,0.9124087591,1
USD_JPY,2021-01-22 00:00:00,103.526,102.591,7,12,-0.2665691545,0.3245189707,0.7727272727,0
USD_JPY,2021-01-22 04:00:00,103.526,102.591,7,12,-0.1677134269,0.3533961495,0.9255319149,0
AUD_CHF,2021-01-25 00:00:00,0.6827,0.67161,5,17,-0.6032345316,0.3790234668,0.776371308,1
AUD_CHF,2021-01-26 08:00:00,0.6827,0.67161,6,18,-0.384877474,0.8018280708,0.8473282443,0
USD_JPY,2021-01-26 16:00:00,103.526,102.591,9,14,0.1951144453,1.015940733,0.7820512821,0
AUD_CHF,2021-01-27 16:00:00,0.6827,0.67161,7,19,-0.6482168805,0.4511589488,0.8945147679,0
AUD_JPY,2021-01-28 00:00:00,79.509,77.49,8,26,-0.07688838525,0.8714016995,0.7896341463,1
AUD_JPY,2021-01-28 12:00:00,79.509,77.49,8,26,-0.7831561472,0.5232440634,0.9646464646,0
CAD_JPY,2021-01-28 12:00:00,81.084,80.142,8,25,-0.2383189269,0.861614582,0.8391608392,1
CAD_JPY,2021-01-29 00:00:00,81.084,80.142,9,26,0.1132928173,1.132928173,0.6445623342,0
CAD_JPY,2021-01-29 08:00:00,81.084,80.142,9,26,0.2441868813,2.032265012,0.9458333333,0
AUD_CHF,2021-01-29 12:00:00,0.6827,0.67161,9,21,-1.509177871,0.1225942809,0.8126315789,1
AUD_CHF,2021-02-01 08:00:00,0.6827,0.67161,10,22,-0.4449377402,0.3061498212,0.8932038835,0
AUD_CHF,2021-02-01 16:00:00,0.6827,0.67161,10,22,-0.6911128145,0.3683176077,0.917562724,0
AUD_CHF,2021-02-02 00:00:00,0.6827,0.67161,11,23,0.12855712,1.127985053,0.9601593625,0
GBP_NZD,2021-02-03 08:00:00,1.89214,1.86178,6,19,-0.2021057205,0.5510403833,0.6646341463,1
GBP_NZD,2021-02-04 12:00:00,1.89214,1.86178,7,20,-0.889690706,1.656556854,0.9395700174,0
GBP_USD,2021-02-04 12:00:00,1.36099,1.35196,7,13,-1.049510574,1.643923642,0.8721804511,1
NZD_CAD,2021-02-05 12:00:00,0.91387,0.90383,4,12,-0.1236712123,1.171239128,0.7928730512,1
GBP_AUD,2021-02-11 16:00:00,1.77905,1.74156,5,25,0.004676738721,0.6173295111,0.8238993711,1
EUR_AUD,2021-02-12 00:00:00,1.56168,1.55967,4,16,-0.2775060161,0.9814949621,0.8534653465,1
EUR_CAD,2021-02-16 04:00:00,1.53129,1.52684,7,19,0.004390581545,0.7024930472,0.8112244898,1
USD_CHF,2021-02-16 12:00:00,0.88903,0.88385,4,17,-1.113080428,1.626366221,0.9753593429,1
EUR_CAD,2021-02-18 12:00:00,1.53129,1.52684,9,21,-0.4834941647,0.536376339,0.9,0
EUR_CAD,2021-02-19 00:00:00,1.53129,1.52684,10,22,0.196731302,1.303344875,0.9130434783,0
EUR_CAD,2021-02-22 12:00:00,1.53129,1.52684,11,23,-0.4845157015,0.7235434476,0.825607064,1
CHF_JPY,2021-02-24 08:00:00,116.593,116.177,14,26,-1.272040135,0.1728315401,0.8600823045,1
CHF_JPY,2021-02-24 12:00:00,116.593,116.177,14,26,-0.3496700522,0.6178635874,0.7851239669,0
CHF_JPY,2021-02-24 20:00:00,116.593,116.177,14,26,0.2180817835,0.5346521145,0.6293706294,0
CHF_JPY,2021-02-25 00:00:00,116.593,116.177,15,27,0.1763023389,1.185719652,0.8248587571,0
EUR_CAD,2021-02-25 16:00:00,1.53129,1.52684,14,26,-1.842801011,0.2317808724,0.8276255708,0
EUR_CAD,2021-02-25 20:00:00,1.53129,1.52684,14,26,-0.4438283106,0.6410853375,0.6984126984,1
EUR_AUD,2021-02-26 16:00:00,1.56168,1.55967,14,26,-1.014720049,0.39452568,0.6485112564,1
EUR_CAD,2021-02-26 16:00:00,1.53129,1.52684,15,27,-0.0404777747,1.07519089,0.6966824645,0
EUR_AUD,2021-02-26 20:00:00,1.56168,1.55967,14,26,0.08518559356,0.8392358476,0.7503924647,0
AUD_CAD,2021-03-01 00:00:00,0.98214,0.97141,8,19,-0.4720166255,0.6524051448,0.671454219,1
CHF_JPY,2021-03-01 16:00:00,116.593,116.177,17,29,-0.548330567,0.3655537114,0.8083140878,1
AUD_CAD,2021-03-02 04:00:00,0.98214,0.97141,9,20,-0.3088520533,0.566759438,0.828313253,0
AUD_CAD,2021-03-02 12:00:00,0.98214,0.97141,9,20,0.03366425438,1.254758572,0.7202166065,0
EUR_USD,2021-03-02 12:00:00,1.20234,1.19522,9,17,-0.5414107759,0.1773587024,0.7356687898,1
EUR_USD,2021-03-02 16:00:00,1.20234,1.19522,9,17,0.1356939664,1.657826285,0.9084507042,0
AUD_USD,2021-03-05 04:00:00,0.76922,0.75636,5,23,0.0101892812,0.8024058942,0.9810725552,1
NZD_USD,2021-03-05 04:00:00,0.71574,0.71057,12,26,0.05854607217,0.4739443937,0.8277777778,1
AUD_USD,2021-03-09 08:00:00,0.76922,0.75636,7,25,-1.122299663,0.2886573207,0.9698412698,0
NZD_USD,2021-03-09 08:00:00,0.71574,0.71057,14,28,-1.268941564,0.2667202013,0.9793814433,0
GBP_CAD,2021-03-09 16:00:00,1.75518,1.73498,7,23,-0.6619075399,0.3134266233,0.6728307255,1
NZD_USD,2021-03-09 20:00:00,0.71574,0.71057,14,28,-0.1220384862,0.3831440847,0.6267605634,0
AUD_USD,2021-03-10 08:00:00,0.76922,0.75636,8,26,-0.6255662928,0.4698345997,0.9741784038,0
GBP_CAD,2021-03-10 08:00:00,1.75518,1.73498,8,24,0.05667804723,0.8828695818,0.7656565657,0
NZD_USD,2021-03-10 08:00:00,0.71574,0.71057,15,29,-0.749936167,0.2948222336,0.9785522788,0
AUD_USD,2021-03-10 12:00:00,0.76922,0.75636,8,26,-0.1360967075,0.9029493093,0.9363207547,1
NZD_USD,2021-03-10 12:00:00,0.71574,0.71057,15,29,-0.2206631262,0.7581758696,0.8501228501,1
GBP_CAD,2021-03-10 16:00:00,1.75518,1.73498,8,24,0.02109009839,0.6769921583,0.624497992,0
GBP_CAD,2021-03-11 04:00:00,1.75518,1.73498,9,25,0.1509523193,0.686146906,0.9709543568,0
GBP_CAD,2021-03-11 12:00:00,1.75518,1.73498,9,25,-0.331300842,0.4096490141,0.7012711864,0
EUR_CHF,2021-03-17 08:00:00,1.10298,1.07798,5,24,-0.747508344,0.1334836328,0.7674418605,1
EUR_CHF,2021-03-17 12:00:00,1.10298,1.07798,5,24,-0.3087039472,1.045610144,0.7214854111,0
EUR_NZD,2021-03-18 08:00:00,1.65109,1.63222,5,16,-0.4991791118,0.1709786721,0.6024734982,1
EUR_GBP,2021-03-18 12:00:00,0.85484,0.85385,5,16,-0.6789751192,1.020681552,0.9720812183,1
EUR_NZD,2021-03-18 12:00:00,1.65109,1.63222,5,16,-0.1156429757,1.494032638,0.9685746352,0
EUR_GBP,2021-03-19 12:00:00,0.85484,0.85385,6,17,-0.5487298484,1.471593684,0.908411215,0
USD_CAD,2021-03-23 08:00:00,1.2575,1.24677,13,18,-1.139991772,0.2153636849,0.955465587,1
AUD_CHF,2021-03-23 12:00:00,0.71354,0.69916,4,16,-0.8378239874,0.8266530009,0.9738562092,1
GBP_CHF,2021-03-23 12:00:00,1.27888,1.25757,5,17,-0.259909897,1.335985452,0.9150417827,1
USD_CAD,2021-03-23 20:00:00,1.2575,1.24677,13,18,-0.4839579508,0.1678466882,0.7018072289,0
AUD_CHF,2021-03-26 00:00:00,0.71354,0.69916,7,19,-0.5899155421,0.3531731206,0.987804878,0
NZD_CHF,2021-03-26 08:00:00,0.65621,0.64073,19,30,-0.3476979984,0.4886566464,0.9175257732,1
NZD_CHF,2021-03-26 12:00:00,0.65621,0.64073,19,30,0.1968605965,0.7250231725,0.7382550336,0
NZD_CHF,2021-03-26 20:00:00,0.65621,0.64073,19,30,-0.3040014336,0.3677436696,0.9256756757,0
GBP_NZD,2021-04-05 00:00:00,1.95865,1.92031,4,13,0.1967408399,1.523878611,0.7736418511,1
AUD_CHF,2021-04-07 00:00:00,0.71231,0.70856,4,10,-0.0711165046,0.8865857573,0.9266055046,1
GBP_NZD,2021-04-07 04:00:00,1.95865,1.92031,6,15,-0.2472048729,0.1634741901,0.6338461538,0
GBP_NZD,2021-04-07 08:00:00,1.95865,1.92031,6,15,-0.7177649592,0.8530505013,0.8989247312,0
CAD_CHF,2021-04-07 20:00:00,0.7361,0.71204,11,27,-0.314594808,0.5527880198,0.9368932039,1
EUR_CHF,2021-04-08 00:00:00,1.10326,1.10023,6,17,-0.4581777465,0.2519977606,0.8551724138,1
GBP_NZD,2021-04-08 00:00:00,1.95865,1.92031,7,16,-0.5391214532,0.2130986825,0.8497942387,0
CAD_CHF,2021-04-08 04:00:00,0.7361,0.71204,12,28,0.1876568423,0.4763596767,0.8,0
GBP_AUD,2021-04-08 12:00:00,1.79793,1.7813,7,15,0.1228369374,0.5578005192,0.6857142857,1
GBP_AUD,2021-04-09 04:00:00,1.79793,1.7813,8,16,-0.6291072826,0.2669567087,0.9039665971,0
CAD_CHF,2021-04-09 12:00:00,0.7361,0.71204,13,29,-0.6779199197,1.181652082,0.908045977,0
GBP_AUD,2021-04-09 12:00:00,1.79793,1.7813,8,16,-0.4086408386,0.5750461285,0.9769874477,0
CAD_CHF,2021-04-12 00:00:00,0.7361,0.71204,14,30,-0.2677813728,1.117294694,1,0
GBP_AUD,2021-04-12 00:00:00,1.79793,1.7813,9,17,-0.8398742285,0.4072117472,0.9468599034,0
GBP_AUD,2021-04-12 08:00:00,1.79793,1.7813,9,17,0.07813530344,1.26917074,0.8185776488,0
GBP_CAD,2021-04-13 08:00:00,1.72947,1.71783,8,13,-0.6227630672,0.4111678938,0.9772727273,1
GBP_AUD,2021-04-14 00:00:00,1.79793,1.7813,11,19,-0.05176317751,0.4752800845,0.8086642599,1
GBP_CAD,2021-04-14 08:00:00,1.72947,1.71783,9,14,-0.8142035481,0.1595077126,0.6390625,0
AUD_CHF,2021-04-14 16:00:00,0.71231,0.70856,9,15,-1.53629874,0.4102378107,0.9607438017,1
AUD_NZD,2021-04-14 16:00:00,1.08049,1.07016,7,26,-0.4539205938,0.7467725898,0.9609375,1
EUR_CHF,2021-04-14 16:00:00,1.10326,1.10023,10,21,-0.3030311833,1.146008839,0.9924528302,1
AUD_CHF,2021-04-15 00:00:00,0.71231,0.70856,10,16,-0.3934308455,0.7227153575,1,0
AUD_NZD,2021-04-15 00:00:00,1.08049,1.07016,8,27,-0.9843151545,0.6531001025,0.9164490862,0
USD_CAD,2021-04-15 04:00:00,1.2502,1.23648,8,20,0.08580646153,0.8100129969,0.9678899083,1
AUD_CHF,2021-04-15 08:00:00,0.71231,0.70856,10,16,-0.1571739408,1.245301223,0.9182058047,0
AUD_NZD,2021-04-15 08:00:00,1.08049,1.07016,8,27,-0.6098232298,0.182036785,0.9405405405,0
AUD_NZD,2021-04-15 12:00:00,1.08049,1.07016,8,27,-0.08688365475,0.5944671115,0.7268292683,0
USD_CAD,2021-04-15 12:00:00,1.2502,1.23648,8,20,-0.8073264006,0.4709404004,0.9432624113,0
USD_CAD,2021-04-15 16:00:00,1.2502,1.23648,8,20,0.05473693532,1.173803169,0.673992674,0
AUD_NZD,2021-04-15 20:00:00,1.08049,1.07016,8,27,-0.1254663463,0.1447688612,0.6666666667,0
EUR_NZD,2021-04-16 00:00:00,1.66665,1.64855,9,21,-0.0719928306,0.6874154148,0.9909090909,1
AUD_NZD,2021-04-16 12:00:00,1.08049,1.07016,9,28,0.1910288364,0.9445314689,0.9659863946,0
USD_CAD,2021-04-16 20:00:00,1.2502,1.23648,9,21,-0.0919490853,0.1414601312,0.7252747253,0
USD_CAD,2021-04-19 00:00:00,1.2502,1.23648,10,22,0.03653494837,0.5224497617,0.8525641026,0
AUD_NZD,2021-04-19 12:00:00,1.08049,1.07016,10,29,0.126258139,0.5709063677,0.6090225564,0
GBP_AUD,2021-04-19 16:00:00,1.79793,1.7813,14,22,-0.6354291185,0.8529021858,0.933901919,1
USD_CAD,2021-04-19 16:00:00,1.2502,1.23648,10,22,-0.7112600092,1.002974944,0.886440678,0
CAD_JPY,2021-04-20 04:00:00,86.503,86.073,8,20,-0.5111462091,0.3463966045,0.9185520362,1
CAD_JPY,2021-04-20 08:00:00,86.503,86.073,8,20,0.2498246714,1.195882034,0.6774193548,0
USD_CAD,2021-04-20 12:00:00,1.2502,1.23648,11,23,-0.240317975,0.9748109409,0.7977777778,1
GBP_AUD,2021-04-20 16:00:00,1.79793,1.7813,15,23,-0.8074359684,0.7612967702,0.8972667295,0
CAD_JPY,2021-04-21 16:00:00,86.503,86.073,9,21,-2.966992827,0.1100924982,0.8196480938,0
CHF_JPY,2021-04-21 16:00:00,117.653,115.908,4,20,-0.2845597297,0.7307212812,0.7487046632,1
EUR_JPY,2021-04-21 16:00:00,129.573,128.292,9,20,0.2019995043,1.433234578,0.7588932806,1
USD_CAD,2021-04-22 04:00:00,1.2502,1.23648,13,25,-0.3421030284,0.1763146377,0.8347457627,0
CAD_JPY,2021-04-22 12:00:00,86.503,86.073,10,22,-0.5115826929,0.1334563547,0.9103139013,0
CAD_JPY,2021-04-22 16:00:00,86.503,86.073,10,22,-0.941970549,0.5542784903,0.9303201507,0
AUD_JPY,2021-04-23 00:00:00,83.035,82.284,8,22,0.1431785864,0.5113520942,0.6352941176,1
EUR_JPY,2021-04-23 04:00:00,129.573,128.292,11,22,0.05392528286,0.6185547152,0.8054298643,0
GBP_JPY,2021-04-23 04:00:00,149.383,148.528,5,22,-0.2171093752,0.4762399198,0.8092643052,1
CHF_JPY,2021-04-23 08:00:00,117.653,115.908,6,22,-0.01851714185,0.8740090952,0.964,0
CHF_JPY,2021-04-23 16:00:00,117.653,115.908,6,22,-0.4640260411,1.3692036,0.9911660777,0
GBP_JPY,2021-04-23 16:00:00,149.383,148.528,5,22,-0.7028804749,0.4881114409,0.8121301775,0
CAD_JPY,2021-04-26 12:00:00,86.503,86.073,12,24,-0.3008447882,0.9831731739,0.7101200686,1
AUD_CHF,2021-04-30 00:00:00,0.70507,0.70126,5,13,-0.3887277475,0.6689733329,0.72,1
AUD_USD,2021-04-30 20:00:00,0.76903,0.75844,6,13,0.2099824996,0.8024331233,0.8633879781,1
AUD_CHF,2021-05-03 00:00:00,0.70507,0.70126,6,14,-1.159332491,0.3094632546,0.9665653495,0
NZD_CAD,2021-05-03 00:00:00,0.87883,0.87477,15,22,-0.7584673973,0.8157102198,0.8510638298,1
NZD_CHF,2021-05-03 00:00:00,0.6551,0.64651,6,14,-2.234838342,0.2411028917,0.9744525547,1
NZD_CHF,2021-05-03 12:00:00,0.6551,0.64651,6,14,-0.9620121959,0.3221833297,0.746701847,0
AUD_CHF,2021-05-03 16:00:00,0.70507,0.70126,6,14,-0.1108765033,1.025607656,0.9879518072,0
NZD_CHF,2021-05-03 16:00:00,0.6551,0.64651,6,14,-0.2302004172,0.5248569513,0.9318181818,0
NZD_CHF,2021-05-04 00:00:00,0.6551,0.64651,7,15,-0.5359884551,0.3961653799,0.8,0
AUD_CHF,2021-05-05 00:00:00,0.70507,0.70126,8,16,-1.025721455,0.210294357,0.9171974522,0
AUD_CHF,2021-05-05 08:00:00,0.70507,0.70126,8,16,-0.004414400793,0.7151329285,0.6174242424,1
NZD_CHF,2021-05-05 08:00:00,0.6551,0.64651,8,16,-0.4512278786,0.577740368,0.7721518987,0
EUR_NZD,2021-05-06 08:00:00,1.66692,1.66634,6,14,-0.5749480154,0.789620164,0.8278595696,1
AUD_CHF,2021-05-06 16:00:00,0.70507,0.70126,9,17,-0.7530934651,0.5982909195,0.9098591549,0
NZD_CHF,2021-05-06 16:00:00,0.6551,0.64651,9,17,-0.5914858155,0.5914858155,0.8823529412,1
EUR_NZD,2021-05-07 00:00:00,1.66692,1.66634,7,15,-0.6320757916,0.3767099274,0.9636678201,0
AUD_CHF,2021-05-07 08:00:00,0.70507,0.70126,10,18,-0.5058450368,0.1924897043,0.783919598,0
EUR_NZD,2021-05-07 08:00:00,1.66692,1.66634,7,15,-0.1972224625,0.9502536832,0.7920792079,0
NZD_CAD,2021-05-07 08:00:00,0.87883,0.87477,19,26,-0.3584967678,0.4188751708,0.7383512545,1
AUD_CHF,2021-05-07 12:00:00,0.70507,0.70126,10,18,-0.3401648807,0.6228993271,0.8226415094,0
NZD_CAD,2021-05-07 12:00:00,0.87883,0.87477,19,26,-0.5050239124,1.602029497,0.8502024291,0
NZD_CHF,2021-05-07 12:00:00,0.6551,0.64651,10,18,-0.7839949025,0.3818420769,0.8858024691,0
AUD_CHF,2021-05-07 16:00:00,0.70507,0.70126,10,18,0.2350972441,1.02746203,0.6666666667,0
NZD_CHF,2021-05-07 16:00:00,0.6551,0.64651,10,18,-0.08447606098,0.5913324269,0.6,0
EUR_AUD,2021-05-10 00:00:00,1.54589,1.54227,10,16,0.2184956677,0.8331647987,0.7485380117,1
EUR_NZD,2021-05-10 00:00:00,1.66692,1.66634,8,16,-0.1490565686,0.5071558858,0.7078431373,0
EUR_AUD,2021-05-10 20:00:00,1.54589,1.54227,10,16,-0.06451259795,0.6500884871,0.7519582245,0
EUR_NZD,2021-05-10 20:00:00,1.66692,1.66634,8,16,-0.01033512695,0.5105552712,0.64781491,0
EUR_GBP,2021-05-11 00:00:00,0.85888,0.84717,16,26,-0.182726725,0.1185254433,0.7261904762,1
EUR_NZD,2021-05-11 00:00:00,1.66692,1.66634,9,17,-0.5947583142,0.8911495007,0.9447236181,0
EUR_GBP,2021-05-11 04:00:00,0.85888,0.84717,16,26,-0.0102663901,0.3285244831,0.6947368421,0
EUR_GBP,2021-05-12 00:00:00,0.85888,0.84717,17,27,-0.3917099032,0.1799748204,0.7552447552,0
AUD_NZD,2021-05-14 16:00:00,1.07161,1.06923,6,10,0.143549546,0.9330720491,0.8870967742,1
AUD_NZD,2021-05-17 04:00:00,1.07161,1.06923,7,11,0.2492564442,1.236695435,0.8273092369,0
AUD_JPY,2021-05-19 16:00:00,84.293,83.929,4,11,-0.8979845935,0.4006943206,0.8832116788,1
NZD_JPY,2021-05-19 16:00:00,78.222,77.704,4,11,-0.9969328037,0.2047572425,0.8585131894,1
AUD_JPY,2021-05-20 00:00:00,84.293,83.929,5,12,-0.01071721416,0.639460445,0.7489711934,0
NZD_JPY,2021-05-20 00:00:00,78.222,77.704,5,12,-0.1310565589,0.3448856814,0.6,0
AUD_JPY,2021-05-20 04:00:00,84.293,83.929,5,12,-0.2236642028,1.030952185,0.9782016349,0
NZD_JPY,2021-05-20 04:00:00,78.222,77.704,5,12,-0.359385051,0.5978232098,0.9822695035,0
AUD_JPY,2021-05-20 12:00:00,84.293,83.929,5,12,-0.003413729698,0.9456031263,0.9025974026,0
CAD_CHF,2021-05-20 12:00:00,0.74235,0.7251,4,21,-0.1042456939,0.8475628156,0.9677419355,1
NZD_JPY,2021-05-20 12:00:00,78.222,77.704,5,12,-0.3227820497,0.4189298943,0.8888888889,0
NZD_JPY,2021-05-20 20:00:00,78.222,77.704,5,12,0.06089751993,0.4979267806,0.7820512821,0
CAD_CHF,2021-05-21 00:00:00,0.74235,0.7251,5,22,0.1655868195,0.5961125503,0.619047619,0
CAD_CHF,2021-05-21 08:00:00,0.74235,0.7251,5,22,-0.7490304462,0.2528574118,0.7924528302,0
AUD_JPY,2021-05-21 12:00:00,84.293,83.929,6,13,-0.2360478491,0.9768749447,0.9277777778,0
CAD_CHF,2021-05-21 12:00:00,0.74235,0.7251,5,22,0.2133000795,1.688247438,0.9027777778,0
NZD_JPY,2021-05-21 12:00:00,78.222,77.704,6,13,-0.5380142519,0.7293884489,0.823943662,0
CAD_CHF,2021-05-24 00:00:00,0.74235,0.7251,6,23,-0.1747967613,0.5557640616,0.6936170213,0
NZD_JPY,2021-05-24 12:00:00,78.222,77.704,7,14,-0.6763411496,0.5945856261,0.9688385269,0
GBP_CHF,2021-05-24 16:00:00,1.26811,1.25824,6,11,0.04975187431,0.5863613759,0.9096385542,1
AUD_JPY,2021-05-25 00:00:00,84.293,83.929,8,15,-0.1702371731,0.2864967059,0.6748466258,1
GBP_CHF,2021-05-25 00:00:00,1.26811,1.25824,7,12,-0.6872877946,0.7162262281,0.9675810474,0
AUD_JPY,2021-05-25 08:00:00,84.293,83.929,8,15,0,0.698502606,0.9039548023,0
USD_JPY,2021-05-25 08:00:00,108.571,108.338,4,12,-0.06639933375,0.8478684155,0.6325088339,1
CAD_CHF,2021-05-25 12:00:00,0.74235,0.7251,7,24,-0.4795900091,0.5958542537,0.8191881919,0
AUD_NZD,2021-05-25 16:00:00,1.07166,1.07161,6,13,-0.1070329959,0.3532088865,0.6277372263,1
CAD_CHF,2021-05-25 16:00:00,0.74235,0.7251,7,24,-0.07855398549,0.6480703803,0.880952381,0
AUD_NZD,2021-05-25 20:00:00,1.07166,1.07161,6,13,-0.06598177958,0.4948633468,0.8717948718,0
AUD_NZD,2021-05-26 00:00:00,1.07166,1.07161,7,14,-0.9221188861,0.5313905445,0.8637770898,0
AUD_JPY,2021-05-26 04:00:00,84.293,83.929,9,16,0,1.901545886,0.9221556886,0
AUD_JPY,2021-05-27 04:00:00,84.293,83.929,10,17,0.1822023622,0.6969240353,0.9262295082,0
GBP_CHF,2021-05-27 08:00:00,1.26811,1.25824,9,14,-1.00606838,0.1276355408,0.8653295129,0
CAD_CHF,2021-05-27 12:00:00,0.74235,0.7251,9,26,-0.5779370986,0.9448015177,0.7994722955,1
GBP_CHF,2021-05-27 12:00:00,1.26811,1.25824,9,14,-0.2510034661,1.975000957,0.868556701,0
EUR_GBP,2021-05-28 00:00:00,0.85816,0.85606,8,12,-0.2497223197,0.2801762611,0.956043956,1
EUR_GBP,2021-05-28 08:00:00,0.85816,0.85606,8,12,-0.07677789051,0.5374452336,0.6666666667,0
CAD_CHF,2021-05-28 12:00:00,0.74235,0.7251,10,27,0.04796222947,1.417550338,0.883161512,0
AUD_USD,2021-05-28 16:00:00,0.77059,0.7688,4,11,-1.027092125,0.3249783676,0.9519774011,1
AUD_USD,2021-05-31 00:00:00,0.77059,0.7688,5,12,-0.2447756023,0.2533642199,0.7631578947,0
EUR_GBP,2021-05-31 00:00:00,0.85816,0.85606,9,13,0.1668404307,0.9330705569,0.8857142857,0
AUD_USD,2021-05-31 04:00:00,0.77059,0.7688,5,12,0.1521142723,0.9039933896,0.8917525773,0
GBP_CAD,2021-06-01 16:00:00,1.70278,1.68521,5,17,-0.2763217656,0.8179124261,0.8918918919,1
GBP_CAD,2021-06-03 00:00:00,1.70278,1.68521,7,19,-0.02992277522,0.7705114618,0.8381201044,0
AUD_NZD,2021-06-03 16:00:00,1.07166,1.07161,13,20,-0.6433939939,0.238974912,0.9365853659,1
GBP_USD,2021-06-03 20:00:00,1.40914,1.37971,5,23,-0.1479392331,0.3698480827,0.7510729614,1
EUR_CAD,2021-06-04 00:00:00,1.46795,1.45819,5,17,-0.2225911655,0.4610817001,0.8037383178,1
EUR_CAD,2021-06-04 08:00:00,1.46795,1.45819,5,17,-0.5145685299,0.1889431321,0.7543103448,0
GBP_USD,2021-06-04 08:00:00,1.40914,1.37971,6,24,-0.2488320226,1.077260586,0.9047619048,0
EUR_CAD,2021-06-04 12:00:00,1.46795,1.45819,5,17,-0.2500153004,1.1077601,0.8694581281,0
EUR_USD,2021-06-04 12:00:00,1.21327,1.20515,5,16,-1.069459591,1.30503985,0.9019886364,1
NZD_USD,2021-06-04 12:00:00,0.71516,0.71348,12,16,-0.3387502609,1.496146986,0.9763948498,1
EUR_CAD,2021-06-07 00:00:00,1.46795,1.45819,6,18,-0.254346318,0.7823076143,0.9505300353,0
EUR_CHF,2021-06-07 00:00:00,1.09306,1.09281,6,10,-1.273592236,0.721929289,0.9701986755,1
EUR_CHF,2021-06-07 16:00:00,1.09306,1.09281,6,10,0.06423838074,0.7779981667,0.6535947712,0
CAD_CHF,2021-06-09 08:00:00,0.74074,0.73939,5,10,-0.4729011887,0.3338126038,0.6946107784,1
USD_CHF,2021-06-09 16:00:00,0.8947,0.89308,6,11,-1.141652738,0.9941664994,0.9824120603,1
USD_CHF,2021-06-10 00:00:00,0.8947,0.89308,7,12,0.1595002034,0.8658582469,0.8794326241,0
CAD_CHF,2021-06-10 12:00:00,0.74074,0.73939,6,11,-1.076310903,0.2545329837,0.7820512821,0
GBP_AUD,2021-06-10 12:00:00,1.82153,1.81679,6,11,-0.4090322543,0.9880839396,0.739243807,1
USD_CHF,2021-06-11 08:00:00,0.8947,0.89308,8,13,-0.7398617842,0.4932411895,0.9073359073,0
CAD_CHF,2021-06-11 12:00:00,0.74074,0.73939,7,12,-0.4846317967,0.2066812074,0.9150943396,0
EUR_AUD,2021-06-11 12:00:00,1.56659,1.5419,4,24,-0.2443443477,0.847271959,0.7853881279,1
EUR_JPY,2021-06-14 12:00:00,132.888,132.523,5,15,-0.4910975249,0.520230429,0.9455252918,1
CAD_CHF,2021-06-15 04:00:00,0.74074,0.73939,9,14,-0.2308069068,0.1328888251,0.962962963,1
EUR_GBP,2021-06-17 00:00:00,0.85682,0.85647,4,9,0,0.6030763829,0.7881355932,1
CAD_CHF,2021-06-17 08:00:00,0.74074,0.73939,11,16,-0.3691965734,0.6856507791,0.679245283,0
CAD_CHF,2021-06-18 00:00:00,0.74074,0.73939,12,17,0.1479771611,1.589384323,0.9528985507,0
CAD_CHF,2021-06-18 08:00:00,0.74074,0.73939,12,17,0.1198582174,0.9588657391,0.7230046948,0
EUR_GBP,2021-06-18 08:00:00,0.85682,0.85647,5,10,-0.5265865913,0.7871083785,0.8033898305,0
EUR_GBP,2021-06-18 12:00:00,0.85682,0.85647,5,10,-0.04962010509,0.8270017516,0.8195876289,0
EUR_GBP,2021-06-18 16:00:00,0.85682,0.85647,5,10,-0.0416679812,1.28649892,0.7727272727,0
CAD_CHF,2021-06-21 00:00:00,0.74074,0.73939,13,18,-1.959924932,0.1924926273,0.9899396378,1
CAD_CHF,2021-06-21 12:00:00,0.74074,0.73939,13,18,-0.7526561148,0.5742809662,0.9186746988,0
EUR_GBP,2021-06-22 08:00:00,0.85682,0.85647,7,12,-0.807301854,0.556022469,0.9550561798,1
GBP_JPY,2021-06-22 16:00:00,154.131,153.539,8,24,-0.8939397273,0.3154021215,0.953125,1
AUD_NZD,2021-06-23 00:00:00,1.07423,1.05981,4,17,-0.004887540054,1.148571913,0.9516129032,1
EUR_CAD,2021-06-23 00:00:00,1.46795,1.46772,4,8,-0.3299435895,0.5112639404,0.8422619048,1
GBP_JPY,2021-06-23 00:00:00,154.131,153.539,9,25,-0.03440132636,0.4223718402,0.6175710594,0
EUR_CAD,2021-06-24 12:00:00,1.46795,1.46772,5,9,-0.5622519006,0.4703113383,0.9358974359,0
GBP_JPY,2021-06-24 16:00:00,154.131,153.539,10,26,-0.3222163273,0.3520511724,0.8329238329,0
GBP_CAD,2021-06-28 00:00:00,1.70526,1.70153,13,19,-1.116341986,0.5631105593,0.8959156785,1
EUR_CAD,2021-06-28 08:00:00,1.46795,1.46772,7,11,-0.4144172605,0.1450460412,0.8544303797,1
EUR_NZD,2021-06-28 08:00:00,1.6891,1.67966,7,14,-1.047536318,0.2301761415,0.8408037094,1
AUD_NZD,2021-06-28 12:00:00,1.07423,1.05981,7,20,-0.5156022454,0.1590687778,0.76875,1
EUR_CAD,2021-06-28 12:00:00,1.46795,1.46772,7,11,-0.04514891107,1.005589383,0.9343065693,0
EUR_NZD,2021-06-28 12:00:00,1.6891,1.67966,7,14,0.06555302738,1.046507259,0.9415730337,0
AUD_NZD,2021-06-28 20:00:00,1.07423,1.05981,7,20,-0.3363654772,0.1681827386,1,0
AUD_NZD,2021-06-29 04:00:00,1.07423,1.05981,8,21,-0.8628629087,0.1986855382,0.7857142857,0
AUD_NZD,2021-06-30 04:00:00,1.07423,1.05981,9,22,-0.2762917766,0.3409558095,0.9545454545,0
AUD_NZD,2021-06-30 12:00:00,1.07423,1.05981,9,22,-0.6008658552,0.2583723177,0.9346405229,0
AUD_CAD,2021-06-30 16:00:00,0.92761,0.9246,5,18,-0.04772627158,1.188384162,0.7115384615,1
AUD_CAD,2021-07-01 08:00:00,0.92761,0.9246,6,19,0.0051286412,0.8308398744,0.7488372093,0
EUR_CAD,2021-07-01 08:00:00,1.46795,1.46772,10,14,0.08815381596,0.7792797331,0.8376068376,0
EUR_CAD,2021-07-01 16:00:00,1.46795,1.46772,10,14,0.09923775039,1.49883223,0.8949671772,1
GBP_CAD,2021-07-01 16:00:00,1.70526,1.70153,16,22,0.2486974681,1.298753445,0.8818565401,1
GBP_CHF,2021-07-02 00:00:00,1.27131,1.26172,4,12,0.2419099106,0.9245597955,0.7030716724,1
GBP_CHF,2021-07-02 16:00:00,1.27131,1.26172,4,12,0.0866962774,0.7302494135,0.7782258065,0
GBP_CHF,2021-07-05 00:00:00,1.27131,1.26172,5,13,0.2103645034,1.11044869,0.8285714286,0
AUD_CAD,2021-07-05 08:00:00,0.92761,0.9246,8,21,-0.152178904,0.9178290146,0.8754863813,0
AUD_CAD,2021-07-06 00:00:00,0.92761,0.9246,9,22,-0.01857692264,1.472221119,0.8722826087,1
GBP_AUD,2021-07-06 12:00:00,1.82523,1.81942,6,18,0.057443654,1.493535004,0.9863429439,1
GBP_NZD,2021-07-06 12:00:00,1.95565,1.9325,6,28,-0.5780930821,0.2013777703,0.9846491228,1
EUR_AUD,2021-07-06 16:00:00,1.56938,1.56582,6,17,-1.224817093,1.977665194,0.9566712517,1
AUD_JPY,2021-07-07 08:00:00,82.812,82.13,5,12,0.05575473083,1.08373258,0.8038147139,1
CAD_JPY,2021-07-07 08:00:00,88.903,87.963,5,12,-0.9405921403,0.2600271787,0.9166666667,1
CHF_JPY,2021-07-07 08:00:00,119.628,118.866,5,12,-0.02925328072,1.188414529,0.9073569482,1
GBP_CHF,2021-07-07 12:00:00,1.27131,1.26172,7,15,0.2481653747,1.859628847,0.8896797153,1
CHF_JPY,2021-07-08 08:00:00,119.628,118.866,6,13,-2.053565732,0.227092577,0.9683195592,0
CHF_JPY,2021-07-08 16:00:00,119.628,118.866,6,13,0.2052782822,0.9879017332,0.6853932584,0
CHF_JPY,2021-07-09 00:00:00,119.628,118.866,7,14,-0.3062136223,1.281097808,0.9055258467,0
USD_CHF,2021-07-09 00:00:00,0.91424,0.89261,10,22,-0.01744894689,0.4580348558,0.8257575758,1
GBP_JPY,2021-07-09 16:00:00,152.614,151.312,8,14,-0.9048667923,0.199110122,0.8628659476,1
GBP_JPY,2021-07-09 20:00:00,152.614,151.312,8,14,0.1869255272,0.874329079,0.9218328841,0
EUR_GBP,2021-07-12 04:00:00,0.85353,0.85304,4,13,0.02292777231,0.4528235031,0.6302521008,1
USD_CHF,2021-07-12 04:00:00,0.91424,0.89261,11,23,-0.38259781,0.1540328845,0.7941176471,0
EUR_GBP,2021-07-12 08:00:00,0.85353,0.85304,4,13,0.2262522078,1.600320494,0.9256505576,0
GBP_JPY,2021-07-12 16:00:00,152.614,151.312,9,15,-0.1397747063,1.214043163,0.8496240602,0
USD_CHF,2021-07-12 16:00:00,0.91424,0.89261,11,23,-0.004760633889,0.5665154328,0.625,0
EUR_GBP,2021-07-13 00:00:00,0.85353,0.85304,5,14,0.04054462451,0.3533174422,0.6506024096,0
NZD_JPY,2021-07-13 00:00:00,77.066,76.215,9,16,-0.3339730842,0.3930833646,1,1
USD_CHF,2021-07-13 04:00:00,0.91424,0.89261,12,24,0.0164220199,0.3065443715,0.9298245614,0
EUR_GBP,2021-07-13 08:00:00,0.85353,0.85304,5,14,0.230476013,0.8127312038,0.6486486486,0
USD_JPY,2021-07-13 12:00:00,110.417,109.716,9,16,-1.027837249,0.4411721524,0.9046242775,1
GBP_JPY,2021-07-13 16:00:00,152.614,151.312,10,16,-0.2603700846,0.488462886,0.7855530474,0
USD_JPY,2021-07-13 20:00:00,110.417,109.716,9,16,-0.04568272695,0.959337266,0.9166666667,0
EUR_GBP,2021-07-14 16:00:00,0.85353,0.85304,6,15,-1.486403412,0.3032262961,0.9741100324,0
EUR_GBP,2021-07-15 00:00:00,0.85353,0.85304,7,16,0,0.8521655555,0.8,0
EUR_GBP,2021-07-15 08:00:00,0.85353,0.85304,7,16,0.08923271336,1.386081481,0.7077922078,0
USD_CHF,2021-07-15 12:00:00,0.91424,0.89261,14,26,-0.9134108206,1.546425761,0.9633943428,1
EUR_GBP,2021-07-16 00:00:00,0.85353,0.85304,8,17,-0.4445789712,0.2064116652,0.710982659,1
EUR_GBP,2021-07-16 12:00:00,0.85353,0.85304,8,17,-0.4453902591,0.5631371092,0.7490494297,0
GBP_USD,2021-07-22 12:00:00,1.37422,1.37316,10,14,-0.4408494364,0.6574954452,0.7898550725,1
GBP_USD,2021-07-23 00:00:00,1.37422,1.37316,11,15,-0.1593515112,0.8147488554,0.8633257403,0
GBP_USD,2021-07-23 12:00:00,1.37422,1.37316,11,15,-0.5778532923,0.6374525108,0.9770833333,0
NZD_CAD,2021-07-28 20:00:00,0.8661,0.8627,11,18,0.06274657714,1.797504886,0.8333333333,1
EUR_CAD,2021-07-30 00:00:00,1.4761,1.46925,5,12,0.2039290506,1.430640724,0.9093023256,1
EUR_CAD,2021-07-30 16:00:00,1.4761,1.46925,5,12,-0.02485140902,1.01890777,0.7257019438,0
NZD_CAD,2021-08-02 00:00:00,0.8661,0.8627,14,21,-0.2477640095,1.474785771,0.9240506329,0
USD_CAD,2021-08-04 00:00:00,1.25257,1.24249,10,15,0.1616159622,0.7091312627,0.7867298578,1
CAD_JPY,2021-08-04 04:00:00,87.035,85.425,5,12,-0.7423588178,0.1462775996,0.8556338028,1
CAD_JPY,2021-08-04 08:00:00,87.035,85.425,5,12,-0.3683352988,0.2025844143,0.6300813008,0
USD_CAD,2021-08-04 08:00:00,1.25257,1.24249,10,15,-0.3466528502,0.3796674074,0.7942238267,0
CAD_JPY,2021-08-04 16:00:00,87.035,85.425,5,12,-1.160001828,0.7535321848,0.7896774194,0
USD_CAD,2021-08-04 16:00:00,1.25257,1.24249,10,15,-0.1047646184,0.7235306458,0.637279597,0
EUR_NZD,2021-08-10 04:00:00,1.68292,1.6775,11,19,-1.117798484,0.1837476959,0.9674796748,1
GBP_CAD,2021-08-11 12:00:00,1.72995,1.71496,7,15,0.1674232988,0.9046732639,0.709039548,1
EUR_AUD,2021-08-12 00:00:00,1.58956,1.57745,14,21,0.0754966517,0.9534947493,0.8945868946,1
GBP_NZD,2021-08-12 00:00:00,1.96697,1.9616,6,18,-0.2173886817,0.7374165085,0.9655172414,1
GBP_AUD,2021-08-13 00:00:00,1.87561,1.84982,8,21,0.06616835417,1.670089259,0.9058295964,1
GBP_NZD,2021-08-13 00:00:00,1.96697,1.9616,7,19,0.2199431409,1.239085615,0.823943662,0
GBP_CAD,2021-08-13 12:00:00,1.72995,1.71496,9,17,-1.200574575,0.517708084,0.8868852459,0
GBP_NZD,2021-08-16 00:00:00,1.96697,1.9616,8,20,-0.8230762422,0.6510576625,0.9415855355,0
GBP_NZD,2021-08-16 04:00:00,1.96697,1.9616,8,20,0.2488196147,0.9341648691,0.7072072072,0
EUR_NZD,2021-08-17 04:00:00,1.68292,1.6775,16,24,-1.393425387,2.313687621,0.9940860215,1
GBP_CHF,2021-08-18 00:00:00,1.2549,1.25018,11,21,-0.2343299686,0.7202200505,0.865625,1
NZD_CAD,2021-08-18 00:00:00,0.87346,0.86547,5,12,-0.5192361465,0.1843664578,0.6824817518,1
NZD_CAD,2021-08-18 04:00:00,0.87346,0.86547,5,12,-1.852195907,0.3070830911,0.7625570776,0
GBP_JPY,2021-08-18 12:00:00,151.167,148.459,11,21,-1.209107594,0.2125903462,0.9816513761,1
NZD_CAD,2021-08-19 16:00:00,0.87346,0.86547,6,13,-0.6235926977,0.6520817042,0.8157894737,0
CHF_JPY,2021-08-20 00:00:00,119.309,118.651,5,23,-0.2328555102,1.252984412,0.924137931,1
NZD_CAD,2021-08-20 04:00:00,0.87346,0.86547,7,14,0.2434171033,1.671891157,0.9612068966,0
CAD_CHF,2021-08-23 12:00:00,0.71859,0.71725,14,25,-0.5289190858,0.6361823969,0.8246073298,1
NZD_CAD,2021-08-23 12:00:00,0.87346,0.86547,8,15,-0.2333191403,0.1915306375,0.6815642458,1
CAD_CHF,2021-08-23 16:00:00,0.71859,0.71725,14,25,-0.3225215828,0.9030604318,0.8724489796,0
NZD_CAD,2021-08-24 08:00:00,0.87346,0.86547,9,16,-0.3336421176,0.7963344883,1,0
NZD_CAD,2021-08-25 04:00:00,0.87346,0.86547,10,17,-0.01726180889,0.9114235095,1,0
GBP_CHF,2021-08-25 20:00:00,1.2549,1.25018,16,26,0.05810864498,0.8410461774,0.9846153846,1
GBP_JPY,2021-08-25 20:00:00,151.167,148.459,16,26,0.02713977822,0.4416382092,0.6,1
GBP_CHF,2021-08-26 00:00:00,1.2549,1.25018,17,27,-0.1248190124,0.8828661852,0.9511494253,0
USD_CHF,2021-08-30 04:00:00,0.90994,0.90183,9,18,0.06432206704,0.4759832961,1,1
USD_CAD,2021-08-30 16:00:00,1.25789,1.24223,4,21,-0.1601362569,0.9341281651,0.9066339066,1
USD_CAD,2021-08-31 12:00:00,1.25789,1.24223,5,22,-0.3025164711,0.6743596336,0.7209302326,0
USD_CAD,2021-09-07 12:00:00,1.25789,1.24223,10,27,-0.8780806476,0.672111113,0.9597315436,1
USD_CAD,2021-09-07 16:00:00,1.25789,1.24223,10,27,0.0696910458,1.818604433,0.8486312399,0
CAD_JPY,2021-09-08 16:00:00,86.547,84.671,8,13,-0.3274050438,1.829830412,0.7477931904,1
CAD_JPY,2021-09-09 16:00:00,86.547,84.671,9,14,0.1150668706,1.158092375,0.8726708075,0
USD_JPY,2021-09-09 20:00:00,109.586,109.413,7,12,0.2144590152,0.8326055885,0.8032786885,1
CAD_JPY,2021-09-10 04:00:00,86.547,84.671,10,15,0.104249009,1.202586782,0.8526011561,0
CHF_JPY,2021-09-10 04:00:00,119.689,119.246,9,15,-0.09910543612,0.7195916449,0.95,1
CAD_JPY,2021-09-13 00:00:00,86.547,84.671,11,16,-0.1295474882,0.504184819,0.8264840183,0
CAD_JPY,2021-09-13 08:00:00,86.547,84.671,11,16,0.2330600251,1.264174075,0.874251497,0
USD_JPY,2021-09-14 20:00:00,109.586,109.413,10,15,-0.3620103867,0.5852501252,0.9457831325,0
NZD_USD,2021-09-15 04:00:00,0.70755,0.68052,5,18,-0.1121321202,0.9012100028,0.9644268775,1
USD_JPY,2021-09-15 04:00:00,109.586,109.413,11,16,-0.2512644043,0.2144940037,0.6846846847,1
CAD_JPY,2021-09-16 00:00:00,86.547,84.671,14,19,-0.1673009351,0.3773170025,0.6652173913,1
CAD_JPY,2021-09-16 12:00:00,86.547,84.671,14,19,-0.2731822781,0.8231892646,1,0
USD_JPY,2021-09-16 12:00:00,109.586,109.413,12,17,-1.35990556,0.5418780776,0.9707446809,0
CAD_JPY,2021-09-17 04:00:00,86.547,84.671,15,20,-0.1059616206,0.6509070979,1,0
NZD_USD,2021-09-17 08:00:00,0.70755,0.68052,7,20,-0.1471490573,0.2898390522,0.675862069,0
AUD_CHF,2021-09-21 00:00:00,0.67066,0.65117,4,22,-0.1646469742,0.8433137705,0.7233429395,1
NZD_CHF,2021-09-21 04:00:00,0.64988,0.62275,7,21,-0.1636268185,0.7879923101,0.9567099567,1
CAD_CHF,2021-09-22 04:00:00,0.7209,0.70869,17,23,-0.1224031141,0.5749237177,0.6988847584,1
EUR_CHF,2021-09-22 04:00:00,1.08321,1.06959,8,24,-0.2432988235,0.3925958289,0.8273381295,1
CAD_CHF,2021-09-22 16:00:00,0.7209,0.70869,17,23,-0.4426557731,1.383734976,0.9509981851,0
EUR_CHF,2021-09-23 04:00:00,1.08321,1.06959,9,25,0.03268426308,0.6427905072,0.8549618321,0
AUD_CHF,2021-09-23 08:00:00,0.67066,0.65117,6,24,-0.2065866965,0.4834128698,0.7990430622,0
CAD_JPY,2021-09-23 08:00:00,86.547,84.671,19,24,-1.33232359,0.5947873168,0.8657957245,1
NZD_CHF,2021-09-23 08:00:00,0.64988,0.62275,9,23,-0.7173398568,0.2752583172,0.8292682927,0
CAD_JPY,2021-09-23 12:00:00,86.547,84.671,19,24,-0.0877463959,1.107153054,0.9132149901,0
NZD_CHF,2021-09-23 12:00:00,0.64988,0.62275,9,23,0.1663251291,1.472585899,0.9640718563,0
EUR_CHF,2021-09-23 16:00:00,1.08321,1.06959,9,25,-0.3630898908,0.6392427654,0.8065843621,0
GBP_USD,2021-09-23 16:00:00,1.37263,1.36797,11,19,-0.555607496,0.4788807466,0.8650442478,1
GBP_USD,2021-09-24 00:00:00,1.37263,1.36797,12,20,-0.3626603459,0.2353139649,0.9473684211,0
EUR_CAD,2021-09-24 04:00:00,1.48515,1.47909,6,22,-0.07951884525,0.495823388,0.785942492,1
AUD_CHF,2021-09-24 16:00:00,0.67066,0.65117,7,25,-0.5235187169,0.2477722172,0.865470852,1
EUR_CHF,2021-09-24 16:00:00,1.08321,1.06959,10,26,-0.3171717872,0.1374411078,0.6991869919,0
EUR_CHF,2021-09-27 00:00:00,1.08321,1.06959,11,27,-0.9053349834,0.3940869928,0.9003690037,0
EUR_CHF,2021-09-28 04:00:00,1.08321,1.06959,12,28,-0.3730541342,0.23174575,0.8842975207,1
GBP_AUD,2021-09-28 08:00:00,1.87485,1.85342,4,17,0.1679884206,1.024729365,0.6437587658,1
EUR_CHF,2021-09-28 12:00:00,1.08321,1.06959,12,28,-0.2303743425,0.6966081308,0.7316017316,0
EUR_CHF,2021-09-28 16:00:00,1.08321,1.06959,12,28,0.129277727,1.023448672,0.7248908297,0
AUD_USD,2021-09-28 20:00:00,0.72197,0.71061,6,27,0.1966960487,0.6866480246,0.7527472527,1
GBP_CHF,2021-09-29 00:00:00,1.25601,1.24707,5,27,-0.1914629663,0.597062145,0.9233038348,1
GBP_CHF,2021-09-29 04:00:00,1.25601,1.24707,5,27,0.2349570822,0.795239355,0.8282442748,0
AUD_USD,2021-09-30 20:00:00,0.72197,0.71061,8,29,-0.3267878791,0.2304714515,0.6022304833,0
AUD_USD,2021-10-01 08:00:00,0.72197,0.71061,9,30,-0.9744361846,0.3213194587,0.9611398964,0
USD_CAD,2021-10-05 00:00:00,1.25936,1.24934,5,22,-0.2946720449,0.2837582655,0.9814814815,1
USD_CAD,2021-10-05 04:00:00,1.25936,1.24934,5,22,0.2162652788,0.719011836,0.8136363636,0
AUD_CAD,2021-10-05 12:00:00,0.91425,0.91079,4,30,0.2426083031,1.156721731,0.8755186722,1
AUD_CAD,2021-10-05 16:00:00,0.91425,0.91079,4,30,0.1885682517,1.311406478,0.984962406,0
USD_CAD,2021-10-06 04:00:00,1.25936,1.24934,6,23,-0.3568395018,0.316551171,0.72,0
USD_CAD,2021-10-06 08:00:00,1.25936,1.24934,6,23,-0.05528748707,1.144450982,0.7934186472,0
EUR_NZD,2021-10-12 00:00:00,1.66105,1.6554,4,13,-0.05082368706,1.264493334,0.9892966361,1
EUR_NZD,2021-10-12 12:00:00,1.66105,1.6554,4,13,-0.7265084079,0.2381666682,0.9026217228,0
EUR_NZD,2021-10-12 20:00:00,1.66105,1.6554,4,13,0.006248879665,0.4249238172,0.8237704918,0
EUR_NZD,2021-10-13 00:00:00,1.66105,1.6554,5,14,-0.4583134667,0.7046317176,0.8311688312,0
EUR_NZD,2021-10-13 12:00:00,1.66105,1.6554,5,14,-0.1293326788,1.438102175,0.887431694,0
USD_CHF,2021-10-14 16:00:00,0.92304,0.92151,8,16,-0.9737996238,0.3108843869,0.9035369775,1
USD_CHF,2021-10-15 00:00:00,0.92304,0.92151,9,17,-0.306106437,0.6263408634,0.8959276018,0
GBP_NZD,2021-10-15 08:00:00,1.93665,1.93265,16,29,0.2106477728,1.64976353,0.9168646081,1
USD_CHF,2021-10-15 12:00:00,0.92304,0.92151,9,17,-0.07489290756,1.422965244,0.9142857143,0
USD_CHF,2021-10-18 00:00:00,0.92304,0.92151,10,18,-0.1281591635,0.5950246877,0.9461077844,0
USD_CHF,2021-10-18 20:00:00,0.92304,0.92151,10,18,-0.2948322449,0.317168021,0.9716312057,0
AUD_NZD,2021-10-19 16:00:00,1.04326,1.02762,10,23,-0.4453096517,0.2968731011,0.7305936073,1
AUD_NZD,2021-10-19 20:00:00,1.04326,1.02762,10,23,0.03281384506,0.590649211,0.6467391304,0
USD_CHF,2021-10-20 00:00:00,0.92304,0.92151,12,20,-0.5007323143,0.4870759784,0.9774774775,1
AUD_NZD,2021-10-20 08:00:00,1.04326,1.02762,11,24,0.1912218038,0.8748397522,0.8827160494,0
USD_CHF,2021-10-20 08:00:00,0.92304,0.92151,12,20,0.1813152548,0.7968328305,0.7087912088,0
AUD_NZD,2021-10-21 00:00:00,1.04326,1.02762,12,25,-0.7433678129,0.681815064,0.9233128834,0
AUD_NZD,2021-10-21 12:00:00,1.04326,1.02762,12,25,-0.3974036735,0.6311705403,0.9442060086,0
AUD_NZD,2021-10-21 16:00:00,1.04326,1.02762,12,25,0.2091291653,0.7984931766,0.7515151515,0
AUD_NZD,2021-10-22 08:00:00,1.04326,1.02762,13,26,-0.2259895839,0.5673781044,0.9705882353,0
NZD_CHF,2021-10-29 04:00:00,0.6533,0.63935,4,14,0.01748672717,0.7169558138,0.7511737089,1
NZD_CHF,2021-10-29 16:00:00,0.6533,0.63935,4,14,-0.8932666763,1.026473111,0.8566433566,0
NZD_USD,2021-10-29 16:00:00,0.71299,0.68761,4,17,0.2318226503,0.9912416769,0.6884057971,1
AUD_CHF,2021-11-02 00:00:00,0.68282,0.66895,6,24,0.1623198741,1.237140662,0.9210526316,1
NZD_CHF,2021-11-02 00:00:00,0.6533,0.63935,6,16,-0.315673366,0.3071416534,0.9125,0
AUD_JPY,2021-11-02 20:00:00,84.603,79.896,7,22,-0.1358784634,0.2161702826,0.8028169014,1
AUD_JPY,2021-11-03 04:00:00,84.603,79.896,8,23,-0.3483137296,0.3384557938,0.9675925926,0
NZD_USD,2021-11-03 08:00:00,0.71299,0.68761,7,20,-0.3697841626,0.4780136735,0.9690721649,0
AUD_JPY,2021-11-03 20:00:00,84.603,79.896,8,23,-0.1861193401,1.04903628,0.8410138249,0
NZD_USD,2021-11-03 20:00:00,0.71299,0.68761,7,20,-0.5347280304,1.106762668,0.7058823529,0
CAD_JPY,2021-11-04 20:00:00,91.244,87.18,6,24,-0.3041266186,0.2345072722,0.84,1
EUR_USD,2021-11-05 16:00:00,1.15353,1.15242,5,18,-0.6992480371,0.8640133791,0.7749003984,1
USD_JPY,2021-11-05 20:00:00,113.255,110.821,6,24,0.2345921787,0.499454316,0.7216494845,1
USD_JPY,2021-11-08 00:00:00,113.255,110.821,7,25,0.2464821826,1.26602212,0.8722044728,0
NZD_USD,2021-11-08 04:00:00,0.71299,0.68761,10,23,-0.9694001583,0.394195915,0.976945245,1
NZD_CHF,2021-11-08 08:00:00,0.6533,0.63935,10,20,-0.7839867976,0.1233237659,0.9449541284,1
NZD_USD,2021-11-08 08:00:00,0.71299,0.68761,10,23,-0.1950583979,0.5772136265,0.6807017544,0
NZD_CHF,2021-11-08 12:00:00,0.6533,0.63935,10,20,-0.1710142815,1.188549256,0.9845201238,0
NZD_USD,2021-11-08 12:00:00,0.71299,0.68761,10,23,0.2311064513,1.440563546,0.8509485095,0
CHF_JPY,2021-11-08 16:00:00,123.517,119.022,7,26,0.2386768262,1.304973296,0.855721393,1
GBP_USD,2021-11-09 04:00:00,1.35688,1.34117,20,29,-0.4076387426,0.2118648728,0.793814433,1
NZD_CHF,2021-11-09 04:00:00,0.6533,0.63935,11,21,-0.5809193225,0.2206592775,0.7807017544,0
GBP_USD,2021-11-09 08:00:00,1.35688,1.34117,20,29,-0.3165509424,0.8214627762,0.8630952381,0
CHF_JPY,2021-11-09 16:00:00,123.517,119.022,8,27,-0.05781835951,1.091746671,0.8756476684,0
CAD_JPY,2021-11-10 12:00:00,91.244,87.18,10,28,-0.8998983346,0.4066486198,0.9204244032,1
USD_JPY,2021-11-10 12:00:00,113.255,110.821,9,27,-0.4555187975,0.7461083752,0.8644067797,0
CAD_JPY,2021-11-11 00:00:00,91.244,87.18,11,29,-0.4853549233,0.2196496733,0.796,0
NZD_CAD,2021-11-11 12:00:00,0.88019,0.86128,7,23,-0.4686934342,0.9449464399,0.77593361,1
CHF_JPY,2021-11-11 16:00:00,123.517,119.022,10,29,-0.1055913468,1.022727617,0.8442437923,0
CHF_JPY,2021-11-12 16:00:00,123.517,119.022,11,30,-0.4492906079,0.6135834422,0.8684931507,1
EUR_NZD,2021-11-16 04:00:00,1.61252,1.60798,6,11,-0.2686835008,0.9016836129,0.9500924214,1
EUR_NZD,2021-11-17 08:00:00,1.61252,1.60798,7,12,-0.1547416415,0.5951601598,0.8774373259,0
NZD_CAD,2021-11-17 12:00:00,0.88019,0.86128,11,27,-0.589127576,0.2428464817,0.6105610561,1
NZD_CAD,2021-11-17 16:00:00,0.88019,0.86128,11,27,-0.1773995993,0.8071681769,0.8345864662,0
EUR_NZD,2021-11-17 20:00:00,1.61252,1.60798,7,12,0.1064003194,1.111292225,0.8034026465,0
EUR_NZD,2021-11-18 16:00:00,1.61252,1.60798,8,13,-0.3853273254,0.8518858167,0.7857142857,0
EUR_NZD,2021-11-19 16:00:00,1.61252,1.60798,9,14,-0.6447246243,0.212135199,0.8391038697,1
EUR_NZD,2021-11-22 16:00:00,1.61252,1.60798,10,15,-0.9464519507,0.6642441682,0.8739583333,0
EUR_NZD,2021-11-23 00:00:00,1.61252,1.60798,11,16,-0.6486951504,0.6826385013,0.8152424942,0
USD_JPY,2021-11-29 00:00:00,113.585,112.725,6,14,-0.7527767443,0.183604084,0.6187175043,1
USD_JPY,2021-11-29 12:00:00,113.585,112.725,6,14,-0.6597870393,0.466442852,0.9648033126,0
USD_CAD,2021-12-08 04:00:00,1.26392,1.23871,8,20,-0.2131742004,0.2160943949,0.9130434783,1
USD_CAD,2021-12-08 16:00:00,1.26392,1.23871,8,20,-0.8607224495,0.1370577149,0.6211604096,0
USD_CAD,2021-12-09 00:00:00,1.26392,1.23871,9,21,0.1845992135,0.8233710951,0.9909090909,0
GBP_NZD,2021-12-09 08:00:00,1.93974,1.88517,6,23,-0.7440932341,0.2491688353,0.97,1
GBP_NZD,2021-12-09 12:00:00,1.93974,1.88517,6,23,-0.3402703932,0.8940437781,0.9536082474,0
GBP_CAD,2021-12-10 16:00:00,1.68374,1.67161,10,21,-1.097164499,0.5315330755,0.9463869464,1
GBP_CAD,2021-12-13 04:00:00,1.68374,1.67161,11,22,0.1207681857,0.3332307347,0.6012658228,0
GBP_CAD,2021-12-13 08:00:00,1.68374,1.67161,11,22,-0.07266676968,1.067981312,0.9504587156,0
EUR_USD,2021-12-15 20:00:00,1.12274,1.11861,6,15,-0.2087738899,2.362441386,0.9058064516,1
EUR_AUD,2021-12-16 00:00:00,1.57176,1.54483,4,22,-0.03718023569,0.8960436801,0.9194139194,1
EUR_AUD,2021-12-16 12:00:00,1.57176,1.54483,4,22,-1.091802823,0.2422211562,0.9946091644,0
EUR_AUD,2021-12-16 16:00:00,1.57176,1.54483,4,22,-0.2358413882,0.7718445433,0.8757763975,0
USD_JPY,2021-12-17 16:00:00,113.222,112.53,5,13,0.2275501869,1.612135222,0.9808743169,1
AUD_JPY,2021-12-20 12:00:00,80.477,78.783,4,11,0.03833991449,0.9092036864,0.8641304348,1
AUD_USD,2021-12-20 12:00:00,0.70901,0.69932,4,11,0.07275679489,1.076034703,0.9492753623,1
NZD_JPY,2021-12-21 04:00:00,76.44,75.961,5,12,-0.2811456494,0.2175531811,0.949044586,1
NZD_CHF,2021-12-21 08:00:00,0.62026,0.6173,5,11,-0.5723569402,0.3539000928,0.868852459,1
NZD_JPY,2021-12-21 08:00:00,76.44,75.961,5,12,-0.1102070905,0.7547515896,0.8409090909,0
USD_CHF,2021-12-23 20:00:00,0.91746,0.91574,4,17,0.01409349882,0.3429418047,0.6862745098,1
EUR_NZD,2021-12-24 00:00:00,1.65485,1.60625,6,26,-0.01121036561,1.169614812,0.8741355463,1
EUR_GBP,2021-12-24 04:00:00,0.84536,0.83804,6,24,-0.5055293992,0.305424012,0.9277108434,1
USD_CHF,2021-12-24 12:00:00,0.91746,0.91574,5,18,-0.2496884122,0.6021896999,0.6516853933,0
EUR_NZD,2021-12-24 20:00:00,1.65485,1.60625,6,26,-0.1052776767,0.9719385513,0.8734756098,0
EUR_NZD,2021-12-27 00:00:00,1.65485,1.60625,7,27,-0.459656243,0.9032779658,0.8112407211,0
USD_CHF,2021-12-27 00:00:00,0.91746,0.91574,6,19,-0.1775338372,0.8978139767,0.8653061224,0
USD_CHF,2021-12-28 00:00:00,0.91746,0.91574,7,20,-0.3593546265,0.1768252924,0.8468468468,0
USD_CHF,2021-12-29 08:00:00,0.91746,0.91574,8,21,-0.1924023177,1.092348642,0.8589211618,1
EUR_CHF,2021-12-30 00:00:00,1.03789,1.03667,7,18,-0.6993883682,0.2463754479,0.952,1
EUR_NZD,2021-12-30 04:00:00,1.65485,1.60625,10,30,0.2253274177,0.5447235631,0.6606334842,1
USD_CHF,2021-12-30 08:00:00,0.91746,0.91574,9,22,-0.839118052,0.2244774407,0.8923766816,0
EUR_NZD,2021-12-30 16:00:00,1.65485,1.60625,10,30,-0.4293886179,0.3965272441,0.7887029289,0
EUR_CHF,2022-01-03 12:00:00,1.03789,1.03667,9,20,-1.659115284,0.2635417779,0.9553571429,0
USD_CHF,2022-01-03 16:00:00,0.91746,0.91574,11,24,-1.099640953,0.6382531406,0.8354898336,1
EUR_CHF,2022-01-03 20:00:00,1.03789,1.03667,9,20,-0.4255053683,0.2217422342,1,0
EUR_USD,2022-01-05 00:00:00,1.12732,1.12217,5,15,0.1254813368,0.4753080939,0.7603305785,1
EUR_CHF,2022-01-05 16:00:00,1.03789,1.03667,11,22,-0.7674302217,0.6569202698,0.9957081545,1
USD_CHF,2022-01-06 04:00:00,0.91746,0.91574,14,27,-0.2526717332,0.1470090084,0.6304347826,0
USD_CHF,2022-01-06 16:00:00,0.91746,0.91574,14,27,-0.2820040452,1.288541561,0.9305912596,0
AUD_NZD,2022-01-10 00:00:00,1.05774,1.03501,4,25,-0.2344485415,1.660677169,0.9748743719,1
USD_CAD,2022-01-10 12:00:00,1.26203,1.26078,6,23,-0.273529947,1.226654917,0.9333333333,1
CHF_JPY,2022-01-12 12:00:00,125.264,122.665,6,17,-1.198506911,0.2172930377,0.972027972,1
GBP_CAD,2022-01-12 12:00:00,1.70787,1.66387,7,25,0.0517143183,1.086000684,0.826446281,1
CHF_JPY,2022-01-13 08:00:00,125.264,122.665,7,18,-0.1449436152,0.822470747,0.8516320475,0
CHF_JPY,2022-01-13 20:00:00,125.264,122.665,7,18,-0.238133697,0.2116743974,0.8292682927,0
GBP_JPY,2022-01-14 04:00:00,155.94,149.523,4,19,0.1412017674,0.5169806646,0.6734693878,1
GBP_JPY,2022-01-14 08:00:00,155.94,149.523,4,19,0.1201202398,1.140009068,0.9594882729,0
AUD_JPY,2022-01-14 20:00:00,82.326,80.268,4,19,-0.6862393602,0.2325748459,0.8743169399,1
EUR_JPY,2022-01-14 20:00:00,130.159,127.514,4,19,-0.2364703811,0.5854083825,0.8482142857,1
GBP_JPY,2022-01-14 20:00:00,155.94,149.523,4,19,-0.3363538047,0.583428513,0.868627451,0
NZD_JPY,2022-01-14 20:00:00,77.579,76.023,4,19,-0.2999209072,0.6578910222,0.9834437086,1
EUR_JPY,2022-01-17 00:00:00,130.159,127.514,5,20,0.1673894045,1.139979565,0.9825072886,0
GBP_JPY,2022-01-17 00:00:00,155.94,149.523,5,20,-0.02870842512,1.049908119,0.9293286219,0
NZD_JPY,2022-01-18 12:00:00,77.579,76.023,6,21,-0.02150878761,0.4803629232,0.7106598985,0
AUD_JPY,2022-01-19 08:00:00,82.326,80.268,7,22,-0.7148162278,0.4928641571,0.9840425532,0
NZD_JPY,2022-01-19 08:00:00,77.579,76.023,7,22,-0.186632744,0.7359668584,0.9776119403,0
EUR_AUD,2022-01-19 20:00:00,1.56818,1.55608,4,13,0.1404322154,1.036857857,0.8183760684,1
AUD_JPY,2022-01-20 00:00:00,82.326,80.268,8,23,0.1913222248,1.06037911,0.6836734694,0
EUR_AUD,2022-01-20 04:00:00,1.56818,1.55608,5,14,-0.07791058411,0.5987984893,0.8128342246,0
GBP_AUD,2022-01-20 20:00:00,1.87833,1.84771,5,20,-0.2673771015,0.7227537274,0.879406308,1
EUR_AUD,2022-01-21 00:00:00,1.56818,1.55608,6,15,-0.9088713977,0.7110351667,0.8068292683,0
AUD_CHF,2022-01-21 12:00:00,0.65636,0.65356,11,23,-0.3241517066,0.4964855253,0.8968609865,1
AUD_USD,2022-01-24 00:00:00,0.717,0.71295,4,11,0,0.4761266965,0.7028571429,1
CAD_CHF,2022-01-24 00:00:00,0.72645,0.71691,5,12,-1.263139044,0.1293316427,0.96996997,1
CAD_JPY,2022-01-24 00:00:00,90.542,87.437,6,25,-0.6929434618,0.2932789755,0.9146666667,1
USD_JPY,2022-01-24 12:00:00,113.48,113.138,6,26,-0.03910180122,0.9313338108,0.7541436464,1
GBP_CHF,2022-01-24 20:00:00,1.22846,1.21333,16,24,0.01777293623,1.232256912,0.8232931727,1
GBP_CHF,2022-01-25 00:00:00,1.22846,1.21333,17,25,0.1235455892,1.488293377,0.9814049587,0
AUD_CHF,2022-01-25 08:00:00,0.65636,0.65356,13,25,-0.9814680245,0.2726300068,0.9269521411,0
CAD_CHF,2022-01-25 08:00:00,0.72645,0.71691,6,13,-0.8090154769,0.3541772825,0.8739495798,0
AUD_CHF,2022-01-25 16:00:00,0.65636,0.65356,13,25,-0.8429241503,0.1404873584,0.7616580311,0
CAD_CHF,2022-01-25 16:00:00,0.72645,0.71691,6,13,-0.630255644,0.571627212,0.824120603,0
AUD_CHF,2022-01-26 00:00:00,0.65636,0.65356,14,26,-0.630389013,0.2980643703,0.981884058,0
CAD_CHF,2022-01-26 00:00:00,0.72645,0.71691,7,14,-0.5677022558,0.4651495902,1,0
AUD_CHF,2022-01-26 08:00:00,0.65636,0.65356,14,26,0.109342974,1.17102798,0.9261538462,0
CAD_JPY,2022-01-26 08:00:00,90.542,87.437,8,27,-0.6094907621,0.5843282994,0.9384615385,0
AUD_CHF,2022-01-27 08:00:00,0.65636,0.65356,15,27,-1.060718643,0.4343895393,0.9589632829,1
CAD_CHF,2022-01-27 08:00:00,0.72645,0.71691,8,15,0.06190801916,1.864119244,0.9632352941,1
CAD_JPY,2022-01-27 08:00:00,90.542,87.437,9,28,-1.070176946,0.5510064367,0.9622093023,1
AUD_CHF,2022-01-27 12:00:00,0.65636,0.65356,15,27,0.05717593815,1.039256758,0.9668874172,0
CAD_JPY,2022-01-27 12:00:00,90.542,87.437,9,28,0.06221724555,1.186913607,0.8671586716,0
GBP_AUD,2022-02-11 00:00:00,1.89196,1.87606,7,16,-0.3415588349,0.5098390414,0.6316440049,1
GBP_AUD,2022-02-11 20:00:00,1.89196,1.87606,7,16,0.2067570364,1.133217955,0.6408296943,0
CAD_JPY,2022-02-14 12:00:00,89.947,89.566,8,15,0.2390755326,1.646361054,0.8505747126,1
EUR_AUD,2022-02-17 20:00:00,1.57735,1.55869,11,20,0.05264086909,0.6404639072,0.6961038961,1
EUR_AUD,2022-02-18 16:00:00,1.57735,1.55869,12,21,-0.7714217195,0.4420267704,0.7919556172,0
AUD_NZD,2022-02-21 00:00:00,1.07143,1.06658,6,10,-0.7095968186,0.7048344238,0.8413597734,1
CAD_JPY,2022-02-21 00:00:00,90.021,89.947,5,13,0.0154716551,0.8447523684,0.7723342939,1
EUR_CHF,2022-02-21 00:00:00,1.04396,1.02999,5,20,-0.8470382117,0.4691927349,0.9378698225,1
EUR_JPY,2022-02-21 00:00:00,130.046,128.296,5,15,-0.1731624858,1.209888537,0.912462908,1
CAD_CHF,2022-02-21 04:00:00,0.72289,0.72248,5,11,-0.352619506,0.2126088198,0.981981982,1
EUR_NZD,2022-02-21 16:00:00,1.68401,1.66556,17,23,-0.02205088171,0.6725518922,0.8097686375,1
GBP_NZD,2022-02-21 16:00:00,2.02209,1.99368,8,27,-0.1179963437,0.8511211674,0.9175824176,1
AUD_NZD,2022-02-22 00:00:00,1.07143,1.06658,7,11,0.05961250542,0.7252854827,0.600896861,0
CAD_JPY,2022-02-22 08:00:00,90.021,89.947,6,14,-0.7623790252,0.1456991026,0.6854219949,0
EUR_NZD,2022-02-22 08:00:00,1.68401,1.66556,18,24,-0.2937811194,0.4664616247,0.70625,0
GBP_CHF,2022-02-22 08:00:00,1.2472,1.22792,6,21,-1.339222854,0.1380973206,0.8098591549,1
USD_CHF,2022-02-22 08:00:00,0.91771,0.91076,13,22,-1.297014145,0.4389894029,0.8992248062,1
CAD_JPY,2022-02-22 12:00:00,90.021,89.947,6,14,0.1442057515,1.425670497,0.900921659,0
EUR_JPY,2022-02-22 12:00:00,130.046,128.296,6,16,-0.2657860847,1.079755969,0.7854545455,0
USD_CHF,2022-02-22 12:00:00,0.91771,0.91076,13,22,-0.0248140237,1.022337776,0.9813953488,0
GBP_CHF,2022-02-22 16:00:00,1.2472,1.22792,6,21,-0.3998143439,1.359931888,0.7891414141,0
AUD_NZD,2022-02-22 20:00:00,1.07143,1.06658,7,11,-0.674474005,0.2248246683,0.7932489451,0
CAD_JPY,2022-02-23 00:00:00,90.021,89.947,7,15,0.0485772769,0.6412200551,0.9104477612,0
CAD_CHF,2022-02-23 08:00:00,0.72289,0.72248,7,13,-0.3824112831,0.5620985125,0.6119402985,0
EUR_CHF,2022-02-23 08:00:00,1.04396,1.02999,7,22,-0.6057260894,0.4212233151,0.7356608479,0
EUR_JPY,2022-02-23 08:00:00,130.046,128.296,7,17,0.1949887367,1.39151053,0.9358752166,0
CAD_CHF,2022-02-23 12:00:00,0.72289,0.72248,7,13,-0.0319159039,0.6702339818,0.6184738956,0
CAD_JPY,2022-02-24 00:00:00,90.021,89.947,8,16,0.09861395777,0.9511475282,0.8348909657,0
USD_CHF,2022-02-24 00:00:00,0.91771,0.91076,15,24,-0.2515922056,0.6155979498,0.8950276243,0
USD_CHF,2022-02-24 08:00:00,0.91771,0.91076,15,24,-0.03425809348,1.908665208,0.9497607656,0
AUD_NZD,2022-02-24 16:00:00,1.07143,1.06658,9,13,-0.8023650839,0.3364756803,0.8949152542,1
GBP_CAD,2022-02-24 16:00:00,1.71542,1.71274,6,12,-1.429765303,0.1766180669,0.8545861298,1
GBP_CAD,2022-02-25 04:00:00,1.71542,1.71274,7,13,-0.5154988764,0.3562030863,0.9270588235,0
AUD_NZD,2022-02-25 08:00:00,1.07143,1.06658,10,14,-0.2725283744,0.7053675573,0.850174216,0
CAD_CHF,2022-02-25 08:00:00,0.72289,0.72248,9,15,-0.3968897491,0.192043427,0.8165680473,1
CAD_CHF,2022-02-25 12:00:00,0.72289,0.72248,9,15,-0.07268141932,1.603029082,0.9857482185,0
CAD_JPY,2022-02-25 12:00:00,90.021,89.947,9,17,-0.0503881775,1.471865185,0.9811965812,1
EUR_JPY,2022-02-25 16:00:00,130.046,128.296,9,19,-0.8094822759,0.1099296918,0.8202080238,1
EUR_JPY,2022-02-25 20:00:00,130.046,128.296,9,19,0.04188487586,0.3054105531,0.6958525346,0
AUD_NZD,2022-02-28 00:00:00,1.07143,1.06658,11,15,-0.0319524055,1.230167612,0.8826815642,0
AUD_NZD,2022-02-28 12:00:00,1.07143,1.06658,11,15,-0.07944338046,0.8404273407,0.990990991,0
AUD_NZD,2022-03-01 00:00:00,1.07143,1.06658,12,16,-0.08640102673,0.9504112941,0.9198606272,0
USD_CAD,2022-03-01 00:00:00,1.26639,1.26362,9,13,0.02595225646,0.2524446764,0.8205128205,1
USD_CAD,2022-03-01 04:00:00,1.26639,1.26362,9,13,0.09122740739,0.4018937136,0.75,0
USD_CAD,2022-03-01 16:00:00,1.26639,1.26362,9,13,-0.2242842856,1.492816912,0.9518716578,0
USD_CAD,2022-03-03 16:00:00,1.26639,1.26362,11,15,-0.9427624985,0.3532182946,0.7727272727,0
EUR_GBP,2022-03-08 12:00:00,0.83051,0.82846,10,23,-0.8252812323,0.7871379821,0.9748427673,1
EUR_GBP,2022-03-08 16:00:00,0.83051,0.82846,10,23,-0.6956878468,0.8456755936,0.7570532915,0
EUR_GBP,2022-03-09 00:00:00,0.83051,0.82846,11,24,0.1873208262,0.6121377,0.7743902439,0
AUD_USD,2022-03-14 08:00:00,0.72454,0.70946,4,12,-0.3769201533,0.3570822505,0.8473282443,1
AUD_USD,2022-03-16 12:00:00,0.72454,0.70946,6,14,-0.5835199432,0.6213698855,0.9116945107,0
AUD_USD,2022-03-16 20:00:00,0.72454,0.70946,6,14,-1.10292752,1.144810844,0.8836443469,0
GBP_AUD,2022-03-18 08:00:00,1.77698,1.77321,5,9,-0.04284782554,0.661080737,0.8778625954,1
GBP_AUD,2022-03-21 04:00:00,1.77698,1.77321,6,10,-0.3284642919,0.1320629627,0.6476190476,0
GBP_AUD,2022-03-21 08:00:00,1.77698,1.77321,6,10,-0.008563575483,0.7142021953,0.8508064516,0
EUR_CAD,2022-03-22 08:00:00,1.38578,1.37623,7,11,-0.9070791681,0.2440571753,0.6919315403,1
EUR_CAD,2022-03-22 12:00:00,1.38578,1.37623,7,11,-0.4301823042,0.6281065568,0.9703703704,0
GBP_AUD,2022-03-22 12:00:00,1.77698,1.77321,7,11,-0.1156000308,0.7893314604,0.9382022472,0
GBP_AUD,2022-03-23 00:00:00,1.77698,1.77321,8,12,-0.445517288,0.5047998303,0.735744089,0
EUR_CAD,2022-03-23 04:00:00,1.38578,1.37623,8,12,0.04471580498,0.5008170157,0.8031496063,0
GBP_AUD,2022-03-23 04:00:00,1.77698,1.77321,8,12,0.04720815785,0.6118903537,0.6561181435,0
GBP_CHF,2022-03-25 12:00:00,1.22191,1.21045,4,14,-0.4345973404,0.7989304402,0.9733059548,1
EUR_USD,2022-03-28 08:00:00,1.0961,1.0806,4,15,-0.5216199638,0.9478216415,0.8461538462,1
EUR_USD,2022-03-28 16:00:00,1.0961,1.0806,4,15,-0.4274584542,0.9825607523,0.8962264151,0
EUR_CAD,2022-03-29 12:00:00,1.38578,1.37623,12,16,-2.30347282,0.8067545213,0.9120126449,1
NZD_CAD,2022-03-29 12:00:00,0.86099,0.85038,9,21,-0.2324553069,0.7617381595,0.7183462532,1
EUR_CAD,2022-03-30 00:00:00,1.38578,1.37623,13,17,-0.3246464712,0.2968196308,0.9383753501,0
EUR_CAD,2022-03-30 08:00:00,1.38578,1.37623,13,17,0.1415354467,1.245129402,0.9829642249,0
CAD_CHF,2022-03-31 04:00:00,0.7383,0.71773,4,18,-0.1521320916,0.2205915329,0.7716535433,1
CAD_CHF,2022-03-31 12:00:00,0.7383,0.71773,4,18,-0.5045980101,0.4352639323,0.850174216,0
CAD_CHF,2022-04-01 00:00:00,0.7383,0.71773,5,19,-0.3993569282,0.3765365323,0.8535564854,0
CAD_CHF,2022-04-01 20:00:00,0.7383,0.71773,5,19,0.0912481277,0.5990637949,0.8101265823,0
EUR_NZD,2022-04-04 20:00:00,1.57498,1.56405,5,20,0.09665947929,0.6282866154,0.7955112219,1
GBP_USD,2022-04-06 08:00:00,1.30509,1.29997,6,17,-0.1706455092,1.436524923,0.9700374532,1
EUR_CHF,2022-04-06 12:00:00,1.0197,0.99741,8,22,-0.8335443845,0.227681105,0.9717314488,1
EUR_NZD,2022-04-07 00:00:00,1.57498,1.56405,8,23,-0.3976066869,0.6250256631,0.9017264276,0
GBP_USD,2022-04-07 00:00:00,1.30509,1.29997,7,18,0.1345584081,0.7744583932,0.8262548263,0
EUR_NZD,2022-04-07 12:00:00,1.57498,1.56405,8,23,0.2219188562,1.194489414,0.7479954181,0
GBP_USD,2022-04-07 20:00:00,1.30509,1.29997,7,18,0.1136924021,0.7263681244,0.8818181818,0
EUR_NZD,2022-04-08 00:00:00,1.57498,1.56405,9,24,-0.1792087542,0.5638896145,0.7950413223,0
NZD_USD,2022-04-08 04:00:00,0.68758,0.67284,8,18,-0.1562370389,0.3124740778,0.8391608392,1
EUR_NZD,2022-04-08 08:00:00,1.57498,1.56405,9,24,0.123682738,1.436265794,0.9041533546,1
AUD_USD,2022-04-08 16:00:00,0.7456,0.71652,8,18,-1.069745897,0.1620827117,0.9218328841,1
NZD_CHF,2022-04-11 04:00:00,0.63766,0.63225,6,19,0.1119266802,0.9312299792,0.9838709677,1
AUD_USD,2022-04-12 12:00:00,0.7456,0.71652,10,20,-1.0906925,0.8189018122,0.9376083189,0
NZD_CHF,2022-04-12 12:00:00,0.63766,0.63225,7,20,-0.2921060769,0.6435462006,0.8760683761,0
NZD_CHF,2022-04-13 00:00:00,0.63766,0.63225,8,21,-0.05718331033,0.7389843181,0.6510791367,0
GBP_USD,2022-04-13 16:00:00,1.30509,1.29997,11,22,-1.538348361,1.128650774,0.9139492754,1
EUR_GBP,2022-04-14 04:00:00,0.82957,0.82028,16,28,-0.03730644485,0.6031208584,0.8879310345,1
EUR_CHF,2022-04-14 08:00:00,1.0197,0.99741,14,28,-0.8240660731,0.19824231,0.9633699634,1
NZD_CHF,2022-04-14 12:00:00,0.63766,0.63225,9,22,-0.2414186521,0.4313874276,0.6589147287,1
EUR_CHF,2022-04-14 16:00:00,1.0197,0.99741,14,28,-1.879490749,0.1560587987,0.9884678748,0
GBP_USD,2022-04-15 04:00:00,1.30509,1.29997,13,24,-0.1733318393,0.459466939,0.9019607843,0
GBP_USD,2022-04-15 12:00:00,1.30509,1.29997,13,24,0.1427816839,0.4341728754,0.6369426752,0
NZD_CHF,2022-04-15 16:00:00,0.63766,0.63225,10,23,0.008175601103,0.5436774734,0.6822916667,0
USD_CAD,2022-04-21 16:00:00,1.2521,1.24028,5,12,-1.3828874,0.8473863218,0.9607097592,1
NZD_JPY,2022-04-25 12:00:00,84.706,84.245,10,17,-0.6061457123,0.1260087861,0.6594911937,1
AUD_NZD,2022-04-25 16:00:00,1.08246,1.0755,8,18,-0.01067428246,0.5692950644,0.8316326531,1
AUD_CHF,2022-04-26 04:00:00,0.68973,0.68882,10,17,-0.6900113008,0.8494805792,0.9227941176,1
AUD_JPY,2022-04-26 04:00:00,92.398,90.763,11,18,-1.493175785,0.2517165601,0.967711301,1
NZD_JPY,2022-04-26 04:00:00,84.706,84.245,11,18,-0.6978636722,0.7670569542,0.9827586207,0
GBP_NZD,2022-04-26 20:00:00,1.91477,1.88497,4,9,-0.3680473269,0.1159993521,0.7806004619,1
GBP_CHF,2022-04-27 00:00:00,1.21037,1.2096,10,18,-0.5918779837,0.1740817599,0.9348441926,1
GBP_NZD,2022-04-27 00:00:00,1.91477,1.88497,5,10,-0.3744877814,0.1194232689,0.8014354067,0
AUD_CHF,2022-04-27 04:00:00,0.68973,0.68882,11,18,-0.9515850624,0.5182478648,0.9901380671,0
GBP_CHF,2022-04-27 04:00:00,1.21037,1.2096,10,18,-0.03625179541,0.2730968587,0.6666666667,0
GBP_CHF,2022-04-27 12:00:00,1.21037,1.2096,10,18,0.0698369573,1.148697539,0.9655172414,0
AUD_CHF,2022-04-27 16:00:00,0.68973,0.68882,11,18,-0.2729033427,0.4959211282,0.7119565217,0
AUD_CHF,2022-04-28 00:00:00,0.68973,0.68882,12,19,-0.6157938623,0.1056509078,0.7810457516,0
GBP_CHF,2022-04-28 00:00:00,1.21037,1.2096,11,19,-0.04880132337,1.078276859,0.9082397004,0
GBP_NZD,2022-04-28 00:00:00,1.91477,1.88497,6,11,0.04168918547,0.6298044805,0.7221206581,0
AUD_CHF,2022-04-28 08:00:00,0.68973,0.68882,12,19,-0.6070145785,0.9596611432,0.8630573248,0
AUD_JPY,2022-04-28 08:00:00,92.398,90.763,13,20,-0.7465987347,1.467051988,0.9298352654,0
NZD_JPY,2022-04-28 08:00:00,84.706,84.245,13,20,-1.20684375,1.018554606,0.8953823954,0
AUD_JPY,2022-04-28 16:00:00,92.398,90.763,13,20,0.04768925442,0.8485882036,0.9516666667,0
NZD_JPY,2022-04-28 16:00:00,84.706,84.245,13,20,-0.4800315482,0.6282518158,0.9577874818,0
GBP_CHF,2022-04-29 00:00:00,1.21037,1.2096,12,20,-0.2982313354,0.4371024153,0.8411458333,0
GBP_NZD,2022-04-29 00:00:00,1.91477,1.88497,7,12,0.1252854924,0.8684562539,0.8338658147,0
NZD_JPY,2022-04-29 04:00:00,84.706,84.245,14,21,0.1821022937,0.5444295379,0.8894009217,1
GBP_AUD,2022-04-29 08:00:00,1.74912,1.7174,7,18,-0.4638802583,1.057248564,0.942680776,1
GBP_NZD,2022-04-29 08:00:00,1.91477,1.88497,7,12,0.1604626549,1.38168286,0.8349514563,0
GBP_AUD,2022-04-29 16:00:00,1.74912,1.7174,7,18,0.1234700123,3.130677139,0.976860779,0
CHF_JPY,2022-05-04 20:00:00,131.922,130.783,5,25,0.1721181662,1.690807868,0.768442623,1
CHF_JPY,2022-05-05 20:00:00,131.922,130.783,6,26,-0.1403281133,0.3972669123,0.7472527473,0
GBP_AUD,2022-05-09 00:00:00,1.74912,1.7174,13,24,-0.6344586638,0.5828300203,0.9610507246,1
CHF_JPY,2022-05-09 08:00:00,131.922,130.783,8,28,-0.340675582,0.2336685082,0.6383495146,0
AUD_CHF,2022-05-12 12:00:00,0.6843,0.68223,8,13,-0.337321356,0.2094656807,0.7613636364,1
AUD_CHF,2022-05-12 16:00:00,0.6843,0.68223,8,13,-0.08421328377,1.152669322,0.8687615527,0
USD_JPY,2022-05-13 00:00:00,128.622,126.942,7,12,-0.6354789871,0.3201527049,0.8534482759,1
USD_JPY,2022-05-13 12:00:00,128.622,126.942,7,12,0.1907133461,0.6582142034,0.7367021277,0
EUR_CAD,2022-05-16 04:00:00,1.34594,1.33872,7,11,-0.5893249238,0.4917814882,0.8580645161,1
EUR_JPY,2022-05-16 08:00:00,134.78,134.297,13,29,-0.9794435498,0.2561820645,0.9474206349,1
EUR_JPY,2022-05-17 00:00:00,134.78,134.297,14,30,-0.4060828191,0.2866466959,0.7715179969,0
EUR_JPY,2022-05-17 04:00:00,134.78,134.297,14,30,0.03351441064,0.4546302661,0.8117977528,0
EUR_USD,2022-05-17 08:00:00,1.04827,1.04713,7,13,-1.18880397,0.2140973974,0.9651162791,1
EUR_CAD,2022-05-17 12:00:00,1.34594,1.33872,8,12,-0.8546720358,1.361070221,0.97190518,0
EUR_USD,2022-05-17 12:00:00,1.04827,1.04713,7,13,-0.3523154438,1.534359288,0.8504027618,0
EUR_CAD,2022-05-18 20:00:00,1.34594,1.33872,9,13,-0.2127963259,0.5443106021,0.7527839644,0
EUR_CAD,2022-05-19 08:00:00,1.34594,1.33872,10,14,-0.189797844,0.3842820546,0.7101449275,0
EUR_CAD,2022-05-19 12:00:00,1.34594,1.33872,10,14,0.01366296155,1.127194328,0.815,1
GBP_CHF,2022-05-20 08:00:00,1.21219,1.21081,6,10,-0.5817265975,0.4393705419,0.7809139785,1
GBP_CHF,2022-05-20 12:00:00,1.21219,1.21081,6,10,-0.3592048188,0.4676775611,0.9768907563,0
EUR_AUD,2022-05-23 08:00:00,1.48878,1.46005,4,13,-0.04958019767,1.359323753,0.9368131868,1
AUD_NZD,2022-05-23 16:00:00,1.09808,1.08243,9,20,-0.155970965,0.2915978912,0.6111111111,1
EUR_NZD,2022-05-23 16:00:00,1.64569,1.56964,4,28,-0.06295301343,0.9325830129,0.9264305177,1
GBP_CHF,2022-05-23 16:00:00,1.21219,1.21081,7,11,-0.1277956919,0.4482386208,0.764556962,0
AUD_NZD,2022-05-24 00:00:00,1.09808,1.08243,10,21,-0.3744691724,0.4759608172,0.7788461538,0
GBP_CHF,2022-05-24 04:00:00,1.21219,1.21081,8,12,0.2148112171,0.4361982877,0.7769230769,0
AUD_NZD,2022-05-24 16:00:00,1.09808,1.08243,10,21,-0.1259425802,0.4885045537,0.9817073171,0
AUD_NZD,2022-05-24 20:00:00,1.09808,1.08243,10,21,0.1864949771,0.7343239723,0.7157360406,0
AUD_NZD,2022-05-25 00:00:00,1.09808,1.08243,11,22,-0.007444957927,0.9864569254,0.643373494,0
GBP_AUD,2022-05-25 00:00:00,1.76021,1.71782,6,14,0.05996053951,0.8324753974,0.9518900344,1
EUR_NZD,2022-05-25 08:00:00,1.64569,1.56964,6,30,-0.4994442677,0.4164164483,0.7993311037,0
AUD_NZD,2022-05-30 08:00:00,1.09808,1.08243,14,25,-1.017624874,0.1202257235,0.9498207885,1
GBP_NZD,2022-05-31 08:00:00,1.92489,1.90365,4,18,0.1626220567,1.310542457,0.9498680739,1
EUR_CHF,2022-06-02 00:00:00,1.02332,1.02294,4,10,0.1442718857,0.9171569879,0.9493670886,1
GBP_NZD,2022-06-02 00:00:00,1.92489,1.90365,6,20,-0.3300283275,0.1673827881,0.7645631068,0
EUR_CHF,2022-06-02 08:00:00,1.02332,1.02294,4,10,-0.5006619603,1.071887016,0.8682745826,0
EUR_NZD,2022-06-03 00:00:00,1.63813,1.63652,5,9,-0.3267541474,0.2690916508,0.9627329193,1
GBP_NZD,2022-06-06 16:00:00,1.92489,1.90365,8,22,-0.7409474593,0.9476420224,0.862254025,1
GBP_USD,2022-06-07 08:00:00,1.24586,1.21553,4,17,-0.659112209,0.8209994183,0.6124401914,1
NZD_CHF,2022-06-14 12:00:00,0.62083,0.61675,8,15,-0.7177435837,0.1610546578,0.6857923497,1
NZD_CHF,2022-06-14 16:00:00,0.62083,0.61675,8,15,-0.4556688185,0.578087307,0.7524752475,0
NZD_CHF,2022-06-15 12:00:00,0.62083,0.61675,9,16,0.2277425223,1.473425106,0.9232736573,0
NZD_USD,2022-06-29 04:00:00,0.62439,0.61966,5,11,-0.3158856311,0.4459561851,0.8436213992,1
AUD_USD,2022-06-29 12:00:00,0.68691,0.68505,4,11,-0.2389253296,0.5564014526,0.6394736842,1
AUD_USD,2022-06-30 04:00:00,0.68691,0.68505,5,12,-0.5102301691,0.8361191158,0.8163672655,0
AUD_USD,2022-06-30 12:00:00,0.68691,0.68505,5,12,-0.05625567976,0.7809612014,0.7507418398,0
AUD_USD,2022-06-30 16:00:00,0.68691,0.68505,5,12,-0.08480104547,1.347394389,0.8620037807,0
EUR_GBP,2022-06-30 16:00:00,0.85614,0.85107,4,9,-0.415503908,1.822729408,0.9150641026,1
EUR_JPY,2022-06-30 16:00:00,141.399,137.824,4,10,-0.009355233234,1.273870925,0.9785969084,1
GBP_USD,2022-06-30 16:00:00,1.21608,1.1934,6,12,-0.8896286264,0.3725602116,0.8393393393,1
NZD_JPY,2022-06-30 16:00:00,84.378,82.97,5,10,0.03928100699,1.053222,0.722027972,1
NZD_USD,2022-06-30 16:00:00,0.62439,0.61966,6,12,-1.388511189,0.2456334291,0.9392156863,0
EUR_JPY,2022-07-01 08:00:00,141.399,137.824,5,11,-0.830419183,0.4703772995,0.8623676612,0
AUD_JPY,2022-07-04 08:00:00,92.646,91.962,7,12,-0.9954515544,0.1783156697,0.7643742954,1
AUD_JPY,2022-07-04 12:00:00,92.646,91.962,7,12,0.1545492493,0.7814287884,0.6528028933,0
AUD_USD,2022-07-04 12:00:00,0.68691,0.68505,7,14,-0.5879117878,0.1774828039,0.6781326781,0
EUR_JPY,2022-07-04 12:00:00,141.399,137.824,6,12,-0.2386280636,0.1655482191,0.6391509434,0
AUD_USD,2022-07-05 00:00:00,0.68691,0.68505,8,15,-0.2590520594,0.4704623607,0.822147651,1
EUR_JPY,2022-07-05 00:00:00,141.399,137.824,7,13,-0.05241187795,0.8975534099,0.8695652174,0
NZD_JPY,2022-07-05 00:00:00,84.378,82.97,8,13,-0.497496154,0.5553944133,0.8830935252,0
EUR_GBP,2022-07-05 12:00:00,0.85614,0.85107,7,12,-0.6444403131,1.335166395,0.9439728353,0
EUR_AUD,2022-07-06 04:00:00,1.50622,1.48634,4,14,-0.1126623884,0.4062193161,0.7767220903,1
GBP_NZD,2022-07-06 16:00:00,1.92426,1.91225,12,22,0.04113264582,1.928395219,0.901734104,1
NZD_JPY,2022-07-11 04:00:00,84.378,82.97,12,17,-0.37251532,0.3612269769,0.6742738589,1
GBP_AUD,2022-07-15 20:00:00,1.74384,1.73068,7,21,0.1345179919,0.4996382555,0.9421487603,1
USD_CAD,2022-07-22 16:00:00,1.2837,1.28193,14,18,-0.4071705889,1.066786943,0.9019933555,1
GBP_CHF,2022-07-25 08:00:00,1.15693,1.15285,6,16,-1.032994695,0.5463773595,0.9893048128,1
USD_CAD,2022-07-26 00:00:00,1.2837,1.28193,16,20,0.1071683885,0.3891904635,0.7299270073,0
USD_CAD,2022-07-26 12:00:00,1.2837,1.28193,16,20,-0.2006259339,0.9223220019,0.6853741497,0
GBP_CHF,2022-07-27 00:00:00,1.15693,1.15285,8,18,0.1224118948,0.5665108622,0.6842105263,0
GBP_CHF,2022-07-27 16:00:00,1.15693,1.15285,8,18,-0.1008069016,1.578348059,0.9914965986,0
USD_CAD,2022-07-29 12:00:00,1.2837,1.28193,19,23,-0.6737135458,0.1493886558,0.6803874092,1
NZD_CHF,2022-08-03 04:00:00,0.59594,0.59019,15,23,0.03235042695,0.573064706,0.6256684492,1
AUD_CHF,2022-08-03 08:00:00,0.66321,0.65907,7,13,-0.552774336,0.552774336,0.9212121212,1
AUD_CHF,2022-08-03 12:00:00,0.66321,0.65907,7,13,0.2357463182,0.9356182004,0.8407079646,0
AUD_CHF,2022-08-05 16:00:00,0.66321,0.65907,9,15,-0.5392959403,0.7794204101,0.7938388626,0
AUD_NZD,2022-08-12 08:00:00,1.10076,1.09749,8,20,0.1418257373,1.468313515,0.9352941176,1
GBP_CAD,2022-08-15 00:00:00,1.54991,1.53511,7,16,-0.1665824246,0.3129730402,0.7509881423,1
GBP_CAD,2022-08-15 08:00:00,1.54991,1.53511,7,16,-0.1576456824,1.012380867,0.7421875,0
EUR_USD,2022-08-16 12:00:00,1.01226,1.00966,9,14,-0.003213894461,0.6749178368,0.8791666667,1
GBP_CAD,2022-08-16 12:00:00,1.54991,1.53511,8,17,0.1260210625,0.8611439271,0.7446808511,0
GBP_USD,2022-08-16 12:00:00,1.20032,1.17597,7,23,0.2282481968,1.231589229,0.9440715884,1
GBP_NZD,2022-08-17 08:00:00,1.91514,1.9067,9,18,-1.482104297,0.3636443582,0.9381443299,1
NZD_CHF,2022-08-18 04:00:00,0.59653,0.59553,6,11,-0.2023882188,0.501570803,1,1
AUD_CHF,2022-08-18 08:00:00,0.66081,0.65816,6,12,-1.207626205,0.287723022,0.8827751196,1
GBP_USD,2022-08-18 08:00:00,1.20032,1.17597,9,25,-0.194296809,0.9985952277,0.832807571,0
AUD_CHF,2022-08-18 20:00:00,0.66081,0.65816,6,12,0.00430212101,0.408701496,0.7899159664,0
AUD_CHF,2022-08-19 04:00:00,0.66081,0.65816,7,13,-0.3943666424,0.7280614936,0.7896341463,0
NZD_CHF,2022-08-19 04:00:00,0.59653,0.59553,7,12,0,0.6240072992,0.685,0
AUD_CHF,2022-08-22 04:00:00,0.66081,0.65816,8,14,-0.4155934529,0.3506569759,0.7866666667,0
AUD_USD,2022-08-22 04:00:00,0.68695,0.66814,11,27,0.183931188,0.9583782956,0.7741935484,1
AUD_CHF,2022-08-22 08:00:00,0.66081,0.65816,8,14,-0.1347016748,0.7908291877,0.9726027397,0
AUD_CHF,2022-08-22 16:00:00,0.66081,0.65816,8,14,-0.1547642905,0.9913280231,0.8535825545,0
AUD_USD,2022-08-23 00:00:00,0.68695,0.66814,12,28,0.03933978833,0.5737052465,0.7244444444,0
AUD_CHF,2022-08-23 08:00:00,0.66081,0.65816,9,15,0.2253570152,1.869628571,0.8191268191,0
NZD_CHF,2022-08-23 08:00:00,0.59653,0.59553,9,14,-1.035696609,0.5483099692,0.8291571754,0
NZD_CHF,2022-08-23 12:00:00,0.59653,0.59553,9,14,0.07063212815,0.8475855378,0.9565217391,1
AUD_USD,2022-08-23 16:00:00,0.68695,0.66814,12,28,0.0265702938,2.122671249,0.7618025751,0
NZD_USD,2022-08-23 16:00:00,0.62123,0.61913,12,19,-1.218674547,0.4254165743,0.7290780142,1
NZD_CAD,2022-08-25 00:00:00,0.80126,0.79817,4,21,0.05990787467,0.5905204789,0.8732394366,1
NZD_USD,2022-08-25 04:00:00,0.62123,0.61913,14,21,-0.7768544373,0.2862095295,0.847826087,0
NZD_USD,2022-08-25 08:00:00,0.62123,0.61913,14,21,0.04677372742,1.179366127,0.904,0
NZD_USD,2022-08-25 20:00:00,0.62123,0.61913,14,21,0.1335369786,0.4814359493,0.825,0
NZD_JPY,2022-08-26 20:00:00,84.373,82.129,5,18,-0.394284995,0.2965023163,0.9733333333,1
NZD_JPY,2022-08-29 00:00:00,84.373,82.129,6,19,-0.2499782834,0.5031208489,0.7854785479,0
EUR_CAD,2022-08-29 12:00:00,1.3025,1.29672,18,22,-0.9419416437,0.2027976343,0.662037037,1
NZD_CAD,2022-08-30 08:00:00,0.80126,0.79817,7,24,-1.025045616,0.7911140441,0.906581741,1
EUR_CAD,2022-08-30 12:00:00,1.3025,1.29672,19,23,-0.5215974332,0.2607987166,0.6063157895,0
EUR_CAD,2022-08-30 16:00:00,1.3025,1.29672,19,23,0.2001964191,2.576021393,0.9666339549,0
NZD_CAD,2022-08-30 16:00:00,0.80126,0.79817,7,24,0.1605420096,1.026623904,0.82,0
NZD_CAD,2022-08-31 00:00:00,0.80126,0.79817,8,25,0.2034646481,0.9113520696,0.8146341463,0
NZD_CAD,2022-08-31 12:00:00,0.80126,0.79817,8,25,0.1878146682,1.40642612,0.9964285714,0
NZD_CAD,2022-09-01 08:00:00,0.80126,0.79817,9,26,-0.2046095759,1.59274513,0.9696969697,0
AUD_CAD,2022-09-02 08:00:00,0.89212,0.88772,10,22,0.1119405307,0.6996283168,0.976744186,1
AUD_CAD,2022-09-05 04:00:00,0.89212,0.88772,11,23,-0.3332357019,0.1700182152,0.6244725738,0
GBP_JPY,2022-09-05 08:00:00,160.802,160.086,9,14,-0.2751490324,1.355806826,0.9915151515,1
CAD_CHF,2022-09-08 16:00:00,0.73901,0.72904,8,18,-0.1950306609,0.9794873192,0.7384196185,1
AUD_CAD,2022-09-09 08:00:00,0.89212,0.88772,15,27,-0.9588807929,0.26360984,0.875,1
USD_CHF,2022-09-09 12:00:00,0.95778,0.93706,10,21,-0.7278388341,0.550667539,0.6683354193,1
USD_CHF,2022-09-12 04:00:00,0.95778,0.93706,11,22,0.007975232083,0.6140928704,0.8507462687,0
AUD_CAD,2022-09-12 08:00:00,0.89212,0.88772,16,28,-0.6950491614,0.4567465918,0.7682119205,0
AUD_CAD,2022-09-12 16:00:00,0.89212,0.88772,16,28,0.08080927972,0.7239164642,0.8642533937,0
AUD_CAD,2022-09-12 20:00:00,0.89212,0.88772,16,28,0.2059357187,0.7756912072,0.7614678899,0
AUD_CAD,2022-09-13 08:00:00,0.89212,0.88772,17,29,0.07994308491,0.983647523,0.9923664122,0
USD_CHF,2022-09-13 12:00:00,0.95778,0.93706,12,23,-2.274882012,0.6244318991,0.9968076616,0
USD_CHF,2022-09-13 20:00:00,0.95778,0.93706,12,23,0.09365132884,0.8967114737,0.9002624672,0
USD_CHF,2022-09-15 16:00:00,0.95778,0.93706,14,25,-0.5231863413,0.6984670445,0.7836456559,1
EUR_JPY,2022-09-21 12:00:00,142.295,135.516,5,20,0.0873348202,0.8157072207,0.6337386018,1
CAD_JPY,2022-09-22 16:00:00,105.481,102.591,15,28,-0.9940509085,0.1068311592,0.9145021645,1
CAD_JPY,2022-09-23 08:00:00,105.481,102.591,16,29,-0.490707648,0.1738243393,0.9818181818,0
CAD_JPY,2022-09-23 12:00:00,105.481,102.591,16,29,-0.5012558519,0.3065785027,0.7727272727,0
CAD_JPY,2022-09-26 00:00:00,105.481,102.591,17,30,-0.2972653285,0.3271579314,0.7216890595,0
CAD_JPY,2022-09-26 08:00:00,105.481,102.591,17,30,-0.1393055274,0.6098863942,0.8529980658,0
GBP_AUD,2022-09-29 16:00:00,1.6896,1.68718,14,18,-0.4639750382,1.244596548,0.9048913043,1
GBP_CAD,2022-09-29 16:00:00,1.5082,1.50236,9,16,-1.215752734,0.5724625487,0.8553964373,1
EUR_GBP,2022-10-04 12:00:00,0.86908,0.86257,8,14,-0.4412406079,0.4536949799,0.6391359593,1
EUR_GBP,2022-10-05 00:00:00,0.86908,0.86257,9,15,0.009588535689,0.5695590199,0.7584415584,0
GBP_NZD,2022-10-12 08:00:00,1.95522,1.82073,4,12,0.2216410571,1.654857809,0.949413942,1
USD_CHF,2022-10-28 08:00:00,0.99191,0.97806,8,16,-0.7011099023,0.8050675775,0.873772791,1
USD_CHF,2022-11-01 12:00:00,0.99191,0.97806,10,18,-0.1066164159,0.5410783109,0.6428571429,0
AUD_JPY,2022-11-03 16:00:00,92.945,90.841,8,15,0.04304528508,0.7855764527,0.7293868922,1
CHF_JPY,2022-11-03 16:00:00,146.223,145.439,8,17,-0.695806377,0.2842285996,0.9202772964,1
GBP_JPY,2022-11-03 16:00:00,164.964,159.728,9,17,0.1513946799,0.9095601636,0.6659685864,1
CHF_JPY,2022-11-04 00:00:00,146.223,145.439,9,18,-0.3965345844,0.3541862307,0.8863636364,0
GBP_CAD,2022-11-04 00:00:00,1.53139,1.51027,10,17,0.2468695377,0.7982115052,0.8375,1
GBP_JPY,2022-11-04 00:00:00,164.964,159.728,10,18,0.2296527971,1.094885227,0.9063719116,0
GBP_JPY,2022-11-04 12:00:00,164.964,159.728,10,18,0.1672072324,1.116391146,0.7587939698,0
EUR_CAD,2022-11-04 20:00:00,1.34051,1.32934,11,19,-0.1474198167,0.3915838882,0.7428571429,1
GBP_CAD,2022-11-04 20:00:00,1.53139,1.51027,10,17,-0.1930718126,0.2742845592,0.8111702128,0
EUR_CAD,2022-11-07 00:00:00,1.34051,1.32934,12,20,0.0869748308,0.6558372377,0.7756410256,0
GBP_CAD,2022-11-07 00:00:00,1.53139,1.51027,11,18,-0.3498073737,0.100845369,0.7222222222,0
GBP_CAD,2022-11-07 04:00:00,1.53139,1.51027,11,18,-0.05748977423,0.300589391,0.7985347985,0
GBP_AUD,2022-11-07 08:00:00,1.76734,1.59564,11,30,-0.8040033729,0.3500341579,0.7809215845,1
GBP_CAD,2022-11-07 08:00:00,1.53139,1.51027,11,18,-0.2442856966,1.742375089,0.8442776735,0
GBP_AUD,2022-11-07 16:00:00,1.76734,1.59564,11,30,0.1496966319,1.415531352,0.9823420074,0
USD_JPY,2022-11-09 04:00:00,145.676,145.108,5,9,-0.8278796755,0.1717932133,0.9918831169,1
USD_JPY,2022-11-09 12:00:00,145.676,145.108,5,9,-0.1322603108,1.171448467,0.9517241379,0
GBP_CAD,2022-11-09 20:00:00,1.53139,1.51027,13,20,0.03180202876,0.7250862558,0.9140461216,1
AUD_CHF,2022-11-10 12:00:00,0.63464,0.62116,5,20,-1.040266757,0.9372700485,0.768,1
EUR_CHF,2022-11-10 12:00:00,0.98295,0.96432,5,21,-0.1792730568,1.884196413,0.7877094972,1
AUD_JPY,2022-11-10 20:00:00,92.965,92.945,5,13,-0.1046101466,0.6959777101,0.6177924217,1
EUR_CHF,2022-11-11 00:00:00,0.98295,0.96432,6,22,-0.0247644689,0.4139204087,0.7045454545,0
EUR_JPY,2022-11-11 00:00:00,144.034,143.724,6,14,-0.3723895668,1.014136014,0.835106383,1
GBP_JPY,2022-11-11 00:00:00,165.091,164.964,6,15,0.1852261927,0.864767685,0.7274939173,1
NZD_JPY,2022-11-11 00:00:00,85.156,80.691,6,23,-0.576400439,0.2175519167,0.739039666,1
NZD_JPY,2022-11-11 04:00:00,85.156,80.691,6,23,0.08672521316,0.8353007372,0.9704142012,0
AUD_JPY,2022-11-11 20:00:00,92.965,92.945,6,14,-0.2132863671,0.2073063755,0.8791666667,0
AUD_JPY,2022-11-14 08:00:00,92.965,92.945,7,15,-0.0485016106,1.507280822,0.8891257996,0
EUR_JPY,2022-11-14 08:00:00,144.034,143.724,7,15,-0.6139721728,0.9987101938,0.9540047581,0
GBP_JPY,2022-11-14 08:00:00,165.091,164.964,7,16,-1.453877475,0.5888203774,0.9939363315,0
NZD_JPY,2022-11-14 08:00:00,85.156,80.691,7,24,-0.8637821351,0.4782755498,0.9366906475,0
NZD_JPY,2022-11-14 12:00:00,85.156,80.691,7,24,0,0.8074121444,0.9974160207,0
NZD_JPY,2022-11-15 00:00:00,85.156,80.691,8,25,0.1925726007,0.7330888778,0.7916666667,0
GBP_JPY,2022-11-15 04:00:00,165.091,164.964,8,17,-0.3683865569,0.2512238599,0.9482758621,0
AUD_CHF,2022-11-15 08:00:00,0.63464,0.62116,8,23,-0.6274815573,0.3137407786,0.8789808917,0
GBP_JPY,2022-11-15 12:00:00,165.091,164.964,8,17,-0.5584425175,0.8446577577,0.9782445611,0
AUD_CHF,2022-11-15 16:00:00,0.63464,0.62116,8,23,-0.2488737392,1.729672487,0.8995756719,0
EUR_JPY,2022-11-16 00:00:00,144.034,143.724,9,17,-0.5838798436,0.6202938554,0.875,0
GBP_JPY,2022-11-16 00:00:00,165.091,164.964,9,18,-0.4099729423,0.4120593186,0.7903711133,0
AUD_CHF,2022-11-16 20:00:00,0.63464,0.62116,9,24,0.2337058498,0.6333767235,0.6900584795,1
AUD_CHF,2022-11-17 16:00:00,0.63464,0.62116,10,25,-0.9345588434,0.6375026396,0.9671457906,0
EUR_CHF,2022-11-17 16:00:00,0.98295,0.96432,10,26,-0.3469223144,0.9824348726,0.8712273642,1
CHF_JPY,2022-11-25 08:00:00,146.534,144.579,5,10,0.02097001222,1.807233781,0.8381037567,1
CHF_JPY,2022-11-28 12:00:00,146.534,144.579,6,11,-0.9441079522,0.5980533456,0.9570484581,0
AUD_CHF,2022-11-28 16:00:00,0.63019,0.62968,4,10,-0.04610969962,1.118160216,0.7890625,1
AUD_CHF,2022-11-29 00:00:00,0.63019,0.62968,5,11,0.1707072611,0.7384081525,0.9533333333,0
GBP_NZD,2022-11-29 12:00:00,1.92053,1.91866,4,9,0.06273835075,1.210391108,0.773993808,1
GBP_NZD,2022-11-30 08:00:00,1.92053,1.91866,5,10,-0.3973213541,0.8273632903,0.9812734082,0
EUR_AUD,2022-11-30 12:00:00,1.53654,1.52575,4,11,0.003346877447,1.037532009,0.9155555556,1
GBP_NZD,2022-11-30 12:00:00,1.92053,1.91866,5,10,0.1228838049,0.9737374921,0.8325722983,0
EUR_AUD,2022-12-01 12:00:00,1.53654,1.52575,5,12,-0.6727863332,0.783902628,0.9400785855,0
EUR_AUD,2022-12-01 16:00:00,1.53654,1.52575,5,12,0.1668706636,1.02678075,0.7409326425,0
GBP_NZD,2022-12-01 16:00:00,1.92053,1.91866,6,11,-0.8623503999,0.2982353749,0.647566719,0
EUR_GBP,2022-12-01 20:00:00,0.85721,0.85719,5,24,-0.1951150251,0.5037515194,0.6099071207,1
EUR_GBP,2022-12-02 00:00:00,0.85721,0.85719,6,25,0.2097513301,0.5556570323,0.6714285714,0
USD_CHF,2022-12-02 12:00:00,0.93875,0.93567,6,13,-1.396486777,0.6193910257,0.7791519435,1
EUR_GBP,2022-12-05 04:00:00,0.85721,0.85719,7,26,-0.1544828979,0.3010435959,0.9349593496,0
EUR_GBP,2022-12-05 08:00:00,0.85721,0.85719,7,26,-0.1082001145,0.923565263,0.7829912023,0
GBP_NZD,2022-12-05 16:00:00,1.92053,1.91866,8,13,-0.5792794724,1.047602429,0.8193033382,1
USD_CHF,2022-12-05 16:00:00,0.93875,0.93567,7,14,-0.5820223374,0.8966929507,0.9873617694,0
GBP_NZD,2022-12-06 04:00:00,1.92053,1.91866,9,14,0.08561691253,1.009378337,0.9165424739,0
USD_CHF,2022-12-06 16:00:00,0.93875,0.93567,8,15,-0.1708401375,0.7624059867,0.8413793103,0
USD_CHF,2022-12-07 16:00:00,0.93875,0.93567,9,16,-0.6496405791,0.4563590845,0.8728813559,0
USD_CHF,2022-12-07 20:00:00,0.93875,0.93567,9,16,0.1141680165,0.5290712958,0.8054054054,1
NZD_CHF,2022-12-14 20:00:00,0.59329,0.57301,6,22,-0.004423297141,1.313719251,0.8119891008,1
AUD_USD,2022-12-15 20:00:00,0.66687,0.66404,6,12,0.1952665624,0.7786254177,0.7563291139,1
NZD_CHF,2022-12-16 16:00:00,0.59329,0.57301,8,24,-0.5527048681,0.5066461291,0.8461538462,0
NZD_CHF,2022-12-19 08:00:00,0.59329,0.57301,9,25,0.02227213521,0.7082538996,0.8062827225,0
GBP_USD,2022-12-19 16:00:00,1.21066,1.19001,8,13,0.2152236636,1.150440159,0.8342541436,1
AUD_USD,2022-12-20 08:00:00,0.66687,0.66404,9,15,-0.6492151998,0.5372815446,0.868852459,0
EUR_CHF,2022-12-20 08:00:00,0.98261,0.97887,7,14,-0.00807499962,0.9124749571,0.8444444444,1
AUD_USD,2022-12-20 20:00:00,0.66687,0.66404,9,15,-0.3204275956,0.1528193148,0.7559055118,0
AUD_USD,2022-12-21 12:00:00,0.66687,0.66404,10,16,0.1017196489,1.131957118,0.8876404494,1
GBP_USD,2022-12-21 12:00:00,1.21066,1.19001,10,15,-0.3416564169,0.5838012561,0.71446863,0
EUR_CHF,2022-12-22 00:00:00,0.98261,0.97887,9,16,-0.3124101882,0.3124101882,0.9054054054,0
EUR_CHF,2022-12-22 12:00:00,0.98261,0.97887,9,16,0.0416198849,1.354958475,0.9161290323,0
GBP_AUD,2022-12-22 16:00:00,1.79828,1.77044,6,15,-0.6341638277,0.8021097567,0.893812709,1
AUD_USD,2022-12-23 00:00:00,0.66687,0.66404,12,18,-0.2287162419,0.2144214767,0.8611111111,0
AUD_USD,2022-12-23 16:00:00,0.66687,0.66404,12,18,0.1214450664,1.344570378,0.8134615385,0
GBP_AUD,2022-12-26 00:00:00,1.79828,1.77044,8,17,-0.7795575338,0.2901686376,0.6938202247,0
USD_CAD,2022-12-28 00:00:00,1.35183,1.33852,10,17,-0.5832360556,0.3749374643,0.7777777778,1
USD_CAD,2022-12-28 08:00:00,1.35183,1.33852,10,17,-0.253163463,0.6000911715,0.9069767442,0
USD_CAD,2022-12-28 16:00:00,1.35183,1.33852,10,17,-0.6401282477,1.417058097,0.7497648166,0
EUR_AUD,2022-12-28 20:00:00,1.57233,1.54433,4,11,-0.1336246724,0.3563324598,0.6111111111,1
EUR_AUD,2022-12-29 00:00:00,1.57233,1.54433,5,12,0.09166935076,0.664602793,0.9202453988,0
USD_CHF,2022-12-30 04:00:00,0.92266,0.92158,6,12,0,0.3944447368,0.9430894309,1
USD_CHF,2022-12-30 12:00:00,0.92266,0.92158,6,12,-0.5109467308,0.3508500885,0.6931506849,0
USD_CHF,2022-12-30 20:00:00,0.92266,0.92158,6,12,-0.3136945633,0.5197488352,0.7207446809,0
CHF_JPY,2023-01-02 04:00:00,141.56,141.01,5,9,-0.08221914821,0.1924675515,0.7386934673,1
USD_CHF,2023-01-02 04:00:00,0.92266,0.92158,7,13,-0.1623996803,0.5052434497,0.888,0
USD_CHF,2023-01-02 08:00:00,0.92266,0.92158,7,13,-0.4533424344,0.4738159637,0.6831896552,0
USD_CHF,2023-01-03 04:00:00,0.92266,0.92158,8,14,0.1416470543,0.6096981903,0.8888888889,0
EUR_CAD,2023-01-03 12:00:00,1.43392,1.37348,5,30,0.07816689856,1.664599635,0.9056795132,1
EUR_USD,2023-01-04 08:00:00,1.05733,1.02902,9,25,-0.3427380169,0.945049679,0.6732542819,1
CHF_JPY,2023-01-04 16:00:00,141.56,141.01,7,11,-0.9138934098,1.526352711,0.8700537372,0
EUR_NZD,2023-01-04 16:00:00,1.67272,1.63477,4,16,0,1.169039225,0.7527047913,1
EUR_USD,2023-01-06 16:00:00,1.05733,1.02902,11,27,-1.575629022,1.403464855,0.9963556851,0
EUR_NZD,2023-01-09 12:00:00,1.67272,1.63477,7,19,-0.487118495,0.4281928706,0.9886845827,0
EUR_GBP,2023-01-18 00:00:00,0.8769,0.8562,7,26,0.2355925888,0.7853086294,0.8866666667,1
EUR_GBP,2023-01-18 08:00:00,0.8769,0.8562,7,26,-0.223854655,1.040727782,0.805,0
EUR_GBP,2023-01-19 08:00:00,0.8769,0.8562,8,27,-0.7907790848,0.1976947712,0.8666666667,0
EUR_JPY,2023-01-19 08:00:00,138.012,137.386,4,12,-0.03992789493,1.08531278,0.9989258861,1
AUD_NZD,2023-01-19 12:00:00,1.07967,1.06228,6,15,-0.6394574947,0.1055104866,0.8597785978,1
AUD_JPY,2023-01-20 00:00:00,88.654,87.409,5,13,-0.01620678297,0.9363919049,0.9924953096,1
AUD_NZD,2023-01-20 08:00:00,1.07967,1.06228,7,16,-0.3511290317,0.3149301625,0.9633507853,0
EUR_GBP,2023-01-20 08:00:00,0.8769,0.8562,9,28,-0.8565468027,0.2765532278,0.746835443,0
CAD_CHF,2023-01-20 16:00:00,0.68517,0.67865,7,15,-0.6554750583,1.006077996,0.9977116705,1
CAD_CHF,2023-01-23 00:00:00,0.68517,0.67865,8,16,-0.2481666912,0.645233397,0.65,0
EUR_GBP,2023-01-23 04:00:00,0.8769,0.8562,10,29,-0.5245301582,0.1706804483,0.9653179191,0
EUR_GBP,2023-01-23 08:00:00,0.8769,0.8562,10,29,0.08301720816,1.075072846,0.956,1
AUD_NZD,2023-01-23 12:00:00,1.07967,1.06228,8,17,-0.3161454886,0.4484854606,0.7509025271,0
AUD_NZD,2023-01-23 16:00:00,1.07967,1.06228,8,17,0.1711855952,1.785221207,0.9808917197,0
AUD_NZD,2023-01-24 08:00:00,1.07967,1.06228,9,18,0.2334879957,0.9025879237,0.8687782805,0
EUR_GBP,2023-01-24 08:00:00,0.8769,0.8562,11,30,-0.07967694702,1.635474176,0.7775665399,0
GBP_NZD,2023-01-25 00:00:00,1.89998,1.89663,5,12,-0.8237488229,0.2272863578,0.7714561234,1
GBP_NZD,2023-01-25 12:00:00,1.89998,1.89663,5,12,-0.2800369811,0.9686303307,0.8824091778,0
GBP_CAD,2023-02-01 12:00:00,1.64081,1.61011,6,18,-0.5328205775,0.376236571,0.9653579677,1
GBP_USD,2023-02-01 20:00:00,1.22631,1.18413,6,18,0.2256325881,2.673624861,0.8290879211,1
CAD_CHF,2023-02-02 12:00:00,0.68395,0.67716,5,10,-0.3275207953,0.3696306118,0.8418079096,1
CAD_CHF,2023-02-02 16:00:00,0.68395,0.67716,5,10,-0.2995934552,0.8803438453,0.9884169884,0
CAD_CHF,2023-02-03 00:00:00,0.68395,0.67716,6,11,0.06029434185,0.9693474959,0.8270042194,0
CHF_JPY,2023-02-03 08:00:00,140.297,137.418,4,15,0.1470125474,0.9492291641,0.8804780876,1
CAD_CHF,2023-02-03 12:00:00,0.68395,0.67716,6,11,-0.389013165,1.833919207,0.9923664122,0
CAD_JPY,2023-02-03 12:00:00,96.288,94.635,6,11,-0.579788226,1.410357867,0.8684738956,1
USD_JPY,2023-02-03 12:00:00,129.023,127.217,6,14,-1.114209324,1.482940467,0.8635394456,1
NZD_CHF,2023-02-06 00:00:00,0.58358,0.58132,12,22,0.1434911179,0.8919718141,0.6868327402,1
NZD_USD,2023-02-06 00:00:00,0.63063,0.61916,17,21,-0.07727250644,0.4360377149,0.6241610738,1
NZD_CHF,2023-02-06 20:00:00,0.58358,0.58132,12,22,-0.2109152066,0.4056061666,0.6333333333,0
AUD_USD,2023-02-07 00:00:00,0.6872,0.6688,13,25,0.1805299882,0.8433714375,0.8367346939,1
NZD_CAD,2023-02-07 00:00:00,0.84844,0.84289,18,22,-0.4603451038,0.1327918569,0.8305785124,1
NZD_CHF,2023-02-07 00:00:00,0.58358,0.58132,13,23,0.1885202041,0.9344044898,0.8625592417,0
NZD_USD,2023-02-07 00:00:00,0.63063,0.61916,18,22,-0.2210000214,0.5146575841,0.8804347826,0
NZD_USD,2023-02-07 08:00:00,0.63063,0.61916,18,22,-0.1722704311,0.6649034184,0.6994949495,0
NZD_CAD,2023-02-07 16:00:00,0.84844,0.84289,18,22,-1.032890668,0.5220588703,0.8575851393,0
NZD_CHF,2023-02-07 16:00:00,0.58358,0.58132,13,23,-0.9611953267,0.2236250352,0.8319559229,0
NZD_USD,2023-02-07 16:00:00,0.63063,0.61916,18,22,-0.8830155192,1.174702327,0.899188876,0
EUR_CHF,2023-02-08 00:00:00,0.98754,0.98338,15,24,0.00822028065,0.657622452,0.9294117647,1
NZD_CAD,2023-02-09 00:00:00,0.84844,0.84289,20,24,-0.5150686569,0.5826714181,0.8857142857,0
NZD_USD,2023-02-09 00:00:00,0.63063,0.61916,20,24,-0.1240638959,0.4637626584,0.8468085106,0
EUR_CHF,2023-02-09 08:00:00,0.98754,0.98338,16,25,-0.6838425653,0.4689206162,0.8838951311,0
NZD_CHF,2023-02-09 08:00:00,0.58358,0.58132,15,25,-0.1150479726,0.4233765391,0.7134146341,1
EUR_USD,2023-02-09 12:00:00,1.07662,1.04814,16,24,-0.2153911775,0.6777642386,0.9873015873,1
NZD_CHF,2023-02-09 12:00:00,0.58358,0.58132,15,25,0.249168163,0.7757122057,0.7320261438,0
EUR_CAD,2023-02-09 16:00:00,1.44415,1.44087,9,16,-0.4935603294,0.3300137114,0.7580645161,1
NZD_CHF,2023-02-10 12:00:00,0.58358,0.58132,16,26,-0.3044225479,0.564654726,0.8762376238,0
EUR_JPY,2023-02-10 16:00:00,139.933,137.917,5,16,-0.3563281051,0.5961318536,0.7833333333,1
EUR_JPY,2023-02-13 00:00:00,139.933,137.917,6,17,0.1968628299,0.9417492131,0.7167235495,0
NZD_CHF,2023-02-13 04:00:00,0.58358,0.58132,17,27,-0.3666231065,0.1512320314,0.7739726027,0
NZD_CHF,2023-02-13 12:00:00,0.58358,0.58132,17,27,-0.05446447995,0.5718770395,0.8070175439,0
EUR_AUD,2023-02-14 00:00:00,1.53754,1.52562,4,12,0.06826127441,1.064449248,0.8399280576,1
EUR_CHF,2023-02-14 16:00:00,0.98754,0.98338,19,28,-0.2471439529,0.7844134157,0.8384279476,1
NZD_CHF,2023-02-14 16:00:00,0.58358,0.58132,18,28,-1.103881849,0.1691772948,0.9121212121,1
EUR_AUD,2023-02-15 00:00:00,1.53754,1.52562,5,13,-0.4968099443,0.3658677885,0.9593147752,0
EUR_CHF,2023-02-15 00:00:00,0.98754,0.98338,20,29,-0.2404885404,1.369739078,0.9390243902,0
AUD_CHF,2023-02-15 16:00:00,0.63574,0.63,7,19,-0.2837396091,0.5162484555,0.9441860465,1
AUD_CHF,2023-02-16 16:00:00,0.63574,0.63,8,20,-0.633233999,0.7225860356,0.9640883978,0
AUD_CHF,2023-02-17 00:00:00,0.63574,0.63,9,21,-0.2899045773,0.2576929576,0.6098654709,0
AUD_CHF,2023-02-17 08:00:00,0.63574,0.63,9,21,-0.5579012509,0.2040086664,0.8472222222,0
AUD_CHF,2023-02-20 00:00:00,0.63574,0.63,10,22,-0.938107003,0.4319655502,0.9751552795,0
EUR_GBP,2023-02-22 04:00:00,0.8801,0.87464,6,17,-0.4457366515,0.1010949107,0.8095238095,1
AUD_NZD,2023-02-23 00:00:00,1.09285,1.08717,8,14,-0.02159428767,0.586644815,0.7316017316,1
EUR_GBP,2023-02-23 00:00:00,0.8801,0.87464,7,18,-0.3763084482,0.3019759152,0.954248366,0
AUD_CHF,2023-02-23 08:00:00,0.63574,0.63,13,25,-0.7507089195,0.1611951668,0.8389830508,1
EUR_GBP,2023-02-23 12:00:00,0.8801,0.87464,7,18,-0.05457211871,0.6499043228,0.8208092486,0
EUR_GBP,2023-02-23 16:00:00,0.8801,0.87464,7,18,-0.368498416,1.000209986,0.937704918,0
AUD_CHF,2023-02-24 00:00:00,0.63574,0.63,14,26,-0.5618322394,0.4236036726,0.9692982456,0
EUR_GBP,2023-02-24 00:00:00,0.8801,0.87464,8,19,0.1189994796,1.05116207,0.9447236181,0
EUR_GBP,2023-02-24 12:00:00,0.8801,0.87464,8,19,-0.07779040456,0.9577943562,0.6474164134,0
EUR_GBP,2023-02-27 00:00:00,0.8801,0.87464,9,20,-0.04883849064,1.25026536,0.8085106383,0
AUD_NZD,2023-02-28 00:00:00,1.09285,1.08717,11,17,-1.207647189,0.6602963049,0.8977035491,0
AUD_NZD,2023-02-28 08:00:00,1.09285,1.08717,11,17,-0.1047623008,0.3826101421,0.7867647059,1
AUD_JPY,2023-03-07 00:00:00,91.28,90.23,4,17,0.06831429683,1.279994193,0.938718663,1
NZD_CHF,2023-03-07 00:00:00,0.57541,0.57447,5,10,-0.04402618214,0.8364974607,0.8490566038,1
NZD_CHF,2023-03-08 00:00:00,0.57541,0.57447,6,11,-0.9093992696,0.1154059987,0.7789473684,0
NZD_JPY,2023-03-08 00:00:00,83.574,83.461,8,12,0.08879308247,0.9964557032,0.6917293233,1
NZD_CHF,2023-03-08 08:00:00,0.57541,0.57447,6,11,-0.1312859548,0.6236082855,0.805,0
NZD_CHF,2023-03-09 04:00:00,0.57541,0.57447,7,12,-0.5451178169,0.1201107054,0.6990291262,0
NZD_JPY,2023-03-09 04:00:00,83.574,83.461,9,13,0.07296392539,0.7031069174,0.7392996109,0
NZD_CHF,2023-03-09 12:00:00,0.57541,0.57447,7,12,-0.6722807229,0.1974530794,0.9536082474,0
NZD_JPY,2023-03-09 12:00:00,83.574,83.461,9,13,-0.5553560873,0.1024764209,0.843220339,0
GBP_USD,2023-03-10 08:00:00,1.19227,1.1915,9,15,-0.07565141902,1.591120168,0.7622767857,1
USD_CHF,2023-03-13 00:00:00,0.91377,0.90592,19,27,0.2233225893,1.583793536,0.9397163121,1
USD_JPY,2023-03-13 00:00:00,134.054,129.805,11,21,-0.6495562159,0.8923061774,0.7810810811,1
EUR_JPY,2023-03-13 12:00:00,142.147,139.552,11,21,-0.9382074802,0.2409074691,0.7022350397,1
EUR_JPY,2023-03-13 16:00:00,142.147,139.552,11,21,0.09484149024,1.032451666,0.8461538462,0
GBP_JPY,2023-03-13 16:00:00,161.208,156.731,11,26,-0.3948190623,0.955769782,0.9627192982,1
USD_JPY,2023-03-14 08:00:00,134.054,129.805,12,22,-1.013046196,0.1960355906,0.9003496503,0
NZD_JPY,2023-03-14 12:00:00,83.574,83.461,12,16,-0.527589921,0.6932950587,0.8412073491,1
USD_CHF,2023-03-14 12:00:00,0.91377,0.90592,20,28,-1.004367169,0.4304430726,0.8776978417,0
USD_JPY,2023-03-14 12:00:00,134.054,129.805,12,22,-0.2389212503,0.7756284066,0.8331753555,0
NZD_JPY,2023-03-14 20:00:00,83.574,83.461,12,16,-0.3856152365,0.2290202166,0.8626373626,0
NZD_JPY,2023-03-15 00:00:00,83.574,83.461,13,17,0.1413865081,0.5081717972,0.9371727749,0
USD_JPY,2023-03-15 04:00:00,134.054,129.805,13,23,-0.02911985049,0.7431892277,0.9298780488,0
EUR_NZD,2023-03-15 16:00:00,1.69839,1.683,13,22,0.1332487683,1.150020901,0.9549041714,1
EUR_CHF,2023-03-15 20:00:00,0.98482,0.98464,16,22,-0.7133932437,0.456944692,0.8745644599,1
EUR_CHF,2023-03-16 04:00:00,0.98482,0.98464,17,23,0.2262422618,0.3983831131,0.6140350877,0
EUR_CHF,2023-03-16 16:00:00,0.98482,0.98464,17,23,-0.5506066688,0.4780987947,0.8107142857,0
GBP_JPY,2023-03-16 16:00:00,161.208,156.731,14,29,-1.459585274,0.4870546859,0.9089568743,0
EUR_CHF,2023-03-17 16:00:00,0.98482,0.98464,18,24,0.09300858381,1.41321376,0.8446280992,0
EUR_NZD,2023-03-20 00:00:00,1.69839,1.683,16,25,0.2250384388,1.098401904,0.7358916479,0
EUR_JPY,2023-03-21 12:00:00,142.147,139.552,17,27,-0.1382205898,0.3890653639,0.6619537275,1
EUR_JPY,2023-03-21 16:00:00,142.147,139.552,17,27,-0.2529790338,0.4613756969,0.8548387097,0
CHF_JPY,2023-03-22 08:00:00,143.691,141.072,18,28,-0.4823860126,0.1233723817,0.8554006969,1
EUR_JPY,2023-03-23 04:00:00,142.147,139.552,19,29,0.05347206095,0.6181891925,0.8506876228,0
USD_CAD,2023-03-23 16:00:00,1.36516,1.35553,7,14,-0.5418004491,0.9030007485,0.9210526316,1
NZD_CHF,2023-03-27 00:00:00,0.56879,0.5617,4,10,-0.4515128711,0.6530811171,0.8535825545,1
NZD_CHF,2023-03-28 04:00:00,0.56879,0.5617,5,11,-0.3555063252,0.2954857768,0.7305699482,0
USD_CAD,2023-03-28 08:00:00,1.36516,1.35553,10,17,-0.5758718154,0.8565731525,0.9686888454,0
NZD_CAD,2023-03-30 08:00:00,0.84486,0.83785,7,16,-0.6729807409,0.1047754447,0.6771929825,1
NZD_CAD,2023-03-30 16:00:00,0.84486,0.83785,7,16,-0.1066414274,0.6234421911,0.7235772358,0
USD_CHF,2023-03-31 00:00:00,0.91187,0.90714,6,14,-0.3447018002,0.5844943569,0.7607361963,1
USD_CHF,2023-03-31 04:00:00,0.91187,0.90714,6,14,0.2191906849,0.7844719249,0.8596491228,0
NZD_CAD,2023-04-03 12:00:00,0.84486,0.83785,9,18,-1.297549233,0.4865809623,0.8068862275,0
EUR_GBP,2023-04-03 16:00:00,0.87709,0.87185,4,13,0.0433367727,0.6933883632,0.6629834254,1
NZD_CAD,2023-04-03 20:00:00,0.84486,0.83785,9,18,-0.5458020441,0.3142496617,0.8524590164,0
EUR_GBP,2023-04-04 00:00:00,0.87709,0.87185,5,14,0.1601012937,0.6845710491,0.7851239669,0
NZD_CAD,2023-04-04 00:00:00,0.84486,0.83785,10,19,-0.2860500389,0.4833259278,0.7134146341,0
USD_CHF,2023-04-04 00:00:00,0.91187,0.90714,8,16,-0.4688209809,0.377855716,0.9343629344,0
NZD_CAD,2023-04-04 04:00:00,0.84486,0.83785,10,19,0.2443130749,0.6039962129,0.6162790698,0
USD_CHF,2023-04-04 12:00:00,0.91187,0.90714,8,16,-0.3893589257,0.5562270367,0.8168168168,0
NZD_CAD,2023-04-04 16:00:00,0.84486,0.83785,10,19,-0.3978955993,1.053444906,0.9008097166,1
EUR_GBP,2023-04-05 00:00:00,0.87709,0.87185,6,15,-1.017081821,0.3618464172,0.9591836735,0
AUD_CHF,2023-04-05 16:00:00,0.60801,0.60277,7,17,-0.8785073425,0.2340424967,0.8677248677,1
EUR_CHF,2023-04-10 00:00:00,0.98487,0.97057,11,18,-0.04054920424,1.220981594,0.9589041096,1
AUD_USD,2023-04-10 08:00:00,0.66511,0.66251,5,11,0.06592261818,0.712788309,0.7405660377,1
AUD_USD,2023-04-11 00:00:00,0.66511,0.66251,6,12,-1.218339474,0.2101927526,0.9786666667,0
EUR_CHF,2023-04-11 00:00:00,0.98487,0.97057,12,19,0.08964284557,1.71815454,0.9790419162,0
AUD_USD,2023-04-11 04:00:00,0.66511,0.66251,6,12,-0.2953593255,0.6520920174,0.7967741935,0
AUD_USD,2023-04-12 00:00:00,0.66511,0.66251,7,13,-0.2549222541,0.2549222541,0.7594936709,0
EUR_CHF,2023-04-12 00:00:00,0.98487,0.97057,13,20,-0.03948692095,0.5923038143,0.8311688312,0
AUD_USD,2023-04-12 04:00:00,0.66511,0.66251,7,13,0.06356400842,0.9915985313,0.8975409836,0
AUD_USD,2023-04-12 12:00:00,0.66511,0.66251,7,13,0.1151475951,2.046655642,0.7514450867,0
EUR_CHF,2023-04-13 00:00:00,0.98487,0.97057,14,21,-0.6349495037,0.1599872765,0.8784530387,0
EUR_CHF,2023-04-13 04:00:00,0.98487,0.97057,14,21,0.05213751187,0.4953063628,1,0
NZD_USD,2023-04-17 04:00:00,0.61812,0.60843,4,28,0.1389556673,0.5245576441,0.6132596685,1
GBP_CAD,2023-04-17 12:00:00,1.65807,1.65374,10,22,-0.98877867,0.7648143448,0.8373151308,1
NZD_USD,2023-04-18 00:00:00,0.61812,0.60843,5,29,-0.5028618383,0.2533213772,0.9302325581,0
GBP_CAD,2023-04-18 08:00:00,1.65807,1.65374,11,23,-0.3787830856,1.099927806,0.9157894737,0
NZD_USD,2023-04-18 08:00:00,0.61812,0.60843,5,29,0.1942896212,1.150194557,0.8723404255,0
NZD_USD,2023-04-19 12:00:00,0.61812,0.60843,6,30,-0.3594501267,1.048748605,0.8927613941,0
NZD_JPY,2023-04-24 00:00:00,82.12,80.435,11,21,0.0429128288,0.5941776296,0.776744186,1
NZD_JPY,2023-04-26 00:00:00,82.12,80.435,13,23,-0.4990048039,0.1515963961,0.7202797203,0
NZD_JPY,2023-04-27 08:00:00,82.12,80.435,14,24,-0.09296731049,0.7347416474,0.9583333333,1
NZD_JPY,2023-04-28 00:00:00,82.12,80.435,15,25,-0.1286151785,0.9309289107,0.8894601542,0
NZD_JPY,2023-04-28 04:00:00,82.12,80.435,15,25,-0.1073910595,1.869705883,0.8557806913,0
EUR_GBP,2023-05-02 08:00:00,0.87885,0.87293,8,20,-0.2589440793,0.5590838076,0.8853503185,1
EUR_GBP,2023-05-02 16:00:00,0.87885,0.87293,8,20,0.06645452282,1.461999502,0.8235294118,0
GBP_AUD,2023-05-08 16:00:00,1.86018,1.8249,4,25,-0.2105089509,0.2338988344,0.8316498316,1
GBP_AUD,2023-05-09 00:00:00,1.86018,1.8249,5,26,-0.2090953183,0.1688108992,0.8834080717,0
EUR_AUD,2023-05-09 08:00:00,1.6221,1.60358,13,26,-0.4834623715,0.5320108941,0.8229508197,1
GBP_AUD,2023-05-09 08:00:00,1.86018,1.8249,5,26,-0.2087962145,1.102823642,0.8836317136,0
EUR_USD,2023-05-09 16:00:00,1.09422,1.08313,5,21,-0.03648097567,0.4344552557,0.6068376068,1
EUR_USD,2023-05-10 00:00:00,1.09422,1.08313,6,22,0.09608168299,0.9265019431,0.8929889299,0
EUR_USD,2023-05-10 12:00:00,1.09422,1.08313,6,22,-0.01959825241,1.91082961,0.9205607477,0
GBP_AUD,2023-05-10 16:00:00,1.86018,1.8249,6,27,-0.1812503094,0.9932516958,0.7921760391,0
EUR_JPY,2023-05-10 20:00:00,147.126,146.288,4,11,-0.1729468168,0.6653365774,0.7253521127,1
EUR_AUD,2023-05-11 08:00:00,1.6221,1.60358,15,28,-0.5789280411,0.1527726775,0.6097152429,0
GBP_AUD,2023-05-11 08:00:00,1.86018,1.8249,7,28,0.2371451473,1.48610959,0.8745387454,0
EUR_AUD,2023-05-11 12:00:00,1.6221,1.60358,15,28,-0.38063915,0.3110599505,0.9037433155,0
AUD_NZD,2023-05-11 16:00:00,1.06232,1.0588,5,26,-0.7826986154,0.2772057596,0.7262569832,1
CHF_JPY,2023-05-11 16:00:00,150.19,149.083,4,9,-0.7044383797,0.2736401055,0.8860971524,1
GBP_NZD,2023-05-11 16:00:00,1.98403,1.95817,19,26,-0.5767835353,0.283018008,0.6469002695,1
AUD_NZD,2023-05-11 20:00:00,1.06232,1.0588,5,26,0.1754193918,0.6390277844,0.6809815951,0
CHF_JPY,2023-05-11 20:00:00,150.19,149.083,4,9,-0.007596173228,0.4386790039,0.6891495601,0
AUD_NZD,2023-05-12 00:00:00,1.06232,1.0588,6,27,-0.5634300149,0.9510378975,0.9693094629,0
CHF_JPY,2023-05-12 00:00:00,150.19,149.083,5,10,-0.05026546689,0.6979166749,0.9772727273,0
GBP_JPY,2023-05-12 00:00:00,168.059,165.427,6,13,0.03035983525,0.607196705,0.9670658683,1
GBP_NZD,2023-05-12 00:00:00,1.98403,1.95817,20,27,0.03039898081,0.7770739469,0.9751861042,0
EUR_JPY,2023-05-12 16:00:00,147.126,146.288,6,13,-0.9394761699,0.1802012481,0.8627145086,0
AUD_CAD,2023-05-15 00:00:00,0.90146,0.89351,5,10,-1.040182688,0.2264604376,0.9065934066,1
EUR_JPY,2023-05-15 00:00:00,147.126,146.288,7,14,-0.08190047646,0.7119041415,0.7485148515,0
GBP_USD,2023-05-15 00:00:00,1.24351,1.23533,9,20,0.1817742773,0.4250721561,0.6397058824,1
AUD_CAD,2023-05-15 04:00:00,0.90146,0.89351,5,10,0.1426588014,0.6102626504,0.8082191781,0
NZD_CAD,2023-05-15 04:00:00,0.84085,0.82623,5,20,-0.3901068243,0.1697687106,0.96875,1
AUD_CAD,2023-05-16 00:00:00,0.90146,0.89351,6,11,-0.4131526234,0.6175544477,0.8555956679,0
NZD_CAD,2023-05-16 00:00:00,0.84085,0.82623,6,21,-0.9176054401,0.4494393992,0.9383033419,0
NZD_CAD,2023-05-17 04:00:00,0.84085,0.82623,7,22,-0.2040826885,0.1501740538,0.6478873239,0
NZD_CAD,2023-05-17 08:00:00,0.84085,0.82623,7,22,-0.1474845564,0.6277547784,0.6288343558,0
GBP_USD,2023-05-17 12:00:00,1.24351,1.23533,11,22,-0.3615440806,0.9716497166,0.8535262206,0
GBP_USD,2023-05-17 16:00:00,1.24351,1.23533,11,22,0.2432466752,1.847070907,0.9448818898,0
NZD_CAD,2023-05-18 00:00:00,0.84085,0.82623,8,23,-0.9253799644,0.3730780884,0.8513189448,0
NZD_CAD,2023-05-18 04:00:00,0.84085,0.82623,8,23,-0.2942996415,0.7738990574,0.983277592,0
NZD_CAD,2023-05-19 00:00:00,0.84085,0.82623,9,24,-0.6981223226,0.4759924927,0.8694516971,1
NZD_CAD,2023-05-19 08:00:00,0.84085,0.82623,9,24,0.2272034542,1.48392256,0.8805970149,0
GBP_USD,2023-05-19 12:00:00,1.24351,1.23533,13,24,-0.7721850083,0.3919423906,0.6745762712,1
GBP_USD,2023-05-19 16:00:00,1.24351,1.23533,13,24,-0.3704193141,0.8679974972,0.7225806452,0
GBP_USD,2023-05-22 00:00:00,1.24351,1.23533,14,25,-0.1408539597,0.8755040242,0.9684210526,0
AUD_CHF,2023-05-22 12:00:00,0.59483,0.5865,5,12,-0.3303708673,0.3728471217,0.9430379747,1
GBP_CHF,2023-05-22 12:00:00,1.11513,1.10912,5,12,-0.6617069322,0.8822759097,0.9610983982,1
GBP_USD,2023-05-22 12:00:00,1.24351,1.23533,14,25,0.1741918542,0.7053342294,0.6305084746,0
AUD_CHF,2023-05-22 16:00:00,0.59483,0.5865,5,12,0.2215130094,1.069860705,0.8333333333,0
GBP_CHF,2023-05-23 00:00:00,1.11513,1.10912,6,13,0.09185921489,0.8037681303,0.8985507246,0
GBP_USD,2023-05-23 00:00:00,1.24351,1.23533,15,26,-0.1956700007,0.1304466672,0.6077348066,0
GBP_CHF,2023-05-23 12:00:00,1.11513,1.10912,6,13,-0.01563900737,0.9969867199,0.9151943463,0
NZD_JPY,2023-05-31 08:00:00,83.724,83.429,13,19,-0.2602480423,0.5593837231,0.808259587,1
AUD_JPY,2023-06-01 04:00:00,90.753,89.795,5,15,-1.187729317,0.1819279041,0.8273155416,1
AUD_JPY,2023-06-01 08:00:00,90.753,89.795,5,15,-0.06921492386,0.4605454549,0.7743190661,0
NZD_JPY,2023-06-01 08:00:00,83.724,83.429,14,20,0.03029057075,0.681537842,0.8301158301,0
AUD_JPY,2023-06-01 16:00:00,90.753,89.795,5,15,-0.3624529427,1.381851844,0.941576087,0
NZD_JPY,2023-06-01 16:00:00,83.724,83.429,14,20,-0.2026682415,1.401550797,0.8808777429,0
AUD_USD,2023-06-02 08:00:00,0.6605,0.65736,11,25,-0.01058522032,0.8256471847,0.92578125,1
EUR_AUD,2023-06-05 00:00:00,1.61996,1.61362,11,18,-0.4205434156,0.1844836682,0.7296650718,1
EUR_AUD,2023-06-05 08:00:00,1.61996,1.61362,11,18,-0.200182086,0.4024279049,0.8902439024,0
EUR_JPY,2023-06-07 08:00:00,148.589,146.134,5,19,0.1049061523,1.089025771,0.8736141907,1
GBP_AUD,2023-06-07 16:00:00,1.8641,1.85875,13,20,-0.6580903834,0.6927267193,0.8452012384,1
GBP_AUD,2023-06-08 16:00:00,1.8641,1.85875,14,21,-0.05092589016,0.9851525648,0.7622739018,0
USD_CHF,2023-06-09 16:00:00,0.90141,0.89409,8,14,-0.3612906504,0.6431767622,0.9100719424,1
USD_CHF,2023-06-12 00:00:00,0.90141,0.89409,9,15,-0.02443390812,0.9284885086,0.9034749035,0
GBP_NZD,2023-06-13 16:00:00,2.03931,1.97462,5,15,-0.01111256718,1.622434808,0.8225419664,1
GBP_NZD,2023-06-15 00:00:00,2.03931,1.97462,7,17,-0.481764389,0.7198456278,0.845320197,0
USD_CHF,2023-06-15 04:00:00,0.90141,0.89409,12,18,-0.2186241163,0.860832458,0.9968454259,1
GBP_NZD,2023-06-15 08:00:00,2.03931,1.97462,7,17,0.1842154973,1.472369452,0.972392638,0
AUD_NZD,2023-06-22 08:00:00,1.09315,1.05594,6,23,-0.4781568292,0.112736163,0.7414634146,1
GBP_CAD,2023-06-30 00:00:00,1.66971,1.66056,4,16,-0.1907354988,0.700234434,0.9266304348,1
NZD_CHF,2023-06-30 08:00:00,0.54723,0.54467,15,22,-0.1266647193,0.3061064049,0.6259541985,1
EUR_USD,2023-06-30 12:00:00,1.08444,1.06351,5,22,-0.2839204435,1.753626269,0.9870550162,1
NZD_CHF,2023-06-30 16:00:00,0.54723,0.54467,15,22,0.03211575222,1.097288201,0.9851485149,0
CAD_CHF,2023-07-03 00:00:00,0.67301,0.67194,11,16,0.08451749718,1.287648928,0.8929889299,1
NZD_CHF,2023-07-03 00:00:00,0.54723,0.54467,16,23,-0.686892338,0.8378005032,0.8468208092,0
GBP_NZD,2023-07-05 08:00:00,2.04952,2.03426,9,15,0.02043410094,0.6726224894,0.7379576108,1
GBP_NZD,2023-07-05 12:00:00,2.04952,2.03426,9,15,-0.02878464498,0.7026839803,0.6813880126,0
GBP_NZD,2023-07-06 12:00:00,2.04952,2.03426,10,16,0.1430193361,2.345811998,0.9540229885,0
EUR_NZD,2023-07-06 16:00:00,1.76357,1.73927,7,16,-0.4793248235,0.6136684592,0.7863961814,1
AUD_JPY,2023-07-07 00:00:00,95.154,90.261,7,27,0.1695599162,0.8040421832,0.8592592593,1
EUR_NZD,2023-07-07 12:00:00,1.76357,1.73927,8,17,-0.7461280771,0.7708889646,0.9745493107,0
AUD_JPY,2023-07-07 16:00:00,95.154,90.261,7,27,-0.9580240084,0.1596706681,0.9098532495,0
AUD_JPY,2023-07-10 00:00:00,95.154,90.261,8,28,-0.7832030318,0.1899462502,0.8112798265,0
EUR_NZD,2023-07-10 00:00:00,1.76357,1.73927,9,18,-0.1460155078,0.8071868519,0.9063962559,0
EUR_NZD,2023-07-10 04:00:00,1.76357,1.73927,9,18,0.1625695483,1.311823583,0.9224806202,0
USD_CHF,2023-07-10 04:00:00,0.89052,0.89016,12,16,-0.5263255861,0.1060506778,0.9817073171,1
USD_CHF,2023-07-10 12:00:00,0.89052,0.89016,12,16,-0.7069137844,0.3884141673,0.9067524116,0
NZD_JPY,2023-07-10 16:00:00,87.601,84.304,7,21,0.1713233927,0.8295659017,0.8390804598,1
NZD_JPY,2023-07-11 00:00:00,87.601,84.304,8,22,0.1056369325,0.8575233343,0.793442623,0
USD_CAD,2023-07-12 12:00:00,1.32028,1.31165,6,11,-0.2335787932,0.7043298995,0.717032967,1
NZD_JPY,2023-07-13 04:00:00,87.601,84.304,10,24,-0.6857253364,0.2515208763,0.885,0
NZD_JPY,2023-07-13 08:00:00,87.601,84.304,10,24,0.2223017558,0.913312033,0.8138801262,0
EUR_AUD,2023-07-13 16:00:00,1.62315,1.58484,6,20,0.03759555694,1.081319828,0.899691358,1
USD_CAD,2023-07-14 16:00:00,1.32028,1.31165,8,13,-2.466158965,0.365565183,0.9572243346,0
USD_CAD,2023-07-17 00:00:00,1.32028,1.31165,9,14,0.09391791481,0.6310109902,0.7011494253,0
NZD_JPY,2023-07-17 12:00:00,87.601,84.304,12,26,-0.4146565646,0.8846006712,0.8703703704,1
USD_CAD,2023-07-18 08:00:00,1.32028,1.31165,10,15,-0.6063116635,0.3313178489,0.9860627178,1
USD_CAD,2023-07-18 12:00:00,1.32028,1.31165,10,15,-0.571926494,0.5751577171,0.8679706601,0
GBP_NZD,2023-07-20 12:00:00,2.04831,2.04491,5,10,0.1223096531,1.165094015,0.9344632768,1
GBP_AUD,2023-07-21 08:00:00,1.90148,1.89678,6,12,-0.3290698048,0.6826285252,0.962154294,1
GBP_AUD,2023-07-24 12:00:00,1.90148,1.89678,7,13,-0.06276194697,0.6919121959,0.6109045849,0
GBP_AUD,2023-07-25 00:00:00,1.90148,1.89678,8,14,-0.3716414309,0.325973628,0.7758318739,0
NZD_CAD,2023-07-25 08:00:00,0.81732,0.80158,9,17,-0.4035927997,0.3934181913,0.951417004,1
NZD_CAD,2023-07-25 12:00:00,0.81732,0.80158,9,17,-0.146373038,1.187247975,0.8704883227,0
NZD_CAD,2023-07-26 00:00:00,0.81732,0.80158,10,18,-0.6869601489,0.7323254418,0.8571428571,0
NZD_CAD,2023-07-26 04:00:00,0.81732,0.80158,10,18,-0.3566978338,0.8184941364,0.9609375,0
GBP_JPY,2023-07-28 12:00:00,179.693,179.473,6,12,-1.022677601,0.3442510808,0.9171830986,1
AUD_JPY,2023-07-28 16:00:00,93.772,93.225,8,12,-0.7347313033,0.107450823,0.8100558659,1
NZD_JPY,2023-07-28 16:00:00,86.454,86.176,8,12,-0.4398204935,0.6049575562,0.8887343533,1
NZD_USD,2023-07-28 16:00:00,0.61561,0.60503,4,21,-0.4231056722,0.2426635473,0.7303754266,1
AUD_CAD,2023-07-31 00:00:00,0.88091,0.87405,15,22,-0.6183016112,0.6429242418,0.9725738397,1
AUD_JPY,2023-07-31 00:00:00,93.772,93.225,9,13,-0.1989124466,0.262059255,0.9573770492,0
NZD_JPY,2023-07-31 00:00:00,86.454,86.176,9,13,0.08864718072,0.7022247257,0.7986425339,0
NZD_USD,2023-07-31 00:00:00,0.61561,0.60503,5,22,-0.7289947422,0.2741794385,0.9779874214,0
AUD_JPY,2023-07-31 04:00:00,93.772,93.225,9,13,0.164168363,1.433021038,0.9292134831,0
NZD_USD,2023-07-31 04:00:00,0.61561,0.60503,5,22,0.2038737212,1.097034786,0.9324324324,0
AUD_USD,2023-08-01 20:00:00,0.65989,0.65949,18,23,0.09003126628,0.3632295915,0.6241134752,1
AUD_JPY,2023-08-02 12:00:00,93.772,93.225,11,15,-0.1980683957,0.3788298443,0.7556675063,0
GBP_CHF,2023-08-03 16:00:00,1.10882,1.106,5,11,-0.1327637788,0.6716285281,0.6821192053,1
CAD_CHF,2023-08-14 00:00:00,0.64951,0.64862,5,12,0.05040041461,1.471692107,0.9067524116,1
EUR_USD,2023-08-14 16:00:00,1.09124,1.08337,7,27,-1.24833925,0.5331103958,0.8762214984,1
EUR_GBP,2023-08-15 00:00:00,0.85872,0.85442,4,13,-0.07052921633,0.7822331265,0.9708029197,1
EUR_USD,2023-08-15 08:00:00,1.09124,1.08337,8,28,-0.2128432888,0.5483420322,0.7589928058,0
CAD_CHF,2023-08-15 12:00:00,0.64951,0.64862,6,13,-0.437609752,0.7977261105,0.7057291667,0
CAD_CHF,2023-08-15 16:00:00,0.64951,0.64862,6,13,-0.01359726705,0.8158360229,0.7721518987,0
CAD_CHF,2023-08-16 00:00:00,0.64951,0.64862,7,14,-0.009465191415,0.7998086746,0.9047619048,0
EUR_USD,2023-08-16 08:00:00,1.09124,1.08337,9,29,-0.07088601866,0.5857423647,0.7302904564,0
CAD_CHF,2023-08-17 00:00:00,0.64951,0.64862,8,15,-0.2037617234,0.2750783266,0.6762589928,0
CAD_CHF,2023-08-17 04:00:00,0.64951,0.64862,8,15,0.2174242093,0.6151514215,0.8522727273,0
EUR_CHF,2023-08-17 12:00:00,0.95572,0.95171,9,14,-0.3155134453,0.4345751227,0.7283236994,1
CAD_CHF,2023-08-17 16:00:00,0.64951,0.64862,8,15,-0.3573421387,0.3793324241,0.858974359,1
EUR_CHF,2023-08-18 00:00:00,0.95572,0.95171,10,15,-1.55710779,0.158541884,0.9901960784,0
NZD_JPY,2023-08-18 00:00:00,86.268,86.133,4,9,-0.494624322,0.190907633,0.6457765668,1
EUR_CHF,2023-08-18 04:00:00,0.95572,0.95171,10,15,-0.1537211976,0.2719682726,1,0
AUD_JPY,2023-08-18 08:00:00,92.901,91.791,8,15,0.002533943435,0.6157482548,0.8287671233,1
CAD_CHF,2023-08-18 08:00:00,0.64951,0.64862,9,16,-0.5977537263,0.3154811333,1,0
EUR_CHF,2023-08-18 08:00:00,0.95572,0.95171,10,15,0.01192105255,0.5960526273,0.6533333333,0
CAD_CHF,2023-08-18 16:00:00,0.64951,0.64862,9,16,-0.4361696577,1.008642333,0.9925093633,0
EUR_CHF,2023-08-18 16:00:00,0.95572,0.95171,10,15,0.2221082318,1.747641087,0.935483871,0
AUD_JPY,2023-08-18 20:00:00,92.901,91.791,8,15,-0.01603470234,0.4650063678,0.6569343066,0
CAD_CHF,2023-08-21 00:00:00,0.64951,0.64862,10,17,0.03839253627,0.7733353735,0.6633663366,0
NZD_JPY,2023-08-21 12:00:00,86.268,86.133,5,10,-0.4307793584,0.6646310102,0.89,0
NZD_JPY,2023-08-21 16:00:00,86.268,86.133,5,10,-0.05305512037,0.7146836803,0.9425287356,0
CAD_CHF,2023-08-22 12:00:00,0.64951,0.64862,11,18,-0.8159899037,0.1157432488,0.7123893805,0
CAD_CHF,2023-08-23 00:00:00,0.64951,0.64862,12,19,-1.212454087,0.2481301387,1,1
CAD_CHF,2023-08-23 08:00:00,0.64951,0.64862,12,19,-0.7240628893,0.1284627707,0.712195122,0
EUR_CAD,2023-08-23 12:00:00,1.46562,1.44839,7,16,-0.05247621959,0.8833496964,0.842519685,1
NZD_JPY,2023-08-23 16:00:00,86.268,86.133,7,12,-0.2970909992,0.7247714486,0.917888563,1
CAD_CHF,2023-08-24 08:00:00,0.64951,0.64862,13,20,-0.8403226258,0.1917514717,0.8511627907,0
CAD_CHF,2023-08-24 12:00:00,0.64951,0.64862,13,20,0.0997993299,1.009082113,0.7454545455,0
CAD_CHF,2023-08-25 00:00:00,0.64951,0.64862,14,21,0.147324709,1.244075321,0.9901477833,0
EUR_CAD,2023-08-25 04:00:00,1.46562,1.44839,9,18,-0.1758227814,0.2702461269,0.8782051282,0
EUR_CAD,2023-08-25 12:00:00,1.46562,1.44839,9,18,-0.3101859708,1.159432998,0.920754717,0
EUR_CHF,2023-08-25 12:00:00,0.95572,0.95171,15,20,-0.3370395411,0.4570027675,0.7679558011,1
CAD_CHF,2023-08-28 00:00:00,0.64951,0.64862,15,22,-0.3345549785,0.4139409056,0.6376811594,0
EUR_CAD,2023-08-28 00:00:00,1.46562,1.44839,10,19,0.1690255336,0.9251923942,0.9375,0
CAD_CHF,2023-08-28 08:00:00,0.64951,0.64862,15,22,-0.5116453767,0.3587398618,0.8705882353,1
EUR_CHF,2023-08-29 00:00:00,0.95572,0.95171,17,22,-1.076946292,0.1626637629,0.7892857143,0
EUR_CHF,2023-08-29 08:00:00,0.95572,0.95171,17,22,0.01792101793,0.4121834125,0.6168224299,0
GBP_CHF,2023-08-30 00:00:00,1.1091,1.10552,13,19,-0.1839152586,0.5370325551,0.8132780083,1
GBP_NZD,2023-08-30 08:00:00,2.12322,2.06426,5,21,-0.7905409485,0.4598900634,0.9231722429,1
GBP_NZD,2023-08-30 16:00:00,2.12322,2.06426,5,21,-0.5354027743,1.019294494,0.9062784349,0
USD_CHF,2023-08-30 16:00:00,0.87596,0.86894,4,14,-0.5764605629,0.9659609432,0.9317647059,1
CHF_JPY,2023-09-01 00:00:00,164.426,161.952,10,19,0.1627049924,0.7195685578,0.660326087,1
EUR_NZD,2023-09-01 00:00:00,1.81503,1.76754,6,23,-0.1807843373,0.4261345094,0.9494949495,1
EUR_AUD,2023-09-01 04:00:00,1.67443,1.62618,6,28,-0.8734738538,0.2310479226,0.8293370945,1
EUR_NZD,2023-09-01 04:00:00,1.81503,1.76754,6,23,-0.4020283116,0.5402255437,0.6968641115,0
GBP_NZD,2023-09-01 04:00:00,2.12322,2.06426,7,23,-0.7974840612,0.1017428071,0.6561135371,0
GBP_NZD,2023-09-01 08:00:00,2.12322,2.06426,7,23,0.04155867045,0.5987526965,0.8894348894,0
CHF_JPY,2023-09-01 16:00:00,164.426,161.952,10,19,-0.3765752078,1.14200525,0.7510121457,0
EUR_NZD,2023-09-04 08:00:00,1.81503,1.76754,7,24,-0.7625230579,0.2499292695,0.9422222222,0
GBP_NZD,2023-09-04 08:00:00,2.12322,2.06426,8,24,-0.9893329255,0.2973976619,0.9784090909,0
EUR_NZD,2023-09-04 12:00:00,1.81503,1.76754,7,24,0.009908803117,0.3748830513,0.7106109325,0
EUR_NZD,2023-09-05 00:00:00,1.81503,1.76754,8,25,-0.2219953993,0.5349725197,0.7923809524,0
GBP_NZD,2023-09-05 00:00:00,2.12322,2.06426,9,25,-0.05953450992,0.687198343,0.8175046555,1
EUR_AUD,2023-09-05 04:00:00,1.67443,1.62618,8,30,-0.3757565947,1.001361815,0.7927519819,0
AUD_USD,2023-09-05 16:00:00,0.63796,0.63649,7,13,-0.5434060673,0.1537267164,0.847826087,1
NZD_CAD,2023-09-05 20:00:00,0.80044,0.79918,6,11,0.1458488692,0.6235039159,0.6968085106,1
AUD_USD,2023-09-06 04:00:00,0.63796,0.63649,8,14,-0.8526145177,0.1459430256,0.9961685824,0
NZD_CAD,2023-09-06 04:00:00,0.80044,0.79918,7,12,-0.017977908,1.021145174,0.9730639731,0
NZD_CAD,2023-09-07 04:00:00,0.80044,0.79918,8,13,-0.1325922376,0.3371631184,0.8732394366,0
AUD_USD,2023-09-07 08:00:00,0.63796,0.63649,9,15,-0.5838964348,0.2079631138,0.7096774194,0
AUD_USD,2023-09-07 12:00:00,0.63796,0.63649,9,15,-0.364417105,0.4170551312,0.9323671498,0
GBP_JPY,2023-09-07 20:00:00,183.535,183.359,4,9,-0.08194239831,0.2477782044,0.6353383459,1
GBP_CAD,2023-09-08 00:00:00,1.70763,1.7004,10,19,-0.6450286022,0.2503432687,0.9452380952,1
AUD_USD,2023-09-08 04:00:00,0.63796,0.63649,10,16,-0.5093221401,0.2793056897,0.6713286713,0
GBP_JPY,2023-09-08 04:00:00,183.535,183.359,5,10,-0.155006612,0.6532421504,0.6586466165,0
AUD_USD,2023-09-11 00:00:00,0.63796,0.63649,11,17,-0.3946327824,0.549231192,0.7116564417,1
EUR_JPY,2023-09-11 16:00:00,157.051,156.865,6,13,0.1058854827,0.9000266026,0.8865248227,1
NZD_CAD,2023-09-12 00:00:00,0.80044,0.79918,11,16,-0.01590832122,0.8789347474,0.6446991404,1
GBP_JPY,2023-09-12 16:00:00,183.535,183.359,7,12,-0.3249745351,0.203336022,0.8083333333,0
GBP_JPY,2023-09-13 00:00:00,183.535,183.359,8,13,-0.09211207076,0.9455586039,0.9484536082,0
GBP_JPY,2023-09-13 12:00:00,183.535,183.359,8,13,0.1013222039,0.9897008135,0.8350340136,1
AUD_CAD,2023-09-15 00:00:00,0.86717,0.86232,8,21,0.03369182292,1.25408452,0.8578947368,1
EUR_CHF,2023-09-15 00:00:00,0.95208,0.95145,8,16,-0.1835931637,0.5340892034,0.7724550898,1
GBP_JPY,2023-09-15 08:00:00,183.535,183.359,10,15,-0.8734747075,0.5874697147,0.9163636364,0
AUD_CAD,2023-09-19 08:00:00,0.86717,0.86232,10,23,-0.4344013018,0.2279531584,0.6260162602,0
AUD_CAD,2023-09-19 16:00:00,0.86717,0.86232,10,23,-0.9472691997,0.2723907141,0.9646302251,0
AUD_CAD,2023-09-20 00:00:00,0.86717,0.86232,11,24,-0.5642958889,0.4036569133,0.7014925373,0
AUD_NZD,2023-09-22 00:00:00,1.08152,1.07767,10,25,-0.8416427163,0.1194924844,0.9585492228,1
AUD_NZD,2023-09-22 04:00:00,1.08152,1.07767,10,25,-0.005351171752,0.4066890531,0.6754385965,0
AUD_CAD,2023-09-22 12:00:00,0.86717,0.86232,13,26,-0.422067561,0.4261653043,0.8414634146,1
AUD_CAD,2023-09-22 16:00:00,0.86717,0.86232,13,26,0.07003135186,0.6549991144,0.6283185841,0
AUD_CAD,2023-09-25 00:00:00,0.86717,0.86232,14,27,-0.2569378563,0.4351366921,0.7389380531,0
EUR_JPY,2023-09-28 00:00:00,157.032,156.586,5,13,-0.706903694,0.357710303,0.9124087591,1
EUR_JPY,2023-09-28 08:00:00,157.032,156.586,5,13,-0.8908266358,0.1863883423,0.8086419753,0
AUD_USD,2023-09-28 16:00:00,0.63853,0.63574,5,16,0.07790309715,1.529360802,0.7849223947,1
GBP_JPY,2023-10-03 00:00:00,180.886,180.719,4,8,0.03674369283,0.5327835461,0.8046357616,1
AUD_JPY,2023-10-03 08:00:00,94.483,93.589,8,17,0.06565953277,0.6483878861,0.6209912536,1
EUR_JPY,2023-10-03 08:00:00,157.032,156.586,8,16,-0.7626446744,0.1459847892,0.7813852814,1
GBP_JPY,2023-10-03 08:00:00,180.886,180.719,4,8,-0.6007664778,0.4174817897,0.8196721311,0
NZD_USD,2023-10-03 20:00:00,0.58998,0.58888,4,10,-0.407078644,0.3897561485,0.9108910891,1
NZD_USD,2023-10-04 00:00:00,0.58998,0.58888,5,11,-0.6163223783,0.803717696,0.9472222222,0
GBP_JPY,2023-10-04 12:00:00,180.886,180.719,5,9,-0.6282934479,0.4302767925,0.8943396226,0
NZD_USD,2023-10-04 12:00:00,0.58998,0.58888,5,11,-0.2731035093,0.6769889807,0.8636363636,0
EUR_GBP,2023-10-05 00:00:00,0.86301,0.85612,5,14,-0.06291624728,1.624383112,0.9049079755,1
NZD_USD,2023-10-05 00:00:00,0.58998,0.58888,6,12,0.1825121883,1.235759608,0.9822695035,0
AUD_JPY,2023-10-05 04:00:00,94.483,93.589,10,19,-0.6155736633,0.41423942,0.9251559252,0
AUD_JPY,2023-10-05 20:00:00,94.483,93.589,10,19,-0.4707936786,0.262943278,0.9213836478,0
GBP_JPY,2023-10-05 20:00:00,180.886,180.719,6,10,-0.5055556308,0.2407407766,0.9004149378,0
AUD_JPY,2023-10-06 00:00:00,94.483,93.589,11,20,-0.4223202214,0.4424307081,0.9100529101,0
GBP_JPY,2023-10-06 00:00:00,180.886,180.719,7,11,-0.2335988197,0.3008469648,0.8603988604,0
GBP_JPY,2023-10-06 04:00:00,180.886,180.719,7,11,-0.08189340116,0.451323633,0.8443804035,0
EUR_JPY,2023-10-06 08:00:00,157.032,156.586,11,19,-0.5656726986,0.1045017837,0.8702064897,0
AUD_JPY,2023-10-06 16:00:00,94.483,93.589,11,20,-0.05634648948,1.786653271,0.8900226757,1
EUR_JPY,2023-10-06 16:00:00,157.032,156.586,11,19,-0.523369171,1.733186313,0.9589041096,1
EUR_CHF,2023-10-09 04:00:00,0.96029,0.95175,4,16,-0.1551266029,0.1200980151,0.6790123457,1
USD_CHF,2023-10-09 04:00:00,0.90911,0.89318,6,13,-0.329133632,0.3849688017,0.8966789668,1
GBP_CHF,2023-10-09 20:00:00,1.10838,1.1068,4,12,-0.3733642041,0.312406783,0.8,1
EUR_GBP,2023-10-10 04:00:00,0.86301,0.85612,8,17,0.07462313476,0.5223619433,0.8571428571,0
GBP_CHF,2023-10-10 08:00:00,1.10838,1.1068,5,13,-0.7271745577,0.4048188259,0.8753623188,0
EUR_CHF,2023-10-10 12:00:00,0.96029,0.95175,5,17,-0.8373625351,0.1892344712,0.8410852713,0
GBP_CHF,2023-10-10 12:00:00,1.10838,1.1068,5,13,-0.4014240323,0.8860260172,0.8833746898,0
GBP_CHF,2023-10-11 00:00:00,1.10838,1.1068,6,14,0.162016786,1.355049483,0.9788519637,0
EUR_GBP,2023-10-11 08:00:00,0.86301,0.85612,9,18,-0.3843870558,0.6121719777,0.7865168539,1
GBP_CHF,2023-10-11 12:00:00,1.10838,1.1068,6,14,-0.07731224039,0.7915300802,0.8872180451,0
EUR_GBP,2023-10-12 08:00:00,0.86301,0.85612,10,19,-0.3318305163,0.8157500192,1,0
EUR_GBP,2023-10-12 16:00:00,0.86301,0.85612,10,19,-0.5758765454,0.9705784473,0.9876033058,0
EUR_GBP,2023-10-13 00:00:00,0.86301,0.85612,11,20,0.1661160811,1.136233994,0.869047619,0
AUD_CAD,2023-10-13 12:00:00,0.86246,0.85646,7,12,0.1824191715,0.6860547101,0.6978021978,1
EUR_GBP,2023-10-13 12:00:00,0.86301,0.85612,11,20,0.2410888977,1.047014641,0.9,0
AUD_CAD,2023-10-16 16:00:00,0.86246,0.85646,8,13,-0.89774094,0.2130232739,0.8902439024,0
AUD_CAD,2023-10-17 00:00:00,0.86246,0.85646,9,14,-0.600684921,0.9498330314,0.8713080169,0
GBP_USD,2023-10-19 12:00:00,1.21223,1.20372,4,11,-0.8760509479,0.5169244723,0.9377289377,1
GBP_USD,2023-10-19 16:00:00,1.21223,1.20372,4,11,0.07204212524,1.330206384,0.7375565611,0
GBP_USD,2023-10-20 04:00:00,1.21223,1.20372,5,12,-0.1259963384,0.3216927788,0.6254681648,0
GBP_USD,2023-10-20 12:00:00,1.21223,1.20372,5,12,-0.2306490101,0.4772048485,0.7437325905,0
GBP_USD,2023-10-20 16:00:00,1.21223,1.20372,5,12,0.2394977296,0.8530424753,0.762541806,0
NZD_CAD,2023-10-20 16:00:00,0.79756,0.79414,16,23,-0.3976547479,0.3501090716,0.8009259259,1
NZD_CAD,2023-10-20 20:00:00,0.79756,0.79414,16,23,0.08858981669,0.668853116,0.8562091503,0
NZD_CAD,2023-10-23 00:00:00,0.79756,0.79414,17,24,-0.5876451315,0.3174141586,0.641337386,0
AUD_USD,2023-10-23 12:00:00,0.62863,0.62854,6,14,0.1113043942,1.104139591,0.6904024768,1
NZD_CAD,2023-10-23 16:00:00,0.79756,0.79414,17,24,0.04306276397,1.06365027,0.7796052632,0
EUR_AUD,2023-10-25 04:00:00,1.65533,1.64447,5,11,0.09327377565,1.071656146,0.7631578947,1
GBP_AUD,2023-10-25 08:00:00,1.90725,1.90474,5,11,-0.1974167663,0.5749330386,0.9139344262,1
AUD_USD,2023-10-26 08:00:00,0.62863,0.62854,9,17,-0.3642546552,0.9086782796,0.9002770083,0
GBP_JPY,2023-10-30 00:00:00,181.127,178.084,10,19,0.2229560352,0.5289741228,0.7070707071,1
GBP_JPY,2023-10-30 08:00:00,181.127,178.084,10,19,-0.7723889923,0.7488535936,0.8639125152,0
GBP_AUD,2023-10-30 20:00:00,1.90725,1.90474,8,14,-0.1280232434,0.4054069376,0.8957654723,1
USD_JPY,2023-10-31 00:00:00,149.317,148.673,5,10,-0.922012904,0.4257800454,0.854368932,1
USD_JPY,2023-10-31 04:00:00,149.317,148.673,5,10,0.02714243314,2.472675659,0.9857768053,0
EUR_NZD,2023-11-01 20:00:00,1.80524,1.75076,5,16,-0.5690429481,0.2026265691,0.6134228188,1
EUR_USD,2023-11-01 20:00:00,1.05213,1.04954,4,13,-0.1434634795,1.407163065,0.8581081081,1
USD_CAD,2023-11-06 16:00:00,1.3661,1.3569,9,19,-0.1584591596,0.3834711662,0.6021126761,1
EUR_AUD,2023-11-07 04:00:00,1.6558,1.65533,9,14,-1.563209111,1.47356271,0.9371757925,1
GBP_NZD,2023-11-07 04:00:00,2.07342,2.02805,9,20,-0.9729771797,0.7975972805,0.9675,1
AUD_NZD,2023-11-08 00:00:00,1.08394,1.06109,6,20,-0.6243234798,0.4378372456,0.8733333333,1
EUR_NZD,2023-11-08 16:00:00,1.80524,1.75076,10,21,-1.011222557,0.6225882663,0.9580498866,1
GBP_NZD,2023-11-08 16:00:00,2.07342,2.02805,10,21,-0.7656926007,0.4469427398,0.9722222222,0
AUD_NZD,2023-11-13 16:00:00,1.08394,1.06109,9,23,-0.3248039472,0.2689782687,0.8540145985,1
AUD_NZD,2023-11-13 20:00:00,1.08394,1.06109,9,23,-0.06255712934,0.5578010699,0.9596774194,0
AUD_NZD,2023-11-14 00:00:00,1.08394,1.06109,10,24,-1.795394862,0.575268638,0.9751908397,0
GBP_CHF,2023-11-16 08:00:00,1.10009,1.07826,4,19,-0.2177763093,1.011104293,0.8633879781,1
AUD_NZD,2023-11-17 00:00:00,1.08394,1.06109,13,27,-1.407009747,0.4543884169,0.9321357285,1
EUR_AUD,2023-11-21 04:00:00,1.66349,1.64527,4,11,0.2003023432,0.9325186865,0.9063360882,1
EUR_AUD,2023-11-21 08:00:00,1.66349,1.64527,4,11,0.1053098444,1.107947321,0.8462962963,0
GBP_NZD,2023-11-21 08:00:00,2.05891,2.05636,4,12,0.06224913158,1.316569133,0.842215256,1
EUR_AUD,2023-11-22 00:00:00,1.66349,1.64527,5,12,-0.416001802,0.3489047372,0.9144385027,0
EUR_AUD,2023-11-22 04:00:00,1.66349,1.64527,5,12,0.1518911545,0.8909436373,0.8980716253,0
EUR_GBP,2023-11-22 12:00:00,0.86889,0.86502,6,12,0.2098277301,1.177742743,0.715,1
EUR_AUD,2023-11-22 20:00:00,1.66349,1.64527,5,12,-0.1126461537,0.1581839605,0.7106918239,0
EUR_CHF,2023-11-23 04:00:00,0.96194,0.95967,5,11,0.06731806956,0.7203033443,0.8660714286,1
EUR_AUD,2023-11-23 08:00:00,1.66349,1.64527,6,13,-0.8932292503,0.2380308716,0.9808510638,0
USD_CAD,2023-11-23 08:00:00,1.36546,1.36291,6,13,-0.1381650611,1.07986903,0.8746736292,1
EUR_GBP,2023-11-23 16:00:00,0.86889,0.86502,7,13,0.07027370852,0.8496730212,0.9104477612,0
EUR_CHF,2023-11-24 00:00:00,0.96194,0.95967,6,12,0.2238979988,1.305005479,0.7130801688,0
EUR_AUD,2023-11-27 04:00:00,1.66349,1.64527,8,15,-0.5474595584,0.4758025481,0.7168674699,1
EUR_CHF,2023-11-27 16:00:00,0.96194,0.95967,7,13,0.21027089,1.143347964,0.8765432099,0
EUR_NZD,2023-11-27 16:00:00,1.79553,1.7871,8,16,-0.2926713133,0.2281114648,0.8066666667,1
EUR_NZD,2023-11-28 08:00:00,1.79553,1.7871,9,17,-0.3790142296,0.4651538272,0.6312399356,0
EUR_NZD,2023-11-28 12:00:00,1.79553,1.7871,9,17,-0.0572532952,0.4844509594,0.7663551402,0
GBP_NZD,2023-11-29 08:00:00,2.05931,2.05891,6,10,-0.9822608478,0.2256341917,0.8119312437,1
GBP_NZD,2023-11-29 12:00:00,2.05931,2.05891,6,10,0.09876208774,0.6789893532,0.8744186047,0
EUR_JPY,2023-11-30 12:00:00,161.247,157.698,7,23,-0.4926442186,0.3860112708,0.9515011547,1
EUR_JPY,2023-12-01 04:00:00,161.247,157.698,8,24,-0.3578616936,0.6528264834,0.9490835031,0
GBP_AUD,2023-12-04 04:00:00,1.90154,1.88991,10,22,-0.6612443003,0.5241112494,0.8849929874,1
GBP_AUD,2023-12-04 16:00:00,1.90154,1.88991,10,22,0.1946145633,0.9315046573,0.612244898,0
NZD_JPY,2023-12-05 16:00:00,90.23,89.185,4,11,-0.4644064295,0.1995227623,0.6942446043,1
AUD_JPY,2023-12-06 00:00:00,96.837,96.036,11,18,-1.819858207,0.5225636253,0.9784263959,1
NZD_JPY,2023-12-06 00:00:00,90.23,89.185,5,12,-0.4362970353,1.713341642,0.975433526,0
GBP_CHF,2023-12-07 12:00:00,1.0995,1.09905,5,14,-0.3993107574,0.7902149726,0.6359550562,1
GBP_CHF,2023-12-07 20:00:00,1.0995,1.09905,5,14,0.1487199851,1.012903682,0.820610687,0
GBP_CHF,2023-12-08 12:00:00,1.0995,1.09905,6,15,-0.2235113954,1.491360518,0.9368421053,0
GBP_CAD,2023-12-08 16:00:00,1.70389,1.68285,5,19,-0.788029349,0.499489372,0.910806175,1
GBP_CAD,2023-12-11 00:00:00,1.70389,1.68285,6,20,-0.7957227229,0.4418042581,0.9124343257,0
GBP_CAD,2023-12-11 08:00:00,1.70389,1.68285,6,20,-0.1985837103,0.6359706165,0.8279301746,0
GBP_CAD,2023-12-12 00:00:00,1.70389,1.68285,7,21,-0.3228086346,0.1986514674,0.8203125,0
GBP_CAD,2023-12-12 08:00:00,1.70389,1.68285,7,21,-0.5526347771,0.2059346575,0.7864864865,0
GBP_CHF,2023-12-12 08:00:00,1.0995,1.09905,8,17,0.2456472925,1.269807543,0.8287461774,0
NZD_CHF,2023-12-13 12:00:00,0.53504,0.52749,4,21,-0.7901790625,0.2070814095,0.9631578947,1
NZD_CHF,2023-12-13 16:00:00,0.53504,0.52749,4,21,0.1918908313,1.014280108,0.8928571429,0
GBP_CAD,2023-12-13 20:00:00,1.70389,1.68285,8,22,-1.359648118,0.4001718214,0.9137302552,0
EUR_AUD,2023-12-14 12:00:00,1.62902,1.62688,4,8,-0.8177131057,0.5136915664,0.8184747583,1
GBP_CAD,2023-12-14 12:00:00,1.70389,1.68285,9,23,-0.3898428685,1.167313589,0.8521212121,1
EUR_AUD,2023-12-14 16:00:00,1.62902,1.62688,4,8,-0.03829381755,1.683332397,0.8088455772,0
EUR_AUD,2023-12-15 12:00:00,1.62902,1.62688,5,9,0.1068128891,1.171705025,0.9050894085,0
EUR_AUD,2023-12-18 16:00:00,1.62902,1.62688,6,10,-0.9008535867,0.1970617221,0.78,0
CAD_CHF,2023-12-20 00:00:00,0.64305,0.6423,5,9,-0.1169008388,1.032624076,0.8838951311,1
CAD_CHF,2023-12-21 00:00:00,0.64305,0.6423,6,10,0.1720924514,1.194813306,0.7908745247,0
CAD_CHF,2023-12-21 16:00:00,0.64305,0.6423,6,10,-0.1833800919,0.7711367966,0.7302158273,0
CAD_CHF,2023-12-22 16:00:00,0.64305,0.6423,7,11,-0.5205294772,1.184824239,0.824940048,0
GBP_JPY,2023-12-28 16:00:00,179.783,178.335,5,10,-1.180711503,0.1780794282,0.664228237,1
GBP_JPY,2023-12-29 12:00:00,179.783,178.335,6,11,0.04908016288,1.045407469,0.848189415,0
AUD_NZD,2023-12-29 16:00:00,1.07468,1.06691,4,12,0.2330559393,1.417756964,0.865248227,1
GBP_JPY,2024-01-02 00:00:00,179.783,178.335,7,12,-0.9474457896,0.2107144045,0.914945322,0
GBP_USD,2024-01-02 16:00:00,1.2612,1.25004,7,13,-0.02693119302,0.5165892479,0.6568047337,1
GBP_USD,2024-01-03 00:00:00,1.2612,1.25004,8,14,0.04474299206,0.4500618613,0.7586206897,0
GBP_JPY,2024-01-03 08:00:00,179.783,178.335,8,13,-0.5270948992,0.5318435019,0.7425083241,0
GBP_USD,2024-01-03 16:00:00,1.2612,1.25004,8,14,0.1044275869,0.9285588135,0.7139364303,0
NZD_CAD,2024-01-04 20:00:00,0.83114,0.82682,7,12,-0.05217702068,0.4248700255,0.9481481481,1
AUD_NZD,2024-01-05 00:00:00,1.07468,1.06691,8,16,-0.2339178942,0.4964787958,0.6144578313,1
NZD_CAD,2024-01-05 00:00:00,0.83114,0.82682,8,13,-0.1341451039,0.6260104849,0.7583643123,0
AUD_NZD,2024-01-05 12:00:00,1.07468,1.06691,8,16,-0.9000153075,0.3979015044,0.975088968,0
NZD_CAD,2024-01-08 00:00:00,0.83114,0.82682,9,14,-0.01701242094,1.343981254,0.8547008547,0
AUD_NZD,2024-01-09 00:00:00,1.07468,1.06691,10,18,-1.24208355,0.1860610986,0.7634408602,0
NZD_CAD,2024-01-09 00:00:00,0.83114,0.82682,10,15,-0.1914529906,1.482890436,0.9736842105,0
AUD_NZD,2024-01-10 12:00:00,1.07468,1.06691,11,19,-0.4940440276,0.5155242027,0.8744186047,1
AUD_NZD,2024-01-11 00:00:00,1.07468,1.06691,12,20,-0.2236520539,0.8946082158,0.9170305677,0
AUD_NZD,2024-01-15 08:00:00,1.07468,1.06691,14,22,-0.7476325436,0.627819636,0.8913043478,0
NZD_USD,2024-01-15 12:00:00,0.61809,0.60842,6,22,0.08771699357,0.5183276893,0.7058823529,1
GBP_USD,2024-01-16 20:00:00,1.2612,1.25004,17,23,0.2086863712,0.6824608355,0.8,1
GBP_USD,2024-01-17 08:00:00,1.2612,1.25004,18,24,-0.4092749136,1.805007311,0.9656750572,0
EUR_USD,2024-01-17 20:00:00,1.08767,1.07236,8,27,-0.8073316284,0.2341261722,0.9923076923,1
EUR_USD,2024-01-18 00:00:00,1.08767,1.07236,9,28,0.1018186041,0.8023306001,0.7926267281,0
AUD_NZD,2024-01-18 16:00:00,1.07468,1.06691,17,25,-0.5736768397,0.1315772568,0.8874172185,1
AUD_NZD,2024-01-19 00:00:00,1.07468,1.06691,18,26,-0.4845811141,1.070116627,0.9935483871,0
EUR_USD,2024-01-19 00:00:00,1.08767,1.07236,10,29,-0.6883176309,0.3558915024,0.9401408451,0
EUR_USD,2024-01-19 08:00:00,1.08767,1.07236,10,29,-0.353418297,0.261945326,0.8087431694,0
EUR_USD,2024-01-19 16:00:00,1.08767,1.07236,10,29,-0.4573815583,0.5446998558,0.8669064748,0
EUR_USD,2024-01-22 16:00:00,1.08767,1.07236,11,30,0.2387383775,0.9090422836,0.8021978022,0
NZD_JPY,2024-01-23 00:00:00,89.889,88.629,5,14,-0.385761283,0.8724694438,0.9614325069,1
NZD_JPY,2024-01-23 12:00:00,89.889,88.629,5,14,0.02550722737,1.036231112,0.8614130435,0
NZD_JPY,2024-01-25 00:00:00,89.889,88.629,7,16,0.1044830783,1.067686456,0.9365079365,0
USD_CAD,2024-01-26 16:00:00,1.34149,1.31774,4,21,0.1395600774,1.640681886,0.9036885246,1
USD_CHF,2024-01-30 00:00:00,0.86066,0.83325,4,22,-0.2222762491,0.3334143736,0.813253012,1
USD_CHF,2024-01-30 04:00:00,0.86066,0.83325,4,22,0.2078415545,0.4546534006,0.76,0
USD_CHF,2024-01-30 08:00:00,0.86066,0.83325,4,22,0.0464234778,1.012875879,0.726984127,0
EUR_CAD,2024-01-30 12:00:00,1.45492,1.45467,20,30,-1.314730426,0.2942948886,0.8482293423,1
USD_CAD,2024-01-30 12:00:00,1.34149,1.31774,6,23,-0.6221380043,0.8733117327,0.9650872818,0
USD_CHF,2024-01-31 00:00:00,0.86066,0.83325,5,23,0.1987703115,0.7464929477,1,0
AUD_CHF,2024-01-31 08:00:00,0.56668,0.56392,4,10,-0.2229726129,0.840925283,0.7106382979,1
USD_CAD,2024-01-31 08:00:00,1.34149,1.31774,7,24,-0.1990812063,0.3318020104,0.8476821192,0
AUD_CHF,2024-01-31 12:00:00,0.56668,0.56392,4,10,0.2311280554,0.9501931167,0.8,0
USD_CAD,2024-01-31 20:00:00,1.34149,1.31774,7,24,-1.501553568,0.6039215449,0.8285714286,0
USD_JPY,2024-01-31 20:00:00,146.65,140.25,5,23,-1.127418511,0.4203635323,0.6102635229,1
USD_CHF,2024-02-01 00:00:00,0.86066,0.83325,6,24,-0.2714353512,0.8652001821,0.9279778393,0
USD_CAD,2024-02-01 04:00:00,1.34149,1.31774,8,25,0.1638530712,1.112835442,0.9964157706,1
USD_JPY,2024-02-01 04:00:00,146.65,140.25,6,24,-0.3158834227,0.3921311454,0.9466019417,0
CHF_JPY,2024-02-01 08:00:00,169.738,166.753,7,21,-0.1561335936,0.7864506939,0.8639575972,1
CAD_JPY,2024-02-01 16:00:00,108.885,106.227,6,22,-0.1760408124,1.336809919,0.8513931889,1
CHF_JPY,2024-02-01 16:00:00,169.738,166.753,7,21,-0.02743307132,1.32593178,0.7838983051,0
USD_CAD,2024-02-02 12:00:00,1.34149,1.31774,9,26,-1.588586351,0.6541237916,0.9942857143,0
USD_CHF,2024-02-02 12:00:00,0.86066,0.83325,7,25,-1.675127349,0.9316719524,0.9421768707,1
USD_JPY,2024-02-02 12:00:00,146.65,140.25,7,25,-0.3225893122,2.259841086,0.984947644,0
AUD_CHF,2024-02-06 16:00:00,0.56668,0.56392,8,14,-0.05534686628,0.5165707519,0.7685950413,1
EUR_NZD,2024-02-07 04:00:00,1.75989,1.73973,6,24,0.2065545164,0.7882794809,0.8518518519,1
GBP_NZD,2024-02-07 04:00:00,2.06353,2.00564,5,27,-0.1495713014,0.3693118552,0.7937853107,1
GBP_NZD,2024-02-07 08:00:00,2.06353,2.00564,5,27,0.05691713256,1.099785884,0.9709401709,0
EUR_NZD,2024-02-07 16:00:00,1.75989,1.73973,6,24,-0.1943543308,0.5420326338,0.7821100917,0
GBP_NZD,2024-02-07 16:00:00,2.06353,2.00564,5,27,-0.02741920927,0.6854802316,0.7400379507,0
EUR_NZD,2024-02-08 04:00:00,1.75989,1.73973,7,25,0.1697240895,1.022810961,0.9160671463,0
GBP_NZD,2024-02-08 04:00:00,2.06353,2.00564,6,28,0.03700227055,0.6543559424,0.8475935829,0
EUR_NZD,2024-02-13 04:00:00,1.75989,1.73973,10,28,-0.6034093042,0.8696192913,0.8127294982,1
EUR_NZD,2024-02-13 12:00:00,1.75989,1.73973,10,28,0.1781177141,1.464040724,0.772845953,0
EUR_GBP,2024-02-14 08:00:00,0.85161,0.85132,5,12,-1.375609976,1.278420141,0.9466666667,1
EUR_NZD,2024-02-14 12:00:00,1.75989,1.73973,11,29,0.0087216298,0.6432201977,0.9387096774,0
EUR_AUD,2024-02-19 16:00:00,1.64576,1.63502,8,14,0.05639196225,0.8364807733,0.9688715953,1
GBP_AUD,2024-02-20 00:00:00,1.92522,1.91829,10,15,-0.2105317506,0.5631090196,0.7587064677,1
EUR_AUD,2024-02-20 16:00:00,1.64576,1.63502,9,15,0.2144597028,1.122759621,0.7024390244,0
GBP_AUD,2024-02-20 16:00:00,1.92522,1.91829,10,15,-0.559233955,0.5172914084,0.6525423729,0
EUR_AUD,2024-02-21 08:00:00,1.64576,1.63502,10,16,-0.05282161549,0.6965850543,0.843866171,0
GBP_AUD,2024-02-21 12:00:00,1.92522,1.91829,11,16,-0.4966985742,0.2702246129,0.780104712,0
GBP_AUD,2024-02-21 16:00:00,1.92522,1.91829,11,16,-0.05056567335,0.8798427162,0.7572016461,0
GBP_AUD,2024-02-22 16:00:00,1.92522,1.91829,12,17,-0.2462860159,1.530165895,0.8703910615,0
EUR_AUD,2024-02-23 08:00:00,1.64576,1.63502,12,18,0.06972266322,1.423504374,0.9083820663,1
GBP_AUD,2024-02-23 08:00:00,1.92522,1.91829,13,18,0.170573177,1.39729808,0.9114583333,1
CHF_JPY,2024-03-01 00:00:00,169.931,169.274,7,16,-1.216916411,0.2721055329,0.9736408567,1
CHF_JPY,2024-03-01 08:00:00,169.931,169.274,7,16,-0.472346279,0.6471926917,0.9816933638,0
CHF_JPY,2024-03-04 04:00:00,169.931,169.274,8,17,-0.07339157576,0.6841143312,0.9829931973,0
CHF_JPY,2024-03-04 16:00:00,169.931,169.274,8,17,-0.3981093686,0.6748439296,0.9075975359,0
CAD_JPY,2024-03-06 16:00:00,110.138,108.821,4,24,-0.300736017,1.616456092,0.9010600707,1
GBP_JPY,2024-03-07 04:00:00,189.046,186.093,5,21,0.01080375765,0.4796868397,0.6575757576,1
EUR_GBP,2024-03-07 16:00:00,0.85278,0.84977,8,16,-0.2553004863,1.820045402,0.875,1
EUR_JPY,2024-03-07 16:00:00,161.681,158.906,5,21,-1.963108233,0.5680247195,0.9053606883,1
GBP_JPY,2024-03-07 16:00:00,189.046,186.093,5,21,-1.177516649,0.7475144213,0.9006791171,0
GBP_JPY,2024-03-08 00:00:00,189.046,186.093,6,22,0.1228991557,0.9254678845,0.7112211221,0
USD_CAD,2024-03-08 16:00:00,1.3441,1.34127,11,20,-0.1974800766,1.635135035,0.9411764706,1
AUD_JPY,2024-03-08 20:00:00,97.339,95.501,5,26,-0.2322734486,0.2429937616,0.6616915423,1
EUR_GBP,2024-03-11 16:00:00,0.85278,0.84977,10,18,-1.106694361,0.3290172424,0.8687782805,0
AUD_JPY,2024-03-12 04:00:00,97.339,95.501,7,28,-0.8188501702,0.5446976903,0.8571428571,0
EUR_GBP,2024-03-12 04:00:00,0.85278,0.84977,11,19,-0.2088700013,0.2570707708,0.7341772152,0
EUR_GBP,2024-03-12 08:00:00,0.85278,0.84977,11,19,0.1157514951,1.257832914,0.7551020408,0
AUD_JPY,2024-03-12 20:00:00,97.339,95.501,7,28,0.1828913716,0.7315654863,0.7853403141,0
AUD_JPY,2024-03-13 04:00:00,97.339,95.501,8,29,-0.3504109912,0.9284085026,0.9888268156,0
GBP_JPY,2024-03-13 08:00:00,189.046,186.093,9,25,-0.8495813646,0.2380292616,0.9504,1
USD_CHF,2024-03-13 08:00:00,0.87793,0.87424,9,14,-0.2476353964,0.3356835373,0.9464285714,1
EUR_JPY,2024-03-13 12:00:00,161.681,158.906,9,25,-0.7081723674,0.260905609,0.7466216216,1
GBP_JPY,2024-03-13 12:00:00,189.046,186.093,9,25,-0.210445362,0.5859814821,0.7115072934,0
EUR_JPY,2024-03-13 20:00:00,161.681,158.906,9,25,-0.287602526,0.1785918912,0.6165644172,0
USD_CHF,2024-03-13 20:00:00,0.87793,0.87424,9,14,-0.5844618511,0.4806789056,0.9198113208,0
EUR_JPY,2024-03-14 04:00:00,161.681,158.906,10,26,-0.3071509975,0.4314740203,0.9351851852,0
GBP_JPY,2024-03-14 04:00:00,189.046,186.093,10,26,-0.3698324777,0.3243450606,0.9093264249,0
GBP_JPY,2024-03-14 08:00:00,189.046,186.093,10,26,0.2015927751,0.6597581731,0.7450331126,0
GBP_JPY,2024-03-14 20:00:00,189.046,186.093,10,26,-0.3305180377,0.2203453585,0.9197324415,0
GBP_JPY,2024-03-15 08:00:00,189.046,186.093,11,27,-0.8794320016,0.7502172119,0.7897196262,0
AUD_CHF,2024-03-18 00:00:00,0.57819,0.57008,4,12,-0.08974532856,1.106859052,0.9039548023,1
NZD_CAD,2024-03-18 04:00:00,0.82448,0.81807,11,24,-0.34923813,0.2128169855,0.6167664671,1
NZD_CAD,2024-03-18 08:00:00,0.82448,0.81807,11,24,-0.4490504646,0.321542308,0.972027972,0
AUD_CHF,2024-03-19 16:00:00,0.57819,0.57008,5,13,-0.05126543641,1.223962294,0.9212962963,0
NZD_USD,2024-03-20 20:00:00,0.60688,0.60494,10,26,-1.889993437,0.6631555921,0.9094488189,1
NZD_USD,2024-03-21 00:00:00,0.60688,0.60494,11,27,-0.7708607011,1.015902513,0.8974358974,0
GBP_AUD,2024-03-21 08:00:00,1.92765,1.91927,10,22,0.0119126964,1.095968069,0.9498956159,1
GBP_AUD,2024-03-22 04:00:00,1.92765,1.91927,11,23,-0.1276487024,2.13173333,0.9610859729,0
GBP_USD,2024-03-22 12:00:00,1.25998,1.25355,15,27,-0.7126919978,0.578880439,0.9694323144,1
GBP_USD,2024-03-25 08:00:00,1.25998,1.25355,16,28,-0.151999172,0.2874766949,0.6073059361,0
GBP_USD,2024-03-25 12:00:00,1.25998,1.25355,16,28,0,1.230180438,0.8234042553,0
GBP_USD,2024-03-27 16:00:00,1.25998,1.25355,18,30,0.2367526168,1.300062615,0.9142857143,0
AUD_USD,2024-03-28 12:00:00,0.65041,0.64775,7,17,-0.9704955607,0.1608842908,0.9864253394,1
EUR_USD,2024-03-28 12:00:00,1.08019,1.07959,4,20,-1.390376857,0.3280664494,0.9763313609,1
AUD_USD,2024-03-28 16:00:00,0.65041,0.64775,7,17,-0.04573659036,0.9096499639,0.752,0
AUD_USD,2024-03-29 08:00:00,0.65041,0.64775,8,18,0.05764812547,0.4957738791,0.7835051546,0
AUD_CAD,2024-03-29 12:00:00,0.88316,0.88056,8,18,-0.8686306015,0.3789328127,0.7062706271,1
AUD_CAD,2024-04-01 00:00:00,0.88316,0.88056,9,19,-1.026868844,0.1058627674,0.7838827839,0
EUR_GBP,2024-04-01 00:00:00,0.85292,0.84999,7,15,-0.2638954608,0.9566210455,0.7830687831,1
AUD_CAD,2024-04-01 12:00:00,0.88316,0.88056,9,19,-0.5719683874,0.164990881,0.8874172185,0
GBP_JPY,2024-04-02 04:00:00,190.343,189.046,6,23,-0.464667437,0.1017319241,0.8477366255,1
GBP_JPY,2024-04-02 08:00:00,190.343,189.046,6,23,-0.2800496989,0.4200745483,0.9225092251,0
AUD_CAD,2024-04-02 16:00:00,0.88316,0.88056,10,20,-0.773863715,0.2435235467,0.6025641026,0
GBP_JPY,2024-04-02 16:00:00,190.343,189.046,6,23,-0.05181192559,0.6534059505,0.7903225806,0
AUD_CAD,2024-04-02 20:00:00,0.88316,0.88056,10,20,0.173722873,0.566000328,0.7291666667,0
AUD_CAD,2024-04-03 04:00:00,0.88316,0.88056,11,21,-0.1917740538,0.7558153884,0.7962085308,0
AUD_USD,2024-04-03 04:00:00,0.65041,0.64775,11,21,0.005597651476,0.8508430244,0.7122641509,1
AUD_CAD,2024-04-03 12:00:00,0.88316,0.88056,11,21,0.005913349556,0.5499415087,0.71875,0
AUD_USD,2024-04-03 12:00:00,0.65041,0.64775,11,21,0.07359858033,0.6793715108,0.7039473684,0
AUD_CAD,2024-04-03 16:00:00,0.88316,0.88056,11,21,-0.2080150583,2.531695466,0.9625668449,0
EUR_USD,2024-04-03 16:00:00,1.08019,1.07959,8,24,-1.18000462,1.416005544,0.904109589,1
EUR_CAD,2024-04-04 08:00:00,1.46646,1.46577,9,20,-0.9265402575,0.1387572366,0.9333333333,1
CAD_CHF,2024-04-05 00:00:00,0.6638,0.64786,4,19,0.0588692327,0.8509279999,0.691588785,1
EUR_CAD,2024-04-05 00:00:00,1.46646,1.46577,10,21,-0.004331065591,0.9918140203,0.8745247148,0
EUR_USD,2024-04-05 16:00:00,1.08019,1.07959,10,26,-0.4412662174,1.442601095,0.8361581921,0
CAD_CHF,2024-04-08 00:00:00,0.6638,0.64786,5,20,-1.398925097,0.1717978189,0.8672086721,0
EUR_AUD,2024-04-08 00:00:00,1.64771,1.64406,12,22,-0.4107769685,0.7181415533,0.9076212471,1
CAD_CHF,2024-04-08 04:00:00,0.6638,0.64786,5,20,0.08694184521,0.434709226,0.7640449438,0
CAD_CHF,2024-04-08 08:00:00,0.6638,0.64786,5,20,0.1368113318,1.119826087,0.8778280543,0
EUR_AUD,2024-04-10 16:00:00,1.64771,1.64406,14,24,-0.9079188313,0.5895936313,0.7909356725,0
EUR_AUD,2024-04-11 00:00:00,1.64771,1.64406,15,25,0.1030217303,0.7991145025,0.6775067751,0
EUR_JPY,2024-04-12 16:00:00,162.602,160.208,8,24,-0.7057139351,0.703575408,0.7780401417,1
GBP_CHF,2024-04-12 16:00:00,1.13529,1.13383,4,8,-1.031989995,0.2188080053,0.7614314115,1
CAD_JPY,2024-04-12 20:00:00,111.117,111.037,5,14,-0.1223007311,0.5800548959,0.8007968127,1
GBP_CHF,2024-04-12 20:00:00,1.13529,1.13383,4,8,0.1476219252,0.9414998338,0.8432055749,0
CAD_JPY,2024-04-15 00:00:00,111.117,111.037,6,15,-0.4283338291,1.1721073,0.9717741935,0
EUR_JPY,2024-04-15 00:00:00,162.602,160.208,9,25,0.0399256572,1.620141142,0.9986719788,0
GBP_CHF,2024-04-15 00:00:00,1.13529,1.13383,5,9,-0.790402089,0.9772801024,0.9505766063,0
EUR_AUD,2024-04-15 20:00:00,1.64771,1.64406,17,27,-0.2997513576,0.3812626917,0.8018575851,1
GBP_CHF,2024-04-16 08:00:00,1.13529,1.13383,6,10,-0.590841124,0.2013480925,0.6741573034,0
AUD_CHF,2024-04-17 12:00:00,0.58523,0.57735,13,21,-0.4890680043,0.2445340022,0.7904191617,1
AUD_CHF,2024-04-17 20:00:00,0.58523,0.57735,13,21,-0.3345284599,0.4387258491,0.7193877551,0
AUD_CHF,2024-04-18 00:00:00,0.58523,0.57735,14,22,-0.1819255147,0.6229570656,0.8639053254,0
AUD_CHF,2024-04-18 04:00:00,0.58523,0.57735,14,22,0.1870254669,0.8526160991,0.6470588235,0
AUD_CHF,2024-04-18 12:00:00,0.58523,0.57735,14,22,-0.02342180036,0.3571824555,0.7647058824,0
GBP_CAD,2024-04-19 08:00:00,1.71023,1.70214,5,13,-0.3016851532,0.6172408882,0.8983050847,1
AUD_CHF,2024-04-22 00:00:00,0.58523,0.57735,16,24,-1.193216937,0.3323961466,0.8344988345,0
NZD_CHF,2024-04-23 00:00:00,0.53969,0.53698,11,17,-0.673652559,0.1886227165,0.987654321,1
EUR_CAD,2024-04-23 08:00:00,1.46117,1.45463,6,15,-1.263608072,0.6398015556,0.748427673,1
EUR_CAD,2024-04-23 16:00:00,1.46117,1.45463,6,15,-0.3192865034,0.5039341199,0.6504559271,0
NZD_CHF,2024-04-23 16:00:00,0.53969,0.53698,11,17,-0.4033298143,0.9102172836,0.8339100346,0
EUR_CAD,2024-04-24 00:00:00,1.46117,1.45463,7,16,-0.008210742979,0.6568594383,0.9529411765,0
GBP_CHF,2024-04-24 00:00:00,1.13529,1.13383,12,16,-0.6782592693,0.1018844396,0.9436619718,1
NZD_CHF,2024-04-24 00:00:00,0.53969,0.53698,12,18,0.08405792287,1.019902797,0.9653179191,0
EUR_CAD,2024-04-24 12:00:00,1.46117,1.45463,7,16,0.04946070997,1.71051622,0.9618138425,0
GBP_CHF,2024-04-24 16:00:00,1.13529,1.13383,12,16,-0.1679583826,0.7138231261,0.9680851064,0
GBP_CAD,2024-04-25 08:00:00,1.71023,1.70214,9,17,-0.9742531172,0.4660692146,0.9517625232,1
GBP_CAD,2024-04-25 16:00:00,1.71023,1.70214,9,17,-0.196658028,0.4691698668,0.6657303371,0
CHF_JPY,2024-05-02 00:00:00,169.168,166.758,6,21,-0.9530175223,1.003689211,0.9593884376,1
USD_CAD,2024-05-03 16:00:00,1.36317,1.34781,4,21,-0.3780999784,1.753601624,0.9108635097,1
CHF_JPY,2024-05-06 00:00:00,169.168,166.758,8,23,-0.5922657062,0.2659389152,0.7092130518,0
CHF_JPY,2024-05-06 04:00:00,169.168,166.758,8,23,0.2050231517,0.8615712792,0.8949919225,0
USD_JPY,2024-05-06 04:00:00,153.59,150.811,11,21,-0.2819334318,0.391510798,0.8872180451,1
USD_JPY,2024-05-06 16:00:00,153.59,150.811,11,21,-0.1132301319,0.4007583319,0.8015873016,0
USD_CHF,2024-05-08 04:00:00,0.90882,0.90111,7,13,-0.1650007977,0.1558340867,0.7865168539,1
EUR_NZD,2024-05-10 00:00:00,1.78481,1.78439,5,20,0.2107268185,0.921177235,0.9632653061,1
AUD_CHF,2024-05-30 00:00:00,0.60324,0.59296,4,22,-0.006859774875,0.4527451418,0.7127659574,1
CAD_CHF,2024-05-30 00:00:00,0.66521,0.6608,4,10,0.06985446302,0.5501038963,0.9166666667,1
AUD_USD,2024-05-30 08:00:00,0.65922,0.6558,4,16,-0.07313293599,1.248885522,0.9073359073,1
EUR_USD,2024-05-30 08:00:00,1.08048,1.0724,5,15,-0.8706404472,0.5468046711,0.8841059603,1
EUR_USD,2024-05-30 12:00:00,1.08048,1.0724,5,15,0.1923668208,1.263382093,0.8442622951,0
CAD_JPY,2024-05-30 16:00:00,114.15,112.956,5,10,0.1380039785,2.085831561,0.9391634981,1
USD_CAD,2024-06-03 04:00:00,1.36149,1.36098,4,21,-0.3070601934,0.5426132185,0.8347107438,1
GBP_NZD,2024-06-03 16:00:00,2.06767,2.06748,8,12,-0.7423138943,0.3367686038,0.8834951456,1
USD_CAD,2024-06-03 16:00:00,1.36149,1.36098,4,21,-0.4382819059,1.02631013,0.9260969977,0
EUR_CHF,2024-06-03 20:00:00,0.97428,0.97219,15,20,-0.02293881442,1.119414144,0.9576923077,1
GBP_NZD,2024-06-04 00:00:00,2.06767,2.06748,9,13,-0.248621878,0.5020713653,0.8988439306,0
USD_CAD,2024-06-04 00:00:00,1.36149,1.36098,5,22,0.1520040046,0.4370115132,0.6302521008,0
GBP_NZD,2024-06-04 08:00:00,2.06767,2.06748,9,13,0.1126535993,0.6930645349,0.7095808383,0
GBP_NZD,2024-06-04 16:00:00,2.06767,2.06748,9,13,-0.1319348343,0.8659722763,0.8455284553,0
AUD_JPY,2024-06-05 04:00:00,103.473,99.906,9,25,-0.7851178876,0.3757005842,0.9601593625,1
AUD_JPY,2024-06-05 08:00:00,103.473,99.906,9,25,0.1022433155,1.0937657,0.8510204082,0
CAD_JPY,2024-06-05 08:00:00,114.15,112.956,9,14,-0.9831002575,0.1714990621,0.873857404,1
CAD_JPY,2024-06-07 12:00:00,114.15,112.956,11,16,-1.590789954,0.2811746575,0.8979343864,0
GBP_NZD,2024-06-07 12:00:00,2.06767,2.06748,12,16,-0.5806259939,1.615074604,0.9241573034,1
EUR_AUD,2024-06-11 16:00:00,1.62539,1.62138,6,16,-0.4613114845,0.2812273221,0.6629955947,1
EUR_AUD,2024-06-12 00:00:00,1.62539,1.62138,7,17,-0.3431089948,0.3560078292,0.8495297806,0
EUR_CAD,2024-06-12 08:00:00,1.47698,1.46895,7,23,-0.2679841784,0.2805459368,0.645320197,1
EUR_CAD,2024-06-12 12:00:00,1.47698,1.46895,7,23,0.1134625812,1.974248912,0.824120603,0
EUR_JPY,2024-06-14 16:00:00,168.014,167.329,8,21,-0.539323463,0.4850898187,0.95371669,1
EUR_JPY,2024-06-17 08:00:00,168.014,167.329,9,22,-0.08864283056,1.266786633,0.8908898305,0
GBP_USD,2024-06-17 16:00:00,1.26881,1.2681,5,12,-0.8678137963,0.3050056857,0.95,1
NZD_CAD,2024-06-18 00:00:00,0.8392,0.83496,6,11,-0.0110446034,1.413709235,0.8805460751,1
GBP_USD,2024-06-18 12:00:00,1.26881,1.2681,6,13,-0.7397390738,0.1245876335,0.8705882353,0
NZD_CAD,2024-06-18 12:00:00,0.8392,0.83496,6,11,-0.4102947645,0.2930676889,0.8048780488,0
NZD_USD,2024-06-18 12:00:00,0.60996,0.60889,6,13,-0.06128385419,0.7609411896,0.7892156863,1
NZD_CAD,2024-06-21 12:00:00,0.8392,0.83496,9,14,-0.4934660219,0.3289773479,0.8823529412,1
GBP_AUD,2024-06-25 16:00:00,1.90936,1.89094,16,28,-0.7287855229,0.1383096613,0.7546296296,1
AUD_CAD,2024-06-26 00:00:00,0.90572,0.90456,7,13,0.1570275595,1.045045483,0.8039215686,1
AUD_USD,2024-06-28 08:00:00,0.66262,0.65853,4,9,-0.3019790678,0.8947527934,0.9427312775,1
USD_CAD,2024-07-05 12:00:00,1.36192,1.36029,8,24,-0.8381617583,0.1632782646,0.6524822695,1
NZD_CHF,2024-07-10 12:00:00,0.54451,0.54067,9,16,0.1388084792,0.9848792096,0.8707482993,1
NZD_CHF,2024-07-12 04:00:00,0.54451,0.54067,11,18,0.1071174096,1.46183759,0.9347826087,0
NZD_USD,2024-07-17 00:00:00,0.60651,0.60477,5,11,-1.56825409,0.5501743857,0.9094922737,1
NZD_USD,2024-07-17 08:00:00,0.60651,0.60477,5,11,0.005051707759,1.313444017,0.9384057971,0
NZD_USD,2024-07-17 20:00:00,0.60651,0.60477,5,11,0.2448440422,0.8518532302,0.9015151515,0
NZD_USD,2024-07-18 12:00:00,0.60651,0.60477,6,12,0.1170227211,0.4736633948,0.7441860465,0
EUR_CHF,2024-07-19 04:00:00,0.96742,0.94782,9,22,-0.1782932435,0.4195135141,1,1
EUR_CHF,2024-07-19 12:00:00,0.96742,0.94782,9,22,-0.81579015,0.7568173681,0.9523809524,0
GBP_CHF,2024-07-22 00:00:00,1.14468,1.12165,10,23,0.2484066009,1.375790405,0.860058309,1
EUR_CHF,2024-07-22 16:00:00,0.96742,0.94782,10,23,-0.3441320741,0.5860999386,0.9010416667,0
EUR_CHF,2024-07-23 00:00:00,0.96742,0.94782,11,24,-0.1669373558,0.5842807454,0.6585365854,0
AUD_NZD,2024-07-25 12:00:00,1.10492,1.0833,5,21,-0.2714365203,1.594150992,0.8694779116,1
GBP_CAD,2024-08-02 12:00:00,1.76961,1.72691,10,24,-0.6704635491,1.080600592,0.9958100559,1
USD_CAD,2024-08-06 04:00:00,1.37874,1.35889,4,18,0.1890002907,1.015114465,0.9609929078,1
EUR_NZD,2024-08-14 04:00:00,1.80693,1.75881,9,27,0.1132689795,3.721695042,0.9666233203,1
CAD_JPY,2024-08-26 04:00:00,106.213,101.66,5,15,0.06941076808,0.7577342182,0.9130434783,1
AUD_NZD,2024-08-26 08:00:00,1.08988,1.08434,8,15,0.02016372956,0.7460579936,0.8181818182,1
EUR_JPY,2024-08-26 16:00:00,160.42,154.402,5,15,0.1157509011,1.370433508,0.8968335036,1
AUD_NZD,2024-08-27 00:00:00,1.08988,1.08434,9,16,0.0875106399,0.7875957591,0.7032967033,0
EUR_CAD,2024-08-28 20:00:00,1.49696,1.48952,14,19,-0.2873778957,0.8535552424,0.9743589744,1
CAD_CHF,2024-08-29 00:00:00,0.62377,0.60601,4,18,-0.2961043371,0.7070246418,0.7685185185,1
EUR_JPY,2024-08-29 00:00:00,160.42,154.402,8,18,0.01750588793,0.6232096104,0.6771037182,0
GBP_CHF,2024-08-29 00:00:00,1.11062,1.07431,6,18,-0.3860071844,0.3045561272,0.75,1
CAD_CHF,2024-08-29 08:00:00,0.62377,0.60601,4,18,0.20293652,1.871525685,0.7769028871,0
GBP_CHF,2024-08-29 08:00:00,1.11062,1.07431,6,18,-0.1993864962,1.034106234,0.6939163498,0
EUR_JPY,2024-08-29 12:00:00,160.42,154.402,8,18,-0.3420187903,1.160981215,0.9725888325,0
EUR_JPY,2024-08-30 08:00:00,160.42,154.402,9,19,-0.09111804817,0.4848167846,0.6368821293,1
AUD_NZD,2024-09-02 16:00:00,1.08988,1.08434,13,20,-0.7728697897,0.1803362843,0.9406779661,1
GBP_NZD,2024-09-03 04:00:00,2.11441,2.11001,9,19,-0.8453559485,1.095120206,0.8340214699,1
EUR_CAD,2024-09-04 00:00:00,1.49696,1.48952,19,24,-0.9249695391,0.1933337971,0.9455128205,1
EUR_CAD,2024-09-04 08:00:00,1.49696,1.48952,19,24,-0.4525072324,0.7224905391,0.8930635838,0
AUD_CHF,2024-09-04 12:00:00,0.56961,0.53657,5,22,-0.327949207,1.186008091,0.9108108108,1
AUD_JPY,2024-09-04 12:00:00,97.265,90.141,7,22,-0.04702919313,0.6028287483,0.8397790055,1
CAD_JPY,2024-09-05 00:00:00,106.225,106.213,8,13,-0.5044543319,0.4142079147,0.8861607143,1
CHF_JPY,2024-09-05 00:00:00,169.5,168.355,8,13,-0.3244956847,0.3726351544,0.7419354839,1
USD_JPY,2024-09-05 00:00:00,143.446,141.686,8,23,-0.4453616371,0.4743698664,0.8707592892,1
CAD_JPY,2024-09-05 08:00:00,106.225,106.213,8,13,-0.7379468248,0.2158146374,0.8090551181,0
CHF_JPY,2024-09-05 08:00:00,169.5,168.355,8,13,-0.6777224682,0.3137604019,0.8049490539,0
CHF_JPY,2024-09-05 16:00:00,169.5,168.355,8,13,-0.7642072171,0.2518799572,0.7093301435,0
CHF_JPY,2024-09-05 20:00:00,169.5,168.355,8,13,-0.06706836066,0.7411913704,0.8483754513,0
NZD_JPY,2024-09-05 20:00:00,89.131,83.059,8,23,-0.2642869858,0.2966995407,0.9072580645,1
EUR_CHF,2024-09-06 12:00:00,0.93527,0.92105,7,24,-0.5535002935,1.433656498,0.8538011696,1
EUR_CHF,2024-09-09 00:00:00,0.93527,0.92105,8,25,-1.228990948,0.2496997481,0.7205323194,0
EUR_CHF,2024-09-09 04:00:00,0.93527,0.92105,8,25,0.2331322394,0.7436114533,0.8410596026,0
EUR_CHF,2024-09-09 16:00:00,0.93527,0.92105,8,25,0,0.8376927311,0.8918918919,0
GBP_USD,2024-09-09 16:00:00,1.30877,1.2665,4,22,-0.6130139389,0.3034418997,0.9006024096,1
NZD_CHF,2024-09-09 16:00:00,0.52147,0.49441,11,25,-0.6992732428,0.2962199154,0.971563981,1
EUR_CHF,2024-09-10 00:00:00,0.93527,0.92105,9,26,0.1243811698,0.8928791118,0.8160377358,0
EUR_USD,2024-09-10 04:00:00,1.10264,1.08814,5,23,0.191765906,0.625522122,0.9405940594,1
EUR_USD,2024-09-11 04:00:00,1.10264,1.08814,6,24,-0.4043823217,1.008459617,0.975862069,0
GBP_USD,2024-09-11 04:00:00,1.30877,1.2665,6,24,-0.5871059185,0.4915305364,0.9937106918,0
EUR_CHF,2024-09-11 12:00:00,0.93527,0.92105,10,27,-0.7383408287,0.60829216,0.6729559748,0
NZD_CHF,2024-09-11 20:00:00,0.52147,0.49441,13,27,-0.4360507572,0.4976666251,0.7576923077,0
NZD_CHF,2024-09-12 00:00:00,0.52147,0.49441,14,28,-0.2889673118,0.6152207283,0.7432950192,0
EUR_USD,2024-09-12 16:00:00,1.10264,1.08814,7,25,-0.08282525988,0.969542748,0.9230769231,0
GBP_USD,2024-09-12 16:00:00,1.30877,1.2665,7,25,-1.234463947,0.1477416958,0.9418344519,0
GBP_USD,2024-09-12 20:00:00,1.30877,1.2665,7,25,-0.07355606122,1.164104621,0.9258373206,0
NZD_CHF,2024-09-13 16:00:00,0.52147,0.49441,15,29,-0.08518767155,0.5261591478,0.7052023121,1
NZD_CHF,2024-09-16 00:00:00,0.52147,0.49441,16,30,-0.4858683807,0.2834232221,0.6255144033,0
NZD_CHF,2024-09-16 04:00:00,0.52147,0.49441,16,30,-0.1343869236,0.4961978716,0.8714285714,0
NZD_CHF,2024-09-16 08:00:00,0.52147,0.49441,16,30,0.1115273085,0.6054339607,0.7685950413,0
GBP_NZD,2024-09-18 20:00:00,2.11958,2.09812,4,14,-0.107898607,1.514434019,0.7315377932,1
GBP_NZD,2024-09-19 12:00:00,2.11958,2.09812,5,15,-0.6071506929,0.9238577973,0.8513745704,0
AUD_NZD,2024-09-25 04:00:00,1.08483,1.07722,4,12,-0.04134840789,1.15362058,0.9383116883,1
GBP_NZD,2024-09-25 12:00:00,2.11958,2.09812,9,19,-0.6037539051,0.4626398267,0.9916943522,1
GBP_NZD,2024-09-25 16:00:00,2.11958,2.09812,9,19,0.1811309332,1.219970109,0.9653465347,0
USD_CAD,2024-09-25 16:00:00,1.34655,1.34388,13,20,-1.194115526,0.3299057909,0.9860788863,1
USD_CAD,2024-09-25 20:00:00,1.34655,1.34388,13,20,0.1622642234,0.7191255353,0.8830409357,0
GBP_NZD,2024-09-26 16:00:00,2.11958,2.09812,10,20,-0.521960199,0.4162035573,0.8076358297,0
USD_CAD,2024-09-26 16:00:00,1.34655,1.34388,14,21,-0.2213823105,0.6359710011,0.7123745819,0
USD_CAD,2024-09-27 00:00:00,1.34655,1.34388,15,22,-0.1975107918,0.7860123348,0.953125,0
GBP_NZD,2024-09-27 04:00:00,2.11958,2.09812,11,21,-0.1283170926,0.6148527355,0.7315789474,0
USD_CAD,2024-09-27 16:00:00,1.34655,1.34388,15,22,0.05989709425,1.820871665,0.8981670061,0
EUR_CAD,2024-10-02 08:00:00,1.49257,1.4889,14,23,-0.4587777465,0.1951706435,0.7794561934,1
EUR_USD,2024-10-02 08:00:00,1.10682,1.10021,9,15,-0.4655500785,0.1269682032,0.6232876712,1
GBP_NZD,2024-10-03 00:00:00,2.11958,2.09812,15,25,-1.035774561,0.6017817931,0.9835271318,1
EUR_CAD,2024-10-04 00:00:00,1.49257,1.4889,16,25,0.0336126225,0.6106293087,0.6754098361,0
EUR_CAD,2024-10-07 16:00:00,1.49257,1.4889,17,26,-0.204978916,0.5968503731,0.9672727273,1
AUD_CAD,2024-10-07 20:00:00,0.91914,0.90177,7,19,0.1223672896,0.436443333,0.6470588235,1
AUD_CAD,2024-10-08 00:00:00,0.91914,0.90177,8,20,0.1694651923,0.9299919088,0.92,0
EUR_CAD,2024-10-08 00:00:00,1.49257,1.4889,18,27,-0.08602783938,0.7435263261,0.7826086957,0
AUD_CAD,2024-10-08 16:00:00,0.91914,0.90177,8,20,-0.3034772008,0.5810478113,0.8597122302,0
AUD_CAD,2024-10-09 20:00:00,0.91914,0.90177,9,21,0.1020778246,0.7420272638,0.8069306931,0
AUD_CAD,2024-10-10 00:00:00,0.91914,0.90177,10,22,0.2287713458,0.6742734402,0.6271186441,0
NZD_JPY,2024-10-16 04:00:00,90.101,89.863,5,11,-0.03998175152,0.999543788,0.7558139535,1
GBP_USD,2024-10-18 04:00:00,1.3012,1.30021,6,27,0.05588089885,0.352748174,0.6488549618,1
EUR_AUD,2024-10-18 16:00:00,1.61842,1.60042,5,12,-0.5299198638,0.2707960537,0.8070588235,1
EUR_AUD,2024-10-21 04:00:00,1.61842,1.60042,6,13,-0.5531951636,0.306233037,0.9109947644,0
GBP_USD,2024-10-21 12:00:00,1.3012,1.30021,7,28,0.0360911909,0.6315958408,0.7857142857,0
EUR_AUD,2024-10-22 08:00:00,1.61842,1.60042,7,14,-0.2725977388,0.6203948537,0.8,0
EUR_CAD,2024-10-23 00:00:00,1.49006,1.48599,4,12,0.05031705462,0.8302314012,0.7508650519,1
EUR_CHF,2024-10-23 00:00:00,0.93444,0.93293,9,16,-0.3827981006,0.6698966761,0.8638743455,1
EUR_NZD,2024-10-23 00:00:00,1.78326,1.7489,4,17,0.1580257418,1.218746474,0.822147651,1
EUR_AUD,2024-10-23 08:00:00,1.61842,1.60042,8,15,-0.3512715878,0.400779664,0.9410029499,0
EUR_AUD,2024-10-23 12:00:00,1.61842,1.60042,8,15,0.1721144134,1.232711339,0.902970297,0
EUR_CAD,2024-10-23 12:00:00,1.49006,1.48599,4,12,-0.3332569079,0.5786218841,0.8956834532,0
AUD_CAD,2024-10-23 20:00:00,0.91551,0.91547,4,11,0.1125200128,0.9168297336,0.865470852,1
AUD_CHF,2024-10-24 00:00:00,0.57458,0.57308,5,12,-0.7089855573,0.3420979263,0.9339207048,1
EUR_CHF,2024-10-24 00:00:00,0.93444,0.93293,10,17,-0.5150973959,0.111707869,0.7890625,0
EUR_CAD,2024-10-24 04:00:00,1.49006,1.48599,5,13,0.2115450884,0.6461740881,0.837037037,0
EUR_CAD,2024-10-24 08:00:00,1.49006,1.48599,5,13,-0.5170389588,0.8177282824,0.8310502283,0
EUR_CHF,2024-10-24 08:00:00,0.93444,0.93293,10,17,-0.7445218957,0.5149609778,0.8087649402,0
NZD_CAD,2024-10-24 08:00:00,0.83191,0.82847,5,11,-0.4922781125,0.2992278723,0.7192982456,1
NZD_CAD,2024-10-24 16:00:00,0.83191,0.82847,5,11,-0.4118294235,0.4614474263,0.9025641026,0
AUD_CHF,2024-10-25 12:00:00,0.57458,0.57308,6,13,-0.1320790774,0.3632174627,0.8823529412,0
AUD_CAD,2024-10-28 08:00:00,0.91551,0.91547,7,14,-0.04342565765,0.8250874954,0.9473684211,0
CAD_CHF,2024-10-29 00:00:00,0.62141,0.62065,12,21,-0.1483966018,0.8903796108,0.8700564972,1
AUD_NZD,2024-10-29 08:00:00,1.09902,1.09723,9,14,-0.3084570699,0.4112760933,0.7039106145,1
EUR_CHF,2024-10-29 08:00:00,0.93444,0.93293,13,20,0.2419310565,1.663276013,0.8514492754,1
AUD_NZD,2024-10-29 12:00:00,1.09902,1.09723,9,14,-0.1555655782,0.6683558173,0.9285714286,0
CAD_CHF,2024-10-30 00:00:00,0.62141,0.62065,13,22,0.1913075246,1.240413305,0.9444444444,0
NZD_CAD,2024-10-30 08:00:00,0.83191,0.82847,9,15,-1.252521122,0.9005053815,0.9211908932,1
AUD_CAD,2024-10-30 12:00:00,0.91551,0.91547,9,16,-0.4993115638,0.1692581572,0.8681318681,1
AUD_NZD,2024-10-30 12:00:00,1.09902,1.09723,10,15,-1.116236556,0.5140563086,0.8604651163,0
AUD_NZD,2024-10-31 00:00:00,1.09902,1.09723,11,16,-0.03036644794,0.7186726013,0.74,0
AUD_NZD,2024-10-31 12:00:00,1.09902,1.09723,11,16,-0.6234216056,0.4204471293,0.6050420168,0
CAD_CHF,2024-10-31 12:00:00,0.62141,0.62065,14,23,-0.138040506,0.5107498723,0.6351351351,0
AUD_CAD,2024-10-31 20:00:00,0.91551,0.91547,10,17,-0.7630574698,0.4261757145,0.811634349,0
NZD_CAD,2024-10-31 20:00:00,0.83191,0.82847,10,16,-0.9561076204,0.117674784,0.7765957447,0
NZD_CAD,2024-11-01 04:00:00,0.83191,0.82847,11,17,-0.4191459138,0.4416001592,0.905511811,0
CAD_CHF,2024-11-01 08:00:00,0.62141,0.62065,15,24,-0.8800734652,0.9469144879,0.8138957816,1
GBP_CHF,2024-11-01 08:00:00,1.11771,1.11204,6,21,-1.073814848,0.6366188028,0.8021582734,1
AUD_CAD,2024-11-01 12:00:00,0.91551,0.91547,11,18,-1.497384442,0.182704733,0.8597560976,0
GBP_CHF,2024-11-01 12:00:00,1.11771,1.11204,6,21,0.04047211112,0.8347372919,0.6977777778,0
NZD_CAD,2024-11-01 12:00:00,0.83191,0.82847,11,17,-1.168164189,0.55593356,0.871886121,0
AUD_CAD,2024-11-01 16:00:00,0.91551,0.91547,11,18,-0.4311903122,0.5538224193,0.9360902256,0
AUD_NZD,2024-11-01 16:00:00,1.09902,1.09723,12,17,-0.3333791562,0.547694328,0.6954887218,1
AUD_NZD,2024-11-04 00:00:00,1.09902,1.09723,13,18,0.1007092665,0.978318589,0.6630434783,0
AUD_CAD,2024-11-05 00:00:00,0.91551,0.91547,13,20,-0.6318510448,0.2487913489,0.9214876033,1
CAD_CHF,2024-11-05 00:00:00,0.62141,0.62065,17,26,-0.7688117211,0.1090106172,0.8843930636,0
GBP_CHF,2024-11-05 00:00:00,1.11771,1.11204,8,23,0.002705623323,0.4545447183,0.7229437229,0
AUD_CAD,2024-11-05 04:00:00,0.91551,0.91547,13,20,-0.08043861782,0.4946974996,0.7566137566,0
CAD_CHF,2024-11-05 04:00:00,0.62141,0.62065,17,26,0.05438455298,0.2598373087,0.6666666667,0
NZD_CAD,2024-11-05 08:00:00,0.83191,0.82847,13,19,-0.3217021412,0.3379908572,0.7570093458,1
CAD_CHF,2024-11-05 12:00:00,0.62141,0.62065,17,26,-0.5017874105,0.2386549879,0.8897058824,0
GBP_CHF,2024-11-05 12:00:00,1.11771,1.11204,8,23,0.2096640394,0.8503041598,0.859375,0
EUR_USD,2024-11-07 12:00:00,1.07687,1.07611,7,11,-0.5724464021,0.5948464787,0.9513184584,1
GBP_NZD,2024-11-08 00:00:00,2.15526,2.13786,5,13,-0.3939682362,0.217113882,0.9486607143,1
GBP_NZD,2024-11-08 12:00:00,2.15526,2.13786,5,13,0.1300344285,1.371272156,0.9847596717,0
EUR_CHF,2024-11-12 00:00:00,0.93547,0.93324,4,13,-0.01291658448,1.377769011,0.9389534884,1
GBP_NZD,2024-11-12 08:00:00,2.15526,2.13786,7,15,-0.9203939224,0.2142139701,0.8311170213,0
EUR_GBP,2024-11-12 16:00:00,0.82985,0.82946,10,17,-0.4185811446,1.652858879,0.9747474747,1
EUR_CHF,2024-11-12 20:00:00,0.93547,0.93324,4,13,0.2001288719,0.6469282139,0.8205128205,0
EUR_CHF,2024-11-13 00:00:00,0.93547,0.93324,5,14,0.151699842,0.8296085112,0.89375,0
GBP_NZD,2024-11-13 16:00:00,2.15526,2.13786,8,16,-1.338856071,0.8389472796,0.9209948793,1
EUR_CHF,2024-11-13 20:00:00,0.93547,0.93324,5,14,-0.1928215246,0.2313858296,0.7927927928,0
EUR_CHF,2024-11-14 00:00:00,0.93547,0.93324,6,15,-0.6918813586,0.1249230231,0.7834101382,0
EUR_GBP,2024-11-14 00:00:00,0.82985,0.82946,12,19,0.1164554421,1.001516802,0.9325153374,0
GBP_NZD,2024-11-14 00:00:00,2.15526,2.13786,9,17,0.099445542,1.193346504,0.8609986505,0
EUR_CHF,2024-11-14 04:00:00,0.93547,0.93324,6,15,-0.1737794359,0.248256337,0.7456140351,0
EUR_CHF,2024-11-14 12:00:00,0.93547,0.93324,6,15,-0.3099444345,0.8707962684,0.9090909091,0
EUR_CHF,2024-11-15 00:00:00,0.93547,0.93324,7,16,-0.02490745297,0.9962981188,0.7915057915,0
AUD_JPY,2024-11-15 20:00:00,99.534,99.433,11,22,-0.3049502835,0.5974026046,0.9425587467,1
EUR_CHF,2024-11-15 20:00:00,0.93547,0.93324,7,16,-0.465795494,0.1842707449,0.9921875,1
NZD_JPY,2024-11-15 20:00:00,90.413,90.06,11,22,-0.4991092004,0.377167748,0.9279279279,1
AUD_JPY,2024-11-18 00:00:00,99.534,99.433,12,23,0.0605471087,1.210942174,0.6091245376,0
CHF_JPY,2024-11-18 00:00:00,174.069,172.403,5,20,-1.150646165,0.1369816863,0.6168990976,1
EUR_CHF,2024-11-18 00:00:00,0.93547,0.93324,8,17,-1.180536274,0.1651779148,0.8099415205,0
CHF_JPY,2024-11-18 08:00:00,174.069,172.403,5,20,-0.150916201,1.075065971,0.974393531,0
EUR_CHF,2024-11-18 08:00:00,0.93547,0.93324,8,17,-0.2091518172,0.3346429076,0.9369369369,0
EUR_JPY,2024-11-18 08:00:00,163.2,161.84,6,22,-0.7655039923,0.5369486081,0.9834515366,1
GBP_JPY,2024-11-18 08:00:00,195.368,193.694,12,23,-0.4468759477,0.1328550115,0.8664259928,1
GBP_NZD,2024-11-18 08:00:00,2.15526,2.13786,11,19,-0.04970614014,0.7404500876,0.8017391304,0
EUR_JPY,2024-11-18 12:00:00,163.2,161.84,6,22,0.1591565752,0.7800247994,0.6793103448,0
NZD_JPY,2024-11-18 12:00:00,90.413,90.06,12,23,0.1942475778,0.5549930795,0.6018518519,0
EUR_CHF,2024-11-18 16:00:00,0.93547,0.93324,8,17,0.01596653775,0.5322179252,0.642384106,0
GBP_JPY,2024-11-18 16:00:00,195.368,193.694,12,23,-0.0548105328,0.6954847606,0.7439613527,0
EUR_JPY,2024-11-19 04:00:00,163.2,161.84,7,23,-0.1539671149,0.3774677657,0.687366167,0
GBP_JPY,2024-11-19 04:00:00,195.368,193.694,13,24,-0.2056277724,0.3392858244,0.6894308943,0
CHF_JPY,2024-11-19 16:00:00,174.069,172.403,6,21,0.2193693233,1.699728743,0.9269932757,0
EUR_JPY,2024-11-19 16:00:00,163.2,161.84,7,23,-1.159774429,0.6271093002,0.964649898,0
GBP_AUD,2024-11-19 16:00:00,1.9424,1.93576,8,20,-0.2322314269,0.1870753161,0.6701030928,1
GBP_JPY,2024-11-19 16:00:00,195.368,193.694,13,24,-1.507426398,0.6681995643,0.9689991143,0
NZD_JPY,2024-11-19 16:00:00,90.413,90.06,13,24,0.05042207186,1.994960235,0.946638207,0
GBP_AUD,2024-11-20 04:00:00,1.9424,1.93576,9,21,-0.299343364,0.4636446089,0.8496240602,0
GBP_AUD,2024-11-20 08:00:00,1.9424,1.93576,9,21,-0.4128929809,0.6831889014,0.6421446384,0
EUR_JPY,2024-11-21 04:00:00,163.2,161.84,9,25,0.2070101652,0.6895374567,0.75,0
EUR_NZD,2024-11-22 12:00:00,1.78375,1.78326,8,26,-0.5670279257,0.2672615701,0.7883959044,1
EUR_NZD,2024-11-22 16:00:00,1.78375,1.78326,8,26,-0.1009050003,0.5302099105,0.7962962963,0
CAD_JPY,2024-11-26 08:00:00,108.909,107.986,17,26,-0.3368682861,0.5672552175,0.8680297398,1
EUR_AUD,2024-11-26 08:00:00,1.61483,1.61333,13,27,-0.2708533565,1.085481009,0.9358059914,1
CAD_CHF,2024-11-26 16:00:00,0.62809,0.61829,6,17,-0.09717751275,1.130792876,0.747311828,1
AUD_CHF,2024-11-27 00:00:00,0.57174,0.56572,7,19,-0.274767478,0.7032184608,0.6194690265,1
EUR_NZD,2024-11-27 12:00:00,1.78375,1.78326,11,29,0.1088670022,1.07906411,0.930875576,0
GBP_AUD,2024-11-27 12:00:00,1.9424,1.93576,14,26,0.003788033553,1.284143374,0.9602272727,1
AUD_CHF,2024-11-27 20:00:00,0.57174,0.56572,7,19,0.1406459644,0.6680683311,0.8076923077,0
AUD_NZD,2024-11-27 20:00:00,1.09944,1.09638,10,20,0.1503120758,1.033395521,0.9362549801,1
CAD_CHF,2024-11-27 20:00:00,0.62809,0.61829,7,18,-0.0981217842,0.2737081349,0.6315789474,0
USD_CHF,2024-11-27 20:00:00,0.88009,0.86117,6,15,0.2311955445,0.7201172699,0.7633136095,1
AUD_CHF,2024-11-28 00:00:00,0.57174,0.56572,8,20,-0.5258112607,1.168991106,0.9162436548,0
CAD_CHF,2024-11-28 00:00:00,0.62809,0.61829,8,19,-0.9287989054,0.9716665472,0.9454976303,0
USD_CHF,2024-11-28 00:00:00,0.88009,0.86117,7,16,-0.3008806147,1.029519212,0.849537037,0
AUD_CHF,2024-11-29 00:00:00,0.57174,0.56572,9,21,-0.2034206985,0.8238538289,0.6870748299,0
AUD_NZD,2024-11-29 16:00:00,1.09944,1.09638,12,22,-0.1436652584,0.7394535361,0.7977099237,0
CAD_CHF,2024-11-29 16:00:00,0.62809,0.61829,9,20,-0.4918485358,0.7056957252,0.7804878049,0
USD_CHF,2024-11-29 20:00:00,0.88009,0.86117,8,17,-0.04117028855,0.4574476505,0.8861788618,0
AUD_CHF,2024-12-02 00:00:00,0.57174,0.56572,10,22,0.04083639452,1.556887541,0.9369085174,0
AUD_NZD,2024-12-02 00:00:00,1.09944,1.09638,13,23,0.2195053583,1.088918738,0.8938053097,0
CAD_CHF,2024-12-02 00:00:00,0.62809,0.61829,10,21,-0.2958258557,0.9950506056,0.9486166008,1
USD_CHF,2024-12-02 00:00:00,0.88009,0.86117,9,18,-0.4346456483,1.650817607,0.9822834646,0
AUD_NZD,2024-12-02 12:00:00,1.09944,1.09638,13,23,-0.2402298675,0.2936142825,0.6451612903,0
AUD_NZD,2024-12-02 20:00:00,1.09944,1.09638,13,23,-0.147534426,0.2280077492,0.6363636364,0
AUD_NZD,2024-12-03 00:00:00,1.09944,1.09638,14,24,-0.4520665403,0.6451823439,0.8865248227,0
AUD_CHF,2024-12-03 16:00:00,0.57174,0.56572,11,23,0.1729167661,1.352819406,0.928,1
EUR_GBP,2024-12-04 16:00:00,0.82677,0.82597,8,17,0.05451614131,1.114552222,0.6183745583,1
EUR_GBP,2024-12-05 00:00:00,0.82677,0.82597,9,18,-0.03730136817,0.7149428899,0.8461538462,0
AUD_CAD,2024-12-09 08:00:00,0.90667,0.90439,8,17,-0.6816681202,1.286528565,0.877318117,1
NZD_CHF,2024-12-09 08:00:00,0.51486,0.51383,9,27,-1.821846109,0.2602637299,0.8888888889,1
NZD_CHF,2024-12-09 12:00:00,0.51486,0.51383,9,27,0.01858543565,0.748063785,0.9457831325,0
EUR_GBP,2024-12-10 00:00:00,0.82677,0.82597,12,21,0.1606566944,0.8032834718,0.8316831683,1
USD_CHF,2024-12-10 08:00:00,0.88009,0.86117,15,24,-1.263962402,0.1339297909,0.8930481283,1
AUD_NZD,2024-12-10 16:00:00,1.09944,1.09638,19,29,-0.4600181745,0.1345336171,0.85625,1
USD_CHF,2024-12-10 16:00:00,0.88009,0.86117,15,24,-0.2376598259,1.134096011,0.94,0
AUD_NZD,2024-12-11 00:00:00,1.09944,1.09638,20,30,-0.8631433062,0.2802991149,0.9345454545,0
AUD_NZD,2024-12-11 16:00:00,1.09944,1.09638,20,30,-0.2508457379,0.5016914758,0.9529411765,0
AUD_NZD,2024-12-11 20:00:00,1.09944,1.09638,20,30,0.2490138045,0.7709850485,0.872,0
AUD_CAD,2024-12-12 04:00:00,0.90667,0.90439,11,20,-0.1885782845,0.2875045977,0.7549019608,0
EUR_USD,2024-12-12 16:00:00,1.04606,1.03316,8,14,0.09545860852,1.272781447,0.6423611111,1
EUR_GBP,2024-12-13 08:00:00,0.82677,0.82597,15,24,-0.412572494,1.850129778,0.9116883117,1
EUR_USD,2024-12-13 08:00:00,1.04606,1.03316,9,15,-0.2538694238,0.8671124475,0.8212560386,0
AUD_CAD,2024-12-16 20:00:00,0.90667,0.90439,13,22,-0.2414679474,0.2453625918,0.8169934641,1
EUR_GBP,2024-12-17 12:00:00,0.82677,0.82597,17,26,-0.5893621049,0.1275938578,0.8251748252,0
EUR_GBP,2025-01-01 20:00:00,0.82557,0.82223,5,9,-1.112895984,0.1906349602,0.8664383562,1
EUR_CAD,2025-01-02 00:00:00,1.4876,1.48217,10,16,-0.4806905925,0.2986539184,0.7965116279,1
EUR_GBP,2025-01-02 00:00:00,0.82557,0.82223,6,10,0.2005033256,0.873988855,0.6616161616,0
GBP_USD,2025-01-02 00:00:00,1.25009,1.24745,5,9,0.03580749976,0.6217484049,0.8612440191,1
EUR_NZD,2025-01-02 20:00:00,1.83408,1.77863,6,22,-0.1522676226,0.2610302101,0.8708333333,1
GBP_NZD,2025-01-02 20:00:00,2.21236,2.18433,7,13,-0.1933030802,0.1269012588,0.7508650519,1
EUR_NZD,2025-01-03 08:00:00,1.83408,1.77863,7,23,-0.6029638967,0.591179586,0.8386206897,0
GBP_NZD,2025-01-03 08:00:00,2.21236,2.18433,8,14,-0.3656520084,0.3844838715,0.8170940171,0
EUR_CAD,2025-01-03 16:00:00,1.4876,1.48217,11,17,-1.156654479,0.2663810314,0.8864628821,0
EUR_NZD,2025-01-03 16:00:00,1.83408,1.77863,7,23,-0.03681880083,0.5195541895,0.6004415011,0
GBP_NZD,2025-01-03 16:00:00,2.21236,2.18433,8,14,-0.3713293661,0.3988953015,0.7587859425,0
EUR_CAD,2025-01-03 20:00:00,1.4876,1.48217,11,17,0.01705694821,0.409366757,0.8846153846,0
EUR_NZD,2025-01-06 00:00:00,1.83408,1.77863,8,24,-0.8729427064,0.2223533309,0.7812041116,0
GBP_NZD,2025-01-06 00:00:00,2.21236,2.18433,9,15,-0.850860542,0.1040858527,0.8316546763,0
EUR_CAD,2025-01-06 08:00:00,1.4876,1.48217,12,18,-1.017942421,0.2129488743,0.7336122734,0
EUR_NZD,2025-01-06 08:00:00,1.83408,1.77863,8,24,-0.3542781969,0.6842630318,0.855,0
GBP_USD,2025-01-06 12:00:00,1.25009,1.24745,7,11,-1.20696338,0.8919882874,0.8260416667,0
EUR_CAD,2025-01-06 16:00:00,1.4876,1.48217,12,18,-0.7935932061,0.87534527,0.7948717949,0
EUR_NZD,2025-01-06 16:00:00,1.83408,1.77863,8,24,-0.1567371666,1.382975,0.8250988142,0
GBP_CAD,2025-01-06 16:00:00,1.79652,1.79418,9,15,-1.787612258,0.2638942262,0.8444940476,1
GBP_NZD,2025-01-06 16:00:00,2.21236,2.18433,9,15,-0.8741534768,1.047163019,0.9322533137,0
USD_CAD,2025-01-06 16:00:00,1.43379,1.39275,4,30,-1.503551096,0.6679583771,0.8436873747,1
GBP_USD,2025-01-06 20:00:00,1.25009,1.24745,7,11,0.04379859879,0.4972429157,0.8224299065,0
GBP_USD,2025-01-07 00:00:00,1.25009,1.24745,8,12,0.0720435895,0.4856271589,0.7711442786,0
EUR_CAD,2025-01-07 08:00:00,1.4876,1.48217,13,19,0.1172332593,0.8184208667,0.7044444444,1
EUR_NZD,2025-01-07 16:00:00,1.83408,1.77863,9,25,-0.7977171455,0.3660113962,0.7159353349,0
GBP_NZD,2025-01-07 16:00:00,2.21236,2.18433,10,16,-0.7794365058,0.2181789813,0.7780517879,0
GBP_NZD,2025-01-08 00:00:00,2.21236,2.18433,11,17,-0.1099409952,0.6891823578,0.7562111801,0
GBP_NZD,2025-01-08 08:00:00,2.21236,2.18433,11,17,-0.04504567849,0.5249554071,0.7704918033,1
GBP_JPY,2025-01-09 16:00:00,194.187,188.075,5,27,-0.3564605838,0.3740325845,0.8302425107,1
GBP_JPY,2025-01-10 00:00:00,194.187,188.075,6,28,0.05253426884,0.5010961028,0.6516634051,0
AUD_JPY,2025-01-13 20:00:00,96.931,95.798,9,17,-0.1498541203,0.7354379132,0.952853598,1
EUR_JPY,2025-01-13 20:00:00,160.891,160.856,7,13,-0.2919331173,0.6201606221,0.9846678024,1
NZD_JPY,2025-01-13 20:00:00,87.693,86.718,8,17,-0.7414869393,0.5107445001,0.9545454545,1
AUD_JPY,2025-01-14 00:00:00,96.931,95.798,10,18,0.2287140039,1.139128971,0.6156156156,0
NZD_JPY,2025-01-14 00:00:00,87.693,86.718,9,18,0.1498037156,1.483540022,0.7076923077,0
CHF_JPY,2025-01-14 08:00:00,172.364,171.261,7,18,-0.8585413975,0.1016232675,0.8191330344,1
AUD_NZD,2025-01-14 12:00:00,1.10283,1.10078,5,11,-0.1174090617,0.7401875628,0.8195121951,1
CHF_JPY,2025-01-14 16:00:00,172.364,171.261,7,18,-0.350310393,1.050931179,0.9583333333,0
AUD_NZD,2025-01-15 12:00:00,1.10283,1.10078,6,12,-0.5739517652,1.296174403,0.804526749,0
NZD_JPY,2025-01-15 12:00:00,87.693,86.718,10,19,0.2460581727,1.503415435,0.942804428,0
USD_JPY,2025-01-15 16:00:00,156.24,156.019,7,11,-0.4995252876,0.4979139157,0.7660891089,1
CAD_JPY,2025-01-16 04:00:00,108.531,106.792,12,20,-0.6772666447,0.3250879895,0.9269311065,1
EUR_JPY,2025-01-20 08:00:00,160.891,160.856,12,18,-0.305548897,0.2986826297,0.7537473233,1
AUD_JPY,2025-01-20 12:00:00,96.931,95.798,14,22,-0.1159378344,1.450359575,0.8311218335,1
CAD_JPY,2025-01-20 12:00:00,108.531,106.792,14,22,-1.298921713,0.6083838449,0.9565701559,0
NZD_JPY,2025-01-20 12:00:00,87.693,86.718,13,22,-0.4417372219,1.118386724,0.8791366906,1
AUD_JPY,2025-01-21 08:00:00,96.931,95.798,15,23,-0.3518267992,0.5096977989,0.955,0
NZD_JPY,2025-01-21 08:00:00,87.693,86.718,14,23,-0.2540373517,0.2566033856,0.7865612648,0
AUD_JPY,2025-01-21 16:00:00,96.931,95.798,15,23,0.09454505507,1.280860389,0.8917089679,0
NZD_JPY,2025-01-21 16:00:00,87.693,86.718,14,23,-0.1234590685,1.129136064,0.9223484848,0
CAD_JPY,2025-01-21 20:00:00,108.531,106.792,15,23,-0.1936145,0.160700035,0.7656903766,1
CAD_JPY,2025-01-22 00:00:00,108.531,106.792,16,24,-0.3167613207,0.1255092026,0.7092651757,0
CAD_JPY,2025-01-22 16:00:00,108.531,106.792,16,24,-0.149590532,1.013891383,0.8988764045,0
CHF_JPY,2025-01-22 16:00:00,172.364,171.261,13,24,-0.901009748,0.7459339962,0.9733178654,1
USD_JPY,2025-01-22 16:00:00,156.24,156.019,12,16,-0.7344633707,0.6486615751,0.8955555556,1
CAD_JPY,2025-01-23 00:00:00,108.531,106.792,17,25,0.150333796,0.5217467037,0.7,0
USD_JPY,2025-01-23 00:00:00,156.24,156.019,13,17,0.08034104916,0.584808102,0.9507042254,0
CAD_JPY,2025-01-23 16:00:00,108.531,106.792,17,25,-0.2247026527,0.4919805448,0.7444717445,0
CAD_JPY,2025-01-24 00:00:00,108.531,106.792,18,26,-0.22900048,0.4994159405,0.9739413681,0
USD_JPY,2025-01-24 00:00:00,156.24,156.019,14,18,-0.5971524559,0.1432358931,0.8929440389,0
CAD_JPY,2025-01-24 08:00:00,108.531,106.792,18,26,-1.034323059,0.1695259785,0.8348214286,0
CAD_JPY,2025-01-24 12:00:00,108.531,106.792,18,26,0.131797813,1.269861468,0.858044164,0
USD_JPY,2025-01-24 12:00:00,156.24,156.019,14,18,-1.121635216,0.1391928262,0.753384913,0
CAD_CHF,2025-01-27 20:00:00,0.62588,0.62234,4,21,-0.04929165189,0.91189556,0.9198113208,1
USD_CHF,2025-01-27 20:00:00,0.90081,0.8906,15,25,0.06391670406,0.4403150724,0.8153846154,1
CAD_CHF,2025-01-28 00:00:00,0.62588,0.62234,5,22,-0.04772678307,1.250441717,0.9189189189,0
USD_CHF,2025-01-28 00:00:00,0.90081,0.8906,16,26,0.07863219431,1.377772796,0.8755760369,0
AUD_CHF,2025-01-29 04:00:00,0.56354,0.56202,8,12,-0.3231705078,0.4129400933,0.9609375,1
AUD_CHF,2025-01-30 00:00:00,0.56354,0.56202,9,13,-0.1347918227,1.201405376,0.8871595331,0
AUD_CHF,2025-01-30 08:00:00,0.56354,0.56202,9,13,0.01702913385,0.9422787398,0.7912621359,0
AUD_CHF,2025-01-30 12:00:00,0.56354,0.56202,9,13,-0.07161990971,0.9586049454,0.7450199203,0
AUD_CHF,2025-01-31 00:00:00,0.56354,0.56202,10,14,-0.3224993421,0.9518932196,0.9245283019,0
CAD_CHF,2025-01-31 00:00:00,0.62588,0.62234,8,25,0.04366029393,0.9910886721,0.9004149378,0
CAD_CHF,2025-01-31 16:00:00,0.62588,0.62234,8,25,-0.0507530255,1.949762063,0.816925734,1
AUD_NZD,2025-02-03 04:00:00,1.10364,1.10163,8,13,-0.8842905694,0.4524277332,0.8873720137,1
EUR_CHF,2025-02-03 04:00:00,0.93664,0.93369,11,15,-0.1353019584,0.6109088426,0.8625592417,1
NZD_CHF,2025-02-03 08:00:00,0.50853,0.50721,11,16,-0.5120905211,0.6081074939,0.6882022472,1
NZD_CHF,2025-02-03 12:00:00,0.50853,0.50721,11,16,0.2446033285,0.6397317822,0.6315789474,0
NZD_USD,2025-02-03 12:00:00,0.5563,0.55412,11,15,-0.3347630187,0.3661470517,0.612804878,1
AUD_CHF,2025-02-03 16:00:00,0.56354,0.56202,11,15,-1.013328328,0.4061199135,0.8391608392,1
AUD_USD,2025-02-03 16:00:00,0.61638,0.61309,11,15,-0.740794215,0.4331256499,0.6661016949,1
CAD_CHF,2025-02-03 16:00:00,0.62588,0.62234,9,26,-1.158123768,0.2774671528,0.7368421053,0
NZD_CHF,2025-02-03 16:00:00,0.50853,0.50721,11,16,-0.4753053454,1.061663342,0.8917525773,0
NZD_USD,2025-02-03 16:00:00,0.5563,0.55412,11,15,-0.6020113829,0.9030170744,0.7298136646,0
AUD_CHF,2025-02-03 20:00:00,0.56354,0.56202,11,15,0.1927813965,1.249223449,0.8203592814,0
AUD_USD,2025-02-03 20:00:00,0.61638,0.61309,11,15,0.1980834994,1.671155157,0.7927927928,0
CAD_CHF,2025-02-03 20:00:00,0.62588,0.62234,9,26,-0.008443195172,1.553547912,0.8358433735,0
AUD_CHF,2025-02-04 12:00:00,0.56354,0.56202,12,16,0.1516798502,0.5228963255,0.781512605,0
EUR_CHF,2025-02-06 04:00:00,0.93664,0.93369,14,18,0.2129644649,0.5869508422,0.75,0
EUR_NZD,2025-02-06 04:00:00,1.82863,1.82301,9,17,0.03394509594,0.8901158491,0.9869565217,1
NZD_CAD,2025-02-11 00:00:00,0.80733,0.79803,5,22,-0.2769578706,0.2954217286,0.670995671,1
NZD_CAD,2025-02-11 04:00:00,0.80733,0.79803,5,22,-0.03005589039,0.6837715064,0.9223300971,0
EUR_NZD,2025-02-11 16:00:00,1.82863,1.82301,12,20,-0.4196973933,0.345904445,0.890080429,1
NZD_CAD,2025-02-12 00:00:00,0.80733,0.79803,6,23,-0.2167455897,0.7974601883,0.9501915709,0
EUR_NZD,2025-02-12 04:00:00,1.82863,1.82301,13,21,-0.2267863709,0.7284653125,0.8633540373,0
EUR_AUD,2025-02-12 08:00:00,1.65182,1.64799,13,19,-1.519067184,0.1022940865,0.9491017964,1
EUR_AUD,2025-02-12 12:00:00,1.65182,1.64799,13,19,-0.9251234139,0.7357846841,0.9142480211,0
AUD_CAD,2025-02-12 16:00:00,0.89374,0.88488,6,23,0.05462384654,1.882701911,0.9227941176,1
EUR_AUD,2025-02-13 00:00:00,1.65182,1.64799,14,20,-0.03652696186,0.8620362999,0.765560166,0
AUD_CAD,2025-02-13 16:00:00,0.89374,0.88488,7,24,-0.2153711059,0.6536701987,0.8487084871,0
AUD_CAD,2025-02-13 20:00:00,0.89374,0.88488,7,24,0.02209030602,0.9977454886,0.7320441989,0
NZD_CAD,2025-02-14 08:00:00,0.80733,0.79803,8,25,-0.4350197044,0.464021018,0.9575289575,1
EUR_AUD,2025-02-14 16:00:00,1.65182,1.64799,15,21,-0.3972530458,0.1186914588,0.8987341772,0
USD_CHF,2025-02-17 04:00:00,0.89949,0.8965,8,15,-0.1252814075,0.330287347,0.701754386,1
USD_CHF,2025-02-18 00:00:00,0.89949,0.8965,9,16,0.1650249494,1.034751034,0.8515283843,0
CAD_CHF,2025-02-21 00:00:00,0.63224,0.61873,4,14,-0.1526582567,1.095157059,0.9038461538,1
CAD_JPY,2025-02-24 04:00:00,105.106,104.908,10,15,0.02155607511,0.361663038,0.6826923077,1
CAD_CHF,2025-02-24 08:00:00,0.63224,0.61873,5,15,-0.5806547511,0.2693759155,0.8502994012,0
CAD_JPY,2025-02-25 00:00:00,105.106,104.908,11,16,-0.6543473987,0.2212206508,0.7272727273,0
NZD_CHF,2025-02-26 16:00:00,0.50846,0.50575,10,17,0.08672475191,0.910609895,0.665,1
NZD_CHF,2025-02-27 00:00:00,0.50846,0.50575,11,18,0.1142312614,0.7742341054,0.7878787879,0
CHF_JPY,2025-02-28 04:00:00,165.89,165.87,4,15,-0.04465924545,1.145190651,0.9336670839,1
GBP_JPY,2025-02-28 04:00:00,188.127,186.951,5,14,-0.5454633848,0.5218502512,0.9426485923,1
EUR_USD,2025-02-28 12:00:00,1.04007,1.02792,7,14,-0.3051106529,0.236097529,0.6182572614,1
EUR_USD,2025-03-03 00:00:00,1.04007,1.02792,8,15,-0.08370661988,0.6328220463,0.8525896414,0
NZD_USD,2025-03-03 00:00:00,0.55873,0.5516,13,20,-0.05943562892,1.280567641,0.8985507246,1
EUR_JPY,2025-03-03 08:00:00,155.808,155.519,6,15,0.1320729961,1.222322631,0.9386845039,1
EUR_USD,2025-03-03 08:00:00,1.04007,1.02792,8,15,-0.4194546227,0.872736231,0.9339853301,0
AUD_USD,2025-03-03 12:00:00,0.62276,0.60874,13,20,-0.3810826148,0.2692983811,0.9275362319,1
AUD_USD,2025-03-03 16:00:00,0.62276,0.60874,13,20,0.2316129908,1.022118199,0.7072072072,0
EUR_JPY,2025-03-04 16:00:00,155.808,155.519,7,16,-0.2420782874,1.107759168,0.9070464768,0
GBP_JPY,2025-03-04 16:00:00,188.127,186.951,7,16,0.1000495235,1.292382835,0.8694779116,0
AUD_USD,2025-03-04 20:00:00,0.62276,0.60874,14,21,-0.5157906141,1.619430825,0.9690189329,0
AUD_USD,2025-03-05 04:00:00,0.62276,0.60874,15,22,0.2350814683,1.012366968,0.8951965066,0
NZD_CHF,2025-03-05 16:00:00,0.50846,0.50575,15,22,-1.450197104,0.1546876911,0.8997289973,1
NZD_CHF,2025-03-05 20:00:00,0.50846,0.50575,15,22,-0.2470904415,0.7032574104,0.7782101167,0
NZD_CHF,2025-03-06 00:00:00,0.50846,0.50575,16,23,0.2409849724,1.238001231,0.9295154185,0
AUD_NZD,2025-03-07 04:00:00,1.10219,1.09835,20,27,-0.2824282461,0.3747605573,0.6237113402,1
AUD_NZD,2025-03-07 16:00:00,1.10219,1.09835,20,27,-0.4175772876,1.066050252,0.8961424332,0
GBP_CHF,2025-03-10 12:00:00,1.1298,1.12811,4,8,0.1636831299,1.207498499,0.8983833718,1
GBP_CHF,2025-03-11 04:00:00,1.1298,1.12811,5,9,0.06860877795,0.936773699,0.875,0
GBP_NZD,2025-03-19 08:00:00,2.24112,2.19075,9,22,-1.538219727,0.1796728645,0.9915343915,1
GBP_NZD,2025-03-19 16:00:00,2.24112,2.19075,9,22,-0.3409300486,0.3125192112,0.7700892857,0
AUD_CAD,2025-03-20 20:00:00,0.90234,0.89514,5,14,-0.4169566604,0.1781542094,0.8579234973,1
EUR_GBP,2025-03-21 00:00:00,0.83691,0.82413,5,15,-0.4618013095,0.1649290391,0.7723577236,1
GBP_CAD,2025-03-24 20:00:00,1.84781,1.76765,4,29,-0.1781404485,0.5192142341,0.8605898123,1
NZD_CAD,2025-03-24 20:00:00,0.81773,0.80699,7,16,-0.08531007534,0.9112667138,0.9846743295,1
GBP_CAD,2025-03-25 00:00:00,1.84781,1.76765,5,30,0.07186348281,0.4311808969,0.64,0
NZD_CAD,2025-03-25 00:00:00,0.81773,0.80699,8,17,0.09816360484,0.6164674384,0.6197183099,0
GBP_CAD,2025-03-25 04:00:00,1.84781,1.76765,5,30,0.2415493531,0.7525191384,0.9205020921,0
GBP_CAD,2025-03-25 16:00:00,1.84781,1.76765,5,30,0.1797370851,1.181471773,0.8744769874,0
NZD_CAD,2025-03-26 04:00:00,0.81773,0.80699,9,18,-0.3136978225,1.031900732,0.9080779944,0
USD_CAD,2025-03-26 12:00:00,1.425,1.42358,6,14,-0.1884828822,0.6134261075,0.8540145985,1
EUR_AUD,2025-03-26 16:00:00,1.70848,1.6357,7,24,-0.4783154415,0.6422451468,0.9105839416,1
EUR_AUD,2025-03-27 00:00:00,1.70848,1.6357,8,25,-0.7693214606,0.1968031643,0.9094736842,0
GBP_CHF,2025-03-27 00:00:00,1.13648,1.13006,6,12,-0.003867104816,0.8507630596,0.7836879433,1
NZD_CAD,2025-03-27 04:00:00,0.81773,0.80699,10,19,0.01720831595,0.5377598735,0.7857142857,0
EUR_AUD,2025-03-27 12:00:00,1.70848,1.6357,8,25,-0.6783067517,0.2321116127,0.7784200385,0
EUR_AUD,2025-03-27 16:00:00,1.70848,1.6357,8,25,0.2108711977,1.081275716,0.8220338983,0
NZD_CAD,2025-03-28 12:00:00,0.81773,0.80699,11,20,-0.04045371216,0.7146822482,0.8888888889,1
NZD_USD,2025-03-28 12:00:00,0.57087,0.56774,4,13,0.07415513432,0.8845648166,0.8793103448,1
NZD_CAD,2025-03-28 20:00:00,0.81773,0.80699,11,20,-0.05030269428,0.265232388,0.6831683168,0
GBP_CHF,2025-03-31 00:00:00,1.13648,1.13006,8,14,-0.2995147787,0.9314179095,0.8300492611,0
AUD_JPY,2025-03-31 16:00:00,93.137,91.812,6,14,-0.2204803647,0.9600082546,0.798136646,1
EUR_GBP,2025-03-31 16:00:00,0.83691,0.82413,11,21,-1.04264471,0.4755923237,0.9880952381,1
EUR_GBP,2025-04-01 00:00:00,0.83691,0.82413,12,22,0.01960325682,0.3463242038,0.7352941176,0
AUD_CHF,2025-04-01 04:00:00,0.55199,0.5494,6,15,-0.7898280575,0.7118203481,0.9808917197,1
AUD_CHF,2025-04-01 12:00:00,0.55199,0.5494,6,15,-0.5121577077,0.1477378003,0.924137931,0
AUD_CHF,2025-04-01 16:00:00,0.55199,0.5494,6,15,-0.1484871481,0.8909228884,0.7667844523,0
AUD_JPY,2025-04-01 16:00:00,93.137,91.812,7,15,0.2325569991,1.325574895,0.679369251,0
NZD_JPY,2025-04-01 16:00:00,85.031,83.305,8,15,-0.7854415341,0.3518381636,0.7050691244,1
NZD_JPY,2025-04-01 20:00:00,85.031,83.305,8,15,-0.2763781794,0.6150036964,0.9521276596,0
NZD_JPY,2025-04-02 00:00:00,85.031,83.305,9,16,0.2311567373,1.052500889,0.7076271186,0
NZD_CAD,2025-04-02 04:00:00,0.81773,0.80699,14,23,-0.8369015835,0.3149165752,0.9050847458,0
NZD_USD,2025-04-02 04:00:00,0.57087,0.56774,7,16,-0.3302178425,0.6210066888,0.8464912281,0
NZD_CAD,2025-04-02 08:00:00,0.81773,0.80699,14,23,0.2373243011,1.368852665,0.9206896552,0
AUD_CAD,2025-04-02 12:00:00,0.90234,0.89514,14,23,-0.1686002536,0.2950504438,0.7333333333,1
NZD_USD,2025-04-03 00:00:00,0.57087,0.56774,8,17,-1.034052825,0.9643413985,0.8730964467,1
EUR_JPY,2025-04-03 08:00:00,160.725,154.788,9,24,0.1228363677,1.002791438,0.7023172906,1
NZD_CAD,2025-04-03 08:00:00,0.81773,0.80699,15,24,-0.3713807477,0.4078556425,0.7993197279,1
NZD_JPY,2025-04-03 08:00:00,85.031,83.305,10,17,-0.8518798805,0.1167458509,0.8909395973,0
CAD_CHF,2025-04-03 16:00:00,0.61082,0.60545,10,17,-0.8360598659,0.3192228579,0.7755102041,1
EUR_CHF,2025-04-03 20:00:00,0.94873,0.9332,5,24,-0.5948294519,0.2205221383,0.6803874092,1
CAD_JPY,2025-04-04 00:00:00,103.143,101.373,11,18,0.2483776992,1.004445664,0.6759776536,1
EUR_JPY,2025-04-04 00:00:00,160.725,154.788,10,25,0.2397207384,0.7666744336,0.654155496,0
CAD_JPY,2025-04-04 08:00:00,103.143,101.373,11,18,-0.1345883377,0.697137345,0.9615384615,0
CAD_JPY,2025-04-04 16:00:00,103.143,101.373,11,18,-1.499209068,0.122592905,0.9407407407,0
EUR_JPY,2025-04-04 16:00:00,160.725,154.788,10,25,-1.638493855,0.223387401,0.9788306452,0
EUR_JPY,2025-04-04 20:00:00,160.725,154.788,10,25,-0.3001359699,0.2991739956,0.6267605634,0
GBP_USD,2025-04-07 00:00:00,1.28701,1.25591,7,26,-0.8063112215,0.6250474586,0.7937608319,1
EUR_JPY,2025-04-07 12:00:00,160.725,154.788,11,26,-0.6991231925,0.4762143485,0.8380493679,0
CAD_JPY,2025-04-07 16:00:00,103.143,101.373,12,19,-0.4760748131,0.9084730379,0.7895392279,0
EUR_JPY,2025-04-07 16:00:00,160.725,154.788,11,26,-0.1557229203,0.8134900472,0.6407506702,0
CAD_JPY,2025-04-09 20:00:00,103.143,101.373,14,21,-1.151025237,1.640186842,0.9210442534,1
EUR_JPY,2025-04-09 20:00:00,160.725,154.788,13,28,-1.103799067,0.8786206586,0.8395106153,1
EUR_JPY,2025-04-10 08:00:00,160.725,154.788,14,29,0.1909487982,0.6912713705,0.6787048568,0
GBP_NZD,2025-04-10 08:00:00,2.24992,2.23955,5,11,0.1362742953,0.9644431789,0.7516714422,1
GBP_USD,2025-04-10 12:00:00,1.28701,1.25591,10,29,-0.1446700711,0.8509089128,0.6618407446,1
EUR_NZD,2025-04-23 08:00:00,1.89958,1.87143,4,19,-0.1375881177,0.8099752666,0.7674418605,1
EUR_AUD,2025-04-23 16:00:00,1.7697,1.70491,9,20,-0.3925221735,1.154036581,0.7219171243,1
EUR_NZD,2025-04-23 16:00:00,1.89958,1.87143,4,19,-0.7504330038,0.3940629929,0.6702341137,0
GBP_AUD,2025-04-23 16:00:00,2.07119,2.04776,5,15,-0.3320736134,1.201627199,0.7859649123,1
EUR_NZD,2025-04-24 00:00:00,1.89958,1.87143,5,20,0.1630810833,0.8359415529,0.9440677966,0
EUR_GBP,2025-04-25 04:00:00,0.85193,0.83227,7,16,0.07040970346,0.5304197661,0.9245283019,1
EUR_AUD,2025-04-25 08:00:00,1.7697,1.70491,11,22,-0.1586597685,0.807150092,0.8150903294,0
EUR_NZD,2025-04-25 08:00:00,1.89958,1.87143,6,21,-0.5770380843,0.4873072817,0.9049295775,0
GBP_AUD,2025-04-25 08:00:00,2.07119,2.04776,7,17,0.2179911988,1.3206211,0.9830508475,0
EUR_GBP,2025-04-25 16:00:00,0.85193,0.83227,7,16,-0.3897897302,0.7258153597,0.7033898305,0
EUR_AUD,2025-04-28 00:00:00,1.7697,1.70491,12,23,0.2187464172,1.209615605,0.8371837184,0
EUR_AUD,2025-04-28 16:00:00,1.7697,1.70491,12,23,0.1725408143,1.092758491,0.8239520958,0
EUR_AUD,2025-04-29 04:00:00,1.7697,1.70491,13,24,0.03591430736,0.6737524061,0.7081339713,1
EUR_USD,2025-05-01 08:00:00,1.13077,1.0733,6,25,-0.5312890258,0.3219140403,0.7442922374,1
EUR_GBP,2025-05-02 08:00:00,0.85193,0.83227,12,21,-1.558705553,0.298929832,0.8900255754,1
EUR_USD,2025-05-02 08:00:00,1.13077,1.0733,7,26,-0.1455797335,0.6470210377,0.8235294118,0
EUR_GBP,2025-05-05 00:00:00,0.85193,0.83227,13,22,-0.6901950331,0.6083941403,0.9304029304,0
EUR_USD,2025-05-05 00:00:00,1.13077,1.0733,8,27,-0.4618868462,0.3806759722,0.8645833333,0
EUR_CAD,2025-05-05 12:00:00,1.56672,1.54057,8,18,-0.7311355441,0.4796756315,0.9711864407,1
EUR_USD,2025-05-05 20:00:00,1.13077,1.0733,8,27,-0.2772065261,0.1514368985,0.6929460581,0
EUR_USD,2025-05-06 04:00:00,1.13077,1.0733,9,28,-0.7042858868,0.4291347698,0.9373695198,0
EUR_USD,2025-05-06 12:00:00,1.13077,1.0733,9,28,-0.06355410223,0.826203329,0.9020618557,0
EUR_JPY,2025-05-06 16:00:00,161.675,160.975,4,10,-0.1693994191,0.6150812239,0.7150735294,1
USD_CHF,2025-05-07 20:00:00,0.81939,0.80392,6,12,-0.2310446162,1.12109149,0.8714043993,1
GBP_USD,2025-05-08 12:00:00,1.32546,1.32338,4,11,-0.2526803758,1.397763666,0.8172790467,1
NZD_USD,2025-05-09 04:00:00,0.58934,0.54848,6,22,-0.8294180112,0.177732431,0.9679715302,1
GBP_USD,2025-05-09 08:00:00,1.32546,1.32338,5,12,-0.6502886457,0.3282607221,0.9751552795,0
NZD_USD,2025-05-09 08:00:00,0.58934,0.54848,6,22,-0.1599175154,0.2360687133,0.6265060241,0
GBP_USD,2025-05-09 12:00:00,1.32546,1.32338,5,12,0.1548572318,0.6559924403,0.9246031746,0
NZD_USD,2025-05-09 16:00:00,0.58934,0.54848,6,22,0.1978423797,0.7636715858,0.6441441441,0
GBP_USD,2025-05-12 00:00:00,1.32546,1.32338,6,13,0.07047078287,0.7819983647,0.8324468085,0
AUD_USD,2025-05-12 20:00:00,0.63558,0.63437,8,12,0.0280267602,0.564038549,0.7766497462,1
AUD_USD,2025-05-13 04:00:00,0.63558,0.63437,9,13,0.1752539417,1.894090678,0.9622641509,0
NZD_USD,2025-05-13 12:00:00,0.58934,0.54848,8,24,-0.2516503125,0.7211471641,0.9847908745,0
GBP_USD,2025-05-13 16:00:00,1.32546,1.32338,7,14,-0.7371898112,0.8274130418,0.9621109608,0
GBP_USD,2025-05-15 00:00:00,1.32546,1.32338,9,16,-0.111702825,0.4230447414,0.9109311741,1
NZD_USD,2025-05-15 00:00:00,0.58934,0.54848,10,26,-0.4583539204,0.2045546422,0.7543103448,1
GBP_USD,2025-05-15 08:00:00,1.32546,1.32338,9,16,0.1908777389,0.8899364708,0.6542923434,0
NZD_JPY,2025-05-16 04:00:00,85.246,84.208,6,13,-0.4746873887,1.406003407,0.9067164179,1
NZD_USD,2025-05-16 04:00:00,0.58934,0.54848,11,27,-1.05768907,0.4109007896,0.9146919431,0
NZD_JPY,2025-05-19 04:00:00,85.246,84.208,7,14,0.2483371225,0.7976004053,0.6861313869,0
CAD_CHF,2025-05-21 08:00:00,0.59283,0.59158,11,16,-0.6351684568,0.5873132991,0.8413173653,1
CAD_CHF,2025-05-21 12:00:00,0.59283,0.59158,11,16,0.03923786789,0.7193609114,0.6995515695,0
CAD_CHF,2025-05-22 00:00:00,0.59283,0.59158,12,17,0.1513814865,1.022847882,0.7473684211,0
NZD_CHF,2025-05-22 16:00:00,0.48757,0.48519,10,16,0.1990139375,0.9287317083,0.7333333333,1
AUD_CAD,2025-05-23 00:00:00,0.88734,0.87972,11,17,-0.04319979292,0.6087243548,0.9822485207,1
NZD_CAD,2025-05-23 00:00:00,0.81663,0.81528,8,16,-0.3680660419,0.475590953,1,1
NZD_CHF,2025-05-23 00:00:00,0.48757,0.48519,11,17,0.05168056293,0.6408389804,0.8976377953,0
CAD_JPY,2025-05-23 16:00:00,103.227,102.496,12,18,0.146876378,1.51451216,0.9514237856,1
USD_JPY,2025-05-26 08:00:00,142.338,141.961,13,19,0.2474904912,1.020898276,0.9423503326,1
USD_JPY,2025-05-27 04:00:00,142.338,141.961,14,20,-0.441505652,1.003598751,0.9906666667,0
AUD_CAD,2025-05-27 12:00:00,0.88734,0.87972,13,19,-0.2362559977,0.4387611386,0.981595092,0
AUD_CAD,2025-05-27 20:00:00,0.88734,0.87972,13,19,-0.03567510731,0.9394444924,0.6490765172,0
AUD_CAD,2025-05-28 20:00:00,0.88734,0.87972,14,20,0.04764659571,0.7623455313,0.8910891089,1
AUD_CAD,2025-05-29 00:00:00,0.88734,0.87972,15,21,-0.07321559225,0.7668369925,0.6072423398,0
AUD_CAD,2025-05-29 04:00:00,0.88734,0.87972,15,21,0.1119815166,1.015556513,0.9285714286,0
EUR_CAD,2025-05-29 08:00:00,1.55781,1.5483,4,13,-0.4937325497,0.2633240265,0.7834549878,1
EUR_CAD,2025-05-29 12:00:00,1.55781,1.5483,4,13,0.06908287642,1.724843431,0.9867197875,0
AUD_CAD,2025-05-30 00:00:00,0.88734,0.87972,16,22,0.1255058901,1.209040074,0.9151943463,0
AUD_CHF,2025-05-30 00:00:00,0.529,0.52745,5,16,-0.3204504871,0.3936963127,0.7323943662,1
AUD_CHF,2025-05-30 20:00:00,0.529,0.52745,5,16,-0.3910121403,0.2852088552,0.6150627615,0
AUD_CHF,2025-06-02 00:00:00,0.529,0.52745,6,17,-0.7040103613,0.6683642671,0.9746835443,0
EUR_CAD,2025-06-02 00:00:00,1.55781,1.5483,6,15,-0.09824530992,0.3609943946,0.7730769231,0
GBP_CHF,2025-06-02 00:00:00,1.10385,1.09104,8,19,0.07613795749,1.329485873,0.9816513761,1
GBP_CAD,2025-06-02 08:00:00,1.85397,1.82748,5,20,-0.7967193682,0.1530284152,0.9399038462,1
AUD_CAD,2025-06-02 12:00:00,0.88734,0.87972,17,23,-0.1219631693,0.525703316,0.8508287293,0
AUD_CHF,2025-06-02 12:00:00,0.529,0.52745,6,17,-0.07019537143,0.8470241485,0.9751243781,0
GBP_CAD,2025-06-02 12:00:00,1.85397,1.82748,5,20,-0.3635121385,0.1719314169,0.6264367816,0
AUD_CAD,2025-06-02 16:00:00,0.88734,0.87972,17,23,-0.08196488306,0.7786663891,0.6461538462,0
GBP_CAD,2025-06-02 20:00:00,1.85397,1.82748,5,20,-0.04793376985,0.8532211032,0.8785046729,0
AUD_CHF,2025-06-03 00:00:00,0.529,0.52745,7,18,-0.1578737055,0.7176077524,0.9289340102,0
GBP_CAD,2025-06-03 00:00:00,1.85397,1.82748,6,21,0.190633402,1.100907897,0.8470066519,0
AUD_CHF,2025-06-03 12:00:00,0.529,0.52745,7,18,-0.2421636627,0.9876478791,0.9316546763,0
USD_CHF,2025-06-03 12:00:00,0.81877,0.81851,5,19,-0.1635200296,1.409542655,0.925,1
GBP_CAD,2025-06-03 16:00:00,1.85397,1.82748,6,21,-0.2057854563,0.3187164993,0.616519174,0
GBP_CAD,2025-06-04 00:00:00,1.85397,1.82748,7,22,-0.4136943414,0.2393703108,0.7011173184,0
GBP_CAD,2025-06-04 08:00:00,1.85397,1.82748,7,22,-0.1917189353,0.5458664129,0.7426273458,0
AUD_CAD,2025-06-04 12:00:00,0.88734,0.87972,19,25,-0.06266397245,0.8647628198,0.8951612903,1
AUD_CAD,2025-06-05 00:00:00,0.88734,0.87972,20,26,-0.4909253186,0.590848171,0.8989169675,0
AUD_CHF,2025-06-05 00:00:00,0.529,0.52745,9,20,0.165405161,1.240538708,0.8277153558,1
USD_CHF,2025-06-05 04:00:00,0.81877,0.81851,7,21,-0.5477110911,0.1011695646,0.8122270742,0
AUD_CAD,2025-06-05 08:00:00,0.88734,0.87972,20,26,0.03095527454,0.6014167624,0.821656051,0
USD_CHF,2025-06-05 08:00:00,0.81877,0.81851,7,21,-0.0460594246,0.5597991605,0.76,0
GBP_CAD,2025-06-05 16:00:00,1.85397,1.82748,8,23,-0.2449630786,0.6736484663,0.7532751092,1
GBP_AUD,2025-06-09 00:00:00,2.07837,2.05107,10,19,0.123802898,0.7840850204,0.6831460674,1
EUR_NZD,2025-06-09 12:00:00,1.88389,1.88068,7,18,0.1662003049,0.6627743867,0.7608695652,1
GBP_NZD,2025-06-09 12:00:00,2.23747,2.21785,4,23,0.1643953106,0.6084516092,0.6233421751,1
GBP_AUD,2025-06-09 20:00:00,2.07837,2.05107,10,19,-0.3846278766,0.2052921795,0.7936507937,0
GBP_AUD,2025-06-10 00:00:00,2.07837,2.05107,11,20,-0.4962500503,0.2706818456,0.834625323,0
EUR_NZD,2025-06-10 08:00:00,1.88389,1.88068,8,19,-0.08628727265,0.7239712632,0.6332236842,0
GBP_NZD,2025-06-11 16:00:00,2.23747,2.21785,6,25,-0.7153757582,0.8170797817,0.8539865514,0
GBP_AUD,2025-06-11 20:00:00,2.07837,2.05107,12,21,-0.4056765391,0.9380122691,0.9093167702,0
CAD_CHF,2025-06-13 08:00:00,0.59375,0.59137,10,17,-0.3556450331,1.289213245,0.9158415842,1
NZD_CAD,2025-06-13 16:00:00,0.81792,0.81574,9,15,-0.2402131237,0.7959300518,0.9796610169,1
NZD_CHF,2025-06-13 16:00:00,0.4888,0.48741,10,16,-0.3151128662,0.4393827289,0.8133971292,1
NZD_CAD,2025-06-16 00:00:00,0.81792,0.81574,10,16,-0.8221312519,0.1834799361,0.9531772575,0
NZD_CAD,2025-06-16 08:00:00,0.81792,0.81574,10,16,-0.0588607975,0.5996443746,0.9179487179,0
NZD_CHF,2025-06-16 08:00:00,0.4888,0.48741,11,17,-0.0501623785,0.6977130827,0.841025641,0
GBP_CHF,2025-06-16 16:00:00,1.10411,1.10385,10,18,-0.9341132304,0.1199011012,0.9402985075,1
GBP_AUD,2025-06-16 20:00:00,2.07837,2.05107,15,24,-0.1532412932,0.5000505356,0.9688995215,1
GBP_NZD,2025-06-16 20:00:00,2.23747,2.21785,9,28,0.03226403809,0.3886350043,0.616751269,1
GBP_CHF,2025-06-17 00:00:00,1.10411,1.10385,11,19,-0.6082119974,0.2553342819,0.8879056047,0
NZD_CHF,2025-06-18 00:00:00,0.4888,0.48741,13,19,0.1690069023,1.327911375,0.8664259928,0
AUD_USD,2025-06-19 20:00:00,0.64557,0.64071,4,14,-0.1153214322,0.9114113193,0.965034965,1
GBP_USD,2025-06-19 20:00:00,1.34561,1.34151,7,15,-0.7818167747,0.3294448044,0.9804772234,1
AUD_USD,2025-06-20 00:00:00,0.64557,0.64071,5,15,0.1163763243,1.149216202,0.8,0
GBP_USD,2025-06-20 00:00:00,1.34561,1.34151,8,16,-0.3063199891,0.7852488608,0.9532908705,0
GBP_USD,2025-06-23 16:00:00,1.34561,1.34151,9,17,-1.498734247,0.7785632454,0.8811715481,0
AUD_USD,2025-06-24 00:00:00,0.64557,0.64071,7,17,-0.05124430701,0.7878812203,0.7963525836,0
EUR_CHF,2025-07-01 00:00:00,0.93326,0.93069,4,12,0.06914005564,0.4790418141,0.6014492754,1
USD_JPY,2025-07-01 12:00:00,142.79,142.379,12,20,-0.211970092,0.5395602341,0.7942973523,1
CAD_JPY,2025-07-01 16:00:00,104.798,103.836,12,20,-0.03207589559,1.055831563,0.8659574468,1
EUR_CHF,2025-07-01 16:00:00,0.93326,0.93069,4,12,-1.050497428,0.1689930646,0.7355371901,0
EUR_CHF,2025-07-01 20:00:00,0.93326,0.93069,4,12,-0.176787023,0.3628786262,0.7116564417,0
EUR_CHF,2025-07-02 04:00:00,0.93326,0.93069,5,13,-0.1576069645,0.1329808763,0.7763157895,0
EUR_CHF,2025-07-02 16:00:00,0.93326,0.93069,5,13,-0.6465831509,0.1069536039,0.6404958678,0
EUR_CHF,2025-07-02 20:00:00,0.93326,0.93069,5,13,-0.252291766,0.3710173029,0.8076923077,0
EUR_CHF,2025-07-03 00:00:00,0.93326,0.93069,6,14,-0.4551381841,0.4947154175,0.9504950495,0
EUR_CHF,2025-07-03 08:00:00,0.93326,0.93069,6,14,-0.5335745732,0.498002935,0.9103139013,0
EUR_CHF,2025-07-03 12:00:00,0.93326,0.93069,6,14,0.08335616128,1.38763492,0.8956228956,0
EUR_CHF,2025-07-04 00:00:00,0.93326,0.93069,7,15,-0.1819301739,0.6736333467,0.7372881356,0
GBP_USD,2025-07-08 16:00:00,1.3562,1.33701,4,11,-0.9290288793,0.4137478342,0.9264448336,1
GBP_USD,2025-07-10 20:00:00,1.3562,1.33701,6,13,-0.03803499801,0.5471188175,0.8583690987,0
NZD_CAD,2025-07-15 00:00:00,0.81693,0.81143,4,16,0.01432019371,0.9785465705,0.8347107438,1
NZD_CAD,2025-07-16 00:00:00,0.81693,0.81143,5,17,-1.016806208,0.199884981,0.8333333333,0
EUR_CAD,2025-07-16 04:00:00,1.59289,1.5645,9,21,-0.4501175392,0.2156813209,0.963800905,1
EUR_CAD,2025-07-16 08:00:00,1.59289,1.5645,9,21,-0.08585223919,0.6327627999,0.9262295082,0
EUR_CAD,2025-07-17 04:00:00,1.59289,1.5645,10,22,-0.2959465789,0.277613605,0.9563318777,0
EUR_CAD,2025-07-17 08:00:00,1.59289,1.5645,10,22,-1.035492907,0.3240662399,0.9487632509,0
GBP_AUD,2025-07-17 08:00:00,2.06858,2.05875,11,20,-1.092617262,0.5271836712,0.9240986717,1
AUD_USD,2025-07-17 20:00:00,0.64853,0.63725,8,18,-0.1458488909,0.1174893843,0.619047619,1
EUR_CAD,2025-07-17 20:00:00,1.59289,1.5645,10,22,-0.1194685789,0.438051456,1,0
AUD_USD,2025-07-18 00:00:00,0.64853,0.63725,9,19,-0.4139911502,0.8122112089,0.9093567251,0
EUR_CAD,2025-07-18 00:00:00,1.59289,1.5645,11,23,-0.0501160109,0.9574795766,0.9294403893,0
NZD_CAD,2025-07-18 00:00:00,0.81693,0.81143,7,19,-1.079608151,0.2850165519,0.9376854599,0
NZD_CAD,2025-07-18 08:00:00,0.81693,0.81143,7,19,0.1254039717,0.7972109627,0.8875739645,1
NZD_CAD,2025-07-21 08:00:00,0.81693,0.81143,8,20,-0.1464663411,0.5953148059,0.8626373626,0
NZD_CAD,2025-07-21 16:00:00,0.81693,0.81143,8,20,0.1617715424,0.6274774977,0.6050955414,0
GBP_JPY,2025-07-22 16:00:00,197.927,195.345,4,14,-0.9024152677,0.2735668331,0.9207232267,1
NZD_JPY,2025-07-22 16:00:00,87.546,87.022,4,14,-0.3758790259,1.100049626,0.9106382979,1
GBP_JPY,2025-07-23 04:00:00,197.927,195.345,5,15,0.121395574,1.386206216,0.771,0
GBP_NZD,2025-07-23 16:00:00,2.24018,2.23704,6,14,0.09850893789,1.591697049,0.9829351536,1
USD_CHF,2025-07-24 12:00:00,0.79463,0.79192,6,10,-0.3561828843,0.3388081095,0.7692307692,1
USD_CHF,2025-07-24 20:00:00,0.79463,0.79192,6,10,-0.4753678075,0.3650145665,0.8284518828,0
USD_CHF,2025-07-25 00:00:00,0.79463,0.79192,7,11,-0.5682686944,0.4125209781,0.8859315589,0
GBP_NZD,2025-07-25 04:00:00,2.24018,2.23704,8,16,-0.4779257675,0.1213779727,0.7331786543,0
CAD_CHF,2025-07-28 00:00:00,0.57835,0.57734,12,18,0.1590644101,1.321458176,0.8597285068,1
USD_CHF,2025-07-28 04:00:00,0.79463,0.79192,8,12,-0.05692387083,0.4459036549,0.7066666667,0
GBP_NZD,2025-07-28 08:00:00,2.24018,2.23704,9,17,-1.105248439,1.004114595,0.9336530775,0
EUR_NZD,2025-07-29 00:00:00,1.93956,1.93537,4,12,-0.246832657,0.6481865709,0.7865961199,1
EUR_JPY,2025-07-29 16:00:00,171.357,170.801,5,12,-0.5947586806,0.1843181854,0.7869481766,1
GBP_NZD,2025-07-29 20:00:00,2.24018,2.23704,10,18,-0.1850816277,0.2946197338,0.6755319149,1
EUR_USD,2025-07-30 00:00:00,1.15563,1.14461,9,29,-0.3759967657,0.3235321007,0.9795918367,1
GBP_NZD,2025-07-30 08:00:00,2.24018,2.23704,11,19,-0.5012438467,0.633250814,0.8447293447,0
EUR_GBP,2025-07-30 16:00:00,0.86313,0.85944,8,16,-0.678795989,0.3916130706,0.8070866142,1
AUD_CAD,2025-07-31 00:00:00,0.88952,0.88763,6,10,-0.2557658846,0.548659075,0.7677165354,1
AUD_CAD,2025-07-31 04:00:00,0.88952,0.88763,6,10,0.1395089515,1.542570406,0.9750692521,0
NZD_USD,2025-07-31 04:00:00,0.5904,0.58828,10,28,-0.2927882489,1.043648436,0.9929824561,1
EUR_GBP,2025-07-31 08:00:00,0.86313,0.85944,9,17,-0.7223887724,0.4864084401,0.9400749064,0
EUR_GBP,2025-07-31 12:00:00,0.86313,0.85944,9,17,0.1555891854,0.7536351167,0.6833333333,0
EUR_JPY,2025-07-31 12:00:00,171.357,170.801,7,14,-0.2631372458,0.5354750946,0.8443579767,0
EUR_JPY,2025-07-31 16:00:00,171.357,170.801,7,14,0.2377465979,1.34841354,0.7578692494,0
GBP_NZD,2025-07-31 16:00:00,2.24018,2.23704,12,20,-0.4906184219,0.4550392234,0.6273291925,0
AUD_CAD,2025-08-01 00:00:00,0.88952,0.88763,7,11,-0.3084486725,0.4043178545,0.6526717557,0
AUD_NZD,2025-08-01 00:00:00,1.08935,1.07614,9,24,-0.3872526336,1.476400666,0.8555555556,1
EUR_GBP,2025-08-01 00:00:00,0.86313,0.85944,10,18,0.08919200655,0.8374138393,0.8531073446,0
EUR_NZD,2025-08-01 04:00:00,1.93956,1.93537,7,15,-0.09646384964,0.3742797366,0.8271186441,0
AUD_CAD,2025-08-01 12:00:00,0.88952,0.88763,7,11,0.1479536658,1.843422701,0.7598566308,0
NZD_CAD,2025-08-01 12:00:00,0.81299,0.81096,7,11,-0.3684946396,1.653941057,0.8613138686,1
NZD_USD,2025-08-01 12:00:00,0.5904,0.58828,11,29,-2.059070416,0.7443996641,0.9698795181,0
AUD_CAD,2025-08-01 20:00:00,0.88952,0.88763,7,11,-0.2735353185,0.8464809181,0.8706896552,0
NZD_CAD,2025-08-01 20:00:00,0.81299,0.81096,7,11,0.01203055499,1.090770319,0.8380062305,0
NZD_USD,2025-08-01 20:00:00,0.5904,0.58828,11,29,-0.6054826469,0.6668491313,0.9201183432,0
AUD_CAD,2025-08-04 00:00:00,0.88952,0.88763,8,12,-0.0217565103,1.149468961,0.9389534884,0
AUD_CHF,2025-08-04 00:00:00,0.51734,0.5165,8,19,0.08825721749,2.091696054,0.9912663755,1
NZD_CAD,2025-08-04 00:00:00,0.81299,0.81096,8,12,-0.1373031424,0.8238188542,0.749235474,0
AUD_JPY,2025-08-04 04:00:00,95.623,93.956,9,24,-0.1874438421,0.3143289044,0.6718146718,1
CAD_JPY,2025-08-04 04:00:00,107.184,106.573,9,16,-0.3093642239,0.103121408,0.6177606178,1
AUD_JPY,2025-08-04 08:00:00,95.623,93.956,9,24,0.01772519544,0.5376642617,0.7619047619,0
NZD_USD,2025-08-04 12:00:00,0.5904,0.58828,12,30,0.1015120425,0.6487943585,0.6631016043,0
AUD_CAD,2025-08-04 20:00:00,0.88952,0.88763,8,12,0.1980268238,0.6972194421,0.9758064516,0
NZD_CAD,2025-08-04 20:00:00,0.81299,0.81096,8,12,-0.004427919879,0.3985127892,0.9285714286,0
NZD_USD,2025-08-04 20:00:00,0.5904,0.58828,12,30,-0.2441971822,0.1899311417,0.9795918367,0
NZD_CAD,2025-08-05 00:00:00,0.81299,0.81096,9,13,-0.338823619,0.4821720732,0.6585365854,0
NZD_CAD,2025-08-06 00:00:00,0.81299,0.81096,10,14,-1.008215308,0.499685657,0.8788659794,0
NZD_CAD,2025-08-06 04:00:00,0.81299,0.81096,10,14,0.2465526467,1.259179588,0.9583333333,0
AUD_JPY,2025-08-06 08:00:00,95.623,93.956,11,26,-0.03800309409,1.016582767,0.9487179487,0
CAD_JPY,2025-08-06 08:00:00,107.184,106.573,11,18,-0.5812536956,0.5284124505,0.9444444444,0
CAD_JPY,2025-08-06 20:00:00,107.184,106.573,11,18,-0.6218988743,0.2531347177,0.6407322654,0
AUD_JPY,2025-08-07 00:00:00,95.623,93.956,12,27,0.06263941335,0.8406868634,0.9076923077,0
CAD_JPY,2025-08-07 00:00:00,107.184,106.573,12,19,-0.2412258948,0.6798184307,0.9514563107,0
CAD_JPY,2025-08-08 08:00:00,107.184,106.573,13,20,-0.3358961628,0.9950131614,0.9459459459,1
USD_JPY,2025-08-14 12:00:00,146.62,145.851,7,15,-0.4270942237,0.7234453176,0.7764705882,1
CAD_CHF,2025-08-18 00:00:00,0.5811,0.57861,10,15,0.2285424162,1.961655739,0.975,1
CAD_CHF,2025-08-20 00:00:00,0.5811,0.57861,12,17,-0.5093623446,1.188512137,0.8709677419,0
AUD_CHF,2025-08-21 16:00:00,0.51754,0.51734,13,21,0,0.8646452034,0.7647058824,1
CAD_CHF,2025-08-21 16:00:00,0.5811,0.57861,13,18,-0.6698394629,0.3152185708,0.8064516129,1
AUD_CHF,2025-08-22 00:00:00,0.51754,0.51734,14,22,-0.2415054121,1.224777447,0.8528428094,0
CAD_CHF,2025-08-22 00:00:00,0.5811,0.57861,14,19,-1.141427487,0.3287807434,0.8745387454,0
AUD_USD,2025-08-22 16:00:00,0.64817,0.64188,8,15,-2.936501499,0.3139351932,0.8381070984,1
USD_CHF,2025-08-25 00:00:00,0.80217,0.79089,8,23,-1.123752179,0.3204924987,0.9035532995,1
AUD_USD,2025-08-25 04:00:00,0.64817,0.64188,9,16,-0.5120528034,0.3865496653,0.8689320388,0
CAD_CHF,2025-08-25 16:00:00,0.5811,0.57861,15,20,-0.5971849555,0.1260723795,0.8014705882,0
USD_CHF,2025-08-25 16:00:00,0.80217,0.79089,8,23,-0.1010976789,0.8571324951,0.8288973384,0
AUD_USD,2025-08-26 00:00:00,0.64817,0.64188,10,17,-0.2887713473,0.4462829913,0.790960452,0
CAD_CHF,2025-08-26 04:00:00,0.5811,0.57861,16,21,-0.5367591958,0.1552074783,0.8492063492,0
CAD_CHF,2025-08-26 08:00:00,0.5811,0.57861,16,21,-0.07172089674,0.7106888859,0.8759124088,0
AUD_USD,2025-08-26 16:00:00,0.64817,0.64188,10,17,-0.06855987823,0.7488848237,0.7711442786,0
AUD_USD,2025-08-27 00:00:00,0.64817,0.64188,11,18,0.07293549107,0.6283673077,0.6734693878,0
CAD_CHF,2025-08-27 00:00:00,0.5811,0.57861,17,22,-1.528653237,0.1065045288,0.9849056604,1
USD_CHF,2025-08-27 00:00:00,0.80217,0.79089,10,25,-0.3034567153,0.7873471532,0.9637681159,0
CAD_CHF,2025-08-27 04:00:00,0.5811,0.57861,17,22,-0.05846788711,0.3832894822,0.85,0
CAD_CHF,2025-08-27 08:00:00,0.5811,0.57861,17,22,0.155620507,0.7975550983,0.6265822785,0
AUD_USD,2025-08-27 16:00:00,0.64817,0.64188,11,18,-0.6394446151,1.359449182,0.9612590799,0
CAD_CHF,2025-08-27 20:00:00,0.5811,0.57861,17,22,-0.113190267,0.492710574,0.6893939394,0
CAD_CHF,2025-08-28 00:00:00,0.5811,0.57861,18,23,-0.6034299859,0.4525724894,0.8846153846,0
CAD_CHF,2025-08-28 12:00:00,0.5811,0.57861,18,23,-0.1792083296,1.240673051,0.9581395349,0
USD_JPY,2025-08-28 20:00:00,146.571,146.214,4,10,0.2039546059,0.940066632,0.915451895,1
USD_CAD,2025-08-29 04:00:00,1.37442,1.37215,11,16,0.03870748741,0.4306207974,0.6639344262,1
GBP_CHF,2025-08-29 12:00:00,1.07923,1.06551,6,20,-0.3689826887,0.3168438305,0.7037037037,1
GBP_JPY,2025-08-29 12:00:00,197.845,195.02,7,19,0.219084568,1.056902476,0.9015544041,1
USD_CAD,2025-08-29 12:00:00,1.37442,1.37215,11,16,-0.2134797057,1.199120049,0.7833753149,0
GBP_CHF,2025-08-29 20:00:00,1.07923,1.06551,6,20,-0.02406065337,0.7418701457,0.8451327434,0
GBP_CHF,2025-09-01 00:00:00,1.07923,1.06551,7,21,-1.036820267,1.036820267,0.9225806452,0
USD_CAD,2025-09-01 12:00:00,1.37442,1.37215,12,17,-0.4864777839,0.343658618,0.9738219895,0
USD_CAD,2025-09-01 16:00:00,1.37442,1.37215,12,17,-0.04512090961,0.4827937328,0.6157894737,0
USD_CAD,2025-09-02 04:00:00,1.37442,1.37215,13,18,0.07490923769,0.6641952409,0.8550724638,0
USD_CAD,2025-09-02 08:00:00,1.37442,1.37215,13,18,0.02805470444,1.18297337,0.631713555,0
USD_CHF,2025-09-02 08:00:00,0.80217,0.79089,14,29,-0.6053119649,0.8840167545,0.9168900804,1
GBP_USD,2025-09-02 20:00:00,1.33903,1.31359,7,22,-0.3932140232,0.1040114513,0.9245283019,1
GBP_USD,2025-09-03 08:00:00,1.33903,1.31359,8,23,-1.441149107,0.4240158494,0.9723684211,0
GBP_CHF,2025-09-03 12:00:00,1.07923,1.06551,9,23,-0.754737269,0.5329504399,0.9487804878,0
GBP_USD,2025-09-03 12:00:00,1.33903,1.31359,8,23,0.1196853071,0.8683551007,0.8472622478,0
EUR_AUD,2025-09-03 20:00:00,1.781,1.76733,16,24,-0.1420915641,0.3524963802,0.7479338843,1
GBP_CHF,2025-09-03 20:00:00,1.07923,1.06551,9,23,0,0.5903663296,0.86,1
GBP_CHF,2025-09-04 00:00:00,1.07923,1.06551,10,24,-0.276442266,0.563251117,0.9204545455,0
EUR_AUD,2025-09-04 04:00:00,1.781,1.76733,17,25,-0.1122715742,1.007705837,0.9714964371,0
GBP_CHF,2025-09-04 08:00:00,1.07923,1.06551,10,24,0.1396696587,0.9991752508,0.8080808081,0
GBP_CHF,2025-09-05 00:00:00,1.07923,1.06551,11,25,-0.08088690113,1.242716936,0.9625668449,0
EUR_AUD,2025-09-05 16:00:00,1.781,1.76733,18,26,0.08529795402,1.858993645,0.7027833002,0
NZD_CHF,2025-09-08 00:00:00,0.46783,0.467,7,12,-0.6876870933,1.534561014,0.9064935065,1
EUR_AUD,2025-09-08 16:00:00,1.781,1.76733,19,27,-0.4265819139,0.462776743,0.7092783505,0
EUR_NZD,2025-09-08 16:00:00,1.9781,1.95132,6,20,-0.5933898904,0.1440475458,0.8661616162,1
EUR_NZD,2025-09-08 20:00:00,1.9781,1.95132,6,20,0.1302197212,0.455769024,0.7671957672,0
EUR_CHF,2025-09-09 00:00:00,0.9318,0.92628,9,28,0.1722345719,0.695317346,0.6666666667,1
EUR_NZD,2025-09-09 00:00:00,1.9781,1.95132,7,21,-0.01842343557,0.4375565947,0.6851211073,0
USD_JPY,2025-09-09 12:00:00,146.658,146.571,8,12,-0.6937697041,0.5332115726,0.8817663818,1
USD_JPY,2025-09-09 16:00:00,146.658,146.571,8,12,-0.2872813621,1.156685484,0.8998822144,0
EUR_CHF,2025-09-10 00:00:00,0.9318,0.92628,10,29,-0.9253677446,0.9064826886,0.850877193,0
GBP_AUD,2025-09-10 08:00:00,2.04845,2.0453,5,24,-0.4577385129,0.2369469949,0.7049180328,1
EUR_NZD,2025-09-16 16:00:00,1.9781,1.95132,12,26,-0.5260882309,0.921818316,0.8748241913,1
EUR_NZD,2025-09-17 00:00:00,1.9781,1.95132,13,27,0.1707689175,0.9463444179,0.7822966507,0
EUR_NZD,2025-09-17 16:00:00,1.9781,1.95132,13,27,0.06735693095,1.688413736,0.945026178,0
GBP_AUD,2025-09-17 16:00:00,2.04845,2.0453,10,29,-1.174072083,0.4859888538,0.9236947791,1
CAD_JPY,2025-09-17 20:00:00,106.007,105.943,6,20,-0.120480919,2.536983924,0.9922879177,1
NZD_JPY,2025-09-19 08:00:00,86.623,85.55,10,22,-0.4854116748,0.9054132658,0.9505882353,1
NZD_JPY,2025-09-22 04:00:00,86.623,85.55,11,23,0.07523007463,0.9892754814,0.7689873418,0
NZD_JPY,2025-09-22 12:00:00,86.623,85.55,11,23,-0.1212710876,0.17811691,0.7314814815,0
AUD_CHF,2025-09-24 00:00:00,0.52059,0.51545,12,24,-0.2108495959,1.054247979,0.9026548673,1
NZD_JPY,2025-09-24 04:00:00,86.623,85.55,13,25,-0.7442499452,0.1736583205,0.8102189781,0
NZD_JPY,2025-09-24 08:00:00,86.623,85.55,13,25,-0.2906919853,0.2485627121,0.7150837989,0
NZD_JPY,2025-09-25 08:00:00,86.623,85.55,14,26,-0.5327797136,0.2555610008,0.9891304348,1
EUR_USD,2025-09-26 00:00:00,1.16578,1.16084,11,17,-0.3063312421,0.5056310863,0.9954751131,1
EUR_USD,2025-09-26 12:00:00,1.16578,1.16084,11,17,0.1472446166,0.9687145826,0.8514056225,0
AUD_CHF,2025-09-29 00:00:00,0.52059,0.51545,15,27,-0.2383953186,1.076000492,0.85,0
NZD_CAD,2025-09-29 04:00:00,0.80517,0.80489,16,22,-0.6314967619,0.4928755214,0.9733333333,1
NZD_CAD,2025-09-29 12:00:00,0.80517,0.80489,16,22,-0.1023948027,0.5443092145,0.736196319,0
NZD_CAD,2025-09-30 04:00:00,0.80517,0.80489,17,23,-0.6025204396,0.3227788069,0.8431372549,0
NZD_CAD,2025-09-30 08:00:00,0.80517,0.80489,17,23,-0.1205759698,0.8650015224,0.7401574803,0
GBP_JPY,2025-10-01 00:00:00,198.961,197.936,7,23,-0.8862187314,0.2495405375,0.7681388013,1
NZD_CAD,2025-10-01 00:00:00,0.80517,0.80489,18,24,-0.09138602638,0.6880830221,0.6872037915,0
EUR_AUD,2025-10-01 04:00:00,1.77755,1.75914,5,13,-0.1730973866,0.663539982,0.7920168067,1
GBP_AUD,2025-10-01 04:00:00,2.03587,2.034,5,13,-0.2202869611,0.5966996325,0.8008385744,1
GBP_AUD,2025-10-01 12:00:00,2.03587,2.034,5,13,-0.08875628429,1.104293305,0.8245363766,0
CHF_JPY,2025-10-01 16:00:00,184.259,182.074,14,30,-0.5297810121,0.1963667072,0.8294392523,1
GBP_AUD,2025-10-02 00:00:00,2.03587,2.034,6,14,-0.1670228242,0.5824385665,0.9138381201,0
GBP_AUD,2025-10-02 08:00:00,2.03587,2.034,6,14,-0.1747008496,0.7872322234,0.9176954733,0
EUR_AUD,2025-10-03 04:00:00,1.77755,1.75914,7,15,-0.5777961631,0.1114136099,0.880794702,0
GBP_AUD,2025-10-03 04:00:00,2.03587,2.034,7,15,-0.1018666656,0.6017240247,0.9580645161,0
GBP_AUD,2025-10-03 12:00:00,2.03587,2.034,7,15,-0.0901375615,0.2729165056,0.7967032967,0
EUR_AUD,2025-10-03 20:00:00,1.77755,1.75914,7,15,-0.3626393808,0.1965450079,0.750929368,0
EUR_CHF,2025-10-06 12:00:00,0.93118,0.9291,6,12,-0.03407403257,0.4293328104,0.8,1
EUR_CHF,2025-10-08 20:00:00,0.93118,0.9291,8,14,-0.1955868735,0.9924222843,0.9590643275,0
EUR_CHF,2025-10-09 00:00:00,0.93118,0.9291,9,15,-0.4081224488,0.6544032369,0.8206521739,0
EUR_CHF,2025-10-09 12:00:00,0.93118,0.9291,9,15,-0.7983769426,0.490231456,0.9892473118,0
EUR_CHF,2025-10-09 16:00:00,0.93118,0.9291,9,15,-0.08889904735,0.7727378731,0.6596858639,0
EUR_CHF,2025-10-10 00:00:00,0.93118,0.9291,10,16,-0.2986932963,1.038638053,0.8954545455,1
EUR_CAD,2025-10-10 16:00:00,1.62259,1.61584,10,14,-1.336359306,0.8190589295,0.7462686567,1
GBP_CAD,2025-10-10 16:00:00,1.85629,1.85353,10,14,-0.06631622498,2.634562756,0.8995983936,1
AUD_CAD,2025-10-13 00:00:00,0.90844,0.90726,11,15,-0.07035063073,1.025109191,0.9674556213,1
AUD_NZD,2025-10-13 00:00:00,1.13025,1.10809,5,24,0.05338954236,2.00388749,0.9630931459,1
EUR_CAD,2025-10-13 00:00:00,1.62259,1.61584,11,15,-0.04481593554,0.6697492589,0.9663299663,0
AUD_CHF,2025-10-13 08:00:00,0.52256,0.52022,5,10,-0.311741805,0.7706950179,0.9765625,1
EUR_CHF,2025-10-13 08:00:00,0.93118,0.9291,11,17,-0.7530207348,0.2468920442,0.8950276243,0
AUD_USD,2025-10-13 16:00:00,0.65204,0.64822,11,29,-0.6676701982,0.1488436747,0.9552238806,1
EUR_CAD,2025-10-13 16:00:00,1.62259,1.61584,11,15,-0.4426316575,0.3633161582,0.9237536657,0
AUD_CHF,2025-10-14 00:00:00,0.52256,0.52022,6,11,-0.1350820091,0.8803620596,0.8384615385,0
EUR_CAD,2025-10-14 04:00:00,1.62259,1.61584,12,16,0.03185747333,1.364561774,0.9580152672,0
AUD_CAD,2025-10-14 16:00:00,0.90844,0.90726,12,16,-0.7190660563,0.9939090823,0.9305555556,0
USD_CHF,2025-10-16 04:00:00,0.79403,0.79281,7,11,-0.3268220712,0.6405712596,0.9446808511,1
AUD_NZD,2025-10-16 08:00:00,1.13025,1.10809,8,27,-0.1341085262,1.220060495,0.9539170507,1
AUD_NZD,2025-10-16 20:00:00,1.13025,1.10809,8,27,0.12024314,0.9419045966,1,0
AUD_NZD,2025-10-17 12:00:00,1.13025,1.10809,9,28,-0.4970836405,0.7555671335,0.8076923077,0
AUD_CAD,2025-10-20 00:00:00,0.90844,0.90726,16,20,0.1524869121,1.050465395,0.9498207885,1
AUD_NZD,2025-10-20 00:00:00,1.13025,1.10809,10,29,-0.01300347751,1.225577755,0.6827956989,0
USD_CHF,2025-10-21 12:00:00,0.79403,0.79281,10,14,-0.1845786823,0.6617821048,0.7866108787,1
USD_CHF,2025-10-21 16:00:00,0.79403,0.79281,10,14,-0.04038905026,0.8167563497,0.8232758621,0
EUR_GBP,2025-10-22 00:00:00,0.86634,0.86555,6,10,-0.1344298099,1.021666555,0.86,1
AUD_CAD,2025-10-22 04:00:00,0.90844,0.90726,18,22,-0.01685426232,0.6488890993,0.806122449,0
USD_CAD,2025-10-28 20:00:00,1.39315,1.37268,14,29,0.06867576102,0.5494060882,0.6871165644,1
USD_CAD,2025-10-29 04:00:00,1.39315,1.37268,15,30,0.01804645883,0.5143240765,0.9322033898,0
USD_CAD,2025-10-29 08:00:00,1.39315,1.37268,15,30,-0.3511873137,0.6708578172,0.9956140351,0
GBP_JPY,2025-10-29 16:00:00,200.67,197.475,8,19,-0.1956234628,0.9292114484,0.7800875274,1
USD_CAD,2025-10-29 20:00:00,1.39315,1.37268,15,30,-1.518633472,0.6233197087,0.8901098901,0
NZD_USD,2025-11-03 04:00:00,0.571,0.56822,9,14,0.2024657761,0.9794965925,0.8658536585,1
CAD_JPY,2025-11-05 04:00:00,108.458,106.235,6,13,0.01945373922,1.108863136,0.8549618321,1
EUR_CAD,2025-11-05 08:00:00,1.62125,1.61732,9,18,-0.1098461393,0.3588307218,0.7619047619,1
EUR_CAD,2025-11-06 00:00:00,1.62125,1.61732,10,19,-0.4726888955,0.5156606133,0.8389057751,0
EUR_CAD,2025-11-06 04:00:00,1.62125,1.61732,10,19,0.2274122444,0.62258762,0.848,0
EUR_JPY,2025-11-06 20:00:00,176.629,174.808,6,14,-0.2329780061,0.3037850472,0.6891495601,1
CAD_JPY,2025-11-07 04:00:00,108.458,106.235,8,15,-0.4673319246,0.4060953275,0.950877193,0
EUR_JPY,2025-11-07 04:00:00,176.629,174.808,7,15,-0.2579258713,0.5576775595,0.9335106383,0
CAD_JPY,2025-11-07 12:00:00,108.458,106.235,8,15,-0.1007948204,1.780708493,0.9361702128,0
GBP_CHF,2025-11-11 16:00:00,1.05159,1.05004,4,9,0.1514103754,0.8552640123,0.8229665072,1
GBP_CHF,2025-11-12 00:00:00,1.05159,1.05004,5,10,-0.3236032315,0.2731715591,0.6960784314,0
GBP_CAD,2025-11-12 16:00:00,1.83399,1.83219,5,10,0.06154955224,1.228529063,0.8810408922,1
AUD_CHF,2025-11-13 00:00:00,0.52006,0.50775,4,19,0.1844778897,1.913958106,0.8130081301,1
USD_CHF,2025-11-13 20:00:00,0.79248,0.78727,12,19,-0.7288516619,0.1361108525,0.8040816327,1
USD_CHF,2025-11-14 00:00:00,0.79248,0.78727,13,20,-0.5891848203,0.2836815801,0.8097165992,0
USD_CHF,2025-11-14 16:00:00,0.79248,0.78727,13,20,-1.248710907,0.5757529329,0.8576449912,0
USD_CHF,2025-11-17 00:00:00,0.79248,0.78727,14,21,0.0319860194,0.8156434948,0.9032258065,0
AUD_CAD,2025-11-18 08:00:00,0.9104,0.90593,7,22,-0.3031733044,0.5668022647,0.7644787645,1
AUD_CHF,2025-11-18 16:00:00,0.52006,0.50775,7,22,-1.428048133,0.2350514008,0.946969697,1
EUR_CAD,2025-11-18 20:00:00,1.6187,1.61371,5,11,-0.3789267829,0.3182984976,0.7876712329,1
EUR_CAD,2025-11-19 00:00:00,1.6187,1.61371,6,12,-0.227271361,0.5190386487,0.9,0
GBP_CAD,2025-11-19 12:00:00,1.83424,1.83399,5,10,-0.2666573199,1.050397964,0.9146537842,1
GBP_CHF,2025-11-19 12:00:00,1.05159,1.05004,10,15,-0.2571164642,0.4200776036,0.748,1
AUD_CHF,2025-11-19 20:00:00,0.52006,0.50775,8,23,-0.151524243,0.9137371015,0.8992248062,0
AUD_USD,2025-11-19 20:00:00,0.64583,0.64401,10,26,-0.02734682262,0.9662543994,0.9237288136,1
AUD_CHF,2025-11-20 00:00:00,0.52006,0.50775,9,24,0.07639885053,1.056101757,0.7676056338,0
GBP_CAD,2025-11-20 04:00:00,1.83424,1.83399,6,11,-0.3842633822,0.1576465158,0.780141844,0
EUR_CAD,2025-11-20 08:00:00,1.6187,1.61371,7,13,-0.06987012183,0.2410519203,0.6267605634,0
GBP_CAD,2025-11-20 08:00:00,1.83424,1.83399,6,11,0.08720986957,0.7873805367,0.8240469208,0
AUD_CAD,2025-11-20 12:00:00,0.9104,0.90593,9,24,-0.7084016983,0.6010681076,0.7587064677,0
GBP_CAD,2025-11-20 12:00:00,1.83424,1.83399,6,11,-0.07000845657,1.303605743,0.9776632302,0
GBP_USD,2025-11-20 12:00:00,1.30843,1.30056,6,11,-1.304046129,0.3267408645,0.9285714286,1
EUR_CAD,2025-11-20 16:00:00,1.6187,1.61371,7,13,0.1903852615,2.072742766,0.8173333333,0
GBP_USD,2025-11-21 04:00:00,1.30843,1.30056,7,12,-0.2848216064,0.1424108032,0.66359447,0
AUD_CHF,2025-11-21 12:00:00,0.52006,0.50775,10,25,-1.012158899,0.1120011897,0.8973509934,0
AUD_CHF,2025-11-21 16:00:00,0.52006,0.50775,10,25,-0.5863218444,0.6576312579,0.785,0
GBP_USD,2025-11-21 16:00:00,1.30843,1.30056,7,12,-0.4085799786,0.4555114627,0.817232376,0
GBP_USD,2025-11-21 20:00:00,1.30843,1.30056,7,12,0.2002455106,0.5406628786,0.6432432432,0
EUR_GBP,2025-11-24 00:00:00,0.8792,0.87644,5,9,-1.012930279,0.1208609992,0.985,1
AUD_CAD,2025-11-24 04:00:00,0.9104,0.90593,11,26,-0.2936537632,0.1712980285,0.8260869565,1
AUD_USD,2025-11-24 04:00:00,0.64583,0.64401,13,29,-0.2755477991,0.1937445463,0.8134328358,0
GBP_USD,2025-11-24 04:00:00,1.30843,1.30056,8,13,0.1266725032,0.5398661444,0.7248677249,0
EUR_GBP,2025-11-24 08:00:00,0.8792,0.87644,5,9,-0.06621965071,0.9631949194,0.9606741573,0
AUD_CAD,2025-11-24 16:00:00,0.9104,0.90593,11,26,-0.5395861911,0.4524222679,0.9087452471,0
AUD_CAD,2025-11-25 00:00:00,0.9104,0.90593,12,27,-0.09882196962,0.5800419956,0.6752136752,0
AUD_USD,2025-11-25 12:00:00,0.64583,0.64401,14,30,-0.6672741567,0.1570056839,0.6801619433,1
AUD_CAD,2025-11-25 16:00:00,0.9104,0.90593,12,27,-0.8226640274,0.6784857958,0.8428571429,0
AUD_USD,2025-11-25 16:00:00,0.64583,0.64401,14,30,-1.006702946,0.615973492,0.8914141414,0
AUD_CAD,2025-11-26 00:00:00,0.9104,0.90593,13,28,0.1756930224,1.5686877,0.838790932,0
EUR_AUD,2025-11-27 12:00:00,1.77408,1.76294,5,10,-0.08560351709,0.5333757603,0.9306930693,1
EUR_AUD,2025-11-28 04:00:00,1.77408,1.76294,6,11,-0.8110982376,0.1481135912,0.7816091954,0
USD_CAD,2025-12-01 04:00:00,1.3971,1.38877,9,23,0.004497009115,0.6925394036,0.8052631579,1
USD_CAD,2025-12-01 16:00:00,1.3971,1.38877,9,23,-0.6527838301,0.4693217079,0.8855218855,0
CHF_JPY,2025-12-02 00:00:00,192.887,189.108,5,19,0.2156104731,1.170456854,0.8675373134,1
GBP_NZD,2025-12-02 08:00:00,2.30861,2.28051,12,24,-0.7262479622,0.2518885337,0.8147013783,1
EUR_GBP,2025-12-02 12:00:00,0.8792,0.87644,11,15,-0.3194455337,0.3333344699,0.6573426573,1
EUR_GBP,2025-12-02 16:00:00,0.8792,0.87644,11,15,-0.4742282902,0.3573894361,0.7333333333,0
GBP_NZD,2025-12-03 08:00:00,2.30861,2.28051,13,25,-1.511947338,0.6612577106,0.9294823706,0
GBP_NZD,2025-12-03 12:00:00,2.30861,2.28051,13,25,0.2086246428,0.9326748739,0.7195121951,0
GBP_NZD,2025-12-03 20:00:00,2.30861,2.28051,13,25,0.1457888877,0.634093837,0.9174917492,0
GBP_NZD,2025-12-04 00:00:00,2.30861,2.28051,14,26,0.1438828074,0.7248096425,0.8433420366,0
GBP_NZD,2025-12-04 08:00:00,2.30861,2.28051,14,26,-0.03910712564,0.476734484,0.6456876457,0
GBP_NZD,2025-12-05 00:00:00,2.30861,2.28051,15,27,-0.2903283329,0.5066876638,0.6520423601,0
CHF_JPY,2025-12-05 08:00:00,192.887,189.108,8,22,-1.088975909,0.2414977374,0.9850993377,1
EUR_JPY,2025-12-05 08:00:00,180.129,175.695,4,22,-0.1102172263,1.110236938,0.9700854701,1
CHF_JPY,2025-12-05 12:00:00,192.887,189.108,8,22,0.1096298204,0.6235196034,0.7120253165,0
CHF_JPY,2025-12-05 20:00:00,192.887,189.108,8,22,0.09059894165,0.4315370642,0.6941747573,0
CHF_JPY,2025-12-08 04:00:00,192.887,189.108,9,23,-0.3043263017,0.6776015312,0.8411405295,0
CHF_JPY,2025-12-09 00:00:00,192.887,189.108,10,24,-0.04576244566,0.8309496712,0.6666666667,0
USD_CHF,2025-12-11 04:00:00,0.79883,0.78781,5,19,-0.09295847142,0.5249419563,0.9416666667,1
EUR_CAD,2025-12-11 16:00:00,1.61682,1.6167,9,15,-0.3119100652,0.6577233983,0.8148148148,1
AUD_CAD,2025-12-15 00:00:00,0.91483,0.90557,5,16,-1.271921083,0.2862995796,0.890080429,1
EUR_CHF,2025-12-15 00:00:00,0.93073,0.91786,10,21,0.2290430296,2.339953113,0.96875,1
NZD_CAD,2025-12-15 00:00:00,0.79631,0.78529,5,16,0,1.470804562,0.9185667752,1
AUD_CAD,2025-12-15 08:00:00,0.91483,0.90557,5,16,-0.2341831243,0.14947859,0.7333333333,0
GBP_CAD,2025-12-15 08:00:00,1.8379,1.83241,5,17,0.1052594547,1.428521171,0.9691629956,1
AUD_CAD,2025-12-15 12:00:00,0.91483,0.90557,5,16,-0.02565917223,0.3694920801,0.6470588235,0
NZD_CAD,2025-12-15 12:00:00,0.79631,0.78529,5,16,-0.05310973143,0.5069565273,0.6744186047,0
NZD_CHF,2025-12-16 04:00:00,0.4586,0.44631,9,22,-0.006545780119,0.9295007769,0.8362573099,1
NZD_CAD,2025-12-16 08:00:00,0.79631,0.78529,6,17,-0.4876442674,0.1386439584,0.6238095238,0
NZD_CHF,2025-12-17 00:00:00,0.4586,0.44631,10,23,0.02066246404,1.101998082,0.98125,0
GBP_CAD,2025-12-17 12:00:00,1.8379,1.83241,7,19,-0.6644220688,0.5103531833,0.884057971,0
GBP_CAD,2025-12-17 16:00:00,1.8379,1.83241,7,19,0.2248930284,1.603487293,0.743030303,0
NZD_CHF,2025-12-18 08:00:00,0.4586,0.44631,11,24,-0.548584136,0.2953914579,0.96,0
GBP_CAD,2025-12-18 12:00:00,1.8379,1.83241,8,20,0.08965525625,2.562828301,0.952020202,0
CAD_CHF,2025-12-19 00:00:00,0.5748,0.5716,5,11,0.1818060453,1.216219751,0.9375,1
EUR_CHF,2025-12-19 00:00:00,0.93095,0.93073,5,14,-0.3156476938,0.4573670665,0.9836065574,1
EUR_CHF,2025-12-19 12:00:00,0.93095,0.93073,5,14,0.02782493786,0.507805116,0.6160714286,0
CAD_CHF,2025-12-22 00:00:00,0.5748,0.5716,6,12,-0.4143864325,0.771396282,0.6413793103,0
EUR_CHF,2025-12-22 00:00:00,0.93095,0.93073,6,15,-0.7211971023,0.2270435322,0.6339285714,0
EUR_CHF,2025-12-22 12:00:00,0.93095,0.93073,6,15,-0.2952368666,0.5630098385,0.9124087591,0
AUD_CAD,2025-12-22 20:00:00,0.91483,0.90557,10,21,-0.5054867228,0.1975465354,0.8402777778,1
EUR_CHF,2025-12-22 20:00:00,0.93095,0.93073,6,15,-0.4982788916,0.2666844772,0.9396551724,0
AUD_CAD,2025-12-23 00:00:00,0.91483,0.90557,11,22,-0.7124109129,0.2963629398,0.8082191781,0
CAD_CHF,2025-12-23 00:00:00,0.5748,0.5716,7,13,-0.253885508,0.4932632726,0.6058823529,0
NZD_CAD,2025-12-23 00:00:00,0.79631,0.78529,11,22,-1.211359687,0.6950424431,0.9253012048,1
NZD_CHF,2025-12-23 00:00:00,0.4586,0.44631,14,27,-0.8246840896,0.3578817747,0.8216216216,1
CAD_CHF,2025-12-23 12:00:00,0.5748,0.5716,7,13,-0.4389102067,1.064896895,0.9631336406,0
CAD_CHF,2025-12-24 00:00:00,0.5748,0.5716,8,14,-0.8076908515,0.1000678931,0.6105769231,0
CAD_CHF,2025-12-24 12:00:00,0.5748,0.5716,8,14,0.03722350464,1.072036934,1,1
CAD_CHF,2025-12-26 00:00:00,0.5748,0.5716,9,15,-0.5972646104,0.9679805755,0.7755102041,0
NZD_CHF,2025-12-26 00:00:00,0.4586,0.44631,16,29,-0.2317229143,0.969803308,0.6896551724,0
CAD_CHF,2025-12-30 00:00:00,0.5748,0.5716,11,17,-0.02610497301,1.148618813,0.9473684211,0
EUR_CHF,2025-12-31 16:00:00,0.93095,0.93073,12,21,-0.7999721538,0.1652835028,0.7724867725,1
