{
  "ending_equity": 25000.46686093538,
  "full_data_annualised_roi_pct": 19.06451619779832,
  "full_data_max_dd_pct": 1.2627584204397586,
  "full_data_roi_pct": 150.00466860935379,
  "full_data_worst_day_dd_pct": 1.00568397012686,
  "n_trades": 236
}
