trade_id,pair,signal_bar_time,native_prob,onnx_prob,abs_diff,native_admit,onnx_admit
1,EUR_AUD,2020-10-08 00:00:00,0.005218198199,0.005218207836,9.637065903e-09,0,0
2,GBP_AUD,2020-10-08 00:00:00,0.006977131917,0.006977200508,6.85914537e-08,0,0
3,AUD_JPY,2020-10-08 04:00:00,0.03654878508,0.03654879332,8.231435179e-09,0,0
4,CAD_CHF,2020-10-08 08:00:00,0.01029846604,0.01204890013,0.001750434084,0,0
5,CAD_JPY,2020-10-08 08:00:00,0.09126406847,0.1010131836,0.009749115123,0,0
6,GBP_JPY,2020-10-08 08:00:00,0.07376089681,0.08201110363,0.008250206818,0,0
7,USD_CHF,2020-10-08 08:00:00,0.003439588471,0.004483401775,0.001043813305,0,0
8,AUD_CHF,2020-10-09 00:00:00,0.1135564426,0.1135564446,1.995250742e-09,0,0
9,CHF_JPY,2020-10-09 08:00:00,0.0191691855,0.02227681875,0.003107633257,0,0
10,EUR_JPY,2020-10-09 08:00:00,0.03394885782,0.03314602375,0.0008028340703,0,0
11,NZD_CAD,2020-10-09 12:00:00,0.00699231879,0.006992340088,2.129834894e-08,0,0
12,GBP_CHF,2020-10-12 04:00:00,0.001490347894,0.001490414143,6.624902431e-08,0,0
13,GBP_USD,2020-10-12 04:00:00,0.009060502393,0.009060502052,3.407581751e-10,0,0
14,EUR_NZD,2020-10-12 08:00:00,0.02151594206,0.02048736811,0.001028573957,0,0
15,GBP_NZD,2020-10-13 00:00:00,0.02388517491,0.02388513088,4.402305439e-08,0,0
16,USD_CAD,2020-10-13 00:00:00,0.01617781204,0.01617783308,2.104474692e-08,0,0
17,NZD_JPY,2020-10-14 00:00:00,0.002961318461,0.002961277962,4.049971481e-08,0,0
18,NZD_USD,2020-10-14 00:00:00,0.03809676576,0.03809678555,1.978602862e-08,0,0
19,EUR_GBP,2020-10-14 04:00:00,0.03264523475,0.03264528513,5.038348024e-08,0,0
20,EUR_AUD,2020-10-15 00:00:00,0.04436543321,0.04436552525,9.20401281e-08,0,0
21,GBP_AUD,2020-10-15 00:00:00,0.005408979292,0.005409002304,2.301192102e-08,0,0
22,GBP_JPY,2020-10-15 00:00:00,0.0006121707961,0.0006121397018,3.109424108e-08,0,0
23,USD_CHF,2020-10-15 08:00:00,0.008723197106,0.008723139763,5.734282699e-08,0,0
24,GBP_CAD,2020-10-16 08:00:00,0.0527225433,0.07162624598,0.01890370267,0,0
25,GBP_CHF,2020-10-16 08:00:00,0.001017390818,0.001046419144,2.902832548e-05,0,0
26,GBP_NZD,2020-10-16 08:00:00,0.01350324409,0.01405745745,0.0005542133589,0,0
27,EUR_JPY,2020-10-16 12:00:00,0.03128980092,0.0312898159,1.498542794e-08,0,0
28,USD_JPY,2020-10-16 12:00:00,0.002064323511,0.002064347267,2.375592452e-08,0,0
29,NZD_CHF,2020-10-16 16:00:00,0.006435274957,0.006435334682,5.972567917e-08,0,0
30,AUD_JPY,2020-10-19 00:00:00,0.01051473444,0.01051467657,5.786424401e-08,0,0
31,AUD_USD,2020-10-19 00:00:00,0.001758734579,0.001758694649,3.993070125e-08,0,0
32,CAD_JPY,2020-10-19 00:00:00,0.003031935262,0.003031909466,2.579580794e-08,0,0
33,GBP_USD,2020-10-19 00:00:00,0.9527958408,0.9527958632,2.232015828e-08,1,1
34,NZD_JPY,2020-10-19 08:00:00,0.001887661429,0.002413868904,0.0005262074753,0,0
35,NZD_USD,2020-10-19 08:00:00,0.0474454717,0.05641877651,0.008973304817,0,0
36,EUR_CAD,2020-10-19 20:00:00,0.01140498772,0.01140505075,6.30368965e-08,0,0
37,CHF_JPY,2020-10-20 00:00:00,0.02349618632,0.02349621058,2.425338661e-08,0,0
38,EUR_GBP,2020-10-20 04:00:00,0.07629034262,0.07629036903,2.641230187e-08,0,0
39,GBP_JPY,2020-10-20 08:00:00,0.0009261595277,0.001426458359,0.0005002988311,0,0
40,EUR_USD,2020-10-21 04:00:00,0.03132833414,0.03132838011,4.596953149e-08,0,0
41,CAD_CHF,2020-10-22 08:00:00,0.0280473123,0.02839142084,0.0003441085444,0,0
42,AUD_CHF,2020-10-22 16:00:00,0.05006191696,0.05006200075,8.379642916e-08,0,0
43,AUD_JPY,2020-10-22 16:00:00,0.02703890301,0.02703899145,8.844567982e-08,0,0
44,NZD_USD,2020-10-22 16:00:00,0.02672358344,0.02672362328,3.983223206e-08,0,0
45,AUD_CAD,2020-10-23 00:00:00,0.04934241386,0.04934245348,3.962287092e-08,0,0
46,USD_CAD,2020-10-23 00:00:00,0.02828889513,0.02828890085,5.723065886e-09,0,0
47,USD_CHF,2020-10-23 00:00:00,0.1664754503,0.1664754152,3.503877288e-08,0,0
48,CHF_JPY,2020-10-23 08:00:00,0.001424922599,0.00149255991,6.763731082e-05,0,0
49,USD_JPY,2020-10-26 00:00:00,0.0002024411749,0.0002024769783,3.580343563e-08,0,0
50,NZD_CHF,2020-10-26 08:00:00,0.9724694931,0.9732065201,0.000737026982,1,1
51,AUD_USD,2020-10-27 04:00:00,0.0007410793573,0.0007410645485,1.480885168e-08,0,0
52,EUR_GBP,2020-10-28 08:00:00,0.06354938468,0.0841165185,0.02056713382,0,0
53,GBP_CAD,2020-10-28 16:00:00,0.01549646147,0.01549649239,3.091569902e-08,0,0
54,GBP_CHF,2020-10-29 00:00:00,0.009173082954,0.009173095226,1.227214198e-08,0,0
55,GBP_NZD,2020-10-29 04:00:00,0.0005332484116,0.0005332827568,3.43451565e-08,0,0
56,NZD_USD,2020-10-30 00:00:00,0.00541078839,0.005410790443,2.053762304e-09,0,0
57,EUR_NZD,2020-10-30 04:00:00,0.002485987115,0.002485990524,3.409393013e-09,0,0
58,EUR_JPY,2020-10-30 12:00:00,0.9745816626,0.9745817184,5.588011942e-08,1,1
59,NZD_JPY,2020-10-30 12:00:00,0.001266675062,0.001266658306,1.675600041e-08,0,0
60,USD_JPY,2020-10-30 12:00:00,0.008497650549,0.008497595787,5.476192306e-08,0,0
61,AUD_CHF,2020-11-02 08:00:00,0.9833765174,0.9847989678,0.001422450428,1,1
62,CAD_CHF,2020-11-02 08:00:00,0.1289500397,0.1599411368,0.0309910971,0,0
63,CAD_JPY,2020-11-02 08:00:00,0.1741481173,0.235085845,0.06093772769,0,0
64,CHF_JPY,2020-11-02 08:00:00,0.98047282,0.9849632382,0.004490418228,1,1
65,AUD_NZD,2020-11-04 12:00:00,0.0006251356111,0.0006250739098,6.170134962e-08,0,0
66,AUD_USD,2020-11-04 12:00:00,0.9712901504,0.9712901115,3.885399791e-08,1,1
67,AUD_CAD,2020-11-05 08:00:00,0.9634044233,0.962315619,0.001088804321,1,1
68,EUR_CAD,2020-11-05 08:00:00,0.007441478954,0.007209539413,0.000231939541,0,0
69,EUR_CHF,2020-11-05 08:00:00,0.1068571357,0.1219228506,0.01506571496,0,0
70,GBP_JPY,2020-11-05 08:00:00,0.9749121723,0.9749690294,5.685714544e-05,1,1
71,GBP_NZD,2020-11-05 20:00:00,0.003188678499,0.003188669682,8.816960536e-09,0,0
72,EUR_GBP,2020-11-06 08:00:00,0.007927371202,0.009347915649,0.001420544448,0,0
73,EUR_USD,2020-11-06 08:00:00,0.02704056755,0.03984284401,0.01280227646,0,0
74,NZD_USD,2020-11-09 00:00:00,0.971120084,0.9711200595,2.446566261e-08,1,1
75,AUD_JPY,2020-11-09 12:00:00,0.06309850841,0.06309854984,4.142927086e-08,0,0
76,USD_CHF,2020-11-11 08:00:00,0.003745512228,0.00573182106,0.001986308833,0,0
77,USD_JPY,2020-11-11 08:00:00,0.03670437094,0.04843312502,0.01172875408,0,0
78,EUR_CAD,2020-11-12 04:00:00,0.9805954259,0.9805954695,4.359532546e-08,1,1
79,USD_CAD,2020-11-12 04:00:00,0.09241812802,0.092418015,1.130204228e-07,0,0
80,AUD_NZD,2020-11-13 00:00:00,0.01327631526,0.01327627897,3.628712206e-08,0,0
81,GBP_CAD,2020-11-13 00:00:00,0.003813998454,0.003814041615,4.316005916e-08,0,0
82,EUR_USD,2020-11-13 20:00:00,0.9683036542,0.9683036208,3.338102239e-08,1,1
83,NZD_CAD,2020-11-16 00:00:00,0.9697871855,0.96978724,5.450072182e-08,1,1
84,NZD_JPY,2020-11-16 20:00:00,0.03428983022,0.03428977728,5.293831429e-08,0,0
85,EUR_AUD,2020-11-17 00:00:00,0.01796041488,0.0179604888,7.391341887e-08,0,0
86,EUR_NZD,2020-11-17 08:00:00,0.002223701067,0.002188146114,3.555495217e-05,0,0
87,GBP_NZD,2020-11-17 08:00:00,0.01055728591,0.01177036762,0.001213081715,0,0
88,AUD_JPY,2020-11-18 08:00:00,0.0004214669151,0.0009738206863,0.0005523537712,0,0
89,GBP_AUD,2020-11-19 08:00:00,0.1133656501,0.12419945,0.0108337999,0,0
90,NZD_JPY,2020-11-20 12:00:00,0.9747481429,0.9747481942,5.133368364e-08,1,1
91,USD_JPY,2020-11-23 08:00:00,0.01179904759,0.01372826099,0.001929213406,0,0
92,EUR_NZD,2020-11-23 16:00:00,0.005473400063,0.005473434925,3.486257232e-08,0,0
93,AUD_JPY,2020-11-24 16:00:00,0.9718348202,0.9718348384,1.820082152e-08,1,1
94,AUD_NZD,2020-11-24 16:00:00,0.003606583016,0.003606617451,3.443488084e-08,0,0
95,EUR_GBP,2020-11-25 00:00:00,0.08746035908,0.08746027946,7.961502579e-08,0,0
96,USD_CHF,2020-11-25 08:00:00,0.01955721725,0.02114355564,0.001586338391,0,0
97,USD_CAD,2020-11-27 00:00:00,0.02686137017,0.02686142921,5.904769585e-08,0,0
98,EUR_NZD,2020-11-30 04:00:00,0.04726483277,0.04726487398,4.120964837e-08,0,0
99,AUD_NZD,2020-12-03 04:00:00,0.9190145551,0.9190145731,1.802827831e-08,1,1
100,USD_CAD,2020-12-03 08:00:00,0.004847517129,0.005502641201,0.0006551240716,0,0
101,USD_CHF,2020-12-04 08:00:00,0.01669605497,0.01970440149,0.003008346518,0,0
102,GBP_NZD,2020-12-07 16:00:00,0.02574695431,0.02574694157,1.274543676e-08,0,0
103,EUR_AUD,2020-12-14 00:00:00,0.02561185135,0.02561193705,8.569236746e-08,0,0
104,GBP_CAD,2020-12-14 08:00:00,0.04768004924,0.06291645765,0.01523640841,0,0
105,GBP_USD,2020-12-14 08:00:00,0.04179082692,0.04913520813,0.007344381207,0,0
106,GBP_AUD,2020-12-15 00:00:00,0.1865119819,0.186512053,7.108939223e-08,0,0
107,GBP_NZD,2020-12-15 00:00:00,0.1391424676,0.1391424537,1.391517079e-08,0,0
108,USD_CAD,2020-12-16 04:00:00,0.1095070934,0.1095070839,9.462292089e-09,0,0
109,GBP_CHF,2020-12-16 08:00:00,0.01352901473,0.01347851753,5.049719645e-05,0,0
110,USD_CHF,2020-12-16 16:00:00,0.006302478383,0.006302416325,6.205793105e-08,0,0
111,USD_JPY,2020-12-21 08:00:00,0.0007060972804,0.000706076622,2.065835856e-08,0,0
112,GBP_CHF,2020-12-21 16:00:00,0.9854708827,0.985470891,8.255221173e-09,1,1
113,GBP_CAD,2020-12-21 20:00:00,0.9756897398,0.9756897688,2.894136364e-08,1,1
114,GBP_USD,2020-12-23 00:00:00,0.9851381861,0.9851381779,8.267368456e-09,1,1
115,NZD_CHF,2020-12-29 00:00:00,0.9613720918,0.9613720775,1.431042029e-08,1,1
116,CAD_CHF,2020-12-30 08:00:00,0.9688635748,0.9686597586,0.0002038162463,1,1
117,AUD_CHF,2020-12-31 00:00:00,0.03991034078,0.03991043568,9.489227717e-08,0,0
118,USD_JPY,2020-12-31 16:00:00,0.004847337437,0.004847407341,6.990387815e-08,0,0
119,GBP_JPY,2021-01-05 16:00:00,0.9661828587,0.9661829472,8.847482746e-08,1,1
120,EUR_CHF,2021-01-06 08:00:00,0.006431992494,0.00732511282,0.0008931203253,0,0
121,CHF_JPY,2021-01-07 00:00:00,0.0615341002,0.06153410673,6.528460897e-09,0,0
122,EUR_JPY,2021-01-07 00:00:00,0.01216811691,0.01216810942,7.494830244e-09,0,0
123,USD_JPY,2021-01-07 04:00:00,0.9627695282,0.9627695084,1.984358855e-08,1,1
124,USD_CHF,2021-01-08 00:00:00,0.9619078406,0.9619078636,2.29694912e-08,1,1
125,AUD_CHF,2021-01-08 04:00:00,0.03482219937,0.03482210636,9.301156055e-08,0,0
126,AUD_CAD,2021-01-08 08:00:00,0.00082227827,0.0009038448334,8.156656337e-05,0,0
127,GBP_NZD,2021-01-08 08:00:00,0.9892155923,0.9915681481,0.002352555865,1,1
128,GBP_AUD,2021-01-08 16:00:00,0.9853099166,0.9853098989,1.776829583e-08,1,1
129,NZD_USD,2021-01-12 08:00:00,0.002504579672,0.003165662289,0.0006610826171,0,0
130,CAD_JPY,2021-01-13 08:00:00,0.01996175729,0.0274643898,0.007502632511,0,0
131,NZD_CAD,2021-01-15 08:00:00,0.006421727035,0.01063150167,0.00420977464,0,0
132,AUD_CAD,2021-01-18 00:00:00,0.005271178961,0.005271136761,4.22005986e-08,0,0
133,EUR_CAD,2021-01-18 00:00:00,0.00894487476,0.008944988251,1.134905614e-07,0,0
134,EUR_NZD,2021-01-18 00:00:00,0.0009944975756,0.0009945034981,5.922483387e-09,0,0
135,USD_CAD,2021-01-18 00:00:00,0.03342811293,0.03342807293,4.000549764e-08,0,0
136,NZD_USD,2021-01-19 00:00:00,0.9896267944,0.9896267653,2.91033122e-08,1,1
137,EUR_JPY,2021-01-20 00:00:00,0.07061009758,0.07061010599,8.406837282e-09,0,0
138,EUR_USD,2021-01-20 00:00:00,0.2271502724,0.2271502018,7.056383952e-08,0,0
139,CAD_JPY,2021-01-20 08:00:00,0.1765429421,0.2139701247,0.0374271826,0,0
140,NZD_JPY,2021-01-20 08:00:00,0.9913878415,0.9938247204,0.002436878915,1,1
141,AUD_CHF,2021-01-21 00:00:00,0.001119774526,0.001119792461,1.793508598e-08,0,0
142,AUD_USD,2021-01-21 00:00:00,0.01386152388,0.01386147738,4.650867064e-08,0,0
143,CHF_JPY,2021-01-21 00:00:00,0.07587253742,0.07587265968,1.22260181e-07,0,0
144,NZD_CAD,2021-01-21 00:00:00,0.9584185786,0.9584185481,3.053627462e-08,1,1
145,EUR_CHF,2021-01-22 00:00:00,0.9536556611,0.9536557794,1.183094153e-07,1,1
146,USD_CAD,2021-01-22 00:00:00,0.08599834598,0.08599829674,4.924106395e-08,0,0
147,EUR_CAD,2021-01-28 04:00:00,0.04673242359,0.04673242569,2.102780707e-09,0,0
148,EUR_GBP,2021-01-28 08:00:00,0.000405240865,0.0004715919495,6.635108448e-05,0,0
149,EUR_USD,2021-01-28 08:00:00,0.01566138993,0.01739704609,0.001735656156,0,0
150,CAD_JPY,2021-01-29 08:00:00,0.984319644,0.9848821759,0.000562531917,1,1
151,EUR_JPY,2021-01-29 08:00:00,0.002369147401,0.002796769142,0.0004276217408,0,0
152,AUD_CHF,2021-01-29 12:00:00,0.187546454,0.1875465512,9.723539027e-08,0,0
153,AUD_NZD,2021-02-01 16:00:00,0.00751590034,0.007515847683,5.265671483e-08,0,0
154,EUR_AUD,2021-02-02 04:00:00,0.0004528054678,0.0004528164864,1.101855685e-08,0,0
155,EUR_JPY,2021-02-03 20:00:00,0.9739878801,0.9739878774,2.72944245e-09,1,1
156,AUD_CAD,2021-02-04 00:00:00,0.9806668938,0.9806668758,1.795145921e-08,1,1
157,AUD_JPY,2021-02-04 00:00:00,0.9667973148,0.9667974114,9.668518985e-08,1,1
158,AUD_USD,2021-02-04 00:00:00,0.1272436618,0.1272436976,3.583745165e-08,0,0
159,EUR_GBP,2021-02-04 04:00:00,0.000328576347,0.000328540802,3.554500233e-08,0,0
160,EUR_NZD,2021-02-05 00:00:00,0.1918511055,0.1918511987,9.316768537e-08,0,0
161,AUD_CHF,2021-02-09 00:00:00,0.01251413865,0.01251417398,3.533604093e-08,0,0
162,EUR_USD,2021-02-09 00:00:00,0.06447667259,0.06447672844,5.585356215e-08,0,0
163,EUR_AUD,2021-02-09 08:00:00,0.03239912085,0.03423053026,0.001831409413,0,0
164,AUD_USD,2021-02-09 20:00:00,0.9831355665,0.9831355214,4.512369967e-08,1,1
165,AUD_NZD,2021-02-17 00:00:00,0.02433422325,0.02433419228,3.096937604e-08,0,0
166,AUD_CHF,2021-02-17 16:00:00,0.01573161519,0.01573169231,7.712809511e-08,0,0
167,GBP_USD,2021-02-24 00:00:00,0.01692430642,0.01692438126,7.483887472e-08,0,0
168,NZD_CHF,2021-02-24 08:00:00,0.01398751251,0.01548445225,0.001496939736,0,0
169,EUR_GBP,2021-02-25 08:00:00,0.09081768795,0.123580873,0.03276318507,0,0
170,EUR_NZD,2021-02-26 08:00:00,0.08165552441,0.1193236113,0.03766808684,0,0
171,EUR_CAD,2021-02-26 16:00:00,0.008777377549,0.00877737999,2.440945911e-09,0,0
172,GBP_CAD,2021-03-01 00:00:00,0.004096820823,0.004096806049,1.477390654e-08,0,0
173,GBP_CHF,2021-03-01 00:00:00,0.0396573496,0.03965729475,5.484680991e-08,0,0
174,EUR_AUD,2021-03-02 00:00:00,0.004235571742,0.004235625267,5.352539777e-08,0,0
175,EUR_USD,2021-03-03 08:00:00,0.001138142447,0.001259505749,0.0001213633016,0,0
176,GBP_USD,2021-03-03 08:00:00,0.0008865669346,0.001017987728,0.0001314207935,0,0
177,NZD_CHF,2021-03-03 08:00:00,0.005683281009,0.008130192757,0.002446911748,0,0
178,AUD_NZD,2021-03-03 16:00:00,0.03886773848,0.03886771202,2.646339901e-08,0,0
179,CHF_JPY,2021-03-08 00:00:00,0.9762679285,0.9762679935,6.494669547e-08,1,1
180,GBP_JPY,2021-03-08 00:00:00,0.008949021275,0.008949041367,2.009134712e-08,0,0
181,GBP_AUD,2021-03-08 08:00:00,0.025167368,0.02831321955,0.003145851551,0,0
182,NZD_CHF,2021-03-08 16:00:00,0.004158801122,0.00415879488,6.242260114e-09,0,0
183,GBP_NZD,2021-03-09 00:00:00,0.0008546113057,0.0008546113968,9.107876183e-11,0,0
184,USD_JPY,2021-03-09 00:00:00,0.02467048281,0.02467054129,5.847540695e-08,0,0
185,AUD_CAD,2021-03-09 16:00:00,0.01095424881,0.01095426083,1.20112212e-08,0,0
186,NZD_CAD,2021-03-09 16:00:00,0.001201763424,0.001201748848,1.457615536e-08,0,0
187,AUD_USD,2021-03-09 20:00:00,0.02032322633,0.02032321692,9.416469434e-09,0,0
188,USD_CAD,2021-03-10 00:00:00,0.1507300234,0.1507300138,9.523027006e-09,0,0
189,CAD_CHF,2021-03-10 08:00:00,0.004167561445,0.005927741528,0.001760180083,0,0
190,GBP_USD,2021-03-11 04:00:00,0.1056628486,0.1056628227,2.587480244e-08,0,0
191,EUR_CAD,2021-03-11 08:00:00,0.003127629965,0.003493487835,0.0003658578695,0,0
192,EUR_AUD,2021-03-15 00:00:00,0.01491811108,0.01491808891,2.216611233e-08,0,0
193,EUR_GBP,2021-03-15 16:00:00,0.01708614479,0.01708608866,5.613562561e-08,0,0
194,USD_JPY,2021-03-16 00:00:00,0.008376874387,0.008376896381,2.199412576e-08,0,0
195,EUR_USD,2021-03-16 04:00:00,0.01905420896,0.01905423403,2.506907478e-08,0,0
196,GBP_NZD,2021-03-17 04:00:00,0.0119667823,0.01196682453,4.223131237e-08,0,0
197,GBP_AUD,2021-03-17 08:00:00,0.0314521561,0.03880149126,0.007349335163,0,0
198,GBP_USD,2021-03-17 08:00:00,0.05894222741,0.05782479048,0.001117436935,0,0
199,USD_CAD,2021-03-17 08:00:00,0.007059317464,0.007828831673,0.0007695142089,0,0
200,NZD_CAD,2021-03-17 20:00:00,0.05877438308,0.05877441168,2.860095015e-08,0,0
201,EUR_AUD,2021-03-22 00:00:00,0.9808310953,0.9808310866,8.63858407e-09,1,1
202,EUR_GBP,2021-03-22 00:00:00,0.04060973519,0.04060965776,7.742703096e-08,0,0
203,NZD_USD,2021-03-22 08:00:00,0.008704653701,0.008890032768,0.0001853790673,0,0
204,GBP_NZD,2021-03-22 20:00:00,0.0363953163,0.03639537096,5.466028511e-08,0,0
205,USD_JPY,2021-03-22 20:00:00,0.01663107297,0.0166310668,6.171255552e-09,0,0
206,USD_CAD,2021-03-23 00:00:00,0.07613164274,0.07613170147,5.873076134e-08,0,0
207,USD_CHF,2021-03-23 00:00:00,0.05035470594,0.05035471916,1.321938981e-08,0,0
208,EUR_CHF,2021-03-23 08:00:00,0.02153917083,0.02313643694,0.00159726611,0,0
209,EUR_CAD,2021-03-24 04:00:00,0.0009007376743,0.0009007453918,7.717511961e-09,0,0
210,GBP_AUD,2021-03-24 20:00:00,0.02442015999,0.02442020178,4.178833569e-08,0,0
211,GBP_JPY,2021-03-25 04:00:00,0.9955776343,0.995577693,5.863579633e-08,1,1
212,AUD_CAD,2021-03-26 00:00:00,0.003913569657,0.003913640976,7.131936249e-08,0,0
213,AUD_USD,2021-03-26 00:00:00,0.01713159435,0.017131567,2.734922706e-08,0,0
214,NZD_JPY,2021-03-26 00:00:00,0.968748493,0.9687484503,4.273137855e-08,1,1
215,EUR_USD,2021-03-26 08:00:00,0.04431556091,0.05078774691,0.006472185992,0,0
216,GBP_USD,2021-03-30 04:00:00,0.1119710272,0.1119709611,6.606542502e-08,0,0
217,NZD_CAD,2021-03-30 04:00:00,0.01375735583,0.01375734806,7.768517597e-09,0,0
218,NZD_USD,2021-03-30 04:00:00,0.01954902738,0.01954901218,1.519460432e-08,0,0
219,GBP_CAD,2021-03-31 08:00:00,0.04965279683,0.05012619495,0.0004733981215,0,0
220,CAD_JPY,2021-03-31 12:00:00,0.01654663677,0.01654666662,2.984903295e-08,0,0
221,EUR_GBP,2021-04-02 08:00:00,0.0125399679,0.01430308819,0.001763120292,0,0
222,EUR_USD,2021-04-05 00:00:00,0.9663975448,0.9663975239,2.096090812e-08,1,1
223,NZD_CAD,2021-04-05 04:00:00,0.9715130577,0.9715130329,2.481253303e-08,1,1
224,AUD_JPY,2021-04-05 08:00:00,0.03629619215,0.04545277357,0.009156581426,0,0
225,AUD_CAD,2021-04-05 16:00:00,0.03759649083,0.03759652376,3.293327165e-08,0,0
226,EUR_CAD,2021-04-07 04:00:00,0.03038996049,0.03039002419,6.369750977e-08,0,0
227,AUD_USD,2021-04-08 04:00:00,0.05922164954,0.05922180414,1.546058557e-07,0,0
228,NZD_USD,2021-04-08 04:00:00,0.9493492,0.949349165,3.504898771e-08,1,1
229,EUR_GBP,2021-04-08 16:00:00,0.008048544706,0.008048534393,1.031227809e-08,0,0
230,GBP_USD,2021-04-09 00:00:00,0.05448321685,0.05448317528,4.157222692e-08,0,0
231,CAD_JPY,2021-04-09 08:00:00,0.0001442614084,0.0001884102821,4.414887375e-05,0,0
232,EUR_CHF,2021-04-12 00:00:00,0.003216355616,0.003216385841,3.022552494e-08,0,0
233,AUD_CAD,2021-04-12 08:00:00,0.04690579745,0.05382496119,0.006919163739,0,0
234,EUR_JPY,2021-04-12 16:00:00,0.05297040579,0.05297034979,5.599927683e-08,0,0
235,GBP_CAD,2021-04-13 08:00:00,0.07190135158,0.08282274008,0.0109213885,0,0
236,GBP_NZD,2021-04-19 00:00:00,0.0003494879524,0.000349521637,3.368457284e-08,0,0
237,AUD_JPY,2021-04-20 00:00:00,0.02626803485,0.02626806498,3.01210519e-08,0,0
238,USD_CHF,2021-04-20 12:00:00,0.003915339738,0.003915309906,2.983187561e-08,0,0
239,EUR_GBP,2021-04-21 04:00:00,0.01856830943,0.01856827736,3.207584333e-08,0,0
240,EUR_CHF,2021-04-21 08:00:00,0.02100338951,0.02639758587,0.005394196354,0,0
241,USD_JPY,2021-04-21 08:00:00,0.01053286422,0.01035326719,0.0001795970292,0,0
242,CAD_CHF,2021-04-21 16:00:00,0.008791280732,0.008791327477,4.674489235e-08,0,0
243,GBP_CAD,2021-04-22 00:00:00,0.0006239660534,0.0006238818169,8.423657809e-08,0,0
244,EUR_JPY,2021-04-23 16:00:00,0.9758870278,0.9758870602,3.231911949e-08,1,1
245,AUD_CHF,2021-04-26 00:00:00,0.05084622989,0.05084627867,4.878076543e-08,0,0
246,NZD_CHF,2021-04-26 00:00:00,0.02885892521,0.02885890007,2.514164512e-08,0,0
247,GBP_CHF,2021-04-26 08:00:00,0.01072040077,0.01111912727,0.000398726504,0,0
248,GBP_NZD,2021-04-28 00:00:00,0.001787774791,0.001787781715,6.924230245e-09,0,0
249,EUR_NZD,2021-04-29 04:00:00,0.001679930142,0.001679956913,2.677061383e-08,0,0
250,AUD_JPY,2021-04-30 00:00:00,0.03059355027,0.03059351444,3.582327103e-08,0,0
251,CAD_JPY,2021-04-30 00:00:00,0.9691064304,0.9691063762,5.42094255e-08,1,1
252,USD_JPY,2021-04-30 12:00:00,0.09358460958,0.09358459711,1.246490358e-08,0,0
253,AUD_NZD,2021-05-03 08:00:00,0.02419968414,0.02487325668,0.0006735725451,0,0
254,GBP_AUD,2021-05-03 08:00:00,0.06129472149,0.07605433464,0.01475961315,0,0
255,GBP_NZD,2021-05-03 08:00:00,0.0002115704783,0.0002730488777,6.147839946e-05,0,0
256,USD_CAD,2021-05-04 00:00:00,0.01106000212,0.01106005907,5.695040097e-08,0,0
257,USD_CHF,2021-05-04 00:00:00,0.002181344776,0.00218129158,5.319597867e-08,0,0
258,AUD_CAD,2021-05-05 00:00:00,0.00332030764,0.003320336342,2.870223642e-08,0,0
259,CHF_JPY,2021-05-05 00:00:00,0.9729670411,0.9729670882,4.70807221e-08,1,1
260,GBP_CHF,2021-05-05 00:00:00,0.0001832760521,0.0001832842827,8.230564963e-09,0,0
261,NZD_CAD,2021-05-05 00:00:00,0.01148497612,0.01148504019,6.407274563e-08,0,0
262,EUR_CHF,2021-05-05 08:00:00,0.00562862438,0.006483793259,0.0008551688789,0,0
263,NZD_CHF,2021-05-05 08:00:00,0.01169450743,0.01418781281,0.002493305378,0,0
264,EUR_NZD,2021-05-07 08:00:00,0.1399401029,0.1980377436,0.0580976407,0,0
265,AUD_JPY,2021-05-10 00:00:00,0.06509627644,0.06509625912,1.731883141e-08,0,0
266,GBP_AUD,2021-05-10 00:00:00,0.9764863437,0.9764862657,7.805956237e-08,1,1
267,GBP_NZD,2021-05-10 00:00:00,0.9948406826,0.9948406816,1.076158496e-09,1,1
268,AUD_CAD,2021-05-10 08:00:00,0.002351996481,0.00252622366,0.0001742271784,0,0
269,AUD_CHF,2021-05-10 08:00:00,0.009702323905,0.01047277451,0.0007704506005,0,0
270,GBP_CAD,2021-05-10 08:00:00,0.04420030289,0.04797977209,0.003779469199,0,0
271,GBP_USD,2021-05-10 08:00:00,0.01809156255,0.01969671249,0.001605149948,0,0
272,GBP_CHF,2021-05-11 08:00:00,0.05158977468,0.07393991947,0.02235014479,0,0
273,USD_CHF,2021-05-11 16:00:00,0.002111386459,0.002111375332,1.112750092e-08,0,0
274,USD_CAD,2021-05-12 00:00:00,0.002396566862,0.002396523952,4.29100135e-08,0,0
275,AUD_NZD,2021-05-12 08:00:00,0.02872619346,0.02872622013,2.667251574e-08,0,0
276,EUR_CHF,2021-05-13 00:00:00,0.08170158134,0.08170163631,5.497122821e-08,0,0
277,EUR_GBP,2021-05-13 08:00:00,0.05527253181,0.06025111675,0.004978584942,0,0
278,GBP_USD,2021-05-14 08:00:00,0.007913717772,0.008062720299,0.0001490025266,0,0
279,GBP_CHF,2021-05-17 08:00:00,0.01060317283,0.01287525892,0.002272086091,0,0
280,NZD_CAD,2021-05-18 04:00:00,0.01786448393,0.01786446571,1.821574491e-08,0,0
281,AUD_NZD,2021-05-18 20:00:00,0.05135491761,0.05135500431,8.669649572e-08,0,0
282,USD_CAD,2021-05-19 00:00:00,0.001262909379,0.001262843609,6.576992316e-08,0,0
283,EUR_CHF,2021-05-20 00:00:00,0.005198983494,0.005198955536,2.795833303e-08,0,0
284,AUD_CAD,2021-05-20 04:00:00,0.0004570625215,0.0004570484161,1.410535264e-08,0,0
285,AUD_JPY,2021-05-20 04:00:00,0.01288773021,0.0128877759,4.56894064e-08,0,0
286,EUR_CAD,2021-05-20 08:00:00,0.03663038612,0.03663045168,6.55602071e-08,0,0
287,GBP_JPY,2021-05-20 16:00:00,0.02032606119,0.02032607794,1.674842579e-08,0,0
288,EUR_AUD,2021-05-24 00:00:00,0.01673289118,0.01673287153,1.964417629e-08,0,0
289,NZD_CAD,2021-05-24 08:00:00,0.01122935908,0.01266008615,0.001430727077,0,0
290,USD_CHF,2021-05-24 08:00:00,0.00189519212,0.002375781536,0.0004805894156,0,0
291,AUD_CHF,2021-05-27 08:00:00,0.005552851992,0.006261467934,0.000708615942,0,0
292,EUR_CHF,2021-05-27 08:00:00,0.06461824084,0.07710623741,0.01248799657,0,0
293,AUD_CAD,2021-05-28 00:00:00,0.004665796208,0.004665791988,4.21938065e-09,0,0
294,AUD_JPY,2021-05-28 00:00:00,0.01056581883,0.01056581736,1.470676995e-09,0,0
295,USD_JPY,2021-05-28 00:00:00,0.002296785205,0.002296745777,3.942756369e-08,0,0
296,AUD_NZD,2021-05-31 00:00:00,0.06055332025,0.06055343151,1.112643705e-07,0,0
297,NZD_CHF,2021-05-31 08:00:00,0.00139314071,0.001673161983,0.0002800212737,0,0
298,EUR_USD,2021-05-31 16:00:00,0.001894453927,0.00189447403,2.010240469e-08,0,0
299,GBP_CHF,2021-06-01 00:00:00,0.01448616738,0.01448619366,2.627462446e-08,0,0
300,NZD_JPY,2021-06-02 00:00:00,0.005524267109,0.005524337292,7.018306998e-08,0,0
301,USD_CHF,2021-06-02 04:00:00,0.008382549937,0.008382499218,5.071899287e-08,0,0
302,EUR_CAD,2021-06-03 08:00:00,0.0003609982677,0.0004905462265,0.0001295479588,0,0
303,AUD_CHF,2021-06-07 08:00:00,0.0005013069965,0.0005417466164,4.043961989e-05,0,0
304,AUD_USD,2021-06-07 08:00:00,0.01606247439,0.02164173126,0.005579256868,0,0
305,NZD_CHF,2021-06-07 08:00:00,0.008766996522,0.01291716099,0.004150164466,0,0
306,USD_JPY,2021-06-08 08:00:00,0.9656910841,0.9716585279,0.00596744377,1,1
307,EUR_AUD,2021-06-10 00:00:00,0.001705598254,0.00170558691,1.134399484e-08,0,0
308,GBP_CHF,2021-06-11 08:00:00,0.04913542351,0.07453459501,0.0253991715,0,0
309,NZD_CHF,2021-06-11 08:00:00,0.0008110129491,0.0009168386459,0.0001058256968,0,0
310,NZD_JPY,2021-06-11 08:00:00,0.011127276,0.01270085573,0.001573579737,0,0
311,NZD_USD,2021-06-11 08:00:00,0.0004078972996,0.0005060434341,9.814613451e-05,0,0
312,EUR_CHF,2021-06-14 16:00:00,0.01499160565,0.01499164104,3.539716181e-08,0,0
313,EUR_AUD,2021-06-15 16:00:00,0.08453755663,0.08453762531,6.868536098e-08,0,0
314,AUD_JPY,2021-06-16 00:00:00,0.0130744343,0.01307451725,8.295010575e-08,0,0
315,GBP_CHF,2021-06-16 20:00:00,0.1108630015,0.11086303,2.850620921e-08,0,0
316,AUD_CHF,2021-06-17 04:00:00,0.001335543768,0.001335501671,4.209722229e-08,0,0
317,CAD_CHF,2021-06-17 08:00:00,0.06721110044,0.1110014319,0.0437903315,0,0
318,USD_CAD,2021-06-17 08:00:00,0.0161300232,0.0154889822,0.000641041004,0,0
319,USD_CHF,2021-06-18 08:00:00,0.0212529394,0.03204798698,0.01079504758,0,0
320,EUR_GBP,2021-06-18 16:00:00,0.03616077176,0.03616076708,4.679982089e-09,0,0
321,NZD_CHF,2021-06-21 00:00:00,0.97168323,0.9716832042,2.582509584e-08,1,1
322,AUD_CHF,2021-06-23 08:00:00,0.05280759201,0.07383877039,0.02103117838,0,0
323,AUD_JPY,2021-06-23 08:00:00,0.09454694663,0.1181468964,0.02359994974,0,0
324,AUD_USD,2021-06-23 08:00:00,0.002081991196,0.002501308918,0.0004193177222,0,0
325,CAD_CHF,2021-06-23 08:00:00,0.007991292765,0.009681224823,0.001689932058,0,0
326,CAD_JPY,2021-06-23 08:00:00,0.04560923671,0.06737315655,0.02176391983,0,0
327,GBP_JPY,2021-06-23 08:00:00,0.02814095465,0.04225760698,0.01411665234,0,0
328,NZD_JPY,2021-06-23 08:00:00,0.03655102464,0.04774051905,0.01118949441,0,0
329,CHF_JPY,2021-06-24 20:00:00,0.07849837008,0.07849836349,6.580527609e-09,0,0
330,EUR_JPY,2021-06-25 00:00:00,0.01355216198,0.01355218887,2.689390092e-08,0,0
331,EUR_USD,2021-06-25 04:00:00,0.0001723738512,0.0001723766327,2.781471953e-09,0,0
332,EUR_CAD,2021-06-28 08:00:00,0.01516491607,0.01997685432,0.004811938254,0,0
333,GBP_USD,2021-06-28 08:00:00,0.001253344239,0.001248955727,4.388512401e-06,0,0
334,CAD_CHF,2021-06-29 00:00:00,0.007533724248,0.007533729076,4.828631024e-09,0,0
335,EUR_GBP,2021-06-29 08:00:00,0.1120438546,0.1120439172,6.257724557e-08,0,0
336,EUR_JPY,2021-06-30 16:00:00,0.08145904567,0.08145910501,5.934068002e-08,0,0
337,EUR_AUD,2021-07-01 00:00:00,0.009150555135,0.009150505066,5.006875233e-08,0,0
338,NZD_JPY,2021-07-01 08:00:00,0.05163428622,0.08149778843,0.02986350221,0,0
339,USD_CAD,2021-07-01 08:00:00,0.005411298949,0.005799293518,0.0003879945689,0,0
340,GBP_USD,2021-07-05 08:00:00,0.1654705185,0.2004555464,0.03498502784,0,0
341,NZD_CAD,2021-07-06 04:00:00,0.05127460705,0.05127459764,9.409412069e-09,0,0
342,CAD_CHF,2021-07-07 08:00:00,0.01642468273,0.01846319437,0.002038511641,0,0
343,NZD_USD,2021-07-07 08:00:00,0.001820527263,0.002007842064,0.0001873148011,0,0
344,GBP_AUD,2021-07-07 16:00:00,0.9725476328,0.9725475907,4.203742154e-08,1,1
345,GBP_CAD,2021-07-07 16:00:00,0.04548757212,0.04548764229,7.017134176e-08,0,0
346,EUR_AUD,2021-07-08 00:00:00,0.9604199779,0.9604200125,3.461209663e-08,1,1
347,EUR_NZD,2021-07-08 00:00:00,0.2635617183,0.2635617256,7.273122882e-09,0,0
348,USD_CAD,2021-07-08 00:00:00,0.001559111786,0.001559078693,3.30923998e-08,0,0
349,CHF_JPY,2021-07-09 00:00:00,0.01910794697,0.01910799742,5.045045844e-08,0,0
350,EUR_JPY,2021-07-09 00:00:00,0.01233623541,0.01233619452,4.089812074e-08,0,0
351,AUD_CAD,2021-07-09 08:00:00,0.06251334847,0.1151746511,0.05266130267,0,0
352,GBP_JPY,2021-07-09 08:00:00,0.0225006747,0.03080528975,0.008304615048,0,0
353,GBP_NZD,2021-07-12 00:00:00,0.01057485057,0.01057481766,3.291473257e-08,0,0
354,AUD_CHF,2021-07-12 16:00:00,0.02066096689,0.02066093683,3.005988779e-08,0,0
355,AUD_JPY,2021-07-13 00:00:00,0.03263968567,0.03263968229,3.377178648e-09,0,0
356,EUR_USD,2021-07-13 00:00:00,0.002272235026,0.002272188663,4.636205987e-08,0,0
357,GBP_USD,2021-07-13 00:00:00,0.05225210276,0.05225205421,4.854819297e-08,0,0
358,NZD_CHF,2021-07-13 00:00:00,0.0005288906891,0.0005288720131,1.867602172e-08,0,0
359,NZD_JPY,2021-07-13 00:00:00,0.002547710054,0.002547681332,2.872263213e-08,0,0
360,NZD_USD,2021-07-13 00:00:00,0.0009041539332,0.000904083252,7.068120507e-08,0,0
361,CAD_CHF,2021-07-14 00:00:00,0.001006052256,0.001006066799,1.454360106e-08,0,0
362,USD_CHF,2021-07-14 08:00:00,0.0006263947503,0.00063174963,5.354879673e-06,0,0
363,EUR_GBP,2021-07-15 20:00:00,0.02033523618,0.02033519745,3.8734649e-08,0,0
364,EUR_USD,2021-07-16 08:00:00,0.001026380788,0.001387000084,0.000360619296,0,0
365,NZD_USD,2021-07-16 08:00:00,0.003573104193,0.004062533379,0.0004894291858,0,0
366,EUR_CHF,2021-07-20 00:00:00,0.001527149674,0.001527130604,1.906972029e-08,0,0
367,USD_CHF,2021-07-20 00:00:00,0.002189681317,0.002189695835,1.451799923e-08,0,0
368,AUD_CHF,2021-07-21 00:00:00,0.00177238771,0.001772344112,4.359777736e-08,0,0
369,USD_JPY,2021-07-21 00:00:00,0.08581931912,0.08581930399,1.513219978e-08,0,0
370,CHF_JPY,2021-07-21 08:00:00,0.08623675537,0.1360419989,0.04980524349,0,0
371,EUR_JPY,2021-07-21 08:00:00,0.04193331831,0.05875194073,0.01681862242,0,0
372,AUD_USD,2021-07-21 16:00:00,0.0008354155869,0.0008354187012,3.114257007e-09,0,0
373,EUR_USD,2021-07-21 16:00:00,0.0008820264764,0.000882089138,6.266159999e-08,0,0
374,EUR_CAD,2021-07-22 00:00:00,0.003893149981,0.003893196583,4.660145015e-08,0,0
375,GBP_NZD,2021-07-22 00:00:00,0.1156843121,0.1156843305,1.832013853e-08,0,0
376,GBP_USD,2021-07-22 04:00:00,0.07356728617,0.07356733084,4.466602017e-08,0,0
377,GBP_CHF,2021-07-22 08:00:00,0.07926547576,0.09724122286,0.0179757471,0,0
378,NZD_JPY,2021-07-23 00:00:00,0.0006743934238,0.000674366951,2.647279888e-08,0,0
379,NZD_USD,2021-07-23 00:00:00,0.02579609463,0.02579605579,3.883128537e-08,0,0
380,AUD_JPY,2021-07-23 08:00:00,0.01472067009,0.02185189724,0.007131227153,0,0
381,GBP_JPY,2021-07-27 16:00:00,0.0282250154,0.02822506428,4.88747536e-08,0,0
382,CAD_JPY,2021-07-28 00:00:00,0.06728610221,0.06728607416,2.80505123e-08,0,0
383,EUR_CHF,2021-07-28 00:00:00,0.009662074798,0.009662032127,4.267054054e-08,0,0
384,NZD_USD,2021-07-29 04:00:00,0.009331962876,0.009332001209,3.833352823e-08,0,0
385,EUR_GBP,2021-07-30 00:00:00,0.00150559221,0.001505613327,2.111736834e-08,0,0
386,NZD_JPY,2021-08-02 08:00:00,0.04235356139,0.07778549194,0.03543193056,0,0
387,NZD_CAD,2021-08-02 16:00:00,0.002516401235,0.002516329288,7.19468473e-08,0,0
388,AUD_JPY,2021-08-03 00:00:00,0.01706022711,0.01706027985,5.273789037e-08,0,0
389,EUR_CHF,2021-08-03 00:00:00,0.01777472174,0.01777470112,2.062519072e-08,0,0
390,USD_CHF,2021-08-04 08:00:00,0.003532118386,0.003883957863,0.000351839477,0,0
391,AUD_CHF,2021-08-05 00:00:00,0.07366757396,0.07366770506,1.311014254e-07,0,0
392,CAD_CHF,2021-08-05 00:00:00,0.04412649935,0.04412651062,1.127214397e-08,0,0
393,USD_JPY,2021-08-05 00:00:00,0.1749703094,0.1749702692,4.02234025e-08,0,0
394,USD_CAD,2021-08-06 00:00:00,0.02250541127,0.02250546217,5.090332263e-08,0,0
395,EUR_NZD,2021-08-09 00:00:00,0.02901813577,0.02901816368,2.79121953e-08,0,0
396,CAD_JPY,2021-08-09 08:00:00,0.009131156919,0.01267820597,0.003547049048,0,0
397,EUR_CHF,2021-08-09 08:00:00,0.0001346581578,0.0001872181892,5.256003143e-05,0,0
398,GBP_JPY,2021-08-10 08:00:00,0.005777895056,0.005777895451,3.942281597e-10,0,0
399,USD_CHF,2021-08-10 08:00:00,0.01166052255,0.01769185066,0.006031328109,0,0
400,NZD_CHF,2021-08-10 12:00:00,0.02925450743,0.0292544961,1.133229501e-08,0,0
401,EUR_GBP,2021-08-11 00:00:00,0.9781404493,0.9781404734,2.408479616e-08,1,1
402,EUR_CAD,2021-08-12 00:00:00,0.1249241699,0.1249241233,4.656332377e-08,0,0
403,CAD_JPY,2021-08-18 04:00:00,0.00154784205,0.001547813416,2.863483523e-08,0,0
404,AUD_NZD,2021-08-18 12:00:00,0.001275931131,0.001275956631,2.550005461e-08,0,0
405,EUR_NZD,2021-08-18 12:00:00,0.04877131725,0.04877132177,4.518571718e-09,0,0
406,USD_JPY,2021-08-18 12:00:00,0.02063605013,0.02063602209,2.804184792e-08,0,0
407,EUR_USD,2021-08-20 04:00:00,0.00459923553,0.004599273205,3.767449772e-08,0,0
408,NZD_JPY,2021-08-20 16:00:00,0.9925147527,0.9925147891,3.641080004e-08,1,1
409,NZD_USD,2021-08-20 16:00:00,0.02019079924,0.020190835,3.57549748e-08,0,0
410,AUD_CHF,2021-08-23 00:00:00,0.9833893436,0.983389318,2.556937184e-08,1,1
411,AUD_JPY,2021-08-23 00:00:00,0.9936711258,0.9936711788,5.300637285e-08,1,1
412,AUD_USD,2021-08-23 00:00:00,0.1190086168,0.1190086007,1.605674795e-08,0,0
413,EUR_JPY,2021-08-23 00:00:00,0.09360644259,0.09360647202,2.942545139e-08,0,0
414,GBP_CHF,2021-08-23 00:00:00,0.9749623265,0.9749622941,3.240655611e-08,1,1
415,GBP_JPY,2021-08-23 00:00:00,0.1190202971,0.1190203428,4.57415099e-08,0,0
416,CAD_JPY,2021-08-24 04:00:00,0.02134910822,0.02134907246,3.576861498e-08,0,0
417,NZD_CAD,2021-08-24 04:00:00,0.9862749619,0.9862749577,4.282676103e-09,1,1
418,NZD_CHF,2021-08-24 04:00:00,0.969603555,0.9696035981,4.306821699e-08,1,1
419,USD_JPY,2021-08-25 00:00:00,0.009153205587,0.009153187275,1.831242391e-08,0,0
420,AUD_NZD,2021-08-26 08:00:00,0.01867153359,0.02191859484,0.003247061246,0,0
421,AUD_CAD,2021-08-26 16:00:00,0.09863833395,0.09863835573,2.178569221e-08,0,0
422,EUR_CHF,2021-08-26 16:00:00,0.03335295889,0.03335291147,4.741367258e-08,0,0
423,EUR_CHF,2021-09-01 00:00:00,0.01172200142,0.01172190905,9.237769906e-08,0,0
424,USD_CHF,2021-09-01 00:00:00,0.02650130916,0.02650129795,1.121424465e-08,0,0
425,GBP_CAD,2021-09-02 00:00:00,0.01318012538,0.01318019629,7.090517032e-08,0,0
426,CAD_CHF,2021-09-02 08:00:00,0.02719886982,0.02689635754,0.0003025122828,0,0
427,AUD_NZD,2021-09-03 08:00:00,0.0005183971928,0.0005992650986,8.086790582e-05,0,0
428,GBP_USD,2021-09-07 00:00:00,0.01319098396,0.01319098473,7.647241815e-10,0,0
429,EUR_AUD,2021-09-08 08:00:00,0.04334298205,0.05633896589,0.01299598385,0,0
430,EUR_NZD,2021-09-08 08:00:00,0.01316678279,0.01469302177,0.001526238988,0,0
431,GBP_AUD,2021-09-08 08:00:00,0.07571418155,0.09884911776,0.02313493621,0,0
432,GBP_NZD,2021-09-08 08:00:00,0.1201000944,0.1827533841,0.06265328976,0,0
433,USD_CHF,2021-09-08 08:00:00,0.004707198768,0.006676614285,0.001969415516,0,0
434,GBP_CAD,2021-09-09 04:00:00,0.0338054938,0.03380548954,4.259546799e-09,0,0
435,EUR_NZD,2021-09-13 16:00:00,0.1256555364,0.1256555319,4.479152521e-09,0,0
436,GBP_USD,2021-09-16 00:00:00,0.0005004673485,0.0005004405975,2.675095518e-08,0,0
437,CAD_CHF,2021-09-16 08:00:00,0.0129416181,0.01604098082,0.003099362719,0,0
438,USD_JPY,2021-09-17 00:00:00,0.03732826006,0.03732824326,1.680788225e-08,0,0
439,CAD_JPY,2021-09-17 04:00:00,0.01136192617,0.01136189699,2.917714655e-08,0,0
440,EUR_AUD,2021-09-20 00:00:00,0.05662048155,0.05662059784,1.162923108e-07,0,0
441,AUD_NZD,2021-09-20 12:00:00,0.9676711527,0.9676712155,6.281115794e-08,1,1
442,CAD_CHF,2021-09-22 16:00:00,0.9950468242,0.995046854,2.986861802e-08,1,1
443,CAD_JPY,2021-09-22 16:00:00,0.9693772697,0.9693772793,9.548559943e-09,1,1
444,GBP_JPY,2021-09-22 16:00:00,0.9906429175,0.9906429648,4.730580871e-08,1,1
445,CHF_JPY,2021-09-24 00:00:00,0.965373904,0.9653738141,8.992672773e-08,1,1
446,USD_CHF,2021-09-24 04:00:00,0.01560379603,0.01560378075,1.528154683e-08,0,0
447,EUR_JPY,2021-09-29 00:00:00,0.02361936597,0.02361929417,7.180691164e-08,0,0
448,USD_JPY,2021-09-29 00:00:00,0.0557994669,0.05579936504,1.018574244e-07,0,0
449,GBP_CAD,2021-09-29 04:00:00,0.0007984844475,0.0007985234261,3.897859924e-08,0,0
450,EUR_USD,2021-10-04 00:00:00,0.001245567923,0.001245617867,4.994330871e-08,0,0
451,GBP_CAD,2021-10-04 12:00:00,0.00528419076,0.005284249783,5.902226322e-08,0,0
452,USD_JPY,2021-10-05 04:00:00,0.9865199695,0.9865199327,3.677641258e-08,1,1
453,EUR_CHF,2021-10-06 00:00:00,0.0009509190561,0.0009509921074,7.305125189e-08,0,0
454,EUR_JPY,2021-10-06 00:00:00,0.05573296771,0.05573290586,6.184177331e-08,0,0
455,GBP_USD,2021-10-07 00:00:00,0.01424223022,0.01424229145,6.122677503e-08,0,0
456,EUR_GBP,2021-10-08 20:00:00,0.02180607041,0.02180606127,9.143937992e-09,0,0
457,AUD_CAD,2021-10-12 08:00:00,0.1211772036,0.2253521681,0.1041749645,0,0
458,EUR_JPY,2021-10-12 08:00:00,0.06674619234,0.1166116595,0.04986546719,0,0
459,EUR_USD,2021-10-14 08:00:00,0.02805873829,0.02805864811,9.018441682e-08,0,0
460,NZD_CAD,2021-10-15 04:00:00,0.08280434372,0.08280438185,3.813047422e-08,0,0
461,AUD_CAD,2021-10-15 16:00:00,0.03156032094,0.03156030178,1.915460733e-08,0,0
462,EUR_CAD,2021-10-18 08:00:00,0.004649919866,0.005092084408,0.0004421645419,0,0
463,GBP_AUD,2021-10-18 08:00:00,0.001144314435,0.001325488091,0.0001811736557,0,0
464,EUR_CHF,2021-10-19 00:00:00,0.0006103197246,0.0006103515625,3.183786741e-08,0,0
465,AUD_USD,2021-10-19 16:00:00,0.01168923671,0.0116891861,5.061749966e-08,0,0
466,NZD_CHF,2021-10-19 16:00:00,0.02223819614,0.02223813534,6.079912962e-08,0,0
467,EUR_USD,2021-10-20 16:00:00,0.03775562544,0.03775560856,1.688047895e-08,0,0
468,AUD_CHF,2021-10-21 00:00:00,0.0007207323958,0.00072067976,5.263581478e-08,0,0
469,USD_CHF,2021-10-21 08:00:00,0.007022795992,0.007969617844,0.0009468218513,0,0
470,GBP_AUD,2021-10-21 16:00:00,0.008594189819,0.008594155312,3.450731711e-08,0,0
471,GBP_CAD,2021-10-25 00:00:00,0.04586629087,0.0458663106,1.972770256e-08,0,0
472,NZD_JPY,2021-10-25 00:00:00,0.002285139306,0.002285122871,1.643416486e-08,0,0
473,NZD_USD,2021-10-25 00:00:00,0.0003242616947,0.0003242492676,1.242713342e-08,0,0
474,AUD_JPY,2021-10-26 00:00:00,0.00170184302,0.001701772213,7.080671528e-08,0,0
475,NZD_CHF,2021-10-26 00:00:00,0.001566595244,0.001566588879,6.365862739e-09,0,0
476,AUD_CHF,2021-10-27 00:00:00,0.01524274987,0.01524281502,6.514327532e-08,0,0
477,EUR_USD,2021-10-27 00:00:00,0.03584796439,0.03584802151,5.711327383e-08,0,0
478,EUR_AUD,2021-10-28 00:00:00,0.01244975101,0.01244980097,4.995682182e-08,0,0
479,EUR_NZD,2021-10-28 00:00:00,0.004204434229,0.004204392433,4.179576095e-08,0,0
480,GBP_NZD,2021-10-28 00:00:00,0.001707447993,0.001707494259,4.626608783e-08,0,0
481,USD_CAD,2021-10-28 00:00:00,0.9734886225,0.9734886289,6.339880065e-09,1,1
482,USD_CHF,2021-10-28 00:00:00,0.00414196601,0.00414198637,2.035962865e-08,0,0
483,GBP_AUD,2021-10-29 00:00:00,0.01000649646,0.01000648737,9.088448112e-09,0,0
484,GBP_CAD,2021-10-29 00:00:00,0.004042094805,0.004042088985,5.819498951e-09,0,0
485,NZD_CHF,2021-11-01 00:00:00,0.01572585909,0.01572591066,5.157378791e-08,0,0
486,EUR_CAD,2021-11-01 08:00:00,0.08394876213,0.0834428072,0.0005059549361,0,0
487,EUR_GBP,2021-11-02 04:00:00,0.02536031515,0.02536028624,2.890945834e-08,0,0
488,EUR_USD,2021-11-02 04:00:00,0.000916641527,0.0009166002274,4.129959424e-08,0,0
489,USD_CHF,2021-11-04 04:00:00,0.9772091001,0.9772090912,8.961811182e-09,1,1
490,EUR_NZD,2021-11-08 00:00:00,0.07653776382,0.0765376687,9.511209449e-08,0,0
491,GBP_CAD,2021-11-08 08:00:00,0.0007668568406,0.001033782959,0.0002669261184,0,0
492,EUR_AUD,2021-11-09 00:00:00,0.04633418387,0.04633426666,8.278934181e-08,0,0
493,GBP_AUD,2021-11-09 00:00:00,0.03496394512,0.03496402502,7.990233861e-08,0,0
494,EUR_GBP,2021-11-10 00:00:00,0.003091448594,0.003091394901,5.369235591e-08,0,0
495,EUR_NZD,2021-11-12 00:00:00,0.0177232422,0.01772326231,2.011206389e-08,0,0
496,GBP_NZD,2021-11-12 00:00:00,0.06246130459,0.06246137619,7.159739294e-08,0,0
497,AUD_CAD,2021-11-12 08:00:00,0.00135739048,0.001695990562,0.0003386000825,0,0
498,AUD_JPY,2021-11-12 16:00:00,0.00239712346,0.002397119999,3.461368559e-09,0,0
499,AUD_USD,2021-11-12 16:00:00,0.002651794946,0.002651810646,1.569960844e-08,0,0
500,EUR_USD,2021-11-15 00:00:00,0.03900764376,0.03900772333,7.957156094e-08,0,0
501,AUD_CHF,2021-11-15 08:00:00,0.000234917406,0.0002923607826,5.744337658e-05,0,0
502,NZD_JPY,2021-11-15 08:00:00,0.01491367551,0.01501965523,0.0001059797162,0,0
503,AUD_NZD,2021-11-16 08:00:00,0.001956972021,0.002177238464,0.0002202664432,0,0
504,GBP_AUD,2021-11-16 16:00:00,0.9511328616,0.9511328936,3.199902887e-08,1,1
505,GBP_CHF,2021-11-16 16:00:00,0.03598460173,0.03598451614,8.558994093e-08,0,0
506,EUR_AUD,2021-11-17 00:00:00,0.02598396401,0.02598392963,3.437170074e-08,0,0
507,EUR_JPY,2021-11-17 00:00:00,0.01782668026,0.01782667637,3.891170101e-09,0,0
508,AUD_CHF,2021-11-19 00:00:00,0.0005413270125,0.0005412697792,5.723329136e-08,0,0
509,AUD_JPY,2021-11-19 00:00:00,0.001305928377,0.001305878162,5.021441309e-08,0,0
510,AUD_NZD,2021-11-22 00:00:00,0.9688246021,0.9688246846,8.250447681e-08,1,1
511,CAD_CHF,2021-11-22 00:00:00,0.0004826904059,0.0004826784134,1.199248571e-08,0,0
512,CHF_JPY,2021-11-22 08:00:00,0.03101884539,0.03473770618,0.003718860793,0,0
513,EUR_CAD,2021-11-22 16:00:00,0.02977474918,0.02977478504,3.586468154e-08,0,0
514,EUR_NZD,2021-11-22 16:00:00,0.9850091022,0.9850090742,2.799744248e-08,1,1
515,GBP_JPY,2021-11-22 16:00:00,0.004115420643,0.004115402699,1.794496864e-08,0,0
516,GBP_NZD,2021-11-22 16:00:00,0.9503390552,0.9503390789,2.366716101e-08,1,1
517,AUD_CAD,2021-11-23 08:00:00,0.005151434154,0.004971683025,0.0001797511283,0,0
518,EUR_CHF,2021-11-23 08:00:00,0.00129659517,0.001584768295,0.0002881731257,0,0
519,CAD_JPY,2021-11-23 16:00:00,0.001970874894,0.001970946789,7.189516316e-08,0,0
520,NZD_JPY,2021-11-23 16:00:00,0.007776755431,0.007776677608,7.78227967e-08,0,0
521,EUR_JPY,2021-11-24 16:00:00,0.001336235311,0.001336216927,1.838447385e-08,0,0
522,EUR_GBP,2021-11-25 08:00:00,0.09725790964,0.1036270857,0.006369176047,0,0
523,AUD_CHF,2021-11-25 16:00:00,0.01921206875,0.01921200752,6.122758316e-08,0,0
524,AUD_JPY,2021-11-30 00:00:00,0.0009085835236,0.000908613205,2.968138816e-08,0,0
525,AUD_USD,2021-11-30 00:00:00,0.002051772473,0.002051770687,1.786374644e-09,0,0
526,CAD_JPY,2021-11-30 00:00:00,0.004540371723,0.004540383816,1.209257193e-08,0,0
527,EUR_JPY,2021-11-30 00:00:00,0.0002518098381,0.0002518296242,1.97861256e-08,0,0
528,GBP_JPY,2021-11-30 00:00:00,0.005748766979,0.005748748779,1.819962335e-08,0,0
529,NZD_CHF,2021-11-30 00:00:00,0.004309316136,0.004309356213,4.007620449e-08,0,0
530,NZD_JPY,2021-11-30 00:00:00,0.005846909087,0.005846917629,8.542561224e-09,0,0
531,NZD_USD,2021-12-01 00:00:00,0.00572813585,0.005728125572,1.027791286e-08,0,0
532,USD_JPY,2021-12-01 00:00:00,0.9876992508,0.9876992702,1.941614447e-08,1,1
533,CHF_JPY,2021-12-03 08:00:00,0.06992025426,0.09028172493,0.02036147067,0,0
534,EUR_JPY,2021-12-06 08:00:00,0.9967779915,0.9970140457,0.0002360541936,1,1
535,GBP_JPY,2021-12-06 08:00:00,0.9924890147,0.9939212799,0.001432265158,1,1
536,GBP_USD,2021-12-06 08:00:00,0.01773964047,0.01871716976,0.0009775292961,0,0
537,AUD_JPY,2021-12-06 16:00:00,0.9936890457,0.9936890602,1.451983922e-08,1,1
538,NZD_JPY,2021-12-06 16:00:00,0.9873750362,0.987375021,1.526205418e-08,1,1
539,AUD_USD,2021-12-07 00:00:00,0.9886371983,0.9886371493,4.891829264e-08,1,1
540,NZD_USD,2021-12-08 04:00:00,0.001963001657,0.001962959766,4.189083309e-08,0,0
541,GBP_CAD,2021-12-09 04:00:00,0.9905045623,0.9905045629,5.563070005e-10,1,1
542,EUR_USD,2021-12-10 00:00:00,0.007891727014,0.007891714573,1.244092026e-08,0,0
543,EUR_CAD,2021-12-10 04:00:00,0.0175731994,0.01757323742,3.802042633e-08,0,0
544,NZD_CHF,2021-12-13 00:00:00,0.08872031486,0.08872026205,5.281310367e-08,0,0
545,EUR_CHF,2021-12-13 08:00:00,0.02368364272,0.03949016333,0.0158065206,0,0
546,CHF_JPY,2021-12-14 08:00:00,0.04523195882,0.04590404034,0.0006720815128,0,0
547,CAD_JPY,2021-12-16 08:00:00,0.0562949227,0.07215702534,0.01586210263,0,0
548,EUR_USD,2021-12-16 08:00:00,0.07670416878,0.09920108318,0.0224969144,0,0
549,GBP_CHF,2021-12-16 08:00:00,0.00880744565,0.01341742277,0.004609977121,0,0
550,NZD_USD,2021-12-21 00:00:00,0.9735235857,0.9735236764,9.067916584e-08,1,1
551,AUD_CAD,2021-12-21 08:00:00,0.0424405687,0.04244059324,2.454543232e-08,0,0
552,AUD_CHF,2021-12-22 08:00:00,0.00204924976,0.002161443233,0.0001121934735,0,0
553,CAD_JPY,2021-12-22 08:00:00,0.9332994484,0.9413231611,0.008023712731,1,1
554,CHF_JPY,2021-12-22 08:00:00,0.06815853334,0.09451591969,0.02635738634,0,0
555,EUR_CHF,2021-12-22 08:00:00,0.006707568348,0.006707549095,1.925271389e-08,0,0
556,NZD_CHF,2021-12-22 08:00:00,0.1094249909,0.1849746704,0.07554967955,0,0
557,EUR_USD,2021-12-23 00:00:00,0.0338852418,0.03388530016,5.836221188e-08,0,0
558,GBP_CHF,2021-12-23 08:00:00,0.0137004767,0.01415097713,0.0004505004382,0,0
559,GBP_USD,2021-12-23 08:00:00,0.9603106159,0.9626947045,0.002384088591,1,1
560,NZD_CAD,2021-12-28 08:00:00,0.0003263483719,0.0004256367683,9.928839646e-05,0,0
561,USD_CAD,2021-12-28 16:00:00,0.05041240435,0.05041235685,4.749574098e-08,0,0
562,CAD_CHF,2021-12-29 08:00:00,0.03091758234,0.03279906511,0.001881482777,0,0
563,AUD_CAD,2022-01-03 08:00:00,0.005523335892,0.006926953793,0.0014036179,0,0
564,EUR_GBP,2022-01-04 00:00:00,0.01570946499,0.01570951939,5.439482676e-08,0,0
565,EUR_USD,2022-01-04 00:00:00,0.04895133747,0.0489513278,9.673138832e-09,0,0
566,NZD_CAD,2022-01-04 08:00:00,0.003532415455,0.007707476616,0.004175061161,0,0
567,EUR_CHF,2022-01-06 08:00:00,0.1663055684,0.2112697959,0.0449642275,0,0
568,USD_CHF,2022-01-06 08:00:00,0.00238376495,0.002574622631,0.0001908576813,0,0
569,NZD_CHF,2022-01-07 04:00:00,0.1094242067,0.109424293,8.63135684e-08,0,0
570,EUR_GBP,2022-01-07 08:00:00,0.01276232896,0.01282471418,6.238522703e-05,0,0
571,CAD_CHF,2022-01-13 00:00:00,0.006255980003,0.006255924702,5.530148192e-08,0,0
572,USD_CHF,2022-01-17 00:00:00,0.03862882574,0.03862887621,5.047199566e-08,0,0
573,AUD_CAD,2022-01-20 00:00:00,0.01224752354,0.01224756241,3.88702958e-08,0,0
574,AUD_NZD,2022-01-20 00:00:00,0.003944645204,0.003944635391,9.812508557e-09,0,0
575,GBP_NZD,2022-01-20 00:00:00,0.01466495199,0.01466488838,6.361277259e-08,0,0
576,CAD_CHF,2022-01-20 16:00:00,0.03801365251,0.03801357746,7.504658453e-08,0,0
577,EUR_GBP,2022-01-21 00:00:00,0.01339703562,0.01339709759,6.197057718e-08,0,0
578,GBP_AUD,2022-01-24 04:00:00,0.01816639064,0.01816636324,2.739621107e-08,0,0
579,AUD_CHF,2022-01-25 08:00:00,0.05949682095,0.09801793098,0.03852111003,0,0
580,NZD_CHF,2022-01-25 08:00:00,0.009207195073,0.01214426756,0.002937072486,0,0
581,NZD_JPY,2022-01-26 08:00:00,0.007806639686,0.008149087429,0.0003424477426,0,0
582,USD_CHF,2022-01-26 08:00:00,0.01122659261,0.01161086559,0.0003842729785,0,0
583,EUR_CHF,2022-01-26 16:00:00,0.06237983679,0.06237983704,2.483703174e-10,0,0
584,AUD_NZD,2022-01-27 04:00:00,0.001385456998,0.001385450363,6.635212371e-09,0,0
585,CAD_CHF,2022-01-31 00:00:00,0.05440535554,0.05440539122,3.567383841e-08,0,0
586,EUR_USD,2022-01-31 00:00:00,0.04243253785,0.04243266582,1.279713231e-07,0,0
587,USD_JPY,2022-01-31 00:00:00,0.09582384675,0.0958237648,8.19463942e-08,0,0
588,NZD_CAD,2022-02-01 04:00:00,0.9946366949,0.9946367145,1.959442442e-08,1,1
589,NZD_JPY,2022-02-01 04:00:00,0.9969209786,0.9969210625,8.38456784e-08,1,1
590,AUD_CAD,2022-02-01 12:00:00,0.9849667462,0.9849667549,8.667143114e-09,1,1
591,AUD_CHF,2022-02-01 16:00:00,0.9730839906,0.9730840325,4.192922876e-08,1,1
592,AUD_JPY,2022-02-01 16:00:00,0.969036809,0.9690367579,5.109503076e-08,1,1
593,EUR_JPY,2022-02-02 00:00:00,0.01053013282,0.01053011417,1.864613704e-08,0,0
594,GBP_AUD,2022-02-03 00:00:00,0.002133548888,0.00213354826,6.28421354e-10,0,0
595,CAD_CHF,2022-02-03 08:00:00,0.06562506362,0.07114553452,0.005520470894,0,0
596,USD_CAD,2022-02-03 08:00:00,0.002458550391,0.003010451794,0.0005519014024,0,0
597,EUR_CAD,2022-02-04 00:00:00,0.02255153136,0.02255159616,6.479986782e-08,0,0
598,EUR_NZD,2022-02-04 08:00:00,0.01267695303,0.01474785805,0.002070905019,0,0
599,USD_JPY,2022-02-07 00:00:00,0.04164719084,0.04164719582,4.973882577e-09,0,0
600,AUD_NZD,2022-02-07 08:00:00,0.04023945245,0.04875773191,0.008518279467,0,0
601,NZD_CHF,2022-02-07 20:00:00,0.9554770873,0.9554770589,2.838512669e-08,1,1
602,NZD_USD,2022-02-08 20:00:00,0.09060142872,0.09060144424,1.552542334e-08,0,0
603,EUR_NZD,2022-02-10 00:00:00,0.0005956314558,0.0005956888199,5.736412921e-08,0,0
604,EUR_AUD,2022-02-14 00:00:00,0.02046837582,0.02046835423,2.159707352e-08,0,0
605,GBP_JPY,2022-02-14 16:00:00,0.001747149442,0.001747190952,4.150989239e-08,0,0
606,GBP_AUD,2022-02-15 04:00:00,0.001389227792,0.00138926506,3.726867651e-08,0,0
607,USD_CAD,2022-02-15 04:00:00,0.05074855678,0.05074858665,2.987260232e-08,0,0
608,GBP_CAD,2022-02-15 16:00:00,0.03191158157,0.03191161156,2.99834155e-08,0,0
609,NZD_USD,2022-02-15 16:00:00,0.9850665083,0.9850665331,2.482511974e-08,1,1
610,AUD_USD,2022-02-16 16:00:00,0.04266159195,0.04266160727,1.531464749e-08,0,0
611,GBP_CHF,2022-02-18 08:00:00,0.001065326911,0.001285076141,0.0002197492301,0,0
612,EUR_CAD,2022-02-21 00:00:00,0.03119801341,0.03119808435,7.0939526e-08,0,0
613,GBP_USD,2022-02-21 00:00:00,0.001493655256,0.001493632793,2.24627278e-08,0,0
614,GBP_CAD,2022-02-21 08:00:00,0.05912988336,0.07506370544,0.01593382208,0,0
615,USD_CHF,2022-02-22 08:00:00,0.9857142617,0.987842679,0.002128417304,1,1
616,CAD_JPY,2022-02-23 04:00:00,0.00142581492,0.001425862312,4.739279944e-08,0,0
617,EUR_CHF,2022-02-23 08:00:00,0.01235689646,0.01181876659,0.0005381298653,0,0
618,CAD_CHF,2022-02-25 08:00:00,0.1418896654,0.1475619078,0.005672242403,0,0
619,USD_JPY,2022-02-25 12:00:00,0.03722616283,0.0372261405,2.232764033e-08,0,0
620,AUD_NZD,2022-02-28 00:00:00,0.002697278192,0.002697348595,7.040229513e-08,0,0
621,AUD_USD,2022-02-28 08:00:00,0.9623027655,0.9678336382,0.005530872662,1,1
622,CHF_JPY,2022-02-28 08:00:00,0.05976341791,0.0844117403,0.02464832239,0,0
623,EUR_JPY,2022-02-28 08:00:00,0.00562621083,0.005856812,0.00023060117,0,0
624,EUR_USD,2022-02-28 08:00:00,0.004725326214,0.007020056248,0.002294730034,0,0
625,GBP_JPY,2022-02-28 08:00:00,0.005950039392,0.006243348122,0.0002933087301,0,0
626,GBP_USD,2022-02-28 08:00:00,0.003678226512,0.004290223122,0.0006119966093,0,0
627,GBP_CAD,2022-03-01 04:00:00,0.001261768269,0.001261770725,2.45652557e-09,0,0
628,CAD_JPY,2022-03-03 04:00:00,0.04155378808,0.04155379534,7.261823094e-09,0,0
629,GBP_CHF,2022-03-03 04:00:00,0.0003982928222,0.0003982186317,7.419048647e-08,0,0
630,EUR_CAD,2022-03-04 08:00:00,0.01586812768,0.01761317253,0.001745044855,0,0
631,USD_CAD,2022-03-04 08:00:00,0.1365975196,0.1508842707,0.01428675102,0,0
632,USD_JPY,2022-03-07 00:00:00,0.9662736635,0.9662736654,1.888033174e-09,1,1
633,EUR_USD,2022-03-08 16:00:00,0.1214969009,0.1214969158,1.489806828e-08,0,0
634,CHF_JPY,2022-03-09 00:00:00,0.9760392755,0.9760392308,4.463582259e-08,1,1
635,EUR_CHF,2022-03-09 08:00:00,0.09485621775,0.1134325862,0.01857636844,0,0
636,EUR_GBP,2022-03-09 08:00:00,0.02794849261,0.0345993042,0.006650811588,0,0
637,EUR_JPY,2022-03-09 08:00:00,0.9532242443,0.9552571774,0.002032933085,1,1
638,GBP_CHF,2022-03-09 08:00:00,0.2092250861,0.2742985487,0.06507346257,0,0
639,GBP_JPY,2022-03-09 08:00:00,0.9832804111,0.9851904511,0.001910040047,1,1
640,GBP_CAD,2022-03-09 16:00:00,0.001698837309,0.001698791981,4.532810229e-08,0,0
641,GBP_AUD,2022-03-10 00:00:00,0.03944684912,0.03944694996,1.008373615e-07,0,0
642,AUD_NZD,2022-03-10 04:00:00,0.0003662230349,0.0003662109375,1.209742316e-08,0,0
643,CAD_JPY,2022-03-14 08:00:00,0.03278339467,0.03278338909,5.582786983e-09,0,0
644,EUR_CAD,2022-03-14 16:00:00,0.07649935787,0.07649922371,1.341636471e-07,0,0
645,EUR_NZD,2022-03-14 16:00:00,0.009763931852,0.009763896465,3.538699196e-08,0,0
646,GBP_CAD,2022-03-15 00:00:00,0.002383015105,0.002382993698,2.140642384e-08,0,0
647,CAD_CHF,2022-03-16 04:00:00,0.9790840729,0.9790840149,5.799399161e-08,1,1
648,AUD_NZD,2022-03-17 08:00:00,0.9424764924,0.9462397099,0.003763217424,1,1
649,CAD_JPY,2022-03-17 20:00:00,0.9739620152,0.973962009,6.212323322e-09,1,1
650,EUR_CAD,2022-03-21 08:00:00,0.04364434852,0.04534965754,0.00170530902,0,0
651,GBP_AUD,2022-03-22 00:00:00,0.04500170672,0.04500168562,2.110367606e-08,0,0
652,GBP_USD,2022-03-23 00:00:00,0.009301958861,0.009301960468,1.60723629e-09,0,0
653,USD_CAD,2022-03-25 08:00:00,0.01608647324,0.01878941059,0.002702937352,0,0
654,EUR_AUD,2022-03-29 00:00:00,0.01016483564,0.01016491652,8.087465931e-08,0,0
655,GBP_CAD,2022-03-30 08:00:00,0.01438812976,0.01539617777,0.001008048008,0,0
656,NZD_JPY,2022-03-30 12:00:00,0.005161677545,0.005161702633,2.508777665e-08,0,0
657,AUD_CAD,2022-03-31 00:00:00,0.002989242717,0.002989292145,4.942763959e-08,0,0
658,EUR_CAD,2022-03-31 00:00:00,0.03963317313,0.03963321447,4.134265175e-08,0,0
659,NZD_CAD,2022-03-31 00:00:00,0.002771797848,0.002771794796,3.051820685e-09,0,0
660,USD_CAD,2022-03-31 00:00:00,0.005083374939,0.005083322525,5.24141314e-08,0,0
661,AUD_JPY,2022-04-04 16:00:00,0.001020271125,0.001020252705,1.842014535e-08,0,0
662,GBP_USD,2022-04-05 04:00:00,0.00514138082,0.005141377449,3.37124191e-09,0,0
663,USD_CAD,2022-04-06 04:00:00,0.9518090129,0.9518090487,3.574716534e-08,1,1
664,AUD_CHF,2022-04-06 08:00:00,0.002644329816,0.002880215645,0.0002358858288,0,0
665,NZD_CAD,2022-04-06 08:00:00,0.002423416426,0.002381145954,4.227047189e-05,0,0
666,NZD_CHF,2022-04-06 08:00:00,0.001744763618,0.002030670643,0.0002859070252,0,0
667,EUR_CAD,2022-04-06 20:00:00,0.008861461608,0.008861482143,2.053525412e-08,0,0
668,GBP_AUD,2022-04-07 04:00:00,0.09721807075,0.09721809626,2.550526329e-08,0,0
669,EUR_AUD,2022-04-12 00:00:00,0.01122786849,0.01122790575,3.726328981e-08,0,0
670,EUR_NZD,2022-04-12 00:00:00,0.006829695904,0.006829619408,7.649595985e-08,0,0
671,GBP_NZD,2022-04-12 00:00:00,0.009080994676,0.00908100605,1.137386853e-08,0,0
672,NZD_CAD,2022-04-12 04:00:00,0.0004910327926,0.0004910230637,9.728940533e-09,0,0
673,AUD_CHF,2022-04-13 16:00:00,0.0006888411418,0.000688791275,4.986676109e-08,0,0
674,GBP_USD,2022-04-13 16:00:00,0.002684735736,0.002684772015,3.62788504e-08,0,0
675,GBP_CAD,2022-04-14 00:00:00,0.03611091256,0.0361109376,2.50390703e-08,0,0
676,EUR_CHF,2022-04-14 08:00:00,0.04746753955,0.0608445406,0.01337700104,0,0
677,GBP_CHF,2022-04-15 16:00:00,0.03359682985,0.03359669447,1.353767961e-07,0,0
678,EUR_GBP,2022-04-15 20:00:00,0.9801009209,0.9801008701,5.075584819e-08,1,1
679,NZD_CHF,2022-04-19 20:00:00,0.00251449744,0.002514481544,1.589505773e-08,0,0
680,NZD_CAD,2022-04-20 00:00:00,0.007691781729,0.007691860199,7.846991876e-08,0,0
681,EUR_USD,2022-04-20 04:00:00,0.0002155401709,0.0002154707909,6.938003854e-08,0,0
682,GBP_USD,2022-04-20 20:00:00,0.002443003696,0.00244307518,7.148430898e-08,0,0
683,EUR_AUD,2022-04-21 00:00:00,0.9591135327,0.9591135979,6.518817719e-08,1,1
684,EUR_NZD,2022-04-21 00:00:00,0.9495055124,0.9495055676,5.514929557e-08,1,1
685,GBP_NZD,2022-04-21 00:00:00,0.01360594208,0.01360589266,4.94204111e-08,0,0
686,USD_CHF,2022-04-21 00:00:00,0.9803304502,0.9803304076,4.258215336e-08,1,1
687,NZD_USD,2022-04-21 08:00:00,0.0002055826068,0.0003521442413,0.0001465616346,0,0
688,EUR_CAD,2022-04-25 00:00:00,0.001085518437,0.001085519791,1.353573992e-09,0,0
689,AUD_CAD,2022-04-26 12:00:00,0.005864659022,0.005864739418,8.039587939e-08,0,0
690,AUD_JPY,2022-04-28 00:00:00,0.0005820295776,0.0005819797516,4.982601955e-08,0,0
691,NZD_JPY,2022-04-28 04:00:00,0.001112055594,0.001112043858,1.173669335e-08,0,0
692,AUD_CHF,2022-04-28 08:00:00,0.06382154247,0.1053510308,0.04152948835,0,0
693,GBP_CHF,2022-04-29 00:00:00,0.9877020703,0.9877020717,1.376724512e-09,1,1
694,GBP_NZD,2022-04-29 08:00:00,0.03630487376,0.04719495773,0.01089008397,0,0
695,GBP_CAD,2022-05-02 08:00:00,0.007878138141,0.007788777351,8.936078941e-05,0,0
696,EUR_CHF,2022-05-02 16:00:00,0.08872528045,0.08872520924,7.120946942e-08,0,0
697,AUD_CAD,2022-05-03 00:00:00,0.00239620372,0.002396166325,3.739586017e-08,0,0
698,AUD_CHF,2022-05-06 00:00:00,0.001279903202,0.001279830933,7.226911015e-08,0,0
699,AUD_USD,2022-05-06 00:00:00,0.004859005211,0.004858970642,3.456848402e-08,0,0
700,EUR_JPY,2022-05-06 00:00:00,0.009989051039,0.009989082813,3.177408318e-08,0,0
701,NZD_CHF,2022-05-06 00:00:00,0.0039307269,0.003930687904,3.899573492e-08,0,0
702,GBP_CAD,2022-05-06 04:00:00,0.01342715042,0.01342713833,1.208697999e-08,0,0
703,USD_JPY,2022-05-06 04:00:00,0.006158099285,0.00615811348,1.419471962e-08,0,0
704,GBP_NZD,2022-05-06 20:00:00,0.134561496,0.1345614791,1.690260282e-08,0,0
705,GBP_AUD,2022-05-09 20:00:00,0.06810332603,0.06810331345,1.258255014e-08,0,0
706,EUR_USD,2022-05-10 04:00:00,0.0002755993835,0.0002756714821,7.209863344e-08,0,0
707,AUD_CAD,2022-05-11 04:00:00,0.01147238807,0.0114723444,4.366723055e-08,0,0
708,AUD_JPY,2022-05-11 04:00:00,0.007600314956,0.00760024786,6.709649556e-08,0,0
709,CHF_JPY,2022-05-11 04:00:00,0.0203303012,0.02033030987,8.672711688e-09,0,0
710,GBP_JPY,2022-05-11 04:00:00,0.004728620607,0.004728615284,5.323077147e-09,0,0
711,GBP_USD,2022-05-11 04:00:00,0.001450780363,0.001450836658,5.629561974e-08,0,0
712,NZD_JPY,2022-05-11 04:00:00,0.007486229235,0.007486283779,5.454381715e-08,0,0
713,NZD_USD,2022-05-11 04:00:00,0.0032058805,0.003205835819,4.468042894e-08,0,0
714,CAD_CHF,2022-05-11 16:00:00,0.02704068758,0.02704071999,3.241002757e-08,0,0
715,AUD_CHF,2022-05-13 00:00:00,0.007044995901,0.007044970989,2.491171054e-08,0,0
716,EUR_JPY,2022-05-13 16:00:00,0.9748017971,0.9748017788,1.829211227e-08,1,1
717,USD_JPY,2022-05-16 00:00:00,0.001794098234,0.001794099808,1.574143554e-09,0,0
718,AUD_CAD,2022-05-16 12:00:00,0.02502851256,0.02502852678,1.422621263e-08,0,0
719,AUD_JPY,2022-05-16 12:00:00,0.9838087227,0.9838086963,2.64762039e-08,1,1
720,AUD_USD,2022-05-16 12:00:00,0.9927067737,0.9927067161,5.76714132e-08,1,1
721,NZD_CHF,2022-05-16 12:00:00,0.001979188904,0.001979231834,4.293018908e-08,0,0
722,NZD_JPY,2022-05-16 12:00:00,0.9933221382,0.9933221936,5.540988612e-08,1,1
723,NZD_USD,2022-05-16 12:00:00,0.9785947385,0.9785947204,1.814813766e-08,1,1
724,EUR_USD,2022-05-17 08:00:00,0.08527450362,0.09530323744,0.01002873382,0,0
725,GBP_USD,2022-05-17 20:00:00,0.09218221989,0.09218227863,5.874304591e-08,0,0
726,AUD_NZD,2022-05-18 00:00:00,0.009242578163,0.009242594242,1.60788669e-08,0,0
727,EUR_CAD,2022-05-20 16:00:00,0.02323083548,0.02323079109,4.439226161e-08,0,0
728,CAD_CHF,2022-05-23 00:00:00,0.03516574803,0.03516584635,9.832224233e-08,0,0
729,CHF_JPY,2022-05-23 08:00:00,0.9755259557,0.9768411517,0.001315196011,1,1
730,GBP_JPY,2022-05-23 08:00:00,0.03748962881,0.03594267368,0.001546955126,0,0
731,NZD_CAD,2022-05-24 16:00:00,0.006945779432,0.00694578886,9.427894987e-09,0,0
732,USD_JPY,2022-05-26 16:00:00,0.983042787,0.9830427766,1.040446174e-08,1,1
733,GBP_CHF,2022-05-27 00:00:00,0.000661781531,0.0006617903709,8.83992373e-09,0,0
734,GBP_JPY,2022-05-27 00:00:00,0.9578965318,0.9578965902,5.83992843e-08,1,1
735,CAD_JPY,2022-05-27 08:00:00,0.9161012266,0.9216067791,0.005505552543,1,1
736,AUD_NZD,2022-05-30 08:00:00,0.1961768224,0.2082926035,0.01211578106,0,0
737,CAD_CHF,2022-05-31 00:00:00,0.0095116098,0.009511590004,1.979577544e-08,0,0
738,AUD_CHF,2022-05-31 08:00:00,0.03041628666,0.05566543341,0.02524914675,0,0
739,NZD_CHF,2022-06-01 12:00:00,0.07454605821,0.0745460391,1.910836832e-08,0,0
740,NZD_CAD,2022-06-02 08:00:00,0.003309205081,0.004079937935,0.0007707328539,0,0
741,EUR_CAD,2022-06-03 00:00:00,0.002245192723,0.002245128155,6.456804446e-08,0,0
742,GBP_CHF,2022-06-03 08:00:00,0.0003757256834,0.0004930496216,0.0001173239382,0,0
743,USD_CAD,2022-06-07 00:00:00,0.0010751225,0.001075208187,8.568747527e-08,0,0
744,GBP_AUD,2022-06-07 12:00:00,0.01656092054,0.01656097174,5.119305593e-08,0,0
745,GBP_CAD,2022-06-07 16:00:00,0.02411991972,0.02411997318,5.346092885e-08,0,0
746,GBP_USD,2022-06-07 16:00:00,0.006323755177,0.006323754787,3.893387878e-10,0,0
747,EUR_CAD,2022-06-09 04:00:00,0.1233797767,0.1233796477,1.290012762e-07,0,0
748,NZD_CHF,2022-06-09 08:00:00,0.002703479438,0.003865242004,0.001161762567,0,0
749,NZD_CAD,2022-06-10 00:00:00,0.002120202897,0.002120137215,6.56818909e-08,0,0
750,EUR_GBP,2022-06-13 08:00:00,0.007240058817,0.007784187794,0.0005441289772,0,0
751,USD_CAD,2022-06-15 04:00:00,0.06077059339,0.06077063084,3.745109138e-08,0,0
752,EUR_USD,2022-06-16 16:00:00,0.0550029746,0.05500298738,1.27876175e-08,0,0
753,NZD_USD,2022-06-16 16:00:00,0.05121529017,0.05121529102,8.566952633e-10,0,0
754,EUR_AUD,2022-06-17 00:00:00,0.04311812623,0.04311817884,5.261666555e-08,0,0
755,EUR_GBP,2022-06-17 16:00:00,0.000682156194,0.0006821155548,4.063919557e-08,0,0
756,GBP_USD,2022-06-20 04:00:00,0.04152688106,0.04152691364,3.258252251e-08,0,0
757,NZD_CAD,2022-06-20 08:00:00,0.02817741278,0.03070652485,0.002529112065,0,0
758,EUR_NZD,2022-06-21 00:00:00,0.05026403451,0.0502640605,2.598546974e-08,0,0
759,GBP_AUD,2022-06-21 08:00:00,0.006692450444,0.007297992706,0.0006055422625,0,0
760,USD_CAD,2022-06-22 00:00:00,0.004971144557,0.004971086979,5.75776482e-08,0,0
761,USD_CHF,2022-06-22 00:00:00,0.001501071026,0.001501083374,1.234784135e-08,0,0
762,CAD_CHF,2022-06-24 00:00:00,0.003075557072,0.003075540066,1.700652115e-08,0,0
763,NZD_CAD,2022-06-24 00:00:00,0.002715600437,0.002715587616,1.282132742e-08,0,0
764,EUR_USD,2022-06-24 04:00:00,0.07544207965,0.07544213533,5.568625322e-08,0,0
765,GBP_CAD,2022-06-24 04:00:00,0.01503463432,0.0150346756,4.128243185e-08,0,0
766,AUD_CAD,2022-06-24 16:00:00,0.05142962509,0.05142951012,1.149725245e-07,0,0
767,EUR_CHF,2022-06-24 20:00:00,0.00526106737,0.005261003971,6.339897158e-08,0,0
768,GBP_CHF,2022-06-27 08:00:00,0.0006033294927,0.0006447434425,4.141394988e-05,0,0
769,NZD_CHF,2022-06-27 08:00:00,0.01086994876,0.0133702755,0.002500326734,0,0
770,NZD_USD,2022-06-27 08:00:00,0.03877208212,0.04663568735,0.007863605234,0,0
771,EUR_CAD,2022-06-27 12:00:00,0.002837529824,0.002837598324,6.84995317e-08,0,0
772,GBP_CAD,2022-06-30 08:00:00,0.01382646915,0.01500862837,0.001182159223,0,0
773,USD_CHF,2022-07-01 00:00:00,0.1546870476,0.1546869874,6.015876611e-08,0,0
774,USD_CAD,2022-07-01 04:00:00,0.03697954395,0.03697955608,1.213782393e-08,0,0
775,NZD_CHF,2022-07-04 08:00:00,0.03808975747,0.03989207745,0.001802319975,0,0
776,NZD_USD,2022-07-04 08:00:00,0.01053027264,0.01348954439,0.002959271749,0,0
777,AUD_CHF,2022-07-05 00:00:00,0.1247350716,0.1247349977,7.384383999e-08,0,0
778,AUD_USD,2022-07-05 00:00:00,0.03697838493,0.0369784832,9.826838943e-08,0,0
779,EUR_CHF,2022-07-05 00:00:00,0.0008383376157,0.0008382797241,5.789160929e-08,0,0
780,EUR_USD,2022-07-05 00:00:00,0.002907665192,0.002907633781,3.141101175e-08,0,0
781,AUD_CAD,2022-07-05 16:00:00,0.0233524522,0.02335250378,5.158145e-08,0,0
782,USD_CAD,2022-07-06 16:00:00,0.008251224099,0.008251190186,3.391371564e-08,0,0
783,GBP_USD,2022-07-07 04:00:00,0.0314250514,0.03142511845,6.704311679e-08,0,0
784,NZD_USD,2022-07-08 00:00:00,0.01685440799,0.0168544054,2.584651906e-09,0,0
785,GBP_CHF,2022-07-12 16:00:00,0.03867251225,0.0386723876,1.246507374e-07,0,0
786,GBP_AUD,2022-07-13 00:00:00,0.00132633888,0.001326322556,1.632413893e-08,0,0
787,GBP_CAD,2022-07-13 04:00:00,0.005843242871,0.005843281746,3.887461002e-08,0,0
788,GBP_NZD,2022-07-14 00:00:00,0.002609150275,0.002609074116,7.615930955e-08,0,0
789,EUR_CHF,2022-07-14 08:00:00,0.001828035937,0.002108037472,0.0002800015347,0,0
790,NZD_CAD,2022-07-14 08:00:00,0.9836543228,0.9865655303,0.00291120754,1,1
791,USD_CAD,2022-07-14 08:00:00,0.05135999795,0.05016678572,0.001193212237,0,0
792,AUD_CAD,2022-07-14 20:00:00,0.952926766,0.9529269338,1.677675486e-07,1,1
793,EUR_GBP,2022-07-15 04:00:00,0.001764540582,0.001764535904,4.677683904e-09,0,0
794,EUR_USD,2022-07-15 04:00:00,0.06265318987,0.06265318394,5.932033406e-09,0,0
795,AUD_USD,2022-07-18 00:00:00,0.9642604111,0.9642604589,4.787009789e-08,1,1
796,GBP_USD,2022-07-18 00:00:00,0.04556654184,0.04556643963,1.022119602e-07,0,0
797,NZD_USD,2022-07-18 00:00:00,0.9630399897,0.9630399942,4.542203724e-09,1,1
798,GBP_CHF,2022-07-18 04:00:00,0.04569351706,0.04569363594,1.188802018e-07,0,0
799,AUD_CHF,2022-07-18 08:00:00,0.05546346433,0.06000286341,0.004539399082,0,0
800,EUR_AUD,2022-07-18 16:00:00,0.0008471077981,0.0008471012115,6.586522474e-09,0,0
801,AUD_JPY,2022-07-19 04:00:00,0.02289253422,0.02289247513,5.909549246e-08,0,0
802,NZD_JPY,2022-07-19 04:00:00,0.005515638947,0.005515635014,3.933883808e-09,0,0
803,NZD_CHF,2022-07-20 00:00:00,0.03093005858,0.03093010187,4.32902367e-08,0,0
804,CHF_JPY,2022-07-21 00:00:00,0.02396044876,0.02396047115,2.239255622e-08,0,0
805,EUR_CAD,2022-07-22 16:00:00,0.02326364251,0.02326357365,6.88599588e-08,0,0
806,GBP_NZD,2022-07-22 20:00:00,0.004101614772,0.00410169363,7.885805322e-08,0,0
807,NZD_CHF,2022-07-25 08:00:00,0.0005450325942,0.0005560517311,1.101913688e-05,0,0
808,USD_JPY,2022-07-25 12:00:00,0.00295208019,0.002952039242,4.094805868e-08,0,0
809,EUR_AUD,2022-07-26 00:00:00,0.01550474633,0.01550477743,3.110407838e-08,0,0
810,GBP_AUD,2022-07-26 00:00:00,0.1658186776,0.1658186316,4.599502851e-08,0,0
811,GBP_CAD,2022-07-26 00:00:00,0.05125744383,0.05125743151,1.232425149e-08,0,0
812,EUR_CHF,2022-07-27 20:00:00,0.006709963348,0.00671005249,8.914181183e-08,0,0
813,GBP_JPY,2022-07-29 00:00:00,0.003517446619,0.003517508507,6.188735018e-08,0,0
814,EUR_CAD,2022-07-29 04:00:00,0.1151921329,0.1151921153,1.763836043e-08,0,0
815,EUR_AUD,2022-07-29 08:00:00,0.0007768710767,0.0008528232574,7.595218072e-05,0,0
816,AUD_NZD,2022-08-01 08:00:00,0.0141759418,0.01685327291,0.002677331116,0,0
817,EUR_NZD,2022-08-01 20:00:00,0.01253685442,0.01253688335,2.893242439e-08,0,0
818,EUR_GBP,2022-08-02 00:00:00,0.9587907163,0.9587907791,6.280321752e-08,1,1
819,NZD_CHF,2022-08-02 16:00:00,0.01816910478,0.01816910505,2.716492205e-10,0,0
820,USD_CHF,2022-08-02 16:00:00,0.02099146094,0.02099150419,4.325629774e-08,0,0
821,AUD_JPY,2022-08-03 12:00:00,0.9456976609,0.9456976652,4.296407674e-09,1,1
822,CAD_JPY,2022-08-03 12:00:00,0.1528140023,0.1528139114,9.087642514e-08,0,0
823,EUR_JPY,2022-08-03 12:00:00,0.9558221501,0.9558221698,1.972535746e-08,1,1
824,GBP_JPY,2022-08-03 12:00:00,0.01697608328,0.01697611809,3.480569999e-08,0,0
825,USD_JPY,2022-08-03 12:00:00,0.1912036234,0.1912035942,2.921063741e-08,0,0
826,AUD_NZD,2022-08-05 20:00:00,0.0616037822,0.06160366535,1.168460914e-07,0,0
827,CHF_JPY,2022-08-08 00:00:00,0.9673285112,0.9673283696,1.415528664e-07,1,1
828,NZD_JPY,2022-08-08 12:00:00,0.9741759248,0.9741759896,6.486313064e-08,1,1
829,EUR_CHF,2022-08-09 08:00:00,0.003267672074,0.003821611404,0.0005539393308,0,0
830,CAD_CHF,2022-08-12 04:00:00,0.0001959081241,0.0001959204674,1.234332436e-08,0,0
831,USD_CAD,2022-08-15 04:00:00,0.9842157982,0.984215796,2.186652415e-09,1,1
832,USD_CHF,2022-08-15 04:00:00,0.9566312124,0.9566311836,2.881148109e-08,1,1
833,USD_JPY,2022-08-15 08:00:00,0.9782517716,0.9840717912,0.005820019585,1,1
834,EUR_AUD,2022-08-16 00:00:00,0.0004272837584,0.0004273056984,2.193999304e-08,0,0
835,GBP_AUD,2022-08-16 00:00:00,0.02594186834,0.02594190836,4.002017001e-08,0,0
836,EUR_NZD,2022-08-16 08:00:00,0.9756999181,0.9765247107,0.0008247925877,1,1
837,GBP_CHF,2022-08-16 08:00:00,0.004585090908,0.004786133766,0.0002010428582,0,0
838,AUD_CHF,2022-08-16 16:00:00,0.05736404246,0.05736404657,4.11464296e-09,0,0
839,NZD_CHF,2022-08-16 16:00:00,0.008200217345,0.008200228214,1.086974672e-08,0,0
840,GBP_NZD,2022-08-17 00:00:00,0.124873135,0.1248731613,2.6343211e-08,0,0
841,CAD_CHF,2022-08-18 08:00:00,0.02516976295,0.0356182456,0.01044848265,0,0
842,CAD_JPY,2022-08-18 08:00:00,0.9496503309,0.9474900365,0.002160294394,1,1
843,AUD_NZD,2022-08-19 00:00:00,0.9586489035,0.9586489797,7.611544595e-08,1,1
844,AUD_CHF,2022-08-22 00:00:00,0.1799238103,0.1799237728,3.746559085e-08,0,0
845,GBP_JPY,2022-08-22 00:00:00,0.08890801145,0.08890801668,5.23115902e-09,0,0
846,GBP_CHF,2022-08-23 08:00:00,0.001248164502,0.001431465149,0.0001833006472,0,0
847,GBP_CAD,2022-08-23 16:00:00,0.06564823837,0.06564825773,1.936214016e-08,0,0
848,NZD_CHF,2022-08-23 16:00:00,0.01652888956,0.01652890444,1.487438894e-08,0,0
849,GBP_AUD,2022-08-24 00:00:00,0.0184143006,0.01841425896,4.164103399e-08,0,0
850,GBP_NZD,2022-08-24 00:00:00,0.1249975539,0.1249974966,5.732278457e-08,0,0
851,EUR_CHF,2022-08-25 00:00:00,0.1027235668,0.1027236581,9.124007268e-08,0,0
852,EUR_USD,2022-08-25 00:00:00,0.0009530146185,0.0009530186653,4.046777459e-09,0,0
853,GBP_USD,2022-08-25 00:00:00,0.002627618815,0.00262761116,7.654736898e-09,0,0
854,EUR_CAD,2022-08-26 00:00:00,0.972430037,0.97243011,7.293019189e-08,1,1
855,GBP_JPY,2022-08-29 00:00:00,0.04378748756,0.04378753901,5.144739535e-08,0,0
856,EUR_AUD,2022-08-30 00:00:00,0.9655774902,0.9655774832,6.999046454e-09,1,1
857,GBP_AUD,2022-08-30 00:00:00,0.007821652105,0.007821679115,2.701015481e-08,0,0
858,GBP_NZD,2022-08-30 00:00:00,0.04423051519,0.04423052073,5.538272334e-09,0,0
859,GBP_CAD,2022-09-01 08:00:00,0.001133275044,0.001133203506,7.153706688e-08,0,0
860,EUR_USD,2022-09-02 04:00:00,0.005602510287,0.005602478981,3.130621937e-08,0,0
861,GBP_AUD,2022-09-06 00:00:00,0.06020927903,0.0602093339,5.486361628e-08,0,0
862,GBP_CHF,2022-09-06 00:00:00,0.004718011608,0.004718005657,5.950588512e-09,0,0
863,NZD_USD,2022-09-06 00:00:00,0.001008966225,0.001008927822,3.840271904e-08,0,0
864,GBP_NZD,2022-09-08 04:00:00,0.01112103011,0.01112103462,4.515818955e-09,0,0
865,EUR_USD,2022-09-09 00:00:00,0.03918047551,0.03918045759,1.791561231e-08,0,0
866,GBP_CAD,2022-09-12 08:00:00,0.03905079155,0.04601550102,0.00696470947,0,0
867,NZD_CAD,2022-09-12 08:00:00,0.001549901928,0.001482903957,6.699797027e-05,0,0
868,AUD_USD,2022-09-12 16:00:00,0.01028749179,0.01028752327,3.14802747e-08,0,0
869,GBP_USD,2022-09-13 08:00:00,0.003319810712,0.003176450729,0.0001433599826,0,0
870,AUD_CAD,2022-09-16 16:00:00,0.09723652979,0.09723633528,1.94508692e-07,0,0
871,NZD_CAD,2022-09-16 16:00:00,0.002082857925,0.002082884312,2.638672973e-08,0,0
872,CAD_CHF,2022-09-19 00:00:00,0.002436472711,0.002436518669,4.595832958e-08,0,0
873,NZD_CAD,2022-09-22 08:00:00,0.002086646328,0.00226187706,0.000175230732,0,0
874,EUR_CHF,2022-09-26 08:00:00,0.03172847408,0.03169578314,3.269094451e-05,0,0
875,AUD_CHF,2022-09-27 00:00:00,0.001148472523,0.001148462296,1.022762165e-08,0,0
876,GBP_CAD,2022-09-27 00:00:00,0.9611037825,0.961103797,1.449334908e-08,1,1
877,GBP_CHF,2022-09-27 00:00:00,0.1941375615,0.1941375732,1.169345554e-08,0,0
878,GBP_JPY,2022-09-27 00:00:00,0.9616157696,0.9616157413,2.839031643e-08,1,1
879,GBP_USD,2022-09-27 00:00:00,0.9820673234,0.9820673466,2.314500469e-08,1,1
880,CAD_CHF,2022-09-27 04:00:00,0.007555449189,0.007555425167,2.402221911e-08,0,0
881,NZD_JPY,2022-09-27 08:00:00,0.00810826092,0.009358227253,0.001249966333,0,0
882,EUR_GBP,2022-09-27 16:00:00,0.001205822251,0.001205801964,2.028697225e-08,0,0
883,GBP_AUD,2022-09-28 20:00:00,0.06512982675,0.06512981653,1.02216548e-08,0,0
884,AUD_USD,2022-09-30 00:00:00,0.005717916968,0.005717873573,4.33951894e-08,0,0
885,GBP_NZD,2022-09-30 16:00:00,0.01061982222,0.01061987877,5.654584854e-08,0,0
886,EUR_GBP,2022-10-03 00:00:00,0.001771584694,0.001771628857,4.41624492e-08,0,0
887,NZD_JPY,2022-10-03 04:00:00,0.9880525612,0.9880526066,4.534219189e-08,1,1
888,NZD_USD,2022-10-03 04:00:00,0.02513106313,0.02513104677,1.635954585e-08,0,0
889,CHF_JPY,2022-10-04 04:00:00,0.02198753355,0.02198761702,8.347060514e-08,0,0
890,EUR_JPY,2022-10-04 04:00:00,0.008725648297,0.008725583553,6.474342006e-08,0,0
891,NZD_CAD,2022-10-05 04:00:00,0.00946014374,0.0094602108,6.706039617e-08,0,0
892,AUD_CHF,2022-10-05 20:00:00,0.007552723269,0.007552742958,1.968881382e-08,0,0
893,NZD_CHF,2022-10-05 20:00:00,0.08606317492,0.0860632062,3.12773564e-08,0,0
894,EUR_CHF,2022-10-06 00:00:00,0.002282629908,0.002282619476,1.043126736e-08,0,0
895,EUR_USD,2022-10-06 00:00:00,0.04136717004,0.04136711359,5.644531232e-08,0,0
896,CAD_CHF,2022-10-06 04:00:00,0.9642529908,0.9642529488,4.201257064e-08,1,1
897,EUR_GBP,2022-10-06 08:00:00,0.003371971796,0.003436625004,6.465320751e-05,0,0
898,EUR_JPY,2022-10-11 00:00:00,0.04444731427,0.04444730282,1.145226133e-08,0,0
899,NZD_CHF,2022-10-11 12:00:00,0.9740702889,0.9740703106,2.164671609e-08,1,1
900,GBP_CHF,2022-10-11 16:00:00,0.03431168222,0.03431171179,2.956859219e-08,0,0
901,AUD_JPY,2022-10-12 04:00:00,0.002580224014,0.002580285072,6.105838241e-08,0,0
902,USD_JPY,2022-10-12 12:00:00,0.9671282617,0.9671282172,4.446627688e-08,1,1
903,USD_CHF,2022-10-12 16:00:00,0.05284052091,0.05284053087,9.962093081e-09,0,0
904,EUR_CHF,2022-10-13 00:00:00,0.05858183997,0.05858188868,4.870280931e-08,0,0
905,AUD_CAD,2022-10-13 20:00:00,0.9776813217,0.9776813984,7.669207447e-08,1,1
906,AUD_CHF,2022-10-13 20:00:00,0.002420279448,0.002420246601,3.284672334e-08,0,0
907,AUD_USD,2022-10-13 20:00:00,0.04359996377,0.04360002279,5.902277405e-08,0,0
908,NZD_CAD,2022-10-13 20:00:00,0.9692348026,0.9692348242,2.160083656e-08,1,1
909,NZD_USD,2022-10-13 20:00:00,0.9703696705,0.970369637,3.344119337e-08,1,1
910,EUR_GBP,2022-10-14 08:00:00,0.021372414,0.02220547199,0.00083305799,0,0
911,EUR_USD,2022-10-17 00:00:00,0.9766692104,0.9766691923,1.813070771e-08,1,1
912,GBP_CHF,2022-10-17 08:00:00,0.00349904119,0.003555476665,5.643547553e-05,0,0
913,EUR_CAD,2022-10-21 08:00:00,0.02138732573,0.02089297771,0.0004943480155,0,0
914,CAD_JPY,2022-10-24 00:00:00,0.01202075752,0.01202082634,6.882413092e-08,0,0
915,AUD_NZD,2022-10-25 00:00:00,0.0002601000951,0.0002600550652,4.502991595e-08,0,0
916,AUD_USD,2022-10-25 00:00:00,0.964607269,0.9646072984,2.941157373e-08,1,1
917,EUR_NZD,2022-10-26 00:00:00,0.001453338173,0.001453340054,1.880447977e-09,0,0
918,EUR_AUD,2022-10-28 00:00:00,0.0001911857241,0.0001911520958,3.362831104e-08,0,0
919,USD_JPY,2022-10-28 00:00:00,0.001008967757,0.001008927822,3.993467456e-08,0,0
920,AUD_CHF,2022-10-31 00:00:00,0.03414504582,0.0341449976,4.822706377e-08,0,0
921,CAD_JPY,2022-10-31 00:00:00,0.00160536164,0.001605331898,2.974254273e-08,0,0
922,USD_CAD,2022-10-31 08:00:00,0.007196686261,0.007838666439,0.0006419801782,0,0
923,USD_CHF,2022-10-31 08:00:00,0.003206804805,0.004106163979,0.0008993591732,0,0
924,CAD_JPY,2022-11-03 08:00:00,0.0385308544,0.05255037546,0.01401952106,0,0
925,EUR_AUD,2022-11-07 00:00:00,0.005329524648,0.005329549313,2.466477312e-08,0,0
926,AUD_CHF,2022-11-07 08:00:00,7.334384293e-05,0.0001112222672,3.787842422e-05,0,0
927,GBP_NZD,2022-11-07 08:00:00,0.05280667656,0.07443904877,0.02163237221,0,0
928,EUR_CAD,2022-11-07 16:00:00,0.9734133518,0.9734134078,5.600632069e-08,1,1
929,EUR_NZD,2022-11-10 00:00:00,0.001240969474,0.001240968704,7.695439886e-10,0,0
930,AUD_CHF,2022-11-11 04:00:00,0.007139368525,0.007139384747,1.622185164e-08,0,0
931,CHF_JPY,2022-11-11 20:00:00,0.00185845995,0.001858472824,1.28742225e-08,0,0
932,AUD_NZD,2022-11-14 08:00:00,0.0005293927234,0.0009333491325,0.0004039564091,0,0
933,CAD_JPY,2022-11-14 08:00:00,0.001472779375,0.001688957214,0.0002161778391,0,0
934,USD_JPY,2022-11-16 00:00:00,0.02138525438,0.02138531208,5.769771204e-08,0,0
935,USD_CAD,2022-11-17 00:00:00,0.1707188956,0.1707189083,1.273340169e-08,0,0
936,CHF_JPY,2022-11-23 00:00:00,0.05677932319,0.0567792654,5.778148252e-08,0,0
937,GBP_JPY,2022-11-23 00:00:00,0.003529248686,0.003529191017,5.766930784e-08,0,0
938,GBP_USD,2022-11-24 00:00:00,0.01333821816,0.01333814859,6.956337678e-08,0,0
939,EUR_NZD,2022-11-24 04:00:00,0.006240890041,0.006240844727,4.531469307e-08,0,0
940,AUD_NZD,2022-11-25 00:00:00,0.002977631693,0.002977669239,3.754608612e-08,0,0
941,USD_CHF,2022-11-25 00:00:00,0.05645986022,0.05645984411,1.610491466e-08,0,0
942,CAD_JPY,2022-11-25 08:00:00,0.001846521924,0.002438783646,0.0005922617218,0,0
943,EUR_AUD,2022-11-30 00:00:00,0.04522370377,0.04522383213,1.283621831e-07,0,0
944,GBP_AUD,2022-11-30 00:00:00,0.01061858564,0.01061856747,1.817361989e-08,0,0
945,GBP_CHF,2022-11-30 00:00:00,0.1139989552,0.1139987707,1.844788754e-07,0,0
946,AUD_CHF,2022-12-02 04:00:00,0.0004328267702,0.0004327893257,3.744447159e-08,0,0
947,EUR_GBP,2022-12-02 04:00:00,0.9649821973,0.964982152,4.535830689e-08,1,1
948,GBP_JPY,2022-12-02 16:00:00,0.02585936569,0.02585941553,4.984427873e-08,0,0
949,GBP_USD,2022-12-05 00:00:00,0.007978708252,0.007978737354,2.910232788e-08,0,0
950,NZD_JPY,2022-12-05 00:00:00,0.01826375934,0.01826381683,5.749786271e-08,0,0
951,USD_JPY,2022-12-05 08:00:00,0.1813972863,0.2021401525,0.02074286611,0,0
952,CHF_JPY,2022-12-05 16:00:00,0.0558078331,0.0558077693,6.380308295e-08,0,0
953,EUR_AUD,2022-12-06 12:00:00,0.01782475354,0.01782470942,4.412651805e-08,0,0
954,GBP_AUD,2022-12-06 16:00:00,0.01553871756,0.01553863287,8.469086484e-08,0,0
955,CAD_JPY,2022-12-06 20:00:00,0.01456226896,0.01456236839,9.943180726e-08,0,0
956,EUR_NZD,2022-12-08 00:00:00,0.0006682440025,0.0006682276726,1.632997079e-08,0,0
957,USD_CHF,2022-12-08 00:00:00,0.02829038602,0.02829039097,4.952700063e-09,0,0
958,CAD_CHF,2022-12-08 08:00:00,0.001053753096,0.001182734966,0.0001289818705,0,0
959,GBP_NZD,2022-12-08 16:00:00,0.003743983806,0.003744006157,2.235103998e-08,0,0
960,NZD_CAD,2022-12-09 12:00:00,0.01102589891,0.01102590561,6.697492536e-09,0,0
961,EUR_AUD,2022-12-12 00:00:00,0.1362242434,0.1362242103,3.316199454e-08,0,0
962,AUD_CAD,2022-12-12 08:00:00,0.006907535864,0.01319628954,0.006288753675,0,0
963,EUR_CHF,2022-12-12 08:00:00,0.0332275746,0.04162526131,0.008397686704,0,0
964,GBP_USD,2022-12-12 08:00:00,0.006896162851,0.00840651989,0.001510357039,0,0
965,GBP_CHF,2022-12-13 04:00:00,0.03318508017,0.0331851244,4.422612392e-08,0,0
966,GBP_AUD,2022-12-14 00:00:00,0.01458134328,0.01458132267,2.06062872e-08,0,0
967,GBP_NZD,2022-12-14 00:00:00,0.002270699592,0.002270638943,6.064887636e-08,0,0
968,GBP_CAD,2022-12-14 04:00:00,0.01101291193,0.0110129714,5.946967737e-08,0,0
969,AUD_CHF,2022-12-14 08:00:00,0.006530766972,0.006227552891,0.0003032140813,0,0
970,AUD_JPY,2022-12-14 08:00:00,0.03215306783,0.03523463011,0.003081562276,0,0
971,EUR_NZD,2022-12-14 08:00:00,0.9689179296,0.9734264016,0.004508471974,1,1
972,NZD_USD,2022-12-14 08:00:00,0.0004024902391,0.0006051063538,0.0002026161146,0,0
973,EUR_JPY,2022-12-14 20:00:00,0.01689363913,0.01689362526,1.386999739e-08,0,0
974,USD_CHF,2022-12-15 16:00:00,0.1390450808,0.1390450001,8.06841817e-08,0,0
975,GBP_CHF,2022-12-19 00:00:00,0.0009379359928,0.0009378790855,5.690729562e-08,0,0
976,CAD_JPY,2022-12-20 00:00:00,0.001296430284,0.001296401024,2.925972872e-08,0,0
977,AUD_NZD,2022-12-20 16:00:00,0.980370756,0.98037076,3.992870479e-09,1,1
978,GBP_USD,2022-12-20 20:00:00,0.002774678362,0.002774715424,3.706117783e-08,0,0
979,AUD_CAD,2022-12-21 12:00:00,0.9845978685,0.9845979214,5.289318072e-08,1,1
980,AUD_CHF,2022-12-22 00:00:00,0.9363458427,0.9363459349,9.213435737e-08,1,1
981,EUR_USD,2022-12-22 00:00:00,0.001349335237,0.001349270344,6.489305247e-08,0,0
982,AUD_JPY,2022-12-26 08:00:00,0.02424317374,0.02459681034,0.0003536366047,0,0
983,CAD_JPY,2022-12-26 08:00:00,0.0002404113123,0.0004075169563,0.000167105644,0,0
984,CHF_JPY,2022-12-26 08:00:00,0.007345061319,0.006867825985,0.0004772353339,0,0
985,EUR_JPY,2022-12-26 08:00:00,0.0036748338,0.004119157791,0.0004443239914,0,0
986,GBP_JPY,2022-12-26 08:00:00,0.006652712901,0.008293390274,0.001640677373,0,0
988,USD_JPY,2022-12-26 08:00:00,0.006857392951,0.007095873356,0.0002384804044,0,0
987,NZD_JPY,2022-12-26 08:00:00,0.006444605713,0.006908774376,0.0004641686633,0,0
989,CAD_CHF,2022-12-27 00:00:00,0.02383867636,0.02383869886,2.250525213e-08,0,0
990,NZD_USD,2022-12-27 00:00:00,0.004010655456,0.004010617733,3.772310516e-08,0,0
991,GBP_CAD,2022-12-28 08:00:00,0.001506888079,0.00168299675,0.0001761086709,0,0
992,GBP_CHF,2022-12-28 08:00:00,0.005843669948,0.006798088551,0.0009544186025,0,0
993,NZD_CAD,2022-12-29 00:00:00,0.01907587523,0.01907587051,4.714795564e-09,0,0
994,GBP_USD,2022-12-29 08:00:00,0.008086313008,0.01158672571,0.003500412704,0,0
995,GBP_AUD,2022-12-30 00:00:00,0.0053811759,0.00538122654,5.06393189e-08,0,0
996,GBP_CHF,2023-01-02 16:00:00,0.9823917304,0.9823917747,4.430009859e-08,1,1
997,USD_CHF,2023-01-02 16:00:00,0.01823104117,0.01823103428,6.892460512e-09,0,0
998,GBP_USD,2023-01-04 00:00:00,0.003470218277,0.003470242023,2.374670125e-08,0,0
999,NZD_CAD,2023-01-04 00:00:00,0.002431025712,0.002431094646,6.893455034e-08,0,0
1000,CAD_JPY,2023-01-04 08:00:00,0.0665790784,0.07275259495,0.006173516547,0,0
1001,CHF_JPY,2023-01-04 08:00:00,0.004260253885,0.004447877407,0.0001876235224,0,0
1002,GBP_NZD,2023-01-04 16:00:00,0.1625134921,0.1625134349,5.716316995e-08,0,0
1003,EUR_USD,2023-01-05 00:00:00,0.001916187858,0.00191617012,1.773745471e-08,0,0
1004,AUD_JPY,2023-01-06 00:00:00,0.02328965095,0.02328962088,3.007678514e-08,0,0
1005,CAD_CHF,2023-01-06 00:00:00,0.01204341806,0.0120434165,1.563081071e-09,0,0
1006,EUR_JPY,2023-01-06 00:00:00,0.0510609895,0.0510610342,4.470426167e-08,0,0
1007,NZD_CHF,2023-01-06 04:00:00,0.9855205185,0.9855205417,2.320502557e-08,1,1
1008,GBP_JPY,2023-01-10 08:00:00,0.06527680935,0.07727718353,0.01200037418,0,0
1009,USD_JPY,2023-01-11 00:00:00,0.0002622508009,0.0002622008324,4.996854351e-08,0,0
1010,EUR_AUD,2023-01-11 12:00:00,0.0009641491203,0.0009641647339,1.561354673e-08,0,0
1011,EUR_CAD,2023-01-11 16:00:00,0.02822655426,0.02822655439,1.348268268e-10,0,0
1012,GBP_CAD,2023-01-12 00:00:00,0.09864834304,0.09864830971,3.333244204e-08,0,0
1013,GBP_AUD,2023-01-12 08:00:00,0.0009184466624,0.001022219658,0.0001037729955,0,0
1014,NZD_CAD,2023-01-13 20:00:00,0.0898762495,0.08987623453,1.497067842e-08,0,0
1015,EUR_USD,2023-01-16 00:00:00,0.004538483377,0.004538476467,6.909656411e-09,0,0
1016,CHF_JPY,2023-01-16 08:00:00,0.9862727081,0.9888634682,0.002590760059,1,1
1017,EUR_JPY,2023-01-16 08:00:00,0.9860253091,0.9869515896,0.0009262804882,1,1
1018,NZD_JPY,2023-01-16 08:00:00,0.1755789349,0.2349991202,0.05942018533,0,0
1019,CAD_JPY,2023-01-16 16:00:00,0.001610924922,0.00161087513,4.979278499e-08,0,0
1020,USD_CAD,2023-01-16 20:00:00,0.002845803232,0.002845883369,8.013784755e-08,0,0
1021,GBP_JPY,2023-01-17 00:00:00,0.973387055,0.9733870625,7.591665296e-09,1,1
1022,USD_JPY,2023-01-17 00:00:00,0.9596135516,0.9596135616,1.004964589e-08,1,1
1023,AUD_JPY,2023-01-18 00:00:00,0.01576584839,0.01576584578,2.616302914e-09,0,0
1024,NZD_USD,2023-01-18 00:00:00,0.01766609114,0.01766610146,1.031720422e-08,0,0
1025,CAD_CHF,2023-01-20 00:00:00,0.03779461537,0.0377946496,3.422770137e-08,0,0
1026,USD_CHF,2023-01-20 04:00:00,0.0007493706216,0.0007494091988,3.857712962e-08,0,0
1027,AUD_USD,2023-01-23 08:00:00,0.03500199738,0.04272431135,0.00772231397,0,0
1028,NZD_USD,2023-01-23 08:00:00,0.002700975247,0.00371491909,0.001013943843,0,0
1029,EUR_USD,2023-01-24 00:00:00,0.01416255498,0.01416260004,4.506395541e-08,0,0
1030,AUD_JPY,2023-01-25 00:00:00,0.01015806087,0.01015800238,5.849391748e-08,0,0
1031,CAD_JPY,2023-01-25 00:00:00,0.05498537363,0.05498540401,3.038531987e-08,0,0
1032,GBP_AUD,2023-01-31 00:00:00,0.003208358021,0.003208339214,1.880665774e-08,0,0
1033,EUR_GBP,2023-02-01 08:00:00,0.06728673387,0.09573739767,0.0284506638,0,0
1034,USD_CAD,2023-02-01 16:00:00,0.01212910671,0.01212912798,2.126775246e-08,0,0
1035,AUD_JPY,2023-02-02 08:00:00,0.02189540696,0.03293424845,0.01103884148,0,0
1036,CAD_JPY,2023-02-02 08:00:00,0.01126470885,0.01400601864,0.002741309792,0,0
1037,GBP_NZD,2023-02-06 08:00:00,0.9743865586,0.9823889136,0.008002355034,1,1
1038,CAD_JPY,2023-02-08 00:00:00,0.002602031892,0.002601981163,5.072874401e-08,0,0
1039,EUR_USD,2023-02-08 08:00:00,0.002395892285,0.002545773983,0.0001498816982,0,0
1040,GBP_CAD,2023-02-08 08:00:00,0.00139196269,0.00182390213,0.00043193944,0,0
1041,GBP_USD,2023-02-08 08:00:00,0.0006708499245,0.0007447600365,7.391011198e-05,0,0
1042,EUR_NZD,2023-02-08 16:00:00,0.02969223981,0.02969229221,5.240364171e-08,0,0
1043,EUR_CAD,2023-02-09 00:00:00,0.0007854855722,0.0007854700089,1.556337821e-08,0,0
1044,NZD_CAD,2023-02-09 00:00:00,0.004544908066,0.004544973373,6.530785745e-08,0,0
1045,NZD_USD,2023-02-09 00:00:00,0.02119074547,0.02119070292,4.255389061e-08,0,0
1046,AUD_JPY,2023-02-10 16:00:00,0.001623532356,0.001623511314,2.104196133e-08,0,0
1047,AUD_USD,2023-02-13 08:00:00,0.001339980173,0.001491129398,0.0001511492255,0,0
1048,EUR_AUD,2023-02-14 00:00:00,0.963455724,0.9634557962,7.221796572e-08,1,1
1049,EUR_NZD,2023-02-14 00:00:00,0.9642994232,0.9642995,7.677530522e-08,1,1
1050,GBP_AUD,2023-02-14 00:00:00,0.936289512,0.9362896085,9.649308996e-08,1,1
1051,GBP_CAD,2023-02-14 00:00:00,0.08161368423,0.08161354065,1.435831594e-07,0,0
1052,EUR_CHF,2023-02-14 08:00:00,0.9736296833,0.9792035818,0.005573898482,1,1
1053,CAD_JPY,2023-02-14 12:00:00,0.01337734156,0.01337736845,2.688526695e-08,0,0
1054,EUR_CAD,2023-02-15 08:00:00,0.9723709911,0.9721440673,0.0002269237635,1,1
1055,USD_CAD,2023-02-17 00:00:00,0.006402267357,0.006402254105,1.32524624e-08,0,0
1056,AUD_USD,2023-02-20 04:00:00,0.001924552005,0.001924514771,3.723412224e-08,0,0
1057,NZD_CAD,2023-02-21 00:00:00,0.0001799178856,0.0001799464226,2.853697334e-08,0,0
1058,USD_CHF,2023-02-21 00:00:00,0.01041000571,0.01041001081,5.100386872e-09,0,0
1059,GBP_USD,2023-02-21 08:00:00,0.04978525107,0.06206095219,0.01227570111,0,0
1060,EUR_USD,2023-02-23 04:00:00,0.02501810265,0.02501821518,1.125300113e-07,0,0
1061,GBP_CHF,2023-02-23 08:00:00,0.06763047197,0.07040196657,0.002771494603,0,0
1062,AUD_CAD,2023-02-24 00:00:00,0.0002891601427,0.0002891421318,1.801090452e-08,0,0
1063,AUD_CHF,2023-02-24 00:00:00,0.001552972674,0.00155287981,9.286332295e-08,0,0
1064,AUD_USD,2023-02-24 00:00:00,0.004244940206,0.004244923592,1.661472523e-08,0,0
1065,NZD_CHF,2023-02-24 00:00:00,0.002893425657,0.002893388271,3.7386018e-08,0,0
1066,NZD_USD,2023-02-24 00:00:00,0.01347047893,0.01347053051,5.157875086e-08,0,0
1067,GBP_CAD,2023-02-27 08:00:00,0.9796078347,0.9845332503,0.004925415607,1,1
1068,AUD_CAD,2023-03-03 00:00:00,0.00338788086,0.003387868404,1.245516438e-08,0,0
1069,AUD_CHF,2023-03-03 00:00:00,0.001771468631,0.001771390438,7.819302217e-08,0,0
1070,AUD_USD,2023-03-03 00:00:00,0.002561111398,0.002561092377,1.902085821e-08,0,0
1071,NZD_CHF,2023-03-03 00:00:00,0.000465543167,0.0004655122757,3.089130365e-08,0,0
1072,NZD_USD,2023-03-03 00:00:00,0.007011546545,0.007011473179,7.33661618e-08,0,0
1073,NZD_CAD,2023-03-03 12:00:00,0.01051077418,0.01051074266,3.151278373e-08,0,0
1074,EUR_USD,2023-03-07 00:00:00,0.003605314211,0.003605306149,8.062825177e-09,0,0
1075,NZD_USD,2023-03-13 12:00:00,0.110173726,0.1101737022,2.374712678e-08,0,0
1076,NZD_CHF,2023-03-13 16:00:00,0.009192909644,0.009192883968,2.567602689e-08,0,0
1077,EUR_JPY,2023-03-14 08:00:00,0.01400639511,0.02058756351,0.0065811684,0,0
1078,AUD_CAD,2023-03-14 20:00:00,0.1437991301,0.1437991858,5.560909114e-08,0,0
1079,AUD_JPY,2023-03-15 00:00:00,0.00382504765,0.003825068474,2.08238926e-08,0,0
1080,USD_JPY,2023-03-15 20:00:00,0.004653544515,0.004653513432,3.108295273e-08,0,0
1081,AUD_USD,2023-03-16 00:00:00,0.9874867559,0.9874867201,3.584701536e-08,1,1
1082,NZD_CAD,2023-03-16 08:00:00,0.03260602438,0.03724616766,0.004640143283,0,0
1083,CAD_CHF,2023-03-16 16:00:00,0.05069268583,0.0506927371,5.126991665e-08,0,0
1084,AUD_CHF,2023-03-17 00:00:00,0.03223745806,0.03223747015,1.20897606e-08,0,0
1085,EUR_USD,2023-03-17 00:00:00,0.9667643724,0.9667643905,1.806743777e-08,1,1
1086,CAD_JPY,2023-03-20 00:00:00,0.01029098535,0.01029103994,5.459080247e-08,0,0
1087,EUR_GBP,2023-03-20 00:00:00,0.1900440719,0.1900441051,3.314365282e-08,0,0
1088,EUR_JPY,2023-03-20 00:00:00,0.003296509717,0.003296554089,4.437127946e-08,0,0
1089,GBP_JPY,2023-03-20 00:00:00,0.001497256279,0.001497268677,1.239801081e-08,0,0
1090,USD_CHF,2023-03-20 08:00:00,0.01037325693,0.01192623377,0.001552976835,0,0
1091,AUD_JPY,2023-03-21 08:00:00,0.004387163524,0.005259811878,0.0008726483541,0,0
1092,CHF_JPY,2023-03-21 08:00:00,0.9788305946,0.9796125889,0.0007819942536,1,1
1093,USD_JPY,2023-03-21 08:00:00,0.001014132755,0.0009478926659,6.624008912e-05,0,0
1094,EUR_CHF,2023-03-22 04:00:00,0.004549265601,0.004549205303,6.029732481e-08,0,0
1095,GBP_CHF,2023-03-22 04:00:00,0.01463449002,0.01463449001,7.767618146e-12,0,0
1096,NZD_JPY,2023-03-22 08:00:00,0.002186849048,0.002186894417,4.536911573e-08,0,0
1097,AUD_CHF,2023-03-23 04:00:00,0.1336413361,0.1336414218,8.569069601e-08,0,0
1098,GBP_USD,2023-03-23 04:00:00,0.004210681192,0.004210650921,3.027089173e-08,0,0
1099,NZD_USD,2023-03-23 04:00:00,0.01624072625,0.01624071598,1.027243593e-08,0,0
1100,AUD_JPY,2023-03-27 08:00:00,0.9919662711,0.9944949746,0.002528703471,1,1
1101,CAD_JPY,2023-03-27 08:00:00,0.9676380597,0.9768124223,0.009174362534,1,1
1102,EUR_JPY,2023-03-27 08:00:00,0.9649632777,0.9637585282,0.001204749429,1,1
1103,GBP_JPY,2023-03-27 08:00:00,0.980156328,0.9862383604,0.006082032428,1,1
1104,NZD_JPY,2023-03-27 16:00:00,0.9656475847,0.9656475186,6.610162828e-08,1,1
1105,AUD_NZD,2023-03-28 00:00:00,0.02128973304,0.02128970623,2.681158166e-08,0,0
1106,AUD_CHF,2023-03-28 16:00:00,0.04753591677,0.0475358367,8.007346455e-08,0,0
1107,NZD_USD,2023-03-30 16:00:00,0.05698061243,0.05698060989,2.531300364e-09,0,0
1108,AUD_CAD,2023-03-31 00:00:00,0.007106197947,0.007106244564,4.661736063e-08,0,0
1109,EUR_CHF,2023-03-31 08:00:00,0.001006076189,0.001416563988,0.0004104877989,0,0
1110,USD_CHF,2023-03-31 08:00:00,0.0005297445852,0.000937640667,0.0004078960818,0,0
1111,USD_JPY,2023-03-31 08:00:00,0.02186760955,0.02186763287,2.331195193e-08,0,0
1112,AUD_CHF,2023-04-03 08:00:00,0.005147947958,0.01077222824,0.005624280283,0,0
1113,CAD_CHF,2023-04-03 08:00:00,0.00659221401,0.007601082325,0.001008868315,0,0
1114,AUD_NZD,2023-04-05 00:00:00,0.01415015459,0.01415020227,4.76811202e-08,0,0
1115,USD_JPY,2023-04-06 08:00:00,0.9700977169,0.9761512876,0.006053570655,1,1
1116,EUR_CHF,2023-04-06 16:00:00,0.0009436060154,0.0009436011314,4.883989917e-09,0,0
1117,EUR_AUD,2023-04-12 00:00:00,0.03326696718,0.03326702118,5.400380804e-08,0,0
1118,GBP_USD,2023-04-12 00:00:00,0.01903325967,0.0190333128,5.312798083e-08,0,0
1119,AUD_NZD,2023-04-12 04:00:00,0.05026495561,0.05026507378,1.181637479e-07,0,0
1120,EUR_NZD,2023-04-13 00:00:00,0.004526114425,0.004526078701,3.572446704e-08,0,0
1121,AUD_CAD,2023-04-13 04:00:00,0.003215131769,0.003215193748,6.197982722e-08,0,0
1122,NZD_CAD,2023-04-13 08:00:00,0.01972163726,0.02251636982,0.002794732562,0,0
1123,CAD_CHF,2023-04-17 00:00:00,0.002213752251,0.002213716507,3.574421641e-08,0,0
1124,AUD_CHF,2023-04-17 16:00:00,0.0009398913077,0.0009399056435,1.433576687e-08,0,0
1125,NZD_USD,2023-04-18 00:00:00,0.0003331165413,0.000333070755,4.578630693e-08,0,0
1126,EUR_CHF,2023-04-18 08:00:00,0.00409635748,0.004152715206,5.635772618e-05,0,0
1127,GBP_CHF,2023-04-18 08:00:00,0.0007775513139,0.0008611679077,8.361659384e-05,0,0
1128,EUR_AUD,2023-04-18 16:00:00,0.9793091735,0.979309082,9.142646684e-08,1,1
1129,AUD_CAD,2023-04-19 00:00:00,0.001988409503,0.00198841095,1.446346735e-09,0,0
1130,NZD_CAD,2023-04-19 00:00:00,0.1419674998,0.1419674754,2.438806421e-08,0,0
1131,GBP_AUD,2023-04-20 00:00:00,0.003669845753,0.003669798374,4.737843201e-08,0,0
1132,GBP_USD,2023-04-24 08:00:00,0.004047327186,0.00404727459,5.259688709e-08,0,0
1133,GBP_CAD,2023-04-25 08:00:00,0.04476240831,0.06285864115,0.01809623284,0,0
1134,GBP_AUD,2023-04-25 16:00:00,0.003638137006,0.003638088703,4.830302029e-08,0,0
1135,NZD_CHF,2023-04-25 16:00:00,0.004661496785,0.004661560059,6.32735838e-08,0,0
1136,GBP_NZD,2023-04-26 04:00:00,0.000832197669,0.0008322000504,2.381357387e-09,0,0
1137,EUR_CHF,2023-04-26 08:00:00,0.0006289153869,0.001019060612,0.0003901452248,0,0
1138,GBP_CHF,2023-04-26 08:00:00,0.9607722644,0.9604539871,0.0003182772551,1,1
1139,CAD_CHF,2023-04-27 08:00:00,0.0003714969028,0.0004126429558,4.114605297e-05,0,0
1140,USD_CHF,2023-04-27 08:00:00,0.0001823178288,0.0002147555351,3.243770637e-05,0,0
1141,EUR_CAD,2023-04-28 00:00:00,0.0003255374024,0.0003255605698,2.316737349e-08,0,0
1142,USD_CAD,2023-04-28 04:00:00,0.003902190716,0.003902196884,6.168260037e-09,0,0
1143,NZD_USD,2023-05-03 00:00:00,0.04432722557,0.04432719946,2.610857006e-08,0,0
1144,CAD_CHF,2023-05-05 08:00:00,0.9837351545,0.9838724732,0.0001373187759,1,1
1145,NZD_CHF,2023-05-08 08:00:00,0.02984710212,0.03627449274,0.006427390625,0,0
1146,USD_CHF,2023-05-09 08:00:00,0.1051098827,0.1082825661,0.003172683405,0,0
1147,GBP_NZD,2023-05-09 16:00:00,0.01240342358,0.01240342855,4.974322596e-09,0,0
1148,USD_CAD,2023-05-10 08:00:00,0.08081846522,0.09606969357,0.01525122834,0,0
1149,AUD_CAD,2023-05-11 00:00:00,0.04857529896,0.04857540131,1.023504701e-07,0,0
1150,AUD_CHF,2023-05-11 00:00:00,0.0003049956315,0.0003049373627,5.826882713e-08,0,0
1151,EUR_AUD,2023-05-11 16:00:00,0.0511341356,0.0511341691,3.350032789e-08,0,0
1152,AUD_USD,2023-05-12 00:00:00,0.0009369516926,0.0009369254112,2.628132719e-08,0,0
1153,EUR_GBP,2023-05-16 00:00:00,0.009328723613,0.009328722954,6.594510181e-10,0,0
1154,EUR_USD,2023-05-16 00:00:00,0.01244166368,0.01244163513,2.854884618e-08,0,0
1155,EUR_NZD,2023-05-16 08:00:00,0.001878023973,0.00196570158,8.767760693e-05,0,0
1156,NZD_USD,2023-05-17 00:00:00,0.006516484612,0.006516516209,3.159673343e-08,0,0
1157,EUR_CHF,2023-05-17 08:00:00,0.002108591672,0.002177476883,6.888521103e-05,0,0
1158,CHF_JPY,2023-05-17 16:00:00,0.977476477,0.977476418,5.898686628e-08,1,1
1159,NZD_CHF,2023-05-22 16:00:00,0.002283242138,0.002283215523,2.661557795e-08,0,0
1160,AUD_CHF,2023-05-23 00:00:00,0.004681068298,0.004681050777,1.752091375e-08,0,0
1161,CAD_JPY,2023-05-23 00:00:00,0.9778793107,0.9778793454,3.468387411e-08,1,1
1162,GBP_AUD,2023-05-23 16:00:00,0.04142154362,0.04142159224,4.861998358e-08,0,0
1163,GBP_JPY,2023-05-23 16:00:00,0.9652870308,0.9652870297,1.071059463e-09,1,1
1164,GBP_USD,2023-05-24 00:00:00,0.0006381900827,0.0006381869316,3.151127552e-09,0,0
1165,EUR_AUD,2023-05-24 04:00:00,0.02217713978,0.02217715979,2.000453012e-08,0,0
1166,EUR_CHF,2023-05-24 04:00:00,0.002411879294,0.002411842346,3.694763393e-08,0,0
1167,EUR_NZD,2023-05-24 04:00:00,0.01637334608,0.01637333632,9.764490001e-09,0,0
1168,EUR_USD,2023-05-24 04:00:00,0.003127357202,0.003127396107,3.890423971e-08,0,0
1169,GBP_NZD,2023-05-24 16:00:00,0.9838036364,0.9838036299,6.535893493e-09,1,1
1170,AUD_NZD,2023-05-25 00:00:00,0.9775879101,0.9775878191,9.102568876e-08,1,1
1171,USD_CAD,2023-05-25 04:00:00,0.05456537263,0.05456537008,2.551142686e-09,0,0
1172,EUR_JPY,2023-05-25 16:00:00,0.03166202605,0.03166204691,2.085836146e-08,0,0
1173,AUD_JPY,2023-05-26 08:00:00,0.03025849273,0.0377805233,0.007522030571,0,0
1174,AUD_CAD,2023-05-29 00:00:00,0.02398811692,0.02398818731,7.039404464e-08,0,0
1175,AUD_USD,2023-05-29 00:00:00,0.004283593793,0.004283607006,1.321296412e-08,0,0
1176,NZD_USD,2023-05-29 00:00:00,0.01131412517,0.01131415367,2.849640021e-08,0,0
1177,GBP_USD,2023-05-29 16:00:00,0.9777216384,0.9777216315,6.880481074e-09,1,1
1178,EUR_CHF,2023-05-30 16:00:00,0.000734137481,0.0007341504097,1.292866359e-08,0,0
1179,EUR_CAD,2023-05-31 00:00:00,0.0008583929251,0.0008584260941,3.316892904e-08,0,0
1180,GBP_CAD,2023-05-31 00:00:00,0.0002402587688,0.0002402663231,7.554299732e-09,0,0
1181,AUD_CHF,2023-05-31 16:00:00,0.9726004068,0.9726004601,5.323552366e-08,1,1
1182,AUD_USD,2023-06-01 12:00:00,0.07208590863,0.07208579779,1.10845834e-07,0,0
1183,EUR_GBP,2023-06-02 08:00:00,0.002080517229,0.002783894539,0.0007033773102,0,0
1184,USD_JPY,2023-06-05 08:00:00,0.004913590709,0.005780816078,0.0008672253692,0,0
1185,NZD_CAD,2023-06-05 16:00:00,0.03200939856,0.03200948238,8.382173688e-08,0,0
1186,AUD_JPY,2023-06-06 16:00:00,0.01626718468,0.01626712084,6.383864779e-08,0,0
1187,EUR_USD,2023-06-07 00:00:00,0.9778122705,0.9778122306,3.9940246e-08,1,1
1188,NZD_USD,2023-06-07 00:00:00,0.09459313088,0.0945930481,8.277979735e-08,0,0
1189,AUD_CAD,2023-06-07 08:00:00,0.0223073653,0.04104757309,0.01874020779,0,0
1190,EUR_CAD,2023-06-09 00:00:00,0.1215570568,0.1215571165,5.975506129e-08,0,0
1191,EUR_JPY,2023-06-09 00:00:00,0.957344732,0.9573447704,3.839606111e-08,1,1
1192,GBP_CAD,2023-06-09 00:00:00,0.9711578199,0.9711577296,9.02421049e-08,1,1
1193,USD_CAD,2023-06-09 00:00:00,0.007320420529,0.007320404053,1.647592617e-08,0,0
1194,NZD_CAD,2023-06-12 08:00:00,0.0356791974,0.0480966568,0.0124174594,0,0
1195,NZD_CHF,2023-06-12 08:00:00,0.02343469286,0.02911788225,0.005683189391,0,0
1196,NZD_JPY,2023-06-12 08:00:00,0.9611188967,0.9677788019,0.006659905196,1,1
1197,NZD_USD,2023-06-12 08:00:00,0.03086637742,0.03186321259,0.0009968351642,0,0
1198,GBP_AUD,2023-06-13 16:00:00,0.9889709128,0.9889709949,8.21112478e-08,1,1
1199,AUD_CAD,2023-06-15 04:00:00,0.008325740117,0.008325755596,1.547867849e-08,0,0
1200,USD_CAD,2023-06-15 04:00:00,0.0009961067394,0.0009960532188,5.352052602e-08,0,0
1201,USD_JPY,2023-06-16 16:00:00,0.01097207464,0.01097214222,6.757719803e-08,0,0
1202,EUR_CAD,2023-06-19 00:00:00,0.01564204424,0.01564204693,2.692453697e-09,0,0
1203,EUR_GBP,2023-06-21 08:00:00,0.03954979753,0.04312974215,0.00357994462,0,0
1204,EUR_CHF,2023-06-22 08:00:00,0.00202630362,0.002412438393,0.0003861347731,0,0
1205,GBP_CHF,2023-06-22 08:00:00,0.0006267091082,0.0008082985878,0.0001815894796,0,0
1206,EUR_AUD,2023-06-22 16:00:00,0.9745527468,0.9745527506,3.81826204e-09,1,1
1207,EUR_GBP,2023-06-27 00:00:00,0.05904181927,0.05904185772,3.84488127e-08,0,0
1208,EUR_CAD,2023-06-27 08:00:00,0.9839480136,0.9862217307,0.002273717121,1,1
1209,EUR_CHF,2023-06-28 08:00:00,0.002410826507,0.003222167492,0.0008113409853,0,0
1210,USD_CAD,2023-06-29 04:00:00,0.01640562241,0.01640564203,1.962652772e-08,0,0
1211,NZD_USD,2023-06-30 04:00:00,0.9877696779,0.9877696633,1.460374088e-08,1,1
1212,GBP_CHF,2023-06-30 08:00:00,0.0007421115568,0.0007953047752,5.319321847e-05,0,0
1213,AUD_CAD,2023-06-30 20:00:00,0.03196972024,0.03196978569,6.544604196e-08,0,0
1214,NZD_CAD,2023-07-04 00:00:00,0.0303194746,0.03031951189,3.728773839e-08,0,0
1215,USD_CAD,2023-07-06 12:00:00,0.02743398954,0.02743393183,5.771229797e-08,0,0
1216,EUR_GBP,2023-07-12 08:00:00,0.1775961241,0.1949517131,0.01735558894,0,0
1217,CHF_JPY,2023-07-17 08:00:00,0.005071002412,0.006344556808,0.001273554397,0,0
1218,USD_CAD,2023-07-18 08:00:00,0.1800953367,0.1906450391,0.01054970238,0,0
1219,USD_CHF,2023-07-19 16:00:00,0.9730037741,0.9730037451,2.90598613e-08,1,1
1220,CAD_CHF,2023-07-20 08:00:00,0.08969878856,0.09525042772,0.005551639158,0,0
1221,EUR_CHF,2023-07-20 08:00:00,0.01007446226,0.01253777742,0.002463315165,0,0
1222,EUR_NZD,2023-07-20 12:00:00,0.002771727124,0.002771794796,6.767173516e-08,0,0
1223,GBP_NZD,2023-07-21 00:00:00,0.9590508908,0.959051013,1.221689223e-07,1,1
1224,GBP_JPY,2023-07-21 20:00:00,0.01478942989,0.01478940248,2.740660849e-08,0,0
1225,NZD_CHF,2023-07-24 16:00:00,0.002278814753,0.002278864384,4.963085025e-08,0,0
1226,GBP_CHF,2023-07-25 04:00:00,0.04927379583,0.04927378893,6.896883856e-09,0,0
1227,GBP_USD,2023-07-27 04:00:00,0.006014951141,0.006014883518,6.76232466e-08,0,0
1228,CAD_JPY,2023-07-27 12:00:00,0.0004021934386,0.0004021525383,4.090030917e-08,0,0
1229,USD_CAD,2023-07-28 04:00:00,0.004187189813,0.004187166691,2.312197681e-08,0,0
1230,EUR_CHF,2023-07-28 16:00:00,0.005723934224,0.005723893642,4.058109718e-08,0,0
1231,EUR_NZD,2023-07-28 16:00:00,0.04838356908,0.04838359356,2.447652892e-08,0,0
1232,AUD_CHF,2023-07-31 00:00:00,0.04793977543,0.04793983698,6.155342879e-08,0,0
1233,AUD_JPY,2023-07-31 00:00:00,0.04504576836,0.04504579306,2.469836277e-08,0,0
1234,USD_JPY,2023-08-01 00:00:00,0.983404025,0.9834039807,4.423007582e-08,1,1
1235,CAD_CHF,2023-08-02 08:00:00,0.0008411740229,0.001378417015,0.0005372429921,0,0
1236,CHF_JPY,2023-08-02 16:00:00,0.05646102215,0.0564609766,4.554663134e-08,0,0
1237,USD_CAD,2023-08-03 04:00:00,0.9811701575,0.9811701179,3.959657036e-08,1,1
1238,AUD_CAD,2023-08-04 00:00:00,0.0007679875115,0.0007679462433,4.126816698e-08,0,0
1239,AUD_USD,2023-08-04 00:00:00,0.002343089424,0.002343177795,8.837096909e-08,0,0
1240,GBP_CHF,2023-08-04 00:00:00,0.06214139349,0.06214147806,8.456712813e-08,0,0
1241,GBP_USD,2023-08-04 00:00:00,0.007016108355,0.007016062737,4.56185759e-08,0,0
1242,NZD_CAD,2023-08-04 00:00:00,0.002382974796,0.002382993698,1.890216645e-08,0,0
1243,NZD_JPY,2023-08-04 00:00:00,0.01498154405,0.01498156786,2.381333778e-08,0,0
1244,GBP_CAD,2023-08-04 12:00:00,0.03537407544,0.03537404537,3.006977766e-08,0,0
1245,EUR_NZD,2023-08-07 16:00:00,0.02431798285,0.02431792021,6.264275493e-08,0,0
1246,EUR_JPY,2023-08-08 20:00:00,0.01676209748,0.01676213741,3.992993655e-08,0,0
1247,NZD_CHF,2023-08-08 20:00:00,0.02802890855,0.02802890539,3.158461086e-09,0,0
1248,AUD_CHF,2023-08-09 04:00:00,0.00589875229,0.00589877367,2.13799931e-08,0,0
1249,GBP_AUD,2023-08-10 20:00:00,0.04539692809,0.04539692402,4.075764504e-09,0,0
1250,AUD_NZD,2023-08-15 00:00:00,0.002503912157,0.002503931522,1.936564613e-08,0,0
1251,CAD_CHF,2023-08-16 08:00:00,0.0007614489257,0.001106321812,0.000344872886,0,0
1252,AUD_CHF,2023-08-18 16:00:00,0.9879753993,0.9879754186,1.926150484e-08,1,1
1253,NZD_CHF,2023-08-18 16:00:00,0.000672147459,0.0006721019745,4.548448958e-08,0,0
1254,EUR_USD,2023-08-21 08:00:00,0.003172316872,0.003739833832,0.0005675169602,0,0
1255,GBP_JPY,2023-08-21 12:00:00,0.02439810794,0.02439802885,7.908696839e-08,0,0
1256,AUD_CAD,2023-08-21 16:00:00,0.1604589888,0.160458982,6.858197149e-09,0,0
1257,NZD_JPY,2023-08-21 20:00:00,0.9394243563,0.9394242764,7.992997231e-08,1,1
1258,CAD_CHF,2023-08-22 08:00:00,0.9569039494,0.9626464248,0.005742475411,1,1
1259,AUD_USD,2023-08-23 00:00:00,0.1110488248,0.1110488176,7.196581539e-09,0,0
1260,NZD_USD,2023-08-23 00:00:00,0.0005190586791,0.0005189776421,8.10370118e-08,0,0
1261,NZD_CAD,2023-08-23 16:00:00,0.05420946968,0.05420947075,1.071132821e-09,0,0
1262,CAD_JPY,2023-08-24 04:00:00,0.03108039781,0.03108042479,2.697136e-08,0,0
1263,EUR_CHF,2023-08-24 08:00:00,0.03244343495,0.05340045691,0.02095702196,0,0
1264,GBP_JPY,2023-08-25 12:00:00,0.001427692552,0.001427650452,4.21002016e-08,0,0
1265,EUR_AUD,2023-08-25 16:00:00,0.001097082346,0.001097083092,7.453226972e-10,0,0
1266,EUR_USD,2023-08-28 04:00:00,0.005622622755,0.005622684956,6.220017861e-08,0,0
1267,AUD_NZD,2023-08-28 16:00:00,0.05373184241,0.05373179913,4.328059568e-08,0,0
1268,EUR_CAD,2023-08-31 00:00:00,0.0004178633334,0.0004178881645,2.483110552e-08,0,0
1269,AUD_USD,2023-09-04 00:00:00,0.006451492796,0.006451547146,5.434935084e-08,0,0
1270,GBP_USD,2023-09-04 04:00:00,0.0002055349097,0.0002055764198,4.151012996e-08,0,0
1271,CAD_JPY,2023-09-04 16:00:00,0.9712942702,0.9712942243,4.589410452e-08,1,1
1272,NZD_CHF,2023-09-05 16:00:00,0.9688026929,0.9688026309,6.202836267e-08,1,1
1273,EUR_AUD,2023-09-06 00:00:00,0.005383084777,0.005383074284,1.049386102e-08,0,0
1274,AUD_NZD,2023-09-06 16:00:00,0.06570894876,0.06570893526,1.350118653e-08,0,0
1275,NZD_USD,2023-09-07 08:00:00,0.9564299011,0.9587571025,0.002327201435,1,1
1276,EUR_CAD,2023-09-08 00:00:00,0.0003195156139,0.000319480896,3.471786435e-08,0,0
1277,NZD_CAD,2023-09-08 00:00:00,0.004478859709,0.004478812218,4.749172573e-08,0,0
1278,EUR_GBP,2023-09-08 16:00:00,0.0541167687,0.05411678553,1.682675722e-08,0,0
1279,EUR_AUD,2023-09-12 16:00:00,0.002379522498,0.002379596233,7.373553151e-08,0,0
1280,GBP_JPY,2023-09-12 16:00:00,0.001122176999,0.001122176647,3.521646694e-10,0,0
1281,AUD_USD,2023-09-14 00:00:00,0.03404720885,0.03404712677,8.207574376e-08,0,0
1282,EUR_GBP,2023-09-18 08:00:00,0.9559967269,0.9642746449,0.008277917987,1,1
1283,USD_CHF,2023-09-19 16:00:00,0.005751883346,0.005751848221,3.512480199e-08,0,0
1284,AUD_NZD,2023-09-20 08:00:00,0.001771684092,0.002065300941,0.0002936168491,0,0
1285,EUR_CAD,2023-09-20 16:00:00,0.005837103287,0.005837142467,3.91800093e-08,0,0
1286,GBP_JPY,2023-09-20 16:00:00,0.006612454411,0.006612539291,8.4879967e-08,0,0
1287,GBP_USD,2023-09-20 16:00:00,0.002812199652,0.002812206745,7.09356147e-09,0,0
1288,NZD_CAD,2023-09-21 08:00:00,0.9922066529,0.9937637448,0.001557091891,1,1
1289,USD_CHF,2023-09-26 00:00:00,0.03429496417,0.03429502249,5.831322442e-08,0,0
1290,AUD_JPY,2023-09-28 04:00:00,0.01128565761,0.01128572226,6.464372198e-08,0,0
1291,GBP_JPY,2023-09-29 00:00:00,0.003472797384,0.003472745419,5.196558871e-08,0,0
1292,USD_JPY,2023-09-29 16:00:00,0.00280514913,0.002805113792,3.533752022e-08,0,0
1293,USD_CAD,2023-10-02 04:00:00,0.9636808809,0.9636808038,7.71019022e-08,1,1
1294,AUD_NZD,2023-10-03 00:00:00,0.008327816922,0.008327901363,8.444154572e-08,0,0
1295,CHF_JPY,2023-10-04 08:00:00,0.9876488419,0.9910767078,0.003427865932,1,1
1296,EUR_CAD,2023-10-04 08:00:00,0.9653255867,0.9651986361,0.0001269506787,1,1
1297,EUR_USD,2023-10-04 08:00:00,0.9826928252,0.9848822951,0.002189469927,1,1
1298,GBP_CAD,2023-10-04 08:00:00,0.9618705734,0.9659680128,0.004097439405,1,1
1299,GBP_JPY,2023-10-04 08:00:00,0.9863478483,0.9873467088,0.0009988604362,1,1
1300,GBP_NZD,2023-10-04 12:00:00,0.02248647615,0.02248644829,2.786288882e-08,0,0
1301,AUD_CAD,2023-10-05 00:00:00,0.0809857031,0.08098572493,2.182396704e-08,0,0
1302,AUD_USD,2023-10-05 00:00:00,0.0766115118,0.07661157846,6.666837343e-08,0,0
1303,GBP_USD,2023-10-05 04:00:00,0.05198695556,0.05198699236,3.679985856e-08,0,0
1304,EUR_JPY,2023-10-10 00:00:00,0.9793026066,0.9793025851,2.144072619e-08,1,1
1305,GBP_CHF,2023-10-10 08:00:00,0.05064394039,0.06326889992,0.01262495953,0,0
1306,EUR_AUD,2023-10-11 16:00:00,0.07379383074,0.07379388809,5.735330803e-08,0,0
1307,EUR_NZD,2023-10-13 20:00:00,0.9629624558,0.962962389,6.678296072e-08,1,1
1308,GBP_NZD,2023-10-13 20:00:00,0.06635365225,0.0663536191,3.314877037e-08,0,0
1309,AUD_NZD,2023-10-16 08:00:00,0.9695345432,0.9691597819,0.0003747612877,1,1
1310,USD_CHF,2023-10-16 08:00:00,0.01182835129,0.01436680555,0.002538454267,0,0
1311,AUD_JPY,2023-10-16 16:00:00,0.969846745,0.9698467255,1.951049078e-08,1,1
1312,AUD_CHF,2023-10-17 00:00:00,0.0004014411745,0.0004014372826,3.891969455e-09,0,0
1313,USD_JPY,2023-10-17 08:00:00,0.01554592184,0.0191488266,0.00360290476,0,0
1314,AUD_CAD,2023-10-17 12:00:00,0.9557942511,0.9557942748,2.367909879e-08,1,1
1315,AUD_USD,2023-10-19 12:00:00,0.07106152478,0.07106155157,2.678755352e-08,0,0
1316,GBP_AUD,2023-10-20 20:00:00,0.07664987437,0.07664978504,8.933154004e-08,0,0
1317,AUD_CHF,2023-10-23 00:00:00,0.9788719643,0.9788720012,3.686112571e-08,1,1
1318,NZD_CHF,2023-10-23 00:00:00,0.977227839,0.9772278666,2.763594842e-08,1,1
1319,USD_CHF,2023-10-23 00:00:00,0.01211432456,0.01211440563,8.107612937e-08,0,0
1320,NZD_JPY,2023-10-25 00:00:00,0.002777110334,0.002777099609,1.072472298e-08,0,0
1321,NZD_USD,2023-10-25 00:00:00,0.004919610067,0.00491964817,3.810365542e-08,0,0
1322,EUR_CHF,2023-10-25 16:00:00,0.9469527801,0.9469528198,3.974386031e-08,1,1
1323,GBP_CHF,2023-10-25 16:00:00,0.1714973852,0.1714974642,7.900526083e-08,0,0
1324,USD_JPY,2023-10-26 04:00:00,0.02627773937,0.02627766132,7.804397163e-08,0,0
1325,GBP_USD,2023-10-30 08:00:00,0.970308792,0.9801473618,0.009838569776,1,1
1326,NZD_JPY,2023-10-30 08:00:00,0.9620490087,0.9725094438,0.01046043509,1,1
1327,GBP_AUD,2023-10-30 16:00:00,0.00519333537,0.005193293095,4.227535863e-08,0,0
1328,CAD_JPY,2023-10-31 00:00:00,0.9901264446,0.9901264906,4.600094439e-08,1,1
1329,USD_JPY,2023-11-06 00:00:00,0.9686733857,0.968673408,2.231952168e-08,1,1
1330,EUR_AUD,2023-11-07 00:00:00,0.08429613491,0.0842961669,3.199036046e-08,0,0
1331,GBP_AUD,2023-11-08 16:00:00,0.01279503142,0.01279497147,5.995284939e-08,0,0
1332,AUD_USD,2023-11-13 08:00:00,0.9813034165,0.9822888374,0.0009854209511,1,1
1333,NZD_USD,2023-11-15 04:00:00,0.08880987367,0.08880984783,2.583366961e-08,0,0
1334,CAD_CHF,2023-11-16 08:00:00,0.004345589477,0.004978060722,0.0006324712456,0,0
1335,GBP_AUD,2023-11-16 16:00:00,0.006990326481,0.00699031353,1.295095358e-08,0,0
1336,USD_JPY,2023-11-22 04:00:00,0.0006365851085,0.0006365180016,6.710696183e-08,0,0
1337,CAD_CHF,2023-11-22 08:00:00,0.005416676546,0.007364094257,0.001947417711,0,0
1338,NZD_USD,2023-11-23 00:00:00,0.9528292612,0.9528293014,4.015753707e-08,1,1
1339,NZD_CAD,2023-11-29 00:00:00,0.005310415036,0.005310416222,1.18596854e-09,0,0
1340,USD_JPY,2023-11-30 08:00:00,0.005762296186,0.005779862404,1.756621825e-05,0,0
1341,GBP_JPY,2023-11-30 16:00:00,0.0002139399616,0.0002139210701,1.889151962e-08,0,0
1342,GBP_CAD,2023-12-04 08:00:00,0.001827738393,0.002655684948,0.0008279465554,0,0
1343,EUR_CAD,2023-12-05 00:00:00,0.006574360596,0.006574392319,3.172224078e-08,0,0
1344,EUR_USD,2023-12-05 00:00:00,0.0002812241948,0.0002812743187,5.012387668e-08,0,0
1345,EUR_AUD,2023-12-05 12:00:00,0.01143080424,0.01143074036,6.387968326e-08,0,0
1346,GBP_AUD,2023-12-05 12:00:00,0.004705994032,0.004705965519,2.851266743e-08,0,0
1347,USD_CHF,2023-12-05 16:00:00,0.001770186922,0.001770198345,1.142299335e-08,0,0
1348,USD_CAD,2023-12-05 20:00:00,0.02410061633,0.02410060167,1.465399778e-08,0,0
1349,CHF_JPY,2023-12-06 00:00:00,0.006255290887,0.006255328655,3.776825103e-08,0,0
1350,NZD_CAD,2023-12-06 00:00:00,0.03032908821,0.03032904863,3.957253067e-08,0,0
1351,CAD_CHF,2023-12-08 00:00:00,0.03313614777,0.03313618898,4.121267678e-08,0,0
1352,EUR_GBP,2023-12-08 08:00:00,0.005356268279,0.005709648132,0.0003533798536,0,0
1353,USD_JPY,2023-12-08 08:00:00,0.004636180387,0.004456222057,0.0001799583299,0,0
1354,GBP_NZD,2023-12-08 12:00:00,0.01201824737,0.01201826334,1.59733678e-08,0,0
1355,CAD_JPY,2023-12-08 20:00:00,0.1225500787,0.1225500107,6.799203708e-08,0,0
1356,EUR_JPY,2023-12-08 20:00:00,0.05383493955,0.05383491516,2.438680026e-08,0,0
1357,EUR_AUD,2023-12-11 00:00:00,0.001305595958,0.001305520535,7.54234819e-08,0,0
1358,EUR_NZD,2023-12-11 00:00:00,0.003201866067,0.003201782703,8.336313269e-08,0,0
1359,EUR_USD,2023-12-11 00:00:00,0.0563176355,0.05631762743,8.066798146e-09,0,0
1360,GBP_AUD,2023-12-11 00:00:00,0.0006861794746,0.0006861686707,1.080394448e-08,0,0
1361,AUD_JPY,2023-12-11 08:00:00,0.03582142425,0.05446338654,0.01864196229,0,0
1362,CHF_JPY,2023-12-11 08:00:00,0.05136614235,0.07977867126,0.02841252892,0,0
1363,GBP_JPY,2023-12-11 08:00:00,0.006165713053,0.007584750652,0.001419037599,0,0
1364,EUR_CHF,2023-12-13 08:00:00,0.03029066956,0.03910934925,0.00881867969,0,0
1365,AUD_NZD,2023-12-14 08:00:00,0.02826605298,0.02816212177,0.000103931204,0,0
1366,CAD_JPY,2023-12-14 12:00:00,0.9897722688,0.9897722602,8.595543277e-09,1,1
1367,EUR_JPY,2023-12-14 12:00:00,0.9804341348,0.9804341197,1.505297598e-08,1,1
1368,EUR_NZD,2023-12-15 00:00:00,0.001394117987,0.001394093037,2.495043002e-08,0,0
1369,GBP_JPY,2023-12-15 00:00:00,0.184367272,0.1843672991,2.707668931e-08,0,0
1370,GBP_NZD,2023-12-15 00:00:00,0.001577440242,0.001577377319,6.292314867e-08,0,0
1371,USD_JPY,2023-12-15 00:00:00,0.03675676331,0.03675675392,9.386417296e-09,0,0
1372,USD_CHF,2023-12-15 20:00:00,0.006835674648,0.006835639477,3.517136062e-08,0,0
1373,NZD_CAD,2023-12-18 00:00:00,0.008739312256,0.008739292622,1.963430859e-08,0,0
1374,AUD_JPY,2023-12-18 08:00:00,0.03201854099,0.03497511148,0.002956570492,0,0
1375,CHF_JPY,2023-12-18 08:00:00,0.9725338177,0.9714714289,0.001062388849,1,1
1376,EUR_GBP,2023-12-18 08:00:00,0.01243647424,0.01313120127,0.0006947270268,0,0
1377,AUD_CAD,2023-12-19 00:00:00,0.0417028723,0.04170280695,6.535047262e-08,0,0
1378,AUD_CHF,2023-12-19 00:00:00,0.0003462785292,0.0003463029861,2.445695729e-08,0,0
1379,EUR_NZD,2023-12-21 04:00:00,0.04553669046,0.04553669691,6.453539987e-09,0,0
1380,EUR_AUD,2023-12-26 08:00:00,0.02302830934,0.02756822109,0.004539911757,0,0
1381,EUR_CHF,2023-12-26 08:00:00,0.02077063348,0.02481096983,0.004040336346,0,0
1382,GBP_AUD,2023-12-26 08:00:00,0.9630545361,0.9647072554,0.001652719233,1,1
1383,GBP_CHF,2023-12-26 08:00:00,0.004965324725,0.006198227406,0.001232902681,0,0
1384,GBP_JPY,2023-12-26 08:00:00,0.03964721147,0.05003684759,0.01038963613,0,0
1385,USD_CHF,2023-12-26 08:00:00,0.002446711801,0.002720415592,0.0002737037916,0,0
1386,NZD_JPY,2023-12-26 16:00:00,0.01782662501,0.01782667637,5.13606847e-08,0,0
1387,AUD_CHF,2023-12-27 00:00:00,0.009736012206,0.009736061096,4.889016896e-08,0,0
1388,GBP_USD,2023-12-27 04:00:00,0.01594129887,0.01594132185,2.29784916e-08,0,0
1389,EUR_CAD,2023-12-29 00:00:00,0.02086455975,0.0208645463,1.344779059e-08,0,0
1390,USD_CAD,2023-12-29 08:00:00,0.009605748189,0.009150862694,0.0004548854949,0,0
1391,CAD_CHF,2024-01-02 00:00:00,0.9964525092,0.99645257,6.079613291e-08,1,1
1392,EUR_CHF,2024-01-02 00:00:00,0.9906908368,0.9906908274,9.392877032e-09,1,1
1393,EUR_NZD,2024-01-02 00:00:00,0.9508542075,0.9508542418,3.431735307e-08,1,1
1394,GBP_JPY,2024-01-02 00:00:00,0.9652774473,0.965277493,4.571572942e-08,1,1
1395,USD_CHF,2024-01-02 00:00:00,0.9883615151,0.9883615375,2.231018081e-08,1,1
1396,USD_JPY,2024-01-02 00:00:00,0.9849388936,0.9849388599,3.370595159e-08,1,1
1397,EUR_CAD,2024-01-04 08:00:00,0.04904913155,0.05799120665,0.008942075098,0,0
1398,GBP_CHF,2024-01-04 08:00:00,0.9617019961,0.9617019892,6.8882543e-09,1,1
1399,GBP_CAD,2024-01-05 00:00:00,0.02520764918,0.02520763874,1.043817433e-08,0,0
1400,GBP_USD,2024-01-05 00:00:00,0.02284250901,0.02284246683,4.218200315e-08,0,0
1401,NZD_JPY,2024-01-05 00:00:00,0.03828505237,0.03828501701,3.536077483e-08,0,0
1402,NZD_CHF,2024-01-05 08:00:00,0.003969527168,0.005050182343,0.001080655174,0,0
1403,USD_CAD,2024-01-08 04:00:00,0.9615421605,0.9615421295,3.098398227e-08,1,1
1404,AUD_CAD,2024-01-09 00:00:00,0.006792946907,0.006792962551,1.564438951e-08,0,0
1405,AUD_NZD,2024-01-10 20:00:00,0.02299832579,0.02299827337,5.241410107e-08,0,0
1406,AUD_CHF,2024-01-12 00:00:00,0.001991365227,0.001991331577,3.364931494e-08,0,0
1407,GBP_NZD,2024-01-17 08:00:00,0.01770278093,0.01988619566,0.002183414725,0,0
1408,AUD_CHF,2024-01-18 00:00:00,0.1091476239,0.1091476083,1.566150687e-08,0,0
1409,EUR_GBP,2024-01-18 00:00:00,0.01027763665,0.0102776885,5.185687229e-08,0,0
1410,AUD_USD,2024-01-18 20:00:00,0.07761304225,0.0776129961,4.614937994e-08,0,0
1411,AUD_CAD,2024-01-19 08:00:00,0.0007858571168,0.000906586647,0.0001207295302,0,0
1412,GBP_USD,2024-01-23 04:00:00,0.06404968938,0.06404972076,3.138497906e-08,0,0
1413,AUD_CAD,2024-01-25 08:00:00,0.00440214351,0.004777371883,0.000375228373,0,0
1414,NZD_CAD,2024-01-25 08:00:00,0.005851394867,0.005758881569,9.251329815e-05,0,0
1415,NZD_USD,2024-01-25 08:00:00,0.002388597669,0.002388596535,1.133897893e-09,0,0
1416,AUD_NZD,2024-01-26 00:00:00,0.001642099369,0.001642167568,6.819906925e-08,0,0
1417,NZD_CHF,2024-01-29 08:00:00,0.9794344413,0.9831182361,0.00368379472,1,1
1418,EUR_GBP,2024-01-31 08:00:00,0.07610368059,0.09499430656,0.01889062597,0,0
1419,NZD_CAD,2024-01-31 08:00:00,0.006594173109,0.007823169231,0.001228996123,0,0
1420,EUR_CAD,2024-02-02 08:00:00,0.002080178029,0.002067685127,1.249290126e-05,0,0
1421,GBP_USD,2024-02-02 08:00:00,0.01429120966,0.01451927423,0.0002280645762,0,0
1422,AUD_CHF,2024-02-06 00:00:00,0.9677673497,0.9677674174,6.77682811e-08,1,1
1423,AUD_CAD,2024-02-07 00:00:00,0.0003185407385,0.0003185272217,1.351679527e-08,0,0
1424,EUR_USD,2024-02-08 00:00:00,0.0009616108753,0.0009615421295,6.87457926e-08,0,0
1425,NZD_JPY,2024-02-08 00:00:00,0.00634255662,0.006342589855,3.323470212e-08,0,0
1426,NZD_USD,2024-02-08 20:00:00,0.0467009241,0.04670089483,2.926723731e-08,0,0
1427,AUD_USD,2024-02-09 08:00:00,0.01335925714,0.01507258415,0.001713327007,0,0
1428,NZD_CAD,2024-02-09 16:00:00,0.02380116285,0.02380108833,7.45187455e-08,0,0
1429,GBP_USD,2024-02-14 04:00:00,0.09505921755,0.09505915642,6.112796321e-08,0,0
1430,EUR_USD,2024-02-14 16:00:00,0.009729550058,0.009729504585,4.547316627e-08,0,0
1431,AUD_CAD,2024-02-15 08:00:00,0.9558084939,0.9607546329,0.00494613905,1,1
1432,AUD_NZD,2024-02-15 08:00:00,0.03300484493,0.03127008677,0.001734758166,0,0
1433,AUD_USD,2024-02-15 08:00:00,0.1500886695,0.2847137451,0.1346250756,0,0
1434,CHF_JPY,2024-02-15 08:00:00,0.1025771177,0.1138623357,0.011285218,0,0
1435,EUR_GBP,2024-02-15 08:00:00,0.1087509311,0.1425458193,0.03379488822,0,0
1436,GBP_NZD,2024-02-15 20:00:00,0.005903100134,0.005903124809,2.467478494e-08,0,0
1437,EUR_CAD,2024-02-16 08:00:00,0.02514385016,0.0274155736,0.002271723433,0,0
1438,NZD_CAD,2024-02-16 08:00:00,0.07253494327,0.07359302044,0.001058077171,0,0
1439,NZD_USD,2024-02-16 08:00:00,0.03380003255,0.03710371256,0.003303680013,0,0
1440,EUR_JPY,2024-02-19 16:00:00,0.0611950652,0.06119507551,1.030913271e-08,0,0
1441,CAD_JPY,2024-02-20 08:00:00,0.03195868872,0.04149585962,0.009537170905,0,0
1442,AUD_JPY,2024-02-21 20:00:00,0.033311257,0.03331124783,9.178456224e-09,0,0
1443,GBP_NZD,2024-02-26 08:00:00,0.9819425193,0.9877927899,0.005850270634,1,1
1444,CAD_CHF,2024-02-27 08:00:00,0.003616657352,0.005373299122,0.00175664177,0,0
1445,GBP_AUD,2024-02-28 00:00:00,0.0123880421,0.01238805056,8.452816573e-09,0,0
1446,AUD_NZD,2024-02-28 16:00:00,0.9807095658,0.9807095528,1.301535968e-08,1,1
1447,AUD_JPY,2024-03-01 00:00:00,0.02275063875,0.02275061607,2.267559474e-08,0,0
1448,EUR_AUD,2024-03-01 08:00:00,0.006742997854,0.007646858692,0.0009038608379,0,0
1449,EUR_NZD,2024-03-04 00:00:00,0.006707999236,0.006708025932,2.669655544e-08,0,0
1450,GBP_CHF,2024-03-05 00:00:00,0.02402439891,0.02402436733,3.157908981e-08,0,0
1451,USD_CHF,2024-03-05 08:00:00,0.0006484702933,0.0008972883224,0.0002488180291,0,0
1452,EUR_CHF,2024-03-06 08:00:00,0.0217823024,0.02356517315,0.001782870752,0,0
1453,GBP_CAD,2024-03-06 08:00:00,0.04991261951,0.05924677849,0.009334158982,0,0
1454,GBP_USD,2024-03-06 08:00:00,0.03479258586,0.03808242083,0.003289834969,0,0
1455,NZD_USD,2024-03-08 08:00:00,0.06194322962,0.07636392117,0.01442069155,0,0
1456,EUR_GBP,2024-03-11 16:00:00,0.9680311633,0.9680312276,6.426579335e-08,1,1
1457,USD_CHF,2024-03-11 16:00:00,0.9899173559,0.9899173379,1.798425164e-08,1,1
1458,EUR_NZD,2024-03-13 00:00:00,0.9713765769,0.9713765979,2.096436913e-08,1,1
1459,CAD_CHF,2024-03-14 04:00:00,0.08177717339,0.08177709579,7.759119956e-08,0,0
1460,CAD_JPY,2024-03-14 04:00:00,0.9487791637,0.9487791657,2.012004008e-09,1,1
1461,EUR_JPY,2024-03-14 04:00:00,0.9773692598,0.9773692489,1.093660495e-08,1,1
1462,GBP_JPY,2024-03-14 04:00:00,0.9781366346,0.9781367183,8.365657966e-08,1,1
1463,USD_JPY,2024-03-14 04:00:00,0.9580807908,0.9580808282,3.735384502e-08,1,1
1464,GBP_CAD,2024-03-14 08:00:00,0.005605494685,0.006856679916,0.001251185232,0,0
1465,EUR_AUD,2024-03-15 00:00:00,0.03008083409,0.03008079529,3.88037417e-08,0,0
1466,AUD_JPY,2024-03-18 00:00:00,0.9486885024,0.9486885667,6.432457611e-08,1,1
1467,EUR_CHF,2024-03-18 08:00:00,0.01212120479,0.01533478498,0.003213580199,0,0
1468,CHF_JPY,2024-03-19 04:00:00,0.02586669898,0.0258666873,1.167912108e-08,0,0
1469,USD_CAD,2024-03-20 08:00:00,0.005374379537,0.006564736366,0.001190356829,0,0
1470,GBP_USD,2024-03-25 12:00:00,0.004801523214,0.00480145216,7.10542889e-08,0,0
1471,GBP_AUD,2024-03-27 00:00:00,0.0006247547711,0.0006247162819,3.848917186e-08,0,0
1472,GBP_CAD,2024-03-27 08:00:00,0.004968058832,0.005298614502,0.0003305556695,0,0
1473,USD_CAD,2024-03-28 08:00:00,0.04059643477,0.03873133659,0.001865098178,0,0
1474,CHF_JPY,2024-04-01 08:00:00,0.06159953466,0.1231359243,0.06153638968,0,0
1475,NZD_CAD,2024-04-02 12:00:00,0.9775707429,0.9775707722,2.922733588e-08,1,1
1476,NZD_JPY,2024-04-02 12:00:00,0.9864237135,0.9864236712,4.222253436e-08,1,1
1477,AUD_CHF,2024-04-03 16:00:00,0.002706353784,0.002706348896,4.88837208e-09,0,0
1478,NZD_CHF,2024-04-03 16:00:00,0.02649615212,0.02649611235,3.977208199e-08,0,0
1479,NZD_USD,2024-04-03 16:00:00,0.0003028845962,0.0003029108047,2.620850754e-08,0,0
1480,GBP_USD,2024-04-04 08:00:00,0.001566025905,0.001498222351,6.780355419e-05,0,0
1481,CHF_JPY,2024-04-04 16:00:00,0.03868125346,0.0386813283,7.484058995e-08,0,0
1482,USD_CAD,2024-04-05 04:00:00,0.0142594823,0.01425951719,3.489152882e-08,0,0
1483,EUR_AUD,2024-04-08 00:00:00,0.0157969237,0.0157968998,2.39053235e-08,0,0
1484,NZD_CHF,2024-04-09 00:00:00,0.04046203209,0.04046201706,1.502915811e-08,0,0
1485,GBP_CAD,2024-04-10 08:00:00,0.0006201518587,0.0007256865501,0.0001055346914,0,0
1486,GBP_CAD,2024-04-15 20:00:00,0.003470595805,0.003470599651,3.845908753e-09,0,0
1487,EUR_AUD,2024-04-17 16:00:00,0.02495360108,0.02495360374,2.660048633e-09,0,0
1488,EUR_CAD,2024-04-17 16:00:00,0.0508397981,0.05083978176,1.633697583e-08,0,0
1489,AUD_USD,2024-04-18 04:00:00,0.003707319012,0.0037073493,3.028833059e-08,0,0
1490,EUR_USD,2024-04-18 04:00:00,0.08274915339,0.08274912834,2.504582756e-08,0,0
1491,GBP_USD,2024-04-18 04:00:00,0.005412973564,0.005412936211,3.73536573e-08,0,0
1492,NZD_USD,2024-04-18 04:00:00,0.001042844031,0.001042842865,1.165773212e-09,0,0
1493,AUD_CAD,2024-04-22 00:00:00,0.9823562364,0.9823562503,1.387220339e-08,1,1
1494,EUR_CHF,2024-04-22 00:00:00,0.9877503182,0.9877503514,3.320205921e-08,1,1
1495,NZD_CHF,2024-04-22 00:00:00,0.9926460785,0.9926460981,1.964791874e-08,1,1
1496,AUD_CHF,2024-04-23 16:00:00,0.9769156405,0.9769155979,4.254735508e-08,1,1
1497,EUR_USD,2024-04-23 16:00:00,0.01440023407,0.01440024376,9.685993771e-09,0,0
1498,GBP_NZD,2024-04-23 20:00:00,0.001613504934,0.001613497734,7.200188597e-09,0,0
1499,AUD_USD,2024-04-24 00:00:00,0.08700777138,0.08700782061,4.922891747e-08,0,0
1500,GBP_CAD,2024-04-25 08:00:00,0.05545774586,0.06023210287,0.004774357006,0,0
1501,GBP_CHF,2024-04-25 08:00:00,0.00218972113,0.003266811371,0.001077090241,0,0
1502,GBP_AUD,2024-04-25 12:00:00,0.0003165382112,0.0003165006638,3.754740629e-08,0,0
1503,GBP_USD,2024-04-29 00:00:00,0.9664611472,0.966461122,2.511465469e-08,1,1
1504,NZD_USD,2024-04-29 00:00:00,0.01052984272,0.01052987576,3.303758476e-08,0,0
1505,AUD_NZD,2024-04-30 00:00:00,0.02613464561,0.02613466978,2.416676332e-08,0,0
1506,EUR_AUD,2024-05-01 00:00:00,0.01406569019,0.01406568289,7.29716703e-09,0,0
1507,EUR_CAD,2024-05-01 08:00:00,0.01956559145,0.02264201641,0.003076424957,0,0
1508,NZD_USD,2024-05-02 08:00:00,0.969355319,0.9720716476,0.002716328676,1,1
1509,GBP_CAD,2024-05-06 00:00:00,0.02160722292,0.02160716057,6.234769663e-08,0,0
1510,EUR_AUD,2024-05-08 00:00:00,0.04277570147,0.04277575016,4.86900776e-08,0,0
1511,USD_CHF,2024-05-08 04:00:00,0.001508297979,0.001508355141,5.716162161e-08,0,0
1512,GBP_AUD,2024-05-09 00:00:00,0.001293783018,0.001293778419,4.598696034e-09,0,0
1513,GBP_JPY,2024-05-10 16:00:00,0.9799105801,0.9799106121,3.20412612e-08,1,1
1514,CAD_CHF,2024-05-13 08:00:00,0.9650884522,0.9737208486,0.008632396399,1,1
1515,EUR_USD,2024-05-13 08:00:00,0.03703309098,0.04407978058,0.007046689599,0,0
1516,GBP_CAD,2024-05-14 16:00:00,0.967277707,0.9672777653,5.827572602e-08,1,1
1517,GBP_CHF,2024-05-14 16:00:00,0.9585546734,0.9585546851,1.174005515e-08,1,1
1518,GBP_AUD,2024-05-15 12:00:00,0.09051970921,0.09051966667,4.254028434e-08,0,0
1519,EUR_JPY,2024-05-16 08:00:00,0.9818069813,0.9813843966,0.0004225847525,1,1
1520,USD_JPY,2024-05-17 00:00:00,0.9788000991,0.9788001776,7.849677619e-08,1,1
1521,CAD_JPY,2024-05-20 00:00:00,0.9767463711,0.9767464399,6.879180647e-08,1,1
1522,GBP_NZD,2024-05-20 00:00:00,0.2570208581,0.2570208311,2.69451762e-08,0,0
1523,AUD_JPY,2024-05-21 00:00:00,0.04816048534,0.04816043377,5.156717035e-08,0,0
1524,EUR_CAD,2024-05-21 00:00:00,0.04875195147,0.04875200987,5.839511263e-08,0,0
1525,USD_CHF,2024-05-21 04:00:00,0.07615957682,0.07615953684,3.998456716e-08,0,0
1526,AUD_NZD,2024-05-21 12:00:00,0.001303775396,0.001303732395,4.300089129e-08,0,0
1527,EUR_GBP,2024-05-23 08:00:00,0.006068591269,0.006954729557,0.0008861382878,0,0
1528,EUR_NZD,2024-05-24 00:00:00,0.003696447341,0.00369644165,5.690116884e-09,0,0
1529,AUD_JPY,2024-05-24 08:00:00,0.02175470721,0.02440565825,0.002650951032,0,0
1530,EUR_AUD,2024-05-28 00:00:00,0.04579161779,0.04579174519,1.273935183e-07,0,0
1531,EUR_GBP,2024-05-30 08:00:00,0.0005174756857,0.0006108283997,9.335271392e-05,0,0
1532,NZD_JPY,2024-05-30 16:00:00,0.004990395087,0.004990458488,6.34015112e-08,0,0
1533,CHF_JPY,2024-05-31 16:00:00,0.9761059653,0.976105988,2.277374433e-08,1,1
1534,USD_CAD,2024-06-03 08:00:00,0.0008705503393,0.0008486509323,2.189940701e-05,0,0
1535,NZD_JPY,2024-06-05 00:00:00,0.9731582145,0.9731581807,3.380510849e-08,1,1
1536,NZD_CAD,2024-06-05 16:00:00,0.02097915737,0.02097916603,8.658808604e-09,0,0
1537,USD_CHF,2024-06-05 16:00:00,0.01155723622,0.01155728102,4.479632722e-08,0,0
1538,EUR_NZD,2024-06-07 12:00:00,0.002057119377,0.002057135105,1.572814544e-08,0,0
1539,GBP_CHF,2024-06-10 00:00:00,0.002661777555,0.002661764622,1.293348934e-08,0,0
1540,CAD_CHF,2024-06-11 00:00:00,0.001624524353,0.001624584198,5.984480676e-08,0,0
1541,USD_CHF,2024-06-11 00:00:00,0.01191717143,0.01191717386,2.433332263e-09,0,0
1542,GBP_NZD,2024-06-12 08:00:00,0.001820155147,0.003117203712,0.001297048565,0,0
1543,EUR_GBP,2024-06-13 00:00:00,0.001240152454,0.001240134239,1.821514748e-08,0,0
1544,USD_CAD,2024-06-13 04:00:00,0.00339941768,0.003399431705,1.402531306e-08,0,0
1545,AUD_JPY,2024-06-14 04:00:00,0.001591718293,0.001591742039,2.374531869e-08,0,0
1546,CAD_JPY,2024-06-14 04:00:00,0.05625735922,0.05625742674,6.751831071e-08,0,0
1547,EUR_NZD,2024-06-17 00:00:00,0.9865924076,0.9865923524,5.517090673e-08,1,1
1548,AUD_NZD,2024-06-17 08:00:00,0.9412513612,0.9473099709,0.00605860963,1,1
1549,CAD_CHF,2024-06-17 08:00:00,0.0014676938,0.001768529415,0.0003008356156,0,0
1550,EUR_CHF,2024-06-17 08:00:00,0.0007718552557,0.000940144062,0.0001682888063,0,0
1551,USD_CHF,2024-06-17 08:00:00,0.03298454105,0.03267771006,0.0003068309986,0,0
1552,EUR_GBP,2024-06-18 08:00:00,0.1512177177,0.2083337307,0.05711601303,0,0
1553,AUD_CAD,2024-06-18 16:00:00,0.01033417797,0.0103341341,4.387303427e-08,0,0
1554,AUD_CHF,2024-06-19 00:00:00,0.9647388357,0.9647388458,1.007606487e-08,1,1
1555,GBP_NZD,2024-06-19 00:00:00,0.9755399298,0.9755398631,6.669962449e-08,1,1
1556,CAD_JPY,2024-06-20 04:00:00,0.9709842239,0.9709841609,6.301020561e-08,1,1
1557,GBP_CHF,2024-06-20 08:00:00,0.9586785598,0.9655936956,0.006915135863,1,1
1558,NZD_CHF,2024-06-20 08:00:00,0.1457964311,0.2184707522,0.07267432111,0,0
1559,AUD_JPY,2024-06-21 00:00:00,0.9774206858,0.9774206281,5.769405809e-08,1,1
1560,CAD_CHF,2024-06-21 00:00:00,0.002668333491,0.002668380737,4.724609839e-08,0,0
1561,EUR_CHF,2024-06-21 00:00:00,0.9560304942,0.956030488,6.185602253e-09,1,1
1562,USD_CHF,2024-06-21 00:00:00,0.06270186972,0.06270188093,1.12083321e-08,0,0
1563,AUD_USD,2024-06-21 04:00:00,0.007272606623,0.007272601128,5.495597983e-09,0,0
1564,AUD_CAD,2024-06-24 08:00:00,0.02522747872,0.03216582537,0.006938346646,0,0
1565,GBP_USD,2024-06-24 08:00:00,0.003711876492,0.003859817982,0.0001479414896,0,0
1566,NZD_CAD,2024-06-24 08:00:00,0.01553358204,0.01594525576,0.0004116737205,0,0
1567,EUR_AUD,2024-06-25 00:00:00,0.002008277683,0.002008318901,4.121769378e-08,0,0
1568,EUR_USD,2024-06-25 04:00:00,0.006031832746,0.006031870842,3.809602405e-08,0,0
1569,USD_CAD,2024-06-26 08:00:00,0.0002083063596,0.0002190470695,1.074070998e-05,0,0
1570,EUR_CAD,2024-07-01 00:00:00,0.9727314993,0.9727315307,3.139487925e-08,1,1
1571,NZD_CAD,2024-07-01 08:00:00,0.001474284135,0.001516997814,4.271367885e-05,0,0
1572,NZD_USD,2024-07-01 08:00:00,0.0004516580798,0.000538289547,8.663146719e-05,0,0
1573,EUR_AUD,2024-07-02 00:00:00,0.04248427792,0.04248434305,6.51352795e-08,0,0
1574,AUD_CAD,2024-07-03 00:00:00,0.01744283672,0.01744288206,4.533713187e-08,0,0
1575,GBP_USD,2024-07-03 08:00:00,0.9632702277,0.969130218,0.005859990323,1,1
1576,AUD_USD,2024-07-03 16:00:00,0.01690261642,0.01690256596,5.046801653e-08,0,0
1577,EUR_USD,2024-07-04 16:00:00,0.9608586856,0.9608587027,1.709365061e-08,1,1
1578,NZD_USD,2024-07-05 20:00:00,0.003308515734,0.003308534622,1.888782068e-08,0,0
1579,NZD_USD,2024-07-11 12:00:00,0.0005190511878,0.0005189776421,7.354577992e-08,0,0
1580,GBP_JPY,2024-07-12 00:00:00,0.0003170312108,0.0003169775009,5.370989688e-08,0,0
1581,EUR_AUD,2024-07-15 00:00:00,0.9271900222,0.9271900058,1.637178948e-08,1,1
1582,GBP_AUD,2024-07-15 00:00:00,0.9518323163,0.9518323541,3.774852708e-08,1,1
1583,USD_CAD,2024-07-15 00:00:00,0.9661587292,0.9661586881,4.117883834e-08,1,1
1584,USD_JPY,2024-07-15 00:00:00,0.00357989486,0.003579854965,3.98950942e-08,0,0
1585,EUR_JPY,2024-07-16 00:00:00,0.003406613209,0.003406584263,2.894569211e-08,0,0
1586,EUR_GBP,2024-07-16 08:00:00,0.001888306389,0.001856803894,3.15024949e-05,0,0
1587,NZD_CAD,2024-07-17 00:00:00,0.002517474018,0.002517402172,7.184577799e-08,0,0
1588,AUD_JPY,2024-07-18 16:00:00,0.0008106207071,0.0008106827736,6.206650246e-08,0,0
1589,GBP_JPY,2024-07-18 16:00:00,0.01124176536,0.01124179363,2.826829553e-08,0,0
1590,NZD_CHF,2024-07-18 16:00:00,0.008468233298,0.008468329906,9.660874726e-08,0,0
1591,NZD_JPY,2024-07-18 16:00:00,0.002339890228,0.002339959145,6.891673617e-08,0,0
1592,USD_CHF,2024-07-18 16:00:00,0.008108730839,0.008108735085,4.245326901e-09,0,0
1593,USD_JPY,2024-07-18 16:00:00,0.00403009618,0.004030108452,1.227154634e-08,0,0
1594,CAD_JPY,2024-07-22 00:00:00,0.0003736203416,0.0003736019135,1.842815791e-08,0,0
1595,EUR_JPY,2024-07-22 16:00:00,0.008560464672,0.008560538292,7.362040587e-08,0,0
1596,EUR_GBP,2024-07-25 00:00:00,0.01942993661,0.01942998171,4.510105681e-08,0,0
1597,AUD_USD,2024-07-26 04:00:00,0.0001319686567,0.0001319646835,3.973117473e-09,0,0
1598,AUD_JPY,2024-07-26 08:00:00,0.001113098798,0.001111090183,2.00861511e-06,0,0
1599,CAD_JPY,2024-07-26 08:00:00,0.0002977875479,0.0003772974014,7.950985354e-05,0,0
1600,EUR_JPY,2024-07-26 08:00:00,0.001254123883,0.001438200474,0.0001840765911,0,0
1601,GBP_JPY,2024-07-26 08:00:00,0.0006991479621,0.0007086992264,9.551264314e-06,0,0
1602,NZD_JPY,2024-07-26 08:00:00,0.001050230674,0.001185417175,0.0001351865012,0,0
1603,USD_JPY,2024-07-26 08:00:00,0.001907543319,0.001991689205,8.414588656e-05,0,0
1604,CAD_CHF,2024-07-29 00:00:00,0.001551083298,0.001551151276,6.797768634e-08,0,0
1605,USD_CHF,2024-07-29 08:00:00,0.0002503851807,0.0002581477165,7.762535843e-06,0,0
1606,GBP_CAD,2024-07-31 00:00:00,0.001335122291,0.001335144043,2.175217756e-08,0,0
1607,AUD_CHF,2024-07-31 16:00:00,0.02081508557,0.02081501484,7.072807556e-08,0,0
1608,NZD_CAD,2024-07-31 16:00:00,0.1055159279,0.1055158973,3.065750999e-08,0,0
1609,NZD_CHF,2024-07-31 16:00:00,0.002849570393,0.002849519253,5.114040916e-08,0,0
1610,AUD_CAD,2024-08-01 12:00:00,0.004162559977,0.004162549973,1.000473422e-08,0,0
1611,AUD_CHF,2024-08-06 00:00:00,0.978790996,0.9787909985,2.49978771e-09,1,1
1612,AUD_JPY,2024-08-06 00:00:00,0.9756088977,0.9756090045,1.067818172e-07,1,1
1613,AUD_USD,2024-08-06 00:00:00,0.9802973962,0.9802974463,5.004615966e-08,1,1
1614,CAD_CHF,2024-08-06 00:00:00,0.191193154,0.1911933422,1.882344751e-07,0,0
1615,CAD_JPY,2024-08-06 00:00:00,0.194306927,0.1943070292,1.022607256e-07,0,0
1616,EUR_CHF,2024-08-06 00:00:00,0.1291492496,0.1291492581,8.558724063e-09,0,0
1617,EUR_JPY,2024-08-06 00:00:00,0.06107721458,0.06107717752,3.705969558e-08,0,0
1618,GBP_CHF,2024-08-06 00:00:00,0.193863932,0.1938640475,1.155014923e-07,0,0
1619,GBP_JPY,2024-08-06 00:00:00,0.9338323026,0.9338322878,1.481442902e-08,1,1
1620,NZD_CAD,2024-08-06 00:00:00,0.9722395814,0.9722396135,3.215107636e-08,1,1
1621,NZD_CHF,2024-08-06 00:00:00,0.9919170335,0.9919170737,4.02759438e-08,1,1
1622,NZD_JPY,2024-08-06 00:00:00,0.9779959747,0.9779959917,1.703972441e-08,1,1
1623,NZD_USD,2024-08-06 00:00:00,0.1489326896,0.1489326954,5.765361272e-09,0,0
1624,USD_JPY,2024-08-06 00:00:00,0.09611524577,0.09611517191,7.385932199e-08,0,0
1625,CHF_JPY,2024-08-09 00:00:00,0.1378592767,0.1378594041,1.27429201e-07,0,0
1626,AUD_CAD,2024-08-12 00:00:00,0.9853208685,0.9853208661,2.433172552e-09,1,1
1627,EUR_NZD,2024-08-12 16:00:00,0.0147287703,0.01472878456,1.425625768e-08,0,0
1628,GBP_CAD,2024-08-13 04:00:00,0.9604370686,0.9604370594,9.166980175e-09,1,1
1629,AUD_NZD,2024-08-15 12:00:00,0.02999176705,0.02999174595,2.109904522e-08,0,0
1630,NZD_USD,2024-08-21 16:00:00,0.01701786702,0.01701790094,3.39243668e-08,0,0
1631,EUR_NZD,2024-08-30 16:00:00,0.0701045449,0.070104599,5.409577167e-08,0,0
1632,EUR_CAD,2024-09-02 04:00:00,0.06484103965,0.06484103203,7.624562676e-09,0,0
1633,GBP_NZD,2024-09-02 04:00:00,0.9851704259,0.985170424,1.936131144e-09,1,1
1634,USD_CAD,2024-09-02 04:00:00,0.1084165759,0.1084164977,7.815066252e-08,0,0
1635,GBP_USD,2024-09-04 16:00:00,0.00397461273,0.003974676132,6.340242661e-08,0,0
1636,CHF_JPY,2024-09-10 00:00:00,0.007668090489,0.00766813755,4.70617545e-08,0,0
1637,EUR_AUD,2024-09-10 00:00:00,0.001622220864,0.001622200012,2.085134644e-08,0,0
1638,USD_JPY,2024-09-10 00:00:00,0.002733000752,0.002732992172,8.579371522e-09,0,0
1639,GBP_USD,2024-09-11 04:00:00,0.01881871616,0.01881873608,1.991485489e-08,0,0
1640,GBP_CHF,2024-09-12 04:00:00,0.03551520298,0.03551524878,4.579202036e-08,0,0
1641,NZD_USD,2024-09-17 08:00:00,0.9451564956,0.9509006739,0.005744178303,1,1
1642,CHF_JPY,2024-09-17 16:00:00,0.9862337322,0.9862337112,2.099621221e-08,1,1
1643,CAD_JPY,2024-09-18 20:00:00,0.9614755196,0.9614755511,3.148633809e-08,1,1
1644,EUR_JPY,2024-09-18 20:00:00,0.9759674006,0.9759674668,6.620993065e-08,1,1
1645,EUR_USD,2024-09-20 04:00:00,0.03653722557,0.03653728962,6.404692142e-08,0,0
1646,GBP_AUD,2024-09-20 16:00:00,0.01953813833,0.01953816414,2.581241083e-08,0,0
1647,EUR_AUD,2024-09-25 00:00:00,0.007740044209,0.007740080357,3.614757697e-08,0,0
1648,USD_CHF,2024-09-25 08:00:00,0.01192974967,0.01163226366,0.000297486007,0,0
1649,EUR_USD,2024-09-26 04:00:00,0.006069735718,0.006069779396,4.367819447e-08,0,0
1650,USD_JPY,2024-09-27 00:00:00,0.004607150173,0.004607081413,6.875934461e-08,0,0
1651,USD_CAD,2024-10-01 08:00:00,0.1174556581,0.1482537985,0.03079814037,0,0
1652,AUD_NZD,2024-10-01 12:00:00,0.965360173,0.9653601646,8.397965434e-09,1,1
1653,NZD_JPY,2024-10-02 04:00:00,0.002956470252,0.002956449986,2.026634227e-08,0,0
1654,USD_CHF,2024-10-03 00:00:00,0.9585559702,0.958556056,8.582362498e-08,1,1
1655,GBP_AUD,2024-10-04 08:00:00,0.9726691019,0.9821302295,0.009461127588,1,1
1656,EUR_GBP,2024-10-07 08:00:00,0.05072453969,0.05105191469,0.0003273750016,0,0
1657,EUR_NZD,2024-10-07 08:00:00,0.02297635713,0.02533119917,0.002354842041,0,0
1658,USD_CAD,2024-10-07 08:00:00,0.9591182696,0.9656500816,0.006531812051,1,1
1659,NZD_CAD,2024-10-08 00:00:00,0.02198800197,0.02198803425,3.22737794e-08,0,0
1660,EUR_CHF,2024-10-08 20:00:00,0.04262417752,0.04262423515,5.763075063e-08,0,0
1661,AUD_JPY,2024-10-09 16:00:00,0.02116316423,0.02116316557,1.342759116e-09,0,0
1662,CAD_CHF,2024-10-09 16:00:00,0.005034797858,0.005034863949,6.609111651e-08,0,0
1663,EUR_CAD,2024-10-11 00:00:00,0.06035051754,0.0603505373,1.975517405e-08,0,0
1664,GBP_CAD,2024-10-11 00:00:00,0.003604654666,0.003604590893,6.377289705e-08,0,0
1665,EUR_AUD,2024-10-11 08:00:00,0.002839498238,0.003136873245,0.0002973750068,0,0
1666,GBP_JPY,2024-10-11 08:00:00,0.005387415503,0.006352841854,0.0009654263511,0,0
1667,GBP_USD,2024-10-14 08:00:00,0.002174175945,0.00350946188,0.001335285935,0,0
1668,NZD_CHF,2024-10-14 08:00:00,0.001288315617,0.001786828041,0.0004985124244,0,0
1669,USD_JPY,2024-10-14 08:00:00,0.9586923949,0.9680127501,0.009320355237,1,1
1670,AUD_CAD,2024-10-15 00:00:00,0.00116979279,0.001169741154,5.163613518e-08,0,0
1671,AUD_USD,2024-10-15 00:00:00,0.003238223519,0.003238260746,3.722728935e-08,0,0
1672,NZD_CAD,2024-10-16 08:00:00,0.01200746886,0.0124900341,0.0004825652462,0,0
1673,AUD_CHF,2024-10-17 00:00:00,0.0363538648,0.03635388613,2.133163851e-08,0,0
1674,NZD_USD,2024-10-17 00:00:00,0.02000711091,0.02000707388,3.702796486e-08,0,0
1675,EUR_CHF,2024-10-18 04:00:00,0.008306211778,0.008306205273,6.505418679e-09,0,0
1676,EUR_GBP,2024-10-18 16:00:00,0.0165776084,0.01657760143,6.969507905e-09,0,0
1677,AUD_CAD,2024-10-21 00:00:00,0.06373277535,0.06373286247,8.712648047e-08,0,0
1678,EUR_AUD,2024-10-21 16:00:00,0.006331703877,0.00633174181,3.79324383e-08,0,0
1679,EUR_USD,2024-10-22 04:00:00,0.01298101313,0.01298105717,4.403297297e-08,0,0
1680,CAD_CHF,2024-10-23 00:00:00,0.01667306576,0.01667302847,3.728722628e-08,0,0
1681,EUR_CAD,2024-10-24 16:00:00,0.01468320198,0.01468318701,1.497668569e-08,0,0
1682,EUR_AUD,2024-10-25 00:00:00,0.04684855199,0.04684853554,1.645291699e-08,0,0
1683,GBP_CAD,2024-10-25 08:00:00,0.02997399463,0.04242014885,0.01244615422,0,0
1684,AUD_CAD,2024-10-25 12:00:00,0.02093684816,0.02093684673,1.427983641e-09,0,0
1685,AUD_USD,2024-10-25 12:00:00,0.002028924575,0.002029001713,7.713767522e-08,0,0
1686,NZD_CAD,2024-10-25 12:00:00,0.1199548916,0.1199548244,6.713366711e-08,0,0
1687,NZD_CHF,2024-10-25 12:00:00,0.01219893304,0.01219892502,8.025614255e-09,0,0
1688,NZD_USD,2024-10-25 12:00:00,0.003575557812,0.003575623035,6.522333548e-08,0,0
1689,EUR_GBP,2024-10-30 00:00:00,0.02108231774,0.02108234167,2.393095477e-08,0,0
1690,EUR_USD,2024-10-30 08:00:00,0.003266264466,0.003125190735,0.0001410737312,0,0
1691,NZD_CAD,2024-11-01 04:00:00,0.01081705346,0.01081699133,6.21335604e-08,0,0
1692,AUD_CHF,2024-11-01 16:00:00,0.008839358305,0.008839309216,4.908928696e-08,0,0
1693,GBP_NZD,2024-11-04 08:00:00,0.001773247196,0.003861248493,0.002088001297,0,0
1694,AUD_CAD,2024-11-05 00:00:00,0.07210724985,0.07210713625,1.136017832e-07,0,0
1695,GBP_USD,2024-11-05 04:00:00,0.001391466731,0.001391470432,3.701143152e-09,0,0
1696,CAD_CHF,2024-11-07 00:00:00,0.03135761188,0.03135758638,2.549375067e-08,0,0
1697,NZD_CAD,2024-11-07 04:00:00,0.02532054197,0.02532052994,1.203525428e-08,0,0
1698,EUR_CHF,2024-11-07 08:00:00,0.009238564836,0.01074236631,0.001503801478,0,0
1699,AUD_CAD,2024-11-11 00:00:00,0.001392949114,0.001392900944,4.817004197e-08,0,0
1700,AUD_CHF,2024-11-11 00:00:00,0.00122873508,0.001228749752,1.467165579e-08,0,0
1701,AUD_USD,2024-11-11 00:00:00,0.001539650981,0.001539587975,6.300654356e-08,0,0
1702,NZD_CHF,2024-11-11 00:00:00,0.002518844408,0.002518832684,1.172420954e-08,0,0
1703,NZD_USD,2024-11-12 00:00:00,0.0003645979827,0.0003646612167,6.323408339e-08,0,0
1704,EUR_CHF,2024-11-12 20:00:00,0.005676964683,0.005676984787,2.010403548e-08,0,0
1705,NZD_CAD,2024-11-13 00:00:00,0.00117695745,0.00117701292,5.547081837e-08,0,0
1706,EUR_CAD,2024-11-15 00:00:00,0.004917787245,0.004917740822,4.642321658e-08,0,0
1707,AUD_CAD,2024-11-15 04:00:00,0.1025107417,0.1025106907,5.101091743e-08,0,0
1708,GBP_CAD,2024-11-15 04:00:00,0.0008498476778,0.0008498430252,4.652598299e-09,0,0
1709,GBP_USD,2024-11-15 04:00:00,0.006703237715,0.006703197956,3.975938618e-08,0,0
1710,EUR_GBP,2024-11-15 08:00:00,0.02709492505,0.02590554953,0.001189375528,0,0
1711,AUD_CHF,2024-11-18 00:00:00,0.01656166337,0.01656168699,2.362315725e-08,0,0
1712,AUD_USD,2024-11-18 00:00:00,0.005393292255,0.005393326283,3.402786599e-08,0,0
1713,CHF_JPY,2024-11-18 08:00:00,0.009536682059,0.01110583544,0.001569153379,0,0
1714,EUR_AUD,2024-11-18 08:00:00,0.0007913305127,0.001046180725,0.0002548502124,0,0
1715,EUR_USD,2024-11-18 08:00:00,0.008366692234,0.00795352459,0.0004131676448,0,0
1716,CAD_JPY,2024-11-19 16:00:00,0.04258700064,0.04258698225,1.838576862e-08,0,0
1717,EUR_JPY,2024-11-19 16:00:00,0.007040525596,0.007040500641,2.495521872e-08,0,0
1718,GBP_USD,2024-11-21 00:00:00,0.01086417704,0.0108641386,3.843648268e-08,0,0
1719,NZD_USD,2024-11-21 00:00:00,0.001036598566,0.001036643982,4.541613551e-08,0,0
1720,EUR_CHF,2024-11-25 00:00:00,0.03138212667,0.03138208389,4.277317361e-08,0,0
1721,EUR_GBP,2024-11-25 00:00:00,0.03539712886,0.03539711237,1.649306301e-08,0,0
1722,EUR_USD,2024-11-25 00:00:00,0.05030352373,0.05030351877,4.956114887e-09,0,0
1723,GBP_CHF,2024-11-25 00:00:00,0.02614052371,0.02614057064,4.692959363e-08,0,0
1724,CHF_JPY,2024-11-25 08:00:00,0.006170705997,0.006888985634,0.000718279637,0,0
1725,EUR_CAD,2024-11-25 08:00:00,0.07749388395,0.1259865761,0.04849269213,0,0
1726,GBP_CAD,2024-11-26 00:00:00,0.9785105999,0.9785106182,1.830132501e-08,1,1
1727,GBP_NZD,2024-11-26 00:00:00,0.005789902389,0.005789875984,2.640432632e-08,0,0
1728,EUR_AUD,2024-11-26 08:00:00,0.9735595276,0.9737164378,0.0001569101959,1,1
1729,EUR_JPY,2024-11-26 08:00:00,0.002725494624,0.002676546574,4.894805032e-05,0,0
1730,GBP_JPY,2024-11-26 08:00:00,0.001391154462,0.002161085606,0.0007699311438,0,0
1731,GBP_USD,2024-11-26 08:00:00,0.2510243802,0.3352416754,0.08421729519,0,0
1732,EUR_NZD,2024-11-26 16:00:00,0.02243736086,0.02243733406,2.679474227e-08,0,0
1733,NZD_CHF,2024-11-27 00:00:00,0.02332547636,0.02332556248,8.611233855e-08,0,0
1734,NZD_USD,2024-11-27 08:00:00,0.0002732679268,0.000292122364,1.885443723e-05,0,0
1735,AUD_JPY,2024-11-28 08:00:00,0.005054290974,0.00746935606,0.002415065087,0,0
1736,CAD_JPY,2024-11-28 08:00:00,9.937532653e-05,0.0001196861267,2.031080018e-05,0,0
1737,AUD_NZD,2024-12-02 00:00:00,0.004282326006,0.004282295704,3.030184826e-08,0,0
1738,GBP_AUD,2024-12-02 08:00:00,0.02279324388,0.02566164732,0.00286840344,0,0
1739,NZD_CAD,2024-12-02 08:00:00,0.04981886696,0.05640095472,0.006582087761,0,0
1740,USD_CAD,2024-12-02 16:00:00,0.9752693788,0.9752693772,1.573020159e-09,1,1
1741,EUR_CHF,2024-12-03 00:00:00,0.01620026629,0.01620030403,3.773842273e-08,0,0
1742,EUR_NZD,2024-12-03 00:00:00,0.9581101273,0.9581101537,2.640440866e-08,1,1
1743,GBP_CHF,2024-12-03 00:00:00,0.03263722026,0.0326372385,1.823902655e-08,0,0
1744,USD_CHF,2024-12-05 08:00:00,0.007103937242,0.007796049118,0.0006921118758,0,0
1745,AUD_USD,2024-12-06 12:00:00,0.002412098041,0.002412080765,1.727581463e-08,0,0
1746,AUD_CAD,2024-12-09 00:00:00,0.00204942542,0.002049386501,3.891910811e-08,0,0
1747,AUD_NZD,2024-12-09 00:00:00,0.005228893107,0.005228936672,4.35654433e-08,0,0
1748,CAD_JPY,2024-12-09 08:00:00,0.00713144929,0.007123827934,7.621355785e-06,0,0
1749,NZD_CAD,2024-12-09 16:00:00,0.05128092913,0.05128097534,4.621482224e-08,0,0
1750,GBP_NZD,2024-12-10 00:00:00,0.04149759179,0.04149758816,3.628392864e-09,0,0
1751,AUD_JPY,2024-12-10 12:00:00,0.05329657898,0.05329662561,4.663352144e-08,0,0
1752,USD_CHF,2024-12-10 16:00:00,0.9742457576,0.9742457867,2.90711536e-08,1,1
1753,AUD_USD,2024-12-12 00:00:00,0.003574965621,0.003575026989,6.136777531e-08,0,0
1754,CAD_CHF,2024-12-12 08:00:00,0.04861483078,0.05835950375,0.009744672965,0,0
1755,EUR_CHF,2024-12-12 16:00:00,0.02939536704,0.02939534187,2.517073419e-08,0,0
1756,USD_JPY,2024-12-12 20:00:00,0.06467929087,0.06467920542,8.544944484e-08,0,0
1757,CHF_JPY,2024-12-13 08:00:00,0.02855922552,0.04022318125,0.01166395573,0,0
1758,EUR_GBP,2024-12-13 08:00:00,0.05060269184,0.05344223976,0.002839547925,0,0
1759,EUR_JPY,2024-12-13 08:00:00,0.002306614221,0.002878844738,0.000572230517,0,0
1760,GBP_JPY,2024-12-13 08:00:00,0.003612684842,0.00407743454,0.0004647496983,0,0
1761,NZD_CHF,2024-12-16 00:00:00,0.0009823027127,0.0009822845459,1.816683838e-08,0,0
1762,NZD_JPY,2024-12-16 00:00:00,0.0006386311768,0.0006386637688,3.259198612e-08,0,0
1763,NZD_USD,2024-12-16 00:00:00,0.005142491298,0.005142450333,4.096487121e-08,0,0
1764,GBP_CHF,2024-12-16 08:00:00,0.06374986881,0.07879632711,0.01504645831,0,0
1765,AUD_CHF,2024-12-18 12:00:00,0.005341348405,0.005341351032,2.627219541e-09,0,0
1766,NZD_USD,2024-12-20 08:00:00,0.0105337088,0.01085168123,0.0003179724317,0,0
1767,AUD_USD,2024-12-20 16:00:00,0.002221317278,0.002221286297,3.098066801e-08,0,0
1768,AUD_JPY,2024-12-23 16:00:00,0.03727106522,0.03727114201,7.678437413e-08,0,0
1769,EUR_CHF,2024-12-24 08:00:00,0.02133762263,0.0248259306,0.003488307965,0,0
1770,GBP_USD,2024-12-25 08:00:00,0.01088164188,0.01270389557,0.001822253688,0,0
1771,EUR_GBP,2024-12-26 08:00:00,0.01923967071,0.02069503069,0.00145535998,0,0
1772,NZD_CHF,2024-12-27 08:00:00,0.9775746286,0.9789732099,0.001398581253,1,1
1773,AUD_CAD,2024-12-27 16:00:00,0.00226700045,0.002267003059,2.609131812e-09,0,0
1774,NZD_CAD,2024-12-27 16:00:00,0.002259040076,0.002259016037,2.403863822e-08,0,0
1775,AUD_CHF,2024-12-27 20:00:00,0.9577798485,0.9577797651,8.341141178e-08,1,1
1776,AUD_USD,2024-12-30 00:00:00,0.003255889961,0.003255963326,7.33648525e-08,0,0
1777,EUR_USD,2024-12-31 00:00:00,0.004707338683,0.004707336426,2.256751869e-09,0,0
1778,GBP_CHF,2024-12-31 08:00:00,0.0006055111697,0.0008907914162,0.0002852802465,0,0
1779,EUR_GBP,2025-01-02 08:00:00,0.01671712478,0.01695626974,0.0002391449578,0,0
1780,CAD_CHF,2025-01-06 00:00:00,0.06446903645,0.06446909904,6.259247266e-08,0,0
1781,NZD_USD,2025-01-06 00:00:00,0.001154194476,0.001154184341,1.013425875e-08,0,0
1782,AUD_CAD,2025-01-06 08:00:00,0.001117463344,0.00105458498,6.287836446e-05,0,0
1783,AUD_USD,2025-01-06 08:00:00,0.002260342865,0.002447545528,0.0001872026631,0,0
1784,AUD_JPY,2025-01-07 00:00:00,0.007061306381,0.007061302662,3.719262044e-09,0,0
1785,GBP_CHF,2025-01-07 00:00:00,0.03924773611,0.03924781084,7.473023721e-08,0,0
1786,NZD_JPY,2025-01-07 00:00:00,0.03395570127,0.03395569324,8.028453936e-09,0,0
1787,EUR_USD,2025-01-08 20:00:00,0.0008342028288,0.0008342266083,2.377947032e-08,0,0
1788,AUD_CAD,2025-01-10 00:00:00,0.001205475017,0.001205444336,3.068088137e-08,0,0
1789,AUD_USD,2025-01-10 00:00:00,0.002211112264,0.002211093903,1.83610711e-08,0,0
1790,NZD_CAD,2025-01-10 00:00:00,0.001756246093,0.001756191254,5.483922614e-08,0,0
1791,GBP_CHF,2025-01-10 08:00:00,0.0008366699394,0.0009073019028,7.063196341e-05,0,0
1792,NZD_USD,2025-01-13 20:00:00,0.002747819123,0.002747833729,1.460594271e-08,0,0
1793,AUD_JPY,2025-01-14 08:00:00,0.0009190769567,0.001090288162,0.0001712112055,0,0
1794,EUR_USD,2025-01-14 08:00:00,0.966348156,0.9772467613,0.01089860534,1,1
1795,NZD_JPY,2025-01-14 08:00:00,0.000857026656,0.0009872913361,0.0001302646801,0,0
1796,AUD_USD,2025-01-15 08:00:00,0.08414617429,0.09656268358,0.01241650929,0,0
1797,NZD_CAD,2025-01-17 00:00:00,0.01806049974,0.01806050539,5.650818868e-09,0,0
1798,GBP_USD,2025-01-20 00:00:00,0.9801786477,0.9801786542,6.504931926e-09,1,1
1799,CHF_JPY,2025-01-20 08:00:00,0.005676376184,0.006038606167,0.000362229983,0,0
1800,GBP_JPY,2025-01-20 20:00:00,0.1710333065,0.1710332632,4.333049547e-08,0,0
1801,AUD_CAD,2025-01-21 00:00:00,0.01526653623,0.01526659727,6.103768807e-08,0,0
1802,AUD_JPY,2025-01-24 00:00:00,0.005751543433,0.005751609802,6.636877608e-08,0,0
1803,NZD_JPY,2025-01-24 00:00:00,0.009710045301,0.009710013866,3.143428566e-08,0,0
1804,GBP_CAD,2025-01-24 04:00:00,0.00940108885,0.009401023388,6.546212998e-08,0,0
1805,EUR_CAD,2025-01-24 16:00:00,0.006890136058,0.006890177727,4.166899445e-08,0,0
1806,EUR_AUD,2025-01-27 00:00:00,0.01969460232,0.01969468594,8.361952296e-08,0,0
1807,GBP_CHF,2025-01-28 08:00:00,0.01384327855,0.01711416245,0.003270883899,0,0
1808,CAD_CHF,2025-01-29 08:00:00,0.008448878836,0.009101331234,0.0006524523976,0,0
1809,USD_CAD,2025-01-29 08:00:00,0.03243808081,0.03780794144,0.005369860628,0,0
1810,NZD_USD,2025-02-04 12:00:00,0.9777420899,0.9777421355,4.563773148e-08,1,1
1811,EUR_CAD,2025-02-05 16:00:00,0.01255152171,0.01255148649,3.522012184e-08,0,0
1812,CAD_CHF,2025-02-06 08:00:00,0.002692427553,0.004019498825,0.001327071272,0,0
1813,AUD_USD,2025-02-06 16:00:00,0.03613160629,0.0361315608,4.548887934e-08,0,0
1814,AUD_CAD,2025-02-07 00:00:00,0.00264721351,0.002647161484,5.202620222e-08,0,0
1815,USD_CHF,2025-02-10 00:00:00,0.002807658904,0.002807676792,1.788855782e-08,0,0
1816,USD_JPY,2025-02-10 00:00:00,0.006809411938,0.006809413433,1.494707072e-09,0,0
1817,AUD_NZD,2025-02-10 08:00:00,0.005810359,0.006307601929,0.0004972429286,0,0
1818,CAD_JPY,2025-02-10 08:00:00,0.07501201798,0.08447903395,0.009467015962,0,0
1819,CHF_JPY,2025-02-10 08:00:00,0.990628463,0.9928563833,0.002227920289,1,1
1820,EUR_CAD,2025-02-11 08:00:00,0.9888733419,0.9921141863,0.003240844398,1,1
1821,EUR_JPY,2025-02-11 08:00:00,0.09543078149,0.1183589697,0.0229281882,0,0
1822,GBP_CHF,2025-02-11 08:00:00,0.009080116012,0.01352494955,0.004444833539,0,0
1823,GBP_AUD,2025-02-13 00:00:00,0.9157920014,0.9157921076,1.061540635e-07,1,1
1824,GBP_NZD,2025-02-13 00:00:00,0.03991735769,0.03991734982,7.8696622e-09,0,0
1825,AUD_CAD,2025-02-13 20:00:00,0.9792771175,0.9792770743,4.313337942e-08,1,1
1826,NZD_CAD,2025-02-13 20:00:00,0.9848601447,0.9848601222,2.252736797e-08,1,1
1827,GBP_CAD,2025-02-14 08:00:00,0.9667384481,0.9734759927,0.006737544596,1,1
1828,AUD_USD,2025-02-17 00:00:00,0.03437749467,0.03437751532,2.064481586e-08,0,0
1829,USD_CAD,2025-02-17 08:00:00,0.1375434112,0.1986559629,0.06111255174,0,0
1830,USD_CHF,2025-02-17 12:00:00,0.02277091099,0.02277088165,2.934192744e-08,0,0
1831,EUR_AUD,2025-02-17 20:00:00,0.002579719588,0.002579689026,3.056189743e-08,0,0
1832,EUR_NZD,2025-02-17 20:00:00,0.002370814552,0.002370774746,3.980596029e-08,0,0
1833,NZD_JPY,2025-02-18 20:00:00,0.008019882385,0.008019924164,4.177839276e-08,0,0
1834,GBP_NZD,2025-02-19 16:00:00,0.01224266127,0.01224267483,1.355634743e-08,0,0
1835,AUD_NZD,2025-02-25 00:00:00,0.002078054466,0.002077996731,5.773481328e-08,0,0
1836,EUR_AUD,2025-02-25 00:00:00,0.9414652894,0.9414652586,3.083421218e-08,1,1
1837,GBP_JPY,2025-02-25 00:00:00,0.15684003,0.1568400264,3.598441933e-09,0,0
1838,USD_JPY,2025-02-25 00:00:00,0.0005368566602,0.0005368590355,2.375251814e-09,0,0
1839,EUR_NZD,2025-02-25 08:00:00,0.9635844358,0.9655188322,0.001934396365,1,1
1840,GBP_NZD,2025-02-25 08:00:00,0.9774717494,0.9769261479,0.0005456014455,1,1
1841,EUR_CHF,2025-02-26 08:00:00,0.07704581451,0.1016131639,0.02456734944,0,0
1842,USD_CHF,2025-02-27 00:00:00,0.007144162673,0.007144212723,5.004985996e-08,0,0
1843,CAD_JPY,2025-02-27 08:00:00,0.001257931807,0.002437353134,0.001179421327,0,0
1844,CAD_CHF,2025-02-28 08:00:00,0.002625839637,0.002747476101,0.000121636464,0,0
1845,EUR_GBP,2025-03-04 00:00:00,0.9798463815,0.9798464179,3.644018221e-08,1,1
1846,EUR_JPY,2025-03-04 08:00:00,0.02677985333,0.0692691803,0.04248932697,0,0
1847,EUR_CHF,2025-03-05 08:00:00,0.0101609943,0.0150758028,0.004914808506,0,0
1848,NZD_CHF,2025-03-10 16:00:00,0.001894397866,0.00189447403,7.616367541e-08,0,0
1849,USD_JPY,2025-03-11 08:00:00,0.004477247823,0.004445493221,3.175460137e-05,0,0
1850,AUD_JPY,2025-03-12 08:00:00,0.1083205284,0.1415653229,0.03324479445,0,0
1851,GBP_JPY,2025-03-12 08:00:00,0.03622006432,0.04157906771,0.005359003391,0,0
1852,NZD_JPY,2025-03-12 08:00:00,0.1633872902,0.1725967526,0.009209462479,0,0
1853,AUD_USD,2025-03-12 20:00:00,0.07356644923,0.07356649637,4.714382718e-08,0,0
1854,EUR_USD,2025-03-13 04:00:00,0.007172926363,0.007173001766,7.540289022e-08,0,0
1855,CAD_JPY,2025-03-17 00:00:00,0.02044303991,0.02044296265,7.726244467e-08,0,0
1856,NZD_CHF,2025-03-17 08:00:00,0.1679332139,0.1907918453,0.02285863146,0,0
1857,USD_CHF,2025-03-18 00:00:00,0.01725868386,0.01725870371,1.984492023e-08,0,0
1858,GBP_USD,2025-03-18 20:00:00,0.01758941183,0.01758933067,8.115374531e-08,0,0
1859,NZD_CHF,2025-03-21 08:00:00,0.0008252437257,0.0009575486183,0.0001323048927,0,0
1860,CAD_CHF,2025-03-24 00:00:00,0.02885661844,0.02885663509,1.665538425e-08,0,0
1861,EUR_USD,2025-03-24 08:00:00,0.002433878662,0.00262606144,0.0001921827776,0,0
1862,AUD_NZD,2025-03-25 00:00:00,0.0005959775332,0.0005959272385,5.029473555e-08,0,0
1863,AUD_CHF,2025-03-28 08:00:00,0.04297034951,0.04150062799,0.001469721517,0,0
1864,EUR_USD,2025-03-31 00:00:00,0.014449544,0.01444959641,5.240115962e-08,0,0
1865,GBP_USD,2025-04-01 00:00:00,0.009719795372,0.009719789028,6.343688118e-09,0,0
1866,AUD_USD,2025-04-01 16:00:00,0.01044844193,0.01044851542,7.348857947e-08,0,0
1867,NZD_CHF,2025-04-01 16:00:00,0.002263783529,0.002263784409,8.792442451e-10,0,0
1868,EUR_USD,2025-04-07 08:00:00,0.003698124763,0.004788935184,0.001090810421,0,0
1869,CHF_JPY,2025-04-07 16:00:00,0.01337758455,0.01337760687,2.232099264e-08,0,0
1870,NZD_JPY,2025-04-08 04:00:00,0.0326590566,0.03265911341,5.680311727e-08,0,0
1871,AUD_CHF,2025-04-09 20:00:00,0.02404845024,0.02404844761,2.635004045e-09,0,0
1872,AUD_JPY,2025-04-09 20:00:00,0.005570894454,0.005570888519,5.935062518e-09,0,0
1873,USD_JPY,2025-04-09 20:00:00,0.01075067955,0.01075077057,9.102354197e-08,0,0
1874,AUD_CAD,2025-04-10 04:00:00,0.9313998173,0.9313998222,4.948355725e-09,1,1
1875,AUD_USD,2025-04-10 04:00:00,0.9880144993,0.9880145192,1.98895298e-08,1,1
1876,NZD_CAD,2025-04-10 04:00:00,0.121125743,0.1211256981,4.491969936e-08,0,0
1877,NZD_CHF,2025-04-10 04:00:00,0.1745093701,0.1745092869,8.326369305e-08,0,0
1878,NZD_USD,2025-04-10 04:00:00,0.9685000325,0.9685000777,4.520176033e-08,1,1
1879,EUR_CAD,2025-04-11 00:00:00,0.04283041188,0.04283034801,6.386156907e-08,0,0
1880,GBP_AUD,2025-04-11 00:00:00,0.003113060441,0.003113090992,3.05507869e-08,0,0
1881,EUR_CHF,2025-04-11 08:00:00,0.02266715201,0.02486789227,0.00220074026,0,0
1882,GBP_USD,2025-04-11 08:00:00,0.9795407803,0.9803398252,0.0007990448448,1,1
1883,GBP_JPY,2025-04-11 16:00:00,0.9815678142,0.9815678,1.412295758e-08,1,1
1884,NZD_JPY,2025-04-11 16:00:00,0.9697155917,0.9697155952,3.514655011e-09,1,1
1885,CAD_CHF,2025-04-15 00:00:00,0.006004578572,0.006004631519,5.294757186e-08,0,0
1886,CAD_JPY,2025-04-15 00:00:00,0.006366939896,0.006366968155,2.825903156e-08,0,0
1887,GBP_CHF,2025-04-15 00:00:00,0.9660046922,0.9660046697,2.251711873e-08,1,1
1888,USD_CHF,2025-04-15 00:00:00,0.007128696271,0.00712877512,7.88490886e-08,0,0
1889,GBP_CAD,2025-04-17 08:00:00,0.004784587399,0.005284488201,0.0004999008018,0,0
1890,AUD_CHF,2025-04-21 20:00:00,0.07394499352,0.07394498587,7.650755057e-09,0,0
1891,USD_JPY,2025-04-22 16:00:00,0.00195341948,0.001953482628,6.314740362e-08,0,0
1892,AUD_NZD,2025-04-23 00:00:00,0.9667243607,0.9667243958,3.501710222e-08,1,1
1893,EUR_NZD,2025-04-24 00:00:00,0.001275925972,0.001275956631,3.065918218e-08,0,0
1894,NZD_CHF,2025-04-24 08:00:00,0.004985858079,0.004770874977,0.0002149831018,0,0
1895,USD_CAD,2025-04-24 16:00:00,0.001092184702,0.001092195511,1.080885203e-08,0,0
1896,GBP_NZD,2025-04-29 16:00:00,0.02699064575,0.02699071169,6.594274663e-08,0,0
1897,CAD_JPY,2025-04-30 04:00:00,0.9783649934,0.9783650041,1.061319055e-08,1,1
1898,EUR_JPY,2025-04-30 08:00:00,0.01691146254,0.01691144705,1.549417896e-08,0,0
1899,EUR_GBP,2025-05-02 08:00:00,0.0003658097698,0.0004301667213,6.435695154e-05,0,0
1900,USD_CAD,2025-05-06 00:00:00,0.001051667686,0.001051604748,6.293846452e-08,0,0
1901,NZD_CHF,2025-05-07 00:00:00,0.002369475991,0.002369523048,4.705741566e-08,0,0
1902,EUR_AUD,2025-05-07 08:00:00,0.003089774491,0.003260552883,0.0001707783925,0,0
1903,GBP_AUD,2025-05-07 08:00:00,0.9912467477,0.9921214581,0.0008747103441,1,1
1904,GBP_NZD,2025-05-07 12:00:00,0.006308726428,0.006308674812,5.161608745e-08,0,0
1905,EUR_GBP,2025-05-09 00:00:00,0.003373345742,0.003373384476,3.873381997e-08,0,0
1906,EUR_NZD,2025-05-09 00:00:00,0.0002649513558,0.000264942646,8.709800273e-09,0,0
1907,EUR_AUD,2025-05-13 00:00:00,0.01172634663,0.01172637939,3.276403023e-08,0,0
1908,EUR_GBP,2025-05-15 00:00:00,0.0030270627,0.00302708149,1.878917479e-08,0,0
1909,EUR_NZD,2025-05-19 08:00:00,0.02359255246,0.03159320354,0.008000651082,0,0
1910,EUR_GBP,2025-05-20 08:00:00,0.0006445193685,0.001004517078,0.0003599977099,0,0
1911,EUR_CAD,2025-05-21 04:00:00,0.06218265714,0.06218266487,7.727383455e-09,0,0
1912,NZD_CHF,2025-05-21 12:00:00,0.007833012946,0.007833003998,8.948396892e-09,0,0
1913,EUR_JPY,2025-05-26 00:00:00,0.9790947369,0.9790948033,6.640940542e-08,1,1
1914,USD_CAD,2025-05-28 04:00:00,0.0290496832,0.02904975414,7.094098439e-08,0,0
1915,EUR_AUD,2025-05-28 12:00:00,0.06538640166,0.06538647413,7.246806476e-08,0,0
1916,EUR_NZD,2025-05-29 16:00:00,0.01187228182,0.01187235117,6.935279654e-08,0,0
1917,EUR_GBP,2025-06-02 08:00:00,0.9491149601,0.9578617215,0.008746761375,1,1
1918,EUR_USD,2025-06-04 00:00:00,0.9693496721,0.9693496227,4.938382858e-08,1,1
1919,EUR_CAD,2025-06-04 08:00:00,0.9655762534,0.9714170694,0.005840816027,1,1
1920,AUD_USD,2025-06-05 12:00:00,0.01105408225,0.01105409861,1.635548827e-08,0,0
1921,AUD_JPY,2025-06-09 00:00:00,0.04462094347,0.04462099075,4.727985653e-08,0,0
1922,EUR_CHF,2025-06-09 16:00:00,0.04550815857,0.0455082655,1.069290594e-07,0,0
1923,GBP_JPY,2025-06-09 20:00:00,0.04189464629,0.0418946743,2.800687014e-08,0,0
1924,NZD_JPY,2025-06-10 16:00:00,0.08131848868,0.08131843805,5.063179064e-08,0,0
1925,EUR_AUD,2025-06-11 00:00:00,0.1579416893,0.1579417586,6.936186575e-08,0,0
1926,CHF_JPY,2025-06-11 08:00:00,0.9571743335,0.9638122916,0.006637958151,1,1
1927,EUR_NZD,2025-06-13 00:00:00,0.0295259571,0.02952593565,2.145128246e-08,0,0
1928,GBP_USD,2025-06-13 16:00:00,0.01299308282,0.01299309731,1.448475553e-08,0,0
1929,AUD_CAD,2025-06-16 08:00:00,0.01835031801,0.01836776733,1.744932381e-05,0,0
1930,AUD_JPY,2025-06-16 08:00:00,0.9644065561,0.9632803202,0.001126235961,1,1
1931,CAD_CHF,2025-06-16 08:00:00,0.01031175369,0.01525992155,0.004948167863,0,0
1932,GBP_CAD,2025-06-16 08:00:00,0.002294512361,0.002511739731,0.0002172273699,0,0
1933,GBP_JPY,2025-06-16 08:00:00,0.005311507633,0.007186830044,0.00187532241,0,0
1934,NZD_CHF,2025-06-16 08:00:00,0.003847059142,0.004618108273,0.000771049131,0,0
1935,NZD_JPY,2025-06-16 08:00:00,0.9666652134,0.9674299955,0.0007647821322,1,1
1936,NZD_USD,2025-06-16 08:00:00,0.03373220527,0.03373211622,8.904323223e-08,0,0
1937,GBP_CHF,2025-06-16 16:00:00,0.002616825225,0.00261682272,2.505797652e-09,0,0
1938,AUD_USD,2025-06-18 04:00:00,0.01165803751,0.01165813208,9.456808591e-08,0,0
1939,USD_CHF,2025-06-18 08:00:00,0.0002673741219,0.0003859400749,0.000118565953,0,0
1940,USD_CAD,2025-06-19 04:00:00,0.01404656913,0.0140466094,4.027630214e-08,0,0
1941,GBP_JPY,2025-06-19 20:00:00,0.9583911039,0.9583910704,3.349857303e-08,1,1
1942,GBP_USD,2025-06-19 20:00:00,0.004133645239,0.004133701324,5.608552728e-08,0,0
1943,NZD_CAD,2025-06-19 20:00:00,0.01415451115,0.0141544342,7.694483283e-08,0,0
1944,GBP_CAD,2025-06-20 00:00:00,0.04040783103,0.04040783644,5.405063022e-09,0,0
1945,AUD_NZD,2025-06-23 08:00:00,0.05971014136,0.07702702284,0.01731688148,0,0
1946,GBP_CHF,2025-06-24 00:00:00,0.0009632940893,0.0009632110596,8.302971772e-08,0,0
1947,NZD_CHF,2025-06-25 04:00:00,0.006848048766,0.006848096848,4.808114807e-08,0,0
1948,AUD_CHF,2025-06-25 12:00:00,0.00146193104,0.001461982727,5.168725622e-08,0,0
1949,EUR_NZD,2025-06-25 16:00:00,0.9782594231,0.9782594442,2.116961606e-08,1,1
1950,AUD_USD,2025-06-26 16:00:00,0.02935914338,0.02935904264,1.007315628e-07,0,0
1951,CAD_CHF,2025-06-26 16:00:00,0.006547818067,0.006547808647,9.42014396e-09,0,0
1952,CAD_JPY,2025-06-26 16:00:00,0.008392877098,0.008392930031,5.29328665e-08,0,0
1953,GBP_USD,2025-06-26 16:00:00,0.01089281353,0.01089280844,5.096757918e-09,0,0
1954,USD_JPY,2025-06-27 00:00:00,0.005284224884,0.005284249783,2.489828731e-08,0,0
1955,NZD_CAD,2025-06-27 16:00:00,0.02612554695,0.02612555027,3.32139875e-09,0,0
1956,NZD_USD,2025-07-01 08:00:00,0.006325693069,0.006344437599,1.874453004e-05,0,0
1957,AUD_NZD,2025-07-02 08:00:00,0.9614890535,0.9623612761,0.0008722226207,1,1
1958,CAD_JPY,2025-07-02 08:00:00,0.9727364061,0.9790902138,0.006353807714,1,1
1959,AUD_CHF,2025-07-03 08:00:00,0.001074449228,0.001484572887,0.0004101236594,0,0
1960,CAD_CHF,2025-07-03 08:00:00,0.03876305406,0.06238627434,0.02362322028,0,0
1961,GBP_CHF,2025-07-03 08:00:00,0.00439824467,0.0056604743,0.001262229631,0,0
1962,GBP_USD,2025-07-04 00:00:00,0.02978335186,0.02978342772,7.585092247e-08,0,0
1963,NZD_CAD,2025-07-04 00:00:00,0.0003979907593,0.0003979802132,1.054618281e-08,0,0
1964,USD_CAD,2025-07-04 08:00:00,0.977414173,0.9828705788,0.005456405806,1,1
1965,GBP_NZD,2025-07-04 16:00:00,0.04013075677,0.04013079405,3.728296949e-08,0,0
1966,EUR_CHF,2025-07-04 20:00:00,0.009468255281,0.009468317032,6.175043765e-08,0,0
1967,GBP_AUD,2025-07-07 20:00:00,0.01207366662,0.01207363605,3.056984904e-08,0,0
1968,USD_JPY,2025-07-08 12:00:00,0.03149594947,0.03149592876,2.070477888e-08,0,0
1969,AUD_USD,2025-07-10 00:00:00,0.08873868732,0.08873867989,7.430034046e-09,0,0
1970,GBP_USD,2025-07-10 00:00:00,0.001520179774,0.001520216465,3.669123445e-08,0,0
1971,NZD_USD,2025-07-10 08:00:00,0.002414332434,0.002796292305,0.0003819598713,0,0
1972,CAD_CHF,2025-07-14 08:00:00,0.1098989766,0.1360529661,0.02615398949,0,0
1973,NZD_CAD,2025-07-15 00:00:00,0.01333277851,0.01333278418,5.669188747e-09,0,0
1974,USD_CHF,2025-07-17 00:00:00,0.02748559826,0.02748554945,4.880870472e-08,0,0
1975,USD_JPY,2025-07-17 00:00:00,0.002638279945,0.002638280392,4.470385507e-10,0,0
1976,GBP_CAD,2025-07-17 08:00:00,0.003125846261,0.003341555595,0.0002157093348,0,0
1977,GBP_USD,2025-07-18 00:00:00,0.04379732334,0.04379737377,5.043407214e-08,0,0
1978,GBP_NZD,2025-07-21 00:00:00,0.01446765287,0.01446765661,3.742269451e-09,0,0
1979,NZD_CHF,2025-07-21 08:00:00,0.0005277336489,0.0006773471832,0.0001496135343,0,0
1980,EUR_CHF,2025-07-21 16:00:00,0.05923231947,0.05923235416,3.46925832e-08,0,0
1981,GBP_AUD,2025-07-22 00:00:00,0.003799574394,0.00379961729,4.289662733e-08,0,0
1982,AUD_USD,2025-07-23 00:00:00,0.001088336824,0.001088380814,4.399008833e-08,0,0
1983,NZD_USD,2025-07-23 00:00:00,0.001244835618,0.001244783401,5.221690349e-08,0,0
1984,USD_CHF,2025-07-23 16:00:00,0.0228323735,0.02283233404,3.946016686e-08,0,0
1985,NZD_CAD,2025-07-24 00:00:00,0.02400987391,0.0240098238,5.011419554e-08,0,0
1986,EUR_CHF,2025-07-25 00:00:00,0.01738379876,0.01738381386,1.50951223e-08,0,0
1987,EUR_JPY,2025-07-25 00:00:00,0.02342726128,0.0234271884,7.288791271e-08,0,0
1988,GBP_NZD,2025-07-25 04:00:00,0.003551663739,0.003551721573,5.783382515e-08,0,0
1989,GBP_CHF,2025-07-29 08:00:00,0.005041194744,0.005931854248,0.0008906595043,0,0
1990,NZD_CAD,2025-07-29 16:00:00,0.02617877322,0.02617877722,4.000289995e-09,0,0
1991,EUR_CAD,2025-08-01 08:00:00,0.9935570052,0.9951625466,0.001605541402,1,1
1992,EUR_CHF,2025-08-01 08:00:00,0.1349249532,0.1559628844,0.02103793127,0,0
1993,AUD_USD,2025-08-04 04:00:00,0.0892324506,0.08923244476,5.8381006e-09,0,0
1994,EUR_JPY,2025-08-04 04:00:00,0.9841055256,0.9841055274,1.753441614e-09,1,1
1995,CAD_CHF,2025-08-05 00:00:00,0.06052552279,0.06052565575,1.329611967e-07,0,0
1996,GBP_CHF,2025-08-05 00:00:00,0.06828216482,0.06828212738,3.744113593e-08,0,0
1997,GBP_USD,2025-08-05 16:00:00,0.9608065507,0.9608065486,2.056638193e-09,1,1
1998,NZD_CAD,2025-08-06 00:00:00,0.001838722601,0.001838743687,2.10861501e-08,0,0
1999,NZD_CHF,2025-08-06 00:00:00,0.1055044772,0.1055044532,2.39980812e-08,0,0
2000,NZD_USD,2025-08-06 00:00:00,0.08982494621,0.08982497454,2.832995591e-08,0,0
2001,EUR_GBP,2025-08-06 08:00:00,0.01101726796,0.01365911961,0.002641851642,0,0
2002,EUR_USD,2025-08-07 04:00:00,0.04304772146,0.04304766655,5.491433042e-08,0,0
2003,GBP_CAD,2025-08-07 08:00:00,0.9738486729,0.9782195091,0.004370836203,1,1
2004,GBP_NZD,2025-08-08 08:00:00,0.9555954031,0.9555953741,2.898726648e-08,1,1
2005,EUR_AUD,2025-08-11 00:00:00,0.1261023834,0.1261023879,4.534882164e-09,0,0
2006,AUD_CHF,2025-08-11 08:00:00,0.003733199796,0.004339277744,0.0006060779481,0,0
2007,AUD_CAD,2025-08-12 00:00:00,0.01049219633,0.01049214602,5.031639312e-08,0,0
2008,CHF_JPY,2025-08-12 20:00:00,0.0006129867258,0.0006129741669,1.255894727e-08,0,0
2009,EUR_USD,2025-08-15 00:00:00,0.01512073358,0.0151206851,4.84746016e-08,0,0
2010,AUD_CAD,2025-08-15 08:00:00,0.0006844245503,0.0007609128952,7.648834493e-05,0,0
2011,EUR_GBP,2025-08-15 08:00:00,0.9875308033,0.9892274141,0.001696610866,1,1
2012,GBP_AUD,2025-08-19 16:00:00,0.03456742578,0.03456741571,1.006990727e-08,0,0
2013,AUD_CAD,2025-08-22 00:00:00,0.9654500001,0.9654500484,4.836763567e-08,1,1
2014,CHF_JPY,2025-08-22 00:00:00,0.9559502182,0.955950141,7.726765383e-08,1,1
2015,EUR_NZD,2025-08-22 12:00:00,0.007050689477,0.00705075264,6.316281826e-08,0,0
2016,AUD_USD,2025-08-22 16:00:00,0.9713639048,0.9713638425,6.23279629e-08,1,1
2017,NZD_CAD,2025-08-22 16:00:00,0.004470608551,0.004470646381,3.783020308e-08,0,0
2018,AUD_CHF,2025-08-25 00:00:00,0.1590784768,0.1590785384,6.163369703e-08,0,0
2019,AUD_JPY,2025-08-25 00:00:00,0.9633957592,0.9633957744,1.519163406e-08,1,1
2020,CAD_CHF,2025-08-25 00:00:00,0.009060196497,0.009060263634,6.713716956e-08,0,0
2021,GBP_JPY,2025-08-25 00:00:00,0.005530645787,0.005530714989,6.92016876e-08,0,0
2022,NZD_CHF,2025-08-25 00:00:00,0.1026540895,0.1026541591,6.955952858e-08,0,0
2023,NZD_JPY,2025-08-25 00:00:00,0.9815943254,0.9815943241,1.313997355e-09,1,1
2024,USD_JPY,2025-08-25 00:00:00,0.03538127135,0.03538125753,1.381541854e-08,0,0
2025,NZD_USD,2025-08-26 12:00:00,0.9747390427,0.9747390151,2.762307227e-08,1,1
2026,NZD_CAD,2025-08-29 12:00:00,0.06781320534,0.06781321764,1.229876939e-08,0,0
2027,EUR_USD,2025-09-01 04:00:00,0.03983394848,0.03983390331,4.516580247e-08,0,0
2028,CAD_JPY,2025-09-03 00:00:00,0.00774407229,0.007744073868,1.578291144e-09,0,0
2029,EUR_NZD,2025-09-03 08:00:00,0.006244830235,0.008830070496,0.002585240261,0,0
2030,AUD_NZD,2025-09-03 12:00:00,0.01524775733,0.0152477622,4.871608641e-09,0,0
2031,USD_CAD,2025-09-04 04:00:00,0.05119795169,0.05119800568,5.398517437e-08,0,0
2032,EUR_USD,2025-09-05 00:00:00,0.04327518102,0.04327517748,3.544358439e-09,0,0
2033,NZD_CAD,2025-09-05 00:00:00,0.1320399746,0.1320399642,1.042848616e-08,0,0
2034,AUD_NZD,2025-09-09 16:00:00,0.953636885,0.9536369443,5.932088554e-08,1,1
2035,CAD_JPY,2025-09-10 08:00:00,0.001241637793,0.001497507095,0.000255869302,0,0
2036,USD_CAD,2025-09-11 04:00:00,0.0155986985,0.01559871435,1.584869474e-08,0,0
2037,GBP_AUD,2025-09-15 08:00:00,0.06556456731,0.1056987643,0.04013419701,0,0
2038,NZD_CHF,2025-09-15 20:00:00,0.003471297309,0.003471314907,1.759856482e-08,0,0
2039,USD_JPY,2025-09-16 00:00:00,0.006359425771,0.006359398365,2.740644665e-08,0,0
2040,USD_CAD,2025-09-17 16:00:00,0.9821894506,0.9821894765,2.591175874e-08,1,1
2041,CAD_CHF,2025-09-18 04:00:00,0.0003465041025,0.0003465414047,3.730223075e-08,0,0
2042,USD_CHF,2025-09-18 04:00:00,0.9713481355,0.9713482261,9.061520145e-08,1,1
2043,USD_JPY,2025-09-19 12:00:00,0.03666452502,0.03666448593,3.90912173e-08,0,0
2044,EUR_NZD,2025-09-22 20:00:00,0.9943847299,0.9943847656,3.571444129e-08,1,1
2045,EUR_AUD,2025-09-23 00:00:00,0.08795132861,0.08795130253,2.607819173e-08,0,0
2046,NZD_CAD,2025-09-26 16:00:00,0.002529292886,0.002529263496,2.93900411e-08,0,0
2047,EUR_CAD,2025-09-30 08:00:00,0.01518457127,0.01593059301,0.0007460217416,0,0
2048,EUR_CHF,2025-09-30 08:00:00,0.03721907259,0.04561954737,0.008400474773,0,0
2049,NZD_USD,2025-09-30 16:00:00,0.003541699215,0.003541767597,6.838267078e-08,0,0
2050,GBP_CHF,2025-10-01 08:00:00,0.1266459292,0.1453452706,0.01869934142,0,0
2051,NZD_CHF,2025-10-01 08:00:00,0.00069627119,0.0006648898125,3.138137753e-05,0,0
2052,EUR_JPY,2025-10-03 00:00:00,0.9925720853,0.9925721288,4.350990712e-08,1,1
2053,NZD_JPY,2025-10-03 00:00:00,0.9807706869,0.9807707667,7.980434447e-08,1,1
2054,GBP_CAD,2025-10-03 08:00:00,0.004776251231,0.005702912807,0.0009266615761,0,0
2055,GBP_USD,2025-10-03 08:00:00,0.001573888462,0.001644551754,7.066329176e-05,0,0
2056,GBP_AUD,2025-10-03 16:00:00,0.07261129781,0.07261133194,3.412625105e-08,0,0
2057,CAD_JPY,2025-10-06 00:00:00,0.03649441108,0.03649443388,2.279959827e-08,0,0
2058,CAD_CHF,2025-10-06 08:00:00,0.0006815605301,0.000866830349,0.0001852698188,0,0
2059,EUR_CAD,2025-10-06 16:00:00,0.01604611694,0.01604616642,4.948409255e-08,0,0
2060,USD_JPY,2025-10-06 20:00:00,0.9741033803,0.9741033912,1.086087809e-08,1,1
2061,EUR_AUD,2025-10-07 00:00:00,0.02476611144,0.02476620674,9.529698452e-08,0,0
2062,GBP_NZD,2025-10-07 00:00:00,0.1196043876,0.1196044087,2.109491593e-08,0,0
2063,NZD_CHF,2025-10-08 12:00:00,0.01252431422,0.01252430677,7.446217334e-09,0,0
2064,GBP_JPY,2025-10-09 00:00:00,0.04238285776,0.04238277674,8.101982058e-08,0,0
2065,NZD_USD,2025-10-09 00:00:00,0.001841479168,0.0018414855,6.332521826e-09,0,0
2066,EUR_AUD,2025-10-10 16:00:00,0.03187603189,0.03187608719,5.529752739e-08,0,0
2067,CAD_CHF,2025-10-13 08:00:00,0.001148053822,0.001133918762,1.413506029e-05,0,0
2068,EUR_CHF,2025-10-13 08:00:00,0.007165447835,0.01084136963,0.003675921794,0,0
2069,GBP_CHF,2025-10-13 08:00:00,0.004756514275,0.005723655224,0.0009671409484,0,0
2070,GBP_CAD,2025-10-13 16:00:00,0.1148461626,0.1148459911,1.715018005e-07,0,0
2071,EUR_CAD,2025-10-14 16:00:00,0.1082871701,0.108287096,7.41156089e-08,0,0
2072,EUR_USD,2025-10-14 16:00:00,0.1034901104,0.1034901142,3.853073999e-09,0,0
2073,AUD_USD,2025-10-15 00:00:00,0.1040456604,0.1040456891,2.865669191e-08,0,0
2074,EUR_AUD,2025-10-16 16:00:00,0.007481244446,0.007481217384,2.706166511e-08,0,0
2075,NZD_USD,2025-10-17 04:00:00,0.03789111632,0.03789114952,3.32007998e-08,0,0
2076,GBP_JPY,2025-10-17 20:00:00,0.02881638617,0.02881640196,1.579317104e-08,0,0
2077,AUD_CAD,2025-10-20 00:00:00,0.1427784837,0.1427784562,2.749764766e-08,0,0
2078,CHF_JPY,2025-10-20 00:00:00,0.002854370144,0.002854406834,3.668992535e-08,0,0
2079,GBP_USD,2025-10-20 04:00:00,0.005913478262,0.005913496017,1.775588614e-08,0,0
2080,GBP_AUD,2025-10-20 12:00:00,0.001305839972,0.001305758953,8.101900856e-08,0,0
2081,AUD_CHF,2025-10-21 00:00:00,0.9756595912,0.9756596088,1.761212287e-08,1,1
2082,AUD_USD,2025-10-21 00:00:00,0.04940344814,0.04940342903,1.911014624e-08,0,0
2083,NZD_CAD,2025-10-21 00:00:00,0.02246379106,0.02246385813,6.707195876e-08,0,0
2084,EUR_GBP,2025-10-22 08:00:00,0.05169849644,0.0520388484,0.0003403519632,0,0
2085,GBP_CHF,2025-10-22 16:00:00,0.05242108139,0.05242109299,1.159829872e-08,0,0
2086,AUD_JPY,2025-10-23 00:00:00,0.9774560796,0.9774560332,4.634120299e-08,1,1
2087,CAD_JPY,2025-10-24 20:00:00,0.04449628914,0.04449629784,8.700474688e-09,0,0
2088,GBP_USD,2025-10-27 00:00:00,0.004751614313,0.004751622677,8.363359683e-09,0,0
2089,AUD_USD,2025-10-27 08:00:00,0.03297744478,0.02749580145,0.005481643327,0,0
2090,CAD_CHF,2025-10-27 08:00:00,0.01202199317,0.01464045048,0.002618457305,0,0
2091,EUR_CHF,2025-10-27 08:00:00,0.01396739704,0.01516276598,0.001195368942,0,0
2092,NZD_CAD,2025-10-27 16:00:00,0.02573812434,0.02573812008,4.261800513e-09,0,0
2093,NZD_CHF,2025-10-29 16:00:00,0.02310615472,0.02310615778,3.056817563e-09,0,0
2094,EUR_AUD,2025-10-30 12:00:00,0.01292156995,0.01292157173,1.780463688e-09,0,0
2095,GBP_AUD,2025-10-30 12:00:00,0.02824387903,0.02824389935,2.031889071e-08,0,0
2096,GBP_NZD,2025-10-30 12:00:00,0.06360273599,0.06360274553,9.539790582e-09,0,0
2097,CAD_CHF,2025-11-03 08:00:00,0.009317918039,0.01158839464,0.002270476602,0,0
2098,EUR_CHF,2025-11-03 08:00:00,0.02373166353,0.02457004786,0.0008383843211,0,0
2099,GBP_CHF,2025-11-03 08:00:00,0.000398546721,0.0004301667213,3.162000034e-05,0,0
2100,EUR_CAD,2025-11-04 20:00:00,0.1124892508,0.1124893427,9.192218235e-08,0,0
2101,EUR_AUD,2025-11-06 00:00:00,0.1178879207,0.1178879142,6.506744338e-09,0,0
2102,GBP_CAD,2025-11-06 00:00:00,0.00744047648,0.007440447807,2.867263246e-08,0,0
2103,EUR_USD,2025-11-06 20:00:00,0.05427178236,0.05427181721,3.484734096e-08,0,0
2104,GBP_USD,2025-11-06 20:00:00,0.01028566349,0.01028567553,1.203112237e-08,0,0
2105,CHF_JPY,2025-11-07 08:00:00,0.990119949,0.9912185073,0.001098558316,1,1
2106,CAD_CHF,2025-11-07 20:00:00,0.002896179721,0.002896130085,4.963576775e-08,0,0
2107,GBP_CHF,2025-11-10 08:00:00,0.0003078883676,0.0003284215927,2.053322516e-05,0,0
2108,GBP_JPY,2025-11-11 16:00:00,0.9604264987,0.9604265094,1.065492727e-08,1,1
2109,NZD_CAD,2025-11-12 00:00:00,0.001138506863,0.001138448715,5.81481839e-08,0,0
2110,NZD_CHF,2025-11-12 00:00:00,0.005293305344,0.005293309689,4.344849695e-09,0,0
2111,NZD_USD,2025-11-12 12:00:00,0.0135071325,0.01350718737,5.486782859e-08,0,0
2112,GBP_CAD,2025-11-13 08:00:00,0.04730361377,0.06110876799,0.01380515422,0,0
2113,GBP_AUD,2025-11-17 00:00:00,0.2483370432,0.2483369708,7.237608435e-08,0,0
2114,CAD_JPY,2025-11-17 08:00:00,0.9753753205,0.9794595838,0.004084263212,1,1
2115,EUR_CHF,2025-11-18 08:00:00,0.9693704853,0.9730263352,0.003655849927,1,1
2116,USD_CHF,2025-11-19 00:00:00,0.08645546989,0.08645546436,5.527649075e-09,0,0
2117,CAD_CHF,2025-11-19 08:00:00,0.01380969264,0.01679378748,0.002984094839,0,0
2118,GBP_CHF,2025-11-19 08:00:00,0.06109082046,0.09380972385,0.03271890339,0,0
2119,EUR_NZD,2025-11-19 12:00:00,0.06872399684,0.06872391701,7.983457591e-08,0,0
2120,NZD_CHF,2025-11-20 12:00:00,0.1066859256,0.1066859961,7.042168379e-08,0,0
2121,USD_CAD,2025-11-24 08:00:00,0.004401333457,0.00440132618,7.277246335e-09,0,0
2122,AUD_CAD,2025-11-24 16:00:00,0.108582983,0.1085830331,5.009213512e-08,0,0
2123,NZD_CAD,2025-11-25 00:00:00,0.03221504534,0.0322150588,1.346619858e-08,0,0
2124,GBP_CAD,2025-11-25 08:00:00,0.04827575348,0.0498059988,0.001530245324,0,0
2125,GBP_USD,2025-11-25 08:00:00,0.9503169593,0.9406818151,0.009635144166,1,1
2126,AUD_USD,2025-11-26 00:00:00,0.9865875728,0.986587584,1.121435222e-08,1,1
2127,NZD_CHF,2025-11-26 00:00:00,0.004283870275,0.004283845425,2.485082327e-08,0,0
2128,NZD_USD,2025-11-26 00:00:00,0.9713494276,0.9713494778,5.015418481e-08,1,1
2129,EUR_USD,2025-11-26 04:00:00,0.9680357956,0.9680357575,3.80791656e-08,1,1
2130,GBP_CAD,2025-12-01 08:00:00,0.02896983749,0.03818565607,0.009215818579,0,0
2131,USD_CAD,2025-12-01 20:00:00,0.001648681475,0.001648664474,1.700021005e-08,0,0
2132,AUD_NZD,2025-12-02 00:00:00,0.9749416471,0.9749416113,3.584304697e-08,1,1
2133,EUR_NZD,2025-12-02 08:00:00,0.001416918861,0.001522481441,0.0001055625808,0,0
2134,NZD_JPY,2025-12-03 00:00:00,0.9630033994,0.963003397,2.432123281e-09,1,1
2135,USD_JPY,2025-12-04 20:00:00,0.0349270302,0.03492707014,3.994470178e-08,0,0
2136,EUR_JPY,2025-12-09 16:00:00,0.03031930633,0.03031927347,3.285365455e-08,0,0
2137,EUR_NZD,2025-12-10 00:00:00,0.07506379043,0.07506388426,9.382632306e-08,0,0
2138,EUR_AUD,2025-12-12 16:00:00,0.06582651095,0.06582653522,2.4274663e-08,0,0
2139,GBP_AUD,2025-12-12 16:00:00,0.0515808391,0.05158084631,7.205466258e-09,0,0
2140,EUR_CAD,2025-12-15 08:00:00,0.001474831271,0.001943588257,0.0004687569854,0,0
2141,GBP_CAD,2025-12-16 08:00:00,0.005057186706,0.004830420017,0.0002267666883,0,0
2142,AUD_CHF,2025-12-17 08:00:00,0.00186499815,0.002372562885,0.0005075647356,0,0
2143,EUR_GBP,2025-12-18 00:00:00,0.02188692983,0.02188688517,4.466500223e-08,0,0
2144,USD_CHF,2025-12-18 08:00:00,0.01985760487,0.01982194185,3.566301862e-05,0,0
2145,EUR_JPY,2025-12-19 00:00:00,0.01694969074,0.01694971323,2.249313329e-08,0,0
2146,USD_CAD,2025-12-19 04:00:00,0.000326603787,0.0003266334534,2.966637175e-08,0,0
2147,AUD_JPY,2025-12-22 20:00:00,0.07196113583,0.07196104527,9.055990537e-08,0,0
2148,GBP_CAD,2025-12-23 00:00:00,0.001268321509,0.001268327236,5.726714209e-09,0,0
2149,AUD_CHF,2025-12-23 08:00:00,0.003615944347,0.003919780254,0.0003038359077,0,0
2150,EUR_GBP,2025-12-29 08:00:00,0.01386340162,0.01763421297,0.003770811348,0,0
2151,GBP_CAD,2025-12-29 08:00:00,0.001048093773,0.001456737518,0.0004086437457,0,0
2152,USD_CAD,2025-12-29 08:00:00,0.001071174686,0.001178205013,0.0001070303275,0,0
2153,USD_CHF,2025-12-31 04:00:00,0.001449208953,0.001449286938,7.798443675e-08,0,0
