{
  "ending_equity": 364755.79486074805,
  "full_data_annualised_roi_pct": 98.3610336389994,
  "full_data_max_dd_pct": 5.002123475382403,
  "full_data_roi_pct": 3547.5579486074807,
  "full_data_worst_day_dd_pct": 3.9922403960296995,
  "n_trades": 236
}
