comparison,spearman_rho,p_value
F1<->F2,0.9842533936651583,1.525652854055104e-38
F2<->F3,0.9879638009049773,2.2012724511434848e-41
F3<->F4,0.9878733031674207,2.641982638859366e-41
F4<->F5,0.9952036199095022,3.878842820858328e-51
F5<->F6,0.9981900452488687,1.713336673667657e-61
F6<->F7,0.9965610859728506,1.1358204126510067e-54
F1<->F7,0.9640723981900452,7.24807485049362e-30
