fold_idx,auc,n_train,n_test,base_success_rate
0,0.4783281734,95,91,0.3736263736
1,0.4404894327,186,91,0.3186813187
2,0.5315581854,277,91,0.4285714286
3,0.4367816092,368,91,0.3626373626
4,0.5906862745,459,91,0.4395604396
