fold_idx,auc,n_train,n_test,base_success_rate
0,0.4915254237,65,60,0.01666666667
1,0.4454545455,125,60,0.08333333333
2,0.452,185,60,0.1666666667
3,0.6754807692,245,60,0.1333333333
4,0.4952120383,305,60,0.2833333333
