row_type,id,archetype_label,n_trades,size_fraction,selected_sl_atr,evaluated_sl_atr,composite,mono_pre_peak_centroid,local_peaks_centroid,local_peaks_floor_status,fwd_mfe_h240_p50,frac_reach_1R,frac_wrong_way_pre_peak,cap_binding_rate,shape_tag,shape_p95_over_p50,verdict,tiebreaker_note
cluster,c1,unresolved_f22d041e,365,0.4334916864608076,2.0,2.0,0.38740408051613584,0.6086369572284647,8.402739726027397,PASS,1.702810130716996,0.7424657534246575,0.0136986301369863,0.09041095890410959,heavy_right_tail,3.2044851856330494,PASS,no tiebreaker invoked
cluster,c4,unresolved_11fee4a0,122,0.14489311163895488,1.0,1.0,0.3044343513450685,0.5659097611811341,18.68032786885246,PASS,7.508853123617664,0.7704918032786885,0.08196721311475409,0.4426229508196721,heavy_right_tail,3.2103770915215,PASS,no tiebreaker invoked
