trade_id,pair,signal_bar_time,entry_time,exit_time,exit_reason,bars_held,mfe_lock_active_at_exit,final_r,mfe_r,mae_r,spread_pips_used,spread_pips_exit,fold
341,NZD_CAD,2021-07-06 04:00:00,2021-07-06 08:00:00,2021-07-13 12:00:00,stoploss,32,0,-1.021217989,0.7451757795,-1.256104959,3.4,2.5,2
342,CAD_CHF,2021-07-07 08:00:00,2021-07-07 12:00:00,2021-07-08 08:00:00,stoploss,6,0,-1.023622873,0.565705639,-3.012537941,1.5,1.9,2
347,EUR_NZD,2021-07-08 00:00:00,2021-07-08 04:00:00,2021-07-09 20:00:00,trail_stop,11,1,0.8502947834,1.9574049,-0.03705116001,3.8,3.8,2
350,EUR_JPY,2021-07-09 00:00:00,2021-07-09 04:00:00,2021-07-13 12:00:00,trail_stop,15,1,0.6833325919,1.57394939,-0.2732440058,1,1,2
351,AUD_CAD,2021-07-09 08:00:00,2021-07-09 12:00:00,2021-07-15 16:00:00,trail_stop,26,1,0.1950195318,1.246466159,-0.4015811476,1.9,1.9,2
352,GBP_JPY,2021-07-09 08:00:00,2021-07-09 12:00:00,2021-07-13 12:00:00,trail_stop,13,1,1.018312207,1.855380334,-0.0943238047,2.4,2.4,2
355,AUD_JPY,2021-07-13 00:00:00,2021-07-13 04:00:00,2021-07-15 04:00:00,stoploss,13,0,-1.006854501,0.217059211,-1.217816416,0.9,0.9,2
356,EUR_USD,2021-07-13 00:00:00,2021-07-13 04:00:00,2021-07-13 12:00:00,stoploss,3,0,-1.008592018,0.2025261496,-1.78591241,0.7,0.7,2
358,NZD_CHF,2021-07-13 00:00:00,2021-07-13 04:00:00,2021-07-15 00:00:00,trail_stop,12,1,0.3650177492,1.167781982,-0.8472143791,1.7,1.7,2
359,NZD_JPY,2021-07-13 00:00:00,2021-07-13 04:00:00,2021-07-13 12:00:00,stoploss,3,0,-1.007388785,0.2497409346,-1.137872897,1,1,2
360,NZD_USD,2021-07-13 00:00:00,2021-07-13 04:00:00,2021-07-13 12:00:00,stoploss,3,0,-1.010425397,0.2871723055,-1.462398902,1.1,1.1,2
363,EUR_GBP,2021-07-15 20:00:00,2021-07-16 00:00:00,2021-07-21 12:00:00,trail_stop,22,1,2.42349005,3.436413833,-0.397014911,0.8,0.8,2
365,NZD_USD,2021-07-16 08:00:00,2021-07-16 12:00:00,2021-07-19 08:00:00,stoploss,6,0,-1.008569817,0,-1.043180477,1.1,1.1,2
368,AUD_CHF,2021-07-21 00:00:00,2021-07-21 04:00:00,2021-07-28 12:00:00,stoploss,33,0,-1.025055089,0.8758841365,-1.030390516,2.5,2.4,2
370,CHF_JPY,2021-07-21 08:00:00,2021-07-21 12:00:00,2021-07-22 16:00:00,trail_stop,8,1,0.1916253863,1.157814888,-0.3026653027,2.2,2.2,2
374,EUR_CAD,2021-07-22 00:00:00,2021-07-22 04:00:00,2021-08-10 08:00:00,stoploss,80,0,-1.009437763,0.9710409743,-1.038153957,1.8,1.8,2
381,GBP_JPY,2021-07-27 16:00:00,2021-07-27 20:00:00,2021-07-30 16:00:00,trail_stop,18,1,0.3552371422,1.290147754,-0.109889735,2.4,2.4,2
386,NZD_JPY,2021-08-02 08:00:00,2021-08-02 12:00:00,2021-08-09 00:00:00,trail_stop,28,1,1.139355703,2.258148858,-0.9286022522,1,1,2
391,AUD_CHF,2021-08-05 00:00:00,2021-08-05 04:00:00,2021-08-13 00:00:00,trail_stop,36,1,1.541100744,2.433274849,-0.1841271198,1.4,1.4,2
392,CAD_CHF,2021-08-05 00:00:00,2021-08-05 04:00:00,2021-08-13 16:00:00,trail_stop,40,1,2.6222435,3.655100526,-0.1653060539,1.5,1.9,2
395,EUR_NZD,2021-08-09 00:00:00,2021-08-09 04:00:00,2021-08-11 12:00:00,stoploss,15,0,-1.019359368,0.4646248342,-1.51716311,3.8,3.8,2
399,USD_CHF,2021-08-10 08:00:00,2021-08-10 12:00:00,2021-08-13 16:00:00,stoploss,20,0,-1.011502213,0.8166571079,-1.514458017,0.9,0.9,2
403,CAD_JPY,2021-08-18 04:00:00,2021-08-18 08:00:00,2021-08-19 08:00:00,stoploss,7,0,-1.012095228,0.455586907,-2.082395022,1.2,1.2,2
405,EUR_NZD,2021-08-18 12:00:00,2021-08-18 16:00:00,2021-08-20 00:00:00,trail_stop,9,1,0.2843758372,1.253126014,-0.310156501,3.8,3.8,2
406,USD_JPY,2021-08-18 12:00:00,2021-08-18 16:00:00,2021-08-24 16:00:00,stoploss,25,0,-1.00766203,0.9194436434,-1.162074605,0.6,0.6,2
408,NZD_JPY,2021-08-20 16:00:00,2021-08-20 20:00:00,2021-09-08 08:00:00,trail_stop,76,1,4.100702556,5.017968162,-0.4891464763,1,1,2
409,NZD_USD,2021-08-20 16:00:00,2021-08-20 20:00:00,2021-09-07 08:00:00,trail_stop,70,1,4.798364398,5.770818322,-0.2986249169,1.1,1.1,2
410,AUD_CHF,2021-08-23 00:00:00,2021-08-23 04:00:00,2021-09-07 08:00:00,trail_stop,68,1,4.555604166,5.527488021,-0.3343738086,2.4,1.9,2
411,AUD_JPY,2021-08-23 00:00:00,2021-08-23 04:00:00,2021-08-27 00:00:00,trail_stop,24,1,1.530610635,2.35308287,-0.03095168356,0.9,0.8,2
412,AUD_USD,2021-08-23 00:00:00,2021-08-23 04:00:00,2021-08-26 20:00:00,trail_stop,23,1,1.787514929,2.639979902,-0.01406381988,1,1,2
415,GBP_JPY,2021-08-23 00:00:00,2021-08-23 04:00:00,2021-08-24 16:00:00,trail_stop,10,1,0.2071005878,1.315867231,-0.1133562357,2.4,2.4,2
417,NZD_CAD,2021-08-24 04:00:00,2021-08-24 08:00:00,2021-08-31 00:00:00,trail_stop,29,1,1.050309755,2.449693009,-0.1208154891,2.8,2.9,2
418,NZD_CHF,2021-08-24 04:00:00,2021-08-24 08:00:00,2021-09-10 04:00:00,trail_stop,78,1,3.41499044,4.264888735,-0.02988410525,1.7,1.7,2
424,USD_CHF,2021-09-01 00:00:00,2021-09-01 04:00:00,2021-09-03 12:00:00,stoploss,15,0,-1.009216518,0.4987160481,-1.010744845,0.9,0.9,2
436,GBP_USD,2021-09-16 00:00:00,2021-09-16 04:00:00,2021-09-16 16:00:00,stoploss,4,0,-1.007286806,0,-1.364252003,0.9,0.9,2
439,CAD_JPY,2021-09-17 04:00:00,2021-09-17 08:00:00,2021-09-17 16:00:00,stoploss,3,0,-1.011353031,0.5600828516,-1.114489188,1.2,1.2,2
440,EUR_AUD,2021-09-20 00:00:00,2021-09-20 04:00:00,2021-09-22 04:00:00,trail_stop,13,1,0.04598776545,1.062562698,-0.4609005841,2.4,2.4,2
442,CAD_CHF,2021-09-22 16:00:00,2021-09-22 20:00:00,2021-09-24 12:00:00,trail_stop,11,1,0.2294194664,1.104896693,-0.243983497,1.8,2,2
444,GBP_JPY,2021-09-22 16:00:00,2021-09-22 20:00:00,2021-09-28 12:00:00,trail_stop,23,1,2.260806918,3.166874663,-0.3251411359,2.4,2.4,2
446,USD_CHF,2021-09-24 04:00:00,2021-09-24 08:00:00,2021-09-30 20:00:00,trail_stop,28,1,1.449795822,2.629215699,-0.6424480152,0.9,0.9,2
449,GBP_CAD,2021-09-29 04:00:00,2021-09-29 08:00:00,2021-09-30 08:00:00,stoploss,7,0,-1.015016058,0.1169107366,-1.039325722,2.8,2.8,2
450,EUR_USD,2021-10-04 00:00:00,2021-10-04 04:00:00,2021-10-06 08:00:00,stoploss,14,0,-1.008057718,0.8506647799,-1.198297748,0.7,0.7,2
452,USD_JPY,2021-10-05 04:00:00,2021-10-05 08:00:00,2021-10-06 12:00:00,trail_stop,8,1,0.3569076539,1.171788564,-0.231998407,0.6,0.6,2
456,EUR_GBP,2021-10-08 20:00:00,2021-10-11 00:00:00,2021-10-12 12:00:00,trail_stop,10,1,-0.01293578836,1.138349375,-0.3427983915,0.8,0.8,2
457,AUD_CAD,2021-10-12 08:00:00,2021-10-12 12:00:00,2021-10-13 08:00:00,stoploss,6,0,-1.020639738,0.4660235632,-1.04176363,1.9,1.9,2
458,EUR_JPY,2021-10-12 08:00:00,2021-10-12 12:00:00,2021-10-18 04:00:00,trail_stop,23,1,1.657225545,2.578188932,-0.3404003149,1.4,1,2
460,NZD_CAD,2021-10-15 04:00:00,2021-10-15 08:00:00,2021-10-21 16:00:00,trail_stop,27,1,2.251522629,3.128941241,-0.3793817304,3,3.3,2
463,GBP_AUD,2021-10-18 08:00:00,2021-10-18 12:00:00,2021-10-19 04:00:00,stoploss,5,0,-1.020693119,0.4376594627,-1.023274725,4,4,2
466,NZD_CHF,2021-10-19 16:00:00,2021-10-19 20:00:00,2021-10-21 16:00:00,stoploss,12,0,-1.018761847,0.4558025232,-1.05838891,1.7,1.7,2
472,NZD_JPY,2021-10-25 00:00:00,2021-10-25 04:00:00,2021-10-27 08:00:00,trail_stop,14,1,0.153686247,1.001382058,-0.5847381598,1,1,2
473,NZD_USD,2021-10-25 00:00:00,2021-10-25 04:00:00,2021-10-29 12:00:00,trail_stop,27,1,0.1259973103,1.21168971,-0.6468739262,1.1,1.1,2
478,EUR_AUD,2021-10-28 00:00:00,2021-10-28 04:00:00,2021-10-29 16:00:00,stoploss,10,0,-1.013066541,0.6555048032,-1.124811398,2.4,2.4,2
480,GBP_NZD,2021-10-28 00:00:00,2021-10-28 04:00:00,2021-11-01 00:00:00,stoploss,12,0,-1.023069444,0.7891672362,-1.124635404,4.8,4.8,2
483,GBP_AUD,2021-10-29 00:00:00,2021-10-29 04:00:00,2021-10-29 16:00:00,stoploss,4,0,-1.020055635,0.06016690494,-1.17526021,4,4,2
485,NZD_CHF,2021-11-01 00:00:00,2021-11-01 04:00:00,2021-11-01 20:00:00,stoploss,5,0,-1.016925027,0.162281146,-1.018488419,1.7,1.7,2
489,USD_CHF,2021-11-04 04:00:00,2021-11-04 08:00:00,2021-11-05 16:00:00,trail_stop,9,1,-0.01050743453,1.166325233,-0.2883707033,0.9,0.9,2
490,EUR_NZD,2021-11-08 00:00:00,2021-11-08 04:00:00,2021-11-08 12:00:00,stoploss,3,0,-1.019209583,0,-1.23042436,3.8,3.8,2
491,GBP_CAD,2021-11-08 08:00:00,2021-11-08 12:00:00,2021-11-10 00:00:00,trail_stop,10,1,0.6736811164,1.472385997,-0.1548565425,2.8,2.8,2
496,GBP_NZD,2021-11-12 00:00:00,2021-11-12 04:00:00,2021-11-15 08:00:00,stoploss,8,0,-1.02167288,0.1273281675,-1.016819266,4.8,4.8,2
497,AUD_CAD,2021-11-12 08:00:00,2021-11-12 12:00:00,2021-11-17 08:00:00,stoploss,18,0,-1.019769239,0.9208303571,-1.018636067,1.9,1.9,2
500,EUR_USD,2021-11-15 00:00:00,2021-11-15 04:00:00,2021-11-15 16:00:00,stoploss,4,0,-1.007914066,0.08479356168,-1.823626866,0.7,0.7,2
507,EUR_JPY,2021-11-17 00:00:00,2021-11-17 04:00:00,2021-11-17 16:00:00,stoploss,4,0,-1.012018194,0.04635589303,-1.557214629,1.4,1.4,2
508,AUD_CHF,2021-11-19 00:00:00,2021-11-19 04:00:00,2021-11-19 08:00:00,stoploss,2,0,-1.017060431,0.2851529227,-1.065058352,1.4,1.4,2
510,AUD_NZD,2021-11-22 00:00:00,2021-11-22 04:00:00,2021-11-23 00:00:00,trail_stop,6,1,0.04631322367,1.184404078,-0.2158545677,2.1,2.1,2
511,CAD_CHF,2021-11-22 00:00:00,2021-11-22 04:00:00,2021-11-23 08:00:00,stoploss,8,0,-1.01797666,0.238490355,-1.070210488,1.5,1.5,2
514,EUR_NZD,2021-11-22 16:00:00,2021-11-22 20:00:00,2021-11-29 00:00:00,trail_stop,26,1,3.403445833,4.472129451,-0.6834419766,3.8,3.8,2
516,GBP_NZD,2021-11-22 16:00:00,2021-11-22 20:00:00,2021-11-29 00:00:00,trail_stop,26,1,1.924501438,3.169620023,-0.3237645012,4.8,4.8,2
519,CAD_JPY,2021-11-23 16:00:00,2021-11-23 20:00:00,2021-11-26 00:00:00,trail_stop,14,1,0.4755698496,1.35484937,-0.0723965312,1.2,1.2,2
520,NZD_JPY,2021-11-23 16:00:00,2021-11-23 20:00:00,2021-11-24 16:00:00,stoploss,6,0,-1.008326053,0.4912371397,-1.100704235,1,1,2
522,EUR_GBP,2021-11-25 08:00:00,2021-11-25 12:00:00,2021-11-29 00:00:00,trail_stop,10,1,1.433806571,2.55919933,-0.3655999043,0.8,0.8,2
523,AUD_CHF,2021-11-25 16:00:00,2021-11-25 20:00:00,2021-11-26 00:00:00,stoploss,2,0,-1.017169779,0.286980597,-1.044903712,1.4,1.4,2
524,AUD_JPY,2021-11-30 00:00:00,2021-11-30 04:00:00,2021-11-30 04:00:00,stoploss,1,0,-1.005531784,0.08912318218,-1.239734196,0.9,0.9,2
526,CAD_JPY,2021-11-30 00:00:00,2021-11-30 04:00:00,2021-11-30 04:00:00,stoploss,1,0,-1.006957184,0.05681700012,-1.047056145,1.2,1.2,2
527,EUR_JPY,2021-11-30 00:00:00,2021-11-30 04:00:00,2021-12-01 20:00:00,stoploss,11,0,-1.008408999,0.4180473664,-1.046319702,1,1.4,2
528,GBP_JPY,2021-11-30 00:00:00,2021-11-30 04:00:00,2021-11-30 16:00:00,stoploss,4,0,-1.010282168,0.01713694656,-1.566316916,2.4,2.4,2
529,NZD_CHF,2021-11-30 00:00:00,2021-11-30 04:00:00,2021-11-30 08:00:00,stoploss,2,0,-1.015799559,0.0399635898,-1.103180956,1.7,1.7,2
530,NZD_JPY,2021-11-30 00:00:00,2021-11-30 04:00:00,2021-11-30 04:00:00,stoploss,1,0,-1.006635544,0.03583193715,-1.15591175,1,1,2
532,USD_JPY,2021-12-01 00:00:00,2021-12-01 04:00:00,2022-01-07 20:00:00,trail_stop,167,1,2.207501988,3.0545917,-0.9933024354,0.6,0.6,2
533,CHF_JPY,2021-12-03 08:00:00,2021-12-03 12:00:00,2021-12-06 16:00:00,stoploss,8,0,-1.015844683,0.6136213517,-1.018380976,2.2,2.2,2
537,AUD_JPY,2021-12-06 16:00:00,2021-12-06 20:00:00,2021-12-09 12:00:00,trail_stop,17,1,1.11306716,2.017803191,-0.09182138116,0.8,0.9,2
538,NZD_JPY,2021-12-06 16:00:00,2021-12-06 20:00:00,2021-12-09 12:00:00,trail_stop,17,1,0.4247427385,1.304072214,-0.239798403,1,1,2
539,AUD_USD,2021-12-07 00:00:00,2021-12-07 04:00:00,2021-12-09 12:00:00,trail_stop,15,1,1.555809979,2.484336424,-0.214231734,1,1,2
540,NZD_USD,2021-12-08 04:00:00,2021-12-08 08:00:00,2021-12-14 00:00:00,stoploss,23,0,-1.011043104,0.6174099221,-1.025000862,1.1,1.1,2
541,GBP_CAD,2021-12-09 04:00:00,2021-12-09 08:00:00,2021-12-16 08:00:00,trail_stop,31,1,2.419632969,3.374094742,-0.265324812,2.8,2.8,2
543,EUR_CAD,2021-12-10 04:00:00,2021-12-10 08:00:00,2021-12-16 12:00:00,trail_stop,26,1,1.190543417,2.200838325,-0.7036938201,1.8,3.7,2
544,NZD_CHF,2021-12-13 00:00:00,2021-12-13 04:00:00,2021-12-14 04:00:00,stoploss,7,0,-1.018251679,0.1599705987,-1.018873142,1.7,1.7,2
546,CHF_JPY,2021-12-14 08:00:00,2021-12-14 12:00:00,2021-12-15 16:00:00,stoploss,8,0,-1.018980862,0.2640065381,-1.002534632,2.2,2.2,2
559,GBP_USD,2021-12-23 08:00:00,2021-12-23 12:00:00,2021-12-30 08:00:00,trail_stop,30,1,0.7907910616,1.566341868,-0.3739708959,0.9,0.9,2
560,NZD_CAD,2021-12-28 08:00:00,2021-12-28 12:00:00,2021-12-31 16:00:00,stoploss,20,0,-1.025085572,0.9761559501,-1.737448524,2.3,2.3,2
563,AUD_CAD,2022-01-03 08:00:00,2022-01-03 12:00:00,2022-01-06 08:00:00,stoploss,18,0,-1.01959837,0.7932182228,-1.148051862,1.9,1.9,2
566,NZD_CAD,2022-01-04 08:00:00,2022-01-04 12:00:00,2022-01-06 12:00:00,stoploss,13,0,-1.022916186,0.4951888973,-1.116914998,2.3,2.3,2
568,USD_CHF,2022-01-06 08:00:00,2022-01-06 12:00:00,2022-01-07 16:00:00,trail_stop,8,1,0.1739077701,1.046865645,-0.4286288535,0.9,0.9,2
574,AUD_NZD,2022-01-20 00:00:00,2022-01-20 04:00:00,2022-01-24 16:00:00,stoploss,16,0,-1.022873954,0.6611661832,-1.053291102,2.1,2.1,2
576,CAD_CHF,2022-01-20 16:00:00,2022-01-20 20:00:00,2022-01-21 00:00:00,stoploss,2,0,-1.018329451,0.1454136441,-1.154755409,1.5,1.5,2
577,EUR_GBP,2022-01-21 00:00:00,2022-01-21 04:00:00,2022-01-24 20:00:00,trail_stop,11,1,2.564958936,3.455721523,-0.05278597032,0.8,0.8,2
584,AUD_NZD,2022-01-27 04:00:00,2022-01-27 08:00:00,2022-01-28 00:00:00,stoploss,5,0,-1.02115641,0.2367502972,-1.127334394,2.1,2.1,2
588,NZD_CAD,2022-02-01 04:00:00,2022-02-01 08:00:00,2022-02-03 00:00:00,trail_stop,11,1,0.4055023803,1.383535151,-0.3732374945,2.3,2.3,2
589,NZD_JPY,2022-02-01 04:00:00,2022-02-01 08:00:00,2022-02-04 12:00:00,trail_stop,20,1,0.7293121085,1.628060619,-0.330189001,1,1,2
590,AUD_CAD,2022-02-01 12:00:00,2022-02-01 16:00:00,2022-02-04 12:00:00,trail_stop,18,1,-0.01577102957,1.040057897,-0.336171946,1.9,1.9,2
592,AUD_JPY,2022-02-01 16:00:00,2022-02-01 20:00:00,2022-02-10 20:00:00,trail_stop,43,1,2.130574981,3.261965794,-0.3612469323,0.8,0.8,2
593,EUR_JPY,2022-02-02 00:00:00,2022-02-02 04:00:00,2022-02-07 08:00:00,trail_stop,20,1,3.361047627,4.303051358,-0.4660735728,1.4,1.4,2
595,CAD_CHF,2022-02-03 08:00:00,2022-02-03 12:00:00,2022-02-11 00:00:00,trail_stop,34,1,0.2796105713,1.436692284,-0.7427256875,1.5,1.5,2
599,USD_JPY,2022-02-07 00:00:00,2022-02-07 04:00:00,2022-02-10 16:00:00,trail_stop,22,1,1.033695365,2.139201469,-0.7911552021,0.6,0.6,2
601,NZD_CHF,2022-02-07 20:00:00,2022-02-08 00:00:00,2022-02-11 00:00:00,trail_stop,19,1,0.9385730652,2.234804554,-0.2177626647,1.7,1.7,2
603,EUR_NZD,2022-02-10 00:00:00,2022-02-10 04:00:00,2022-02-17 00:00:00,stoploss,30,0,-1.020504413,0.6270033698,-1.314440799,3.8,3.8,2
604,EUR_AUD,2022-02-14 00:00:00,2022-02-14 04:00:00,2022-02-16 20:00:00,stoploss,17,0,-1.010956305,0.2519950246,-1.195150316,2.4,2.4,2
605,GBP_JPY,2022-02-14 16:00:00,2022-02-14 20:00:00,2022-02-24 04:00:00,stoploss,45,0,-1.008676729,0.7106240854,-1.742287135,2,2,2
606,GBP_AUD,2022-02-15 04:00:00,2022-02-15 08:00:00,2022-02-15 20:00:00,stoploss,4,0,-1.016153292,0.01776862146,-1.037041361,4,4,2
608,GBP_CAD,2022-02-15 16:00:00,2022-02-15 20:00:00,2022-02-16 12:00:00,stoploss,5,0,-1.017454804,0.07355953309,-1.152017095,2.8,2.8,2
609,NZD_USD,2022-02-15 16:00:00,2022-02-15 20:00:00,2022-02-22 00:00:00,trail_stop,26,1,0.8061004793,1.728714274,-0.06612568262,1.1,1.1,2
611,GBP_CHF,2022-02-18 08:00:00,2022-02-18 12:00:00,2022-02-21 12:00:00,stoploss,7,0,-1.015744835,0.1847946447,-1.278646353,1.9,1.9,2
612,EUR_CAD,2022-02-21 00:00:00,2022-02-21 04:00:00,2022-02-23 12:00:00,stoploss,15,0,-1.013665606,0.5618082426,-1.147910896,1.8,1.8,2
613,GBP_USD,2022-02-21 00:00:00,2022-02-21 04:00:00,2022-02-22 12:00:00,stoploss,9,0,-1.006357378,0.3949520809,-1.110157056,0.9,0.8,2
616,CAD_JPY,2022-02-23 04:00:00,2022-02-23 08:00:00,2022-02-24 04:00:00,stoploss,6,0,-1.01010047,0.834972146,-1.240674338,1.2,1.2,2
620,AUD_NZD,2022-02-28 00:00:00,2022-02-28 04:00:00,2022-03-08 08:00:00,stoploss,38,0,-1.020968766,0.9935201085,-1.564669357,2.1,2.1,2
621,AUD_USD,2022-02-28 08:00:00,2022-02-28 12:00:00,2022-03-07 12:00:00,trail_stop,31,1,2.555786385,3.528714304,-0.01906620364,1,1,2
623,EUR_JPY,2022-02-28 08:00:00,2022-02-28 12:00:00,2022-03-01 16:00:00,stoploss,8,0,-1.003857961,0.4776156071,-1.377292179,1,1,2
624,EUR_USD,2022-02-28 08:00:00,2022-02-28 12:00:00,2022-03-02 08:00:00,stoploss,12,0,-1.003639467,0.7086563002,-1.24209824,0.7,0.7,2
625,GBP_JPY,2022-02-28 08:00:00,2022-02-28 12:00:00,2022-03-01 16:00:00,stoploss,8,0,-1.008736457,0.3756676648,-1.517522637,2,2,2
626,GBP_USD,2022-02-28 08:00:00,2022-02-28 12:00:00,2022-03-02 08:00:00,stoploss,12,0,-1.004812359,0.6539461322,-1.120210259,0.9,0.9,2
627,GBP_CAD,2022-03-01 04:00:00,2022-03-01 08:00:00,2022-03-01 16:00:00,stoploss,3,0,-1.014755006,0.01370107704,-1.16248369,2.8,2.8,2
630,EUR_CAD,2022-03-04 08:00:00,2022-03-04 12:00:00,2022-03-04 12:00:00,stoploss,1,0,-1.010340936,0.01838388544,-1.183462625,1.8,1.8,2
632,USD_JPY,2022-03-07 00:00:00,2022-03-07 04:00:00,2022-03-15 08:00:00,trail_stop,38,1,5.790269205,6.769216785,-0.08203954954,0.6,0.6,2
633,EUR_USD,2022-03-08 16:00:00,2022-03-08 20:00:00,2022-03-10 16:00:00,trail_stop,12,1,0.5765609753,1.589118757,-0.467805997,0.3,0.3,2
634,CHF_JPY,2022-03-09 00:00:00,2022-03-09 04:00:00,2022-03-15 08:00:00,trail_stop,26,1,1.348821579,2.266573639,-0.1779964609,2.2,2.2,2
637,EUR_JPY,2022-03-09 08:00:00,2022-03-09 12:00:00,2022-03-23 12:00:00,trail_stop,61,1,3.918884293,4.891520905,-0.188052284,1,1,2
640,GBP_CAD,2022-03-09 16:00:00,2022-03-09 20:00:00,2022-03-10 16:00:00,stoploss,6,0,-1.013800867,0.1636388485,-1.682719967,2.8,2.8,2
642,AUD_NZD,2022-03-10 04:00:00,2022-03-10 08:00:00,2022-03-14 12:00:00,stoploss,14,0,-1.022302415,0.347280457,-1.334958821,2.1,2.1,2
644,EUR_CAD,2022-03-14 16:00:00,2022-03-14 20:00:00,2022-03-18 12:00:00,stoploss,23,0,-1.006728584,0.7625728574,-1.237311842,1.8,1.8,2
651,GBP_AUD,2022-03-22 00:00:00,2022-03-22 04:00:00,2022-03-23 08:00:00,stoploss,8,0,-1.018050139,0.1055933129,-1.210261817,4,4,2
655,GBP_CAD,2022-03-30 08:00:00,2022-03-30 12:00:00,2022-04-05 20:00:00,stoploss,27,0,-1.013614821,0.5436203695,-1.022084094,2.8,2.8,2
656,NZD_JPY,2022-03-30 12:00:00,2022-03-30 16:00:00,2022-04-07 08:00:00,trail_stop,35,1,0.1339657716,1.142460077,-0.6686951043,1,1,2
657,AUD_CAD,2022-03-31 00:00:00,2022-03-31 04:00:00,2022-04-05 16:00:00,trail_stop,22,1,1.219186106,2.021252195,-0.7110518102,1.9,1.9,2
659,NZD_CAD,2022-03-31 00:00:00,2022-03-31 04:00:00,2022-03-31 16:00:00,stoploss,4,0,-1.020159387,0.1253387948,-1.09123636,2.3,2.3,2
663,USD_CAD,2022-04-06 04:00:00,2022-04-06 08:00:00,2022-04-12 12:00:00,trail_stop,26,1,1.74541449,2.642833366,-0.3697825432,1.3,1.3,3
674,GBP_USD,2022-04-13 16:00:00,2022-04-13 20:00:00,2022-04-18 08:00:00,stoploss,16,0,-1.005947223,0.7057371347,-1.159047691,0.8,0.9,3
677,GBP_CHF,2022-04-15 16:00:00,2022-04-15 20:00:00,2022-04-20 08:00:00,trail_stop,16,1,0.5346002714,1.431389541,-0.7634595325,2.1,1.9,3
682,GBP_USD,2022-04-20 20:00:00,2022-04-21 00:00:00,2022-04-22 08:00:00,stoploss,9,0,-1.007019008,0.3525101651,-2.880912721,0.8,0.9,3
685,GBP_NZD,2022-04-21 00:00:00,2022-04-21 04:00:00,2022-04-22 08:00:00,trail_stop,8,1,0.5463859053,1.493241855,-0.4295038891,4.8,4.8,3
689,AUD_CAD,2022-04-26 12:00:00,2022-04-26 16:00:00,2022-04-28 04:00:00,stoploss,10,0,-1.014452451,0.2730752511,-1.319736938,1.9,1.9,3
690,AUD_JPY,2022-04-28 00:00:00,2022-04-28 04:00:00,2022-04-28 12:00:00,trail_stop,3,1,0.6690484404,1.517800934,-0.1892064587,0.8,0.8,3
691,NZD_JPY,2022-04-28 04:00:00,2022-04-28 08:00:00,2022-04-28 12:00:00,trail_stop,2,1,0.1914213879,1.093263547,-0.3097580051,1,1,3
692,AUD_CHF,2022-04-28 08:00:00,2022-04-28 12:00:00,2022-05-02 00:00:00,stoploss,10,0,-1.01011691,0.604124033,-1.274730615,1.4,1.4,3
696,EUR_CHF,2022-05-02 16:00:00,2022-05-02 20:00:00,2022-05-04 20:00:00,trail_stop,13,1,0.6832732038,1.505920631,-0.3481022565,1,1,3
697,AUD_CAD,2022-05-03 00:00:00,2022-05-03 04:00:00,2022-05-05 12:00:00,trail_stop,15,1,1.157129269,2.110091122,-0.110382762,1.9,1.9,3
699,AUD_USD,2022-05-06 00:00:00,2022-05-06 04:00:00,2022-05-09 00:00:00,stoploss,6,0,-1.005440192,0.1229483292,-1.207722526,1,1,3
701,NZD_CHF,2022-05-06 00:00:00,2022-05-06 04:00:00,2022-05-09 20:00:00,stoploss,11,0,-1.014359561,0.1545764502,-1.076967071,1.7,1.7,3
702,GBP_CAD,2022-05-06 04:00:00,2022-05-06 08:00:00,2022-05-11 16:00:00,trail_stop,21,1,0.7567882757,1.651022591,-0.6897162219,2.8,2.8,3
703,USD_JPY,2022-05-06 04:00:00,2022-05-06 08:00:00,2022-05-11 20:00:00,stoploss,22,0,-1.00291699,0.7593896032,-1.092898738,0.6,0.6,3
704,GBP_NZD,2022-05-06 20:00:00,2022-05-09 00:00:00,2022-05-10 12:00:00,trail_stop,10,1,1.025176226,1.893860406,-0.5549898294,4.8,4.8,3
707,AUD_CAD,2022-05-11 04:00:00,2022-05-11 08:00:00,2022-05-12 04:00:00,stoploss,6,0,-1.012821875,0.8185754896,-1.182986672,1.9,1.9,3
708,AUD_JPY,2022-05-11 04:00:00,2022-05-11 08:00:00,2022-05-12 00:00:00,stoploss,5,0,-1.003386354,0.8567475021,-1.023525425,0.8,0.8,3
712,NZD_JPY,2022-05-11 04:00:00,2022-05-11 08:00:00,2022-05-12 00:00:00,stoploss,5,0,-1.00516419,0.7880554324,-1.020443994,1,1,3
713,NZD_USD,2022-05-11 04:00:00,2022-05-11 08:00:00,2022-05-12 08:00:00,stoploss,7,0,-1.007579526,0.969490321,-1.005320809,1.1,1.1,3
714,CAD_CHF,2022-05-11 16:00:00,2022-05-11 20:00:00,2022-05-17 12:00:00,trail_stop,23,1,2.167506559,2.991969365,-0.2987483654,1.5,1.5,3
716,EUR_JPY,2022-05-13 16:00:00,2022-05-13 20:00:00,2022-05-18 16:00:00,trail_stop,18,1,0.5575346286,1.367550401,-0.6197134212,1,1,3
719,AUD_JPY,2022-05-16 12:00:00,2022-05-16 16:00:00,2022-05-18 16:00:00,trail_stop,13,1,0.2600874519,1.025381732,-0.2161148268,0.8,0.8,3
722,NZD_JPY,2022-05-16 12:00:00,2022-05-16 16:00:00,2022-05-24 12:00:00,trail_stop,36,1,0.3697744486,1.188757688,-0.6753940442,1,1,3
724,EUR_USD,2022-05-17 08:00:00,2022-05-17 12:00:00,2022-05-18 08:00:00,trail_stop,6,1,0.1472371191,1.027526654,-0.3105820797,0.7,0.7,3
725,GBP_USD,2022-05-17 20:00:00,2022-05-18 00:00:00,2022-05-18 08:00:00,stoploss,3,0,-1.003788464,0.09376448429,-1.130856507,0.8,0.8,3
728,CAD_CHF,2022-05-23 00:00:00,2022-05-23 04:00:00,2022-05-23 12:00:00,stoploss,3,0,-1.010894157,0.02977736194,-1.078521524,1.5,1.5,3
731,NZD_CAD,2022-05-24 16:00:00,2022-05-24 20:00:00,2022-05-25 08:00:00,trail_stop,4,1,0.4523870529,1.420044039,-0.7852910656,2.3,2.3,3
732,USD_JPY,2022-05-26 16:00:00,2022-05-26 20:00:00,2022-06-09 08:00:00,trail_stop,58,1,6.286733373,7.307689215,-0.6910896203,0.6,0.6,3
733,GBP_CHF,2022-05-27 00:00:00,2022-05-27 04:00:00,2022-06-02 08:00:00,stoploss,26,0,-1.009695851,0.6353333689,-1.277300741,1.9,1.9,3
736,AUD_NZD,2022-05-30 08:00:00,2022-05-30 12:00:00,2022-06-06 00:00:00,trail_stop,28,1,1.461294557,2.392706586,-0.4368916916,2.1,2.1,3
739,NZD_CHF,2022-06-01 12:00:00,2022-06-01 16:00:00,2022-06-02 08:00:00,stoploss,5,0,-1.015371793,0.138346136,-1.176394268,1.7,1.7,3
744,GBP_AUD,2022-06-07 12:00:00,2022-06-07 16:00:00,2022-06-10 08:00:00,trail_stop,17,1,0.6131007917,1.578412437,-0.5512301895,4,4,3
746,GBP_USD,2022-06-07 16:00:00,2022-06-07 20:00:00,2022-06-09 08:00:00,stoploss,10,0,-1.004177787,0.06057791838,-1.059069125,0.8,0.8,3
778,AUD_USD,2022-07-05 00:00:00,2022-07-05 04:00:00,2022-07-05 08:00:00,stoploss,2,0,-1.007444025,0.1414364692,-1.393521423,1,1,3
781,AUD_CAD,2022-07-05 16:00:00,2022-07-05 20:00:00,2022-07-11 16:00:00,stoploss,24,0,-1.013359125,0.8219377338,-1.330990702,1.9,1.9,3
791,USD_CAD,2022-07-14 08:00:00,2022-07-14 12:00:00,2022-07-14 16:00:00,trail_stop,2,1,0.374010055,1.744135147,-0.03999087008,1.3,1.3,3
793,EUR_GBP,2022-07-15 04:00:00,2022-07-15 08:00:00,2022-07-20 20:00:00,trail_stop,22,1,0.339912785,1.372319337,-0.4567043451,0.8,0.8,3
804,CHF_JPY,2022-07-21 00:00:00,2022-07-21 04:00:00,2022-07-22 12:00:00,stoploss,9,0,-1.012661477,0.6975322592,-1.191329849,2.2,2.2,3
805,EUR_CAD,2022-07-22 16:00:00,2022-07-22 20:00:00,2022-07-26 12:00:00,stoploss,11,0,-1.0076661,0.3568995658,-1.241056485,1.8,1.8,3
806,GBP_NZD,2022-07-22 20:00:00,2022-07-25 00:00:00,2022-07-28 12:00:00,trail_stop,22,1,0.8877733366,1.839553857,-0.03921529539,4.8,4.8,3
810,GBP_AUD,2022-07-26 00:00:00,2022-07-26 04:00:00,2022-08-01 12:00:00,trail_stop,27,1,0.09657617894,1.101379914,-0.7256367248,4,4,3
816,AUD_NZD,2022-08-01 08:00:00,2022-08-01 12:00:00,2022-08-02 04:00:00,stoploss,5,0,-1.022494971,0.3031465104,-1.678553293,2.1,2.1,3
817,EUR_NZD,2022-08-01 20:00:00,2022-08-02 00:00:00,2022-08-02 16:00:00,trail_stop,5,1,0.2812704255,1.073975016,-0.01908077439,3.8,3.8,3
822,CAD_JPY,2022-08-03 12:00:00,2022-08-03 16:00:00,2022-08-15 12:00:00,stoploss,48,0,-1.004646992,0.798508172,-1.119925137,1.2,1.2,3
823,EUR_JPY,2022-08-03 12:00:00,2022-08-03 16:00:00,2022-08-10 12:00:00,trail_stop,30,1,0.6008058702,1.524555561,-0.2821799497,1,1,3
824,GBP_JPY,2022-08-03 12:00:00,2022-08-03 16:00:00,2022-08-15 12:00:00,stoploss,48,0,-1.005592529,0.6755775065,-1.276215124,2,2,3
830,CAD_CHF,2022-08-12 04:00:00,2022-08-12 08:00:00,2022-08-15 12:00:00,stoploss,8,0,-1.018077466,0.297675599,-2.184963,1.5,1.5,3
839,NZD_CHF,2022-08-16 16:00:00,2022-08-16 20:00:00,2022-08-17 12:00:00,stoploss,5,0,-1.020804021,0.718350606,-1.012054431,1.7,1.7,3
845,GBP_JPY,2022-08-22 00:00:00,2022-08-22 04:00:00,2022-08-23 08:00:00,stoploss,8,0,-1.008841853,0.3863889933,-1.139714902,2,2,3
847,GBP_CAD,2022-08-23 16:00:00,2022-08-23 20:00:00,2022-08-26 08:00:00,stoploss,16,0,-1.016374251,0.149707436,-1.017542729,2.8,2.8,3
848,NZD_CHF,2022-08-23 16:00:00,2022-08-23 20:00:00,2022-08-24 12:00:00,stoploss,5,0,-1.018782541,0.06518646518,-1.026410613,1.7,1.7,3
849,GBP_AUD,2022-08-24 00:00:00,2022-08-24 04:00:00,2022-08-25 08:00:00,stoploss,8,0,-1.020005305,0.3380896541,-1.369363126,4,4,3
851,EUR_CHF,2022-08-25 00:00:00,2022-08-25 04:00:00,2022-09-01 08:00:00,trail_stop,32,1,2.978821453,3.872082451,-0.8615837449,1,1,3
855,GBP_JPY,2022-08-29 00:00:00,2022-08-29 04:00:00,2022-09-08 08:00:00,trail_stop,50,1,3.539536734,4.533358975,-0.9136106098,2,2,3
860,EUR_USD,2022-09-02 04:00:00,2022-09-02 08:00:00,2022-09-05 08:00:00,stoploss,7,0,-1.001871857,0.8342242826,-1.105019599,0.3,0.3,3
863,NZD_USD,2022-09-06 00:00:00,2022-09-06 04:00:00,2022-09-06 08:00:00,stoploss,2,0,-1.010150735,0.01753308777,-1.080591883,1.1,1.1,3
868,AUD_USD,2022-09-12 16:00:00,2022-09-12 20:00:00,2022-09-13 12:00:00,stoploss,5,0,-1.007213452,0.3058503523,-1.464330696,1,1,3
870,AUD_CAD,2022-09-16 16:00:00,2022-09-16 20:00:00,2022-09-21 20:00:00,trail_stop,19,1,0.2200974319,1.255473838,-0.05014601387,1.9,1.9,3
874,EUR_CHF,2022-09-26 08:00:00,2022-09-26 12:00:00,2022-09-28 12:00:00,stoploss,13,0,-1.004696623,0.3203096959,-1.005077345,1,1,3
876,GBP_CAD,2022-09-27 00:00:00,2022-09-27 04:00:00,2022-10-06 16:00:00,trail_stop,46,1,1.838007207,2.661922112,-0.7289652186,2.8,2.8,3
878,GBP_JPY,2022-09-27 00:00:00,2022-09-27 04:00:00,2022-10-06 16:00:00,trail_stop,46,1,1.800388258,2.642003389,-0.7836737469,2,2,3
879,GBP_USD,2022-09-27 00:00:00,2022-09-27 04:00:00,2022-10-05 16:00:00,trail_stop,40,1,1.7810036,2.612021641,-0.8317852208,0.8,0.8,3
882,EUR_GBP,2022-09-27 16:00:00,2022-09-27 20:00:00,2022-09-29 16:00:00,stoploss,12,0,-1.002716687,0.6160087265,-1.060187014,0.8,0.8,3
883,GBP_AUD,2022-09-28 20:00:00,2022-09-29 00:00:00,2022-10-05 16:00:00,trail_stop,29,1,2.867375604,3.646683458,-0.2158773703,4,4,3
885,GBP_NZD,2022-09-30 16:00:00,2022-09-30 20:00:00,2022-10-14 00:00:00,trail_stop,56,1,0.7394402417,1.588489406,-0.615894494,4.8,4.8,3
886,EUR_GBP,2022-10-03 00:00:00,2022-10-03 04:00:00,2022-10-03 16:00:00,stoploss,4,0,-1.003135037,0.1826158906,-1.029075813,0.8,0.8,3
887,NZD_JPY,2022-10-03 04:00:00,2022-10-03 08:00:00,2022-10-05 12:00:00,trail_stop,14,1,0.5422033651,1.732475512,-0.05814915143,1,1,3
888,NZD_USD,2022-10-03 04:00:00,2022-10-03 08:00:00,2022-10-05 16:00:00,trail_stop,15,1,0.4554090745,2.021883577,-0.04321495248,1.1,1.1,3
889,CHF_JPY,2022-10-04 04:00:00,2022-10-04 08:00:00,2022-10-06 16:00:00,trail_stop,15,1,0.2404908605,1.305135038,-0.1254071067,2.2,2.2,3
891,NZD_CAD,2022-10-05 04:00:00,2022-10-05 08:00:00,2022-10-06 12:00:00,trail_stop,8,1,0.5054844282,1.434257025,-0.2521450637,2.3,2.3,3
892,AUD_CHF,2022-10-05 20:00:00,2022-10-06 00:00:00,2022-10-10 04:00:00,stoploss,14,0,-1.009229705,0.3968773218,-1.267106665,1.4,1.4,3
901,AUD_JPY,2022-10-12 04:00:00,2022-10-12 08:00:00,2022-10-14 16:00:00,trail_stop,15,1,0.6471101344,1.643555802,-0.7296896621,0.8,0.8,3
905,AUD_CAD,2022-10-13 20:00:00,2022-10-14 00:00:00,2022-10-27 12:00:00,trail_stop,58,1,1.521944166,2.472325933,-0.8778290232,1.9,1.9,3
907,AUD_USD,2022-10-13 20:00:00,2022-10-14 00:00:00,2022-10-14 20:00:00,stoploss,6,0,-1.005002727,0.4872655645,-1.04256821,1,1,3
909,NZD_USD,2022-10-13 20:00:00,2022-10-14 00:00:00,2022-10-21 12:00:00,trail_stop,34,1,-0.005718871866,1.076707603,-0.9144996011,1.1,1.1,3
914,CAD_JPY,2022-10-24 00:00:00,2022-10-24 04:00:00,2022-10-27 08:00:00,stoploss,20,0,-1.00374675,0.1423765042,-1.062203656,1.2,1.2,3
920,AUD_CHF,2022-10-31 00:00:00,2022-10-31 04:00:00,2022-11-03 00:00:00,stoploss,18,0,-1.013578904,0.9388842125,-1.02811701,1.4,1.4,3
921,CAD_JPY,2022-10-31 00:00:00,2022-10-31 04:00:00,2022-11-02 12:00:00,stoploss,15,0,-1.00628277,0.5445067736,-1.038751384,1.2,1.2,3
925,EUR_AUD,2022-11-07 00:00:00,2022-11-07 04:00:00,2022-11-10 12:00:00,trail_stop,21,1,0.5781581429,1.472898132,-0.42972028,2.4,2.4,3
931,CHF_JPY,2022-11-11 20:00:00,2022-11-14 00:00:00,2022-11-18 08:00:00,stoploss,27,0,-1.006740441,0.4761202711,-1.002487469,2.2,2.2,3
933,CAD_JPY,2022-11-14 08:00:00,2022-11-14 12:00:00,2022-11-15 12:00:00,stoploss,7,0,-1.004957273,0.1982909376,-1.324418221,1.2,1.2,3
940,AUD_NZD,2022-11-25 00:00:00,2022-11-25 04:00:00,2022-11-28 00:00:00,stoploss,6,0,-1.021173402,0.1623294157,-1.017331556,2.1,2.1,3
944,GBP_AUD,2022-11-30 00:00:00,2022-11-30 04:00:00,2022-11-30 16:00:00,stoploss,4,0,-1.015713036,0.08877865352,-1.046488199,4,4,3
948,GBP_JPY,2022-12-02 16:00:00,2022-12-02 20:00:00,2022-12-13 12:00:00,trail_stop,41,1,1.380153681,2.304794743,-0.2669263044,2.4,2.4,3
951,USD_JPY,2022-12-05 08:00:00,2022-12-05 12:00:00,2022-12-07 16:00:00,trail_stop,14,1,0.6500565157,1.543304403,-0.1320474356,0.6,0.6,3
952,CHF_JPY,2022-12-05 16:00:00,2022-12-05 20:00:00,2022-12-07 16:00:00,trail_stop,12,1,0.1533224254,1.01877296,-0.1825366559,2.2,2.2,3
956,EUR_NZD,2022-12-08 00:00:00,2022-12-08 04:00:00,2022-12-09 16:00:00,stoploss,10,0,-1.016198011,0.1526023096,-1.379388475,3.8,3.8,3
961,EUR_AUD,2022-12-12 00:00:00,2022-12-12 04:00:00,2022-12-19 00:00:00,trail_stop,30,1,2.204328819,3.208000745,-0.8878517392,2.4,2.4,3
963,EUR_CHF,2022-12-12 08:00:00,2022-12-12 12:00:00,2022-12-13 16:00:00,trail_stop,8,1,-0.01264676416,1.327910237,-0.4350486872,1,1,3
971,EUR_NZD,2022-12-14 08:00:00,2022-12-14 12:00:00,2022-12-16 16:00:00,trail_stop,14,1,1.219528049,2.258267973,-0.3048280729,3.8,3.8,3
976,CAD_JPY,2022-12-20 00:00:00,2022-12-20 04:00:00,2022-12-20 04:00:00,stoploss,1,0,-1.006559078,0.07324303708,-3.89937184,1.2,1.2,3
977,AUD_NZD,2022-12-20 16:00:00,2022-12-20 20:00:00,2022-12-22 16:00:00,trail_stop,12,1,2.494325661,3.353431666,-0.2912499134,2.1,2.1,3
978,GBP_USD,2022-12-20 20:00:00,2022-12-21 00:00:00,2022-12-22 12:00:00,stoploss,10,0,-1.003436744,0.07599023706,-1.229972631,0.9,0.9,3
983,CAD_JPY,2022-12-26 08:00:00,2022-12-26 12:00:00,2022-12-29 00:00:00,trail_stop,16,1,0.6258349293,1.61628257,-0.1520319162,1.2,1.2,3
985,EUR_JPY,2022-12-26 08:00:00,2022-12-26 12:00:00,2022-12-29 08:00:00,trail_stop,18,1,0.4578831158,1.388303245,-0.1990550717,1.4,1.4,3
991,GBP_CAD,2022-12-28 08:00:00,2022-12-28 12:00:00,2022-12-29 16:00:00,trail_stop,8,1,0.1295175738,1.004613071,-0.09526503262,2.8,2.8,3
996,GBP_CHF,2023-01-02 16:00:00,2023-01-02 20:00:00,2023-01-04 08:00:00,trail_stop,10,1,0.276143255,1.694542046,-0.4392736537,3.3,1.9,4
998,GBP_USD,2023-01-04 00:00:00,2023-01-04 04:00:00,2023-01-05 16:00:00,stoploss,10,0,-1.004232217,0.8751283389,-1.140347244,0.9,0.9,4
999,NZD_CAD,2023-01-04 00:00:00,2023-01-04 04:00:00,2023-01-05 04:00:00,stoploss,7,0,-1.012446344,0.7289228647,-1.011400768,2.3,2.3,4
1000,CAD_JPY,2023-01-04 08:00:00,2023-01-04 12:00:00,2023-01-05 16:00:00,trail_stop,8,1,1.873949677,2.709222905,-0.03801336651,1.2,1.2,4
1001,CHF_JPY,2023-01-04 08:00:00,2023-01-04 12:00:00,2023-01-05 16:00:00,trail_stop,8,1,1.256759273,2.338988545,-0.08896186658,2.2,2.2,4
1002,GBP_NZD,2023-01-04 16:00:00,2023-01-04 20:00:00,2023-01-20 08:00:00,trail_stop,70,1,0.4142089567,1.412459396,-0.9346843049,4.8,4.8,4
1005,CAD_CHF,2023-01-06 00:00:00,2023-01-06 04:00:00,2023-01-13 16:00:00,trail_stop,34,1,0.1048899075,1.181027741,-0.9890774086,1.5,1.5,4
1007,NZD_CHF,2023-01-06 04:00:00,2023-01-06 08:00:00,2023-01-09 16:00:00,trail_stop,9,1,0.6306627529,1.44247048,-0.3456009539,1.7,1.7,4
1008,GBP_JPY,2023-01-10 08:00:00,2023-01-10 12:00:00,2023-01-12 12:00:00,stoploss,13,0,-1.008144088,0.4004176553,-1.642391061,2.4,2.4,4
1014,NZD_CAD,2023-01-13 20:00:00,2023-01-16 00:00:00,2023-01-19 04:00:00,trail_stop,20,1,1.730441826,2.79453248,-0.1002130781,2.3,2.3,4
1025,CAD_CHF,2023-01-20 00:00:00,2023-01-20 04:00:00,2023-01-25 16:00:00,trail_stop,22,1,1.489202771,2.486508438,-0.2804177223,1.5,1.5,4
1030,AUD_JPY,2023-01-25 00:00:00,2023-01-25 04:00:00,2023-01-31 08:00:00,stoploss,26,0,-1.004667303,0.5637064524,-1.004507266,0.9,0.9,4
1031,CAD_JPY,2023-01-25 00:00:00,2023-01-25 04:00:00,2023-01-25 16:00:00,stoploss,4,0,-1.006975391,0.3510946957,-1.326486913,1.2,1.2,4
1034,USD_CAD,2023-02-01 16:00:00,2023-02-01 20:00:00,2023-02-01 20:00:00,stoploss,1,0,-1.008743655,0.4553426274,-1.070088804,1.3,1.3,4
1039,EUR_USD,2023-02-08 08:00:00,2023-02-08 12:00:00,2023-02-10 16:00:00,stoploss,14,0,-1.004493502,0.4512760196,-1.145843094,0.7,0.7,4
1042,EUR_NZD,2023-02-08 16:00:00,2023-02-08 20:00:00,2023-02-09 08:00:00,stoploss,4,0,-1.016009018,0.1027947441,-1.107992528,3.8,3.8,4
1044,NZD_CAD,2023-02-09 00:00:00,2023-02-09 04:00:00,2023-02-10 16:00:00,stoploss,10,0,-1.01851028,0.6977570712,-1.328716176,2.3,2.3,4
1045,NZD_USD,2023-02-09 00:00:00,2023-02-09 04:00:00,2023-02-15 16:00:00,stoploss,28,0,-1.008123231,0.9917726915,-1.033127323,1.1,1.1,4
1047,AUD_USD,2023-02-13 08:00:00,2023-02-13 12:00:00,2023-02-14 16:00:00,trail_stop,8,1,0.3822283961,1.678234713,-0.1129134876,1,1,4
1049,EUR_NZD,2023-02-14 00:00:00,2023-02-14 04:00:00,2023-02-16 04:00:00,trail_stop,13,1,0.902162076,2.01344812,-0.02289140226,3.8,3.8,4
1053,CAD_JPY,2023-02-14 12:00:00,2023-02-14 16:00:00,2023-02-16 20:00:00,trail_stop,14,1,0.2952594098,1.239868597,-0.06609368633,1.2,1.2,4
1075,NZD_USD,2023-03-13 12:00:00,2023-03-13 16:00:00,2023-03-16 00:00:00,stoploss,15,0,-1.00779338,0.6255958898,-1.141375967,1.1,1.1,4
1076,NZD_CHF,2023-03-13 16:00:00,2023-03-13 20:00:00,2023-03-16 08:00:00,trail_stop,16,1,0.3586627964,1.559631296,-0.5857230934,1.7,1.7,4
1078,AUD_CAD,2023-03-14 20:00:00,2023-03-15 00:00:00,2023-03-21 08:00:00,trail_stop,27,1,-0.01352646487,1.035842441,-0.7809753665,1.9,1.9,4
1079,AUD_JPY,2023-03-15 00:00:00,2023-03-15 04:00:00,2023-03-15 12:00:00,stoploss,3,0,-1.003743342,0.3331574783,-1.662459976,0.9,0.9,4
1081,AUD_USD,2023-03-16 00:00:00,2023-03-16 04:00:00,2023-03-21 16:00:00,trail_stop,22,1,0.4231482936,1.324079653,-0.2456064849,1,1,4
1086,CAD_JPY,2023-03-20 00:00:00,2023-03-20 04:00:00,2023-03-20 08:00:00,stoploss,2,0,-1.004239126,0.05934776647,-1.030814182,1.2,1.2,4
1088,EUR_JPY,2023-03-20 00:00:00,2023-03-20 04:00:00,2023-03-20 08:00:00,stoploss,2,0,-1.003391235,0.04796175431,-1.190323539,1.4,1.4,4
1089,GBP_JPY,2023-03-20 00:00:00,2023-03-20 04:00:00,2023-03-20 08:00:00,stoploss,2,0,-1.005535888,0.05674285275,-1.023216645,2.4,2.4,4
1091,AUD_JPY,2023-03-21 08:00:00,2023-03-21 12:00:00,2023-03-23 20:00:00,stoploss,15,0,-1.003323633,0.4774952544,-1.054330202,0.9,0.9,4
1097,AUD_CHF,2023-03-23 04:00:00,2023-03-23 08:00:00,2023-03-24 00:00:00,stoploss,5,0,-1.011859017,0.1761911139,-1.04359352,1.4,1.4,4
1106,AUD_CHF,2023-03-28 16:00:00,2023-03-28 20:00:00,2023-03-29 12:00:00,stoploss,5,0,-1.013777387,0.1318692728,-1.045113192,1.4,1.4,4
1107,NZD_USD,2023-03-30 16:00:00,2023-03-30 20:00:00,2023-04-03 08:00:00,stoploss,10,0,-1.011871253,0.8752351277,-1.058699951,1.1,1.1,4
1114,AUD_NZD,2023-04-05 00:00:00,2023-04-05 04:00:00,2023-04-05 04:00:00,stoploss,1,0,-1.02049475,0.01854286944,-1.933338124,2.1,2.1,4
1115,USD_JPY,2023-04-06 08:00:00,2023-04-06 12:00:00,2023-04-12 12:00:00,trail_stop,25,1,1.505696844,2.470748707,-0.4038091768,0.6,0.6,4
1119,AUD_NZD,2023-04-12 04:00:00,2023-04-12 08:00:00,2023-04-13 16:00:00,trail_stop,9,1,-0.0209661269,1.035327314,-0.3045080335,2.1,2.1,4
1121,AUD_CAD,2023-04-13 04:00:00,2023-04-13 08:00:00,2023-04-14 20:00:00,stoploss,10,0,-1.016551801,0.9870100054,-1.006175248,1.9,1.9,4
1123,CAD_CHF,2023-04-17 00:00:00,2023-04-17 04:00:00,2023-04-20 04:00:00,stoploss,19,0,-1.018548892,0.4859809724,-1.039974549,1.5,1.5,4
1130,NZD_CAD,2023-04-19 00:00:00,2023-04-19 04:00:00,2023-04-26 12:00:00,trail_stop,33,1,0.3513823162,1.3625034,-0.6858238592,2.3,2.3,4
1135,NZD_CHF,2023-04-25 16:00:00,2023-04-25 20:00:00,2023-04-26 12:00:00,stoploss,5,0,-1.024205909,0.0526834483,-1.083570383,1.7,1.7,4
1144,CAD_CHF,2023-05-05 08:00:00,2023-05-05 12:00:00,2023-05-11 00:00:00,trail_stop,22,1,0.4617112749,1.312530176,-0.1912732417,1.5,1.5,4
1148,USD_CAD,2023-05-10 08:00:00,2023-05-10 12:00:00,2023-05-10 12:00:00,stoploss,1,0,-1.012181023,0.05340910211,-1.11409513,1.3,1.3,4
1151,EUR_AUD,2023-05-11 16:00:00,2023-05-11 20:00:00,2023-05-19 08:00:00,stoploss,34,0,-1.011708177,0.4634486611,-1.035197957,2.4,2.4,4
1154,EUR_USD,2023-05-16 00:00:00,2023-05-16 04:00:00,2023-05-17 08:00:00,stoploss,8,0,-1.007314049,0.4691439914,-1.148305671,0.7,0.7,4
1156,NZD_USD,2023-05-17 00:00:00,2023-05-17 04:00:00,2023-05-22 00:00:00,trail_stop,18,1,0.4193292208,1.481369322,-0.7412320997,1.1,1.1,4
1162,GBP_AUD,2023-05-23 16:00:00,2023-05-23 20:00:00,2023-05-29 04:00:00,trail_stop,21,1,1.096145249,2.073613091,-0.1035791064,4,4,4
1166,EUR_CHF,2023-05-24 04:00:00,2023-05-24 08:00:00,2023-05-25 00:00:00,trail_stop,5,1,0.2121926889,1.208261639,-0.1135702846,1,1,4
1169,GBP_NZD,2023-05-24 16:00:00,2023-05-24 20:00:00,2023-06-02 04:00:00,trail_stop,39,1,2.252412185,3.183329372,-0.3787741845,4.8,4.8,4
1173,AUD_JPY,2023-05-26 08:00:00,2023-05-26 12:00:00,2023-05-30 04:00:00,trail_stop,11,1,0.4316028873,1.357961527,-0.02837073772,0.9,0.8,4
1177,GBP_USD,2023-05-29 16:00:00,2023-05-29 20:00:00,2023-05-31 08:00:00,trail_stop,10,1,0.2547793395,1.377777711,-0.5231561744,0.9,0.9,4
1181,AUD_CHF,2023-05-31 16:00:00,2023-05-31 20:00:00,2023-06-08 12:00:00,trail_stop,35,1,3.211489626,4.153135481,-0.2110530297,1.4,1.4,4
1182,AUD_USD,2023-06-01 12:00:00,2023-06-01 16:00:00,2023-06-05 04:00:00,trail_stop,10,1,1.130702073,2.077277968,-0.1417614628,1,1,4
1187,EUR_USD,2023-06-07 00:00:00,2023-06-07 04:00:00,2023-06-09 16:00:00,trail_stop,16,1,0.9666368257,1.771051749,-0.6663261363,0.7,0.7,4
1188,NZD_USD,2023-06-07 00:00:00,2023-06-07 04:00:00,2023-06-07 20:00:00,stoploss,5,0,-1.011007709,0.2411689001,-1.081757598,1.1,1.1,4
1189,AUD_CAD,2023-06-07 08:00:00,2023-06-07 12:00:00,2023-06-07 16:00:00,stoploss,2,0,-1.017111734,0.5556810406,-1.175305929,1.9,1.9,4
1200,USD_CAD,2023-06-15 04:00:00,2023-06-15 08:00:00,2023-06-15 16:00:00,stoploss,3,0,-1.010863423,0.1813355984,-1.876029578,1.3,1.3,4
1202,EUR_CAD,2023-06-19 00:00:00,2023-06-19 04:00:00,2023-06-23 08:00:00,stoploss,26,0,-1.024771745,0.5168591179,-1.778209608,1.8,3.7,4
1206,EUR_AUD,2023-06-22 16:00:00,2023-06-22 20:00:00,2023-06-23 08:00:00,trail_stop,4,1,0.2191653943,1.013779276,-0.35311413,2.4,2.4,4
1208,EUR_CAD,2023-06-27 08:00:00,2023-06-27 12:00:00,2023-06-28 16:00:00,trail_stop,8,1,1.158226072,2.151402193,-0.08998260122,3.7,3.7,4
1211,NZD_USD,2023-06-30 04:00:00,2023-06-30 08:00:00,2023-07-06 04:00:00,trail_stop,24,1,1.431093609,2.450701014,-0.3019199024,1.1,1.1,4
1220,CAD_CHF,2023-07-20 08:00:00,2023-07-20 12:00:00,2023-07-21 12:00:00,trail_stop,7,1,0.3342898993,1.364398123,-0.1561893784,1.5,1.5,4
1223,GBP_NZD,2023-07-21 00:00:00,2023-07-21 04:00:00,2023-07-24 08:00:00,trail_stop,8,1,0.278409579,1.286472506,-0.1293516407,4.8,4.8,4
1224,GBP_JPY,2023-07-21 20:00:00,2023-07-24 00:00:00,2023-07-27 20:00:00,stoploss,24,0,-1.008216426,0.263610349,-3.107863309,2,2.4,4
1228,CAD_JPY,2023-07-27 12:00:00,2023-07-27 16:00:00,2023-07-27 20:00:00,stoploss,2,0,-1.007103312,0.319649026,-2.39618381,1.2,1.2,4
1231,EUR_NZD,2023-07-28 16:00:00,2023-07-28 20:00:00,2023-07-31 08:00:00,stoploss,4,0,-1.013635252,0.2439992549,-1.021208646,3.8,3.8,4
1232,AUD_CHF,2023-07-31 00:00:00,2023-07-31 04:00:00,2023-08-01 04:00:00,trail_stop,7,1,0.2967290426,1.119496302,-0.1138154574,1.4,1.4,4
1233,AUD_JPY,2023-07-31 00:00:00,2023-07-31 04:00:00,2023-08-01 08:00:00,trail_stop,8,1,0.6076563812,1.488291341,-0.05012277919,0.9,0.9,4
1236,CHF_JPY,2023-08-02 16:00:00,2023-08-02 20:00:00,2023-08-18 08:00:00,trail_stop,70,1,1.116666702,1.946548023,-0.9100080056,2.2,2.2,4
1240,GBP_CHF,2023-08-04 00:00:00,2023-08-04 04:00:00,2023-08-23 08:00:00,trail_stop,80,1,0.816648239,1.663788697,-0.4402322888,1.9,1.9,4
1241,GBP_USD,2023-08-04 00:00:00,2023-08-04 04:00:00,2023-08-10 16:00:00,trail_stop,28,1,-0.005446722137,1.118998803,-0.505334776,0.9,0.9,4
1243,NZD_JPY,2023-08-04 00:00:00,2023-08-04 04:00:00,2023-08-18 08:00:00,stoploss,62,0,-1.005572417,0.913876346,-1.050957798,1.4,1,4
1244,GBP_CAD,2023-08-04 12:00:00,2023-08-04 16:00:00,2023-08-10 16:00:00,trail_stop,25,1,0.141975699,1.162551949,-0.2181070913,2.8,2.8,4
1252,AUD_CHF,2023-08-18 16:00:00,2023-08-18 20:00:00,2023-09-04 00:00:00,trail_stop,62,1,0.9236238158,1.798875663,-0.7407135081,1.4,1.4,4
1253,NZD_CHF,2023-08-18 16:00:00,2023-08-18 20:00:00,2023-08-21 08:00:00,stoploss,4,0,-1.020128882,0.01539267437,-1.01710056,1.7,1.7,4
1255,GBP_JPY,2023-08-21 12:00:00,2023-08-21 16:00:00,2023-08-23 08:00:00,stoploss,11,0,-1.010802448,0.418594873,-1.971446821,2,2.4,4
1256,AUD_CAD,2023-08-21 16:00:00,2023-08-21 20:00:00,2023-08-24 12:00:00,trail_stop,17,1,0.6745181917,1.621228492,-0.2265431417,1.9,1.9,4
1257,NZD_JPY,2023-08-21 20:00:00,2023-08-22 00:00:00,2023-08-31 00:00:00,trail_stop,43,1,0.8146484456,1.651136551,-0.5063485422,1.4,1,4
1259,AUD_USD,2023-08-23 00:00:00,2023-08-23 04:00:00,2023-08-24 12:00:00,trail_stop,9,1,0.2408525771,1.067222637,-0.4464711217,1,1,4
1260,NZD_USD,2023-08-23 00:00:00,2023-08-23 04:00:00,2023-08-25 08:00:00,stoploss,14,0,-1.011279678,0.7249756988,-1.137196676,1.1,1.1,4
1264,GBP_JPY,2023-08-25 12:00:00,2023-08-25 16:00:00,2023-08-29 16:00:00,trail_stop,13,1,0.1279916954,1.01102074,-0.4165185264,2.4,2.4,4
1265,EUR_AUD,2023-08-25 16:00:00,2023-08-25 20:00:00,2023-08-29 12:00:00,stoploss,11,0,-1.012374637,0.3021473818,-1.053906567,2.4,2.4,4
1267,AUD_NZD,2023-08-28 16:00:00,2023-08-28 20:00:00,2023-08-30 00:00:00,stoploss,8,0,-1.026620061,0.4195828663,-1.299312501,2.1,2.1,4
1269,AUD_USD,2023-09-04 00:00:00,2023-09-04 04:00:00,2023-09-05 08:00:00,stoploss,8,0,-1.007977043,0.3015322262,-1.458203464,1,1,4
1272,NZD_CHF,2023-09-05 16:00:00,2023-09-05 20:00:00,2023-09-11 00:00:00,trail_stop,20,1,0.2217280298,1.131445759,-0.4925748439,1.7,1.7,4
1273,EUR_AUD,2023-09-06 00:00:00,2023-09-06 04:00:00,2023-09-07 12:00:00,stoploss,9,0,-1.011340798,0.1275839786,-1.038628093,2.4,2.4,4
1274,AUD_NZD,2023-09-06 16:00:00,2023-09-06 20:00:00,2023-09-08 00:00:00,stoploss,8,0,-1.025524271,0.1543610677,-1.099974538,2.1,2.1,4
1276,EUR_CAD,2023-09-08 00:00:00,2023-09-08 04:00:00,2023-09-08 12:00:00,stoploss,3,0,-1.026081714,0.05216342709,-1.273069585,1.8,3.7,4
1277,NZD_CAD,2023-09-08 00:00:00,2023-09-08 04:00:00,2023-09-12 00:00:00,stoploss,12,0,-1.021645378,0.3698536343,-1.036154838,2.3,2.3,4
1280,GBP_JPY,2023-09-12 16:00:00,2023-09-12 20:00:00,2023-09-14 16:00:00,stoploss,12,0,-1.010893001,0.665380822,-1.034835112,2,2.4,4
1284,AUD_NZD,2023-09-20 08:00:00,2023-09-20 12:00:00,2023-09-21 00:00:00,stoploss,4,0,-1.029932752,0.3435139676,-1.124616267,2.1,2.1,4
1286,GBP_JPY,2023-09-20 16:00:00,2023-09-20 20:00:00,2023-09-21 08:00:00,stoploss,4,0,-1.014020753,0,-1.104134321,2.4,2.4,4
1289,USD_CHF,2023-09-26 00:00:00,2023-09-26 04:00:00,2023-09-28 12:00:00,trail_stop,15,1,0.8607133868,1.973022977,-0.17661331,0.9,0.9,4
1290,AUD_JPY,2023-09-28 04:00:00,2023-09-28 08:00:00,2023-09-29 16:00:00,trail_stop,9,1,2.009194904,2.878977803,-0.295687857,0.9,0.9,4
1295,CHF_JPY,2023-10-04 08:00:00,2023-10-04 12:00:00,2023-10-13 00:00:00,trail_stop,40,1,2.146507963,3.091287629,-0.1360099392,2.2,2.2,5
1297,EUR_USD,2023-10-04 08:00:00,2023-10-04 12:00:00,2023-10-06 12:00:00,trail_stop,13,1,0.3882663647,1.516148624,-0.0729894828,0.7,0.7,5
1299,GBP_JPY,2023-10-04 08:00:00,2023-10-04 12:00:00,2023-10-09 08:00:00,trail_stop,18,1,0.8674020197,1.880173216,-0.1487526601,2.4,2.4,5
1302,AUD_USD,2023-10-05 00:00:00,2023-10-05 04:00:00,2023-10-09 00:00:00,trail_stop,12,1,-0.009412081448,1.048505873,-0.6080204615,1,1,5
1305,GBP_CHF,2023-10-10 08:00:00,2023-10-10 12:00:00,2023-10-13 00:00:00,stoploss,16,0,-1.017804532,0.5706820949,-1.114188852,1.9,1.9,5
1306,EUR_AUD,2023-10-11 16:00:00,2023-10-11 20:00:00,2023-10-16 16:00:00,trail_stop,18,1,0.7263042354,1.53973064,-0.3466581056,2.4,2.4,5
1307,EUR_NZD,2023-10-13 20:00:00,2023-10-16 00:00:00,2023-10-24 12:00:00,trail_stop,40,1,4.100799416,5.002295855,-0.01845148927,3.8,3.8,5
1308,GBP_NZD,2023-10-13 20:00:00,2023-10-16 00:00:00,2023-10-24 16:00:00,trail_stop,41,1,3.171981974,4.143063257,-0.05040653269,4.8,4.8,5
1309,AUD_NZD,2023-10-16 08:00:00,2023-10-16 12:00:00,2023-10-25 12:00:00,trail_stop,43,1,3.500999092,4.402054768,-0.2290198961,2.1,2.1,5
1310,USD_CHF,2023-10-16 08:00:00,2023-10-16 12:00:00,2023-10-18 16:00:00,stoploss,14,0,-1.007817456,0.1033641466,-1.275982616,0.9,0.9,5
1314,AUD_CAD,2023-10-17 12:00:00,2023-10-17 16:00:00,2023-10-25 08:00:00,trail_stop,35,1,1.166014137,2.074260606,-0.8973617149,1.9,1.9,5
1315,AUD_USD,2023-10-19 12:00:00,2023-10-19 16:00:00,2023-10-25 08:00:00,trail_stop,23,1,0.6820971143,1.603063764,-0.6275481737,1,1,5
1323,GBP_CHF,2023-10-25 16:00:00,2023-10-25 20:00:00,2023-10-30 00:00:00,trail_stop,14,1,0.7673862112,1.798484736,-0.5631067534,1.9,1.9,5
1324,USD_JPY,2023-10-26 04:00:00,2023-10-26 08:00:00,2023-10-26 08:00:00,stoploss,1,0,-1.007504251,0.8554846004,-1.343260908,0.6,0.6,5
1327,GBP_AUD,2023-10-30 16:00:00,2023-10-30 20:00:00,2023-11-01 12:00:00,trail_stop,11,1,0.4069452461,1.275461588,-0.319806003,4,4,5
1328,CAD_JPY,2023-10-31 00:00:00,2023-10-31 04:00:00,2023-11-01 16:00:00,trail_stop,10,1,1.093010358,2.006295936,-0.2721426288,1.2,1.2,5
1331,GBP_AUD,2023-11-08 16:00:00,2023-11-08 20:00:00,2023-11-14 20:00:00,trail_stop,25,1,0.2910794596,1.268240016,-0.5201011959,4,4,5
1332,AUD_USD,2023-11-13 08:00:00,2023-11-13 12:00:00,2023-11-16 00:00:00,trail_stop,16,1,2.672021293,4.003620116,-0.3861237002,1,1,5
1334,CAD_CHF,2023-11-16 08:00:00,2023-11-16 12:00:00,2023-11-16 16:00:00,stoploss,2,0,-1.026744069,0.0303099446,-1.831077241,1.5,1.5,5
1335,GBP_AUD,2023-11-16 16:00:00,2023-11-16 20:00:00,2023-11-20 04:00:00,stoploss,9,0,-1.016635006,0.2154233266,-1.310838466,4,4,5
1336,USD_JPY,2023-11-22 04:00:00,2023-11-22 08:00:00,2023-11-28 16:00:00,stoploss,27,0,-1.002816143,0.9302660129,-1.349871369,0.6,0.6,5
1340,USD_JPY,2023-11-30 08:00:00,2023-11-30 12:00:00,2023-12-01 16:00:00,trail_stop,8,1,0.03246933006,1.090895137,-0.5841247597,0.6,0.6,5
1343,EUR_CAD,2023-12-05 00:00:00,2023-12-05 04:00:00,2023-12-08 12:00:00,stoploss,21,0,-1.023667934,0.3959581312,-1.369541775,3.7,3.7,5
1345,EUR_AUD,2023-12-05 12:00:00,2023-12-05 16:00:00,2023-12-06 00:00:00,stoploss,3,0,-1.010845994,2.006912058e-14,-1.155098369,2.4,2.4,5
1347,USD_CHF,2023-12-05 16:00:00,2023-12-05 20:00:00,2023-12-12 04:00:00,trail_stop,27,1,0.2909372829,1.302985083,-0.3726700551,0.9,0.9,5
1350,NZD_CAD,2023-12-06 00:00:00,2023-12-06 04:00:00,2023-12-08 16:00:00,stoploss,16,0,-1.019544634,0.8319215763,-1.046062779,2.3,2.3,5
1353,USD_JPY,2023-12-08 08:00:00,2023-12-08 12:00:00,2023-12-12 12:00:00,trail_stop,13,1,0.4996007273,1.323242022,-0.3077976009,0.6,0.6,5
1354,GBP_NZD,2023-12-08 12:00:00,2023-12-08 16:00:00,2023-12-13 12:00:00,trail_stop,18,1,0.2524819693,1.156904697,-0.6126278701,4.8,4.8,5
1355,CAD_JPY,2023-12-08 20:00:00,2023-12-11 00:00:00,2023-12-12 12:00:00,trail_stop,10,1,0.2853940911,1.166154743,-0.004934364215,1.2,1.2,5
1356,EUR_JPY,2023-12-08 20:00:00,2023-12-11 00:00:00,2023-12-13 20:00:00,trail_stop,18,1,0.2055350939,1.09077461,-0.2923299577,1.4,1.4,5
1357,EUR_AUD,2023-12-11 00:00:00,2023-12-11 04:00:00,2023-12-13 20:00:00,stoploss,17,0,-1.011663605,0.5637409214,-1.163444626,2.4,2.4,5
1358,EUR_NZD,2023-12-11 00:00:00,2023-12-11 04:00:00,2023-12-12 04:00:00,stoploss,7,0,-1.016571526,0.09245167082,-1.152157143,3.8,3.8,5
1360,GBP_AUD,2023-12-11 00:00:00,2023-12-11 04:00:00,2023-12-13 16:00:00,stoploss,16,0,-1.017971942,0.4744592801,-1.064837589,4,4,5
1361,AUD_JPY,2023-12-11 08:00:00,2023-12-11 12:00:00,2023-12-14 00:00:00,stoploss,16,0,-1.004662529,0.292703236,-1.327784768,0.9,0.9,5
1362,CHF_JPY,2023-12-11 08:00:00,2023-12-11 12:00:00,2023-12-13 20:00:00,stoploss,15,0,-1.006186486,0.2041540326,-1.371712633,2.2,2.2,5
1366,CAD_JPY,2023-12-14 12:00:00,2023-12-14 16:00:00,2023-12-21 00:00:00,trail_stop,27,1,1.517572775,2.442285883,-0.2098406115,1.2,1.2,5
1369,GBP_JPY,2023-12-15 00:00:00,2023-12-15 04:00:00,2023-12-15 16:00:00,stoploss,4,0,-1.006912488,0.03341035764,-1.012679461,2.4,2.4,5
1370,GBP_NZD,2023-12-15 00:00:00,2023-12-15 04:00:00,2023-12-15 16:00:00,stoploss,4,0,-1.015297595,0.1242929556,-1.210422167,4.8,4.8,5
1371,USD_JPY,2023-12-15 00:00:00,2023-12-15 04:00:00,2023-12-20 08:00:00,trail_stop,20,1,0.6225359186,1.63810683,-0.5821163341,0.6,0.6,5
1372,USD_CHF,2023-12-15 20:00:00,2023-12-18 00:00:00,2023-12-19 16:00:00,stoploss,11,0,-1.006799442,0.39663409,-1.395396503,0.9,0.9,5
1373,NZD_CAD,2023-12-18 00:00:00,2023-12-18 04:00:00,2023-12-29 16:00:00,trail_stop,55,1,0.193142769,1.143627214,-0.4149561759,2.3,2.3,5
1375,CHF_JPY,2023-12-18 08:00:00,2023-12-18 12:00:00,2023-12-19 08:00:00,trail_stop,6,1,0.4033131124,2.107332568,-0.09209237579,2.2,2.2,5
1376,EUR_GBP,2023-12-18 08:00:00,2023-12-18 12:00:00,2023-12-25 00:00:00,trail_stop,28,1,0.6625476138,1.723786919,-0.6011972895,0.8,2.8,5
1379,EUR_NZD,2023-12-21 04:00:00,2023-12-21 08:00:00,2023-12-29 04:00:00,stoploss,32,0,-1.017023841,0.5895624969,-1.028598399,3.8,3.8,5
1380,EUR_AUD,2023-12-26 08:00:00,2023-12-26 12:00:00,2023-12-28 12:00:00,trail_stop,13,1,0.3892430996,1.404984471,-0.759085305,2.4,2.4,5
1383,GBP_CHF,2023-12-26 08:00:00,2023-12-26 12:00:00,2023-12-27 16:00:00,stoploss,8,0,-1.015209532,0.1032647151,-1.909196476,1.9,1.9,5
1384,GBP_JPY,2023-12-26 08:00:00,2023-12-26 12:00:00,2023-12-28 00:00:00,trail_stop,10,1,-0.009636663875,1.072881911,-0.176672171,2.4,2.4,5
1385,USD_CHF,2023-12-26 08:00:00,2023-12-26 12:00:00,2023-12-27 08:00:00,stoploss,6,0,-1.008628921,0.06807259598,-1.134223677,0.9,0.9,5
1386,NZD_JPY,2023-12-26 16:00:00,2023-12-26 20:00:00,2023-12-28 08:00:00,stoploss,10,0,-1.011405088,0.6435728164,-1.608117392,1.4,1.4,5
1391,CAD_CHF,2024-01-02 00:00:00,2024-01-02 04:00:00,2024-01-24 12:00:00,trail_stop,99,1,0.8449434025,1.779222938,-0.6220440213,1.5,1.5,5
1392,EUR_CHF,2024-01-02 00:00:00,2024-01-02 04:00:00,2024-01-15 00:00:00,trail_stop,54,1,0.3471771634,1.190587629,-0.5003001207,1,1,5
1393,EUR_NZD,2024-01-02 00:00:00,2024-01-02 04:00:00,2024-01-08 20:00:00,trail_stop,29,1,0.1702172844,1.055543356,-0.9385517843,3.8,3.8,5
1396,USD_JPY,2024-01-02 00:00:00,2024-01-02 04:00:00,2024-01-05 16:00:00,trail_stop,22,1,3.000105305,4.229715687,-0.1399641194,0.6,0.6,5
1398,GBP_CHF,2024-01-04 08:00:00,2024-01-04 12:00:00,2024-01-24 12:00:00,trail_stop,85,1,2.232691103,3.116930592,-0.652808472,1.9,1.9,5
1399,GBP_CAD,2024-01-05 00:00:00,2024-01-05 04:00:00,2024-01-12 12:00:00,trail_stop,33,1,0.8844163649,1.828230019,-0.7575277584,5.2,5.2,5
1402,NZD_CHF,2024-01-05 08:00:00,2024-01-05 12:00:00,2024-01-25 00:00:00,stoploss,82,0,-1.020028911,0.7717021698,-1.15814234,1.7,1.7,5
1404,AUD_CAD,2024-01-09 00:00:00,2024-01-09 04:00:00,2024-01-11 16:00:00,stoploss,16,0,-1.017196635,0.07331196828,-1.023652298,1.9,1.9,5
1405,AUD_NZD,2024-01-10 20:00:00,2024-01-11 00:00:00,2024-01-11 16:00:00,stoploss,5,0,-1.028436507,0.3561333929,-1.203812115,2.1,2.1,5
1409,EUR_GBP,2024-01-18 00:00:00,2024-01-18 04:00:00,2024-01-18 20:00:00,stoploss,5,0,-1.012931337,0.1390118689,-1.040972599,0.8,0.8,5
1410,AUD_USD,2024-01-18 20:00:00,2024-01-19 00:00:00,2024-01-25 00:00:00,trail_stop,25,1,-0.0102023805,1.030440431,-0.3876904592,1,1,5
1413,AUD_CAD,2024-01-25 08:00:00,2024-01-25 12:00:00,2024-01-26 20:00:00,stoploss,9,0,-1.021140946,0.421706241,-1.282921625,1.9,1.9,5
1414,NZD_CAD,2024-01-25 08:00:00,2024-01-25 12:00:00,2024-01-25 20:00:00,stoploss,3,0,-1.023501104,0.09298262868,-1.020765341,2.3,2.3,5
1415,NZD_USD,2024-01-25 08:00:00,2024-01-25 12:00:00,2024-01-31 20:00:00,trail_stop,27,1,-0.0118098372,1.053222754,-0.8320567118,1.1,1.1,5
1416,AUD_NZD,2024-01-26 00:00:00,2024-01-26 04:00:00,2024-01-30 16:00:00,stoploss,16,0,-1.023859543,0.5101397439,-1.003236957,2.1,2.1,5
1424,EUR_USD,2024-02-08 00:00:00,2024-02-08 04:00:00,2024-02-13 12:00:00,stoploss,21,0,-1.008295088,0.6292416901,-1.804774188,0.7,0.7,5
1425,NZD_JPY,2024-02-08 00:00:00,2024-02-08 04:00:00,2024-02-12 04:00:00,trail_stop,13,1,1.269004317,2.189813618,-0.04989934624,1.4,1.4,5
1429,GBP_USD,2024-02-14 04:00:00,2024-02-14 08:00:00,2024-02-14 08:00:00,stoploss,1,0,-1.007890934,0.1376529644,-1.18276337,0.9,0.9,5
1430,EUR_USD,2024-02-14 16:00:00,2024-02-14 20:00:00,2024-02-16 12:00:00,trail_stop,11,1,0.1397332464,1.187417629,-0.1538220414,0.7,0.7,5
1431,AUD_CAD,2024-02-15 08:00:00,2024-02-15 12:00:00,2024-02-20 20:00:00,trail_stop,21,1,1.573320008,2.543271506,-0.5439519067,1.9,1.9,5
1433,AUD_USD,2024-02-15 08:00:00,2024-02-15 12:00:00,2024-02-21 16:00:00,trail_stop,26,1,1.325422867,2.257429847,-0.02716522078,1,1,5
1436,GBP_NZD,2024-02-15 20:00:00,2024-02-16 00:00:00,2024-02-19 12:00:00,stoploss,10,0,-1.020633596,0.436744452,-1.084983265,4.8,4.8,5
1438,NZD_CAD,2024-02-16 08:00:00,2024-02-16 12:00:00,2024-02-21 00:00:00,trail_stop,16,1,1.902479353,2.823226,-0.4155908946,2.3,2.3,5
1443,GBP_NZD,2024-02-26 08:00:00,2024-02-26 12:00:00,2024-03-01 00:00:00,trail_stop,22,1,1.696528659,2.74592211,-0.2578933684,4.8,4.8,5
1446,AUD_NZD,2024-02-28 16:00:00,2024-02-28 20:00:00,2024-03-11 00:00:00,trail_stop,44,1,0.861657001,1.733230593,-0.6573580959,2.1,2.1,5
1447,AUD_JPY,2024-03-01 00:00:00,2024-03-01 04:00:00,2024-03-08 20:00:00,stoploss,35,0,-1.009662053,0.812685981,-1.205609454,0.9,0.9,5
1453,GBP_CAD,2024-03-06 08:00:00,2024-03-06 12:00:00,2024-03-06 16:00:00,stoploss,2,0,-1.045828893,0,-1.663941346,5.2,5.2,5
1456,EUR_GBP,2024-03-11 16:00:00,2024-03-11 20:00:00,2024-03-14 20:00:00,trail_stop,19,1,0.0501101119,1.013223553,-0.4299657143,0.8,0.8,5
1457,USD_CHF,2024-03-11 16:00:00,2024-03-11 20:00:00,2024-03-20 20:00:00,trail_stop,43,1,2.167248275,3.192884466,-0.876594068,0.9,0.9,5
1464,GBP_CAD,2024-03-14 08:00:00,2024-03-14 12:00:00,2024-03-21 12:00:00,stoploss,31,0,-1.045753436,0.6211908848,-1.080484995,5.2,5.2,5
1468,CHF_JPY,2024-03-19 04:00:00,2024-03-19 08:00:00,2024-03-20 20:00:00,trail_stop,10,1,1.042004355,2.1414966,-0.04225886624,2.2,2.2,5
1470,GBP_USD,2024-03-25 12:00:00,2024-03-25 16:00:00,2024-04-01 16:00:00,stoploss,31,0,-1.007152212,0.46330439,-1.577460059,0.9,0.9,5
1475,NZD_CAD,2024-04-02 12:00:00,2024-04-02 16:00:00,2024-04-05 12:00:00,trail_stop,18,1,2.08683012,3.084757604,-0.1602252446,2.3,2.3,5
1476,NZD_JPY,2024-04-02 12:00:00,2024-04-02 16:00:00,2024-04-04 20:00:00,trail_stop,14,1,2.349647523,3.33506379,-0.2918180816,1.4,1.4,5
1478,NZD_CHF,2024-04-03 16:00:00,2024-04-03 20:00:00,2024-04-04 20:00:00,trail_stop,7,1,0.6859132586,1.753639786,-0.2826186242,1.7,1.7,5
1480,GBP_USD,2024-04-04 08:00:00,2024-04-04 12:00:00,2024-04-05 08:00:00,stoploss,6,0,-1.00995776,0.4436735427,-1.094247216,0.9,0.9,5
1481,CHF_JPY,2024-04-04 16:00:00,2024-04-04 20:00:00,2024-04-08 08:00:00,trail_stop,10,1,-0.01504603323,1.138027241,-0.7810259066,2.2,2.2,5
1483,EUR_AUD,2024-04-08 00:00:00,2024-04-08 04:00:00,2024-04-08 12:00:00,stoploss,3,0,-1.017235397,0.01436283107,-1.064285782,2.4,2.4,5
1487,EUR_AUD,2024-04-17 16:00:00,2024-04-17 20:00:00,2024-04-19 08:00:00,trail_stop,10,1,-0.01530580416,1.124976606,-0.7091689262,2.4,2.4,5
1488,EUR_CAD,2024-04-17 16:00:00,2024-04-17 20:00:00,2024-04-18 20:00:00,stoploss,7,0,-1.036369563,0,-1.062581012,3.7,3.7,5
1489,AUD_USD,2024-04-18 04:00:00,2024-04-18 08:00:00,2024-04-19 04:00:00,stoploss,6,0,-1.010981384,0.1669170327,-1.882209171,1,1,5
1491,GBP_USD,2024-04-18 04:00:00,2024-04-18 08:00:00,2024-04-19 04:00:00,stoploss,6,0,-1.006971821,0.2114785679,-1.274293935,0.9,0.9,5
1492,NZD_USD,2024-04-18 04:00:00,2024-04-18 08:00:00,2024-04-19 04:00:00,stoploss,6,0,-1.013205049,0.2821078725,-1.660234841,1.1,1.1,5
1493,AUD_CAD,2024-04-22 00:00:00,2024-04-22 04:00:00,2024-04-30 04:00:00,trail_stop,37,1,2.255481914,3.26392997,-0.4034596344,1.9,1.9,5
1494,EUR_CHF,2024-04-22 00:00:00,2024-04-22 04:00:00,2024-04-29 12:00:00,trail_stop,33,1,0.9417042787,1.834400755,-0.3041688048,1,1,5
1495,NZD_CHF,2024-04-22 00:00:00,2024-04-22 04:00:00,2024-04-30 08:00:00,trail_stop,38,1,0.7291252312,1.70640545,-0.1815836666,1.7,1.7,5
1496,AUD_CHF,2024-04-23 16:00:00,2024-04-23 20:00:00,2024-04-30 04:00:00,trail_stop,27,1,1.078041048,2.105960788,-0.4025044509,1.4,1.4,5
1497,EUR_USD,2024-04-23 16:00:00,2024-04-23 20:00:00,2024-04-26 16:00:00,trail_stop,18,1,0.04097917918,1.035946612,-0.5184652082,0.7,0.7,5
1498,GBP_NZD,2024-04-23 20:00:00,2024-04-24 00:00:00,2024-05-01 20:00:00,trail_stop,36,1,1.647433197,2.80255501,-0.3024539566,4.8,4.8,5
1500,GBP_CAD,2024-04-25 08:00:00,2024-04-25 12:00:00,2024-04-26 16:00:00,stoploss,8,0,-1.036499396,0.1347670018,-1.076732192,5.2,5.2,5
1504,NZD_USD,2024-04-29 00:00:00,2024-04-29 04:00:00,2024-04-30 16:00:00,stoploss,10,0,-1.014677061,0.916649192,-1.284910003,1.1,1.1,5
1505,AUD_NZD,2024-04-30 00:00:00,2024-04-30 04:00:00,2024-05-07 04:00:00,trail_stop,31,1,0.07388267459,1.031190815,-0.6941479028,2.1,2.1,5
1510,EUR_AUD,2024-05-08 00:00:00,2024-05-08 04:00:00,2024-05-15 20:00:00,stoploss,35,0,-1.015439121,0.6793213376,-1.052433436,2.4,2.4,5
1518,GBP_AUD,2024-05-15 12:00:00,2024-05-15 16:00:00,2024-05-28 04:00:00,trail_stop,52,1,2.035792478,3.047390783,-0.8490471309,4,4,5
1519,EUR_JPY,2024-05-16 08:00:00,2024-05-16 12:00:00,2024-05-30 00:00:00,trail_stop,58,1,1.782340873,2.567373256,-0.1541424879,1.4,1.4,5
1521,CAD_JPY,2024-05-20 00:00:00,2024-05-20 04:00:00,2024-05-30 00:00:00,trail_stop,48,1,0.4267418629,1.260186655,-0.6777760658,1.2,1.2,5
1522,GBP_NZD,2024-05-20 00:00:00,2024-05-20 04:00:00,2024-05-22 04:00:00,trail_stop,13,1,0.7742875422,1.597907131,-0.6710244446,4.8,4.8,5
1525,USD_CHF,2024-05-21 04:00:00,2024-05-21 08:00:00,2024-05-23 12:00:00,trail_stop,14,1,0.5641955771,1.364428259,-0.5715664648,0.9,0.9,5
1527,EUR_GBP,2024-05-23 08:00:00,2024-05-23 12:00:00,2024-05-27 16:00:00,stoploss,14,0,-1.019695751,0.5514810283,-1.201440812,0.8,0.8,5
1528,EUR_NZD,2024-05-24 00:00:00,2024-05-24 04:00:00,2024-05-27 12:00:00,stoploss,9,0,-1.022820465,0.2630358834,-1.102588772,3.8,3.8,5
1529,AUD_JPY,2024-05-24 08:00:00,2024-05-24 12:00:00,2024-05-29 16:00:00,trail_stop,20,1,0.5299358664,1.782156691,-0.05732333092,0.9,0.9,5
1530,EUR_AUD,2024-05-28 00:00:00,2024-05-28 04:00:00,2024-06-03 16:00:00,stoploss,28,0,-1.019909397,0.7615344446,-1.22940528,2.4,2.4,5
1531,EUR_GBP,2024-05-30 08:00:00,2024-05-30 12:00:00,2024-05-31 16:00:00,trail_stop,8,1,0.5478573519,1.547083582,-0.3620833916,0.8,0.8,5
1533,CHF_JPY,2024-05-31 16:00:00,2024-05-31 20:00:00,2024-06-06 00:00:00,trail_stop,20,1,0.5287544525,1.313820845,-0.9397793234,2.2,2.2,5
1535,NZD_JPY,2024-06-05 00:00:00,2024-06-05 04:00:00,2024-06-07 16:00:00,trail_stop,16,1,0.2068755052,1.115885699,-0.5797539826,1.4,1.4,5
1536,NZD_CAD,2024-06-05 16:00:00,2024-06-05 20:00:00,2024-06-07 12:00:00,stoploss,11,0,-1.029938306,0.5792411379,-1.383670404,2.3,2.3,5
1537,USD_CHF,2024-06-05 16:00:00,2024-06-05 20:00:00,2024-06-06 20:00:00,stoploss,7,0,-1.009644133,0.09965604221,-1.019063399,0.9,0.9,5
1538,EUR_NZD,2024-06-07 12:00:00,2024-06-07 16:00:00,2024-06-10 16:00:00,stoploss,7,0,-1.022901428,0.6231598979,-1.192079573,3.8,3.8,5
1543,EUR_GBP,2024-06-13 00:00:00,2024-06-13 04:00:00,2024-06-13 16:00:00,stoploss,4,0,-1.014247994,0.2422158901,-1.065037517,0.8,0.8,5
1546,CAD_JPY,2024-06-14 04:00:00,2024-06-14 08:00:00,2024-06-14 12:00:00,stoploss,2,0,-1.008246755,0.2377814466,-1.285119379,1.2,1.2,5
1551,USD_CHF,2024-06-17 08:00:00,2024-06-17 12:00:00,2024-06-18 12:00:00,stoploss,7,0,-1.010825905,0.3259800403,-1.625088688,0.9,0.9,5
1553,AUD_CAD,2024-06-18 16:00:00,2024-06-18 20:00:00,2024-06-24 00:00:00,stoploss,20,0,-1.02276466,0.6697602565,-1.153808814,1.9,1.9,5
1555,GBP_NZD,2024-06-19 00:00:00,2024-06-19 04:00:00,2024-06-28 16:00:00,trail_stop,46,1,0.621786186,1.688510433,-0.8586517731,4.8,4.8,5
1556,CAD_JPY,2024-06-20 04:00:00,2024-06-20 08:00:00,2024-06-21 08:00:00,trail_stop,7,1,1.081908619,1.926379243,-0.1314373897,1.2,1.2,5
1557,GBP_CHF,2024-06-20 08:00:00,2024-06-20 12:00:00,2024-06-27 00:00:00,trail_stop,28,1,0.4408772909,1.439704291,-0.652188663,1.9,1.9,5
1558,NZD_CHF,2024-06-20 08:00:00,2024-06-20 12:00:00,2024-06-26 16:00:00,trail_stop,26,1,-0.02564076798,1.012056195,-0.1885350587,1.7,1.7,5
1559,AUD_JPY,2024-06-21 00:00:00,2024-06-21 04:00:00,2024-06-28 04:00:00,trail_stop,31,1,1.36756107,2.195467793,-0.7987785773,0.9,0.9,5
1562,USD_CHF,2024-06-21 00:00:00,2024-06-21 04:00:00,2024-07-01 00:00:00,trail_stop,36,1,1.086442086,2.204954798,-0.363615533,0.9,0.9,5
1564,AUD_CAD,2024-06-24 08:00:00,2024-06-24 12:00:00,2024-06-25 12:00:00,stoploss,7,0,-1.025947283,0.2799575246,-1.170359018,1.9,1.9,5
1565,GBP_USD,2024-06-24 08:00:00,2024-06-24 12:00:00,2024-06-26 08:00:00,trail_stop,12,1,0.2367453098,1.029697753,-0.02437841354,0.9,0.9,5
1566,NZD_CAD,2024-06-24 08:00:00,2024-06-24 12:00:00,2024-06-25 00:00:00,stoploss,4,0,-1.036738179,0.2188317648,-1.074991078,2.3,2.3,5
1568,EUR_USD,2024-06-25 04:00:00,2024-06-25 08:00:00,2024-06-25 12:00:00,stoploss,2,0,-1.010401103,0.1292708507,-1.121833244,0.7,0.7,5
1571,NZD_CAD,2024-07-01 08:00:00,2024-07-01 12:00:00,2024-07-02 08:00:00,stoploss,6,0,-1.034581586,0.3563406904,-1.063007882,2.3,2.3,6
1572,NZD_USD,2024-07-01 08:00:00,2024-07-01 12:00:00,2024-07-01 16:00:00,stoploss,2,0,-1.018173349,0,-1.313437491,1.1,1.1,6
1573,EUR_AUD,2024-07-02 00:00:00,2024-07-02 04:00:00,2024-07-03 16:00:00,stoploss,10,0,-1.015392692,0.4130372322,-1.074922983,2.4,2.4,6
1575,GBP_USD,2024-07-03 08:00:00,2024-07-03 12:00:00,2024-07-09 00:00:00,trail_stop,22,1,2.237318329,3.159136567,-0.08538206938,0.9,0.9,6
1577,EUR_USD,2024-07-04 16:00:00,2024-07-04 20:00:00,2024-07-16 12:00:00,trail_stop,47,1,1.692134766,2.809478937,-0.4313414131,0.7,0.7,6
1579,NZD_USD,2024-07-11 12:00:00,2024-07-11 16:00:00,2024-07-12 00:00:00,stoploss,3,0,-1.014638655,0.1690099279,-1.19371579,1.1,1.1,6
1581,EUR_AUD,2024-07-15 00:00:00,2024-07-15 04:00:00,2024-07-18 04:00:00,trail_stop,19,1,2.4002891,3.42031388,-0.4500413,2.4,2.4,6
1584,USD_JPY,2024-07-15 00:00:00,2024-07-15 04:00:00,2024-07-17 08:00:00,stoploss,14,0,-1.002291438,0.5659852427,-1.53984649,0.6,0.6,6
1585,EUR_JPY,2024-07-16 00:00:00,2024-07-16 04:00:00,2024-07-17 08:00:00,stoploss,8,0,-1.005840479,0.3637783848,-1.455113539,1.4,1.4,6
1586,EUR_GBP,2024-07-16 08:00:00,2024-07-16 12:00:00,2024-07-17 08:00:00,stoploss,6,0,-1.02089533,0.09402898381,-1.347748768,0.8,0.8,6
1587,NZD_CAD,2024-07-17 00:00:00,2024-07-17 04:00:00,2024-07-19 04:00:00,stoploss,13,0,-1.024146374,0.3768933958,-1.214667574,2.3,2.3,6
1588,AUD_JPY,2024-07-18 16:00:00,2024-07-18 20:00:00,2024-07-22 08:00:00,stoploss,10,0,-1.005571283,0.09347374457,-1.884950677,0.9,0.9,6
1589,GBP_JPY,2024-07-18 16:00:00,2024-07-18 20:00:00,2024-07-22 08:00:00,stoploss,10,0,-1.007921041,0.2448921845,-1.298390639,2.4,2.4,6
1590,NZD_CHF,2024-07-18 16:00:00,2024-07-18 20:00:00,2024-07-19 20:00:00,stoploss,7,0,-1.026093101,0.04144198437,-1.137352238,1.7,1.7,6
1591,NZD_JPY,2024-07-18 16:00:00,2024-07-18 20:00:00,2024-07-22 00:00:00,stoploss,8,0,-1.009068077,0.002590879099,-1.057078672,1.4,1.4,6
1593,USD_JPY,2024-07-18 16:00:00,2024-07-18 20:00:00,2024-07-23 08:00:00,stoploss,16,0,-1.002305843,0.5480219997,-1.018413955,0.6,0.6,6
1595,EUR_JPY,2024-07-22 16:00:00,2024-07-22 20:00:00,2024-07-23 08:00:00,stoploss,4,0,-1.005984627,0.1231123329,-1.293534442,1.4,1.4,6
1596,EUR_GBP,2024-07-25 00:00:00,2024-07-25 04:00:00,2024-07-29 12:00:00,trail_stop,15,1,1.462601332,2.536622447,-0.06943309618,0.8,0.8,6
1598,AUD_JPY,2024-07-26 08:00:00,2024-07-26 12:00:00,2024-07-30 20:00:00,stoploss,15,0,-1.003763176,0.3842621285,-1.28993326,0.9,0.9,6
1602,NZD_JPY,2024-07-26 08:00:00,2024-07-26 12:00:00,2024-07-30 20:00:00,stoploss,15,0,-1.007007067,0.4444482668,-1.018026773,1.4,1.4,6
1603,USD_JPY,2024-07-26 08:00:00,2024-07-26 12:00:00,2024-07-30 20:00:00,stoploss,15,0,-1.001908565,0.5789313528,-1.058617331,0.6,0.6,6
1604,CAD_CHF,2024-07-29 00:00:00,2024-07-29 04:00:00,2024-07-31 12:00:00,stoploss,15,0,-1.022561886,0.5851049017,-1.159680923,1.5,1.5,6
1605,USD_CHF,2024-07-29 08:00:00,2024-07-29 12:00:00,2024-07-31 04:00:00,stoploss,11,0,-1.010619216,0.5462996492,-1.077260431,0.9,0.9,6
1607,AUD_CHF,2024-07-31 16:00:00,2024-07-31 20:00:00,2024-08-01 08:00:00,stoploss,4,0,-1.016232501,0.2597200101,-1.075982899,1.4,1.4,6
1608,NZD_CAD,2024-07-31 16:00:00,2024-07-31 20:00:00,2024-08-05 04:00:00,trail_stop,15,1,0.7447927826,1.904539036,-0.3040052846,2.3,2.3,6
1609,NZD_CHF,2024-07-31 16:00:00,2024-07-31 20:00:00,2024-08-01 20:00:00,stoploss,7,0,-1.024165126,0.2373868265,-1.417213569,1.7,1.7,6
1610,AUD_CAD,2024-08-01 12:00:00,2024-08-01 16:00:00,2024-08-05 08:00:00,stoploss,11,0,-1.018797295,0.3630845873,-3.730768334,1.9,1.9,6
1611,AUD_CHF,2024-08-06 00:00:00,2024-08-06 04:00:00,2024-08-22 04:00:00,trail_stop,73,1,1.381109528,2.236881509,-0.6865385016,1.4,1.4,6
1612,AUD_JPY,2024-08-06 00:00:00,2024-08-06 04:00:00,2024-09-03 16:00:00,trail_stop,124,1,1.229771981,2.003823428,-0.5583513549,0.9,0.9,6
1613,AUD_USD,2024-08-06 00:00:00,2024-08-06 04:00:00,2024-08-15 04:00:00,trail_stop,43,1,0.6256083219,1.414911417,-0.8985500664,1,1,6
1614,CAD_CHF,2024-08-06 00:00:00,2024-08-06 04:00:00,2024-08-08 12:00:00,trail_stop,15,1,0.4104640798,1.522461524,-0.5510909218,1.5,1.5,6
1615,CAD_JPY,2024-08-06 00:00:00,2024-08-06 04:00:00,2024-08-19 04:00:00,trail_stop,55,1,0.7859599247,1.575972326,-0.4134614811,1.2,1.2,6
1616,EUR_CHF,2024-08-06 00:00:00,2024-08-06 04:00:00,2024-08-08 12:00:00,trail_stop,15,1,-0.005345693137,1.108696757,-0.8649331496,1,1,6
1617,EUR_JPY,2024-08-06 00:00:00,2024-08-06 04:00:00,2024-08-19 04:00:00,trail_stop,55,1,0.7426565616,1.526139633,-0.5351032957,1.4,1.4,6
1618,GBP_CHF,2024-08-06 00:00:00,2024-08-06 04:00:00,2024-08-06 16:00:00,stoploss,4,0,-1.006801655,0.07911398164,-1.079315179,1.9,1.9,6
1619,GBP_JPY,2024-08-06 00:00:00,2024-08-06 04:00:00,2024-08-19 08:00:00,trail_stop,56,1,0.725996973,1.519033861,-0.6943605242,2.4,2.4,6
1620,NZD_CAD,2024-08-06 00:00:00,2024-08-06 04:00:00,2024-08-14 04:00:00,trail_stop,37,1,0.7045911845,1.559520394,-0.9780043151,2.3,2.3,6
1621,NZD_CHF,2024-08-06 00:00:00,2024-08-06 04:00:00,2024-08-14 04:00:00,trail_stop,37,1,1.228399321,2.005753395,-0.8288920627,1.7,1.7,6
1622,NZD_JPY,2024-08-06 00:00:00,2024-08-06 04:00:00,2024-08-08 00:00:00,trail_stop,12,1,0.2482723523,1.146310763,-0.6449540111,1.4,1.4,6
1623,NZD_USD,2024-08-06 00:00:00,2024-08-06 04:00:00,2024-08-06 08:00:00,stoploss,2,0,-1.009648866,0.0201749025,-1.055235118,1.1,1.1,6
1624,USD_JPY,2024-08-06 00:00:00,2024-08-06 04:00:00,2024-08-19 04:00:00,trail_stop,55,1,0.6492506852,1.439899678,-0.3258528993,0.6,0.6,6
1625,CHF_JPY,2024-08-09 00:00:00,2024-08-09 04:00:00,2024-09-03 08:00:00,trail_stop,104,1,0.4348968889,1.261598915,-0.9607675908,2.2,2.2,6
1626,AUD_CAD,2024-08-12 00:00:00,2024-08-12 04:00:00,2024-08-14 16:00:00,trail_stop,16,1,0.3924383127,1.194757184,-0.05403424452,1.9,1.9,6
1629,AUD_NZD,2024-08-15 12:00:00,2024-08-15 16:00:00,2024-08-20 08:00:00,stoploss,17,0,-1.015893084,0.280777819,-1.160195139,2.1,2.1,6
1630,NZD_USD,2024-08-21 16:00:00,2024-08-21 20:00:00,2024-08-26 12:00:00,trail_stop,17,1,1.120731984,1.983471461,-0.7074092469,1.1,1.1,6
1631,EUR_NZD,2024-08-30 16:00:00,2024-08-30 20:00:00,2024-09-04 16:00:00,trail_stop,18,1,1.344146284,2.209661727,-0.6187510322,3.8,3.8,6
1632,EUR_CAD,2024-09-02 04:00:00,2024-09-02 08:00:00,2024-09-04 16:00:00,trail_stop,15,1,0.7055076329,1.57202724,-0.08689597808,1.8,1.8,6
1634,USD_CAD,2024-09-02 04:00:00,2024-09-02 08:00:00,2024-09-04 16:00:00,trail_stop,15,1,0.727060213,1.558075439,-0.3228867715,1.3,1.3,6
1635,GBP_USD,2024-09-04 16:00:00,2024-09-04 20:00:00,2024-09-06 16:00:00,trail_stop,12,1,0.2858111542,1.551083313,-0.7083894927,0.9,0.9,6
1636,CHF_JPY,2024-09-10 00:00:00,2024-09-10 04:00:00,2024-09-11 04:00:00,stoploss,7,0,-1.009290314,0.4138412573,-1.532057226,2.2,2.2,6
1637,EUR_AUD,2024-09-10 00:00:00,2024-09-10 04:00:00,2024-09-11 20:00:00,stoploss,11,0,-1.012935706,0.3212366926,-1.005751121,2.4,2.4,6
1639,GBP_USD,2024-09-11 04:00:00,2024-09-11 08:00:00,2024-09-11 16:00:00,stoploss,3,0,-1.007680165,0.1544566443,-1.714383416,0.9,0.9,6
1640,GBP_CHF,2024-09-12 04:00:00,2024-09-12 08:00:00,2024-09-23 08:00:00,trail_stop,43,1,1.836586603,2.648985213,-0.4683179908,1.9,1.9,6
1641,NZD_USD,2024-09-17 08:00:00,2024-09-17 12:00:00,2024-09-19 00:00:00,trail_stop,10,1,-0.01431732778,1.550176126,-0.8447223389,1.1,1.1,6
1642,CHF_JPY,2024-09-17 16:00:00,2024-09-17 20:00:00,2024-09-20 00:00:00,trail_stop,14,1,0.521749452,1.459165161,-0.3422010039,2.2,2.2,6
1646,GBP_AUD,2024-09-20 16:00:00,2024-09-20 20:00:00,2024-09-25 00:00:00,stoploss,14,0,-1.018569068,0.2395409823,-1.064936073,4,4,6
1648,USD_CHF,2024-09-25 08:00:00,2024-09-25 12:00:00,2024-09-27 12:00:00,stoploss,13,0,-1.008634922,0.9623140317,-1.129255848,0.9,0.9,6
1652,AUD_NZD,2024-10-01 12:00:00,2024-10-01 16:00:00,2024-10-08 00:00:00,trail_stop,27,1,1.307767047,2.249262719,-0.7021507959,2.1,2.1,6
1653,NZD_JPY,2024-10-02 04:00:00,2024-10-02 08:00:00,2024-10-04 04:00:00,trail_stop,12,1,0.385801362,1.2844946,-0.2534950989,1,1,6
1654,USD_CHF,2024-10-03 00:00:00,2024-10-03 04:00:00,2024-10-07 12:00:00,trail_stop,15,1,0.9559936587,1.882053711,-0.3643595728,0.9,0.9,6
1655,GBP_AUD,2024-10-04 08:00:00,2024-10-04 12:00:00,2024-10-09 08:00:00,trail_stop,18,1,1.20669905,2.184522094,-0.3456032593,4,4,6
1656,EUR_GBP,2024-10-07 08:00:00,2024-10-07 12:00:00,2024-10-15 00:00:00,stoploss,34,0,-1.011316182,0.6648257064,-1.009969265,0.8,0.8,6
1657,EUR_NZD,2024-10-07 08:00:00,2024-10-07 12:00:00,2024-10-09 00:00:00,trail_stop,10,1,0.1686254818,1.133863963,-0.3007159649,3.8,3.8,6
1659,NZD_CAD,2024-10-08 00:00:00,2024-10-08 04:00:00,2024-10-09 04:00:00,stoploss,7,0,-1.02131777,0.403183907,-1.179892215,2.3,2.3,6
1661,AUD_JPY,2024-10-09 16:00:00,2024-10-09 20:00:00,2024-10-24 16:00:00,trail_stop,66,1,0.5911434478,1.489819942,-0.8146657238,0.8,0.8,6
1662,CAD_CHF,2024-10-09 16:00:00,2024-10-09 20:00:00,2024-10-10 12:00:00,stoploss,5,0,-1.02032544,0.09078696379,-1.313023402,1.5,1.5,6
1663,EUR_CAD,2024-10-11 00:00:00,2024-10-11 04:00:00,2024-10-16 16:00:00,stoploss,22,0,-1.014031586,0.9401162799,-1.184889507,1.8,1.8,6
1667,GBP_USD,2024-10-14 08:00:00,2024-10-14 12:00:00,2024-10-16 08:00:00,stoploss,12,0,-1.007595191,0.6135226476,-1.430427631,0.9,0.9,6
1668,NZD_CHF,2024-10-14 08:00:00,2024-10-14 12:00:00,2024-10-23 16:00:00,stoploss,44,0,-1.023185856,0.7569499949,-1.013358281,1.7,1.7,6
1672,NZD_CAD,2024-10-16 08:00:00,2024-10-16 12:00:00,2024-10-23 12:00:00,stoploss,31,0,-1.020089319,0.481270211,-1.010580098,2.3,2.3,6
1673,AUD_CHF,2024-10-17 00:00:00,2024-10-17 04:00:00,2024-10-22 00:00:00,stoploss,18,0,-1.016807035,0.6962914445,-1.073249227,1.4,1.4,6
1674,NZD_USD,2024-10-17 00:00:00,2024-10-17 04:00:00,2024-10-22 00:00:00,stoploss,18,0,-1.013538872,0.4615524664,-1.1040335,1.1,1.1,6
1676,EUR_GBP,2024-10-18 16:00:00,2024-10-18 20:00:00,2024-10-29 16:00:00,stoploss,42,0,-1.012571787,0.6694476679,-1.015171816,0.8,0.8,6
1678,EUR_AUD,2024-10-21 16:00:00,2024-10-21 20:00:00,2024-10-22 16:00:00,stoploss,6,0,-1.014571729,0.1930754035,-1.165738286,2.4,2.4,6
1680,CAD_CHF,2024-10-23 00:00:00,2024-10-23 04:00:00,2024-10-25 00:00:00,stoploss,12,0,-1.027281268,0.5401690992,-1.285857081,1.5,1.5,6
1681,EUR_CAD,2024-10-24 16:00:00,2024-10-24 20:00:00,2024-10-29 12:00:00,trail_stop,17,1,0.04299387646,1.016614709,-0.2717853199,1.8,1.8,6
1682,EUR_AUD,2024-10-25 00:00:00,2024-10-25 04:00:00,2024-10-30 08:00:00,trail_stop,20,1,1.841885654,2.728363149,-0.231418362,2.4,2.4,6
1683,GBP_CAD,2024-10-25 08:00:00,2024-10-25 12:00:00,2024-10-30 12:00:00,trail_stop,19,1,1.271623159,2.262073793,-0.05054057899,2.8,2.8,6
1684,AUD_CAD,2024-10-25 12:00:00,2024-10-25 16:00:00,2024-10-28 04:00:00,stoploss,4,0,-1.023277055,0.2474718448,-1.176103817,2,1.9,6
1685,AUD_USD,2024-10-25 12:00:00,2024-10-25 16:00:00,2024-10-25 20:00:00,stoploss,2,0,-1.012945107,0.02847923463,-1.237552196,1,1,6
1686,NZD_CAD,2024-10-25 12:00:00,2024-10-25 16:00:00,2024-10-29 16:00:00,stoploss,13,0,-1.028282154,0.2299462119,-1.277615584,2.3,2.3,6
1687,NZD_CHF,2024-10-25 12:00:00,2024-10-25 16:00:00,2024-10-25 20:00:00,stoploss,2,0,-1.0279184,0.2151359039,-1.101955661,1.7,1.7,6
1689,EUR_GBP,2024-10-30 00:00:00,2024-10-30 04:00:00,2024-10-30 16:00:00,trail_stop,4,1,0.419884389,1.437982895,-0.1044539633,0.8,0.8,6
1694,AUD_CAD,2024-11-05 00:00:00,2024-11-05 04:00:00,2024-11-06 04:00:00,stoploss,7,0,-1.018758078,0.7829029353,-1.795839142,1.9,1.9,6
1696,CAD_CHF,2024-11-07 00:00:00,2024-11-07 04:00:00,2024-11-15 00:00:00,trail_stop,36,1,0.6298392644,1.531693326,-0.6947024373,1.5,1.5,6
1697,NZD_CAD,2024-11-07 04:00:00,2024-11-07 08:00:00,2024-11-12 16:00:00,stoploss,21,0,-1.01784592,0.8356545966,-1.104119305,2.3,2.3,6
1698,EUR_CHF,2024-11-07 08:00:00,2024-11-07 12:00:00,2024-11-11 12:00:00,stoploss,13,0,-1.009726359,0.5213328435,-1.027103513,1,1,6
1699,AUD_CAD,2024-11-11 00:00:00,2024-11-11 04:00:00,2024-11-12 16:00:00,stoploss,10,0,-1.013817256,0.1723520842,-1.196283454,1.9,1.9,6
1700,AUD_CHF,2024-11-11 00:00:00,2024-11-11 04:00:00,2024-11-15 16:00:00,stoploss,28,0,-1.014522562,0.4543487151,-1.047699092,1.4,1.4,6
1701,AUD_USD,2024-11-11 00:00:00,2024-11-11 04:00:00,2024-11-12 16:00:00,stoploss,10,0,-1.007773453,0.09950020388,-1.200221209,1,1,6
1702,NZD_CHF,2024-11-11 00:00:00,2024-11-11 04:00:00,2024-11-18 08:00:00,stoploss,32,0,-1.019605702,0.7807682436,-1.110605345,1.7,1.7,6
1705,NZD_CAD,2024-11-13 00:00:00,2024-11-13 04:00:00,2024-11-14 00:00:00,stoploss,6,0,-1.022094981,0.3314247128,-1.099945786,2.3,2.3,6
1707,AUD_CAD,2024-11-15 04:00:00,2024-11-15 08:00:00,2024-11-26 16:00:00,trail_stop,45,1,0.4579344262,1.422366196,-0.3923445927,1.9,1.9,6
1709,GBP_USD,2024-11-15 04:00:00,2024-11-15 08:00:00,2024-11-15 20:00:00,stoploss,4,0,-1.006079658,0.2992542579,-1.057184907,0.9,0.9,6
1710,EUR_GBP,2024-11-15 08:00:00,2024-11-15 12:00:00,2024-11-20 08:00:00,stoploss,18,0,-1.012680896,0.8781520715,-1.144450895,0.8,0.8,6
1711,AUD_CHF,2024-11-18 00:00:00,2024-11-18 04:00:00,2024-11-25 12:00:00,trail_stop,33,1,1.112782494,2.267168049,-0.6522347668,1.4,1.4,6
1713,CHF_JPY,2024-11-18 08:00:00,2024-11-18 12:00:00,2024-11-21 08:00:00,trail_stop,18,1,0.3835671948,1.185285668,-0.9945208074,2.2,2.2,6
1715,EUR_USD,2024-11-18 08:00:00,2024-11-18 12:00:00,2024-11-21 16:00:00,stoploss,20,0,-1.005224722,0.6471191691,-1.563684728,0.7,0.7,6
1716,CAD_JPY,2024-11-19 16:00:00,2024-11-19 20:00:00,2024-11-26 00:00:00,stoploss,26,0,-1.005477031,0.7923437623,-1.909658008,1.2,1.2,6
1717,EUR_JPY,2024-11-19 16:00:00,2024-11-19 20:00:00,2024-11-21 08:00:00,stoploss,10,0,-1.003148139,0.664257341,-1.035108122,1,1,6
1718,GBP_USD,2024-11-21 00:00:00,2024-11-21 04:00:00,2024-11-21 16:00:00,stoploss,4,0,-1.006960709,0.07192732821,-1.233592349,0.9,0.9,6
1719,NZD_USD,2024-11-21 00:00:00,2024-11-21 04:00:00,2024-11-22 04:00:00,stoploss,7,0,-1.014305668,0.08713452564,-1.431867354,1.1,1.1,6
1720,EUR_CHF,2024-11-25 00:00:00,2024-11-25 04:00:00,2024-11-26 00:00:00,stoploss,6,0,-1.008976594,0.2405727253,-1.034103655,1,1,6
1721,EUR_GBP,2024-11-25 00:00:00,2024-11-25 04:00:00,2024-11-28 00:00:00,trail_stop,18,1,0.1442686997,1.082282065,-0.2675574816,0.8,0.8,6
1722,EUR_USD,2024-11-25 00:00:00,2024-11-25 04:00:00,2024-12-02 08:00:00,trail_stop,32,1,0.4027191691,1.38664649,-0.6247784565,0.7,0.7,6
1723,GBP_CHF,2024-11-25 00:00:00,2024-11-25 04:00:00,2024-11-25 16:00:00,stoploss,4,0,-1.015156358,0.1970326517,-1.294672039,1.9,1.9,6
1724,CHF_JPY,2024-11-25 08:00:00,2024-11-25 12:00:00,2024-11-27 00:00:00,stoploss,10,0,-1.00854741,0.2579763773,-1.196637413,2.2,2.2,6
1726,GBP_CAD,2024-11-26 00:00:00,2024-11-26 04:00:00,2024-12-02 20:00:00,trail_stop,29,1,0.4965359253,1.454291913,-0.8095319515,2.8,2.8,6
1728,EUR_AUD,2024-11-26 08:00:00,2024-11-26 12:00:00,2024-11-28 08:00:00,trail_stop,12,1,0.1049455185,1.091683758,-0.3432187571,2.4,2.4,6
1729,EUR_JPY,2024-11-26 08:00:00,2024-11-26 12:00:00,2024-11-27 00:00:00,stoploss,4,0,-1.003268513,0.06929247257,-1.178625736,1,1,6
1731,GBP_USD,2024-11-26 08:00:00,2024-11-26 12:00:00,2024-12-02 12:00:00,trail_stop,25,1,1.176796188,2.113203068,-0.5556700309,0.9,0.9,6
1733,NZD_CHF,2024-11-27 00:00:00,2024-11-27 04:00:00,2024-12-04 16:00:00,stoploss,34,0,-1.022217813,0.8717224364,-1.018098618,1.7,1.7,6
1737,AUD_NZD,2024-12-02 00:00:00,2024-12-02 04:00:00,2024-12-02 16:00:00,stoploss,4,0,-1.02259614,0.1603249921,-1.012522265,2.1,2.1,6
1741,EUR_CHF,2024-12-03 00:00:00,2024-12-03 04:00:00,2024-12-06 12:00:00,stoploss,21,0,-1.012251381,0.3675414303,-1.700491684,1,1,6
1742,EUR_NZD,2024-12-03 00:00:00,2024-12-03 04:00:00,2024-12-09 08:00:00,trail_stop,26,1,2.148319565,3.082899488,-0.4521171129,3.8,3.8,6
1745,AUD_USD,2024-12-06 12:00:00,2024-12-06 16:00:00,2024-12-06 16:00:00,stoploss,1,0,-1.010057637,0.01810374642,-1.253181558,1,1,6
1746,AUD_CAD,2024-12-09 00:00:00,2024-12-09 04:00:00,2024-12-10 04:00:00,trail_stop,7,1,0.5000850551,1.425824159,-0.2449958938,1.9,1.9,6
1748,CAD_JPY,2024-12-09 08:00:00,2024-12-09 12:00:00,2024-12-11 08:00:00,trail_stop,12,1,0.3037698005,1.385707288,-0.02212916581,1.2,1.2,6
1749,NZD_CAD,2024-12-09 16:00:00,2024-12-09 20:00:00,2024-12-10 12:00:00,stoploss,5,0,-1.018721211,0.1473277888,-1.122458678,2.3,2.3,6
1750,GBP_NZD,2024-12-10 00:00:00,2024-12-10 04:00:00,2024-12-12 08:00:00,trail_stop,14,1,1.170810999,2.241456341,-0.1346863489,4.8,4.8,6
1752,USD_CHF,2024-12-10 16:00:00,2024-12-10 20:00:00,2024-12-16 04:00:00,trail_stop,21,1,1.664123495,2.446436892,-0.3700405185,0.9,0.9,6
1753,AUD_USD,2024-12-12 00:00:00,2024-12-12 04:00:00,2024-12-13 04:00:00,stoploss,7,0,-1.008930351,0.3268508294,-1.021632101,1,1,6
1755,EUR_CHF,2024-12-12 16:00:00,2024-12-12 20:00:00,2024-12-17 16:00:00,trail_stop,18,1,0.8552460613,1.831337056,-0.165046426,1,1,6
1756,USD_JPY,2024-12-12 20:00:00,2024-12-13 00:00:00,2024-12-17 16:00:00,trail_stop,17,1,0.5635766574,1.59505737,-0.1200308142,0.6,0.6,6
1758,EUR_GBP,2024-12-13 08:00:00,2024-12-13 12:00:00,2024-12-17 08:00:00,stoploss,12,0,-1.01289289,0.9991990092,-1.237717482,0.8,0.8,6
1761,NZD_CHF,2024-12-16 00:00:00,2024-12-16 04:00:00,2024-12-18 16:00:00,stoploss,16,0,-1.025184379,0.9584878191,-1.201443,1.7,1.7,6
1763,NZD_USD,2024-12-16 00:00:00,2024-12-16 04:00:00,2024-12-18 04:00:00,stoploss,13,0,-1.013424101,0.4649620314,-1.058063205,1.1,1.1,6
1765,AUD_CHF,2024-12-18 12:00:00,2024-12-18 16:00:00,2024-12-18 20:00:00,stoploss,2,0,-1.018578738,0.1220888479,-1.350939643,1.4,1.4,6
1766,NZD_USD,2024-12-20 08:00:00,2024-12-20 12:00:00,2024-12-31 16:00:00,stoploss,43,0,-1.012169959,0.7998982106,-1.078700906,1.1,1.1,6
1767,AUD_USD,2024-12-20 16:00:00,2024-12-20 20:00:00,2024-12-27 00:00:00,stoploss,25,0,-1.00972829,0.10895685,-1.002013888,1,1,6
1768,AUD_JPY,2024-12-23 16:00:00,2024-12-23 20:00:00,2024-12-31 04:00:00,stoploss,31,0,-1.004626574,0.7119140507,-1.24975326,0.9,0.8,6
1771,EUR_GBP,2024-12-26 08:00:00,2024-12-26 12:00:00,2025-01-01 20:00:00,stoploss,22,0,-1.287692994,0.8099034987,-1.767062179,0.8,21.1,6
1772,NZD_CHF,2024-12-27 08:00:00,2024-12-27 12:00:00,2024-12-31 04:00:00,trail_stop,11,1,0.5397275694,1.42927668,-0.08960521837,1.7,1.7,6
1773,AUD_CAD,2024-12-27 16:00:00,2024-12-27 20:00:00,2024-12-31 00:00:00,stoploss,8,0,-1.021929078,0.6959596799,-1.215332575,1.9,1.9,6
1774,NZD_CAD,2024-12-27 16:00:00,2024-12-27 20:00:00,2024-12-31 00:00:00,stoploss,8,0,-1.025775379,0.7049005922,-1.045583867,2.3,2.3,6
1775,AUD_CHF,2024-12-27 20:00:00,2024-12-30 00:00:00,2024-12-31 00:00:00,trail_stop,7,1,0.5489583142,1.473932151,-0.0978667223,1.4,1.4,6
1777,EUR_USD,2024-12-31 00:00:00,2024-12-31 04:00:00,2024-12-31 16:00:00,stoploss,4,0,-1.007706651,0.2675308939,-1.516008399,0.7,0.7,6
1780,CAD_CHF,2025-01-06 00:00:00,2025-01-06 04:00:00,2025-01-15 00:00:00,trail_stop,42,1,0.6306836339,1.436781062,-0.7361356356,1.5,1.5,6
1782,AUD_CAD,2025-01-06 08:00:00,2025-01-06 12:00:00,2025-01-08 00:00:00,stoploss,10,0,-1.018433923,0.7829566287,-1.17103922,1.9,1.9,6
1783,AUD_USD,2025-01-06 08:00:00,2025-01-06 12:00:00,2025-01-06 16:00:00,trail_stop,2,1,0.3111669116,1.380499547,-0.2923121817,1,1,6
1784,AUD_JPY,2025-01-07 00:00:00,2025-01-07 04:00:00,2025-01-08 12:00:00,stoploss,9,0,-1.004676539,0.2607170284,-1.115354462,0.8,0.8,6
1785,GBP_CHF,2025-01-07 00:00:00,2025-01-07 04:00:00,2025-01-08 12:00:00,stoploss,9,0,-1.016877681,0.7932510137,-1.862763019,1.9,1.9,6
1786,NZD_JPY,2025-01-07 00:00:00,2025-01-07 04:00:00,2025-01-08 12:00:00,stoploss,9,0,-1.008022992,0.4131840711,-1.204785916,1.2,1.2,6
1788,AUD_CAD,2025-01-10 00:00:00,2025-01-10 04:00:00,2025-01-10 12:00:00,stoploss,3,0,-1.020523275,0.09613533931,-1.742318003,1.9,1.9,6
1790,NZD_CAD,2025-01-10 00:00:00,2025-01-10 04:00:00,2025-01-10 12:00:00,stoploss,3,0,-1.026452204,0,-1.990815846,2.3,2.3,6
1791,GBP_CHF,2025-01-10 08:00:00,2025-01-10 12:00:00,2025-01-13 00:00:00,stoploss,4,0,-1.014635921,0.3258418215,-1.111559689,1.9,1.9,6
1792,NZD_USD,2025-01-13 20:00:00,2025-01-14 00:00:00,2025-01-15 16:00:00,trail_stop,11,1,0.984300932,1.863268069,-0.03807601196,1.1,1.1,6
1794,EUR_USD,2025-01-14 08:00:00,2025-01-14 12:00:00,2025-01-15 16:00:00,trail_stop,8,1,0.5733952103,1.492356,-0.3261336178,0.7,0.7,6
1797,NZD_CAD,2025-01-17 00:00:00,2025-01-17 04:00:00,2025-01-22 00:00:00,trail_stop,18,1,0.4734159738,1.863682617,-0.6973839549,2.3,2.3,6
1798,GBP_USD,2025-01-20 00:00:00,2025-01-20 04:00:00,2025-01-21 00:00:00,trail_stop,6,1,0.6949362859,1.688334644,-0.2974868824,0.9,0.9,6
1799,CHF_JPY,2025-01-20 08:00:00,2025-01-20 12:00:00,2025-01-23 12:00:00,trail_stop,19,1,0.9570829802,1.78591474,-0.2702803179,2.2,2.2,6
1800,GBP_JPY,2025-01-20 20:00:00,2025-01-21 00:00:00,2025-01-27 00:00:00,trail_stop,25,1,1.209601486,2.017820139,-0.7267735186,2,2,6
1801,AUD_CAD,2025-01-21 00:00:00,2025-01-21 04:00:00,2025-01-28 00:00:00,trail_stop,30,1,0.2881881491,1.138045674,-0.5009381609,1.9,1.9,6
1802,AUD_JPY,2025-01-24 00:00:00,2025-01-24 04:00:00,2025-01-27 08:00:00,stoploss,8,0,-1.005844916,0.8343618192,-1.418853461,0.8,0.8,6
1803,NZD_JPY,2025-01-24 00:00:00,2025-01-24 04:00:00,2025-01-27 08:00:00,stoploss,8,0,-1.0094703,0.8775811102,-1.262706633,1.2,1.2,6
1805,EUR_CAD,2025-01-24 16:00:00,2025-01-24 20:00:00,2025-01-30 12:00:00,stoploss,23,0,-1.010099091,0.672150592,-1.098556644,1.8,1.8,6
1806,EUR_AUD,2025-01-27 00:00:00,2025-01-27 04:00:00,2025-01-30 12:00:00,trail_stop,21,1,0.6210576722,1.618693639,-0.2367641443,2.4,2.4,6
1808,CAD_CHF,2025-01-29 08:00:00,2025-01-29 12:00:00,2025-01-30 20:00:00,stoploss,9,0,-1.022232836,0.8967244029,-1.445134368,1.5,1.5,6
1809,USD_CAD,2025-01-29 08:00:00,2025-01-29 12:00:00,2025-01-31 08:00:00,trail_stop,12,1,0.09467386179,2.393242608,-0.5493989819,1.3,1.3,6
1810,NZD_USD,2025-02-04 12:00:00,2025-02-04 16:00:00,2025-02-07 16:00:00,trail_stop,19,1,0.4781726628,1.392088936,-0.008795507351,1.1,1.1,6
1811,EUR_CAD,2025-02-05 16:00:00,2025-02-05 20:00:00,2025-02-07 16:00:00,stoploss,12,0,-1.008414678,0.1841879601,-1.39870654,1.8,1.8,6
1813,AUD_USD,2025-02-06 16:00:00,2025-02-06 20:00:00,2025-02-12 12:00:00,stoploss,23,0,-1.009960321,0.472119207,-1.163365472,1,1,6
1814,AUD_CAD,2025-02-07 00:00:00,2025-02-07 04:00:00,2025-02-12 12:00:00,stoploss,21,0,-1.018165842,0.4254631366,-1.219023594,1.9,1.9,6
1816,USD_JPY,2025-02-10 00:00:00,2025-02-10 04:00:00,2025-02-13 16:00:00,trail_stop,22,1,0.9979610268,2.025518686,-0.3203145828,0.6,0.6,6
1817,AUD_NZD,2025-02-10 08:00:00,2025-02-10 12:00:00,2025-02-13 12:00:00,trail_stop,19,1,0.1350600962,1.441938994,-0.5683137827,2.1,2.1,6
1818,CAD_JPY,2025-02-10 08:00:00,2025-02-10 12:00:00,2025-02-13 20:00:00,trail_stop,21,1,0.976864953,1.806150882,-0.4609039153,1.2,1.2,6
1819,CHF_JPY,2025-02-10 08:00:00,2025-02-10 12:00:00,2025-02-17 04:00:00,trail_stop,29,1,0.9290094082,1.806899912,-0.5780079197,2.2,2.2,6
1820,EUR_CAD,2025-02-11 08:00:00,2025-02-11 12:00:00,2025-02-13 12:00:00,trail_stop,13,1,0.6093423932,1.429991565,-0.2996048201,1.8,1.8,6
1821,EUR_JPY,2025-02-11 08:00:00,2025-02-11 12:00:00,2025-02-13 12:00:00,trail_stop,13,1,2.534238664,3.500651204,-0.007927199284,1,1,6
1823,GBP_AUD,2025-02-13 00:00:00,2025-02-13 04:00:00,2025-02-14 00:00:00,trail_stop,6,1,0.2533411697,1.189411612,-0.04317656673,4,4,6
1825,AUD_CAD,2025-02-13 20:00:00,2025-02-14 00:00:00,2025-02-18 04:00:00,trail_stop,14,1,0.5993495263,1.385246274,-0.08007735934,1.9,1.9,6
1826,NZD_CAD,2025-02-13 20:00:00,2025-02-14 00:00:00,2025-02-18 12:00:00,trail_stop,16,1,1.078422886,1.915533406,-0.07094568171,2.3,2.3,6
1827,GBP_CAD,2025-02-14 08:00:00,2025-02-14 12:00:00,2025-02-28 16:00:00,trail_stop,62,1,3.260507878,4.145822185,-0.1831947538,2.8,2.8,6
1828,AUD_USD,2025-02-17 00:00:00,2025-02-17 04:00:00,2025-02-26 12:00:00,stoploss,45,0,-1.00997363,0.7939009459,-1.284603541,1,1,6
1829,USD_CAD,2025-02-17 08:00:00,2025-02-17 12:00:00,2025-02-26 16:00:00,trail_stop,44,1,1.533463553,2.49838617,-0.3620125144,1.3,1.3,6
1830,USD_CHF,2025-02-17 12:00:00,2025-02-17 16:00:00,2025-02-24 00:00:00,stoploss,27,0,-1.009158539,0.9046601584,-1.128535563,0.9,0.9,6
1831,EUR_AUD,2025-02-17 20:00:00,2025-02-18 00:00:00,2025-02-20 04:00:00,stoploss,14,0,-1.015395996,0.5811988486,-1.182925692,2.4,2.4,6
1834,GBP_NZD,2025-02-19 16:00:00,2025-02-19 20:00:00,2025-02-20 16:00:00,stoploss,6,0,-1.020011147,0.3060037954,-1.045582451,4.8,4.8,6
1836,EUR_AUD,2025-02-25 00:00:00,2025-02-25 04:00:00,2025-03-06 16:00:00,trail_stop,46,1,6.129488146,7.048655887,-0.2013901682,2.4,2.4,6
1837,GBP_JPY,2025-02-25 00:00:00,2025-02-25 04:00:00,2025-02-28 04:00:00,stoploss,19,0,-1.006298711,0.4383902558,-1.097235381,2,2,6
1838,USD_JPY,2025-02-25 00:00:00,2025-02-25 04:00:00,2025-02-25 16:00:00,stoploss,4,0,-1.002750006,0.03758341729,-1.373169734,0.6,0.6,6
1841,EUR_CHF,2025-02-26 08:00:00,2025-02-26 12:00:00,2025-02-27 16:00:00,stoploss,8,0,-1.014084372,0.6816836278,-1.183087288,1,1,6
1844,CAD_CHF,2025-02-28 08:00:00,2025-02-28 12:00:00,2025-03-03 20:00:00,stoploss,9,0,-1.019755023,0.5228496103,-2.190173556,1.5,1.5,6
1845,EUR_GBP,2025-03-04 00:00:00,2025-03-04 04:00:00,2025-03-05 12:00:00,trail_stop,9,1,2.519365139,4.002354477,-0.2675992819,0.8,0.8,6
1848,NZD_CHF,2025-03-10 16:00:00,2025-03-10 20:00:00,2025-03-11 00:00:00,stoploss,2,0,-1.020306088,0,-1.167002799,1.7,1.7,6
1849,USD_JPY,2025-03-11 08:00:00,2025-03-11 12:00:00,2025-03-13 00:00:00,trail_stop,10,1,0.5877495309,1.393397568,-0.2050190852,0.6,0.6,6
1850,AUD_JPY,2025-03-12 08:00:00,2025-03-12 12:00:00,2025-03-19 08:00:00,trail_stop,30,1,1.112321009,1.943692693,-0.7524783536,0.8,0.8,6
1852,NZD_JPY,2025-03-12 08:00:00,2025-03-12 12:00:00,2025-03-19 08:00:00,trail_stop,30,1,1.77186608,2.603811363,-0.831744621,1.2,1,6
1853,AUD_USD,2025-03-12 20:00:00,2025-03-13 00:00:00,2025-03-18 16:00:00,trail_stop,23,1,0.5332844478,1.359106276,-0.9534594937,1,1,6
1856,NZD_CHF,2025-03-17 08:00:00,2025-03-17 12:00:00,2025-03-20 08:00:00,stoploss,18,0,-1.021983396,0.9789076843,-1.260812407,1.7,1.7,6
1857,USD_CHF,2025-03-18 00:00:00,2025-03-18 04:00:00,2025-03-18 16:00:00,stoploss,4,0,-1.010257836,0.1128362003,-1.156855993,0.9,0.9,6
1860,CAD_CHF,2025-03-24 00:00:00,2025-03-24 04:00:00,2025-03-27 16:00:00,trail_stop,22,1,0.02494402828,1.149578114,-0.4073124486,1.5,1.5,6
1861,EUR_USD,2025-03-24 08:00:00,2025-03-24 12:00:00,2025-03-24 16:00:00,stoploss,2,0,-1.005799717,0.1930477137,-1.024892798,0.7,0.7,6
1862,AUD_NZD,2025-03-25 00:00:00,2025-03-25 04:00:00,2025-03-31 08:00:00,trail_stop,26,1,0.1991319629,1.119809202,-0.4148983288,2.1,2.1,6
1863,AUD_CHF,2025-03-28 08:00:00,2025-03-28 12:00:00,2025-03-31 00:00:00,stoploss,4,0,-1.019389599,0.3600925563,-1.160606008,1.4,1.4,6
1866,AUD_USD,2025-04-01 16:00:00,2025-04-01 20:00:00,2025-04-03 00:00:00,trail_stop,8,1,-0.0111747702,1.54882315,-1.028078858,1,1,7
1867,NZD_CHF,2025-04-01 16:00:00,2025-04-01 20:00:00,2025-04-02 20:00:00,trail_stop,7,1,0.5193459254,1.789689809,-0.3884257162,1.7,1.7,7
1870,NZD_JPY,2025-04-08 04:00:00,2025-04-08 08:00:00,2025-04-08 20:00:00,stoploss,4,0,-1.003146339,0.04037801229,-1.109084364,1.2,1.2,7
1871,AUD_CHF,2025-04-09 20:00:00,2025-04-10 00:00:00,2025-04-10 16:00:00,stoploss,5,0,-1.004348661,0.3056487638,-1.016344263,1.4,1.4,7
1872,AUD_JPY,2025-04-09 20:00:00,2025-04-10 00:00:00,2025-05-15 12:00:00,trail_stop,154,1,0.892982963,1.679761034,-0.8531137477,0.8,0.8,7
1874,AUD_CAD,2025-04-10 04:00:00,2025-04-10 08:00:00,2025-05-20 12:00:00,trail_stop,170,1,1.367399916,2.182723956,-0.5338550852,1.9,1.9,7
1875,AUD_USD,2025-04-10 04:00:00,2025-04-10 08:00:00,2025-05-09 00:00:00,trail_stop,125,1,1.489392581,2.350147478,-0.3608466028,1,1,7
1876,NZD_CAD,2025-04-10 04:00:00,2025-04-10 08:00:00,2025-04-23 00:00:00,trail_stop,53,1,1.776122149,2.596791893,-0.3619147534,2.3,2.3,7
1877,NZD_CHF,2025-04-10 04:00:00,2025-04-10 08:00:00,2025-04-10 16:00:00,stoploss,3,0,-1.007247922,0.2289490718,-1.206139523,1.7,1.7,7
1878,NZD_USD,2025-04-10 04:00:00,2025-04-10 08:00:00,2025-04-23 00:00:00,trail_stop,53,1,2.284015363,3.127304772,-0.3314352382,1.1,1.1,7
1879,EUR_CAD,2025-04-11 00:00:00,2025-04-11 04:00:00,2025-05-12 00:00:00,stoploss,126,0,-1.004150349,0.8494380728,-1.041737571,1.8,1.8,7
1880,GBP_AUD,2025-04-11 00:00:00,2025-04-11 04:00:00,2025-05-05 00:00:00,stoploss,96,0,-1.004881641,0.4195770293,-1.031002543,4,4,7
1882,GBP_USD,2025-04-11 08:00:00,2025-04-11 12:00:00,2025-04-23 00:00:00,trail_stop,46,1,1.357092685,2.172399428,-0.5518246997,0.9,0.9,7
1883,GBP_JPY,2025-04-11 16:00:00,2025-04-11 20:00:00,2025-05-02 16:00:00,trail_stop,90,1,1.400150296,2.175102306,-0.3874690604,2.4,2,7
1884,NZD_JPY,2025-04-11 16:00:00,2025-04-11 20:00:00,2025-04-29 16:00:00,trail_stop,72,1,0.5762624327,1.439331512,-0.08628956068,1.5,1.2,7
1886,CAD_JPY,2025-04-15 00:00:00,2025-04-15 04:00:00,2025-04-21 16:00:00,stoploss,28,0,-1.003882986,0.1404346719,-1.002457635,1.2,1.2,7
1887,GBP_CHF,2025-04-15 00:00:00,2025-04-15 04:00:00,2025-04-30 16:00:00,trail_stop,70,1,1.112925948,1.926133465,-0.2358719547,1.9,1.9,7
1890,AUD_CHF,2025-04-21 20:00:00,2025-04-22 00:00:00,2025-04-28 00:00:00,trail_stop,25,1,1.493920066,2.483103692,-0.341466097,1.4,1.4,7
1896,GBP_NZD,2025-04-29 16:00:00,2025-04-29 20:00:00,2025-05-01 00:00:00,stoploss,8,0,-1.016111512,0.3692221548,-1.083499196,4.8,4.8,7
1897,CAD_JPY,2025-04-30 04:00:00,2025-04-30 08:00:00,2025-05-02 08:00:00,trail_stop,13,1,2.244482848,3.023567775,-0.09231302699,1.2,1.2,7
1898,EUR_JPY,2025-04-30 08:00:00,2025-04-30 12:00:00,2025-05-02 12:00:00,trail_stop,13,1,1.726235319,2.54341102,-0.8617020941,1,1,7
1902,EUR_AUD,2025-05-07 08:00:00,2025-05-07 12:00:00,2025-05-12 08:00:00,stoploss,18,0,-1.008515767,0.5904264892,-1.68115427,2.4,2.4,7
1903,GBP_AUD,2025-05-07 08:00:00,2025-05-07 12:00:00,2025-05-12 00:00:00,trail_stop,16,1,0.2824751854,1.226650155,-0.06026119759,4,4,7
1904,GBP_NZD,2025-05-07 12:00:00,2025-05-07 16:00:00,2025-05-12 00:00:00,trail_stop,15,1,0.4227694112,1.383131637,-0.27544304,4.8,4.8,7
1907,EUR_AUD,2025-05-13 00:00:00,2025-05-13 04:00:00,2025-05-13 08:00:00,stoploss,2,0,-1.00902171,0.04134950364,-1.029978545,2.4,2.4,7
1908,EUR_GBP,2025-05-15 00:00:00,2025-05-15 04:00:00,2025-05-16 20:00:00,stoploss,11,0,-1.011059582,0.2460756906,-1.078309206,0.8,0.8,7
1910,EUR_GBP,2025-05-20 08:00:00,2025-05-20 12:00:00,2025-05-22 08:00:00,trail_stop,12,1,0.3265205265,1.402219412,-0.2399886524,0.8,0.8,7
1913,EUR_JPY,2025-05-26 00:00:00,2025-05-26 04:00:00,2025-05-30 04:00:00,trail_stop,25,1,0.78597756,1.656774343,-0.365177968,1,1,7
1914,USD_CAD,2025-05-28 04:00:00,2025-05-28 08:00:00,2025-05-30 16:00:00,stoploss,15,0,-1.011407975,0.4765023406,-1.682237545,1.3,1.3,7
1915,EUR_AUD,2025-05-28 12:00:00,2025-05-28 16:00:00,2025-05-29 00:00:00,stoploss,3,0,-1.012910425,0.2452980769,-1.529885374,2.4,2.4,7
1916,EUR_NZD,2025-05-29 16:00:00,2025-05-29 20:00:00,2025-06-05 12:00:00,stoploss,29,0,-1.013899762,0.4133350209,-1.098812746,3.8,3.8,7
1919,EUR_CAD,2025-06-04 08:00:00,2025-06-04 12:00:00,2025-06-12 16:00:00,trail_stop,38,1,1.601233496,2.831157129,-0.7048469712,1.8,1.8,7
1920,AUD_USD,2025-06-05 12:00:00,2025-06-05 16:00:00,2025-06-13 00:00:00,stoploss,33,0,-1.011313585,0.6358234852,-1.135883949,1,1,7
1921,AUD_JPY,2025-06-09 00:00:00,2025-06-09 04:00:00,2025-06-12 04:00:00,stoploss,19,0,-1.005821305,0.8106167467,-1.305427687,0.8,0.8,7
1922,EUR_CHF,2025-06-09 16:00:00,2025-06-09 20:00:00,2025-06-12 08:00:00,trail_stop,16,1,0.5049573269,1.339859302,-0.4138971311,1,1,7
1923,GBP_JPY,2025-06-09 20:00:00,2025-06-10 00:00:00,2025-06-13 00:00:00,stoploss,19,0,-1.009474917,0.6528217668,-1.893088374,2,2,7
1927,EUR_NZD,2025-06-13 00:00:00,2025-06-13 04:00:00,2025-06-16 16:00:00,stoploss,10,0,-1.014515051,0.1199401569,-1.332328877,3.8,3.8,7
1929,AUD_CAD,2025-06-16 08:00:00,2025-06-16 12:00:00,2025-06-19 08:00:00,trail_stop,18,1,0.4959400166,1.519417734,-0.3311439455,1.9,1.9,7
1930,AUD_JPY,2025-06-16 08:00:00,2025-06-16 12:00:00,2025-07-01 12:00:00,trail_stop,67,1,0.131658293,1.013362803,-0.1687123894,0.8,0.8,7
1931,CAD_CHF,2025-06-16 08:00:00,2025-06-16 12:00:00,2025-06-20 00:00:00,stoploss,22,0,-1.017748237,0.4910345618,-1.170200438,1.5,1.5,7
1933,GBP_JPY,2025-06-16 08:00:00,2025-06-16 12:00:00,2025-06-18 20:00:00,stoploss,15,0,-1.007227139,0.6945280652,-1.162846677,2,2,7
1934,NZD_CHF,2025-06-16 08:00:00,2025-06-16 12:00:00,2025-06-23 00:00:00,stoploss,28,0,-1.019380919,0.9200236237,-1.36008449,1.7,1.7,7
1937,GBP_CHF,2025-06-16 16:00:00,2025-06-16 20:00:00,2025-06-17 20:00:00,stoploss,7,0,-1.013244889,0.211221126,-1.411626337,1.9,1.9,7
1938,AUD_USD,2025-06-18 04:00:00,2025-06-18 08:00:00,2025-06-19 16:00:00,stoploss,9,0,-1.009143461,0.6126118863,-1.071613628,1,1,7
1940,USD_CAD,2025-06-19 04:00:00,2025-06-19 08:00:00,2025-06-23 16:00:00,trail_stop,15,1,0.4132879723,1.423807809,-0.3313560462,1.3,1.3,7
1941,GBP_JPY,2025-06-19 20:00:00,2025-06-20 00:00:00,2025-06-24 04:00:00,trail_stop,14,1,1.155555244,2.065798705,-0.007893766546,2,2,7
1942,GBP_USD,2025-06-19 20:00:00,2025-06-20 00:00:00,2025-06-23 12:00:00,stoploss,10,0,-1.005531722,0.6508993431,-1.084832238,0.9,0.9,7
1944,GBP_CAD,2025-06-20 00:00:00,2025-06-20 04:00:00,2025-06-26 12:00:00,trail_stop,27,1,3.013969554,3.966602937,-0.6220626962,2.8,2.8,7
1945,AUD_NZD,2025-06-23 08:00:00,2025-06-23 12:00:00,2025-06-25 04:00:00,stoploss,11,0,-1.023239171,0.2866164379,-1.284794148,2.1,2.1,7
1946,GBP_CHF,2025-06-24 00:00:00,2025-06-24 04:00:00,2025-06-30 00:00:00,stoploss,24,0,-1.013546529,0.4912399266,-1.157158782,1.9,1.9,7
1947,NZD_CHF,2025-06-25 04:00:00,2025-06-25 08:00:00,2025-07-01 16:00:00,stoploss,27,0,-1.019245331,0.3452838757,-1.094719698,1.7,1.7,7
1948,AUD_CHF,2025-06-25 12:00:00,2025-06-25 16:00:00,2025-07-01 12:00:00,stoploss,24,0,-1.015683873,0.2823097164,-1.189733805,1.4,1.4,7
1950,AUD_USD,2025-06-26 16:00:00,2025-06-26 20:00:00,2025-07-07 04:00:00,stoploss,39,0,-1.010172928,0.7060012204,-1.074261223,1,1,7
1952,CAD_JPY,2025-06-26 16:00:00,2025-06-26 20:00:00,2025-07-01 08:00:00,stoploss,16,0,-1.008394367,0.4057277334,-1.05908929,1.2,1.2,7
1954,USD_JPY,2025-06-27 00:00:00,2025-06-27 04:00:00,2025-07-01 00:00:00,stoploss,12,0,-1.002797686,0.2769709119,-1.023953068,0.6,0.6,7
1955,NZD_CAD,2025-06-27 16:00:00,2025-06-27 20:00:00,2025-07-03 12:00:00,stoploss,23,0,-1.021502285,0.7469706858,-1.468699559,2.3,2.3,7
1958,CAD_JPY,2025-07-02 08:00:00,2025-07-02 12:00:00,2025-07-04 04:00:00,trail_stop,11,1,1.271075441,2.135291972,-0.3607570911,1.2,1.2,7
1959,AUD_CHF,2025-07-03 08:00:00,2025-07-03 12:00:00,2025-07-07 04:00:00,stoploss,11,0,-1.019090349,0.6054367774,-1.123603389,1.4,1.4,7
1961,GBP_CHF,2025-07-03 08:00:00,2025-07-03 12:00:00,2025-07-11 12:00:00,stoploss,37,0,-1.014115401,0.7748612361,-1.106201707,1.9,1.9,7
1964,USD_CAD,2025-07-04 08:00:00,2025-07-04 12:00:00,2025-07-07 16:00:00,trail_stop,8,1,0.8692793041,1.675516678,-0.111582091,1.3,1.3,7
1965,GBP_NZD,2025-07-04 16:00:00,2025-07-04 20:00:00,2025-07-08 04:00:00,trail_stop,9,1,0.7686372895,1.638925392,-0.265009725,4.8,4.8,7
1966,EUR_CHF,2025-07-04 20:00:00,2025-07-07 00:00:00,2025-07-09 16:00:00,stoploss,17,0,-1.013677777,0.4978710688,-1.22826434,1,1,7
1967,GBP_AUD,2025-07-07 20:00:00,2025-07-08 00:00:00,2025-07-08 04:00:00,stoploss,2,0,-1.020579124,0.285020868,-1.394235654,4,4,7
1968,USD_JPY,2025-07-08 12:00:00,2025-07-08 16:00:00,2025-07-10 00:00:00,stoploss,9,0,-1.003347964,0.5858937254,-1.003273255,0.6,0.6,7
1972,CAD_CHF,2025-07-14 08:00:00,2025-07-14 12:00:00,2025-07-16 16:00:00,trail_stop,14,1,0.1542293437,1.153511748,-0.7602339174,1.5,1.5,7
1976,GBP_CAD,2025-07-17 08:00:00,2025-07-17 12:00:00,2025-07-28 20:00:00,stoploss,45,0,-1.016841043,0.6977003594,-1.195714064,2.8,2.8,7
1977,GBP_USD,2025-07-18 00:00:00,2025-07-18 04:00:00,2025-07-24 16:00:00,trail_stop,28,1,1.433032521,2.301371994,-0.4843833102,0.9,0.9,7
1978,GBP_NZD,2025-07-21 00:00:00,2025-07-21 04:00:00,2025-07-22 12:00:00,trail_stop,9,1,0.4651259853,1.26795755,-0.3049400833,4.8,4.8,7
1979,NZD_CHF,2025-07-21 08:00:00,2025-07-21 12:00:00,2025-07-22 08:00:00,stoploss,6,0,-1.028887624,0.1172497682,-1.265957642,1.7,1.7,7
1980,EUR_CHF,2025-07-21 16:00:00,2025-07-21 20:00:00,2025-07-22 20:00:00,stoploss,7,0,-1.015207868,0.1885775596,-1.058467593,1,1,7
1984,USD_CHF,2025-07-23 16:00:00,2025-07-23 20:00:00,2025-08-01 12:00:00,trail_stop,41,1,3.843884152,4.627527777,-0.7044771302,0.9,0.9,7
1986,EUR_CHF,2025-07-25 00:00:00,2025-07-25 04:00:00,2025-07-28 16:00:00,stoploss,10,0,-1.013026376,0.1328690377,-1.034294274,1,1,7
1987,EUR_JPY,2025-07-25 00:00:00,2025-07-25 04:00:00,2025-07-29 04:00:00,stoploss,13,0,-1.004678703,0.7991224282,-1.200555123,1,1,7
1989,GBP_CHF,2025-07-29 08:00:00,2025-07-29 12:00:00,2025-07-31 12:00:00,trail_stop,13,1,0.03923296014,1.067732407,-0.236769888,1.9,1.9,7
1990,NZD_CAD,2025-07-29 16:00:00,2025-07-29 20:00:00,2025-07-30 16:00:00,stoploss,6,0,-1.029335766,0.383915892,-1.044608357,2.3,2.3,7
1991,EUR_CAD,2025-08-01 08:00:00,2025-08-01 12:00:00,2025-08-05 08:00:00,trail_stop,12,1,0.9372631769,1.792289031,-0.3299181719,1.8,1.8,7
1992,EUR_CHF,2025-08-01 08:00:00,2025-08-01 12:00:00,2025-08-05 00:00:00,trail_stop,10,1,0.1484611993,1.077117749,-0.6473063396,1,1,7
1994,EUR_JPY,2025-08-04 04:00:00,2025-08-04 08:00:00,2025-08-14 00:00:00,trail_stop,47,1,0.9077961494,1.81351526,-0.9929280367,1,1,7
1996,GBP_CHF,2025-08-05 00:00:00,2025-08-05 04:00:00,2025-08-18 00:00:00,trail_stop,54,1,2.211313018,3.158080507,-0.5676855149,1.9,1.9,7
1999,NZD_CHF,2025-08-06 00:00:00,2025-08-06 04:00:00,2025-08-08 00:00:00,trail_stop,12,1,0.34259318,1.23643191,-0.1322153981,1.7,1.7,7
2000,NZD_USD,2025-08-06 00:00:00,2025-08-06 04:00:00,2025-08-11 12:00:00,trail_stop,21,1,0.4393084752,1.425992637,-0.1683872396,1.1,1.1,7
2002,EUR_USD,2025-08-07 04:00:00,2025-08-07 08:00:00,2025-08-11 16:00:00,stoploss,15,0,-1.00529644,0.4123656818,-1.231043971,0.7,0.7,7
2005,EUR_AUD,2025-08-11 00:00:00,2025-08-11 04:00:00,2025-08-21 16:00:00,trail_stop,52,1,2.367682805,3.326472005,-0.7726380012,2.4,2.4,7
2007,AUD_CAD,2025-08-12 00:00:00,2025-08-12 04:00:00,2025-08-12 12:00:00,stoploss,3,0,-1.026108687,0.1580262657,-1.298563662,1.9,1.9,7
2011,EUR_GBP,2025-08-15 08:00:00,2025-08-15 12:00:00,2025-08-22 16:00:00,trail_stop,32,1,0.56066487,1.545463122,-0.5537033408,0.8,0.8,7
2012,GBP_AUD,2025-08-19 16:00:00,2025-08-19 20:00:00,2025-08-20 16:00:00,trail_stop,6,1,0.2813746628,1.314474086,-0.4733986208,4,4,7
2013,AUD_CAD,2025-08-22 00:00:00,2025-08-22 04:00:00,2025-08-27 08:00:00,trail_stop,20,1,0.7168880831,1.710888168,-0.2555503846,1.9,1.9,7
2014,CHF_JPY,2025-08-22 00:00:00,2025-08-22 04:00:00,2025-09-03 00:00:00,trail_stop,48,1,0.6760427413,1.810243577,-0.8687784662,2.2,2.2,7
2015,EUR_NZD,2025-08-22 12:00:00,2025-08-22 16:00:00,2025-08-25 16:00:00,stoploss,7,0,-1.018814026,0.1425905123,-1.090223292,3.8,3.8,7
2017,NZD_CAD,2025-08-22 16:00:00,2025-08-22 20:00:00,2025-08-27 00:00:00,stoploss,14,0,-1.028028413,0.2815027516,-1.037051263,2.3,2.3,7
2019,AUD_JPY,2025-08-25 00:00:00,2025-08-25 04:00:00,2025-09-04 00:00:00,trail_stop,48,1,1.994177348,2.787735719,-0.332334235,0.8,0.8,7
2021,GBP_JPY,2025-08-25 00:00:00,2025-08-25 04:00:00,2025-09-02 12:00:00,trail_stop,39,1,-0.008983060958,1.188458965,-0.9072891568,2,2,7
2022,NZD_CHF,2025-08-25 00:00:00,2025-08-25 04:00:00,2025-09-08 00:00:00,stoploss,60,0,-1.026979123,0.737958377,-1.334673108,1.7,1.7,7
2023,NZD_JPY,2025-08-25 00:00:00,2025-08-25 04:00:00,2025-09-04 12:00:00,trail_stop,51,1,0.6329569484,1.411768552,-0.74571208,1.2,1.2,7
2024,USD_JPY,2025-08-25 00:00:00,2025-08-25 04:00:00,2025-09-02 16:00:00,trail_stop,40,1,0.6454693936,1.515751619,-0.7216933514,0.6,0.6,7
2026,NZD_CAD,2025-08-29 12:00:00,2025-08-29 16:00:00,2025-09-02 08:00:00,stoploss,11,0,-1.033355692,0.4974348783,-1.440095726,2.3,2.3,7
2027,EUR_USD,2025-09-01 04:00:00,2025-09-01 08:00:00,2025-09-02 08:00:00,stoploss,7,0,-1.006103014,0.4873692397,-1.308660517,0.7,0.7,7
2032,EUR_USD,2025-09-05 00:00:00,2025-09-05 04:00:00,2025-09-09 12:00:00,trail_stop,15,1,1.369414347,2.26783007,-0.01417984621,0.7,0.7,7
2033,NZD_CAD,2025-09-05 00:00:00,2025-09-05 04:00:00,2025-09-08 00:00:00,trail_stop,6,1,1.017098623,1.971182627,-0.05010445611,2.3,2.3,7
2035,CAD_JPY,2025-09-10 08:00:00,2025-09-10 12:00:00,2025-09-19 04:00:00,trail_stop,41,1,0.5372815124,1.497449923,-0.8702285734,1.2,1.2,7
2040,USD_CAD,2025-09-17 16:00:00,2025-09-17 20:00:00,2025-09-19 16:00:00,trail_stop,12,1,0.6910283623,1.632236871,-0.8648702737,1.3,1.3,7
2042,USD_CHF,2025-09-18 04:00:00,2025-09-18 08:00:00,2025-09-22 00:00:00,trail_stop,11,1,0.4662779972,1.497954781,-0.8426732248,0.9,0.9,7
2044,EUR_NZD,2025-09-22 20:00:00,2025-09-23 00:00:00,2025-09-30 16:00:00,trail_stop,35,1,1.047399371,1.930677182,-0.1851080712,3.8,3.8,7
2045,EUR_AUD,2025-09-23 00:00:00,2025-09-23 04:00:00,2025-09-24 04:00:00,stoploss,7,0,-1.01518182,0.4263561068,-1.088030421,2.4,2.4,7
2046,NZD_CAD,2025-09-26 16:00:00,2025-09-26 20:00:00,2025-10-02 00:00:00,trail_stop,20,1,0.9788798259,1.920838181,-0.5633287677,2.3,2.3,7
2050,GBP_CHF,2025-10-01 08:00:00,2025-10-01 12:00:00,2025-10-01 20:00:00,trail_stop,3,1,0.4797567498,1.365051991,-0.1242956286,1.9,1.9,7
2052,EUR_JPY,2025-10-03 00:00:00,2025-10-03 04:00:00,2025-10-06 08:00:00,trail_stop,8,1,3.588168307,4.449174378,-0.2015972331,1,1,7
2053,NZD_JPY,2025-10-03 00:00:00,2025-10-03 04:00:00,2025-10-06 12:00:00,trail_stop,9,1,3.438833071,4.375252988,-0.213372194,1,1.2,7
2054,GBP_CAD,2025-10-03 08:00:00,2025-10-03 12:00:00,2025-10-07 12:00:00,stoploss,13,0,-1.018644239,0.3995194153,-1.297106368,2.8,2.8,7
2056,GBP_AUD,2025-10-03 16:00:00,2025-10-03 20:00:00,2025-10-09 04:00:00,stoploss,21,0,-1.025243127,0.6638942342,-1.283612997,4,4,7
2057,CAD_JPY,2025-10-06 00:00:00,2025-10-06 04:00:00,2025-10-10 00:00:00,trail_stop,24,1,2.331284221,3.36472982,-0.1505380935,1.2,1.2,7
2058,CAD_CHF,2025-10-06 08:00:00,2025-10-06 12:00:00,2025-10-06 20:00:00,stoploss,3,0,-1.026156562,0.08195722623,-1.04103115,1.5,1.5,7
2060,USD_JPY,2025-10-06 20:00:00,2025-10-07 00:00:00,2025-10-10 16:00:00,trail_stop,23,1,1.829869616,2.761009398,-0.05855023243,0.6,0.6,7
2061,EUR_AUD,2025-10-07 00:00:00,2025-10-07 04:00:00,2025-10-08 16:00:00,stoploss,10,0,-1.01537251,0.2600516263,-1.110663842,2.4,2.4,7
2062,GBP_NZD,2025-10-07 00:00:00,2025-10-07 04:00:00,2025-10-08 12:00:00,trail_stop,9,1,1.225767085,2.391157469,-0.6177600589,4.8,4.8,7
2063,NZD_CHF,2025-10-08 12:00:00,2025-10-08 16:00:00,2025-10-10 16:00:00,stoploss,13,0,-1.029889831,0.8351570414,-1.577128139,1.7,1.7,7
2064,GBP_JPY,2025-10-09 00:00:00,2025-10-09 04:00:00,2025-10-09 16:00:00,stoploss,4,0,-1.007577098,0.07425555882,-1.074432474,2,2,7
2065,NZD_USD,2025-10-09 00:00:00,2025-10-09 04:00:00,2025-10-09 16:00:00,stoploss,4,0,-1.014637151,0.3952030761,-1.430448844,1.1,1.1,7
2066,EUR_AUD,2025-10-10 16:00:00,2025-10-10 20:00:00,2025-10-13 08:00:00,stoploss,4,0,-1.010395979,0.4617547474,-1.169547672,2.4,2.4,7
2067,CAD_CHF,2025-10-13 08:00:00,2025-10-13 12:00:00,2025-10-14 08:00:00,stoploss,6,0,-1.020639684,0.0536631778,-1.03060821,1.5,1.5,7
2068,EUR_CHF,2025-10-13 08:00:00,2025-10-13 12:00:00,2025-10-14 08:00:00,stoploss,6,0,-1.015430753,0.0462922583,-1.077066543,1,1,7
2070,GBP_CAD,2025-10-13 16:00:00,2025-10-13 20:00:00,2025-10-17 12:00:00,trail_stop,23,1,1.342046124,2.353691062,-0.7537600989,2.8,2.8,7
2072,EUR_USD,2025-10-14 16:00:00,2025-10-14 20:00:00,2025-10-17 16:00:00,trail_stop,18,1,0.793419016,1.834936536,-0.153877948,0.7,0.7,7
2073,AUD_USD,2025-10-15 00:00:00,2025-10-15 04:00:00,2025-10-17 08:00:00,stoploss,14,0,-1.010051141,0.5387411607,-1.075472093,1,1,7
2074,EUR_AUD,2025-10-16 16:00:00,2025-10-16 20:00:00,2025-10-17 12:00:00,trail_stop,5,1,0.1509905594,1.330885106,-0.1445938258,2.4,2.4,7
2076,GBP_JPY,2025-10-17 20:00:00,2025-10-20 00:00:00,2025-10-22 08:00:00,trail_stop,15,1,0.3321586611,1.107554823,-0.2003474966,2,2,7
2077,AUD_CAD,2025-10-20 00:00:00,2025-10-20 04:00:00,2025-10-29 20:00:00,trail_stop,47,1,0.598662023,1.674814585,-0.8734111468,1.9,1.9,7
2081,AUD_CHF,2025-10-21 00:00:00,2025-10-21 04:00:00,2025-11-04 08:00:00,trail_stop,62,1,1.836918672,2.665438763,-0.6515045384,1.4,1.4,7
2082,AUD_USD,2025-10-21 00:00:00,2025-10-21 04:00:00,2025-10-21 08:00:00,stoploss,2,0,-1.01120249,0,-1.068717543,1,1,7
2083,NZD_CAD,2025-10-21 00:00:00,2025-10-21 04:00:00,2025-10-21 12:00:00,stoploss,3,0,-1.02814821,0,-1.251983444,2.3,2.3,7
2084,EUR_GBP,2025-10-22 08:00:00,2025-10-22 12:00:00,2025-10-27 00:00:00,trail_stop,16,1,0.4072475525,1.258427666,-0.8031171539,0.8,0.8,7
2085,GBP_CHF,2025-10-22 16:00:00,2025-10-22 20:00:00,2025-10-24 16:00:00,stoploss,12,0,-1.017448861,0.4123441449,-1.091931377,1.9,1.9,7
2086,AUD_JPY,2025-10-23 00:00:00,2025-10-23 04:00:00,2025-10-28 08:00:00,trail_stop,20,1,1.002093162,1.836684961,-0.02433462724,0.8,0.8,7
2087,CAD_JPY,2025-10-24 20:00:00,2025-10-27 00:00:00,2025-10-31 12:00:00,trail_stop,28,1,1.160373438,2.117676065,-0.9663491683,1.2,1.2,7
2093,NZD_CHF,2025-10-29 16:00:00,2025-10-29 20:00:00,2025-10-31 08:00:00,stoploss,10,0,-1.032813423,0.09844026823,-1.217957044,1.7,1.7,7
2094,EUR_AUD,2025-10-30 12:00:00,2025-10-30 16:00:00,2025-11-03 08:00:00,stoploss,11,0,-1.012405962,0.3649420515,-1.119638079,2.4,2.4,7
2095,GBP_AUD,2025-10-30 12:00:00,2025-10-30 16:00:00,2025-11-10 00:00:00,trail_stop,39,1,1.065508068,2.079116203,-0.5883667475,4,4,7
2098,EUR_CHF,2025-11-03 08:00:00,2025-11-03 12:00:00,2025-11-11 20:00:00,stoploss,39,0,-1.014696185,0.9170419632,-1.025793735,1,1,7
2100,EUR_CAD,2025-11-04 20:00:00,2025-11-05 00:00:00,2025-11-07 12:00:00,trail_stop,16,1,1.241570442,2.263067041,-0.1571822412,1.8,1.8,7
2101,EUR_AUD,2025-11-06 00:00:00,2025-11-06 04:00:00,2025-11-10 00:00:00,trail_stop,12,1,1.069933256,2.22369987,-0.1988998095,2.4,2.4,7
2106,CAD_CHF,2025-11-07 20:00:00,2025-11-10 00:00:00,2025-11-11 00:00:00,trail_stop,7,1,0.4187316665,1.26774921,-0.1022640208,1.5,1.5,7
2107,GBP_CHF,2025-11-10 08:00:00,2025-11-10 12:00:00,2025-11-11 08:00:00,stoploss,6,0,-1.020226648,0.05642170346,-1.680940939,1.9,1.9,7
2110,NZD_CHF,2025-11-12 00:00:00,2025-11-12 04:00:00,2025-11-13 16:00:00,stoploss,10,0,-1.030144294,0.06560816892,-1.60119396,1.7,1.7,7
2111,NZD_USD,2025-11-12 12:00:00,2025-11-12 16:00:00,2025-11-17 00:00:00,trail_stop,15,1,0.1300931221,1.017400884,-0.8618957079,1.1,1.1,7
2112,GBP_CAD,2025-11-13 08:00:00,2025-11-13 12:00:00,2025-11-14 00:00:00,trail_stop,4,1,0.7780129266,1.607137535,-0.146575094,2.8,2.8,7
2113,GBP_AUD,2025-11-17 00:00:00,2025-11-17 04:00:00,2025-11-18 12:00:00,trail_stop,9,1,0.1000197055,1.131006286,-0.3028724698,4,4,7
2114,CAD_JPY,2025-11-17 08:00:00,2025-11-17 12:00:00,2025-11-19 04:00:00,trail_stop,11,1,1.124695575,2.027475176,-0.3379125293,1.2,1.2,7
2116,USD_CHF,2025-11-19 00:00:00,2025-11-19 04:00:00,2025-11-25 16:00:00,trail_stop,28,1,1.243054647,2.166507851,-0.4098798637,0.9,0.9,7
2119,EUR_NZD,2025-11-19 12:00:00,2025-11-19 16:00:00,2025-11-26 00:00:00,stoploss,27,0,-1.015529053,0.8001548854,-1.674685761,3.8,3.8,7
2120,NZD_CHF,2025-11-20 12:00:00,2025-11-20 16:00:00,2025-11-20 16:00:00,stoploss,1,0,-1.026394773,0.1381844001,-1.113238369,1.7,1.7,7
2121,USD_CAD,2025-11-24 08:00:00,2025-11-24 12:00:00,2025-11-26 08:00:00,stoploss,12,0,-1.014563804,0.236381747,-1.054195374,1.3,1.3,7
2122,AUD_CAD,2025-11-24 16:00:00,2025-11-24 20:00:00,2025-11-28 16:00:00,trail_stop,24,1,0.3603023549,1.250387231,-0.6485410951,1.9,1.9,7
2124,GBP_CAD,2025-11-25 08:00:00,2025-11-25 12:00:00,2025-11-25 20:00:00,trail_stop,3,1,0.141140228,1.159195209,-0.4248956607,2.8,2.8,7
2126,AUD_USD,2025-11-26 00:00:00,2025-11-26 04:00:00,2025-12-08 00:00:00,trail_stop,48,1,2.708316451,3.647245131,-0.1635845889,1,1,7
2127,NZD_CHF,2025-11-26 00:00:00,2025-11-26 04:00:00,2025-12-10 16:00:00,trail_stop,64,1,1.639930553,2.620583611,-0.1420405836,1.7,1.7,7
2132,AUD_NZD,2025-12-02 00:00:00,2025-12-02 04:00:00,2025-12-03 16:00:00,trail_stop,10,1,0.212917882,1.057563657,-0.2510170547,2.1,2.1,7
2135,USD_JPY,2025-12-04 20:00:00,2025-12-05 00:00:00,2025-12-10 16:00:00,trail_stop,23,1,1.686372825,2.486753811,-0.8887722712,0.6,0.6,7
2136,EUR_JPY,2025-12-09 16:00:00,2025-12-09 20:00:00,2025-12-17 00:00:00,stoploss,32,0,-1.006446766,0.9721722479,-1.080477909,1,1,7
2137,EUR_NZD,2025-12-10 00:00:00,2025-12-10 04:00:00,2025-12-16 08:00:00,trail_stop,26,1,1.758767511,2.721713295,-0.8628740601,3.8,3.8,7
2138,EUR_AUD,2025-12-12 16:00:00,2025-12-12 20:00:00,2025-12-18 12:00:00,trail_stop,23,1,0.7340726883,1.731418136,-0.2811804386,2.4,2.4,7
2139,GBP_AUD,2025-12-12 16:00:00,2025-12-12 20:00:00,2025-12-17 08:00:00,trail_stop,16,1,0.6450293288,1.802807133,-0.2360818864,4,4,7
2143,EUR_GBP,2025-12-18 00:00:00,2025-12-18 04:00:00,2025-12-18 12:00:00,stoploss,3,0,-1.012089982,0.1239223203,-1.251313185,0.8,0.8,7
2144,USD_CHF,2025-12-18 08:00:00,2025-12-18 12:00:00,2025-12-18 12:00:00,stoploss,1,0,-1.011526065,0.006403369196,-1.256341036,0.9,0.9,7
2149,AUD_CHF,2025-12-23 08:00:00,2025-12-23 12:00:00,2025-12-29 08:00:00,trail_stop,18,1,0.2139981934,1.248573306,-0.5798217916,1.4,1.4,7
2150,EUR_GBP,2025-12-29 08:00:00,2025-12-29 12:00:00,2025-12-31 20:00:00,end_of_data,15,0,-0.4410580188,0.5641439775,-0.9265637448,0.8,0.8,7
2152,USD_CAD,2025-12-29 08:00:00,2025-12-29 12:00:00,2025-12-31 20:00:00,end_of_data,15,0,0.827099017,0.9848190998,-0.62715466,1.3,1.3,7
2153,USD_CHF,2025-12-31 04:00:00,2025-12-31 08:00:00,2025-12-31 20:00:00,end_of_data,4,0,-0.06584658802,0.396451332,-0.379989685,0.9,0.9,7
