trade_id,fold,segment,cluster,outcome,band,cohort,intra_band_pullback_r,bars_in_band
7,1,fold,1,win,1,completer,0.7096848977199169,27
7,1,fold,1,win,2,completer,0.777923830192988,8
7,1,fold,1,win,3,completer,0.777923830192988,1
7,1,fold,1,win,4,reverser,1.1873574250313954,2
11,1,fold,0,win,1,completer,0.9712114076155951,46
11,1,fold,0,win,2,completer,0.739517182922989,61
11,1,fold,0,win,3,completer,0.72999550245616,8
11,1,fold,0,win,4,reverser,1.1648189104409212,17
12,1,fold,0,win,1,reverser,1.0513422962652181,37
14,1,fold,0,win,1,completer,0.6595805197953768,19
14,1,fold,0,win,2,reverser,1.079313577846984,48
15,1,fold,0,win,1,completer,0.8917268888400992,43
15,1,fold,0,win,2,reverser,1.3238412402604174,22
16,1,fold,0,win,1,reverser,1.0428744269263426,6
17,1,fold,1,win,1,reverser,1.0670266284708239,20
18,1,fold,1,win,1,completer,0.3658401719133628,6
18,1,fold,1,win,2,reverser,1.0201312486045482,18
19,1,fold,1,win,1,reverser,1.205474532613034,3
21,1,fold,1,win,1,reverser,1.2320354051918456,12
22,1,fold,1,win,1,completer,0.7596296765713004,48
22,1,fold,1,win,2,reverser,1.1136546184301552,37
23,1,fold,1,win,1,completer,0.49961315180075316,24
23,1,fold,1,win,2,reverser,1.2470658985892908,8
24,1,fold,0,win,1,completer,0.8082909243675408,27
24,1,fold,0,win,2,reverser,1.2201786367846987,24
25,1,fold,1,win,1,completer,0.30265460459972493,20
25,1,fold,1,win,2,reverser,1.1211977397671709,7
26,1,fold,0,win,1,reverser,1.0208930384929802,18
27,1,fold,0,win,1,completer,0.10982757838358248,9
27,1,fold,0,win,2,reverser,1.2727078200922493,22
28,1,fold,1,win,1,reverser,1.0046906958641122,24
29,1,fold,1,win,1,reverser,1.1277511518888677,11
30,1,fold,1,win,1,completer,0.24774678821797913,6
30,1,fold,1,win,2,reverser,1.041662632280159,12
31,1,fold,1,win,1,reverser,1.4539625613158065,3
32,1,fold,1,win,1,completer,0.5298235021921052,14
32,1,fold,1,win,2,completer,0.5110686879552082,22
32,1,fold,1,win,3,reverser,1.2800160716676365,8
33,1,fold,1,win,1,reverser,1.0849168532917743,15
34,1,fold,1,win,1,reverser,1.1212476877907798,25
35,1,fold,1,win,1,reverser,1.8421542906153912,13
36,1,fold,1,win,1,reverser,1.408368787282786,14
37,1,fold,1,win,1,reverser,1.4538749384339926,14
41,1,fold,1,win,1,reverser,1.2147194339925074,11
42,1,fold,1,win,1,reverser,1.1418315428270152,16
43,1,fold,0,win,1,completer,0.3573616579318186,15
43,1,fold,0,win,2,reverser,1.1666807067773877,18
44,1,fold,1,win,1,reverser,1.0016135925595628,22
45,1,fold,1,win,1,reverser,1.1625909411786275,6
46,1,fold,1,win,1,reverser,1.5520398676019,31
47,1,fold,1,win,1,completer,0.49639067622318467,25
47,1,fold,1,win,2,completer,0.47881932485244416,23
47,1,fold,1,win,3,completer,0.904924595592699,6
47,1,fold,1,win,4,reverser,1.1992447310524579,3
48,1,fold,0,win,1,reverser,1.5733998558299638,6
49,1,fold,1,win,1,reverser,1.0538704012329323,12
51,1,fold,0,win,1,reverser,1.0942111531178642,4
52,1,fold,1,win,1,completer,1.5529775076392052,1
52,1,fold,1,win,2,completer,1.5529775076392052,1
52,1,fold,1,win,3,reverser,1.5529775076392052,2
56,1,fold,1,win,1,reverser,1.068470310638767,2
57,1,fold,1,win,1,reverser,1.1403618921297283,32
63,1,fold,1,win,1,reverser,1.1052611542110142,38
65,1,fold,0,win,1,completer,0.40392797171391925,24
65,1,fold,0,win,2,reverser,1.0552226857953046,31
67,1,fold,0,win,1,reverser,1.073117466390707,26
68,1,fold,0,win,1,reverser,1.0884914379722437,26
69,1,fold,0,win,1,reverser,1.0991693071676951,8
70,1,fold,1,win,1,reverser,1.2388720221186147,44
71,1,fold,0,win,1,completer,0.4279275942533187,26
71,1,fold,0,win,2,reverser,1.0283531334769964,30
72,1,fold,1,win,1,reverser,1.1063489550332153,69
73,1,fold,1,win,1,reverser,1.041228862399929,52
74,1,fold,1,win,1,reverser,1.0097185207233832,63
75,1,fold,0,win,1,completer,0.48539942070506914,45
75,1,fold,0,win,2,reverser,1.2848808195134127,35
77,1,fold,0,win,1,reverser,1.0215397883691564,76
78,1,fold,0,win,1,completer,0.5146245487849714,24
78,1,fold,0,win,2,completer,0.5606047490200572,15
78,1,fold,0,win,3,reverser,1.0380914437689923,27
80,1,fold,0,win,1,completer,0.42691040089099885,26
80,1,fold,0,win,2,reverser,1.0259087153194837,30
81,1,fold,0,win,1,completer,0.5752541096712622,25
81,1,fold,0,win,2,completer,0.6266513840748829,14
81,1,fold,0,win,3,reverser,1.0971341266926151,20
82,1,fold,0,win,1,completer,0.5174895008492348,23
82,1,fold,0,win,2,reverser,1.267849277080605,18
84,1,fold,1,win,1,completer,0.11410754201714957,5
84,1,fold,1,win,2,completer,0.5688839775927492,12
84,1,fold,1,win,3,reverser,1.0401977380983767,19
86,1,fold,1,win,1,completer,0.110819200676183,4
86,1,fold,1,win,2,completer,0.5524899280087991,12
86,1,fold,1,win,3,reverser,1.0102214090626074,19
89,1,fold,1,win,1,reverser,1.0172285537572803,59
90,1,fold,0,win,1,reverser,1.159290564442491,16
91,1,fold,0,win,1,completer,0.2623585012084153,7
91,1,fold,0,win,2,completer,0.6590957469382634,26
91,1,fold,0,win,3,reverser,1.0046410899932452,14
92,1,fold,1,win,1,reverser,1.035990993444973,65
93,1,fold,0,win,1,reverser,1.1879170910395733,17
94,1,fold,0,win,1,completer,0.15185850198815198,5
94,1,fold,0,win,2,reverser,1.2410505162480399,43
95,1,fold,0,win,1,reverser,1.4145923080285427,18
96,1,fold,0,win,1,reverser,1.3823909407447323,51
98,1,fold,1,win,1,reverser,1.3242343707065216,15
99,1,fold,1,win,1,reverser,1.0584646361881747,60
101,1,fold,1,win,1,reverser,1.0552359854448228,67
102,1,fold,1,win,1,reverser,1.10976734738154,88
103,1,fold,1,win,1,completer,0.46226465522451576,58
103,1,fold,1,win,2,reverser,1.0338566839211518,29
106,1,fold,0,win,1,completer,0.25194148132933347,6
106,1,fold,0,win,2,reverser,1.0189633244875376,10
116,1,fold,0,win,1,reverser,1.0104074898919133,17
118,1,fold,0,win,1,reverser,1.2261769887112188,51
120,1,fold,0,win,1,completer,0.44869320954180836,36
120,1,fold,0,win,2,reverser,1.149344913672491,50
121,1,fold,0,win,1,completer,0.5715691679158067,17
121,1,fold,0,win,2,completer,0.9748234888379965,82
121,1,fold,0,win,3,completer,0.32611001605012646,16
121,1,fold,0,win,4,completer,0.49442486304373556,31
121,1,fold,0,win,5,reverser,1.0274218785235094,18
123,1,fold,0,win,1,completer,0.4229633494343774,37
123,1,fold,0,win,2,completer,0.41683344581939386,21
123,1,fold,0,win,3,completer,0.6558996868040352,38
123,1,fold,0,win,4,completer,0.8214070844087944,44
123,1,fold,0,win,5,reverser,1.0022392410510204,12
124,1,fold,0,win,1,reverser,1.041240332254325,10
125,1,fold,0,win,1,completer,0.6431422804684994,37
125,1,fold,0,win,2,reverser,1.036173674088142,18
128,1,fold,0,win,1,completer,0.6289528758323922,19
128,1,fold,0,win,2,completer,0.2578706790913001,2
128,1,fold,0,win,3,completer,0.6949929277948224,26
128,1,fold,0,win,4,completer,0.6195185826949281,18
128,1,fold,0,win,5,reverser,1.0817989464317437,11
129,1,fold,0,win,1,completer,0.06963558510390233,2
129,1,fold,0,win,2,completer,0.47673592878821136,8
129,1,fold,0,win,3,completer,0.6427900163436742,53
129,1,fold,0,win,4,reverser,1.082029860845175,59
130,1,fold,1,win,1,reverser,1.0225428979297138,31
131,1,fold,1,win,1,completer,0.2914220371061982,9
131,1,fold,1,win,2,reverser,1.0893633291827298,65
133,1,fold,0,win,1,completer,0.20387025489997335,6
133,1,fold,0,win,2,completer,0.5494551991816179,26
133,1,fold,0,win,3,completer,0.8552605815315557,44
133,1,fold,0,win,4,reverser,1.0292961649827244,19
134,1,fold,0,win,1,reverser,1.0361651636662894,21
135,1,fold,0,win,1,completer,0.18885370184036177,10
135,1,fold,0,win,2,reverser,1.1852197839636884,39
136,1,fold,0,win,1,completer,0.7652452017527053,39
136,1,fold,0,win,2,reverser,1.0117671459414834,48
137,1,fold,0,win,1,completer,0.33844294771992556,18
137,1,fold,0,win,2,completer,0.7651753600624294,25
137,1,fold,0,win,3,reverser,1.0741884862414874,18
139,1,fold,0,win,1,reverser,1.1354293030804747,13
140,1,fold,0,win,1,reverser,1.597683997074796,19
143,1,fold,0,win,1,completer,0.8968043217970477,74
143,1,fold,0,win,2,completer,0.28164102668006663,9
143,1,fold,0,win,3,reverser,1.0820944709286655,35
144,1,fold,0,win,1,reverser,1.1796272301020987,9
147,1,fold,0,win,1,completer,0.3198277456262666,21
147,1,fold,0,win,2,completer,0.7230888161985058,22
147,1,fold,0,win,3,reverser,1.0151054535094404,18
148,1,fold,1,win,1,completer,0.35510684688338046,12
148,1,fold,1,win,2,reverser,1.1047768569705128,53
150,1,fold,1,win,1,reverser,1.0339812163634514,52
151,1,fold,1,win,1,reverser,1.1884332270235851,24
153,1,fold,1,win,1,reverser,1.5219966675103647,21
154,1,fold,1,win,1,reverser,1.2783050994514298,16
155,1,fold,1,win,1,reverser,1.0095978041010614,11
156,1,fold,1,win,1,completer,0.8455664574283378,38
156,1,fold,1,win,2,reverser,1.0385145081166731,19
157,1,fold,1,win,1,reverser,1.0420980533492792,26
158,1,fold,0,win,1,completer,0.4573583898929303,26
158,1,fold,0,win,2,reverser,1.0257895316169956,14
159,1,fold,1,win,1,reverser,1.1306975961976138,13
161,1,fold,1,win,1,completer,0.28219794167220935,15
161,1,fold,1,win,2,reverser,1.069381673705226,32
162,1,fold,1,win,1,completer,0.9208249329672914,22
162,1,fold,1,win,2,completer,0.5354797164538203,5
162,1,fold,1,win,3,reverser,1.1510311662091361,16
167,1,fold,1,win,1,reverser,1.0662662374923286,13
169,1,fold,1,win,1,reverser,1.0489355477972915,19
171,1,fold,1,win,1,reverser,1.1754661917823048,64
172,1,fold,0,win,1,completer,0.8870795708010385,33
172,1,fold,0,win,2,completer,0.6604248787020994,23
172,1,fold,0,win,3,reverser,1.0590245096347202,26
174,1,fold,0,win,1,completer,0.863288701979924,81
174,1,fold,0,win,2,reverser,1.0594906797026467,13
176,1,fold,0,win,1,completer,0.27274084554889777,25
176,1,fold,0,win,2,reverser,1.1364201897870307,43
178,1,fold,1,win,1,reverser,1.1936453920614585,32
179,1,fold,1,win,1,reverser,1.0449633109180398,142
181,1,fold,0,win,1,completer,0.8172861030566946,75
181,1,fold,0,win,2,reverser,1.0030329446605009,23
182,1,fold,0,win,1,reverser,1.0513528466329882,13
183,1,fold,1,win,1,reverser,1.1874542266959809,67
188,1,fold,0,win,1,reverser,1.004624193678619,9
189,1,fold,0,win,1,completer,0.5155272017909936,31
189,1,fold,0,win,2,reverser,1.4054899501459974,31
190,1,fold,0,win,1,reverser,1.1666622556989816,18
191,1,fold,0,win,1,reverser,1.0597404403865247,40
192,1,fold,0,win,1,completer,0.43287583184341605,9
192,1,fold,0,win,2,completer,0.4159003090260285,12
192,1,fold,0,win,3,reverser,1.1543355515824647,11
193,1,fold,0,win,1,reverser,1.0420177426322461,51
194,1,fold,0,win,1,completer,0.3293283508841809,14
194,1,fold,0,win,2,reverser,1.5678893226877606,25
195,1,fold,0,win,1,reverser,1.501313265295629,18
196,1,fold,0,win,1,reverser,1.0350036371616618,19
197,1,fold,0,win,1,reverser,1.0468701048245737,2
198,1,fold,0,win,1,reverser,1.0767020598425543,17
200,1,fold,1,win,1,reverser,1.1183785955558077,75
201,1,fold,0,win,1,reverser,1.0217635320738485,17
203,2,fold,0,win,1,completer,0.5300943753589169,20
203,2,fold,0,win,2,completer,0.7492000505072702,24
203,2,fold,0,win,3,reverser,1.5478755760480452,8
204,2,fold,0,win,1,reverser,1.165988575453825,17
206,2,fold,0,win,1,reverser,1.0924781222764666,30
207,2,fold,0,win,1,reverser,1.137950328195361,9
208,2,fold,1,win,1,completer,0.5907383944165939,26
208,2,fold,1,win,2,reverser,1.0463078341785477,4
209,2,fold,1,win,1,reverser,1.0389321773157176,32
210,2,fold,1,win,1,reverser,1.013500627643392,45
211,2,fold,1,win,1,reverser,1.0454017336313115,41
212,2,fold,0,win,1,reverser,1.0040566568672442,13
213,2,fold,1,win,1,reverser,1.0264132065788854,47
214,2,fold,1,win,1,reverser,1.1068665264464976,45
215,2,fold,0,win,1,reverser,1.1078252156238286,44
216,2,fold,0,win,1,completer,0.6101323680056424,36
216,2,fold,0,win,2,reverser,1.1791981343186138,30
217,2,fold,0,win,1,completer,0.5785181113019978,37
217,2,fold,0,win,2,reverser,1.1180975035740692,24
218,2,fold,1,win,1,reverser,1.2391039835757744,22
219,2,fold,0,win,1,completer,0.44058776961929325,6
219,2,fold,0,win,2,reverser,1.0592212817559892,6
220,2,fold,0,win,1,completer,0.2931160841541016,9
220,2,fold,0,win,2,reverser,1.195011727705207,11
221,2,fold,1,win,1,reverser,1.3701264330957958,18
222,2,fold,0,win,1,completer,0.1615635069824095,8
222,2,fold,0,win,2,completer,0.6037373155658479,11
222,2,fold,0,win,3,completer,0.6632607128751631,17
222,2,fold,0,win,4,completer,0.4166637811651732,7
222,2,fold,0,win,5,reverser,1.0799244940403252,18
223,2,fold,1,win,1,completer,0.6996939415235578,12
223,2,fold,1,win,2,reverser,1.0873622064217303,8
224,2,fold,0,win,1,completer,0.13746496007181563,6
224,2,fold,0,win,2,completer,0.5422228980610693,14
224,2,fold,0,win,3,completer,0.5956814936445611,17
224,2,fold,0,win,4,completer,0.6415031470018357,14
224,2,fold,0,win,5,reverser,1.1379043917056304,12
225,2,fold,0,win,1,completer,0.298106407820542,7
225,2,fold,0,win,2,reverser,1.1863418270409116,30
226,2,fold,0,win,1,reverser,1.0913050784836278,12
227,2,fold,0,win,1,reverser,1.444457144374519,9
228,2,fold,0,win,1,reverser,1.02889831305905,13
229,2,fold,0,win,1,reverser,1.036259271889493,42
230,2,fold,0,win,1,completer,0.49409300721728966,12
230,2,fold,0,win,2,completer,0.3278117067114632,14
230,2,fold,0,win,3,completer,0.5606055274195962,17
230,2,fold,0,win,4,reverser,1.6343076392571558,12
231,2,fold,0,win,1,completer,0.2821252124483469,12
231,2,fold,0,win,2,reverser,1.0407285614761463,9
232,2,fold,1,win,1,completer,0.5611096350892915,18
232,2,fold,1,win,2,reverser,1.2403476144079038,28
233,2,fold,1,win,1,completer,0.6395413545081047,10
233,2,fold,1,win,2,reverser,1.1364822718623637,9
234,2,fold,1,win,1,reverser,1.0814236233715597,70
235,2,fold,0,win,1,completer,0.4684194577493752,55
235,2,fold,0,win,2,completer,0.7327749933109058,59
235,2,fold,0,win,3,completer,0.3942143951356103,36
235,2,fold,0,win,4,reverser,1.1455406540999542,29
236,2,fold,0,win,1,reverser,1.0670237659870703,44
237,2,fold,1,win,1,reverser,1.2205943002461166,2
240,2,fold,1,win,1,reverser,1.0089388466305735,11
241,2,fold,1,win,1,reverser,1.2315803569295949,13
242,2,fold,1,win,1,completer,0.8149346377050904,30
242,2,fold,1,win,2,reverser,1.3843440961016091,23
243,2,fold,0,win,1,reverser,1.0066158540605674,19
245,2,fold,0,win,1,reverser,1.2296574173787653,54
246,2,fold,1,win,1,reverser,1.0294649652566108,24
249,2,fold,0,win,1,completer,0.5823959704639157,23
249,2,fold,0,win,2,completer,0.28321995823931134,12
249,2,fold,0,win,3,reverser,1.1727699679204693,64
250,2,fold,0,win,1,reverser,1.0780492164441073,21
253,2,fold,0,win,1,completer,0.49125541631586167,17
253,2,fold,0,win,2,reverser,1.0363470426389347,72
255,2,fold,1,win,1,reverser,1.2068442149339054,29
257,2,fold,1,win,1,reverser,1.0654234337491468,19
259,2,fold,1,win,1,reverser,1.1692907827681591,7
261,2,fold,0,win,1,completer,0.56337906050969,23
261,2,fold,0,win,2,completer,0.27397200887800954,13
261,2,fold,0,win,3,reverser,1.1344756423962075,64
263,2,fold,0,win,1,completer,0.19170131503814303,16
263,2,fold,0,win,2,reverser,1.031535647586146,20
265,2,fold,0,win,1,reverser,1.2075311755304554,8
267,2,fold,0,win,1,reverser,1.3447694922109021,26
270,2,fold,0,win,1,reverser,1.0862409650462352,41
272,2,fold,0,win,1,reverser,1.0550984125689966,24
274,2,fold,0,win,1,completer,0.6011827601924572,58
274,2,fold,0,win,2,completer,0.5106431878743178,17
274,2,fold,0,win,3,reverser,1.4124173281629957,22
275,2,fold,0,win,1,completer,0.34472162363145653,7
275,2,fold,0,win,2,completer,0.5367808139404144,6
275,2,fold,0,win,3,completer,0.6598956795230881,5
275,2,fold,0,win,4,completer,0.6795940580163009,2
275,2,fold,0,win,5,reverser,1.27547000743641,2
276,2,fold,0,win,1,completer,0.43708358393026026,21
276,2,fold,0,win,2,reverser,1.0636989874409029,11
277,2,fold,0,win,1,completer,0.383268732780051,41
277,2,fold,0,win,2,reverser,1.0171362523778316,14
278,2,fold,1,win,1,completer,0.324604916556834,23
278,2,fold,1,win,2,reverser,1.035644257586095,27
279,2,fold,0,win,1,reverser,1.1455692062365679,52
280,2,fold,0,win,1,reverser,1.2538234444660459,10
281,2,fold,0,win,1,reverser,1.2564830073274424,24
282,2,fold,1,win,1,reverser,1.0173958868320054,15
283,2,fold,1,win,1,reverser,1.0912051550075983,26
284,2,fold,1,win,1,completer,0.32418980196222824,9
284,2,fold,1,win,2,completer,0.6220939443058846,37
284,2,fold,1,win,3,reverser,1.1565690232165904,2
285,2,fold,1,win,1,reverser,1.0730736930227152,16
286,2,fold,1,win,1,completer,0.4217778837091286,13
286,2,fold,1,win,2,reverser,1.0743398924666596,10
287,2,fold,1,win,1,reverser,1.0360781493305606,25
289,2,fold,0,win,1,reverser,1.8703065904665686,2
294,2,fold,0,win,1,completer,0.7061631695808546,10
294,2,fold,0,win,2,reverser,1.122122296868178,7
296,2,fold,1,win,1,reverser,1.0007170072490723,23
297,2,fold,0,win,1,completer,0.621048466711533,41
297,2,fold,0,win,2,completer,0.5275170711224482,33
297,2,fold,0,win,3,reverser,1.4590897711897393,23
298,2,fold,0,win,1,completer,0.8110693334961305,18
298,2,fold,0,win,2,reverser,1.01288470755855,10
299,2,fold,1,win,1,completer,0.36679279890525485,23
299,2,fold,1,win,2,reverser,1.170243691745343,27
300,2,fold,1,win,1,completer,0.7098725984262207,32
300,2,fold,1,win,2,completer,0.3094316454678383,27
300,2,fold,1,win,3,reverser,1.0557079668902785,30
301,2,fold,0,win,1,reverser,1.186985929384133,29
302,2,fold,1,win,1,reverser,1.0879130336437366,11
303,2,fold,0,win,1,reverser,1.1163279524277308,8
304,2,fold,0,win,1,completer,0.8063589745134987,33
304,2,fold,0,win,2,completer,0.9575512822347878,25
304,2,fold,0,win,3,completer,0.453576923163844,7
304,2,fold,0,win,4,completer,0.5711709402803953,5
304,2,fold,0,win,5,reverser,1.915102564469576,11
305,2,fold,1,win,1,reverser,1.1247700710401076,26
306,2,fold,0,win,1,completer,0.614241671548007,15
306,2,fold,0,win,2,reverser,1.121931216398909,28
307,2,fold,1,win,1,completer,0.4050349592681597,5
307,2,fold,1,win,2,completer,0.36334018404938306,7
307,2,fold,1,win,3,completer,0.4169477521878102,7
307,2,fold,1,win,4,completer,0.6492472141210239,4
307,2,fold,1,win,5,completer,0.7981571256166822,6
308,2,fold,1,win,1,reverser,1.2634089893342262,4
309,2,fold,1,win,1,completer,0.09067881908351128,2
309,2,fold,1,win,2,reverser,1.209050921113439,3
311,2,fold,1,win,1,reverser,1.2402925729415866,7
314,2,fold,1,win,1,reverser,1.244282761887077,38
315,2,fold,0,win,1,reverser,1.1259901999204693,50
317,2,fold,0,win,1,reverser,1.120527471911478,14
319,2,fold,1,win,1,reverser,1.1727887266170511,6
320,2,fold,0,win,1,reverser,1.2456038019629636,7
321,2,fold,0,win,1,reverser,1.0299755347092012,15
325,2,fold,1,win,1,reverser,1.0251534015600894,14
327,2,fold,0,win,1,reverser,1.0545249858492776,99
329,2,fold,0,win,1,completer,0.35654790418713134,1
329,2,fold,0,win,2,reverser,1.1299053301704964,7
330,2,fold,0,win,1,reverser,1.1568819177444154,13
333,2,fold,0,win,1,reverser,1.0944186304864263,5
334,2,fold,0,win,1,reverser,1.0405804779963088,16
336,2,fold,1,win,1,completer,0.11548555628550905,4
336,2,fold,1,win,2,completer,0.33202097432082445,3
336,2,fold,1,win,3,reverser,1.0682413956409236,18
337,2,fold,0,win,1,completer,0.6055219915710186,9
337,2,fold,0,win,2,completer,0.4247263258412941,7
337,2,fold,0,win,3,reverser,1.3487930617932766,7
338,2,fold,0,win,1,reverser,1.0869246473313912,25
340,2,fold,1,win,1,reverser,1.550174726254464,14
341,2,fold,1,win,1,completer,0.4541508874736011,7
341,2,fold,1,win,2,reverser,1.3541953735577015,65
343,2,fold,0,win,1,completer,0.9017550699949924,70
343,2,fold,0,win,2,reverser,1.3445330085554148,18
344,2,fold,1,win,1,reverser,1.2160796598071675,9
345,2,fold,1,win,1,reverser,1.147616723088136,7
346,2,fold,0,win,1,completer,0.7357714589130576,52
346,2,fold,0,win,2,completer,0.6439821481971775,27
346,2,fold,0,win,3,reverser,1.2646527254188933,27
347,2,fold,0,win,1,reverser,1.0641857712754894,45
348,2,fold,0,win,1,reverser,1.076054030189904,20
349,2,fold,0,win,1,reverser,1.395252427370473,66
350,2,fold,0,win,1,completer,0.15507933806970442,7
350,2,fold,0,win,2,reverser,1.0197641321553763,58
351,2,fold,0,win,1,reverser,1.0723664425968245,19
352,2,fold,0,win,1,reverser,1.2310473864534957,48
354,2,fold,1,win,1,completer,0.44379640218175165,10
354,2,fold,1,win,2,reverser,1.4824032600654085,8
355,2,fold,1,win,1,completer,0.46967171007461306,11
355,2,fold,1,win,2,reverser,1.072533905095756,5
356,2,fold,1,win,1,reverser,1.0947884285106286,14
357,2,fold,1,win,1,reverser,1.115164919834747,13
358,2,fold,0,win,1,reverser,1.0116210556776455,17
359,2,fold,0,win,1,reverser,1.1722771075911185,27
360,2,fold,0,win,1,reverser,1.1329736640048202,41
367,2,fold,0,win,1,reverser,1.1757348722168781,27
368,2,fold,1,win,1,reverser,1.1726412559489428,24
369,2,fold,0,win,1,completer,0.6944232749289042,28
369,2,fold,0,win,2,reverser,1.0419520006467502,14
370,2,fold,1,win,1,completer,0.9018308044450126,19
370,2,fold,1,win,2,reverser,1.595546807864268,12
371,2,fold,0,win,1,completer,0.519199830504608,24
371,2,fold,0,win,2,reverser,1.0988438203814126,16
372,2,fold,1,win,1,reverser,1.1575984651185838,56
373,2,fold,0,win,1,completer,0.5805287138234007,24
373,2,fold,0,win,2,reverser,1.0570821356187492,15
374,2,fold,0,win,1,completer,0.36733403040916235,15
374,2,fold,0,win,2,reverser,1.0623063169735973,6
380,2,fold,0,win,1,completer,0.5052257049933798,46
380,2,fold,0,win,2,completer,0.16203784946333855,22
380,2,fold,0,win,3,completer,0.2717250091000678,20
380,2,fold,0,win,4,reverser,1.1035193030118573,7
381,2,fold,0,win,1,completer,0.31962393550870594,38
381,2,fold,0,win,2,completer,0.5510976189624377,38
381,2,fold,0,win,3,reverser,1.1396115319626063,37
384,3,fold,1,win,1,reverser,1.1679791548659346,10
385,3,fold,1,win,1,completer,0.40467663223686823,8
385,3,fold,1,win,2,reverser,1.058758287219264,14
386,3,fold,0,win,1,completer,0.7204156104701452,48
386,3,fold,0,win,2,completer,0.5156931887897733,17
386,3,fold,0,win,3,reverser,1.1799612996429434,16
387,3,fold,0,win,1,completer,0.6815671041626653,25
387,3,fold,0,win,2,reverser,1.0650144394257663,12
389,3,fold,0,win,1,reverser,1.0111570503802594,11
390,3,fold,1,win,1,completer,0.5975535190203625,22
390,3,fold,1,win,2,reverser,1.0688761274877814,12
391,3,fold,1,win,1,reverser,1.3674003507241852,33
392,3,fold,1,win,1,reverser,1.043819736516442,33
393,3,fold,0,win,1,reverser,1.1446484905817105,19
394,3,fold,0,win,1,reverser,1.0320800687462286,9
395,3,fold,1,win,1,reverser,1.0182399681512464,17
396,3,fold,1,win,1,reverser,1.0079321752855483,32
398,3,fold,1,win,1,reverser,1.3839572343417552,13
402,3,fold,0,win,1,reverser,1.0645792884565373,21
404,3,fold,1,win,1,reverser,1.4550820833422957,7
405,3,fold,1,win,1,reverser,1.1842528200376692,52
406,3,fold,0,win,1,completer,0.8449901255980541,38
406,3,fold,0,win,2,reverser,1.0627487110475309,12
407,3,fold,1,win,1,completer,0.6364197305935877,35
407,3,fold,1,win,2,reverser,1.0128294999945502,23
408,3,fold,1,win,1,reverser,1.1522384209169922,21
409,3,fold,0,win,1,completer,0.8672179712750354,62
409,3,fold,0,win,2,reverser,1.0372375599252948,11
410,3,fold,0,win,1,completer,0.5512735842573621,35
410,3,fold,0,win,2,reverser,1.009815533111793,13
411,3,fold,1,win,1,reverser,1.6099522971453486,47
415,3,fold,0,win,1,reverser,1.0726125583752062,34
416,3,fold,0,win,1,reverser,1.0851182620309592,8
418,3,fold,0,win,1,reverser,1.0328521464622882,38
421,3,fold,0,win,1,completer,0.5574255974167015,8
421,3,fold,0,win,2,reverser,1.0849610169851078,4
423,3,fold,0,win,1,reverser,1.132123076301175,33
424,3,fold,0,win,1,reverser,1.0209557702363758,9
425,3,fold,0,win,1,reverser,1.0590524944566093,34
428,3,fold,1,win,1,reverser,1.0650718315938432,19
431,3,fold,0,win,1,completer,0.5489672848914513,18
431,3,fold,0,win,2,completer,0.8581396997921502,48
431,3,fold,0,win,3,completer,0.298463129444813,5
431,3,fold,0,win,4,completer,0.3892592452665298,20
431,3,fold,0,win,5,completer,0.8395148555210046,25
432,3,fold,1,win,1,reverser,1.0935162769446434,11
434,3,fold,0,win,1,reverser,1.0453516254692505,20
435,3,fold,0,win,1,completer,0.5056835409318599,20
435,3,fold,0,win,2,completer,0.79047902115133,46
435,3,fold,0,win,3,completer,0.274930576537181,11
435,3,fold,0,win,4,completer,0.3585678034088384,16
435,3,fold,0,win,5,completer,0.7733226669212243,30
438,3,fold,0,win,1,completer,0.7770393075161689,17
438,3,fold,0,win,2,completer,0.39448020632620917,26
438,3,fold,0,win,3,completer,0.5093563103662504,12
438,3,fold,0,win,4,reverser,1.0848205673970446,9
439,3,fold,1,win,1,reverser,1.4229433922984873,13
442,3,fold,0,win,1,completer,0.7715355442741194,17
442,3,fold,0,win,2,completer,0.3916861061586969,26
442,3,fold,0,win,3,completer,0.5057485436664413,17
442,3,fold,0,win,4,reverser,1.0771367919363874,4
446,3,fold,0,win,1,completer,0.8546017070576271,17
446,3,fold,0,win,2,completer,0.43385637568895863,26
446,3,fold,0,win,3,completer,0.290826801285998,5
446,3,fold,0,win,4,reverser,1.1931050331446031,16
448,3,fold,1,win,1,completer,4.164676963089193,1
448,3,fold,1,win,2,completer,4.164676963089193,1
448,3,fold,1,win,3,completer,4.164676963089193,1
448,3,fold,1,win,4,completer,4.164676963089193,1
448,3,fold,1,win,5,reverser,5.498741862969944,2
449,3,fold,0,win,1,reverser,1.215120853010345,27
453,3,fold,0,win,1,completer,0.5845260377089881,27
453,3,fold,0,win,2,reverser,1.190739437241106,17
455,3,fold,1,win,1,completer,0.5043711650057813,9
455,3,fold,1,win,2,reverser,1.1806140327364636,12
457,3,fold,0,win,1,reverser,1.1962106732922262,7
458,3,fold,0,win,1,completer,0.3919863842871387,20
458,3,fold,0,win,2,completer,0.8738851384107762,57
458,3,fold,0,win,3,reverser,1.3849659774813428,18
459,3,fold,1,win,1,reverser,1.0466426458269846,3
460,3,fold,0,win,1,completer,0.4293765421324913,31
460,3,fold,0,win,2,reverser,1.1772243110125185,12
461,3,fold,0,win,1,completer,0.3684199146345697,27
461,3,fold,0,win,2,completer,0.8213466104931773,56
461,3,fold,0,win,3,reverser,1.3017009458718625,12
462,3,fold,0,win,1,reverser,1.4571103673758992,17
463,3,fold,0,win,1,completer,0.5402079932093478,1
463,3,fold,0,win,2,reverser,2.393862871869791,2
464,3,fold,0,win,1,reverser,1.4939258710375019,16
466,3,fold,1,win,1,reverser,1.1046170320133246,3
468,3,fold,1,win,1,reverser,1.2371925016341365,11
469,3,fold,0,win,1,reverser,1.0467805551209535,35
471,3,fold,0,win,1,reverser,1.1505909740408742,47
473,3,fold,0,win,1,reverser,1.0950548282214458,48
474,3,fold,0,win,1,reverser,1.1996669402020044,2
475,3,fold,1,win,1,completer,0.4737681257748977,26
475,3,fold,1,win,2,reverser,1.3717373957959154,11
476,3,fold,1,win,1,completer,0.7946148042981285,33
476,3,fold,1,win,2,reverser,1.061322149503156,94
477,3,fold,0,win,1,completer,0.6813374748460405,45
477,3,fold,0,win,2,completer,0.30801522468002407,31
477,3,fold,0,win,3,reverser,1.4396787558620696,9
478,3,fold,0,win,1,reverser,1.0697070105786284,53
479,3,fold,0,win,1,reverser,1.0945057438911696,110
483,3,fold,0,win,1,completer,1.1432019984739519,11
483,3,fold,0,win,2,completer,1.1432019984739519,1
483,3,fold,0,win,3,completer,1.1432019984739519,1
483,3,fold,0,win,4,reverser,1.1432019984739519,1
485,3,fold,0,win,1,completer,1.2733525166790693,1
485,3,fold,0,win,2,completer,1.2733525166790693,1
485,3,fold,0,win,3,completer,1.2733525166790693,4
485,3,fold,0,win,4,completer,0.4070553127090015,2
485,3,fold,0,win,5,reverser,1.889154143597732,2
488,3,fold,0,win,1,reverser,1.0235414063042887,14
489,3,fold,1,win,1,reverser,1.1490144849209165,5
490,3,fold,1,win,1,completer,1.852852252435885,1
490,3,fold,1,win,2,completer,1.852852252435885,1
490,3,fold,1,win,3,completer,1.852852252435885,1
490,3,fold,1,win,4,completer,1.852852252435885,1
490,3,fold,1,win,5,completer,1.852852252435885,4
491,3,fold,1,win,1,reverser,1.1537753571839988,3
492,3,fold,1,win,1,completer,2.0204257973841067,1
492,3,fold,1,win,2,completer,2.0204257973841067,1
492,3,fold,1,win,3,completer,2.0204257973841067,1
492,3,fold,1,win,4,completer,2.0204257973841067,1
492,3,fold,1,win,5,completer,2.0204257973841067,4
493,3,fold,0,win,1,reverser,1.0443174030511395,13
495,3,fold,0,win,1,reverser,1.81842164331101,7
496,3,fold,0,win,1,reverser,1.0325966984952144,17
497,3,fold,0,win,1,reverser,1.1504242073377757,7
498,3,fold,0,win,1,reverser,1.0008014005370665,6
501,3,fold,0,win,1,reverser,1.1190509217976874,35
502,3,fold,0,win,1,reverser,1.1003139260088173,11
505,3,fold,0,win,1,completer,0.8699179329736171,35
505,3,fold,0,win,2,completer,0.9994202789826254,56
505,3,fold,0,win,3,reverser,1.378543089038017,10
506,3,fold,1,win,1,reverser,1.2501254646039093,30
507,3,fold,1,win,1,completer,0.22071626049551196,4
507,3,fold,1,win,2,completer,0.4040671698047622,12
507,3,fold,1,win,3,reverser,1.0974985708891185,14
508,3,fold,1,win,1,reverser,1.2534635827932075,7
509,3,fold,0,win,1,completer,0.49591124248693985,6
509,3,fold,0,win,2,reverser,1.2310119983956396,6
510,3,fold,0,win,1,reverser,1.1228050283254656,20
512,3,fold,1,win,1,reverser,1.0640562708266583,14
515,3,fold,0,win,1,reverser,1.0762042794676514,21
516,3,fold,0,win,1,completer,0.8828226235542209,51
516,3,fold,0,win,2,reverser,1.286876185114118,26
517,3,fold,0,win,1,reverser,1.0045087983163568,24
519,3,fold,0,win,1,completer,0.752081019183537,33
519,3,fold,0,win,2,reverser,1.3635374710682486,57
520,3,fold,1,win,1,reverser,1.1414892497613252,20
521,3,fold,0,win,1,reverser,1.2902780620926304,13
523,3,fold,0,win,1,reverser,1.1967163075636866,57
524,3,fold,0,win,1,reverser,1.0748361049992874,19
525,3,fold,0,win,1,completer,0.07090885541840697,1
525,3,fold,0,win,2,completer,0.65069302619243,7
525,3,fold,0,win,3,reverser,1.8019191494559956,2
526,3,fold,0,win,1,reverser,1.1138495762159433,19
527,3,fold,1,win,1,completer,0.7280708614877549,29
527,3,fold,1,win,2,reverser,1.2447663115758305,7
528,3,fold,0,win,1,completer,0.6211417575854745,24
528,3,fold,0,win,2,completer,0.2998341134567526,7
528,3,fold,0,win,3,reverser,1.095945380221257,24
529,3,fold,0,win,1,completer,0.33385942473638375,2
529,3,fold,0,win,2,reverser,1.4568411261226937,7
530,3,fold,0,win,1,completer,0.5997775620193976,24
530,3,fold,0,win,2,completer,0.40877696935250674,14
530,3,fold,0,win,3,reverser,1.0085545313719164,16
531,3,fold,1,win,1,reverser,1.0427002127966556,37
532,3,fold,0,win,1,completer,0.19584677256289773,6
532,3,fold,0,win,2,completer,0.5824533885312264,22
532,3,fold,0,win,3,completer,0.22255315063963987,9
532,3,fold,0,win,4,reverser,1.0313748866786332,17
533,3,fold,0,win,1,completer,0.4111589118870289,17
533,3,fold,0,win,2,completer,0.3695354171034073,16
533,3,fold,0,win,3,reverser,1.0182528114140466,16
534,3,fold,0,win,1,completer,0.5976646074975918,21
534,3,fold,0,win,2,completer,0.4562528923307576,9
534,3,fold,0,win,3,reverser,1.0050014977266186,26
535,3,fold,0,win,1,completer,0.5490753662822772,24
535,3,fold,0,win,2,completer,0.26504662367275067,7
535,3,fold,0,win,3,reverser,1.1262723902486802,26
536,3,fold,0,win,1,completer,0.42913157145549574,22
536,3,fold,0,win,2,completer,0.3268001967238008,9
536,3,fold,0,win,3,reverser,1.0061484844587234,24
537,3,fold,0,win,1,completer,0.5733529845381864,30
537,3,fold,0,win,2,reverser,1.0217444211642255,27
538,3,fold,0,win,1,completer,0.3788041738818657,18
538,3,fold,0,win,2,reverser,1.0458807065040328,24
540,3,fold,0,win,1,completer,0.8223206969089554,71
540,3,fold,0,win,2,reverser,1.0164391057878093,32
541,3,fold,0,win,1,completer,0.6550129333076733,28
541,3,fold,0,win,2,reverser,1.1672666375611351,29
543,3,fold,0,win,1,reverser,1.0862233819708775,20
544,3,fold,0,win,1,reverser,1.1346213505073235,19
545,3,fold,0,win,1,reverser,1.496755526902278,26
546,3,fold,1,win,1,reverser,1.073150306472988,19
548,3,fold,1,win,1,reverser,1.1529238045745769,26
549,3,fold,0,win,1,completer,0.23640001947302824,11
549,3,fold,0,win,2,completer,0.3090085968826104,3
549,3,fold,0,win,3,reverser,1.1600486669855645,13
550,3,fold,1,win,1,reverser,1.4856187529258225,5
551,3,fold,0,win,1,completer,0.31165613539499293,13
551,3,fold,0,win,2,completer,0.755069336160247,21
551,3,fold,0,win,3,reverser,1.1866581849050735,27
552,3,fold,1,win,1,completer,0.16378628747216673,6
552,3,fold,1,win,2,reverser,1.0001028614922143,33
553,3,fold,1,win,1,reverser,1.0040021821831586,23
554,3,fold,0,win,1,completer,0.5517485009143933,16
554,3,fold,0,win,2,completer,0.7015610077851955,30
554,3,fold,0,win,3,reverser,1.032244711975583,18
555,3,fold,0,win,1,completer,0.2861513296225041,6
555,3,fold,0,win,2,completer,0.39841069739750123,5
555,3,fold,0,win,3,completer,0.5568945107269663,4
555,3,fold,0,win,4,completer,0.5568945107269663,3
555,3,fold,0,win,5,completer,0.0990523833308421,2
556,3,fold,1,win,1,completer,0.8133190708948113,12
556,3,fold,1,win,2,completer,0.6028457552048201,11
556,3,fold,1,win,3,reverser,1.1966314007938315,12
557,3,fold,0,win,1,reverser,1.0091096568411735,8
558,3,fold,1,win,1,reverser,1.02330605749571,12
559,3,fold,0,win,1,reverser,1.0496583644116384,7
560,3,fold,0,win,1,completer,0.4106624347830947,3
560,3,fold,0,win,2,reverser,1.1947483933865715,11
561,3,fold,0,win,1,completer,0.9156763439855031,50
561,3,fold,0,win,2,reverser,1.0061288109827058,36
562,3,fold,1,win,1,reverser,1.2466699627552211,14
563,4,fold,0,win,1,completer,0.19939350329699823,8
563,4,fold,0,win,2,completer,0.7095301286152895,24
563,4,fold,0,win,3,completer,0.6188967180257539,26
563,4,fold,0,win,4,completer,0.3133326480381404,7
563,4,fold,0,win,5,completer,0.6331391111183899,30
564,4,fold,0,win,1,completer,0.14753002252335268,7
564,4,fold,0,win,2,completer,0.8249637994163042,24
564,4,fold,0,win,3,completer,0.40344944934958704,9
564,4,fold,0,win,4,completer,0.7195852118996329,24
564,4,fold,0,win,5,completer,0.2017247246747944,6
568,4,fold,0,win,1,completer,0.6364644874894179,20
568,4,fold,0,win,2,completer,0.22847443140644996,7
568,4,fold,0,win,3,completer,0.29864872105272466,6
568,4,fold,0,win,4,reverser,1.121156674115995,14
570,4,fold,1,win,1,completer,0.6104484128361836,43
570,4,fold,1,win,2,reverser,1.1057360373338432,43
571,4,fold,0,win,1,completer,0.2783048500464449,16
571,4,fold,0,win,2,reverser,1.1606822428293555,29
572,4,fold,0,win,1,reverser,1.0809678978811452,11
574,4,fold,1,win,1,reverser,1.1262416741223313,22
575,4,fold,0,win,1,reverser,1.0623815660287068,11
576,4,fold,0,win,1,reverser,1.0506138335324606,26
577,4,fold,0,win,1,reverser,1.092141831670178,19
579,4,fold,0,win,1,completer,0.6592810716002091,31
579,4,fold,0,win,2,completer,0.7103728983113995,38
579,4,fold,0,win,3,completer,0.6415954392771077,31
579,4,fold,0,win,4,reverser,1.014958788320448,25
580,4,fold,0,win,1,completer,0.4330250086002678,31
580,4,fold,0,win,2,reverser,1.0106968488260109,9
582,4,fold,0,win,1,completer,0.7656707550397323,20
582,4,fold,0,win,2,reverser,1.1135237492855734,17
583,4,fold,1,win,1,reverser,1.0746802407436773,12
591,4,fold,1,win,1,completer,0.9316934621523715,25
591,4,fold,1,win,2,reverser,1.1581879449898391,7
592,4,fold,0,win,1,completer,0.673226854528062,12
592,4,fold,0,win,2,reverser,1.0441249827171335,24
593,4,fold,0,win,1,reverser,1.0114299318536057,34
594,4,fold,0,win,1,completer,0.9431430314246907,119
594,4,fold,0,win,2,completer,0.36985058193044296,9
594,4,fold,0,win,3,completer,0.2640415727955836,16
594,4,fold,0,win,4,reverser,1.6626442935416508,16
595,4,fold,0,win,1,reverser,1.1198837167007016,65
596,4,fold,1,win,1,completer,0.5710161410933108,30
596,4,fold,1,win,2,reverser,1.1469295046659806,31
597,4,fold,0,win,1,completer,0.2881980738361569,17
597,4,fold,0,win,2,reverser,1.063742328709852,13
598,4,fold,0,win,1,reverser,1.1684683579986648,47
599,4,fold,0,win,1,completer,0.560269173598256,39
599,4,fold,0,win,2,reverser,1.453994005914806,17
600,4,fold,0,win,1,completer,0.5015807970622714,25
600,4,fold,0,win,2,reverser,1.0245252206660804,72
601,4,fold,0,win,1,reverser,1.001997253574618,35
603,4,fold,0,win,1,completer,0.9806001652132654,87
603,4,fold,0,win,2,reverser,1.0399780705730388,23
606,4,fold,0,win,1,completer,0.5595879894201501,8
606,4,fold,0,win,2,completer,0.2400701559549432,9
606,4,fold,0,win,3,reverser,1.0506667496829114,25
607,4,fold,0,win,1,completer,0.548984540946779,5
607,4,fold,0,win,2,completer,0.4881497928883358,17
607,4,fold,0,win,3,reverser,1.1622380496004636,19
608,4,fold,0,win,1,completer,0.17729916753909247,6
608,4,fold,0,win,2,reverser,1.222355236367066,31
609,4,fold,0,win,1,completer,0.5865845364871485,7
609,4,fold,0,win,2,completer,0.4662595033615897,18
609,4,fold,0,win,3,reverser,1.4257263039618548,16
610,4,fold,0,win,1,reverser,1.4620452995508728,39
611,4,fold,0,win,1,completer,0.49626174183751326,7
611,4,fold,0,win,2,completer,0.23296053657586935,4
611,4,fold,0,win,3,reverser,1.0221666657243538,31
612,4,fold,0,win,1,completer,0.29786087240770764,7
612,4,fold,0,win,2,reverser,1.2156352356132052,12
613,4,fold,0,win,1,completer,0.21641568171667158,6
613,4,fold,0,win,2,completer,0.684341480022991,7
613,4,fold,0,win,3,completer,0.5439637405311073,18
613,4,fold,0,win,4,reverser,1.1500738761497806,14
614,4,fold,1,win,1,completer,0.30154856008219877,3
614,4,fold,1,win,2,completer,0.6335815374404477,8
614,4,fold,1,win,3,completer,0.21009530825397915,5
614,4,fold,1,win,4,completer,0.19114553535264278,6
614,4,fold,1,win,5,completer,0.45232284012326396,12
615,4,fold,0,win,1,completer,0.09366721678540191,3
615,4,fold,0,win,2,completer,0.4011400371025946,6
615,4,fold,0,win,3,reverser,1.1036441629929064,7
616,4,fold,1,win,1,completer,0.3422857867847643,6
616,4,fold,1,win,2,reverser,1.0937894820274965,40
617,4,fold,0,win,1,completer,0.3246869733893083,7
617,4,fold,0,win,2,completer,0.37220214022678055,4
617,4,fold,0,win,3,reverser,1.044541750976828,4
618,4,fold,1,win,1,completer,0.32406622047406275,4
618,4,fold,1,win,2,completer,0.6896191793179915,9
618,4,fold,1,win,3,completer,0.1518571178066881,6
618,4,fold,1,win,4,completer,0.5518518971840893,10
618,4,fold,1,win,5,reverser,1.1420594581440993,15
619,4,fold,1,win,1,completer,0.5847308362874769,5
619,4,fold,1,win,2,completer,0.2320111629237116,9
619,4,fold,1,win,3,reverser,1.2379154165907358,27
620,4,fold,0,win,1,completer,0.5054085648303013,7
620,4,fold,0,win,2,completer,0.19562901352171025,8
620,4,fold,0,win,3,reverser,1.3681930182796322,26
621,4,fold,1,win,1,reverser,1.1745315107153007,20
622,4,fold,1,win,1,completer,0.38865780851918696,1
622,4,fold,1,win,2,reverser,1.2086049950477613,9
623,4,fold,0,win,1,reverser,1.2729982840722205,8
624,4,fold,1,win,1,completer,0.4544270438105502,13
624,4,fold,1,win,2,completer,0.35741452883974745,6
624,4,fold,1,win,3,reverser,1.0071430830520267,7
625,4,fold,0,win,1,completer,0.40696854903653357,20
625,4,fold,0,win,2,reverser,1.0015302197241922,50
626,4,fold,0,win,1,completer,0.3165191011215964,7
626,4,fold,0,win,2,completer,0.45435806451325744,7
626,4,fold,0,win,3,reverser,1.051660239210475,14
627,4,fold,1,win,1,reverser,1.1265290457659147,35
629,4,fold,1,win,1,completer,0.3512698138785053,12
629,4,fold,1,win,2,reverser,1.107054550265509,20
630,4,fold,0,win,1,completer,0.38052482022992584,12
630,4,fold,0,win,2,reverser,1.050218303452104,41
631,4,fold,0,win,1,reverser,1.3032292957587919,13
633,4,fold,0,win,1,completer,0.8647055085955943,32
633,4,fold,0,win,2,completer,0.7532657482823804,38
633,4,fold,0,win,3,reverser,1.328898194411431,8
634,4,fold,1,win,1,reverser,1.15146035241687,17
636,4,fold,1,win,1,reverser,1.0077401614816017,16
638,4,fold,0,win,1,completer,0.6619910650490373,49
638,4,fold,0,win,2,reverser,1.0173622375656606,17
640,4,fold,0,win,1,completer,0.8860953805795324,19
640,4,fold,0,win,2,completer,0.5726466745241838,9
640,4,fold,0,win,3,reverser,1.0376529966941819,6
641,4,fold,0,win,1,completer,0.7818026684099888,20
641,4,fold,0,win,2,reverser,1.0284115638145013,39
652,4,fold,1,win,1,reverser,1.0087287861467926,13
659,4,fold,0,win,1,reverser,1.120147403233081,42
661,4,fold,0,win,1,reverser,1.1784876943447633,20
662,4,fold,1,win,1,completer,0.28804532892161294,9
662,4,fold,1,win,2,reverser,1.0052864043560914,23
665,4,fold,1,win,1,reverser,1.0363975455753012,24
666,4,fold,0,win,1,reverser,1.3044987384523345,3
669,4,fold,0,win,1,reverser,1.0402055243511334,18
670,4,fold,0,win,1,completer,0.687710047559449,40
670,4,fold,0,win,2,reverser,1.011355167899006,30
671,4,fold,0,win,1,completer,0.5760670057857473,20
671,4,fold,0,win,2,reverser,1.0262941316668523,12
672,4,fold,0,win,1,completer,0.5270288447261516,10
672,4,fold,0,win,2,reverser,1.049068604003096,13
673,4,fold,1,win,1,reverser,1.2162757394499968,46
674,4,fold,0,win,1,reverser,1.1096564252653862,13
676,4,fold,0,win,1,reverser,1.2886830441060653,39
677,4,fold,0,win,1,reverser,1.292624474750487,20
680,4,fold,1,win,1,reverser,1.0308433068178946,54
684,4,fold,1,win,1,completer,0.5231257055976927,13
684,4,fold,1,win,2,reverser,1.1617361719199057,12
687,4,fold,1,win,1,completer,0.1983289200830498,4
687,4,fold,1,win,2,reverser,1.032885018579969,9
688,4,fold,0,win,1,completer,0.672628835104707,18
688,4,fold,0,win,2,completer,0.38535122940193434,1
688,4,fold,0,win,3,reverser,1.1629969536003624,9
689,4,fold,0,win,1,reverser,1.0237500012255158,9
691,4,fold,0,win,1,reverser,1.1160636913426174,54
692,4,fold,0,win,1,completer,0.49672038793348927,13
692,4,fold,0,win,2,reverser,1.2504535185267294,13
693,4,fold,0,win,1,reverser,1.0013888021418267,22
694,4,fold,0,win,1,reverser,1.0797067280403936,20
695,4,fold,0,win,1,reverser,1.0918393166039737,22
696,4,fold,0,win,1,reverser,1.1341963477443018,20
697,4,fold,1,win,1,reverser,1.080288780006526,30
698,4,fold,0,win,1,completer,0.7932892206217552,55
698,4,fold,0,win,2,reverser,1.0295716544983513,59
699,4,fold,0,win,1,completer,0.7097795075668791,23
699,4,fold,0,win,2,completer,0.8535135623351231,30
699,4,fold,0,win,3,reverser,1.0276244018739682,26
700,4,fold,0,win,1,completer,0.3919458302096477,31
700,4,fold,0,win,2,reverser,1.0062878899202725,27
701,4,fold,0,win,1,completer,0.26448906837563735,11
701,4,fold,0,win,2,completer,0.3432896462692687,15
701,4,fold,0,win,3,reverser,1.2108762068406733,64
702,4,fold,1,win,1,reverser,1.1773765488530517,63
703,4,fold,1,win,1,completer,0.8538358672627901,39
703,4,fold,1,win,2,reverser,1.1616223334092555,23
704,4,fold,0,win,1,completer,0.3540606444397114,19
704,4,fold,0,win,2,completer,0.3540606444397114,21
704,4,fold,0,win,3,completer,0.447702166231692,14
704,4,fold,0,win,4,reverser,1.0040831789227278,13
705,4,fold,1,win,1,completer,0.3467060075466296,24
705,4,fold,1,win,2,completer,0.2218297945376646,10
705,4,fold,1,win,3,reverser,1.0439961659010222,56
706,4,fold,0,win,1,completer,0.3386390867714104,35
706,4,fold,0,win,2,completer,0.4326154840572731,19
706,4,fold,0,win,3,reverser,1.1107037989560298,26
707,4,fold,0,win,1,completer,0.3087344600960822,13
707,4,fold,0,win,2,completer,0.3474029908834655,26
707,4,fold,0,win,3,reverser,1.0244091727641353,13
708,4,fold,0,win,1,completer,0.7492107034256423,34
708,4,fold,0,win,2,completer,0.737965514631274,47
708,4,fold,0,win,3,reverser,1.1277987261698192,22
709,4,fold,1,win,1,completer,0.8982875634309042,29
709,4,fold,1,win,2,reverser,1.096362577417631,20
713,4,fold,0,win,1,reverser,1.2653988650250125,38
715,4,fold,0,win,1,reverser,1.042387895323928,13
716,4,fold,0,win,1,reverser,1.14413071240278,46
717,4,fold,0,win,1,completer,0.5759322730171986,37
717,4,fold,0,win,2,reverser,1.1690124268531825,44
718,4,fold,0,win,1,reverser,1.0140691013560577,38
719,4,fold,0,win,1,completer,0.36705647723502777,36
719,4,fold,0,win,2,reverser,1.0950313635239013,6
722,4,fold,1,win,1,completer,0.3245473100856229,20
722,4,fold,1,win,2,reverser,1.237651918253959,25
723,4,fold,1,win,1,reverser,1.2088144770877292,43
724,4,fold,0,win,1,completer,0.3098328852193374,8
724,4,fold,0,win,2,reverser,1.018136414058423,13
725,4,fold,0,win,1,reverser,1.2910549507321054,31
726,4,fold,0,win,1,reverser,1.001641978076596,18
727,4,fold,0,win,1,completer,0.18351984464622517,7
727,4,fold,0,win,2,completer,0.17711798960043224,7
727,4,fold,0,win,3,reverser,1.3287405806168435,31
728,4,fold,1,win,1,completer,0.3138150562663373,20
728,4,fold,1,win,2,reverser,1.0027560795349355,41
729,4,fold,0,win,1,completer,0.46100463077135234,26
729,4,fold,0,win,2,reverser,1.0622146749062307,20
730,4,fold,1,win,1,reverser,1.0509125142037712,47
731,4,fold,0,win,1,completer,0.24571500415366887,2
731,4,fold,0,win,2,completer,0.4223226633890582,11
731,4,fold,0,win,3,reverser,1.1767445120794737,27
732,4,fold,0,win,1,reverser,1.2551078145646581,16
733,4,fold,1,win,1,reverser,1.2056528850569102,13
734,4,fold,0,win,1,reverser,1.004627303628022,9
735,4,fold,0,win,1,reverser,1.1047109886324407,16
736,4,fold,1,win,1,completer,0.5832369399090229,22
736,4,fold,1,win,2,reverser,1.1216860602004521,7
737,4,fold,0,win,1,completer,0.9109951575577109,36
737,4,fold,0,win,2,completer,0.810631284267469,30
737,4,fold,0,win,3,completer,0.08363656107521056,4
737,4,fold,0,win,4,completer,0.25412647403621413,9
737,4,fold,0,win,5,completer,0.8582397882641182,19
739,4,fold,1,win,1,reverser,1.021875688346325,17
740,4,fold,0,win,1,reverser,1.5081952739025497,31
741,4,fold,0,win,1,reverser,1.1284743095750505,16
743,4,fold,0,win,1,completer,0.4591235738229227,24
743,4,fold,0,win,2,completer,0.8461213159473286,17
743,4,fold,0,win,3,completer,0.5281472192118639,23
743,4,fold,0,win,4,completer,0.5188406602830202,37
743,4,fold,0,win,5,completer,0.0705747385437343,4
744,4,fold,0,win,1,reverser,1.028976905345471,8
746,4,fold,0,win,1,reverser,1.0095399337678925,39
747,4,fold,1,win,1,completer,0.6690144715360126,25
747,4,fold,1,win,2,reverser,1.0026748535425656,6
748,4,fold,1,win,1,completer,0.14598597317179518,5
748,4,fold,1,win,2,reverser,1.1159266762795677,12
749,4,fold,1,win,1,completer,0.574199572681592,67
749,4,fold,1,win,2,reverser,1.015369457129616,28
750,4,fold,1,win,1,completer,0.5851282193518074,41
750,4,fold,1,win,2,reverser,1.1080402736079664,6
751,4,fold,0,win,1,reverser,1.0730263573083114,5
752,4,fold,0,win,1,completer,0.6380871147085196,32
752,4,fold,0,win,2,reverser,1.4720304448939412,23
753,4,fold,0,win,1,reverser,1.1812914939658614,13
754,4,fold,0,win,1,completer,0.5767432699701415,30
754,4,fold,0,win,2,reverser,1.0279369845726507,10
755,4,fold,0,win,1,reverser,1.1870149882347873,12
756,4,fold,0,win,1,completer,0.20304512226192983,12
756,4,fold,0,win,2,completer,0.3400010478660771,18
756,4,fold,0,win,3,reverser,1.0725559987719109,24
757,4,fold,1,win,1,completer,0.9992904170585801,39
757,4,fold,1,win,2,completer,0.34335808169074644,7
757,4,fold,1,win,3,reverser,1.1011138481806593,5
758,5,fold,0,win,1,completer,0.4211297801407763,17
758,5,fold,0,win,2,completer,0.25320537929132403,4
758,5,fold,0,win,3,reverser,1.0198549999233957,14
760,5,fold,1,win,1,reverser,1.015328817469633,20
761,5,fold,0,win,1,reverser,1.407327449511706,24
767,5,fold,1,win,1,completer,0.5353822205618802,27
767,5,fold,1,win,2,reverser,1.156956006043929,17
769,5,fold,0,win,1,reverser,1.0296587667844481,4
770,5,fold,0,win,1,reverser,1.007180281869962,15
771,5,fold,1,win,1,reverser,1.1410746671626526,21
772,5,fold,0,win,1,reverser,1.0257187640294685,33
773,5,fold,0,win,1,reverser,1.0512766187989593,34
774,5,fold,0,win,1,reverser,1.2613324206696643,22
776,5,fold,0,win,1,reverser,1.0612044041480484,23
779,5,fold,0,win,1,completer,0.8907752629766312,71
779,5,fold,0,win,2,completer,0.36896723359219363,36
779,5,fold,0,win,3,reverser,0.7295759861645044,61
780,5,fold,0,win,1,reverser,0.8396305894923697,29
781,5,fold,0,win,1,completer,0.9613180664762124,109
781,5,fold,0,win,2,completer,0.8713018643973007,65
781,5,fold,0,win,3,reverser,0.5909460594492733,21
783,5,fold,0,win,1,reverser,1.0738542062489465,54
784,5,fold,1,win,1,reverser,1.194530491465705,20
785,5,fold,1,win,1,completer,0.9970685557630782,70
785,5,fold,1,win,2,reverser,1.1998755354473634,22
786,5,fold,0,win,1,reverser,1.0232839859618983,18
787,5,fold,1,win,1,completer,0.4387393403856721,11
787,5,fold,1,win,2,reverser,1.042237336021672,7
788,5,fold,0,win,1,completer,0.3470077838869894,13
788,5,fold,0,win,2,completer,0.931798060353914,37
788,5,fold,0,win,3,reverser,1.0613218571251148,30
790,5,fold,0,win,1,reverser,1.0235695473111068,13
791,5,fold,1,win,1,reverser,1.0190771380627834,8
792,5,fold,0,win,1,completer,0.1853790112270448,8
792,5,fold,0,win,2,reverser,1.2290203912266213,14
793,5,fold,0,win,1,completer,0.2779657696655571,7
793,5,fold,0,win,2,reverser,1.1977622227602782,9
794,5,fold,1,win,1,reverser,1.0000837578124528,19
795,5,fold,0,win,1,reverser,1.1315706235775915,9
796,5,fold,1,win,1,completer,0.26691909223912025,14
796,5,fold,1,win,2,reverser,1.137354043637339,19
797,5,fold,0,win,1,reverser,1.0703956104330226,15
798,5,fold,1,win,1,reverser,1.0537215365432977,22
799,5,fold,1,win,1,reverser,1.0168356752229075,43
802,5,fold,0,win,1,reverser,1.0621071013392596,30
803,5,fold,1,win,1,reverser,1.0137946203729513,26
805,5,fold,1,win,1,reverser,1.1529456945987366,23
807,5,fold,0,win,1,reverser,1.1520672661241458,5
808,5,fold,0,win,1,reverser,1.152518967565287,24
809,5,fold,0,win,1,completer,0.7236083099578114,22
809,5,fold,0,win,2,reverser,1.056362496288773,12
810,5,fold,0,win,1,reverser,1.2166912185455496,63
812,5,fold,0,win,1,reverser,1.007059915832816,30
813,5,fold,0,win,1,reverser,1.000297791475219,11
815,5,fold,0,win,1,completer,0.16910751783663525,5
815,5,fold,0,win,2,completer,0.6591198529853151,26
815,5,fold,0,win,3,reverser,1.0399446569323816,77
816,5,fold,1,win,1,reverser,1.0244190842824694,84
817,5,fold,1,win,1,reverser,1.2641642609120545,27
818,5,fold,0,win,1,reverser,1.088373579638765,23
819,5,fold,0,win,1,reverser,1.00588327589541,10
822,5,fold,1,win,1,reverser,1.1802898376081452,15
824,5,fold,1,win,1,reverser,1.075911090425866,87
825,5,fold,1,win,1,reverser,1.153597200716292,2
826,5,fold,0,win,1,completer,0.2936667196007092,14
826,5,fold,0,win,2,completer,0.37705356590708883,13
826,5,fold,0,win,3,reverser,1.1257224251360927,2
828,5,fold,1,win,1,completer,0.757262221612699,54
828,5,fold,1,win,2,reverser,1.0630796572639774,16
829,5,fold,1,win,1,reverser,1.054383894338391,55
831,5,fold,0,win,1,completer,0.2968857204019322,24
831,5,fold,0,win,2,completer,1.3131483787008706,91
831,5,fold,0,win,3,reverser,1.3131483787008706,1
832,5,fold,0,win,1,reverser,1.050693855312495,51
833,5,fold,0,win,1,reverser,1.193302883254717,27
834,5,fold,0,win,1,completer,0.19131404661731555,9
834,5,fold,0,win,2,reverser,1.020341581958951,27
835,5,fold,0,win,1,reverser,1.0431943683080651,55
836,5,fold,1,win,1,completer,0.32539581894675496,6
836,5,fold,1,win,2,completer,0.6548590856304319,22
836,5,fold,1,win,3,reverser,1.0100828546473237,13
837,5,fold,0,win,1,completer,0.6609138110223243,120
837,5,fold,0,win,2,completer,0.4591742020398555,46
837,5,fold,0,win,3,completer,0.24382026361685716,13
837,5,fold,0,win,4,reverser,1.0322137048551103,14
838,5,fold,1,win,1,completer,0.5185885751108206,14
838,5,fold,1,win,2,reverser,1.059904139569093,14
839,5,fold,0,win,1,completer,0.35136712450005414,5
839,5,fold,0,win,2,reverser,1.0125109791716131,55
840,5,fold,0,win,1,reverser,1.025958806826488,38
842,5,fold,1,win,1,reverser,1.0003081109389123,26
843,5,fold,0,win,1,completer,0.46879113618092905,7
843,5,fold,0,win,2,reverser,1.011549317302958,25
846,5,fold,0,win,1,completer,0.6176237514685515,52
846,5,fold,0,win,2,reverser,1.0500732886028317,89
847,5,fold,0,win,1,reverser,1.1642521434103839,17
848,5,fold,1,win,1,reverser,1.0160212034139056,20
850,5,fold,1,win,1,reverser,1.0787171145391685,27
851,5,fold,1,win,1,completer,0.5569537109265117,44
851,5,fold,1,win,2,completer,0.29574091927904567,14
851,5,fold,1,win,3,reverser,1.07037195657845,14
853,5,fold,1,win,1,reverser,1.0192305138620672,18
854,5,fold,0,win,1,reverser,1.0131874054094707,8
855,5,fold,1,win,1,completer,0.28243300426628903,19
855,5,fold,1,win,2,reverser,1.1120799542984476,19
856,5,fold,0,win,1,completer,0.30046683179425804,5
856,5,fold,0,win,2,reverser,1.1758064285010172,35
857,5,fold,0,win,1,reverser,1.0828536656360013,19
858,5,fold,0,win,1,reverser,1.3430295883719316,10
859,5,fold,1,win,1,reverser,1.069458555987473,8
860,5,fold,1,win,1,reverser,1.0820949375499973,15
861,5,fold,1,win,1,completer,0.4991654904468491,25
861,5,fold,1,win,2,reverser,1.1982655456157052,11
862,5,fold,1,win,1,reverser,1.0330970949918996,2
863,5,fold,1,win,1,reverser,1.1986778068866841,16
869,5,fold,1,win,1,completer,0.2962390504758372,8
869,5,fold,1,win,2,reverser,1.1678654874530838,12
871,5,fold,0,win,1,reverser,1.629854895230531,12
874,5,fold,1,win,1,reverser,1.0433397250058802,33
875,5,fold,0,win,1,completer,0.3843862473526639,15
875,5,fold,0,win,2,completer,0.2856924811404,7
875,5,fold,0,win,3,completer,0.6995137113984446,25
875,5,fold,0,win,4,reverser,1.0267614625229897,7
876,5,fold,1,win,1,completer,0.5523060702501337,18
876,5,fold,1,win,2,reverser,1.012175978115365,21
877,5,fold,1,win,1,reverser,1.0137018859577789,7
878,5,fold,0,win,1,reverser,1.4149196030483644,3
879,5,fold,0,win,1,reverser,1.0175825387589228,8
880,5,fold,1,win,1,reverser,1.157627995496415,14
881,5,fold,1,win,1,completer,0.6742104514814609,27
881,5,fold,1,win,2,completer,0.92595426812904,31
881,5,fold,1,win,3,completer,0.12008469414798562,2
881,5,fold,1,win,4,reverser,1.1024643004911554,14
882,5,fold,0,win,1,completer,0.8239529947945482,18
882,5,fold,0,win,2,completer,0.9496968253254381,39
882,5,fold,0,win,3,completer,0.15387073999172918,2
882,5,fold,0,win,4,reverser,1.1201128061765115,14
883,5,fold,0,win,1,reverser,1.2520674097384696,8
885,5,fold,0,win,1,completer,0.6816880635293974,19
885,5,fold,0,win,2,completer,0.9455673139278769,42
885,5,fold,0,win,3,completer,0.635875693668555,16
885,5,fold,0,win,4,completer,0.036649895888674955,1
885,5,fold,0,win,5,completer,0.5314234903858104,17
887,5,fold,0,win,1,reverser,1.4374253066416296,28
888,5,fold,0,win,1,reverser,1.050747451200948,5
890,5,fold,0,win,1,reverser,1.014267219586928,11
891,5,fold,0,win,1,reverser,1.0115076551921034,10
892,5,fold,1,win,1,completer,0.9827314170317114,13
892,5,fold,1,win,2,reverser,1.0913750912764213,7
893,5,fold,1,win,1,reverser,1.3743649045304447,14
894,5,fold,1,win,1,completer,0.9903157186831536,9
894,5,fold,1,win,2,reverser,1.1238306409886443,3
895,5,fold,1,win,1,completer,0.45412912614255063,34
895,5,fold,1,win,2,completer,0.21410002847502652,9
895,5,fold,1,win,3,reverser,1.043089412086001,4
896,5,fold,1,win,1,completer,0.5633137942425701,11
896,5,fold,1,win,2,reverser,1.0434902423003967,10
897,5,fold,1,win,1,completer,0.5345841076168185,30
897,5,fold,1,win,2,completer,0.20316248235725753,4
897,5,fold,1,win,3,reverser,1.1974273581359123,6
898,5,fold,0,win,1,completer,0.8157349462087693,27
898,5,fold,0,win,2,completer,0.47984408600516426,5
898,5,fold,0,win,3,completer,0.47984408600516426,5
898,5,fold,0,win,4,completer,0.1773600925487404,2
898,5,fold,0,win,5,reverser,1.8446664420223415,3
899,5,fold,1,win,1,reverser,1.2032700502912914,3
900,5,fold,1,win,1,completer,0.8471380489948351,52
900,5,fold,1,win,2,reverser,1.0331690797826785,39
902,5,fold,1,win,1,reverser,1.0933728017970943,54
903,5,fold,1,win,1,completer,0.4964426363303962,4
903,5,fold,1,win,2,reverser,1.0564299301111486,10
905,5,fold,0,win,1,completer,0.6069918693716141,2
905,5,fold,0,win,2,completer,0.6069918693716141,7
905,5,fold,0,win,3,reverser,1.1197475581102,4
906,5,fold,0,win,1,reverser,1.0403821860816427,12
907,5,fold,0,win,1,reverser,1.2041212496876144,45
909,5,fold,0,win,1,completer,0.39536936928546984,2
909,5,fold,0,win,2,completer,0.6628574504517335,7
909,5,fold,0,win,3,completer,0.5272812997236085,11
909,5,fold,0,win,4,reverser,1.1648556301747304,9
911,5,fold,0,win,1,reverser,1.0382707237716664,30
913,5,fold,0,win,1,reverser,1.222147505069553,7
914,5,fold,1,win,1,reverser,1.3897967767066683,8
915,5,fold,0,win,1,reverser,2.91476444620662,2
916,5,fold,0,win,1,reverser,1.2186036607367834,20
917,5,fold,0,win,1,completer,0.8552899953697779,12
917,5,fold,0,win,2,reverser,1.3052135049100935,11
918,5,fold,0,win,1,completer,0.7086896929018393,12
918,5,fold,0,win,2,reverser,1.1802693469713876,19
919,5,fold,1,win,1,reverser,1.0104217770888297,21
922,5,fold,0,win,1,reverser,1.0860414050088578,5
925,5,fold,1,win,1,reverser,1.0314459345281672,38
926,5,fold,1,win,1,completer,0.24277374659210627,8
926,5,fold,1,win,2,completer,0.7283212397762611,17
926,5,fold,1,win,3,reverser,1.429287691204128,13
927,5,fold,1,win,1,reverser,1.0544432477390209,46
930,5,fold,1,win,1,reverser,1.0000616174511134,19
931,5,fold,0,win,1,reverser,1.0374655209059402,10
932,5,fold,1,win,1,reverser,1.3772892750547985,2
933,5,fold,1,win,1,reverser,1.0942714832277831,8
934,5,fold,1,win,1,reverser,1.1865209587068706,12
935,5,fold,1,win,1,completer,0.2732679227863174,8
935,5,fold,1,win,2,completer,0.8473559878882804,53
935,5,fold,1,win,3,completer,0.45260782444992786,15
935,5,fold,1,win,4,completer,0.799515315796437,24
935,5,fold,1,win,5,reverser,1.419941204652294,8
936,5,fold,1,win,1,reverser,1.2887740428469117,9
937,5,fold,1,win,1,reverser,1.0234458167643687,7
938,5,fold,1,win,1,completer,0.5154443891268937,40
938,5,fold,1,win,2,completer,0.8499613359758764,29
938,5,fold,1,win,3,completer,0.25200608031566274,12
938,5,fold,1,win,4,reverser,1.0219418168224697,15
939,5,fold,0,win,1,completer,0.5700544835929109,10
939,5,fold,0,win,2,reverser,1.1444817700585637,18
940,5,fold,1,win,1,reverser,1.1091675813146786,27
941,5,fold,1,win,1,reverser,1.1800179476259318,8
943,5,fold,2,win,1,completer,2.440305437211637,1
943,5,fold,2,win,2,completer,2.440305437211637,1
943,5,fold,2,win,3,reverser,2.440305437211637,2
944,5,fold,1,win,1,completer,0.4181206228184223,44
944,5,fold,1,win,2,completer,0.689475665399709,29
944,5,fold,1,win,3,reverser,1.8555362644265943,34
945,5,fold,1,win,1,completer,0.6015540900998915,50
945,5,fold,1,win,2,reverser,1.099093953230256,10
950,6,fold,0,win,1,completer,0.7401973407918685,12
950,6,fold,0,win,2,completer,0.7264285993510056,7
950,6,fold,0,win,3,completer,0.27639473559020544,5
950,6,fold,0,win,4,reverser,1.0076678921148612,12
951,6,fold,0,win,1,reverser,1.028786606036004,17
952,6,fold,1,win,1,reverser,1.0110762544080254,14
957,6,fold,0,win,1,reverser,1.0416250167536107,54
958,6,fold,0,win,1,reverser,1.0593478068517825,63
959,6,fold,0,win,1,reverser,1.1006476104024516,68
961,6,fold,1,win,1,reverser,1.1543604743261373,68
963,6,fold,1,win,1,reverser,1.047047260413093,13
966,6,fold,0,win,1,reverser,1.1472450553405371,31
973,6,fold,1,win,1,completer,0.27083320064689187,5
973,6,fold,1,win,2,reverser,1.1598893465204396,19
975,6,fold,0,win,1,reverser,1.001928552630067,6
976,6,fold,0,win,1,reverser,1.0237127946007258,29
978,6,fold,1,win,1,reverser,1.131218448963316,20
979,6,fold,0,win,1,reverser,1.2163823986394484,19
980,6,fold,0,win,1,reverser,1.1894590409967067,21
981,6,fold,1,win,1,reverser,1.021685917233755,12
983,6,fold,0,win,1,reverser,1.194398556118521,18
985,6,fold,0,win,1,reverser,1.356328071930524,7
987,6,fold,0,win,1,completer,0.2041420850195046,7
987,6,fold,0,win,2,reverser,1.3163726550851989,14
988,6,fold,0,win,1,completer,0.21310353800263537,8
988,6,fold,0,win,2,completer,0.48126140077223756,5
988,6,fold,0,win,3,completer,0.3825966277347388,8
988,6,fold,0,win,4,reverser,1.3120249756271125,13
989,6,fold,1,win,1,completer,0.4413124707171543,6
989,6,fold,1,win,2,reverser,1.28822815879567,12
990,6,fold,0,win,1,completer,0.9974227104829594,48
990,6,fold,0,win,2,completer,0.2127424019268198,7
990,6,fold,0,win,3,reverser,1.0768157083034677,11
991,6,fold,0,win,1,completer,0.9505674247976743,33
991,6,fold,0,win,2,completer,0.3613493592642696,18
991,6,fold,0,win,3,reverser,1.1681486048244123,14
992,6,fold,1,win,1,reverser,1.151560159527618,28
993,6,fold,0,win,1,reverser,1.007536161118774,17
994,6,fold,0,win,1,completer,0.11232793161411969,8
994,6,fold,0,win,2,completer,0.9909444782524772,32
994,6,fold,0,win,3,reverser,1.196798670523852,17
995,6,fold,0,win,1,reverser,1.0024344291256413,13
996,6,fold,1,win,1,completer,0.35029876538007954,6
996,6,fold,1,win,2,reverser,1.0225515105445566,12
997,6,fold,0,win,1,completer,0.17096583271512023,7
997,6,fold,0,win,2,completer,0.38609990668316985,11
997,6,fold,0,win,3,reverser,1.0525937044665614,14
998,6,fold,0,win,1,completer,0.3116384207736953,8
998,6,fold,0,win,2,completer,0.8402530736275371,25
998,6,fold,0,win,3,reverser,1.0202928866651697,12
999,6,fold,1,win,1,completer,0.9378080989342967,26
999,6,fold,1,win,2,reverser,1.0067645767971092,7
1000,6,fold,0,win,1,completer,0.17859357407398302,9
1000,6,fold,0,win,2,completer,0.488312430165446,17
1000,6,fold,0,win,3,completer,0.488312430165446,7
1000,6,fold,0,win,4,reverser,1.0819010724165876,4
1002,6,fold,1,win,1,reverser,1.407835442840378,7
1004,6,fold,0,win,1,reverser,1.1030981744849035,19
1006,6,fold,0,win,1,reverser,1.1860540814704694,19
1007,6,fold,0,win,1,reverser,1.0519616237020926,38
1008,6,fold,0,win,1,completer,0.6207035863624577,27
1008,6,fold,0,win,2,reverser,1.0532836812118493,36
1009,6,fold,1,win,1,reverser,1.1452130949671964,44
1010,6,fold,0,win,1,completer,0.15568402888143296,6
1010,6,fold,0,win,2,completer,0.8054486216434982,26
1010,6,fold,0,win,3,completer,0.34650507817011533,2
1010,6,fold,0,win,4,completer,0.361641025422502,8
1010,6,fold,0,win,5,completer,0.7881503962122078,21
1011,6,fold,1,win,1,reverser,1.0274666404189392,9
1012,6,fold,1,win,1,reverser,1.0467891000862026,4
1014,6,fold,0,win,1,completer,0.2792045381347592,13
1014,6,fold,0,win,2,completer,0.8189634094993545,20
1014,6,fold,0,win,3,completer,0.8886274101734517,21
1014,6,fold,0,win,4,reverser,1.0946024672846413,8
1016,6,fold,1,win,1,completer,0.7091905087029271,20
1016,6,fold,1,win,2,completer,0.4436156745170341,2
1016,6,fold,1,win,3,completer,0.4436156745170341,7
1016,6,fold,1,win,4,reverser,1.0880640594632056,9
1020,6,fold,0,win,1,completer,0.9351089280892533,55
1020,6,fold,0,win,2,reverser,1.0284193492901261,37
1022,6,fold,0,win,1,completer,0.37490698636209807,24
1022,6,fold,0,win,2,completer,0.8440152851202616,46
1022,6,fold,0,win,3,reverser,1.102653649129572,37
1023,6,fold,1,win,1,reverser,1.005418867742923,13
1024,6,fold,0,win,1,completer,0.6391342572693524,50
1024,6,fold,0,win,2,reverser,1.137663641450994,28
1025,6,fold,0,win,1,completer,0.16797510498202495,8
1025,6,fold,0,win,2,reverser,1.0050818094802787,21
1026,6,fold,1,win,1,reverser,1.021033219915663,26
1027,6,fold,0,win,1,reverser,1.063912068159042,15
1028,6,fold,0,win,1,reverser,1.105580379453336,26
1029,6,fold,0,win,1,reverser,1.3443526749168946,16
1032,6,fold,0,win,1,completer,0.4711707720554834,20
1032,6,fold,0,win,2,reverser,1.013710716136455,23
1033,6,fold,0,win,1,completer,0.17444321300562682,8
1033,6,fold,0,win,2,reverser,1.0159879438788344,19
1036,6,fold,1,win,1,reverser,1.0718548981110947,17
1037,6,fold,0,win,1,reverser,1.166552592336726,139
1038,6,fold,0,win,1,reverser,1.0075160478525667,16
1039,6,fold,0,win,1,completer,0.9072272373598523,78
1039,6,fold,0,win,2,reverser,1.0187715698221271,15
1044,6,fold,1,win,1,completer,0.28493848589279147,15
1044,6,fold,1,win,2,reverser,1.173177107739154,37
1045,6,fold,0,win,1,completer,0.49321236307027383,8
1045,6,fold,0,win,2,reverser,1.14527348087803,15
1046,6,fold,1,win,1,reverser,1.3055779920380846,18
1048,6,fold,1,win,1,reverser,1.1296444406815809,3
1049,6,fold,1,win,1,reverser,1.0009149756047835,39
1050,6,fold,0,win,1,reverser,1.001542653832606,31
1052,6,fold,0,win,1,completer,0.4317937246590775,15
1052,6,fold,0,win,2,reverser,1.2102550248696384,25
1055,6,fold,1,win,1,completer,0.41521632952658605,6
1055,6,fold,1,win,2,reverser,1.075440824086351,31
1056,6,fold,0,win,1,completer,0.5801837292532696,19
1056,6,fold,0,win,2,reverser,1.0569035429060611,17
1057,6,fold,1,win,1,completer,0.33285654191316427,8
1057,6,fold,1,win,2,reverser,1.0718399337078495,25
1058,6,fold,1,win,1,reverser,1.0463952925075926,7
1059,6,fold,1,win,1,reverser,1.1485621763729996,6
1060,6,fold,1,win,1,reverser,1.4341173607153974,62
1061,6,fold,0,win,1,reverser,1.043442650490558,9
1063,6,fold,1,win,1,reverser,1.0917240498950074,8
1071,6,fold,0,win,1,reverser,1.3171838833110592,72
1072,6,fold,1,win,1,reverser,1.014478106507573,19
1073,6,fold,1,win,1,reverser,1.0245283327375783,59
1074,6,fold,1,win,1,reverser,1.151151397729594,46
1075,6,fold,0,win,1,reverser,1.0083879894998646,36
1076,6,fold,1,win,1,reverser,1.0183266396737132,10
1077,6,fold,0,win,1,reverser,1.0700558393934454,37
1078,6,fold,1,win,1,completer,0.7576134488722912,27
1078,6,fold,1,win,2,reverser,1.039986429816273,8
1079,6,fold,0,win,1,reverser,1.0244571567591318,59
1080,6,fold,1,win,1,reverser,1.148414747696363,58
1081,6,fold,0,win,1,reverser,1.016499354201369,12
1082,6,fold,0,win,1,reverser,1.0614367027947207,38
1083,6,fold,0,win,1,completer,0.9926105246920864,55
1083,6,fold,0,win,2,completer,0.4790230225674996,22
1083,6,fold,0,win,3,completer,0.908842491883179,16
1083,6,fold,0,win,4,reverser,1.1438809528712959,23
1084,6,fold,0,win,1,completer,0.4939918889885704,25
1084,6,fold,0,win,2,completer,0.5213464887045531,15
1084,6,fold,0,win,3,completer,0.9181490939963681,30
1084,6,fold,0,win,4,reverser,1.0542784549358841,52
1085,6,fold,1,win,1,reverser,1.1442005539641686,5
1087,6,fold,0,win,1,completer,0.49389960547315037,34
1087,6,fold,0,win,2,reverser,1.0258460226597899,4
1088,6,fold,1,win,1,reverser,1.0970390125100977,27
1089,6,fold,1,win,1,reverser,1.0101271700925123,24
1091,6,fold,0,win,1,completer,0.850285942935551,44
1091,6,fold,0,win,2,reverser,1.1849189702189782,11
1092,6,fold,0,win,1,completer,0.5132535753860161,21
1092,6,fold,0,win,2,reverser,1.194328483323308,21
1093,6,fold,1,win,1,completer,0.2241497965043876,13
1093,6,fold,1,win,2,completer,0.5471137208571193,13
1093,6,fold,1,win,3,reverser,1.00696301712092,16
1094,6,fold,1,win,1,reverser,1.1491782098459415,58
1098,6,fold,1,win,1,reverser,1.2275879187638665,59
1099,6,fold,0,win,1,completer,0.28985392694790924,13
1099,6,fold,0,win,2,reverser,1.0099781622339161,7
1102,6,fold,1,win,1,reverser,1.0375533689777665,8
1104,6,fold,0,win,1,completer,0.8843993788335095,6
1104,6,fold,0,win,2,reverser,1.0465736239031855,10
1106,6,fold,0,win,1,reverser,1.06701685185384,29
1108,6,fold,1,win,1,completer,0.6952334251225567,84
1108,6,fold,1,win,2,completer,0.7084838537133229,49
1108,6,fold,1,win,3,reverser,1.5072362522013456,25
1109,6,fold,0,win,1,reverser,1.0505378410571045,23
1110,6,fold,0,win,1,completer,0.6256573491607238,50
1110,6,fold,0,win,2,reverser,1.1819440313078482,27
1111,6,fold,0,win,1,completer,0.6487780736132522,20
1111,6,fold,0,win,2,reverser,1.2133931340956274,13
1112,6,fold,0,win,1,completer,0.10057861804546842,8
1112,6,fold,0,win,2,completer,0.5941516818902506,43
1112,6,fold,0,win,3,completer,0.6865752768509581,39
1112,6,fold,0,win,4,reverser,1.0737447061611305,23
1113,6,fold,0,win,1,reverser,1.0417823777820185,9
1115,6,fold,0,win,1,completer,0.4582163942064288,21
1115,6,fold,0,win,2,completer,0.601261649344631,30
1115,6,fold,0,win,3,completer,0.694791239242686,38
1115,6,fold,0,win,4,reverser,1.0865937649920867,23
1116,6,fold,0,win,1,completer,0.6540483715522412,38
1116,6,fold,0,win,2,reverser,1.4363581770062854,16
1117,6,fold,0,win,1,reverser,1.092902302807589,48
1118,6,fold,0,win,1,completer,0.7993191768054516,45
1118,6,fold,0,win,2,completer,0.2406011124137306,6
1118,6,fold,0,win,3,completer,0.8451239910934194,18
1118,6,fold,0,win,4,completer,0.8687814226487429,20
1118,6,fold,0,win,5,completer,0.7686148507442851,10
1119,6,fold,0,win,1,reverser,1.1953493127481176,4
1122,6,fold,1,win,1,reverser,1.0199193025309732,7
1123,6,fold,1,win,1,reverser,1.567509498793665,8
1124,6,fold,1,win,1,reverser,1.5742461773665875,13
1126,6,fold,1,win,1,completer,0.3755209392481047,18
1126,6,fold,1,win,2,completer,0.31342859432729986,14
1126,6,fold,1,win,3,reverser,1.3808659368739882,13
1127,6,fold,0,win,1,reverser,1.0093339495355325,13
1131,6,fold,1,win,1,reverser,1.1996451550374274,8
1134,6,fold,1,win,1,reverser,1.0205980466168705,8
1137,6,fold,1,win,1,reverser,1.0606996356316958,12
1138,6,fold,0,win,1,completer,0.27684103275963534,5
1138,6,fold,0,win,2,completer,0.5785369433410397,4
1138,6,fold,0,win,3,reverser,1.018785577099186,2
1139,6,fold,0,win,1,reverser,1.1547714535020734,8
1140,7,fold,1,win,1,completer,0.7857247045949327,17
1140,7,fold,1,win,2,completer,0.757113882397594,18
1140,7,fold,1,win,3,completer,0.28789639836092196,10
1140,7,fold,1,win,4,reverser,1.0035245885723136,13
1141,7,fold,1,win,1,completer,0.21225479224045762,4
1141,7,fold,1,win,2,completer,0.9651761871329652,10
1141,7,fold,1,win,3,reverser,1.40018188771369,3
1142,7,fold,0,win,1,reverser,1.3880963714689387,25
1143,7,fold,1,win,1,completer,0.6403463166468006,11
1143,7,fold,1,win,2,completer,0.32007418671340826,3
1143,7,fold,1,win,3,reverser,1.1336208208458305,3
1144,7,fold,1,win,1,reverser,1.0670001882298779,12
1147,7,fold,1,win,1,reverser,1.1139725287414506,25
1149,7,fold,0,win,1,reverser,1.017215383096514,32
1151,7,fold,0,win,1,reverser,1.032568657473832,48
1152,7,fold,0,win,1,completer,0.8790097427050891,54
1152,7,fold,0,win,2,completer,0.575203136249816,32
1152,7,fold,0,win,3,reverser,1.0304586990636473,18
1153,7,fold,0,win,1,reverser,1.0389711453825214,34
1154,7,fold,1,win,1,reverser,1.0425457719212854,22
1156,7,fold,0,win,1,reverser,1.0645818878487503,25
1159,7,fold,1,win,1,reverser,1.018702210283589,50
1160,7,fold,1,win,1,reverser,1.1598728237041125,102
1163,7,fold,0,win,1,reverser,1.2781526074141984,17
1165,7,fold,0,win,1,completer,0.751757379670696,73
1165,7,fold,0,win,2,reverser,1.1525200245822256,32
1166,7,fold,1,win,1,reverser,1.288843455315546,9
1167,7,fold,1,win,1,completer,0.27281064461916626,5
1167,7,fold,1,win,2,reverser,1.0001631626398517,21
1169,7,fold,1,win,1,completer,0.7964340439445128,27
1169,7,fold,1,win,2,reverser,1.3264409690005299,29
1170,7,fold,0,win,1,completer,0.2722898255949253,7
1170,7,fold,0,win,2,reverser,1.2274576496502267,16
1172,7,fold,0,win,1,reverser,1.072085450573441,33
1173,7,fold,1,win,1,reverser,1.306420518668855,50
1174,7,fold,0,win,1,reverser,1.130344903887491,22
1176,7,fold,1,win,1,reverser,1.0294289144758348,17
1177,7,fold,0,win,1,completer,0.7817339038808403,25
1177,7,fold,0,win,2,reverser,1.0145128154701986,30
1178,7,fold,0,win,1,completer,0.5846382612513935,32
1178,7,fold,0,win,2,completer,0.5271450989061195,31
1178,7,fold,0,win,3,reverser,1.137418839471646,3
1179,7,fold,1,win,1,completer,0.2861244069122324,7
1179,7,fold,1,win,2,reverser,1.2898226779083855,16
1180,7,fold,0,win,1,completer,0.28524632469294386,5
1180,7,fold,0,win,2,completer,0.7844728432441237,26
1180,7,fold,0,win,3,completer,0.4032354035493504,20
1180,7,fold,0,win,4,completer,0.6041258999073484,51
1180,7,fold,0,win,5,completer,0.21179857760822873,6
1181,7,fold,0,win,1,completer,0.4339137251580376,19
1181,7,fold,0,win,2,reverser,1.1578560294365685,4
1182,7,fold,1,win,1,reverser,1.7421498358445222,5
1184,7,fold,0,win,1,completer,0.6718098262487099,13
1184,7,fold,0,win,2,completer,0.7097459054721851,19
1184,7,fold,0,win,3,reverser,1.0347115788204597,105
1185,7,fold,1,win,1,completer,0.4547123603426386,18
1185,7,fold,1,win,2,reverser,1.2133551384904961,5
1186,7,fold,0,win,1,reverser,1.1202685626763376,23
1188,7,fold,1,win,1,completer,0.6743069081282964,50
1188,7,fold,1,win,2,completer,0.41409920275985135,12
1188,7,fold,1,win,3,reverser,1.686495463526057,70
1189,7,fold,0,win,1,reverser,1.1312191176051098,21
1190,7,fold,1,win,1,completer,0.7973070411090506,74
1190,7,fold,1,win,2,reverser,1.0811793820190918,26
1191,7,fold,1,win,1,reverser,1.0145587943151793,32
1192,7,fold,1,win,1,completer,0.652460293974382,48
1192,7,fold,1,win,2,completer,0.2682180186172638,10
1192,7,fold,1,win,3,reverser,1.6318553356853813,69
1193,7,fold,0,win,1,completer,0.9895625696346322,41
1193,7,fold,0,win,2,reverser,1.1077825624848316,16
1194,7,fold,1,win,1,reverser,1.086825917538093,14
1195,7,fold,1,win,1,reverser,1.2697673197030726,31
1196,7,fold,1,win,1,reverser,1.0597205292866734,14
1197,7,fold,1,win,1,reverser,1.08616342260664,25
1198,7,fold,0,win,1,reverser,1.1081511107997328,14
1199,7,fold,0,win,1,reverser,1.0949564771848275,9
1200,7,fold,1,win,1,reverser,1.0700221846855147,12
1201,7,fold,0,win,1,reverser,1.0244904799412233,24
1202,7,fold,1,win,1,completer,0.8878703840207102,16
1202,7,fold,1,win,2,completer,2.620718862979027,7
1202,7,fold,1,win,3,reverser,2.620718862979027,1
1209,7,fold,1,win,1,reverser,1.252988613921325,18
1211,7,fold,0,win,1,completer,0.5855420674532562,14
1211,7,fold,0,win,2,reverser,1.3114010914145215,2
1212,7,fold,1,win,1,completer,1.3123404026044962,4
1212,7,fold,1,win,2,reverser,1.3123404026044962,1
1213,7,fold,0,win,1,reverser,1.611650160993795,4
1216,7,fold,1,win,1,completer,0.2687365313553898,6
1216,7,fold,1,win,2,completer,0.637435613301423,13
1216,7,fold,1,win,3,reverser,1.1437575555955775,4
1217,7,fold,1,win,1,completer,0.2476872964178931,6
1217,7,fold,1,win,2,reverser,1.0541708463460269,16
1218,7,fold,0,win,1,completer,0.9909619586801152,53
1218,7,fold,0,win,2,reverser,1.069630287970963,5
1219,7,fold,0,win,1,completer,0.5677171869413646,38
1219,7,fold,0,win,2,reverser,1.0852280920443909,12
1220,7,fold,0,win,1,reverser,1.0136412571444327,22
1221,7,fold,0,win,1,reverser,1.0069332689263903,12
1222,7,fold,0,win,1,reverser,1.032985528970339,25
1223,7,fold,0,win,1,reverser,1.084043885200961,11
1224,7,fold,0,win,1,reverser,1.0431772414684388,24
1225,7,fold,0,win,1,completer,0.5069867675337884,9
1225,7,fold,0,win,2,reverser,1.0307573435818045,23
1227,7,fold,0,win,1,reverser,1.1371492309873592,12
1229,7,fold,1,win,1,completer,0.7275084685928199,50
1229,7,fold,1,win,2,reverser,1.005284429328262,32
1231,7,fold,1,win,1,reverser,1.008432103466978,33
1232,7,fold,0,win,1,reverser,1.196608205809228,26
1233,7,fold,1,win,1,reverser,1.0465061243980522,7
1234,7,fold,1,win,1,reverser,1.444378569058019,15
1235,7,fold,0,win,1,reverser,1.122086850001221,17
1237,7,fold,0,win,1,reverser,1.1280277651704766,13
1239,7,fold,0,win,1,completer,0.9615584515427107,86
1239,7,fold,0,win,2,reverser,1.0959123320429596,13
1240,7,fold,1,win,1,reverser,1.1447323767130677,80
1241,7,fold,0,win,1,reverser,1.0193595259302701,24
1242,7,fold,0,win,1,reverser,1.0883654976571162,7
1244,7,fold,1,win,1,reverser,1.1480991356056864,22
1245,7,fold,1,win,1,completer,0.21275931271240056,19
1245,7,fold,1,win,2,reverser,1.0029021005866714,37
1246,7,fold,1,win,1,completer,0.7148328876669323,42
1246,7,fold,1,win,2,completer,0.49032241035525215,27
1246,7,fold,1,win,3,reverser,1.0849574717256072,15
1247,7,fold,0,win,1,reverser,1.312746370111463,45
1248,7,fold,1,win,1,completer,0.7495985033300617,18
1248,7,fold,1,win,2,reverser,1.1337308949448073,13
1249,7,fold,0,win,1,completer,0.6709204344823847,27
1249,7,fold,0,win,2,reverser,1.1014225026474755,11
1250,7,fold,1,win,1,completer,0.18557627757855077,7
1250,7,fold,1,win,2,reverser,1.1358899627610035,4
1251,7,fold,0,win,1,reverser,1.0424259319664428,11
1252,7,fold,0,win,1,completer,0.15311321971862624,6
1252,7,fold,0,win,2,completer,0.7802885235660977,15
1252,7,fold,0,win,3,reverser,1.1916751413815292,33
1253,7,fold,1,win,1,completer,0.8049989083449989,11
1253,7,fold,1,win,2,reverser,1.0621167227234978,19
1254,7,fold,1,win,1,reverser,1.1177740314243092,26
1255,7,fold,1,win,1,completer,0.9064837063761555,12
1255,7,fold,1,win,2,reverser,1.2586615772195977,19
1256,7,fold,1,win,1,reverser,1.0742513611408706,21
1258,7,fold,0,win,1,reverser,1.019881226372735,8
1261,7,fold,0,win,1,reverser,1.3564329840345941,26
1262,7,fold,0,win,1,reverser,1.413675543433375,27
1265,7,fold,0,win,1,reverser,1.0373371134091656,17
1266,7,fold,1,win,1,reverser,1.1162007880178184,26
1267,7,fold,0,win,1,reverser,1.1497426094106575,10
1268,7,fold,1,win,1,reverser,1.1434671854411218,10
1269,7,fold,0,win,1,completer,0.8807652421804228,52
1269,7,fold,0,win,2,reverser,1.3607209291734996,80
1270,7,fold,1,loss,1,reverser,2.894473257077796,2
1271,7,fold,0,win,1,reverser,1.1402251817622644,14
1272,7,fold,0,win,1,completer,0.9798154157797084,33
1272,7,fold,0,win,2,completer,0.48292896561221266,48
1272,7,fold,0,win,3,reverser,1.372858180856023,36
1273,7,fold,1,win,1,reverser,1.0934157829876825,7
1275,7,fold,1,win,1,completer,0.779624883559584,27
1275,7,fold,1,win,2,reverser,1.0188855760433728,11
1276,7,fold,1,win,1,completer,0.13496019994551478,5
1276,7,fold,1,win,2,completer,0.6595887228551054,28
1276,7,fold,1,win,3,reverser,1.116737145791931,2
1277,7,fold,1,win,1,completer,0.6344918126074744,62
1277,7,fold,1,win,2,reverser,1.265411036179989,15
1278,7,fold,0,win,1,completer,0.3726650817285386,20
1278,7,fold,0,win,2,reverser,1.0582411133540142,12
1279,7,fold,1,win,1,completer,0.31300072515592037,9
1279,7,fold,1,win,2,completer,0.6991865604209537,29
1279,7,fold,1,win,3,reverser,1.1837794928948422,2
1280,7,fold,1,win,1,completer,0.6620002909985971,33
1280,7,fold,1,win,2,reverser,1.0000826468182609,43
1281,7,fold,0,win,1,completer,0.8772613389922642,33
1281,7,fold,0,win,2,completer,0.714283888399684,48
1281,7,fold,0,win,3,completer,0.19047570357325627,7
1281,7,fold,0,win,4,reverser,1.0570060170120872,20
1282,7,fold,1,win,1,reverser,1.701981888343033,20
1284,7,fold,1,loss,1,reverser,3.163585767261192,3
1285,7,fold,0,loss,1,completer,0.31931473492418116,11
1285,7,fold,0,loss,2,reverser,3.5765669362530326,4
1286,7,fold,0,win,1,completer,0.21629778967356428,6
1286,7,fold,0,win,2,reverser,1.0541910678130813,12
1287,7,fold,0,loss,1,reverser,2.5758476452366494,5
1288,7,fold,1,win,1,completer,0.3949185223244758,1
1288,7,fold,1,win,2,reverser,2.484806138786489,2
1289,7,fold,0,win,1,reverser,1.351198998028527,2
1290,7,fold,0,win,1,completer,0.8570447884001213,83
1290,7,fold,0,win,2,completer,0.31420686061215886,49
1290,7,fold,0,win,3,reverser,1.0374188292020574,37
1291,7,fold,0,win,1,completer,0.1816854751068655,41
1291,7,fold,0,win,2,completer,0.5342227850649464,64
1291,7,fold,0,win,3,reverser,0.9814212467649184,111
1292,7,fold,0,win,1,completer,0.43211558460829336,38
1292,7,fold,0,win,2,completer,0.6893450114850881,28
1292,7,fold,0,win,3,completer,0.9998114764195627,35
1292,7,fold,0,win,4,reverser,1.0990711875644679,2
1296,7,fold,1,win,1,reverser,1.0027114677975038,57
1297,7,fold,1,win,1,reverser,1.0370370503503417,14
1298,7,fold,0,win,1,reverser,1.0244174367674812,58
1299,7,fold,1,win,1,reverser,1.1771222302986948,16
1301,7,fold,1,win,1,completer,0.3222405883800268,6
1301,7,fold,1,win,2,reverser,1.2859825858600722,60
1303,7,fold,1,win,1,completer,0.4419716539810151,26
1303,7,fold,1,win,2,reverser,1.0418726678874435,35
1305,7,fold,0,win,1,reverser,1.0217534749433128,37
1306,7,fold,0,win,1,reverser,1.0086376808732493,32
1307,7,fold,1,win,1,reverser,1.118142297602419,34
1309,7,fold,1,win,1,reverser,1.3519419325947517,2
1312,8,fold,1,win,1,completer,0.1342490157582259,7
1312,8,fold,1,win,2,completer,0.8613945043896714,24
1312,8,fold,1,win,3,reverser,1.6149496354653454,10
1313,8,fold,0,win,1,completer,0.7370219788635218,69
1313,8,fold,0,win,2,reverser,1.0919681465984272,69
1316,8,fold,1,win,1,completer,0.5479838951311744,12
1316,8,fold,1,win,2,reverser,1.1069904548195872,14
1319,8,fold,1,win,1,reverser,1.0848621140633603,12
1322,8,fold,0,win,1,completer,0.25128590396576933,10
1322,8,fold,0,win,2,reverser,1.0368965187608274,60
1323,8,fold,1,win,1,reverser,1.265705166415167,12
1324,8,fold,0,win,1,completer,0.3245175786861132,18
1324,8,fold,0,win,2,reverser,1.222841239685345,65
1325,8,fold,0,win,1,completer,0.5904088038803559,24
1325,8,fold,0,win,2,completer,0.44252073680121606,13
1325,8,fold,0,win,3,reverser,1.0489380427880968,16
1326,8,fold,1,win,1,reverser,1.052623339135895,33
1328,8,fold,1,win,1,reverser,1.2118714615578932,13
1330,8,fold,1,win,1,reverser,1.227505465773196,17
1331,8,fold,1,win,1,reverser,1.0384030226536365,20
1332,8,fold,1,win,1,reverser,1.2893578157348884,32
1333,8,fold,0,win,1,completer,0.6000789379198872,44
1333,8,fold,0,win,2,reverser,1.1961969587577697,15
1334,8,fold,1,win,1,completer,0.3873977974410354,20
1334,8,fold,1,win,2,completer,0.36093312232515107,15
1334,8,fold,1,win,3,reverser,1.042257737010715,16
1335,8,fold,0,win,1,reverser,1.0375045851701183,10
1336,8,fold,0,win,1,reverser,1.001579174961781,4
1337,8,fold,0,win,1,reverser,1.1258931256003728,10
1338,8,fold,0,win,1,completer,0.6359946112320792,13
1338,8,fold,0,win,2,completer,0.21425603214713895,5
1338,8,fold,0,win,3,completer,0.4659444825562482,17
1338,8,fold,0,win,4,completer,0.29304236010807383,13
1338,8,fold,0,win,5,reverser,1.1297460330686313,16
1339,8,fold,1,win,1,completer,0.8787451819727369,38
1339,8,fold,1,win,2,reverser,1.7521546855869377,23
1341,8,fold,0,win,1,completer,0.9509713256440101,73
1341,8,fold,0,win,2,reverser,1.1506520114784238,32
1343,8,fold,1,win,1,reverser,1.036675505901333,11
1344,8,fold,0,win,1,reverser,1.1041439491843608,20
1345,8,fold,0,win,1,reverser,1.0172046706834612,12
1347,8,fold,0,win,1,reverser,1.2090546814115157,15
1349,8,fold,0,win,1,completer,0.5568803434132809,17
1349,8,fold,0,win,2,completer,0.48370920512958726,21
1349,8,fold,0,win,3,reverser,1.0906697948272304,7
1350,8,fold,0,win,1,reverser,1.0237482246771352,27
1351,8,fold,0,win,1,reverser,1.0440140866782368,15
1353,8,fold,0,win,1,reverser,1.036928115623526,20
1354,8,fold,0,win,1,completer,0.9129636627195515,14
1354,8,fold,0,win,2,completer,0.41297681566370814,28
1354,8,fold,0,win,3,completer,0.41554348325638024,23
1354,8,fold,0,win,4,reverser,1.0253837032793522,27
1355,8,fold,0,win,1,reverser,1.0405605888580718,23
1356,8,fold,0,win,1,completer,0.6592970784557766,11
1356,8,fold,0,win,2,reverser,1.0461295479579302,13
1357,8,fold,0,win,1,completer,0.8598862042567172,30
1357,8,fold,0,win,2,completer,0.3199337847115258,21
1357,8,fold,0,win,3,completer,0.9163451074411091,44
1357,8,fold,0,win,4,reverser,1.1805043393098655,8
1358,8,fold,0,win,1,completer,0.23746294683105051,9
1358,8,fold,0,win,2,completer,0.9321041829272712,10
1358,8,fold,0,win,3,reverser,1.0574022699696672,4
1359,8,fold,1,win,1,reverser,1.0564568868228927,5
1360,8,fold,0,win,1,completer,0.4923429066935996,1
1360,8,fold,0,win,2,completer,0.7750940539111619,11
1360,8,fold,0,win,3,reverser,1.229868626359084,13
1361,8,fold,0,win,1,completer,0.5548884569144616,8
1361,8,fold,0,win,2,completer,0.2626363546803314,4
1361,8,fold,0,win,3,completer,0.4003007636391587,13
1361,8,fold,0,win,4,reverser,1.020278775616906,14
1362,8,fold,0,win,1,reverser,1.1523610463097627,27
1363,8,fold,1,win,1,reverser,1.073233593221805,15
1364,8,fold,0,win,1,completer,0.5387325449049816,1
1364,8,fold,0,win,2,completer,0.8481251309346987,3
1364,8,fold,0,win,3,reverser,1.038520568491518,20
1365,8,fold,0,win,1,completer,0.6204642416217521,28
1365,8,fold,0,win,2,completer,0.11079718600388011,3
1365,8,fold,0,win,3,completer,0.5513267975553298,2
1365,8,fold,0,win,4,reverser,1.0428231146685447,6
1366,8,fold,0,win,1,completer,0.11531460460533904,6
1366,8,fold,0,win,2,completer,0.05749669700378224,2
1366,8,fold,0,win,3,completer,0.6067668192186364,2
1366,8,fold,0,win,4,completer,0.6067668192186364,12
1366,8,fold,0,win,5,completer,0.9054926751600201,20
1369,8,fold,1,win,1,completer,0.8191375646019177,24
1369,8,fold,1,win,2,completer,0.9224368301744303,21
1369,8,fold,1,win,3,reverser,1.145255907153151,33
1373,8,fold,0,win,1,reverser,1.023473973255182,30
1374,8,fold,1,win,1,completer,0.4025261325982521,8
1374,8,fold,1,win,2,reverser,1.0139582327475136,35
1375,8,fold,0,win,1,reverser,1.0154490010299135,29
1377,8,fold,0,win,1,completer,0.17779169306376064,7
1377,8,fold,0,win,2,completer,0.6512137594777463,18
1377,8,fold,0,win,3,reverser,1.026436925653024,33
1378,8,fold,0,win,1,completer,0.32521564353095966,13
1378,8,fold,0,win,2,completer,0.5912330478016874,6
1378,8,fold,0,win,3,reverser,1.140502786760645,8
1379,8,fold,1,win,1,reverser,1.1828608490008756,15
1382,8,fold,0,win,1,reverser,1.0022279098849238,9
1383,8,fold,1,win,1,reverser,1.4407725504843338,21
1385,8,fold,0,win,1,completer,0.7451404757242996,97
1385,8,fold,0,win,2,completer,0.6295297790377425,41
1385,8,fold,0,win,3,completer,0.5329062405661258,27
1385,8,fold,0,win,4,reverser,0.9109616574681567,61
1388,8,fold,0,loss,1,reverser,2.263077784135981,5
1389,8,fold,0,win,1,reverser,1.0095010614433066,18
1390,8,fold,1,win,1,reverser,1.1695860667742384,16
1391,8,fold,0,win,1,completer,0.2480735560931393,11
1391,8,fold,0,win,2,reverser,1.001633464131381,34
1393,8,fold,1,win,1,reverser,1.6072376410064473,21
1394,8,fold,0,win,1,completer,0.30521980478262223,5
1394,8,fold,0,win,2,completer,0.5917673391550182,27
1394,8,fold,0,win,3,reverser,1.066473906122829,13
1395,8,fold,0,win,1,completer,0.6132418652547864,31
1395,8,fold,0,win,2,reverser,1.0265427284899689,26
1396,8,fold,0,win,1,completer,0.36466556169199627,13
1396,8,fold,0,win,2,completer,0.03460046374264136,2
1396,8,fold,0,win,3,completer,0.2954646342067466,12
1396,8,fold,0,win,4,completer,0.8692880553766855,36
1396,8,fold,0,win,5,reverser,1.2530033105898761,23
1397,8,fold,0,win,1,reverser,1.0795308212585673,11
1398,8,fold,1,win,1,completer,0.41974539861687377,16
1398,8,fold,1,win,2,completer,0.2433884915934419,6
1398,8,fold,1,win,3,completer,0.7193925415458549,50
1398,8,fold,1,win,4,reverser,1.0298126177092835,16
1399,8,fold,0,win,1,completer,0.25389678515567726,10
1399,8,fold,0,win,2,reverser,1.1130126512057799,28
1401,8,fold,0,win,1,reverser,1.3360447588747082,20
1402,8,fold,0,win,1,completer,0.21400506292869315,15
1402,8,fold,0,win,2,reverser,1.0039822091698334,16
1403,8,fold,1,win,1,completer,0.14629781490191407,7
1403,8,fold,1,win,2,reverser,1.2021863920199558,23
1406,8,fold,1,win,1,reverser,1.1783638199347162,17
1407,8,fold,0,win,1,completer,0.3440470615033593,14
1407,8,fold,0,win,2,completer,0.33715233081191043,7
1407,8,fold,0,win,3,completer,0.6363836428208418,13
1407,8,fold,0,win,4,reverser,1.7498826494900115,19
1408,8,fold,0,win,1,reverser,1.2019571633986386,4
1409,8,fold,0,win,1,completer,0.779625145126972,14
1409,8,fold,0,win,2,reverser,1.2059347248777557,31
1410,8,fold,1,win,1,reverser,1.3013219187636793,51
1411,8,fold,1,win,1,reverser,1.0049462354632182,18
1412,8,fold,1,win,1,completer,0.3572618932770748,11
1412,8,fold,1,win,2,completer,0.3714337211469272,22
1412,8,fold,1,win,3,reverser,1.2049349463293173,14
1414,8,fold,0,win,1,completer,0.7381374825363298,37
1414,8,fold,0,win,2,reverser,1.0222265404067084,20
1416,8,fold,0,win,1,completer,0.7860926726991089,27
1416,8,fold,0,win,2,reverser,1.1094754661116222,8
1417,8,fold,0,win,1,completer,0.9601787733903222,39
1417,8,fold,0,win,2,reverser,1.0371006583173803,30
1419,8,fold,1,win,1,reverser,1.0180819370658571,8
1421,8,fold,0,win,1,reverser,1.0527017925052589,16
1422,8,fold,0,win,1,completer,0.2033261102123196,7
1422,8,fold,0,win,2,completer,0.5100988379010645,19
1422,8,fold,0,win,3,reverser,1.1209689497231514,4
1423,8,fold,0,win,1,reverser,1.0625535942565574,28
1425,8,fold,0,win,1,completer,0.848187696994835,21
1425,8,fold,0,win,2,reverser,1.0537333925706367,19
1426,8,fold,1,win,1,completer,0.3045730094376444,11
1426,8,fold,1,win,2,reverser,1.1391666736799566,8
1427,8,fold,0,win,1,completer,0.16158944498674366,5
1427,8,fold,0,win,2,completer,0.4840469535093921,13
1427,8,fold,0,win,3,completer,0.4678158708656399,7
1427,8,fold,0,win,4,completer,0.7264311209895236,25
1427,8,fold,0,win,5,reverser,1.2436616212372575,16
1428,8,fold,0,win,1,completer,0.9441456166854818,103
1428,8,fold,0,win,2,reverser,1.2010889680812722,16
1430,8,fold,0,win,1,reverser,1.1104475595100705,34
1431,8,fold,0,win,1,reverser,1.0256644629189715,11
1433,8,fold,0,win,1,completer,0.8450940930289261,20
1433,8,fold,0,win,2,completer,0.8474679528408102,37
1433,8,fold,0,win,3,reverser,1.2942283694364236,16
1435,8,fold,1,win,1,reverser,1.0894163129586634,17
1436,8,fold,0,win,1,completer,0.5401495178056781,15
1436,8,fold,0,win,2,completer,0.30559391657776125,7
1436,8,fold,0,win,3,reverser,1.0810739990515192,20
1437,8,fold,0,win,1,reverser,1.2676898310206255,13
1438,8,fold,0,win,1,reverser,1.0082813494673066,20
1439,8,fold,0,win,1,completer,0.607158892347045,22
1439,8,fold,0,win,2,reverser,1.1009250438236935,16
1444,8,fold,0,win,1,completer,0.6809363286976048,27
1444,8,fold,0,win,2,reverser,1.5481085624824102,12
1447,8,fold,0,win,1,completer,0.761065739837839,43
1447,8,fold,0,win,2,completer,0.6034713189623158,28
1447,8,fold,0,win,3,reverser,1.0032230206953145,3
1448,8,fold,1,win,1,reverser,1.29195487723428,7
1449,8,fold,0,win,1,completer,0.5825531899635216,12
1449,8,fold,0,win,2,reverser,1.046052851025759,15
1450,8,fold,1,win,1,reverser,1.015832091368106,21
1452,8,fold,1,win,1,completer,0.8866357733340182,22
1452,8,fold,1,win,2,reverser,1.5010241985940915,21
1454,8,fold,1,win,1,reverser,1.3149658872156076,20
1455,8,fold,0,win,1,reverser,1.0078641681140752,3
1456,8,fold,1,win,1,reverser,1.2414029781425486,18
1458,8,fold,0,win,1,completer,0.20377055275465739,6
1458,8,fold,0,win,2,reverser,1.2701819733646276,8
1459,8,fold,1,win,1,completer,0.46712937303518154,16
1459,8,fold,1,win,2,reverser,1.3285288486814686,23
1460,8,fold,0,win,1,completer,0.17463394718036063,2
1460,8,fold,0,win,2,reverser,1.808544848609446,37
1461,8,fold,0,win,1,completer,0.3800780342736778,9
1461,8,fold,0,win,2,completer,0.47372044851501216,19
1461,8,fold,0,win,3,completer,0.9948522874337509,27
1461,8,fold,0,win,4,reverser,1.0648873703537407,10
1462,8,fold,1,win,1,completer,0.9767073514905767,21
1462,8,fold,1,win,2,reverser,1.0561851270727822,18
1464,8,fold,0,win,1,completer,0.26518484977585866,8
1464,8,fold,0,win,2,reverser,1.2093429847325194,9
1465,8,fold,1,win,1,reverser,1.5574585821690776,18
1466,8,fold,1,win,1,reverser,1.1920546678772206,18
1467,8,fold,0,win,1,reverser,1.4288196787906664,13
1468,8,fold,0,win,1,reverser,1.2391501906173015,25
1469,8,fold,1,win,1,completer,0.28060469701877233,8
1469,8,fold,1,win,2,completer,0.39897187009749624,13
1469,8,fold,1,win,3,reverser,1.2338881072448378,6
1470,8,fold,0,win,1,reverser,1.3841835612437583,23
1471,8,fold,1,win,1,completer,0.5153826848871013,20
1471,8,fold,1,win,2,reverser,1.0114604564923795,40
1472,8,fold,1,win,1,completer,0.38531494844704817,23
1472,8,fold,1,win,2,completer,0.7659309341081124,37
1472,8,fold,1,win,3,completer,0.27003372809866466,5
1472,8,fold,1,win,4,reverser,1.6111177072057399,10
1473,8,fold,0,win,1,completer,0.186747796764412,15
1473,8,fold,0,win,2,reverser,1.2270575232734606,37
1474,8,fold,1,win,1,completer,0.38276296268065924,13
1474,8,fold,1,win,2,completer,0.2620576300510802,8
1474,8,fold,1,win,3,reverser,1.1837593147357808,5
1475,8,fold,0,win,1,reverser,1.007016243954749,13
1476,8,fold,0,win,1,reverser,1.1867396393664162,15
1478,8,fold,0,win,1,reverser,1.1955172050498837,28
1480,8,fold,0,win,1,completer,0.18962126764313525,10
1480,8,fold,0,win,2,reverser,1.2459381425939269,36
1482,8,fold,0,win,1,reverser,1.0040041829847588,2
1483,8,fold,0,win,1,reverser,1.1620621961599775,15
1484,8,fold,1,win,1,reverser,1.2936440543217833,18
1485,8,fold,1,win,1,reverser,1.2142358119143541,11
1486,8,fold,1,win,1,reverser,1.1139671373855455,37
1487,8,fold,0,win,1,reverser,1.0081653172428888,34
1488,8,fold,0,win,1,completer,0.7239508879495231,36
1488,8,fold,0,win,2,completer,0.14931487063959503,17
1488,8,fold,0,win,3,completer,0.29938385678747625,18
1488,8,fold,0,win,4,completer,0.9162503425611184,48
1488,8,fold,0,win,5,completer,0.729229696507506,9
1489,8,fold,0,win,1,reverser,1.0091088291549148,19
1490,8,fold,0,win,1,reverser,1.0155712924469207,21
1491,8,fold,1,win,1,completer,0.6686095534814183,19
1491,8,fold,1,win,2,completer,0.7006496134583742,35
1491,8,fold,1,win,3,completer,0.04110800147986016,3
1491,8,fold,1,win,4,reverser,1.0180275660603182,10
1492,8,fold,1,win,1,completer,0.23169265012102613,7
1492,8,fold,1,win,2,completer,0.5851943037983558,54
1492,8,fold,1,win,3,reverser,1.2453479944005466,13
1493,8,fold,0,win,1,completer,0.8489590878594165,43
1493,8,fold,0,win,2,reverser,1.3007413209010996,35
1494,8,fold,0,win,1,reverser,1.4704913024693242,54
1495,8,fold,0,win,1,reverser,1.0791239018627776,17
1496,8,fold,1,win,1,completer,0.5101530587699891,19
1496,8,fold,1,win,2,reverser,1.1743351995240887,18
1497,8,fold,0,win,1,completer,0.5187873212187721,30
1497,8,fold,0,win,2,reverser,1.2675788735197566,19
1499,8,fold,0,win,1,completer,0.8040188854781283,29
1499,8,fold,0,win,2,completer,0.9848167830062644,44
1499,8,fold,0,win,3,reverser,1.2981998053883947,18
1500,8,fold,0,win,1,completer,0.3775766494748467,9
1500,8,fold,0,win,2,reverser,1.2678668902771724,14
1501,9,fold,1,win,1,reverser,1.3439093393673391,40
1502,9,fold,1,win,1,reverser,1.0579855283996227,12
1503,9,fold,0,win,1,completer,0.7179781655695672,26
1503,9,fold,0,win,2,completer,0.5832567811658014,24
1503,9,fold,0,win,3,reverser,1.0044620641465904,14
1504,9,fold,0,win,1,completer,0.6764412019017247,29
1504,9,fold,0,win,2,reverser,1.092207972382758,61
1505,9,fold,1,win,1,completer,0.9327052349116514,33
1505,9,fold,1,win,2,completer,0.971533160984513,31
1505,9,fold,1,win,3,reverser,1.262116349658878,14
1506,9,fold,0,win,1,reverser,1.0466181433259896,12
1509,9,fold,0,win,1,reverser,1.006955114739729,11
1513,9,fold,0,win,1,completer,0.8111323212429515,23
1513,9,fold,0,win,2,reverser,1.3351320635739368,21
1515,9,fold,0,win,1,completer,0.17389666221704148,7
1515,9,fold,0,win,2,completer,0.6116891363950252,14
1515,9,fold,0,win,3,reverser,1.0034142491786797,29
1518,9,fold,1,win,1,reverser,1.0384075690756978,23
1521,9,fold,0,win,1,reverser,1.1025338185145976,32
1523,9,fold,0,win,1,reverser,1.2016358154091944,7
1525,9,fold,1,win,1,completer,0.9387680075178899,77
1525,9,fold,1,win,2,completer,0.27941454224911677,8
1525,9,fold,1,win,3,reverser,1.0819882274328498,21
1526,9,fold,1,win,1,reverser,1.1015847532792935,10
1528,9,fold,1,win,1,reverser,1.026700528426696,27
1529,9,fold,0,win,1,completer,0.6010821854298203,23
1529,9,fold,0,win,2,reverser,1.0760995665640594,12
1530,9,fold,1,win,1,reverser,1.0423283874731046,26
1531,9,fold,0,win,1,reverser,1.002549557212824,34
1532,9,fold,1,win,1,completer,0.6543470848834114,19
1532,9,fold,1,win,2,reverser,1.0154694587890587,19
1533,9,fold,1,win,1,completer,0.18900532358650324,6
1533,9,fold,1,win,2,completer,0.1695488932173006,7
1533,9,fold,1,win,3,completer,0.8631860774906208,19
1533,9,fold,1,win,4,completer,0.9561445781434639,25
1533,9,fold,1,win,5,reverser,1.2696092896472266,6
1534,9,fold,1,win,1,completer,0.9630385379344094,16
1534,9,fold,1,win,2,reverser,1.423500112923431,12
1536,9,fold,0,win,1,reverser,1.085903062731046,4
1539,9,fold,1,win,1,reverser,1.0013131856001192,46
1540,9,fold,0,win,1,reverser,1.0714811398101938,21
1541,9,fold,0,win,1,reverser,1.0103567711076593,21
1542,9,fold,0,win,1,reverser,1.2728799477579502,9
1543,9,fold,1,win,1,completer,0.45030724748752915,22
1543,9,fold,1,win,2,reverser,1.2187705061346554,12
1544,9,fold,1,win,1,reverser,1.0868763518436186,7
1546,9,fold,1,win,1,completer,0.9228506552188522,39
1546,9,fold,1,win,2,reverser,1.314880927946507,18
1547,9,fold,1,win,1,reverser,1.1211024757011734,21
1548,9,fold,0,win,1,reverser,1.042160947234509,7
1549,9,fold,1,win,1,completer,0.20281899831576022,9
1549,9,fold,1,win,2,reverser,1.3734101305703827,6
1552,9,fold,1,win,1,completer,0.43143480431038606,16
1552,9,fold,1,win,2,reverser,1.6376608315864871,11
1556,9,fold,0,win,1,reverser,1.8911936451526326,21
1557,9,fold,0,win,1,reverser,1.599358060736179,33
1558,9,fold,0,win,1,completer,0.7104900059289017,21
1558,9,fold,0,win,2,reverser,1.7210679977052417,13
1562,9,fold,1,win,1,reverser,1.0203644762562405,24
1563,9,fold,0,win,1,reverser,1.107654164095463,16
1564,9,fold,0,win,1,reverser,1.0731008063324694,58
1565,9,fold,1,win,1,reverser,1.0483607223679328,24
1567,9,fold,0,win,1,completer,0.12296659998186077,10
1567,9,fold,0,win,2,reverser,1.0957079719052751,18
1569,9,fold,1,win,1,reverser,1.0444969980885928,15
1570,9,fold,0,win,1,reverser,1.0570122014847643,25
1571,9,fold,0,win,1,completer,0.35282387847707875,23
1571,9,fold,0,win,2,reverser,1.1034005188328282,22
1572,9,fold,0,win,1,reverser,1.0241676620962208,4
1573,9,fold,0,win,1,reverser,1.0162102767779557,41
1576,9,fold,1,win,1,reverser,1.0210206365262688,14
1578,9,fold,0,win,1,completer,0.9884297632228266,71
1578,9,fold,0,win,2,reverser,1.0843188115170794,23
1579,9,fold,1,win,1,completer,0.8710257366891845,56
1579,9,fold,1,win,2,completer,0.21542675551848633,4
1579,9,fold,1,win,3,reverser,1.0003914219369117,40
1580,9,fold,1,win,1,completer,0.8011861548847887,48
1580,9,fold,1,win,2,reverser,1.2906221979595702,30
1583,9,fold,1,win,1,completer,0.19677280090004023,7
1583,9,fold,1,win,2,reverser,1.230347828785503,8
1584,9,fold,0,win,1,reverser,1.1023899192933724,9
1586,9,fold,0,win,1,reverser,1.1105670951887434,17
1588,9,fold,0,win,1,reverser,1.271935283030058,11
1592,9,fold,1,win,1,reverser,1.1139531029742646,24
1593,9,fold,1,win,1,reverser,1.1786360146061092,24
1594,9,fold,1,win,1,reverser,1.2146724201387304,22
1596,9,fold,1,win,1,reverser,1.0224095889475857,36
1598,9,fold,1,win,1,reverser,1.1273722415441711,14
1599,9,fold,1,win,1,completer,0.2798325250493052,14
1599,9,fold,1,win,2,completer,0.5568168819048,9
1599,9,fold,1,win,3,completer,0.4400419859554523,3
1599,9,fold,1,win,4,reverser,1.3336547567873103,7
1605,9,fold,1,win,1,completer,0.2731685783291151,14
1605,9,fold,1,win,2,completer,0.5435568148941405,9
1605,9,fold,1,win,3,completer,0.4295628025633955,3
1605,9,fold,1,win,4,reverser,1.301895031069963,7
1606,9,fold,0,win,1,completer,0.48331366555821476,12
1606,9,fold,0,win,2,reverser,1.448459575477505,8
1607,9,fold,0,win,1,completer,0.24653195735323075,4
1607,9,fold,0,win,2,reverser,1.7222073978019625,8
1608,9,fold,1,win,1,reverser,1.1283551153050118,20
1609,9,fold,1,win,1,completer,0.21692941007098232,6
1609,9,fold,1,win,2,reverser,1.0809388553109596,13
1611,9,fold,0,win,1,reverser,1.044205917603014,31
1612,9,fold,0,win,1,completer,0.36668509754291634,14
1612,9,fold,0,win,2,reverser,1.3195453066108886,6
1615,9,fold,0,win,1,reverser,1.0278079301807352,13
1616,9,fold,0,win,1,completer,0.4481164537122868,56
1616,9,fold,0,win,2,completer,0.5066074434599921,32
1616,9,fold,0,win,3,reverser,1.1160458205086785,19
1617,9,fold,0,win,1,reverser,1.017031659184021,32
1618,9,fold,0,win,1,completer,0.5407043380556666,27
1618,9,fold,0,win,2,completer,0.5236216460566583,22
1618,9,fold,0,win,3,completer,0.8337096421256751,32
1618,9,fold,0,win,4,reverser,1.1077754398489619,38
1619,9,fold,1,win,1,reverser,1.4444457671622586,34
1620,9,fold,1,win,1,reverser,1.070275093014266,33
1621,9,fold,0,win,1,completer,0.32799447665532,5
1621,9,fold,0,win,2,reverser,1.031112204435556,29
1623,9,fold,0,win,1,completer,0.5874666322675345,32
1623,9,fold,0,win,2,completer,0.6641464874266609,32
1623,9,fold,0,win,3,completer,0.6122020694156185,26
1623,9,fold,0,win,4,reverser,1.2126548061859004,13
1626,9,fold,1,win,1,completer,0.9961981217570801,32
1626,9,fold,1,win,2,reverser,1.1422057854039083,30
1627,9,fold,1,win,1,completer,0.4049611085033846,13
1627,9,fold,1,win,2,completer,0.9917726770516673,21
1627,9,fold,1,win,3,reverser,1.0182606992430783,13
1628,9,fold,1,win,1,reverser,1.068431762372914,15
1629,9,fold,1,win,1,completer,0.21212993951073789,8
1629,9,fold,1,win,2,reverser,1.1273515181057232,32
1630,9,fold,1,win,1,reverser,1.2107432066323782,22
1631,9,fold,1,win,1,reverser,1.0640996466096215,22
1632,9,fold,0,win,1,reverser,1.0942827114505105,10
1633,9,fold,1,win,1,completer,0.2241221720743689,7
1633,9,fold,1,win,2,reverser,1.1910835005749023,32
1634,9,fold,1,win,1,reverser,1.1561153769486376,18
1635,9,fold,1,win,1,reverser,1.134998568861643,13
1638,9,fold,0,win,1,reverser,1.38464129645167,29
1640,9,fold,1,win,1,reverser,1.0883090003426765,9
1642,9,fold,0,win,1,completer,0.5180275886802075,12
1642,9,fold,0,win,2,completer,0.673971294316511,26
1642,9,fold,0,win,3,reverser,1.0889287942929116,48
1643,9,fold,1,win,1,reverser,1.1760905990847652,26
1645,9,fold,0,win,1,completer,0.13809158576717462,8
1645,9,fold,0,win,2,completer,0.5779567418297662,28
1645,9,fold,0,win,3,reverser,1.1264603831987219,67
1647,9,fold,0,win,1,completer,0.11698581653817453,6
1647,9,fold,0,win,2,completer,0.70990771899258,17
1647,9,fold,0,win,3,completer,0.4635835462817468,7
1647,9,fold,0,win,4,reverser,1.0470593890156477,8
1648,9,fold,0,win,1,reverser,1.2689554503735085,25
1651,9,fold,0,win,1,completer,0.7097360890211399,29
1651,9,fold,0,win,2,reverser,1.4909590258517225,15
1653,9,fold,1,win,1,reverser,1.0407789171739366,14
1654,9,fold,1,win,1,reverser,1.0269643307539793,27
1656,9,fold,1,win,1,completer,0.5992110272189748,15
1656,9,fold,1,win,2,reverser,1.2793129669687906,19
1657,9,fold,1,win,1,reverser,1.2183713282990942,14
1658,9,fold,1,win,1,completer,0.5765057383673824,23
1658,9,fold,1,win,2,reverser,1.236397842638045,6
1659,9,fold,1,win,1,completer,0.4015045589374635,7
1659,9,fold,1,win,2,reverser,1.0836982077174286,6
1660,9,fold,0,win,1,reverser,1.4342941926626744,7
1662,9,fold,1,win,1,reverser,1.0133370837142157,26
1664,9,fold,0,win,1,reverser,1.1310115866621904,8
1667,9,fold,1,win,1,reverser,1.091410345248224,15
1668,9,fold,0,win,1,reverser,1.4177317004331835,30
1670,9,fold,1,win,1,reverser,1.3005907955330807,10
1672,9,fold,0,win,1,reverser,1.0394762050595454,30
1674,9,fold,1,win,1,reverser,1.1753851018751897,63
1676,9,fold,1,win,1,reverser,1.0160407311029442,5
1677,10,fold,1,win,1,reverser,1.1274235991562915,35
1678,10,fold,0,win,1,completer,0.27800738988426166,11
1678,10,fold,0,win,2,reverser,1.0415878294311378,23
1680,10,fold,0,win,1,completer,0.7637677031128409,24
1680,10,fold,0,win,2,reverser,1.0123828218758009,22
1682,10,fold,0,win,1,completer,0.2983377089312933,12
1682,10,fold,0,win,2,reverser,1.1177577934621508,23
1683,10,fold,0,win,1,reverser,1.0617147725838354,52
1686,10,fold,0,win,1,completer,0.6876230949456927,40
1686,10,fold,0,win,2,reverser,1.0341460899538188,22
1688,10,fold,1,win,1,completer,0.5164591222997071,41
1688,10,fold,1,win,2,reverser,1.0090743331358687,19
1689,10,fold,0,win,1,reverser,1.0514874376896977,37
1690,10,fold,1,win,1,reverser,1.1915155598039076,10
1691,10,fold,0,win,1,completer,0.8672712138209806,30
1691,10,fold,0,win,2,completer,0.8692506394801498,23
1691,10,fold,0,win,3,reverser,1.4548778595072878,28
1692,10,fold,0,win,1,completer,0.2588613899979716,16
1692,10,fold,0,win,2,reverser,1.0546131590986274,6
1693,10,fold,0,win,1,completer,0.26951100118381666,11
1693,10,fold,0,win,2,completer,0.8173140637403995,27
1693,10,fold,0,win,3,completer,0.5768481077969296,10
1693,10,fold,0,win,4,reverser,1.200641114296325,25
1694,10,fold,1,win,1,completer,0.850842458988104,28
1694,10,fold,1,win,2,completer,0.5559431355063484,4
1694,10,fold,1,win,3,reverser,1.1234684196691158,19
1695,10,fold,0,win,1,completer,0.3968106322750602,17
1695,10,fold,0,win,2,completer,0.3293413893234307,9
1695,10,fold,0,win,3,reverser,1.0634982363567904,17
1696,10,fold,0,win,1,reverser,1.0800271785815039,51
1697,10,fold,0,win,1,completer,0.3491572874713047,18
1697,10,fold,0,win,2,reverser,1.1319940876231274,26
1698,10,fold,0,win,1,reverser,1.1738756949719464,26
1700,10,fold,1,win,1,completer,0.450320555593697,34
1700,10,fold,1,win,2,reverser,1.0909314344581749,14
1701,10,fold,0,win,1,completer,0.62459087569826,29
1701,10,fold,0,win,2,reverser,1.2547751025221856,32
1702,10,fold,0,win,1,reverser,1.1412492849442346,26
1703,10,fold,0,win,1,completer,0.716603467548454,21
1703,10,fold,0,win,2,completer,0.7159411722918763,48
1703,10,fold,0,win,3,completer,0.7159411722918763,1
1703,10,fold,0,win,4,reverser,1.4126757821449196,33
1704,10,fold,0,win,1,reverser,1.1073476865420382,11
1705,10,fold,0,win,1,completer,0.7173546085515673,27
1705,10,fold,0,win,2,reverser,1.0751098632019778,7
1707,10,fold,1,win,1,completer,0.8288589003919571,41
1707,10,fold,1,win,2,reverser,1.7607282484869569,26
1708,10,fold,0,win,1,completer,0.6743088013929863,29
1708,10,fold,0,win,2,reverser,1.3546561890671138,32
1709,10,fold,0,win,1,reverser,1.5472068654712754,48
1710,10,fold,0,win,1,reverser,1.1636208394702026,42
1711,10,fold,0,win,1,reverser,1.098186599712939,31
1712,10,fold,1,win,1,reverser,1.088476004645042,26
1713,10,fold,1,win,1,reverser,1.1309705070937293,10
1714,10,fold,1,win,1,reverser,1.1345721459759956,34
1715,10,fold,0,win,1,reverser,1.0084305282245165,37
1716,10,fold,1,win,1,completer,0.8812692010156947,22
1716,10,fold,1,win,2,completer,0.6339876938650353,13
1716,10,fold,1,win,3,reverser,1.7704303650255728,29
1718,10,fold,0,win,1,reverser,1.0162604016554484,69
1719,10,fold,0,win,1,reverser,1.115251919696517,14
1720,10,fold,1,win,1,reverser,1.0599111657659712,23
1722,10,fold,1,win,1,reverser,1.0158173926456049,50
1723,10,fold,1,win,1,completer,0.7893527751655305,27
1723,10,fold,1,win,2,completer,0.5678627427310348,16
1723,10,fold,1,win,3,reverser,1.5857743811534504,26
1729,10,fold,1,win,1,reverser,1.0613560044432713,62
1730,10,fold,1,win,1,reverser,1.0420101038884073,29
1731,10,fold,0,win,1,completer,0.6735167378088152,7
1731,10,fold,0,win,2,reverser,1.012684826705399,25
1732,10,fold,1,win,1,reverser,1.149617840130719,12
1735,10,fold,1,win,1,reverser,1.0803352583000283,3
1737,10,fold,1,win,1,reverser,1.0556553042367618,12
1738,10,fold,1,win,1,reverser,1.3200392354696793,22
1739,10,fold,1,win,1,reverser,1.064358133938218,4
1741,10,fold,1,win,1,completer,1.0085574427925057,6
1741,10,fold,1,win,2,reverser,1.0085574427925057,1
1743,10,fold,1,win,1,reverser,1.2134140198668952,5
1749,10,fold,1,win,1,reverser,1.0950318470758238,31
1750,10,fold,1,win,1,reverser,1.1645456156340281,22
1751,10,fold,0,win,1,completer,0.984835364120078,12
1751,10,fold,0,win,2,reverser,1.2599761389987638,2
1753,10,fold,1,win,1,completer,0.22197573848813157,13
1753,10,fold,1,win,2,completer,0.5974289017314491,26
1753,10,fold,1,win,3,reverser,1.5873067889105508,4
1754,10,fold,0,win,1,reverser,1.2507328841643106,30
1759,10,fold,1,win,1,completer,0.38027691760468096,26
1759,10,fold,1,win,2,reverser,1.4287130229188438,7
1760,10,fold,1,win,1,completer,0.8141764088091257,17
1760,10,fold,1,win,2,completer,0.4957000764840127,13
1760,10,fold,1,win,3,completer,0.23863791292682457,18
1760,10,fold,1,win,4,reverser,1.16335982551823,9
1762,10,fold,1,win,1,reverser,1.1959328631893078,22
1763,10,fold,0,win,1,reverser,1.012728682167722,16
1764,10,fold,0,win,1,completer,0.3678274061635691,1
1764,10,fold,0,win,2,completer,0.3678274061635691,1
1764,10,fold,0,win,3,reverser,1.1852216420825874,3
1766,10,fold,0,win,1,completer,0.6817461754030256,4
1766,10,fold,0,win,2,reverser,1.29862170409214,6
1767,10,fold,1,win,1,reverser,1.2549314763725015,23
1769,10,fold,1,win,1,completer,0.6498197346757121,27
1769,10,fold,1,win,2,reverser,1.0254036180203903,16
1770,10,fold,1,win,1,reverser,1.0643382868224625,23
1772,10,fold,1,win,1,reverser,1.311689110550637,14
1775,10,fold,0,win,1,reverser,1.0854633069843054,14
1778,10,fold,1,win,1,reverser,1.2089015518767459,32
1780,10,fold,0,win,1,reverser,1.0314921099342438,14
1783,10,fold,0,win,1,completer,0.6692675635961471,22
1783,10,fold,0,win,2,reverser,1.0786151771793175,4
1786,10,fold,1,win,1,reverser,1.375603986174255,6
1787,10,fold,0,win,1,completer,0.9028889583134933,35
1787,10,fold,0,win,2,reverser,1.085081755379558,61
1788,10,fold,0,win,1,completer,0.3700848609144769,21
1788,10,fold,0,win,2,reverser,1.0534690749840332,50
1789,10,fold,0,win,1,completer,0.20527588569635458,20
1789,10,fold,0,win,2,reverser,1.058046307400418,53
1790,10,fold,1,win,1,completer,0.38323418074695326,33
1790,10,fold,1,win,2,reverser,1.4526927429036545,31
1791,10,fold,1,win,1,reverser,1.3777211453673186,7
1792,10,fold,1,win,1,completer,0.29518905251529937,17
1792,10,fold,1,win,2,reverser,1.0209972997712893,45
1793,10,fold,0,win,1,completer,0.4275216149028551,10
1793,10,fold,0,win,2,reverser,1.0971872150099933,15
1794,10,fold,0,win,1,completer,0.14532951921479742,5
1794,10,fold,0,win,2,completer,0.4775417192966942,25
1794,10,fold,0,win,3,reverser,1.0352064579845486,14
1795,10,fold,0,win,1,completer,0.5377356701906357,40
1795,10,fold,0,win,2,completer,0.7038934794960394,32
1795,10,fold,0,win,3,reverser,1.0054275001636972,14
1796,10,fold,0,win,1,completer,0.15449011677572888,5
1796,10,fold,0,win,2,completer,0.5336186895698436,36
1796,10,fold,0,win,3,completer,0.6351563634931128,23
1796,10,fold,0,win,4,reverser,1.1854250479804902,17
1797,10,fold,0,win,1,reverser,1.0698265633655266,26
1798,10,fold,0,win,1,reverser,1.1148351514049444,33
1799,10,fold,0,win,1,reverser,1.232101372510372,39
1801,10,fold,0,win,1,completer,0.402252404606823,15
1801,10,fold,0,win,2,completer,0.2335253808092277,17
1801,10,fold,0,win,3,reverser,1.1006745850285893,19
1803,10,fold,0,win,1,reverser,1.1092046046240127,13
1804,10,fold,0,win,1,reverser,1.098701503770115,21
1805,10,fold,0,win,1,reverser,1.0557054895930318,4
1806,10,fold,0,win,1,completer,0.31088355324563643,13
1806,10,fold,0,win,2,reverser,1.0545531318601937,26
1807,10,fold,1,win,1,reverser,1.172591486106114,11
1808,10,fold,1,win,1,completer,0.5667228199524823,21
1808,10,fold,1,win,2,reverser,1.088435163230016,2
1809,10,fold,0,win,1,reverser,1.0956949673320036,2
1810,10,fold,0,win,1,reverser,1.086806976434779,3
1811,10,fold,0,win,1,completer,0.23586000370172244,6
1811,10,fold,0,win,2,completer,0.8976419558356752,21
1811,10,fold,0,win,3,completer,0.5478592804430669,6
1811,10,fold,0,win,4,reverser,1.2125036112627177,24
1812,10,fold,0,win,1,reverser,1.0186301227471612,14
1813,10,fold,0,win,1,completer,0.14393895477777607,7
1813,10,fold,0,win,2,reverser,1.2501946770873889,23
1814,10,fold,0,win,1,reverser,1.1163228565462495,62
1815,10,fold,1,win,1,completer,0.9952404758844511,60
1815,10,fold,1,win,2,reverser,1.1447496953558873,42
1816,10,fold,0,win,1,completer,0.19734914908342893,7
1816,10,fold,0,win,2,reverser,1.0403389648166697,6
1817,10,fold,0,win,1,completer,0.4735321849211984,9
1817,10,fold,0,win,2,completer,0.7279106325268043,7
1817,10,fold,0,win,3,completer,0.4437112654143349,7
1817,10,fold,0,win,4,reverser,1.1636162819661413,5
1818,10,fold,0,win,1,completer,0.42750588062294437,5
1818,10,fold,0,win,2,completer,0.8788310093827352,14
1818,10,fold,0,win,3,completer,0.4634828699963136,6
1818,10,fold,0,win,4,reverser,1.3423138793790494,7
1819,10,fold,0,win,1,completer,0.35472032487318783,6
1819,10,fold,0,win,2,completer,0.35472032487318783,1
1819,10,fold,0,win,3,reverser,1.1196721464365802,7
1820,10,fold,1,win,1,completer,0.6232869952591606,13
1820,10,fold,1,win,2,completer,0.3799360100328757,9
1820,10,fold,1,win,3,reverser,1.1096462178452278,7
1822,10,fold,0,win,1,reverser,1.5113948023625658,62
1823,10,fold,0,win,1,reverser,1.1412601510403837,63
1824,10,fold,0,win,1,completer,0.37235740104688975,17
1824,10,fold,0,win,2,reverser,1.0924473649952227,21
1825,10,fold,0,win,1,reverser,1.055793820095477,96
1828,10,fold,1,win,1,reverser,1.010823253204826,16
1829,10,fold,1,win,1,reverser,1.0042298264156713,14
1830,10,fold,0,win,1,reverser,1.184215161260333,36
1831,10,fold,0,win,1,reverser,1.4043237569094695,23
1832,10,fold,0,win,1,reverser,1.2660017017443703,76
1833,10,fold,1,win,1,completer,0.24297084747301856,3
1833,10,fold,1,win,2,reverser,1.059229871768512,18
1834,10,fold,0,win,1,completer,0.5063226801688937,33
1834,10,fold,0,win,2,reverser,1.1798122134728795,39
1835,10,fold,0,win,1,completer,0.16727345540073713,3
1835,10,fold,0,win,2,reverser,1.2346633548470642,5
1836,10,fold,1,win,1,reverser,1.0959332291113275,12
1837,10,fold,0,win,1,reverser,1.1088749297984135,36
1838,10,fold,1,win,1,reverser,1.0652077954872445,4
1839,10,fold,0,win,1,reverser,1.3115834446816779,5
1840,10,fold,0,win,1,completer,0.6805360522757753,82
1840,10,fold,0,win,2,completer,0.3555691579342328,16
1840,10,fold,0,win,3,completer,0.7220676957230086,37
1840,10,fold,0,win,4,reverser,1.0208040784136547,16
1841,10,fold,1,win,1,reverser,1.265334904407431,76
1842,10,fold,0,win,1,reverser,1.0563286904006643,24
1843,10,fold,0,win,1,completer,0.5825878995899108,48
1843,10,fold,0,win,2,completer,0.19527184446087942,8
1843,10,fold,0,win,3,completer,0.9075030347259117,61
1843,10,fold,0,win,4,reverser,1.0188564005755008,20
1844,10,fold,1,win,1,reverser,1.2782715231896076,5
1845,10,fold,0,win,1,reverser,1.3435775278301285,5
1846,10,fold,1,win,1,reverser,1.0439145196464468,63
1847,10,fold,0,win,1,reverser,1.0033634414879442,31
1848,10,fold,0,win,1,completer,0.29707180666702815,8
1848,10,fold,0,win,2,reverser,1.2941301757500168,5
1849,10,fold,0,win,1,completer,0.8362567119777445,8
1849,10,fold,0,win,2,reverser,1.5955397947846892,5
1850,10,fold,1,win,1,reverser,1.2337716347049088,5
1851,10,fold,0,win,1,reverser,1.270681334826041,5
1852,10,fold,0,win,1,reverser,1.0001912032452136,24
1853,10,fold,1,win,1,completer,0.6521872207026997,29
1853,10,fold,1,win,2,completer,0.5509923894078539,27
1853,10,fold,1,win,3,completer,0.6691171544554924,14
1853,10,fold,1,win,4,completer,0.10157960251653453,1
1853,10,fold,1,win,5,completer,0.10157960251653453,1
1854,10,fold,1,win,1,reverser,1.313734579954926,4
1855,10,fold,0,win,1,reverser,1.0768035771104227,24
1858,10,fold,1,win,1,reverser,1.1989424847117502,5
1859,10,fold,1,win,1,reverser,1.1838742739606996,4
1861,10,fold,1,win,1,completer,0.18944086128344662,5
1861,10,fold,1,win,2,reverser,1.3146047646641457,6
1862,10,fold,1,win,1,completer,0.5970266880641795,3
1862,10,fold,1,win,2,reverser,1.0693646164973243,3
1863,10,fold,1,win,1,completer,0.43062245057099346,3
1863,10,fold,1,win,2,reverser,1.510419821250026,5
1867,10,fold,1,win,1,reverser,1.196938034588598,13
1868,10,fold,0,win,1,reverser,1.1607974603337587,35
1870,10,fold,0,win,1,reverser,1.256631585871167,7
1871,10,fold,1,win,1,reverser,1.1459297296585658,11
1873,11,fold,1,win,1,reverser,1.0335433443926143,35
1874,11,fold,1,win,1,completer,0.31720333063792916,15
1874,11,fold,1,win,2,completer,0.35142655632672826,17
1874,11,fold,1,win,3,reverser,1.0486609304342798,23
1875,11,fold,1,win,1,reverser,1.1076780959978014,42
1876,11,fold,1,win,1,reverser,1.056966198493873,40
1879,11,fold,1,win,1,reverser,1.0516132309146082,22
1880,11,fold,1,win,1,reverser,1.2964628521441801,37
1881,11,fold,1,win,1,reverser,1.0284446292941085,5
1884,11,fold,0,win,1,reverser,1.3571703461021332,9
1885,11,fold,1,win,1,completer,0.6364491258018287,44
1885,11,fold,1,win,2,reverser,1.1600731793024228,25
1887,11,fold,1,win,1,reverser,1.179293899542551,5
1888,11,fold,0,win,1,reverser,1.0518268533527297,6
1889,11,fold,0,win,1,reverser,1.3733793704731478,7
1892,11,fold,0,win,1,completer,0.4515694030159335,17
1892,11,fold,0,win,2,completer,0.2879256080569821,7
1892,11,fold,0,win,3,reverser,1.1644586300532085,13
1893,11,fold,0,win,1,reverser,1.0982976455342155,3
1894,11,fold,1,win,1,reverser,1.0613522393303234,7
1895,11,fold,1,win,1,reverser,1.357525544589132,6
1896,11,fold,1,win,1,reverser,1.2909895024077769,31
1897,11,fold,1,win,1,reverser,1.0718872917860773,24
1898,11,fold,1,win,1,completer,0.7481065797620824,4
1898,11,fold,1,win,2,reverser,1.0329030156439114,2
1899,11,fold,1,win,1,completer,0.22905584018822256,4
1899,11,fold,1,win,2,completer,0.35859678351562785,6
1899,11,fold,1,win,3,completer,0.6665782315589661,4
1899,11,fold,1,win,4,completer,0.709472583654112,4
1899,11,fold,1,win,5,completer,0.37918607252131054,4
1900,11,fold,1,win,1,completer,0.3813032655896862,12
1900,11,fold,1,win,2,completer,0.3813032655896862,16
1900,11,fold,1,win,3,completer,0.2662049780002218,10
1900,11,fold,1,win,4,completer,0.08841348907012847,3
1900,11,fold,1,win,5,completer,0.7651785599523242,3
1901,11,fold,1,win,1,completer,0.286949694048231,6
1901,11,fold,1,win,2,completer,0.38786262473025324,3
1901,11,fold,1,win,3,completer,0.5677210454016342,6
1901,11,fold,1,win,4,reverser,1.0022644816038642,13
1902,11,fold,1,win,1,reverser,1.603994192149038,21
1905,11,fold,1,win,1,completer,1.462114299337137,2
1905,11,fold,1,win,2,completer,1.462114299337137,1
1905,11,fold,1,win,3,reverser,1.462114299337137,1
1906,11,fold,1,win,1,reverser,1.2793699175304514,4
1913,11,fold,0,win,1,reverser,1.2471909077959162,3
1914,11,fold,0,win,1,reverser,1.0785536183515616,46
1916,11,fold,0,win,1,completer,0.516074496102072,18
1916,11,fold,0,win,2,completer,0.28153548541650064,9
1916,11,fold,0,win,3,reverser,1.1177180452519877,10
1917,11,fold,0,win,1,reverser,1.065364476820754,17
1918,11,fold,0,win,1,reverser,1.0937815784071436,27
1919,11,fold,0,win,1,reverser,1.0517533189761545,28
1920,11,fold,0,win,1,completer,0.6782894450304968,27
1920,11,fold,0,win,2,reverser,1.1184315806806135,7
1921,11,fold,0,win,1,completer,0.9609766776548059,56
1921,11,fold,0,win,2,completer,0.17444235273091313,10
1921,11,fold,0,win,3,completer,0.40716080117503406,17
1921,11,fold,0,win,4,reverser,1.261619582029554,14
1922,11,fold,0,win,1,completer,0.35836939016409386,20
1922,11,fold,0,win,2,reverser,1.4404326356442674,20
1923,11,fold,0,win,1,completer,0.5224429641595002,27
1923,11,fold,0,win,2,reverser,1.1384578024968175,8
1924,11,fold,0,win,1,reverser,1.1190156005107281,12
1925,11,fold,0,win,1,reverser,1.2388121302730835,30
1926,11,fold,1,win,1,reverser,1.013763983835742,15
1927,11,fold,0,win,1,reverser,1.0353250457333272,15
1928,11,fold,1,win,1,reverser,1.2403363905253393,13
1930,11,fold,1,win,1,reverser,1.025342059665942,14
1931,11,fold,0,win,1,completer,0.3872511044667346,14
1931,11,fold,0,win,2,reverser,1.1867050598220155,16
1933,11,fold,1,win,1,completer,0.24872872523288758,19
1933,11,fold,1,win,2,reverser,1.2684705229529325,8
1934,11,fold,1,win,1,reverser,1.2215388765328437,14
1936,11,fold,1,win,1,reverser,1.0199507994120431,38
1937,11,fold,0,win,1,reverser,1.0805431433575539,14
1938,11,fold,0,win,1,reverser,1.1630936036812816,13
1939,11,fold,0,win,1,completer,0.2600185616180757,7
1939,11,fold,0,win,2,completer,0.5632793405487284,14
1939,11,fold,0,win,3,completer,0.2617143348460118,6
1939,11,fold,0,win,4,reverser,1.1731924448658733,8
1940,11,fold,1,win,1,completer,1.4408742438916753,2
1940,11,fold,1,win,2,completer,1.4408742438916753,1
1940,11,fold,1,win,3,completer,1.4408742438916753,1
1940,11,fold,1,win,4,reverser,1.4408742438916753,1
1941,11,fold,0,win,1,completer,0.6632289553139978,23
1941,11,fold,0,win,2,reverser,1.0794081449418336,28
1943,11,fold,0,win,1,completer,0.6000036160365259,49
1943,11,fold,0,win,2,completer,0.4646836515687154,14
1943,11,fold,0,win,3,completer,0.44681120343146263,13
1943,11,fold,0,win,4,reverser,1.0808575778246774,32
1944,11,fold,0,win,1,completer,0.5074714420987485,36
1944,11,fold,0,win,2,reverser,1.025656170197354,20
1945,11,fold,1,win,1,completer,0.017770638018517193,1
1945,11,fold,1,win,2,completer,1.508727167768963,2
1945,11,fold,1,win,3,completer,1.508727167768963,1
1945,11,fold,1,win,4,completer,1.508727167768963,1
1945,11,fold,1,win,5,reverser,1.508727167768963,1
1946,11,fold,0,win,1,completer,0.9314615411505979,44
1946,11,fold,0,win,2,completer,0.7937101864733882,82
1946,11,fold,0,win,3,completer,0.8343796340447565,63
1946,11,fold,0,win,4,reverser,0.4150032875830676,23
1949,11,fold,0,win,1,reverser,1.021887920714517,9
1951,11,fold,1,win,1,completer,0.4983561655670976,9
1951,11,fold,1,win,2,reverser,1.3287429022156438,7
1952,11,fold,0,win,1,reverser,1.1670450402484862,7
1953,11,fold,0,win,1,completer,0.2712351203614676,13
1953,11,fold,0,win,2,completer,0.9637180812843416,120
1953,11,fold,0,win,3,completer,0.47933357397215026,39
1953,11,fold,0,win,4,reverser,0.9212902412277888,69
1956,11,fold,0,win,1,reverser,1.0854378044228732,20
1957,11,fold,0,win,1,completer,0.5283798001360642,38
1957,11,fold,0,win,2,completer,0.2770587490684808,18
1957,11,fold,0,win,3,completer,0.23731671539063415,8
1957,11,fold,0,win,4,completer,0.5813691783731998,22
1957,11,fold,0,win,5,reverser,1.0287509289182122,8
1958,11,fold,1,win,1,completer,0.46137930967223006,22
1958,11,fold,1,win,2,reverser,1.0077768292166263,99
1959,11,fold,0,win,1,reverser,1.057757310009675,24
1960,11,fold,0,win,1,reverser,1.108584178568461,32
1961,11,fold,1,win,1,reverser,1.110435968758507,26
1962,11,fold,1,win,1,reverser,1.1409149871907647,45
1963,11,fold,1,win,1,reverser,1.1724245678482867,51
1964,11,fold,0,win,1,reverser,1.1490733303004697,67
1965,11,fold,0,win,1,reverser,1.04394096500397,28
1967,11,fold,1,win,1,reverser,1.0081806763098866,49
1968,11,fold,1,win,1,reverser,1.3553977563324136,12
1969,11,fold,1,win,1,reverser,1.1187493618276592,26
1970,11,fold,0,win,1,reverser,1.1949749820592785,19
1971,11,fold,0,win,1,reverser,1.2329236340218963,14
1972,11,fold,0,win,1,reverser,1.145346036305046,11
1974,11,fold,0,win,1,completer,0.33881981359457236,16
1974,11,fold,0,win,2,reverser,1.0251769316995385,11
1976,11,fold,1,win,1,completer,0.5875517579667595,13
1976,11,fold,1,win,2,reverser,1.1679551232738024,23
1977,11,fold,1,win,1,completer,0.6700913070487271,20
1977,11,fold,1,win,2,reverser,1.0185740314902507,7
1979,11,fold,0,win,1,reverser,1.1062439331857852,18
1980,11,fold,1,win,1,reverser,1.1078837066765568,14
1982,11,fold,0,win,1,completer,0.7501753630402567,10
1982,11,fold,0,win,2,completer,0.019252896576655854,1
1982,11,fold,0,win,3,reverser,1.037593604791708,13
1983,11,fold,1,win,1,reverser,1.0193859506414165,7
1984,11,fold,1,win,1,reverser,1.0580554305028795,8
1985,11,fold,0,win,1,completer,0.31717446211788114,18
1985,11,fold,0,win,2,reverser,1.0185392807688807,12
1986,11,fold,1,win,1,reverser,1.1510660349803965,7
1988,11,fold,1,win,1,reverser,1.008995742822612,18
1989,11,fold,1,win,1,reverser,1.0661430862475352,12
1990,11,fold,1,win,1,completer,0.6213648737795037,13
1990,11,fold,1,win,2,reverser,1.0032709523277668,21
1991,11,fold,1,win,1,reverser,1.026718368214648,18
1992,11,fold,1,win,1,reverser,1.1833574512966725,19
1993,11,fold,1,win,1,completer,0.20504651915810246,8
1993,11,fold,1,win,2,reverser,1.022041210278339,25
1996,11,fold,1,win,1,reverser,1.022659283303339,2
1999,11,fold,0,win,1,reverser,1.1202822888111568,12
2001,11,fold,1,win,1,completer,0.10936141570989011,7
2001,11,fold,1,win,2,reverser,1.17740182636586,22
2002,11,fold,1,win,1,completer,0.4292270081924817,11
2002,11,fold,1,win,2,completer,0.42619360177419097,15
2002,11,fold,1,win,3,reverser,1.1337356488476957,14
2003,11,fold,0,win,1,reverser,1.0774189852122922,18
2004,11,fold,1,win,1,reverser,1.177466101112298,26
2006,11,fold,1,win,1,reverser,1.004040106540874,13
2007,11,fold,0,win,1,reverser,1.0116213680953265,22
2008,11,fold,0,win,1,reverser,1.0391519431542413,36
2009,11,fold,0,win,1,completer,0.8348674079445717,22
2009,11,fold,0,win,2,completer,0.40459492837214883,10
2009,11,fold,0,win,3,reverser,1.0722112595797055,12
2011,11,fold,0,win,1,reverser,1.0714903767932267,14
2013,11,fold,0,win,1,completer,0.1271707021699271,5
2013,11,fold,0,win,2,reverser,1.0522022724750548,13
2014,11,fold,0,win,1,completer,0.9389181257129895,22
2014,11,fold,0,win,2,completer,0.27160723836088163,6
2014,11,fold,0,win,3,completer,0.45502017231145775,7
2014,11,fold,0,win,4,reverser,1.2058424806538595,10
2015,11,fold,0,win,1,reverser,1.0309092656685774,18
2017,11,fold,0,win,1,reverser,1.1196232725488717,31
2019,11,fold,1,win,1,completer,0.7377219506710128,30
2019,11,fold,1,win,2,reverser,1.1866271486281732,10
2020,11,fold,0,win,1,completer,0.3677257953637292,12
2020,11,fold,0,win,2,reverser,1.0586816113712587,8
2021,11,fold,1,win,1,completer,0.12289195875189862,5
2021,11,fold,1,win,2,reverser,1.3502113905580155,8
2023,11,fold,0,win,1,reverser,1.0875705621676788,3
2024,11,fold,1,win,1,reverser,1.3194366800031645,51
2025,11,fold,0,win,1,reverser,1.5583054049418392,2
2026,11,fold,0,win,1,reverser,1.043902925187856,6
2027,11,fold,0,win,1,reverser,1.0528855799314378,32
2028,11,fold,0,win,1,reverser,1.1016822577695526,25
2029,11,fold,0,win,1,completer,0.13515267964475397,1
2029,11,fold,0,win,2,reverser,1.1094083596508832,4
2030,11,fold,0,win,1,completer,0.43972177610274765,27
2030,11,fold,0,win,2,reverser,1.0348952555001276,18
2031,11,fold,0,win,1,completer,0.7005869819384438,2
2031,11,fold,0,win,2,completer,0.904723533572166,66
2031,11,fold,0,win,3,reverser,1.2224034926235396,8
2032,11,fold,0,win,1,reverser,1.1262867102345857,3
2033,11,fold,0,win,1,reverser,1.007302451078506,5
2034,11,fold,0,win,1,reverser,1.0910099171299852,5
2035,11,fold,0,win,1,reverser,1.098928563579004,4
2036,11,fold,0,win,1,completer,0.6214175541625673,2
2036,11,fold,0,win,2,completer,0.8024857725305667,71
2036,11,fold,0,win,3,reverser,1.0842664910559852,3
2039,11,fold,0,win,1,reverser,1.1956920348810465,8
2040,11,fold,0,win,1,reverser,1.108835033912953,5
2041,11,fold,0,win,1,reverser,1.0496537363256282,27
2042,11,fold,0,win,1,reverser,1.1460116975539478,9
2043,11,fold,0,win,1,completer,0.9308458249778889,50
2043,11,fold,0,win,2,reverser,1.6522953301592127,5
2046,11,fold,0,win,1,reverser,1.081925783695424,12
2047,11,fold,0,win,1,reverser,1.138086336791454,37
2049,11,fold,0,win,1,completer,0.9360742781435725,134
2049,11,fold,0,win,2,reverser,0.37107737913186645,32
2050,11,fold,0,win,1,completer,0.6157518568820807,34
2050,11,fold,0,win,2,completer,0.7461947022933082,50
2050,11,fold,0,win,3,reverser,1.0250548009479878,69
2051,11,fold,0,win,1,reverser,1.0489146993962175,12
2052,11,fold,1,win,1,reverser,1.1563534549975027,45
2053,11,fold,0,win,1,reverser,1.3647159855705866,37
2054,11,fold,1,win,1,completer,0.18411152950918286,11
2054,11,fold,1,win,2,reverser,1.03628489466602,15
2055,11,fold,0,win,1,completer,0.358893676012206,29
2055,11,fold,0,win,2,reverser,1.1130812763154092,14
2056,11,fold,0,win,1,reverser,1.1452733402084239,10
2057,11,fold,0,win,1,completer,0.33178056278498413,27
2057,11,fold,0,win,2,reverser,1.0289920301320528,16
2058,11,fold,0,win,1,completer,0.7652940877866087,27
2058,11,fold,0,win,2,reverser,1.0804468182454565,31
2062,12,holdout,0,win,1,reverser,1.0141854871398297,104
2063,12,holdout,0,win,1,completer,0.7358023149623091,79
2063,12,holdout,0,win,2,completer,0.5921148661357791,73
2063,12,holdout,0,win,3,completer,0.16173350282606513,16
2063,12,holdout,0,win,4,completer,0.2812460491248734,12
2063,12,holdout,0,win,5,completer,0.36024009682096825,3
2064,12,holdout,0,win,1,completer,0.6737903677728303,36
2064,12,holdout,0,win,2,reverser,1.0699034643364866,4
2065,12,holdout,0,win,1,completer,0.5897583514162328,16
2065,12,holdout,0,win,2,reverser,1.145684764362036,21
2066,12,holdout,0,win,1,reverser,1.062355448981618,14
2067,12,holdout,0,win,1,completer,0.7021747460458145,25
2067,12,holdout,0,win,2,reverser,1.2433766254091922,24
2068,12,holdout,0,win,1,reverser,1.1331381112299863,14
2069,12,holdout,1,win,1,reverser,1.0611519080465406,9
2070,12,holdout,0,win,1,completer,0.36807109427165696,9
2070,12,holdout,0,win,2,completer,0.4448515160874982,27
2070,12,holdout,0,win,3,reverser,1.0163511506340424,15
2071,12,holdout,0,win,1,reverser,1.012276162137892,21
2072,12,holdout,0,win,1,completer,0.5197699532033767,33
2072,12,holdout,0,win,2,completer,0.49343915516878134,28
2072,12,holdout,0,win,3,completer,0.29543155394843756,16
2072,12,holdout,0,win,4,completer,0.3296615913934575,7
2072,12,holdout,0,win,5,reverser,1.390792752188613,6
2073,12,holdout,0,win,1,completer,0.7910236923037526,64
2073,12,holdout,0,win,2,completer,0.0872404730606724,7
2073,12,holdout,0,win,3,completer,0.8431075568176074,40
2073,12,holdout,0,win,4,reverser,1.087901720032586,9
2074,12,holdout,0,win,1,completer,0.7719281016962201,53
2074,12,holdout,0,win,2,completer,0.0860334932712905,5
2074,12,holdout,0,win,3,completer,0.19995370505121768,13
2074,12,holdout,0,win,4,completer,0.3061605691585356,9
2074,12,holdout,0,win,5,reverser,1.1611554919442706,3
2075,12,holdout,0,win,1,completer,0.8361604836772386,55
2075,12,holdout,0,win,2,reverser,1.0899591950804668,8
2076,12,holdout,1,win,1,completer,0.6947731075822732,38
2076,12,holdout,1,win,2,completer,0.4311001966239134,22
2076,12,holdout,1,win,3,reverser,1.1876977510088467,11
2077,12,holdout,0,win,1,reverser,1.04507056374968,6
2078,12,holdout,1,win,1,completer,0.6984675575514194,15
2078,12,holdout,1,win,2,reverser,1.2320752388021898,10
2080,12,holdout,0,win,1,reverser,1.0122544478316715,19
2081,12,holdout,1,win,1,completer,0.6729889374378457,18
2081,12,holdout,1,win,2,reverser,1.1871317383899025,10
2083,12,holdout,0,win,1,reverser,1.20100176163128,7
2084,12,holdout,0,win,1,reverser,1.1254336557818823,8
2088,12,holdout,0,win,1,reverser,1.096027591533125,22
2095,12,holdout,0,win,1,reverser,1.0224456938771982,18
2096,12,holdout,1,win,1,reverser,1.0276190865731882,22
2097,12,holdout,1,win,1,completer,0.435293192655144,29
2097,12,holdout,1,win,2,reverser,1.2431445287079421,28
2098,12,holdout,1,win,1,completer,0.1301685985382952,4
2098,12,holdout,1,win,2,reverser,1.0986783625561738,26
2099,12,holdout,0,win,1,reverser,1.4482392006186042,51
2100,12,holdout,1,win,1,reverser,1.0326032723362546,26
2102,12,holdout,1,win,1,reverser,1.1619191064434953,45
2103,12,holdout,0,win,1,reverser,1.257448595203251,19
2105,12,holdout,0,win,1,reverser,1.2852242355961383,12
2106,12,holdout,0,win,1,completer,0.76291139807307,34
2106,12,holdout,0,win,2,reverser,1.033621894163498,8
2108,12,holdout,0,win,1,completer,0.7511534899255233,32
2108,12,holdout,0,win,2,reverser,1.1324739744034424,52
2109,12,holdout,1,win,1,completer,0.4955809360801531,8
2109,12,holdout,1,win,2,reverser,1.454314494486184,6
2110,12,holdout,0,win,1,reverser,1.103919220609083,8
2113,12,holdout,1,win,1,reverser,1.7115819895502318,6
2114,12,holdout,0,win,1,completer,0.11426425613245161,10
2114,12,holdout,0,win,2,completer,0.6916312646325395,33
2114,12,holdout,0,win,3,completer,0.5283966130147313,13
2114,12,holdout,0,win,4,completer,0.9806170552744611,83
2114,12,holdout,0,win,5,reverser,1.0060091121927721,47
2115,12,holdout,0,win,1,reverser,1.2123497698495018,7
2116,12,holdout,0,win,1,reverser,1.0569872793060773,4
2117,12,holdout,1,win,1,reverser,1.6832420658335359,2
2118,12,holdout,0,win,1,completer,0.1995906734154005,19
2118,12,holdout,0,win,2,completer,0.4612762230044789,47
2118,12,holdout,0,win,3,reverser,0.8148944464091379,149
2119,12,holdout,0,win,1,completer,0.14983372329001776,11
2119,12,holdout,0,win,2,completer,0.7974371984495447,44
2119,12,holdout,0,win,3,completer,0.9181086534482206,83
2119,12,holdout,0,win,4,reverser,0.9321869898647419,81
2120,12,holdout,1,win,1,completer,0.9066604570447157,61
2120,12,holdout,1,win,2,reverser,1.0086899804774874,12
2121,12,holdout,0,win,1,completer,0.17798928488538235,12
2121,12,holdout,0,win,2,reverser,1.1384597655877151,25
2122,12,holdout,0,win,1,reverser,1.011229770485191,6
2124,12,holdout,0,win,1,reverser,1.0901690372620447,16
2126,12,holdout,1,win,1,reverser,1.1168000441987005,17
2127,12,holdout,1,win,1,reverser,1.5464595344806225,25
2129,12,holdout,0,win,1,reverser,1.4793558873990822,59
2130,12,holdout,0,win,1,completer,0.7114063457016973,30
2130,12,holdout,0,win,2,reverser,1.015604145379677,72
2131,12,holdout,0,win,1,reverser,1.0582786451211197,15
2132,12,holdout,1,win,1,completer,0.20651222295124816,11
2132,12,holdout,1,win,2,reverser,1.000293579920135,23
2135,12,holdout,1,win,1,reverser,1.1539843279652424,4
2136,12,holdout,0,win,1,completer,0.2195117095526009,6
2136,12,holdout,0,win,2,reverser,1.1617116178083524,7
2137,12,holdout,0,win,1,reverser,1.034193598479141,88
2138,12,holdout,1,win,1,reverser,1.0839391754574474,21
2139,12,holdout,0,win,1,reverser,1.16326565208179,17
2140,12,holdout,0,win,1,reverser,1.018917203153458,8
2146,12,holdout,0,win,1,reverser,1.1195604757424547,22
2147,12,holdout,1,win,1,completer,0.4453102719810842,14
2147,12,holdout,1,win,2,reverser,1.2512913635632947,9
2148,12,holdout,1,win,1,reverser,1.062736008411787,37
2149,12,holdout,1,win,1,completer,0.008153264814448224,1
2149,12,holdout,1,win,2,completer,0.19975498795356694,5
2149,12,holdout,1,win,3,completer,0.3057474305411594,8
2149,12,holdout,1,win,4,reverser,1.0207887547667789,9
2151,12,holdout,0,win,1,reverser,1.090640864262875,21
2152,12,holdout,0,win,1,reverser,1.2822863314656279,32
2154,12,holdout,1,win,1,completer,0.8726495822705518,32
2154,12,holdout,1,win,2,reverser,1.1663239790456141,6
2155,12,holdout,1,win,1,reverser,1.1541065974088867,9
2156,12,holdout,0,win,1,reverser,1.1015828291603342,25
2159,12,holdout,1,win,1,reverser,1.119781538411429,14
2160,12,holdout,0,win,1,reverser,1.054694435663866,26
2162,12,holdout,1,win,1,reverser,1.0337718274317618,20
2163,12,holdout,1,win,1,completer,0.7621355887836565,3
2163,12,holdout,1,win,2,reverser,1.033777728699823,6
2164,12,holdout,0,win,1,completer,0.6060535507816455,46
2164,12,holdout,0,win,2,reverser,1.040784543038434,3
2166,12,holdout,1,win,1,reverser,1.0070884197467533,59
2167,12,holdout,0,win,1,completer,0.6294620801763892,34
2167,12,holdout,0,win,2,completer,0.5868306672080248,13
2167,12,holdout,0,win,3,reverser,1.0809843497021983,3
2170,12,holdout,0,win,1,completer,0.7844243963874877,12
2170,12,holdout,0,win,2,reverser,1.054789338342379,7
2171,12,holdout,1,win,1,reverser,1.0048022196207174,59
2172,12,holdout,0,win,1,reverser,1.09844702765223,21
2173,12,holdout,1,win,1,reverser,1.1584224647188441,14
2176,12,holdout,1,win,1,reverser,1.0840332175831817,23
2179,12,holdout,0,win,1,reverser,1.082425033631598,25
2180,12,holdout,0,win,1,reverser,1.0024704382895548,28
2182,12,holdout,1,win,1,completer,0.3708345096525416,7
2182,12,holdout,1,win,2,reverser,1.2138827474238252,8
2184,12,holdout,1,win,1,reverser,1.014748515669947,15
2185,12,holdout,0,win,1,reverser,1.020702270743703,27
2187,12,holdout,0,win,1,reverser,1.0184471483829616,22
2188,12,holdout,1,win,1,completer,0.6448190163091536,8
2188,12,holdout,1,win,2,reverser,1.03700638693893,6
2189,12,holdout,1,win,1,reverser,1.014522459133289,51
2190,12,holdout,0,win,1,reverser,1.0002615478922725,12
2191,12,holdout,1,win,1,reverser,1.1327939255636168,22
2192,12,holdout,0,win,1,reverser,1.1927898534260053,50
2193,12,holdout,0,win,1,reverser,1.0148022293722978,17
2194,12,holdout,1,win,1,completer,0.20399394014165262,4
2194,12,holdout,1,win,2,completer,0.23128564641910154,6
2194,12,holdout,1,win,3,reverser,1.1397756655533446,4
2195,12,holdout,1,win,1,reverser,1.0065389055070861,33
2196,12,holdout,1,win,1,reverser,1.0485925579905064,22
2197,12,holdout,1,win,1,reverser,1.1512565219719704,15
2198,12,holdout,1,win,1,completer,0.21598860854624968,7
2198,12,holdout,1,win,2,reverser,1.301105031122913,4
2199,12,holdout,1,win,1,reverser,1.0262848970297083,7
2200,12,holdout,1,win,1,completer,0.35530925448693895,8
2200,12,holdout,1,win,2,completer,0.42330053158015657,13
2200,12,holdout,1,win,3,completer,0.41365015676690664,6
2200,12,holdout,1,win,4,reverser,1.069875644066273,10
2201,12,holdout,1,win,1,completer,0.5759337051804512,7
2201,12,holdout,1,win,2,reverser,1.3325370247257189,13
2202,12,holdout,0,win,1,reverser,1.279291798645561,17
2203,12,holdout,0,win,1,completer,0.8596764087056608,44
2203,12,holdout,0,win,2,reverser,1.031188204531172,9
2204,12,holdout,0,win,1,completer,0.48813839840676687,24
2204,12,holdout,0,win,2,completer,0.5370777236969064,46
2204,12,holdout,0,win,3,reverser,1.015804713394039,44
2205,12,holdout,1,win,1,completer,0.3346576335885838,39
2205,12,holdout,1,win,2,reverser,1.175109736148385,69
2206,12,holdout,1,win,1,completer,0.5534493660032833,7
2206,12,holdout,1,win,2,reverser,1.039157071541085,48
2207,12,holdout,0,win,1,completer,0.4216249914480519,25
2207,12,holdout,0,win,2,completer,0.4638958774801196,55
2207,12,holdout,0,win,3,reverser,1.1337268407574919,36
2208,12,holdout,1,win,1,reverser,1.0680003083020433,57
2209,12,holdout,1,win,1,reverser,1.0300774792520837,7
2210,12,holdout,1,win,1,reverser,1.050096715324802,5
2211,12,holdout,1,win,1,completer,0.9538212295955883,3
2211,12,holdout,1,win,2,reverser,1.05564018293894,6
2212,12,holdout,0,win,1,reverser,1.0288216252292668,27
2213,12,holdout,0,win,1,completer,0.20775370592465991,5
2213,12,holdout,0,win,2,completer,0.08230498253886154,4
2213,12,holdout,0,win,3,completer,0.46064240227387465,16
2213,12,holdout,0,win,4,completer,0.3544424248043807,8
2213,12,holdout,0,win,5,completer,0.6199423684780978,16
2214,12,holdout,1,win,1,reverser,1.4938649245700983,8
2215,12,holdout,0,win,1,completer,0.308519750985095,11
2215,12,holdout,0,win,2,reverser,1.0804811879992842,7
2217,12,holdout,0,win,1,completer,0.21690443211667465,6
2217,12,holdout,0,win,2,completer,0.5349784450936026,19
2217,12,holdout,0,win,3,completer,0.2920927198377137,7
2217,12,holdout,0,win,4,completer,0.4940382256015088,15
2217,12,holdout,0,win,5,reverser,1.0301976385650704,18
2218,12,holdout,0,win,1,completer,0.4000965881190057,11
2218,12,holdout,0,win,2,completer,0.309639968196457,7
2218,12,holdout,0,win,3,completer,0.6662477967373226,9
2218,12,holdout,0,win,4,reverser,1.3733750274781085,7
2219,12,holdout,0,win,1,reverser,1.1313145751289762,18
2220,12,holdout,0,win,1,reverser,1.0442169706619184,20
2221,12,holdout,0,win,1,completer,0.6767472040105896,59
2221,12,holdout,0,win,2,reverser,1.0213419034148492,63
2222,12,holdout,0,win,1,completer,0.58849066704564,38
2222,12,holdout,0,win,2,reverser,1.1259139621575578,19
2224,12,holdout,0,win,1,reverser,1.1057661603645914,18
2226,12,holdout,1,win,1,reverser,1.0180188490735107,39
2227,12,holdout,0,win,1,reverser,1.0386475542124722,29
2230,12,holdout,1,win,1,completer,0.5482570884645326,48
2230,12,holdout,1,win,2,reverser,1.0489381485912244,19
2233,12,holdout,1,win,1,completer,0.12541357943226217,7
2233,12,holdout,1,win,2,completer,0.33946532778663485,21
2233,12,holdout,1,win,3,completer,0.2692148641196539,16
2233,12,holdout,1,win,4,reverser,1.002365676214401,15
2235,12,holdout,0,win,1,reverser,1.1002360957567057,12
2236,12,holdout,0,win,1,reverser,1.0240513149321622,22
2240,12,holdout,1,win,1,reverser,1.0188541167728273,8
2241,12,holdout,0,win,1,reverser,1.2443964235262934,6
2243,12,holdout,0,win,1,reverser,1.087263348564755,14
2249,12,holdout,0,win,1,reverser,1.0735364276703567,15
2250,12,holdout,0,win,1,reverser,1.1452805756799664,48
2252,12,holdout,0,win,1,completer,0.3707321856831669,11
2252,12,holdout,0,win,2,completer,0.32634875500280014,4
2252,12,holdout,0,win,3,reverser,1.0306093682988329,15
2253,12,holdout,1,win,1,reverser,1.0387494515316522,18
2254,12,holdout,0,win,1,completer,0.3560208380883698,10
2254,12,holdout,0,win,2,completer,0.31339862507780314,5
2254,12,holdout,0,win,3,reverser,1.0943879987716638,42
2255,12,holdout,0,win,1,reverser,1.264909811000673,47
2256,12,holdout,0,win,1,reverser,1.1137784448173256,7
2257,12,holdout,0,win,1,completer,0.9525073159547784,91
2257,12,holdout,0,win,2,completer,0.3864213811732746,16
2257,12,holdout,0,win,3,completer,0.9441895125469668,89
2257,12,holdout,0,win,4,completer,0.5829591931230222,11
2257,12,holdout,0,win,5,reverser,0.6887141221649138,23
2258,12,holdout,0,win,1,completer,0.4712647262951055,19
2258,12,holdout,0,win,2,reverser,1.024212077697917,60
2259,12,holdout,0,win,1,completer,0.5237909395651822,32
2259,12,holdout,0,win,2,reverser,1.1799717696922782,45
2261,12,holdout,0,win,1,reverser,1.09318223200833,25
2262,12,holdout,0,win,1,completer,0.9471058869278625,31
2262,12,holdout,0,win,2,reverser,1.0798877277750167,10
2263,12,holdout,1,win,1,completer,0.31572645988731285,24
2263,12,holdout,1,win,2,reverser,1.1441176665223627,42
2264,12,holdout,1,win,1,reverser,1.1347845302694881,64
2265,12,holdout,0,win,1,reverser,1.0969014917911815,61
2266,12,holdout,1,win,1,completer,0.4339184150191471,33
2266,12,holdout,1,win,2,reverser,1.0866785469406115,33
2267,12,holdout,1,win,1,reverser,1.2277660088178306,60
2268,12,holdout,0,win,1,completer,0.9013027396909761,73
2268,12,holdout,0,win,2,completer,0.8539999246286323,49
2268,12,holdout,0,win,3,completer,0.07789385713859209,6
2268,12,holdout,0,win,4,reverser,1.1313020560420197,12
2269,12,holdout,0,win,1,reverser,1.1231627760071248,11
2270,12,holdout,1,win,1,completer,0.4345922237775015,8
2270,12,holdout,1,win,2,reverser,1.3202384979906547,13
2271,12,holdout,0,win,1,reverser,1.267326693012411,13
2272,12,holdout,1,win,1,completer,0.15090597625988456,8
2272,12,holdout,1,win,2,reverser,1.1386046584229894,20
2273,12,holdout,1,win,1,completer,0.34889809897379676,8
2273,12,holdout,1,win,2,reverser,1.0599101340036607,12
2274,12,holdout,0,win,1,reverser,1.1452998334970856,13
2275,12,holdout,0,win,1,completer,0.9972584001030449,49
2275,12,holdout,0,win,2,reverser,1.0121111847854656,21
2276,12,holdout,0,win,1,reverser,1.025136667355353,19
2277,12,holdout,1,win,1,reverser,1.1643748717373754,14
2278,12,holdout,1,win,1,reverser,1.1359154128389326,9
2279,12,holdout,1,win,1,completer,0.6608774051487676,29
2279,12,holdout,1,win,2,reverser,1.7652383321736913,8
2281,12,holdout,0,win,1,reverser,1.0029728861455143,3
2282,12,holdout,1,win,1,reverser,1.065082278227389,6
2283,12,holdout,1,win,1,completer,0.6346375549364678,10
2283,12,holdout,1,win,2,reverser,1.1857779327241615,7
2284,12,holdout,0,win,1,reverser,1.0692896355568844,13
2285,12,holdout,0,win,1,reverser,1.0551079304923527,4
2286,12,holdout,0,win,1,reverser,1.2187004801182972,6
2287,12,holdout,0,win,1,reverser,1.1703661188192152,19
2288,12,holdout,0,win,1,reverser,1.0900194467991107,7
2289,12,holdout,0,win,1,reverser,1.0249610267358482,21
2290,12,holdout,1,win,1,completer,0.9595936835312137,67
2290,12,holdout,1,win,2,reverser,1.078156814207534,42
2291,12,holdout,0,win,1,reverser,1.1232399670585789,13
2292,12,holdout,0,win,1,reverser,1.3040482614354068,11
2294,12,holdout,0,win,1,reverser,1.0172138560809691,13
2296,12,holdout,0,win,1,reverser,1.018881801046688,7
2297,12,holdout,0,win,1,completer,0.26133274556154185,9
2297,12,holdout,0,win,2,completer,0.1467759255893779,9
2297,12,holdout,0,win,3,completer,0.5865922879825609,15
2297,12,holdout,0,win,4,completer,0.6597245435898036,21
2297,12,holdout,0,win,5,completer,0.42293968802230175,4
2299,12,holdout,0,win,1,completer,0.40601628150155245,14
2299,12,holdout,0,win,2,reverser,1.1712008120236874,9
2300,12,holdout,0,win,1,reverser,1.1625123842222849,10
2302,12,holdout,0,win,1,completer,0.19665821598011224,6
2302,12,holdout,0,win,2,completer,0.9595121452886366,21
2302,12,holdout,0,win,3,completer,0.9823270690379733,2
2302,12,holdout,0,win,4,reverser,1.4312347940775654,2
2303,12,holdout,0,win,1,reverser,1.0916316614656179,4
2307,12,holdout,0,win,1,reverser,1.4464143531507545,12
2308,12,holdout,0,win,1,completer,0.3313518917601508,14
2308,12,holdout,0,win,2,completer,0.1861017474269584,7
2308,12,holdout,0,win,3,completer,0.11801574227074996,6
2308,12,holdout,0,win,4,completer,0.743758551563392,13
2308,12,holdout,0,win,5,completer,0.8364852062046877,21
2309,12,holdout,0,win,1,reverser,1.0301680789458127,21
2311,12,holdout,0,win,1,completer,0.6595513070920669,20
2311,12,holdout,0,win,2,completer,0.7247882331111573,49
2311,12,holdout,0,win,3,reverser,1.0348132576789313,14
2312,12,holdout,0,win,1,reverser,1.0000341342193517,7
2313,12,holdout,0,win,1,completer,0.7109483251239421,16
2313,12,holdout,0,win,2,completer,0.7278529905907267,12
2313,12,holdout,0,win,3,reverser,1.0604701406905739,2
2314,12,holdout,1,win,1,reverser,1.2321268012375186,21
2315,12,holdout,1,win,1,reverser,1.1844231608556772,50
2316,12,holdout,1,win,1,completer,0.4836668372653068,21
2316,12,holdout,1,win,2,completer,0.566651299699656,59
2316,12,holdout,1,win,3,reverser,1.1706210558786592,9
2318,12,holdout,1,win,1,reverser,1.0162764867859475,16
2319,12,holdout,0,win,1,completer,0.30185249061120545,19
2319,12,holdout,0,win,2,completer,0.9173256001225369,20
2319,12,holdout,0,win,3,completer,0.42129899274391436,18
2319,12,holdout,0,win,4,completer,0.42541783764503016,8
2319,12,holdout,0,win,5,completer,0.839067547001112,27
2320,12,holdout,1,win,1,reverser,1.1219143442764477,15
2323,12,holdout,0,win,1,completer,0.36180306786084493,26
2323,12,holdout,0,win,2,reverser,1.0600668128381496,14
2324,12,holdout,1,win,1,reverser,1.1837041575879474,18
2325,12,holdout,0,win,1,completer,0.999597379534667,54
2325,12,holdout,0,win,2,reverser,1.149851021407698,15
2330,12,holdout,1,win,1,completer,0.21642578159075754,8
2330,12,holdout,1,win,2,completer,0.7497299485783284,19
2330,12,holdout,1,win,3,reverser,1.2791539720712568,6
2332,12,holdout,0,win,1,completer,0.45592510155094246,20
2332,12,holdout,0,win,2,reverser,1.0360013025972072,28
2333,12,holdout,1,win,1,reverser,1.1354126371885678,16
2334,12,holdout,1,win,1,reverser,1.2034745474082744,20
2335,12,holdout,0,win,1,reverser,1.142910917450769,26
2337,12,holdout,1,win,1,reverser,1.0504093279149829,12
2338,12,holdout,0,win,1,completer,0.3120360938626463,26
2338,12,holdout,0,win,2,reverser,1.1953650361541583,22
2339,12,holdout,0,win,1,reverser,1.0268760115796822,13
2340,12,holdout,1,win,1,reverser,1.0591467934209888,10
2341,12,holdout,0,win,1,completer,0.22578263241655416,10
2341,12,holdout,0,win,2,completer,0.5260930818104375,30
2341,12,holdout,0,win,3,reverser,1.3441885940730394,11
2342,12,holdout,1,win,1,reverser,1.0029636468656449,31
2343,12,holdout,1,win,1,reverser,1.06582954465991,45
2345,12,holdout,1,win,1,reverser,1.0413880072559865,43
2346,12,holdout,1,win,1,reverser,1.0816151237903624,9
2348,12,holdout,0,win,1,completer,0.25599190105683733,11
2348,12,holdout,0,win,2,completer,0.31050374637582445,20
2348,12,holdout,0,win,3,completer,0.11704013847902583,11
2348,12,holdout,0,win,4,reverser,1.1137518200468621,12
2349,12,holdout,1,win,1,reverser,1.0131876529534498,6
2350,12,holdout,1,win,1,completer,0.5942174603674572,15
2350,12,holdout,1,win,2,reverser,1.1310254649025921,5
2352,12,holdout,1,win,1,reverser,1.0483547634796198,5
2353,12,holdout,1,win,1,reverser,1.290987528662011,3
2357,12,holdout,1,win,1,reverser,1.310008376248751,37
2358,12,holdout,0,win,1,reverser,1.0557773380891493,8
2359,12,holdout,0,win,1,reverser,1.1668726131808929,23
2363,12,holdout,1,win,1,reverser,1.1756199751040042,18
2365,12,holdout,0,win,1,reverser,1.0384414020893713,45
2367,12,holdout,1,win,1,reverser,1.202965267386355,45
2368,12,holdout,1,win,1,reverser,1.0017979101382548,40
2373,12,holdout,0,win,1,reverser,1.1175273332075721,8
2374,12,holdout,0,win,1,completer,0.35544042464271874,8
2374,12,holdout,0,win,2,reverser,1.1805896020976494,34
2375,12,holdout,0,win,1,completer,0.7262849379384858,46
2375,12,holdout,0,win,2,completer,0.40631893098981386,22
2375,12,holdout,0,win,3,completer,0.23117679351453102,5
2375,12,holdout,0,win,4,completer,0.2625778568021966,4
2375,12,holdout,0,win,5,reverser,1.4241464996251505,12
2376,12,holdout,1,win,1,reverser,1.033838761638513,18
2377,12,holdout,1,win,1,reverser,1.030419439952646,15
2378,12,holdout,0,win,1,completer,0.8266880252634954,131
2378,12,holdout,0,win,2,completer,0.34973402122030706,24
2378,12,holdout,0,win,3,reverser,1.0941885975108319,13
2379,12,holdout,1,win,1,reverser,1.011916303538996,30
2380,12,holdout,1,win,1,reverser,1.0432427842613334,25
2381,12,holdout,0,win,1,reverser,1.1479866384265187,43
2383,12,holdout,0,win,1,completer,0.2641037627574664,28
2383,12,holdout,0,win,2,reverser,1.0117924113498062,34
2384,12,holdout,0,win,1,reverser,1.3295478911467233,2
2388,12,holdout,0,win,1,completer,0.725822624718816,5
2388,12,holdout,0,win,2,completer,0.07928467860103483,2
2388,12,holdout,0,win,3,reverser,1.201939380235379,19
2389,12,holdout,1,win,1,reverser,1.0581652045834469,39
2391,12,holdout,1,win,1,completer,0.46150523676101407,19
2391,12,holdout,1,win,2,reverser,1.080607823394212,28
2395,12,holdout,0,win,1,completer,0.2319590280576398,5
2395,12,holdout,0,win,2,completer,0.2319590280576398,4
2395,12,holdout,0,win,3,completer,0.33302913229925,11
2395,12,holdout,0,win,4,completer,0.4262521787581681,17
2395,12,holdout,0,win,5,reverser,1.0078761016144906,6
2396,12,holdout,0,win,1,completer,0.19210870189904283,3
2396,12,holdout,0,win,2,completer,0.8786147983911312,24
2396,12,holdout,0,win,3,reverser,1.4232994708342477,13
2397,12,holdout,0,win,1,reverser,1.0008758839901322,16
2399,12,holdout,0,win,1,reverser,1.070909659121222,15
2403,12,holdout,0,win,1,completer,0.6425058193434088,15
2403,12,holdout,0,win,2,reverser,1.462860623691059,14
2404,12,holdout,0,win,1,completer,0.6628358216161581,15
2404,12,holdout,0,win,2,reverser,1.5091480796315313,14
2405,12,holdout,0,win,1,reverser,1.16616344556797,6
2406,12,holdout,0,win,1,reverser,1.6638562157238488,25
2407,12,holdout,0,win,1,reverser,1.2510369566887698,14
2408,12,holdout,1,win,1,completer,0.4711727787979465,16
2408,12,holdout,1,win,2,reverser,1.011128415059567,68
2409,12,holdout,0,win,1,reverser,1.117831100181638,13
2410,12,holdout,0,win,1,completer,0.6897867288664142,45
2410,12,holdout,0,win,2,reverser,1.0101445907980096,39
2411,12,holdout,0,win,1,reverser,1.012254595752937,99
2414,12,holdout,0,win,1,completer,0.6411079493775531,16
2414,12,holdout,0,win,2,completer,1.3641286764200384,22
2414,12,holdout,0,win,3,reverser,1.3641286764200384,1
2415,12,holdout,1,win,1,completer,2.062895331757097,23
2415,12,holdout,1,win,2,reverser,2.062895331757097,1
2416,12,holdout,1,win,1,reverser,1.1670984063926424,19
2418,12,holdout,1,win,1,reverser,1.2427268617061893,9
2421,12,holdout,1,win,1,reverser,1.216187028532589,25
2422,12,holdout,1,win,1,reverser,1.1908027977992195,18
2423,12,holdout,1,win,1,reverser,1.2275056966844538,19
2424,12,holdout,0,win,1,completer,0.47752902464757563,19
2424,12,holdout,0,win,2,completer,0.7808396557236748,37
2424,12,holdout,0,win,3,completer,0.3565190837519223,18
2424,12,holdout,0,win,4,completer,0.9173406651198963,21
2424,12,holdout,0,win,5,completer,0.47303885986481564,19
2425,12,holdout,0,win,1,completer,0.6167671115697972,11
2425,12,holdout,0,win,2,completer,0.8475346712178866,48
2425,12,holdout,0,win,3,completer,0.37127651760299907,17
2425,12,holdout,0,win,4,reverser,1.0651795263644477,15
2427,12,holdout,0,win,1,completer,0.46772310541013373,18
2427,12,holdout,0,win,2,completer,0.7648053411454789,37
2427,12,holdout,0,win,3,completer,0.3491980683550917,18
2427,12,holdout,0,win,4,completer,0.8985033421278001,21
2427,12,holdout,0,win,5,completer,0.6647517384367001,36
2428,12,holdout,1,win,1,completer,0.7643255677997949,80
2428,12,holdout,1,win,2,reverser,1.4768916559355527,14
2430,12,holdout,1,win,1,reverser,1.0553820712276814,24
2431,12,holdout,1,win,1,reverser,1.04210701392638,29
2435,12,holdout,0,win,1,reverser,1.2352791020824483,17
2437,12,holdout,1,win,1,reverser,1.1548608537965768,25
2438,12,holdout,0,win,1,completer,0.7749513683772247,29
2438,12,holdout,0,win,2,completer,0.9972939595621846,93
2438,12,holdout,0,win,3,reverser,1.0397638927098738,19
2441,12,holdout,0,win,1,reverser,1.001860518266925,13
2442,12,holdout,1,win,1,reverser,1.0745466831172907,30
2443,12,holdout,0,win,1,reverser,1.019736600359154,70
2444,12,holdout,0,win,1,reverser,1.2544596475861247,9
2445,12,holdout,0,win,1,reverser,1.0399968406908668,9
2446,12,holdout,1,win,1,reverser,1.116357471534384,19
2448,12,holdout,1,win,1,reverser,1.0818285268207972,6
2450,12,holdout,1,win,1,reverser,1.2014548665634572,7
2451,12,holdout,1,win,1,reverser,1.0055475114999701,52
2452,12,holdout,1,win,1,completer,0.6877205549338561,43
2452,12,holdout,1,win,2,completer,0.7266756101895193,63
2452,12,holdout,1,win,3,reverser,1.0142877003947635,7
2453,12,holdout,1,win,1,completer,0.5504705418300948,32
2453,12,holdout,1,win,2,reverser,1.0731289399833752,52
2455,12,holdout,0,win,1,reverser,0.9844336946243253,53
2456,12,holdout,1,win,1,completer,0.6814994888331352,13
2456,12,holdout,1,win,2,reverser,1.1089801863151865,17
2457,12,holdout,0,win,1,reverser,1.072466250318489,86
2458,12,holdout,1,win,1,completer,0.3051028303457408,12
2458,12,holdout,1,win,2,reverser,1.0300650748140288,44
2460,12,holdout,1,win,1,completer,0.7292796640879025,6
2460,12,holdout,1,win,2,reverser,1.186731187635714,24
2461,12,holdout,0,win,1,reverser,1.014705821001096,46
2462,12,holdout,0,win,1,reverser,1.0551190522185576,25
2464,12,holdout,1,win,1,reverser,1.0202299441904155,42
2465,12,holdout,0,win,1,completer,0.843152693572752,45
2465,12,holdout,0,win,2,completer,0.8585013469751688,101
2465,12,holdout,0,win,3,reverser,1.8891634229474454,21
2466,12,holdout,1,win,1,completer,0.9320229664506561,47
2466,12,holdout,1,win,2,reverser,1.0310134085472107,93
2467,12,holdout,1,win,1,reverser,1.076253242552236,11
2471,12,holdout,0,win,1,reverser,1.2039417619075499,9
2473,12,holdout,0,win,1,reverser,1.099380470353231,13
2475,12,holdout,0,win,1,reverser,1.6990935472057211,8
2476,12,holdout,0,win,1,completer,0.3717980251316968,9
2476,12,holdout,0,win,2,reverser,1.3641111964454131,13
2477,12,holdout,0,win,1,completer,0.6792184595527113,62
2477,12,holdout,0,win,2,reverser,1.6481463619103687,58
2478,12,holdout,0,win,1,completer,0.9378200876575618,39
2478,12,holdout,0,win,2,completer,0.7808589399337253,34
2478,12,holdout,0,win,3,completer,0.44993505014844226,18
2478,12,holdout,0,win,4,reverser,1.0067372647046087,10
2479,12,holdout,1,win,1,completer,0.3417284070792479,9
2479,12,holdout,1,win,2,reverser,1.4214033515415194,11
2483,12,holdout,1,win,1,reverser,1.321537873959779,41
2485,12,holdout,1,win,1,reverser,1.018425924530546,18
2487,12,holdout,0,win,1,reverser,1.0932372776612578,8
2489,12,holdout,0,win,1,reverser,1.3869780995333252,16
2490,12,holdout,0,win,1,reverser,1.0582950058522806,8
2491,12,holdout,1,win,1,reverser,1.2646614721359855,33
2493,12,holdout,0,win,1,reverser,1.0070289384573048,70
2495,12,holdout,0,win,1,completer,0.2595471855829643,21
2495,12,holdout,0,win,2,completer,0.8484534379115947,66
2495,12,holdout,0,win,3,reverser,1.1468275053467076,28
2498,12,holdout,1,win,1,reverser,1.0000099487440728,3
2501,12,holdout,1,win,1,reverser,1.3126268924900093,7
2503,12,holdout,1,win,1,reverser,1.1908466653049241,9
2504,12,holdout,1,win,1,reverser,1.0938351646749025,19
2507,12,holdout,1,win,1,completer,0.7067822485705457,24
2507,12,holdout,1,win,2,reverser,1.1875714270652398,32
2508,12,holdout,1,win,1,reverser,1.10703397820143,7
2511,12,holdout,1,win,1,completer,0.2875128905554255,8
2511,12,holdout,1,win,2,completer,0.27459096288999985,9
2511,12,holdout,1,win,3,completer,0.45549795020578987,11
2511,12,holdout,1,win,4,reverser,1.2905775255830991,8
2512,12,holdout,1,win,1,completer,0.33302381915540624,16
2512,12,holdout,1,win,2,completer,0.3427235420434376,15
2512,12,holdout,1,win,3,reverser,1.2536891832768071,21
2513,12,holdout,1,win,1,reverser,1.0055872831118893,34
2514,12,holdout,0,win,1,completer,0.20001067450368448,6
2514,12,holdout,0,win,2,reverser,1.145603309145227,16
2515,12,holdout,0,win,1,completer,0.1894406805951776,7
2515,12,holdout,0,win,2,reverser,1.085061440421077,16
2517,12,holdout,0,win,1,completer,0.5166808898402084,29
2517,12,holdout,0,win,2,completer,0.23068780327485383,17
2517,12,holdout,0,win,3,reverser,1.1310179555807598,34
2519,12,holdout,0,win,1,reverser,1.0133683663595625,39
2520,12,holdout,0,win,1,completer,0.987425449094552,52
2520,12,holdout,0,win,2,completer,0.19417495362318649,8
2520,12,holdout,0,win,3,reverser,1.2850421588336198,10
2521,12,holdout,0,win,1,completer,0.30556490483583043,24
2521,12,holdout,0,win,2,completer,0.7841644429509307,33
2521,12,holdout,0,win,3,reverser,1.0699632192661044,16
2522,12,holdout,0,win,1,completer,0.4693885333414045,25
2522,12,holdout,0,win,2,completer,0.7925276498216283,63
2522,12,holdout,0,win,3,completer,0.7824858764807976,44
2522,12,holdout,0,win,4,completer,0.16118333618855107,10
2522,12,holdout,0,win,5,completer,0.23327811914828978,8
2523,12,holdout,0,win,1,completer,0.7700886242742704,39
2523,12,holdout,0,win,2,reverser,1.0319524584366802,20
2524,12,holdout,1,loss,1,reverser,2.2312902247388724,15
2525,12,holdout,1,win,1,completer,0.7999584491780297,19
2525,12,holdout,1,win,2,reverser,1.0767281745937585,6
2526,12,holdout,1,win,1,completer,0.43010908703361794,13
2526,12,holdout,1,win,2,reverser,1.0730089855470109,6
2527,12,holdout,0,win,1,completer,0.4549127044554653,20
2527,12,holdout,0,win,2,reverser,1.1150537642007354,22
2528,12,holdout,0,win,1,completer,0.8714221825033924,20
2528,12,holdout,0,win,2,completer,0.5031507900032932,9
2528,12,holdout,0,win,3,reverser,1.0495734686253275,18
2529,12,holdout,0,win,1,completer,0.7552112503237111,19
2529,12,holdout,0,win,2,reverser,1.0164993342207356,6
2530,12,holdout,0,win,1,completer,0.36093978057851617,9
2530,12,holdout,0,win,2,reverser,1.0139075213434525,12
2531,12,holdout,0,win,1,completer,0.4863741285859027,20
2531,12,holdout,0,win,2,completer,0.5592976927112465,8
2531,12,holdout,0,win,3,reverser,1.192170052798902,15
2532,12,holdout,0,win,1,reverser,1.3013784471700716,8
2533,12,holdout,1,win,1,completer,0.49732292349528007,14
2533,12,holdout,1,win,2,reverser,1.2805860451781252,23
2534,12,holdout,0,win,1,completer,0.28223937234317553,18
2534,12,holdout,0,win,2,completer,0.2802348313464331,25
2534,12,holdout,0,win,3,completer,0.20005319147621492,12
2534,12,holdout,0,win,4,completer,0.22691404083274236,8
2534,12,holdout,0,win,5,reverser,1.3282088644502448,15
2535,12,holdout,0,win,1,completer,0.22879050386509814,10
2535,12,holdout,0,win,2,completer,0.27749785722699505,11
2535,12,holdout,0,win,3,reverser,1.193553585593115,14
2536,12,holdout,0,win,1,completer,0.4021950866787485,4
2536,12,holdout,0,win,2,reverser,1.0895998894674088,17
2537,12,holdout,0,win,1,completer,0.4893750260654479,23
2537,12,holdout,0,win,2,completer,0.22620001204803364,5
2537,12,holdout,0,win,3,completer,0.18777501000139551,5
2537,12,holdout,0,win,4,completer,0.947937550489725,24
2537,12,holdout,0,win,5,reverser,1.1531125614178928,9
2539,12,holdout,0,win,1,reverser,1.1482150090557632,37
2542,12,holdout,0,win,1,completer,0.4730154972169248,24
2542,12,holdout,0,win,2,completer,0.7299118448433557,15
2542,12,holdout,0,win,3,completer,0.7364361965291129,17
2542,12,holdout,0,win,4,completer,0.4823942527651983,9
2542,12,holdout,0,win,5,reverser,1.0814112919131755,12
2543,12,holdout,1,win,1,reverser,1.0263006310768015,14
2544,12,holdout,1,win,1,completer,0.7142216898646829,27
2544,12,holdout,1,win,2,completer,0.2848730883718025,6
2544,12,holdout,1,win,3,reverser,1.0288054684347459,15
2545,12,holdout,0,win,1,completer,0.2599587514962509,3
2545,12,holdout,0,win,2,reverser,1.5748057997098681,7
2546,12,holdout,0,win,1,reverser,1.0156059638188335,27
2547,12,holdout,0,win,1,completer,0.6601779178154632,15
2547,12,holdout,0,win,2,completer,0.6601779178154632,13
2547,12,holdout,0,win,3,reverser,1.033193243576699,3
2549,12,holdout,0,win,1,reverser,1.0367379500575398,21
2550,12,holdout,0,win,1,reverser,1.0732535291021859,10
2552,12,holdout,1,win,1,completer,0.5379542790646463,28
2552,12,holdout,1,win,2,completer,0.9000114780111641,43
2552,12,holdout,1,win,3,reverser,1.0736278828603227,23
2555,12,holdout,1,win,1,reverser,1.067413718859938,139
2558,12,holdout,0,win,1,reverser,1.0880981945749637,112
2559,12,holdout,1,win,1,reverser,1.0496805913452203,7
2560,12,holdout,1,win,1,reverser,1.0396642529845734,34
2561,12,holdout,0,win,1,reverser,1.0612832719185166,29
2562,12,holdout,0,win,1,reverser,1.0408850548608897,21
2563,12,holdout,0,win,1,reverser,1.0101669733784109,46
2565,12,holdout,0,win,1,reverser,1.0872813272936306,32
2566,12,holdout,0,win,1,completer,0.30027692361840064,20
2566,12,holdout,0,win,2,completer,0.3357563295790791,20
2566,12,holdout,0,win,3,completer,0.6135341177102278,18
2566,12,holdout,0,win,4,completer,0.5079612511931106,20
2566,12,holdout,0,win,5,reverser,1.1145725579841947,12
2567,12,holdout,0,win,1,completer,0.948568680287906,106
2567,12,holdout,0,win,2,completer,0.5334897309595767,31
2567,12,holdout,0,win,3,reverser,1.003285575770934,11
2568,12,holdout,0,win,1,reverser,1.087043139801819,46
2570,12,holdout,0,win,1,reverser,1.01764902950651,24
2571,12,holdout,0,win,1,completer,0.929562306661124,57
2571,12,holdout,0,win,2,completer,0.9947329468249404,34
2571,12,holdout,0,win,3,reverser,1.0088238960495564,24
2572,12,holdout,0,win,1,reverser,1.1356971042287047,15
2573,12,holdout,1,win,1,reverser,1.2367853546369845,8
2577,12,holdout,1,win,1,completer,0.6184282964257708,38
2577,12,holdout,1,win,2,completer,0.3001196144419138,19
2577,12,holdout,1,win,3,completer,0.5861840403286784,19
2577,12,holdout,1,win,4,completer,0.4853173930506989,21
2577,12,holdout,1,win,5,reverser,1.0648872270005043,11
2578,12,holdout,0,win,1,reverser,1.274330629119412,23
2580,12,holdout,0,win,1,reverser,1.0192481544801568,36
2582,12,holdout,0,win,1,completer,0.8917056451679136,47
2582,12,holdout,0,win,2,reverser,1.124135618451638,13
2583,12,holdout,1,win,1,reverser,1.2281260796886089,25
2585,12,holdout,0,win,1,reverser,1.0221681183842315,12
2586,12,holdout,0,win,1,reverser,1.1392412027134717,27
2587,12,holdout,1,win,1,completer,0.9727795450805109,20
2587,12,holdout,1,win,2,completer,0.6692551666264908,29
2587,12,holdout,1,win,3,reverser,1.0446386735483975,11
2589,12,holdout,0,win,1,reverser,1.0473203245114493,5
2590,12,holdout,0,win,1,reverser,1.14755353459419,20
2591,12,holdout,1,win,1,reverser,1.21002854058713,13
2593,12,holdout,0,win,1,reverser,1.2216444442555485,4
2594,12,holdout,0,win,1,reverser,1.197734067803783,7
2595,12,holdout,0,win,1,reverser,1.2324595315665998,15
2596,12,holdout,0,win,1,reverser,1.3874924139377818,26
2597,12,holdout,0,win,1,completer,0.37948011584070784,20
2597,12,holdout,0,win,2,reverser,1.0627771342410044,25
2598,12,holdout,0,win,1,completer,0.5708788334351643,43
2598,12,holdout,0,win,2,reverser,1.1343914883743926,17
2601,12,holdout,1,win,1,completer,0.5280108937179404,18
2601,12,holdout,1,win,2,reverser,1.2723871536585996,51
2602,12,holdout,0,win,1,reverser,1.0660431495913911,50
2603,12,holdout,0,win,1,reverser,1.007242952147172,9
2604,12,holdout,0,win,1,reverser,1.0420269430595424,5
2605,12,holdout,0,win,1,reverser,1.2618125427270623,5
2606,12,holdout,0,win,1,completer,0.9604008533704554,20
2606,12,holdout,0,win,2,completer,0.9461888885510805,44
2606,12,holdout,0,win,3,completer,0.20388703375480732,5
2606,12,holdout,0,win,4,reverser,1.2276951147809028,9
2607,12,holdout,1,win,1,reverser,1.0640832571308756,8
2608,12,holdout,1,win,1,completer,0.8265054790782989,21
2608,12,holdout,1,win,2,completer,0.8060110797081088,38
2608,12,holdout,1,win,3,completer,0.1300017870496819,6
2608,12,holdout,1,win,4,reverser,1.6016220164522452,17
2609,12,holdout,1,win,1,completer,0.17788461209141215,3
2609,12,holdout,1,win,2,reverser,1.2634711545540627,9
2610,12,holdout,1,win,1,reverser,1.2177421578041512,5
2611,12,holdout,0,win,1,completer,0.7977190595836825,43
2611,12,holdout,0,win,2,completer,0.4336476072668529,21
2611,12,holdout,0,win,3,reverser,1.1119057215590424,54
2612,12,holdout,1,win,1,reverser,1.0735807992080868,19
2614,12,holdout,1,win,1,reverser,1.133325729900845,21
2616,12,holdout,1,win,1,reverser,1.0222170986332295,3
2617,12,holdout,0,win,1,completer,0.834071498134419,22
2617,12,holdout,0,win,2,completer,0.20180156846247543,8
2617,12,holdout,0,win,3,reverser,1.058364882276933,47
2619,12,holdout,1,win,1,reverser,1.1479805214088092,24
2629,12,holdout,0,win,1,reverser,1.017513780707938,14
2632,12,holdout,0,win,1,reverser,1.0546868001827743,16
2633,12,holdout,1,win,1,reverser,1.2065588906505642,23
2634,12,holdout,1,win,1,reverser,1.2747835146128106,56
2635,12,holdout,0,win,1,reverser,1.0229753825224488,41
2638,12,holdout,0,win,1,completer,0.5987607032837854,26
2638,12,holdout,0,win,2,completer,0.6559727033787484,31
2638,12,holdout,0,win,3,reverser,1.219794780650357,63
2640,12,holdout,1,win,1,reverser,1.0513299569077206,19
2642,12,holdout,0,win,1,completer,0.34425419850474004,13
2642,12,holdout,0,win,2,reverser,1.0043929943696335,9
2645,12,holdout,1,win,1,reverser,1.1338510194751001,9
2649,12,holdout,0,win,1,completer,0.7249417689441087,35
2649,12,holdout,0,win,2,completer,0.3925677449155853,21
2649,12,holdout,0,win,3,reverser,1.426852896853179,25
2650,12,holdout,0,win,1,reverser,1.187454245446825,14
2651,12,holdout,0,win,1,completer,0.6143175169280403,37
2651,12,holdout,0,win,2,completer,0.2587257904457889,2
2651,12,holdout,0,win,3,reverser,1.0092805593477023,14
2652,12,holdout,0,win,1,completer,0.39723173785180665,26
2652,12,holdout,0,win,2,reverser,1.2797930890152194,25
2653,12,holdout,0,win,1,reverser,1.1769056431260971,14
2654,12,holdout,0,win,1,completer,0.5667508289015019,41
2654,12,holdout,0,win,2,reverser,1.1787377331373836,99
2656,12,holdout,0,win,1,reverser,1.0779041291439073,89
2657,12,holdout,0,win,1,completer,0.22938991111540763,23
2657,12,holdout,0,win,2,reverser,1.0464201124587236,42
2658,12,holdout,0,win,1,reverser,1.4261645952348816,36
2659,12,holdout,0,win,1,reverser,1.0628549569336863,14
2660,12,holdout,0,win,1,reverser,1.0196691841440542,35
2661,12,holdout,0,win,1,reverser,1.1217521183460992,31
2662,12,holdout,1,win,1,completer,0.9111102954769386,34
2662,12,holdout,1,win,2,reverser,1.4004351178882288,10
2663,12,holdout,1,win,1,completer,0.9384436797090319,33
2663,12,holdout,1,win,2,reverser,1.3340291958676562,9
2664,12,holdout,1,win,1,reverser,1.315311433597833,40
2665,12,holdout,1,win,1,reverser,1.1901233678340062,32
2667,12,holdout,0,win,1,reverser,1.0011498509689278,15
2668,12,holdout,0,win,1,completer,0.18013711051264303,7
2668,12,holdout,0,win,2,reverser,1.0072973118461728,11
2669,12,holdout,0,win,1,reverser,1.1785727691479662,9
2670,12,holdout,0,win,1,reverser,1.1156106895138902,26
2671,12,holdout,0,win,1,reverser,1.1611559945166765,42
2672,12,holdout,0,win,1,reverser,1.3144921045545206,10
2673,12,holdout,0,win,1,completer,0.194799711915016,6
2673,12,holdout,0,win,2,reverser,1.3193484404896558,9
2674,12,holdout,0,win,1,reverser,1.0666799200237618,15
2676,12,holdout,0,win,1,completer,0.2155481238352912,11
2676,12,holdout,0,win,2,reverser,1.0670442461139111,11
2677,12,holdout,0,win,1,completer,0.421427605517553,3
2677,12,holdout,0,win,2,reverser,1.5079871641877414,6
2678,12,holdout,0,win,1,reverser,1.256888343902969,6
2682,12,holdout,0,win,1,reverser,1.0153464786328794,54
2684,12,holdout,0,win,1,reverser,1.1012587077812994,40
2685,12,holdout,0,win,1,reverser,1.9719617683447974,28
2686,12,holdout,0,loss,1,reverser,2.1345520541726515,7
2687,12,holdout,0,win,1,reverser,1.0680267563878332,9
2688,12,holdout,1,win,1,reverser,1.2192381189253994,18
2689,12,holdout,0,win,1,completer,0.30142527220920146,15
2689,12,holdout,0,win,2,reverser,1.4791746440742441,13
2690,12,holdout,0,win,1,reverser,1.5281888720956585,42
2691,12,holdout,0,win,1,completer,0.8256046254365326,23
2691,12,holdout,0,win,2,reverser,2.2995986413481404,7
2693,12,holdout,0,win,1,reverser,1.0736159536756098,20
2694,12,holdout,1,win,1,reverser,1.0524705365034552,23
2695,12,holdout,1,win,1,reverser,1.0737884261250654,39
2696,12,holdout,1,win,1,completer,0.028116452125088953,3
2696,12,holdout,1,win,2,reverser,1.1259969636759424,12
2697,12,holdout,0,win,1,reverser,1.0130206387109615,21
2698,12,holdout,0,win,1,completer,0.7960194812807012,87
2698,12,holdout,0,win,2,reverser,1.2810360024331142,59
2699,12,holdout,1,win,1,reverser,1.1172748969926458,26
2700,12,holdout,1,win,1,completer,0.6826944368247674,38
2700,12,holdout,1,win,2,completer,0.37036864184015483,16
2700,12,holdout,1,win,3,completer,0.1531225578951041,4
2700,12,holdout,1,win,4,completer,0.1282470520998764,4
2700,12,holdout,1,win,5,completer,0.6202292778278444,2
2701,12,holdout,0,win,1,completer,0.5817426168241007,40
2701,12,holdout,0,win,2,completer,0.2068658037562514,9
2701,12,holdout,0,win,3,completer,0.22917133390040867,5
2701,12,holdout,0,win,4,completer,0.575266817750002,4
2701,12,holdout,0,win,5,completer,0.575266817750002,1
2702,12,holdout,0,win,1,reverser,1.0139399468481383,12
2703,12,holdout,0,win,1,completer,0.8054360247647462,73
2703,12,holdout,0,win,2,completer,0.5429235426192052,29
2703,12,holdout,0,win,3,reverser,1.164899139520863,39
2704,12,holdout,0,win,1,reverser,1.1335290247400076,43
2705,12,holdout,0,win,1,completer,0.4715813298642515,53
2705,12,holdout,0,win,2,completer,0.5178147935764523,27
2705,12,holdout,0,win,3,reverser,1.1110256972066055,39
2706,12,holdout,0,win,1,completer,0.7658187846459368,69
2706,12,holdout,0,win,2,reverser,1.001629750162358,72
2707,12,holdout,1,win,1,completer,0.7473921167717081,84
2707,12,holdout,1,win,2,reverser,1.2027798716418985,65
2708,12,holdout,0,win,1,completer,0.2499911961503789,26
2708,12,holdout,0,win,2,completer,0.9267560482912722,60
2708,12,holdout,0,win,3,completer,0.45755460193912745,41
2708,12,holdout,0,win,4,reverser,1.0806607780344488,12
2709,12,holdout,0,win,1,completer,0.7979232848184961,69
2709,12,holdout,0,win,2,completer,0.6242819482258621,44
2709,12,holdout,0,win,3,reverser,1.0436198699291315,29
2710,12,holdout,0,win,1,reverser,1.0846263556228295,45
2711,12,holdout,0,win,1,completer,0.6321620835403944,101
2711,12,holdout,0,win,2,completer,0.4446795191733923,56
2711,12,holdout,0,win,3,reverser,0.44631771633776696,48
2712,12,holdout,0,win,1,reverser,1.007892827000431,10
2714,12,holdout,0,win,1,completer,0.2866764946456921,23
2714,12,holdout,0,win,2,completer,0.36463238354056404,17
2714,12,holdout,0,win,3,reverser,1.1205530352114819,36
2715,12,holdout,1,win,1,completer,0.6693083013117394,14
2715,12,holdout,1,win,2,reverser,1.2186945945783532,26
2716,12,holdout,1,win,1,reverser,1.1217486539603487,6
2717,12,holdout,0,win,1,reverser,1.7869009772965507,32
2718,12,holdout,0,win,1,reverser,1.235072812135987,25
2720,12,holdout,0,win,1,completer,0.932500508146682,26
2720,12,holdout,0,win,2,reverser,1.260461571216004,7
2723,12,holdout,1,win,1,completer,0.772615228054758,50
2723,12,holdout,1,win,2,reverser,1.833007925884943,82
2724,12,holdout,1,win,1,completer,0.3618221870313171,31
2724,12,holdout,1,win,2,completer,0.3760586947615603,44
2724,12,holdout,1,win,3,reverser,1.6425706560478441,10
2725,12,holdout,1,win,1,completer,0.2408622055514107,14
2725,12,holdout,1,win,2,completer,0.30645251871215984,42
2725,12,holdout,1,win,3,reverser,1.7592779552226956,40
2726,12,holdout,1,win,1,completer,0.22841919496842533,36
2726,12,holdout,1,win,2,completer,0.46575761564514107,27
2726,12,holdout,1,win,3,reverser,1.452528537908715,26
2727,12,holdout,0,win,1,completer,0.3015517176463989,17
2727,12,holdout,0,win,2,completer,0.7145327756339577,45
2727,12,holdout,0,win,3,reverser,1.168434212842862,20
2729,12,holdout,0,win,1,completer,0.5173051182413648,23
2729,12,holdout,0,win,2,completer,0.31820843618728745,12
2729,12,holdout,0,win,3,completer,0.12776813161381684,5
2729,12,holdout,0,win,4,reverser,1.032186450788112,6
2730,12,holdout,0,win,1,completer,0.8012997173329257,51
2730,12,holdout,0,win,2,completer,0.3539462947919412,4
2730,12,holdout,0,win,3,completer,0.5084016524627164,16
2730,12,holdout,0,win,4,completer,0.15278737324665848,9
2730,12,holdout,0,win,5,completer,0.8016333142177601,28
2731,12,holdout,1,win,1,completer,0.398330359221267,21
2731,12,holdout,1,win,2,reverser,1.0381856564031866,23
2733,12,holdout,0,win,1,completer,0.7037600013278686,26
2733,12,holdout,0,win,2,completer,0.4745222158790523,7
2733,12,holdout,0,win,3,reverser,1.1353001324352667,28
2735,12,holdout,1,win,1,completer,0.3996432506200618,22
2735,12,holdout,1,win,2,reverser,1.0416075020825089,23
2736,12,holdout,0,win,1,completer,0.36663751232296504,16
2736,12,holdout,0,win,2,completer,0.9670371969323506,36
2736,12,holdout,0,win,3,completer,1.1319010447554532,11
2736,12,holdout,0,win,4,reverser,1.1319010447554532,1
2738,12,holdout,1,win,1,completer,0.310418131668317,17
2738,12,holdout,1,win,2,completer,0.9583378561572138,45
2738,12,holdout,1,win,3,reverser,1.3625064302756917,2
2739,12,holdout,1,win,1,completer,0.45253136133773064,38
2739,12,holdout,1,win,2,reverser,1.1448195427368866,20
2740,12,holdout,1,win,1,completer,0.16928330224989674,6
2740,12,holdout,1,win,2,completer,0.4211768559977451,5
2740,12,holdout,1,win,3,completer,0.5728546948136568,2
2740,12,holdout,1,win,4,completer,0.971009021705445,3
2740,12,holdout,1,win,5,reverser,1.094247265743367,2
2742,12,holdout,0,win,1,completer,0.7198372812223637,21
2742,12,holdout,0,win,2,completer,0.6201939344182903,15
2742,12,holdout,0,win,3,reverser,1.0531270963945194,22
2746,12,holdout,0,win,1,reverser,1.0482331883850364,18
2747,12,holdout,1,win,1,reverser,1.0324880855611274,14
2748,12,holdout,0,win,1,completer,0.31057537449432093,6
2748,12,holdout,0,win,2,completer,0.9025560606851877,3
2748,12,holdout,0,win,3,reverser,1.406168615459149,5
2749,12,holdout,0,win,1,reverser,1.138890087988191,25
2751,12,holdout,0,win,1,reverser,1.0420452089740642,54
2753,12,holdout,1,win,1,reverser,1.2647164218762748,31
2755,12,holdout,0,win,1,reverser,1.1197962427310617,15
2756,12,holdout,0,win,1,completer,0.476726720314697,13
2756,12,holdout,0,win,2,reverser,1.0761751706114715,14
2758,12,holdout,0,win,1,reverser,1.2820891184957284,15
2759,12,holdout,1,win,1,completer,0.48957912134532,15
2759,12,holdout,1,win,2,reverser,1.0386453777264886,24
2760,12,holdout,0,win,1,reverser,1.1480922810134808,11
2761,12,holdout,0,win,1,completer,0.2801410147433818,9
2761,12,holdout,0,win,2,reverser,1.2616386560037587,32
2762,12,holdout,0,win,1,reverser,1.034605218145344,8
2763,12,holdout,0,win,1,completer,0.7717678329051223,26
2763,12,holdout,0,win,2,reverser,1.0488672109270811,9
2764,12,holdout,1,win,1,completer,0.6075083979796712,49
2764,12,holdout,1,win,2,reverser,1.1317345607421219,28
2765,12,holdout,0,win,1,reverser,1.5478341265124507,2
2766,12,holdout,0,win,1,reverser,1.5029166333902706,2
2767,12,holdout,0,win,1,completer,1.3992638665795196,19
2767,12,holdout,0,win,2,reverser,1.3992638665795196,1
2768,12,holdout,1,win,1,reverser,1.0141377935733056,17
2769,12,holdout,1,win,1,completer,0.2777092643586966,21
2769,12,holdout,1,win,2,reverser,1.056800033089154,41
2770,12,holdout,1,win,1,completer,1.246544559506458,16
2770,12,holdout,1,win,2,reverser,1.246544559506458,1
2771,12,holdout,1,win,1,completer,0.7752712744390913,36
2771,12,holdout,1,win,2,reverser,1.0806434002229663,8
2772,12,holdout,1,win,1,completer,1.1664488597795555,15
2772,12,holdout,1,win,2,reverser,1.1664488597795555,1
2773,12,holdout,0,win,1,completer,0.2785189384142128,12
2773,12,holdout,0,win,2,completer,0.7945981478287711,23
2773,12,holdout,0,win,3,reverser,1.055914445929143,22
2774,12,holdout,1,win,1,reverser,1.056923176787092,76
2776,12,holdout,0,win,1,reverser,1.0860742832602945,10
2777,12,holdout,0,win,1,completer,0.23874017940610792,7
2777,12,holdout,0,win,2,reverser,1.0901673527516738,6
2778,12,holdout,0,win,1,reverser,1.170362518666987,13
2779,12,holdout,0,win,1,completer,0.2101249551409754,14
2779,12,holdout,0,win,2,completer,0.30897406038204767,12
2779,12,holdout,0,win,3,completer,0.9963989808298073,46
2779,12,holdout,0,win,4,completer,0.5100613830438321,39
2779,12,holdout,0,win,5,reverser,1.2743061795646398,31
2781,12,holdout,1,win,1,reverser,1.244325791206023,16
2782,12,holdout,1,win,1,reverser,1.2681415045270663,28
2783,12,holdout,0,win,1,reverser,1.073100133321,44
2785,12,holdout,1,win,1,completer,0.18553123790060688,8
2785,12,holdout,1,win,2,reverser,1.0152681629560483,11
2786,12,holdout,1,win,1,reverser,1.0618953229691166,19
2787,12,holdout,1,win,1,reverser,1.0244104501987708,42
2789,12,holdout,1,win,1,completer,0.1026126367492406,4
2789,12,holdout,1,win,2,reverser,1.0828839821943572,42
2790,12,holdout,0,win,1,completer,0.22433746767205132,14
2790,12,holdout,0,win,2,reverser,1.0065708784621794,26
2792,12,holdout,0,win,1,completer,0.4750670590024182,26
2792,12,holdout,0,win,2,reverser,1.6275328082779794,27
2793,12,holdout,1,win,1,reverser,1.0409194381444262,23
2794,12,holdout,1,win,1,completer,0.5681896079385279,21
2794,12,holdout,1,win,2,reverser,1.4168567500602405,26
2795,12,holdout,1,win,1,reverser,1.1673158321271542,9
2798,12,holdout,1,win,1,completer,0.9150109981984478,24
2798,12,holdout,1,win,2,reverser,1.299693629275831,23
2799,12,holdout,1,win,1,completer,0.24135129028568358,7
2799,12,holdout,1,win,2,reverser,1.3748772220121663,6
2800,12,holdout,1,win,1,reverser,1.0177298774392631,20
2801,12,holdout,0,win,1,reverser,1.2400310511416506,38
2802,12,holdout,1,win,1,reverser,1.059472790963433,39
2803,12,holdout,0,win,1,completer,0.28870056900009056,13
2803,12,holdout,0,win,2,reverser,1.059276352434208,12
2804,12,holdout,0,win,1,completer,0.9806267996899822,19
2804,12,holdout,0,win,2,reverser,1.019549922602878,8
2807,12,holdout,0,win,1,completer,0.7871537532307361,17
2807,12,holdout,0,win,2,reverser,1.0360141046517881,20
2808,12,holdout,0,win,1,completer,0.32009086267420894,14
2808,12,holdout,0,win,2,reverser,1.1827713032326022,6
2810,12,holdout,0,win,1,completer,0.9181421131713268,15
2810,12,holdout,0,win,2,reverser,1.0031740178089956,20
2811,12,holdout,1,win,1,reverser,1.0104360695780437,23
2812,12,holdout,1,win,1,completer,0.800808487999682,7
2812,12,holdout,1,win,2,reverser,1.0889689327131316,10
2814,12,holdout,0,win,1,reverser,1.0461506835993004,11
2816,12,holdout,0,win,1,reverser,1.0144717795127518,6
2818,12,holdout,0,win,1,completer,0.8998097872791176,34
2818,12,holdout,0,win,2,completer,0.30701265817809187,20
2818,12,holdout,0,win,3,reverser,1.033547366986756,54
2819,12,holdout,0,win,1,completer,0.2690819861634155,14
2819,12,holdout,0,win,2,reverser,1.1986379383643568,6
2820,12,holdout,0,win,1,reverser,1.2323121150953442,31
2821,12,holdout,0,win,1,completer,0.6131867934501884,25
2821,12,holdout,0,win,2,reverser,1.1077280409705932,12
2823,12,holdout,0,win,1,completer,0.22548062485866205,6
2823,12,holdout,0,win,2,completer,0.6773261123205159,25
2823,12,holdout,0,win,3,reverser,1.0168734062253235,4
2825,12,holdout,0,win,1,reverser,1.4655142450087237,10
2828,12,holdout,0,win,1,completer,0.24511709826323647,6
2828,12,holdout,0,win,2,completer,0.7363125383122948,25
2828,12,holdout,0,win,3,reverser,1.1054300509910497,4
2829,12,holdout,0,win,1,reverser,1.1041726445561395,42
2831,12,holdout,0,win,1,reverser,1.0017129843242913,7
2832,12,holdout,1,win,1,completer,0.207862070833428,6
2832,12,holdout,1,win,2,completer,0.624401357876089,25
2832,12,holdout,1,win,3,reverser,1.1200097463730438,46
2836,12,holdout,0,win,1,reverser,1.0658577229672268,31
2837,12,holdout,0,win,1,reverser,1.0097210291555965,58
2840,12,holdout,1,win,1,reverser,1.0223628643096911,8
2843,12,holdout,0,win,1,reverser,1.2024861173115524,78
2844,12,holdout,1,win,1,reverser,1.0243146025907426,32
2851,12,holdout,1,win,1,reverser,1.2347137435746585,62
2852,12,holdout,1,win,1,reverser,1.021244377400583,9
2853,12,holdout,1,win,1,reverser,1.147160321131508,25
2855,12,holdout,1,win,1,reverser,1.067698887506423,49
2856,12,holdout,1,win,1,reverser,1.1204313276005307,27
2857,12,holdout,0,win,1,reverser,1.0056905525956714,12
2858,12,holdout,0,win,1,reverser,1.1305355319123247,98
2859,12,holdout,1,win,1,reverser,1.0290258984437588,61
2860,12,holdout,1,win,1,reverser,1.0084264882923817,94
2862,12,holdout,0,win,1,completer,0.3557543500216691,11
2862,12,holdout,0,win,2,completer,0.3147597682512089,12
2862,12,holdout,0,win,3,completer,0.5464072337349419,13
2862,12,holdout,0,win,4,reverser,1.0122292279622207,22
2863,12,holdout,0,win,1,reverser,1.073989613192228,9
2864,12,holdout,1,win,1,reverser,1.209623760832409,33
2865,12,holdout,0,win,1,completer,0.4674688278860575,13
2865,12,holdout,0,win,2,completer,0.2481902772953144,5
2865,12,holdout,0,win,3,completer,0.4577064266610975,10
2865,12,holdout,0,win,4,completer,0.5782345340919628,11
2865,12,holdout,0,win,5,completer,0.9026466363357644,12
2866,12,holdout,1,win,1,reverser,1.1485746760650757,31
2867,12,holdout,1,win,1,reverser,1.1240839171087322,17
2869,12,holdout,1,win,1,reverser,1.1358328462593357,13
2873,12,holdout,1,win,1,reverser,1.311409006698938,7
2874,12,holdout,1,win,1,reverser,1.1595154572333422,7
2875,12,holdout,0,win,1,completer,0.21890181380889073,8
2875,12,holdout,0,win,2,completer,0.25697169447132495,4
2875,12,holdout,0,win,3,completer,0.10997965524700604,3
2875,12,holdout,0,win,4,completer,0.7312589577239761,12
2875,12,holdout,0,win,5,reverser,1.0559104400396002,26
2876,12,holdout,0,win,1,completer,0.08465759589608823,5
2876,12,holdout,0,win,2,reverser,1.1452735142922976,20
2877,12,holdout,0,win,1,completer,0.7240027032429657,34
2877,12,holdout,0,win,2,reverser,1.0386885255031326,38
2878,12,holdout,0,win,1,reverser,1.1389941715188456,12
2880,12,holdout,1,win,1,reverser,1.086425744345381,25
2881,12,holdout,1,win,1,completer,0.49492217652895587,6
2881,12,holdout,1,win,2,completer,0.4496666467685282,4
2881,12,holdout,1,win,3,completer,0.6672783430633786,7
2881,12,holdout,1,win,4,completer,0.9445888232975053,11
2881,12,holdout,1,win,5,reverser,2.345584478647008,4
2882,12,holdout,0,win,1,reverser,1.0523353878582575,40
2884,12,holdout,1,win,1,completer,0.5222230458379944,5
2884,12,holdout,1,win,2,completer,0.2753354969301749,4
2884,12,holdout,1,win,3,completer,0.7040867135520248,8
2884,12,holdout,1,win,4,completer,0.9966941789242898,11
2884,12,holdout,1,win,5,completer,0.6065508917612625,3
2885,12,holdout,1,win,1,reverser,1.0549926883906553,8
2886,12,holdout,1,win,1,reverser,1.1163316262713145,10
2887,12,holdout,1,win,1,reverser,1.0694708117311444,3
2888,12,holdout,0,win,1,completer,0.06483033113080028,3
2888,12,holdout,0,win,2,reverser,1.211126630458792,4
2889,12,holdout,0,win,1,reverser,1.0366444316021113,43
2890,12,holdout,0,win,1,reverser,1.0907795831890736,3
2891,12,holdout,1,win,1,reverser,1.7215536543645538,4
2892,12,holdout,0,win,1,reverser,2.0293888772613937,2
2893,12,holdout,1,win,1,completer,0.460820441570703,7
2893,12,holdout,1,win,2,completer,0.6213007120788072,7
2893,12,holdout,1,win,3,completer,0.879503605410255,12
2893,12,holdout,1,win,4,completer,0.5352330809683172,4
2893,12,holdout,1,win,5,reverser,2.1839661394285157,2
2894,12,holdout,0,win,1,reverser,1.7831273076391683,2
2896,12,holdout,0,win,1,reverser,1.6199860097872705,2
2897,12,holdout,0,win,1,completer,0.2778256783012849,4
2897,12,holdout,0,win,2,reverser,1.045785612948959,3
2898,12,holdout,1,win,1,reverser,1.2011810086573134,2
2901,12,holdout,0,win,1,reverser,1.027676322578748,20
2902,12,holdout,0,win,1,reverser,1.0609456290696728,210
2904,12,holdout,0,win,1,reverser,1.0144273431909852,49
2907,12,holdout,0,win,1,completer,0.8414580083955575,84
2907,12,holdout,0,win,2,reverser,1.1206559009630797,42
2908,12,holdout,0,win,1,completer,0.7790664721257243,27
2908,12,holdout,0,win,2,reverser,1.0412643669313164,17
2909,12,holdout,0,win,1,reverser,1.0550177493759332,20
2913,12,holdout,0,win,1,reverser,1.0350306909342284,15
2915,12,holdout,0,win,1,reverser,1.0525502639586966,16
2916,12,holdout,0,win,1,reverser,1.0969768330159346,94
2917,12,holdout,0,win,1,completer,0.8066726132743077,49
2917,12,holdout,0,win,2,reverser,1.1532866850607724,22
2918,12,holdout,0,win,1,reverser,1.0712626424875444,10
2920,12,holdout,0,win,1,reverser,1.1162574780982935,31
2921,12,holdout,1,win,1,reverser,1.0329487708781757,24
2922,12,holdout,0,win,1,reverser,1.0305961368869192,23
2923,12,holdout,0,win,1,reverser,1.0331038296009958,20
2924,12,holdout,0,win,1,reverser,1.048336071868357,13
2925,12,holdout,0,win,1,completer,0.386441750201982,20
2925,12,holdout,0,win,2,reverser,1.1248154214543997,18
2926,12,holdout,0,win,1,reverser,1.0233069606394403,24
2927,12,holdout,1,win,1,reverser,1.1024318774264776,69
2928,12,holdout,1,win,1,reverser,1.3014209615102847,65
2929,12,holdout,1,win,1,reverser,1.0109833290828398,14
2930,12,holdout,0,win,1,reverser,1.0966413336727485,8
2931,12,holdout,0,win,1,reverser,1.0275159210785743,7
2932,12,holdout,0,win,1,reverser,1.0576304945598605,27
2933,12,holdout,1,win,1,reverser,1.0518275308752538,59
2934,12,holdout,0,win,1,completer,0.8664042518647825,71
2934,12,holdout,0,win,2,completer,0.8763160097932634,39
2934,12,holdout,0,win,3,completer,0.47605590285838995,4
2934,12,holdout,0,win,4,reverser,1.003128206819234,5
2935,12,holdout,0,win,1,reverser,1.1779879433074756,10
2936,12,holdout,0,win,1,reverser,1.0429035024970876,21
2937,12,holdout,0,win,1,reverser,1.2230805414041996,21
2938,12,holdout,0,win,1,completer,0.2380657963972903,16
2938,12,holdout,0,win,2,reverser,1.0303026111938993,35
2939,12,holdout,1,win,1,reverser,1.2148902457180215,9
2940,12,holdout,1,win,1,reverser,1.0428833138198779,25
2941,12,holdout,1,win,1,reverser,1.0405128541403388,34
2942,12,holdout,0,win,1,reverser,1.0054888330045728,25
2944,12,holdout,1,win,1,reverser,1.2479325393024776,10
2945,12,holdout,0,win,1,completer,0.5669238302741642,6
2945,12,holdout,0,win,2,reverser,1.083300256100771,14
2949,12,holdout,1,win,1,reverser,1.1073481904648483,41
2952,12,holdout,1,win,1,completer,0.4156233870700117,13
2952,12,holdout,1,win,2,reverser,1.215010528751722,27
2953,12,holdout,0,win,1,reverser,1.1427681156613148,78
2954,12,holdout,0,win,1,completer,0.6428067878290477,35
2954,12,holdout,0,win,2,reverser,1.0353097682369619,32
2956,12,holdout,0,win,1,reverser,1.027637214286825,36
2957,12,holdout,0,win,1,completer,0.5141802841429289,23
2957,12,holdout,0,win,2,completer,0.25453626648797556,17
2957,12,holdout,0,win,3,reverser,1.0351709031751373,24
2958,12,holdout,1,win,1,completer,0.6367469397278259,35
2958,12,holdout,1,win,2,reverser,1.0255497282809187,32
2959,12,holdout,0,win,1,reverser,1.171351380086135,58
2960,12,holdout,0,win,1,completer,0.2584486170502287,11
2960,12,holdout,0,win,2,completer,0.6869628055668475,29
2960,12,holdout,0,win,3,reverser,1.0459192181366088,25
2961,12,holdout,0,win,1,reverser,1.0152620728429216,32
2962,12,holdout,0,win,1,reverser,1.3783666264595908,62
2963,12,holdout,1,win,1,reverser,1.0449436328850954,39
2966,12,holdout,0,win,1,reverser,1.1509296864131617,9
2967,12,holdout,1,win,1,reverser,1.2113840014952961,25
2968,12,holdout,0,win,1,reverser,1.202143085373291,20
2970,12,holdout,0,win,1,reverser,1.057160338097844,15
2971,12,holdout,1,win,1,reverser,1.0107333021219758,42
2972,12,holdout,1,win,1,reverser,1.008312310484927,27
2973,12,holdout,0,win,1,reverser,1.2604358715315247,33
2974,12,holdout,0,win,1,completer,0.6012522830767084,15
2974,12,holdout,0,win,2,completer,0.5836791474544429,23
2974,12,holdout,0,win,3,reverser,1.1131326192744102,23
2975,12,holdout,1,win,1,reverser,1.2222043650720802,7
2976,12,holdout,1,win,1,completer,0.4185751777899456,12
2976,12,holdout,1,win,2,reverser,1.3689792602718385,13
2977,12,holdout,1,win,1,reverser,1.2001027618558007,22
2978,12,holdout,1,win,1,completer,0.8656059658745792,78
2978,12,holdout,1,win,2,reverser,1.0404514737225479,22
2979,12,holdout,0,win,1,completer,0.6595851863220514,50
2979,12,holdout,0,win,2,reverser,1.0205466323737882,17
2980,12,holdout,1,win,1,completer,0.5029356290696685,20
2980,12,holdout,1,win,2,reverser,1.3442558005167564,44
2981,12,holdout,0,win,1,completer,0.7913826785624725,63
2981,12,holdout,0,win,2,completer,0.6984060250701409,17
2981,12,holdout,0,win,3,reverser,1.0863750509384125,24
2982,12,holdout,0,win,1,completer,0.6612619278185798,30
2982,12,holdout,0,win,2,completer,0.6419348568593928,25
2982,12,holdout,0,win,3,completer,0.15627317375589556,1
2982,12,holdout,0,win,4,reverser,1.0022466797417797,19
2983,12,holdout,0,win,1,reverser,1.0040290987603615,33
2984,12,holdout,0,win,1,reverser,1.0014444134409866,25
2985,12,holdout,0,win,1,reverser,1.2418497250305949,35
2986,12,holdout,1,win,1,completer,0.3428170192416016,19
2986,12,holdout,1,win,2,reverser,1.4601805124381289,58
2987,12,holdout,0,win,1,completer,0.7771714465155036,66
2987,12,holdout,0,win,2,completer,0.14772931087160224,1
2987,12,holdout,0,win,3,reverser,1.0668665017154653,24
2988,12,holdout,1,win,1,reverser,1.1023975535475659,26
2989,12,holdout,0,win,1,reverser,1.010242416166253,50
2990,12,holdout,1,win,1,reverser,1.9435359313290337,30
2991,12,holdout,0,win,1,reverser,1.0286219818302136,36
2992,12,holdout,1,win,1,completer,0.5516718713209524,19
2992,12,holdout,1,win,2,reverser,1.205209294551289,21
2994,12,holdout,0,win,1,reverser,1.1272866935975638,18
2996,12,holdout,0,win,1,reverser,1.0384710529020285,12
2999,12,holdout,1,win,1,reverser,1.634316640100322,9
3001,12,holdout,1,win,1,completer,0.8698316413930993,38
3001,12,holdout,1,win,2,completer,0.5671800237706375,34
3001,12,holdout,1,win,3,reverser,1.0044299186390635,9
3002,12,holdout,0,win,1,reverser,1.0267653169903368,33
3005,12,holdout,0,win,1,reverser,1.431490437915417,46
3007,12,holdout,0,win,1,reverser,1.260391912743057,45
3008,12,holdout,0,win,1,completer,0.734075167440958,52
3008,12,holdout,0,win,2,reverser,1.0706872672477596,6
3009,12,holdout,0,win,1,reverser,1.2911029160019858,45
3010,12,holdout,0,win,1,completer,0.43917013344647593,11
3010,12,holdout,0,win,2,completer,0.26978688826031005,10
3010,12,holdout,0,win,3,reverser,1.0431248719383035,34
3011,12,holdout,1,win,1,completer,0.6736689617514688,41
3011,12,holdout,1,win,2,reverser,1.345829146432969,6
3012,12,holdout,0,win,1,reverser,1.0612817284496376,3
3014,12,holdout,1,win,1,reverser,1.0999562644738012,22
3015,12,holdout,1,win,1,reverser,1.0916049583935266,26
3016,12,holdout,0,win,1,completer,0.5221878365890298,4
3016,12,holdout,0,win,2,reverser,1.0706531184364994,6
3017,12,holdout,0,win,1,completer,0.39983039291381717,8
3017,12,holdout,0,win,2,completer,0.5175676830824265,28
3017,12,holdout,0,win,3,reverser,1.0589550491469857,28
3018,12,holdout,0,win,1,reverser,1.0149532426623746,18
3019,12,holdout,0,win,1,reverser,1.1219962051799568,8
3021,12,holdout,0,win,1,reverser,1.2770566227482403,39
3023,12,holdout,1,win,1,reverser,1.2539509978272005,20
3024,12,holdout,1,win,1,reverser,2.072448040778949,51
3025,12,holdout,0,win,1,completer,0.11557437211345944,2
3025,12,holdout,0,win,2,completer,0.8345462329909934,11
3025,12,holdout,0,win,3,reverser,1.0061351780919399,13
3026,12,holdout,1,win,1,reverser,1.2454032115399407,6
3027,12,holdout,0,win,1,completer,0.22122279682904833,7
3027,12,holdout,0,win,2,reverser,1.0521795006208738,51
3028,12,holdout,1,win,1,reverser,1.2604294633703348,6
3029,12,holdout,1,win,1,completer,0.31871011599384125,12
3029,12,holdout,1,win,2,reverser,1.071897110702781,5
3031,12,holdout,0,win,1,completer,0.2265068212371819,7
3031,12,holdout,0,win,2,reverser,1.0773113687769158,51
3032,12,holdout,1,win,1,reverser,1.0464696482597078,24
3033,12,holdout,0,win,1,reverser,0.8002679076286027,11
3035,12,holdout,1,win,1,reverser,1.0119759601801956,13
3036,12,holdout,0,win,1,reverser,1.3039663293396517,44
3037,12,holdout,0,win,1,completer,0.3736455104319991,27
3037,12,holdout,0,win,2,reverser,1.0997504456529772,29
3038,12,holdout,0,win,1,reverser,1.0911088457529121,32
3039,12,holdout,0,win,1,reverser,1.0053045528179494,37
3040,12,holdout,1,win,1,completer,0.448953392041217,20
3040,12,holdout,1,win,2,reverser,1.1689213317170082,23
3041,12,holdout,1,win,1,completer,0.5483897624497927,15
3041,12,holdout,1,win,2,reverser,1.0124919143522775,25
3042,12,holdout,1,win,1,completer,0.3467949997289782,14
3042,12,holdout,1,win,2,reverser,1.0424616159516997,18
3043,12,holdout,1,win,1,reverser,1.622441629811472,19
3046,12,holdout,0,win,1,reverser,1.0897125772536318,39
3047,12,holdout,0,win,1,reverser,1.1040263274397004,15
3048,12,holdout,0,win,1,completer,0.7483602123267958,39
3048,12,holdout,0,win,2,completer,0.4151135798106136,9
3048,12,holdout,0,win,3,reverser,1.0064818814433747,9
3049,12,holdout,1,win,1,reverser,1.0093628003370787,18
3050,12,holdout,0,win,1,completer,0.3173214676145667,19
3050,12,holdout,0,win,2,completer,0.47314001757071944,28
3050,12,holdout,0,win,3,reverser,1.2432046539419912,12
3051,12,holdout,0,win,1,completer,0.811350180454314,45
3051,12,holdout,0,win,2,reverser,1.1145389320977472,29
3052,12,holdout,0,win,1,reverser,1.1773166077773936,6
3053,12,holdout,0,win,1,completer,0.5169450583196179,24
3053,12,holdout,0,win,2,completer,0.7348943519755491,56
3053,12,holdout,0,win,3,reverser,1.0021286617848397,13
3054,12,holdout,0,win,1,reverser,1.1908871270118548,33
3055,12,holdout,1,win,1,completer,0.4218780064558383,16
3055,12,holdout,1,win,2,reverser,1.2609613199289502,36
3056,12,holdout,0,win,1,completer,0.6660665499054818,74
3056,12,holdout,0,win,2,reverser,1.1403607255450998,23
3057,12,holdout,0,win,1,reverser,1.0376101224992103,17
3058,12,holdout,0,win,1,completer,0.20325975038790323,31
3058,12,holdout,0,win,2,reverser,1.0227310225214545,22
3059,12,holdout,1,win,1,completer,0.5742005442241296,62
3059,12,holdout,1,win,2,reverser,1.0867879152975284,19
3060,12,holdout,1,win,1,reverser,1.1498520463984114,18
3061,12,holdout,0,win,1,completer,0.6833804837146655,46
3061,12,holdout,0,win,2,reverser,1.1638021019651967,30
3062,12,holdout,0,win,1,reverser,1.113736407340336,32
3063,12,holdout,0,win,1,completer,0.3004696278515375,29
3063,12,holdout,0,win,2,reverser,1.0384071499979366,51
3064,12,holdout,0,win,1,completer,0.6984670673683872,36
3064,12,holdout,0,win,2,completer,0.7506169952869759,54
3064,12,holdout,0,win,3,reverser,1.1143841154402505,6
3065,12,holdout,0,win,1,reverser,1.0911438990252633,21
3068,12,holdout,0,win,1,reverser,1.0458618982517989,71
3071,12,holdout,1,win,1,reverser,1.1011300359444662,71
3072,12,holdout,0,win,1,completer,0.32091772568744004,15
3072,12,holdout,0,win,2,reverser,1.0355386406202838,9
3073,12,holdout,0,win,1,completer,0.3853779861947375,21
3073,12,holdout,0,win,2,reverser,1.1157124386472654,14
3075,12,holdout,0,win,1,reverser,1.1729606221592763,35
3076,12,holdout,0,win,1,completer,0.33044694754620596,8
3076,12,holdout,0,win,2,reverser,1.0053553337175807,11
3077,12,holdout,0,win,1,completer,0.3506793178456269,15
3077,12,holdout,0,win,2,completer,0.7207579171039857,14
3077,12,holdout,0,win,3,completer,0.925196498145922,35
3077,12,holdout,0,win,4,reverser,1.237077253166102,9
3078,12,holdout,0,win,1,reverser,1.0672804588118006,69
3080,12,holdout,0,win,1,completer,0.38300672592124885,8
3080,12,holdout,0,win,2,completer,0.31461266772103436,4
3080,12,holdout,0,win,3,reverser,1.1652637665862926,9
3081,12,holdout,0,win,1,completer,0.34172553281545004,17
3081,12,holdout,0,win,2,completer,0.7023550312760056,14
3081,12,holdout,0,win,3,completer,0.9015737461514122,35
3081,12,holdout,0,win,4,reverser,1.2054913476766687,9
3082,12,holdout,1,win,1,completer,0.7739854876717286,30
3082,12,holdout,1,win,2,reverser,1.0595335316671268,9
3083,12,holdout,0,win,1,reverser,1.2258712509386538,16
3084,12,holdout,1,win,1,completer,0.46363000077977934,2
3084,12,holdout,1,win,2,completer,0.48684051396024275,11
3084,12,holdout,1,win,3,completer,0.49786550772101057,2
3084,12,holdout,1,win,4,reverser,1.040991516143917,2
3085,12,holdout,1,win,1,reverser,1.0092390371268385,18
3087,12,holdout,1,win,1,completer,0.11037644821628567,5
3087,12,holdout,1,win,2,reverser,1.1364686149678227,10
3088,12,holdout,1,win,1,reverser,1.0088930432708578,13
3089,12,holdout,1,win,1,completer,0.15120331610491466,4
3089,12,holdout,1,win,2,completer,0.3600078954878554,11
3089,12,holdout,1,win,3,completer,0.2175476282733948,3
3089,12,holdout,1,win,4,reverser,1.0188223442306845,5
3090,12,holdout,0,win,1,reverser,1.0092538993068074,8
3092,12,holdout,1,win,1,reverser,1.2276379987083224,16
3095,12,holdout,1,win,1,completer,0.14665359103840592,6
3095,12,holdout,1,win,2,completer,0.25190497780403964,7
3095,12,holdout,1,win,3,completer,0.34917521675807395,8
3095,12,holdout,1,win,4,reverser,1.0789514197825012,14
3098,12,holdout,1,win,1,reverser,1.0192561764251489,18
3099,12,holdout,1,win,1,reverser,1.0748902063165215,21
3100,12,holdout,1,win,1,reverser,1.0164848925095953,13
3101,12,holdout,1,win,1,reverser,1.0550239470162888,33
3102,12,holdout,1,win,1,completer,0.8990841157009422,87
3102,12,holdout,1,win,2,reverser,1.1141209662081513,7
3103,12,holdout,0,win,1,reverser,1.109138906233282,26
3104,12,holdout,0,win,1,completer,0.5077717415882689,32
3104,12,holdout,0,win,2,reverser,1.048369131117632,24
3106,12,holdout,1,win,1,reverser,1.0144625951373372,25
3107,12,holdout,1,win,1,reverser,1.0583637346063626,96
3112,12,holdout,0,win,1,completer,0.4821797412981772,6
3112,12,holdout,0,win,2,reverser,1.1481499669476523,32
3117,12,holdout,1,win,1,reverser,1.0059949489573103,29
3122,12,holdout,1,win,1,reverser,1.12777717470185,17
3124,12,holdout,0,win,1,completer,0.7836678040850971,33
3124,12,holdout,0,win,2,completer,0.36653829570817775,19
3124,12,holdout,0,win,3,reverser,1.338187174317461,35
3125,12,holdout,0,win,1,completer,0.21881260293418436,19
3125,12,holdout,0,win,2,reverser,1.0297063667490163,46
3127,12,holdout,0,win,1,completer,0.8588812664236867,44
3127,12,holdout,0,win,2,completer,0.4066096122056275,31
3127,12,holdout,0,win,3,reverser,1.0532167428455077,34
3128,12,holdout,0,win,1,completer,0.8024735229947635,56
3128,12,holdout,0,win,2,completer,0.2261334366543961,14
3128,12,holdout,0,win,3,reverser,1.2407321303160468,40
3129,12,holdout,0,win,1,reverser,1.0277850220076408,32
3130,12,holdout,0,win,1,reverser,1.110559080629396,8
3131,12,holdout,0,win,1,reverser,1.2538687671286004,33
3134,12,holdout,0,win,1,reverser,0.38142589755945644,7
3138,12,holdout,1,win,1,reverser,1.1039959032536804,17
3141,12,holdout,0,win,1,completer,0.2614484736195277,26
3141,12,holdout,0,win,2,reverser,1.0286684486077762,5
3143,12,holdout,0,win,1,completer,0.38988156027773613,17
3143,12,holdout,0,win,2,reverser,0.10200892264472872,3
3144,12,holdout,0,win,1,reverser,0.5922707764567715,19
3146,12,holdout,0,win,1,reverser,0.46632374797307174,19
3147,12,holdout,0,win,1,reverser,0.6153270472623995,13
3149,12,holdout,0,win,1,reverser,0.5785065957502602,19
