trade_id,fold,segment,cluster,outcome,band,cohort,pass_name,intra_band_pullback_r,bars_in_band
7,1,fold,1,win,1,completer,RAW,0.7096848977199169,27
7,1,fold,1,win,2,completer,RAW,0.777923830192988,8
7,1,fold,1,win,3,completer,RAW,0.777923830192988,1
7,1,fold,1,win,4,reverser,RAW,3.8350280049864613,175
7,1,fold,1,win,1,completer,SL_FLOOR,0.7096848977199169,27
7,1,fold,1,win,2,completer,SL_FLOOR,0.777923830192988,8
7,1,fold,1,win,3,completer,SL_FLOOR,0.777923830192988,1
7,1,fold,1,win,4,reverser,SL_FLOOR,3.8350280049864613,175
11,1,fold,0,win,1,completer,RAW,0.9712114076155951,46
11,1,fold,0,win,2,completer,RAW,0.739517182922989,61
11,1,fold,0,win,3,completer,RAW,0.72999550245616,8
11,1,fold,0,win,4,reverser,RAW,2.453419666950501,95
11,1,fold,0,win,1,completer,SL_FLOOR,0.9712114076155951,46
11,1,fold,0,win,2,completer,SL_FLOOR,0.739517182922989,61
11,1,fold,0,win,3,completer,SL_FLOOR,0.72999550245616,8
11,1,fold,0,win,4,reverser,SL_FLOOR,2.453419666950501,95
12,1,fold,0,win,1,completer,RAW,1.52679008629599,91
12,1,fold,0,win,2,reverser,RAW,1.9821485330860122,108
12,1,fold,0,win,1,completer,SL_FLOOR,1.52679008629599,91
12,1,fold,0,win,2,reverser,SL_FLOOR,1.9821485330860122,108
13,1,fold,0,win,1,reverser,RAW,0.4067705701748292,6
14,1,fold,0,win,1,completer,RAW,0.6595805197953768,19
14,1,fold,0,win,2,completer,RAW,1.079313577846984,67
14,1,fold,0,win,3,completer,RAW,1.2274546571593046,71
14,1,fold,0,win,4,reverser,RAW,1.5413726585592475,81
14,1,fold,0,win,1,completer,SL_FLOOR,0.6595805197953768,19
14,1,fold,0,win,2,completer,SL_FLOOR,1.079313577846984,67
14,1,fold,0,win,3,completer,SL_FLOOR,1.2274546571593046,71
14,1,fold,0,win,4,reverser,SL_FLOOR,1.5413726585592475,81
15,1,fold,0,win,1,completer,RAW,0.8917268888400992,43
15,1,fold,0,win,2,reverser,RAW,1.5084719176854575,194
15,1,fold,0,win,1,completer,SL_FLOOR,0.8917268888400992,43
15,1,fold,0,win,2,reverser,SL_FLOOR,1.5084719176854575,194
16,1,fold,0,win,1,completer,RAW,1.7826913280792132,196
16,1,fold,0,win,2,completer,RAW,0.842321652517424,24
16,1,fold,0,win,3,reverser,RAW,0.5258939417833686,8
16,1,fold,0,win,1,completer,SL_FLOOR,1.7826913280792132,196
16,1,fold,0,win,2,completer,SL_FLOOR,0.842321652517424,24
16,1,fold,0,win,3,reverser,SL_FLOOR,0.5258939417833686,8
17,1,fold,1,win,1,reverser,RAW,6.688187821422635,236
17,1,fold,1,win,1,reverser,SL_FLOOR,2.2740244306383888,30
18,1,fold,1,win,1,completer,RAW,0.3658401719133628,6
18,1,fold,1,win,2,reverser,RAW,5.730323461989014,169
18,1,fold,1,win,1,completer,SL_FLOOR,0.3658401719133628,6
18,1,fold,1,win,2,reverser,SL_FLOOR,2.972451396796028,103
19,1,fold,1,win,1,reverser,RAW,2.755370360258361,109
19,1,fold,1,win,1,reverser,SL_FLOOR,2.17866493601824,95
21,1,fold,1,win,1,reverser,RAW,4.139172575802251,158
22,1,fold,1,win,1,completer,RAW,0.7596296765713004,48
22,1,fold,1,win,2,reverser,RAW,5.938709786281196,173
22,1,fold,1,win,1,completer,SL_FLOOR,0.7596296765713004,48
22,1,fold,1,win,2,reverser,SL_FLOOR,3.772358486429707,125
23,1,fold,1,win,1,completer,RAW,0.49961315180075316,24
23,1,fold,1,win,2,reverser,RAW,7.946602886909669,175
23,1,fold,1,win,1,completer,SL_FLOOR,0.49961315180075316,24
23,1,fold,1,win,2,reverser,SL_FLOOR,3.5444996045077284,116
24,1,fold,0,win,1,completer,RAW,0.8082909243675408,27
24,1,fold,0,win,2,completer,RAW,1.8240741549903312,79
24,1,fold,0,win,3,completer,RAW,1.9324656582579884,91
24,1,fold,0,win,4,reverser,RAW,1.83336485527041,34
24,1,fold,0,win,1,completer,SL_FLOOR,0.8082909243675408,27
24,1,fold,0,win,2,completer,SL_FLOOR,1.8240741549903312,79
24,1,fold,0,win,3,completer,SL_FLOOR,1.9324656582579884,91
24,1,fold,0,win,4,reverser,SL_FLOOR,1.83336485527041,34
25,1,fold,1,win,1,completer,RAW,0.30265460459972493,20
25,1,fold,1,win,2,completer,RAW,1.6439647840757945,116
25,1,fold,1,win,3,reverser,RAW,5.330848149199754,70
25,1,fold,1,win,1,completer,SL_FLOOR,0.30265460459972493,20
25,1,fold,1,win,2,completer,SL_FLOOR,1.6439647840757945,116
25,1,fold,1,win,3,reverser,SL_FLOOR,3.91043506170331,65
26,1,fold,0,win,1,completer,RAW,1.5719189881398288,78
26,1,fold,0,win,2,completer,RAW,0.8073170890174644,18
26,1,fold,0,win,3,completer,RAW,0.6578139243845973,27
26,1,fold,0,win,4,completer,RAW,0.18794683553845637,6
26,1,fold,0,win,5,reverser,RAW,3.9938702551922214,86
26,1,fold,0,win,1,completer,SL_FLOOR,1.5719189881398288,78
26,1,fold,0,win,2,completer,SL_FLOOR,0.8073170890174644,18
26,1,fold,0,win,3,completer,SL_FLOOR,0.6578139243845973,27
26,1,fold,0,win,4,completer,SL_FLOOR,0.18794683553845637,6
26,1,fold,0,win,5,reverser,SL_FLOOR,3.9938702551922214,86
27,1,fold,0,win,1,completer,RAW,0.10982757838358248,9
27,1,fold,0,win,2,completer,RAW,1.9026012843511115,133
27,1,fold,0,win,3,completer,RAW,2.015659085628322,53
27,1,fold,0,win,4,reverser,RAW,2.2223933508209917,36
27,1,fold,0,win,1,completer,SL_FLOOR,0.10982757838358248,9
27,1,fold,0,win,2,completer,SL_FLOOR,1.9026012843511115,133
27,1,fold,0,win,3,completer,SL_FLOOR,2.015659085628322,53
27,1,fold,0,win,4,reverser,SL_FLOOR,2.2223933508209917,36
28,1,fold,1,win,1,completer,RAW,1.4731354374940087,100
28,1,fold,1,win,2,reverser,RAW,4.776903615304841,124
28,1,fold,1,win,1,completer,SL_FLOOR,1.4731354374940087,100
28,1,fold,1,win,2,reverser,SL_FLOOR,3.504089942323621,98
29,1,fold,1,win,1,reverser,RAW,6.636560276547661,207
29,1,fold,1,win,1,reverser,SL_FLOOR,2.5246774758335158,138
30,1,fold,1,win,1,completer,RAW,0.24774678821797913,6
30,1,fold,1,win,2,completer,RAW,1.649768385178836,90
30,1,fold,1,win,3,reverser,RAW,8.079923661200082,132
30,1,fold,1,win,1,completer,SL_FLOOR,0.24774678821797913,6
30,1,fold,1,win,2,completer,SL_FLOOR,1.649768385178836,90
30,1,fold,1,win,3,reverser,SL_FLOOR,4.363721837930347,72
31,1,fold,1,win,1,reverser,RAW,6.9220210975599645,188
31,1,fold,1,win,1,reverser,SL_FLOOR,2.5214898903882093,19
32,1,fold,1,win,1,completer,RAW,0.5298235021921052,14
32,1,fold,1,win,2,completer,RAW,0.5110686879552082,22
32,1,fold,1,win,3,reverser,RAW,4.988780587012341,127
32,1,fold,1,win,1,completer,SL_FLOOR,0.5298235021921052,14
32,1,fold,1,win,2,completer,SL_FLOOR,0.5110686879552082,22
32,1,fold,1,win,3,reverser,SL_FLOOR,4.988780587012341,61
33,1,fold,1,win,1,reverser,RAW,9.474529565394619,161
34,1,fold,1,win,1,reverser,RAW,4.46467829305094,161
35,1,fold,1,win,1,reverser,RAW,7.002626243796242,208
36,1,fold,1,win,1,completer,RAW,1.408368787282786,30
36,1,fold,1,win,2,reverser,RAW,6.590650274584198,183
36,1,fold,1,win,1,completer,SL_FLOOR,1.408368787282786,30
36,1,fold,1,win,2,reverser,SL_FLOOR,3.361392780631453,29
37,1,fold,1,win,1,reverser,RAW,8.017659629571043,217
37,1,fold,1,win,1,reverser,SL_FLOOR,2.1302526145833416,51
41,1,fold,1,win,1,reverser,RAW,5.640564816035994,216
41,1,fold,1,win,1,reverser,SL_FLOOR,2.757397194855872,54
42,1,fold,1,win,1,reverser,RAW,8.087534936982125,191
42,1,fold,1,win,1,reverser,SL_FLOOR,1.8048305031781873,25
43,1,fold,0,win,1,completer,RAW,0.3573616579318186,15
43,1,fold,0,win,2,completer,RAW,2.1862124955828377,90
43,1,fold,0,win,3,completer,RAW,2.4104394182067415,78
43,1,fold,0,win,4,reverser,RAW,1.5170352733771955,60
43,1,fold,0,win,1,completer,SL_FLOOR,0.3573616579318186,15
43,1,fold,0,win,2,reverser,SL_FLOOR,2.175701858584852,62
44,1,fold,1,win,1,reverser,RAW,4.474688366759937,194
44,1,fold,1,win,1,reverser,SL_FLOOR,3.8558051713572956,28
45,1,fold,1,win,1,reverser,RAW,3.8951764866839316,176
45,1,fold,1,win,1,reverser,SL_FLOOR,2.7584208997537196,21
46,1,fold,1,win,1,reverser,RAW,6.825725072175899,200
46,1,fold,1,win,1,reverser,SL_FLOOR,2.2021089220948427,45
47,1,fold,1,win,1,completer,RAW,0.49639067622318467,25
47,1,fold,1,win,2,completer,RAW,0.47881932485244416,23
47,1,fold,1,win,3,completer,RAW,0.904924595592699,6
47,1,fold,1,win,4,reverser,RAW,5.491047303353769,174
47,1,fold,1,win,1,completer,SL_FLOOR,0.49639067622318467,25
47,1,fold,1,win,2,completer,SL_FLOOR,0.47881932485244416,23
47,1,fold,1,win,3,completer,SL_FLOOR,0.904924595592699,6
47,1,fold,1,win,4,reverser,SL_FLOOR,5.135227438096445,137
48,1,fold,0,win,1,reverser,RAW,3.506829601662832,103
49,1,fold,1,win,1,reverser,RAW,7.834080858722705,220
49,1,fold,1,win,1,reverser,SL_FLOOR,2.4248345515094085,44
51,1,fold,0,win,1,completer,RAW,2.448033036764582,56
51,1,fold,0,win,2,completer,RAW,0.4846066969871736,5
51,1,fold,0,win,3,completer,RAW,0.4846066969871736,4
51,1,fold,0,win,4,completer,RAW,2.9884079647542467,72
51,1,fold,0,win,5,reverser,RAW,4.276846405156653,77
51,1,fold,0,win,1,reverser,SL_FLOOR,2.3191891927243424,31
52,1,fold,1,win,1,completer,RAW,1.5529775076392052,1
52,1,fold,1,win,2,completer,RAW,1.5529775076392052,1
52,1,fold,1,win,3,completer,RAW,1.5529775076392052,3
52,1,fold,1,win,4,completer,RAW,0.8019474014858723,1
52,1,fold,1,win,5,completer,RAW,0.8019474014858723,1
52,1,fold,1,win,6,reverser,RAW,28.017241756671257,161
56,1,fold,1,win,1,reverser,RAW,5.442945450124209,239
56,1,fold,1,win,1,reverser,SL_FLOOR,2.2538470420344403,15
57,1,fold,1,win,1,reverser,RAW,2.827691256693174,133
61,1,fold,0,win,1,reverser,RAW,0.34548623175288795,19
63,1,fold,1,win,1,reverser,RAW,2.24043097434163,226
63,1,fold,1,win,1,reverser,SL_FLOOR,2.24043097434163,226
65,1,fold,0,win,1,completer,RAW,0.40392797171391925,24
65,1,fold,0,win,2,completer,RAW,1.0740100333168807,101
65,1,fold,0,win,3,reverser,RAW,0.9143175793834635,42
65,1,fold,0,win,1,completer,SL_FLOOR,0.40392797171391925,24
65,1,fold,0,win,2,completer,SL_FLOOR,1.0740100333168807,101
65,1,fold,0,win,3,reverser,SL_FLOOR,0.9143175793834635,42
67,1,fold,0,win,1,reverser,RAW,2.2362273785388562,117
68,1,fold,0,win,1,completer,RAW,1.2522076298623686,82
68,1,fold,0,win,2,completer,RAW,0.8495542930514861,44
68,1,fold,0,win,3,reverser,RAW,1.185836200717708,58
69,1,fold,0,win,1,reverser,RAW,2.0021482116830427,54
70,1,fold,1,win,1,reverser,RAW,2.7590014762857757,210
70,1,fold,1,win,1,reverser,SL_FLOOR,2.213228126001091,75
71,1,fold,0,win,1,completer,RAW,0.4279275942533187,26
71,1,fold,0,win,2,completer,RAW,1.137822983169704,100
71,1,fold,0,win,3,reverser,RAW,0.9984977199244343,68
71,1,fold,0,win,1,completer,SL_FLOOR,0.4279275942533187,26
71,1,fold,0,win,2,completer,SL_FLOOR,1.137822983169704,100
71,1,fold,0,win,3,reverser,SL_FLOOR,0.9984977199244343,68
72,1,fold,1,win,1,reverser,RAW,2.1611476003337016,213
72,1,fold,1,win,1,reverser,SL_FLOOR,2.1611476003337016,213
73,1,fold,1,win,1,reverser,RAW,2.3389923720578,214
73,1,fold,1,win,1,reverser,SL_FLOOR,2.3389923720578,214
74,1,fold,1,win,1,reverser,RAW,3.2623469064480566,220
74,1,fold,1,win,1,reverser,SL_FLOOR,2.3738878847491973,81
75,1,fold,0,win,1,completer,RAW,0.48539942070506914,45
75,1,fold,0,win,2,completer,RAW,1.2848808195134127,116
75,1,fold,0,win,3,reverser,RAW,0.790915526678249,60
75,1,fold,0,win,1,completer,SL_FLOOR,0.48539942070506914,45
75,1,fold,0,win,2,completer,SL_FLOOR,1.2848808195134127,116
75,1,fold,0,win,3,reverser,SL_FLOOR,0.790915526678249,60
77,1,fold,0,win,1,reverser,RAW,1.2084380453890815,218
77,1,fold,0,win,1,reverser,SL_FLOOR,1.2084380453890815,218
78,1,fold,0,win,1,completer,RAW,0.5146245487849714,24
78,1,fold,0,win,2,completer,RAW,0.5606047490200572,15
78,1,fold,0,win,3,reverser,RAW,2.5766596824044705,139
78,1,fold,0,win,1,completer,SL_FLOOR,0.5146245487849714,24
78,1,fold,0,win,2,completer,SL_FLOOR,0.5606047490200572,15
78,1,fold,0,win,3,reverser,SL_FLOOR,2.5766596824044705,139
80,1,fold,0,win,1,completer,RAW,0.42691040089099885,26
80,1,fold,0,win,2,completer,RAW,1.135118352756714,100
80,1,fold,0,win,3,reverser,RAW,1.2641842879098184,91
80,1,fold,0,win,1,completer,SL_FLOOR,0.42691040089099885,26
80,1,fold,0,win,2,completer,SL_FLOOR,1.135118352756714,100
80,1,fold,0,win,3,reverser,SL_FLOOR,1.2641842879098184,91
81,1,fold,0,win,1,completer,RAW,0.5752541096712622,25
81,1,fold,0,win,2,completer,RAW,0.6266513840748829,14
81,1,fold,0,win,3,completer,RAW,2.8802241848488874,138
81,1,fold,0,win,4,reverser,RAW,1.199928675499848,26
81,1,fold,0,win,1,completer,SL_FLOOR,0.5752541096712622,25
81,1,fold,0,win,2,completer,SL_FLOOR,0.6266513840748829,14
81,1,fold,0,win,3,completer,SL_FLOOR,2.8802241848488874,138
81,1,fold,0,win,4,reverser,SL_FLOOR,1.199928675499848,26
82,1,fold,0,win,1,completer,RAW,0.5174895008492348,23
82,1,fold,0,win,2,reverser,RAW,2.4181853133433613,154
82,1,fold,0,win,1,completer,SL_FLOOR,0.5174895008492348,23
82,1,fold,0,win,2,reverser,SL_FLOOR,2.4181853133433613,154
84,1,fold,1,win,1,completer,RAW,0.11410754201714957,5
84,1,fold,1,win,2,completer,RAW,0.5688839775927492,12
84,1,fold,1,win,3,reverser,RAW,3.497644222699632,184
86,1,fold,1,win,1,completer,RAW,0.110819200676183,4
86,1,fold,1,win,2,completer,RAW,0.5524899280087991,12
86,1,fold,1,win,3,reverser,RAW,3.396849412030867,205
86,1,fold,1,win,1,completer,SL_FLOOR,0.110819200676183,4
86,1,fold,1,win,2,completer,SL_FLOOR,0.5524899280087991,12
86,1,fold,1,win,3,reverser,SL_FLOOR,3.396849412030867,205
87,1,fold,0,win,1,completer,RAW,0.4951997957382077,46
87,1,fold,0,win,2,reverser,RAW,0.6735947532091251,37
89,1,fold,1,win,1,completer,RAW,1.5311408960200754,84
89,1,fold,1,win,2,reverser,RAW,3.358973453552709,115
90,1,fold,0,win,1,reverser,RAW,2.2720402668088173,117
91,1,fold,0,win,1,completer,RAW,0.2623585012084153,7
91,1,fold,0,win,2,completer,RAW,0.6590957469382634,26
91,1,fold,0,win,3,completer,RAW,1.2286056641955527,32
91,1,fold,0,win,4,completer,RAW,0.7550805644535323,18
91,1,fold,0,win,5,completer,RAW,1.714928739606305,59
91,1,fold,0,win,6,completer,RAW,0.7358836009504648,25
91,1,fold,0,win,1,completer,SL_FLOOR,0.2623585012084153,7
91,1,fold,0,win,2,completer,SL_FLOOR,0.6590957469382634,26
91,1,fold,0,win,3,completer,SL_FLOOR,1.2286056641955527,32
91,1,fold,0,win,4,completer,SL_FLOOR,0.7550805644535323,18
91,1,fold,0,win,5,completer,SL_FLOOR,1.714928739606305,59
91,1,fold,0,win,6,completer,SL_FLOOR,0.7358836009504648,25
92,1,fold,1,win,1,reverser,RAW,2.9310964692589443,137
92,1,fold,1,win,1,reverser,SL_FLOOR,2.7506102334671376,123
93,1,fold,0,win,1,completer,RAW,1.1879170910395733,39
93,1,fold,0,win,2,completer,RAW,0.749872663718735,35
93,1,fold,0,win,3,completer,RAW,1.0282907319311314,65
93,1,fold,0,win,4,reverser,RAW,1.785587877468871,96
93,1,fold,0,win,1,completer,SL_FLOOR,1.1879170910395733,39
93,1,fold,0,win,2,completer,SL_FLOOR,0.749872663718735,35
93,1,fold,0,win,3,completer,SL_FLOOR,1.0282907319311314,65
93,1,fold,0,win,4,reverser,SL_FLOOR,1.785587877468871,96
94,1,fold,0,win,1,completer,RAW,0.15185850198815198,5
94,1,fold,0,win,2,completer,RAW,1.2410505162480399,66
94,1,fold,0,win,3,completer,RAW,0.76452901000934,44
94,1,fold,0,win,4,reverser,RAW,2.1783840285197758,121
94,1,fold,0,win,1,completer,SL_FLOOR,0.15185850198815198,5
94,1,fold,0,win,2,completer,SL_FLOOR,1.2410505162480399,66
94,1,fold,0,win,3,completer,SL_FLOOR,0.76452901000934,44
94,1,fold,0,win,4,reverser,SL_FLOOR,2.1783840285197758,121
95,1,fold,0,win,1,completer,RAW,2.762686687047204,201
95,1,fold,0,win,2,reverser,RAW,1.057921597884591,12
95,1,fold,0,win,1,reverser,SL_FLOOR,2.478559172186773,83
96,1,fold,0,win,1,reverser,RAW,1.7517320317834075,69
98,1,fold,1,win,1,reverser,RAW,4.162911321730122,200
98,1,fold,1,win,1,reverser,SL_FLOOR,3.031292859490008,127
99,1,fold,1,win,1,reverser,RAW,2.83381767138827,212
99,1,fold,1,win,1,reverser,SL_FLOOR,2.369948707321734,133
101,1,fold,1,win,1,reverser,RAW,3.451742619055773,222
101,1,fold,1,win,1,reverser,SL_FLOOR,2.450621299531198,112
102,1,fold,1,win,1,reverser,RAW,3.539342754784619,220
102,1,fold,1,win,1,reverser,SL_FLOOR,2.291638222982776,168
103,1,fold,1,win,1,completer,RAW,0.46226465522451576,58
103,1,fold,1,win,2,reverser,RAW,2.988677655243339,161
103,1,fold,1,win,1,completer,SL_FLOOR,0.46226465522451576,58
103,1,fold,1,win,2,reverser,SL_FLOOR,2.988677655243339,161
106,1,fold,0,win,1,completer,RAW,0.25194148132933347,6
106,1,fold,0,win,2,reverser,RAW,1.0189633244875376,13
108,1,fold,0,win,1,reverser,RAW,0.8576723869878995,36
113,1,fold,0,win,1,completer,RAW,0.3988315685773711,36
113,1,fold,0,win,2,completer,RAW,0.6184779396779532,35
113,1,fold,0,win,3,completer,RAW,0.7745424665125782,38
113,1,fold,0,win,4,reverser,RAW,0.9450574124985489,37
115,1,fold,0,win,1,completer,RAW,0.7837838965807113,41
115,1,fold,0,win,2,reverser,RAW,0.9322278163876736,67
116,1,fold,0,win,1,completer,RAW,2.5042757787447787,95
116,1,fold,0,win,2,completer,RAW,0.5653165956104256,26
116,1,fold,0,win,3,completer,RAW,0.8799498139818267,44
116,1,fold,0,win,4,reverser,RAW,0.19440751704249593,6
118,1,fold,0,win,1,reverser,RAW,1.8858123318790743,125
120,1,fold,0,win,1,completer,RAW,0.44869320954180836,36
120,1,fold,0,win,2,reverser,RAW,1.149344913672491,50
121,1,fold,0,win,1,completer,RAW,0.5715691679158067,17
121,1,fold,0,win,2,completer,RAW,0.9748234888379965,82
121,1,fold,0,win,3,completer,RAW,0.32611001605012646,16
121,1,fold,0,win,4,completer,RAW,0.49442486304373556,31
121,1,fold,0,win,5,reverser,RAW,1.5744451312527503,63
121,1,fold,0,win,1,completer,SL_FLOOR,0.5715691679158067,17
121,1,fold,0,win,2,completer,SL_FLOOR,0.9748234888379965,82
121,1,fold,0,win,3,completer,SL_FLOOR,0.32611001605012646,16
121,1,fold,0,win,4,completer,SL_FLOOR,0.49442486304373556,31
121,1,fold,0,win,5,reverser,SL_FLOOR,1.5744451312527503,63
123,1,fold,0,win,1,completer,RAW,0.4229633494343774,37
123,1,fold,0,win,2,completer,RAW,0.41683344581939386,21
123,1,fold,0,win,3,completer,RAW,0.6558996868040352,38
123,1,fold,0,win,4,completer,RAW,0.8214070844087944,44
123,1,fold,0,win,5,completer,RAW,1.0022392410510204,25
123,1,fold,0,win,6,reverser,RAW,1.127902265158335,27
124,1,fold,0,win,1,completer,RAW,3.09782869720424,132
124,1,fold,0,win,2,reverser,RAW,1.3316039773057045,77
124,1,fold,0,win,1,reverser,SL_FLOOR,1.988158716116161,30
125,1,fold,0,win,1,completer,RAW,0.6431422804684994,37
125,1,fold,0,win,2,completer,RAW,1.2112512948823413,102
125,1,fold,0,win,3,completer,RAW,0.9647134207027457,38
125,1,fold,0,win,4,reverser,RAW,0.8932531673173569,23
125,1,fold,0,win,1,completer,SL_FLOOR,0.6431422804684994,37
125,1,fold,0,win,2,completer,SL_FLOOR,1.2112512948823413,102
125,1,fold,0,win,3,completer,SL_FLOOR,0.9647134207027457,38
125,1,fold,0,win,4,reverser,SL_FLOOR,0.8932531673173569,23
128,1,fold,0,win,1,completer,RAW,0.6289528758323922,19
128,1,fold,0,win,2,completer,RAW,0.2578706790913001,2
128,1,fold,0,win,3,completer,RAW,0.6949929277948224,26
128,1,fold,0,win,4,completer,RAW,0.6195185826949281,18
128,1,fold,0,win,5,completer,RAW,1.396275384347927,77
128,1,fold,0,win,6,reverser,RAW,1.2264581078731949,51
129,1,fold,0,win,1,completer,RAW,0.06963558510390233,2
129,1,fold,0,win,2,completer,RAW,0.47673592878821136,8
129,1,fold,0,win,3,completer,RAW,0.6427900163436742,53
129,1,fold,0,win,4,reverser,RAW,2.1854860555684676,153
129,1,fold,0,win,1,completer,SL_FLOOR,0.06963558510390233,2
129,1,fold,0,win,2,completer,SL_FLOOR,0.47673592878821136,8
129,1,fold,0,win,3,completer,SL_FLOOR,0.6427900163436742,53
129,1,fold,0,win,4,reverser,SL_FLOOR,2.1854860555684676,153
130,1,fold,1,win,1,reverser,RAW,5.3792541075922955,214
131,1,fold,1,win,1,completer,RAW,0.2914220371061982,9
131,1,fold,1,win,2,reverser,RAW,3.7156309731041475,218
131,1,fold,1,win,1,completer,SL_FLOOR,0.2914220371061982,9
131,1,fold,1,win,2,reverser,SL_FLOOR,3.684407183414186,201
132,1,fold,0,win,1,completer,RAW,0.7932410144855384,101
132,1,fold,0,win,2,completer,RAW,0.7681912982386294,22
132,1,fold,0,win,3,reverser,RAW,0.7514914874073559,17
133,1,fold,0,win,1,completer,RAW,0.20387025489997335,6
133,1,fold,0,win,2,completer,RAW,0.5494551991816179,26
133,1,fold,0,win,3,completer,RAW,0.8552605815315557,44
133,1,fold,0,win,4,reverser,RAW,1.9119051953423365,138
133,1,fold,0,win,1,completer,SL_FLOOR,0.20387025489997335,6
133,1,fold,0,win,2,completer,SL_FLOOR,0.5494551991816179,26
133,1,fold,0,win,3,completer,SL_FLOOR,0.8552605815315557,44
133,1,fold,0,win,4,reverser,SL_FLOOR,1.9119051953423365,138
134,1,fold,0,win,1,completer,RAW,1.8768860000542085,196
134,1,fold,0,win,2,reverser,RAW,1.1416430545784215,41
134,1,fold,0,win,1,completer,SL_FLOOR,1.8768860000542085,196
134,1,fold,0,win,2,reverser,SL_FLOOR,1.1416430545784215,41
135,1,fold,0,win,1,completer,RAW,0.18885370184036177,10
135,1,fold,0,win,2,reverser,RAW,1.2373173568851707,70
135,1,fold,0,win,1,completer,SL_FLOOR,0.18885370184036177,10
135,1,fold,0,win,2,reverser,SL_FLOOR,1.2373173568851707,70
136,1,fold,0,win,1,completer,RAW,0.7652452017527053,39
136,1,fold,0,win,2,reverser,RAW,1.5921208895525947,74
136,1,fold,0,win,1,completer,SL_FLOOR,0.7652452017527053,39
136,1,fold,0,win,2,reverser,SL_FLOOR,1.5921208895525947,74
137,1,fold,0,win,1,completer,RAW,0.33844294771992556,18
137,1,fold,0,win,2,completer,RAW,0.7651753600624294,25
137,1,fold,0,win,3,reverser,RAW,1.397916523190983,75
137,1,fold,0,win,1,completer,SL_FLOOR,0.33844294771992556,18
137,1,fold,0,win,2,completer,SL_FLOOR,0.7651753600624294,25
137,1,fold,0,win,3,reverser,SL_FLOOR,1.397916523190983,75
139,1,fold,0,win,1,completer,RAW,1.8805547832270388,128
139,1,fold,0,win,2,completer,RAW,0.47457396652191375,12
139,1,fold,0,win,3,reverser,RAW,2.0224834461120826,82
139,1,fold,0,win,1,completer,SL_FLOOR,1.8805547832270388,128
139,1,fold,0,win,2,completer,SL_FLOOR,0.47457396652191375,12
139,1,fold,0,win,3,reverser,SL_FLOOR,2.0224834461120826,82
140,1,fold,0,win,1,reverser,RAW,1.597683997074796,32
141,1,fold,0,win,1,reverser,RAW,0.751711059431148,6
143,1,fold,0,win,1,completer,RAW,0.8968043217970477,74
143,1,fold,0,win,2,completer,RAW,0.28164102668006663,9
143,1,fold,0,win,3,completer,RAW,1.4082051334003243,79
143,1,fold,0,win,4,reverser,RAW,2.3198326671278915,43
143,1,fold,0,win,1,completer,SL_FLOOR,0.8968043217970477,74
143,1,fold,0,win,2,completer,SL_FLOOR,0.28164102668006663,9
143,1,fold,0,win,3,completer,SL_FLOOR,1.4082051334003243,79
143,1,fold,0,win,4,reverser,SL_FLOOR,2.3198326671278915,43
144,1,fold,0,win,1,reverser,RAW,2.269575197097014,232
144,1,fold,0,win,1,reverser,SL_FLOOR,2.1867943388442423,100
147,1,fold,0,win,1,completer,RAW,0.3198277456262666,21
147,1,fold,0,win,2,completer,RAW,0.7230888161985058,22
147,1,fold,0,win,3,reverser,RAW,2.6003386274830893,125
147,1,fold,0,win,1,completer,SL_FLOOR,0.3198277456262666,21
147,1,fold,0,win,2,completer,SL_FLOOR,0.7230888161985058,22
147,1,fold,0,win,3,reverser,SL_FLOOR,2.6003386274830893,125
148,1,fold,1,win,1,completer,RAW,0.35510684688338046,12
148,1,fold,1,win,2,reverser,RAW,4.8869466071094,190
148,1,fold,1,win,1,completer,SL_FLOOR,0.35510684688338046,12
148,1,fold,1,win,2,reverser,SL_FLOOR,3.9907245649751486,155
150,1,fold,1,win,1,reverser,RAW,6.154388197397381,231
150,1,fold,1,win,1,reverser,SL_FLOOR,2.6784513423883105,107
151,1,fold,1,win,1,reverser,RAW,3.3620150501325083,221
151,1,fold,1,win,1,reverser,SL_FLOOR,2.472924026908094,194
153,1,fold,1,win,1,reverser,RAW,5.736024940679683,224
153,1,fold,1,win,1,reverser,SL_FLOOR,2.8537437515819337,75
154,1,fold,1,win,1,reverser,RAW,4.281404639311002,166
154,1,fold,1,win,1,reverser,SL_FLOOR,2.140702319655501,41
155,1,fold,1,win,1,reverser,RAW,5.6221977715877784,226
155,1,fold,1,win,1,reverser,SL_FLOOR,1.9560957454457997,47
156,1,fold,1,win,1,completer,RAW,0.8455664574283378,38
156,1,fold,1,win,2,reverser,RAW,2.0202795895603036,189
156,1,fold,1,win,1,completer,SL_FLOOR,0.8455664574283378,38
156,1,fold,1,win,2,reverser,SL_FLOOR,2.0202795895603036,189
157,1,fold,1,win,1,reverser,RAW,3.1824071321512806,181
157,1,fold,1,win,1,reverser,SL_FLOOR,2.7575517719396507,104
158,1,fold,0,win,1,completer,RAW,0.4573583898929303,26
158,1,fold,0,win,2,completer,RAW,1.7444955728773146,109
158,1,fold,0,win,3,reverser,RAW,2.646144970094807,88
158,1,fold,0,win,1,completer,SL_FLOOR,0.4573583898929303,26
158,1,fold,0,win,2,completer,SL_FLOOR,1.7444955728773146,109
158,1,fold,0,win,3,reverser,SL_FLOOR,2.646144970094807,88
159,1,fold,1,win,1,reverser,RAW,3.7870254418101843,187
159,1,fold,1,win,1,reverser,SL_FLOOR,1.893512720905092,38
161,1,fold,1,win,1,completer,RAW,0.28219794167220935,15
161,1,fold,1,win,2,reverser,RAW,3.1041773583943417,207
161,1,fold,1,win,1,completer,SL_FLOOR,0.28219794167220935,15
161,1,fold,1,win,2,reverser,SL_FLOOR,3.1041773583943417,207
162,1,fold,1,win,1,completer,RAW,0.9208249329672914,22
162,1,fold,1,win,2,completer,RAW,0.5354797164538203,5
162,1,fold,1,win,3,reverser,RAW,5.865254464335217,207
162,1,fold,1,win,1,completer,SL_FLOOR,0.9208249329672914,22
162,1,fold,1,win,2,completer,SL_FLOOR,0.5354797164538203,5
162,1,fold,1,win,3,reverser,SL_FLOOR,4.003586665075238,105
165,1,fold,0,win,1,completer,RAW,0.2598407704613219,16
165,1,fold,0,win,2,reverser,RAW,0.7234782236373793,49
167,1,fold,1,win,1,reverser,RAW,6.377190415624,202
167,1,fold,1,win,1,reverser,SL_FLOOR,2.6682164698970823,42
169,1,fold,1,win,1,reverser,RAW,4.780506693974243,206
169,1,fold,1,win,1,reverser,SL_FLOOR,2.036436692578267,24
171,1,fold,1,win,1,reverser,RAW,2.9587018349974965,95
172,1,fold,0,win,1,completer,RAW,0.8870795708010385,33
172,1,fold,0,win,2,completer,RAW,0.6604248787020994,23
172,1,fold,0,win,3,reverser,RAW,1.9929981546631286,108
172,1,fold,0,win,1,completer,SL_FLOOR,0.8870795708010385,33
172,1,fold,0,win,2,completer,SL_FLOOR,0.6604248787020994,23
172,1,fold,0,win,3,reverser,SL_FLOOR,1.9929981546631286,108
174,1,fold,0,win,1,completer,RAW,0.863288701979924,81
174,1,fold,0,win,2,reverser,RAW,2.074835914417678,75
176,1,fold,0,win,1,completer,RAW,0.27274084554889777,25
176,1,fold,0,win,2,reverser,RAW,1.8567357562366573,156
176,1,fold,0,win,1,completer,SL_FLOOR,0.27274084554889777,25
176,1,fold,0,win,2,reverser,SL_FLOOR,1.8567357562366573,156
178,1,fold,1,win,1,reverser,RAW,3.9174705598493054,207
178,1,fold,1,win,1,reverser,SL_FLOOR,2.413582532846759,62
179,1,fold,1,win,1,reverser,RAW,1.1699045763538916,210
179,1,fold,1,win,1,reverser,SL_FLOOR,1.1699045763538916,210
181,1,fold,0,win,1,completer,RAW,0.8172861030566946,75
181,1,fold,0,win,2,reverser,RAW,1.9642728499601423,125
181,1,fold,0,win,1,completer,SL_FLOOR,0.8172861030566946,75
181,1,fold,0,win,2,reverser,SL_FLOOR,1.9642728499601423,125
182,1,fold,0,win,1,reverser,RAW,1.8348450953977051,124
183,1,fold,1,win,1,reverser,RAW,2.8159628804504635,228
183,1,fold,1,win,1,reverser,SL_FLOOR,2.4597266124416697,95
188,1,fold,0,win,1,reverser,RAW,3.8407555712174917,104
189,1,fold,0,win,1,completer,RAW,0.5155272017909936,31
189,1,fold,0,win,2,reverser,RAW,2.214053666639249,61
190,1,fold,0,win,1,completer,RAW,2.4803055829820915,92
190,1,fold,0,win,2,completer,RAW,0.7670574673296362,43
190,1,fold,0,win,3,reverser,RAW,1.5662670440683166,50
190,1,fold,0,win,1,reverser,SL_FLOOR,1.984244466385665,27
191,1,fold,0,win,1,reverser,RAW,2.3649805966927193,171
191,1,fold,0,win,1,reverser,SL_FLOOR,2.3649805966927193,171
192,1,fold,0,win,1,completer,RAW,0.43287583184341605,9
192,1,fold,0,win,2,completer,RAW,0.4159003090260285,12
192,1,fold,0,win,3,reverser,RAW,2.3256466259823263,190
192,1,fold,0,win,1,completer,SL_FLOOR,0.43287583184341605,9
192,1,fold,0,win,2,completer,SL_FLOOR,0.4159003090260285,12
192,1,fold,0,win,3,reverser,SL_FLOOR,2.3256466259823263,190
193,1,fold,0,win,1,reverser,RAW,1.573880965434112,161
193,1,fold,0,win,1,reverser,SL_FLOOR,1.573880965434112,161
194,1,fold,0,win,1,completer,RAW,0.3293283508841809,14
194,1,fold,0,win,2,reverser,RAW,2.0690411609897836,97
195,1,fold,0,win,1,completer,RAW,2.070359422302849,108
195,1,fold,0,win,2,reverser,RAW,0.7355224263444398,15
196,1,fold,0,win,1,completer,RAW,1.0350036371616618,30
196,1,fold,0,win,2,reverser,RAW,2.6588093434641675,165
197,1,fold,0,win,1,reverser,RAW,3.2820792475580927,185
198,1,fold,0,win,1,completer,RAW,3.523752195848404,80
198,1,fold,0,win,2,completer,RAW,0.7308523072870852,27
198,1,fold,0,win,3,completer,RAW,1.089752993901251,31
198,1,fold,0,win,4,reverser,RAW,2.623237745798251,87
198,1,fold,0,win,1,reverser,SL_FLOOR,2.6493396139156586,27
200,1,fold,1,win,1,completer,RAW,1.6892176703707404,109
200,1,fold,1,win,2,reverser,RAW,2.9881678100006623,115
200,1,fold,1,win,1,completer,SL_FLOOR,1.6892176703707404,109
200,1,fold,1,win,2,reverser,SL_FLOOR,2.8833198166673024,111
201,1,fold,0,win,1,completer,RAW,1.0217635320738485,53
201,1,fold,0,win,2,reverser,RAW,2.839706439789601,28
203,2,fold,0,win,1,completer,RAW,0.5300943753589169,20
203,2,fold,0,win,2,completer,RAW,0.7492000505072702,24
203,2,fold,0,win,3,reverser,RAW,2.042630326383036,135
204,2,fold,0,win,1,reverser,RAW,1.720838311359441,54
206,2,fold,0,win,1,completer,RAW,2.0154337773031394,131
206,2,fold,0,win,2,reverser,RAW,0.6178152139770356,33
206,2,fold,0,win,1,completer,SL_FLOOR,2.0154337773031394,131
206,2,fold,0,win,2,reverser,SL_FLOOR,0.6178152139770356,33
207,2,fold,0,win,1,reverser,RAW,1.4060538086602317,208
207,2,fold,0,win,1,reverser,SL_FLOOR,1.4060538086602317,208
208,2,fold,1,win,1,completer,RAW,0.5907383944165939,26
208,2,fold,1,win,2,reverser,RAW,6.202753141374224,210
208,2,fold,1,win,1,completer,SL_FLOOR,0.5907383944165939,26
208,2,fold,1,win,2,reverser,SL_FLOOR,3.389236381525718,120
209,2,fold,1,win,1,reverser,RAW,3.0033499148839287,143
210,2,fold,1,win,1,reverser,RAW,5.8072421020716,176
211,2,fold,1,win,1,reverser,RAW,4.497978511808402,221
211,2,fold,1,win,1,reverser,SL_FLOOR,2.4759514743899516,115
212,2,fold,0,win,1,completer,RAW,1.6472804526728053,130
212,2,fold,0,win,2,reverser,RAW,1.266837110031695,21
212,2,fold,0,win,1,completer,SL_FLOOR,1.6472804526728053,130
212,2,fold,0,win,2,reverser,SL_FLOOR,1.266837110031695,21
213,2,fold,1,win,1,reverser,RAW,4.884966557236554,192
214,2,fold,1,win,1,reverser,RAW,6.3613018761292714,233
214,2,fold,1,win,1,reverser,SL_FLOOR,2.779888919868494,75
215,2,fold,0,win,1,reverser,RAW,4.448610631489433,213
215,2,fold,0,win,1,reverser,SL_FLOOR,2.0079332033181814,124
216,2,fold,0,win,1,completer,RAW,0.6101323680056424,36
216,2,fold,0,win,2,completer,RAW,1.4666643461674405,67
216,2,fold,0,win,3,reverser,RAW,1.2495980229346695,65
216,2,fold,0,win,1,completer,SL_FLOOR,0.6101323680056424,36
216,2,fold,0,win,2,completer,SL_FLOOR,1.4666643461674405,67
216,2,fold,0,win,3,reverser,SL_FLOOR,1.2495980229346695,65
217,2,fold,0,win,1,completer,RAW,0.5785181113019978,37
217,2,fold,0,win,2,completer,RAW,1.3906685367836782,62
217,2,fold,0,win,3,completer,RAW,1.1848495933397034,80
217,2,fold,0,win,4,reverser,RAW,0.3893871902994377,7
218,2,fold,1,win,1,reverser,RAW,3.29089964868706,213
218,2,fold,1,win,1,reverser,SL_FLOOR,2.568507042877708,82
219,2,fold,0,win,1,completer,RAW,0.44058776961929325,6
219,2,fold,0,win,2,completer,RAW,1.8438296386122732,93
219,2,fold,0,win,3,reverser,RAW,1.8830600564551034,111
219,2,fold,0,win,1,completer,SL_FLOOR,0.44058776961929325,6
219,2,fold,0,win,2,completer,SL_FLOOR,1.8438296386122732,93
219,2,fold,0,win,3,reverser,SL_FLOOR,1.8830600564551034,111
220,2,fold,0,win,1,completer,RAW,0.2931160841541016,9
220,2,fold,0,win,2,completer,RAW,1.3979382475042081,67
220,2,fold,0,win,3,completer,RAW,0.5749584727638282,27
220,2,fold,0,win,4,completer,RAW,1.1837380321608197,56
220,2,fold,0,win,5,reverser,RAW,1.4092119430485952,55
220,2,fold,0,win,1,completer,SL_FLOOR,0.2931160841541016,9
220,2,fold,0,win,2,completer,SL_FLOOR,1.3979382475042081,67
220,2,fold,0,win,3,completer,SL_FLOOR,0.5749584727638282,27
220,2,fold,0,win,4,completer,SL_FLOOR,1.1837380321608197,56
220,2,fold,0,win,5,reverser,SL_FLOOR,1.4092119430485952,55
221,2,fold,1,win,1,completer,RAW,1.5926255974446735,48
221,2,fold,1,win,2,completer,RAW,0.8314442457247955,41
221,2,fold,1,win,3,completer,RAW,0.6499317695454327,11
221,2,fold,1,win,4,completer,RAW,0.9368385867321525,2
221,2,fold,1,win,5,reverser,RAW,4.274326051965499,130
221,2,fold,1,win,1,completer,SL_FLOOR,1.5926255974446735,48
221,2,fold,1,win,2,completer,SL_FLOOR,0.8314442457247955,41
221,2,fold,1,win,3,completer,SL_FLOOR,0.6499317695454327,11
221,2,fold,1,win,4,completer,SL_FLOOR,0.9368385867321525,2
221,2,fold,1,win,5,reverser,SL_FLOOR,4.274326051965499,130
222,2,fold,0,win,1,completer,RAW,0.1615635069824095,8
222,2,fold,0,win,2,completer,RAW,0.6037373155658479,11
222,2,fold,0,win,3,completer,RAW,0.6632607128751631,17
222,2,fold,0,win,4,completer,RAW,0.4166637811651732,7
222,2,fold,0,win,5,reverser,RAW,3.0271899203020265,50
223,2,fold,1,win,1,completer,RAW,0.6996939415235578,12
223,2,fold,1,win,2,reverser,RAW,5.6684664586941675,157
224,2,fold,0,win,1,completer,RAW,0.13746496007181563,6
224,2,fold,0,win,2,completer,RAW,0.5422228980610693,14
224,2,fold,0,win,3,completer,RAW,0.5956814936445611,17
224,2,fold,0,win,4,completer,RAW,0.6415031470018357,14
224,2,fold,0,win,5,reverser,RAW,2.8714902770558206,65
225,2,fold,0,win,1,completer,RAW,0.298106407820542,7
225,2,fold,0,win,2,completer,RAW,3.5955283065701407,114
225,2,fold,0,win,3,completer,RAW,0.42586629688647326,11
225,2,fold,0,win,4,completer,RAW,0.395447275680298,15
225,2,fold,0,win,5,completer,RAW,0.24943597389064998,6
225,2,fold,0,win,6,reverser,RAW,3.753707216842265,74
225,2,fold,0,win,1,completer,SL_FLOOR,0.298106407820542,7
225,2,fold,0,win,2,reverser,SL_FLOOR,3.2670028775434314,51
226,2,fold,0,win,1,completer,RAW,1.3631018150116325,82
226,2,fold,0,win,2,completer,RAW,1.0212968281658086,39
226,2,fold,0,win,3,reverser,RAW,0.5930110615156221,19
227,2,fold,0,win,1,completer,RAW,2.754198078392856,60
227,2,fold,0,win,2,completer,RAW,0.7559076247762988,50
227,2,fold,0,win,3,completer,RAW,0.3966643971598298,15
227,2,fold,0,win,4,completer,RAW,1.1825089575708465,51
227,2,fold,0,win,5,completer,RAW,0.6361598822374761,27
227,2,fold,0,win,6,completer,RAW,0.47150673624659944,15
227,2,fold,0,win,1,reverser,SL_FLOOR,2.3650179151416935,11
228,2,fold,0,win,1,completer,RAW,1.2851522325379146,83
228,2,fold,0,win,2,completer,RAW,0.9628935156175249,39
228,2,fold,0,win,3,completer,RAW,0.5590994606811348,32
228,2,fold,0,win,4,reverser,RAW,1.7005941929051525,32
229,2,fold,0,win,1,reverser,RAW,3.3016462605942536,153
230,2,fold,0,win,1,completer,RAW,0.49409300721728966,12
230,2,fold,0,win,2,completer,RAW,0.3278117067114632,14
230,2,fold,0,win,3,completer,RAW,0.5606055274195962,17
230,2,fold,0,win,4,reverser,RAW,4.19503966704672,121
231,2,fold,0,win,1,completer,RAW,0.2821252124483469,12
231,2,fold,0,win,2,completer,RAW,2.789904878655919,136
231,2,fold,0,win,3,completer,RAW,0.9780340698209371,30
231,2,fold,0,win,4,reverser,RAW,2.325965640407517,37
231,2,fold,0,win,1,completer,SL_FLOOR,0.2821252124483469,12
231,2,fold,0,win,2,completer,SL_FLOOR,2.789904878655919,136
231,2,fold,0,win,3,completer,SL_FLOOR,0.9780340698209371,30
231,2,fold,0,win,4,reverser,SL_FLOOR,2.325965640407517,37
232,2,fold,1,win,1,completer,RAW,0.5611096350892915,18
232,2,fold,1,win,2,reverser,RAW,4.2230883061983215,139
233,2,fold,1,win,1,completer,RAW,0.6395413545081047,10
233,2,fold,1,win,2,reverser,RAW,5.837975472570546,227
233,2,fold,1,win,1,completer,SL_FLOOR,0.6395413545081047,10
233,2,fold,1,win,2,reverser,SL_FLOOR,3.1156034905428234,36
234,2,fold,1,win,1,reverser,RAW,2.0018586167266386,178
234,2,fold,1,win,1,reverser,SL_FLOOR,2.0018586167266386,178
235,2,fold,0,win,1,completer,RAW,0.4684194577493752,55
235,2,fold,0,win,2,completer,RAW,0.7327749933109058,59
235,2,fold,0,win,3,completer,RAW,0.3942143951356103,36
235,2,fold,0,win,4,reverser,RAW,2.0962930188387836,70
235,2,fold,0,win,1,completer,SL_FLOOR,0.4684194577493752,55
235,2,fold,0,win,2,completer,SL_FLOOR,0.7327749933109058,59
235,2,fold,0,win,3,completer,SL_FLOOR,0.3942143951356103,36
235,2,fold,0,win,4,reverser,SL_FLOOR,2.0962930188387836,70
236,2,fold,0,win,1,completer,RAW,1.1037027079428792,101
236,2,fold,0,win,2,completer,RAW,0.8269434186399767,44
236,2,fold,0,win,3,reverser,RAW,1.480495475307059,79
236,2,fold,0,win,1,completer,SL_FLOOR,1.1037027079428792,101
236,2,fold,0,win,2,completer,SL_FLOOR,0.8269434186399767,44
236,2,fold,0,win,3,reverser,SL_FLOOR,1.480495475307059,79
237,2,fold,1,win,1,reverser,RAW,3.765315452991381,70
240,2,fold,1,win,1,reverser,RAW,4.225313594071033,197
240,2,fold,1,win,1,reverser,SL_FLOOR,2.0606811594818195,44
241,2,fold,1,win,1,completer,RAW,1.9728092754520286,94
241,2,fold,1,win,2,completer,RAW,0.6157901784647914,13
241,2,fold,1,win,3,reverser,RAW,4.823689731307566,112
241,2,fold,1,win,1,completer,SL_FLOOR,1.9728092754520286,94
241,2,fold,1,win,2,completer,SL_FLOOR,0.6157901784647914,13
241,2,fold,1,win,3,reverser,SL_FLOOR,3.9684255945509115,27
242,2,fold,1,win,1,completer,RAW,0.8149346377050904,30
242,2,fold,1,win,2,reverser,RAW,3.5209355500848574,198
242,2,fold,1,win,1,completer,SL_FLOOR,0.8149346377050904,30
242,2,fold,1,win,2,reverser,SL_FLOOR,3.5209355500848574,113
243,2,fold,0,win,1,reverser,RAW,1.2966104491361925,53
245,2,fold,0,win,1,completer,RAW,1.4661299976439197,129
245,2,fold,0,win,2,reverser,RAW,1.3431642559060453,75
245,2,fold,0,win,1,completer,SL_FLOOR,1.4661299976439197,129
245,2,fold,0,win,2,reverser,SL_FLOOR,1.3431642559060453,75
246,2,fold,1,win,1,reverser,RAW,2.5131056504793774,206
246,2,fold,1,win,1,reverser,SL_FLOOR,2.230507424722659,36
247,2,fold,0,win,1,completer,RAW,0.4333676184513864,15
247,2,fold,0,win,2,reverser,RAW,0.814028364388445,62
249,2,fold,0,win,1,completer,RAW,0.5823959704639157,23
249,2,fold,0,win,2,completer,RAW,0.28321995823931134,12
249,2,fold,0,win,3,reverser,RAW,1.74718791139173,126
249,2,fold,0,win,1,completer,SL_FLOOR,0.5823959704639157,23
249,2,fold,0,win,2,completer,SL_FLOOR,0.28321995823931134,12
249,2,fold,0,win,3,reverser,SL_FLOOR,1.74718791139173,126
250,2,fold,0,win,1,reverser,RAW,2.3403468444259454,131
251,2,fold,0,win,1,reverser,RAW,0.31485854785514433,4
253,2,fold,0,win,1,completer,RAW,0.49125541631586167,17
253,2,fold,0,win,2,reverser,RAW,1.4737662489475705,152
253,2,fold,0,win,1,completer,SL_FLOOR,0.49125541631586167,17
253,2,fold,0,win,2,reverser,SL_FLOOR,1.4737662489475705,152
255,2,fold,1,win,1,reverser,RAW,3.4568134683572107,177
255,2,fold,1,win,1,reverser,SL_FLOOR,3.108325507068156,159
257,2,fold,1,win,1,reverser,RAW,2.0354358137296957,177
257,2,fold,1,win,1,reverser,SL_FLOOR,2.0354358137296957,177
259,2,fold,1,win,1,reverser,RAW,4.538096994287111,228
259,2,fold,1,win,1,reverser,SL_FLOOR,2.1597822468120613,32
261,2,fold,0,win,1,completer,RAW,0.56337906050969,23
261,2,fold,0,win,2,completer,RAW,0.27397200887800954,13
261,2,fold,0,win,3,reverser,RAW,1.6901371815290533,184
261,2,fold,0,win,1,completer,SL_FLOOR,0.56337906050969,23
261,2,fold,0,win,2,completer,SL_FLOOR,0.27397200887800954,13
261,2,fold,0,win,3,reverser,SL_FLOOR,1.6901371815290533,184
263,2,fold,0,win,1,completer,RAW,0.19170131503814303,16
263,2,fold,0,win,2,completer,RAW,2.0174281249251216,111
263,2,fold,0,win,3,reverser,RAW,3.0307065044123993,69
263,2,fold,0,win,1,completer,SL_FLOOR,0.19170131503814303,16
263,2,fold,0,win,2,completer,SL_FLOOR,2.0174281249251216,111
263,2,fold,0,win,3,reverser,SL_FLOOR,3.0307065044123993,69
265,2,fold,0,win,1,reverser,RAW,2.520392173225573,228
265,2,fold,0,win,1,reverser,SL_FLOOR,1.6965624927234821,19
267,2,fold,0,win,1,reverser,RAW,2.3161839583066994,101
270,2,fold,0,win,1,completer,RAW,1.4716813074819937,104
270,2,fold,0,win,2,reverser,RAW,1.9856017640630181,37
272,2,fold,0,win,1,reverser,RAW,2.0506987943540254,37
274,2,fold,0,win,1,completer,RAW,0.6011827601924572,58
274,2,fold,0,win,2,completer,RAW,0.5106431878743178,17
274,2,fold,0,win,3,reverser,RAW,2.151220238279029,29
274,2,fold,0,win,1,completer,SL_FLOOR,0.6011827601924572,58
274,2,fold,0,win,2,completer,SL_FLOOR,0.5106431878743178,17
274,2,fold,0,win,3,reverser,SL_FLOOR,2.151220238279029,29
275,2,fold,0,win,1,completer,RAW,0.34472162363145653,7
275,2,fold,0,win,2,completer,RAW,0.5367808139404144,6
275,2,fold,0,win,3,completer,RAW,0.6598956795230881,5
275,2,fold,0,win,4,completer,RAW,0.6795940580163009,2
275,2,fold,0,win,5,reverser,RAW,1.9107427138429562,3
276,2,fold,0,win,1,completer,RAW,0.43708358393026026,21
276,2,fold,0,win,2,completer,RAW,2.015226081660768,149
276,2,fold,0,win,3,completer,RAW,0.5028395213356931,8
276,2,fold,0,win,4,completer,RAW,1.473706597145397,9
276,2,fold,0,win,5,completer,RAW,0.20113580853429536,3
276,2,fold,0,win,6,completer,RAW,0.5492554771513092,4
276,2,fold,0,win,1,completer,SL_FLOOR,0.43708358393026026,21
276,2,fold,0,win,2,completer,SL_FLOOR,2.015226081660768,149
276,2,fold,0,win,3,completer,SL_FLOOR,0.5028395213356931,8
276,2,fold,0,win,4,completer,SL_FLOOR,1.473706597145397,9
276,2,fold,0,win,5,completer,SL_FLOOR,0.20113580853429536,3
276,2,fold,0,win,6,completer,SL_FLOOR,0.5492554771513092,4
277,2,fold,0,win,1,completer,RAW,0.383268732780051,41
277,2,fold,0,win,2,reverser,RAW,4.687671424002205,148
277,2,fold,0,win,1,completer,SL_FLOOR,0.383268732780051,41
277,2,fold,0,win,2,reverser,SL_FLOOR,3.9800983788697923,139
278,2,fold,1,win,1,completer,RAW,0.324604916556834,23
278,2,fold,1,win,2,reverser,RAW,5.348252434698345,70
279,2,fold,0,win,1,completer,RAW,1.6742934552688276,63
279,2,fold,0,win,2,completer,RAW,0.7364373468663681,24
279,2,fold,0,win,3,completer,RAW,0.3210111511981584,30
279,2,fold,0,win,4,reverser,RAW,4.808872931674387,75
279,2,fold,0,win,1,completer,SL_FLOOR,1.6742934552688276,63
279,2,fold,0,win,2,completer,SL_FLOOR,0.7364373468663681,24
279,2,fold,0,win,3,completer,SL_FLOOR,0.3210111511981584,30
279,2,fold,0,win,4,reverser,SL_FLOOR,4.808872931674387,75
280,2,fold,0,win,1,completer,RAW,1.3935684723322315,60
280,2,fold,0,win,2,completer,RAW,0.5473346924758862,33
280,2,fold,0,win,3,reverser,RAW,3.004518099122947,56
280,2,fold,0,win,1,completer,SL_FLOOR,1.3935684723322315,60
280,2,fold,0,win,2,completer,SL_FLOOR,0.5473346924758862,33
280,2,fold,0,win,3,reverser,SL_FLOOR,3.004518099122947,56
281,2,fold,0,win,1,completer,RAW,1.7935004022399794,154
281,2,fold,0,win,2,completer,RAW,0.44751449576044955,12
281,2,fold,0,win,3,completer,RAW,0.30293288943784447,5
281,2,fold,0,win,4,completer,RAW,1.311561714497949,9
281,2,fold,0,win,5,completer,RAW,0.4888235261383489,5
281,2,fold,0,win,6,completer,RAW,1.376967679262938,18
281,2,fold,0,win,1,completer,SL_FLOOR,1.7935004022399794,154
281,2,fold,0,win,2,completer,SL_FLOOR,0.44751449576044955,12
281,2,fold,0,win,3,completer,SL_FLOOR,0.30293288943784447,5
281,2,fold,0,win,4,completer,SL_FLOOR,1.311561714497949,9
281,2,fold,0,win,5,completer,SL_FLOOR,0.4888235261383489,5
281,2,fold,0,win,6,completer,SL_FLOOR,1.376967679262938,18
282,2,fold,1,win,1,reverser,RAW,10.981148993409915,200
282,2,fold,1,win,1,reverser,SL_FLOOR,2.631776137011716,51
283,2,fold,1,win,1,reverser,RAW,9.97853500128344,212
284,2,fold,1,win,1,completer,RAW,0.32418980196222824,9
284,2,fold,1,win,2,completer,RAW,0.6220939443058846,37
284,2,fold,1,win,3,reverser,RAW,7.158461302787494,185
284,2,fold,1,win,1,completer,SL_FLOOR,0.32418980196222824,9
284,2,fold,1,win,2,completer,SL_FLOOR,0.6220939443058846,37
284,2,fold,1,win,3,reverser,SL_FLOOR,4.126848560113726,97
285,2,fold,1,win,1,reverser,RAW,11.5821011825427,222
285,2,fold,1,win,1,reverser,SL_FLOOR,2.7758021976537997,52
286,2,fold,1,win,1,completer,RAW,0.4217778837091286,13
286,2,fold,1,win,2,reverser,RAW,9.923717377080875,223
286,2,fold,1,win,1,completer,SL_FLOOR,0.4217778837091286,13
286,2,fold,1,win,2,reverser,SL_FLOOR,3.8994559059900813,134
287,2,fold,1,win,1,completer,RAW,1.237730943495579,37
287,2,fold,1,win,2,reverser,RAW,11.000507598932604,199
287,2,fold,1,win,1,completer,SL_FLOOR,1.237730943495579,37
287,2,fold,1,win,2,reverser,SL_FLOOR,3.184723438881881,88
289,2,fold,0,win,1,reverser,RAW,3.47054191888195,90
294,2,fold,0,win,1,completer,RAW,0.7061631695808546,10
294,2,fold,0,win,2,reverser,RAW,2.4957547637240705,121
296,2,fold,1,win,1,completer,RAW,1.5562990246515644,80
296,2,fold,1,win,2,completer,RAW,0.43509435097785065,7
296,2,fold,1,win,3,completer,RAW,1.27516113632741,10
296,2,fold,1,win,4,completer,RAW,0.17403774039115572,5
296,2,fold,1,win,5,completer,RAW,1.3387518491626338,18
296,2,fold,1,win,6,completer,RAW,1.1781016272631213,3
296,2,fold,1,win,1,completer,SL_FLOOR,1.5562990246515644,80
296,2,fold,1,win,2,completer,SL_FLOOR,0.43509435097785065,7
296,2,fold,1,win,3,completer,SL_FLOOR,1.27516113632741,10
296,2,fold,1,win,4,completer,SL_FLOOR,0.17403774039115572,5
296,2,fold,1,win,5,completer,SL_FLOOR,1.3387518491626338,18
296,2,fold,1,win,6,completer,SL_FLOOR,1.1781016272631213,3
297,2,fold,0,win,1,completer,RAW,0.621048466711533,41
297,2,fold,0,win,2,completer,RAW,0.5275170711224482,33
297,2,fold,0,win,3,reverser,RAW,2.8957320074381174,161
297,2,fold,0,win,1,completer,SL_FLOOR,0.621048466711533,41
297,2,fold,0,win,2,completer,SL_FLOOR,0.5275170711224482,33
297,2,fold,0,win,3,reverser,SL_FLOOR,2.8957320074381174,161
298,2,fold,0,win,1,completer,RAW,0.8110693334961305,18
298,2,fold,0,win,2,reverser,RAW,3.9373037128403583,164
299,2,fold,1,win,1,completer,RAW,0.36679279890525485,23
299,2,fold,1,win,2,reverser,RAW,6.043348020058044,181
299,2,fold,1,win,1,completer,SL_FLOOR,0.36679279890525485,23
299,2,fold,1,win,2,reverser,SL_FLOOR,3.29531308222819,41
300,2,fold,1,win,1,completer,RAW,0.7098725984262207,32
300,2,fold,1,win,2,completer,RAW,0.3094316454678383,27
300,2,fold,1,win,3,reverser,RAW,4.635407394851546,181
300,2,fold,1,win,1,completer,SL_FLOOR,0.7098725984262207,32
300,2,fold,1,win,2,completer,SL_FLOOR,0.3094316454678383,27
300,2,fold,1,win,3,reverser,SL_FLOOR,4.507994364364789,57
301,2,fold,0,win,1,reverser,RAW,1.7058480422286908,189
301,2,fold,0,win,1,reverser,SL_FLOOR,1.7058480422286908,189
302,2,fold,1,win,1,reverser,RAW,3.63341828712083,166
302,2,fold,1,win,1,reverser,SL_FLOOR,2.159982673593632,32
303,2,fold,0,win,1,completer,RAW,8.436733070771968,213
303,2,fold,0,win,2,reverser,RAW,0.5547811642368083,11
303,2,fold,0,win,1,reverser,SL_FLOOR,1.9823278185534843,40
304,2,fold,0,win,1,completer,RAW,0.8063589745134987,33
304,2,fold,0,win,2,completer,RAW,0.9575512822347878,25
304,2,fold,0,win,3,completer,RAW,0.453576923163844,7
304,2,fold,0,win,4,completer,RAW,0.5711709402803953,5
304,2,fold,0,win,5,completer,RAW,2.318282051726319,60
304,2,fold,0,win,6,reverser,RAW,4.143789174583269,107
304,2,fold,0,win,1,completer,SL_FLOOR,0.8063589745134987,33
304,2,fold,0,win,2,completer,SL_FLOOR,0.9575512822347878,25
304,2,fold,0,win,3,completer,SL_FLOOR,0.453576923163844,7
304,2,fold,0,win,4,completer,SL_FLOOR,0.5711709402803953,5
304,2,fold,0,win,5,completer,SL_FLOOR,2.318282051726319,60
304,2,fold,0,win,6,reverser,SL_FLOOR,4.143789174583269,107
305,2,fold,1,win,1,reverser,RAW,3.7637937005031583,222
305,2,fold,1,win,1,reverser,SL_FLOOR,2.6717839227943205,48
306,2,fold,0,win,1,completer,RAW,0.614241671548007,15
306,2,fold,0,win,2,reverser,RAW,1.1470023050335187,40
307,2,fold,1,win,1,completer,RAW,0.4050349592681597,5
307,2,fold,1,win,2,completer,RAW,0.36334018404938306,7
307,2,fold,1,win,3,completer,RAW,0.4169477521878102,7
307,2,fold,1,win,4,completer,RAW,0.6492472141210239,4
307,2,fold,1,win,5,completer,RAW,0.7981571256166822,6
307,2,fold,1,win,6,completer,RAW,0.8219827114559699,3
308,2,fold,1,win,1,reverser,RAW,6.240474704893291,220
309,2,fold,1,win,1,completer,RAW,0.09067881908351128,2
309,2,fold,1,win,2,reverser,RAW,7.99182658855983,219
311,2,fold,1,win,1,reverser,RAW,5.532677653808057,241
311,2,fold,1,win,1,reverser,SL_FLOOR,2.6994603058140383,28
314,2,fold,1,win,1,reverser,RAW,4.744062977345903,206
314,2,fold,1,win,1,reverser,SL_FLOOR,2.503602173464639,88
315,2,fold,0,win,1,reverser,RAW,1.4576174505819748,55
317,2,fold,0,win,1,completer,RAW,1.584194012012789,53
317,2,fold,0,win,2,completer,RAW,0.2962314006202744,3
317,2,fold,0,win,3,completer,RAW,1.2557635461077052,38
317,2,fold,0,win,4,completer,RAW,0.5345044837278912,15
317,2,fold,0,win,5,reverser,RAW,2.550165970557182,31
317,2,fold,0,win,1,completer,SL_FLOOR,1.584194012012789,53
317,2,fold,0,win,2,completer,SL_FLOOR,0.2962314006202744,3
317,2,fold,0,win,3,completer,SL_FLOOR,1.2557635461077052,38
317,2,fold,0,win,4,completer,SL_FLOOR,0.5345044837278912,15
317,2,fold,0,win,5,reverser,SL_FLOOR,2.550165970557182,31
319,2,fold,1,win,1,reverser,RAW,1.9159419791268464,218
319,2,fold,1,win,1,reverser,SL_FLOOR,1.9159419791268464,218
320,2,fold,0,win,1,completer,RAW,1.276743897012046,40
320,2,fold,0,win,2,reverser,RAW,3.5863009464850597,79
321,2,fold,0,win,1,completer,RAW,1.0299755347092012,30
321,2,fold,0,win,2,completer,RAW,2.1291931221719747,49
321,2,fold,0,win,3,completer,RAW,0.3981418033329662,3
321,2,fold,0,win,4,completer,RAW,0.3981418033329662,2
321,2,fold,0,win,5,completer,RAW,1.6877750358680386,39
321,2,fold,0,win,6,completer,RAW,0.7183862973181858,13
321,2,fold,0,win,1,completer,SL_FLOOR,1.0299755347092012,30
321,2,fold,0,win,2,completer,SL_FLOOR,2.1291931221719747,49
321,2,fold,0,win,3,completer,SL_FLOOR,0.3981418033329662,3
321,2,fold,0,win,4,completer,SL_FLOOR,0.3981418033329662,2
321,2,fold,0,win,5,completer,SL_FLOOR,1.6877750358680386,39
321,2,fold,0,win,6,completer,SL_FLOOR,0.7183862973181858,13
325,2,fold,1,win,1,completer,RAW,1.1844005318995148,30
325,2,fold,1,win,2,completer,RAW,2.448424628968758,50
325,2,fold,1,win,3,completer,RAW,0.45783549972586,4
325,2,fold,1,win,4,completer,RAW,0.45783549972586,1
325,2,fold,1,win,5,completer,RAW,1.940824401011831,34
325,2,fold,1,win,6,completer,RAW,0.7564238691123055,8
325,2,fold,1,win,1,completer,SL_FLOOR,1.1844005318995148,30
325,2,fold,1,win,2,completer,SL_FLOOR,2.448424628968758,50
325,2,fold,1,win,3,completer,SL_FLOOR,0.45783549972586,4
325,2,fold,1,win,4,completer,SL_FLOOR,0.45783549972586,1
325,2,fold,1,win,5,completer,SL_FLOOR,1.940824401011831,34
325,2,fold,1,win,6,completer,SL_FLOOR,0.7564238691123055,8
327,2,fold,0,win,1,reverser,RAW,1.057999532754876,110
327,2,fold,0,win,1,reverser,SL_FLOOR,1.057999532754876,110
329,2,fold,0,win,1,completer,RAW,0.35654790418713134,1
329,2,fold,0,win,2,reverser,RAW,2.0137423884371985,27
330,2,fold,0,win,1,reverser,RAW,2.4465207768693333,39
333,2,fold,0,win,1,reverser,RAW,2.1746240320054895,28
334,2,fold,0,win,1,completer,RAW,1.3136987136908842,79
334,2,fold,0,win,2,completer,RAW,0.467032183037716,33
334,2,fold,0,win,3,reverser,RAW,1.002343924999073,64
334,2,fold,0,win,1,completer,SL_FLOOR,1.3136987136908842,79
334,2,fold,0,win,2,completer,SL_FLOOR,0.467032183037716,33
334,2,fold,0,win,3,reverser,SL_FLOOR,1.002343924999073,64
336,2,fold,1,win,1,completer,RAW,0.11548555628550905,4
336,2,fold,1,win,2,completer,RAW,0.33202097432082445,3
336,2,fold,1,win,3,completer,RAW,1.4074802172296077,34
336,2,fold,1,win,4,completer,RAW,0.5990813232310597,15
336,2,fold,1,win,5,reverser,RAW,5.4061676036152475,167
336,2,fold,1,win,1,completer,SL_FLOOR,0.11548555628550905,4
336,2,fold,1,win,2,completer,SL_FLOOR,0.33202097432082445,3
336,2,fold,1,win,3,completer,SL_FLOOR,1.4074802172296077,34
336,2,fold,1,win,4,completer,SL_FLOOR,0.5990813232310597,15
336,2,fold,1,win,5,reverser,SL_FLOOR,5.4061676036152475,167
337,2,fold,0,win,1,completer,RAW,0.6055219915710186,9
337,2,fold,0,win,2,completer,RAW,0.4247263258412941,7
337,2,fold,0,win,3,completer,RAW,1.3487930617932766,35
337,2,fold,0,win,4,reverser,RAW,2.987433143248534,177
337,2,fold,0,win,1,completer,SL_FLOOR,0.6055219915710186,9
337,2,fold,0,win,2,completer,SL_FLOOR,0.4247263258412941,7
337,2,fold,0,win,3,completer,SL_FLOOR,1.3487930617932766,35
337,2,fold,0,win,4,reverser,SL_FLOOR,2.987433143248534,177
338,2,fold,0,win,1,completer,RAW,2.4525479221836557,79
338,2,fold,0,win,2,completer,RAW,0.43198287265735,1
338,2,fold,0,win,3,completer,RAW,0.43198287265735,1
338,2,fold,0,win,4,reverser,RAW,3.288643804746255,60
338,2,fold,0,win,1,reverser,SL_FLOOR,1.9369554612700415,44
340,2,fold,1,win,1,reverser,RAW,2.565263760197733,98
341,2,fold,1,win,1,completer,RAW,0.4541508874736011,7
341,2,fold,1,win,2,reverser,RAW,2.8322500800627206,219
341,2,fold,1,win,1,completer,SL_FLOOR,0.4541508874736011,7
341,2,fold,1,win,2,reverser,SL_FLOOR,2.8322500800627206,219
343,2,fold,0,win,1,completer,RAW,0.9017550699949924,70
343,2,fold,0,win,2,reverser,RAW,1.3445330085554148,48
344,2,fold,1,win,1,completer,RAW,1.877644122624798,101
344,2,fold,1,win,2,completer,RAW,0.30401991495178704,13
344,2,fold,1,win,3,reverser,RAW,4.44853929075235,90
344,2,fold,1,win,1,completer,SL_FLOOR,1.877644122624798,101
344,2,fold,1,win,2,completer,SL_FLOOR,0.30401991495178704,13
344,2,fold,1,win,3,reverser,SL_FLOOR,4.44853929075235,90
345,2,fold,1,win,1,reverser,RAW,2.7024810926573766,205
345,2,fold,1,win,1,reverser,SL_FLOOR,2.6502355064311898,182
346,2,fold,0,win,1,completer,RAW,0.7357714589130576,52
346,2,fold,0,win,2,completer,RAW,0.6439821481971775,27
346,2,fold,0,win,3,reverser,RAW,3.1001475450994342,91
347,2,fold,0,win,1,completer,RAW,1.7958134890273914,99
347,2,fold,0,win,2,reverser,RAW,1.2725888181502765,41
348,2,fold,0,win,1,reverser,RAW,2.7078655111994805,86
349,2,fold,0,win,1,completer,RAW,1.395252427370473,115
349,2,fold,0,win,2,completer,RAW,0.1664216750719012,15
349,2,fold,0,win,3,reverser,RAW,0.7687896909045366,4
350,2,fold,0,win,1,completer,RAW,0.15507933806970442,7
350,2,fold,0,win,2,completer,RAW,1.5225971374117095,161
350,2,fold,0,win,3,reverser,RAW,0.8543461715476863,10
351,2,fold,0,win,1,reverser,RAW,1.219429819567135,48
352,2,fold,0,win,1,completer,RAW,1.5032387683829087,102
352,2,fold,0,win,2,reverser,RAW,1.1135101988021558,62
354,2,fold,1,win,1,completer,RAW,0.44379640218175165,10
354,2,fold,1,win,2,reverser,RAW,3.7291225461104913,222
354,2,fold,1,win,1,completer,SL_FLOOR,0.44379640218175165,10
354,2,fold,1,win,2,reverser,SL_FLOOR,3.7291225461104913,222
355,2,fold,1,win,1,completer,RAW,0.46967171007461306,11
355,2,fold,1,win,2,reverser,RAW,5.257519142626251,222
355,2,fold,1,win,1,completer,SL_FLOOR,0.46967171007461306,11
355,2,fold,1,win,2,reverser,SL_FLOOR,3.694283450885376,69
356,2,fold,1,win,1,reverser,RAW,2.1888004113272905,192
356,2,fold,1,win,1,reverser,SL_FLOOR,2.1888004113272905,192
357,2,fold,1,win,1,reverser,RAW,5.395595925261045,234
357,2,fold,1,win,1,reverser,SL_FLOOR,2.433087097821269,15
358,2,fold,0,win,1,completer,RAW,2.617970340053378,127
358,2,fold,0,win,2,reverser,RAW,1.524136852761583,67
358,2,fold,0,win,1,reverser,SL_FLOOR,2.131109486168169,67
359,2,fold,0,win,1,completer,RAW,1.4314740560032224,93
359,2,fold,0,win,2,reverser,RAW,1.1110123743300797,70
359,2,fold,0,win,1,completer,SL_FLOOR,1.4314740560032224,93
359,2,fold,0,win,2,reverser,SL_FLOOR,1.1110123743300797,70
360,2,fold,0,win,1,reverser,RAW,1.1329736640048202,70
367,2,fold,0,win,1,completer,RAW,1.336974103380491,117
367,2,fold,0,win,2,completer,RAW,0.23761570908320895,28
367,2,fold,0,win,3,completer,RAW,0.25227382100717444,19
367,2,fold,0,win,4,reverser,RAW,0.22064315843440863,5
368,2,fold,1,win,1,reverser,RAW,7.3671347101885285,229
368,2,fold,1,win,1,reverser,SL_FLOOR,2.4510124612047672,42
369,2,fold,0,win,1,completer,RAW,0.6944232749289042,28
369,2,fold,0,win,2,completer,RAW,1.657737388734382,112
369,2,fold,0,win,3,completer,RAW,0.5510993843956302,39
369,2,fold,0,win,4,reverser,RAW,0.7375472773902425,18
370,2,fold,1,win,1,completer,RAW,0.9018308044450126,19
370,2,fold,1,win,2,reverser,RAW,2.877187124181332,206
370,2,fold,1,win,1,completer,SL_FLOOR,0.9018308044450126,19
370,2,fold,1,win,2,reverser,SL_FLOOR,2.877187124181332,206
371,2,fold,0,win,1,completer,RAW,0.519199830504608,24
371,2,fold,0,win,2,completer,RAW,1.4615087766144872,97
371,2,fold,0,win,3,completer,RAW,0.49672700202008757,34
371,2,fold,0,win,4,reverser,RAW,1.1647124555946853,51
371,2,fold,0,win,1,completer,SL_FLOOR,0.519199830504608,24
371,2,fold,0,win,2,completer,SL_FLOOR,1.4615087766144872,97
371,2,fold,0,win,3,completer,SL_FLOOR,0.49672700202008757,34
371,2,fold,0,win,4,reverser,SL_FLOOR,1.1647124555946853,51
372,2,fold,1,win,1,reverser,RAW,3.1042246321186164,202
372,2,fold,1,win,1,reverser,SL_FLOOR,2.181008545563456,134
373,2,fold,0,win,1,completer,RAW,0.5805287138234007,24
373,2,fold,0,win,2,completer,RAW,1.634145006374554,81
373,2,fold,0,win,3,completer,RAW,0.5554013515832921,49
373,2,fold,0,win,4,reverser,RAW,1.7866421013490492,73
373,2,fold,0,win,1,completer,SL_FLOOR,0.5805287138234007,24
373,2,fold,0,win,2,completer,SL_FLOOR,1.634145006374554,81
373,2,fold,0,win,3,completer,SL_FLOOR,0.5554013515832921,49
373,2,fold,0,win,4,reverser,SL_FLOOR,1.7866421013490492,73
374,2,fold,0,win,1,completer,RAW,0.36733403040916235,15
374,2,fold,0,win,2,reverser,RAW,2.1690482021418527,162
374,2,fold,0,win,1,completer,SL_FLOOR,0.36733403040916235,15
374,2,fold,0,win,2,reverser,SL_FLOOR,2.1690482021418527,162
379,2,fold,0,win,1,reverser,RAW,0.6894892667665347,24
380,2,fold,0,win,1,completer,RAW,0.5052257049933798,46
380,2,fold,0,win,2,completer,RAW,0.16203784946333855,22
380,2,fold,0,win,3,completer,RAW,0.2717250091000678,20
380,2,fold,0,win,4,reverser,RAW,1.1832917827476606,131
380,2,fold,0,win,1,completer,SL_FLOOR,0.5052257049933798,46
380,2,fold,0,win,2,completer,SL_FLOOR,0.16203784946333855,22
380,2,fold,0,win,3,completer,SL_FLOOR,0.2717250091000678,20
380,2,fold,0,win,4,reverser,SL_FLOOR,1.1832917827476606,131
381,2,fold,0,win,1,completer,RAW,0.31962393550870594,38
381,2,fold,0,win,2,completer,RAW,0.5510976189624377,38
381,2,fold,0,win,3,reverser,RAW,1.4078673349788424,134
381,2,fold,0,win,1,completer,SL_FLOOR,0.31962393550870594,38
381,2,fold,0,win,2,completer,SL_FLOOR,0.5510976189624377,38
381,2,fold,0,win,3,reverser,SL_FLOOR,1.4078673349788424,134
383,2,fold,0,win,1,completer,RAW,0.6627499102697567,14
383,2,fold,0,win,2,completer,RAW,0.3754184618300216,6
383,2,fold,0,win,3,completer,RAW,0.88506475358811,15
383,2,fold,0,win,4,completer,RAW,0.22860677284617115,4
383,2,fold,0,win,5,reverser,RAW,0.4152673488399241,4
384,3,fold,1,win,1,reverser,RAW,3.7379061540401786,222
384,3,fold,1,win,1,reverser,SL_FLOOR,2.578316314731933,80
385,3,fold,1,win,1,completer,RAW,0.40467663223686823,8
385,3,fold,1,win,2,reverser,RAW,6.321495401417323,231
385,3,fold,1,win,1,completer,SL_FLOOR,0.40467663223686823,8
385,3,fold,1,win,2,reverser,SL_FLOOR,3.683818935182708,85
386,3,fold,0,win,1,completer,RAW,0.7204156104701452,48
386,3,fold,0,win,2,completer,RAW,0.5156931887897733,17
386,3,fold,0,win,3,completer,RAW,1.8822369486983597,57
386,3,fold,0,win,4,completer,RAW,0.8888581093210717,36
386,3,fold,0,win,5,completer,RAW,0.8275277635856062,12
386,3,fold,0,win,6,completer,RAW,1.278435375894249,33
386,3,fold,0,win,1,completer,SL_FLOOR,0.7204156104701452,48
386,3,fold,0,win,2,completer,SL_FLOOR,0.5156931887897733,17
386,3,fold,0,win,3,completer,SL_FLOOR,1.8822369486983597,57
386,3,fold,0,win,4,completer,SL_FLOOR,0.8888581093210717,36
386,3,fold,0,win,5,completer,SL_FLOOR,0.8275277635856062,12
386,3,fold,0,win,6,completer,SL_FLOOR,1.278435375894249,33
387,3,fold,0,win,1,completer,RAW,0.6815671041626653,25
387,3,fold,0,win,2,completer,RAW,1.7276198621743228,84
387,3,fold,0,win,3,completer,RAW,0.854329090380114,14
387,3,fold,0,win,4,completer,RAW,0.40767615040333105,9
387,3,fold,0,win,5,completer,RAW,0.6120409389775983,30
387,3,fold,0,win,6,completer,RAW,1.5685524236448627,18
387,3,fold,0,win,1,completer,SL_FLOOR,0.6815671041626653,25
387,3,fold,0,win,2,completer,SL_FLOOR,1.7276198621743228,84
387,3,fold,0,win,3,completer,SL_FLOOR,0.854329090380114,14
387,3,fold,0,win,4,completer,SL_FLOOR,0.40767615040333105,9
387,3,fold,0,win,5,completer,SL_FLOOR,0.6120409389775983,30
387,3,fold,0,win,6,completer,SL_FLOOR,1.5685524236448627,18
389,3,fold,0,win,1,reverser,RAW,1.773905487975958,21
390,3,fold,1,win,1,completer,RAW,0.5975535190203625,22
390,3,fold,1,win,2,reverser,RAW,4.444417814719826,208
390,3,fold,1,win,1,completer,SL_FLOOR,0.5975535190203625,22
390,3,fold,1,win,2,reverser,SL_FLOOR,3.333767429063437,82
391,3,fold,1,win,1,reverser,RAW,2.4025454438145086,152
391,3,fold,1,win,1,reverser,SL_FLOOR,2.4025454438145086,152
392,3,fold,1,win,1,completer,RAW,1.3084342328285887,65
392,3,fold,1,win,2,reverser,RAW,2.4671079209358386,166
392,3,fold,1,win,1,completer,SL_FLOOR,1.3084342328285887,65
392,3,fold,1,win,2,reverser,SL_FLOOR,2.4671079209358386,166
393,3,fold,0,win,1,completer,RAW,3.5753944297067592,117
393,3,fold,0,win,2,reverser,RAW,4.012798130480382,108
393,3,fold,0,win,1,reverser,SL_FLOOR,2.2120440887382427,38
394,3,fold,0,win,1,completer,RAW,3.3562745741626587,149
394,3,fold,0,win,2,reverser,RAW,2.372538923114967,53
394,3,fold,0,win,1,reverser,SL_FLOOR,3.17388427102723,61
395,3,fold,1,win,1,reverser,RAW,2.837429745504335,233
395,3,fold,1,win,1,reverser,SL_FLOOR,2.2347835765087463,68
396,3,fold,1,win,1,reverser,RAW,2.4020235317930445,214
396,3,fold,1,win,1,reverser,SL_FLOOR,2.4020235317930445,214
398,3,fold,1,win,1,reverser,RAW,4.363468470259351,227
398,3,fold,1,win,1,reverser,SL_FLOOR,2.2989702818404374,25
402,3,fold,0,win,1,completer,RAW,1.8548132140615219,155
402,3,fold,0,win,2,reverser,RAW,0.5859659108731319,30
402,3,fold,0,win,1,completer,SL_FLOOR,1.8548132140615219,155
402,3,fold,0,win,2,reverser,SL_FLOOR,0.5859659108731319,30
404,3,fold,1,win,1,reverser,RAW,2.5969124735863915,219
404,3,fold,1,win,1,reverser,SL_FLOOR,2.0095655490272737,24
405,3,fold,1,win,1,reverser,RAW,2.883107599121035,230
405,3,fold,1,win,1,reverser,SL_FLOOR,2.883107599121035,226
406,3,fold,0,win,1,completer,RAW,0.8449901255980541,38
406,3,fold,0,win,2,completer,RAW,1.7536438907959284,116
406,3,fold,0,win,3,completer,RAW,0.47313659429888855,32
406,3,fold,0,win,4,reverser,RAW,1.1213481974974266,33
406,3,fold,0,win,1,completer,SL_FLOOR,0.8449901255980541,38
406,3,fold,0,win,2,completer,SL_FLOOR,1.7536438907959284,116
406,3,fold,0,win,3,completer,SL_FLOOR,0.47313659429888855,32
406,3,fold,0,win,4,reverser,SL_FLOOR,1.1213481974974266,33
407,3,fold,1,win,1,completer,RAW,0.6364197305935877,35
407,3,fold,1,win,2,reverser,RAW,3.2032622544604163,171
408,3,fold,1,win,1,reverser,RAW,4.997694315967686,186
408,3,fold,1,win,1,reverser,SL_FLOOR,2.03319740778316,39
409,3,fold,0,win,1,completer,RAW,0.8672179712750354,62
409,3,fold,0,win,2,completer,RAW,1.4309982044728988,118
409,3,fold,0,win,3,reverser,RAW,1.0844652234392473,53
409,3,fold,0,win,1,completer,SL_FLOOR,0.8672179712750354,62
409,3,fold,0,win,2,completer,SL_FLOOR,1.4309982044728988,118
409,3,fold,0,win,3,reverser,SL_FLOOR,1.0844652234392473,53
410,3,fold,0,win,1,completer,RAW,0.5512735842573621,35
410,3,fold,0,win,2,completer,RAW,2.0714328763452157,171
410,3,fold,0,win,3,reverser,RAW,0.5097042304560366,13
410,3,fold,0,win,1,completer,SL_FLOOR,0.5512735842573621,35
410,3,fold,0,win,2,completer,SL_FLOOR,2.0714328763452157,171
410,3,fold,0,win,3,reverser,SL_FLOOR,0.5097042304560366,13
411,3,fold,1,win,1,reverser,RAW,2.9755681793728592,214
411,3,fold,1,win,1,reverser,SL_FLOOR,2.9755681793728592,181
413,3,fold,0,win,1,reverser,RAW,0.5117101545047675,13
415,3,fold,0,win,1,completer,RAW,1.8890645147055432,151
415,3,fold,0,win,2,completer,RAW,0.3492226934244953,26
415,3,fold,0,win,3,reverser,RAW,0.45091941183931317,16
415,3,fold,0,win,1,completer,SL_FLOOR,1.8890645147055432,151
415,3,fold,0,win,2,completer,SL_FLOOR,0.3492226934244953,26
415,3,fold,0,win,3,reverser,SL_FLOOR,0.45091941183931317,16
416,3,fold,0,win,1,completer,RAW,1.8613682754709555,124
416,3,fold,0,win,2,completer,RAW,1.1783615068886177,53
416,3,fold,0,win,3,reverser,RAW,2.315929094152028,22
418,3,fold,0,win,1,completer,RAW,2.1030877728895976,156
418,3,fold,0,win,2,completer,RAW,0.3620857059469631,22
418,3,fold,0,win,3,completer,RAW,0.38878819163627654,9
418,3,fold,0,win,4,reverser,RAW,1.3586224718717852,33
418,3,fold,0,win,1,completer,SL_FLOOR,2.1030877728895976,156
418,3,fold,0,win,2,completer,SL_FLOOR,0.3620857059469631,22
418,3,fold,0,win,3,completer,SL_FLOOR,0.38878819163627654,9
418,3,fold,0,win,4,reverser,SL_FLOOR,1.3586224718717852,33
421,3,fold,0,win,1,completer,RAW,0.5574255974167015,8
421,3,fold,0,win,2,completer,RAW,1.0849610169851078,61
421,3,fold,0,win,3,completer,RAW,0.17724351074961708,4
421,3,fold,0,win,4,reverser,RAW,2.1562879177587106,32
423,3,fold,0,win,1,completer,RAW,2.78771296114957,179
423,3,fold,0,win,2,completer,RAW,0.5335550339795865,10
423,3,fold,0,win,3,completer,RAW,0.9819206087523393,26
423,3,fold,0,win,4,reverser,RAW,0.7330777147534242,17
423,3,fold,0,win,1,reverser,SL_FLOOR,2.705886243753542,93
424,3,fold,0,win,1,completer,RAW,1.3940358748807165,121
424,3,fold,0,win,2,reverser,RAW,1.9927692686244507,56
424,3,fold,0,win,1,completer,SL_FLOOR,1.3940358748807165,121
424,3,fold,0,win,2,reverser,SL_FLOOR,1.9927692686244507,56
425,3,fold,0,win,1,completer,RAW,1.8651827921154562,166
425,3,fold,0,win,2,completer,RAW,0.3448077888928589,11
425,3,fold,0,win,3,completer,RAW,1.2049327128343528,38
425,3,fold,0,win,4,reverser,RAW,0.6668809982982538,20
425,3,fold,0,win,1,completer,SL_FLOOR,1.8651827921154562,166
425,3,fold,0,win,2,completer,SL_FLOOR,0.3448077888928589,11
425,3,fold,0,win,3,completer,SL_FLOOR,1.2049327128343528,38
425,3,fold,0,win,4,reverser,SL_FLOOR,0.6668809982982538,20
428,3,fold,1,win,1,reverser,RAW,6.875864352974203,213
428,3,fold,1,win,1,reverser,SL_FLOOR,2.5923028242434962,54
431,3,fold,0,win,1,completer,RAW,0.5489672848914513,18
431,3,fold,0,win,2,completer,RAW,0.8581396997921502,48
431,3,fold,0,win,3,completer,RAW,0.298463129444813,5
431,3,fold,0,win,4,completer,RAW,0.3892592452665298,20
431,3,fold,0,win,5,completer,RAW,0.8395148555210046,25
431,3,fold,0,win,6,completer,RAW,0.3399034079480723,12
432,3,fold,1,win,1,reverser,RAW,7.724548119114751,231
432,3,fold,1,win,1,reverser,SL_FLOOR,2.650232970203035,93
434,3,fold,0,win,1,completer,RAW,1.3313785572806485,115
434,3,fold,0,win,2,reverser,RAW,2.7439565760218154,84
434,3,fold,0,win,1,completer,SL_FLOOR,1.3313785572806485,115
434,3,fold,0,win,2,reverser,SL_FLOOR,2.7439565760218154,84
435,3,fold,0,win,1,completer,RAW,0.5056835409318599,20
435,3,fold,0,win,2,completer,RAW,0.79047902115133,46
435,3,fold,0,win,3,completer,RAW,0.274930576537181,11
435,3,fold,0,win,4,completer,RAW,0.3585678034088384,16
435,3,fold,0,win,5,completer,RAW,0.7733226669212243,30
435,3,fold,0,win,6,completer,RAW,1.6109816622053215,35
435,3,fold,0,win,1,completer,SL_FLOOR,0.5056835409318599,20
435,3,fold,0,win,2,completer,SL_FLOOR,0.79047902115133,46
435,3,fold,0,win,3,completer,SL_FLOOR,0.274930576537181,11
435,3,fold,0,win,4,completer,SL_FLOOR,0.3585678034088384,16
435,3,fold,0,win,5,completer,SL_FLOOR,0.7733226669212243,30
435,3,fold,0,win,6,completer,SL_FLOOR,1.6109816622053215,35
438,3,fold,0,win,1,completer,RAW,0.7770393075161689,17
438,3,fold,0,win,2,completer,RAW,0.39448020632620917,26
438,3,fold,0,win,3,completer,RAW,0.5093563103662504,12
438,3,fold,0,win,4,completer,RAW,1.3785132484805604,28
438,3,fold,0,win,5,completer,RAW,0.7629507287187973,30
438,3,fold,0,win,6,completer,RAW,1.088071777888742,14
438,3,fold,0,win,1,completer,SL_FLOOR,0.7770393075161689,17
438,3,fold,0,win,2,completer,SL_FLOOR,0.39448020632620917,26
438,3,fold,0,win,3,completer,SL_FLOOR,0.5093563103662504,12
438,3,fold,0,win,4,completer,SL_FLOOR,1.3785132484805604,28
438,3,fold,0,win,5,completer,SL_FLOOR,0.7629507287187973,30
438,3,fold,0,win,6,completer,SL_FLOOR,1.088071777888742,14
439,3,fold,1,win,1,reverser,RAW,7.418741834157727,220
439,3,fold,1,win,1,reverser,SL_FLOOR,2.5454281860978485,33
441,3,fold,0,win,1,completer,RAW,0.8394002326352517,51
441,3,fold,0,win,2,reverser,RAW,0.28085195753586145,2
442,3,fold,0,win,1,completer,RAW,0.7715355442741194,17
442,3,fold,0,win,2,completer,RAW,0.3916861061586969,26
442,3,fold,0,win,3,completer,RAW,0.5057485436664413,17
442,3,fold,0,win,4,completer,RAW,1.3687492500929919,26
442,3,fold,0,win,5,completer,RAW,0.7575467547684438,28
442,3,fold,0,win,6,completer,RAW,1.08036497413,13
442,3,fold,0,win,1,completer,SL_FLOOR,0.7715355442741194,17
442,3,fold,0,win,2,completer,SL_FLOOR,0.3916861061586969,26
442,3,fold,0,win,3,completer,SL_FLOOR,0.5057485436664413,17
442,3,fold,0,win,4,completer,SL_FLOOR,1.3687492500929919,26
442,3,fold,0,win,5,completer,SL_FLOOR,0.7575467547684438,28
442,3,fold,0,win,6,completer,SL_FLOOR,1.08036497413,13
444,3,fold,0,win,1,reverser,RAW,0.6938673798917226,18
446,3,fold,0,win,1,completer,RAW,0.8546017070576271,17
446,3,fold,0,win,2,completer,RAW,0.43385637568895863,26
446,3,fold,0,win,3,completer,RAW,0.290826801285998,5
446,3,fold,0,win,4,completer,RAW,1.5161134886712642,34
446,3,fold,0,win,5,completer,RAW,0.8391068364972991,26
446,3,fold,0,win,6,completer,RAW,0.3337356736068866,8
446,3,fold,0,win,1,completer,SL_FLOOR,0.8546017070576271,17
446,3,fold,0,win,2,completer,SL_FLOOR,0.43385637568895863,26
446,3,fold,0,win,3,completer,SL_FLOOR,0.290826801285998,5
446,3,fold,0,win,4,completer,SL_FLOOR,1.5161134886712642,34
446,3,fold,0,win,5,completer,SL_FLOOR,0.8391068364972991,26
446,3,fold,0,win,6,completer,SL_FLOOR,0.3337356736068866,8
448,3,fold,1,win,1,completer,RAW,4.164676963089193,1
448,3,fold,1,win,2,completer,RAW,4.164676963089193,1
448,3,fold,1,win,3,completer,RAW,4.164676963089193,1
448,3,fold,1,win,4,completer,RAW,4.164676963089193,1
448,3,fold,1,win,5,reverser,RAW,5.89211997447316,160
448,3,fold,1,win,1,completer,SL_FLOOR,4.164676963089193,1
448,3,fold,1,win,2,completer,SL_FLOOR,4.164676963089193,1
448,3,fold,1,win,3,completer,SL_FLOOR,4.164676963089193,1
448,3,fold,1,win,4,completer,SL_FLOOR,4.164676963089193,1
448,3,fold,1,win,5,reverser,SL_FLOOR,5.89211997447316,160
449,3,fold,0,win,1,completer,RAW,1.5297503595933977,46
449,3,fold,0,win,2,completer,RAW,0.865773607769879,50
449,3,fold,0,win,3,completer,RAW,1.0100692090648646,44
449,3,fold,0,win,4,completer,RAW,0.6335987304982535,21
449,3,fold,0,win,5,completer,RAW,0.43071694521885373,18
449,3,fold,0,win,6,completer,RAW,0.11066279197058915,2
450,3,fold,0,win,1,completer,RAW,0.7405051915324046,22
450,3,fold,0,win,2,completer,RAW,0.9160656928683546,27
450,3,fold,0,win,3,completer,RAW,0.8530439744400642,46
450,3,fold,0,win,4,completer,RAW,0.8327869935166903,34
450,3,fold,0,win,5,reverser,RAW,0.33424018523573906,8
453,3,fold,0,win,1,completer,RAW,0.5845260377089881,27
453,3,fold,0,win,2,completer,RAW,2.1584088671586352,165
453,3,fold,0,win,3,completer,RAW,0.3160158437083882,9
453,3,fold,0,win,4,reverser,RAW,0.5318567304242547,28
453,3,fold,0,win,1,completer,SL_FLOOR,0.5845260377089881,27
453,3,fold,0,win,2,completer,SL_FLOOR,2.1584088671586352,165
453,3,fold,0,win,3,completer,SL_FLOOR,0.3160158437083882,9
453,3,fold,0,win,4,reverser,SL_FLOOR,0.5318567304242547,28
455,3,fold,1,win,1,completer,RAW,0.5043711650057813,9
455,3,fold,1,win,2,reverser,RAW,6.224325682794223,221
455,3,fold,1,win,1,completer,SL_FLOOR,0.5043711650057813,9
455,3,fold,1,win,2,reverser,SL_FLOOR,3.564329984547196,149
457,3,fold,0,win,1,completer,RAW,1.7505706007006645,112
457,3,fold,0,win,2,completer,RAW,0.26699784258856285,19
457,3,fold,0,win,3,completer,RAW,0.5656733953147404,39
457,3,fold,0,win,4,reverser,RAW,1.6185801417938994,43
457,3,fold,0,win,1,completer,SL_FLOOR,1.7505706007006645,112
457,3,fold,0,win,2,completer,SL_FLOOR,0.26699784258856285,19
457,3,fold,0,win,3,completer,SL_FLOOR,0.5656733953147404,39
457,3,fold,0,win,4,reverser,SL_FLOOR,1.6185801417938994,43
458,3,fold,0,win,1,completer,RAW,0.3919863842871387,20
458,3,fold,0,win,2,completer,RAW,0.8738851384107762,57
458,3,fold,0,win,3,reverser,RAW,2.075082851226319,43
459,3,fold,1,win,1,reverser,RAW,4.835993429815058,231
459,3,fold,1,win,1,reverser,SL_FLOOR,2.2546952418538018,90
460,3,fold,0,win,1,completer,RAW,0.4293765421324913,31
460,3,fold,0,win,2,reverser,RAW,1.969841198029581,62
461,3,fold,0,win,1,completer,RAW,0.3684199146345697,27
461,3,fold,0,win,2,completer,RAW,0.8213466104931773,56
461,3,fold,0,win,3,reverser,RAW,2.24980772820108,63
461,3,fold,0,win,1,completer,SL_FLOOR,0.3684199146345697,27
461,3,fold,0,win,2,completer,SL_FLOOR,0.8213466104931773,56
461,3,fold,0,win,3,reverser,SL_FLOOR,2.24980772820108,63
462,3,fold,0,win,1,completer,RAW,1.4571103673758992,39
462,3,fold,0,win,2,completer,RAW,0.3047403556866759,7
462,3,fold,0,win,3,completer,RAW,0.5812640117727246,32
462,3,fold,0,win,4,completer,RAW,0.8882617034274394,32
462,3,fold,0,win,5,completer,RAW,1.4548530314078478,63
462,3,fold,0,win,6,reverser,RAW,2.080135094557548,32
462,3,fold,0,win,1,completer,SL_FLOOR,1.4571103673758992,39
462,3,fold,0,win,2,completer,SL_FLOOR,0.3047403556866759,7
462,3,fold,0,win,3,completer,SL_FLOOR,0.5812640117727246,32
462,3,fold,0,win,4,completer,SL_FLOOR,0.8882617034274394,32
462,3,fold,0,win,5,completer,SL_FLOOR,1.4548530314078478,63
462,3,fold,0,win,6,reverser,SL_FLOOR,2.080135094557548,32
463,3,fold,0,win,1,completer,RAW,0.5402079932093478,1
463,3,fold,0,win,2,completer,RAW,7.49935802337991,166
463,3,fold,0,win,3,completer,RAW,7.49935802337991,1
463,3,fold,0,win,4,completer,RAW,7.49935802337991,1
463,3,fold,0,win,5,completer,RAW,7.49935802337991,1
463,3,fold,0,win,6,completer,RAW,7.49935802337991,1
463,3,fold,0,win,1,completer,SL_FLOOR,0.5402079932093478,1
463,3,fold,0,win,2,completer,SL_FLOOR,7.49935802337991,166
463,3,fold,0,win,3,completer,SL_FLOOR,7.49935802337991,1
463,3,fold,0,win,4,completer,SL_FLOOR,7.49935802337991,1
463,3,fold,0,win,5,completer,SL_FLOOR,7.49935802337991,1
463,3,fold,0,win,6,completer,SL_FLOOR,7.49935802337991,1
464,3,fold,0,win,1,completer,RAW,1.4939258710375019,38
464,3,fold,0,win,2,completer,RAW,0.312439957536895,7
464,3,fold,0,win,3,completer,RAW,0.5959502893759203,31
464,3,fold,0,win,4,completer,RAW,0.9107046169686344,33
464,3,fold,0,win,5,completer,RAW,1.4916115009816702,63
464,3,fold,0,win,6,reverser,RAW,2.1326920064462653,54
464,3,fold,0,win,1,completer,SL_FLOOR,1.4939258710375019,38
464,3,fold,0,win,2,completer,SL_FLOOR,0.312439957536895,7
464,3,fold,0,win,3,completer,SL_FLOOR,0.5959502893759203,31
464,3,fold,0,win,4,completer,SL_FLOOR,0.9107046169686344,33
464,3,fold,0,win,5,completer,SL_FLOOR,1.4916115009816702,63
464,3,fold,0,win,6,reverser,SL_FLOOR,2.1326920064462653,54
466,3,fold,1,win,1,reverser,RAW,8.973268970456017,231
466,3,fold,1,win,1,reverser,SL_FLOOR,2.7255808010513096,22
468,3,fold,1,win,1,reverser,RAW,5.925020726852561,236
468,3,fold,1,win,1,reverser,SL_FLOOR,2.1897212418303296,29
469,3,fold,0,win,1,completer,RAW,2.4520722188198163,181
469,3,fold,0,win,2,completer,RAW,0.5804465567451984,32
469,3,fold,0,win,3,reverser,RAW,0.8257436310353303,26
469,3,fold,0,win,1,completer,SL_FLOOR,2.4520722188198163,181
469,3,fold,0,win,2,completer,SL_FLOOR,0.5804465567451984,32
469,3,fold,0,win,3,reverser,SL_FLOOR,0.8257436310353303,26
471,3,fold,0,win,1,reverser,RAW,1.1505909740408742,73
473,3,fold,0,win,1,reverser,RAW,1.0950548282214458,100
474,3,fold,0,win,1,completer,RAW,1.2249230863116856,12
474,3,fold,0,win,2,completer,RAW,8.94067572276853,18
474,3,fold,0,win,3,completer,RAW,8.94067572276853,1
474,3,fold,0,win,4,completer,RAW,8.94067572276853,1
474,3,fold,0,win,5,completer,RAW,8.94067572276853,1
474,3,fold,0,win,6,completer,RAW,8.94067572276853,1
474,3,fold,0,win,1,completer,SL_FLOOR,1.2249230863116856,12
474,3,fold,0,win,2,completer,SL_FLOOR,8.94067572276853,18
474,3,fold,0,win,3,completer,SL_FLOOR,8.94067572276853,1
474,3,fold,0,win,4,completer,SL_FLOOR,8.94067572276853,1
474,3,fold,0,win,5,completer,SL_FLOOR,8.94067572276853,1
474,3,fold,0,win,6,completer,SL_FLOOR,8.94067572276853,1
475,3,fold,1,win,1,completer,RAW,0.4737681257748977,26
475,3,fold,1,win,2,reverser,RAW,5.0512212339308284,203
475,3,fold,1,win,1,completer,SL_FLOOR,0.4737681257748977,26
475,3,fold,1,win,2,reverser,SL_FLOOR,3.7601742731817485,114
476,3,fold,1,win,1,completer,RAW,0.7946148042981285,33
476,3,fold,1,win,2,reverser,RAW,2.99042660508635,203
476,3,fold,1,win,1,completer,SL_FLOOR,0.7946148042981285,33
476,3,fold,1,win,2,reverser,SL_FLOOR,2.99042660508635,203
477,3,fold,0,win,1,completer,RAW,0.6813374748460405,45
477,3,fold,0,win,2,completer,RAW,0.30801522468002407,31
477,3,fold,0,win,3,reverser,RAW,1.6901848088455074,130
477,3,fold,0,win,1,completer,SL_FLOOR,0.6813374748460405,45
477,3,fold,0,win,2,completer,SL_FLOOR,0.30801522468002407,31
477,3,fold,0,win,3,reverser,SL_FLOOR,1.6901848088455074,130
478,3,fold,0,win,1,completer,RAW,2.2606977033425717,196
478,3,fold,0,win,2,reverser,RAW,0.7028427048379262,23
478,3,fold,0,win,1,completer,SL_FLOOR,2.2606977033425717,196
478,3,fold,0,win,2,reverser,SL_FLOOR,0.7028427048379262,23
479,3,fold,0,win,1,completer,RAW,2.16657287344289,192
479,3,fold,0,win,2,reverser,RAW,0.46871772175749093,20
479,3,fold,0,win,1,completer,SL_FLOOR,2.16657287344289,192
479,3,fold,0,win,2,reverser,SL_FLOOR,0.46871772175749093,20
481,3,fold,0,win,1,reverser,RAW,0.49446532253228126,31
483,3,fold,0,win,1,completer,RAW,1.1432019984739519,11
483,3,fold,0,win,2,completer,RAW,1.1432019984739519,1
483,3,fold,0,win,3,completer,RAW,1.1432019984739519,1
483,3,fold,0,win,4,completer,RAW,1.2542968635293454,2
483,3,fold,0,win,5,completer,RAW,3.0748191683091566,38
483,3,fold,0,win,6,reverser,RAW,3.6661305468302148,66
483,3,fold,0,win,1,completer,SL_FLOOR,1.1432019984739519,11
483,3,fold,0,win,2,completer,SL_FLOOR,1.1432019984739519,1
483,3,fold,0,win,3,completer,SL_FLOOR,1.1432019984739519,1
483,3,fold,0,win,4,completer,SL_FLOOR,1.2542968635293454,2
483,3,fold,0,win,5,completer,SL_FLOOR,3.0748191683091566,38
483,3,fold,0,win,6,reverser,SL_FLOOR,3.6661305468302148,66
485,3,fold,0,win,1,completer,RAW,1.2733525166790693,1
485,3,fold,0,win,2,completer,RAW,1.2733525166790693,1
485,3,fold,0,win,3,completer,RAW,1.2733525166790693,4
485,3,fold,0,win,4,completer,RAW,0.4070553127090015,2
485,3,fold,0,win,5,completer,RAW,3.3295037116444846,7
485,3,fold,0,win,6,completer,RAW,3.3295037116444846,1
485,3,fold,0,win,1,completer,SL_FLOOR,1.2733525166790693,1
485,3,fold,0,win,2,completer,SL_FLOOR,1.2733525166790693,1
485,3,fold,0,win,3,completer,SL_FLOOR,1.2733525166790693,4
485,3,fold,0,win,4,completer,SL_FLOOR,0.4070553127090015,2
485,3,fold,0,win,5,completer,SL_FLOOR,3.3295037116444846,7
485,3,fold,0,win,6,completer,SL_FLOOR,3.3295037116444846,1
488,3,fold,0,win,1,completer,RAW,2.974384153054619,98
488,3,fold,0,win,2,completer,RAW,0.24229851874902986,3
488,3,fold,0,win,3,reverser,RAW,2.1908767933615283,109
488,3,fold,0,win,1,reverser,SL_FLOOR,2.2644721378413517,35
489,3,fold,1,win,1,reverser,RAW,4.997027347179592,224
489,3,fold,1,win,1,reverser,SL_FLOOR,2.0565850255432734,20
490,3,fold,1,win,1,completer,RAW,1.852852252435885,1
490,3,fold,1,win,2,completer,RAW,1.852852252435885,1
490,3,fold,1,win,3,completer,RAW,1.852852252435885,1
490,3,fold,1,win,4,completer,RAW,1.852852252435885,1
490,3,fold,1,win,5,completer,RAW,1.852852252435885,4
490,3,fold,1,win,6,completer,RAW,0.5163686605149298,1
490,3,fold,1,win,1,completer,SL_FLOOR,1.852852252435885,1
490,3,fold,1,win,2,completer,SL_FLOOR,1.852852252435885,1
490,3,fold,1,win,3,completer,SL_FLOOR,1.852852252435885,1
490,3,fold,1,win,4,completer,SL_FLOOR,1.852852252435885,1
490,3,fold,1,win,5,completer,SL_FLOOR,1.852852252435885,4
490,3,fold,1,win,6,completer,SL_FLOOR,0.5163686605149298,1
491,3,fold,1,win,1,reverser,RAW,4.7391381304210976,181
491,3,fold,1,win,1,reverser,SL_FLOOR,2.064157941250091,26
492,3,fold,1,win,1,completer,RAW,2.0204257973841067,1
492,3,fold,1,win,2,completer,RAW,2.0204257973841067,1
492,3,fold,1,win,3,completer,RAW,2.0204257973841067,1
492,3,fold,1,win,4,completer,RAW,2.0204257973841067,1
492,3,fold,1,win,5,completer,RAW,2.0204257973841067,4
492,3,fold,1,win,6,completer,RAW,0.5630694845168938,1
492,3,fold,1,win,1,completer,SL_FLOOR,2.0204257973841067,1
492,3,fold,1,win,2,completer,SL_FLOOR,2.0204257973841067,1
492,3,fold,1,win,3,completer,SL_FLOOR,2.0204257973841067,1
492,3,fold,1,win,4,completer,SL_FLOOR,2.0204257973841067,1
492,3,fold,1,win,5,completer,SL_FLOOR,2.0204257973841067,4
492,3,fold,1,win,6,completer,SL_FLOOR,0.5630694845168938,1
493,3,fold,0,win,1,completer,RAW,1.2443505898305425,37
493,3,fold,0,win,2,completer,RAW,0.350508602059445,9
493,3,fold,0,win,3,completer,RAW,0.48566616069419366,11
493,3,fold,0,win,4,reverser,RAW,3.4834608112127867,144
493,3,fold,0,win,1,completer,SL_FLOOR,1.2443505898305425,37
493,3,fold,0,win,2,completer,SL_FLOOR,0.350508602059445,9
493,3,fold,0,win,3,completer,SL_FLOOR,0.48566616069419366,11
493,3,fold,0,win,4,reverser,SL_FLOOR,3.4834608112127867,144
495,3,fold,0,win,1,completer,RAW,3.402405518706318,186
495,3,fold,0,win,2,completer,RAW,0.5341103929904487,14
495,3,fold,0,win,3,completer,RAW,0.5952680715771139,20
495,3,fold,0,win,4,reverser,RAW,0.5952680715771139,2
495,3,fold,0,win,1,reverser,SL_FLOOR,2.554352375637522,20
496,3,fold,0,win,1,completer,RAW,1.2035999734052578,32
496,3,fold,0,win,2,reverser,RAW,0.41435408920510186,7
497,3,fold,0,win,1,completer,RAW,1.2396365444261956,31
497,3,fold,0,win,2,completer,RAW,0.5798801910746731,14
497,3,fold,0,win,3,completer,RAW,0.41286639722310037,8
497,3,fold,0,win,4,completer,RAW,2.3413051721923783,131
497,3,fold,0,win,5,completer,RAW,1.4180612186029906,24
497,3,fold,0,win,6,reverser,RAW,2.0218005230850693,37
497,3,fold,0,win,1,completer,SL_FLOOR,1.2396365444261956,31
497,3,fold,0,win,2,completer,SL_FLOOR,0.5798801910746731,14
497,3,fold,0,win,3,completer,SL_FLOOR,0.41286639722310037,8
497,3,fold,0,win,4,completer,SL_FLOOR,2.3413051721923783,131
497,3,fold,0,win,5,completer,SL_FLOOR,1.4180612186029906,24
497,3,fold,0,win,6,reverser,SL_FLOOR,2.0218005230850693,37
498,3,fold,0,win,1,completer,RAW,1.0008014005370665,33
498,3,fold,0,win,2,completer,RAW,2.825278239452676,156
498,3,fold,0,win,3,completer,RAW,0.45274349071915454,25
498,3,fold,0,win,4,reverser,RAW,2.0873857782630223,20
498,3,fold,0,win,1,completer,SL_FLOOR,1.0008014005370665,33
498,3,fold,0,win,2,completer,SL_FLOOR,2.825278239452676,156
498,3,fold,0,win,3,completer,SL_FLOOR,0.45274349071915454,25
498,3,fold,0,win,4,reverser,SL_FLOOR,2.0873857782630223,20
501,3,fold,0,win,1,reverser,RAW,1.3220291319566893,36
502,3,fold,0,win,1,completer,RAW,4.175163801430689,131
502,3,fold,0,win,2,completer,RAW,1.197031017678561,56
502,3,fold,0,win,3,reverser,RAW,1.7522122451852702,50
502,3,fold,0,win,1,reverser,SL_FLOOR,2.1227517522316153,21
505,3,fold,0,win,1,completer,RAW,0.8699179329736171,35
505,3,fold,0,win,2,completer,RAW,0.9994202789826254,56
505,3,fold,0,win,3,completer,RAW,1.8515081788100687,61
505,3,fold,0,win,4,reverser,RAW,0.14076341957502336,4
506,3,fold,1,win,1,reverser,RAW,2.4325546044098294,213
506,3,fold,1,win,1,reverser,SL_FLOOR,2.274596513214353,175
507,3,fold,1,win,1,completer,RAW,0.22071626049551196,4
507,3,fold,1,win,2,completer,RAW,0.4040671698047622,12
507,3,fold,1,win,3,reverser,RAW,5.689091958520183,212
507,3,fold,1,win,1,completer,SL_FLOOR,0.22071626049551196,4
507,3,fold,1,win,2,completer,SL_FLOOR,0.4040671698047622,12
507,3,fold,1,win,3,reverser,SL_FLOOR,4.9322263565847635,141
508,3,fold,1,win,1,reverser,RAW,2.5662707613023263,206
508,3,fold,1,win,1,reverser,SL_FLOOR,2.2867669555258874,133
509,3,fold,0,win,1,completer,RAW,0.49591124248693985,6
509,3,fold,0,win,2,completer,RAW,2.8239390197173853,192
509,3,fold,0,win,3,completer,RAW,0.343130506165219,10
509,3,fold,0,win,4,reverser,RAW,0.6274028598130492,9
509,3,fold,0,win,1,completer,SL_FLOOR,0.49591124248693985,6
509,3,fold,0,win,2,completer,SL_FLOOR,2.8239390197173853,192
509,3,fold,0,win,3,completer,SL_FLOOR,0.343130506165219,10
509,3,fold,0,win,4,reverser,SL_FLOOR,0.6274028598130492,9
510,3,fold,0,win,1,completer,RAW,1.9721174699849118,58
510,3,fold,0,win,2,completer,RAW,1.1944548433625817,24
510,3,fold,0,win,3,reverser,RAW,3.0949224983104164,148
510,3,fold,0,win,1,completer,SL_FLOOR,1.9721174699849118,58
510,3,fold,0,win,2,completer,SL_FLOOR,1.1944548433625817,24
510,3,fold,0,win,3,reverser,SL_FLOOR,3.0949224983104164,148
512,3,fold,1,win,1,reverser,RAW,4.69768096363699,216
512,3,fold,1,win,1,reverser,SL_FLOOR,2.8607414494356096,33
515,3,fold,0,win,1,reverser,RAW,2.229207151666097,114
516,3,fold,0,win,1,completer,RAW,0.8828226235542209,51
516,3,fold,0,win,2,completer,RAW,2.2218030392344543,87
516,3,fold,0,win,3,reverser,RAW,0.9860479859965339,45
516,3,fold,0,win,1,completer,SL_FLOOR,0.8828226235542209,51
516,3,fold,0,win,2,completer,SL_FLOOR,2.2218030392344543,87
516,3,fold,0,win,3,reverser,SL_FLOOR,0.9860479859965339,45
517,3,fold,0,win,1,completer,RAW,1.0045087983163568,44
517,3,fold,0,win,2,completer,RAW,2.707137221089389,111
517,3,fold,0,win,3,completer,RAW,0.19516570663667387,7
517,3,fold,0,win,4,completer,RAW,1.2101672848797436,42
517,3,fold,0,win,5,reverser,RAW,0.6988191431183992,8
517,3,fold,0,win,1,completer,SL_FLOOR,1.0045087983163568,44
517,3,fold,0,win,2,completer,SL_FLOOR,2.707137221089389,111
517,3,fold,0,win,3,completer,SL_FLOOR,0.19516570663667387,7
517,3,fold,0,win,4,completer,SL_FLOOR,1.2101672848797436,42
517,3,fold,0,win,5,reverser,SL_FLOOR,0.6988191431183992,8
519,3,fold,0,win,1,completer,RAW,0.752081019183537,33
519,3,fold,0,win,2,completer,RAW,2.354159422929133,117
519,3,fold,0,win,3,completer,RAW,1.044788451857491,61
519,3,fold,0,win,4,reverser,RAW,0.26666584613710675,7
519,3,fold,0,win,1,completer,SL_FLOOR,0.752081019183537,33
519,3,fold,0,win,2,completer,SL_FLOOR,2.354159422929133,117
519,3,fold,0,win,3,completer,SL_FLOOR,1.044788451857491,61
519,3,fold,0,win,4,reverser,SL_FLOOR,0.26666584613710675,7
520,3,fold,1,win,1,completer,RAW,1.2271941009403677,39
520,3,fold,1,win,2,reverser,RAW,3.5039621040007427,175
520,3,fold,1,win,1,completer,SL_FLOOR,1.2271941009403677,39
520,3,fold,1,win,2,reverser,SL_FLOOR,3.5039621040007427,175
521,3,fold,0,win,1,completer,RAW,2.2398591455110797,115
521,3,fold,0,win,2,completer,RAW,0.21256312955182644,7
521,3,fold,0,win,3,completer,RAW,1.0916209316703727,73
521,3,fold,0,win,4,completer,RAW,0.6088841047442544,23
521,3,fold,0,win,5,reverser,RAW,0.6853670999568271,12
521,3,fold,0,win,1,completer,SL_FLOOR,2.2398591455110797,115
521,3,fold,0,win,2,completer,SL_FLOOR,0.21256312955182644,7
521,3,fold,0,win,3,completer,SL_FLOOR,1.0916209316703727,73
521,3,fold,0,win,4,completer,SL_FLOOR,0.6088841047442544,23
521,3,fold,0,win,5,reverser,SL_FLOOR,0.6853670999568271,12
523,3,fold,0,win,1,completer,RAW,1.7868326134973052,95
523,3,fold,0,win,2,reverser,RAW,0.7780304368733773,25
524,3,fold,0,win,1,reverser,RAW,2.4625653831379593,89
525,3,fold,0,win,1,completer,RAW,0.07090885541840697,1
525,3,fold,0,win,2,completer,RAW,0.65069302619243,7
525,3,fold,0,win,3,reverser,RAW,4.350466835376269,85
526,3,fold,0,win,1,completer,RAW,1.1138495762159433,62
526,3,fold,0,win,2,completer,RAW,2.285548734295157,49
526,3,fold,0,win,3,reverser,RAW,1.47663508959611,4
527,3,fold,1,win,1,completer,RAW,0.7280708614877549,29
527,3,fold,1,win,2,reverser,RAW,3.885891401488869,204
527,3,fold,1,win,1,completer,SL_FLOOR,0.7280708614877549,29
527,3,fold,1,win,2,reverser,SL_FLOOR,3.1706311709950223,115
528,3,fold,0,win,1,completer,RAW,0.6211417575854745,24
528,3,fold,0,win,2,completer,RAW,0.2998341134567526,7
528,3,fold,0,win,3,completer,RAW,1.2740961532035127,37
528,3,fold,0,win,4,completer,RAW,1.4673579292512313,52
528,3,fold,0,win,5,completer,RAW,0.5280897913402827,14
528,3,fold,0,win,6,completer,RAW,0.7658892606335765,12
529,3,fold,0,win,1,completer,RAW,0.33385942473638375,2
529,3,fold,0,win,2,reverser,RAW,3.51732707070816,123
530,3,fold,0,win,1,completer,RAW,0.5997775620193976,24
530,3,fold,0,win,2,completer,RAW,0.40877696935250674,14
530,3,fold,0,win,3,completer,RAW,1.2727422670233124,79
530,3,fold,0,win,4,completer,RAW,0.2972112026078264,10
530,3,fold,0,win,5,completer,RAW,0.5319455758386376,6
530,3,fold,0,win,6,completer,RAW,1.1701017616181986,37
531,3,fold,1,win,1,reverser,RAW,2.683088969818389,230
531,3,fold,1,win,1,reverser,SL_FLOOR,2.6475827196664072,140
532,3,fold,0,win,1,completer,RAW,0.19584677256289773,6
532,3,fold,0,win,2,completer,RAW,0.5824533885312264,22
532,3,fold,0,win,3,completer,RAW,0.22255315063963987,9
532,3,fold,0,win,4,completer,RAW,1.2831778799738025,90
532,3,fold,0,win,5,completer,RAW,0.657485593604024,12
532,3,fold,0,win,6,completer,RAW,0.8660496890606044,37
532,3,fold,0,win,1,completer,SL_FLOOR,0.19584677256289773,6
532,3,fold,0,win,2,completer,SL_FLOOR,0.5824533885312264,22
532,3,fold,0,win,3,completer,SL_FLOOR,0.22255315063963987,9
532,3,fold,0,win,4,completer,SL_FLOOR,1.2831778799738025,90
532,3,fold,0,win,5,completer,SL_FLOOR,0.657485593604024,12
532,3,fold,0,win,6,completer,SL_FLOOR,0.8660496890606044,37
533,3,fold,0,win,1,completer,RAW,0.4111589118870289,17
533,3,fold,0,win,2,completer,RAW,0.3695354171034073,16
533,3,fold,0,win,3,completer,RAW,1.0182528114140466,69
533,3,fold,0,win,4,completer,RAW,0.20304143796889074,9
533,3,fold,0,win,5,completer,RAW,0.629428457703602,15
533,3,fold,0,win,6,completer,RAW,2.1502088280906877,58
533,3,fold,0,win,1,completer,SL_FLOOR,0.4111589118870289,17
533,3,fold,0,win,2,completer,SL_FLOOR,0.3695354171034073,16
533,3,fold,0,win,3,completer,SL_FLOOR,1.0182528114140466,69
533,3,fold,0,win,4,completer,SL_FLOOR,0.20304143796889074,9
533,3,fold,0,win,5,completer,SL_FLOOR,0.629428457703602,15
533,3,fold,0,win,6,completer,SL_FLOOR,2.1502088280906877,58
534,3,fold,0,win,1,completer,RAW,0.5976646074975918,21
534,3,fold,0,win,2,completer,RAW,0.4562528923307576,9
534,3,fold,0,win,3,completer,RAW,1.160643322595781,39
534,3,fold,0,win,4,completer,RAW,1.2682585272195994,54
534,3,fold,0,win,5,completer,RAW,0.5300715864115597,12
534,3,fold,0,win,6,completer,RAW,0.7310718859568812,15
534,3,fold,0,win,1,completer,SL_FLOOR,0.5976646074975918,21
534,3,fold,0,win,2,completer,SL_FLOOR,0.4562528923307576,9
534,3,fold,0,win,3,completer,SL_FLOOR,1.160643322595781,39
534,3,fold,0,win,4,completer,SL_FLOOR,1.2682585272195994,54
534,3,fold,0,win,5,completer,SL_FLOOR,0.5300715864115597,12
534,3,fold,0,win,6,completer,SL_FLOOR,0.7310718859568812,15
535,3,fold,0,win,1,completer,RAW,0.5490753662822772,24
535,3,fold,0,win,2,completer,RAW,0.26504662367275067,7
535,3,fold,0,win,3,completer,RAW,1.1262723902486802,54
535,3,fold,0,win,4,completer,RAW,1.2971114606796554,37
535,3,fold,0,win,5,completer,RAW,0.4668195175562566,12
535,3,fold,0,win,6,completer,RAW,0.6770289087449974,16
535,3,fold,0,win,1,completer,SL_FLOOR,0.5490753662822772,24
535,3,fold,0,win,2,completer,SL_FLOOR,0.26504662367275067,7
535,3,fold,0,win,3,completer,SL_FLOOR,1.1262723902486802,54
535,3,fold,0,win,4,completer,SL_FLOOR,1.2971114606796554,37
535,3,fold,0,win,5,completer,SL_FLOOR,0.4668195175562566,12
535,3,fold,0,win,6,completer,SL_FLOOR,0.6770289087449974,16
536,3,fold,0,win,1,completer,RAW,0.42913157145549574,22
536,3,fold,0,win,2,completer,RAW,0.3268001967238008,9
536,3,fold,0,win,3,completer,RAW,1.142150182489226,85
536,3,fold,0,win,4,completer,RAW,0.11355481583129734,6
536,3,fold,0,win,5,completer,RAW,0.4674233116776918,22
536,3,fold,0,win,6,completer,RAW,1.1903449589757713,28
536,3,fold,0,win,1,completer,SL_FLOOR,0.42913157145549574,22
536,3,fold,0,win,2,completer,SL_FLOOR,0.3268001967238008,9
536,3,fold,0,win,3,completer,SL_FLOOR,1.142150182489226,85
536,3,fold,0,win,4,completer,SL_FLOOR,0.11355481583129734,6
536,3,fold,0,win,5,completer,SL_FLOOR,0.4674233116776918,22
536,3,fold,0,win,6,completer,SL_FLOOR,1.1903449589757713,28
537,3,fold,0,win,1,completer,RAW,0.5733529845381864,30
537,3,fold,0,win,2,reverser,RAW,3.0150036216848406,123
537,3,fold,0,win,1,completer,SL_FLOOR,0.5733529845381864,30
537,3,fold,0,win,2,reverser,SL_FLOOR,3.0150036216848406,123
538,3,fold,0,win,1,completer,RAW,0.3788041738818657,18
538,3,fold,0,win,2,reverser,RAW,4.620696196502449,138
538,3,fold,0,win,1,completer,SL_FLOOR,0.3788041738818657,18
538,3,fold,0,win,2,reverser,SL_FLOOR,3.5366968309914233,49
540,3,fold,0,win,1,completer,RAW,0.8223206969089554,71
540,3,fold,0,win,2,reverser,RAW,2.245530538890134,136
540,3,fold,0,win,1,completer,SL_FLOOR,0.8223206969089554,71
540,3,fold,0,win,2,reverser,SL_FLOOR,2.245530538890134,136
541,3,fold,0,win,1,completer,RAW,0.6550129333076733,28
541,3,fold,0,win,2,reverser,RAW,3.444416301004737,148
541,3,fold,0,win,1,completer,SL_FLOOR,0.6550129333076733,28
541,3,fold,0,win,2,reverser,SL_FLOOR,3.444416301004737,148
542,3,fold,0,win,1,reverser,RAW,0.9376090466401061,24
543,3,fold,0,win,1,reverser,RAW,4.121477127728126,177
544,3,fold,0,win,1,reverser,RAW,3.45227141403061,185
544,3,fold,0,win,1,reverser,SL_FLOOR,1.7981564170891242,30
545,3,fold,0,win,1,reverser,RAW,5.467963768921885,193
546,3,fold,1,win,1,reverser,RAW,6.3374969113276425,147
548,3,fold,1,win,1,reverser,RAW,4.453035979136663,223
548,3,fold,1,win,1,reverser,SL_FLOOR,2.232864359134792,44
549,3,fold,0,win,1,completer,RAW,0.23640001947302824,11
549,3,fold,0,win,2,completer,RAW,0.3090085968826104,3
549,3,fold,0,win,3,reverser,RAW,2.394394482948331,36
550,3,fold,1,win,1,reverser,RAW,5.557624457847983,75
551,3,fold,0,win,1,completer,RAW,0.31165613539499293,13
551,3,fold,0,win,2,completer,RAW,0.755069336160247,21
551,3,fold,0,win,3,completer,RAW,3.716224920699134,130
551,3,fold,0,win,4,completer,RAW,0.24324381299121445,3
551,3,fold,0,win,5,completer,RAW,0.8125019031164884,22
551,3,fold,0,win,6,completer,RAW,0.5059133471588266,8
551,3,fold,0,win,1,completer,SL_FLOOR,0.31165613539499293,13
551,3,fold,0,win,2,completer,SL_FLOOR,0.755069336160247,21
551,3,fold,0,win,3,completer,SL_FLOOR,3.716224920699134,130
551,3,fold,0,win,4,completer,SL_FLOOR,0.24324381299121445,3
551,3,fold,0,win,5,completer,SL_FLOOR,0.8125019031164884,22
551,3,fold,0,win,6,completer,SL_FLOOR,0.5059133471588266,8
552,3,fold,1,win,1,completer,RAW,0.16378628747216673,6
552,3,fold,1,win,2,completer,RAW,1.0001028614922143,41
552,3,fold,1,win,3,reverser,RAW,6.427925527889028,155
552,3,fold,1,win,1,completer,SL_FLOOR,0.16378628747216673,6
552,3,fold,1,win,2,completer,SL_FLOOR,1.0001028614922143,41
552,3,fold,1,win,3,reverser,SL_FLOOR,4.140407546433856,37
553,3,fold,1,win,1,completer,RAW,1.0040021821831586,44
553,3,fold,1,win,2,reverser,RAW,4.92165646516915,160
553,3,fold,1,win,1,completer,SL_FLOOR,1.0040021821831586,44
553,3,fold,1,win,2,reverser,SL_FLOOR,3.2047812602132675,37
554,3,fold,0,win,1,completer,RAW,0.5517485009143933,16
554,3,fold,0,win,2,completer,RAW,0.7015610077851955,30
554,3,fold,0,win,3,completer,RAW,2.94326766547379,110
554,3,fold,0,win,4,completer,RAW,0.3288567223993093,7
554,3,fold,0,win,5,completer,RAW,0.2886631229949508,6
554,3,fold,0,win,6,completer,RAW,0.8897401322692176,20
554,3,fold,0,win,1,completer,SL_FLOOR,0.5517485009143933,16
554,3,fold,0,win,2,completer,SL_FLOOR,0.7015610077851955,30
554,3,fold,0,win,3,completer,SL_FLOOR,2.94326766547379,110
554,3,fold,0,win,4,completer,SL_FLOOR,0.3288567223993093,7
554,3,fold,0,win,5,completer,SL_FLOOR,0.2886631229949508,6
554,3,fold,0,win,6,completer,SL_FLOOR,0.8897401322692176,20
555,3,fold,0,win,1,completer,RAW,0.2861513296225041,6
555,3,fold,0,win,2,completer,RAW,0.39841069739750123,5
555,3,fold,0,win,3,completer,RAW,0.5568945107269663,4
555,3,fold,0,win,4,completer,RAW,0.5568945107269663,3
555,3,fold,0,win,5,completer,RAW,0.0990523833308421,2
555,3,fold,0,win,6,completer,RAW,0.8232353636833105,5
555,3,fold,0,win,1,completer,SL_FLOOR,0.2861513296225041,6
555,3,fold,0,win,2,completer,SL_FLOOR,0.39841069739750123,5
555,3,fold,0,win,3,completer,SL_FLOOR,0.5568945107269663,4
555,3,fold,0,win,4,completer,SL_FLOOR,0.5568945107269663,3
555,3,fold,0,win,5,completer,SL_FLOOR,0.0990523833308421,2
555,3,fold,0,win,6,completer,SL_FLOOR,0.8232353636833105,5
556,3,fold,1,win,1,completer,RAW,0.8133190708948113,12
556,3,fold,1,win,2,completer,RAW,0.6028457552048201,11
556,3,fold,1,win,3,completer,RAW,4.834613877289952,145
556,3,fold,1,win,4,reverser,RAW,4.734255740007308,72
556,3,fold,1,win,1,completer,SL_FLOOR,0.8133190708948113,12
556,3,fold,1,win,2,completer,SL_FLOOR,0.6028457552048201,11
556,3,fold,1,win,3,reverser,SL_FLOOR,4.5823246710655265,55
557,3,fold,0,win,1,completer,RAW,1.0091096568411735,49
557,3,fold,0,win,2,reverser,RAW,3.9640667575235926,125
558,3,fold,1,win,1,completer,RAW,1.2779201239342148,37
558,3,fold,1,win,2,reverser,RAW,4.432709651900865,178
558,3,fold,1,win,1,completer,SL_FLOOR,1.2779201239342148,37
558,3,fold,1,win,2,reverser,SL_FLOOR,3.4979122936909084,115
559,3,fold,0,win,1,completer,RAW,1.565883789532105,87
559,3,fold,0,win,2,completer,RAW,0.5840432750872919,20
559,3,fold,0,win,3,completer,RAW,1.657994600681072,92
559,3,fold,0,win,4,reverser,RAW,1.1174762143784411,27
559,3,fold,0,win,1,completer,SL_FLOOR,1.565883789532105,87
559,3,fold,0,win,2,completer,SL_FLOOR,0.5840432750872919,20
559,3,fold,0,win,3,completer,SL_FLOOR,1.657994600681072,92
559,3,fold,0,win,4,reverser,SL_FLOOR,1.1174762143784411,27
560,3,fold,0,win,1,completer,RAW,0.4106624347830947,3
560,3,fold,0,win,2,completer,RAW,1.7388502591193369,186
560,3,fold,0,win,3,reverser,RAW,2.0181420913395676,37
560,3,fold,0,win,1,completer,SL_FLOOR,0.4106624347830947,3
560,3,fold,0,win,2,completer,SL_FLOOR,1.7388502591193369,186
560,3,fold,0,win,3,reverser,SL_FLOOR,2.0181420913395676,37
561,3,fold,0,win,1,completer,RAW,0.9156763439855031,50
561,3,fold,0,win,2,reverser,RAW,3.5970344067522646,146
561,3,fold,0,win,1,completer,SL_FLOOR,0.9156763439855031,50
561,3,fold,0,win,2,reverser,SL_FLOOR,3.4062168736348686,70
562,3,fold,1,win,1,completer,RAW,1.2466699627552211,38
562,3,fold,1,win,2,reverser,RAW,4.32431250838056,198
562,3,fold,1,win,1,completer,SL_FLOOR,1.2466699627552211,38
562,3,fold,1,win,2,reverser,SL_FLOOR,3.4123746134239283,115
563,4,fold,0,win,1,completer,RAW,0.19939350329699823,8
563,4,fold,0,win,2,completer,RAW,0.7095301286152895,24
563,4,fold,0,win,3,completer,RAW,0.6188967180257539,26
563,4,fold,0,win,4,completer,RAW,0.3133326480381404,7
563,4,fold,0,win,5,completer,RAW,0.6331391111183899,30
563,4,fold,0,win,6,completer,RAW,0.3262802781223595,3
563,4,fold,0,win,1,completer,SL_FLOOR,0.19939350329699823,8
563,4,fold,0,win,2,completer,SL_FLOOR,0.7095301286152895,24
563,4,fold,0,win,3,completer,SL_FLOOR,0.6188967180257539,26
563,4,fold,0,win,4,completer,SL_FLOOR,0.3133326480381404,7
563,4,fold,0,win,5,completer,SL_FLOOR,0.6331391111183899,30
563,4,fold,0,win,6,completer,SL_FLOOR,0.3262802781223595,3
564,4,fold,0,win,1,completer,RAW,0.14753002252335268,7
564,4,fold,0,win,2,completer,RAW,0.8249637994163042,24
564,4,fold,0,win,3,completer,RAW,0.40344944934958704,9
564,4,fold,0,win,4,completer,RAW,0.7195852118996329,24
564,4,fold,0,win,5,completer,RAW,0.2017247246747944,6
564,4,fold,0,win,6,completer,RAW,0.49377395293532267,20
564,4,fold,0,win,1,completer,SL_FLOOR,0.14753002252335268,7
564,4,fold,0,win,2,completer,SL_FLOOR,0.8249637994163042,24
564,4,fold,0,win,3,completer,SL_FLOOR,0.40344944934958704,9
564,4,fold,0,win,4,completer,SL_FLOOR,0.7195852118996329,24
564,4,fold,0,win,5,completer,SL_FLOOR,0.2017247246747944,6
564,4,fold,0,win,6,completer,SL_FLOOR,0.49377395293532267,20
568,4,fold,0,win,1,completer,RAW,0.6364644874894179,20
568,4,fold,0,win,2,completer,RAW,0.22847443140644996,7
568,4,fold,0,win,3,completer,RAW,0.29864872105272466,6
568,4,fold,0,win,4,completer,RAW,2.389189768421803,109
568,4,fold,0,win,5,completer,RAW,0.642992328386752,13
568,4,fold,0,win,6,completer,RAW,0.6723676124247717,9
568,4,fold,0,win,1,completer,SL_FLOOR,0.6364644874894179,20
568,4,fold,0,win,2,completer,SL_FLOOR,0.22847443140644996,7
568,4,fold,0,win,3,completer,SL_FLOOR,0.29864872105272466,6
568,4,fold,0,win,4,completer,SL_FLOOR,2.389189768421803,109
568,4,fold,0,win,5,completer,SL_FLOOR,0.642992328386752,13
568,4,fold,0,win,6,completer,SL_FLOOR,0.6723676124247717,9
570,4,fold,1,win,1,completer,RAW,0.6104484128361836,43
570,4,fold,1,win,2,reverser,RAW,3.0644317855091945,182
570,4,fold,1,win,1,completer,SL_FLOOR,0.6104484128361836,43
570,4,fold,1,win,2,reverser,SL_FLOOR,3.0644317855091945,182
571,4,fold,0,win,1,completer,RAW,0.2783048500464449,16
571,4,fold,0,win,2,reverser,RAW,2.9561800060165724,197
571,4,fold,0,win,1,completer,SL_FLOOR,0.2783048500464449,16
571,4,fold,0,win,2,reverser,SL_FLOOR,2.9561800060165724,197
572,4,fold,0,win,1,reverser,RAW,1.1301960374430984,30
574,4,fold,1,win,1,reverser,RAW,3.4649069939520176,220
574,4,fold,1,win,1,reverser,SL_FLOOR,2.7059180396521794,104
575,4,fold,0,win,1,reverser,RAW,1.966514644518026,57
576,4,fold,0,win,1,completer,RAW,1.7206835474933517,88
576,4,fold,0,win,2,completer,RAW,1.2673246077759521,93
576,4,fold,0,win,3,reverser,RAW,0.5287742891541298,6
576,4,fold,0,win,1,completer,SL_FLOOR,1.7206835474933517,88
576,4,fold,0,win,2,completer,SL_FLOOR,1.2673246077759521,93
576,4,fold,0,win,3,reverser,SL_FLOOR,0.5287742891541298,6
577,4,fold,0,win,1,completer,RAW,1.4439468110754163,51
577,4,fold,0,win,2,completer,RAW,1.0602474241966093,68
577,4,fold,0,win,3,reverser,RAW,1.354062571831736,36
579,4,fold,0,win,1,completer,RAW,0.6592810716002091,31
579,4,fold,0,win,2,completer,RAW,0.7103728983113995,38
579,4,fold,0,win,3,completer,RAW,0.6415954392771077,31
579,4,fold,0,win,4,reverser,RAW,1.7587378810199361,108
579,4,fold,0,win,1,completer,SL_FLOOR,0.6592810716002091,31
579,4,fold,0,win,2,completer,SL_FLOOR,0.7103728983113995,38
579,4,fold,0,win,3,completer,SL_FLOOR,0.6415954392771077,31
579,4,fold,0,win,4,reverser,SL_FLOOR,1.7587378810199361,108
580,4,fold,0,win,1,completer,RAW,0.4330250086002678,31
580,4,fold,0,win,2,reverser,RAW,2.1367449684419717,191
580,4,fold,0,win,1,completer,SL_FLOOR,0.4330250086002678,31
580,4,fold,0,win,2,reverser,SL_FLOOR,2.1367449684419717,191
582,4,fold,0,win,1,completer,RAW,0.7656707550397323,20
582,4,fold,0,win,2,completer,RAW,1.4722163552501066,115
582,4,fold,0,win,3,reverser,RAW,1.859486119382157,84
582,4,fold,0,win,1,completer,SL_FLOOR,0.7656707550397323,20
582,4,fold,0,win,2,completer,SL_FLOOR,1.4722163552501066,115
582,4,fold,0,win,3,reverser,SL_FLOOR,1.859486119382157,84
583,4,fold,1,win,1,reverser,RAW,4.203136422331591,225
583,4,fold,1,win,1,reverser,SL_FLOOR,2.6305123921568265,112
584,4,fold,0,win,1,completer,RAW,0.5628740890137607,5
584,4,fold,0,win,2,completer,RAW,0.5005001953250172,17
584,4,fold,0,win,3,reverser,RAW,0.18913374215296574,10
586,4,fold,0,win,1,completer,RAW,0.5127067457415864,10
586,4,fold,0,win,2,completer,RAW,0.3760904420923432,22
586,4,fold,0,win,3,reverser,RAW,0.4531019491687549,7
588,4,fold,0,win,1,reverser,RAW,0.5015446687133553,28
591,4,fold,1,win,1,completer,RAW,0.9316934621523715,25
591,4,fold,1,win,2,reverser,RAW,3.779193969091512,148
591,4,fold,1,win,1,completer,SL_FLOOR,0.9316934621523715,25
591,4,fold,1,win,2,reverser,SL_FLOOR,3.590283723580801,143
592,4,fold,0,win,1,completer,RAW,0.673226854528062,12
592,4,fold,0,win,2,completer,RAW,1.8152190744312175,109
592,4,fold,0,win,3,completer,RAW,0.5491785729992817,9
592,4,fold,0,win,4,completer,RAW,0.43946753003915084,10
592,4,fold,0,win,5,reverser,RAW,3.583686283964669,45
593,4,fold,0,win,1,completer,RAW,1.843442046571423,119
593,4,fold,0,win,2,completer,RAW,0.5911665025626585,7
593,4,fold,0,win,3,completer,RAW,0.4336437410773484,22
593,4,fold,0,win,4,reverser,RAW,2.7344491723474613,41
594,4,fold,0,win,1,completer,RAW,0.9431430314246907,119
594,4,fold,0,win,2,completer,RAW,0.36985058193044296,9
594,4,fold,0,win,3,completer,RAW,0.2640415727955836,16
594,4,fold,0,win,4,reverser,RAW,2.5567304207310997,50
594,4,fold,0,win,1,completer,SL_FLOOR,0.9431430314246907,119
594,4,fold,0,win,2,completer,SL_FLOOR,0.36985058193044296,9
594,4,fold,0,win,3,completer,SL_FLOOR,0.2640415727955836,16
594,4,fold,0,win,4,reverser,SL_FLOOR,2.5567304207310997,50
595,4,fold,0,win,1,completer,RAW,1.8211278763198262,124
595,4,fold,0,win,2,completer,RAW,0.42871622038111656,12
595,4,fold,0,win,3,reverser,RAW,1.445085123186382,62
595,4,fold,0,win,1,completer,SL_FLOOR,1.8211278763198262,124
595,4,fold,0,win,2,completer,SL_FLOOR,0.42871622038111656,12
595,4,fold,0,win,3,reverser,SL_FLOOR,1.445085123186382,62
596,4,fold,1,win,1,completer,RAW,0.5710161410933108,30
596,4,fold,1,win,2,reverser,RAW,3.7424574187264694,201
596,4,fold,1,win,1,completer,SL_FLOOR,0.5710161410933108,30
596,4,fold,1,win,2,reverser,SL_FLOOR,3.7424574187264694,171
597,4,fold,0,win,1,completer,RAW,0.2881980738361569,17
597,4,fold,0,win,2,reverser,RAW,1.534088061571676,59
597,4,fold,0,win,1,completer,SL_FLOOR,0.2881980738361569,17
597,4,fold,0,win,2,reverser,SL_FLOOR,1.534088061571676,59
598,4,fold,0,win,1,completer,RAW,1.1684683579986648,90
598,4,fold,0,win,2,reverser,RAW,2.180288427236926,130
598,4,fold,0,win,1,completer,SL_FLOOR,1.1684683579986648,90
598,4,fold,0,win,2,reverser,SL_FLOOR,2.180288427236926,130
599,4,fold,0,win,1,completer,RAW,0.560269173598256,39
599,4,fold,0,win,2,reverser,RAW,2.428894201451552,64
600,4,fold,0,win,1,completer,RAW,0.5015807970622714,25
600,4,fold,0,win,2,completer,RAW,1.3524104454123451,102
600,4,fold,0,win,3,completer,RAW,0.32742079808231583,12
600,4,fold,0,win,4,reverser,RAW,2.669988891028712,78
600,4,fold,0,win,1,completer,SL_FLOOR,0.5015807970622714,25
600,4,fold,0,win,2,completer,SL_FLOOR,1.3524104454123451,102
600,4,fold,0,win,3,completer,SL_FLOOR,0.32742079808231583,12
600,4,fold,0,win,4,reverser,SL_FLOOR,2.669988891028712,78
601,4,fold,0,win,1,completer,RAW,1.0507575477325164,117
601,4,fold,0,win,2,completer,RAW,0.4120512770047515,9
601,4,fold,0,win,3,completer,RAW,0.29416924717242887,15
601,4,fold,0,win,4,reverser,RAW,2.848458502675211,75
601,4,fold,0,win,1,completer,SL_FLOOR,1.0507575477325164,117
601,4,fold,0,win,2,completer,SL_FLOOR,0.4120512770047515,9
601,4,fold,0,win,3,completer,SL_FLOOR,0.29416924717242887,15
601,4,fold,0,win,4,reverser,SL_FLOOR,2.848458502675211,75
603,4,fold,0,win,1,completer,RAW,0.9806001652132654,87
603,4,fold,0,win,2,reverser,RAW,1.5905207853165222,60
603,4,fold,0,win,1,completer,SL_FLOOR,0.9806001652132654,87
603,4,fold,0,win,2,reverser,SL_FLOOR,1.5905207853165222,60
606,4,fold,0,win,1,completer,RAW,0.5595879894201501,8
606,4,fold,0,win,2,completer,RAW,0.2400701559549432,9
606,4,fold,0,win,3,completer,RAW,2.588382304972238,142
606,4,fold,0,win,4,reverser,RAW,0.47956460410183777,31
606,4,fold,0,win,1,completer,SL_FLOOR,0.5595879894201501,8
606,4,fold,0,win,2,completer,SL_FLOOR,0.2400701559549432,9
606,4,fold,0,win,3,completer,SL_FLOOR,2.588382304972238,142
606,4,fold,0,win,4,reverser,SL_FLOOR,0.47956460410183777,31
607,4,fold,0,win,1,completer,RAW,0.548984540946779,5
607,4,fold,0,win,2,completer,RAW,0.4881497928883358,17
607,4,fold,0,win,3,reverser,RAW,1.9207099891033446,164
608,4,fold,0,win,1,completer,RAW,0.17729916753909247,6
608,4,fold,0,win,2,completer,RAW,1.7906495193124854,146
608,4,fold,0,win,3,reverser,RAW,0.4432479188477343,31
609,4,fold,0,win,1,completer,RAW,0.5865845364871485,7
609,4,fold,0,win,2,completer,RAW,0.4662595033615897,18
609,4,fold,0,win,3,completer,RAW,1.977216039120722,134
609,4,fold,0,win,4,reverser,RAW,0.48819375419177025,28
610,4,fold,0,win,1,completer,RAW,3.07435124464197,199
610,4,fold,0,win,2,completer,RAW,0.8941891176320014,19
610,4,fold,0,win,3,reverser,RAW,1.1864138086519431,13
610,4,fold,0,win,1,reverser,SL_FLOOR,2.2953926834058525,62
611,4,fold,0,win,1,completer,RAW,0.49626174183751326,7
611,4,fold,0,win,2,completer,RAW,0.23296053657586935,4
611,4,fold,0,win,3,completer,RAW,2.072930283543338,122
611,4,fold,0,win,4,reverser,RAW,0.6636585345866464,65
611,4,fold,0,win,1,completer,SL_FLOOR,0.49626174183751326,7
611,4,fold,0,win,2,completer,SL_FLOOR,0.23296053657586935,4
611,4,fold,0,win,3,completer,SL_FLOOR,2.072930283543338,122
611,4,fold,0,win,4,reverser,SL_FLOOR,0.6636585345866464,65
612,4,fold,0,win,1,completer,RAW,0.29786087240770764,7
612,4,fold,0,win,2,completer,RAW,2.042690551384828,70
612,4,fold,0,win,3,completer,RAW,0.7378482524617214,5
612,4,fold,0,win,4,completer,RAW,1.0583888867278977,19
612,4,fold,0,win,5,reverser,RAW,1.790189202694024,28
612,4,fold,0,win,1,completer,SL_FLOOR,0.29786087240770764,7
612,4,fold,0,win,2,completer,SL_FLOOR,2.042690551384828,70
612,4,fold,0,win,3,completer,SL_FLOOR,0.7378482524617214,5
612,4,fold,0,win,4,completer,SL_FLOOR,1.0583888867278977,19
612,4,fold,0,win,5,reverser,SL_FLOOR,1.790189202694024,28
613,4,fold,0,win,1,completer,RAW,0.21641568171667158,6
613,4,fold,0,win,2,completer,RAW,0.684341480022991,7
613,4,fold,0,win,3,completer,RAW,0.5439637405311073,18
613,4,fold,0,win,4,completer,RAW,2.306727958838234,133
613,4,fold,0,win,5,completer,RAW,0.5695534326259821,21
613,4,fold,0,win,6,reverser,RAW,0.8415353028915362,33
614,4,fold,1,win,1,completer,RAW,0.30154856008219877,3
614,4,fold,1,win,2,completer,RAW,0.6335815374404477,8
614,4,fold,1,win,3,completer,RAW,0.21009530825397915,5
614,4,fold,1,win,4,completer,RAW,0.19114553535264278,6
614,4,fold,1,win,5,completer,RAW,0.45232284012326396,12
614,4,fold,1,win,6,reverser,RAW,4.37986924971832,196
614,4,fold,1,win,1,completer,SL_FLOOR,0.30154856008219877,3
614,4,fold,1,win,2,completer,SL_FLOOR,0.6335815374404477,8
614,4,fold,1,win,3,completer,SL_FLOOR,0.21009530825397915,5
614,4,fold,1,win,4,completer,SL_FLOOR,0.19114553535264278,6
614,4,fold,1,win,5,completer,SL_FLOOR,0.45232284012326396,12
614,4,fold,1,win,6,reverser,SL_FLOOR,4.37986924971832,196
615,4,fold,0,win,1,completer,RAW,0.09366721678540191,3
615,4,fold,0,win,2,completer,RAW,0.4011400371025946,6
615,4,fold,0,win,3,completer,RAW,2.750965432109661,70
615,4,fold,0,win,4,completer,RAW,0.9936869954622503,4
615,4,fold,0,win,5,completer,RAW,1.4253706902122696,17
615,4,fold,0,win,6,completer,RAW,0.38485008635734186,4
615,4,fold,0,win,1,completer,SL_FLOOR,0.09366721678540191,3
615,4,fold,0,win,2,completer,SL_FLOOR,0.4011400371025946,6
615,4,fold,0,win,3,completer,SL_FLOOR,2.750965432109661,70
615,4,fold,0,win,4,completer,SL_FLOOR,0.9936869954622503,4
615,4,fold,0,win,5,completer,SL_FLOOR,1.4253706902122696,17
615,4,fold,0,win,6,completer,SL_FLOOR,0.38485008635734186,4
616,4,fold,1,win,1,completer,RAW,0.3422857867847643,6
616,4,fold,1,win,2,completer,RAW,1.6241630031345224,88
616,4,fold,1,win,3,completer,RAW,0.5379986995255099,25
616,4,fold,1,win,4,reverser,RAW,4.86486383098512,115
616,4,fold,1,win,1,completer,SL_FLOOR,0.3422857867847643,6
616,4,fold,1,win,2,completer,SL_FLOOR,1.6241630031345224,88
616,4,fold,1,win,3,completer,SL_FLOOR,0.5379986995255099,25
616,4,fold,1,win,4,reverser,SL_FLOOR,4.86486383098512,115
617,4,fold,0,win,1,completer,RAW,0.3246869733893083,7
617,4,fold,0,win,2,completer,RAW,0.37220214022678055,4
617,4,fold,0,win,3,completer,RAW,2.3599199529271755,84
617,4,fold,0,win,4,completer,RAW,0.2842990815774664,8
617,4,fold,0,win,5,completer,RAW,0.93446494780338,24
617,4,fold,0,win,6,completer,RAW,1.2021337209877325,35
617,4,fold,0,win,1,completer,SL_FLOOR,0.3246869733893083,7
617,4,fold,0,win,2,completer,SL_FLOOR,0.37220214022678055,4
617,4,fold,0,win,3,completer,SL_FLOOR,2.3599199529271755,84
617,4,fold,0,win,4,completer,SL_FLOOR,0.2842990815774664,8
617,4,fold,0,win,5,completer,SL_FLOOR,0.93446494780338,24
617,4,fold,0,win,6,completer,SL_FLOOR,1.2021337209877325,35
618,4,fold,1,win,1,completer,RAW,0.32406622047406275,4
618,4,fold,1,win,2,completer,RAW,0.6896191793179915,9
618,4,fold,1,win,3,completer,RAW,0.1518571178066881,6
618,4,fold,1,win,4,completer,RAW,0.5518518971840893,10
618,4,fold,1,win,5,reverser,RAW,6.367822955450469,212
618,4,fold,1,win,1,completer,SL_FLOOR,0.32406622047406275,4
618,4,fold,1,win,2,completer,SL_FLOOR,0.6896191793179915,9
618,4,fold,1,win,3,completer,SL_FLOOR,0.1518571178066881,6
618,4,fold,1,win,4,completer,SL_FLOOR,0.5518518971840893,10
618,4,fold,1,win,5,reverser,SL_FLOOR,6.367822955450469,212
619,4,fold,1,win,1,completer,RAW,0.5847308362874769,5
619,4,fold,1,win,2,completer,RAW,0.2320111629237116,9
619,4,fold,1,win,3,reverser,RAW,2.0457741055098095,225
619,4,fold,1,win,1,completer,SL_FLOOR,0.5847308362874769,5
619,4,fold,1,win,2,completer,SL_FLOOR,0.2320111629237116,9
619,4,fold,1,win,3,reverser,SL_FLOOR,2.0457741055098095,225
620,4,fold,0,win,1,completer,RAW,0.5054085648303013,7
620,4,fold,0,win,2,completer,RAW,0.19562901352171025,8
620,4,fold,0,win,3,completer,RAW,2.0042898313182462,149
620,4,fold,0,win,4,reverser,RAW,1.3548821781843574,76
620,4,fold,0,win,1,completer,SL_FLOOR,0.5054085648303013,7
620,4,fold,0,win,2,completer,SL_FLOOR,0.19562901352171025,8
620,4,fold,0,win,3,completer,SL_FLOOR,2.0042898313182462,149
620,4,fold,0,win,4,reverser,SL_FLOOR,1.3548821781843574,76
621,4,fold,1,win,1,reverser,RAW,9.117669737452328,219
621,4,fold,1,win,1,reverser,SL_FLOOR,2.46474552198349,57
622,4,fold,1,win,1,completer,RAW,0.38865780851918696,1
622,4,fold,1,win,2,completer,RAW,1.2086049950477613,87
622,4,fold,1,win,3,reverser,RAW,2.6033678435361587,149
622,4,fold,1,win,1,completer,SL_FLOOR,0.38865780851918696,1
622,4,fold,1,win,2,completer,SL_FLOOR,1.2086049950477613,87
622,4,fold,1,win,3,reverser,SL_FLOOR,2.6033678435361587,149
623,4,fold,0,win,1,completer,RAW,2.8067844110620057,118
623,4,fold,0,win,2,completer,RAW,1.193988407934055,39
623,4,fold,0,win,3,completer,RAW,0.8961819517209904,29
623,4,fold,0,win,4,reverser,RAW,1.779103504649548,52
623,4,fold,0,win,1,reverser,SL_FLOOR,2.2515052116294783,22
624,4,fold,1,win,1,completer,RAW,0.4544270438105502,13
624,4,fold,1,win,2,completer,RAW,0.35741452883974745,6
624,4,fold,1,win,3,reverser,RAW,6.4717559329199,213
624,4,fold,1,win,1,completer,SL_FLOOR,0.4544270438105502,13
624,4,fold,1,win,2,completer,SL_FLOOR,0.35741452883974745,6
624,4,fold,1,win,3,reverser,SL_FLOOR,4.406410548410159,117
625,4,fold,0,win,1,completer,RAW,0.40696854903653357,20
625,4,fold,0,win,2,reverser,RAW,2.116236454989983,93
626,4,fold,0,win,1,completer,RAW,0.3165191011215964,7
626,4,fold,0,win,2,completer,RAW,0.45435806451325744,7
626,4,fold,0,win,3,completer,RAW,1.9050706113205969,67
626,4,fold,0,win,4,reverser,RAW,2.7984712999702923,123
627,4,fold,1,win,1,reverser,RAW,5.534285257575833,205
627,4,fold,1,win,1,reverser,SL_FLOOR,2.697214836724678,165
629,4,fold,1,win,1,completer,RAW,0.3512698138785053,12
629,4,fold,1,win,2,completer,RAW,1.6557749753136113,51
629,4,fold,1,win,3,completer,RAW,1.359968816258029,38
629,4,fold,1,win,4,reverser,RAW,3.0660308386110904,126
629,4,fold,1,win,1,completer,SL_FLOOR,0.3512698138785053,12
629,4,fold,1,win,2,completer,SL_FLOOR,1.6557749753136113,51
629,4,fold,1,win,3,completer,SL_FLOOR,1.359968816258029,38
629,4,fold,1,win,4,reverser,SL_FLOOR,3.0660308386110904,126
630,4,fold,0,win,1,completer,RAW,0.38052482022992584,12
630,4,fold,0,win,2,completer,RAW,4.38509554741177,178
630,4,fold,0,win,3,reverser,RAW,1.2638860100494673,34
630,4,fold,0,win,1,completer,SL_FLOOR,0.38052482022992584,12
630,4,fold,0,win,2,reverser,SL_FLOOR,3.7939230588402606,108
631,4,fold,0,win,1,completer,RAW,3.124955574311026,169
631,4,fold,0,win,2,reverser,RAW,0.767081351848993,43
631,4,fold,0,win,1,reverser,SL_FLOOR,2.8351856293172495,68
633,4,fold,0,win,1,completer,RAW,0.8647055085955943,32
633,4,fold,0,win,2,completer,RAW,0.7532657482823804,38
633,4,fold,0,win,3,completer,RAW,1.4135253808146775,54
633,4,fold,0,win,4,reverser,RAW,0.6996406004625015,21
634,4,fold,1,win,1,reverser,RAW,6.580714485494573,235
634,4,fold,1,win,1,reverser,SL_FLOOR,2.012420696014609,87
636,4,fold,1,win,1,reverser,RAW,7.286821972057605,236
636,4,fold,1,win,1,reverser,SL_FLOOR,2.3258531881247535,86
638,4,fold,0,win,1,completer,RAW,0.6619910650490373,49
638,4,fold,0,win,2,completer,RAW,1.0821501228078594,63
638,4,fold,0,win,3,reverser,RAW,1.4221261542768433,43
640,4,fold,0,win,1,completer,RAW,0.8860953805795324,19
640,4,fold,0,win,2,completer,RAW,0.5726466745241838,9
640,4,fold,0,win,3,completer,RAW,2.0124440276135385,65
640,4,fold,0,win,4,completer,RAW,0.8232334148046876,12
640,4,fold,0,win,5,reverser,RAW,2.6290079658982437,42
641,4,fold,0,win,1,completer,RAW,0.7818026684099888,20
641,4,fold,0,win,2,reverser,RAW,3.660905304424184,102
652,4,fold,1,win,1,reverser,RAW,4.214377011262533,202
657,4,fold,0,win,1,reverser,RAW,0.7681649746753112,30
659,4,fold,0,win,1,reverser,RAW,1.120147403233081,55
661,4,fold,0,win,1,completer,RAW,1.707127775327165,93
661,4,fold,0,win,2,completer,RAW,1.8400179614304886,99
661,4,fold,0,win,3,reverser,RAW,1.9802098061109008,27
661,4,fold,0,win,1,completer,SL_FLOOR,1.707127775327165,93
661,4,fold,0,win,2,completer,SL_FLOOR,1.8400179614304886,99
661,4,fold,0,win,3,reverser,SL_FLOOR,1.9802098061109008,27
662,4,fold,1,win,1,completer,RAW,0.28804532892161294,9
662,4,fold,1,win,2,completer,RAW,1.0052864043560914,45
662,4,fold,1,win,3,reverser,RAW,2.871426227626078,155
662,4,fold,1,win,1,completer,SL_FLOOR,0.28804532892161294,9
662,4,fold,1,win,2,completer,SL_FLOOR,1.0052864043560914,45
662,4,fold,1,win,3,reverser,SL_FLOOR,2.871426227626078,155
665,4,fold,1,win,1,completer,RAW,1.5805826874997961,31
665,4,fold,1,win,2,completer,RAW,1.143400242021117,29
665,4,fold,1,win,3,completer,RAW,1.9260485360249022,92
665,4,fold,1,win,4,reverser,RAW,3.8536256819990067,85
665,4,fold,1,win,1,completer,SL_FLOOR,1.5805826874997961,31
665,4,fold,1,win,2,completer,SL_FLOOR,1.143400242021117,29
665,4,fold,1,win,3,completer,SL_FLOOR,1.9260485360249022,92
665,4,fold,1,win,4,reverser,SL_FLOOR,3.8536256819990067,85
666,4,fold,0,win,1,completer,RAW,1.490119112303264,68
666,4,fold,0,win,2,completer,RAW,1.1372930842294622,112
666,4,fold,0,win,3,reverser,RAW,1.038590187023026,31
669,4,fold,0,win,1,reverser,RAW,2.444954374456753,118
670,4,fold,0,win,1,completer,RAW,0.687710047559449,40
670,4,fold,0,win,2,reverser,RAW,1.4436464358104861,118
670,4,fold,0,win,1,completer,SL_FLOOR,0.687710047559449,40
670,4,fold,0,win,2,reverser,SL_FLOOR,1.4436464358104861,118
671,4,fold,0,win,1,completer,RAW,0.5760670057857473,20
671,4,fold,0,win,2,completer,RAW,1.6890508324980542,69
671,4,fold,0,win,3,reverser,RAW,1.4268844160300254,38
672,4,fold,0,win,1,completer,RAW,0.5270288447261516,10
672,4,fold,0,win,2,completer,RAW,1.2563424267568397,75
672,4,fold,0,win,3,completer,RAW,0.14513703124988098,9
672,4,fold,0,win,4,reverser,RAW,2.394307462400479,145
672,4,fold,0,win,1,completer,SL_FLOOR,0.5270288447261516,10
672,4,fold,0,win,2,completer,SL_FLOOR,1.2563424267568397,75
672,4,fold,0,win,3,completer,SL_FLOOR,0.14513703124988098,9
672,4,fold,0,win,4,reverser,SL_FLOOR,2.394307462400479,145
673,4,fold,1,win,1,reverser,RAW,2.34454825726682,214
673,4,fold,1,win,1,reverser,SL_FLOOR,2.34454825726682,214
674,4,fold,0,win,1,completer,RAW,1.4086189055891778,85
674,4,fold,0,win,2,completer,RAW,0.4839052178680201,17
674,4,fold,0,win,3,reverser,RAW,1.7089387638031954,132
674,4,fold,0,win,1,completer,SL_FLOOR,1.4086189055891778,85
674,4,fold,0,win,2,completer,SL_FLOOR,0.4839052178680201,17
674,4,fold,0,win,3,reverser,SL_FLOOR,1.7089387638031954,132
676,4,fold,0,win,1,completer,RAW,2.4162285258457876,162
676,4,fold,0,win,2,reverser,RAW,1.7211662425815726,47
676,4,fold,0,win,1,completer,SL_FLOOR,2.4162285258457876,162
676,4,fold,0,win,2,reverser,SL_FLOOR,1.7211662425815726,47
677,4,fold,0,win,1,reverser,RAW,2.2578846909651533,142
677,4,fold,0,win,1,reverser,SL_FLOOR,2.2578846909651533,142
680,4,fold,1,win,1,reverser,RAW,1.9920231224137013,224
680,4,fold,1,win,1,reverser,SL_FLOOR,1.9920231224137013,224
684,4,fold,1,win,1,completer,RAW,0.5231257055976927,13
684,4,fold,1,win,2,completer,RAW,3.1525313629357576,108
684,4,fold,1,win,3,reverser,RAW,4.584542395919682,100
684,4,fold,1,win,1,completer,SL_FLOOR,0.5231257055976927,13
684,4,fold,1,win,2,completer,SL_FLOOR,3.1525313629357576,108
684,4,fold,1,win,3,reverser,SL_FLOOR,4.382342762230099,93
686,4,fold,0,win,1,reverser,RAW,0.9701452768267189,49
687,4,fold,1,win,1,completer,RAW,0.1983289200830498,4
687,4,fold,1,win,2,completer,RAW,2.199239026856651,80
687,4,fold,1,win,3,reverser,RAW,3.598413941317775,136
687,4,fold,1,win,1,completer,SL_FLOOR,0.1983289200830498,4
687,4,fold,1,win,2,completer,SL_FLOOR,2.199239026856651,80
687,4,fold,1,win,3,reverser,SL_FLOOR,3.598413941317775,136
688,4,fold,0,win,1,completer,RAW,0.672628835104707,18
688,4,fold,0,win,2,completer,RAW,0.38535122940193434,1
688,4,fold,0,win,3,completer,RAW,2.1662988031242687,55
688,4,fold,0,win,4,completer,RAW,0.4435010770819101,8
688,4,fold,0,win,5,completer,RAW,0.7481368462712918,13
688,4,fold,0,win,6,reverser,RAW,2.606328247508899,130
689,4,fold,0,win,1,completer,RAW,4.743304499479819,138
689,4,fold,0,win,2,reverser,RAW,0.6821474698248662,40
691,4,fold,0,win,1,completer,RAW,2.318949876354037,168
691,4,fold,0,win,2,completer,RAW,0.4214837419921902,22
691,4,fold,0,win,3,reverser,RAW,1.2755013615344217,31
692,4,fold,0,win,1,completer,RAW,0.49672038793348927,13
692,4,fold,0,win,2,completer,RAW,1.599760113912206,55
692,4,fold,0,win,3,completer,RAW,0.3275149912696702,10
692,4,fold,0,win,4,completer,RAW,1.9247113870506327,143
692,4,fold,0,win,5,reverser,RAW,0.6351611670220283,18
692,4,fold,0,win,1,completer,SL_FLOOR,0.49672038793348927,13
692,4,fold,0,win,2,completer,SL_FLOOR,1.599760113912206,55
692,4,fold,0,win,3,completer,SL_FLOOR,0.3275149912696702,10
692,4,fold,0,win,4,completer,SL_FLOOR,1.9247113870506327,143
692,4,fold,0,win,5,reverser,SL_FLOOR,0.6351611670220283,18
693,4,fold,0,win,1,completer,RAW,1.2318201504321842,124
693,4,fold,0,win,2,reverser,RAW,1.06656795494396,51
693,4,fold,0,win,1,completer,SL_FLOOR,1.2318201504321842,124
693,4,fold,0,win,2,reverser,SL_FLOOR,1.06656795494396,51
694,4,fold,0,win,1,completer,RAW,1.453530690709597,83
694,4,fold,0,win,2,reverser,RAW,1.6546222016626724,92
694,4,fold,0,win,1,completer,SL_FLOOR,1.453530690709597,83
694,4,fold,0,win,2,reverser,SL_FLOOR,1.6546222016626724,92
695,4,fold,0,win,1,completer,RAW,1.343084392745581,123
695,4,fold,0,win,2,completer,RAW,0.29287997447365033,4
695,4,fold,0,win,3,reverser,RAW,1.4500430108744384,72
695,4,fold,0,win,1,completer,SL_FLOOR,1.343084392745581,123
695,4,fold,0,win,2,completer,SL_FLOOR,0.29287997447365033,4
695,4,fold,0,win,3,reverser,SL_FLOOR,1.4500430108744384,72
696,4,fold,0,win,1,completer,RAW,1.5268861052011533,83
696,4,fold,0,win,2,reverser,RAW,1.745167446242659,115
696,4,fold,0,win,1,completer,SL_FLOOR,1.5268861052011533,83
696,4,fold,0,win,2,reverser,SL_FLOOR,1.745167446242659,115
697,4,fold,1,win,1,completer,RAW,1.080288780006526,53
697,4,fold,1,win,2,reverser,RAW,3.2408663400196276,164
697,4,fold,1,win,1,completer,SL_FLOOR,1.080288780006526,53
697,4,fold,1,win,2,reverser,SL_FLOOR,3.2386281726577213,81
698,4,fold,0,win,1,completer,RAW,0.7932892206217552,55
698,4,fold,0,win,2,completer,RAW,1.1597206672566176,109
698,4,fold,0,win,3,reverser,RAW,0.5213707475375404,19
698,4,fold,0,win,1,completer,SL_FLOOR,0.7932892206217552,55
698,4,fold,0,win,2,completer,SL_FLOOR,1.1597206672566176,109
698,4,fold,0,win,3,reverser,SL_FLOOR,0.5213707475375404,19
699,4,fold,0,win,1,completer,RAW,0.7097795075668791,23
699,4,fold,0,win,2,completer,RAW,0.8535135623351231,30
699,4,fold,0,win,3,reverser,RAW,1.7055453302911827,110
700,4,fold,0,win,1,completer,RAW,0.3919458302096477,31
700,4,fold,0,win,2,completer,RAW,1.1861132240052275,103
700,4,fold,0,win,3,reverser,RAW,0.4969051068388173,21
700,4,fold,0,win,1,completer,SL_FLOOR,0.3919458302096477,31
700,4,fold,0,win,2,completer,SL_FLOOR,1.1861132240052275,103
700,4,fold,0,win,3,reverser,SL_FLOOR,0.4969051068388173,21
701,4,fold,0,win,1,completer,RAW,0.26448906837563735,11
701,4,fold,0,win,2,completer,RAW,0.3432896462692687,15
701,4,fold,0,win,3,reverser,RAW,2.283656351432116,193
701,4,fold,0,win,1,completer,SL_FLOOR,0.26448906837563735,11
701,4,fold,0,win,2,completer,SL_FLOOR,0.3432896462692687,15
701,4,fold,0,win,3,reverser,SL_FLOOR,2.283656351432116,193
702,4,fold,1,win,1,reverser,RAW,3.035905499005877,203
702,4,fold,1,win,1,reverser,SL_FLOOR,2.5227295948591912,105
703,4,fold,1,win,1,completer,RAW,0.8538358672627901,39
703,4,fold,1,win,2,reverser,RAW,2.8338080988967675,185
703,4,fold,1,win,1,completer,SL_FLOOR,0.8538358672627901,39
703,4,fold,1,win,2,reverser,SL_FLOOR,2.8338080988967675,185
704,4,fold,0,win,1,completer,RAW,0.3540606444397114,19
704,4,fold,0,win,2,completer,RAW,0.3540606444397114,21
704,4,fold,0,win,3,completer,RAW,0.447702166231692,14
704,4,fold,0,win,4,completer,RAW,1.2405792850542707,54
704,4,fold,0,win,5,reverser,RAW,2.4442487731978217,95
704,4,fold,0,win,1,completer,SL_FLOOR,0.3540606444397114,19
704,4,fold,0,win,2,completer,SL_FLOOR,0.3540606444397114,21
704,4,fold,0,win,3,completer,SL_FLOOR,0.447702166231692,14
704,4,fold,0,win,4,completer,SL_FLOOR,1.2405792850542707,54
704,4,fold,0,win,5,reverser,SL_FLOOR,2.4442487731978217,95
705,4,fold,1,win,1,completer,RAW,0.3467060075466296,24
705,4,fold,1,win,2,completer,RAW,0.2218297945376646,10
705,4,fold,1,win,3,reverser,RAW,3.118027181962956,188
705,4,fold,1,win,1,completer,SL_FLOOR,0.3467060075466296,24
705,4,fold,1,win,2,completer,SL_FLOOR,0.2218297945376646,10
705,4,fold,1,win,3,reverser,SL_FLOOR,3.118027181962956,188
706,4,fold,0,win,1,completer,RAW,0.3386390867714104,35
706,4,fold,0,win,2,completer,RAW,0.4326154840572731,19
706,4,fold,0,win,3,completer,RAW,1.3091884311545963,119
706,4,fold,0,win,4,reverser,RAW,0.5905930484602004,32
706,4,fold,0,win,1,completer,SL_FLOOR,0.3386390867714104,35
706,4,fold,0,win,2,completer,SL_FLOOR,0.4326154840572731,19
706,4,fold,0,win,3,completer,SL_FLOOR,1.3091884311545963,119
706,4,fold,0,win,4,reverser,SL_FLOOR,0.5905930484602004,32
707,4,fold,0,win,1,completer,RAW,0.3087344600960822,13
707,4,fold,0,win,2,completer,RAW,0.3474029908834655,26
707,4,fold,0,win,3,completer,RAW,1.1017462343388935,45
707,4,fold,0,win,4,reverser,RAW,2.1648239378904206,147
707,4,fold,0,win,1,completer,SL_FLOOR,0.3087344600960822,13
707,4,fold,0,win,2,completer,SL_FLOOR,0.3474029908834655,26
707,4,fold,0,win,3,completer,SL_FLOOR,1.1017462343388935,45
707,4,fold,0,win,4,reverser,SL_FLOOR,2.1648239378904206,147
708,4,fold,0,win,1,completer,RAW,0.7492107034256423,34
708,4,fold,0,win,2,completer,RAW,0.737965514631274,47
708,4,fold,0,win,3,reverser,RAW,2.3324395757679044,150
708,4,fold,0,win,1,completer,SL_FLOOR,0.7492107034256423,34
708,4,fold,0,win,2,completer,SL_FLOOR,0.737965514631274,47
708,4,fold,0,win,3,reverser,SL_FLOOR,2.3324395757679044,150
709,4,fold,1,win,1,completer,RAW,0.8982875634309042,29
709,4,fold,1,win,2,reverser,RAW,3.4228752417000408,196
709,4,fold,1,win,1,completer,SL_FLOOR,0.8982875634309042,29
709,4,fold,1,win,2,reverser,SL_FLOOR,2.8390752004760706,77
713,4,fold,0,win,1,reverser,RAW,2.0434957994380296,142
715,4,fold,0,win,1,reverser,RAW,2.0349046834990068,64
716,4,fold,0,win,1,completer,RAW,2.116680289051814,135
716,4,fold,0,win,2,reverser,RAW,0.2677589024318656,5
717,4,fold,0,win,1,completer,RAW,0.5759322730171986,37
717,4,fold,0,win,2,reverser,RAW,2.320285666652463,139
717,4,fold,0,win,1,completer,SL_FLOOR,0.5759322730171986,37
717,4,fold,0,win,2,reverser,SL_FLOOR,2.320285666652463,139
718,4,fold,0,win,1,completer,RAW,2.420001470410665,148
718,4,fold,0,win,2,reverser,RAW,1.2071916795229019,27
718,4,fold,0,win,1,completer,SL_FLOOR,2.420001470410665,148
718,4,fold,0,win,2,reverser,SL_FLOOR,1.2071916795229019,27
719,4,fold,0,win,1,completer,RAW,0.36705647723502777,36
719,4,fold,0,win,2,reverser,RAW,2.010831136157119,144
719,4,fold,0,win,1,completer,SL_FLOOR,0.36705647723502777,36
719,4,fold,0,win,2,reverser,SL_FLOOR,2.010831136157119,144
721,4,fold,0,win,1,completer,RAW,0.5614560552322854,28
721,4,fold,0,win,2,reverser,RAW,0.17601201731487226,9
722,4,fold,1,win,1,completer,RAW,0.3245473100856229,20
722,4,fold,1,win,2,reverser,RAW,3.317781568906323,174
722,4,fold,1,win,1,completer,SL_FLOOR,0.3245473100856229,20
722,4,fold,1,win,2,reverser,SL_FLOOR,3.317781568906323,174
723,4,fold,1,win,1,reverser,RAW,2.695307107784321,195
723,4,fold,1,win,1,reverser,SL_FLOOR,2.695307107784321,195
724,4,fold,0,win,1,completer,RAW,0.3098328852193374,8
724,4,fold,0,win,2,reverser,RAW,1.9875619879148179,102
725,4,fold,0,win,1,completer,RAW,3.3752985199807872,152
725,4,fold,0,win,2,reverser,RAW,1.6007513306141958,23
726,4,fold,0,win,1,completer,RAW,2.5824902358844652,124
726,4,fold,0,win,2,completer,RAW,1.024171881988348,16
726,4,fold,0,win,3,completer,RAW,0.6392860234959494,18
726,4,fold,0,win,4,completer,RAW,0.38488585849241286,21
726,4,fold,0,win,5,reverser,RAW,0.6280210715400738,20
726,4,fold,0,win,1,reverser,SL_FLOOR,2.470779462322033,75
727,4,fold,0,win,1,completer,RAW,0.18351984464622517,7
727,4,fold,0,win,2,completer,RAW,0.17711798960043224,7
727,4,fold,0,win,3,completer,RAW,3.6903137752891673,176
727,4,fold,0,win,4,reverser,RAW,0.48298439734413545,31
727,4,fold,0,win,1,completer,SL_FLOOR,0.18351984464622517,7
727,4,fold,0,win,2,completer,SL_FLOOR,0.17711798960043224,7
727,4,fold,0,win,3,completer,SL_FLOOR,3.6903137752891673,176
727,4,fold,0,win,4,reverser,SL_FLOOR,0.48298439734413545,31
728,4,fold,1,win,1,completer,RAW,0.3138150562663373,20
728,4,fold,1,win,2,reverser,RAW,4.079595731462672,218
728,4,fold,1,win,1,completer,SL_FLOOR,0.3138150562663373,20
728,4,fold,1,win,2,reverser,SL_FLOOR,4.079595731462672,73
729,4,fold,0,win,1,completer,RAW,0.46100463077135234,26
729,4,fold,0,win,2,completer,RAW,2.1475084302014866,124
729,4,fold,0,win,3,completer,RAW,0.8412324801810249,23
729,4,fold,0,win,4,completer,RAW,0.4990851134132974,14
729,4,fold,0,win,5,completer,RAW,0.5250490788509738,19
729,4,fold,0,win,6,reverser,RAW,1.2076128813572495,33
729,4,fold,0,win,1,completer,SL_FLOOR,0.46100463077135234,26
729,4,fold,0,win,2,completer,SL_FLOOR,2.1475084302014866,124
729,4,fold,0,win,3,completer,SL_FLOOR,0.8412324801810249,23
729,4,fold,0,win,4,completer,SL_FLOOR,0.4990851134132974,14
729,4,fold,0,win,5,completer,SL_FLOOR,0.5250490788509738,19
729,4,fold,0,win,6,reverser,SL_FLOOR,1.2076128813572495,33
730,4,fold,1,win,1,reverser,RAW,3.6566999406324445,173
731,4,fold,0,win,1,completer,RAW,0.24571500415366887,2
731,4,fold,0,win,2,completer,RAW,0.4223226633890582,11
731,4,fold,0,win,3,completer,RAW,1.729603271425196,63
731,4,fold,0,win,4,completer,RAW,2.025229135797515,59
731,4,fold,0,win,5,completer,RAW,1.157548027380015,21
731,4,fold,0,win,6,completer,RAW,0.6641983706028007,24
731,4,fold,0,win,1,completer,SL_FLOOR,0.24571500415366887,2
731,4,fold,0,win,2,completer,SL_FLOOR,0.4223226633890582,11
731,4,fold,0,win,3,completer,SL_FLOOR,1.729603271425196,63
731,4,fold,0,win,4,completer,SL_FLOOR,2.025229135797515,59
731,4,fold,0,win,5,completer,SL_FLOOR,1.157548027380015,21
731,4,fold,0,win,6,completer,SL_FLOOR,0.6641983706028007,24
732,4,fold,0,win,1,completer,RAW,3.160596063537193,108
732,4,fold,0,win,2,completer,RAW,0.24371707423276168,4
732,4,fold,0,win,3,completer,RAW,0.8547656465166122,14
732,4,fold,0,win,4,completer,RAW,0.8224573312004613,16
732,4,fold,0,win,5,completer,RAW,1.4503624158231627,34
732,4,fold,0,win,6,completer,RAW,0.9671423954423819,23
732,4,fold,0,win,1,reverser,SL_FLOOR,2.529179205510539,34
733,4,fold,1,win,1,reverser,RAW,3.5269565735489756,223
733,4,fold,1,win,1,reverser,SL_FLOOR,1.8975438875234087,156
734,4,fold,0,win,1,completer,RAW,1.004627303628022,35
734,4,fold,0,win,2,completer,RAW,1.5883972233037853,30
734,4,fold,0,win,3,completer,RAW,1.0601656680792226,31
734,4,fold,0,win,4,completer,RAW,0.3591480901176327,11
734,4,fold,0,win,5,completer,RAW,0.8009866339737011,25
734,4,fold,0,win,6,completer,RAW,0.45418040262298476,14
734,4,fold,0,win,1,completer,SL_FLOOR,1.004627303628022,35
734,4,fold,0,win,2,completer,SL_FLOOR,1.5883972233037853,30
734,4,fold,0,win,3,completer,SL_FLOOR,1.0601656680792226,31
734,4,fold,0,win,4,completer,SL_FLOOR,0.3591480901176327,11
734,4,fold,0,win,5,completer,SL_FLOOR,0.8009866339737011,25
734,4,fold,0,win,6,completer,SL_FLOOR,0.45418040262298476,14
735,4,fold,0,win,1,completer,RAW,1.8659641315656863,138
735,4,fold,0,win,2,reverser,RAW,1.6250731493766712,69
735,4,fold,0,win,1,completer,SL_FLOOR,1.8659641315656863,138
735,4,fold,0,win,2,reverser,SL_FLOOR,1.6250731493766712,69
736,4,fold,1,win,1,completer,RAW,0.5832369399090229,22
736,4,fold,1,win,2,reverser,RAW,8.775426790405927,199
736,4,fold,1,win,1,completer,SL_FLOOR,0.5832369399090229,22
736,4,fold,1,win,2,reverser,SL_FLOOR,3.2575674135191726,63
737,4,fold,0,win,1,completer,RAW,0.9109951575577109,36
737,4,fold,0,win,2,completer,RAW,0.810631284267469,30
737,4,fold,0,win,3,completer,RAW,0.08363656107521056,4
737,4,fold,0,win,4,completer,RAW,0.25412647403621413,9
737,4,fold,0,win,5,completer,RAW,0.8582397882641182,19
737,4,fold,0,win,6,completer,RAW,0.6343511478474024,12
737,4,fold,0,win,1,completer,SL_FLOOR,0.9109951575577109,36
737,4,fold,0,win,2,completer,SL_FLOOR,0.810631284267469,30
737,4,fold,0,win,3,completer,SL_FLOOR,0.08363656107521056,4
737,4,fold,0,win,4,completer,SL_FLOOR,0.25412647403621413,9
737,4,fold,0,win,5,completer,SL_FLOOR,0.8582397882641182,19
737,4,fold,0,win,6,completer,SL_FLOOR,0.6343511478474024,12
739,4,fold,1,win,1,reverser,RAW,2.9022754563659845,212
739,4,fold,1,win,1,reverser,SL_FLOOR,2.466052410477907,77
740,4,fold,0,win,1,completer,RAW,1.5081952739025497,44
740,4,fold,0,win,2,completer,RAW,1.0308796816563295,33
740,4,fold,0,win,3,completer,RAW,0.4536785581253824,10
740,4,fold,0,win,4,completer,RAW,1.1117030886501178,15
740,4,fold,0,win,5,completer,RAW,0.6595495004680076,15
740,4,fold,0,win,6,completer,RAW,0.6938613241917642,17
740,4,fold,0,win,1,completer,SL_FLOOR,1.5081952739025497,44
740,4,fold,0,win,2,completer,SL_FLOOR,1.0308796816563295,33
740,4,fold,0,win,3,completer,SL_FLOOR,0.4536785581253824,10
740,4,fold,0,win,4,completer,SL_FLOOR,1.1117030886501178,15
740,4,fold,0,win,5,completer,SL_FLOOR,0.6595495004680076,15
740,4,fold,0,win,6,completer,SL_FLOOR,0.6938613241917642,17
741,4,fold,0,win,1,reverser,RAW,1.926288344453485,237
741,4,fold,0,win,1,reverser,SL_FLOOR,1.926288344453485,237
743,4,fold,0,win,1,completer,RAW,0.4591235738229227,24
743,4,fold,0,win,2,completer,RAW,0.8461213159473286,17
743,4,fold,0,win,3,completer,RAW,0.5281472192118639,23
743,4,fold,0,win,4,completer,RAW,0.5188406602830202,37
743,4,fold,0,win,5,completer,RAW,0.0705747385437343,4
743,4,fold,0,win,6,completer,RAW,0.6382748332031625,27
743,4,fold,0,win,1,completer,SL_FLOOR,0.4591235738229227,24
743,4,fold,0,win,2,completer,SL_FLOOR,0.8461213159473286,17
743,4,fold,0,win,3,completer,SL_FLOOR,0.5281472192118639,23
743,4,fold,0,win,4,completer,SL_FLOOR,0.5188406602830202,37
743,4,fold,0,win,5,completer,SL_FLOOR,0.0705747385437343,4
743,4,fold,0,win,6,completer,SL_FLOOR,0.6382748332031625,27
744,4,fold,0,win,1,completer,RAW,1.028976905345471,18
744,4,fold,0,win,2,completer,RAW,0.4750692581482392,18
744,4,fold,0,win,3,completer,RAW,0.35273382686545673,24
744,4,fold,0,win,4,completer,RAW,0.8407162694269235,24
744,4,fold,0,win,5,completer,RAW,0.8216863134495638,26
744,4,fold,0,win,6,completer,RAW,1.0643182521604828,53
744,4,fold,0,win,1,completer,SL_FLOOR,1.028976905345471,18
744,4,fold,0,win,2,completer,SL_FLOOR,0.4750692581482392,18
744,4,fold,0,win,3,completer,SL_FLOOR,0.35273382686545673,24
744,4,fold,0,win,4,completer,SL_FLOOR,0.8407162694269235,24
744,4,fold,0,win,5,completer,SL_FLOOR,0.8216863134495638,26
744,4,fold,0,win,6,completer,SL_FLOOR,1.0643182521604828,53
746,4,fold,0,win,1,completer,RAW,1.4378948310382793,137
746,4,fold,0,win,2,completer,RAW,0.30637779084498185,19
746,4,fold,0,win,3,completer,RAW,0.4025244512038211,12
746,4,fold,0,win,4,reverser,RAW,1.2800421050759878,37
746,4,fold,0,win,1,completer,SL_FLOOR,1.4378948310382793,137
746,4,fold,0,win,2,completer,SL_FLOOR,0.30637779084498185,19
746,4,fold,0,win,3,completer,SL_FLOOR,0.4025244512038211,12
746,4,fold,0,win,4,reverser,SL_FLOOR,1.2800421050759878,37
747,4,fold,1,win,1,completer,RAW,0.6690144715360126,25
747,4,fold,1,win,2,reverser,RAW,4.97103157964099,163
748,4,fold,1,win,1,completer,RAW,0.14598597317179518,5
748,4,fold,1,win,2,reverser,RAW,4.379579195154843,108
749,4,fold,1,win,1,completer,RAW,0.574199572681592,67
749,4,fold,1,win,2,reverser,RAW,5.4263895787107606,143
749,4,fold,1,win,1,completer,SL_FLOOR,0.574199572681592,67
749,4,fold,1,win,2,reverser,SL_FLOOR,3.2999507356712696,96
750,4,fold,1,win,1,completer,RAW,0.5851282193518074,41
750,4,fold,1,win,2,reverser,RAW,4.347724870373543,193
750,4,fold,1,win,1,completer,SL_FLOOR,0.5851282193518074,41
750,4,fold,1,win,2,reverser,SL_FLOOR,3.167099070820654,82
751,4,fold,0,win,1,completer,RAW,1.2235703537067781,32
751,4,fold,0,win,2,reverser,RAW,3.200661455344202,193
751,4,fold,0,win,1,completer,SL_FLOOR,1.2235703537067781,32
751,4,fold,0,win,2,reverser,SL_FLOOR,3.200661455344202,193
752,4,fold,0,win,1,completer,RAW,0.6380871147085196,32
752,4,fold,0,win,2,reverser,RAW,3.1270931863942923,204
752,4,fold,0,win,1,completer,SL_FLOOR,0.6380871147085196,32
752,4,fold,0,win,2,reverser,SL_FLOOR,3.1270931863942923,67
753,4,fold,0,win,1,completer,RAW,1.8314181822361029,72
753,4,fold,0,win,2,completer,RAW,0.22602757689175723,9
753,4,fold,0,win,3,completer,RAW,1.514979574587632,37
753,4,fold,0,win,4,completer,RAW,0.48120081501428746,20
753,4,fold,0,win,5,completer,RAW,0.056506894222938975,2
753,4,fold,0,win,6,completer,RAW,0.3093008946939868,4
753,4,fold,0,win,1,completer,SL_FLOOR,1.8314181822361029,72
753,4,fold,0,win,2,completer,SL_FLOOR,0.22602757689175723,9
753,4,fold,0,win,3,completer,SL_FLOOR,1.514979574587632,37
753,4,fold,0,win,4,completer,SL_FLOOR,0.48120081501428746,20
753,4,fold,0,win,5,completer,SL_FLOOR,0.056506894222938975,2
753,4,fold,0,win,6,completer,SL_FLOOR,0.3093008946939868,4
754,4,fold,0,win,1,completer,RAW,0.5767432699701415,30
754,4,fold,0,win,2,reverser,RAW,3.075310202573269,171
754,4,fold,0,win,1,completer,SL_FLOOR,0.5767432699701415,30
754,4,fold,0,win,2,reverser,SL_FLOOR,3.075310202573269,171
755,4,fold,0,win,1,completer,RAW,2.8818086103255744,55
755,4,fold,0,win,2,completer,RAW,0.8734085592443734,15
755,4,fold,0,win,3,completer,RAW,1.2961910581403318,39
755,4,fold,0,win,4,completer,RAW,0.42644612540286353,4
755,4,fold,0,win,5,reverser,RAW,2.805605178982095,111
755,4,fold,0,win,1,reverser,SL_FLOOR,2.816596058502795,26
756,4,fold,0,win,1,completer,RAW,0.20304512226192983,12
756,4,fold,0,win,2,completer,RAW,0.3400010478660771,18
756,4,fold,0,win,3,completer,RAW,1.4205196004521814,47
756,4,fold,0,win,4,reverser,RAW,2.5910150111386816,123
756,4,fold,0,win,1,completer,SL_FLOOR,0.20304512226192983,12
756,4,fold,0,win,2,completer,SL_FLOOR,0.3400010478660771,18
756,4,fold,0,win,3,completer,SL_FLOOR,1.4205196004521814,47
756,4,fold,0,win,4,reverser,SL_FLOOR,2.5910150111386816,123
757,4,fold,1,win,1,completer,RAW,0.9992904170585801,39
757,4,fold,1,win,2,completer,RAW,0.34335808169074644,7
757,4,fold,1,win,3,reverser,RAW,4.332231796229081,174
757,4,fold,1,win,1,completer,SL_FLOOR,0.9992904170585801,39
757,4,fold,1,win,2,completer,SL_FLOOR,0.34335808169074644,7
757,4,fold,1,win,3,reverser,SL_FLOOR,4.196072556937926,79
758,5,fold,0,win,1,completer,RAW,0.4211297801407763,17
758,5,fold,0,win,2,completer,RAW,0.25320537929132403,4
758,5,fold,0,win,3,completer,RAW,2.5091949739494472,112
758,5,fold,0,win,4,completer,RAW,1.5262657585060433,66
758,5,fold,0,win,5,reverser,RAW,1.1244780559500218,28
758,5,fold,0,win,1,completer,SL_FLOOR,0.4211297801407763,17
758,5,fold,0,win,2,completer,SL_FLOOR,0.25320537929132403,4
758,5,fold,0,win,3,completer,SL_FLOOR,2.5091949739494472,112
758,5,fold,0,win,4,completer,SL_FLOOR,1.5262657585060433,66
758,5,fold,0,win,5,reverser,SL_FLOOR,1.1244780559500218,28
760,5,fold,1,win,1,reverser,RAW,2.2361677923762864,139
761,5,fold,0,win,1,reverser,RAW,2.434580751094077,168
766,5,fold,0,win,1,reverser,RAW,0.3915345687213717,13
767,5,fold,1,win,1,completer,RAW,0.5353822205618802,27
767,5,fold,1,win,2,reverser,RAW,3.388323019419775,200
767,5,fold,1,win,1,completer,SL_FLOOR,0.5353822205618802,27
767,5,fold,1,win,2,reverser,SL_FLOOR,3.388323019419775,200
769,5,fold,0,win,1,reverser,RAW,2.378418989221008,20
770,5,fold,0,win,1,completer,RAW,2.474308289265054,103
770,5,fold,0,win,2,reverser,RAW,1.3334150750755296,112
770,5,fold,0,win,1,completer,SL_FLOOR,2.474308289265054,103
770,5,fold,0,win,2,reverser,SL_FLOOR,1.3334150750755296,112
771,5,fold,1,win,1,reverser,RAW,3.144134721776084,191
771,5,fold,1,win,1,reverser,SL_FLOOR,2.6716853805598593,172
772,5,fold,0,win,1,reverser,RAW,1.4117252184745421,43
773,5,fold,0,win,1,completer,RAW,1.2411274174681406,98
773,5,fold,0,win,2,completer,RAW,0.6130229059831869,32
773,5,fold,0,win,3,reverser,RAW,0.6813337073735033,12
774,5,fold,0,win,1,completer,RAW,1.6140702435600238,116
774,5,fold,0,win,2,reverser,RAW,1.6666635436310728,54
776,5,fold,0,win,1,completer,RAW,1.0612044041480484,87
776,5,fold,0,win,2,completer,RAW,0.5825625320841317,49
776,5,fold,0,win,3,reverser,RAW,0.9618350139097283,23
779,5,fold,0,win,1,completer,RAW,0.8907752629766312,71
779,5,fold,0,win,2,completer,RAW,0.36896723359219363,36
779,5,fold,0,win,3,reverser,RAW,0.7295759861645044,61
779,5,fold,0,win,1,completer,SL_FLOOR,0.8907752629766312,71
779,5,fold,0,win,2,completer,SL_FLOOR,0.36896723359219363,36
779,5,fold,0,win,3,reverser,SL_FLOOR,0.7295759861645044,61
780,5,fold,0,win,1,reverser,RAW,0.8396305894923697,29
780,5,fold,0,win,1,reverser,SL_FLOOR,0.8396305894923697,29
781,5,fold,0,win,1,completer,RAW,0.9613180664762124,109
781,5,fold,0,win,2,completer,RAW,0.8713018643973007,65
781,5,fold,0,win,3,reverser,RAW,0.5909460594492733,21
781,5,fold,0,win,1,completer,SL_FLOOR,0.9613180664762124,109
781,5,fold,0,win,2,completer,SL_FLOOR,0.8713018643973007,65
781,5,fold,0,win,3,reverser,SL_FLOOR,0.5909460594492733,21
783,5,fold,0,win,1,completer,RAW,1.0833841750014532,82
783,5,fold,0,win,2,reverser,RAW,2.346105034709246,105
783,5,fold,0,win,1,completer,SL_FLOOR,1.0833841750014532,82
783,5,fold,0,win,2,reverser,SL_FLOOR,2.346105034709246,105
784,5,fold,1,win,1,reverser,RAW,3.254889635711023,154
785,5,fold,1,win,1,completer,RAW,0.9970685557630782,70
785,5,fold,1,win,2,reverser,RAW,3.8916055265101663,169
785,5,fold,1,win,1,completer,SL_FLOOR,0.9970685557630782,70
785,5,fold,1,win,2,reverser,SL_FLOOR,3.5447819172835233,108
786,5,fold,0,win,1,completer,RAW,1.2124500212124945,65
786,5,fold,0,win,2,completer,RAW,0.5570716313678954,38
786,5,fold,0,win,3,reverser,RAW,2.4591584582577677,101
786,5,fold,0,win,1,completer,SL_FLOOR,1.2124500212124945,65
786,5,fold,0,win,2,completer,SL_FLOOR,0.5570716313678954,38
786,5,fold,0,win,3,reverser,SL_FLOOR,2.4591584582577677,101
787,5,fold,1,win,1,completer,RAW,0.4387393403856721,11
787,5,fold,1,win,2,reverser,RAW,3.7598295372291517,208
787,5,fold,1,win,1,completer,SL_FLOOR,0.4387393403856721,11
787,5,fold,1,win,2,reverser,SL_FLOOR,3.7598295372291517,202
788,5,fold,0,win,1,completer,RAW,0.3470077838869894,13
788,5,fold,0,win,2,completer,RAW,0.931798060353914,37
788,5,fold,0,win,3,reverser,RAW,1.0613218571251148,47
789,5,fold,0,win,1,completer,RAW,0.30584667720556724,15
789,5,fold,0,win,2,reverser,RAW,0.9916588642542667,101
790,5,fold,0,win,1,completer,RAW,1.7212450393026626,82
790,5,fold,0,win,2,completer,RAW,0.25940417621700096,12
790,5,fold,0,win,3,completer,RAW,0.8156716154693262,55
790,5,fold,0,win,4,reverser,RAW,1.7240544708140453,61
790,5,fold,0,win,1,completer,SL_FLOOR,1.7212450393026626,82
790,5,fold,0,win,2,completer,SL_FLOOR,0.25940417621700096,12
790,5,fold,0,win,3,completer,SL_FLOOR,0.8156716154693262,55
790,5,fold,0,win,4,reverser,SL_FLOOR,1.7240544708140453,61
791,5,fold,1,win,1,completer,RAW,1.2380239697500195,26
791,5,fold,1,win,2,completer,RAW,0.732497515435462,29
791,5,fold,1,win,3,reverser,RAW,3.081304102489051,180
791,5,fold,1,win,1,completer,SL_FLOOR,1.2380239697500195,26
791,5,fold,1,win,2,completer,SL_FLOOR,0.732497515435462,29
791,5,fold,1,win,3,reverser,SL_FLOOR,3.081304102489051,180
792,5,fold,0,win,1,completer,RAW,0.1853790112270448,8
792,5,fold,0,win,2,completer,RAW,2.184217586480481,98
792,5,fold,0,win,3,reverser,RAW,1.1384535460469967,109
792,5,fold,0,win,1,completer,SL_FLOOR,0.1853790112270448,8
792,5,fold,0,win,2,completer,SL_FLOOR,2.184217586480481,98
792,5,fold,0,win,3,reverser,SL_FLOOR,1.1384535460469967,109
793,5,fold,0,win,1,completer,RAW,0.2779657696655571,7
793,5,fold,0,win,2,completer,RAW,3.1116723659783445,127
793,5,fold,0,win,3,reverser,RAW,2.3810470616838217,85
793,5,fold,0,win,1,completer,SL_FLOOR,0.2779657696655571,7
793,5,fold,0,win,2,reverser,SL_FLOOR,3.068240214468113,54
794,5,fold,1,win,1,reverser,RAW,2.7565785219000354,212
794,5,fold,1,win,1,reverser,SL_FLOOR,2.6432877837103437,37
795,5,fold,0,win,1,reverser,RAW,2.9492731584128196,226
795,5,fold,0,win,1,reverser,SL_FLOOR,2.000566848313942,19
796,5,fold,1,win,1,completer,RAW,0.26691909223912025,14
796,5,fold,1,win,2,reverser,RAW,2.931822157726754,220
796,5,fold,1,win,1,completer,SL_FLOOR,0.26691909223912025,14
796,5,fold,1,win,2,reverser,SL_FLOOR,2.931822157726754,220
797,5,fold,0,win,1,completer,RAW,1.7999882268763872,77
797,5,fold,0,win,2,completer,RAW,0.2712713486641838,17
797,5,fold,0,win,3,completer,RAW,0.8529868039223807,51
797,5,fold,0,win,4,reverser,RAW,2.078114808178295,91
797,5,fold,0,win,1,completer,SL_FLOOR,1.7999882268763872,77
797,5,fold,0,win,2,completer,SL_FLOOR,0.2712713486641838,17
797,5,fold,0,win,3,completer,SL_FLOOR,0.8529868039223807,51
797,5,fold,0,win,4,reverser,SL_FLOOR,2.078114808178295,91
798,5,fold,1,win,1,reverser,RAW,4.381369119249957,222
798,5,fold,1,win,1,reverser,SL_FLOOR,2.319193319809618,60
799,5,fold,1,win,1,completer,RAW,1.0168356752229075,49
799,5,fold,1,win,2,reverser,RAW,3.5253289709269753,188
799,5,fold,1,win,1,completer,SL_FLOOR,1.0168356752229075,49
799,5,fold,1,win,2,reverser,SL_FLOOR,3.4658162473298946,74
802,5,fold,0,win,1,completer,RAW,1.0621071013392596,87
802,5,fold,0,win,2,completer,RAW,0.48748213830762266,38
802,5,fold,0,win,3,reverser,RAW,0.18809045336471897,3
803,5,fold,1,win,1,reverser,RAW,2.227928607253961,237
803,5,fold,1,win,1,reverser,SL_FLOOR,2.227928607253961,237
805,5,fold,1,win,1,completer,RAW,1.2693383075772586,117
805,5,fold,1,win,2,reverser,RAW,3.831073836623805,80
805,5,fold,1,win,1,completer,SL_FLOOR,1.2693383075772586,117
805,5,fold,1,win,2,reverser,SL_FLOOR,3.5016607810241513,43
807,5,fold,0,win,1,reverser,RAW,2.205203548176656,133
807,5,fold,0,win,1,reverser,SL_FLOOR,2.205203548176656,80
808,5,fold,0,win,1,reverser,RAW,1.4069037847305932,191
809,5,fold,0,win,1,completer,RAW,0.7236083099578114,22
809,5,fold,0,win,2,completer,RAW,1.186295083332299,91
809,5,fold,0,win,3,completer,RAW,0.9739662215782485,39
809,5,fold,0,win,4,reverser,RAW,1.525387444640987,79
809,5,fold,0,win,1,completer,SL_FLOOR,0.7236083099578114,22
809,5,fold,0,win,2,completer,SL_FLOOR,1.186295083332299,91
809,5,fold,0,win,3,completer,SL_FLOOR,0.9739662215782485,39
809,5,fold,0,win,4,reverser,SL_FLOOR,1.525387444640987,79
810,5,fold,0,win,1,reverser,RAW,2.328902027742278,213
810,5,fold,0,win,1,reverser,SL_FLOOR,2.328902027742278,138
812,5,fold,0,win,1,completer,RAW,1.8032900724529999,120
812,5,fold,0,win,2,reverser,RAW,0.16802168627603176,5
813,5,fold,0,win,1,reverser,RAW,2.354998783703679,154
813,5,fold,0,win,1,reverser,SL_FLOOR,2.354998783703679,154
815,5,fold,0,win,1,completer,RAW,0.16910751783663525,5
815,5,fold,0,win,2,completer,RAW,0.6591198529853151,26
815,5,fold,0,win,3,reverser,RAW,1.7430058334500431,119
815,5,fold,0,win,1,completer,SL_FLOOR,0.16910751783663525,5
815,5,fold,0,win,2,completer,SL_FLOOR,0.6591198529853151,26
815,5,fold,0,win,3,reverser,SL_FLOOR,1.7430058334500431,119
816,5,fold,1,win,1,reverser,RAW,1.723345405332286,119
816,5,fold,1,win,1,reverser,SL_FLOOR,1.723345405332286,119
817,5,fold,1,win,1,completer,RAW,1.285175301259606,56
817,5,fold,1,win,2,completer,RAW,2.270943277566408,15
817,5,fold,1,win,3,reverser,RAW,8.255587936565778,163
817,5,fold,1,win,1,completer,SL_FLOOR,1.285175301259606,56
817,5,fold,1,win,2,completer,SL_FLOOR,2.270943277566408,15
817,5,fold,1,win,3,reverser,SL_FLOOR,4.976114722316041,19
818,5,fold,0,win,1,completer,RAW,1.2005090393590945,54
818,5,fold,0,win,2,completer,RAW,1.2163399277902194,39
818,5,fold,0,win,3,completer,RAW,0.6833666839428729,9
818,5,fold,0,win,4,completer,RAW,1.9049835745434667,97
818,5,fold,0,win,5,completer,RAW,0.2968291580833089,5
818,5,fold,0,win,6,reverser,RAW,1.3350715910235254,33
818,5,fold,0,win,1,completer,SL_FLOOR,1.2005090393590945,54
818,5,fold,0,win,2,completer,SL_FLOOR,1.2163399277902194,39
818,5,fold,0,win,3,completer,SL_FLOOR,0.6833666839428729,9
818,5,fold,0,win,4,completer,SL_FLOOR,1.9049835745434667,97
818,5,fold,0,win,5,completer,SL_FLOOR,0.2968291580833089,5
818,5,fold,0,win,6,reverser,SL_FLOOR,1.3350715910235254,33
819,5,fold,0,win,1,completer,RAW,1.5224612899916177,45
819,5,fold,0,win,2,completer,RAW,0.20374350245409323,5
819,5,fold,0,win,3,completer,RAW,0.7941183757069048,26
819,5,fold,0,win,4,completer,RAW,1.1566855533023856,67
819,5,fold,0,win,5,reverser,RAW,2.1000019268693553,96
819,5,fold,0,win,1,completer,SL_FLOOR,1.5224612899916177,45
819,5,fold,0,win,2,completer,SL_FLOOR,0.20374350245409323,5
819,5,fold,0,win,3,completer,SL_FLOOR,0.7941183757069048,26
819,5,fold,0,win,4,completer,SL_FLOOR,1.1566855533023856,67
819,5,fold,0,win,5,reverser,SL_FLOOR,2.1000019268693553,96
822,5,fold,1,win,1,reverser,RAW,4.65231836272636,229
822,5,fold,1,win,1,reverser,SL_FLOOR,2.5504475606640713,28
824,5,fold,1,win,1,reverser,RAW,2.3640965311249755,207
824,5,fold,1,win,1,reverser,SL_FLOOR,2.3640965311249755,207
825,5,fold,1,win,1,reverser,RAW,4.5755183089518505,220
826,5,fold,0,win,1,completer,RAW,0.2936667196007092,14
826,5,fold,0,win,2,completer,RAW,0.37705356590708883,13
826,5,fold,0,win,3,completer,RAW,1.667736926127529,90
826,5,fold,0,win,4,reverser,RAW,2.2877000008401507,101
828,5,fold,1,win,1,completer,RAW,0.757262221612699,54
828,5,fold,1,win,2,reverser,RAW,2.894863685093622,124
829,5,fold,1,win,1,completer,RAW,1.1089032566797818,94
829,5,fold,1,win,2,reverser,RAW,3.2084130404306284,143
829,5,fold,1,win,1,completer,SL_FLOOR,1.1089032566797818,94
829,5,fold,1,win,2,reverser,SL_FLOOR,3.2084130404306284,143
831,5,fold,0,win,1,completer,RAW,0.2968857204019322,24
831,5,fold,0,win,2,completer,RAW,1.3131483787008706,91
831,5,fold,0,win,3,reverser,RAW,2.413623813459971,123
831,5,fold,0,win,1,completer,SL_FLOOR,0.2968857204019322,24
831,5,fold,0,win,2,completer,SL_FLOOR,1.3131483787008706,91
831,5,fold,0,win,3,reverser,SL_FLOOR,2.413623813459971,123
832,5,fold,0,win,1,completer,RAW,1.2938567803887429,84
832,5,fold,0,win,2,reverser,RAW,0.35981540940335544,15
833,5,fold,0,win,1,completer,RAW,2.1304109434106384,100
833,5,fold,0,win,2,completer,RAW,1.021856917987063,72
833,5,fold,0,win,3,reverser,RAW,0.6331811217269716,42
833,5,fold,0,win,1,completer,SL_FLOOR,2.1304109434106384,100
833,5,fold,0,win,2,completer,SL_FLOOR,1.021856917987063,72
833,5,fold,0,win,3,reverser,SL_FLOOR,0.6331811217269716,42
834,5,fold,0,win,1,completer,RAW,0.19131404661731555,9
834,5,fold,0,win,2,reverser,RAW,2.7077869264704324,217
834,5,fold,0,win,1,completer,SL_FLOOR,0.19131404661731555,9
834,5,fold,0,win,2,reverser,SL_FLOOR,2.7077869264704324,217
835,5,fold,0,win,1,completer,RAW,1.0431943683080651,62
835,5,fold,0,win,2,reverser,RAW,0.9622885771114313,79
836,5,fold,1,win,1,completer,RAW,0.32539581894675496,6
836,5,fold,1,win,2,completer,RAW,0.6548590856304319,22
836,5,fold,1,win,3,reverser,RAW,5.43546599232365,178
836,5,fold,1,win,1,completer,SL_FLOOR,0.32539581894675496,6
836,5,fold,1,win,2,completer,SL_FLOOR,0.6548590856304319,22
836,5,fold,1,win,3,reverser,SL_FLOOR,4.189471168939923,98
837,5,fold,0,win,1,completer,RAW,0.6609138110223243,120
837,5,fold,0,win,2,completer,RAW,0.4591742020398555,46
837,5,fold,0,win,3,completer,RAW,0.24382026361685716,13
837,5,fold,0,win,4,reverser,RAW,2.2933956775737663,55
837,5,fold,0,win,1,completer,SL_FLOOR,0.6609138110223243,120
837,5,fold,0,win,2,completer,SL_FLOOR,0.4591742020398555,46
837,5,fold,0,win,3,completer,SL_FLOOR,0.24382026361685716,13
837,5,fold,0,win,4,reverser,SL_FLOOR,2.2933956775737663,55
838,5,fold,1,win,1,completer,RAW,0.5185885751108206,14
838,5,fold,1,win,2,reverser,RAW,6.780907185313582,199
838,5,fold,1,win,1,completer,SL_FLOOR,0.5185885751108206,14
838,5,fold,1,win,2,reverser,SL_FLOOR,2.896658096834116,62
839,5,fold,0,win,1,completer,RAW,0.35136712450005414,5
839,5,fold,0,win,2,completer,RAW,1.2261995569287918,68
839,5,fold,0,win,3,reverser,RAW,1.3997318918859554,116
840,5,fold,0,win,1,completer,RAW,1.2105603914457859,100
840,5,fold,0,win,2,reverser,RAW,1.9181997991530908,103
840,5,fold,0,win,1,completer,SL_FLOOR,1.2105603914457859,100
840,5,fold,0,win,2,reverser,SL_FLOOR,1.9181997991530908,103
842,5,fold,1,win,1,reverser,RAW,5.631237084222155,231
842,5,fold,1,win,1,reverser,SL_FLOOR,3.3355042327019477,78
843,5,fold,0,win,1,completer,RAW,0.46879113618092905,7
843,5,fold,0,win,2,completer,RAW,1.5453115064727179,100
843,5,fold,0,win,3,reverser,RAW,1.4033747445586677,106
843,5,fold,0,win,1,completer,SL_FLOOR,0.46879113618092905,7
843,5,fold,0,win,2,completer,SL_FLOOR,1.5453115064727179,100
843,5,fold,0,win,3,reverser,SL_FLOOR,1.4033747445586677,106
844,5,fold,0,win,1,reverser,RAW,0.2293682567943247,17
846,5,fold,0,win,1,completer,RAW,0.6176237514685515,52
846,5,fold,0,win,2,reverser,RAW,1.5118797133754625,171
846,5,fold,0,win,1,completer,SL_FLOOR,0.6176237514685515,52
846,5,fold,0,win,2,reverser,SL_FLOOR,1.5118797133754625,171
847,5,fold,0,win,1,completer,RAW,1.3875436064506086,78
847,5,fold,0,win,2,reverser,RAW,2.687712292581122,134
848,5,fold,1,win,1,reverser,RAW,2.825772602392883,139
848,5,fold,1,win,1,reverser,SL_FLOOR,1.9587212890556867,64
850,5,fold,1,win,1,completer,RAW,1.0787171145391685,77
850,5,fold,1,win,2,reverser,RAW,2.0895064021670913,151
850,5,fold,1,win,1,completer,SL_FLOOR,1.0787171145391685,77
850,5,fold,1,win,2,reverser,SL_FLOOR,2.0895064021670913,151
851,5,fold,1,win,1,completer,RAW,0.5569537109265117,44
851,5,fold,1,win,2,completer,RAW,0.29574091927904567,14
851,5,fold,1,win,3,reverser,RAW,5.15820202356745,162
851,5,fold,1,win,1,completer,SL_FLOOR,0.5569537109265117,44
851,5,fold,1,win,2,completer,SL_FLOOR,0.29574091927904567,14
851,5,fold,1,win,3,reverser,SL_FLOOR,4.39708199273255,149
853,5,fold,1,win,1,reverser,RAW,4.021911113170854,186
853,5,fold,1,win,1,reverser,SL_FLOOR,2.293650676622135,71
854,5,fold,0,win,1,completer,RAW,1.0131874054094707,19
854,5,fold,0,win,2,reverser,RAW,3.0501622588307686,144
854,5,fold,0,win,1,completer,SL_FLOOR,1.0131874054094707,19
854,5,fold,0,win,2,reverser,SL_FLOOR,3.0501622588307686,137
855,5,fold,1,win,1,completer,RAW,0.28243300426628903,19
855,5,fold,1,win,2,reverser,RAW,4.1107241167818245,193
855,5,fold,1,win,1,completer,SL_FLOOR,0.28243300426628903,19
855,5,fold,1,win,2,reverser,SL_FLOOR,3.4785596189514467,176
856,5,fold,0,win,1,completer,RAW,0.30046683179425804,5
856,5,fold,0,win,2,reverser,RAW,2.44359249938804,121
856,5,fold,0,win,1,completer,SL_FLOOR,0.30046683179425804,5
856,5,fold,0,win,2,reverser,SL_FLOOR,2.44359249938804,121
857,5,fold,0,win,1,completer,RAW,1.739186487076756,90
857,5,fold,0,win,2,completer,RAW,0.7002581024101211,22
857,5,fold,0,win,3,reverser,RAW,2.5737668254946113,111
857,5,fold,0,win,1,completer,SL_FLOOR,1.739186487076756,90
857,5,fold,0,win,2,completer,SL_FLOOR,0.7002581024101211,22
857,5,fold,0,win,3,reverser,SL_FLOOR,2.5737668254946113,111
858,5,fold,0,win,1,reverser,RAW,3.2765057865210574,236
858,5,fold,0,win,1,reverser,SL_FLOOR,2.1145284766620427,44
859,5,fold,1,win,1,completer,RAW,1.069458555987473,19
859,5,fold,1,win,2,reverser,RAW,3.5831989805229476,168
859,5,fold,1,win,1,completer,SL_FLOOR,1.069458555987473,19
859,5,fold,1,win,2,reverser,SL_FLOOR,3.219564423561231,137
860,5,fold,1,win,1,completer,RAW,2.673293581880855,86
860,5,fold,1,win,2,reverser,RAW,3.765370945053962,144
860,5,fold,1,win,1,completer,SL_FLOOR,2.673293581880855,86
860,5,fold,1,win,2,reverser,SL_FLOOR,3.765370945053962,77
861,5,fold,1,win,1,completer,RAW,0.4991654904468491,25
861,5,fold,1,win,2,reverser,RAW,4.535428380941858,192
861,5,fold,1,win,1,completer,SL_FLOOR,0.4991654904468491,25
861,5,fold,1,win,2,reverser,SL_FLOOR,3.1707743385105314,48
862,5,fold,1,win,1,reverser,RAW,2.8095201485755354,217
862,5,fold,1,win,1,reverser,SL_FLOOR,2.2224186287386747,97
863,5,fold,1,win,1,reverser,RAW,5.311498411926777,218
863,5,fold,1,win,1,reverser,SL_FLOOR,3.1718652381559105,53
864,5,fold,0,win,1,completer,RAW,0.6340586280728118,30
864,5,fold,0,win,2,reverser,RAW,0.164553310618909,1
865,5,fold,0,win,1,reverser,RAW,0.7144571114724645,7
869,5,fold,1,win,1,completer,RAW,0.2962390504758372,8
869,5,fold,1,win,2,reverser,RAW,6.898951733198759,188
869,5,fold,1,win,1,completer,SL_FLOOR,0.2962390504758372,8
869,5,fold,1,win,2,reverser,SL_FLOOR,2.6490607398326516,40
871,5,fold,0,win,1,reverser,RAW,3.884335744722604,197
871,5,fold,0,win,1,reverser,SL_FLOOR,2.0996901611182084,32
874,5,fold,1,win,1,reverser,RAW,7.102944978204555,211
874,5,fold,1,win,1,reverser,SL_FLOOR,2.68254063324297,68
875,5,fold,0,win,1,completer,RAW,0.3843862473526639,15
875,5,fold,0,win,2,completer,RAW,0.2856924811404,7
875,5,fold,0,win,3,completer,RAW,0.6995137113984446,25
875,5,fold,0,win,4,completer,RAW,2.6301022960748224,156
875,5,fold,0,win,5,completer,RAW,1.6708681472759968,20
875,5,fold,0,win,6,reverser,RAW,1.0440761583496432,12
875,5,fold,0,win,1,completer,SL_FLOOR,0.3843862473526639,15
875,5,fold,0,win,2,completer,SL_FLOOR,0.2856924811404,7
875,5,fold,0,win,3,completer,SL_FLOOR,0.6995137113984446,25
875,5,fold,0,win,4,completer,SL_FLOOR,2.6301022960748224,156
875,5,fold,0,win,5,completer,SL_FLOOR,1.6708681472759968,20
875,5,fold,0,win,6,reverser,SL_FLOOR,1.0440761583496432,12
876,5,fold,1,win,1,completer,RAW,0.5523060702501337,18
876,5,fold,1,win,2,completer,RAW,1.012175978115365,33
876,5,fold,1,win,3,reverser,RAW,7.987639882090674,176
876,5,fold,1,win,1,completer,SL_FLOOR,0.5523060702501337,18
876,5,fold,1,win,2,completer,SL_FLOOR,1.012175978115365,33
876,5,fold,1,win,3,reverser,SL_FLOOR,4.1561609512339155,79
877,5,fold,1,win,1,reverser,RAW,9.800647193045748,95
878,5,fold,0,win,1,completer,RAW,1.690647525693725,28
878,5,fold,0,win,2,reverser,RAW,0.8634637577577233,13
879,5,fold,0,win,1,completer,RAW,1.0175825387589228,17
879,5,fold,0,win,2,completer,RAW,0.6048281756478766,16
879,5,fold,0,win,3,completer,RAW,1.17287625953337,25
879,5,fold,0,win,4,completer,RAW,0.19003047410555318,2
879,5,fold,0,win,5,completer,RAW,3.5942323005560435,69
879,5,fold,0,win,6,reverser,RAW,2.69516339080923,43
880,5,fold,1,win,1,reverser,RAW,5.994357110283109,111
880,5,fold,1,win,1,reverser,SL_FLOOR,2.0598279515007207,17
881,5,fold,1,win,1,completer,RAW,0.6742104514814609,27
881,5,fold,1,win,2,completer,RAW,0.92595426812904,31
881,5,fold,1,win,3,completer,RAW,0.12008469414798562,2
881,5,fold,1,win,4,reverser,RAW,6.571381696628324,117
881,5,fold,1,win,1,completer,SL_FLOOR,0.6742104514814609,27
881,5,fold,1,win,2,completer,SL_FLOOR,0.92595426812904,31
881,5,fold,1,win,3,completer,SL_FLOOR,0.12008469414798562,2
881,5,fold,1,win,4,reverser,SL_FLOOR,5.447215342977913,66
882,5,fold,0,win,1,completer,RAW,0.8239529947945482,18
882,5,fold,0,win,2,completer,RAW,0.9496968253254381,39
882,5,fold,0,win,3,completer,RAW,0.15387073999172918,2
882,5,fold,0,win,4,completer,RAW,2.910307867155787,69
882,5,fold,0,win,5,reverser,RAW,2.1823172693453636,63
882,5,fold,0,win,1,completer,SL_FLOOR,0.8239529947945482,18
882,5,fold,0,win,2,completer,SL_FLOOR,0.9496968253254381,39
882,5,fold,0,win,3,completer,SL_FLOOR,0.15387073999172918,2
882,5,fold,0,win,4,completer,SL_FLOOR,2.910307867155787,69
882,5,fold,0,win,5,reverser,SL_FLOOR,2.1823172693453636,63
883,5,fold,0,win,1,completer,RAW,2.466783911015264,80
883,5,fold,0,win,2,completer,RAW,2.6632821685747303,56
883,5,fold,0,win,3,completer,RAW,1.052321247095354,17
883,5,fold,0,win,4,completer,RAW,2.2881491314157216,28
883,5,fold,0,win,5,reverser,RAW,2.2540461280376247,13
885,5,fold,0,win,1,completer,RAW,0.6816880635293974,19
885,5,fold,0,win,2,completer,RAW,0.9455673139278769,42
885,5,fold,0,win,3,completer,RAW,0.635875693668555,16
885,5,fold,0,win,4,completer,RAW,0.036649895888674955,1
885,5,fold,0,win,5,completer,RAW,0.5314234903858104,17
885,5,fold,0,win,6,completer,RAW,1.4641633407526884,42
885,5,fold,0,win,1,completer,SL_FLOOR,0.6816880635293974,19
885,5,fold,0,win,2,completer,SL_FLOOR,0.9455673139278769,42
885,5,fold,0,win,3,completer,SL_FLOOR,0.635875693668555,16
885,5,fold,0,win,4,completer,SL_FLOOR,0.036649895888674955,1
885,5,fold,0,win,5,completer,SL_FLOOR,0.5314234903858104,17
885,5,fold,0,win,6,completer,SL_FLOOR,1.4641633407526884,42
887,5,fold,0,win,1,completer,RAW,2.83197022151579,87
887,5,fold,0,win,2,completer,RAW,1.7991120893764154,18
887,5,fold,0,win,3,completer,RAW,3.057558369510122,58
887,5,fold,0,win,4,completer,RAW,0.44744756626980786,12
887,5,fold,0,win,5,completer,RAW,2.6268900869754575,27
887,5,fold,0,win,6,reverser,RAW,3.473311733169112,37
887,5,fold,0,win,1,reverser,SL_FLOOR,2.658584289586192,32
888,5,fold,0,win,1,completer,RAW,1.8507978964099927,33
888,5,fold,0,win,2,completer,RAW,1.7548790419435156,31
888,5,fold,0,win,3,reverser,RAW,2.800176558231608,64
890,5,fold,0,win,1,completer,RAW,1.3245136632252714,54
890,5,fold,0,win,2,completer,RAW,0.5439841489133959,10
890,5,fold,0,win,3,completer,RAW,0.5439841489133959,1
890,5,fold,0,win,4,reverser,RAW,2.917860783268391,86
891,5,fold,0,win,1,completer,RAW,1.5269719562780002,55
891,5,fold,0,win,2,completer,RAW,0.41188591719422885,7
891,5,fold,0,win,3,completer,RAW,0.6271347462191006,7
891,5,fold,0,win,4,completer,RAW,0.6271347462191006,1
891,5,fold,0,win,5,reverser,RAW,4.212727082344088,108
892,5,fold,1,win,1,completer,RAW,0.9827314170317114,13
892,5,fold,1,win,2,reverser,RAW,12.171383747960531,225
892,5,fold,1,win,1,completer,SL_FLOOR,0.9827314170317114,13
892,5,fold,1,win,2,reverser,SL_FLOOR,3.226387901812629,14
893,5,fold,1,win,1,reverser,RAW,6.154030256077171,220
894,5,fold,1,win,1,completer,RAW,0.9903157186831536,9
894,5,fold,1,win,2,completer,RAW,1.3428335351300518,28
894,5,fold,1,win,3,reverser,RAW,4.693193599889391,149
895,5,fold,1,win,1,completer,RAW,0.45412912614255063,34
895,5,fold,1,win,2,completer,RAW,0.21410002847502652,9
895,5,fold,1,win,3,reverser,RAW,4.757613781545633,180
895,5,fold,1,win,1,completer,SL_FLOOR,0.45412912614255063,34
895,5,fold,1,win,2,completer,SL_FLOOR,0.21410002847502652,9
895,5,fold,1,win,3,reverser,SL_FLOOR,4.461281562202997,110
896,5,fold,1,win,1,completer,RAW,0.5633137942425701,11
896,5,fold,1,win,2,completer,RAW,1.0434902423003967,19
896,5,fold,1,win,3,completer,RAW,0.613817789588476,4
896,5,fold,1,win,4,completer,RAW,0.613817789588476,5
896,5,fold,1,win,5,completer,RAW,0.2268794867845969,2
896,5,fold,1,win,6,reverser,RAW,8.974948465235842,179
897,5,fold,1,win,1,completer,RAW,0.5345841076168185,30
897,5,fold,1,win,2,completer,RAW,0.20316248235725753,4
897,5,fold,1,win,3,reverser,RAW,5.400222952758601,193
897,5,fold,1,win,1,completer,SL_FLOOR,0.5345841076168185,30
897,5,fold,1,win,2,completer,SL_FLOOR,0.20316248235725753,4
897,5,fold,1,win,3,reverser,SL_FLOOR,4.72917111709375,101
898,5,fold,0,win,1,completer,RAW,0.8157349462087693,27
898,5,fold,0,win,2,completer,RAW,0.47984408600516426,5
898,5,fold,0,win,3,completer,RAW,0.47984408600516426,5
898,5,fold,0,win,4,completer,RAW,0.1773600925487404,2
898,5,fold,0,win,5,completer,RAW,7.016049414487998,195
898,5,fold,0,win,6,reverser,RAW,0.744973128462421,6
898,5,fold,0,win,1,completer,SL_FLOOR,0.8157349462087693,27
898,5,fold,0,win,2,completer,SL_FLOOR,0.47984408600516426,5
898,5,fold,0,win,3,completer,SL_FLOOR,0.47984408600516426,5
898,5,fold,0,win,4,completer,SL_FLOOR,0.1773600925487404,2
898,5,fold,0,win,5,reverser,SL_FLOOR,6.440843908859036,109
899,5,fold,1,win,1,reverser,RAW,4.282582589625193,238
899,5,fold,1,win,1,reverser,SL_FLOOR,2.091109088315574,10
900,5,fold,1,win,1,completer,RAW,0.8471380489948351,52
900,5,fold,1,win,2,reverser,RAW,2.960741421594225,157
900,5,fold,1,win,1,completer,SL_FLOOR,0.8471380489948351,52
900,5,fold,1,win,2,reverser,SL_FLOOR,2.958923528785225,71
902,5,fold,1,win,1,reverser,RAW,1.8183817050251756,230
902,5,fold,1,win,1,reverser,SL_FLOOR,1.8183817050251756,230
903,5,fold,1,win,1,completer,RAW,0.4964426363303962,4
903,5,fold,1,win,2,reverser,RAW,5.10541607202193,216
903,5,fold,1,win,1,completer,SL_FLOOR,0.4964426363303962,4
903,5,fold,1,win,2,reverser,SL_FLOOR,3.721334001932771,134
905,5,fold,0,win,1,completer,RAW,0.6069918693716141,2
905,5,fold,0,win,2,completer,RAW,0.6069918693716141,7
905,5,fold,0,win,3,completer,RAW,1.557114302342343,25
905,5,fold,0,win,4,completer,RAW,0.8093224924954754,16
905,5,fold,0,win,5,completer,RAW,0.7638673936019273,17
905,5,fold,0,win,6,completer,RAW,1.2611018290597507,20
906,5,fold,0,win,1,completer,RAW,3.048267748926833,123
906,5,fold,0,win,2,completer,RAW,0.3405968843641105,5
906,5,fold,0,win,3,completer,RAW,0.20934066145960717,4
906,5,fold,0,win,4,completer,RAW,0.9113569471358565,17
906,5,fold,0,win,5,completer,RAW,1.1560215212751368,39
906,5,fold,0,win,6,completer,RAW,1.065666670947106,21
906,5,fold,0,win,1,reverser,SL_FLOOR,2.0450686288238136,36
907,5,fold,0,win,1,completer,RAW,2.7771385293185125,217
907,5,fold,0,win,2,reverser,RAW,0.829942699029143,10
907,5,fold,0,win,1,completer,SL_FLOOR,2.7771385293185125,217
907,5,fold,0,win,2,reverser,SL_FLOOR,0.829942699029143,10
909,5,fold,0,win,1,completer,RAW,0.39536936928546984,2
909,5,fold,0,win,2,completer,RAW,0.6628574504517335,7
909,5,fold,0,win,3,completer,RAW,0.5272812997236085,11
909,5,fold,0,win,4,completer,RAW,1.3524637090200846,29
909,5,fold,0,win,5,completer,RAW,0.9706519548074173,18
909,5,fold,0,win,6,completer,RAW,1.1150222342313985,17
911,5,fold,0,win,1,reverser,RAW,1.5137224499060733,106
911,5,fold,0,win,1,reverser,SL_FLOOR,1.5137224499060733,106
913,5,fold,0,win,1,completer,RAW,2.1441720085534035,63
913,5,fold,0,win,2,completer,RAW,0.49863173991478993,26
913,5,fold,0,win,3,completer,RAW,0.8154128174441797,14
913,5,fold,0,win,4,reverser,RAW,1.863483428902048,24
914,5,fold,1,win,1,reverser,RAW,2.742373924635439,225
914,5,fold,1,win,1,reverser,SL_FLOOR,2.0320333498742578,25
915,5,fold,0,win,1,reverser,RAW,3.3422299010105316,18
916,5,fold,0,win,1,completer,RAW,4.297624965582629,186
916,5,fold,0,win,2,reverser,RAW,2.305051440282032,39
916,5,fold,0,win,1,reverser,SL_FLOOR,2.802668004313124,48
917,5,fold,0,win,1,completer,RAW,0.8552899953697779,12
917,5,fold,0,win,2,completer,RAW,3.9576367899520317,132
917,5,fold,0,win,3,completer,RAW,0.38718517155661525,11
917,5,fold,0,win,4,completer,RAW,0.9584881594817412,34
917,5,fold,0,win,5,reverser,RAW,1.2004788917046403,39
917,5,fold,0,win,1,completer,SL_FLOOR,0.8552899953697779,12
917,5,fold,0,win,2,reverser,SL_FLOOR,3.2815991888214304,36
918,5,fold,0,win,1,completer,RAW,0.7086896929018393,12
918,5,fold,0,win,2,completer,RAW,2.6309180700722528,148
918,5,fold,0,win,3,completer,RAW,0.694959490207745,22
918,5,fold,0,win,4,reverser,RAW,1.044023489468672,54
918,5,fold,0,win,1,completer,SL_FLOOR,0.7086896929018393,12
918,5,fold,0,win,2,completer,SL_FLOOR,2.6309180700722528,148
918,5,fold,0,win,3,completer,SL_FLOOR,0.694959490207745,22
918,5,fold,0,win,4,reverser,SL_FLOOR,1.044023489468672,54
919,5,fold,1,win,1,reverser,RAW,2.6062436381645786,174
922,5,fold,0,win,1,completer,RAW,1.9266457959536192,178
922,5,fold,0,win,2,reverser,RAW,1.4385529237921446,45
922,5,fold,0,win,1,completer,SL_FLOOR,1.9266457959536192,178
922,5,fold,0,win,2,reverser,SL_FLOOR,1.4385529237921446,45
925,5,fold,1,win,1,reverser,RAW,2.497414355035784,193
926,5,fold,1,win,1,completer,RAW,0.24277374659210627,8
926,5,fold,1,win,2,completer,RAW,0.7283212397762611,17
926,5,fold,1,win,3,reverser,RAW,4.898216788636175,182
926,5,fold,1,win,1,completer,SL_FLOOR,0.24277374659210627,8
926,5,fold,1,win,2,completer,SL_FLOOR,0.7283212397762611,17
926,5,fold,1,win,3,reverser,SL_FLOOR,4.355395207347533,176
927,5,fold,1,win,1,completer,RAW,1.4966643920733178,61
927,5,fold,1,win,2,reverser,RAW,4.610251089388736,170
927,5,fold,1,win,1,completer,SL_FLOOR,1.4966643920733178,61
927,5,fold,1,win,2,reverser,SL_FLOOR,3.5350360202841964,91
930,5,fold,1,win,1,reverser,RAW,2.5795210350314965,214
930,5,fold,1,win,1,reverser,SL_FLOOR,2.231281942725821,91
931,5,fold,0,win,1,reverser,RAW,1.5978483570157058,40
932,5,fold,1,win,1,reverser,RAW,6.582274297698781,149
933,5,fold,1,win,1,reverser,RAW,15.008741276367006,237
933,5,fold,1,win,1,reverser,SL_FLOOR,2.7879250918840564,34
934,5,fold,1,win,1,reverser,RAW,17.990267641465497,237
934,5,fold,1,win,1,reverser,SL_FLOOR,2.8555458192908527,85
935,5,fold,1,win,1,completer,RAW,0.2732679227863174,8
935,5,fold,1,win,2,completer,RAW,0.8473559878882804,53
935,5,fold,1,win,3,completer,RAW,0.45260782444992786,15
935,5,fold,1,win,4,completer,RAW,0.799515315796437,24
935,5,fold,1,win,5,reverser,RAW,6.451477440153254,140
935,5,fold,1,win,1,completer,SL_FLOOR,0.2732679227863174,8
935,5,fold,1,win,2,completer,SL_FLOOR,0.8473559878882804,53
935,5,fold,1,win,3,completer,SL_FLOOR,0.45260782444992786,15
935,5,fold,1,win,4,completer,SL_FLOOR,0.799515315796437,24
935,5,fold,1,win,5,reverser,SL_FLOOR,6.033435127476474,119
936,5,fold,1,win,1,reverser,RAW,11.524099843714053,195
937,5,fold,1,win,1,reverser,RAW,7.58018823240106,199
938,5,fold,1,win,1,completer,RAW,0.5154443891268937,40
938,5,fold,1,win,2,completer,RAW,0.8499613359758764,29
938,5,fold,1,win,3,completer,RAW,0.25200608031566274,12
938,5,fold,1,win,4,reverser,RAW,14.979201649689585,117
938,5,fold,1,win,1,completer,SL_FLOOR,0.5154443891268937,40
938,5,fold,1,win,2,completer,SL_FLOOR,0.8499613359758764,29
938,5,fold,1,win,3,completer,SL_FLOOR,0.25200608031566274,12
938,5,fold,1,win,4,reverser,SL_FLOOR,11.115108418182851,33
939,5,fold,0,win,1,completer,RAW,0.5700544835929109,10
939,5,fold,0,win,2,completer,RAW,1.6449689352213808,94
939,5,fold,0,win,3,completer,RAW,0.4941267246206391,19
939,5,fold,0,win,4,completer,RAW,1.3623268586282458,49
939,5,fold,0,win,5,reverser,RAW,3.0347251936877653,61
939,5,fold,0,win,1,completer,SL_FLOOR,0.5700544835929109,10
939,5,fold,0,win,2,completer,SL_FLOOR,1.6449689352213808,94
939,5,fold,0,win,3,completer,SL_FLOOR,0.4941267246206391,19
939,5,fold,0,win,4,completer,SL_FLOOR,1.3623268586282458,49
939,5,fold,0,win,5,reverser,SL_FLOOR,3.0347251936877653,61
940,5,fold,1,win,1,reverser,RAW,7.378871278365766,169
941,5,fold,1,win,1,reverser,RAW,10.551612768190354,216
941,5,fold,1,win,1,reverser,SL_FLOOR,2.231224488265559,19
943,5,fold,2,win,1,completer,RAW,2.440305437211637,1
943,5,fold,2,win,2,completer,RAW,2.440305437211637,1
943,5,fold,2,win,3,reverser,RAW,98.18776122365689,214
943,5,fold,2,win,1,completer,SL_FLOOR,2.440305437211637,1
943,5,fold,2,win,2,completer,SL_FLOOR,2.440305437211637,1
943,5,fold,2,win,3,reverser,SL_FLOOR,19.394777432796094,111
944,5,fold,1,win,1,completer,RAW,0.4181206228184223,44
944,5,fold,1,win,2,completer,RAW,0.689475665399709,29
944,5,fold,1,win,3,reverser,RAW,12.15089979677531,148
944,5,fold,1,win,1,completer,SL_FLOOR,0.4181206228184223,44
944,5,fold,1,win,2,completer,SL_FLOOR,0.689475665399709,29
944,5,fold,1,win,3,reverser,SL_FLOOR,9.016406333139415,35
945,5,fold,1,win,1,completer,RAW,0.6015540900998915,50
945,5,fold,1,win,2,reverser,RAW,17.362968362529784,182
945,5,fold,1,win,1,completer,SL_FLOOR,0.6015540900998915,50
945,5,fold,1,win,2,reverser,SL_FLOOR,13.75487841216141,62
950,6,fold,0,win,1,completer,RAW,0.7401973407918685,12
950,6,fold,0,win,2,completer,RAW,0.7264285993510056,7
950,6,fold,0,win,3,completer,RAW,0.27639473559020544,5
950,6,fold,0,win,4,reverser,RAW,2.9610443398607673,125
951,6,fold,0,win,1,completer,RAW,1.497650372854864,35
951,6,fold,0,win,2,completer,RAW,0.8611414263888577,8
951,6,fold,0,win,3,completer,RAW,0.33619491961609516,1
951,6,fold,0,win,4,completer,RAW,0.33619491961609516,6
951,6,fold,0,win,5,completer,RAW,1.346588799108066,25
951,6,fold,0,win,6,completer,RAW,0.3615226086275509,12
952,6,fold,1,win,1,reverser,RAW,6.281147388246907,228
952,6,fold,1,win,1,reverser,SL_FLOOR,2.852889279313115,57
957,6,fold,0,win,1,reverser,RAW,1.8039253762367486,130
958,6,fold,0,win,1,completer,RAW,1.834618370626852,134
958,6,fold,0,win,2,reverser,RAW,0.9464525678202984,28
959,6,fold,0,win,1,reverser,RAW,1.5681386741044763,185
959,6,fold,0,win,1,reverser,SL_FLOOR,1.5681386741044763,185
961,6,fold,1,win,1,reverser,RAW,2.4587343401949218,204
961,6,fold,1,win,1,reverser,SL_FLOOR,2.149201758041589,182
963,6,fold,1,win,1,reverser,RAW,4.507717895927589,214
963,6,fold,1,win,1,reverser,SL_FLOOR,2.0726876616235126,40
966,6,fold,0,win,1,completer,RAW,1.9889218676414804,190
966,6,fold,0,win,2,reverser,RAW,0.34444634539058283,5
966,6,fold,0,win,1,completer,SL_FLOOR,1.9889218676414804,190
966,6,fold,0,win,2,reverser,SL_FLOOR,0.34444634539058283,5
973,6,fold,1,win,1,completer,RAW,0.27083320064689187,5
973,6,fold,1,win,2,reverser,RAW,3.6716364587698354,172
975,6,fold,0,win,1,completer,RAW,1.001928552630067,15
975,6,fold,0,win,2,reverser,RAW,2.3009564809912337,183
976,6,fold,0,win,1,completer,RAW,1.7455311439802639,140
976,6,fold,0,win,2,reverser,RAW,1.9780313847007132,74
976,6,fold,0,win,1,completer,SL_FLOOR,1.7455311439802639,140
976,6,fold,0,win,2,reverser,SL_FLOOR,1.9780313847007132,74
978,6,fold,1,win,1,reverser,RAW,4.812712032428269,231
978,6,fold,1,win,1,reverser,SL_FLOOR,2.7363065465146654,77
979,6,fold,0,win,1,reverser,RAW,1.6510528463919032,184
979,6,fold,0,win,1,reverser,SL_FLOOR,1.6510528463919032,184
980,6,fold,0,win,1,completer,RAW,1.2238918970753856,44
980,6,fold,0,win,2,completer,RAW,0.9344815624393306,10
980,6,fold,0,win,3,completer,RAW,1.1454372882884987,51
980,6,fold,0,win,4,reverser,RAW,1.3245753116852303,104
980,6,fold,0,win,1,completer,SL_FLOOR,1.2238918970753856,44
980,6,fold,0,win,2,completer,SL_FLOOR,0.9344815624393306,10
980,6,fold,0,win,3,completer,SL_FLOOR,1.1454372882884987,51
980,6,fold,0,win,4,reverser,SL_FLOOR,1.3245753116852303,104
981,6,fold,1,win,1,reverser,RAW,4.886474475384197,189
981,6,fold,1,win,1,reverser,SL_FLOOR,2.6019139850034385,90
983,6,fold,0,win,1,completer,RAW,1.401796714254632,83
983,6,fold,0,win,2,completer,RAW,0.18467525236422366,6
983,6,fold,0,win,3,completer,RAW,2.1760280854639236,70
983,6,fold,0,win,4,reverser,RAW,3.5538624627227393,58
983,6,fold,0,win,1,completer,SL_FLOOR,1.401796714254632,83
983,6,fold,0,win,2,completer,SL_FLOOR,0.18467525236422366,6
983,6,fold,0,win,3,completer,SL_FLOOR,2.1760280854639236,70
983,6,fold,0,win,4,reverser,SL_FLOOR,3.5538624627227393,58
985,6,fold,0,win,1,reverser,RAW,2.4160978572112426,134
987,6,fold,0,win,1,completer,RAW,0.2041420850195046,7
987,6,fold,0,win,2,reverser,RAW,1.8839872329443292,146
987,6,fold,0,win,1,completer,SL_FLOOR,0.2041420850195046,7
987,6,fold,0,win,2,reverser,SL_FLOOR,1.8839872329443292,146
988,6,fold,0,win,1,completer,RAW,0.21310353800263537,8
988,6,fold,0,win,2,completer,RAW,0.48126140077223756,5
988,6,fold,0,win,3,completer,RAW,0.3825966277347388,8
988,6,fold,0,win,4,completer,RAW,1.5084266398240183,65
988,6,fold,0,win,5,completer,RAW,2.293105414733463,75
988,6,fold,0,win,6,completer,RAW,0.4153817874274459,7
989,6,fold,1,win,1,completer,RAW,0.4413124707171543,6
989,6,fold,1,win,2,completer,RAW,1.28822815879567,24
989,6,fold,1,win,3,reverser,RAW,5.652168422665711,127
990,6,fold,0,win,1,completer,RAW,0.9974227104829594,48
990,6,fold,0,win,2,completer,RAW,0.2127424019268198,7
990,6,fold,0,win,3,completer,RAW,1.5797664954674002,68
990,6,fold,0,win,4,reverser,RAW,1.9875227658271317,112
990,6,fold,0,win,1,completer,SL_FLOOR,0.9974227104829594,48
990,6,fold,0,win,2,completer,SL_FLOOR,0.2127424019268198,7
990,6,fold,0,win,3,completer,SL_FLOOR,1.5797664954674002,68
990,6,fold,0,win,4,reverser,SL_FLOOR,1.9875227658271317,112
991,6,fold,0,win,1,completer,RAW,0.9505674247976743,33
991,6,fold,0,win,2,completer,RAW,0.3613493592642696,18
991,6,fold,0,win,3,completer,RAW,2.069593091814629,53
991,6,fold,0,win,4,completer,RAW,0.48557123864122964,13
991,6,fold,0,win,5,reverser,RAW,3.2495723518178097,112
991,6,fold,0,win,1,completer,SL_FLOOR,0.9505674247976743,33
991,6,fold,0,win,2,completer,SL_FLOOR,0.3613493592642696,18
991,6,fold,0,win,3,completer,SL_FLOOR,2.069593091814629,53
991,6,fold,0,win,4,completer,SL_FLOOR,0.48557123864122964,13
991,6,fold,0,win,5,reverser,SL_FLOOR,3.2495723518178097,112
992,6,fold,1,win,1,reverser,RAW,5.276950179278383,229
992,6,fold,1,win,1,reverser,SL_FLOOR,2.7238176153371287,103
993,6,fold,0,win,1,completer,RAW,1.295844609184001,48
993,6,fold,0,win,2,completer,RAW,0.44820542461534396,11
993,6,fold,0,win,3,completer,RAW,0.7855942187644875,22
993,6,fold,0,win,4,completer,RAW,1.9409887809788113,106
993,6,fold,0,win,5,completer,RAW,0.7960893871094727,20
993,6,fold,0,win,6,reverser,RAW,0.8034977412353292,26
993,6,fold,0,win,1,completer,SL_FLOOR,1.295844609184001,48
993,6,fold,0,win,2,completer,SL_FLOOR,0.44820542461534396,11
993,6,fold,0,win,3,completer,SL_FLOOR,0.7855942187644875,22
993,6,fold,0,win,4,completer,SL_FLOOR,1.9409887809788113,106
993,6,fold,0,win,5,completer,SL_FLOOR,0.7960893871094727,20
993,6,fold,0,win,6,reverser,SL_FLOOR,0.8034977412353292,26
994,6,fold,0,win,1,completer,RAW,0.11232793161411969,8
994,6,fold,0,win,2,completer,RAW,0.9909444782524772,32
994,6,fold,0,win,3,reverser,RAW,2.9154642336326537,154
994,6,fold,0,win,1,completer,SL_FLOOR,0.11232793161411969,8
994,6,fold,0,win,2,completer,SL_FLOOR,0.9909444782524772,32
994,6,fold,0,win,3,reverser,SL_FLOOR,2.9154642336326537,154
995,6,fold,0,win,1,completer,RAW,1.0990170780856943,85
995,6,fold,0,win,2,completer,RAW,0.2496349918685019,11
995,6,fold,0,win,3,completer,RAW,0.2620972691536734,10
995,6,fold,0,win,4,completer,RAW,0.8022591002326394,41
995,6,fold,0,win,5,reverser,RAW,2.5236111502463534,25
995,6,fold,0,win,1,completer,SL_FLOOR,1.0990170780856943,85
995,6,fold,0,win,2,completer,SL_FLOOR,0.2496349918685019,11
995,6,fold,0,win,3,completer,SL_FLOOR,0.2620972691536734,10
995,6,fold,0,win,4,completer,SL_FLOOR,0.8022591002326394,41
995,6,fold,0,win,5,reverser,SL_FLOOR,2.5236111502463534,25
996,6,fold,1,win,1,completer,RAW,0.35029876538007954,6
996,6,fold,1,win,2,reverser,RAW,4.4864982332417656,181
997,6,fold,0,win,1,completer,RAW,0.17096583271512023,7
997,6,fold,0,win,2,completer,RAW,0.38609990668316985,11
997,6,fold,0,win,3,completer,RAW,1.2101601830936985,65
997,6,fold,0,win,4,completer,RAW,1.8396816890417353,76
997,6,fold,0,win,5,completer,RAW,0.3332468988917032,12
997,6,fold,0,win,6,reverser,RAW,1.142419004093341,33
997,6,fold,0,win,1,completer,SL_FLOOR,0.17096583271512023,7
997,6,fold,0,win,2,completer,SL_FLOOR,0.38609990668316985,11
997,6,fold,0,win,3,completer,SL_FLOOR,1.2101601830936985,65
997,6,fold,0,win,4,completer,SL_FLOOR,1.8396816890417353,76
997,6,fold,0,win,5,completer,SL_FLOOR,0.3332468988917032,12
997,6,fold,0,win,6,reverser,SL_FLOOR,1.142419004093341,33
998,6,fold,0,win,1,completer,RAW,0.3116384207736953,8
998,6,fold,0,win,2,completer,RAW,0.8402530736275371,25
998,6,fold,0,win,3,completer,RAW,1.3519133046257936,35
998,6,fold,0,win,4,completer,RAW,0.28338105101441613,4
998,6,fold,0,win,5,completer,RAW,0.9179608404655353,10
998,6,fold,0,win,6,completer,RAW,0.0789187969705285,3
998,6,fold,0,win,1,completer,SL_FLOOR,0.3116384207736953,8
998,6,fold,0,win,2,completer,SL_FLOOR,0.8402530736275371,25
998,6,fold,0,win,3,completer,SL_FLOOR,1.3519133046257936,35
998,6,fold,0,win,4,completer,SL_FLOOR,0.28338105101441613,4
998,6,fold,0,win,5,completer,SL_FLOOR,0.9179608404655353,10
998,6,fold,0,win,6,completer,SL_FLOOR,0.0789187969705285,3
999,6,fold,1,win,1,completer,RAW,0.9378080989342967,26
999,6,fold,1,win,2,reverser,RAW,4.55940231628938,206
999,6,fold,1,win,1,completer,SL_FLOOR,0.9378080989342967,26
999,6,fold,1,win,2,reverser,SL_FLOOR,3.268143013681102,43
1000,6,fold,0,win,1,completer,RAW,0.17859357407398302,9
1000,6,fold,0,win,2,completer,RAW,0.488312430165446,17
1000,6,fold,0,win,3,completer,RAW,0.488312430165446,7
1000,6,fold,0,win,4,completer,RAW,1.4658772566756602,27
1000,6,fold,0,win,5,completer,RAW,1.1190297365004032,23
1000,6,fold,0,win,6,completer,RAW,0.12407553567242946,7
1000,6,fold,0,win,1,completer,SL_FLOOR,0.17859357407398302,9
1000,6,fold,0,win,2,completer,SL_FLOOR,0.488312430165446,17
1000,6,fold,0,win,3,completer,SL_FLOOR,0.488312430165446,7
1000,6,fold,0,win,4,completer,SL_FLOOR,1.4658772566756602,27
1000,6,fold,0,win,5,completer,SL_FLOOR,1.1190297365004032,23
1000,6,fold,0,win,6,completer,SL_FLOOR,0.12407553567242946,7
1002,6,fold,1,win,1,reverser,RAW,9.421944314588194,235
1002,6,fold,1,win,1,reverser,SL_FLOOR,2.1676624186891584,9
1004,6,fold,0,win,1,completer,RAW,1.9742669425043573,47
1004,6,fold,0,win,2,completer,RAW,1.4937993741232334,74
1004,6,fold,0,win,3,completer,RAW,1.5378916653779353,88
1004,6,fold,0,win,4,completer,RAW,0.1848712660231815,7
1004,6,fold,0,win,5,reverser,RAW,1.06038994618436,22
1004,6,fold,0,win,1,completer,SL_FLOOR,1.9742669425043573,47
1004,6,fold,0,win,2,completer,SL_FLOOR,1.4937993741232334,74
1004,6,fold,0,win,3,completer,SL_FLOOR,1.5378916653779353,88
1004,6,fold,0,win,4,completer,SL_FLOOR,0.1848712660231815,7
1004,6,fold,0,win,5,reverser,SL_FLOOR,1.06038994618436,22
1006,6,fold,0,win,1,completer,RAW,1.1860540814704694,50
1006,6,fold,0,win,2,reverser,RAW,2.565462388589785,167
1007,6,fold,0,win,1,reverser,RAW,1.7180992467601113,187
1007,6,fold,0,win,1,reverser,SL_FLOOR,1.7180992467601113,187
1008,6,fold,0,win,1,completer,RAW,0.6207035863624577,27
1008,6,fold,0,win,2,reverser,RAW,1.5920859906061937,143
1008,6,fold,0,win,1,completer,SL_FLOOR,0.6207035863624577,27
1008,6,fold,0,win,2,reverser,SL_FLOOR,1.5920859906061937,143
1009,6,fold,1,win,1,reverser,RAW,3.30187034411267,154
1010,6,fold,0,win,1,completer,RAW,0.15568402888143296,6
1010,6,fold,0,win,2,completer,RAW,0.8054486216434982,26
1010,6,fold,0,win,3,completer,RAW,0.34650507817011533,2
1010,6,fold,0,win,4,completer,RAW,0.361641025422502,8
1010,6,fold,0,win,5,completer,RAW,0.7881503962122078,21
1010,6,fold,0,win,6,completer,RAW,1.1135732621379848,24
1010,6,fold,0,win,1,completer,SL_FLOOR,0.15568402888143296,6
1010,6,fold,0,win,2,completer,SL_FLOOR,0.8054486216434982,26
1010,6,fold,0,win,3,completer,SL_FLOOR,0.34650507817011533,2
1010,6,fold,0,win,4,completer,SL_FLOOR,0.361641025422502,8
1010,6,fold,0,win,5,completer,SL_FLOOR,0.7881503962122078,21
1010,6,fold,0,win,6,completer,SL_FLOOR,1.1135732621379848,24
1011,6,fold,1,win,1,reverser,RAW,2.712641104091858,184
1012,6,fold,1,win,1,reverser,RAW,3.0306428911032404,184
1014,6,fold,0,win,1,completer,RAW,0.2792045381347592,13
1014,6,fold,0,win,2,completer,RAW,0.8189634094993545,20
1014,6,fold,0,win,3,completer,RAW,0.8886274101734517,21
1014,6,fold,0,win,4,completer,RAW,2.1006164612711307,131
1014,6,fold,0,win,5,reverser,RAW,2.2062095331590355,45
1014,6,fold,0,win,1,completer,SL_FLOOR,0.2792045381347592,13
1014,6,fold,0,win,2,completer,SL_FLOOR,0.8189634094993545,20
1014,6,fold,0,win,3,completer,SL_FLOOR,0.8886274101734517,21
1014,6,fold,0,win,4,completer,SL_FLOOR,2.1006164612711307,131
1014,6,fold,0,win,5,reverser,SL_FLOOR,2.2062095331590355,45
1016,6,fold,1,win,1,completer,RAW,0.7091905087029271,20
1016,6,fold,1,win,2,completer,RAW,0.4436156745170341,2
1016,6,fold,1,win,3,completer,RAW,0.4436156745170341,7
1016,6,fold,1,win,4,reverser,RAW,5.019166175939107,204
1016,6,fold,1,win,1,completer,SL_FLOOR,0.7091905087029271,20
1016,6,fold,1,win,2,completer,SL_FLOOR,0.4436156745170341,2
1016,6,fold,1,win,3,completer,SL_FLOOR,0.4436156745170341,7
1016,6,fold,1,win,4,reverser,SL_FLOOR,5.019166175939107,204
1020,6,fold,0,win,1,completer,RAW,0.9351089280892533,55
1020,6,fold,0,win,2,completer,RAW,1.0284193492901261,46
1020,6,fold,0,win,3,completer,RAW,1.3324072058586236,41
1020,6,fold,0,win,4,completer,RAW,1.3424307862610552,42
1020,6,fold,0,win,5,reverser,RAW,1.2352695994131508,52
1020,6,fold,0,win,1,completer,SL_FLOOR,0.9351089280892533,55
1020,6,fold,0,win,2,completer,SL_FLOOR,1.0284193492901261,46
1020,6,fold,0,win,3,completer,SL_FLOOR,1.3324072058586236,41
1020,6,fold,0,win,4,completer,SL_FLOOR,1.3424307862610552,42
1020,6,fold,0,win,5,reverser,SL_FLOOR,1.2352695994131508,52
1022,6,fold,0,win,1,completer,RAW,0.37490698636209807,24
1022,6,fold,0,win,2,completer,RAW,0.8440152851202616,46
1022,6,fold,0,win,3,completer,RAW,1.1218735642531987,56
1022,6,fold,0,win,4,completer,RAW,0.642087534870802,13
1022,6,fold,0,win,5,completer,RAW,0.49378572064528115,11
1022,6,fold,0,win,6,reverser,RAW,1.1679064473887735,61
1022,6,fold,0,win,1,completer,SL_FLOOR,0.37490698636209807,24
1022,6,fold,0,win,2,completer,SL_FLOOR,0.8440152851202616,46
1022,6,fold,0,win,3,completer,SL_FLOOR,1.1218735642531987,56
1022,6,fold,0,win,4,completer,SL_FLOOR,0.642087534870802,13
1022,6,fold,0,win,5,completer,SL_FLOOR,0.49378572064528115,11
1022,6,fold,0,win,6,reverser,SL_FLOOR,1.1679064473887735,61
1023,6,fold,1,win,1,reverser,RAW,1.7839115830654144,138
1023,6,fold,1,win,1,reverser,SL_FLOOR,1.7839115830654144,138
1024,6,fold,0,win,1,completer,RAW,0.6391342572693524,50
1024,6,fold,0,win,2,completer,RAW,1.46923931231455,105
1024,6,fold,0,win,3,completer,RAW,1.137663641450994,64
1024,6,fold,0,win,4,reverser,RAW,0.8259078946545131,14
1024,6,fold,0,win,1,completer,SL_FLOOR,0.6391342572693524,50
1024,6,fold,0,win,2,completer,SL_FLOOR,1.46923931231455,105
1024,6,fold,0,win,3,completer,SL_FLOOR,1.137663641450994,64
1024,6,fold,0,win,4,reverser,SL_FLOOR,0.8259078946545131,14
1025,6,fold,0,win,1,completer,RAW,0.16797510498202495,8
1025,6,fold,0,win,2,reverser,RAW,1.1670578035700496,49
1026,6,fold,1,win,1,reverser,RAW,4.005400205798962,230
1026,6,fold,1,win,1,reverser,SL_FLOOR,2.0829277009504326,47
1027,6,fold,0,win,1,completer,RAW,1.2491419787174276,93
1027,6,fold,0,win,2,completer,RAW,0.750912778063284,63
1027,6,fold,0,win,3,completer,RAW,0.5888812185382082,32
1027,6,fold,0,win,4,reverser,RAW,0.5528345500095071,20
1027,6,fold,0,win,1,completer,SL_FLOOR,1.2491419787174276,93
1027,6,fold,0,win,2,completer,SL_FLOOR,0.750912778063284,63
1027,6,fold,0,win,3,completer,SL_FLOOR,0.5888812185382082,32
1027,6,fold,0,win,4,reverser,SL_FLOOR,0.5528345500095071,20
1028,6,fold,0,win,1,completer,RAW,1.105580379453336,51
1028,6,fold,0,win,2,completer,RAW,0.23475550168699533,16
1028,6,fold,0,win,3,reverser,RAW,0.27759728784217597,8
1029,6,fold,0,win,1,reverser,RAW,2.8979107941888236,217
1029,6,fold,0,win,1,reverser,SL_FLOOR,2.050137829248253,61
1032,6,fold,0,win,1,completer,RAW,0.4711707720554834,20
1032,6,fold,0,win,2,completer,RAW,1.7996665196648953,82
1032,6,fold,0,win,3,reverser,RAW,2.3493657537296126,98
1032,6,fold,0,win,1,completer,SL_FLOOR,0.4711707720554834,20
1032,6,fold,0,win,2,completer,SL_FLOOR,1.7996665196648953,82
1032,6,fold,0,win,3,reverser,SL_FLOOR,2.3493657537296126,98
1033,6,fold,0,win,1,completer,RAW,0.17444321300562682,8
1033,6,fold,0,win,2,completer,RAW,1.2119969387120493,56
1033,6,fold,0,win,3,completer,RAW,0.30431714356747586,13
1033,6,fold,0,win,4,reverser,RAW,1.3389954316969273,31
1036,6,fold,1,win,1,reverser,RAW,4.013417527615076,234
1036,6,fold,1,win,1,reverser,SL_FLOOR,2.794266721821188,38
1037,6,fold,0,win,1,reverser,RAW,1.5972333686813647,143
1038,6,fold,0,win,1,completer,RAW,1.7876326032385947,156
1038,6,fold,0,win,2,reverser,RAW,1.6247944808729613,80
1038,6,fold,0,win,1,completer,SL_FLOOR,1.7876326032385947,156
1038,6,fold,0,win,2,reverser,SL_FLOOR,1.6247944808729613,80
1039,6,fold,0,win,1,completer,RAW,0.9072272373598523,78
1039,6,fold,0,win,2,completer,RAW,1.0187715698221271,113
1039,6,fold,0,win,3,completer,RAW,0.24576027721363358,8
1039,6,fold,0,win,4,reverser,RAW,0.07925995656263041,1
1039,6,fold,0,win,1,completer,SL_FLOOR,0.9072272373598523,78
1039,6,fold,0,win,2,completer,SL_FLOOR,1.0187715698221271,113
1039,6,fold,0,win,3,completer,SL_FLOOR,0.24576027721363358,8
1039,6,fold,0,win,4,reverser,SL_FLOOR,0.07925995656263041,1
1044,6,fold,1,win,1,completer,RAW,0.28493848589279147,15
1044,6,fold,1,win,2,completer,RAW,1.173177107739154,77
1044,6,fold,1,win,3,reverser,RAW,3.538527222276955,122
1044,6,fold,1,win,1,completer,SL_FLOOR,0.28493848589279147,15
1044,6,fold,1,win,2,completer,SL_FLOOR,1.173177107739154,77
1044,6,fold,1,win,3,reverser,SL_FLOOR,3.538527222276955,122
1045,6,fold,0,win,1,completer,RAW,0.49321236307027383,8
1045,6,fold,0,win,2,completer,RAW,2.7345422516371585,79
1045,6,fold,0,win,3,completer,RAW,1.5895291785537817,46
1045,6,fold,0,win,4,completer,RAW,0.1580675313535682,4
1045,6,fold,0,win,5,completer,RAW,0.466650768015791,2
1045,6,fold,0,win,6,completer,RAW,2.0926370378207917,4
1045,6,fold,0,win,1,completer,SL_FLOOR,0.49321236307027383,8
1045,6,fold,0,win,2,completer,SL_FLOOR,2.7345422516371585,79
1045,6,fold,0,win,3,completer,SL_FLOOR,1.5895291785537817,46
1045,6,fold,0,win,4,completer,SL_FLOOR,0.1580675313535682,4
1045,6,fold,0,win,5,completer,SL_FLOOR,0.466650768015791,2
1045,6,fold,0,win,6,completer,SL_FLOOR,2.0926370378207917,4
1046,6,fold,1,win,1,completer,RAW,1.656229465910958,57
1046,6,fold,1,win,2,reverser,RAW,6.683871526501637,166
1046,6,fold,1,win,1,completer,SL_FLOOR,1.656229465910958,57
1046,6,fold,1,win,2,reverser,SL_FLOOR,3.431594458847031,55
1048,6,fold,1,win,1,reverser,RAW,9.038886781300395,168
1049,6,fold,1,win,1,reverser,RAW,7.957303477427008,228
1049,6,fold,1,win,1,reverser,SL_FLOOR,2.986268960137684,99
1050,6,fold,0,win,1,completer,RAW,2.403886766846263,102
1050,6,fold,0,win,2,completer,RAW,2.403886766846263,1
1050,6,fold,0,win,3,completer,RAW,2.403886766846263,1
1050,6,fold,0,win,4,reverser,RAW,3.4461286158438096,123
1050,6,fold,0,win,1,completer,SL_FLOOR,2.403886766846263,102
1050,6,fold,0,win,2,completer,SL_FLOOR,2.403886766846263,1
1050,6,fold,0,win,3,completer,SL_FLOOR,2.403886766846263,1
1050,6,fold,0,win,4,reverser,SL_FLOOR,3.4461286158438096,123
1052,6,fold,0,win,1,completer,RAW,0.4317937246590775,15
1052,6,fold,0,win,2,completer,RAW,1.8658419288569443,94
1052,6,fold,0,win,3,reverser,RAW,2.5664956176659266,120
1052,6,fold,0,win,1,completer,SL_FLOOR,0.4317937246590775,15
1052,6,fold,0,win,2,completer,SL_FLOOR,1.8658419288569443,94
1052,6,fold,0,win,3,reverser,SL_FLOOR,2.5664956176659266,120
1055,6,fold,1,win,1,completer,RAW,0.41521632952658605,6
1055,6,fold,1,win,2,reverser,RAW,5.092506159193899,208
1055,6,fold,1,win,1,completer,SL_FLOOR,0.41521632952658605,6
1055,6,fold,1,win,2,reverser,SL_FLOOR,4.241846969382496,106
1056,6,fold,0,win,1,completer,RAW,0.5801837292532696,19
1056,6,fold,0,win,2,completer,RAW,1.6822708808709188,45
1056,6,fold,0,win,3,completer,RAW,0.3241432798875463,5
1056,6,fold,0,win,4,completer,RAW,0.806101772811239,4
1056,6,fold,0,win,5,reverser,RAW,2.7097068528780945,162
1056,6,fold,0,win,1,completer,SL_FLOOR,0.5801837292532696,19
1056,6,fold,0,win,2,completer,SL_FLOOR,1.6822708808709188,45
1056,6,fold,0,win,3,completer,SL_FLOOR,0.3241432798875463,5
1056,6,fold,0,win,4,completer,SL_FLOOR,0.806101772811239,4
1056,6,fold,0,win,5,reverser,SL_FLOOR,2.7097068528780945,162
1057,6,fold,1,win,1,completer,RAW,0.33285654191316427,8
1057,6,fold,1,win,2,completer,RAW,1.3066538254348692,44
1057,6,fold,1,win,3,completer,RAW,0.301106075126921,5
1057,6,fold,1,win,4,completer,RAW,0.951467284902769,4
1057,6,fold,1,win,5,reverser,RAW,4.273752391923047,162
1057,6,fold,1,win,1,completer,SL_FLOOR,0.33285654191316427,8
1057,6,fold,1,win,2,completer,SL_FLOOR,1.3066538254348692,44
1057,6,fold,1,win,3,completer,SL_FLOOR,0.301106075126921,5
1057,6,fold,1,win,4,completer,SL_FLOOR,0.951467284902769,4
1057,6,fold,1,win,5,reverser,SL_FLOOR,4.273752391923047,162
1058,6,fold,1,win,1,reverser,RAW,6.972369788499827,222
1058,6,fold,1,win,1,reverser,SL_FLOOR,1.7080038720047497,56
1059,6,fold,1,win,1,reverser,RAW,4.621512805492235,178
1059,6,fold,1,win,1,reverser,SL_FLOOR,2.0254747745619692,9
1060,6,fold,1,win,1,reverser,RAW,4.237370049439141,224
1060,6,fold,1,win,1,reverser,SL_FLOOR,2.8917004554639045,87
1061,6,fold,0,win,1,completer,RAW,1.331640830155624,56
1061,6,fold,0,win,2,completer,RAW,1.2128947561283696,5
1061,6,fold,0,win,3,completer,RAW,1.2128947561283696,1
1061,6,fold,0,win,4,reverser,RAW,2.7266236997992195,176
1061,6,fold,0,win,1,completer,SL_FLOOR,1.331640830155624,56
1061,6,fold,0,win,2,completer,SL_FLOOR,1.2128947561283696,5
1061,6,fold,0,win,3,completer,SL_FLOOR,1.2128947561283696,1
1061,6,fold,0,win,4,reverser,SL_FLOOR,2.7266236997992195,176
1063,6,fold,1,win,1,reverser,RAW,4.190642925030069,194
1063,6,fold,1,win,1,reverser,SL_FLOOR,1.9073984506090407,9
1071,6,fold,0,win,1,completer,RAW,1.4953613283625087,141
1071,6,fold,0,win,2,reverser,RAW,1.3535789209325872,91
1071,6,fold,0,win,1,completer,SL_FLOOR,1.4953613283625087,141
1071,6,fold,0,win,2,reverser,SL_FLOOR,1.3535789209325872,91
1072,6,fold,1,win,1,completer,RAW,1.014478106507573,31
1072,6,fold,1,win,2,reverser,RAW,3.998498359880057,188
1072,6,fold,1,win,1,completer,SL_FLOOR,1.014478106507573,31
1072,6,fold,1,win,2,reverser,SL_FLOOR,3.275285761568697,157
1073,6,fold,1,win,1,completer,RAW,1.0245283327375783,83
1073,6,fold,1,win,2,reverser,RAW,3.6205386674988858,87
1073,6,fold,1,win,1,completer,SL_FLOOR,1.0245283327375783,83
1073,6,fold,1,win,2,reverser,SL_FLOOR,3.19095906972767,70
1074,6,fold,1,win,1,reverser,RAW,4.667761716955729,225
1074,6,fold,1,win,1,reverser,SL_FLOOR,2.349463046779676,87
1075,6,fold,0,win,1,reverser,RAW,1.3826210490308593,144
1075,6,fold,0,win,1,reverser,SL_FLOOR,1.3826210490308593,144
1076,6,fold,1,win,1,reverser,RAW,3.1282387285820685,180
1076,6,fold,1,win,1,reverser,SL_FLOOR,1.9250138584029686,41
1077,6,fold,0,win,1,completer,RAW,1.6112289482382185,119
1077,6,fold,0,win,2,reverser,RAW,0.508663075932493,52
1077,6,fold,0,win,1,completer,SL_FLOOR,1.6112289482382185,119
1077,6,fold,0,win,2,reverser,SL_FLOOR,0.508663075932493,52
1078,6,fold,1,win,1,completer,RAW,0.7576134488722912,27
1078,6,fold,1,win,2,reverser,RAW,4.567401691767843,193
1079,6,fold,0,win,1,completer,RAW,2.2049863971196046,159
1079,6,fold,0,win,2,reverser,RAW,0.6642427878072636,67
1079,6,fold,0,win,1,completer,SL_FLOOR,2.2049863971196046,159
1079,6,fold,0,win,2,reverser,SL_FLOOR,0.6642427878072636,67
1080,6,fold,1,win,1,reverser,RAW,2.840445107181852,163
1080,6,fold,1,win,1,reverser,SL_FLOOR,2.5400340037620808,84
1081,6,fold,0,win,1,reverser,RAW,1.1709722660367918,56
1082,6,fold,0,win,1,reverser,RAW,1.8223545764198148,191
1083,6,fold,0,win,1,completer,RAW,0.9926105246920864,55
1083,6,fold,0,win,2,completer,RAW,0.4790230225674996,22
1083,6,fold,0,win,3,completer,RAW,0.908842491883179,16
1083,6,fold,0,win,4,completer,RAW,1.2971845857303377,39
1083,6,fold,0,win,5,reverser,RAW,3.2543474105328793,107
1083,6,fold,0,win,1,completer,SL_FLOOR,0.9926105246920864,55
1083,6,fold,0,win,2,completer,SL_FLOOR,0.4790230225674996,22
1083,6,fold,0,win,3,completer,SL_FLOOR,0.908842491883179,16
1083,6,fold,0,win,4,completer,SL_FLOOR,1.2971845857303377,39
1083,6,fold,0,win,5,reverser,SL_FLOOR,3.2543474105328793,107
1084,6,fold,0,win,1,completer,RAW,0.4939918889885704,25
1084,6,fold,0,win,2,completer,RAW,0.5213464887045531,15
1084,6,fold,0,win,3,completer,RAW,0.9181490939963681,30
1084,6,fold,0,win,4,reverser,RAW,1.9453947680364587,140
1084,6,fold,0,win,1,completer,SL_FLOOR,0.4939918889885704,25
1084,6,fold,0,win,2,completer,SL_FLOOR,0.5213464887045531,15
1084,6,fold,0,win,3,completer,SL_FLOOR,0.9181490939963681,30
1084,6,fold,0,win,4,reverser,SL_FLOOR,1.9453947680364587,140
1085,6,fold,1,win,1,reverser,RAW,4.355215637759983,236
1085,6,fold,1,win,1,reverser,SL_FLOOR,2.3193613084607807,46
1087,6,fold,0,win,1,completer,RAW,0.49389960547315037,34
1087,6,fold,0,win,2,reverser,RAW,1.2387663788948529,54
1088,6,fold,1,win,1,reverser,RAW,5.520842407512034,162
1088,6,fold,1,win,1,reverser,SL_FLOOR,2.6558877732606754,48
1089,6,fold,1,win,1,reverser,RAW,3.0982846542740434,178
1089,6,fold,1,win,1,reverser,SL_FLOOR,1.9833150298508857,68
1091,6,fold,0,win,1,completer,RAW,0.850285942935551,44
1091,6,fold,0,win,2,completer,RAW,1.4471440421549286,160
1091,6,fold,0,win,3,completer,RAW,0.2517360690585111,20
1091,6,fold,0,win,4,reverser,RAW,0.4797872929099136,8
1091,6,fold,0,win,1,completer,SL_FLOOR,0.850285942935551,44
1091,6,fold,0,win,2,completer,SL_FLOOR,1.4471440421549286,160
1091,6,fold,0,win,3,completer,SL_FLOOR,0.2517360690585111,20
1091,6,fold,0,win,4,reverser,SL_FLOOR,0.4797872929099136,8
1092,6,fold,0,win,1,completer,RAW,0.5132535753860161,21
1092,6,fold,0,win,2,completer,RAW,1.7134558053486155,189
1092,6,fold,0,win,3,reverser,RAW,0.3761994871357892,8
1092,6,fold,0,win,1,completer,SL_FLOOR,0.5132535753860161,21
1092,6,fold,0,win,2,completer,SL_FLOOR,1.7134558053486155,189
1092,6,fold,0,win,3,reverser,SL_FLOOR,0.3761994871357892,8
1093,6,fold,1,win,1,completer,RAW,0.2241497965043876,13
1093,6,fold,1,win,2,completer,RAW,0.5471137208571193,13
1093,6,fold,1,win,3,reverser,RAW,2.999500712001646,192
1093,6,fold,1,win,1,completer,SL_FLOOR,0.2241497965043876,13
1093,6,fold,1,win,2,completer,SL_FLOOR,0.5471137208571193,13
1093,6,fold,1,win,3,reverser,SL_FLOOR,2.999500712001646,192
1094,6,fold,1,win,1,reverser,RAW,3.3309025309892366,192
1094,6,fold,1,win,1,reverser,SL_FLOOR,2.541722609576665,84
1095,6,fold,0,win,1,completer,RAW,0.8732849564589837,61
1095,6,fold,0,win,2,reverser,RAW,0.8559061513553212,69
1098,6,fold,1,win,1,reverser,RAW,4.103296005500511,213
1098,6,fold,1,win,1,reverser,SL_FLOOR,2.715147173547237,85
1099,6,fold,0,win,1,completer,RAW,0.28985392694790924,13
1099,6,fold,0,win,2,reverser,RAW,2.085457820814664,214
1099,6,fold,0,win,1,completer,SL_FLOOR,0.28985392694790924,13
1099,6,fold,0,win,2,reverser,SL_FLOOR,2.085457820814664,214
1101,6,fold,0,win,1,completer,RAW,0.36291445025169544,20
1101,6,fold,0,win,2,completer,RAW,0.9282234977591302,41
1101,6,fold,0,win,3,completer,RAW,0.7288822672723159,43
1101,6,fold,0,win,4,completer,RAW,0.8078336080121802,38
1101,6,fold,0,win,5,reverser,RAW,0.5962789104495858,27
1102,6,fold,1,win,1,reverser,RAW,5.982236281706083,217
1102,6,fold,1,win,1,reverser,SL_FLOOR,3.064636208140616,45
1104,6,fold,0,win,1,completer,RAW,0.8843993788335095,6
1104,6,fold,0,win,2,completer,RAW,1.6574757589327076,55
1104,6,fold,0,win,3,completer,RAW,0.4507894269734143,7
1104,6,fold,0,win,4,completer,RAW,0.3188510581031432,4
1104,6,fold,0,win,5,reverser,RAW,1.895239694501003,130
1106,6,fold,0,win,1,completer,RAW,1.06701685185384,105
1106,6,fold,0,win,2,completer,RAW,0.2832181725933782,19
1106,6,fold,0,win,3,completer,RAW,0.5397894741094333,40
1106,6,fold,0,win,4,reverser,RAW,3.6738421823907665,56
1106,6,fold,0,win,1,completer,SL_FLOOR,1.06701685185384,105
1106,6,fold,0,win,2,completer,SL_FLOOR,0.2832181725933782,19
1106,6,fold,0,win,3,completer,SL_FLOOR,0.5397894741094333,40
1106,6,fold,0,win,4,reverser,SL_FLOOR,3.6738421823907665,56
1108,6,fold,1,win,1,completer,RAW,0.6952334251225567,84
1108,6,fold,1,win,2,completer,RAW,0.7084838537133229,49
1108,6,fold,1,win,3,reverser,RAW,4.894791136613215,79
1108,6,fold,1,win,1,completer,SL_FLOOR,0.6952334251225567,84
1108,6,fold,1,win,2,completer,SL_FLOOR,0.7084838537133229,49
1108,6,fold,1,win,3,reverser,SL_FLOOR,4.14448561766025,50
1109,6,fold,0,win,1,reverser,RAW,2.151030635949796,69
1110,6,fold,0,win,1,completer,RAW,0.6256573491607238,50
1110,6,fold,0,win,2,reverser,RAW,2.5967753018756223,72
1111,6,fold,0,win,1,completer,RAW,0.6487780736132522,20
1111,6,fold,0,win,2,completer,RAW,1.2133931340956274,37
1111,6,fold,0,win,3,reverser,RAW,0.49671667872339764,8
1112,6,fold,0,win,1,completer,RAW,0.10057861804546842,8
1112,6,fold,0,win,2,completer,RAW,0.5941516818902506,43
1112,6,fold,0,win,3,completer,RAW,0.6865752768509581,39
1112,6,fold,0,win,4,completer,RAW,1.0737447061611305,47
1112,6,fold,0,win,5,reverser,RAW,0.8481224008158676,15
1112,6,fold,0,win,1,completer,SL_FLOOR,0.10057861804546842,8
1112,6,fold,0,win,2,completer,SL_FLOOR,0.5941516818902506,43
1112,6,fold,0,win,3,completer,SL_FLOOR,0.6865752768509581,39
1112,6,fold,0,win,4,completer,SL_FLOOR,1.0737447061611305,47
1112,6,fold,0,win,5,reverser,SL_FLOOR,0.8481224008158676,15
1113,6,fold,0,win,1,reverser,RAW,1.8784659275195354,81
1115,6,fold,0,win,1,completer,RAW,0.4582163942064288,21
1115,6,fold,0,win,2,completer,RAW,0.601261649344631,30
1115,6,fold,0,win,3,completer,RAW,0.694791239242686,38
1115,6,fold,0,win,4,completer,RAW,1.0865937649920867,50
1115,6,fold,0,win,5,reverser,RAW,0.85827153082918,32
1115,6,fold,0,win,1,completer,SL_FLOOR,0.4582163942064288,21
1115,6,fold,0,win,2,completer,SL_FLOOR,0.601261649344631,30
1115,6,fold,0,win,3,completer,SL_FLOOR,0.694791239242686,38
1115,6,fold,0,win,4,completer,SL_FLOOR,1.0865937649920867,50
1115,6,fold,0,win,5,reverser,SL_FLOOR,0.85827153082918,32
1116,6,fold,0,win,1,completer,RAW,0.6540483715522412,38
1116,6,fold,0,win,2,reverser,RAW,2.916885854429064,136
1116,6,fold,0,win,1,completer,SL_FLOOR,0.6540483715522412,38
1116,6,fold,0,win,2,reverser,SL_FLOOR,2.916885854429064,136
1117,6,fold,0,win,1,completer,RAW,2.3976565130744136,114
1117,6,fold,0,win,2,completer,RAW,0.3605626825457229,12
1117,6,fold,0,win,3,completer,RAW,0.20258795753582026,3
1117,6,fold,0,win,4,reverser,RAW,2.8355000410339195,98
1117,6,fold,0,win,1,reverser,SL_FLOOR,2.3976565130744136,88
1118,6,fold,0,win,1,completer,RAW,0.7993191768054516,45
1118,6,fold,0,win,2,completer,RAW,0.2406011124137306,6
1118,6,fold,0,win,3,completer,RAW,0.8451239910934194,18
1118,6,fold,0,win,4,completer,RAW,0.8687814226487429,20
1118,6,fold,0,win,5,completer,RAW,0.7686148507442851,10
1118,6,fold,0,win,6,completer,RAW,0.507879754028143,13
1118,6,fold,0,win,1,completer,SL_FLOOR,0.7993191768054516,45
1118,6,fold,0,win,2,completer,SL_FLOOR,0.2406011124137306,6
1118,6,fold,0,win,3,completer,SL_FLOOR,0.8451239910934194,18
1118,6,fold,0,win,4,completer,SL_FLOOR,0.8687814226487429,20
1118,6,fold,0,win,5,completer,SL_FLOOR,0.7686148507442851,10
1118,6,fold,0,win,6,completer,SL_FLOOR,0.507879754028143,13
1119,6,fold,0,win,1,completer,RAW,3.5466184064115174,125
1119,6,fold,0,win,2,completer,RAW,1.65309445241658,22
1119,6,fold,0,win,3,completer,RAW,1.6979625403642937,24
1119,6,fold,0,win,4,reverser,RAW,0.7568657259864922,2
1122,6,fold,1,win,1,reverser,RAW,8.051316865149806,210
1122,6,fold,1,win,1,reverser,SL_FLOOR,2.5430808953887,31
1123,6,fold,1,win,1,reverser,RAW,13.242431878532827,207
1123,6,fold,1,win,1,reverser,SL_FLOOR,2.1048970282515134,32
1124,6,fold,1,win,1,reverser,RAW,13.299343818880335,235
1124,6,fold,1,win,1,reverser,SL_FLOOR,2.11394323480997,37
1125,6,fold,0,win,1,completer,RAW,0.3387371352963433,18
1125,6,fold,0,win,2,reverser,RAW,0.7212482723761473,8
1126,6,fold,1,win,1,completer,RAW,0.3755209392481047,18
1126,6,fold,1,win,2,completer,RAW,0.31342859432729986,14
1126,6,fold,1,win,3,reverser,RAW,4.45560256641734,205
1126,6,fold,1,win,1,completer,SL_FLOOR,0.3755209392481047,18
1126,6,fold,1,win,2,completer,SL_FLOOR,0.31342859432729986,14
1126,6,fold,1,win,3,reverser,SL_FLOOR,4.45560256641734,205
1127,6,fold,0,win,1,completer,RAW,1.0093339495355325,28
1127,6,fold,0,win,2,reverser,RAW,1.989889083237852,72
1131,6,fold,1,win,1,reverser,RAW,4.117516520400378,169
1131,6,fold,1,win,1,reverser,SL_FLOOR,2.1378674590126483,19
1134,6,fold,1,win,1,reverser,RAW,3.5029769427962325,196
1134,6,fold,1,win,1,reverser,SL_FLOOR,2.1685440898076784,23
1137,6,fold,1,win,1,reverser,RAW,5.726499335592017,156
1138,6,fold,0,win,1,completer,RAW,0.27684103275963534,5
1138,6,fold,0,win,2,completer,RAW,0.5785369433410397,4
1138,6,fold,0,win,3,completer,RAW,1.0941434513460768,8
1138,6,fold,0,win,4,completer,RAW,2.2726348391299256,29
1138,6,fold,0,win,5,completer,RAW,4.177205955622378,113
1138,6,fold,0,win,6,reverser,RAW,5.391657592169657,47
1139,6,fold,0,win,1,completer,RAW,1.1547714535020734,19
1139,6,fold,0,win,2,completer,RAW,0.8707891962888605,9
1139,6,fold,0,win,3,completer,RAW,0.4352600093969352,3
1139,6,fold,0,win,4,completer,RAW,1.9636498259435156,21
1139,6,fold,0,win,5,completer,RAW,1.317085482980339,8
1139,6,fold,0,win,6,reverser,RAW,4.68638018775556,169
1139,6,fold,0,win,1,completer,SL_FLOOR,1.1547714535020734,19
1139,6,fold,0,win,2,completer,SL_FLOOR,0.8707891962888605,9
1139,6,fold,0,win,3,completer,SL_FLOOR,0.4352600093969352,3
1139,6,fold,0,win,4,completer,SL_FLOOR,1.9636498259435156,21
1139,6,fold,0,win,5,completer,SL_FLOOR,1.317085482980339,8
1139,6,fold,0,win,6,reverser,SL_FLOOR,4.68638018775556,169
1140,7,fold,1,win,1,completer,RAW,0.7857247045949327,17
1140,7,fold,1,win,2,completer,RAW,0.757113882397594,18
1140,7,fold,1,win,3,completer,RAW,0.28789639836092196,10
1140,7,fold,1,win,4,completer,RAW,1.0035245885723136,18
1140,7,fold,1,win,5,reverser,RAW,8.452352147654352,169
1140,7,fold,1,win,1,completer,SL_FLOOR,0.7857247045949327,17
1140,7,fold,1,win,2,completer,SL_FLOOR,0.757113882397594,18
1140,7,fold,1,win,3,completer,SL_FLOOR,0.28789639836092196,10
1140,7,fold,1,win,4,completer,SL_FLOOR,1.0035245885723136,18
1140,7,fold,1,win,5,reverser,SL_FLOOR,6.507889144066426,65
1141,7,fold,1,win,1,completer,RAW,0.21225479224045762,4
1141,7,fold,1,win,2,completer,RAW,0.9651761871329652,10
1141,7,fold,1,win,3,completer,RAW,2.0047581750623316,28
1141,7,fold,1,win,4,completer,RAW,3.684836492104073,114
1141,7,fold,1,win,5,reverser,RAW,4.882093468554917,73
1141,7,fold,1,win,1,completer,SL_FLOOR,0.21225479224045762,4
1141,7,fold,1,win,2,completer,SL_FLOOR,0.9651761871329652,10
1141,7,fold,1,win,3,completer,SL_FLOOR,2.0047581750623316,28
1141,7,fold,1,win,4,completer,SL_FLOOR,3.684836492104073,114
1141,7,fold,1,win,5,reverser,SL_FLOOR,4.882093468554917,73
1142,7,fold,0,win,1,completer,RAW,1.3880963714689387,81
1142,7,fold,0,win,2,completer,RAW,1.0170282101196988,23
1142,7,fold,0,win,3,reverser,RAW,3.614864206258206,88
1142,7,fold,0,win,1,completer,SL_FLOOR,1.3880963714689387,81
1142,7,fold,0,win,2,completer,SL_FLOOR,1.0170282101196988,23
1142,7,fold,0,win,3,reverser,SL_FLOOR,3.614864206258206,88
1143,7,fold,1,win,1,completer,RAW,0.6403463166468006,11
1143,7,fold,1,win,2,completer,RAW,0.32007418671340826,3
1143,7,fold,1,win,3,completer,RAW,1.4439957897800422,27
1143,7,fold,1,win,4,reverser,RAW,3.8731549854182767,196
1143,7,fold,1,win,1,completer,SL_FLOOR,0.6403463166468006,11
1143,7,fold,1,win,2,completer,SL_FLOOR,0.32007418671340826,3
1143,7,fold,1,win,3,completer,SL_FLOOR,1.4439957897800422,27
1143,7,fold,1,win,4,reverser,SL_FLOOR,3.8731549854182767,196
1144,7,fold,1,win,1,reverser,RAW,9.193670297728746,200
1144,7,fold,1,win,1,reverser,SL_FLOOR,2.454121179578312,26
1147,7,fold,1,win,1,reverser,RAW,3.5257719166210877,174
1147,7,fold,1,win,1,reverser,SL_FLOOR,2.8737978279303213,101
1149,7,fold,0,win,1,reverser,RAW,1.1220668148926145,92
1151,7,fold,0,win,1,completer,RAW,1.2182778535955132,70
1151,7,fold,0,win,2,completer,RAW,0.47480289317708047,32
1151,7,fold,0,win,3,completer,RAW,0.11455257973830202,1
1151,7,fold,0,win,4,reverser,RAW,1.731371302673967,115
1151,7,fold,0,win,1,completer,SL_FLOOR,1.2182778535955132,70
1151,7,fold,0,win,2,completer,SL_FLOOR,0.47480289317708047,32
1151,7,fold,0,win,3,completer,SL_FLOOR,0.11455257973830202,1
1151,7,fold,0,win,4,reverser,SL_FLOOR,1.731371302673967,115
1152,7,fold,0,win,1,completer,RAW,0.8790097427050891,54
1152,7,fold,0,win,2,completer,RAW,0.575203136249816,32
1152,7,fold,0,win,3,reverser,RAW,1.2003844280979554,104
1152,7,fold,0,win,1,completer,SL_FLOOR,0.8790097427050891,54
1152,7,fold,0,win,2,completer,SL_FLOOR,0.575203136249816,32
1152,7,fold,0,win,3,reverser,SL_FLOOR,1.2003844280979554,104
1153,7,fold,0,win,1,reverser,RAW,1.1460650942142565,122
1154,7,fold,1,win,1,reverser,RAW,1.8296102527013076,148
1154,7,fold,1,win,1,reverser,SL_FLOOR,1.8296102527013076,148
1156,7,fold,0,win,1,completer,RAW,1.803294614165474,109
1156,7,fold,0,win,2,reverser,RAW,1.500593306775034,111
1156,7,fold,0,win,1,completer,SL_FLOOR,1.803294614165474,109
1156,7,fold,0,win,2,reverser,SL_FLOOR,1.500593306775034,111
1159,7,fold,1,win,1,reverser,RAW,2.6527005555784564,230
1159,7,fold,1,win,1,reverser,SL_FLOOR,2.6527005555784564,230
1160,7,fold,1,win,1,reverser,RAW,3.3031270003192654,230
1160,7,fold,1,win,1,reverser,SL_FLOOR,2.8966694025753355,157
1163,7,fold,0,win,1,completer,RAW,2.449792497543876,191
1163,7,fold,0,win,2,reverser,RAW,1.8959263676643925,47
1163,7,fold,0,win,1,reverser,SL_FLOOR,2.225124975271643,29
1165,7,fold,0,win,1,completer,RAW,0.751757379670696,73
1165,7,fold,0,win,2,reverser,RAW,1.153174865505259,37
1165,7,fold,0,win,1,completer,SL_FLOOR,0.751757379670696,73
1165,7,fold,0,win,2,reverser,SL_FLOOR,1.153174865505259,37
1166,7,fold,1,win,1,reverser,RAW,2.974280091198273,88
1167,7,fold,1,win,1,completer,RAW,0.27281064461916626,5
1167,7,fold,1,win,2,reverser,RAW,3.7094550816163903,209
1167,7,fold,1,win,1,completer,SL_FLOOR,0.27281064461916626,5
1167,7,fold,1,win,2,reverser,SL_FLOOR,3.189062362961956,108
1169,7,fold,1,win,1,completer,RAW,0.7964340439445128,27
1169,7,fold,1,win,2,reverser,RAW,4.275443429979925,124
1170,7,fold,0,win,1,completer,RAW,0.2722898255949253,7
1170,7,fold,0,win,2,completer,RAW,1.2274576496502267,32
1170,7,fold,0,win,3,reverser,RAW,2.9592975069930203,125
1171,7,fold,0,win,1,completer,RAW,0.12275741636302229,5
1171,7,fold,0,win,2,reverser,RAW,0.7295372037980965,7
1172,7,fold,0,win,1,reverser,RAW,2.9648280184710893,218
1172,7,fold,0,win,1,reverser,SL_FLOOR,2.6143584256606776,63
1173,7,fold,1,win,1,reverser,RAW,4.210912625491658,182
1174,7,fold,0,win,1,completer,RAW,1.130344903887491,31
1174,7,fold,0,win,2,completer,RAW,0.3957308864292306,9
1174,7,fold,0,win,3,reverser,RAW,2.7251668170137746,160
1174,7,fold,0,win,1,completer,SL_FLOOR,1.130344903887491,31
1174,7,fold,0,win,2,completer,SL_FLOOR,0.3957308864292306,9
1174,7,fold,0,win,3,reverser,SL_FLOOR,2.7251668170137746,160
1176,7,fold,1,win,1,reverser,RAW,2.9568774370089006,184
1177,7,fold,0,win,1,completer,RAW,0.7817339038808403,25
1177,7,fold,0,win,2,reverser,RAW,2.216898374546001,187
1177,7,fold,0,win,1,completer,SL_FLOOR,0.7817339038808403,25
1177,7,fold,0,win,2,reverser,SL_FLOOR,2.216898374546001,187
1178,7,fold,0,win,1,completer,RAW,0.5846382612513935,32
1178,7,fold,0,win,2,completer,RAW,0.5271450989061195,31
1178,7,fold,0,win,3,reverser,RAW,2.0859315740944897,126
1178,7,fold,0,win,1,completer,SL_FLOOR,0.5846382612513935,32
1178,7,fold,0,win,2,completer,SL_FLOOR,0.5271450989061195,31
1178,7,fold,0,win,3,reverser,SL_FLOOR,2.0859315740944897,126
1179,7,fold,1,win,1,completer,RAW,0.2861244069122324,7
1179,7,fold,1,win,2,completer,RAW,1.2898226779083855,32
1179,7,fold,1,win,3,reverser,RAW,3.1096543626454403,195
1179,7,fold,1,win,1,completer,SL_FLOOR,0.2861244069122324,7
1179,7,fold,1,win,2,completer,SL_FLOOR,1.2898226779083855,32
1179,7,fold,1,win,3,reverser,SL_FLOOR,3.1096543626454403,195
1180,7,fold,0,win,1,completer,RAW,0.28524632469294386,5
1180,7,fold,0,win,2,completer,RAW,0.7844728432441237,26
1180,7,fold,0,win,3,completer,RAW,0.4032354035493504,20
1180,7,fold,0,win,4,completer,RAW,0.6041258999073484,51
1180,7,fold,0,win,5,completer,RAW,0.21179857760822873,6
1180,7,fold,0,win,6,reverser,RAW,3.5609431241304237,82
1181,7,fold,0,win,1,completer,RAW,0.4339137251580376,19
1181,7,fold,0,win,2,completer,RAW,1.6627444903081798,95
1181,7,fold,0,win,3,completer,RAW,1.2849653288508787,34
1181,7,fold,0,win,4,reverser,RAW,4.052012184375372,57
1182,7,fold,1,win,1,reverser,RAW,4.384366776057092,186
1184,7,fold,0,win,1,completer,RAW,0.6718098262487099,13
1184,7,fold,0,win,2,completer,RAW,0.7097459054721851,19
1184,7,fold,0,win,3,reverser,RAW,1.7261919646665185,153
1185,7,fold,1,win,1,completer,RAW,0.4547123603426386,18
1185,7,fold,1,win,2,completer,RAW,1.742444241788799,96
1185,7,fold,1,win,3,completer,RAW,1.3465571236020049,34
1185,7,fold,1,win,4,reverser,RAW,6.6044857364115135,90
1185,7,fold,1,win,1,completer,SL_FLOOR,0.4547123603426386,18
1185,7,fold,1,win,2,completer,SL_FLOOR,1.742444241788799,96
1185,7,fold,1,win,3,completer,SL_FLOOR,1.3465571236020049,34
1185,7,fold,1,win,4,reverser,SL_FLOOR,5.497962646893719,63
1186,7,fold,0,win,1,reverser,RAW,1.2743252409005175,56
1188,7,fold,1,win,1,completer,RAW,0.6743069081282964,50
1188,7,fold,1,win,2,completer,RAW,0.41409920275985135,12
1188,7,fold,1,win,3,reverser,RAW,3.9468071728459764,158
1189,7,fold,0,win,1,reverser,RAW,2.1829636215642094,69
1190,7,fold,1,win,1,completer,RAW,0.7973070411090506,74
1190,7,fold,1,win,2,reverser,RAW,2.448056650548934,145
1190,7,fold,1,win,1,completer,SL_FLOOR,0.7973070411090506,74
1190,7,fold,1,win,2,reverser,SL_FLOOR,2.448056650548934,145
1191,7,fold,1,win,1,reverser,RAW,5.219613240512069,209
1191,7,fold,1,win,1,reverser,SL_FLOOR,2.2129553911871733,152
1192,7,fold,1,win,1,completer,RAW,0.652460293974382,48
1192,7,fold,1,win,2,completer,RAW,0.2682180186172638,10
1192,7,fold,1,win,3,reverser,RAW,3.8189360619234964,178
1192,7,fold,1,win,1,completer,SL_FLOOR,0.652460293974382,48
1192,7,fold,1,win,2,completer,SL_FLOOR,0.2682180186172638,10
1192,7,fold,1,win,3,reverser,SL_FLOOR,3.8189360619234964,178
1193,7,fold,0,win,1,completer,RAW,0.9895625696346322,41
1193,7,fold,0,win,2,completer,RAW,1.5062451678684028,65
1193,7,fold,0,win,3,reverser,RAW,1.7351492177696095,22
1194,7,fold,1,win,1,completer,RAW,1.5748614873464641,32
1194,7,fold,1,win,2,completer,RAW,4.757096348461447,128
1194,7,fold,1,win,3,completer,RAW,3.274411418223738,7
1194,7,fold,1,win,4,reverser,RAW,15.193411889949072,67
1194,7,fold,1,win,1,completer,SL_FLOOR,1.5748614873464641,32
1194,7,fold,1,win,2,reverser,SL_FLOOR,3.4237517316790163,77
1195,7,fold,1,win,1,reverser,RAW,5.1465603060865,211
1195,7,fold,1,win,1,reverser,SL_FLOOR,1.9210311011375854,64
1196,7,fold,1,win,1,reverser,RAW,3.074598999291368,222
1196,7,fold,1,win,1,reverser,SL_FLOOR,2.3918282407067233,81
1197,7,fold,1,win,1,reverser,RAW,3.2295901324068814,231
1197,7,fold,1,win,1,reverser,SL_FLOOR,2.7768213442692913,94
1198,7,fold,0,win,1,completer,RAW,1.2485111420347181,43
1198,7,fold,0,win,2,completer,RAW,3.105682296060685,69
1198,7,fold,0,win,3,reverser,RAW,6.119524077856479,102
1198,7,fold,0,win,1,completer,SL_FLOOR,1.2485111420347181,43
1198,7,fold,0,win,2,reverser,SL_FLOOR,3.105682296060685,36
1199,7,fold,0,win,1,completer,RAW,3.766650281515809,111
1199,7,fold,0,win,2,reverser,RAW,6.04893774596068,104
1199,7,fold,0,win,1,reverser,SL_FLOOR,2.3559481729100566,65
1200,7,fold,1,win,1,reverser,RAW,12.482670516262337,221
1200,7,fold,1,win,1,reverser,SL_FLOOR,2.6418764792429164,21
1201,7,fold,0,win,1,completer,RAW,1.1304986468981577,37
1201,7,fold,0,win,2,completer,RAW,0.8327572971057553,33
1201,7,fold,0,win,3,completer,RAW,1.0287001905423945,38
1201,7,fold,0,win,4,completer,RAW,1.0287001905423945,63
1201,7,fold,0,win,5,completer,RAW,0.21431253969633612,4
1201,7,fold,0,win,6,reverser,RAW,3.2625257159129344,50
1201,7,fold,0,win,1,completer,SL_FLOOR,1.1304986468981577,37
1201,7,fold,0,win,2,completer,SL_FLOOR,0.8327572971057553,33
1201,7,fold,0,win,3,completer,SL_FLOOR,1.0287001905423945,38
1201,7,fold,0,win,4,completer,SL_FLOOR,1.0287001905423945,63
1201,7,fold,0,win,5,completer,SL_FLOOR,0.21431253969633612,4
1201,7,fold,0,win,6,reverser,SL_FLOOR,3.2625257159129344,50
1202,7,fold,1,win,1,completer,RAW,0.8878703840207102,16
1202,7,fold,1,win,2,completer,RAW,2.620718862979027,7
1202,7,fold,1,win,3,reverser,RAW,12.160249903660292,139
1209,7,fold,1,win,1,reverser,RAW,5.686553904392187,220
1209,7,fold,1,win,1,reverser,SL_FLOOR,1.9437483836835883,34
1211,7,fold,0,win,1,completer,RAW,0.5855420674532562,14
1211,7,fold,0,win,2,completer,RAW,2.4907739916843914,68
1211,7,fold,0,win,3,completer,RAW,0.5452823499741632,12
1211,7,fold,0,win,4,completer,RAW,0.10479367637940307,4
1211,7,fold,0,win,5,reverser,RAW,3.118351940623169,108
1212,7,fold,1,win,1,completer,RAW,1.3123404026044962,4
1212,7,fold,1,win,2,reverser,RAW,4.462715581894824,200
1213,7,fold,0,win,1,completer,RAW,1.611650160993795,69
1213,7,fold,0,win,2,completer,RAW,0.35282381703714627,14
1213,7,fold,0,win,3,reverser,RAW,2.017723175173355,132
1213,7,fold,0,win,1,completer,SL_FLOOR,1.611650160993795,69
1213,7,fold,0,win,2,completer,SL_FLOOR,0.35282381703714627,14
1213,7,fold,0,win,3,reverser,SL_FLOOR,2.017723175173355,132
1216,7,fold,1,win,1,completer,RAW,0.2687365313553898,6
1216,7,fold,1,win,2,completer,RAW,0.637435613301423,13
1216,7,fold,1,win,3,reverser,RAW,3.4191841722967014,171
1217,7,fold,1,win,1,completer,RAW,0.2476872964178931,6
1217,7,fold,1,win,2,reverser,RAW,3.6261763015366304,220
1217,7,fold,1,win,1,completer,SL_FLOOR,0.2476872964178931,6
1217,7,fold,1,win,2,reverser,SL_FLOOR,3.6261763015366304,220
1218,7,fold,0,win,1,completer,RAW,0.9909619586801152,53
1218,7,fold,0,win,2,reverser,RAW,1.9039030640306356,126
1219,7,fold,0,win,1,completer,RAW,0.5677171869413646,38
1219,7,fold,0,win,2,reverser,RAW,1.841356765225284,167
1219,7,fold,0,win,1,completer,SL_FLOOR,0.5677171869413646,38
1219,7,fold,0,win,2,reverser,SL_FLOOR,1.841356765225284,167
1220,7,fold,0,win,1,completer,RAW,1.2316365166461802,112
1220,7,fold,0,win,2,reverser,RAW,1.2085158073050821,60
1221,7,fold,0,win,1,completer,RAW,1.6119669250925721,121
1221,7,fold,0,win,2,reverser,RAW,1.0025647948746603,24
1221,7,fold,0,win,1,completer,SL_FLOOR,1.6119669250925721,121
1221,7,fold,0,win,2,reverser,SL_FLOOR,1.0025647948746603,24
1222,7,fold,0,win,1,completer,RAW,1.4525493564207586,74
1222,7,fold,0,win,2,completer,RAW,0.5557259056659127,16
1222,7,fold,0,win,3,reverser,RAW,2.1845936142165163,106
1222,7,fold,0,win,1,completer,SL_FLOOR,1.4525493564207586,74
1222,7,fold,0,win,2,completer,SL_FLOOR,0.5557259056659127,16
1222,7,fold,0,win,3,reverser,SL_FLOOR,2.1845936142165163,106
1223,7,fold,0,win,1,completer,RAW,1.8891868385289896,161
1223,7,fold,0,win,2,reverser,RAW,1.592671110958767,69
1223,7,fold,0,win,1,completer,SL_FLOOR,1.8891868385289896,161
1223,7,fold,0,win,2,reverser,SL_FLOOR,1.592671110958767,69
1224,7,fold,0,win,1,completer,RAW,1.1303240835875696,56
1224,7,fold,0,win,2,completer,RAW,2.171654993655183,123
1224,7,fold,0,win,3,reverser,RAW,0.8692528235103376,44
1224,7,fold,0,win,1,completer,SL_FLOOR,1.1303240835875696,56
1224,7,fold,0,win,2,completer,SL_FLOOR,2.171654993655183,123
1224,7,fold,0,win,3,reverser,SL_FLOOR,0.8692528235103376,44
1225,7,fold,0,win,1,completer,RAW,0.5069867675337884,9
1225,7,fold,0,win,2,completer,RAW,1.8213325998045882,74
1225,7,fold,0,win,3,completer,RAW,0.6968174293501006,16
1225,7,fold,0,win,4,reverser,RAW,2.7392332999285105,134
1225,7,fold,0,win,1,completer,SL_FLOOR,0.5069867675337884,9
1225,7,fold,0,win,2,completer,SL_FLOOR,1.8213325998045882,74
1225,7,fold,0,win,3,completer,SL_FLOOR,0.6968174293501006,16
1225,7,fold,0,win,4,reverser,SL_FLOOR,2.7392332999285105,134
1227,7,fold,0,win,1,reverser,RAW,2.543468854321982,210
1227,7,fold,0,win,1,reverser,SL_FLOOR,2.2454678891451234,50
1229,7,fold,1,win,1,completer,RAW,0.7275084685928199,50
1229,7,fold,1,win,2,reverser,RAW,2.4693952223713076,182
1229,7,fold,1,win,1,completer,SL_FLOOR,0.7275084685928199,50
1229,7,fold,1,win,2,reverser,SL_FLOOR,2.4693952223713076,182
1231,7,fold,1,win,1,reverser,RAW,2.8399900481939757,211
1232,7,fold,0,win,1,reverser,RAW,2.7535333806539644,53
1233,7,fold,1,win,1,reverser,RAW,3.4596125583916826,92
1234,7,fold,1,win,1,reverser,RAW,4.447804615987829,227
1234,7,fold,1,win,1,reverser,SL_FLOOR,2.3104660920984177,54
1235,7,fold,0,win,1,completer,RAW,3.669938785322479,228
1235,7,fold,0,win,2,reverser,RAW,1.8487152737864108,14
1235,7,fold,0,win,1,reverser,SL_FLOOR,2.3465276456112925,39
1237,7,fold,0,win,1,completer,RAW,1.378674353410447,60
1237,7,fold,0,win,2,reverser,RAW,3.2491924360533546,79
1239,7,fold,0,win,1,completer,RAW,0.9615584515427107,86
1239,7,fold,0,win,2,reverser,RAW,1.8044953270934176,72
1239,7,fold,0,win,1,completer,SL_FLOOR,0.9615584515427107,86
1239,7,fold,0,win,2,reverser,SL_FLOOR,1.8044953270934176,72
1240,7,fold,1,win,1,completer,RAW,1.8094256697572058,109
1240,7,fold,1,win,2,completer,RAW,0.861410340217738,13
1240,7,fold,1,win,3,reverser,RAW,3.3290339288199378,104
1240,7,fold,1,win,1,completer,SL_FLOOR,1.8094256697572058,109
1240,7,fold,1,win,2,completer,SL_FLOOR,0.861410340217738,13
1240,7,fold,1,win,3,reverser,SL_FLOOR,3.3290339288199378,104
1241,7,fold,0,win,1,completer,RAW,2.396633128583006,93
1241,7,fold,0,win,2,completer,RAW,0.8170052776066608,14
1241,7,fold,0,win,3,reverser,RAW,2.200180879168818,110
1241,7,fold,0,win,1,reverser,SL_FLOOR,2.396633128583006,67
1242,7,fold,0,win,1,completer,RAW,1.1990304244745942,76
1242,7,fold,0,win,2,completer,RAW,0.2665581280734006,7
1242,7,fold,0,win,3,reverser,RAW,1.8692749595039466,65
1242,7,fold,0,win,1,completer,SL_FLOOR,1.1990304244745942,76
1242,7,fold,0,win,2,completer,SL_FLOOR,0.2665581280734006,7
1242,7,fold,0,win,3,reverser,SL_FLOOR,1.8692749595039466,65
1243,7,fold,0,win,1,reverser,RAW,0.2676678821193096,9
1244,7,fold,1,win,1,completer,RAW,1.1480991356056864,34
1244,7,fold,1,win,2,reverser,RAW,3.0641022742146635,152
1244,7,fold,1,win,1,completer,SL_FLOOR,1.1480991356056864,34
1244,7,fold,1,win,2,reverser,SL_FLOOR,3.0641022742146635,152
1245,7,fold,1,win,1,completer,RAW,0.21275931271240056,19
1245,7,fold,1,win,2,reverser,RAW,2.4454325192387176,171
1245,7,fold,1,win,1,completer,SL_FLOOR,0.21275931271240056,19
1245,7,fold,1,win,2,reverser,SL_FLOOR,2.4454325192387176,171
1246,7,fold,1,win,1,completer,RAW,0.7148328876669323,42
1246,7,fold,1,win,2,completer,RAW,0.49032241035525215,27
1246,7,fold,1,win,3,reverser,RAW,3.193449737421734,161
1246,7,fold,1,win,1,completer,SL_FLOOR,0.7148328876669323,42
1246,7,fold,1,win,2,completer,SL_FLOOR,0.49032241035525215,27
1246,7,fold,1,win,3,reverser,SL_FLOOR,3.193449737421734,161
1247,7,fold,0,win,1,reverser,RAW,2.8770548683259296,61
1248,7,fold,1,win,1,completer,RAW,0.7495985033300617,18
1248,7,fold,1,win,2,reverser,RAW,4.328120847209149,198
1248,7,fold,1,win,1,completer,SL_FLOOR,0.7495985033300617,18
1248,7,fold,1,win,2,reverser,SL_FLOOR,3.4753665865400896,136
1249,7,fold,0,win,1,completer,RAW,0.6709204344823847,27
1249,7,fold,0,win,2,reverser,RAW,3.81386690598821,57
1250,7,fold,1,win,1,completer,RAW,0.18557627757855077,7
1250,7,fold,1,win,2,completer,RAW,1.1358899627610035,10
1250,7,fold,1,win,3,reverser,RAW,7.514819592054414,203
1251,7,fold,0,win,1,completer,RAW,1.459396304753025,57
1251,7,fold,0,win,2,completer,RAW,0.7425820683895876,26
1251,7,fold,0,win,3,completer,RAW,2.275182441398695,122
1251,7,fold,0,win,4,completer,RAW,0.6670354699493211,13
1251,7,fold,0,win,5,reverser,RAW,1.7949637536388696,18
1251,7,fold,0,win,1,completer,SL_FLOOR,1.459396304753025,57
1251,7,fold,0,win,2,completer,SL_FLOOR,0.7425820683895876,26
1251,7,fold,0,win,3,completer,SL_FLOOR,2.275182441398695,122
1251,7,fold,0,win,4,completer,SL_FLOOR,0.6670354699493211,13
1251,7,fold,0,win,5,reverser,SL_FLOOR,1.7949637536388696,18
1252,7,fold,0,win,1,completer,RAW,0.15311321971862624,6
1252,7,fold,0,win,2,completer,RAW,0.7802885235660977,15
1252,7,fold,0,win,3,completer,RAW,2.000567233466511,168
1252,7,fold,0,win,4,reverser,RAW,0.7470579071985988,39
1252,7,fold,0,win,1,completer,SL_FLOOR,0.15311321971862624,6
1252,7,fold,0,win,2,completer,SL_FLOOR,0.7802885235660977,15
1252,7,fold,0,win,3,completer,SL_FLOOR,2.000567233466511,168
1252,7,fold,0,win,4,reverser,SL_FLOOR,0.7470579071985988,39
1253,7,fold,1,win,1,completer,RAW,0.8049989083449989,11
1253,7,fold,1,win,2,completer,RAW,2.0930802369197297,60
1253,7,fold,1,win,3,reverser,RAW,4.68918094752669,163
1253,7,fold,1,win,1,completer,SL_FLOOR,0.8049989083449989,11
1253,7,fold,1,win,2,completer,SL_FLOOR,2.0930802369197297,60
1253,7,fold,1,win,3,reverser,SL_FLOOR,4.1795144560203354,85
1254,7,fold,1,win,1,reverser,RAW,5.785985308432375,230
1254,7,fold,1,win,1,reverser,SL_FLOOR,2.2819786764616463,37
1255,7,fold,1,win,1,completer,RAW,0.9064837063761555,12
1255,7,fold,1,win,2,reverser,RAW,5.997113928179788,224
1255,7,fold,1,win,1,completer,SL_FLOOR,0.9064837063761555,12
1255,7,fold,1,win,2,reverser,SL_FLOOR,3.3463407487444394,67
1256,7,fold,1,win,1,reverser,RAW,4.946731690982668,89
1258,7,fold,0,win,1,completer,RAW,1.019881226372735,71
1258,7,fold,0,win,2,reverser,RAW,1.2946932400610807,102
1258,7,fold,0,win,1,completer,SL_FLOOR,1.019881226372735,71
1258,7,fold,0,win,2,reverser,SL_FLOOR,1.2946932400610807,102
1261,7,fold,0,win,1,completer,RAW,1.5936499889538878,139
1261,7,fold,0,win,2,reverser,RAW,1.4987631869861726,26
1262,7,fold,0,win,1,reverser,RAW,2.436496448287314,165
1265,7,fold,0,win,1,completer,RAW,1.0373371134091656,32
1265,7,fold,0,win,2,completer,RAW,2.993241439424686,125
1265,7,fold,0,win,3,completer,RAW,0.5390633881555789,14
1265,7,fold,0,win,4,completer,RAW,0.36750686477371275,5
1265,7,fold,0,win,5,reverser,RAW,0.4110958182670075,5
1266,7,fold,1,win,1,reverser,RAW,7.2865432861198425,236
1266,7,fold,1,win,1,reverser,SL_FLOOR,2.5905133118336536,83
1267,7,fold,0,win,1,completer,RAW,2.9588330091481825,164
1267,7,fold,0,win,2,completer,RAW,0.6628758106080594,28
1267,7,fold,0,win,3,reverser,RAW,3.542132362302991,42
1267,7,fold,0,win,1,reverser,SL_FLOOR,2.3328054103657685,59
1268,7,fold,1,win,1,reverser,RAW,3.8128548362198296,53
1269,7,fold,0,win,1,completer,RAW,0.8807652421804228,52
1269,7,fold,0,win,2,completer,RAW,1.567262706292216,107
1269,7,fold,0,win,3,completer,RAW,3.754573985287149,12
1269,7,fold,0,win,4,reverser,RAW,1.6510644929100589,43
1269,7,fold,0,win,1,completer,SL_FLOOR,0.8807652421804228,52
1269,7,fold,0,win,2,completer,SL_FLOOR,1.567262706292216,107
1269,7,fold,0,win,3,completer,SL_FLOOR,3.754573985287149,12
1269,7,fold,0,win,4,reverser,SL_FLOOR,1.6510644929100589,43
1270,7,fold,1,loss,1,reverser,RAW,4.581758201070349,65
1271,7,fold,0,win,1,completer,RAW,1.3129205389618102,56
1271,7,fold,0,win,2,completer,RAW,0.631400375376233,23
1271,7,fold,0,win,3,reverser,RAW,4.018844321959002,155
1271,7,fold,0,win,1,completer,SL_FLOOR,1.3129205389618102,56
1271,7,fold,0,win,2,completer,SL_FLOOR,0.631400375376233,23
1271,7,fold,0,win,3,reverser,SL_FLOOR,4.018844321959002,87
1272,7,fold,0,win,1,completer,RAW,0.9798154157797084,33
1272,7,fold,0,win,2,completer,RAW,0.48292896561221266,48
1272,7,fold,0,win,3,completer,RAW,4.651192153197021,113
1272,7,fold,0,win,4,completer,RAW,0.5789564593524803,26
1272,7,fold,0,win,5,reverser,RAW,0.40085895642725244,13
1272,7,fold,0,win,1,completer,SL_FLOOR,0.9798154157797084,33
1272,7,fold,0,win,2,completer,SL_FLOOR,0.48292896561221266,48
1272,7,fold,0,win,3,reverser,SL_FLOOR,4.651192153197021,81
1273,7,fold,1,win,1,reverser,RAW,4.545464145951992,159
1275,7,fold,1,win,1,completer,RAW,0.779624883559584,27
1275,7,fold,1,win,2,completer,RAW,1.5536737764044661,48
1275,7,fold,1,win,3,reverser,RAW,5.371706691209824,113
1275,7,fold,1,win,1,completer,SL_FLOOR,0.779624883559584,27
1275,7,fold,1,win,2,completer,SL_FLOOR,1.5536737764044661,48
1275,7,fold,1,win,3,reverser,SL_FLOOR,4.953507387609923,62
1276,7,fold,1,win,1,completer,RAW,0.13496019994551478,5
1276,7,fold,1,win,2,completer,RAW,0.6595887228551054,28
1276,7,fold,1,win,3,reverser,RAW,4.039444597213128,104
1277,7,fold,1,win,1,completer,RAW,0.6344918126074744,62
1277,7,fold,1,win,2,reverser,RAW,2.909159251161414,150
1278,7,fold,0,win,1,completer,RAW,0.3726650817285386,20
1278,7,fold,0,win,2,completer,RAW,1.8300273046449642,43
1278,7,fold,0,win,3,completer,RAW,0.480313746707663,20
1278,7,fold,0,win,4,completer,RAW,0.49582245267922653,22
1278,7,fold,0,win,5,completer,RAW,0.40413863208262235,20
1278,7,fold,0,win,6,completer,RAW,1.2876787340510347,27
1278,7,fold,0,win,1,completer,SL_FLOOR,0.3726650817285386,20
1278,7,fold,0,win,2,completer,SL_FLOOR,1.8300273046449642,43
1278,7,fold,0,win,3,completer,SL_FLOOR,0.480313746707663,20
1278,7,fold,0,win,4,completer,SL_FLOOR,0.49582245267922653,22
1278,7,fold,0,win,5,completer,SL_FLOOR,0.40413863208262235,20
1278,7,fold,0,win,6,completer,SL_FLOOR,1.2876787340510347,27
1279,7,fold,1,win,1,completer,RAW,0.31300072515592037,9
1279,7,fold,1,win,2,completer,RAW,0.6991865604209537,29
1279,7,fold,1,win,3,reverser,RAW,4.623479668023073,155
1279,7,fold,1,win,1,completer,SL_FLOOR,0.31300072515592037,9
1279,7,fold,1,win,2,completer,SL_FLOOR,0.6991865604209537,29
1279,7,fold,1,win,3,reverser,SL_FLOOR,4.623479668023073,138
1280,7,fold,1,win,1,completer,RAW,0.6620002909985971,33
1280,7,fold,1,win,2,completer,RAW,1.3202731028812038,63
1280,7,fold,1,win,3,reverser,RAW,3.6152819945920154,140
1280,7,fold,1,win,1,completer,SL_FLOOR,0.6620002909985971,33
1280,7,fold,1,win,2,completer,SL_FLOOR,1.3202731028812038,63
1280,7,fold,1,win,3,reverser,SL_FLOOR,3.6152819945920154,140
1281,7,fold,0,win,1,completer,RAW,0.8772613389922642,33
1281,7,fold,0,win,2,completer,RAW,0.714283888399684,48
1281,7,fold,0,win,3,completer,RAW,0.19047570357325627,7
1281,7,fold,0,win,4,reverser,RAW,2.361496310849987,58
1282,7,fold,1,win,1,reverser,RAW,6.334607582596308,216
1282,7,fold,1,win,1,reverser,SL_FLOOR,3.09550224041923,52
1284,7,fold,1,loss,1,reverser,RAW,3.163585767261192,216
1284,7,fold,1,loss,1,reverser,SL_FLOOR,3.163585767261192,3
1285,7,fold,0,loss,1,completer,RAW,0.31931473492418116,11
1285,7,fold,0,loss,2,completer,RAW,3.5765669362530326,32
1285,7,fold,0,loss,3,completer,RAW,1.120020623256782,41
1285,7,fold,0,loss,4,completer,RAW,1.08615390894664,43
1285,7,fold,0,loss,5,completer,RAW,0.6688676076252706,30
1285,7,fold,0,loss,6,completer,RAW,0.4789721023862663,20
1285,7,fold,0,loss,1,completer,SL_FLOOR,0.31931473492418116,11
1285,7,fold,0,loss,2,reverser,SL_FLOOR,3.5765669362530326,4
1286,7,fold,0,win,1,completer,RAW,0.21629778967356428,6
1286,7,fold,0,win,2,completer,RAW,1.49493809760366,85
1286,7,fold,0,win,3,reverser,RAW,1.755026237333837,122
1287,7,fold,0,loss,1,completer,RAW,2.5758476452366494,12
1287,7,fold,0,loss,2,completer,RAW,0.3531770993401038,11
1287,7,fold,0,loss,3,completer,RAW,0.359827609634904,11
1287,7,fold,0,loss,4,completer,RAW,0.5397414144523509,15
1287,7,fold,0,loss,5,completer,RAW,0.525740340147494,22
1287,7,fold,0,loss,6,completer,RAW,0.47603652636524174,6
1287,7,fold,0,loss,1,reverser,SL_FLOOR,2.5758476452366494,5
1288,7,fold,1,win,1,completer,RAW,0.3949185223244758,1
1288,7,fold,1,win,2,reverser,RAW,3.978075235951618,235
1288,7,fold,1,win,1,completer,SL_FLOOR,0.3949185223244758,1
1288,7,fold,1,win,2,reverser,SL_FLOOR,3.9332824639564277,8
1289,7,fold,0,win,1,completer,RAW,1.627564699827365,14
1289,7,fold,0,win,2,completer,RAW,1.0800840695380773,38
1289,7,fold,0,win,3,completer,RAW,1.4784427378687792,175
1289,7,fold,0,win,4,reverser,RAW,1.084984791292594,17
1289,7,fold,0,win,1,completer,SL_FLOOR,1.627564699827365,14
1289,7,fold,0,win,2,completer,SL_FLOOR,1.0800840695380773,38
1289,7,fold,0,win,3,completer,SL_FLOOR,1.4784427378687792,175
1289,7,fold,0,win,4,reverser,SL_FLOOR,1.084984791292594,17
1290,7,fold,0,win,1,completer,RAW,0.8570447884001213,83
1290,7,fold,0,win,2,completer,RAW,0.31420686061215886,49
1290,7,fold,0,win,3,reverser,RAW,1.3895878838950009,109
1290,7,fold,0,win,1,completer,SL_FLOOR,0.8570447884001213,83
1290,7,fold,0,win,2,completer,SL_FLOOR,0.31420686061215886,49
1290,7,fold,0,win,3,reverser,SL_FLOOR,1.3895878838950009,109
1291,7,fold,0,win,1,completer,RAW,0.1816854751068655,41
1291,7,fold,0,win,2,completer,RAW,0.5342227850649464,64
1291,7,fold,0,win,3,reverser,RAW,0.9814212467649184,111
1291,7,fold,0,win,1,completer,SL_FLOOR,0.1816854751068655,41
1291,7,fold,0,win,2,completer,SL_FLOOR,0.5342227850649464,64
1291,7,fold,0,win,3,reverser,SL_FLOOR,0.9814212467649184,111
1292,7,fold,0,win,1,completer,RAW,0.43211558460829336,38
1292,7,fold,0,win,2,completer,RAW,0.6893450114850881,28
1292,7,fold,0,win,3,completer,RAW,0.9998114764195627,35
1292,7,fold,0,win,4,reverser,RAW,1.150815598386878,117
1292,7,fold,0,win,1,completer,SL_FLOOR,0.43211558460829336,38
1292,7,fold,0,win,2,completer,SL_FLOOR,0.6893450114850881,28
1292,7,fold,0,win,3,completer,SL_FLOOR,0.9998114764195627,35
1292,7,fold,0,win,4,reverser,SL_FLOOR,1.150815598386878,117
1296,7,fold,1,win,1,reverser,RAW,3.529989910858816,194
1296,7,fold,1,win,1,reverser,SL_FLOOR,2.3609103385012142,96
1297,7,fold,1,win,1,reverser,RAW,3.2282222869666635,124
1298,7,fold,0,win,1,reverser,RAW,1.8106726760535659,73
1298,7,fold,0,win,1,reverser,SL_FLOOR,1.8106726760535659,73
1299,7,fold,1,win,1,reverser,RAW,3.355918863484346,146
1301,7,fold,1,win,1,completer,RAW,0.3222405883800268,6
1301,7,fold,1,win,2,reverser,RAW,3.849008454600074,199
1301,7,fold,1,win,1,completer,SL_FLOOR,0.3222405883800268,6
1301,7,fold,1,win,2,reverser,SL_FLOOR,3.090019063475108,156
1303,7,fold,1,win,1,completer,RAW,0.4419716539810151,26
1303,7,fold,1,win,2,reverser,RAW,3.2798585026259484,182
1303,7,fold,1,win,1,completer,SL_FLOOR,0.4419716539810151,26
1303,7,fold,1,win,2,reverser,SL_FLOOR,3.2798585026259484,182
1305,7,fold,0,win,1,completer,RAW,1.4023973421316678,99
1305,7,fold,0,win,2,reverser,RAW,0.2839268091103029,8
1306,7,fold,0,win,1,reverser,RAW,1.4182777956052648,85
1307,7,fold,1,win,1,reverser,RAW,4.705306437718686,224
1307,7,fold,1,win,1,reverser,SL_FLOOR,2.9032331248068113,57
1309,7,fold,1,win,1,reverser,RAW,3.6250531888344444,239
1309,7,fold,1,win,1,reverser,SL_FLOOR,2.30176780318698,57
1312,8,fold,1,win,1,completer,RAW,0.1342490157582259,7
1312,8,fold,1,win,2,completer,RAW,0.8613945043896714,24
1312,8,fold,1,win,3,reverser,RAW,3.781860798015332,192
1312,8,fold,1,win,1,completer,SL_FLOOR,0.1342490157582259,7
1312,8,fold,1,win,2,completer,SL_FLOOR,0.8613945043896714,24
1312,8,fold,1,win,3,reverser,SL_FLOOR,3.781860798015332,192
1313,8,fold,0,win,1,completer,RAW,0.7370219788635218,69
1313,8,fold,0,win,2,reverser,RAW,2.0683123368282432,162
1313,8,fold,0,win,1,completer,SL_FLOOR,0.7370219788635218,69
1313,8,fold,0,win,2,reverser,SL_FLOOR,2.0683123368282432,162
1316,8,fold,1,win,1,completer,RAW,0.5479838951311744,12
1316,8,fold,1,win,2,reverser,RAW,3.1924785890487035,201
1316,8,fold,1,win,1,completer,SL_FLOOR,0.5479838951311744,12
1316,8,fold,1,win,2,reverser,SL_FLOOR,3.1924785890487035,201
1319,8,fold,1,win,1,completer,RAW,1.1967398960252282,36
1319,8,fold,1,win,2,reverser,RAW,4.271176581434151,189
1319,8,fold,1,win,1,completer,SL_FLOOR,1.1967398960252282,36
1319,8,fold,1,win,2,reverser,SL_FLOOR,3.4721754141946297,156
1322,8,fold,0,win,1,completer,RAW,0.25128590396576933,10
1322,8,fold,0,win,2,completer,RAW,1.3615425776970236,77
1322,8,fold,0,win,3,completer,RAW,0.5978305166244975,23
1322,8,fold,0,win,4,completer,RAW,0.6005678358398532,29
1322,8,fold,0,win,5,reverser,RAW,0.7828732955797504,34
1323,8,fold,1,win,1,reverser,RAW,3.1274742537614735,223
1323,8,fold,1,win,1,reverser,SL_FLOOR,2.43593499501769,28
1324,8,fold,0,win,1,completer,RAW,0.3245175786861132,18
1324,8,fold,0,win,2,completer,RAW,1.222841239685345,83
1324,8,fold,0,win,3,completer,RAW,0.15832524293472527,10
1324,8,fold,0,win,4,completer,RAW,0.5575802033788593,42
1324,8,fold,0,win,5,reverser,RAW,2.105922408352404,63
1324,8,fold,0,win,1,completer,SL_FLOOR,0.3245175786861132,18
1324,8,fold,0,win,2,completer,SL_FLOOR,1.222841239685345,83
1324,8,fold,0,win,3,completer,SL_FLOOR,0.15832524293472527,10
1324,8,fold,0,win,4,completer,SL_FLOOR,0.5575802033788593,42
1324,8,fold,0,win,5,reverser,SL_FLOOR,2.105922408352404,63
1325,8,fold,0,win,1,completer,RAW,0.5904088038803559,24
1325,8,fold,0,win,2,completer,RAW,0.44252073680121606,13
1325,8,fold,0,win,3,completer,RAW,1.2143592312219755,63
1325,8,fold,0,win,4,reverser,RAW,3.1372852580628043,31
1326,8,fold,1,win,1,reverser,RAW,2.953629668023134,227
1326,8,fold,1,win,1,reverser,SL_FLOOR,2.953629668023134,138
1328,8,fold,1,win,1,reverser,RAW,4.671864363821764,218
1328,8,fold,1,win,1,reverser,SL_FLOOR,2.278501460174957,77
1330,8,fold,1,win,1,reverser,RAW,4.780370519178069,224
1330,8,fold,1,win,1,reverser,SL_FLOOR,2.382238886897473,60
1331,8,fold,1,win,1,reverser,RAW,3.3689642547444767,105
1332,8,fold,1,win,1,reverser,RAW,3.7749627754106343,119
1333,8,fold,0,win,1,completer,RAW,0.6000789379198872,44
1333,8,fold,0,win,2,reverser,RAW,3.2241865047311746,63
1334,8,fold,1,win,1,completer,RAW,0.3873977974410354,20
1334,8,fold,1,win,2,completer,RAW,0.36093312232515107,15
1334,8,fold,1,win,3,reverser,RAW,3.393672274966856,131
1335,8,fold,0,win,1,completer,RAW,1.724078282523138,72
1335,8,fold,0,win,2,reverser,RAW,0.25595949243424254,5
1336,8,fold,0,win,1,completer,RAW,1.0414639102497467,105
1336,8,fold,0,win,2,completer,RAW,0.4232505132861799,24
1336,8,fold,0,win,3,reverser,RAW,1.9609120184672262,85
1336,8,fold,0,win,1,completer,SL_FLOOR,1.0414639102497467,105
1336,8,fold,0,win,2,completer,SL_FLOOR,0.4232505132861799,24
1336,8,fold,0,win,3,reverser,SL_FLOOR,1.9609120184672262,85
1337,8,fold,0,win,1,completer,RAW,1.870958368797391,72
1337,8,fold,0,win,2,reverser,RAW,1.0901983669856603,26
1338,8,fold,0,win,1,completer,RAW,0.6359946112320792,13
1338,8,fold,0,win,2,completer,RAW,0.21425603214713895,5
1338,8,fold,0,win,3,completer,RAW,0.4659444825562482,17
1338,8,fold,0,win,4,completer,RAW,0.29304236010807383,13
1338,8,fold,0,win,5,reverser,RAW,2.642372230074066,169
1338,8,fold,0,win,1,completer,SL_FLOOR,0.6359946112320792,13
1338,8,fold,0,win,2,completer,SL_FLOOR,0.21425603214713895,5
1338,8,fold,0,win,3,completer,SL_FLOOR,0.4659444825562482,17
1338,8,fold,0,win,4,completer,SL_FLOOR,0.29304236010807383,13
1338,8,fold,0,win,5,reverser,SL_FLOOR,2.642372230074066,169
1339,8,fold,1,win,1,completer,RAW,0.8787451819727369,38
1339,8,fold,1,win,2,reverser,RAW,5.905364632519276,181
1339,8,fold,1,win,1,completer,SL_FLOOR,0.8787451819727369,38
1339,8,fold,1,win,2,reverser,SL_FLOOR,3.111521356625577,47
1341,8,fold,0,win,1,completer,RAW,0.9509713256440101,73
1341,8,fold,0,win,2,completer,RAW,1.1506520114784238,93
1341,8,fold,0,win,3,completer,RAW,0.9681231130804839,30
1341,8,fold,0,win,4,reverser,RAW,0.7991462442619772,22
1341,8,fold,0,win,1,completer,SL_FLOOR,0.9509713256440101,73
1341,8,fold,0,win,2,completer,SL_FLOOR,1.1506520114784238,93
1341,8,fold,0,win,3,completer,SL_FLOOR,0.9681231130804839,30
1341,8,fold,0,win,4,reverser,SL_FLOOR,0.7991462442619772,22
1343,8,fold,1,win,1,reverser,RAW,3.4022437744009935,162
1344,8,fold,0,win,1,completer,RAW,1.7204103394268013,111
1344,8,fold,0,win,2,completer,RAW,0.43757727708995553,3
1344,8,fold,0,win,3,reverser,RAW,0.9057568235583844,30
1345,8,fold,0,win,1,completer,RAW,1.0461903660866763,75
1345,8,fold,0,win,2,completer,RAW,0.49237034591592765,3
1345,8,fold,0,win,3,reverser,RAW,1.0001997293802343,36
1347,8,fold,0,win,1,completer,RAW,1.243507227424383,59
1347,8,fold,0,win,2,completer,RAW,0.3950558609475274,21
1347,8,fold,0,win,3,completer,RAW,0.5852339149385495,2
1347,8,fold,0,win,4,reverser,RAW,1.188842521083958,56
1349,8,fold,0,win,1,completer,RAW,0.5568803434132809,17
1349,8,fold,0,win,2,completer,RAW,0.48370920512958726,21
1349,8,fold,0,win,3,completer,RAW,2.2410160507956722,100
1349,8,fold,0,win,4,completer,RAW,0.5664765582701827,2
1349,8,fold,0,win,5,completer,RAW,0.8453665525482226,29
1349,8,fold,0,win,6,completer,RAW,0.7467054685509362,15
1349,8,fold,0,win,1,completer,SL_FLOOR,0.5568803434132809,17
1349,8,fold,0,win,2,completer,SL_FLOOR,0.48370920512958726,21
1349,8,fold,0,win,3,completer,SL_FLOOR,2.2410160507956722,100
1349,8,fold,0,win,4,completer,SL_FLOOR,0.5664765582701827,2
1349,8,fold,0,win,5,completer,SL_FLOOR,0.8453665525482226,29
1349,8,fold,0,win,6,completer,SL_FLOOR,0.7467054685509362,15
1350,8,fold,0,win,1,reverser,RAW,1.8399998039118053,102
1351,8,fold,0,win,1,completer,RAW,2.033166686930928,129
1351,8,fold,0,win,2,completer,RAW,0.243859307161578,6
1351,8,fold,0,win,3,completer,RAW,1.290067853296839,41
1351,8,fold,0,win,4,reverser,RAW,2.0098505552000745,41
1351,8,fold,0,win,1,completer,SL_FLOOR,2.033166686930928,129
1351,8,fold,0,win,2,completer,SL_FLOOR,0.243859307161578,6
1351,8,fold,0,win,3,completer,SL_FLOOR,1.290067853296839,41
1351,8,fold,0,win,4,reverser,SL_FLOOR,2.0098505552000745,41
1353,8,fold,0,win,1,reverser,RAW,1.310485608655169,54
1354,8,fold,0,win,1,completer,RAW,0.9129636627195515,14
1354,8,fold,0,win,2,completer,RAW,0.41297681566370814,28
1354,8,fold,0,win,3,completer,RAW,0.41554348325638024,23
1354,8,fold,0,win,4,reverser,RAW,1.123430405320068,43
1355,8,fold,0,win,1,reverser,RAW,1.259192817122277,70
1356,8,fold,0,win,1,completer,RAW,0.6592970784557766,11
1356,8,fold,0,win,2,completer,RAW,1.129382622915943,57
1356,8,fold,0,win,3,completer,RAW,0.46503990355362124,8
1356,8,fold,0,win,4,reverser,RAW,2.0308704648861466,56
1357,8,fold,0,win,1,completer,RAW,0.8598862042567172,30
1357,8,fold,0,win,2,completer,RAW,0.3199337847115258,21
1357,8,fold,0,win,3,completer,RAW,0.9163451074411091,44
1357,8,fold,0,win,4,reverser,RAW,1.792997895067737,32
1358,8,fold,0,win,1,completer,RAW,0.23746294683105051,9
1358,8,fold,0,win,2,completer,RAW,0.9321041829272712,10
1358,8,fold,0,win,3,completer,RAW,1.0574022699696672,11
1358,8,fold,0,win,4,completer,RAW,0.9803776668869641,32
1358,8,fold,0,win,5,completer,RAW,0.45433867256165694,14
1358,8,fold,0,win,6,reverser,RAW,2.2262594955521378,88
1359,8,fold,1,win,1,reverser,RAW,3.5139517740522246,139
1360,8,fold,0,win,1,completer,RAW,0.4923429066935996,1
1360,8,fold,0,win,2,completer,RAW,0.7750940539111619,11
1360,8,fold,0,win,3,completer,RAW,1.3277440234728064,57
1360,8,fold,0,win,4,completer,RAW,0.24716009372167136,7
1360,8,fold,0,win,5,reverser,RAW,2.3875665053514057,77
1360,8,fold,0,win,1,completer,SL_FLOOR,0.4923429066935996,1
1360,8,fold,0,win,2,completer,SL_FLOOR,0.7750940539111619,11
1360,8,fold,0,win,3,completer,SL_FLOOR,1.3277440234728064,57
1360,8,fold,0,win,4,completer,SL_FLOOR,0.24716009372167136,7
1360,8,fold,0,win,5,reverser,SL_FLOOR,2.3875665053514057,77
1361,8,fold,0,win,1,completer,RAW,0.5548884569144616,8
1361,8,fold,0,win,2,completer,RAW,0.2626363546803314,4
1361,8,fold,0,win,3,completer,RAW,0.4003007636391587,13
1361,8,fold,0,win,4,completer,RAW,1.5305808873130045,33
1361,8,fold,0,win,5,completer,RAW,2.3845558497432275,66
1361,8,fold,0,win,6,reverser,RAW,2.1554406159204866,30
1361,8,fold,0,win,1,completer,SL_FLOOR,0.5548884569144616,8
1361,8,fold,0,win,2,completer,SL_FLOOR,0.2626363546803314,4
1361,8,fold,0,win,3,completer,SL_FLOOR,0.4003007636391587,13
1361,8,fold,0,win,4,completer,SL_FLOOR,1.5305808873130045,33
1361,8,fold,0,win,5,completer,SL_FLOOR,2.3845558497432275,66
1361,8,fold,0,win,6,reverser,SL_FLOOR,2.1554406159204866,30
1362,8,fold,0,win,1,completer,RAW,1.9005398760892318,57
1362,8,fold,0,win,2,reverser,RAW,2.2489537813223257,110
1363,8,fold,1,win,1,reverser,RAW,5.130437981418185,148
1364,8,fold,0,win,1,completer,RAW,0.5387325449049816,1
1364,8,fold,0,win,2,completer,RAW,0.8481251309346987,3
1364,8,fold,0,win,3,completer,RAW,1.4528470036291958,61
1364,8,fold,0,win,4,completer,RAW,0.7193918521321776,9
1364,8,fold,0,win,5,completer,RAW,0.5982311191414311,4
1364,8,fold,0,win,6,reverser,RAW,2.6125283051114123,105
1364,8,fold,0,win,1,completer,SL_FLOOR,0.5387325449049816,1
1364,8,fold,0,win,2,completer,SL_FLOOR,0.8481251309346987,3
1364,8,fold,0,win,3,completer,SL_FLOOR,1.4528470036291958,61
1364,8,fold,0,win,4,completer,SL_FLOOR,0.7193918521321776,9
1364,8,fold,0,win,5,completer,SL_FLOOR,0.5982311191414311,4
1364,8,fold,0,win,6,reverser,SL_FLOOR,2.6125283051114123,105
1365,8,fold,0,win,1,completer,RAW,0.6204642416217521,28
1365,8,fold,0,win,2,completer,RAW,0.11079718600388011,3
1365,8,fold,0,win,3,completer,RAW,0.5513267975553298,2
1365,8,fold,0,win,4,completer,RAW,1.1412110158400073,48
1365,8,fold,0,win,5,reverser,RAW,2.2615921607112432,154
1365,8,fold,0,win,1,completer,SL_FLOOR,0.6204642416217521,28
1365,8,fold,0,win,2,completer,SL_FLOOR,0.11079718600388011,3
1365,8,fold,0,win,3,completer,SL_FLOOR,0.5513267975553298,2
1365,8,fold,0,win,4,completer,SL_FLOOR,1.1412110158400073,48
1365,8,fold,0,win,5,reverser,SL_FLOOR,2.2615921607112432,154
1366,8,fold,0,win,1,completer,RAW,0.11531460460533904,6
1366,8,fold,0,win,2,completer,RAW,0.05749669700378224,2
1366,8,fold,0,win,3,completer,RAW,0.6067668192186364,2
1366,8,fold,0,win,4,completer,RAW,0.6067668192186364,12
1366,8,fold,0,win,5,completer,RAW,0.9054926751600201,20
1366,8,fold,0,win,6,completer,RAW,0.7998143884882802,13
1366,8,fold,0,win,1,completer,SL_FLOOR,0.11531460460533904,6
1366,8,fold,0,win,2,completer,SL_FLOOR,0.05749669700378224,2
1366,8,fold,0,win,3,completer,SL_FLOOR,0.6067668192186364,2
1366,8,fold,0,win,4,completer,SL_FLOOR,0.6067668192186364,12
1366,8,fold,0,win,5,completer,SL_FLOOR,0.9054926751600201,20
1366,8,fold,0,win,6,completer,SL_FLOOR,0.7998143884882802,13
1369,8,fold,1,win,1,completer,RAW,0.8191375646019177,24
1369,8,fold,1,win,2,completer,RAW,0.9224368301744303,21
1369,8,fold,1,win,3,reverser,RAW,3.3392981593959115,175
1369,8,fold,1,win,1,completer,SL_FLOOR,0.8191375646019177,24
1369,8,fold,1,win,2,completer,SL_FLOOR,0.9224368301744303,21
1369,8,fold,1,win,3,reverser,SL_FLOOR,3.3392981593959115,175
1373,8,fold,0,win,1,reverser,RAW,1.4492508513355982,43
1374,8,fold,1,win,1,completer,RAW,0.4025261325982521,8
1374,8,fold,1,win,2,reverser,RAW,2.2098903048252265,216
1374,8,fold,1,win,1,completer,SL_FLOOR,0.4025261325982521,8
1374,8,fold,1,win,2,reverser,SL_FLOOR,2.2098903048252265,216
1375,8,fold,0,win,1,completer,RAW,2.2961239254057393,212
1375,8,fold,0,win,2,reverser,RAW,0.3031783849228724,10
1375,8,fold,0,win,1,reverser,SL_FLOOR,1.8724685403606767,37
1377,8,fold,0,win,1,completer,RAW,0.17779169306376064,7
1377,8,fold,0,win,2,completer,RAW,0.6512137594777463,18
1377,8,fold,0,win,3,completer,RAW,1.4745340125317585,64
1377,8,fold,0,win,4,completer,RAW,1.7774000943206039,111
1377,8,fold,0,win,5,reverser,RAW,0.8512294141744867,23
1377,8,fold,0,win,1,completer,SL_FLOOR,0.17779169306376064,7
1377,8,fold,0,win,2,completer,SL_FLOOR,0.6512137594777463,18
1377,8,fold,0,win,3,completer,SL_FLOOR,1.4745340125317585,64
1377,8,fold,0,win,4,completer,SL_FLOOR,1.7774000943206039,111
1377,8,fold,0,win,5,reverser,SL_FLOOR,0.8512294141744867,23
1378,8,fold,0,win,1,completer,RAW,0.32521564353095966,13
1378,8,fold,0,win,2,completer,RAW,0.5912330478016874,6
1378,8,fold,0,win,3,completer,RAW,1.140502786760645,43
1378,8,fold,0,win,4,completer,RAW,0.296740541101995,4
1378,8,fold,0,win,5,completer,RAW,1.5766214608044784,59
1378,8,fold,0,win,6,completer,RAW,2.083178546119955,84
1378,8,fold,0,win,1,completer,SL_FLOOR,0.32521564353095966,13
1378,8,fold,0,win,2,completer,SL_FLOOR,0.5912330478016874,6
1378,8,fold,0,win,3,completer,SL_FLOOR,1.140502786760645,43
1378,8,fold,0,win,4,completer,SL_FLOOR,0.296740541101995,4
1378,8,fold,0,win,5,completer,SL_FLOOR,1.5766214608044784,59
1378,8,fold,0,win,6,completer,SL_FLOOR,2.083178546119955,84
1379,8,fold,1,win,1,reverser,RAW,3.7417588905447703,203
1379,8,fold,1,win,1,reverser,SL_FLOOR,2.1998890527817774,77
1382,8,fold,0,win,1,completer,RAW,2.035113690239367,147
1382,8,fold,0,win,2,completer,RAW,0.24020599543127252,12
1382,8,fold,0,win,3,completer,RAW,0.7067113234004232,43
1382,8,fold,0,win,4,reverser,RAW,0.2585375056089103,11
1382,8,fold,0,win,1,completer,SL_FLOOR,2.035113690239367,147
1382,8,fold,0,win,2,completer,SL_FLOOR,0.24020599543127252,12
1382,8,fold,0,win,3,completer,SL_FLOOR,0.7067113234004232,43
1382,8,fold,0,win,4,reverser,SL_FLOOR,0.2585375056089103,11
1383,8,fold,1,win,1,reverser,RAW,4.033603436901442,164
1384,8,fold,0,win,1,completer,RAW,0.9959709218362043,48
1384,8,fold,0,win,2,completer,RAW,0.26193000262518273,8
1384,8,fold,0,win,3,completer,RAW,0.49559704144126515,25
1384,8,fold,0,win,4,completer,RAW,0.5561036681875264,30
1384,8,fold,0,win,5,reverser,RAW,0.8371410266273145,20
1385,8,fold,0,win,1,completer,RAW,0.7451404757242996,97
1385,8,fold,0,win,2,completer,RAW,0.6295297790377425,41
1385,8,fold,0,win,3,completer,RAW,0.5329062405661258,27
1385,8,fold,0,win,4,reverser,RAW,0.9109616574681567,61
1385,8,fold,0,win,1,completer,SL_FLOOR,0.7451404757242996,97
1385,8,fold,0,win,2,completer,SL_FLOOR,0.6295297790377425,41
1385,8,fold,0,win,3,completer,SL_FLOOR,0.5329062405661258,27
1385,8,fold,0,win,4,reverser,SL_FLOOR,0.9109616574681567,61
1388,8,fold,0,loss,1,completer,RAW,3.4144369795682614,164
1388,8,fold,0,loss,2,reverser,RAW,1.5914144701275004,36
1388,8,fold,0,loss,1,reverser,SL_FLOOR,2.263077784135981,5
1389,8,fold,0,win,1,completer,RAW,1.18297528024593,28
1389,8,fold,0,win,2,completer,RAW,0.8073846819038182,26
1389,8,fold,0,win,3,reverser,RAW,3.846696228775948,67
1390,8,fold,1,win,1,reverser,RAW,4.849991105034542,236
1390,8,fold,1,win,1,reverser,SL_FLOOR,2.469520484162743,28
1391,8,fold,0,win,1,completer,RAW,0.2480735560931393,11
1391,8,fold,0,win,2,completer,RAW,1.1930878791867954,88
1391,8,fold,0,win,3,completer,RAW,0.9228336286665142,39
1391,8,fold,0,win,4,completer,RAW,0.6158061215959467,9
1391,8,fold,0,win,5,reverser,RAW,1.2654669873175095,50
1391,8,fold,0,win,1,completer,SL_FLOOR,0.2480735560931393,11
1391,8,fold,0,win,2,completer,SL_FLOOR,1.1930878791867954,88
1391,8,fold,0,win,3,completer,SL_FLOOR,0.9228336286665142,39
1391,8,fold,0,win,4,completer,SL_FLOOR,0.6158061215959467,9
1391,8,fold,0,win,5,reverser,SL_FLOOR,1.2654669873175095,50
1393,8,fold,1,win,1,reverser,RAW,4.499641022798252,229
1393,8,fold,1,win,1,reverser,SL_FLOOR,2.501650559391071,26
1394,8,fold,0,win,1,completer,RAW,0.30521980478262223,5
1394,8,fold,0,win,2,completer,RAW,0.5917673391550182,27
1394,8,fold,0,win,3,completer,RAW,1.467927719942807,69
1394,8,fold,0,win,4,completer,RAW,1.1354176737913972,38
1394,8,fold,0,win,5,completer,RAW,0.4021719780665469,2
1394,8,fold,0,win,6,completer,RAW,1.556980086514689,61
1394,8,fold,0,win,1,completer,SL_FLOOR,0.30521980478262223,5
1394,8,fold,0,win,2,completer,SL_FLOOR,0.5917673391550182,27
1394,8,fold,0,win,3,completer,SL_FLOOR,1.467927719942807,69
1394,8,fold,0,win,4,completer,SL_FLOOR,1.1354176737913972,38
1394,8,fold,0,win,5,completer,SL_FLOOR,0.4021719780665469,2
1394,8,fold,0,win,6,completer,SL_FLOOR,1.556980086514689,61
1395,8,fold,0,win,1,completer,RAW,0.6132418652547864,31
1395,8,fold,0,win,2,completer,RAW,1.1607313204494352,54
1395,8,fold,0,win,3,completer,RAW,0.4835262263606448,20
1395,8,fold,0,win,4,completer,RAW,1.0976626822284863,52
1395,8,fold,0,win,5,completer,RAW,0.5090220588329526,16
1395,8,fold,0,win,6,reverser,RAW,1.2779226907607217,58
1395,8,fold,0,win,1,completer,SL_FLOOR,0.6132418652547864,31
1395,8,fold,0,win,2,completer,SL_FLOOR,1.1607313204494352,54
1395,8,fold,0,win,3,completer,SL_FLOOR,0.4835262263606448,20
1395,8,fold,0,win,4,completer,SL_FLOOR,1.0976626822284863,52
1395,8,fold,0,win,5,completer,SL_FLOOR,0.5090220588329526,16
1395,8,fold,0,win,6,reverser,SL_FLOOR,1.2779226907607217,58
1396,8,fold,0,win,1,completer,RAW,0.36466556169199627,13
1396,8,fold,0,win,2,completer,RAW,0.03460046374264136,2
1396,8,fold,0,win,3,completer,RAW,0.2954646342067466,12
1396,8,fold,0,win,4,completer,RAW,0.8692880553766855,36
1396,8,fold,0,win,5,reverser,RAW,1.5908437936499604,104
1396,8,fold,0,win,1,completer,SL_FLOOR,0.36466556169199627,13
1396,8,fold,0,win,2,completer,SL_FLOOR,0.03460046374264136,2
1396,8,fold,0,win,3,completer,SL_FLOOR,0.2954646342067466,12
1396,8,fold,0,win,4,completer,SL_FLOOR,0.8692880553766855,36
1396,8,fold,0,win,5,reverser,SL_FLOOR,1.5908437936499604,104
1397,8,fold,0,win,1,reverser,RAW,1.6562778497061705,100
1397,8,fold,0,win,1,reverser,SL_FLOOR,1.6562778497061705,100
1398,8,fold,1,win,1,completer,RAW,0.41974539861687377,16
1398,8,fold,1,win,2,completer,RAW,0.2433884915934419,6
1398,8,fold,1,win,3,completer,RAW,0.7193925415458549,50
1398,8,fold,1,win,4,reverser,RAW,4.043440940668664,122
1398,8,fold,1,win,1,completer,SL_FLOOR,0.41974539861687377,16
1398,8,fold,1,win,2,completer,SL_FLOOR,0.2433884915934419,6
1398,8,fold,1,win,3,completer,SL_FLOOR,0.7193925415458549,50
1398,8,fold,1,win,4,reverser,SL_FLOOR,4.043440940668664,122
1399,8,fold,0,win,1,completer,RAW,0.25389678515567726,10
1399,8,fold,0,win,2,completer,RAW,1.1130126512057799,82
1399,8,fold,0,win,3,completer,RAW,0.9683505294310364,16
1399,8,fold,0,win,4,completer,RAW,0.5633949980683557,20
1399,8,fold,0,win,5,completer,RAW,1.1961687688246228,26
1399,8,fold,0,win,6,completer,RAW,0.5579824697026208,14
1399,8,fold,0,win,1,completer,SL_FLOOR,0.25389678515567726,10
1399,8,fold,0,win,2,completer,SL_FLOOR,1.1130126512057799,82
1399,8,fold,0,win,3,completer,SL_FLOOR,0.9683505294310364,16
1399,8,fold,0,win,4,completer,SL_FLOOR,0.5633949980683557,20
1399,8,fold,0,win,5,completer,SL_FLOOR,1.1961687688246228,26
1399,8,fold,0,win,6,completer,SL_FLOOR,0.5579824697026208,14
1401,8,fold,0,win,1,completer,RAW,1.821482663335243,55
1401,8,fold,0,win,2,completer,RAW,0.6306330671554168,17
1401,8,fold,0,win,3,completer,RAW,0.38510991650397175,11
1401,8,fold,0,win,4,completer,RAW,0.5957363756922653,13
1401,8,fold,0,win,5,reverser,RAW,2.858412923954427,132
1401,8,fold,0,win,1,completer,SL_FLOOR,1.821482663335243,55
1401,8,fold,0,win,2,completer,SL_FLOOR,0.6306330671554168,17
1401,8,fold,0,win,3,completer,SL_FLOOR,0.38510991650397175,11
1401,8,fold,0,win,4,completer,SL_FLOOR,0.5957363756922653,13
1401,8,fold,0,win,5,reverser,SL_FLOOR,2.858412923954427,132
1402,8,fold,0,win,1,completer,RAW,0.21400506292869315,15
1402,8,fold,0,win,2,completer,RAW,1.0039822091698334,38
1402,8,fold,0,win,3,completer,RAW,0.669956502640225,13
1402,8,fold,0,win,4,completer,RAW,1.3767447371791128,56
1402,8,fold,0,win,5,completer,RAW,0.4489661112479819,8
1402,8,fold,0,win,6,reverser,RAW,3.423445976998451,103
1402,8,fold,0,win,1,completer,SL_FLOOR,0.21400506292869315,15
1402,8,fold,0,win,2,completer,SL_FLOOR,1.0039822091698334,38
1402,8,fold,0,win,3,completer,SL_FLOOR,0.669956502640225,13
1402,8,fold,0,win,4,completer,SL_FLOOR,1.3767447371791128,56
1402,8,fold,0,win,5,completer,SL_FLOOR,0.4489661112479819,8
1402,8,fold,0,win,6,reverser,SL_FLOOR,3.423445976998451,103
1403,8,fold,1,win,1,completer,RAW,0.14629781490191407,7
1403,8,fold,1,win,2,reverser,RAW,3.0688290804840146,113
1403,8,fold,1,win,1,completer,SL_FLOOR,0.14629781490191407,7
1403,8,fold,1,win,2,reverser,SL_FLOOR,3.0688290804840146,113
1406,8,fold,1,win,1,completer,RAW,1.1783638199347162,36
1406,8,fold,1,win,2,completer,RAW,0.6160364396363847,24
1406,8,fold,1,win,3,reverser,RAW,4.635156530583432,154
1406,8,fold,1,win,1,completer,SL_FLOOR,1.1783638199347162,36
1406,8,fold,1,win,2,completer,SL_FLOOR,0.6160364396363847,24
1406,8,fold,1,win,3,reverser,SL_FLOOR,4.635156530583432,154
1407,8,fold,0,win,1,completer,RAW,0.3440470615033593,14
1407,8,fold,0,win,2,completer,RAW,0.33715233081191043,7
1407,8,fold,0,win,3,completer,RAW,0.6363836428208418,13
1407,8,fold,0,win,4,completer,RAW,2.0042982120045147,44
1407,8,fold,0,win,5,completer,RAW,0.4536732794974121,7
1407,8,fold,0,win,6,reverser,RAW,3.449433764932444,149
1407,8,fold,0,win,1,completer,SL_FLOOR,0.3440470615033593,14
1407,8,fold,0,win,2,completer,SL_FLOOR,0.33715233081191043,7
1407,8,fold,0,win,3,completer,SL_FLOOR,0.6363836428208418,13
1407,8,fold,0,win,4,completer,SL_FLOOR,2.0042982120045147,44
1407,8,fold,0,win,5,completer,SL_FLOOR,0.4536732794974121,7
1407,8,fold,0,win,6,reverser,SL_FLOOR,3.449433764932444,149
1408,8,fold,0,win,1,reverser,RAW,2.357756853499896,228
1408,8,fold,0,win,1,reverser,SL_FLOOR,2.2629580966828557,23
1409,8,fold,0,win,1,completer,RAW,0.779625145126972,14
1409,8,fold,0,win,2,completer,RAW,1.2059347248777557,63
1409,8,fold,0,win,3,completer,RAW,0.8060011335144397,38
1409,8,fold,0,win,4,completer,RAW,0.6133950787781055,49
1409,8,fold,0,win,5,completer,RAW,0.45943291400478703,16
1409,8,fold,0,win,6,reverser,RAW,2.152403331432363,61
1409,8,fold,0,win,1,completer,SL_FLOOR,0.779625145126972,14
1409,8,fold,0,win,2,completer,SL_FLOOR,1.2059347248777557,63
1409,8,fold,0,win,3,completer,SL_FLOOR,0.8060011335144397,38
1409,8,fold,0,win,4,completer,SL_FLOOR,0.6133950787781055,49
1409,8,fold,0,win,5,completer,SL_FLOOR,0.45943291400478703,16
1409,8,fold,0,win,6,reverser,SL_FLOOR,2.152403331432363,61
1410,8,fold,1,win,1,reverser,RAW,3.668040168019366,190
1411,8,fold,1,win,1,reverser,RAW,5.0149137629376535,201
1411,8,fold,1,win,1,reverser,SL_FLOOR,2.4730959311443748,56
1412,8,fold,1,win,1,completer,RAW,0.3572618932770748,11
1412,8,fold,1,win,2,completer,RAW,0.3714337211469272,22
1412,8,fold,1,win,3,reverser,RAW,4.002717429750985,188
1412,8,fold,1,win,1,completer,SL_FLOOR,0.3572618932770748,11
1412,8,fold,1,win,2,completer,SL_FLOOR,0.3714337211469272,22
1412,8,fold,1,win,3,reverser,SL_FLOOR,4.002717429750985,188
1413,8,fold,0,win,1,completer,RAW,0.6223599042453222,7
1413,8,fold,0,win,2,completer,RAW,0.3577903586460529,1
1413,8,fold,0,win,3,reverser,RAW,0.6285746251151254,7
1414,8,fold,0,win,1,completer,RAW,0.7381374825363298,37
1414,8,fold,0,win,2,completer,RAW,1.0222265404067084,58
1414,8,fold,0,win,3,completer,RAW,0.5217357306280554,36
1414,8,fold,0,win,4,completer,RAW,0.1650186875281845,10
1414,8,fold,0,win,5,reverser,RAW,2.906601612959306,91
1414,8,fold,0,win,1,completer,SL_FLOOR,0.7381374825363298,37
1414,8,fold,0,win,2,completer,SL_FLOOR,1.0222265404067084,58
1414,8,fold,0,win,3,completer,SL_FLOOR,0.5217357306280554,36
1414,8,fold,0,win,4,completer,SL_FLOOR,0.1650186875281845,10
1414,8,fold,0,win,5,reverser,SL_FLOOR,2.906601612959306,91
1415,8,fold,0,win,1,completer,RAW,0.8627302621878525,23
1415,8,fold,0,win,2,reverser,RAW,0.9224786329164991,56
1416,8,fold,0,win,1,completer,RAW,0.7860926726991089,27
1416,8,fold,0,win,2,reverser,RAW,2.033352858420531,36
1417,8,fold,0,win,1,completer,RAW,0.9601787733903222,39
1417,8,fold,0,win,2,reverser,RAW,1.877324324443805,82
1419,8,fold,1,win,1,completer,RAW,1.2964506420498962,48
1419,8,fold,1,win,2,reverser,RAW,3.655053617345503,107
1419,8,fold,1,win,1,completer,SL_FLOOR,1.2964506420498962,48
1419,8,fold,1,win,2,reverser,SL_FLOOR,3.655053617345503,107
1420,8,fold,0,win,1,reverser,RAW,0.3448455224779352,3
1421,8,fold,0,win,1,reverser,RAW,1.7991900466831097,60
1422,8,fold,0,win,1,completer,RAW,0.2033261102123196,7
1422,8,fold,0,win,2,completer,RAW,0.5100988379010645,19
1422,8,fold,0,win,3,completer,RAW,1.1209689497231514,13
1422,8,fold,0,win,4,completer,RAW,0.4347433277565891,2
1422,8,fold,0,win,5,reverser,RAW,4.380429181416199,88
1423,8,fold,0,win,1,completer,RAW,1.6935140155853874,84
1423,8,fold,0,win,2,completer,RAW,0.5113400722881516,13
1423,8,fold,0,win,3,reverser,RAW,1.7939360370022843,81
1425,8,fold,0,win,1,completer,RAW,0.848187696994835,21
1425,8,fold,0,win,2,reverser,RAW,3.0450686408701615,83
1426,8,fold,1,win,1,completer,RAW,0.3045730094376444,11
1426,8,fold,1,win,2,reverser,RAW,3.2091498161504237,189
1426,8,fold,1,win,1,completer,SL_FLOOR,0.3045730094376444,11
1426,8,fold,1,win,2,reverser,SL_FLOOR,3.2091498161504237,189
1427,8,fold,0,win,1,completer,RAW,0.16158944498674366,5
1427,8,fold,0,win,2,completer,RAW,0.4840469535093921,13
1427,8,fold,0,win,3,completer,RAW,0.4678158708656399,7
1427,8,fold,0,win,4,completer,RAW,0.7264311209895236,25
1427,8,fold,0,win,5,reverser,RAW,3.0633463309651936,86
1428,8,fold,0,win,1,completer,RAW,0.9441456166854818,103
1428,8,fold,0,win,2,reverser,RAW,1.82445939450221,95
1428,8,fold,0,win,1,completer,SL_FLOOR,0.9441456166854818,103
1428,8,fold,0,win,2,reverser,SL_FLOOR,1.82445939450221,95
1430,8,fold,0,win,1,completer,RAW,1.1304512282007302,62
1430,8,fold,0,win,2,completer,RAW,0.7459904738536591,33
1430,8,fold,0,win,3,reverser,RAW,2.905410903726985,128
1430,8,fold,0,win,1,completer,SL_FLOOR,1.1304512282007302,62
1430,8,fold,0,win,2,completer,SL_FLOOR,0.7459904738536591,33
1430,8,fold,0,win,3,reverser,SL_FLOOR,2.905410903726985,128
1431,8,fold,0,win,1,completer,RAW,1.1398848694735593,82
1431,8,fold,0,win,2,reverser,RAW,2.6293885468273595,133
1431,8,fold,0,win,1,completer,SL_FLOOR,1.1398848694735593,82
1431,8,fold,0,win,2,reverser,SL_FLOOR,2.6293885468273595,133
1433,8,fold,0,win,1,completer,RAW,0.8450940930289261,20
1433,8,fold,0,win,2,completer,RAW,0.8474679528408102,37
1433,8,fold,0,win,3,reverser,RAW,2.033923086817927,170
1433,8,fold,0,win,1,completer,SL_FLOOR,0.8450940930289261,20
1433,8,fold,0,win,2,completer,SL_FLOOR,0.8474679528408102,37
1433,8,fold,0,win,3,reverser,SL_FLOOR,2.033923086817927,170
1434,8,fold,0,win,1,completer,RAW,0.9077452345395817,119
1434,8,fold,0,win,2,reverser,RAW,0.08360290025659411,1
1435,8,fold,1,win,1,reverser,RAW,3.884740340782826,211
1435,8,fold,1,win,1,reverser,SL_FLOOR,2.844587039392061,91
1436,8,fold,0,win,1,completer,RAW,0.5401495178056781,15
1436,8,fold,0,win,2,completer,RAW,0.30559391657776125,7
1436,8,fold,0,win,3,completer,RAW,1.0810739990515192,27
1436,8,fold,0,win,4,completer,RAW,2.4822078988975242,150
1436,8,fold,0,win,5,reverser,RAW,0.7992456279726143,35
1436,8,fold,0,win,1,completer,SL_FLOOR,0.5401495178056781,15
1436,8,fold,0,win,2,completer,SL_FLOOR,0.30559391657776125,7
1436,8,fold,0,win,3,completer,SL_FLOOR,1.0810739990515192,27
1436,8,fold,0,win,4,completer,SL_FLOOR,2.4822078988975242,150
1436,8,fold,0,win,5,reverser,SL_FLOOR,0.7992456279726143,35
1437,8,fold,0,win,1,completer,RAW,1.2858705196011055,83
1437,8,fold,0,win,2,completer,RAW,1.8590580468474727,68
1437,8,fold,0,win,3,reverser,RAW,1.8884777065504152,50
1437,8,fold,0,win,1,completer,SL_FLOOR,1.2858705196011055,83
1437,8,fold,0,win,2,completer,SL_FLOOR,1.8590580468474727,68
1437,8,fold,0,win,3,reverser,SL_FLOOR,1.8884777065504152,50
1438,8,fold,0,win,1,completer,RAW,1.676276018943689,46
1438,8,fold,0,win,2,completer,RAW,0.5600827456660245,25
1438,8,fold,0,win,3,reverser,RAW,2.203036268709181,52
1439,8,fold,0,win,1,completer,RAW,0.607158892347045,22
1439,8,fold,0,win,2,reverser,RAW,1.9382542758479082,61
1444,8,fold,0,win,1,completer,RAW,0.6809363286976048,27
1444,8,fold,0,win,2,reverser,RAW,2.6922841036397145,108
1447,8,fold,0,win,1,completer,RAW,0.761065739837839,43
1447,8,fold,0,win,2,completer,RAW,0.6034713189623158,28
1447,8,fold,0,win,3,reverser,RAW,1.7587976657291655,132
1447,8,fold,0,win,1,completer,SL_FLOOR,0.761065739837839,43
1447,8,fold,0,win,2,completer,SL_FLOOR,0.6034713189623158,28
1447,8,fold,0,win,3,reverser,SL_FLOOR,1.7587976657291655,132
1448,8,fold,1,win,1,reverser,RAW,2.2937350518692883,110
1449,8,fold,0,win,1,completer,RAW,0.5825531899635216,12
1449,8,fold,0,win,2,completer,RAW,1.046052851025759,25
1449,8,fold,0,win,3,reverser,RAW,3.170811584062331,121
1450,8,fold,1,win,1,reverser,RAW,3.513220181560924,168
1452,8,fold,1,win,1,completer,RAW,0.8866357733340182,22
1452,8,fold,1,win,2,reverser,RAW,4.318192409098541,176
1452,8,fold,1,win,1,completer,SL_FLOOR,0.8866357733340182,22
1452,8,fold,1,win,2,reverser,SL_FLOOR,3.5549979799222604,123
1454,8,fold,1,win,1,completer,RAW,1.3149658872156076,37
1454,8,fold,1,win,2,reverser,RAW,4.006974731449349,197
1454,8,fold,1,win,1,completer,SL_FLOOR,1.3149658872156076,37
1454,8,fold,1,win,2,reverser,SL_FLOOR,3.4349311957418434,103
1455,8,fold,0,win,1,completer,RAW,1.452302383487275,26
1455,8,fold,0,win,2,completer,RAW,0.3645697341264329,13
1455,8,fold,0,win,3,completer,RAW,0.34718339807272036,7
1455,8,fold,0,win,4,reverser,RAW,2.918731165018193,179
1455,8,fold,0,win,1,completer,SL_FLOOR,1.452302383487275,26
1455,8,fold,0,win,2,completer,SL_FLOOR,0.3645697341264329,13
1455,8,fold,0,win,3,completer,SL_FLOOR,0.34718339807272036,7
1455,8,fold,0,win,4,reverser,SL_FLOOR,2.918731165018193,179
1456,8,fold,1,win,1,reverser,RAW,4.518630758540279,236
1456,8,fold,1,win,1,reverser,SL_FLOOR,3.017281293656955,24
1458,8,fold,0,win,1,completer,RAW,0.20377055275465739,6
1458,8,fold,0,win,2,completer,RAW,2.19647827421696,87
1458,8,fold,0,win,3,completer,RAW,0.15621189591782914,3
1458,8,fold,0,win,4,completer,RAW,1.3001805107540179,49
1458,8,fold,0,win,5,reverser,RAW,1.920272228741652,63
1458,8,fold,0,win,1,completer,SL_FLOOR,0.20377055275465739,6
1458,8,fold,0,win,2,completer,SL_FLOOR,2.19647827421696,87
1458,8,fold,0,win,3,completer,SL_FLOOR,0.15621189591782914,3
1458,8,fold,0,win,4,completer,SL_FLOOR,1.3001805107540179,49
1458,8,fold,0,win,5,reverser,SL_FLOOR,1.920272228741652,63
1459,8,fold,1,win,1,completer,RAW,0.46712937303518154,16
1459,8,fold,1,win,2,reverser,RAW,2.782947449424719,214
1459,8,fold,1,win,1,completer,SL_FLOOR,0.46712937303518154,16
1459,8,fold,1,win,2,reverser,SL_FLOOR,2.782947449424719,214
1460,8,fold,0,win,1,completer,RAW,0.17463394718036063,2
1460,8,fold,0,win,2,completer,RAW,2.2776345753420855,100
1460,8,fold,0,win,3,completer,RAW,0.8433417478432572,50
1460,8,fold,0,win,4,completer,RAW,0.22587690102453273,8
1460,8,fold,0,win,5,reverser,RAW,1.8610625027980081,50
1460,8,fold,0,win,1,completer,SL_FLOOR,0.17463394718036063,2
1460,8,fold,0,win,2,completer,SL_FLOOR,2.2776345753420855,100
1460,8,fold,0,win,3,completer,SL_FLOOR,0.8433417478432572,50
1460,8,fold,0,win,4,completer,SL_FLOOR,0.22587690102453273,8
1460,8,fold,0,win,5,reverser,SL_FLOOR,1.8610625027980081,50
1461,8,fold,0,win,1,completer,RAW,0.3800780342736778,9
1461,8,fold,0,win,2,completer,RAW,0.47372044851501216,19
1461,8,fold,0,win,3,completer,RAW,0.9948522874337509,27
1461,8,fold,0,win,4,completer,RAW,2.4126692610416094,129
1461,8,fold,0,win,5,reverser,RAW,2.5218531684028362,52
1461,8,fold,0,win,1,completer,SL_FLOOR,0.3800780342736778,9
1461,8,fold,0,win,2,completer,SL_FLOOR,0.47372044851501216,19
1461,8,fold,0,win,3,completer,SL_FLOOR,0.9948522874337509,27
1461,8,fold,0,win,4,completer,SL_FLOOR,2.4126692610416094,129
1461,8,fold,0,win,5,reverser,SL_FLOOR,2.5218531684028362,52
1462,8,fold,1,win,1,completer,RAW,0.9767073514905767,21
1462,8,fold,1,win,2,reverser,RAW,4.756869052618823,210
1462,8,fold,1,win,1,completer,SL_FLOOR,0.9767073514905767,21
1462,8,fold,1,win,2,reverser,SL_FLOOR,3.916143207788389,123
1464,8,fold,0,win,1,completer,RAW,0.26518484977585866,8
1464,8,fold,0,win,2,reverser,RAW,2.378157718838941,92
1465,8,fold,1,win,1,reverser,RAW,3.3319400815256666,216
1465,8,fold,1,win,1,reverser,SL_FLOOR,2.295114482276957,51
1466,8,fold,1,win,1,reverser,RAW,3.20909679753542,166
1467,8,fold,0,win,1,completer,RAW,1.8771661874200225,115
1467,8,fold,0,win,2,completer,RAW,0.7084505816574995,20
1467,8,fold,0,win,3,reverser,RAW,1.6514154825276934,96
1467,8,fold,0,win,1,completer,SL_FLOOR,1.8771661874200225,115
1467,8,fold,0,win,2,completer,SL_FLOOR,0.7084505816574995,20
1467,8,fold,0,win,3,reverser,SL_FLOOR,1.6514154825276934,96
1468,8,fold,0,win,1,completer,RAW,1.4466074240074698,37
1468,8,fold,0,win,2,reverser,RAW,1.9581318769254012,92
1469,8,fold,1,win,1,completer,RAW,0.28060469701877233,8
1469,8,fold,1,win,2,completer,RAW,0.39897187009749624,13
1469,8,fold,1,win,3,reverser,RAW,3.9201883335721623,186
1470,8,fold,0,win,1,completer,RAW,1.628101294815414,78
1470,8,fold,0,win,2,reverser,RAW,1.764933194136062,137
1470,8,fold,0,win,1,completer,SL_FLOOR,1.628101294815414,78
1470,8,fold,0,win,2,reverser,SL_FLOOR,1.764933194136062,137
1471,8,fold,1,win,1,completer,RAW,0.5153826848871013,20
1471,8,fold,1,win,2,completer,RAW,1.4973982736466087,53
1471,8,fold,1,win,3,reverser,RAW,3.6404386470515044,152
1471,8,fold,1,win,1,completer,SL_FLOOR,0.5153826848871013,20
1471,8,fold,1,win,2,completer,SL_FLOOR,1.4973982736466087,53
1471,8,fold,1,win,3,reverser,SL_FLOOR,3.6404386470515044,152
1472,8,fold,1,win,1,completer,RAW,0.38531494844704817,23
1472,8,fold,1,win,2,completer,RAW,0.7659309341081124,37
1472,8,fold,1,win,3,completer,RAW,0.27003372809866466,5
1472,8,fold,1,win,4,reverser,RAW,4.268224530561591,155
1472,8,fold,1,win,1,completer,SL_FLOOR,0.38531494844704817,23
1472,8,fold,1,win,2,completer,SL_FLOOR,0.7659309341081124,37
1472,8,fold,1,win,3,completer,SL_FLOOR,0.27003372809866466,5
1472,8,fold,1,win,4,reverser,SL_FLOOR,4.268224530561591,155
1473,8,fold,0,win,1,completer,RAW,0.186747796764412,15
1473,8,fold,0,win,2,reverser,RAW,1.6423846232775468,101
1474,8,fold,1,win,1,completer,RAW,0.38276296268065924,13
1474,8,fold,1,win,2,completer,RAW,0.2620576300510802,8
1474,8,fold,1,win,3,reverser,RAW,4.640008279965027,213
1474,8,fold,1,win,1,completer,SL_FLOOR,0.38276296268065924,13
1474,8,fold,1,win,2,completer,SL_FLOOR,0.2620576300510802,8
1474,8,fold,1,win,3,reverser,SL_FLOOR,4.380068287328492,209
1475,8,fold,0,win,1,completer,RAW,1.116404589943445,38
1475,8,fold,0,win,2,reverser,RAW,2.035910157107209,133
1475,8,fold,0,win,1,completer,SL_FLOOR,1.116404589943445,38
1475,8,fold,0,win,2,reverser,SL_FLOOR,2.035910157107209,133
1476,8,fold,0,win,1,reverser,RAW,1.2818373066278255,60
1477,8,fold,0,win,1,completer,RAW,0.14198927336639833,18
1477,8,fold,0,win,2,completer,RAW,0.2846956642750551,17
1477,8,fold,0,win,3,reverser,RAW,0.8712978138392278,43
1478,8,fold,0,win,1,completer,RAW,1.3588042362698767,54
1478,8,fold,0,win,2,completer,RAW,1.4465309942194313,50
1478,8,fold,0,win,3,reverser,RAW,0.6096049165546411,18
1480,8,fold,0,win,1,completer,RAW,0.18962126764313525,10
1480,8,fold,0,win,2,completer,RAW,1.6676558418322944,115
1480,8,fold,0,win,3,reverser,RAW,0.5789769372037505,6
1482,8,fold,0,win,1,completer,RAW,2.112375974048791,132
1482,8,fold,0,win,2,reverser,RAW,2.418154755614389,36
1483,8,fold,0,win,1,completer,RAW,1.3643324077782584,74
1483,8,fold,0,win,2,completer,RAW,0.8425092567966246,62
1483,8,fold,0,win,3,completer,RAW,0.5648834761440633,37
1483,8,fold,0,win,4,completer,RAW,0.47083066065771373,19
1483,8,fold,0,win,5,reverser,RAW,0.835710258086773,22
1483,8,fold,0,win,1,completer,SL_FLOOR,1.3643324077782584,74
1483,8,fold,0,win,2,completer,SL_FLOOR,0.8425092567966246,62
1483,8,fold,0,win,3,completer,SL_FLOOR,0.5648834761440633,37
1483,8,fold,0,win,4,completer,SL_FLOOR,0.47083066065771373,19
1483,8,fold,0,win,5,reverser,SL_FLOOR,0.835710258086773,22
1484,8,fold,1,win,1,reverser,RAW,4.998585771734469,223
1484,8,fold,1,win,1,reverser,SL_FLOOR,3.0480630933630986,126
1485,8,fold,1,win,1,reverser,RAW,5.018785835299395,234
1485,8,fold,1,win,1,reverser,SL_FLOOR,2.7327245844729955,50
1486,8,fold,1,win,1,reverser,RAW,5.1220335564161585,226
1486,8,fold,1,win,1,reverser,SL_FLOOR,2.7607871632860794,88
1487,8,fold,0,win,1,completer,RAW,2.870924511241176,194
1487,8,fold,0,win,2,reverser,RAW,0.9743023690502897,37
1487,8,fold,0,win,1,reverser,SL_FLOOR,2.870924511241176,126
1488,8,fold,0,win,1,completer,RAW,0.7239508879495231,36
1488,8,fold,0,win,2,completer,RAW,0.14931487063959503,17
1488,8,fold,0,win,3,completer,RAW,0.29938385678747625,18
1488,8,fold,0,win,4,completer,RAW,0.9162503425611184,48
1488,8,fold,0,win,5,completer,RAW,0.729229696507506,9
1488,8,fold,0,win,6,completer,RAW,0.9456608473840591,25
1488,8,fold,0,win,1,completer,SL_FLOOR,0.7239508879495231,36
1488,8,fold,0,win,2,completer,SL_FLOOR,0.14931487063959503,17
1488,8,fold,0,win,3,completer,SL_FLOOR,0.29938385678747625,18
1488,8,fold,0,win,4,completer,SL_FLOOR,0.9162503425611184,48
1488,8,fold,0,win,5,completer,SL_FLOOR,0.729229696507506,9
1488,8,fold,0,win,6,completer,SL_FLOOR,0.9456608473840591,25
1489,8,fold,0,win,1,reverser,RAW,1.4509396407800734,40
1490,8,fold,0,win,1,reverser,RAW,1.7151950774529239,74
1491,8,fold,1,win,1,completer,RAW,0.6686095534814183,19
1491,8,fold,1,win,2,completer,RAW,0.7006496134583742,35
1491,8,fold,1,win,3,completer,RAW,0.04110800147986016,3
1491,8,fold,1,win,4,reverser,RAW,6.886799306745344,159
1491,8,fold,1,win,1,completer,SL_FLOOR,0.6686095534814183,19
1491,8,fold,1,win,2,completer,SL_FLOOR,0.7006496134583742,35
1491,8,fold,1,win,3,completer,SL_FLOOR,0.04110800147986016,3
1491,8,fold,1,win,4,reverser,SL_FLOOR,5.580411200892403,129
1492,8,fold,1,win,1,completer,RAW,0.23169265012102613,7
1492,8,fold,1,win,2,completer,RAW,0.5851943037983558,54
1492,8,fold,1,win,3,completer,RAW,2.9821910590946312,124
1492,8,fold,1,win,4,reverser,RAW,4.319960570179504,46
1492,8,fold,1,win,1,completer,SL_FLOOR,0.23169265012102613,7
1492,8,fold,1,win,2,completer,SL_FLOOR,0.5851943037983558,54
1492,8,fold,1,win,3,completer,SL_FLOOR,2.9821910590946312,124
1492,8,fold,1,win,4,reverser,SL_FLOOR,4.319960570179504,46
1493,8,fold,0,win,1,completer,RAW,0.8489590878594165,43
1493,8,fold,0,win,2,completer,RAW,2.47784782318192,109
1493,8,fold,0,win,3,completer,RAW,1.1987425955393602,29
1493,8,fold,0,win,4,completer,RAW,0.20914890149935061,8
1493,8,fold,0,win,5,reverser,RAW,3.493713916178753,45
1493,8,fold,0,win,1,completer,SL_FLOOR,0.8489590878594165,43
1493,8,fold,0,win,2,completer,SL_FLOOR,2.47784782318192,109
1493,8,fold,0,win,3,completer,SL_FLOOR,1.1987425955393602,29
1493,8,fold,0,win,4,completer,SL_FLOOR,0.20914890149935061,8
1493,8,fold,0,win,5,reverser,SL_FLOOR,3.493713916178753,45
1494,8,fold,0,win,1,completer,RAW,1.643413568084276,87
1494,8,fold,0,win,2,completer,RAW,0.7120328584145614,36
1494,8,fold,0,win,3,reverser,RAW,3.8611481450436194,80
1494,8,fold,0,win,1,completer,SL_FLOOR,1.643413568084276,87
1494,8,fold,0,win,2,completer,SL_FLOOR,0.7120328584145614,36
1494,8,fold,0,win,3,reverser,SL_FLOOR,3.8611481450436194,80
1495,8,fold,0,win,1,reverser,RAW,2.0377798893558063,94
1496,8,fold,1,win,1,completer,RAW,0.5101530587699891,19
1496,8,fold,1,win,2,reverser,RAW,3.980359090231864,109
1496,8,fold,1,win,1,completer,SL_FLOOR,0.5101530587699891,19
1496,8,fold,1,win,2,reverser,SL_FLOOR,3.5495874496002173,61
1497,8,fold,0,win,1,completer,RAW,0.5187873212187721,30
1497,8,fold,0,win,2,reverser,RAW,1.3500551382007455,112
1499,8,fold,0,win,1,completer,RAW,0.8040188854781283,29
1499,8,fold,0,win,2,completer,RAW,0.9848167830062644,44
1499,8,fold,0,win,3,reverser,RAW,3.0827814056956573,125
1500,8,fold,0,win,1,completer,RAW,0.3775766494748467,9
1500,8,fold,0,win,2,completer,RAW,1.2678668902771724,49
1500,8,fold,0,win,3,completer,RAW,1.323131848587062,43
1500,8,fold,0,win,4,completer,RAW,1.3832375331722848,52
1500,8,fold,0,win,5,reverser,RAW,1.2456802281819606,39
1501,9,fold,1,win,1,reverser,RAW,3.7142260153186832,216
1501,9,fold,1,win,1,reverser,SL_FLOOR,2.7890908692776297,97
1502,9,fold,1,win,1,reverser,RAW,11.075672071943721,227
1502,9,fold,1,win,1,reverser,SL_FLOOR,2.6373078264793053,21
1503,9,fold,0,win,1,completer,RAW,0.7179781655695672,26
1503,9,fold,0,win,2,completer,RAW,0.5832567811658014,24
1503,9,fold,0,win,3,completer,RAW,1.8684151903827706,68
1503,9,fold,0,win,4,completer,RAW,1.7915693410450628,72
1503,9,fold,0,win,5,reverser,RAW,0.6639609995079105,11
1504,9,fold,0,win,1,completer,RAW,0.6764412019017247,29
1504,9,fold,0,win,2,completer,RAW,2.5936211162863128,198
1504,9,fold,0,win,3,completer,RAW,0.4205388424521259,14
1504,9,fold,0,win,4,reverser,RAW,0.1479342311037417,1
1504,9,fold,0,win,1,completer,SL_FLOOR,0.6764412019017247,29
1504,9,fold,0,win,2,completer,SL_FLOOR,2.5936211162863128,198
1504,9,fold,0,win,3,completer,SL_FLOOR,0.4205388424521259,14
1504,9,fold,0,win,4,reverser,SL_FLOOR,0.1479342311037417,1
1505,9,fold,1,win,1,completer,RAW,0.9327052349116514,33
1505,9,fold,1,win,2,completer,RAW,0.971533160984513,31
1505,9,fold,1,win,3,reverser,RAW,5.674304766197051,151
1505,9,fold,1,win,1,completer,SL_FLOOR,0.9327052349116514,33
1505,9,fold,1,win,2,completer,SL_FLOOR,0.971533160984513,31
1505,9,fold,1,win,3,reverser,SL_FLOOR,4.614678138531083,115
1506,9,fold,0,win,1,reverser,RAW,1.4186774750970503,151
1506,9,fold,0,win,1,reverser,SL_FLOOR,1.4186774750970503,151
1509,9,fold,0,win,1,reverser,RAW,2.0054838268456643,161
1513,9,fold,0,win,1,completer,RAW,0.8111323212429515,23
1513,9,fold,0,win,2,completer,RAW,1.5778520493448558,80
1513,9,fold,0,win,3,completer,RAW,0.4751114615090417,18
1513,9,fold,0,win,4,completer,RAW,1.347526275613307,59
1513,9,fold,0,win,5,reverser,RAW,1.8866744993257178,24
1513,9,fold,0,win,1,completer,SL_FLOOR,0.8111323212429515,23
1513,9,fold,0,win,2,completer,SL_FLOOR,1.5778520493448558,80
1513,9,fold,0,win,3,completer,SL_FLOOR,0.4751114615090417,18
1513,9,fold,0,win,4,completer,SL_FLOOR,1.347526275613307,59
1513,9,fold,0,win,5,reverser,SL_FLOOR,1.8866744993257178,24
1514,9,fold,0,win,1,reverser,RAW,0.6469436749962567,17
1515,9,fold,0,win,1,completer,RAW,0.17389666221704148,7
1515,9,fold,0,win,2,completer,RAW,0.6116891363950252,14
1515,9,fold,0,win,3,completer,RAW,1.1278876495024588,125
1515,9,fold,0,win,4,completer,RAW,2.060522906340164,83
1515,9,fold,0,win,5,reverser,RAW,0.3398611959820661,2
1515,9,fold,0,win,1,completer,SL_FLOOR,0.17389666221704148,7
1515,9,fold,0,win,2,completer,SL_FLOOR,0.6116891363950252,14
1515,9,fold,0,win,3,completer,SL_FLOOR,1.1278876495024588,125
1515,9,fold,0,win,4,completer,SL_FLOOR,2.060522906340164,83
1515,9,fold,0,win,5,reverser,SL_FLOOR,0.3398611959820661,2
1518,9,fold,1,win,1,reverser,RAW,2.4452964738444796,187
1521,9,fold,0,win,1,reverser,RAW,1.1321771814615509,49
1523,9,fold,0,win,1,reverser,RAW,1.6578419660731933,237
1523,9,fold,0,win,1,reverser,SL_FLOOR,1.6578419660731933,237
1525,9,fold,1,win,1,completer,RAW,0.9387680075178899,77
1525,9,fold,1,win,2,completer,RAW,0.27941454224911677,8
1525,9,fold,1,win,3,completer,RAW,1.0819882274328498,35
1525,9,fold,1,win,4,reverser,RAW,4.863542486847104,108
1525,9,fold,1,win,1,completer,SL_FLOOR,0.9387680075178899,77
1525,9,fold,1,win,2,completer,SL_FLOOR,0.27941454224911677,8
1525,9,fold,1,win,3,completer,SL_FLOOR,1.0819882274328498,35
1525,9,fold,1,win,4,reverser,SL_FLOOR,4.863542486847104,108
1526,9,fold,1,win,1,reverser,RAW,2.7464268523533137,231
1526,9,fold,1,win,1,reverser,SL_FLOOR,2.461565930167305,55
1528,9,fold,1,win,1,completer,RAW,1.739469774494416,79
1528,9,fold,1,win,2,reverser,RAW,2.6575232665886848,108
1528,9,fold,1,win,1,completer,SL_FLOOR,1.739469774494416,79
1528,9,fold,1,win,2,reverser,SL_FLOOR,2.6575232665886848,108
1529,9,fold,0,win,1,completer,RAW,0.6010821854298203,23
1529,9,fold,0,win,2,completer,RAW,2.194437340752933,83
1529,9,fold,0,win,3,reverser,RAW,2.5953754038990855,96
1529,9,fold,0,win,1,completer,SL_FLOOR,0.6010821854298203,23
1529,9,fold,0,win,2,completer,SL_FLOOR,2.194437340752933,83
1529,9,fold,0,win,3,reverser,SL_FLOOR,2.5953754038990855,96
1530,9,fold,1,win,1,completer,RAW,2.0833187410726794,79
1530,9,fold,1,win,2,reverser,RAW,3.182848076638808,131
1530,9,fold,1,win,1,completer,SL_FLOOR,2.0833187410726794,79
1530,9,fold,1,win,2,reverser,SL_FLOOR,3.0875131631504296,100
1531,9,fold,0,win,1,completer,RAW,2.5289699091495654,156
1531,9,fold,0,win,2,reverser,RAW,1.6548608646045737,55
1532,9,fold,1,win,1,completer,RAW,0.6543470848834114,19
1532,9,fold,1,win,2,completer,RAW,1.6904521078956374,111
1532,9,fold,1,win,3,reverser,RAW,4.307174784067255,60
1532,9,fold,1,win,1,completer,SL_FLOOR,0.6543470848834114,19
1532,9,fold,1,win,2,completer,SL_FLOOR,1.6904521078956374,111
1532,9,fold,1,win,3,reverser,SL_FLOOR,4.117127894205371,51
1533,9,fold,1,win,1,completer,RAW,0.18900532358650324,6
1533,9,fold,1,win,2,completer,RAW,0.1695488932173006,7
1533,9,fold,1,win,3,completer,RAW,0.8631860774906208,19
1533,9,fold,1,win,4,completer,RAW,0.9561445781434639,25
1533,9,fold,1,win,5,reverser,RAW,3.450891316594018,176
1533,9,fold,1,win,1,completer,SL_FLOOR,0.18900532358650324,6
1533,9,fold,1,win,2,completer,SL_FLOOR,0.1695488932173006,7
1533,9,fold,1,win,3,completer,SL_FLOOR,0.8631860774906208,19
1533,9,fold,1,win,4,completer,SL_FLOOR,0.9561445781434639,25
1533,9,fold,1,win,5,reverser,SL_FLOOR,3.450891316594018,176
1534,9,fold,1,win,1,completer,RAW,0.9630385379344094,16
1534,9,fold,1,win,2,reverser,RAW,7.157369798549245,209
1534,9,fold,1,win,1,completer,SL_FLOOR,0.9630385379344094,16
1534,9,fold,1,win,2,reverser,SL_FLOOR,3.0171463931904183,127
1536,9,fold,0,win,1,completer,RAW,2.9809772198257143,230
1536,9,fold,0,win,2,reverser,RAW,0.14205953201609112,2
1536,9,fold,0,win,1,reverser,SL_FLOOR,2.1752155542304497,24
1539,9,fold,1,win,1,reverser,RAW,6.016849444490821,160
1539,9,fold,1,win,1,reverser,SL_FLOOR,2.7466031893925167,61
1540,9,fold,0,win,1,completer,RAW,1.0714811398101938,111
1540,9,fold,0,win,2,completer,RAW,0.14595072315932534,8
1540,9,fold,0,win,3,completer,RAW,0.9859390241216488,94
1540,9,fold,0,win,4,reverser,RAW,0.15476949797258222,4
1541,9,fold,0,win,1,completer,RAW,1.0103567711076593,111
1541,9,fold,0,win,2,completer,RAW,0.38127455107231345,14
1541,9,fold,0,win,3,completer,RAW,0.9296945432908386,98
1541,9,fold,0,win,4,reverser,RAW,0.30726487812699244,14
1541,9,fold,0,win,1,completer,SL_FLOOR,1.0103567711076593,111
1541,9,fold,0,win,2,completer,SL_FLOOR,0.38127455107231345,14
1541,9,fold,0,win,3,completer,SL_FLOOR,0.9296945432908386,98
1541,9,fold,0,win,4,reverser,SL_FLOOR,0.30726487812699244,14
1542,9,fold,0,win,1,reverser,RAW,2.3278914397274724,94
1543,9,fold,1,win,1,completer,RAW,0.45030724748752915,22
1543,9,fold,1,win,2,reverser,RAW,8.631843760151458,192
1543,9,fold,1,win,1,completer,SL_FLOOR,0.45030724748752915,22
1543,9,fold,1,win,2,reverser,SL_FLOOR,3.1819420515850356,31
1544,9,fold,1,win,1,reverser,RAW,4.631377863580191,230
1544,9,fold,1,win,1,reverser,SL_FLOOR,2.1757677699247133,111
1546,9,fold,1,win,1,completer,RAW,0.9228506552188522,39
1546,9,fold,1,win,2,reverser,RAW,4.29524317305566,191
1546,9,fold,1,win,1,completer,SL_FLOOR,0.9228506552188522,39
1546,9,fold,1,win,2,reverser,SL_FLOOR,3.5803187457101964,161
1547,9,fold,1,win,1,reverser,RAW,5.78039755984444,207
1547,9,fold,1,win,1,reverser,SL_FLOOR,2.3439377708969475,82
1548,9,fold,0,win,1,reverser,RAW,1.3756524503495766,39
1549,9,fold,1,win,1,completer,RAW,0.20281899831576022,9
1549,9,fold,1,win,2,reverser,RAW,4.569687307731874,126
1552,9,fold,1,win,1,completer,RAW,0.43143480431038606,16
1552,9,fold,1,win,2,completer,RAW,5.010764431376501,77
1552,9,fold,1,win,3,reverser,RAW,5.448917078660568,77
1556,9,fold,0,win,1,completer,RAW,1.8911936451526326,46
1556,9,fold,0,win,2,completer,RAW,1.6208904276971081,50
1556,9,fold,0,win,3,completer,RAW,0.3799107076952106,13
1556,9,fold,0,win,4,completer,RAW,0.590301356333236,20
1556,9,fold,0,win,5,reverser,RAW,2.8391126603187677,68
1556,9,fold,0,win,1,completer,SL_FLOOR,1.8911936451526326,46
1556,9,fold,0,win,2,completer,SL_FLOOR,1.6208904276971081,50
1556,9,fold,0,win,3,completer,SL_FLOOR,0.3799107076952106,13
1556,9,fold,0,win,4,completer,SL_FLOOR,0.590301356333236,20
1556,9,fold,0,win,5,reverser,SL_FLOOR,2.8391126603187677,68
1557,9,fold,0,win,1,completer,RAW,1.607838969586755,98
1557,9,fold,0,win,2,reverser,RAW,1.2290250409280443,47
1557,9,fold,0,win,1,completer,SL_FLOOR,1.607838969586755,98
1557,9,fold,0,win,2,reverser,SL_FLOOR,1.2290250409280443,47
1558,9,fold,0,win,1,completer,RAW,0.7104900059289017,21
1558,9,fold,0,win,2,completer,RAW,1.7210679977052417,84
1558,9,fold,0,win,3,completer,RAW,0.345735172427045,16
1558,9,fold,0,win,4,completer,RAW,0.5371997605803802,20
1558,9,fold,0,win,5,reverser,RAW,2.6027349533076696,100
1558,9,fold,0,win,1,completer,SL_FLOOR,0.7104900059289017,21
1558,9,fold,0,win,2,completer,SL_FLOOR,1.7210679977052417,84
1558,9,fold,0,win,3,completer,SL_FLOOR,0.345735172427045,16
1558,9,fold,0,win,4,completer,SL_FLOOR,0.5371997605803802,20
1558,9,fold,0,win,5,reverser,SL_FLOOR,2.6027349533076696,100
1562,9,fold,1,win,1,reverser,RAW,3.550638003454175,215
1563,9,fold,0,win,1,reverser,RAW,1.509286686972709,97
1564,9,fold,0,win,1,completer,RAW,1.1192848916682974,136
1564,9,fold,0,win,2,completer,RAW,0.3989684010523704,27
1564,9,fold,0,win,3,reverser,RAW,1.7747884221910968,29
1564,9,fold,0,win,1,completer,SL_FLOOR,1.1192848916682974,136
1564,9,fold,0,win,2,completer,SL_FLOOR,0.3989684010523704,27
1564,9,fold,0,win,3,reverser,SL_FLOOR,1.7747884221910968,29
1565,9,fold,1,win,1,reverser,RAW,2.67994907535521,234
1565,9,fold,1,win,1,reverser,SL_FLOOR,2.6169170208659125,68
1567,9,fold,0,win,1,completer,RAW,0.12296659998186077,10
1567,9,fold,0,win,2,completer,RAW,2.0031877404864282,165
1567,9,fold,0,win,3,reverser,RAW,0.11128820780479787,2
1569,9,fold,1,win,1,reverser,RAW,3.7257424534752976,205
1569,9,fold,1,win,1,reverser,SL_FLOOR,2.231113213418342,32
1570,9,fold,0,win,1,completer,RAW,1.0570122014847643,38
1570,9,fold,0,win,2,reverser,RAW,1.7296121494640244,103
1570,9,fold,0,win,1,completer,SL_FLOOR,1.0570122014847643,38
1570,9,fold,0,win,2,reverser,SL_FLOOR,1.7296121494640244,103
1571,9,fold,0,win,1,completer,RAW,0.35282387847707875,23
1571,9,fold,0,win,2,completer,RAW,1.1489901211079478,95
1571,9,fold,0,win,3,reverser,RAW,1.047239414580871,86
1571,9,fold,0,win,1,completer,SL_FLOOR,0.35282387847707875,23
1571,9,fold,0,win,2,completer,SL_FLOOR,1.1489901211079478,95
1571,9,fold,0,win,3,reverser,SL_FLOOR,1.047239414580871,86
1572,9,fold,0,win,1,reverser,RAW,1.788258529315255,95
1573,9,fold,0,win,1,completer,RAW,1.3000432484395332,89
1573,9,fold,0,win,2,reverser,RAW,1.3691631949063507,44
1576,9,fold,1,win,1,reverser,RAW,4.2528105326496215,227
1576,9,fold,1,win,1,reverser,SL_FLOOR,2.2837765614673624,32
1578,9,fold,0,win,1,completer,RAW,0.9884297632228266,71
1578,9,fold,0,win,2,reverser,RAW,2.2908847983476965,126
1578,9,fold,0,win,1,completer,SL_FLOOR,0.9884297632228266,71
1578,9,fold,0,win,2,reverser,SL_FLOOR,2.2908847983476965,126
1579,9,fold,1,win,1,completer,RAW,0.8710257366891845,56
1579,9,fold,1,win,2,completer,RAW,0.21542675551848633,4
1579,9,fold,1,win,3,reverser,RAW,3.273061468704296,164
1579,9,fold,1,win,1,completer,SL_FLOOR,0.8710257366891845,56
1579,9,fold,1,win,2,completer,SL_FLOOR,0.21542675551848633,4
1579,9,fold,1,win,3,reverser,SL_FLOOR,3.273061468704296,164
1580,9,fold,1,win,1,completer,RAW,0.8011861548847887,48
1580,9,fold,1,win,2,reverser,RAW,5.233446839675633,181
1580,9,fold,1,win,1,completer,SL_FLOOR,0.8011861548847887,48
1580,9,fold,1,win,2,reverser,SL_FLOOR,3.738384036676491,123
1583,9,fold,1,win,1,completer,RAW,0.19677280090004023,7
1583,9,fold,1,win,2,reverser,RAW,5.1713272938290915,213
1583,9,fold,1,win,1,completer,SL_FLOOR,0.19677280090004023,7
1583,9,fold,1,win,2,reverser,SL_FLOOR,3.491508961935062,175
1584,9,fold,0,win,1,completer,RAW,2.461990457102421,216
1584,9,fold,0,win,2,completer,RAW,0.5616723889951563,13
1584,9,fold,0,win,3,reverser,RAW,0.11792244011821129,4
1584,9,fold,0,win,1,reverser,SL_FLOOR,2.189577294041878,112
1585,9,fold,0,win,1,reverser,RAW,0.3722174934859074,5
1586,9,fold,0,win,1,completer,RAW,2.441129139534458,176
1586,9,fold,0,win,2,completer,RAW,0.5569131398103417,13
1586,9,fold,0,win,3,reverser,RAW,0.6660958182808514,25
1586,9,fold,0,win,1,reverser,SL_FLOOR,2.1710242297361906,72
1588,9,fold,0,win,1,completer,RAW,1.4851748869681733,95
1588,9,fold,0,win,2,completer,RAW,0.40685770169518554,25
1588,9,fold,0,win,3,reverser,RAW,0.6477982555359532,21
1588,9,fold,0,win,1,completer,SL_FLOOR,1.4851748869681733,95
1588,9,fold,0,win,2,completer,SL_FLOOR,0.40685770169518554,25
1588,9,fold,0,win,3,reverser,SL_FLOOR,0.6477982555359532,21
1590,9,fold,0,win,1,completer,RAW,0.8771975055664679,40
1590,9,fold,0,win,2,reverser,RAW,0.3107851664371626,10
1592,9,fold,1,win,1,reverser,RAW,4.443917833731585,227
1592,9,fold,1,win,1,reverser,SL_FLOOR,2.151367181231638,66
1593,9,fold,1,win,1,reverser,RAW,6.327564475187818,237
1593,9,fold,1,win,1,reverser,SL_FLOOR,2.1381788023035613,31
1594,9,fold,1,win,1,completer,RAW,1.2146724201387304,50
1594,9,fold,1,win,2,reverser,RAW,5.169935626311717,169
1594,9,fold,1,win,1,completer,SL_FLOOR,1.2146724201387304,50
1594,9,fold,1,win,2,reverser,SL_FLOOR,3.0969341253567606,113
1596,9,fold,1,win,1,reverser,RAW,3.719587123969747,219
1596,9,fold,1,win,1,reverser,SL_FLOOR,2.144553162318084,66
1598,9,fold,1,win,1,reverser,RAW,7.43619622756893,177
1598,9,fold,1,win,1,reverser,SL_FLOOR,1.9899882706516687,19
1599,9,fold,1,win,1,completer,RAW,0.2798325250493052,14
1599,9,fold,1,win,2,completer,RAW,0.5568168819048,9
1599,9,fold,1,win,3,completer,RAW,0.4400419859554523,3
1599,9,fold,1,win,4,reverser,RAW,4.493697367904248,166
1599,9,fold,1,win,1,completer,SL_FLOOR,0.2798325250493052,14
1599,9,fold,1,win,2,completer,SL_FLOOR,0.5568168819048,9
1599,9,fold,1,win,3,completer,SL_FLOOR,0.4400419859554523,3
1599,9,fold,1,win,4,reverser,SL_FLOOR,4.493697367904248,166
1605,9,fold,1,win,1,completer,RAW,0.2731685783291151,14
1605,9,fold,1,win,2,completer,RAW,0.5435568148941405,9
1605,9,fold,1,win,3,completer,RAW,0.4295628025633955,3
1605,9,fold,1,win,4,reverser,RAW,4.386684218410293,198
1605,9,fold,1,win,1,completer,SL_FLOOR,0.2731685783291151,14
1605,9,fold,1,win,2,completer,SL_FLOOR,0.5435568148941405,9
1605,9,fold,1,win,3,completer,SL_FLOOR,0.4295628025633955,3
1605,9,fold,1,win,4,reverser,SL_FLOOR,4.386684218410293,198
1606,9,fold,0,win,1,completer,RAW,0.48331366555821476,12
1606,9,fold,0,win,2,completer,RAW,1.566232560648009,32
1606,9,fold,0,win,3,completer,RAW,0.7036750686288111,9
1606,9,fold,0,win,4,completer,RAW,1.7210410757463404,34
1606,9,fold,0,win,5,reverser,RAW,3.4820805238147385,27
1607,9,fold,0,win,1,completer,RAW,0.24653195735323075,4
1607,9,fold,0,win,2,completer,RAW,2.0109349992029717,92
1607,9,fold,0,win,3,completer,RAW,0.5508875750682307,26
1607,9,fold,0,win,4,reverser,RAW,2.0382840277524634,86
1607,9,fold,0,win,1,completer,SL_FLOOR,0.24653195735323075,4
1607,9,fold,0,win,2,completer,SL_FLOOR,2.0109349992029717,92
1607,9,fold,0,win,3,completer,SL_FLOOR,0.5508875750682307,26
1607,9,fold,0,win,4,reverser,SL_FLOOR,2.0382840277524634,86
1608,9,fold,1,win,1,reverser,RAW,6.255594961665328,220
1608,9,fold,1,win,1,reverser,SL_FLOOR,2.4567269369839457,75
1609,9,fold,1,win,1,completer,RAW,0.21692941007098232,6
1609,9,fold,1,win,2,completer,RAW,2.2100842461932553,86
1609,9,fold,1,win,3,reverser,RAW,4.523997953617045,132
1609,9,fold,1,win,1,completer,SL_FLOOR,0.21692941007098232,6
1609,9,fold,1,win,2,completer,SL_FLOOR,2.2100842461932553,86
1609,9,fold,1,win,3,reverser,SL_FLOOR,4.523997953617045,108
1611,9,fold,0,win,1,completer,RAW,2.102904630731398,92
1611,9,fold,0,win,2,completer,RAW,1.0181188856573518,25
1611,9,fold,0,win,3,completer,RAW,1.3713807765882775,16
1611,9,fold,0,win,4,completer,RAW,0.4858709699880901,9
1611,9,fold,0,win,5,reverser,RAW,3.4960246006077473,88
1612,9,fold,0,win,1,completer,RAW,0.36668509754291634,14
1612,9,fold,0,win,2,completer,RAW,3.4669001318310446,99
1612,9,fold,0,win,3,completer,RAW,1.5631336307335078,40
1612,9,fold,0,win,4,completer,RAW,0.2800614421730945,3
1612,9,fold,0,win,5,reverser,RAW,0.5978986137555777,9
1613,9,fold,0,win,1,completer,RAW,0.6028523884802005,35
1613,9,fold,0,win,2,completer,RAW,0.6815404897134012,30
1613,9,fold,0,win,3,reverser,RAW,0.628235646942501,22
1614,9,fold,0,win,1,reverser,RAW,0.6260044584888698,25
1615,9,fold,0,win,1,completer,RAW,2.106669854583009,140
1615,9,fold,0,win,2,completer,RAW,0.17017998073843899,5
1615,9,fold,0,win,3,reverser,RAW,1.195613306536789,32
1615,9,fold,0,win,1,completer,SL_FLOOR,2.106669854583009,140
1615,9,fold,0,win,2,completer,SL_FLOOR,0.17017998073843899,5
1615,9,fold,0,win,3,reverser,SL_FLOOR,1.195613306536789,32
1616,9,fold,0,win,1,completer,RAW,0.4481164537122868,56
1616,9,fold,0,win,2,completer,RAW,0.5066074434599921,32
1616,9,fold,0,win,3,reverser,RAW,1.1160458205086785,19
1617,9,fold,0,win,1,reverser,RAW,1.1360250207304308,46
1618,9,fold,0,win,1,completer,RAW,0.5407043380556666,27
1618,9,fold,0,win,2,completer,RAW,0.5236216460566583,22
1618,9,fold,0,win,3,completer,RAW,0.8337096421256751,32
1618,9,fold,0,win,4,reverser,RAW,2.4892453145516154,140
1618,9,fold,0,win,1,completer,SL_FLOOR,0.5407043380556666,27
1618,9,fold,0,win,2,completer,SL_FLOOR,0.5236216460566583,22
1618,9,fold,0,win,3,completer,SL_FLOOR,0.8337096421256751,32
1618,9,fold,0,win,4,reverser,SL_FLOOR,2.4892453145516154,140
1619,9,fold,1,win,1,reverser,RAW,3.7731558545952106,170
1620,9,fold,1,win,1,reverser,RAW,4.081200913218819,193
1621,9,fold,0,win,1,completer,RAW,0.32799447665532,5
1621,9,fold,0,win,2,completer,RAW,1.031112204435556,39
1621,9,fold,0,win,3,completer,RAW,0.3653161073046536,10
1621,9,fold,0,win,4,completer,RAW,2.628586964491071,115
1621,9,fold,0,win,5,completer,RAW,0.15745914244750558,3
1621,9,fold,0,win,6,reverser,RAW,3.17070408122203,58
1621,9,fold,0,win,1,completer,SL_FLOOR,0.32799447665532,5
1621,9,fold,0,win,2,completer,SL_FLOOR,1.031112204435556,39
1621,9,fold,0,win,3,completer,SL_FLOOR,0.3653161073046536,10
1621,9,fold,0,win,4,completer,SL_FLOOR,2.628586964491071,115
1621,9,fold,0,win,5,completer,SL_FLOOR,0.15745914244750558,3
1621,9,fold,0,win,6,reverser,SL_FLOOR,3.17070408122203,58
1623,9,fold,0,win,1,completer,RAW,0.5874666322675345,32
1623,9,fold,0,win,2,completer,RAW,0.6641464874266609,32
1623,9,fold,0,win,3,completer,RAW,0.6122020694156185,26
1623,9,fold,0,win,4,reverser,RAW,3.6002428769068695,125
1623,9,fold,0,win,1,completer,SL_FLOOR,0.5874666322675345,32
1623,9,fold,0,win,2,completer,SL_FLOOR,0.6641464874266609,32
1623,9,fold,0,win,3,completer,SL_FLOOR,0.6122020694156185,26
1623,9,fold,0,win,4,reverser,SL_FLOOR,3.6002428769068695,125
1625,9,fold,0,win,1,reverser,RAW,0.13835274637594908,3
1626,9,fold,1,win,1,completer,RAW,0.9961981217570801,32
1626,9,fold,1,win,2,reverser,RAW,5.10621245920475,191
1626,9,fold,1,win,1,completer,SL_FLOOR,0.9961981217570801,32
1626,9,fold,1,win,2,reverser,SL_FLOOR,3.4321940378094062,59
1627,9,fold,1,win,1,completer,RAW,0.4049611085033846,13
1627,9,fold,1,win,2,completer,RAW,0.9917726770516673,21
1627,9,fold,1,win,3,reverser,RAW,6.432004927134765,195
1627,9,fold,1,win,1,completer,SL_FLOOR,0.4049611085033846,13
1627,9,fold,1,win,2,completer,SL_FLOOR,0.9917726770516673,21
1627,9,fold,1,win,3,reverser,SL_FLOOR,4.734733966715585,89
1628,9,fold,1,win,1,reverser,RAW,4.448176716144309,165
1628,9,fold,1,win,1,reverser,SL_FLOOR,2.2513280070179356,106
1629,9,fold,1,win,1,completer,RAW,0.21212993951073789,8
1629,9,fold,1,win,2,reverser,RAW,3.988723493623831,171
1629,9,fold,1,win,1,completer,SL_FLOOR,0.21212993951073789,8
1629,9,fold,1,win,2,reverser,SL_FLOOR,3.937449305036215,107
1630,9,fold,1,win,1,reverser,RAW,4.303068119728299,228
1630,9,fold,1,win,1,reverser,SL_FLOOR,2.6999179129007396,28
1631,9,fold,1,win,1,reverser,RAW,5.00220059157165,180
1631,9,fold,1,win,1,reverser,SL_FLOOR,1.8272149125761987,37
1632,9,fold,0,win,1,reverser,RAW,3.278939981810658,227
1632,9,fold,0,win,1,reverser,SL_FLOOR,2.433997402469208,15
1633,9,fold,1,win,1,completer,RAW,0.2241221720743689,7
1633,9,fold,1,win,2,reverser,RAW,5.9822642229519065,191
1633,9,fold,1,win,1,completer,SL_FLOOR,0.2241221720743689,7
1633,9,fold,1,win,2,reverser,SL_FLOOR,4.160043097701262,107
1634,9,fold,1,win,1,reverser,RAW,4.870151614869969,196
1634,9,fold,1,win,1,reverser,SL_FLOOR,2.0303730676077256,36
1635,9,fold,1,win,1,reverser,RAW,4.090319350037067,220
1635,9,fold,1,win,1,reverser,SL_FLOOR,2.0900538709131182,48
1638,9,fold,0,win,1,completer,RAW,1.38464129645167,40
1638,9,fold,0,win,2,completer,RAW,1.1530322164514029,70
1638,9,fold,0,win,3,completer,RAW,1.2853802621658477,72
1638,9,fold,0,win,4,reverser,RAW,1.9576481761925182,55
1638,9,fold,0,win,1,completer,SL_FLOOR,1.38464129645167,40
1638,9,fold,0,win,2,completer,SL_FLOOR,1.1530322164514029,70
1638,9,fold,0,win,3,completer,SL_FLOOR,1.2853802621658477,72
1638,9,fold,0,win,4,reverser,SL_FLOOR,1.9576481761925182,55
1640,9,fold,1,win,1,reverser,RAW,4.691834178251832,150
1642,9,fold,0,win,1,completer,RAW,0.5180275886802075,12
1642,9,fold,0,win,2,completer,RAW,0.673971294316511,26
1642,9,fold,0,win,3,completer,RAW,2.175849729714956,105
1642,9,fold,0,win,4,reverser,RAW,3.5759966489901855,69
1642,9,fold,0,win,1,completer,SL_FLOOR,0.5180275886802075,12
1642,9,fold,0,win,2,completer,SL_FLOOR,0.673971294316511,26
1642,9,fold,0,win,3,completer,SL_FLOOR,2.175849729714956,105
1642,9,fold,0,win,4,reverser,SL_FLOOR,3.5759966489901855,69
1643,9,fold,1,win,1,reverser,RAW,5.842159910153772,185
1645,9,fold,0,win,1,completer,RAW,0.13809158576717462,8
1645,9,fold,0,win,2,completer,RAW,0.5779567418297662,28
1645,9,fold,0,win,3,completer,RAW,1.1264603831987219,85
1645,9,fold,0,win,4,completer,RAW,0.5118079752210294,15
1645,9,fold,0,win,5,reverser,RAW,2.031781094084964,82
1645,9,fold,0,win,1,completer,SL_FLOOR,0.13809158576717462,8
1645,9,fold,0,win,2,completer,SL_FLOOR,0.5779567418297662,28
1645,9,fold,0,win,3,completer,SL_FLOOR,1.1264603831987219,85
1645,9,fold,0,win,4,completer,SL_FLOOR,0.5118079752210294,15
1645,9,fold,0,win,5,reverser,SL_FLOOR,2.031781094084964,82
1647,9,fold,0,win,1,completer,RAW,0.11698581653817453,6
1647,9,fold,0,win,2,completer,RAW,0.70990771899258,17
1647,9,fold,0,win,3,completer,RAW,0.4635835462817468,7
1647,9,fold,0,win,4,completer,RAW,1.5803984532332112,42
1647,9,fold,0,win,5,completer,RAW,1.8085571264816034,70
1647,9,fold,0,win,6,reverser,RAW,3.504488156295984,75
1648,9,fold,0,win,1,completer,RAW,1.5753518733552727,79
1648,9,fold,0,win,2,completer,RAW,1.336038170272768,59
1648,9,fold,0,win,3,reverser,RAW,0.43712972362263747,7
1648,9,fold,0,win,1,completer,SL_FLOOR,1.5753518733552727,79
1648,9,fold,0,win,2,completer,SL_FLOOR,1.336038170272768,59
1648,9,fold,0,win,3,reverser,SL_FLOOR,0.43712972362263747,7
1651,9,fold,0,win,1,completer,RAW,0.7097360890211399,29
1651,9,fold,0,win,2,completer,RAW,1.8509594594358014,69
1651,9,fold,0,win,3,completer,RAW,1.5697778580518946,59
1651,9,fold,0,win,4,completer,RAW,1.0481071686525847,30
1651,9,fold,0,win,5,reverser,RAW,3.542814857593073,46
1651,9,fold,0,win,1,completer,SL_FLOOR,0.7097360890211399,29
1651,9,fold,0,win,2,completer,SL_FLOOR,1.8509594594358014,69
1651,9,fold,0,win,3,completer,SL_FLOOR,1.5697778580518946,59
1651,9,fold,0,win,4,completer,SL_FLOOR,1.0481071686525847,30
1651,9,fold,0,win,5,reverser,SL_FLOOR,3.542814857593073,46
1653,9,fold,1,win,1,reverser,RAW,6.447841333748478,188
1654,9,fold,1,win,1,reverser,RAW,7.901988072436325,208
1654,9,fold,1,win,1,reverser,SL_FLOOR,2.933833660889048,91
1656,9,fold,1,win,1,completer,RAW,0.5992110272189748,15
1656,9,fold,1,win,2,reverser,RAW,8.209654778767906,212
1656,9,fold,1,win,1,completer,SL_FLOOR,0.5992110272189748,15
1656,9,fold,1,win,2,reverser,SL_FLOOR,3.559715380099617,80
1657,9,fold,1,win,1,reverser,RAW,7.548063167720807,214
1657,9,fold,1,win,1,reverser,SL_FLOOR,2.9572741825985505,22
1658,9,fold,1,win,1,completer,RAW,0.5765057383673824,23
1658,9,fold,1,win,2,reverser,RAW,5.482503582663316,215
1658,9,fold,1,win,1,completer,SL_FLOOR,0.5765057383673824,23
1658,9,fold,1,win,2,reverser,SL_FLOOR,3.4218405115999166,70
1659,9,fold,1,win,1,completer,RAW,0.4015045589374635,7
1659,9,fold,1,win,2,completer,RAW,1.4173475031906164,59
1659,9,fold,1,win,3,completer,RAW,0.9463326743629077,30
1659,9,fold,1,win,4,reverser,RAW,3.8733770393126266,137
1659,9,fold,1,win,1,completer,SL_FLOOR,0.4015045589374635,7
1659,9,fold,1,win,2,completer,SL_FLOOR,1.4173475031906164,59
1659,9,fold,1,win,3,completer,SL_FLOOR,0.9463326743629077,30
1659,9,fold,1,win,4,reverser,SL_FLOOR,3.8733770393126266,137
1660,9,fold,0,win,1,completer,RAW,1.4342941926626744,42
1660,9,fold,0,win,2,completer,RAW,0.5530844738938903,14
1660,9,fold,0,win,3,reverser,RAW,1.0775117211611733,17
1662,9,fold,1,win,1,reverser,RAW,6.503781646384018,221
1662,9,fold,1,win,1,reverser,SL_FLOOR,2.6788947631281648,55
1664,9,fold,0,win,1,completer,RAW,2.077224768526909,99
1664,9,fold,0,win,2,reverser,RAW,3.0724151963256947,137
1664,9,fold,0,win,1,completer,SL_FLOOR,2.077224768526909,99
1664,9,fold,0,win,2,reverser,SL_FLOOR,3.0724151963256947,137
1666,9,fold,0,win,1,reverser,RAW,0.17586253005224595,11
1667,9,fold,1,win,1,completer,RAW,1.5212885355897316,84
1667,9,fold,1,win,2,reverser,RAW,2.818456568876545,142
1667,9,fold,1,win,1,completer,SL_FLOOR,1.5212885355897316,84
1667,9,fold,1,win,2,reverser,SL_FLOOR,2.818456568876545,142
1668,9,fold,0,win,1,reverser,RAW,1.9379193268359094,51
1670,9,fold,1,win,1,reverser,RAW,3.4613905960927633,236
1670,9,fold,1,win,1,reverser,SL_FLOOR,2.2491844773007776,62
1672,9,fold,0,win,1,reverser,RAW,2.2596405816279512,74
1674,9,fold,1,win,1,reverser,RAW,2.9128460247910106,188
1676,9,fold,1,win,1,reverser,RAW,5.34418244456929,234
1676,9,fold,1,win,1,reverser,SL_FLOOR,2.14867630020131,47
1677,10,fold,1,win,1,reverser,RAW,2.624996554774472,226
1677,10,fold,1,win,1,reverser,SL_FLOOR,2.624996554774472,226
1678,10,fold,0,win,1,completer,RAW,0.27800738988426166,11
1678,10,fold,0,win,2,completer,RAW,2.4987027184757484,148
1678,10,fold,0,win,3,reverser,RAW,0.4074143884495909,18
1680,10,fold,0,win,1,completer,RAW,0.7637677031128409,24
1680,10,fold,0,win,2,completer,RAW,3.389621286498371,156
1680,10,fold,0,win,3,reverser,RAW,1.047767968169222,33
1682,10,fold,0,win,1,completer,RAW,0.2983377089312933,12
1682,10,fold,0,win,2,completer,RAW,2.68142960027355,147
1682,10,fold,0,win,3,reverser,RAW,1.4530426634995224,48
1683,10,fold,0,win,1,completer,RAW,2.423022327530445,175
1683,10,fold,0,win,2,reverser,RAW,1.6802818879227455,57
1683,10,fold,0,win,1,completer,SL_FLOOR,2.423022327530445,175
1683,10,fold,0,win,2,reverser,SL_FLOOR,1.6802818879227455,57
1686,10,fold,0,win,1,completer,RAW,0.6876230949456927,40
1686,10,fold,0,win,2,reverser,RAW,2.393665884140612,127
1688,10,fold,1,win,1,completer,RAW,0.5164591222997071,41
1688,10,fold,1,win,2,reverser,RAW,3.4521215016874187,152
1688,10,fold,1,win,1,completer,SL_FLOOR,0.5164591222997071,41
1688,10,fold,1,win,2,reverser,SL_FLOOR,3.4521215016874187,152
1689,10,fold,0,win,1,reverser,RAW,1.9715969747762288,224
1689,10,fold,0,win,1,reverser,SL_FLOOR,1.9715969747762288,224
1690,10,fold,1,win,1,reverser,RAW,2.3509404262265634,197
1690,10,fold,1,win,1,reverser,SL_FLOOR,2.3509404262265634,197
1691,10,fold,0,win,1,completer,RAW,0.8672712138209806,30
1691,10,fold,0,win,2,completer,RAW,0.8692506394801498,23
1691,10,fold,0,win,3,completer,RAW,1.7857247196867954,36
1691,10,fold,0,win,4,reverser,RAW,2.6405538293642543,137
1691,10,fold,0,win,1,completer,SL_FLOOR,0.8672712138209806,30
1691,10,fold,0,win,2,completer,SL_FLOOR,0.8692506394801498,23
1691,10,fold,0,win,3,completer,SL_FLOOR,1.7857247196867954,36
1691,10,fold,0,win,4,reverser,SL_FLOOR,2.6405538293642543,137
1692,10,fold,0,win,1,completer,RAW,0.2588613899979716,16
1692,10,fold,0,win,2,completer,RAW,1.3033967392569872,28
1692,10,fold,0,win,3,reverser,RAW,2.1210825650673977,184
1692,10,fold,0,win,1,completer,SL_FLOOR,0.2588613899979716,16
1692,10,fold,0,win,2,completer,SL_FLOOR,1.3033967392569872,28
1692,10,fold,0,win,3,reverser,SL_FLOOR,2.1210825650673977,184
1693,10,fold,0,win,1,completer,RAW,0.26951100118381666,11
1693,10,fold,0,win,2,completer,RAW,0.8173140637403995,27
1693,10,fold,0,win,3,completer,RAW,0.5768481077969296,10
1693,10,fold,0,win,4,completer,RAW,3.007513114714146,63
1693,10,fold,0,win,5,reverser,RAW,3.3432198003992415,130
1693,10,fold,0,win,1,completer,SL_FLOOR,0.26951100118381666,11
1693,10,fold,0,win,2,completer,SL_FLOOR,0.8173140637403995,27
1693,10,fold,0,win,3,completer,SL_FLOOR,0.5768481077969296,10
1693,10,fold,0,win,4,completer,SL_FLOOR,3.007513114714146,63
1693,10,fold,0,win,5,reverser,SL_FLOOR,3.3432198003992415,130
1694,10,fold,1,win,1,completer,RAW,0.850842458988104,28
1694,10,fold,1,win,2,completer,RAW,0.5559431355063484,4
1694,10,fold,1,win,3,completer,RAW,2.2656464640908545,58
1694,10,fold,1,win,4,reverser,RAW,4.353996960287838,142
1694,10,fold,1,win,1,completer,SL_FLOOR,0.850842458988104,28
1694,10,fold,1,win,2,completer,SL_FLOOR,0.5559431355063484,4
1694,10,fold,1,win,3,completer,SL_FLOOR,2.2656464640908545,58
1694,10,fold,1,win,4,reverser,SL_FLOOR,4.353996960287838,142
1695,10,fold,0,win,1,completer,RAW,0.3968106322750602,17
1695,10,fold,0,win,2,completer,RAW,0.3293413893234307,9
1695,10,fold,0,win,3,reverser,RAW,2.329404201568647,172
1696,10,fold,0,win,1,reverser,RAW,1.30473678070413,127
1696,10,fold,0,win,1,reverser,SL_FLOOR,1.30473678070413,127
1697,10,fold,0,win,1,completer,RAW,0.3491572874713047,18
1697,10,fold,0,win,2,reverser,RAW,2.0496639613229637,202
1697,10,fold,0,win,1,completer,SL_FLOOR,0.3491572874713047,18
1697,10,fold,0,win,2,reverser,SL_FLOOR,2.0496639613229637,202
1698,10,fold,0,win,1,completer,RAW,3.313617841246491,186
1698,10,fold,0,win,2,completer,RAW,0.4198421866707427,20
1698,10,fold,0,win,3,reverser,RAW,0.47107975772159705,3
1700,10,fold,1,win,1,completer,RAW,0.450320555593697,34
1700,10,fold,1,win,2,completer,RAW,1.1945450136213287,60
1700,10,fold,1,win,3,reverser,RAW,3.910416328993871,139
1700,10,fold,1,win,1,completer,SL_FLOOR,0.450320555593697,34
1700,10,fold,1,win,2,completer,SL_FLOOR,1.1945450136213287,60
1700,10,fold,1,win,3,reverser,SL_FLOOR,3.910416328993871,139
1701,10,fold,0,win,1,completer,RAW,0.62459087569826,29
1701,10,fold,0,win,2,reverser,RAW,1.4977751347590287,38
1701,10,fold,0,win,1,completer,SL_FLOOR,0.62459087569826,29
1701,10,fold,0,win,2,reverser,SL_FLOOR,1.4977751347590287,38
1702,10,fold,0,win,1,completer,RAW,3.2215199685102864,186
1702,10,fold,0,win,2,completer,RAW,0.4081731970256519,19
1702,10,fold,0,win,3,reverser,RAW,0.7107715416330467,24
1702,10,fold,0,win,1,reverser,SL_FLOOR,3.1575802691583563,58
1703,10,fold,0,win,1,completer,RAW,0.716603467548454,21
1703,10,fold,0,win,2,completer,RAW,0.7159411722918763,48
1703,10,fold,0,win,3,completer,RAW,0.7159411722918763,1
1703,10,fold,0,win,4,reverser,RAW,2.2630628915092204,52
1704,10,fold,0,win,1,reverser,RAW,2.7839609902518667,170
1705,10,fold,0,win,1,completer,RAW,0.7173546085515673,27
1705,10,fold,0,win,2,reverser,RAW,2.164050470784738,25
1707,10,fold,1,win,1,completer,RAW,0.8288589003919571,41
1707,10,fold,1,win,2,reverser,RAW,4.782822840039554,177
1707,10,fold,1,win,1,completer,SL_FLOOR,0.8288589003919571,41
1707,10,fold,1,win,2,reverser,SL_FLOOR,3.136702241977159,118
1708,10,fold,0,win,1,completer,RAW,0.6743088013929863,29
1708,10,fold,0,win,2,reverser,RAW,1.6854365264668827,65
1708,10,fold,0,win,1,completer,SL_FLOOR,0.6743088013929863,29
1708,10,fold,0,win,2,reverser,SL_FLOOR,1.6854365264668827,65
1709,10,fold,0,win,1,reverser,RAW,2.4287015781433365,227
1709,10,fold,0,win,1,reverser,SL_FLOOR,2.4287015781433365,227
1710,10,fold,0,win,1,completer,RAW,4.424162537675827,184
1710,10,fold,0,win,2,reverser,RAW,2.350273760960828,54
1710,10,fold,0,win,1,reverser,SL_FLOOR,2.1249599151082035,48
1711,10,fold,0,win,1,reverser,RAW,2.874448146899671,226
1711,10,fold,0,win,1,reverser,SL_FLOOR,2.4580216845924134,41
1712,10,fold,1,win,1,completer,RAW,1.8229717581451699,119
1712,10,fold,1,win,2,reverser,RAW,2.9146319929354583,95
1712,10,fold,1,win,1,completer,SL_FLOOR,1.8229717581451699,119
1712,10,fold,1,win,2,reverser,SL_FLOOR,2.9146319929354583,95
1713,10,fold,1,win,1,reverser,RAW,3.485970806536387,200
1713,10,fold,1,win,1,reverser,SL_FLOOR,2.8908416677670985,155
1714,10,fold,1,win,1,reverser,RAW,3.4299999625451765,226
1714,10,fold,1,win,1,reverser,SL_FLOOR,2.7378671476254683,172
1715,10,fold,0,win,1,completer,RAW,1.4931353648675958,144
1715,10,fold,0,win,2,reverser,RAW,1.347864953109371,82
1715,10,fold,0,win,1,completer,SL_FLOOR,1.4931353648675958,144
1715,10,fold,0,win,2,reverser,SL_FLOOR,1.347864953109371,82
1716,10,fold,1,win,1,completer,RAW,0.8812692010156947,22
1716,10,fold,1,win,2,completer,RAW,0.6339876938650353,13
1716,10,fold,1,win,3,reverser,RAW,5.120130213662399,117
1718,10,fold,0,win,1,reverser,RAW,2.3186968035369016,97
1719,10,fold,0,win,1,completer,RAW,1.4287200875732329,159
1719,10,fold,0,win,2,completer,RAW,0.5144517161459796,28
1719,10,fold,0,win,3,reverser,RAW,1.2879488945056552,34
1719,10,fold,0,win,1,completer,SL_FLOOR,1.4287200875732329,159
1719,10,fold,0,win,2,completer,SL_FLOOR,0.5144517161459796,28
1719,10,fold,0,win,3,reverser,SL_FLOOR,1.2879488945056552,34
1720,10,fold,1,win,1,reverser,RAW,3.82998574623407,178
1721,10,fold,0,win,1,completer,RAW,0.4956846671829078,29
1721,10,fold,0,win,2,reverser,RAW,0.44487043212116983,4
1722,10,fold,1,win,1,reverser,RAW,3.1035089905744653,157
1722,10,fold,1,win,1,reverser,SL_FLOOR,2.3550656072974467,110
1723,10,fold,1,win,1,completer,RAW,0.7893527751655305,27
1723,10,fold,1,win,2,completer,RAW,0.5678627427310348,16
1723,10,fold,1,win,3,reverser,RAW,5.278845773022491,139
1723,10,fold,1,win,1,completer,SL_FLOOR,0.7893527751655305,27
1723,10,fold,1,win,2,completer,SL_FLOOR,0.5678627427310348,16
1723,10,fold,1,win,3,reverser,SL_FLOOR,4.408594156223056,110
1729,10,fold,1,win,1,reverser,RAW,4.617271143771366,214
1729,10,fold,1,win,1,reverser,SL_FLOOR,2.842022842784904,76
1730,10,fold,1,win,1,reverser,RAW,3.475288858935815,118
1730,10,fold,1,win,1,reverser,SL_FLOOR,2.215297071258854,54
1731,10,fold,0,win,1,completer,RAW,0.6735167378088152,7
1731,10,fold,0,win,2,reverser,RAW,1.727166804380996,174
1731,10,fold,0,win,1,completer,SL_FLOOR,0.6735167378088152,7
1731,10,fold,0,win,2,reverser,SL_FLOOR,1.727166804380996,174
1732,10,fold,1,win,1,completer,RAW,1.149617840130719,13
1732,10,fold,1,win,2,reverser,RAW,7.040264233111274,176
1735,10,fold,1,win,1,reverser,RAW,11.113460486782703,239
1735,10,fold,1,win,1,reverser,SL_FLOOR,2.037131595580868,6
1737,10,fold,1,win,1,reverser,RAW,11.496534369535617,206
1738,10,fold,1,win,1,reverser,RAW,6.2621485512851685,234
1738,10,fold,1,win,1,reverser,SL_FLOOR,2.054925379085348,50
1739,10,fold,1,win,1,reverser,RAW,2.9956656050600214,226
1739,10,fold,1,win,1,reverser,SL_FLOOR,2.8003185189764457,223
1741,10,fold,1,win,1,completer,RAW,1.0085574427925057,6
1741,10,fold,1,win,2,reverser,RAW,4.1979903868810915,200
1741,10,fold,1,win,1,completer,SL_FLOOR,1.0085574427925057,6
1741,10,fold,1,win,2,reverser,SL_FLOOR,3.5637429228569566,126
1743,10,fold,1,win,1,reverser,RAW,9.551468760022557,224
1743,10,fold,1,win,1,reverser,SL_FLOOR,2.162327159912648,14
1749,10,fold,1,win,1,reverser,RAW,4.693808386163587,191
1749,10,fold,1,win,1,reverser,SL_FLOOR,2.4362557500480446,88
1750,10,fold,1,win,1,reverser,RAW,6.842809476046675,210
1750,10,fold,1,win,1,reverser,SL_FLOOR,2.631267477144913,43
1751,10,fold,0,win,1,completer,RAW,0.984835364120078,12
1751,10,fold,0,win,2,completer,RAW,2.3659041004192556,76
1751,10,fold,0,win,3,reverser,RAW,3.206654601928742,113
1751,10,fold,0,win,1,completer,SL_FLOOR,0.984835364120078,12
1751,10,fold,0,win,2,completer,SL_FLOOR,2.3659041004192556,76
1751,10,fold,0,win,3,reverser,SL_FLOOR,3.206654601928742,113
1753,10,fold,1,win,1,completer,RAW,0.22197573848813157,13
1753,10,fold,1,win,2,completer,RAW,0.5974289017314491,26
1753,10,fold,1,win,3,reverser,RAW,5.6451880964466685,158
1753,10,fold,1,win,1,completer,SL_FLOOR,0.22197573848813157,13
1753,10,fold,1,win,2,completer,SL_FLOOR,0.5974289017314491,26
1753,10,fold,1,win,3,reverser,SL_FLOOR,4.589902045026242,122
1754,10,fold,0,win,1,completer,RAW,1.6649516160969704,69
1754,10,fold,0,win,2,reverser,RAW,1.8709071694395272,147
1754,10,fold,0,win,1,completer,SL_FLOOR,1.6649516160969704,69
1754,10,fold,0,win,2,reverser,SL_FLOOR,1.8709071694395272,147
1759,10,fold,1,win,1,completer,RAW,0.38027691760468096,26
1759,10,fold,1,win,2,completer,RAW,2.6687464498906075,88
1759,10,fold,1,win,3,reverser,RAW,7.4275570837516565,85
1760,10,fold,1,win,1,completer,RAW,0.8141764088091257,17
1760,10,fold,1,win,2,completer,RAW,0.4957000764840127,13
1760,10,fold,1,win,3,completer,RAW,0.23863791292682457,18
1760,10,fold,1,win,4,completer,RAW,2.3293516868408175,86
1760,10,fold,1,win,5,reverser,RAW,6.863472032450405,95
1760,10,fold,1,win,1,completer,SL_FLOOR,0.8141764088091257,17
1760,10,fold,1,win,2,completer,SL_FLOOR,0.4957000764840127,13
1760,10,fold,1,win,3,completer,SL_FLOOR,0.23863791292682457,18
1760,10,fold,1,win,4,completer,SL_FLOOR,2.3293516868408175,86
1760,10,fold,1,win,5,reverser,SL_FLOOR,6.863472032450405,84
1762,10,fold,1,win,1,completer,RAW,1.200817544727177,37
1762,10,fold,1,win,2,reverser,RAW,6.217385484123021,181
1762,10,fold,1,win,1,completer,SL_FLOOR,1.200817544727177,37
1762,10,fold,1,win,2,reverser,SL_FLOOR,3.9736884310598892,123
1763,10,fold,0,win,1,completer,RAW,1.012728682167722,81
1763,10,fold,0,win,2,completer,RAW,2.2725570803297814,57
1763,10,fold,0,win,3,completer,RAW,0.44782071606366136,5
1763,10,fold,0,win,4,completer,RAW,1.3480239891016268,30
1763,10,fold,0,win,5,completer,RAW,0.9906797844328308,24
1763,10,fold,0,win,6,reverser,RAW,1.024893591262809,17
1763,10,fold,0,win,1,completer,SL_FLOOR,1.012728682167722,81
1763,10,fold,0,win,2,completer,SL_FLOOR,2.2725570803297814,57
1763,10,fold,0,win,3,completer,SL_FLOOR,0.44782071606366136,5
1763,10,fold,0,win,4,completer,SL_FLOOR,1.3480239891016268,30
1763,10,fold,0,win,5,completer,SL_FLOOR,0.9906797844328308,24
1763,10,fold,0,win,6,reverser,SL_FLOOR,1.024893591262809,17
1764,10,fold,0,win,1,completer,RAW,0.3678274061635691,1
1764,10,fold,0,win,2,completer,RAW,0.3678274061635691,1
1764,10,fold,0,win,3,reverser,RAW,2.6059818863576463,54
1766,10,fold,0,win,1,completer,RAW,0.6817461754030256,4
1766,10,fold,0,win,2,completer,RAW,1.29862170409214,10
1766,10,fold,0,win,3,completer,RAW,0.40252034824327554,1
1766,10,fold,0,win,4,reverser,RAW,3.7504098112596314,58
1767,10,fold,1,win,1,reverser,RAW,5.3368623857986,189
1767,10,fold,1,win,1,reverser,SL_FLOOR,2.8382113288220836,50
1769,10,fold,1,win,1,completer,RAW,0.6498197346757121,27
1769,10,fold,1,win,2,reverser,RAW,6.572292126464568,203
1769,10,fold,1,win,1,completer,SL_FLOOR,0.6498197346757121,27
1769,10,fold,1,win,2,reverser,SL_FLOOR,2.9740111579129525,36
1770,10,fold,1,win,1,reverser,RAW,4.526324405478582,217
1770,10,fold,1,win,1,reverser,SL_FLOOR,2.703976209215222,51
1772,10,fold,1,win,1,completer,RAW,2.9324149225398806,59
1772,10,fold,1,win,2,completer,RAW,0.17659240082209804,2
1772,10,fold,1,win,3,completer,RAW,0.5778495782455808,4
1772,10,fold,1,win,4,completer,RAW,1.7394351480974515,28
1772,10,fold,1,win,5,completer,RAW,1.278332768173133,24
1772,10,fold,1,win,6,completer,RAW,0.21191088098648247,5
1772,10,fold,1,win,1,reverser,SL_FLOOR,2.6655641835198516,39
1775,10,fold,0,win,1,completer,RAW,1.0854633069843054,43
1775,10,fold,0,win,2,completer,RAW,1.3304807505524647,41
1775,10,fold,0,win,3,completer,RAW,0.4801260934627791,16
1775,10,fold,0,win,4,reverser,RAW,1.069248917336381,39
1778,10,fold,1,win,1,reverser,RAW,5.253258784467342,215
1778,10,fold,1,win,1,reverser,SL_FLOOR,2.9159316343616064,37
1780,10,fold,0,win,1,completer,RAW,1.0314921099342438,43
1780,10,fold,0,win,2,completer,RAW,1.264326843462892,44
1780,10,fold,0,win,3,completer,RAW,0.45625335651034504,16
1780,10,fold,0,win,4,completer,RAW,1.0160839290389356,61
1780,10,fold,0,win,5,completer,RAW,0.46909350725642174,10
1780,10,fold,0,win,6,reverser,RAW,0.05820868338214247,1
1783,10,fold,0,win,1,completer,RAW,0.6692675635961471,22
1783,10,fold,0,win,2,completer,RAW,2.5321148976465717,81
1783,10,fold,0,win,3,completer,RAW,2.7204779383442244,117
1783,10,fold,0,win,4,reverser,RAW,0.7089921713410465,11
1783,10,fold,0,win,1,completer,SL_FLOOR,0.6692675635961471,22
1783,10,fold,0,win,2,completer,SL_FLOOR,2.5321148976465717,81
1783,10,fold,0,win,3,completer,SL_FLOOR,2.7204779383442244,117
1783,10,fold,0,win,4,reverser,SL_FLOOR,0.7089921713410465,11
1786,10,fold,1,win,1,reverser,RAW,4.009034493485756,233
1786,10,fold,1,win,1,reverser,SL_FLOOR,2.3504885502890436,29
1787,10,fold,0,win,1,completer,RAW,0.9028889583134933,35
1787,10,fold,0,win,2,completer,RAW,2.027336470399846,153
1787,10,fold,0,win,3,reverser,RAW,0.5778691208882014,26
1787,10,fold,0,win,1,completer,SL_FLOOR,0.9028889583134933,35
1787,10,fold,0,win,2,completer,SL_FLOOR,2.027336470399846,153
1787,10,fold,0,win,3,reverser,SL_FLOOR,0.5778691208882014,26
1788,10,fold,0,win,1,completer,RAW,0.3700848609144769,21
1788,10,fold,0,win,2,reverser,RAW,1.867068332708695,179
1788,10,fold,0,win,1,completer,SL_FLOOR,0.3700848609144769,21
1788,10,fold,0,win,2,reverser,SL_FLOOR,1.867068332708695,179
1789,10,fold,0,win,1,completer,RAW,0.20527588569635458,20
1789,10,fold,0,win,2,reverser,RAW,2.0039546082770534,174
1789,10,fold,0,win,1,completer,SL_FLOOR,0.20527588569635458,20
1789,10,fold,0,win,2,reverser,SL_FLOOR,2.0039546082770534,174
1790,10,fold,1,win,1,completer,RAW,0.38323418074695326,33
1790,10,fold,1,win,2,reverser,RAW,2.935131099114364,161
1790,10,fold,1,win,1,completer,SL_FLOOR,0.38323418074695326,33
1790,10,fold,1,win,2,reverser,SL_FLOOR,2.935131099114364,161
1791,10,fold,1,win,1,reverser,RAW,2.7988632389571553,211
1791,10,fold,1,win,1,reverser,SL_FLOOR,2.166960733647782,19
1792,10,fold,1,win,1,completer,RAW,0.29518905251529937,17
1792,10,fold,1,win,2,reverser,RAW,3.4408987632483075,197
1793,10,fold,0,win,1,completer,RAW,0.4275216149028551,10
1793,10,fold,0,win,2,reverser,RAW,1.0989611636195604,19
1794,10,fold,0,win,1,completer,RAW,0.14532951921479742,5
1794,10,fold,0,win,2,completer,RAW,0.4775417192966942,25
1794,10,fold,0,win,3,completer,RAW,2.878248997117587,106
1794,10,fold,0,win,4,completer,RAW,0.7750197380999913,7
1794,10,fold,0,win,5,completer,RAW,0.47242748401641244,7
1794,10,fold,0,win,6,reverser,RAW,2.0459072052510416,46
1794,10,fold,0,win,1,completer,SL_FLOOR,0.14532951921479742,5
1794,10,fold,0,win,2,completer,SL_FLOOR,0.4775417192966942,25
1794,10,fold,0,win,3,completer,SL_FLOOR,2.878248997117587,106
1794,10,fold,0,win,4,completer,SL_FLOOR,0.7750197380999913,7
1794,10,fold,0,win,5,completer,SL_FLOOR,0.47242748401641244,7
1794,10,fold,0,win,6,reverser,SL_FLOOR,2.0459072052510416,46
1795,10,fold,0,win,1,completer,RAW,0.5377356701906357,40
1795,10,fold,0,win,2,completer,RAW,0.7038934794960394,32
1795,10,fold,0,win,3,completer,RAW,2.3673561601792574,109
1795,10,fold,0,win,4,completer,RAW,0.883243402205669,12
1795,10,fold,0,win,5,reverser,RAW,1.2746094331972069,45
1795,10,fold,0,win,1,completer,SL_FLOOR,0.5377356701906357,40
1795,10,fold,0,win,2,completer,SL_FLOOR,0.7038934794960394,32
1795,10,fold,0,win,3,completer,SL_FLOOR,2.3673561601792574,109
1795,10,fold,0,win,4,completer,SL_FLOOR,0.883243402205669,12
1795,10,fold,0,win,5,reverser,SL_FLOOR,1.2746094331972069,45
1796,10,fold,0,win,1,completer,RAW,0.15449011677572888,5
1796,10,fold,0,win,2,completer,RAW,0.5336186895698436,36
1796,10,fold,0,win,3,completer,RAW,0.6351563634931128,23
1796,10,fold,0,win,4,completer,RAW,2.8231294660976713,104
1796,10,fold,0,win,5,completer,RAW,1.168229151590248,15
1796,10,fold,0,win,6,completer,RAW,0.9727964243616114,12
1796,10,fold,0,win,1,completer,SL_FLOOR,0.15449011677572888,5
1796,10,fold,0,win,2,completer,SL_FLOOR,0.5336186895698436,36
1796,10,fold,0,win,3,completer,SL_FLOOR,0.6351563634931128,23
1796,10,fold,0,win,4,completer,SL_FLOOR,2.8231294660976713,104
1796,10,fold,0,win,5,completer,SL_FLOOR,1.168229151590248,15
1796,10,fold,0,win,6,completer,SL_FLOOR,0.9727964243616114,12
1797,10,fold,0,win,1,completer,RAW,1.0698265633655266,46
1797,10,fold,0,win,2,completer,RAW,2.762638374250379,136
1797,10,fold,0,win,3,reverser,RAW,1.148366931167849,49
1797,10,fold,0,win,1,completer,SL_FLOOR,1.0698265633655266,46
1797,10,fold,0,win,2,completer,SL_FLOOR,2.762638374250379,136
1797,10,fold,0,win,3,reverser,SL_FLOOR,1.148366931167849,49
1798,10,fold,0,win,1,reverser,RAW,1.390305121538018,56
1799,10,fold,0,win,1,completer,RAW,1.5407899507662024,102
1799,10,fold,0,win,2,completer,RAW,0.6711939497741777,15
1799,10,fold,0,win,3,reverser,RAW,1.3988576333238232,67
1799,10,fold,0,win,1,completer,SL_FLOOR,1.5407899507662024,102
1799,10,fold,0,win,2,completer,SL_FLOOR,0.6711939497741777,15
1799,10,fold,0,win,3,reverser,SL_FLOOR,1.3988576333238232,67
1801,10,fold,0,win,1,completer,RAW,0.402252404606823,15
1801,10,fold,0,win,2,completer,RAW,0.2335253808092277,17
1801,10,fold,0,win,3,completer,RAW,2.4244637345044224,109
1801,10,fold,0,win,4,completer,RAW,0.39794448059497345,7
1801,10,fold,0,win,5,reverser,RAW,1.7233491015752458,69
1801,10,fold,0,win,1,completer,SL_FLOOR,0.402252404606823,15
1801,10,fold,0,win,2,completer,SL_FLOOR,0.2335253808092277,17
1801,10,fold,0,win,3,completer,SL_FLOOR,2.4244637345044224,109
1801,10,fold,0,win,4,completer,SL_FLOOR,0.39794448059497345,7
1801,10,fold,0,win,5,reverser,SL_FLOOR,1.7233491015752458,69
1803,10,fold,0,win,1,completer,RAW,1.8264615873298586,118
1803,10,fold,0,win,2,reverser,RAW,2.756531081387997,93
1803,10,fold,0,win,1,completer,SL_FLOOR,1.8264615873298586,118
1803,10,fold,0,win,2,reverser,SL_FLOOR,2.756531081387997,93
1804,10,fold,0,win,1,completer,RAW,1.2732674032871205,64
1804,10,fold,0,win,2,reverser,RAW,2.4395428036444047,131
1804,10,fold,0,win,1,completer,SL_FLOOR,1.2732674032871205,64
1804,10,fold,0,win,2,reverser,SL_FLOOR,2.4395428036444047,131
1805,10,fold,0,win,1,completer,RAW,2.4334670917246304,77
1805,10,fold,0,win,2,reverser,RAW,1.8192005839732333,132
1805,10,fold,0,win,1,reverser,SL_FLOOR,2.375163829971956,16
1806,10,fold,0,win,1,completer,RAW,0.31088355324563643,13
1806,10,fold,0,win,2,reverser,RAW,2.333561609217216,126
1807,10,fold,1,win,1,reverser,RAW,3.487998858308386,46
1808,10,fold,1,win,1,completer,RAW,0.5667228199524823,21
1808,10,fold,1,win,2,reverser,RAW,2.5321803014242477,214
1808,10,fold,1,win,1,completer,SL_FLOOR,0.5667228199524823,21
1808,10,fold,1,win,2,reverser,SL_FLOOR,2.5321803014242477,214
1809,10,fold,0,win,1,completer,RAW,2.432760420221196,86
1809,10,fold,0,win,2,reverser,RAW,2.338276578835319,93
1810,10,fold,0,win,1,completer,RAW,1.086806976434779,14
1810,10,fold,0,win,2,completer,RAW,1.6780365683192724,38
1810,10,fold,0,win,3,reverser,RAW,3.2150685896199924,177
1810,10,fold,0,win,1,completer,SL_FLOOR,1.086806976434779,14
1810,10,fold,0,win,2,completer,SL_FLOOR,1.6780365683192724,38
1810,10,fold,0,win,3,reverser,SL_FLOOR,3.2150685896199924,177
1811,10,fold,0,win,1,completer,RAW,0.23586000370172244,6
1811,10,fold,0,win,2,completer,RAW,0.8976419558356752,21
1811,10,fold,0,win,3,completer,RAW,0.5478592804430669,6
1811,10,fold,0,win,4,reverser,RAW,2.4135577077826276,154
1811,10,fold,0,win,1,completer,SL_FLOOR,0.23586000370172244,6
1811,10,fold,0,win,2,completer,SL_FLOOR,0.8976419558356752,21
1811,10,fold,0,win,3,completer,SL_FLOOR,0.5478592804430669,6
1811,10,fold,0,win,4,reverser,SL_FLOOR,2.4135577077826276,154
1812,10,fold,0,win,1,completer,RAW,1.4399332330051628,89
1812,10,fold,0,win,2,reverser,RAW,1.2934871176243934,135
1812,10,fold,0,win,1,completer,SL_FLOOR,1.4399332330051628,89
1812,10,fold,0,win,2,reverser,SL_FLOOR,1.2934871176243934,135
1813,10,fold,0,win,1,completer,RAW,0.14393895477777607,7
1813,10,fold,0,win,2,reverser,RAW,1.8510926717055787,168
1814,10,fold,0,win,1,reverser,RAW,1.6876646881564232,122
1815,10,fold,1,win,1,completer,RAW,0.9952404758844511,60
1815,10,fold,1,win,2,reverser,RAW,2.3683450487414732,122
1815,10,fold,1,win,1,completer,SL_FLOOR,0.9952404758844511,60
1815,10,fold,1,win,2,reverser,SL_FLOOR,2.3683450487414732,122
1816,10,fold,0,win,1,completer,RAW,0.19734914908342893,7
1816,10,fold,0,win,2,completer,RAW,1.3656813319956886,42
1816,10,fold,0,win,3,reverser,RAW,1.2824542148103353,164
1816,10,fold,0,win,1,completer,SL_FLOOR,0.19734914908342893,7
1816,10,fold,0,win,2,completer,SL_FLOOR,1.3656813319956886,42
1816,10,fold,0,win,3,reverser,SL_FLOOR,1.2824542148103353,164
1817,10,fold,0,win,1,completer,RAW,0.4735321849211984,9
1817,10,fold,0,win,2,completer,RAW,0.7279106325268043,7
1817,10,fold,0,win,3,completer,RAW,0.4437112654143349,7
1817,10,fold,0,win,4,reverser,RAW,2.2687915673147954,193
1817,10,fold,0,win,1,completer,SL_FLOOR,0.4735321849211984,9
1817,10,fold,0,win,2,completer,SL_FLOOR,0.7279106325268043,7
1817,10,fold,0,win,3,completer,SL_FLOOR,0.4437112654143349,7
1817,10,fold,0,win,4,reverser,SL_FLOOR,2.2687915673147954,193
1818,10,fold,0,win,1,completer,RAW,0.42750588062294437,5
1818,10,fold,0,win,2,completer,RAW,0.8788310093827352,14
1818,10,fold,0,win,3,completer,RAW,0.4634828699963136,6
1818,10,fold,0,win,4,reverser,RAW,2.6392223169972273,207
1818,10,fold,0,win,1,completer,SL_FLOOR,0.42750588062294437,5
1818,10,fold,0,win,2,completer,SL_FLOOR,0.8788310093827352,14
1818,10,fold,0,win,3,completer,SL_FLOOR,0.4634828699963136,6
1818,10,fold,0,win,4,reverser,SL_FLOOR,2.6392223169972273,207
1819,10,fold,0,win,1,completer,RAW,0.35472032487318783,6
1819,10,fold,0,win,2,completer,RAW,0.35472032487318783,1
1819,10,fold,0,win,3,completer,RAW,1.2917174094438955,15
1819,10,fold,0,win,4,completer,RAW,0.7373930837818956,7
1819,10,fold,0,win,5,completer,RAW,1.1070738663079025,6
1819,10,fold,0,win,6,reverser,RAW,1.897615944382637,201
1819,10,fold,0,win,1,completer,SL_FLOOR,0.35472032487318783,6
1819,10,fold,0,win,2,completer,SL_FLOOR,0.35472032487318783,1
1819,10,fold,0,win,3,completer,SL_FLOOR,1.2917174094438955,15
1819,10,fold,0,win,4,completer,SL_FLOOR,0.7373930837818956,7
1819,10,fold,0,win,5,completer,SL_FLOOR,1.1070738663079025,6
1819,10,fold,0,win,6,reverser,SL_FLOOR,1.897615944382637,201
1820,10,fold,1,win,1,completer,RAW,0.6232869952591606,13
1820,10,fold,1,win,2,completer,RAW,0.3799360100328757,9
1820,10,fold,1,win,3,reverser,RAW,2.3243446567775754,217
1820,10,fold,1,win,1,completer,SL_FLOOR,0.6232869952591606,13
1820,10,fold,1,win,2,completer,SL_FLOOR,0.3799360100328757,9
1820,10,fold,1,win,3,reverser,SL_FLOOR,2.3243446567775754,217
1822,10,fold,0,win,1,reverser,RAW,1.8580763220005618,76
1823,10,fold,0,win,1,reverser,RAW,1.7253650640728633,167
1823,10,fold,0,win,1,reverser,SL_FLOOR,1.7253650640728633,167
1824,10,fold,0,win,1,completer,RAW,0.37235740104688975,17
1824,10,fold,0,win,2,completer,RAW,2.1169898732865104,180
1824,10,fold,0,win,3,completer,RAW,0.36414912166507474,15
1824,10,fold,0,win,4,reverser,RAW,0.5939809443553239,21
1824,10,fold,0,win,1,completer,SL_FLOOR,0.37235740104688975,17
1824,10,fold,0,win,2,completer,SL_FLOOR,2.1169898732865104,180
1824,10,fold,0,win,3,completer,SL_FLOOR,0.36414912166507474,15
1824,10,fold,0,win,4,reverser,SL_FLOOR,0.5939809443553239,21
1825,10,fold,0,win,1,completer,RAW,1.108336252594375,156
1825,10,fold,0,win,2,completer,RAW,0.5427324204003829,48
1825,10,fold,0,win,3,reverser,RAW,1.0737200617715792,18
1825,10,fold,0,win,1,completer,SL_FLOOR,1.108336252594375,156
1825,10,fold,0,win,2,completer,SL_FLOOR,0.5427324204003829,48
1825,10,fold,0,win,3,reverser,SL_FLOOR,1.0737200617715792,18
1828,10,fold,1,win,1,reverser,RAW,5.785641278804995,212
1828,10,fold,1,win,1,reverser,SL_FLOOR,2.9117930143088033,71
1829,10,fold,1,win,1,reverser,RAW,3.8479673348666132,223
1829,10,fold,1,win,1,reverser,SL_FLOOR,2.9756234856540145,188
1830,10,fold,0,win,1,completer,RAW,1.184215161260333,77
1830,10,fold,0,win,2,completer,RAW,1.2654398075610263,68
1830,10,fold,0,win,3,completer,RAW,0.7011724767229821,24
1830,10,fold,0,win,4,completer,RAW,1.1655593237707786,23
1830,10,fold,0,win,5,reverser,RAW,4.14044787114436,38
1830,10,fold,0,win,1,completer,SL_FLOOR,1.184215161260333,77
1830,10,fold,0,win,2,completer,SL_FLOOR,1.2654398075610263,68
1830,10,fold,0,win,3,completer,SL_FLOOR,0.7011724767229821,24
1830,10,fold,0,win,4,completer,SL_FLOOR,1.1655593237707786,23
1830,10,fold,0,win,5,reverser,SL_FLOOR,4.14044787114436,38
1831,10,fold,0,win,1,reverser,RAW,3.3665169643713577,234
1831,10,fold,0,win,1,reverser,SL_FLOOR,2.4777858956989376,36
1832,10,fold,0,win,1,completer,RAW,1.2660017017443703,87
1832,10,fold,0,win,2,completer,RAW,0.5512775103455483,22
1832,10,fold,0,win,3,reverser,RAW,4.328367637434391,62
1833,10,fold,1,win,1,completer,RAW,0.24297084747301856,3
1833,10,fold,1,win,2,reverser,RAW,2.5275119297891595,234
1833,10,fold,1,win,1,completer,SL_FLOOR,0.24297084747301856,3
1833,10,fold,1,win,2,reverser,SL_FLOOR,2.5275119297891595,234
1834,10,fold,0,win,1,completer,RAW,0.5063226801688937,33
1834,10,fold,0,win,2,completer,RAW,1.3960039610370578,53
1834,10,fold,0,win,3,reverser,RAW,1.7600740786822928,55
1834,10,fold,0,win,1,completer,SL_FLOOR,0.5063226801688937,33
1834,10,fold,0,win,2,completer,SL_FLOOR,1.3960039610370578,53
1834,10,fold,0,win,3,reverser,SL_FLOOR,1.7600740786822928,55
1835,10,fold,0,win,1,completer,RAW,0.16727345540073713,3
1835,10,fold,0,win,2,reverser,RAW,1.6465810495798023,61
1836,10,fold,1,win,1,reverser,RAW,2.789487005488865,220
1836,10,fold,1,win,1,reverser,SL_FLOOR,2.229106907755572,29
1837,10,fold,0,win,1,completer,RAW,1.8579005256951202,108
1837,10,fold,0,win,2,reverser,RAW,1.9863049135631552,127
1837,10,fold,0,win,1,completer,SL_FLOOR,1.8579005256951202,108
1837,10,fold,0,win,2,reverser,SL_FLOOR,1.9863049135631552,127
1838,10,fold,1,win,1,reverser,RAW,4.096471725743048,71
1839,10,fold,0,win,1,completer,RAW,2.0482262012837804,68
1839,10,fold,0,win,2,reverser,RAW,1.082700806628288,15
1840,10,fold,0,win,1,completer,RAW,0.6805360522757753,82
1840,10,fold,0,win,2,completer,RAW,0.3555691579342328,16
1840,10,fold,0,win,3,completer,RAW,0.7220676957230086,37
1840,10,fold,0,win,4,completer,RAW,1.0900234841590493,60
1840,10,fold,0,win,5,completer,RAW,0.18507083220347287,15
1840,10,fold,0,win,6,reverser,RAW,1.789503794849332,25
1840,10,fold,0,win,1,completer,SL_FLOOR,0.6805360522757753,82
1840,10,fold,0,win,2,completer,SL_FLOOR,0.3555691579342328,16
1840,10,fold,0,win,3,completer,SL_FLOOR,0.7220676957230086,37
1840,10,fold,0,win,4,completer,SL_FLOOR,1.0900234841590493,60
1840,10,fold,0,win,5,completer,SL_FLOOR,0.18507083220347287,15
1840,10,fold,0,win,6,reverser,SL_FLOOR,1.789503794849332,25
1841,10,fold,1,win,1,completer,RAW,1.265334904407431,87
1841,10,fold,1,win,2,completer,RAW,0.5509871549887531,22
1841,10,fold,1,win,3,reverser,RAW,4.370734640229292,116
1841,10,fold,1,win,1,completer,SL_FLOOR,1.265334904407431,87
1841,10,fold,1,win,2,completer,SL_FLOOR,0.5509871549887531,22
1841,10,fold,1,win,3,reverser,SL_FLOOR,4.370734640229292,116
1842,10,fold,0,win,1,completer,RAW,1.4895130127916705,73
1842,10,fold,0,win,2,completer,RAW,0.561866933939132,27
1842,10,fold,0,win,3,completer,RAW,1.1293902464078682,14
1842,10,fold,0,win,4,completer,RAW,0.22154149240887389,1
1842,10,fold,0,win,5,completer,RAW,0.22154149240887389,1
1842,10,fold,0,win,6,reverser,RAW,5.572004216522243,101
1842,10,fold,0,win,1,completer,SL_FLOOR,1.4895130127916705,73
1842,10,fold,0,win,2,completer,SL_FLOOR,0.561866933939132,27
1842,10,fold,0,win,3,completer,SL_FLOOR,1.1293902464078682,14
1842,10,fold,0,win,4,completer,SL_FLOOR,0.22154149240887389,1
1842,10,fold,0,win,5,completer,SL_FLOOR,0.22154149240887389,1
1842,10,fold,0,win,6,reverser,SL_FLOOR,5.572004216522243,101
1843,10,fold,0,win,1,completer,RAW,0.5825878995899108,48
1843,10,fold,0,win,2,completer,RAW,0.19527184446087942,8
1843,10,fold,0,win,3,completer,RAW,0.9075030347259117,61
1843,10,fold,0,win,4,reverser,RAW,2.021036693221832,50
1843,10,fold,0,win,1,completer,SL_FLOOR,0.5825878995899108,48
1843,10,fold,0,win,2,completer,SL_FLOOR,0.19527184446087942,8
1843,10,fold,0,win,3,completer,SL_FLOOR,0.9075030347259117,61
1843,10,fold,0,win,4,reverser,SL_FLOOR,2.021036693221832,50
1844,10,fold,1,win,1,reverser,RAW,2.9664363674264904,113
1845,10,fold,0,win,1,reverser,RAW,3.8077388206624248,115
1846,10,fold,1,win,1,completer,RAW,1.0758756800150855,75
1846,10,fold,1,win,2,completer,RAW,1.2496363546953662,39
1846,10,fold,1,win,3,completer,RAW,0.23993378135902788,1
1846,10,fold,1,win,4,completer,RAW,0.23993378135902788,1
1846,10,fold,1,win,5,reverser,RAW,5.662977428698691,115
1846,10,fold,1,win,1,completer,SL_FLOOR,1.0758756800150855,75
1846,10,fold,1,win,2,completer,SL_FLOOR,1.2496363546953662,39
1846,10,fold,1,win,3,completer,SL_FLOOR,0.23993378135902788,1
1846,10,fold,1,win,4,completer,SL_FLOOR,0.23993378135902788,1
1846,10,fold,1,win,5,reverser,SL_FLOOR,5.662977428698691,115
1847,10,fold,0,win,1,completer,RAW,1.0345896672066095,47
1847,10,fold,0,win,2,completer,RAW,1.2408005917637122,62
1847,10,fold,0,win,3,reverser,RAW,2.8021118776962157,64
1847,10,fold,0,win,1,completer,SL_FLOOR,1.0345896672066095,47
1847,10,fold,0,win,2,completer,SL_FLOOR,1.2408005917637122,62
1847,10,fold,0,win,3,reverser,SL_FLOOR,2.8021118776962157,64
1848,10,fold,0,win,1,completer,RAW,0.29707180666702815,8
1848,10,fold,0,win,2,completer,RAW,1.7504111243134366,62
1848,10,fold,0,win,3,reverser,RAW,3.201971568866058,65
1849,10,fold,0,win,1,completer,RAW,0.8362567119777445,8
1849,10,fold,0,win,2,reverser,RAW,2.714033147054945,132
1850,10,fold,1,win,1,reverser,RAW,3.0991798819043215,137
1851,10,fold,0,win,1,reverser,RAW,3.6011488336830815,139
1852,10,fold,0,win,1,completer,RAW,1.0001912032452136,46
1852,10,fold,0,win,2,completer,RAW,0.2565161474693767,4
1852,10,fold,0,win,3,completer,RAW,1.0778113631422634,58
1852,10,fold,0,win,4,completer,RAW,2.3234301195858738,61
1852,10,fold,0,win,5,completer,RAW,0.508596857230371,8
1852,10,fold,0,win,6,completer,RAW,0.508596857230371,12
1853,10,fold,1,win,1,completer,RAW,0.6521872207026997,29
1853,10,fold,1,win,2,completer,RAW,0.5509923894078539,27
1853,10,fold,1,win,3,completer,RAW,0.6691171544554924,14
1853,10,fold,1,win,4,completer,RAW,0.10157960251653453,1
1853,10,fold,1,win,5,completer,RAW,0.10157960251653453,1
1853,10,fold,1,win,6,reverser,RAW,5.211341426075354,157
1853,10,fold,1,win,1,completer,SL_FLOOR,0.6521872207026997,29
1853,10,fold,1,win,2,completer,SL_FLOOR,0.5509923894078539,27
1853,10,fold,1,win,3,completer,SL_FLOOR,0.6691171544554924,14
1853,10,fold,1,win,4,completer,SL_FLOOR,0.10157960251653453,1
1853,10,fold,1,win,5,completer,SL_FLOOR,0.10157960251653453,1
1853,10,fold,1,win,6,reverser,SL_FLOOR,5.211341426075354,157
1854,10,fold,1,win,1,reverser,RAW,5.052231672276301,157
1855,10,fold,0,win,1,completer,RAW,1.0768035771104227,43
1855,10,fold,0,win,2,completer,RAW,0.26422674619414765,5
1855,10,fold,0,win,3,completer,RAW,1.1603692649127528,60
1855,10,fold,0,win,4,completer,RAW,0.14007201003061365,3
1855,10,fold,0,win,5,completer,RAW,2.501399588217323,61
1855,10,fold,0,win,6,completer,RAW,0.5475542210287916,11
1855,10,fold,0,win,1,completer,SL_FLOOR,1.0768035771104227,43
1855,10,fold,0,win,2,completer,SL_FLOOR,0.26422674619414765,5
1855,10,fold,0,win,3,completer,SL_FLOOR,1.1603692649127528,60
1855,10,fold,0,win,4,completer,SL_FLOOR,0.14007201003061365,3
1855,10,fold,0,win,5,completer,SL_FLOOR,2.501399588217323,61
1855,10,fold,0,win,6,completer,SL_FLOOR,0.5475542210287916,11
1856,10,fold,0,win,1,reverser,RAW,0.46036842119356436,5
1858,10,fold,1,win,1,reverser,RAW,5.094954237607007,202
1858,10,fold,1,win,1,reverser,SL_FLOOR,2.1788261953927544,96
1859,10,fold,1,win,1,reverser,RAW,4.5528276366924665,202
1861,10,fold,1,win,1,completer,RAW,0.18944086128344662,5
1861,10,fold,1,win,2,completer,RAW,1.5112214161477584,58
1861,10,fold,1,win,3,reverser,RAW,5.893476491368265,172
1861,10,fold,1,win,1,completer,SL_FLOOR,0.18944086128344662,5
1861,10,fold,1,win,2,completer,SL_FLOOR,1.5112214161477584,58
1861,10,fold,1,win,3,reverser,SL_FLOOR,4.481280979982329,130
1862,10,fold,1,win,1,completer,RAW,0.5970266880641795,3
1862,10,fold,1,win,2,reverser,RAW,7.767687051256623,231
1862,10,fold,1,win,1,completer,SL_FLOOR,0.5970266880641795,3
1862,10,fold,1,win,2,reverser,SL_FLOOR,3.387730198113019,29
1863,10,fold,1,win,1,completer,RAW,0.43062245057099346,3
1863,10,fold,1,win,2,reverser,RAW,7.415040777896245,232
1863,10,fold,1,win,1,completer,SL_FLOOR,0.43062245057099346,3
1863,10,fold,1,win,2,reverser,SL_FLOOR,3.1560458312814355,97
1867,10,fold,1,win,1,reverser,RAW,3.917059160981065,57
1868,10,fold,0,win,1,reverser,RAW,1.7927139892509658,131
1868,10,fold,0,win,1,reverser,SL_FLOOR,1.7927139892509658,131
1870,10,fold,0,win,1,reverser,RAW,2.3537623013991005,224
1870,10,fold,0,win,1,reverser,SL_FLOOR,2.174194076435661,12
1871,10,fold,1,win,1,reverser,RAW,5.627254486017688,92
1873,11,fold,1,win,1,reverser,RAW,7.156710839792407,205
1874,11,fold,1,win,1,completer,RAW,0.31720333063792916,15
1874,11,fold,1,win,2,completer,RAW,0.35142655632672826,17
1874,11,fold,1,win,3,reverser,RAW,2.750627915435263,193
1874,11,fold,1,win,1,completer,SL_FLOOR,0.31720333063792916,15
1874,11,fold,1,win,2,completer,SL_FLOOR,0.35142655632672826,17
1874,11,fold,1,win,3,reverser,SL_FLOOR,2.750627915435263,193
1875,11,fold,1,win,1,reverser,RAW,6.973570923255461,213
1875,11,fold,1,win,1,reverser,SL_FLOOR,2.366247325815725,66
1876,11,fold,1,win,1,reverser,RAW,4.088077091610563,213
1876,11,fold,1,win,1,reverser,SL_FLOOR,2.5004881861805046,59
1879,11,fold,1,win,1,reverser,RAW,5.4904468081027,209
1879,11,fold,1,win,1,reverser,SL_FLOOR,1.853144938206444,40
1880,11,fold,1,win,1,completer,RAW,1.9138496157651672,143
1880,11,fold,1,win,2,reverser,RAW,5.041251631005983,64
1880,11,fold,1,win,1,completer,SL_FLOOR,1.9138496157651672,143
1880,11,fold,1,win,2,reverser,SL_FLOOR,4.012767206236869,43
1881,11,fold,1,win,1,reverser,RAW,3.1198546281810424,145
1881,11,fold,1,win,1,reverser,SL_FLOOR,2.1122591588692856,30
1884,11,fold,0,win,1,reverser,RAW,1.6844312806232593,115
1885,11,fold,1,win,1,completer,RAW,0.6364491258018287,44
1885,11,fold,1,win,2,reverser,RAW,8.759854331490699,91
1887,11,fold,1,win,1,reverser,RAW,5.3992487326003555,176
1888,11,fold,0,win,1,completer,RAW,1.194926347266408,8
1888,11,fold,0,win,2,completer,RAW,1.6415426021562227,17
1888,11,fold,0,win,3,completer,RAW,0.32539184284827094,2
1888,11,fold,0,win,4,completer,RAW,1.297921524414451,5
1888,11,fold,0,win,5,completer,RAW,1.2250045848406135,1
1888,11,fold,0,win,6,completer,RAW,1.2250045848406135,1
1889,11,fold,0,win,1,completer,RAW,1.7857480600054325,42
1889,11,fold,0,win,2,completer,RAW,0.25196365711521773,4
1889,11,fold,0,win,3,completer,RAW,6.3189646177378975,116
1889,11,fold,0,win,4,completer,RAW,0.27325636053341995,2
1889,11,fold,0,win,5,completer,RAW,1.8971798745606265,8
1889,11,fold,0,win,6,completer,RAW,1.2924670974840673,8
1889,11,fold,0,win,1,completer,SL_FLOOR,1.7857480600054325,42
1889,11,fold,0,win,2,completer,SL_FLOOR,0.25196365711521773,4
1889,11,fold,0,win,3,reverser,SL_FLOOR,4.407589607565146,47
1892,11,fold,0,win,1,completer,RAW,0.4515694030159335,17
1892,11,fold,0,win,2,completer,RAW,0.2879256080569821,7
1892,11,fold,0,win,3,completer,RAW,2.611740389033259,107
1892,11,fold,0,win,4,completer,RAW,0.3331189946380655,10
1892,11,fold,0,win,5,completer,RAW,0.09840495465238064,3
1892,11,fold,0,win,6,completer,RAW,0.11517024322278324,2
1892,11,fold,0,win,1,completer,SL_FLOOR,0.4515694030159335,17
1892,11,fold,0,win,2,completer,SL_FLOOR,0.2879256080569821,7
1892,11,fold,0,win,3,completer,SL_FLOOR,2.611740389033259,107
1892,11,fold,0,win,4,completer,SL_FLOOR,0.3331189946380655,10
1892,11,fold,0,win,5,completer,SL_FLOOR,0.09840495465238064,3
1892,11,fold,0,win,6,completer,SL_FLOOR,0.11517024322278324,2
1893,11,fold,0,win,1,completer,RAW,3.9330279189714727,111
1893,11,fold,0,win,2,completer,RAW,0.6229031172117714,3
1893,11,fold,0,win,3,completer,RAW,0.6629869728881808,4
1893,11,fold,0,win,4,completer,RAW,1.5688821111755633,39
1893,11,fold,0,win,5,completer,RAW,2.018622971865118,5
1893,11,fold,0,win,6,completer,RAW,2.018622971865118,8
1894,11,fold,1,win,1,completer,RAW,1.458043770430144,21
1894,11,fold,1,win,2,completer,RAW,0.3319255668386343,4
1894,11,fold,1,win,3,completer,RAW,0.7974309349659565,3
1894,11,fold,1,win,4,completer,RAW,1.1528341638492479,4
1894,11,fold,1,win,5,completer,RAW,1.0880681995880614,1
1894,11,fold,1,win,6,reverser,RAW,13.49803652658602,90
1895,11,fold,1,win,1,reverser,RAW,13.483846132716831,96
1896,11,fold,1,win,1,reverser,RAW,12.115495146831737,199
1896,11,fold,1,win,1,reverser,SL_FLOOR,2.3645416400409056,62
1897,11,fold,1,win,1,completer,RAW,2.590394288483024,97
1897,11,fold,1,win,2,completer,RAW,0.5587783375726847,3
1897,11,fold,1,win,3,completer,RAW,0.022163083100850578,1
1897,11,fold,1,win,4,completer,RAW,0.9446174661009517,2
1897,11,fold,1,win,5,reverser,RAW,9.568743226642951,123
1897,11,fold,1,win,1,reverser,SL_FLOOR,2.336862049980985,71
1898,11,fold,1,win,1,completer,RAW,0.7481065797620824,4
1898,11,fold,1,win,2,reverser,RAW,17.884906612036314,133
1899,11,fold,1,win,1,completer,RAW,0.22905584018822256,4
1899,11,fold,1,win,2,completer,RAW,0.35859678351562785,6
1899,11,fold,1,win,3,completer,RAW,0.6665782315589661,4
1899,11,fold,1,win,4,completer,RAW,0.709472583654112,4
1899,11,fold,1,win,5,completer,RAW,0.37918607252131054,4
1899,11,fold,1,win,6,completer,RAW,2.1601595715127795,41
1900,11,fold,1,win,1,completer,RAW,0.3813032655896862,12
1900,11,fold,1,win,2,completer,RAW,0.3813032655896862,16
1900,11,fold,1,win,3,completer,RAW,0.2662049780002218,10
1900,11,fold,1,win,4,completer,RAW,0.08841348907012847,3
1900,11,fold,1,win,5,completer,RAW,0.7651785599523242,3
1900,11,fold,1,win,6,completer,RAW,3.529144980082629,34
1900,11,fold,1,win,1,completer,SL_FLOOR,0.3813032655896862,12
1900,11,fold,1,win,2,completer,SL_FLOOR,0.3813032655896862,16
1900,11,fold,1,win,3,completer,SL_FLOOR,0.2662049780002218,10
1900,11,fold,1,win,4,completer,SL_FLOOR,0.08841348907012847,3
1900,11,fold,1,win,5,completer,SL_FLOOR,0.7651785599523242,3
1900,11,fold,1,win,6,completer,SL_FLOOR,3.529144980082629,34
1901,11,fold,1,win,1,completer,RAW,0.286949694048231,6
1901,11,fold,1,win,2,completer,RAW,0.38786262473025324,3
1901,11,fold,1,win,3,completer,RAW,0.5677210454016342,6
1901,11,fold,1,win,4,completer,RAW,1.3434462948621713,29
1901,11,fold,1,win,5,completer,RAW,1.7285629895058356,15
1901,11,fold,1,win,6,completer,RAW,1.7285629895058356,8
1901,11,fold,1,win,1,completer,SL_FLOOR,0.286949694048231,6
1901,11,fold,1,win,2,completer,SL_FLOOR,0.38786262473025324,3
1901,11,fold,1,win,3,completer,SL_FLOOR,0.5677210454016342,6
1901,11,fold,1,win,4,completer,SL_FLOOR,1.3434462948621713,29
1901,11,fold,1,win,5,completer,SL_FLOOR,1.7285629895058356,15
1901,11,fold,1,win,6,completer,SL_FLOOR,1.7285629895058356,8
1902,11,fold,1,win,1,completer,RAW,2.625336558081402,50
1902,11,fold,1,win,2,completer,RAW,0.5663157937059102,4
1902,11,fold,1,win,3,completer,RAW,0.02246204470228985,1
1902,11,fold,1,win,4,completer,RAW,0.9573595719319394,2
1902,11,fold,1,win,5,completer,RAW,0.9573595719319394,1
1902,11,fold,1,win,6,reverser,RAW,9.697817633203204,177
1902,11,fold,1,win,1,reverser,SL_FLOOR,2.625336558081402,29
1905,11,fold,1,win,1,completer,RAW,1.462114299337137,2
1905,11,fold,1,win,2,completer,RAW,1.462114299337137,1
1905,11,fold,1,win,3,reverser,RAW,4.279114233927108,226
1905,11,fold,1,win,1,completer,SL_FLOOR,1.462114299337137,2
1905,11,fold,1,win,2,completer,SL_FLOOR,1.462114299337137,1
1905,11,fold,1,win,3,reverser,SL_FLOOR,4.279114233927108,226
1906,11,fold,1,win,1,reverser,RAW,1.411598861066172,229
1906,11,fold,1,win,1,reverser,SL_FLOOR,1.411598861066172,229
1913,11,fold,0,win,1,completer,RAW,2.4768814754449613,91
1913,11,fold,0,win,2,completer,RAW,1.9017036292865388,42
1913,11,fold,0,win,3,completer,RAW,1.4746953297043621,13
1913,11,fold,0,win,4,completer,RAW,1.1993566447279709,14
1913,11,fold,0,win,5,completer,RAW,0.6300122452851378,8
1913,11,fold,0,win,6,completer,RAW,1.106021497278336,7
1913,11,fold,0,win,1,reverser,SL_FLOOR,2.4768814754449613,77
1914,11,fold,0,win,1,completer,RAW,2.1848042329447885,216
1914,11,fold,0,win,2,reverser,RAW,1.4983531888378443,18
1914,11,fold,0,win,1,reverser,SL_FLOOR,1.8638449235561756,87
1916,11,fold,0,win,1,completer,RAW,0.516074496102072,18
1916,11,fold,0,win,2,completer,RAW,0.28153548541650064,9
1916,11,fold,0,win,3,reverser,RAW,1.80892091417218,40
1917,11,fold,0,win,1,completer,RAW,1.1033293387794803,49
1917,11,fold,0,win,2,completer,RAW,0.2947169180918623,15
1917,11,fold,0,win,3,completer,RAW,0.2947169180918623,5
1917,11,fold,0,win,4,completer,RAW,0.4227015558289624,9
1917,11,fold,0,win,5,reverser,RAW,3.0250558564833625,44
1918,11,fold,0,win,1,completer,RAW,1.5823673388344963,102
1918,11,fold,0,win,2,completer,RAW,0.750525860033241,54
1918,11,fold,0,win,3,completer,RAW,0.23910252156892398,9
1918,11,fold,0,win,4,completer,RAW,0.1705897874579927,4
1918,11,fold,0,win,5,completer,RAW,0.7872043944562552,15
1918,11,fold,0,win,6,reverser,RAW,2.6643841043135144,41
1918,11,fold,0,win,1,completer,SL_FLOOR,1.5823673388344963,102
1918,11,fold,0,win,2,completer,SL_FLOOR,0.750525860033241,54
1918,11,fold,0,win,3,completer,SL_FLOOR,0.23910252156892398,9
1918,11,fold,0,win,4,completer,SL_FLOOR,0.1705897874579927,4
1918,11,fold,0,win,5,completer,SL_FLOOR,0.7872043944562552,15
1918,11,fold,0,win,6,reverser,SL_FLOOR,2.6643841043135144,41
1919,11,fold,0,win,1,completer,RAW,1.393690249331893,104
1919,11,fold,0,win,2,completer,RAW,0.7314351618779129,53
1919,11,fold,0,win,3,completer,RAW,0.25402058577533193,9
1919,11,fold,0,win,4,completer,RAW,0.8016961749646949,18
1919,11,fold,0,win,5,reverser,RAW,1.9255120714657834,41
1919,11,fold,0,win,1,completer,SL_FLOOR,1.393690249331893,104
1919,11,fold,0,win,2,completer,SL_FLOOR,0.7314351618779129,53
1919,11,fold,0,win,3,completer,SL_FLOOR,0.25402058577533193,9
1919,11,fold,0,win,4,completer,SL_FLOOR,0.8016961749646949,18
1919,11,fold,0,win,5,reverser,SL_FLOOR,1.9255120714657834,41
1920,11,fold,0,win,1,completer,RAW,0.6782894450304968,27
1920,11,fold,0,win,2,completer,RAW,2.584615617950459,147
1920,11,fold,0,win,3,completer,RAW,0.6886187259193028,21
1920,11,fold,0,win,4,reverser,RAW,3.263478911919226,39
1920,11,fold,0,win,1,completer,SL_FLOOR,0.6782894450304968,27
1920,11,fold,0,win,2,completer,SL_FLOOR,2.584615617950459,147
1920,11,fold,0,win,3,completer,SL_FLOOR,0.6886187259193028,21
1920,11,fold,0,win,4,reverser,SL_FLOOR,3.263478911919226,39
1921,11,fold,0,win,1,completer,RAW,0.9609766776548059,56
1921,11,fold,0,win,2,completer,RAW,0.17444235273091313,10
1921,11,fold,0,win,3,completer,RAW,0.40716080117503406,17
1921,11,fold,0,win,4,reverser,RAW,2.777569939390238,41
1921,11,fold,0,win,1,completer,SL_FLOOR,0.9609766776548059,56
1921,11,fold,0,win,2,completer,SL_FLOOR,0.17444235273091313,10
1921,11,fold,0,win,3,completer,SL_FLOOR,0.40716080117503406,17
1921,11,fold,0,win,4,reverser,SL_FLOOR,2.777569939390238,41
1922,11,fold,0,win,1,completer,RAW,0.35836939016409386,20
1922,11,fold,0,win,2,reverser,RAW,3.3549085401981835,213
1922,11,fold,0,win,1,completer,SL_FLOOR,0.35836939016409386,20
1922,11,fold,0,win,2,reverser,SL_FLOOR,2.99068224478113,82
1923,11,fold,0,win,1,completer,RAW,0.5224429641595002,27
1923,11,fold,0,win,2,completer,RAW,2.2657064742327524,148
1923,11,fold,0,win,3,completer,RAW,0.29972240947582485,7
1923,11,fold,0,win,4,completer,RAW,0.2919247532943432,13
1923,11,fold,0,win,5,reverser,RAW,2.377310428330252,47
1923,11,fold,0,win,1,completer,SL_FLOOR,0.5224429641595002,27
1923,11,fold,0,win,2,completer,SL_FLOOR,2.2657064742327524,148
1923,11,fold,0,win,3,completer,SL_FLOOR,0.29972240947582485,7
1923,11,fold,0,win,4,completer,SL_FLOOR,0.2919247532943432,13
1923,11,fold,0,win,5,reverser,SL_FLOOR,2.377310428330252,47
1924,11,fold,0,win,1,completer,RAW,1.9359195345303075,118
1924,11,fold,0,win,2,completer,RAW,0.5117861812947058,31
1924,11,fold,0,win,3,completer,RAW,0.20403810311528847,4
1924,11,fold,0,win,4,completer,RAW,0.3956761005163836,13
1924,11,fold,0,win,5,reverser,RAW,2.389838555825462,51
1924,11,fold,0,win,1,completer,SL_FLOOR,1.9359195345303075,118
1924,11,fold,0,win,2,completer,SL_FLOOR,0.5117861812947058,31
1924,11,fold,0,win,3,completer,SL_FLOOR,0.20403810311528847,4
1924,11,fold,0,win,4,completer,SL_FLOOR,0.3956761005163836,13
1924,11,fold,0,win,5,reverser,SL_FLOOR,2.389838555825462,51
1925,11,fold,0,win,1,completer,RAW,1.910847468917948,133
1925,11,fold,0,win,2,completer,RAW,0.5297627970729049,32
1925,11,fold,0,win,3,completer,RAW,0.4048405654487244,13
1925,11,fold,0,win,4,reverser,RAW,1.3305759917747864,53
1925,11,fold,0,win,1,completer,SL_FLOOR,1.910847468917948,133
1925,11,fold,0,win,2,completer,SL_FLOOR,0.5297627970729049,32
1925,11,fold,0,win,3,completer,SL_FLOOR,0.4048405654487244,13
1925,11,fold,0,win,4,reverser,SL_FLOOR,1.3305759917747864,53
1926,11,fold,1,win,1,reverser,RAW,3.884139974374097,213
1926,11,fold,1,win,1,reverser,SL_FLOOR,2.421577821157011,59
1927,11,fold,0,win,1,completer,RAW,1.9547618558948736,125
1927,11,fold,0,win,2,completer,RAW,0.3868621981587932,19
1927,11,fold,0,win,3,completer,RAW,0.47889109111286476,14
1927,11,fold,0,win,4,completer,RAW,0.995275434910742,27
1927,11,fold,0,win,5,reverser,RAW,1.874662634249666,40
1927,11,fold,0,win,1,completer,SL_FLOOR,1.9547618558948736,125
1927,11,fold,0,win,2,completer,SL_FLOOR,0.3868621981587932,19
1927,11,fold,0,win,3,completer,SL_FLOOR,0.47889109111286476,14
1927,11,fold,0,win,4,completer,SL_FLOOR,0.995275434910742,27
1927,11,fold,0,win,5,reverser,SL_FLOOR,1.874662634249666,40
1928,11,fold,1,win,1,reverser,RAW,4.051880229057833,217
1928,11,fold,1,win,1,reverser,SL_FLOOR,2.1928092267077797,34
1930,11,fold,1,win,1,reverser,RAW,4.842301190684431,241
1930,11,fold,1,win,1,reverser,SL_FLOOR,2.5239996453394005,57
1931,11,fold,0,win,1,completer,RAW,0.3872511044667346,14
1931,11,fold,0,win,2,reverser,RAW,1.6128808887067847,87
1933,11,fold,1,win,1,completer,RAW,0.24872872523288758,19
1933,11,fold,1,win,2,reverser,RAW,3.1474988039636913,82
1934,11,fold,1,win,1,reverser,RAW,3.7555012479685574,177
1936,11,fold,1,win,1,reverser,RAW,3.7942357920932412,231
1936,11,fold,1,win,1,reverser,SL_FLOOR,2.7874577889835703,157
1937,11,fold,0,win,1,completer,RAW,1.854523099451929,73
1937,11,fold,0,win,2,completer,RAW,0.5574620307776592,31
1937,11,fold,0,win,3,completer,RAW,0.22224807834968274,4
1937,11,fold,0,win,4,completer,RAW,0.4309893674073888,11
1937,11,fold,0,win,5,reverser,RAW,2.7087251980076976,97
1937,11,fold,0,win,1,completer,SL_FLOOR,1.854523099451929,73
1937,11,fold,0,win,2,completer,SL_FLOOR,0.5574620307776592,31
1937,11,fold,0,win,3,completer,SL_FLOOR,0.22224807834968274,4
1937,11,fold,0,win,4,completer,SL_FLOOR,0.4309893674073888,11
1937,11,fold,0,win,5,reverser,SL_FLOOR,2.7087251980076976,97
1938,11,fold,0,win,1,completer,RAW,1.9962034538939033,72
1938,11,fold,0,win,2,completer,RAW,0.6000505637174016,31
1938,11,fold,0,win,3,completer,RAW,0.23922720712081258,2
1938,11,fold,0,win,4,completer,RAW,0.463915744195603,13
1938,11,fold,0,win,5,completer,RAW,0.29341679547414223,7
1938,11,fold,0,win,6,reverser,RAW,2.9156641928646803,111
1938,11,fold,0,win,1,completer,SL_FLOOR,1.9962034538939033,72
1938,11,fold,0,win,2,completer,SL_FLOOR,0.6000505637174016,31
1938,11,fold,0,win,3,completer,SL_FLOOR,0.23922720712081258,2
1938,11,fold,0,win,4,completer,SL_FLOOR,0.463915744195603,13
1938,11,fold,0,win,5,completer,SL_FLOOR,0.29341679547414223,7
1938,11,fold,0,win,6,reverser,SL_FLOOR,2.9156641928646803,111
1939,11,fold,0,win,1,completer,RAW,0.2600185616180757,7
1939,11,fold,0,win,2,completer,RAW,0.5632793405487284,14
1939,11,fold,0,win,3,completer,RAW,0.2617143348460118,6
1939,11,fold,0,win,4,reverser,RAW,4.431903331231481,118
1940,11,fold,1,win,1,completer,RAW,1.4408742438916753,2
1940,11,fold,1,win,2,completer,RAW,1.4408742438916753,1
1940,11,fold,1,win,3,completer,RAW,1.4408742438916753,1
1940,11,fold,1,win,4,completer,RAW,2.7663427768473845,42
1940,11,fold,1,win,5,completer,RAW,0.5634514122167582,1
1940,11,fold,1,win,6,completer,RAW,2.1451885091625664,14
1940,11,fold,1,win,1,completer,SL_FLOOR,1.4408742438916753,2
1940,11,fold,1,win,2,completer,SL_FLOOR,1.4408742438916753,1
1940,11,fold,1,win,3,completer,SL_FLOOR,1.4408742438916753,1
1940,11,fold,1,win,4,completer,SL_FLOOR,2.7663427768473845,42
1940,11,fold,1,win,5,completer,SL_FLOOR,0.5634514122167582,1
1940,11,fold,1,win,6,completer,SL_FLOOR,2.1451885091625664,14
1941,11,fold,0,win,1,completer,RAW,0.6632289553139978,23
1941,11,fold,0,win,2,reverser,RAW,3.268426117672179,138
1942,11,fold,0,win,1,completer,RAW,0.21466041045425555,12
1942,11,fold,0,win,2,completer,RAW,0.7627040282061983,124
1942,11,fold,0,win,3,reverser,RAW,0.355768650473546,19
1943,11,fold,0,win,1,completer,RAW,0.6000036160365259,49
1943,11,fold,0,win,2,completer,RAW,0.4646836515687154,14
1943,11,fold,0,win,3,completer,RAW,0.44681120343146263,13
1943,11,fold,0,win,4,reverser,RAW,1.586818073900857,150
1943,11,fold,0,win,1,completer,SL_FLOOR,0.6000036160365259,49
1943,11,fold,0,win,2,completer,SL_FLOOR,0.4646836515687154,14
1943,11,fold,0,win,3,completer,SL_FLOOR,0.44681120343146263,13
1943,11,fold,0,win,4,reverser,SL_FLOOR,1.586818073900857,150
1944,11,fold,0,win,1,completer,RAW,0.5074714420987485,36
1944,11,fold,0,win,2,completer,RAW,1.025656170197354,28
1944,11,fold,0,win,3,completer,RAW,0.3913168675739378,8
1944,11,fold,0,win,4,completer,RAW,0.3467721521008089,15
1944,11,fold,0,win,5,reverser,RAW,2.7504952161752496,156
1944,11,fold,0,win,1,completer,SL_FLOOR,0.5074714420987485,36
1944,11,fold,0,win,2,completer,SL_FLOOR,1.025656170197354,28
1944,11,fold,0,win,3,completer,SL_FLOOR,0.3913168675739378,8
1944,11,fold,0,win,4,completer,SL_FLOOR,0.3467721521008089,15
1944,11,fold,0,win,5,reverser,SL_FLOOR,2.7504952161752496,156
1945,11,fold,1,win,1,completer,RAW,0.017770638018517193,1
1945,11,fold,1,win,2,completer,RAW,1.508727167768963,2
1945,11,fold,1,win,3,completer,RAW,1.508727167768963,1
1945,11,fold,1,win,4,completer,RAW,1.508727167768963,1
1945,11,fold,1,win,5,completer,RAW,2.896613997012261,42
1945,11,fold,1,win,6,completer,RAW,2.246208645535818,13
1945,11,fold,1,win,1,completer,SL_FLOOR,0.017770638018517193,1
1945,11,fold,1,win,2,completer,SL_FLOOR,1.508727167768963,2
1945,11,fold,1,win,3,completer,SL_FLOOR,1.508727167768963,1
1945,11,fold,1,win,4,completer,SL_FLOOR,1.508727167768963,1
1945,11,fold,1,win,5,completer,SL_FLOOR,2.896613997012261,42
1945,11,fold,1,win,6,completer,SL_FLOOR,2.246208645535818,13
1946,11,fold,0,win,1,completer,RAW,0.9314615411505979,44
1946,11,fold,0,win,2,completer,RAW,0.7937101864733882,82
1946,11,fold,0,win,3,completer,RAW,0.8343796340447565,63
1946,11,fold,0,win,4,reverser,RAW,0.4150032875830676,23
1946,11,fold,0,win,1,completer,SL_FLOOR,0.9314615411505979,44
1946,11,fold,0,win,2,completer,SL_FLOOR,0.7937101864733882,82
1946,11,fold,0,win,3,completer,SL_FLOOR,0.8343796340447565,63
1946,11,fold,0,win,4,reverser,SL_FLOOR,0.4150032875830676,23
1949,11,fold,0,win,1,completer,RAW,2.203532842657933,59
1949,11,fold,0,win,2,reverser,RAW,1.687716119735958,173
1949,11,fold,0,win,1,completer,SL_FLOOR,2.203532842657933,59
1949,11,fold,0,win,2,reverser,SL_FLOOR,1.687716119735958,173
1951,11,fold,1,win,1,completer,RAW,0.4983561655670976,9
1951,11,fold,1,win,2,reverser,RAW,3.8503133887650653,222
1951,11,fold,1,win,1,completer,SL_FLOOR,0.4983561655670976,9
1951,11,fold,1,win,2,reverser,SL_FLOOR,3.042268896151888,54
1952,11,fold,0,win,1,completer,RAW,1.394458599907181,103
1952,11,fold,0,win,2,reverser,RAW,2.39352771540779,127
1952,11,fold,0,win,1,completer,SL_FLOOR,1.394458599907181,103
1952,11,fold,0,win,2,reverser,SL_FLOOR,2.39352771540779,127
1953,11,fold,0,win,1,completer,RAW,0.2712351203614676,13
1953,11,fold,0,win,2,completer,RAW,0.9637180812843416,120
1953,11,fold,0,win,3,completer,RAW,0.47933357397215026,39
1953,11,fold,0,win,4,reverser,RAW,0.9212902412277888,69
1953,11,fold,0,win,1,completer,SL_FLOOR,0.2712351203614676,13
1953,11,fold,0,win,2,completer,SL_FLOOR,0.9637180812843416,120
1953,11,fold,0,win,3,completer,SL_FLOOR,0.47933357397215026,39
1953,11,fold,0,win,4,reverser,SL_FLOOR,0.9212902412277888,69
1954,11,fold,0,win,1,reverser,RAW,0.6309033538180089,19
1955,11,fold,0,win,1,reverser,RAW,0.6789635313499665,41
1956,11,fold,0,win,1,completer,RAW,1.4160629632528965,83
1956,11,fold,0,win,2,completer,RAW,0.3644912775296314,6
1956,11,fold,0,win,3,reverser,RAW,1.6172506684090187,49
1957,11,fold,0,win,1,completer,RAW,0.5283798001360642,38
1957,11,fold,0,win,2,completer,RAW,0.2770587490684808,18
1957,11,fold,0,win,3,completer,RAW,0.23731671539063415,8
1957,11,fold,0,win,4,completer,RAW,0.5813691783731998,22
1957,11,fold,0,win,5,reverser,RAW,1.3898356920484423,48
1957,11,fold,0,win,1,completer,SL_FLOOR,0.5283798001360642,38
1957,11,fold,0,win,2,completer,SL_FLOOR,0.2770587490684808,18
1957,11,fold,0,win,3,completer,SL_FLOOR,0.23731671539063415,8
1957,11,fold,0,win,4,completer,SL_FLOOR,0.5813691783731998,22
1957,11,fold,0,win,5,reverser,SL_FLOOR,1.3898356920484423,48
1958,11,fold,1,win,1,completer,RAW,0.46137930967223006,22
1958,11,fold,1,win,2,reverser,RAW,3.2628330057044637,166
1958,11,fold,1,win,1,completer,SL_FLOOR,0.46137930967223006,22
1958,11,fold,1,win,2,reverser,SL_FLOOR,3.2628330057044637,166
1959,11,fold,0,win,1,completer,RAW,1.057757310009675,71
1959,11,fold,0,win,2,completer,RAW,0.8760344593509273,49
1959,11,fold,0,win,3,completer,RAW,0.8622785463528504,50
1959,11,fold,0,win,4,reverser,RAW,0.5719563825514316,14
1959,11,fold,0,win,1,completer,SL_FLOOR,1.057757310009675,71
1959,11,fold,0,win,2,completer,SL_FLOOR,0.8760344593509273,49
1959,11,fold,0,win,3,completer,SL_FLOOR,0.8622785463528504,50
1959,11,fold,0,win,4,reverser,SL_FLOOR,0.5719563825514316,14
1960,11,fold,0,win,1,completer,RAW,1.978502808552757,163
1960,11,fold,0,win,2,completer,RAW,0.8466944461676083,56
1960,11,fold,0,win,3,reverser,RAW,0.44570667665199215,14
1960,11,fold,0,win,1,reverser,SL_FLOOR,1.8759705076599738,58
1961,11,fold,1,win,1,reverser,RAW,3.5438315366599342,232
1961,11,fold,1,win,1,reverser,SL_FLOOR,2.4465011917751394,127
1962,11,fold,1,win,1,reverser,RAW,4.674894601216886,223
1962,11,fold,1,win,1,reverser,SL_FLOOR,2.883591208967995,118
1963,11,fold,1,win,1,completer,RAW,1.1724245678482867,84
1963,11,fold,1,win,2,reverser,RAW,4.527373913352559,139
1963,11,fold,1,win,1,completer,SL_FLOOR,1.1724245678482867,84
1963,11,fold,1,win,2,reverser,SL_FLOOR,3.0155438696010215,84
1964,11,fold,0,win,1,reverser,RAW,1.1490733303004697,130
1965,11,fold,0,win,1,completer,RAW,1.04394096500397,39
1965,11,fold,0,win,2,completer,RAW,0.9815773479284324,51
1965,11,fold,0,win,3,completer,RAW,0.6704088835619828,23
1965,11,fold,0,win,4,completer,RAW,0.4735737171673131,11
1965,11,fold,0,win,5,reverser,RAW,1.54869649070908,46
1965,11,fold,0,win,1,completer,SL_FLOOR,1.04394096500397,39
1965,11,fold,0,win,2,completer,SL_FLOOR,0.9815773479284324,51
1965,11,fold,0,win,3,completer,SL_FLOOR,0.6704088835619828,23
1965,11,fold,0,win,4,completer,SL_FLOOR,0.4735737171673131,11
1965,11,fold,0,win,5,reverser,SL_FLOOR,1.54869649070908,46
1967,11,fold,1,win,1,reverser,RAW,2.6909652851724375,160
1968,11,fold,1,win,1,reverser,RAW,4.777993224661545,219
1968,11,fold,1,win,1,reverser,SL_FLOOR,2.5839971399959074,44
1969,11,fold,1,win,1,reverser,RAW,3.986711461403832,237
1969,11,fold,1,win,1,reverser,SL_FLOOR,3.0230647068642145,200
1970,11,fold,0,win,1,completer,RAW,1.2667050106657178,37
1970,11,fold,0,win,2,completer,RAW,1.1910337716962602,34
1970,11,fold,0,win,3,completer,RAW,0.9553493919893192,26
1970,11,fold,0,win,4,completer,RAW,0.8134658189216126,21
1970,11,fold,0,win,5,completer,RAW,0.5746284709242566,7
1970,11,fold,0,win,6,reverser,RAW,3.4122999322787284,91
1970,11,fold,0,win,1,completer,SL_FLOOR,1.2667050106657178,37
1970,11,fold,0,win,2,completer,SL_FLOOR,1.1910337716962602,34
1970,11,fold,0,win,3,completer,SL_FLOOR,0.9553493919893192,26
1970,11,fold,0,win,4,completer,SL_FLOOR,0.8134658189216126,21
1970,11,fold,0,win,5,completer,SL_FLOOR,0.5746284709242566,7
1970,11,fold,0,win,6,reverser,SL_FLOOR,3.4122999322787284,91
1971,11,fold,0,win,1,completer,RAW,1.580342263980454,76
1971,11,fold,0,win,2,completer,RAW,1.509758531772516,136
1971,11,fold,0,win,3,completer,RAW,0.04812527195995164,2
1971,11,fold,0,win,4,reverser,RAW,1.721509728396351,26
1971,11,fold,0,win,1,completer,SL_FLOOR,1.580342263980454,76
1971,11,fold,0,win,2,completer,SL_FLOOR,1.509758531772516,136
1971,11,fold,0,win,3,completer,SL_FLOOR,0.04812527195995164,2
1971,11,fold,0,win,4,reverser,SL_FLOOR,1.721509728396351,26
1972,11,fold,0,win,1,reverser,RAW,4.037527416428994,240
1972,11,fold,0,win,1,reverser,SL_FLOOR,2.183544179773637,43
1974,11,fold,0,win,1,completer,RAW,0.33881981359457236,16
1974,11,fold,0,win,2,completer,RAW,1.723738537086634,44
1974,11,fold,0,win,3,completer,RAW,1.1228128299566404,50
1974,11,fold,0,win,4,completer,RAW,2.071275841597028,73
1974,11,fold,0,win,5,reverser,RAW,2.8692168434243466,53
1974,11,fold,0,win,1,completer,SL_FLOOR,0.33881981359457236,16
1974,11,fold,0,win,2,completer,SL_FLOOR,1.723738537086634,44
1974,11,fold,0,win,3,completer,SL_FLOOR,1.1228128299566404,50
1974,11,fold,0,win,4,completer,SL_FLOOR,2.071275841597028,73
1974,11,fold,0,win,5,reverser,SL_FLOOR,2.8692168434243466,53
1976,11,fold,1,win,1,completer,RAW,0.5875517579667595,13
1976,11,fold,1,win,2,reverser,RAW,3.888495013576728,202
1976,11,fold,1,win,1,completer,SL_FLOOR,0.5875517579667595,13
1976,11,fold,1,win,2,reverser,SL_FLOOR,3.6039428670575036,177
1977,11,fold,1,win,1,completer,RAW,0.6700913070487271,20
1977,11,fold,1,win,2,completer,RAW,1.451203659052255,131
1977,11,fold,1,win,3,reverser,RAW,5.261163963692195,73
1977,11,fold,1,win,1,completer,SL_FLOOR,0.6700913070487271,20
1977,11,fold,1,win,2,completer,SL_FLOOR,1.451203659052255,131
1977,11,fold,1,win,3,reverser,SL_FLOOR,4.9444015378092026,45
1979,11,fold,0,win,1,reverser,RAW,1.3835552175763535,85
1980,11,fold,1,win,1,completer,RAW,1.1078837066765568,31
1980,11,fold,1,win,2,completer,RAW,1.3060830853938905,74
1980,11,fold,1,win,3,reverser,RAW,3.892839079423058,111
1982,11,fold,0,win,1,completer,RAW,0.7501753630402567,10
1982,11,fold,0,win,2,completer,RAW,0.019252896576655854,1
1982,11,fold,0,win,3,reverser,RAW,2.6108302964838357,73
1983,11,fold,1,win,1,reverser,RAW,1.936967259694395,202
1983,11,fold,1,win,1,reverser,SL_FLOOR,1.936967259694395,202
1984,11,fold,1,win,1,reverser,RAW,4.53494133043137,152
1985,11,fold,0,win,1,completer,RAW,0.31717446211788114,18
1985,11,fold,0,win,2,reverser,RAW,2.8422924379467,152
1986,11,fold,1,win,1,reverser,RAW,2.187176723497494,222
1986,11,fold,1,win,1,reverser,SL_FLOOR,2.187176723497494,222
1988,11,fold,1,win,1,completer,RAW,1.1925897694218197,45
1988,11,fold,1,win,2,completer,RAW,0.6150657025564854,12
1988,11,fold,1,win,3,reverser,RAW,6.141400183887498,176
1988,11,fold,1,win,1,completer,SL_FLOOR,1.1925897694218197,45
1988,11,fold,1,win,2,completer,SL_FLOOR,0.6150657025564854,12
1988,11,fold,1,win,3,reverser,SL_FLOOR,4.572879788572074,44
1989,11,fold,1,win,1,reverser,RAW,5.208102799360351,228
1989,11,fold,1,win,1,reverser,SL_FLOOR,2.420441299803536,80
1990,11,fold,1,win,1,completer,RAW,0.6213648737795037,13
1990,11,fold,1,win,2,reverser,RAW,3.9799279761252384,190
1991,11,fold,1,win,1,reverser,RAW,3.3267774043343836,215
1991,11,fold,1,win,1,reverser,SL_FLOOR,2.5391019270725925,105
1992,11,fold,1,win,1,reverser,RAW,4.285555156066701,233
1992,11,fold,1,win,1,reverser,SL_FLOOR,2.7516450064317066,104
1993,11,fold,1,win,1,completer,RAW,0.20504651915810246,8
1993,11,fold,1,win,2,reverser,RAW,4.014762974333002,223
1993,11,fold,1,win,1,completer,SL_FLOOR,0.20504651915810246,8
1993,11,fold,1,win,2,reverser,SL_FLOOR,4.014762974333002,211
1996,11,fold,1,win,1,reverser,RAW,3.0720746322166486,233
1996,11,fold,1,win,1,reverser,SL_FLOOR,2.41505316978391,54
1999,11,fold,0,win,1,reverser,RAW,2.202390841772707,99
1999,11,fold,0,win,1,reverser,SL_FLOOR,2.181356334263736,69
2001,11,fold,1,win,1,completer,RAW,0.10936141570989011,7
2001,11,fold,1,win,2,completer,RAW,1.76593449121695,112
2001,11,fold,1,win,3,reverser,RAW,4.094154907514593,91
2001,11,fold,1,win,1,completer,SL_FLOOR,0.10936141570989011,7
2001,11,fold,1,win,2,completer,SL_FLOOR,1.76593449121695,112
2001,11,fold,1,win,3,reverser,SL_FLOOR,4.094154907514593,91
2002,11,fold,1,win,1,completer,RAW,0.4292270081924817,11
2002,11,fold,1,win,2,completer,RAW,0.42619360177419097,15
2002,11,fold,1,win,3,reverser,RAW,4.694196432352596,194
2002,11,fold,1,win,1,completer,SL_FLOOR,0.4292270081924817,11
2002,11,fold,1,win,2,completer,SL_FLOOR,0.42619360177419097,15
2002,11,fold,1,win,3,reverser,SL_FLOOR,4.25966096292805,186
2003,11,fold,0,win,1,completer,RAW,2.8788879689934954,197
2003,11,fold,0,win,2,completer,RAW,0.19552405024647923,2
2003,11,fold,0,win,3,reverser,RAW,0.5662050621720547,4
2003,11,fold,0,win,1,reverser,SL_FLOOR,2.8513923994275867,150
2004,11,fold,1,win,1,reverser,RAW,3.194972175131003,203
2004,11,fold,1,win,1,reverser,SL_FLOOR,2.654083127827919,93
2006,11,fold,1,win,1,reverser,RAW,2.724392829724204,212
2006,11,fold,1,win,1,reverser,SL_FLOOR,2.263169957857267,80
2007,11,fold,0,win,1,reverser,RAW,1.0116213680953265,32
2008,11,fold,0,win,1,completer,RAW,2.4438261507768755,187
2008,11,fold,0,win,2,completer,RAW,0.18020304484677752,7
2008,11,fold,0,win,3,reverser,RAW,0.7714054632715128,30
2008,11,fold,0,win,1,reverser,SL_FLOOR,2.2829508773016887,92
2009,11,fold,0,win,1,completer,RAW,0.8348674079445717,22
2009,11,fold,0,win,2,completer,RAW,0.40459492837214883,10
2009,11,fold,0,win,3,reverser,RAW,1.3539703349126224,36
2011,11,fold,0,win,1,reverser,RAW,1.1139256392404924,21
2013,11,fold,0,win,1,completer,RAW,0.1271707021699271,5
2013,11,fold,0,win,2,reverser,RAW,1.8602097391876642,96
2013,11,fold,0,win,1,completer,SL_FLOOR,0.1271707021699271,5
2013,11,fold,0,win,2,reverser,SL_FLOOR,1.8602097391876642,96
2014,11,fold,0,win,1,completer,RAW,0.9389181257129895,22
2014,11,fold,0,win,2,completer,RAW,0.27160723836088163,6
2014,11,fold,0,win,3,completer,RAW,0.45502017231145775,7
2014,11,fold,0,win,4,completer,RAW,1.5227175920748706,80
2014,11,fold,0,win,5,reverser,RAW,1.9316894107561922,23
2015,11,fold,0,win,1,completer,RAW,1.7680134826139233,108
2015,11,fold,0,win,2,reverser,RAW,1.805659811976804,54
2017,11,fold,0,win,1,completer,RAW,1.1196232725488717,67
2017,11,fold,0,win,2,reverser,RAW,2.0877965780266075,36
2019,11,fold,1,win,1,completer,RAW,0.7377219506710128,30
2019,11,fold,1,win,2,reverser,RAW,2.9620155935066346,208
2019,11,fold,1,win,1,completer,SL_FLOOR,0.7377219506710128,30
2019,11,fold,1,win,2,reverser,SL_FLOOR,2.9620155935066346,195
2020,11,fold,0,win,1,completer,RAW,0.3677257953637292,12
2020,11,fold,0,win,2,reverser,RAW,1.8799464819156362,120
2021,11,fold,1,win,1,completer,RAW,0.12289195875189862,5
2021,11,fold,1,win,2,reverser,RAW,6.655367641157778,219
2021,11,fold,1,win,1,completer,SL_FLOOR,0.12289195875189862,5
2021,11,fold,1,win,2,reverser,SL_FLOOR,3.45857655789536,64
2023,11,fold,0,win,1,completer,RAW,1.1681560110484508,22
2023,11,fold,0,win,2,completer,RAW,0.173158815776846,1
2023,11,fold,0,win,3,completer,RAW,0.6127158096719487,11
2023,11,fold,0,win,4,completer,RAW,1.6816384993713576,78
2023,11,fold,0,win,5,reverser,RAW,1.182807910844967,52
2023,11,fold,0,win,1,completer,SL_FLOOR,1.1681560110484508,22
2023,11,fold,0,win,2,completer,SL_FLOOR,0.173158815776846,1
2023,11,fold,0,win,3,completer,SL_FLOOR,0.6127158096719487,11
2023,11,fold,0,win,4,completer,SL_FLOOR,1.6816384993713576,78
2023,11,fold,0,win,5,reverser,SL_FLOOR,1.182807910844967,52
2024,11,fold,1,win,1,completer,RAW,1.710595943808873,139
2024,11,fold,1,win,2,reverser,RAW,3.267842675558981,81
2024,11,fold,1,win,1,completer,SL_FLOOR,1.710595943808873,139
2024,11,fold,1,win,2,reverser,SL_FLOOR,2.9318468976745873,77
2025,11,fold,0,win,1,completer,RAW,1.6734610766121216,11
2025,11,fold,0,win,2,completer,RAW,0.425604587693698,12
2025,11,fold,0,win,3,completer,RAW,1.5226138809738596,101
2025,11,fold,0,win,4,completer,RAW,0.8693916498616665,29
2025,11,fold,0,win,5,completer,RAW,0.5838594581177858,10
2025,11,fold,0,win,6,reverser,RAW,0.5852063080788517,13
2026,11,fold,0,win,1,completer,RAW,1.6239506504894077,26
2026,11,fold,0,win,2,reverser,RAW,2.7126837626485094,153
2027,11,fold,0,win,1,completer,RAW,1.6361049056369175,59
2027,11,fold,0,win,2,completer,RAW,1.3733874444032081,19
2027,11,fold,0,win,3,completer,RAW,0.4999022791761174,14
2027,11,fold,0,win,4,completer,RAW,1.2732726062348876,48
2027,11,fold,0,win,5,completer,RAW,0.6571296089170104,29
2027,11,fold,0,win,6,completer,RAW,1.2128005563345559,53
2027,11,fold,0,win,1,completer,SL_FLOOR,1.6361049056369175,59
2027,11,fold,0,win,2,completer,SL_FLOOR,1.3733874444032081,19
2027,11,fold,0,win,3,completer,SL_FLOOR,0.4999022791761174,14
2027,11,fold,0,win,4,completer,SL_FLOOR,1.2732726062348876,48
2027,11,fold,0,win,5,completer,SL_FLOOR,0.6571296089170104,29
2027,11,fold,0,win,6,completer,SL_FLOOR,1.2128005563345559,53
2028,11,fold,0,win,1,completer,RAW,1.1715071896000198,63
2028,11,fold,0,win,2,completer,RAW,0.1756706618274464,7
2028,11,fold,0,win,3,completer,RAW,0.7520034324915992,49
2028,11,fold,0,win,4,reverser,RAW,1.9068856383224504,100
2028,11,fold,0,win,1,completer,SL_FLOOR,1.1715071896000198,63
2028,11,fold,0,win,2,completer,SL_FLOOR,0.1756706618274464,7
2028,11,fold,0,win,3,completer,SL_FLOOR,0.7520034324915992,49
2028,11,fold,0,win,4,reverser,SL_FLOOR,1.9068856383224504,100
2029,11,fold,0,win,1,completer,RAW,0.13515267964475397,1
2029,11,fold,0,win,2,completer,RAW,3.0730972933130793,130
2029,11,fold,0,win,3,reverser,RAW,1.5719629851730876,38
2030,11,fold,0,win,1,completer,RAW,0.43972177610274765,27
2030,11,fold,0,win,2,reverser,RAW,1.5604959446118079,64
2031,11,fold,0,win,1,completer,RAW,0.7005869819384438,2
2031,11,fold,0,win,2,completer,RAW,0.904723533572166,66
2031,11,fold,0,win,3,reverser,RAW,3.074127360402202,126
2032,11,fold,0,win,1,completer,RAW,1.6533696584073319,25
2032,11,fold,0,win,2,reverser,RAW,2.724363744660282,53
2033,11,fold,0,win,1,completer,RAW,1.0819402934425661,24
2033,11,fold,0,win,2,completer,RAW,0.16037883483184645,1
2033,11,fold,0,win,3,completer,RAW,0.567494338635794,12
2033,11,fold,0,win,4,completer,RAW,1.5575252228862602,80
2033,11,fold,0,win,5,reverser,RAW,1.5063273640745543,105
2033,11,fold,0,win,1,completer,SL_FLOOR,1.0819402934425661,24
2033,11,fold,0,win,2,completer,SL_FLOOR,0.16037883483184645,1
2033,11,fold,0,win,3,completer,SL_FLOOR,0.567494338635794,12
2033,11,fold,0,win,4,completer,SL_FLOOR,1.5575252228862602,80
2033,11,fold,0,win,5,reverser,SL_FLOOR,1.5063273640745543,105
2034,11,fold,0,win,1,completer,RAW,1.1999483142204508,29
2034,11,fold,0,win,2,completer,RAW,1.2893753566081612,55
2034,11,fold,0,win,3,completer,RAW,0.8949208023671176,53
2034,11,fold,0,win,4,reverser,RAW,2.6324069386489204,100
2034,11,fold,0,win,1,completer,SL_FLOOR,1.1999483142204508,29
2034,11,fold,0,win,2,completer,SL_FLOOR,1.2893753566081612,55
2034,11,fold,0,win,3,completer,SL_FLOOR,0.8949208023671176,53
2034,11,fold,0,win,4,reverser,SL_FLOOR,2.6324069386489204,100
2035,11,fold,0,win,1,completer,RAW,1.6132083662784606,25
2035,11,fold,0,win,2,reverser,RAW,3.0974069758934446,77
2036,11,fold,0,win,1,completer,RAW,0.6214175541625673,2
2036,11,fold,0,win,2,completer,RAW,0.8024857725305667,71
2036,11,fold,0,win,3,reverser,RAW,2.7267373712822027,147
2039,11,fold,0,win,1,reverser,RAW,1.5405767748892603,131
2040,11,fold,0,win,1,reverser,RAW,2.6200226420982555,97
2041,11,fold,0,win,1,reverser,RAW,1.09944863055563,40
2041,11,fold,0,win,1,reverser,SL_FLOOR,1.09944863055563,40
2042,11,fold,0,win,1,reverser,RAW,1.851986617609537,159
2042,11,fold,0,win,1,reverser,SL_FLOOR,1.851986617609537,159
2043,11,fold,0,win,1,completer,RAW,0.9308458249778889,50
2043,11,fold,0,win,2,completer,RAW,2.5120519843826483,154
2043,11,fold,0,win,3,reverser,RAW,1.2774935140528103,29
2043,11,fold,0,win,1,completer,SL_FLOOR,0.9308458249778889,50
2043,11,fold,0,win,2,completer,SL_FLOOR,2.5120519843826483,154
2043,11,fold,0,win,3,reverser,SL_FLOOR,1.2774935140528103,29
2046,11,fold,0,win,1,reverser,RAW,2.292284530444054,63
2047,11,fold,0,win,1,completer,RAW,1.138086336791454,78
2047,11,fold,0,win,2,completer,RAW,0.9534133613495077,25
2047,11,fold,0,win,3,reverser,RAW,1.8655100570069247,101
2047,11,fold,0,win,1,completer,SL_FLOOR,1.138086336791454,78
2047,11,fold,0,win,2,completer,SL_FLOOR,0.9534133613495077,25
2047,11,fold,0,win,3,reverser,SL_FLOOR,1.8655100570069247,101
2048,11,fold,0,loss,1,reverser,RAW,0.8013448628562617,78
2049,11,fold,0,win,1,completer,RAW,0.9360742781435725,134
2049,11,fold,0,win,2,reverser,RAW,0.37107737913186645,32
2049,11,fold,0,win,1,completer,SL_FLOOR,0.9360742781435725,134
2049,11,fold,0,win,2,reverser,SL_FLOOR,0.37107737913186645,32
2050,11,fold,0,win,1,completer,RAW,0.6157518568820807,34
2050,11,fold,0,win,2,completer,RAW,0.7461947022933082,50
2050,11,fold,0,win,3,reverser,RAW,1.8554724427981493,139
2050,11,fold,0,win,1,completer,SL_FLOOR,0.6157518568820807,34
2050,11,fold,0,win,2,completer,SL_FLOOR,0.7461947022933082,50
2050,11,fold,0,win,3,reverser,SL_FLOOR,1.8554724427981493,139
2051,11,fold,0,win,1,reverser,RAW,2.283812771487756,86
2052,11,fold,1,win,1,reverser,RAW,2.5284512314192185,196
2053,11,fold,0,win,1,completer,RAW,1.3647159855705866,57
2053,11,fold,0,win,2,completer,RAW,1.1432686721804344,44
2053,11,fold,0,win,3,completer,RAW,0.8542611614847972,38
2053,11,fold,0,win,4,reverser,RAW,2.236993199670195,94
2053,11,fold,0,win,1,completer,SL_FLOOR,1.3647159855705866,57
2053,11,fold,0,win,2,completer,SL_FLOOR,1.1432686721804344,44
2053,11,fold,0,win,3,completer,SL_FLOOR,0.8542611614847972,38
2053,11,fold,0,win,4,reverser,SL_FLOOR,2.236993199670195,94
2054,11,fold,1,win,1,completer,RAW,0.18411152950918286,11
2054,11,fold,1,win,2,reverser,RAW,3.6811033767379078,203
2054,11,fold,1,win,1,completer,SL_FLOOR,0.18411152950918286,11
2054,11,fold,1,win,2,reverser,SL_FLOOR,3.5202875917788536,126
2055,11,fold,0,win,1,completer,RAW,0.358893676012206,29
2055,11,fold,0,win,2,reverser,RAW,1.5409438438032534,21
2056,11,fold,0,win,1,reverser,RAW,1.5301557626761604,69
2056,11,fold,0,win,1,reverser,SL_FLOOR,1.5301557626761604,69
2057,11,fold,0,win,1,completer,RAW,0.33178056278498413,27
2057,11,fold,0,win,2,reverser,RAW,1.4245311352315733,51
2058,11,fold,0,win,1,completer,RAW,0.7652940877866087,27
2058,11,fold,0,win,2,completer,RAW,2.0006282547900067,168
2058,11,fold,0,win,3,reverser,RAW,0.549634966772949,13
2058,11,fold,0,win,1,completer,SL_FLOOR,0.7652940877866087,27
2058,11,fold,0,win,2,completer,SL_FLOOR,2.0006282547900067,168
2058,11,fold,0,win,3,reverser,SL_FLOOR,0.549634966772949,13
2062,12,holdout,0,win,1,completer,RAW,1.4164178760439252,133
2062,12,holdout,0,win,2,reverser,RAW,1.193159396635084,13
2063,12,holdout,0,win,1,completer,RAW,0.7358023149623091,79
2063,12,holdout,0,win,2,completer,RAW,0.5921148661357791,73
2063,12,holdout,0,win,3,completer,RAW,0.16173350282606513,16
2063,12,holdout,0,win,4,completer,RAW,0.2812460491248734,12
2063,12,holdout,0,win,5,completer,RAW,0.36024009682096825,3
2063,12,holdout,0,win,6,reverser,RAW,1.965657919610054,36
2063,12,holdout,0,win,1,completer,SL_FLOOR,0.7358023149623091,79
2063,12,holdout,0,win,2,completer,SL_FLOOR,0.5921148661357791,73
2063,12,holdout,0,win,3,completer,SL_FLOOR,0.16173350282606513,16
2063,12,holdout,0,win,4,completer,SL_FLOOR,0.2812460491248734,12
2063,12,holdout,0,win,5,completer,SL_FLOOR,0.36024009682096825,3
2063,12,holdout,0,win,6,reverser,SL_FLOOR,1.965657919610054,36
2064,12,holdout,0,win,1,completer,RAW,0.6737903677728303,36
2064,12,holdout,0,win,2,completer,RAW,1.7285161318012878,128
2064,12,holdout,0,win,3,reverser,RAW,2.124131598846633,73
2064,12,holdout,0,win,1,completer,SL_FLOOR,0.6737903677728303,36
2064,12,holdout,0,win,2,completer,SL_FLOOR,1.7285161318012878,128
2064,12,holdout,0,win,3,reverser,SL_FLOOR,2.124131598846633,73
2065,12,holdout,0,win,1,completer,RAW,0.5897583514162328,16
2065,12,holdout,0,win,2,reverser,RAW,1.670756449422837,161
2065,12,holdout,0,win,1,completer,SL_FLOOR,0.5897583514162328,16
2065,12,holdout,0,win,2,reverser,SL_FLOOR,1.670756449422837,161
2066,12,holdout,0,win,1,completer,RAW,1.1937600240221684,60
2066,12,holdout,0,win,2,completer,RAW,0.5852557611421265,7
2066,12,holdout,0,win,3,completer,RAW,0.401289356085329,4
2066,12,holdout,0,win,4,completer,RAW,0.5549316284404,4
2066,12,holdout,0,win,5,completer,RAW,0.871313412961098,8
2066,12,holdout,0,win,6,completer,RAW,2.7150206812222946,31
2067,12,holdout,0,win,1,completer,RAW,0.7021747460458145,25
2067,12,holdout,0,win,2,reverser,RAW,3.5303014900010945,95
2068,12,holdout,0,win,1,completer,RAW,1.9434229039945785,74
2068,12,holdout,0,win,2,completer,RAW,0.31024733206110433,6
2068,12,holdout,0,win,3,reverser,RAW,3.9449734119644693,121
2068,12,holdout,0,win,1,completer,SL_FLOOR,1.9434229039945785,74
2068,12,holdout,0,win,2,completer,SL_FLOOR,0.31024733206110433,6
2068,12,holdout,0,win,3,reverser,SL_FLOOR,3.9449734119644693,121
2069,12,holdout,1,win,1,completer,RAW,1.608940627795122,112
2069,12,holdout,1,win,2,completer,RAW,0.4137103340989552,17
2069,12,holdout,1,win,3,reverser,RAW,4.331577395850796,92
2069,12,holdout,1,win,1,completer,SL_FLOOR,1.608940627795122,112
2069,12,holdout,1,win,2,completer,SL_FLOOR,0.4137103340989552,17
2069,12,holdout,1,win,3,reverser,SL_FLOOR,4.331577395850796,92
2070,12,holdout,0,win,1,completer,RAW,0.36807109427165696,9
2070,12,holdout,0,win,2,completer,RAW,0.4448515160874982,27
2070,12,holdout,0,win,3,completer,RAW,1.910011936510859,51
2070,12,holdout,0,win,4,completer,RAW,2.0152881849800153,51
2070,12,holdout,0,win,5,completer,RAW,0.4250627475782638,20
2070,12,holdout,0,win,6,completer,RAW,0.23113281618778458,4
2070,12,holdout,0,win,1,completer,SL_FLOOR,0.36807109427165696,9
2070,12,holdout,0,win,2,completer,SL_FLOOR,0.4448515160874982,27
2070,12,holdout,0,win,3,completer,SL_FLOOR,1.910011936510859,51
2070,12,holdout,0,win,4,completer,SL_FLOOR,2.0152881849800153,51
2070,12,holdout,0,win,5,completer,SL_FLOOR,0.4250627475782638,20
2070,12,holdout,0,win,6,completer,SL_FLOOR,0.23113281618778458,4
2071,12,holdout,0,win,1,completer,RAW,1.012276162137892,50
2071,12,holdout,0,win,2,completer,RAW,0.4652891198758424,11
2071,12,holdout,0,win,3,completer,RAW,0.22097342816845345,6
2071,12,holdout,0,win,4,completer,RAW,0.26221142708722533,10
2071,12,holdout,0,win,5,completer,RAW,0.40148693286945303,7
2071,12,holdout,0,win,6,reverser,RAW,4.048326573100267,105
2072,12,holdout,0,win,1,completer,RAW,0.5197699532033767,33
2072,12,holdout,0,win,2,completer,RAW,0.49343915516878134,28
2072,12,holdout,0,win,3,completer,RAW,0.29543155394843756,16
2072,12,holdout,0,win,4,completer,RAW,0.3296615913934575,7
2072,12,holdout,0,win,5,reverser,RAW,3.2160436719484746,122
2072,12,holdout,0,win,1,completer,SL_FLOOR,0.5197699532033767,33
2072,12,holdout,0,win,2,completer,SL_FLOOR,0.49343915516878134,28
2072,12,holdout,0,win,3,completer,SL_FLOOR,0.29543155394843756,16
2072,12,holdout,0,win,4,completer,SL_FLOOR,0.3296615913934575,7
2072,12,holdout,0,win,5,reverser,SL_FLOOR,3.2160436719484746,122
2073,12,holdout,0,win,1,completer,RAW,0.7910236923037526,64
2073,12,holdout,0,win,2,completer,RAW,0.0872404730606724,7
2073,12,holdout,0,win,3,completer,RAW,0.8431075568176074,40
2073,12,holdout,0,win,4,completer,RAW,1.8606960597565227,37
2073,12,holdout,0,win,5,completer,RAW,0.6666734657770039,10
2073,12,holdout,0,win,6,completer,RAW,0.7539139388376768,25
2073,12,holdout,0,win,1,completer,SL_FLOOR,0.7910236923037526,64
2073,12,holdout,0,win,2,completer,SL_FLOOR,0.0872404730606724,7
2073,12,holdout,0,win,3,completer,SL_FLOOR,0.8431075568176074,40
2073,12,holdout,0,win,4,completer,SL_FLOOR,1.8606960597565227,37
2073,12,holdout,0,win,5,completer,SL_FLOOR,0.6666734657770039,10
2073,12,holdout,0,win,6,completer,SL_FLOOR,0.7539139388376768,25
2074,12,holdout,0,win,1,completer,RAW,0.7719281016962201,53
2074,12,holdout,0,win,2,completer,RAW,0.0860334932712905,5
2074,12,holdout,0,win,3,completer,RAW,0.19995370505121768,13
2074,12,holdout,0,win,4,completer,RAW,0.3061605691585356,9
2074,12,holdout,0,win,5,reverser,RAW,3.0871190723485222,129
2074,12,holdout,0,win,1,completer,SL_FLOOR,0.7719281016962201,53
2074,12,holdout,0,win,2,completer,SL_FLOOR,0.0860334932712905,5
2074,12,holdout,0,win,3,completer,SL_FLOOR,0.19995370505121768,13
2074,12,holdout,0,win,4,completer,SL_FLOOR,0.3061605691585356,9
2074,12,holdout,0,win,5,reverser,SL_FLOOR,3.0871190723485222,129
2075,12,holdout,0,win,1,completer,RAW,0.8361604836772386,55
2075,12,holdout,0,win,2,completer,RAW,2.134659703693968,140
2075,12,holdout,0,win,3,completer,RAW,0.3480668042101498,15
2075,12,holdout,0,win,4,reverser,RAW,1.1127135623097377,22
2075,12,holdout,0,win,1,completer,SL_FLOOR,0.8361604836772386,55
2075,12,holdout,0,win,2,completer,SL_FLOOR,2.134659703693968,140
2075,12,holdout,0,win,3,completer,SL_FLOOR,0.3480668042101498,15
2075,12,holdout,0,win,4,reverser,SL_FLOOR,1.1127135623097377,22
2076,12,holdout,1,win,1,completer,RAW,0.6947731075822732,38
2076,12,holdout,1,win,2,completer,RAW,0.4311001966239134,22
2076,12,holdout,1,win,3,reverser,RAW,3.73787263506866,161
2076,12,holdout,1,win,1,completer,SL_FLOOR,0.6947731075822732,38
2076,12,holdout,1,win,2,completer,SL_FLOOR,0.4311001966239134,22
2076,12,holdout,1,win,3,reverser,SL_FLOOR,3.73787263506866,161
2077,12,holdout,0,win,1,completer,RAW,2.0743474566002202,154
2077,12,holdout,0,win,2,reverser,RAW,1.6099463250561719,60
2077,12,holdout,0,win,1,completer,SL_FLOOR,2.0743474566002202,154
2077,12,holdout,0,win,2,reverser,SL_FLOOR,1.6099463250561719,60
2078,12,holdout,1,win,1,completer,RAW,0.6984675575514194,15
2078,12,holdout,1,win,2,reverser,RAW,7.718806698143032,195
2078,12,holdout,1,win,1,completer,SL_FLOOR,0.6984675575514194,15
2078,12,holdout,1,win,2,reverser,SL_FLOOR,3.1760759842415816,38
2080,12,holdout,0,win,1,completer,RAW,1.2036954270076443,27
2080,12,holdout,0,win,2,completer,RAW,0.8594303185324286,18
2080,12,holdout,0,win,3,completer,RAW,0.30154008307973523,10
2080,12,holdout,0,win,4,completer,RAW,0.8594303185324104,14
2080,12,holdout,0,win,5,completer,RAW,0.23498763967521885,3
2080,12,holdout,0,win,6,completer,RAW,0.4264286188511548,11
2080,12,holdout,0,win,1,completer,SL_FLOOR,1.2036954270076443,27
2080,12,holdout,0,win,2,completer,SL_FLOOR,0.8594303185324286,18
2080,12,holdout,0,win,3,completer,SL_FLOOR,0.30154008307973523,10
2080,12,holdout,0,win,4,completer,SL_FLOOR,0.8594303185324104,14
2080,12,holdout,0,win,5,completer,SL_FLOOR,0.23498763967521885,3
2080,12,holdout,0,win,6,completer,SL_FLOOR,0.4264286188511548,11
2081,12,holdout,1,win,1,completer,RAW,0.6729889374378457,18
2081,12,holdout,1,win,2,reverser,RAW,7.437240945423565,215
2081,12,holdout,1,win,1,completer,SL_FLOOR,0.6729889374378457,18
2081,12,holdout,1,win,2,reverser,SL_FLOOR,3.257966676902927,39
2083,12,holdout,0,win,1,completer,RAW,1.7659220289266746,143
2083,12,holdout,0,win,2,reverser,RAW,3.1435784155796105,80
2083,12,holdout,0,win,1,completer,SL_FLOOR,1.7659220289266746,143
2083,12,holdout,0,win,2,reverser,SL_FLOOR,3.1435784155796105,80
2084,12,holdout,0,win,1,completer,RAW,2.0121688499518138,189
2084,12,holdout,0,win,2,reverser,RAW,0.8778579786554661,42
2084,12,holdout,0,win,1,completer,SL_FLOOR,2.0121688499518138,189
2084,12,holdout,0,win,2,reverser,SL_FLOOR,0.8778579786554661,42
2088,12,holdout,0,win,1,reverser,RAW,1.547333070399692,176
2088,12,holdout,0,win,1,reverser,SL_FLOOR,1.547333070399692,176
2095,12,holdout,0,win,1,reverser,RAW,1.6135315448357526,214
2095,12,holdout,0,win,1,reverser,SL_FLOOR,1.6135315448357526,214
2096,12,holdout,1,win,1,reverser,RAW,2.8328338658881953,175
2096,12,holdout,1,win,1,reverser,SL_FLOOR,2.1653402181364054,146
2097,12,holdout,1,win,1,completer,RAW,0.435293192655144,29
2097,12,holdout,1,win,2,reverser,RAW,5.345136258229447,191
2097,12,holdout,1,win,1,completer,SL_FLOOR,0.435293192655144,29
2097,12,holdout,1,win,2,reverser,SL_FLOOR,3.6832077603551525,89
2098,12,holdout,1,win,1,completer,RAW,0.1301685985382952,4
2098,12,holdout,1,win,2,reverser,RAW,1.971638836157661,222
2098,12,holdout,1,win,1,completer,SL_FLOOR,0.1301685985382952,4
2098,12,holdout,1,win,2,reverser,SL_FLOOR,1.971638836157661,222
2099,12,holdout,0,win,1,reverser,RAW,1.8385176641935246,155
2100,12,holdout,1,win,1,reverser,RAW,2.682885781210294,195
2100,12,holdout,1,win,1,reverser,SL_FLOOR,2.050724030334026,146
2102,12,holdout,1,win,1,reverser,RAW,3.445578808173104,224
2102,12,holdout,1,win,1,reverser,SL_FLOOR,2.657573233491635,57
2103,12,holdout,0,win,1,completer,RAW,1.5517284004377867,93
2103,12,holdout,0,win,2,completer,RAW,1.0858180297002735,56
2103,12,holdout,0,win,3,reverser,RAW,0.3507062925231863,1
2105,12,holdout,0,win,1,reverser,RAW,2.5236112826844384,40
2106,12,holdout,0,win,1,completer,RAW,0.76291139807307,34
2106,12,holdout,0,win,2,reverser,RAW,1.6196070220644292,88
2108,12,holdout,0,win,1,completer,RAW,0.7511534899255233,32
2108,12,holdout,0,win,2,reverser,RAW,1.1474715164707878,71
2109,12,holdout,1,win,1,completer,RAW,0.4955809360801531,8
2109,12,holdout,1,win,2,reverser,RAW,5.312902321672274,209
2110,12,holdout,0,win,1,completer,RAW,1.7802098345038142,89
2110,12,holdout,0,win,2,completer,RAW,0.33341722652913974,16
2110,12,holdout,0,win,3,completer,RAW,0.7197189081064987,69
2110,12,holdout,0,win,4,reverser,RAW,0.9900950623927316,47
2110,12,holdout,0,win,1,completer,SL_FLOOR,1.7802098345038142,89
2110,12,holdout,0,win,2,completer,SL_FLOOR,0.33341722652913974,16
2110,12,holdout,0,win,3,completer,SL_FLOOR,0.7197189081064987,69
2110,12,holdout,0,win,4,reverser,SL_FLOOR,0.9900950623927316,47
2113,12,holdout,1,win,1,reverser,RAW,6.330425585464063,219
2113,12,holdout,1,win,1,reverser,SL_FLOOR,2.58052343696371,25
2114,12,holdout,0,win,1,completer,RAW,0.11426425613245161,10
2114,12,holdout,0,win,2,completer,RAW,0.6916312646325395,33
2114,12,holdout,0,win,3,completer,RAW,0.5283966130147313,13
2114,12,holdout,0,win,4,completer,RAW,0.9806170552744611,83
2114,12,holdout,0,win,5,reverser,RAW,1.0060091121927721,59
2115,12,holdout,0,win,1,completer,RAW,1.6806521823146279,70
2115,12,holdout,0,win,2,reverser,RAW,2.19899965088888,96
2115,12,holdout,0,win,1,completer,SL_FLOOR,1.6806521823146279,70
2115,12,holdout,0,win,2,reverser,SL_FLOOR,2.19899965088888,96
2116,12,holdout,0,win,1,completer,RAW,1.4240846577477306,43
2116,12,holdout,0,win,2,completer,RAW,1.4948573498297326,64
2116,12,holdout,0,win,3,completer,RAW,0.9568698124583719,53
2116,12,holdout,0,win,4,reverser,RAW,1.5368606548864885,79
2116,12,holdout,0,win,1,completer,SL_FLOOR,1.4240846577477306,43
2116,12,holdout,0,win,2,completer,SL_FLOOR,1.4948573498297326,64
2116,12,holdout,0,win,3,completer,SL_FLOOR,0.9568698124583719,53
2116,12,holdout,0,win,4,reverser,SL_FLOOR,1.5368606548864885,79
2117,12,holdout,1,win,1,reverser,RAW,6.2256080661856465,235
2117,12,holdout,1,win,1,reverser,SL_FLOOR,2.537795809657982,20
2118,12,holdout,0,win,1,completer,RAW,0.1995906734154005,19
2118,12,holdout,0,win,2,completer,RAW,0.4612762230044789,47
2118,12,holdout,0,win,3,reverser,RAW,0.8148944464091379,149
2118,12,holdout,0,win,1,completer,SL_FLOOR,0.1995906734154005,19
2118,12,holdout,0,win,2,completer,SL_FLOOR,0.4612762230044789,47
2118,12,holdout,0,win,3,reverser,SL_FLOOR,0.8148944464091379,149
2119,12,holdout,0,win,1,completer,RAW,0.14983372329001776,11
2119,12,holdout,0,win,2,completer,RAW,0.7974371984495447,44
2119,12,holdout,0,win,3,completer,RAW,0.9181086534482206,83
2119,12,holdout,0,win,4,reverser,RAW,0.9321869898647419,81
2119,12,holdout,0,win,1,completer,SL_FLOOR,0.14983372329001776,11
2119,12,holdout,0,win,2,completer,SL_FLOOR,0.7974371984495447,44
2119,12,holdout,0,win,3,completer,SL_FLOOR,0.9181086534482206,83
2119,12,holdout,0,win,4,reverser,SL_FLOOR,0.9321869898647419,81
2120,12,holdout,1,win,1,completer,RAW,0.9066604570447157,61
2120,12,holdout,1,win,2,reverser,RAW,2.4912611598370074,172
2120,12,holdout,1,win,1,completer,SL_FLOOR,0.9066604570447157,61
2120,12,holdout,1,win,2,reverser,SL_FLOOR,2.4912611598370074,172
2121,12,holdout,0,win,1,completer,RAW,0.17798928488538235,12
2121,12,holdout,0,win,2,completer,RAW,1.246404749682613,86
2121,12,holdout,0,win,3,reverser,RAW,2.7600333044356997,131
2121,12,holdout,0,win,1,completer,SL_FLOOR,0.17798928488538235,12
2121,12,holdout,0,win,2,completer,SL_FLOOR,1.246404749682613,86
2121,12,holdout,0,win,3,reverser,SL_FLOOR,2.7600333044356997,131
2122,12,holdout,0,win,1,completer,RAW,1.7911093839086356,70
2122,12,holdout,0,win,2,reverser,RAW,2.343524110083563,152
2122,12,holdout,0,win,1,completer,SL_FLOOR,1.7911093839086356,70
2122,12,holdout,0,win,2,reverser,SL_FLOOR,2.343524110083563,152
2124,12,holdout,0,win,1,reverser,RAW,1.6510692489142516,193
2124,12,holdout,0,win,1,reverser,SL_FLOOR,1.6510692489142516,193
2126,12,holdout,1,win,1,reverser,RAW,4.432837098511791,225
2126,12,holdout,1,win,1,reverser,SL_FLOOR,2.9724062714827095,171
2127,12,holdout,1,win,1,reverser,RAW,4.25607283437483,230
2127,12,holdout,1,win,1,reverser,SL_FLOOR,2.8750690275490363,176
2129,12,holdout,0,win,1,completer,RAW,1.8628822002074283,144
2129,12,holdout,0,win,2,reverser,RAW,1.4582984397705125,71
2129,12,holdout,0,win,1,completer,SL_FLOOR,1.8628822002074283,144
2129,12,holdout,0,win,2,reverser,SL_FLOOR,1.4582984397705125,71
2130,12,holdout,0,win,1,completer,RAW,0.7114063457016973,30
2130,12,holdout,0,win,2,reverser,RAW,1.2919109487546785,201
2130,12,holdout,0,win,1,completer,SL_FLOOR,0.7114063457016973,30
2130,12,holdout,0,win,2,reverser,SL_FLOOR,1.2919109487546785,201
2131,12,holdout,0,win,1,reverser,RAW,2.9940435149315583,215
2131,12,holdout,0,win,1,reverser,SL_FLOOR,2.294323896105958,21
2132,12,holdout,1,win,1,completer,RAW,0.20651222295124816,11
2132,12,holdout,1,win,2,reverser,RAW,4.230811609264384,205
2132,12,holdout,1,win,1,completer,SL_FLOOR,0.20651222295124816,11
2132,12,holdout,1,win,2,reverser,SL_FLOOR,3.1982504945081143,88
2135,12,holdout,1,win,1,reverser,RAW,2.567149610532336,213
2135,12,holdout,1,win,1,reverser,SL_FLOOR,2.567149610532336,171
2136,12,holdout,0,win,1,completer,RAW,0.2195117095526009,6
2136,12,holdout,0,win,2,completer,RAW,1.6764820352802876,80
2136,12,holdout,0,win,3,completer,RAW,1.5705908232778187,66
2136,12,holdout,0,win,4,reverser,RAW,3.3916104982987187,79
2136,12,holdout,0,win,1,completer,SL_FLOOR,0.2195117095526009,6
2136,12,holdout,0,win,2,completer,SL_FLOOR,1.6764820352802876,80
2136,12,holdout,0,win,3,completer,SL_FLOOR,1.5705908232778187,66
2136,12,holdout,0,win,4,reverser,SL_FLOOR,3.3916104982987187,79
2137,12,holdout,0,win,1,reverser,RAW,2.223716403233082,212
2137,12,holdout,0,win,1,reverser,SL_FLOOR,2.223716403233082,212
2138,12,holdout,1,win,1,reverser,RAW,3.398996287173201,233
2138,12,holdout,1,win,1,reverser,SL_FLOOR,2.193796623257179,51
2139,12,holdout,0,win,1,reverser,RAW,2.3954387005456743,232
2139,12,holdout,0,win,1,reverser,SL_FLOOR,1.9176203072120075,98
2140,12,holdout,0,win,1,completer,RAW,2.2429269482692957,87
2140,12,holdout,0,win,2,completer,RAW,2.0274706874311867,45
2140,12,holdout,0,win,3,completer,RAW,0.4527308772041745,1
2140,12,holdout,0,win,4,reverser,RAW,3.485482295583883,40
2140,12,holdout,0,win,1,completer,SL_FLOOR,2.2429269482692957,87
2140,12,holdout,0,win,2,completer,SL_FLOOR,2.0274706874311867,45
2140,12,holdout,0,win,3,completer,SL_FLOOR,0.4527308772041745,1
2140,12,holdout,0,win,4,reverser,SL_FLOOR,3.485482295583883,40
2146,12,holdout,0,win,1,completer,RAW,2.220229211837965,90
2146,12,holdout,0,win,2,completer,RAW,1.6314366595089882,45
2146,12,holdout,0,win,3,reverser,RAW,1.7088028313963808,53
2146,12,holdout,0,win,1,reverser,SL_FLOOR,2.220229211837965,77
2147,12,holdout,1,win,1,completer,RAW,0.4453102719810842,14
2147,12,holdout,1,win,2,completer,RAW,1.5494357408656905,66
2147,12,holdout,1,win,3,reverser,RAW,3.426754045005084,135
2147,12,holdout,1,win,1,completer,SL_FLOOR,0.4453102719810842,14
2147,12,holdout,1,win,2,completer,SL_FLOOR,1.5494357408656905,66
2147,12,holdout,1,win,3,reverser,SL_FLOOR,3.426754045005084,135
2148,12,holdout,1,win,1,reverser,RAW,3.593682686906365,200
2148,12,holdout,1,win,1,reverser,SL_FLOOR,2.7800083994402787,95
2149,12,holdout,1,win,1,completer,RAW,0.008153264814448224,1
2149,12,holdout,1,win,2,completer,RAW,0.19975498795356694,5
2149,12,holdout,1,win,3,completer,RAW,0.3057474305411594,8
2149,12,holdout,1,win,4,completer,RAW,1.1773314392038312,56
2149,12,holdout,1,win,5,reverser,RAW,4.025266838884621,144
2149,12,holdout,1,win,1,completer,SL_FLOOR,0.008153264814448224,1
2149,12,holdout,1,win,2,completer,SL_FLOOR,0.19975498795356694,5
2149,12,holdout,1,win,3,completer,SL_FLOOR,0.3057474305411594,8
2149,12,holdout,1,win,4,completer,SL_FLOOR,1.1773314392038312,56
2149,12,holdout,1,win,5,reverser,SL_FLOOR,4.025266838884621,144
2151,12,holdout,0,win,1,completer,RAW,2.4447789763857486,89
2151,12,holdout,0,win,2,completer,RAW,1.796437063888003,45
2151,12,holdout,0,win,3,completer,RAW,1.8816279034217138,56
2151,12,holdout,0,win,4,reverser,RAW,1.8370513013401184,19
2151,12,holdout,0,win,1,reverser,SL_FLOOR,2.4447789763857486,77
2152,12,holdout,0,win,1,completer,RAW,1.8576859677974424,93
2152,12,holdout,0,win,2,completer,RAW,0.9181093464454944,46
2152,12,holdout,0,win,3,completer,RAW,0.8893585318386408,39
2152,12,holdout,0,win,4,completer,RAW,0.5017975509382664,8
2152,12,holdout,0,win,5,reverser,RAW,1.4685916101180263,30
2152,12,holdout,0,win,1,completer,SL_FLOOR,1.8576859677974424,93
2152,12,holdout,0,win,2,completer,SL_FLOOR,0.9181093464454944,46
2152,12,holdout,0,win,3,completer,SL_FLOOR,0.8893585318386408,39
2152,12,holdout,0,win,4,completer,SL_FLOOR,0.5017975509382664,8
2152,12,holdout,0,win,5,reverser,SL_FLOOR,1.4685916101180263,30
2154,12,holdout,1,win,1,completer,RAW,0.8726495822705518,32
2154,12,holdout,1,win,2,reverser,RAW,3.9439693937573725,191
2154,12,holdout,1,win,1,completer,SL_FLOOR,0.8726495822705518,32
2154,12,holdout,1,win,2,reverser,SL_FLOOR,3.0509839062111266,64
2155,12,holdout,1,win,1,reverser,RAW,6.115438406959719,235
2155,12,holdout,1,win,1,reverser,SL_FLOOR,1.9639710545561555,12
2156,12,holdout,0,win,1,completer,RAW,1.1452914060505277,47
2156,12,holdout,0,win,2,reverser,RAW,2.825221056960909,112
2159,12,holdout,1,win,1,reverser,RAW,3.4955231759495797,109
2160,12,holdout,0,win,1,completer,RAW,1.0965425760093466,48
2160,12,holdout,0,win,2,completer,RAW,0.5185530434115004,11
2160,12,holdout,0,win,3,reverser,RAW,2.704966752766403,124
2160,12,holdout,0,win,1,completer,SL_FLOOR,1.0965425760093466,48
2160,12,holdout,0,win,2,completer,SL_FLOOR,0.5185530434115004,11
2160,12,holdout,0,win,3,reverser,SL_FLOOR,2.704966752766403,124
2162,12,holdout,1,win,1,reverser,RAW,2.9226797105150526,178
2163,12,holdout,1,win,1,completer,RAW,0.7621355887836565,3
2163,12,holdout,1,win,2,completer,RAW,1.9050827057893958,44
2163,12,holdout,1,win,3,reverser,RAW,4.382664034760586,137
2164,12,holdout,0,win,1,completer,RAW,0.6060535507816455,46
2164,12,holdout,0,win,2,reverser,RAW,2.8300345136322878,137
2164,12,holdout,0,win,1,completer,SL_FLOOR,0.6060535507816455,46
2164,12,holdout,0,win,2,reverser,SL_FLOOR,2.8300345136322878,137
2166,12,holdout,1,win,1,reverser,RAW,4.496415763127203,218
2166,12,holdout,1,win,1,reverser,SL_FLOOR,2.941996680474603,70
2167,12,holdout,0,win,1,completer,RAW,0.6294620801763892,34
2167,12,holdout,0,win,2,completer,RAW,0.5868306672080248,13
2167,12,holdout,0,win,3,reverser,RAW,2.9393432471840675,163
2167,12,holdout,0,win,1,completer,SL_FLOOR,0.6294620801763892,34
2167,12,holdout,0,win,2,completer,SL_FLOOR,0.5868306672080248,13
2167,12,holdout,0,win,3,reverser,SL_FLOOR,2.9393432471840675,163
2170,12,holdout,0,win,1,completer,RAW,0.7844243963874877,12
2170,12,holdout,0,win,2,completer,RAW,1.943803654248186,44
2170,12,holdout,0,win,3,completer,RAW,0.4340481660010833,2
2170,12,holdout,0,win,4,reverser,RAW,4.471742009006245,180
2170,12,holdout,0,win,1,completer,SL_FLOOR,0.7844243963874877,12
2170,12,holdout,0,win,2,completer,SL_FLOOR,1.943803654248186,44
2170,12,holdout,0,win,3,completer,SL_FLOOR,0.4340481660010833,2
2170,12,holdout,0,win,4,reverser,SL_FLOOR,4.471742009006245,180
2171,12,holdout,1,win,1,reverser,RAW,4.486208410840344,238
2171,12,holdout,1,win,1,reverser,SL_FLOOR,2.9353180283822775,70
2172,12,holdout,0,win,1,completer,RAW,1.1748945353272429,46
2172,12,holdout,0,win,2,completer,RAW,1.7320543370263999,141
2172,12,holdout,0,win,3,completer,RAW,0.30546610058273904,6
2172,12,holdout,0,win,4,reverser,RAW,2.0051274258824616,41
2172,12,holdout,0,win,1,completer,SL_FLOOR,1.1748945353272429,46
2172,12,holdout,0,win,2,completer,SL_FLOOR,1.7320543370263999,141
2172,12,holdout,0,win,3,completer,SL_FLOOR,0.30546610058273904,6
2172,12,holdout,0,win,4,reverser,SL_FLOOR,2.0051274258824616,41
2173,12,holdout,1,win,1,reverser,RAW,2.23628001669335,221
2173,12,holdout,1,win,1,reverser,SL_FLOOR,2.23628001669335,221
2176,12,holdout,1,win,1,reverser,RAW,2.1382411826191214,224
2176,12,holdout,1,win,1,reverser,SL_FLOOR,1.8990655996920198,42
2179,12,holdout,0,win,1,reverser,RAW,2.6333840903257566,131
2179,12,holdout,0,win,1,reverser,SL_FLOOR,1.721995778660109,62
2180,12,holdout,0,win,1,reverser,RAW,2.6702167128985694,197
2180,12,holdout,0,win,1,reverser,SL_FLOOR,1.9359396645929696,43
2182,12,holdout,1,win,1,completer,RAW,0.3708345096525416,7
2182,12,holdout,1,win,2,reverser,RAW,3.7892706130205154,202
2182,12,holdout,1,win,1,completer,SL_FLOOR,0.3708345096525416,7
2182,12,holdout,1,win,2,reverser,SL_FLOOR,3.0413765539850126,75
2184,12,holdout,1,win,1,reverser,RAW,3.0928779866020473,230
2184,12,holdout,1,win,1,reverser,SL_FLOOR,2.78293691636523,87
2185,12,holdout,0,win,1,completer,RAW,2.7472206972272954,114
2185,12,holdout,0,win,2,reverser,RAW,0.45840563680829294,36
2185,12,holdout,0,win,1,reverser,SL_FLOOR,2.53836766176557,43
2187,12,holdout,0,win,1,reverser,RAW,1.9439671270919952,213
2187,12,holdout,0,win,1,reverser,SL_FLOOR,1.9439671270919952,213
2188,12,holdout,1,win,1,completer,RAW,0.6448190163091536,8
2188,12,holdout,1,win,2,reverser,RAW,3.709558158937309,211
2188,12,holdout,1,win,1,completer,SL_FLOOR,0.6448190163091536,8
2188,12,holdout,1,win,2,reverser,SL_FLOOR,3.1110191608168014,159
2189,12,holdout,1,win,1,reverser,RAW,2.750162450305491,215
2189,12,holdout,1,win,1,reverser,SL_FLOOR,2.5836653290035403,100
2190,12,holdout,0,win,1,completer,RAW,2.4279307724987156,128
2190,12,holdout,0,win,2,completer,RAW,0.47652766344103403,31
2190,12,holdout,0,win,3,reverser,RAW,1.1476215080728474,51
2190,12,holdout,0,win,1,reverser,SL_FLOOR,2.1121594292546604,63
2191,12,holdout,1,win,1,reverser,RAW,4.529595794408552,203
2192,12,holdout,0,win,1,completer,RAW,3.4818181305782323,133
2192,12,holdout,0,win,2,reverser,RAW,2.471825085066983,102
2192,12,holdout,0,win,1,reverser,SL_FLOOR,2.4436190494243375,57
2193,12,holdout,0,win,1,completer,RAW,2.2976426442539815,128
2193,12,holdout,0,win,2,completer,RAW,0.4509561364313601,32
2193,12,holdout,0,win,3,reverser,RAW,2.1032545907989935,78
2193,12,holdout,0,win,1,completer,SL_FLOOR,2.2976426442539815,128
2193,12,holdout,0,win,2,completer,SL_FLOOR,0.4509561364313601,32
2193,12,holdout,0,win,3,reverser,SL_FLOOR,2.1032545907989935,78
2194,12,holdout,1,win,1,completer,RAW,0.20399394014165262,4
2194,12,holdout,1,win,2,completer,RAW,0.23128564641910154,6
2194,12,holdout,1,win,3,reverser,RAW,3.93046827524628,164
2194,12,holdout,1,win,1,completer,SL_FLOOR,0.20399394014165262,4
2194,12,holdout,1,win,2,completer,SL_FLOOR,0.23128564641910154,6
2194,12,holdout,1,win,3,reverser,SL_FLOOR,3.93046827524628,164
2195,12,holdout,1,win,1,reverser,RAW,3.898150130784459,227
2195,12,holdout,1,win,1,reverser,SL_FLOOR,2.470396574603229,55
2196,12,holdout,1,win,1,reverser,RAW,4.1929077597752045,225
2196,12,holdout,1,win,1,reverser,SL_FLOOR,2.7465227669542553,44
2197,12,holdout,1,win,1,reverser,RAW,4.142887590613151,124
2198,12,holdout,1,win,1,completer,RAW,0.21598860854624968,7
2198,12,holdout,1,win,2,reverser,RAW,4.819003326007962,198
2198,12,holdout,1,win,1,completer,SL_FLOOR,0.21598860854624968,7
2198,12,holdout,1,win,2,reverser,SL_FLOOR,3.7446647781092497,170
2199,12,holdout,1,win,1,completer,RAW,1.0262848970297083,13
2199,12,holdout,1,win,2,reverser,RAW,4.271763429159554,209
2199,12,holdout,1,win,1,completer,SL_FLOOR,1.0262848970297083,13
2199,12,holdout,1,win,2,reverser,SL_FLOOR,2.928745779425846,51
2200,12,holdout,1,win,1,completer,RAW,0.35530925448693895,8
2200,12,holdout,1,win,2,completer,RAW,0.42330053158015657,13
2200,12,holdout,1,win,3,completer,RAW,0.41365015676690664,6
2200,12,holdout,1,win,4,reverser,RAW,4.601912825706902,204
2200,12,holdout,1,win,1,completer,SL_FLOOR,0.35530925448693895,8
2200,12,holdout,1,win,2,completer,SL_FLOOR,0.42330053158015657,13
2200,12,holdout,1,win,3,completer,SL_FLOOR,0.41365015676690664,6
2200,12,holdout,1,win,4,reverser,SL_FLOOR,4.601912825706902,204
2201,12,holdout,1,win,1,completer,RAW,0.5759337051804512,7
2201,12,holdout,1,win,2,reverser,RAW,4.795239808338006,146
2202,12,holdout,0,win,1,reverser,RAW,3.3307449000930562,129
2203,12,holdout,0,win,1,completer,RAW,0.8596764087056608,44
2203,12,holdout,0,win,2,reverser,RAW,3.019454578360299,125
2203,12,holdout,0,win,1,completer,SL_FLOOR,0.8596764087056608,44
2203,12,holdout,0,win,2,reverser,SL_FLOOR,3.019454578360299,125
2204,12,holdout,0,win,1,completer,RAW,0.48813839840676687,24
2204,12,holdout,0,win,2,completer,RAW,0.5370777236969064,46
2204,12,holdout,0,win,3,reverser,RAW,2.2279941551959492,131
2205,12,holdout,1,win,1,completer,RAW,0.3346576335885838,39
2205,12,holdout,1,win,2,reverser,RAW,3.6229936851818527,157
2205,12,holdout,1,win,1,completer,SL_FLOOR,0.3346576335885838,39
2205,12,holdout,1,win,2,reverser,SL_FLOOR,3.5190571778290463,139
2206,12,holdout,1,win,1,completer,RAW,0.5534493660032833,7
2206,12,holdout,1,win,2,reverser,RAW,3.659404498347384,183
2206,12,holdout,1,win,1,completer,SL_FLOOR,0.5534493660032833,7
2206,12,holdout,1,win,2,reverser,SL_FLOOR,3.493437430206856,162
2207,12,holdout,0,win,1,completer,RAW,0.4216249914480519,25
2207,12,holdout,0,win,2,completer,RAW,0.4638958774801196,55
2207,12,holdout,0,win,3,reverser,RAW,1.924409183331682,146
2207,12,holdout,0,win,1,completer,SL_FLOOR,0.4216249914480519,25
2207,12,holdout,0,win,2,completer,SL_FLOOR,0.4638958774801196,55
2207,12,holdout,0,win,3,reverser,SL_FLOOR,1.924409183331682,146
2208,12,holdout,1,win,1,reverser,RAW,4.690477422932123,174
2208,12,holdout,1,win,1,reverser,SL_FLOOR,2.869697063245525,89
2209,12,holdout,1,win,1,completer,RAW,1.4424791691011025,50
2209,12,holdout,1,win,2,reverser,RAW,5.5335966069403435,150
2210,12,holdout,1,win,1,reverser,RAW,4.337214354712776,157
2211,12,holdout,1,win,1,completer,RAW,0.9538212295955883,3
2211,12,holdout,1,win,2,completer,RAW,1.821622998608049,50
2211,12,holdout,1,win,3,reverser,RAW,6.98805713118446,186
2211,12,holdout,1,win,1,completer,SL_FLOOR,0.9538212295955883,3
2211,12,holdout,1,win,2,completer,SL_FLOOR,1.821622998608049,50
2211,12,holdout,1,win,3,reverser,SL_FLOOR,4.893161424465281,88
2212,12,holdout,0,win,1,completer,RAW,1.0288216252292668,37
2212,12,holdout,0,win,2,completer,RAW,0.798836661490103,25
2212,12,holdout,0,win,3,completer,RAW,0.14776811679858248,5
2212,12,holdout,0,win,4,completer,RAW,0.35386575338609205,10
2212,12,holdout,0,win,5,completer,RAW,0.4683027160195783,16
2212,12,holdout,0,win,6,completer,RAW,0.4805241392134425,26
2213,12,holdout,0,win,1,completer,RAW,0.20775370592465991,5
2213,12,holdout,0,win,2,completer,RAW,0.08230498253886154,4
2213,12,holdout,0,win,3,completer,RAW,0.46064240227387465,16
2213,12,holdout,0,win,4,completer,RAW,0.3544424248043807,8
2213,12,holdout,0,win,5,completer,RAW,0.6199423684780978,16
2213,12,holdout,0,win,6,completer,RAW,1.218644741462275,57
2214,12,holdout,1,win,1,completer,RAW,1.6649414803490776,34
2214,12,holdout,1,win,2,reverser,RAW,4.997879379543329,156
2214,12,holdout,1,win,1,completer,SL_FLOOR,1.6649414803490776,34
2214,12,holdout,1,win,2,reverser,SL_FLOOR,3.195465666871831,32
2215,12,holdout,0,win,1,completer,RAW,0.308519750985095,11
2215,12,holdout,0,win,2,reverser,RAW,2.119914683807401,70
2217,12,holdout,0,win,1,completer,RAW,0.21690443211667465,6
2217,12,holdout,0,win,2,completer,RAW,0.5349784450936026,19
2217,12,holdout,0,win,3,completer,RAW,0.2920927198377137,7
2217,12,holdout,0,win,4,completer,RAW,0.4940382256015088,15
2217,12,holdout,0,win,5,reverser,RAW,4.195978841981296,90
2218,12,holdout,0,win,1,completer,RAW,0.4000965881190057,11
2218,12,holdout,0,win,2,completer,RAW,0.309639968196457,7
2218,12,holdout,0,win,3,completer,RAW,0.6662477967373226,9
2218,12,holdout,0,win,4,completer,RAW,2.0161388940432645,47
2218,12,holdout,0,win,5,completer,RAW,0.18178301503668948,4
2218,12,holdout,0,win,6,completer,RAW,0.33573322394335126,7
2219,12,holdout,0,win,1,reverser,RAW,2.154493436257356,92
2220,12,holdout,0,win,1,reverser,RAW,2.3633687106653025,104
2221,12,holdout,0,win,1,completer,RAW,0.6767472040105896,59
2221,12,holdout,0,win,2,reverser,RAW,1.9615390581473946,156
2221,12,holdout,0,win,1,completer,SL_FLOOR,0.6767472040105896,59
2221,12,holdout,0,win,2,reverser,SL_FLOOR,1.9615390581473946,156
2222,12,holdout,0,win,1,completer,RAW,0.58849066704564,38
2222,12,holdout,0,win,2,reverser,RAW,2.6579351201689074,113
2222,12,holdout,0,win,1,completer,SL_FLOOR,0.58849066704564,38
2222,12,holdout,0,win,2,reverser,SL_FLOOR,2.6579351201689074,113
2224,12,holdout,0,win,1,reverser,RAW,2.1855724667687033,112
2226,12,holdout,1,win,1,reverser,RAW,4.266971583500297,187
2226,12,holdout,1,win,1,reverser,SL_FLOOR,2.2409219948159036,59
2227,12,holdout,0,win,1,reverser,RAW,2.1770900156734703,96
2230,12,holdout,1,win,1,completer,RAW,0.5482570884645326,48
2230,12,holdout,1,win,2,reverser,RAW,2.476218998726138,136
2230,12,holdout,1,win,1,completer,SL_FLOOR,0.5482570884645326,48
2230,12,holdout,1,win,2,reverser,SL_FLOOR,2.476218998726138,136
2232,12,holdout,0,win,1,reverser,RAW,0.7503139724009207,25
2233,12,holdout,1,win,1,completer,RAW,0.12541357943226217,7
2233,12,holdout,1,win,2,completer,RAW,0.33946532778663485,21
2233,12,holdout,1,win,3,completer,RAW,0.2692148641196539,16
2233,12,holdout,1,win,4,reverser,RAW,5.391369476722247,189
2233,12,holdout,1,win,1,completer,SL_FLOOR,0.12541357943226217,7
2233,12,holdout,1,win,2,completer,SL_FLOOR,0.33946532778663485,21
2233,12,holdout,1,win,3,completer,SL_FLOOR,0.2692148641196539,16
2233,12,holdout,1,win,4,reverser,SL_FLOOR,5.391369476722247,178
2235,12,holdout,0,win,1,reverser,RAW,3.0152975796343062,95
2236,12,holdout,0,win,1,reverser,RAW,2.8745300068271047,208
2236,12,holdout,0,win,1,reverser,SL_FLOOR,2.233509815304674,51
2240,12,holdout,1,win,1,reverser,RAW,3.0604405334709646,155
2241,12,holdout,0,win,1,completer,RAW,2.577563540919331,96
2241,12,holdout,0,win,2,reverser,RAW,0.7282410315859136,14
2243,12,holdout,0,win,1,completer,RAW,3.067268232108424,107
2243,12,holdout,0,win,2,reverser,RAW,0.5764661044953134,20
2249,12,holdout,0,win,1,completer,RAW,3.0285433468820133,108
2249,12,holdout,0,win,2,reverser,RAW,1.4338353005548359,55
2250,12,holdout,0,win,1,reverser,RAW,1.6487642042002297,65
2252,12,holdout,0,win,1,completer,RAW,0.3707321856831669,11
2252,12,holdout,0,win,2,completer,RAW,0.32634875500280014,4
2252,12,holdout,0,win,3,completer,RAW,1.1849723294151362,94
2252,12,holdout,0,win,4,reverser,RAW,1.8778107362860688,97
2252,12,holdout,0,win,1,completer,SL_FLOOR,0.3707321856831669,11
2252,12,holdout,0,win,2,completer,SL_FLOOR,0.32634875500280014,4
2252,12,holdout,0,win,3,completer,SL_FLOOR,1.1849723294151362,94
2252,12,holdout,0,win,4,reverser,SL_FLOOR,1.8778107362860688,97
2253,12,holdout,1,win,1,reverser,RAW,4.756577991822587,237
2253,12,holdout,1,win,1,reverser,SL_FLOOR,2.5026995578746085,27
2254,12,holdout,0,win,1,completer,RAW,0.3560208380883698,10
2254,12,holdout,0,win,2,completer,RAW,0.31339862507780314,5
2254,12,holdout,0,win,3,completer,RAW,1.137950407657471,94
2254,12,holdout,0,win,4,reverser,RAW,1.803295688697633,118
2254,12,holdout,0,win,1,completer,SL_FLOOR,0.3560208380883698,10
2254,12,holdout,0,win,2,completer,SL_FLOOR,0.31339862507780314,5
2254,12,holdout,0,win,3,completer,SL_FLOOR,1.137950407657471,94
2254,12,holdout,0,win,4,reverser,SL_FLOOR,1.803295688697633,118
2255,12,holdout,0,win,1,reverser,RAW,1.9201621079608753,95
2255,12,holdout,0,win,1,reverser,SL_FLOOR,1.9201621079608753,95
2256,12,holdout,0,win,1,reverser,RAW,2.150575144184047,195
2256,12,holdout,0,win,1,reverser,SL_FLOOR,1.9769567395507592,72
2257,12,holdout,0,win,1,completer,RAW,0.9525073159547784,91
2257,12,holdout,0,win,2,completer,RAW,0.3864213811732746,16
2257,12,holdout,0,win,3,completer,RAW,0.9441895125469668,89
2257,12,holdout,0,win,4,completer,RAW,0.5829591931230222,11
2257,12,holdout,0,win,5,reverser,RAW,0.6887141221649138,23
2257,12,holdout,0,win,1,completer,SL_FLOOR,0.9525073159547784,91
2257,12,holdout,0,win,2,completer,SL_FLOOR,0.3864213811732746,16
2257,12,holdout,0,win,3,completer,SL_FLOOR,0.9441895125469668,89
2257,12,holdout,0,win,4,completer,SL_FLOOR,0.5829591931230222,11
2257,12,holdout,0,win,5,reverser,SL_FLOOR,0.6887141221649138,23
2258,12,holdout,0,win,1,completer,RAW,0.4712647262951055,19
2258,12,holdout,0,win,2,completer,RAW,1.0780150044155776,95
2258,12,holdout,0,win,3,reverser,RAW,1.3201281746450286,27
2258,12,holdout,0,win,1,completer,SL_FLOOR,0.4712647262951055,19
2258,12,holdout,0,win,2,completer,SL_FLOOR,1.0780150044155776,95
2258,12,holdout,0,win,3,reverser,SL_FLOOR,1.3201281746450286,27
2259,12,holdout,0,win,1,completer,RAW,0.5237909395651822,32
2259,12,holdout,0,win,2,reverser,RAW,2.0570908485566584,195
2259,12,holdout,0,win,1,completer,SL_FLOOR,0.5237909395651822,32
2259,12,holdout,0,win,2,reverser,SL_FLOOR,2.0570908485566584,195
2261,12,holdout,0,win,1,reverser,RAW,3.6634681114766767,124
2261,12,holdout,0,win,1,reverser,SL_FLOOR,2.99605159088214,66
2262,12,holdout,0,win,1,completer,RAW,0.9471058869278625,31
2262,12,holdout,0,win,2,reverser,RAW,1.6615095940209867,23
2263,12,holdout,1,win,1,completer,RAW,0.31572645988731285,24
2263,12,holdout,1,win,2,reverser,RAW,2.949385296076065,206
2263,12,holdout,1,win,1,completer,SL_FLOOR,0.31572645988731285,24
2263,12,holdout,1,win,2,reverser,SL_FLOOR,2.949385296076065,206
2264,12,holdout,1,win,1,completer,RAW,1.514505101150404,95
2264,12,holdout,1,win,2,reverser,RAW,3.5761579989592045,135
2264,12,holdout,1,win,1,completer,SL_FLOOR,1.514505101150404,95
2264,12,holdout,1,win,2,reverser,SL_FLOOR,3.065121956880267,64
2265,12,holdout,0,win,1,reverser,RAW,2.0760785610147403,228
2265,12,holdout,0,win,1,reverser,SL_FLOOR,2.0760785610147403,228
2266,12,holdout,1,win,1,completer,RAW,0.4339184150191471,33
2266,12,holdout,1,win,2,reverser,RAW,3.603593604991014,201
2266,12,holdout,1,win,1,completer,SL_FLOOR,0.4339184150191471,33
2266,12,holdout,1,win,2,reverser,SL_FLOOR,3.602652350294656,131
2267,12,holdout,1,win,1,reverser,RAW,2.618039546734341,230
2267,12,holdout,1,win,1,reverser,SL_FLOOR,2.12001267048514,127
2268,12,holdout,0,win,1,completer,RAW,0.9013027396909761,73
2268,12,holdout,0,win,2,completer,RAW,0.8539999246286323,49
2268,12,holdout,0,win,3,completer,RAW,0.07789385713859209,6
2268,12,holdout,0,win,4,reverser,RAW,2.3999805510375847,59
2268,12,holdout,0,win,1,completer,SL_FLOOR,0.9013027396909761,73
2268,12,holdout,0,win,2,completer,SL_FLOOR,0.8539999246286323,49
2268,12,holdout,0,win,3,completer,SL_FLOOR,0.07789385713859209,6
2268,12,holdout,0,win,4,reverser,SL_FLOOR,2.3999805510375847,59
2269,12,holdout,0,win,1,reverser,RAW,2.3676245091428587,177
2270,12,holdout,1,win,1,completer,RAW,0.4345922237775015,8
2270,12,holdout,1,win,2,completer,RAW,4.214227624508881,109
2270,12,holdout,1,win,3,completer,RAW,0.44776168510408043,5
2270,12,holdout,1,win,4,completer,RAW,1.6198437431705979,27
2270,12,holdout,1,win,5,reverser,RAW,6.379506557622493,58
2271,12,holdout,0,win,1,completer,RAW,2.6715217095550514,79
2271,12,holdout,0,win,2,reverser,RAW,2.7898943136892966,121
2272,12,holdout,1,win,1,completer,RAW,0.15090597625988456,8
2272,12,holdout,1,win,2,reverser,RAW,4.203031071642709,204
2272,12,holdout,1,win,1,completer,SL_FLOOR,0.15090597625988456,8
2272,12,holdout,1,win,2,reverser,SL_FLOOR,3.120539465764039,61
2273,12,holdout,1,win,1,completer,RAW,0.34889809897379676,8
2273,12,holdout,1,win,2,completer,RAW,3.3832542930790632,112
2273,12,holdout,1,win,3,reverser,RAW,7.888973682351589,112
2273,12,holdout,1,win,1,completer,SL_FLOOR,0.34889809897379676,8
2273,12,holdout,1,win,2,reverser,SL_FLOOR,3.30043504736307,58
2274,12,holdout,0,win,1,completer,RAW,2.414289374639792,80
2274,12,holdout,0,win,2,reverser,RAW,2.5212642569278905,149
2274,12,holdout,0,win,1,reverser,SL_FLOOR,2.3153376085232953,20
2275,12,holdout,0,win,1,completer,RAW,0.9972584001030449,49
2275,12,holdout,0,win,2,reverser,RAW,1.6012716438534496,146
2275,12,holdout,0,win,1,completer,SL_FLOOR,0.9972584001030449,49
2275,12,holdout,0,win,2,reverser,SL_FLOOR,1.6012716438534496,146
2276,12,holdout,0,win,1,reverser,RAW,2.0281625438461592,158
2277,12,holdout,1,win,1,reverser,RAW,4.698335382925116,146
2278,12,holdout,1,win,1,reverser,RAW,4.5387696814468494,125
2279,12,holdout,1,win,1,completer,RAW,0.6608774051487676,29
2279,12,holdout,1,win,2,reverser,RAW,7.089111012623356,129
2280,12,holdout,0,win,1,completer,RAW,0.8923616251949142,31
2280,12,holdout,0,win,2,reverser,RAW,0.3030834368948421,5
2281,12,holdout,0,win,1,completer,RAW,2.222996481739792,89
2281,12,holdout,0,win,2,completer,RAW,1.3424988325163314,36
2281,12,holdout,0,win,3,reverser,RAW,1.0318184052661703,21
2282,12,holdout,1,win,1,completer,RAW,1.400789243557315,50
2282,12,holdout,1,win,2,completer,RAW,0.11257239555974508,6
2282,12,holdout,1,win,3,reverser,RAW,10.887023790814423,172
2282,12,holdout,1,win,1,completer,SL_FLOOR,1.400789243557315,50
2282,12,holdout,1,win,2,completer,SL_FLOOR,0.11257239555974508,6
2282,12,holdout,1,win,3,reverser,SL_FLOOR,4.283781695317838,79
2283,12,holdout,1,win,1,completer,RAW,0.6346375549364678,10
2283,12,holdout,1,win,2,reverser,RAW,8.53352952181653,208
2283,12,holdout,1,win,1,completer,SL_FLOOR,0.6346375549364678,10
2283,12,holdout,1,win,2,reverser,SL_FLOOR,3.2080028520800408,116
2284,12,holdout,0,win,1,completer,RAW,1.4089067839570057,150
2284,12,holdout,0,win,2,reverser,RAW,0.3155989625161164,8
2284,12,holdout,0,win,1,completer,SL_FLOOR,1.4089067839570057,150
2284,12,holdout,0,win,2,reverser,SL_FLOOR,0.3155989625161164,8
2285,12,holdout,0,win,1,completer,RAW,1.5443154621413338,91
2285,12,holdout,0,win,2,completer,RAW,0.34569890894435074,9
2285,12,holdout,0,win,3,completer,RAW,1.4525164241359463,57
2285,12,holdout,0,win,4,reverser,RAW,0.578682543375761,3
2286,12,holdout,0,win,1,completer,RAW,1.5997870663000269,42
2286,12,holdout,0,win,2,reverser,RAW,2.991002725897983,66
2287,12,holdout,0,win,1,completer,RAW,2.195764304074059,209
2287,12,holdout,0,win,2,reverser,RAW,0.6586043188656932,13
2287,12,holdout,0,win,1,reverser,SL_FLOOR,1.974563233031875,103
2288,12,holdout,0,win,1,completer,RAW,1.8586653788884693,57
2288,12,holdout,0,win,2,completer,RAW,0.3027371639856198,12
2288,12,holdout,0,win,3,reverser,RAW,0.14412111226675828,5
2289,12,holdout,0,win,1,completer,RAW,1.394131581638205,63
2289,12,holdout,0,win,2,completer,RAW,1.8207286673031482,126
2289,12,holdout,0,win,3,completer,RAW,0.14715548507915166,7
2289,12,holdout,0,win,4,completer,RAW,0.5881092034347235,17
2289,12,holdout,0,win,5,reverser,RAW,0.6614305775333866,18
2289,12,holdout,0,win,1,completer,SL_FLOOR,1.394131581638205,63
2289,12,holdout,0,win,2,completer,SL_FLOOR,1.8207286673031482,126
2289,12,holdout,0,win,3,completer,SL_FLOOR,0.14715548507915166,7
2289,12,holdout,0,win,4,completer,SL_FLOOR,0.5881092034347235,17
2289,12,holdout,0,win,5,reverser,SL_FLOOR,0.6614305775333866,18
2290,12,holdout,1,win,1,completer,RAW,0.9595936835312137,67
2290,12,holdout,1,win,2,reverser,RAW,4.06355938519353,165
2290,12,holdout,1,win,1,completer,SL_FLOOR,0.9595936835312137,67
2290,12,holdout,1,win,2,reverser,SL_FLOOR,3.383740571171857,83
2291,12,holdout,0,win,1,completer,RAW,1.4799922836400552,134
2291,12,holdout,0,win,2,completer,RAW,0.901215894504326,25
2291,12,holdout,0,win,3,completer,RAW,0.18417906018704144,8
2291,12,holdout,0,win,4,completer,RAW,0.24674948063416124,8
2291,12,holdout,0,win,5,reverser,RAW,0.6943298268969551,6
2291,12,holdout,0,win,1,completer,SL_FLOOR,1.4799922836400552,134
2291,12,holdout,0,win,2,completer,SL_FLOOR,0.901215894504326,25
2291,12,holdout,0,win,3,completer,SL_FLOOR,0.18417906018704144,8
2291,12,holdout,0,win,4,completer,SL_FLOOR,0.24674948063416124,8
2291,12,holdout,0,win,5,reverser,SL_FLOOR,0.6943298268969551,6
2292,12,holdout,0,win,1,completer,RAW,1.3040482614354068,98
2292,12,holdout,0,win,2,completer,RAW,1.226531472380936,53
2292,12,holdout,0,win,3,completer,RAW,0.6996135518460851,26
2292,12,holdout,0,win,4,reverser,RAW,0.26198712250057543,6
2292,12,holdout,0,win,1,completer,SL_FLOOR,1.3040482614354068,98
2292,12,holdout,0,win,2,completer,SL_FLOOR,1.226531472380936,53
2292,12,holdout,0,win,3,completer,SL_FLOOR,0.6996135518460851,26
2292,12,holdout,0,win,4,reverser,SL_FLOOR,0.26198712250057543,6
2293,12,holdout,0,win,1,completer,RAW,0.5924280738392265,20
2293,12,holdout,0,win,2,completer,RAW,0.25504412366105367,21
2293,12,holdout,0,win,3,completer,RAW,0.17584437527383967,7
2293,12,holdout,0,win,4,reverser,RAW,0.39530094679613104,8
2294,12,holdout,0,win,1,completer,RAW,1.34029121288654,150
2294,12,holdout,0,win,2,completer,RAW,0.3002288874416892,11
2294,12,holdout,0,win,3,completer,RAW,0.22345803037897216,12
2294,12,holdout,0,win,4,completer,RAW,0.3244482649674376,5
2294,12,holdout,0,win,5,completer,RAW,0.7722782644999171,10
2294,12,holdout,0,win,6,completer,RAW,0.5131766219132805,12
2294,12,holdout,0,win,1,completer,SL_FLOOR,1.34029121288654,150
2294,12,holdout,0,win,2,completer,SL_FLOOR,0.3002288874416892,11
2294,12,holdout,0,win,3,completer,SL_FLOOR,0.22345803037897216,12
2294,12,holdout,0,win,4,completer,SL_FLOOR,0.3244482649674376,5
2294,12,holdout,0,win,5,completer,SL_FLOOR,0.7722782644999171,10
2294,12,holdout,0,win,6,completer,SL_FLOOR,0.5131766219132805,12
2296,12,holdout,0,win,1,completer,RAW,1.7373638005689878,57
2296,12,holdout,0,win,2,completer,RAW,0.28297970994115884,13
2296,12,holdout,0,win,3,completer,RAW,0.18039472617316443,13
2296,12,holdout,0,win,4,completer,RAW,0.438599194751478,14
2296,12,holdout,0,win,5,completer,RAW,0.5938315664155223,11
2296,12,holdout,0,win,6,completer,RAW,0.7060943788408549,3
2297,12,holdout,0,win,1,completer,RAW,0.26133274556154185,9
2297,12,holdout,0,win,2,completer,RAW,0.1467759255893779,9
2297,12,holdout,0,win,3,completer,RAW,0.5865922879825609,15
2297,12,holdout,0,win,4,completer,RAW,0.6597245435898036,21
2297,12,holdout,0,win,5,completer,RAW,0.42293968802230175,4
2297,12,holdout,0,win,6,completer,RAW,0.6904094060823676,13
2297,12,holdout,0,win,1,completer,SL_FLOOR,0.26133274556154185,9
2297,12,holdout,0,win,2,completer,SL_FLOOR,0.1467759255893779,9
2297,12,holdout,0,win,3,completer,SL_FLOOR,0.5865922879825609,15
2297,12,holdout,0,win,4,completer,SL_FLOOR,0.6597245435898036,21
2297,12,holdout,0,win,5,completer,SL_FLOOR,0.42293968802230175,4
2297,12,holdout,0,win,6,completer,SL_FLOOR,0.6904094060823676,13
2299,12,holdout,0,win,1,completer,RAW,0.40601628150155245,14
2299,12,holdout,0,win,2,completer,RAW,1.7738368662104222,72
2299,12,holdout,0,win,3,reverser,RAW,0.9206348201180141,14
2300,12,holdout,0,win,1,completer,RAW,1.982277956075099,48
2300,12,holdout,0,win,2,completer,RAW,0.7499794940765445,16
2300,12,holdout,0,win,3,completer,RAW,0.3228710307243512,18
2300,12,holdout,0,win,4,completer,RAW,0.22260875442555506,6
2300,12,holdout,0,win,5,completer,RAW,0.5004280134209109,13
2300,12,holdout,0,win,6,completer,RAW,0.6775433120809362,11
2300,12,holdout,0,win,1,completer,SL_FLOOR,1.982277956075099,48
2300,12,holdout,0,win,2,completer,SL_FLOOR,0.7499794940765445,16
2300,12,holdout,0,win,3,completer,SL_FLOOR,0.3228710307243512,18
2300,12,holdout,0,win,4,completer,SL_FLOOR,0.22260875442555506,6
2300,12,holdout,0,win,5,completer,SL_FLOOR,0.5004280134209109,13
2300,12,holdout,0,win,6,completer,SL_FLOOR,0.6775433120809362,11
2302,12,holdout,0,win,1,completer,RAW,0.19665821598011224,6
2302,12,holdout,0,win,2,completer,RAW,0.9595121452886366,21
2302,12,holdout,0,win,3,completer,RAW,0.9823270690379733,2
2302,12,holdout,0,win,4,reverser,RAW,1.996466496543316,87
2303,12,holdout,0,win,1,completer,RAW,1.54784659388974,53
2303,12,holdout,0,win,2,completer,RAW,0.8645951223249502,28
2303,12,holdout,0,win,3,reverser,RAW,2.1033007682653126,114
2303,12,holdout,0,win,1,completer,SL_FLOOR,1.54784659388974,53
2303,12,holdout,0,win,2,completer,SL_FLOOR,0.8645951223249502,28
2303,12,holdout,0,win,3,reverser,SL_FLOOR,2.1033007682653126,114
2307,12,holdout,0,win,1,completer,RAW,1.78278978411604,67
2307,12,holdout,0,win,2,completer,RAW,0.4451606767242704,10
2307,12,holdout,0,win,3,reverser,RAW,3.5455401808554363,153
2307,12,holdout,0,win,1,completer,SL_FLOOR,1.78278978411604,67
2307,12,holdout,0,win,2,completer,SL_FLOOR,0.4451606767242704,10
2307,12,holdout,0,win,3,reverser,SL_FLOOR,3.5455401808554363,153
2308,12,holdout,0,win,1,completer,RAW,0.3313518917601508,14
2308,12,holdout,0,win,2,completer,RAW,0.1861017474269584,7
2308,12,holdout,0,win,3,completer,RAW,0.11801574227074996,6
2308,12,holdout,0,win,4,completer,RAW,0.743758551563392,13
2308,12,holdout,0,win,5,completer,RAW,0.8364852062046877,21
2308,12,holdout,0,win,6,completer,RAW,0.28336746907865074,3
2308,12,holdout,0,win,1,completer,SL_FLOOR,0.3313518917601508,14
2308,12,holdout,0,win,2,completer,SL_FLOOR,0.1861017474269584,7
2308,12,holdout,0,win,3,completer,SL_FLOOR,0.11801574227074996,6
2308,12,holdout,0,win,4,completer,SL_FLOOR,0.743758551563392,13
2308,12,holdout,0,win,5,completer,SL_FLOOR,0.8364852062046877,21
2308,12,holdout,0,win,6,completer,SL_FLOOR,0.28336746907865074,3
2309,12,holdout,0,win,1,completer,RAW,1.5602363813852043,47
2309,12,holdout,0,win,2,completer,RAW,1.0164325045598621,41
2309,12,holdout,0,win,3,reverser,RAW,0.8297535617690737,33
2311,12,holdout,0,win,1,completer,RAW,0.6595513070920669,20
2311,12,holdout,0,win,2,completer,RAW,0.7247882331111573,49
2311,12,holdout,0,win,3,completer,RAW,1.7631925142406777,108
2311,12,holdout,0,win,4,reverser,RAW,0.3668828958688275,7
2311,12,holdout,0,win,1,completer,SL_FLOOR,0.6595513070920669,20
2311,12,holdout,0,win,2,completer,SL_FLOOR,0.7247882331111573,49
2311,12,holdout,0,win,3,completer,SL_FLOOR,1.7631925142406777,108
2311,12,holdout,0,win,4,reverser,SL_FLOOR,0.3668828958688275,7
2312,12,holdout,0,win,1,completer,RAW,1.7052253778026176,57
2312,12,holdout,0,win,2,completer,RAW,0.27774504259663635,13
2312,12,holdout,0,win,3,completer,RAW,0.17705771525312697,13
2312,12,holdout,0,win,4,completer,RAW,0.43048581841584976,14
2312,12,holdout,0,win,5,completer,RAW,0.5828466420564293,11
2312,12,holdout,0,win,6,completer,RAW,0.693032773866288,3
2312,12,holdout,0,win,1,completer,SL_FLOOR,1.7052253778026176,57
2312,12,holdout,0,win,2,completer,SL_FLOOR,0.27774504259663635,13
2312,12,holdout,0,win,3,completer,SL_FLOOR,0.17705771525312697,13
2312,12,holdout,0,win,4,completer,SL_FLOOR,0.43048581841584976,14
2312,12,holdout,0,win,5,completer,SL_FLOOR,0.5828466420564293,11
2312,12,holdout,0,win,6,completer,SL_FLOOR,0.693032773866288,3
2313,12,holdout,0,win,1,completer,RAW,0.7109483251239421,16
2313,12,holdout,0,win,2,completer,RAW,0.7278529905907267,12
2313,12,holdout,0,win,3,completer,RAW,1.4792772752830152,100
2313,12,holdout,0,win,4,reverser,RAW,0.5871395076207677,16
2314,12,holdout,1,win,1,reverser,RAW,3.0848333516728568,211
2314,12,holdout,1,win,1,reverser,SL_FLOOR,2.401359266707283,78
2315,12,holdout,1,win,1,reverser,RAW,2.433423915857755,230
2315,12,holdout,1,win,1,reverser,SL_FLOOR,2.433423915857755,230
2316,12,holdout,1,win,1,completer,RAW,0.4836668372653068,21
2316,12,holdout,1,win,2,completer,RAW,0.566651299699656,59
2316,12,holdout,1,win,3,reverser,RAW,6.034787238569084,144
2316,12,holdout,1,win,1,completer,SL_FLOOR,0.4836668372653068,21
2316,12,holdout,1,win,2,completer,SL_FLOOR,0.566651299699656,59
2316,12,holdout,1,win,3,reverser,SL_FLOOR,4.717838550705584,88
2318,12,holdout,1,win,1,reverser,RAW,2.690614887875867,134
2319,12,holdout,0,win,1,completer,RAW,0.30185249061120545,19
2319,12,holdout,0,win,2,completer,RAW,0.9173256001225369,20
2319,12,holdout,0,win,3,completer,RAW,0.42129899274391436,18
2319,12,holdout,0,win,4,completer,RAW,0.42541783764503016,8
2319,12,holdout,0,win,5,completer,RAW,0.839067547001112,27
2319,12,holdout,0,win,6,completer,RAW,1.4704276297025327,17
2320,12,holdout,1,win,1,reverser,RAW,7.5296731621861,237
2320,12,holdout,1,win,1,reverser,SL_FLOOR,2.6862868466511878,44
2323,12,holdout,0,win,1,completer,RAW,0.36180306786084493,26
2323,12,holdout,0,win,2,completer,RAW,1.3151083196908746,64
2323,12,holdout,0,win,3,completer,RAW,0.7985549083485868,45
2323,12,holdout,0,win,4,reverser,RAW,3.6487650673834016,46
2323,12,holdout,0,win,1,completer,SL_FLOOR,0.36180306786084493,26
2323,12,holdout,0,win,2,completer,SL_FLOOR,1.3151083196908746,64
2323,12,holdout,0,win,3,completer,SL_FLOOR,0.7985549083485868,45
2323,12,holdout,0,win,4,reverser,SL_FLOOR,3.6487650673834016,46
2324,12,holdout,1,win,1,reverser,RAW,4.0340538115063005,227
2324,12,holdout,1,win,1,reverser,SL_FLOOR,2.1956405194375637,38
2325,12,holdout,0,win,1,completer,RAW,0.999597379534667,54
2325,12,holdout,0,win,2,completer,RAW,1.2740156064924768,39
2325,12,holdout,0,win,3,completer,RAW,0.9636041437805294,34
2325,12,holdout,0,win,4,completer,RAW,0.5116353914583032,5
2325,12,holdout,0,win,5,reverser,RAW,2.18664946339968,97
2325,12,holdout,0,win,1,completer,SL_FLOOR,0.999597379534667,54
2325,12,holdout,0,win,2,completer,SL_FLOOR,1.2740156064924768,39
2325,12,holdout,0,win,3,completer,SL_FLOOR,0.9636041437805294,34
2325,12,holdout,0,win,4,completer,SL_FLOOR,0.5116353914583032,5
2325,12,holdout,0,win,5,reverser,SL_FLOOR,2.18664946339968,97
2330,12,holdout,1,win,1,completer,RAW,0.21642578159075754,8
2330,12,holdout,1,win,2,completer,RAW,0.7497299485783284,19
2330,12,holdout,1,win,3,completer,RAW,1.6779464979107872,46
2330,12,holdout,1,win,4,reverser,RAW,4.783785801854643,167
2330,12,holdout,1,win,1,completer,SL_FLOOR,0.21642578159075754,8
2330,12,holdout,1,win,2,completer,SL_FLOOR,0.7497299485783284,19
2330,12,holdout,1,win,3,completer,SL_FLOOR,1.6779464979107872,46
2330,12,holdout,1,win,4,reverser,SL_FLOOR,4.783785801854643,167
2332,12,holdout,0,win,1,completer,RAW,0.45592510155094246,20
2332,12,holdout,0,win,2,completer,RAW,1.9018891837582483,156
2332,12,holdout,0,win,3,reverser,RAW,1.8458891133475974,53
2332,12,holdout,0,win,1,completer,SL_FLOOR,0.45592510155094246,20
2332,12,holdout,0,win,2,completer,SL_FLOOR,1.9018891837582483,156
2332,12,holdout,0,win,3,reverser,SL_FLOOR,1.8458891133475974,53
2333,12,holdout,1,win,1,reverser,RAW,3.1826572499129036,201
2333,12,holdout,1,win,1,reverser,SL_FLOOR,2.472407035586162,71
2334,12,holdout,1,win,1,completer,RAW,1.8511451654275066,75
2334,12,holdout,1,win,2,reverser,RAW,2.121722906654945,149
2334,12,holdout,1,win,1,completer,SL_FLOOR,1.8511451654275066,75
2334,12,holdout,1,win,2,reverser,SL_FLOOR,2.121722906654945,149
2335,12,holdout,0,win,1,reverser,RAW,2.0169016190307616,68
2337,12,holdout,1,win,1,reverser,RAW,2.6479642613493524,239
2337,12,holdout,1,win,1,reverser,SL_FLOOR,2.6479642613493524,24
2338,12,holdout,0,win,1,completer,RAW,0.3120360938626463,26
2338,12,holdout,0,win,2,completer,RAW,2.0876838659082413,50
2338,12,holdout,0,win,3,completer,RAW,0.2685366383985448,3
2338,12,holdout,0,win,4,completer,RAW,0.5333033239901721,17
2338,12,holdout,0,win,5,reverser,RAW,1.1333058130253404,30
2339,12,holdout,0,win,1,completer,RAW,2.0358207872211134,202
2339,12,holdout,0,win,2,reverser,RAW,0.7235045198338019,29
2339,12,holdout,0,win,1,completer,SL_FLOOR,2.0358207872211134,202
2339,12,holdout,0,win,2,reverser,SL_FLOOR,0.7235045198338019,29
2340,12,holdout,1,win,1,reverser,RAW,3.913051214843752,226
2340,12,holdout,1,win,1,reverser,SL_FLOOR,2.091731911771857,139
2341,12,holdout,0,win,1,completer,RAW,0.22578263241655416,10
2341,12,holdout,0,win,2,completer,RAW,0.5260930818104375,30
2341,12,holdout,0,win,3,reverser,RAW,1.917197547554466,101
2342,12,holdout,1,win,1,reverser,RAW,3.7202953877923486,209
2342,12,holdout,1,win,1,reverser,SL_FLOOR,2.8022577026767914,193
2343,12,holdout,1,win,1,reverser,RAW,5.083014151826179,217
2343,12,holdout,1,win,1,reverser,SL_FLOOR,2.820233677398854,96
2345,12,holdout,1,win,1,reverser,RAW,2.1789450090596336,190
2345,12,holdout,1,win,1,reverser,SL_FLOOR,2.1789450090596336,190
2346,12,holdout,1,win,1,reverser,RAW,2.6527571736576077,144
2346,12,holdout,1,win,1,reverser,SL_FLOOR,2.6527571736576077,144
2348,12,holdout,0,win,1,completer,RAW,0.25599190105683733,11
2348,12,holdout,0,win,2,completer,RAW,0.31050374637582445,20
2348,12,holdout,0,win,3,completer,RAW,0.11704013847902583,11
2348,12,holdout,0,win,4,reverser,RAW,2.847709488061297,178
2348,12,holdout,0,win,1,completer,SL_FLOOR,0.25599190105683733,11
2348,12,holdout,0,win,2,completer,SL_FLOOR,0.31050374637582445,20
2348,12,holdout,0,win,3,completer,SL_FLOOR,0.11704013847902583,11
2348,12,holdout,0,win,4,reverser,SL_FLOOR,2.847709488061297,178
2349,12,holdout,1,win,1,reverser,RAW,2.8136203351748597,197
2349,12,holdout,1,win,1,reverser,SL_FLOOR,2.8136203351748597,192
2350,12,holdout,1,win,1,completer,RAW,0.5942174603674572,15
2350,12,holdout,1,win,2,completer,RAW,1.7646009542684997,87
2350,12,holdout,1,win,3,reverser,RAW,4.332046515099192,127
2350,12,holdout,1,win,1,completer,SL_FLOOR,0.5942174603674572,15
2350,12,holdout,1,win,2,completer,SL_FLOOR,1.7646009542684997,87
2350,12,holdout,1,win,3,reverser,SL_FLOOR,4.332046515099192,120
2352,12,holdout,1,win,1,reverser,RAW,3.13347244974231,224
2352,12,holdout,1,win,1,reverser,SL_FLOOR,3.13347244974231,192
2353,12,holdout,1,win,1,completer,RAW,1.6020093806914766,10
2353,12,holdout,1,win,2,reverser,RAW,7.34752099008659,196
2353,12,holdout,1,win,1,completer,SL_FLOOR,1.6020093806914766,10
2353,12,holdout,1,win,2,reverser,SL_FLOOR,3.5604596775182777,79
2357,12,holdout,1,win,1,reverser,RAW,3.5429119079139664,166
2358,12,holdout,0,win,1,completer,RAW,1.4630373594904167,45
2358,12,holdout,0,win,2,reverser,RAW,3.376495449171909,52
2359,12,holdout,0,win,1,completer,RAW,1.5245253949523616,63
2359,12,holdout,0,win,2,reverser,RAW,2.610622005719554,54
2363,12,holdout,1,win,1,reverser,RAW,3.1046974440265576,159
2365,12,holdout,0,win,1,reverser,RAW,2.6352730114857668,173
2365,12,holdout,0,win,1,reverser,SL_FLOOR,2.6352730114857668,62
2367,12,holdout,1,win,1,reverser,RAW,3.0467265958756844,209
2367,12,holdout,1,win,1,reverser,SL_FLOOR,2.983722666606572,85
2368,12,holdout,1,win,1,reverser,RAW,2.16991498236018,204
2368,12,holdout,1,win,1,reverser,SL_FLOOR,2.16991498236018,204
2373,12,holdout,0,win,1,completer,RAW,2.0910787523209247,107
2373,12,holdout,0,win,2,completer,RAW,0.42635724560641464,13
2373,12,holdout,0,win,3,reverser,RAW,2.062797769195278,71
2373,12,holdout,0,win,1,reverser,SL_FLOOR,2.0563702730303532,26
2374,12,holdout,0,win,1,completer,RAW,0.35544042464271874,8
2374,12,holdout,0,win,2,reverser,RAW,4.033452237599324,87
2375,12,holdout,0,win,1,completer,RAW,0.7262849379384858,46
2375,12,holdout,0,win,2,completer,RAW,0.40631893098981386,22
2375,12,holdout,0,win,3,completer,RAW,0.23117679351453102,5
2375,12,holdout,0,win,4,completer,RAW,0.2625778568021966,4
2375,12,holdout,0,win,5,reverser,RAW,1.5992886371004493,62
2376,12,holdout,1,win,1,reverser,RAW,4.066786820203745,109
2376,12,holdout,1,win,1,reverser,SL_FLOOR,1.9576494391334918,44
2377,12,holdout,1,win,1,reverser,RAW,5.7507628875300645,186
2377,12,holdout,1,win,1,reverser,SL_FLOOR,2.303507893259354,120
2378,12,holdout,0,win,1,completer,RAW,0.8266880252634954,131
2378,12,holdout,0,win,2,completer,RAW,0.34973402122030706,24
2378,12,holdout,0,win,3,reverser,RAW,2.5511718228435667,65
2378,12,holdout,0,win,1,completer,SL_FLOOR,0.8266880252634954,131
2378,12,holdout,0,win,2,completer,SL_FLOOR,0.34973402122030706,24
2378,12,holdout,0,win,3,reverser,SL_FLOOR,2.5511718228435667,65
2379,12,holdout,1,win,1,reverser,RAW,2.244194883870676,208
2379,12,holdout,1,win,1,reverser,SL_FLOOR,2.244194883870676,208
2380,12,holdout,1,win,1,reverser,RAW,5.11056908239413,208
2380,12,holdout,1,win,1,reverser,SL_FLOOR,2.5158563781029177,97
2381,12,holdout,0,win,1,completer,RAW,2.9103998271158416,118
2381,12,holdout,0,win,2,reverser,RAW,0.7908264308221298,7
2383,12,holdout,0,win,1,completer,RAW,0.2641037627574664,28
2383,12,holdout,0,win,2,completer,RAW,1.4175471116962526,108
2383,12,holdout,0,win,3,completer,RAW,0.4903301685772039,28
2383,12,holdout,0,win,4,reverser,RAW,2.4127357501418403,46
2383,12,holdout,0,win,1,completer,SL_FLOOR,0.2641037627574664,28
2383,12,holdout,0,win,2,completer,SL_FLOOR,1.4175471116962526,108
2383,12,holdout,0,win,3,completer,SL_FLOOR,0.4903301685772039,28
2383,12,holdout,0,win,4,reverser,SL_FLOOR,2.4127357501418403,46
2384,12,holdout,0,win,1,completer,RAW,2.063315999478638,126
2384,12,holdout,0,win,2,completer,RAW,0.19656827502919283,5
2384,12,holdout,0,win,3,reverser,RAW,1.6046566910771816,29
2388,12,holdout,0,win,1,completer,RAW,0.725822624718816,5
2388,12,holdout,0,win,2,completer,RAW,0.07928467860103483,2
2388,12,holdout,0,win,3,reverser,RAW,1.8605335017074398,42
2389,12,holdout,1,win,1,reverser,RAW,5.5595836635672296,212
2389,12,holdout,1,win,1,reverser,SL_FLOOR,2.745245050040142,85
2391,12,holdout,1,win,1,completer,RAW,0.46150523676101407,19
2391,12,holdout,1,win,2,reverser,RAW,5.858691932251393,165
2391,12,holdout,1,win,1,completer,SL_FLOOR,0.46150523676101407,19
2391,12,holdout,1,win,2,reverser,SL_FLOOR,4.223358158511284,69
2395,12,holdout,0,win,1,completer,RAW,0.2319590280576398,5
2395,12,holdout,0,win,2,completer,RAW,0.2319590280576398,4
2395,12,holdout,0,win,3,completer,RAW,0.33302913229925,11
2395,12,holdout,0,win,4,completer,RAW,0.4262521787581681,17
2395,12,holdout,0,win,5,reverser,RAW,4.732403607611838,186
2395,12,holdout,0,win,1,completer,SL_FLOOR,0.2319590280576398,5
2395,12,holdout,0,win,2,completer,SL_FLOOR,0.2319590280576398,4
2395,12,holdout,0,win,3,completer,SL_FLOOR,0.33302913229925,11
2395,12,holdout,0,win,4,completer,SL_FLOOR,0.4262521787581681,17
2395,12,holdout,0,win,5,reverser,SL_FLOOR,4.732403607611838,186
2396,12,holdout,0,win,1,completer,RAW,0.19210870189904283,3
2396,12,holdout,0,win,2,completer,RAW,0.8786147983911312,24
2396,12,holdout,0,win,3,completer,RAW,9.35625880807632,158
2396,12,holdout,0,win,4,reverser,RAW,2.7573248978448217,37
2396,12,holdout,0,win,1,completer,SL_FLOOR,0.19210870189904283,3
2396,12,holdout,0,win,2,completer,SL_FLOOR,0.8786147983911312,24
2396,12,holdout,0,win,3,reverser,SL_FLOOR,4.449859064134607,51
2397,12,holdout,0,win,1,completer,RAW,1.240962180639818,30
2397,12,holdout,0,win,2,completer,RAW,5.290675874772698,50
2397,12,holdout,0,win,3,completer,RAW,0.9169747588168566,3
2397,12,holdout,0,win,4,completer,RAW,0.05369672011090554,1
2397,12,holdout,0,win,5,completer,RAW,2.3505222913928727,56
2397,12,holdout,0,win,6,reverser,RAW,3.6614451025617685,50
2397,12,holdout,0,win,1,completer,SL_FLOOR,1.240962180639818,30
2397,12,holdout,0,win,2,reverser,SL_FLOOR,5.290675874772698,24
2399,12,holdout,0,win,1,completer,RAW,4.658718436431819,72
2399,12,holdout,0,win,2,completer,RAW,0.8074445147948595,5
2399,12,holdout,0,win,3,completer,RAW,0.0882005832602415,2
2399,12,holdout,0,win,4,completer,RAW,2.0697585324344603,56
2399,12,holdout,0,win,5,reverser,RAW,3.224095031907497,73
2399,12,holdout,0,win,1,reverser,SL_FLOOR,2.6555649836243127,48
2403,12,holdout,0,win,1,completer,RAW,0.6425058193434088,15
2403,12,holdout,0,win,2,completer,RAW,1.519800417309018,82
2403,12,holdout,0,win,3,reverser,RAW,2.1102871659397326,92
2404,12,holdout,0,win,1,completer,RAW,0.6628358216161581,15
2404,12,holdout,0,win,2,completer,RAW,1.5678895474115173,82
2404,12,holdout,0,win,3,reverser,RAW,2.1912017888547277,118
2404,12,holdout,0,win,1,completer,SL_FLOOR,0.6628358216161581,15
2404,12,holdout,0,win,2,completer,SL_FLOOR,1.5678895474115173,82
2404,12,holdout,0,win,3,reverser,SL_FLOOR,2.1912017888547277,118
2405,12,holdout,0,win,1,completer,RAW,2.63828460831105,54
2405,12,holdout,0,win,2,completer,RAW,0.31717082722865664,3
2405,12,holdout,0,win,3,completer,RAW,2.233468451480252,60
2405,12,holdout,0,win,4,reverser,RAW,3.84266416365333,70
2406,12,holdout,0,win,1,reverser,RAW,1.933408448743744,134
2407,12,holdout,0,win,1,reverser,RAW,1.2510369566887698,18
2408,12,holdout,1,win,1,completer,RAW,0.4711727787979465,16
2408,12,holdout,1,win,2,reverser,RAW,2.341066394980473,212
2408,12,holdout,1,win,1,completer,SL_FLOOR,0.4711727787979465,16
2408,12,holdout,1,win,2,reverser,SL_FLOOR,2.341066394980473,212
2409,12,holdout,0,win,1,reverser,RAW,1.3022110312529374,38
2410,12,holdout,0,win,1,completer,RAW,0.6897867288664142,45
2410,12,holdout,0,win,2,reverser,RAW,1.4204659619021767,180
2410,12,holdout,0,win,1,completer,SL_FLOOR,0.6897867288664142,45
2410,12,holdout,0,win,2,reverser,SL_FLOOR,1.4204659619021767,180
2411,12,holdout,0,win,1,completer,RAW,1.1195936721936692,179
2411,12,holdout,0,win,2,reverser,RAW,0.1569495739553608,2
2411,12,holdout,0,win,1,completer,SL_FLOOR,1.1195936721936692,179
2411,12,holdout,0,win,2,reverser,SL_FLOOR,0.1569495739553608,2
2414,12,holdout,0,win,1,completer,RAW,0.6411079493775531,16
2414,12,holdout,0,win,2,completer,RAW,1.3641286764200384,22
2414,12,holdout,0,win,3,reverser,RAW,1.5273628037523364,188
2414,12,holdout,0,win,1,completer,SL_FLOOR,0.6411079493775531,16
2414,12,holdout,0,win,2,completer,SL_FLOOR,1.3641286764200384,22
2414,12,holdout,0,win,3,reverser,SL_FLOOR,1.5273628037523364,188
2415,12,holdout,1,win,1,completer,RAW,2.062895331757097,23
2415,12,holdout,1,win,2,reverser,RAW,6.559896345927676,205
2415,12,holdout,1,win,1,completer,SL_FLOOR,2.062895331757097,23
2415,12,holdout,1,win,2,reverser,SL_FLOOR,2.7800761916487717,89
2416,12,holdout,1,win,1,reverser,RAW,3.4256861362190163,238
2416,12,holdout,1,win,1,reverser,SL_FLOOR,2.0353285500331113,43
2418,12,holdout,1,win,1,reverser,RAW,6.295130231670005,216
2418,12,holdout,1,win,1,reverser,SL_FLOOR,2.115111490413619,27
2421,12,holdout,1,win,1,reverser,RAW,4.8523538514192435,236
2421,12,holdout,1,win,1,reverser,SL_FLOOR,2.409754527617335,119
2422,12,holdout,1,win,1,reverser,RAW,3.9134887075998765,229
2422,12,holdout,1,win,1,reverser,SL_FLOOR,2.412165563006117,106
2423,12,holdout,1,win,1,reverser,RAW,3.4280837152168804,230
2423,12,holdout,1,win,1,reverser,SL_FLOOR,2.7799891281168057,184
2424,12,holdout,0,win,1,completer,RAW,0.47752902464757563,19
2424,12,holdout,0,win,2,completer,RAW,0.7808396557236748,37
2424,12,holdout,0,win,3,completer,RAW,0.3565190837519223,18
2424,12,holdout,0,win,4,completer,RAW,0.9173406651198963,21
2424,12,holdout,0,win,5,completer,RAW,0.47303885986481564,19
2424,12,holdout,0,win,6,reverser,RAW,2.8627045572549448,106
2424,12,holdout,0,win,1,completer,SL_FLOOR,0.47752902464757563,19
2424,12,holdout,0,win,2,completer,SL_FLOOR,0.7808396557236748,37
2424,12,holdout,0,win,3,completer,SL_FLOOR,0.3565190837519223,18
2424,12,holdout,0,win,4,completer,SL_FLOOR,0.9173406651198963,21
2424,12,holdout,0,win,5,completer,SL_FLOOR,0.47303885986481564,19
2424,12,holdout,0,win,6,reverser,SL_FLOOR,2.8627045572549448,106
2425,12,holdout,0,win,1,completer,RAW,0.6167671115697972,11
2425,12,holdout,0,win,2,completer,RAW,0.8475346712178866,48
2425,12,holdout,0,win,3,completer,RAW,0.37127651760299907,17
2425,12,holdout,0,win,4,completer,RAW,1.0699805158162135,33
2425,12,holdout,0,win,5,completer,RAW,0.4119248949612686,12
2425,12,holdout,0,win,6,completer,RAW,0.7550356077805791,37
2425,12,holdout,0,win,1,completer,SL_FLOOR,0.6167671115697972,11
2425,12,holdout,0,win,2,completer,SL_FLOOR,0.8475346712178866,48
2425,12,holdout,0,win,3,completer,SL_FLOOR,0.37127651760299907,17
2425,12,holdout,0,win,4,completer,SL_FLOOR,1.0699805158162135,33
2425,12,holdout,0,win,5,completer,SL_FLOOR,0.4119248949612686,12
2425,12,holdout,0,win,6,completer,SL_FLOOR,0.7550356077805791,37
2427,12,holdout,0,win,1,completer,RAW,0.46772310541013373,18
2427,12,holdout,0,win,2,completer,RAW,0.7648053411454789,37
2427,12,holdout,0,win,3,completer,RAW,0.3491980683550917,18
2427,12,holdout,0,win,4,completer,RAW,0.8985033421278001,21
2427,12,holdout,0,win,5,completer,RAW,0.6647517384367001,36
2427,12,holdout,0,win,6,reverser,RAW,2.80391975415357,112
2427,12,holdout,0,win,1,completer,SL_FLOOR,0.46772310541013373,18
2427,12,holdout,0,win,2,completer,SL_FLOOR,0.7648053411454789,37
2427,12,holdout,0,win,3,completer,SL_FLOOR,0.3491980683550917,18
2427,12,holdout,0,win,4,completer,SL_FLOOR,0.8985033421278001,21
2427,12,holdout,0,win,5,completer,SL_FLOOR,0.6647517384367001,36
2427,12,holdout,0,win,6,reverser,SL_FLOOR,2.80391975415357,112
2428,12,holdout,1,win,1,completer,RAW,0.7643255677997949,80
2428,12,holdout,1,win,2,reverser,RAW,2.81914515618059,103
2430,12,holdout,1,win,1,reverser,RAW,4.354814739748912,110
2430,12,holdout,1,win,1,reverser,SL_FLOOR,2.5982162661399926,32
2431,12,holdout,1,win,1,reverser,RAW,4.164382850814213,203
2431,12,holdout,1,win,1,reverser,SL_FLOOR,2.866805589520383,127
2435,12,holdout,0,win,1,reverser,RAW,2.7659399040826416,228
2435,12,holdout,0,win,1,reverser,SL_FLOOR,2.2929196428625165,65
2437,12,holdout,1,win,1,completer,RAW,1.2575574138707142,49
2437,12,holdout,1,win,2,reverser,RAW,3.0150473875467325,175
2437,12,holdout,1,win,1,completer,SL_FLOOR,1.2575574138707142,49
2437,12,holdout,1,win,2,reverser,SL_FLOOR,3.0150473875467325,175
2438,12,holdout,0,win,1,completer,RAW,0.7749513683772247,29
2438,12,holdout,0,win,2,completer,RAW,0.9972939595621846,93
2438,12,holdout,0,win,3,reverser,RAW,1.556398138294694,63
2438,12,holdout,0,win,1,completer,SL_FLOOR,0.7749513683772247,29
2438,12,holdout,0,win,2,completer,SL_FLOOR,0.9972939595621846,93
2438,12,holdout,0,win,3,reverser,SL_FLOOR,1.556398138294694,63
2441,12,holdout,0,win,1,completer,RAW,1.001860518266925,47
2441,12,holdout,0,win,2,completer,RAW,1.2465290455259086,53
2441,12,holdout,0,win,3,reverser,RAW,1.9857256144440862,63
2441,12,holdout,0,win,1,completer,SL_FLOOR,1.001860518266925,47
2441,12,holdout,0,win,2,completer,SL_FLOOR,1.2465290455259086,53
2441,12,holdout,0,win,3,reverser,SL_FLOOR,1.9857256144440862,63
2442,12,holdout,1,win,1,reverser,RAW,2.3667793092743596,78
2443,12,holdout,0,win,1,reverser,RAW,2.077594195124241,111
2444,12,holdout,0,win,1,completer,RAW,1.349615532840191,63
2444,12,holdout,0,win,2,completer,RAW,1.1149945333206124,35
2444,12,holdout,0,win,3,reverser,RAW,2.303716718193051,88
2444,12,holdout,0,win,1,completer,SL_FLOOR,1.349615532840191,63
2444,12,holdout,0,win,2,completer,SL_FLOOR,1.1149945333206124,35
2444,12,holdout,0,win,3,reverser,SL_FLOOR,2.303716718193051,88
2445,12,holdout,0,win,1,completer,RAW,1.0672778638071805,38
2445,12,holdout,0,win,2,completer,RAW,1.327922233310365,54
2445,12,holdout,0,win,3,reverser,RAW,2.115385278938037,93
2445,12,holdout,0,win,1,completer,SL_FLOOR,1.0672778638071805,38
2445,12,holdout,0,win,2,completer,SL_FLOOR,1.327922233310365,54
2445,12,holdout,0,win,3,reverser,SL_FLOOR,2.115385278938037,93
2446,12,holdout,1,win,1,completer,RAW,1.283047373589789,78
2446,12,holdout,1,win,2,completer,RAW,0.3420131456514959,7
2446,12,holdout,1,win,3,reverser,RAW,3.235510768182989,149
2446,12,holdout,1,win,1,completer,SL_FLOOR,1.283047373589789,78
2446,12,holdout,1,win,2,completer,SL_FLOOR,0.3420131456514959,7
2446,12,holdout,1,win,3,reverser,SL_FLOOR,3.235510768182989,149
2448,12,holdout,1,win,1,reverser,RAW,3.4054299610284318,214
2448,12,holdout,1,win,1,reverser,SL_FLOOR,2.4021043191573885,23
2450,12,holdout,1,win,1,reverser,RAW,3.216829078850922,228
2450,12,holdout,1,win,1,reverser,SL_FLOOR,2.738805435174846,68
2451,12,holdout,1,win,1,reverser,RAW,2.1226738714021525,171
2452,12,holdout,1,win,1,completer,RAW,0.6877205549338561,43
2452,12,holdout,1,win,2,completer,RAW,0.7266756101895193,63
2452,12,holdout,1,win,3,reverser,RAW,3.5951511275658423,118
2452,12,holdout,1,win,1,completer,SL_FLOOR,0.6877205549338561,43
2452,12,holdout,1,win,2,completer,SL_FLOOR,0.7266756101895193,63
2452,12,holdout,1,win,3,reverser,SL_FLOOR,3.5951511275658423,118
2453,12,holdout,1,win,1,completer,RAW,0.5504705418300948,32
2453,12,holdout,1,win,2,reverser,RAW,2.676000503396192,165
2454,12,holdout,0,win,1,reverser,RAW,0.6443007677996592,60
2455,12,holdout,0,win,1,reverser,RAW,0.9844336946243253,53
2455,12,holdout,0,win,1,reverser,SL_FLOOR,0.9844336946243253,53
2456,12,holdout,1,win,1,completer,RAW,0.6814994888331352,13
2456,12,holdout,1,win,2,reverser,RAW,2.496675435362805,166
2456,12,holdout,1,win,1,completer,SL_FLOOR,0.6814994888331352,13
2456,12,holdout,1,win,2,reverser,SL_FLOOR,2.496675435362805,166
2457,12,holdout,0,win,1,completer,RAW,1.072466250318489,155
2457,12,holdout,0,win,2,reverser,RAW,1.950144728018162,76
2457,12,holdout,0,win,1,completer,SL_FLOOR,1.072466250318489,155
2457,12,holdout,0,win,2,reverser,SL_FLOOR,1.950144728018162,76
2458,12,holdout,1,win,1,completer,RAW,0.3051028303457408,12
2458,12,holdout,1,win,2,reverser,RAW,2.576035834955106,221
2458,12,holdout,1,win,1,completer,SL_FLOOR,0.3051028303457408,12
2458,12,holdout,1,win,2,reverser,SL_FLOOR,2.576035834955106,221
2460,12,holdout,1,win,1,completer,RAW,0.7292796640879025,6
2460,12,holdout,1,win,2,reverser,RAW,2.88754476143174,193
2460,12,holdout,1,win,1,completer,SL_FLOOR,0.7292796640879025,6
2460,12,holdout,1,win,2,reverser,SL_FLOOR,2.88754476143174,193
2461,12,holdout,0,win,1,completer,RAW,1.014705821001096,57
2461,12,holdout,0,win,2,reverser,RAW,1.7919233190862278,99
2461,12,holdout,0,win,1,completer,SL_FLOOR,1.014705821001096,57
2461,12,holdout,0,win,2,reverser,SL_FLOOR,1.7919233190862278,99
2462,12,holdout,0,win,1,completer,RAW,1.0551190522185576,34
2462,12,holdout,0,win,2,reverser,RAW,0.6556321576691766,47
2464,12,holdout,1,win,1,reverser,RAW,4.319346658489826,204
2464,12,holdout,1,win,1,reverser,SL_FLOOR,2.513361825068187,115
2465,12,holdout,0,win,1,completer,RAW,0.843152693572752,45
2465,12,holdout,0,win,2,completer,RAW,0.8585013469751688,101
2465,12,holdout,0,win,3,reverser,RAW,3.309937106231153,93
2465,12,holdout,0,win,1,completer,SL_FLOOR,0.843152693572752,45
2465,12,holdout,0,win,2,completer,SL_FLOOR,0.8585013469751688,101
2465,12,holdout,0,win,3,reverser,SL_FLOOR,3.309937106231153,93
2466,12,holdout,1,win,1,completer,RAW,0.9320229664506561,47
2466,12,holdout,1,win,2,reverser,RAW,4.363143505963598,193
2466,12,holdout,1,win,1,completer,SL_FLOOR,0.9320229664506561,47
2466,12,holdout,1,win,2,reverser,SL_FLOOR,3.4186234072881234,137
2467,12,holdout,1,win,1,completer,RAW,1.1515978818831234,47
2467,12,holdout,1,win,2,completer,RAW,0.48709042062843877,44
2467,12,holdout,1,win,3,reverser,RAW,3.755480967749679,150
2467,12,holdout,1,win,1,completer,SL_FLOOR,1.1515978818831234,47
2467,12,holdout,1,win,2,completer,SL_FLOOR,0.48709042062843877,44
2467,12,holdout,1,win,3,reverser,SL_FLOOR,3.755480967749679,150
2471,12,holdout,0,win,1,reverser,RAW,1.6616516068322986,62
2473,12,holdout,0,win,1,reverser,RAW,3.7400610524831617,150
2473,12,holdout,0,win,1,reverser,SL_FLOOR,2.8845190763758595,45
2475,12,holdout,0,win,1,reverser,RAW,1.6990935472057211,63
2476,12,holdout,0,win,1,completer,RAW,0.3717980251316968,9
2476,12,holdout,0,win,2,completer,RAW,2.2320658072339588,50
2476,12,holdout,0,win,3,completer,RAW,0.06345693670632668,3
2476,12,holdout,0,win,4,reverser,RAW,2.9875866509723688,65
2477,12,holdout,0,win,1,completer,RAW,0.6792184595527113,62
2477,12,holdout,0,win,2,reverser,RAW,3.0957246480327085,175
2477,12,holdout,0,win,1,completer,SL_FLOOR,0.6792184595527113,62
2477,12,holdout,0,win,2,reverser,SL_FLOOR,3.0957246480327085,175
2478,12,holdout,0,win,1,completer,RAW,0.9378200876575618,39
2478,12,holdout,0,win,2,completer,RAW,0.7808589399337253,34
2478,12,holdout,0,win,3,completer,RAW,0.44993505014844226,18
2478,12,holdout,0,win,4,completer,RAW,2.0629613129275417,55
2478,12,holdout,0,win,5,reverser,RAW,1.5847914721827445,80
2478,12,holdout,0,win,1,completer,SL_FLOOR,0.9378200876575618,39
2478,12,holdout,0,win,2,completer,SL_FLOOR,0.7808589399337253,34
2478,12,holdout,0,win,3,completer,SL_FLOOR,0.44993505014844226,18
2478,12,holdout,0,win,4,completer,SL_FLOOR,2.0629613129275417,55
2478,12,holdout,0,win,5,reverser,SL_FLOOR,1.5847914721827445,80
2479,12,holdout,1,win,1,completer,RAW,0.3417284070792479,9
2479,12,holdout,1,win,2,reverser,RAW,4.835573723864128,176
2479,12,holdout,1,win,1,completer,SL_FLOOR,0.3417284070792479,9
2479,12,holdout,1,win,2,reverser,SL_FLOOR,3.3168672951360336,42
2483,12,holdout,1,win,1,reverser,RAW,2.625226405206325,210
2483,12,holdout,1,win,1,reverser,SL_FLOOR,2.341696461338608,61
2485,12,holdout,1,win,1,reverser,RAW,4.301466684438966,220
2485,12,holdout,1,win,1,reverser,SL_FLOOR,1.9810731585345684,38
2487,12,holdout,0,win,1,completer,RAW,1.12315899220339,23
2487,12,holdout,0,win,2,completer,RAW,0.491883795155998,3
2487,12,holdout,0,win,3,completer,RAW,1.235547871215286,48
2487,12,holdout,0,win,4,completer,RAW,2.2134770782019983,148
2487,12,holdout,0,win,5,reverser,RAW,0.578364848161895,14
2487,12,holdout,0,win,1,completer,SL_FLOOR,1.12315899220339,23
2487,12,holdout,0,win,2,completer,SL_FLOOR,0.491883795155998,3
2487,12,holdout,0,win,3,completer,SL_FLOOR,1.235547871215286,48
2487,12,holdout,0,win,4,completer,SL_FLOOR,2.2134770782019983,148
2487,12,holdout,0,win,5,reverser,SL_FLOOR,0.578364848161895,14
2489,12,holdout,0,win,1,completer,RAW,1.3869780995333252,34
2489,12,holdout,0,win,2,completer,RAW,0.9739912082361752,52
2489,12,holdout,0,win,3,completer,RAW,1.2148393156386694,56
2489,12,holdout,0,win,4,reverser,RAW,1.3518924875293181,98
2489,12,holdout,0,win,1,completer,SL_FLOOR,1.3869780995333252,34
2489,12,holdout,0,win,2,completer,SL_FLOOR,0.9739912082361752,52
2489,12,holdout,0,win,3,completer,SL_FLOOR,1.2148393156386694,56
2489,12,holdout,0,win,4,reverser,SL_FLOOR,1.3518924875293181,98
2490,12,holdout,0,win,1,completer,RAW,1.0582950058522806,105
2490,12,holdout,0,win,2,reverser,RAW,1.1863038095840939,43
2491,12,holdout,1,win,1,reverser,RAW,3.849590446674191,237
2491,12,holdout,1,win,1,reverser,SL_FLOOR,2.2122182851861885,93
2493,12,holdout,0,win,1,completer,RAW,1.0070289384573048,83
2493,12,holdout,0,win,2,completer,RAW,0.8568689026113332,45
2493,12,holdout,0,win,3,completer,RAW,0.4346737879751612,28
2493,12,holdout,0,win,4,reverser,RAW,3.5420714272751703,79
2493,12,holdout,0,win,1,completer,SL_FLOOR,1.0070289384573048,83
2493,12,holdout,0,win,2,completer,SL_FLOOR,0.8568689026113332,45
2493,12,holdout,0,win,3,completer,SL_FLOOR,0.4346737879751612,28
2493,12,holdout,0,win,4,reverser,SL_FLOOR,3.5420714272751703,79
2495,12,holdout,0,win,1,completer,RAW,0.2595471855829643,21
2495,12,holdout,0,win,2,completer,RAW,0.8484534379115947,66
2495,12,holdout,0,win,3,reverser,RAW,1.4497919430500419,84
2498,12,holdout,1,win,1,reverser,RAW,3.5200821898597585,204
2498,12,holdout,1,win,1,reverser,SL_FLOOR,2.104384143318162,22
2501,12,holdout,1,win,1,completer,RAW,2.7589155312126437,57
2501,12,holdout,1,win,2,completer,RAW,0.6292383745722396,19
2501,12,holdout,1,win,3,reverser,RAW,4.972902404707531,161
2501,12,holdout,1,win,1,reverser,SL_FLOOR,2.1385879397225787,10
2503,12,holdout,1,win,1,reverser,RAW,3.6022330230024373,232
2503,12,holdout,1,win,1,reverser,SL_FLOOR,2.1477956260070923,23
2504,12,holdout,1,win,1,reverser,RAW,4.687150377898004,204
2504,12,holdout,1,win,1,reverser,SL_FLOOR,2.5536715772859617,101
2507,12,holdout,1,win,1,completer,RAW,0.7067822485705457,24
2507,12,holdout,1,win,2,reverser,RAW,4.018577753432033,202
2507,12,holdout,1,win,1,completer,SL_FLOOR,0.7067822485705457,24
2507,12,holdout,1,win,2,reverser,SL_FLOOR,3.815848675863994,146
2508,12,holdout,1,win,1,reverser,RAW,4.270693824439049,222
2508,12,holdout,1,win,1,reverser,SL_FLOOR,2.6400877249242862,67
2510,12,holdout,0,win,1,completer,RAW,0.32321543894254856,11
2510,12,holdout,0,win,2,reverser,RAW,0.8055523247490497,18
2511,12,holdout,1,win,1,completer,RAW,0.2875128905554255,8
2511,12,holdout,1,win,2,completer,RAW,0.27459096288999985,9
2511,12,holdout,1,win,3,completer,RAW,0.45549795020578987,11
2511,12,holdout,1,win,4,reverser,RAW,8.827291836435005,198
2511,12,holdout,1,win,1,completer,SL_FLOOR,0.2875128905554255,8
2511,12,holdout,1,win,2,completer,SL_FLOOR,0.27459096288999985,9
2511,12,holdout,1,win,3,completer,SL_FLOOR,0.45549795020578987,11
2511,12,holdout,1,win,4,reverser,SL_FLOOR,5.322757370844554,87
2512,12,holdout,1,win,1,completer,RAW,0.33302381915540624,16
2512,12,holdout,1,win,2,completer,RAW,0.3427235420434376,15
2512,12,holdout,1,win,3,completer,RAW,1.2536891832768071,34
2512,12,holdout,1,win,4,reverser,RAW,4.252924331277221,167
2512,12,holdout,1,win,1,completer,SL_FLOOR,0.33302381915540624,16
2512,12,holdout,1,win,2,completer,SL_FLOOR,0.3427235420434376,15
2512,12,holdout,1,win,3,completer,SL_FLOOR,1.2536891832768071,34
2512,12,holdout,1,win,4,reverser,SL_FLOOR,4.252924331277221,167
2513,12,holdout,1,win,1,completer,RAW,1.1064125098196724,50
2513,12,holdout,1,win,2,reverser,RAW,3.2077523668878474,162
2513,12,holdout,1,win,1,completer,SL_FLOOR,1.1064125098196724,50
2513,12,holdout,1,win,2,reverser,SL_FLOOR,3.2077523668878474,162
2514,12,holdout,0,win,1,completer,RAW,0.20001067450368448,6
2514,12,holdout,0,win,2,completer,RAW,1.7306947762475822,34
2514,12,holdout,0,win,3,completer,RAW,1.9697436787869211,52
2514,12,holdout,0,win,4,completer,RAW,3.44259336862615,124
2514,12,holdout,0,win,5,reverser,RAW,0.09301701248002203,1
2514,12,holdout,0,win,1,completer,SL_FLOOR,0.20001067450368448,6
2514,12,holdout,0,win,2,completer,SL_FLOOR,1.7306947762475822,34
2514,12,holdout,0,win,3,completer,SL_FLOOR,1.9697436787869211,52
2514,12,holdout,0,win,4,completer,SL_FLOOR,3.44259336862615,124
2514,12,holdout,0,win,5,reverser,SL_FLOOR,0.09301701248002203,1
2515,12,holdout,0,win,1,completer,RAW,0.1894406805951776,7
2515,12,holdout,0,win,2,completer,RAW,1.6392324916079433,34
2515,12,holdout,0,win,3,completer,RAW,1.8656483411867537,55
2515,12,holdout,0,win,4,completer,RAW,3.2606621240756226,123
2515,12,holdout,0,win,5,reverser,RAW,1.4853975292933077,21
2515,12,holdout,0,win,1,completer,SL_FLOOR,0.1894406805951776,7
2515,12,holdout,0,win,2,completer,SL_FLOOR,1.6392324916079433,34
2515,12,holdout,0,win,3,completer,SL_FLOOR,1.8656483411867537,55
2515,12,holdout,0,win,4,completer,SL_FLOOR,3.2606621240756226,123
2515,12,holdout,0,win,5,reverser,SL_FLOOR,1.4853975292933077,21
2517,12,holdout,0,win,1,completer,RAW,0.5166808898402084,29
2517,12,holdout,0,win,2,completer,RAW,0.23068780327485383,17
2517,12,holdout,0,win,3,reverser,RAW,2.2789762682055272,90
2519,12,holdout,0,win,1,reverser,RAW,3.8325609673961223,176
2519,12,holdout,0,win,1,reverser,SL_FLOOR,2.6319888220417162,55
2520,12,holdout,0,win,1,completer,RAW,0.987425449094552,52
2520,12,holdout,0,win,2,completer,RAW,0.19417495362318649,8
2520,12,holdout,0,win,3,reverser,RAW,3.865766199987027,142
2520,12,holdout,0,win,1,completer,SL_FLOOR,0.987425449094552,52
2520,12,holdout,0,win,2,completer,SL_FLOOR,0.19417495362318649,8
2520,12,holdout,0,win,3,reverser,SL_FLOOR,3.865766199987027,142
2521,12,holdout,0,win,1,completer,RAW,0.30556490483583043,24
2521,12,holdout,0,win,2,completer,RAW,0.7841644429509307,33
2521,12,holdout,0,win,3,completer,RAW,1.7695545549400884,84
2521,12,holdout,0,win,4,completer,RAW,0.20673426223250946,6
2521,12,holdout,0,win,5,completer,RAW,1.034967450737696,29
2521,12,holdout,0,win,6,completer,RAW,0.8133275833912643,20
2521,12,holdout,0,win,1,completer,SL_FLOOR,0.30556490483583043,24
2521,12,holdout,0,win,2,completer,SL_FLOOR,0.7841644429509307,33
2521,12,holdout,0,win,3,completer,SL_FLOOR,1.7695545549400884,84
2521,12,holdout,0,win,4,completer,SL_FLOOR,0.20673426223250946,6
2521,12,holdout,0,win,5,completer,SL_FLOOR,1.034967450737696,29
2521,12,holdout,0,win,6,completer,SL_FLOOR,0.8133275833912643,20
2522,12,holdout,0,win,1,completer,RAW,0.4693885333414045,25
2522,12,holdout,0,win,2,completer,RAW,0.7925276498216283,63
2522,12,holdout,0,win,3,completer,RAW,0.7824858764807976,44
2522,12,holdout,0,win,4,completer,RAW,0.16118333618855107,10
2522,12,holdout,0,win,5,completer,RAW,0.23327811914828978,8
2522,12,holdout,0,win,6,completer,RAW,0.3110374921977064,6
2522,12,holdout,0,win,1,completer,SL_FLOOR,0.4693885333414045,25
2522,12,holdout,0,win,2,completer,SL_FLOOR,0.7925276498216283,63
2522,12,holdout,0,win,3,completer,SL_FLOOR,0.7824858764807976,44
2522,12,holdout,0,win,4,completer,SL_FLOOR,0.16118333618855107,10
2522,12,holdout,0,win,5,completer,SL_FLOOR,0.23327811914828978,8
2522,12,holdout,0,win,6,completer,SL_FLOOR,0.3110374921977064,6
2523,12,holdout,0,win,1,completer,RAW,0.7700886242742704,39
2523,12,holdout,0,win,2,completer,RAW,1.5432104203728398,85
2523,12,holdout,0,win,3,completer,RAW,0.21029991314974605,5
2523,12,holdout,0,win,4,completer,RAW,0.17457588944160118,5
2523,12,holdout,0,win,5,completer,RAW,0.8813049244977025,27
2523,12,holdout,0,win,6,completer,RAW,1.0720577303354366,21
2523,12,holdout,0,win,1,completer,SL_FLOOR,0.7700886242742704,39
2523,12,holdout,0,win,2,completer,SL_FLOOR,1.5432104203728398,85
2523,12,holdout,0,win,3,completer,SL_FLOOR,0.21029991314974605,5
2523,12,holdout,0,win,4,completer,SL_FLOOR,0.17457588944160118,5
2523,12,holdout,0,win,5,completer,SL_FLOOR,0.8813049244977025,27
2523,12,holdout,0,win,6,completer,SL_FLOOR,1.0720577303354366,21
2524,12,holdout,1,loss,1,reverser,RAW,6.1953768390996755,220
2524,12,holdout,1,loss,1,reverser,SL_FLOOR,2.2312902247388724,15
2525,12,holdout,1,win,1,completer,RAW,0.7999584491780297,19
2525,12,holdout,1,win,2,reverser,RAW,5.359793873128817,105
2526,12,holdout,1,win,1,completer,RAW,0.43010908703361794,13
2526,12,holdout,1,win,2,completer,RAW,1.0730089855470109,16
2526,12,holdout,1,win,3,reverser,RAW,5.087058633589147,129
2527,12,holdout,0,win,1,completer,RAW,0.4549127044554653,20
2527,12,holdout,0,win,2,reverser,RAW,3.666706015430159,119
2528,12,holdout,0,win,1,completer,RAW,0.8714221825033924,20
2528,12,holdout,0,win,2,completer,RAW,0.5031507900032932,9
2528,12,holdout,0,win,3,completer,RAW,2.181087322081937,106
2528,12,holdout,0,win,4,reverser,RAW,0.3659696962969994,7
2529,12,holdout,0,win,1,completer,RAW,0.7552112503237111,19
2529,12,holdout,0,win,2,reverser,RAW,5.059983598600821,127
2530,12,holdout,0,win,1,completer,RAW,0.36093978057851617,9
2530,12,holdout,0,win,2,completer,RAW,1.372023046987896,60
2530,12,holdout,0,win,3,reverser,RAW,2.915195942982507,133
2530,12,holdout,0,win,1,completer,SL_FLOOR,0.36093978057851617,9
2530,12,holdout,0,win,2,completer,SL_FLOOR,1.372023046987896,60
2530,12,holdout,0,win,3,reverser,SL_FLOOR,2.915195942982507,133
2531,12,holdout,0,win,1,completer,RAW,0.4863741285859027,20
2531,12,holdout,0,win,2,completer,RAW,0.5592976927112465,8
2531,12,holdout,0,win,3,reverser,RAW,3.920292674987538,132
2532,12,holdout,0,win,1,completer,RAW,1.4362801473043558,52
2532,12,holdout,0,win,2,completer,RAW,0.48662560477485384,8
2532,12,holdout,0,win,3,completer,RAW,2.109452987578419,107
2532,12,holdout,0,win,4,completer,RAW,0.4750498813309907,9
2532,12,holdout,0,win,5,completer,RAW,0.1500391846378033,7
2532,12,holdout,0,win,6,reverser,RAW,0.5422781213318935,14
2533,12,holdout,1,win,1,completer,RAW,0.49732292349528007,14
2533,12,holdout,1,win,2,reverser,RAW,5.540193753995178,209
2533,12,holdout,1,win,1,completer,SL_FLOOR,0.49732292349528007,14
2533,12,holdout,1,win,2,reverser,SL_FLOOR,4.069527118617861,168
2534,12,holdout,0,win,1,completer,RAW,0.28223937234317553,18
2534,12,holdout,0,win,2,completer,RAW,0.2802348313464331,25
2534,12,holdout,0,win,3,completer,RAW,0.20005319147621492,12
2534,12,holdout,0,win,4,completer,RAW,0.22691404083274236,8
2534,12,holdout,0,win,5,reverser,RAW,3.4999285803352156,174
2534,12,holdout,0,win,1,completer,SL_FLOOR,0.28223937234317553,18
2534,12,holdout,0,win,2,completer,SL_FLOOR,0.2802348313464331,25
2534,12,holdout,0,win,3,completer,SL_FLOOR,0.20005319147621492,12
2534,12,holdout,0,win,4,completer,SL_FLOOR,0.22691404083274236,8
2534,12,holdout,0,win,5,reverser,SL_FLOOR,3.4999285803352156,174
2535,12,holdout,0,win,1,completer,RAW,0.22879050386509814,10
2535,12,holdout,0,win,2,completer,RAW,0.27749785722699505,11
2535,12,holdout,0,win,3,completer,RAW,1.4540708976113925,73
2535,12,holdout,0,win,4,reverser,RAW,3.0256650423253424,106
2535,12,holdout,0,win,1,completer,SL_FLOOR,0.22879050386509814,10
2535,12,holdout,0,win,2,completer,SL_FLOOR,0.27749785722699505,11
2535,12,holdout,0,win,3,completer,SL_FLOOR,1.4540708976113925,73
2535,12,holdout,0,win,4,reverser,SL_FLOOR,3.0256650423253424,106
2536,12,holdout,0,win,1,completer,RAW,0.4021950866787485,4
2536,12,holdout,0,win,2,reverser,RAW,2.0088147537262846,138
2537,12,holdout,0,win,1,completer,RAW,0.4893750260654479,23
2537,12,holdout,0,win,2,completer,RAW,0.22620001204803364,5
2537,12,holdout,0,win,3,completer,RAW,0.18777501000139551,5
2537,12,holdout,0,win,4,completer,RAW,0.947937550489725,24
2537,12,holdout,0,win,5,completer,RAW,1.1531125614178928,23
2537,12,holdout,0,win,6,reverser,RAW,4.056012716034233,155
2537,12,holdout,0,win,1,completer,SL_FLOOR,0.4893750260654479,23
2537,12,holdout,0,win,2,completer,SL_FLOOR,0.22620001204803364,5
2537,12,holdout,0,win,3,completer,SL_FLOOR,0.18777501000139551,5
2537,12,holdout,0,win,4,completer,SL_FLOOR,0.947937550489725,24
2537,12,holdout,0,win,5,completer,SL_FLOOR,1.1531125614178928,23
2537,12,holdout,0,win,6,reverser,SL_FLOOR,4.056012716034233,155
2539,12,holdout,0,win,1,completer,RAW,1.1482150090557632,43
2539,12,holdout,0,win,2,reverser,RAW,2.0507314674449826,184
2539,12,holdout,0,win,1,completer,SL_FLOOR,1.1482150090557632,43
2539,12,holdout,0,win,2,reverser,SL_FLOOR,2.0507314674449826,184
2542,12,holdout,0,win,1,completer,RAW,0.4730154972169248,24
2542,12,holdout,0,win,2,completer,RAW,0.7299118448433557,15
2542,12,holdout,0,win,3,completer,RAW,0.7364361965291129,17
2542,12,holdout,0,win,4,completer,RAW,0.4823942527651983,9
2542,12,holdout,0,win,5,reverser,RAW,3.643442644511384,177
2542,12,holdout,0,win,1,completer,SL_FLOOR,0.4730154972169248,24
2542,12,holdout,0,win,2,completer,SL_FLOOR,0.7299118448433557,15
2542,12,holdout,0,win,3,completer,SL_FLOOR,0.7364361965291129,17
2542,12,holdout,0,win,4,completer,SL_FLOOR,0.4823942527651983,9
2542,12,holdout,0,win,5,reverser,SL_FLOOR,3.643442644511384,177
2543,12,holdout,1,win,1,reverser,RAW,6.0234259856076795,229
2543,12,holdout,1,win,1,reverser,SL_FLOOR,2.261633396813952,38
2544,12,holdout,1,win,1,completer,RAW,0.7142216898646829,27
2544,12,holdout,1,win,2,completer,RAW,0.2848730883718025,6
2544,12,holdout,1,win,3,reverser,RAW,5.9275739758344645,187
2544,12,holdout,1,win,1,completer,SL_FLOOR,0.7142216898646829,27
2544,12,holdout,1,win,2,completer,SL_FLOOR,0.2848730883718025,6
2544,12,holdout,1,win,3,reverser,SL_FLOOR,4.338343331502619,110
2545,12,holdout,0,win,1,completer,RAW,0.2599587514962509,3
2545,12,holdout,0,win,2,completer,RAW,2.440370016829785,139
2545,12,holdout,0,win,3,completer,RAW,0.1207158122204115,8
2545,12,holdout,0,win,4,completer,RAW,0.7326899777694154,16
2545,12,holdout,0,win,5,reverser,RAW,2.3853676083840103,60
2545,12,holdout,0,win,1,completer,SL_FLOOR,0.2599587514962509,3
2545,12,holdout,0,win,2,completer,SL_FLOOR,2.440370016829785,139
2545,12,holdout,0,win,3,completer,SL_FLOOR,0.1207158122204115,8
2545,12,holdout,0,win,4,completer,SL_FLOOR,0.7326899777694154,16
2545,12,holdout,0,win,5,reverser,SL_FLOOR,2.3853676083840103,60
2546,12,holdout,0,win,1,completer,RAW,1.7017699748851478,93
2546,12,holdout,0,win,2,completer,RAW,0.45844448583035424,21
2546,12,holdout,0,win,3,reverser,RAW,1.298116887512593,82
2546,12,holdout,0,win,1,completer,SL_FLOOR,1.7017699748851478,93
2546,12,holdout,0,win,2,completer,SL_FLOOR,0.45844448583035424,21
2546,12,holdout,0,win,3,reverser,SL_FLOOR,1.298116887512593,82
2547,12,holdout,0,win,1,completer,RAW,0.6601779178154632,15
2547,12,holdout,0,win,2,completer,RAW,0.6601779178154632,13
2547,12,holdout,0,win,3,completer,RAW,1.2516736486653937,50
2547,12,holdout,0,win,4,completer,RAW,1.659622155728043,75
2547,12,holdout,0,win,5,reverser,RAW,0.7199787875010148,4
2549,12,holdout,0,win,1,completer,RAW,1.8054831626905443,75
2549,12,holdout,0,win,2,completer,RAW,0.523501341118179,27
2549,12,holdout,0,win,3,completer,RAW,0.8758313375252094,43
2549,12,holdout,0,win,4,reverser,RAW,2.1267415373672085,90
2549,12,holdout,0,win,1,completer,SL_FLOOR,1.8054831626905443,75
2549,12,holdout,0,win,2,completer,SL_FLOOR,0.523501341118179,27
2549,12,holdout,0,win,3,completer,SL_FLOOR,0.8758313375252094,43
2549,12,holdout,0,win,4,reverser,SL_FLOOR,2.1267415373672085,90
2550,12,holdout,0,win,1,completer,RAW,1.0732535291021859,44
2550,12,holdout,0,win,2,completer,RAW,0.7099845340416182,38
2550,12,holdout,0,win,3,completer,RAW,0.2843566290923598,7
2550,12,holdout,0,win,4,reverser,RAW,2.530411183446277,125
2550,12,holdout,0,win,1,completer,SL_FLOOR,1.0732535291021859,44
2550,12,holdout,0,win,2,completer,SL_FLOOR,0.7099845340416182,38
2550,12,holdout,0,win,3,completer,SL_FLOOR,0.2843566290923598,7
2550,12,holdout,0,win,4,reverser,SL_FLOOR,2.530411183446277,125
2552,12,holdout,1,win,1,completer,RAW,0.5379542790646463,28
2552,12,holdout,1,win,2,completer,RAW,0.9000114780111641,43
2552,12,holdout,1,win,3,reverser,RAW,3.4098946114955826,146
2552,12,holdout,1,win,1,completer,SL_FLOOR,0.5379542790646463,28
2552,12,holdout,1,win,2,completer,SL_FLOOR,0.9000114780111641,43
2552,12,holdout,1,win,3,reverser,SL_FLOOR,3.4098946114955826,146
2555,12,holdout,1,win,1,reverser,RAW,1.4084162739892916,170
2555,12,holdout,1,win,1,reverser,SL_FLOOR,1.4084162739892916,170
2558,12,holdout,0,win,1,reverser,RAW,1.4861254562268313,124
2558,12,holdout,0,win,1,reverser,SL_FLOOR,1.4861254562268313,124
2559,12,holdout,1,win,1,reverser,RAW,5.06622698632739,211
2559,12,holdout,1,win,1,reverser,SL_FLOOR,2.116711275109398,51
2560,12,holdout,1,win,1,reverser,RAW,1.2029471724943053,171
2560,12,holdout,1,win,1,reverser,SL_FLOOR,1.2029471724943053,171
2561,12,holdout,0,win,1,completer,RAW,1.4699629189677794,182
2561,12,holdout,0,win,2,reverser,RAW,1.0256218716524392,49
2561,12,holdout,0,win,1,completer,SL_FLOOR,1.4699629189677794,182
2561,12,holdout,0,win,2,reverser,SL_FLOOR,1.0256218716524392,49
2562,12,holdout,0,win,1,completer,RAW,1.10756096584841,57
2562,12,holdout,0,win,2,completer,RAW,0.3937053791644576,67
2562,12,holdout,0,win,3,completer,RAW,0.4783732026406886,16
2562,12,holdout,0,win,4,completer,RAW,0.24553668808106188,14
2562,12,holdout,0,win,5,reverser,RAW,1.3647394796574597,30
2562,12,holdout,0,win,1,completer,SL_FLOOR,1.10756096584841,57
2562,12,holdout,0,win,2,completer,SL_FLOOR,0.3937053791644576,67
2562,12,holdout,0,win,3,completer,SL_FLOOR,0.4783732026406886,16
2562,12,holdout,0,win,4,completer,SL_FLOOR,0.24553668808106188,14
2562,12,holdout,0,win,5,reverser,SL_FLOOR,1.3647394796574597,30
2563,12,holdout,0,win,1,reverser,RAW,1.263940627666139,67
2565,12,holdout,0,win,1,reverser,RAW,1.3106447239023247,75
2566,12,holdout,0,win,1,completer,RAW,0.30027692361840064,20
2566,12,holdout,0,win,2,completer,RAW,0.3357563295790791,20
2566,12,holdout,0,win,3,completer,RAW,0.6135341177102278,18
2566,12,holdout,0,win,4,completer,RAW,0.5079612511931106,20
2566,12,holdout,0,win,5,reverser,RAW,3.2796816729503697,63
2566,12,holdout,0,win,1,completer,SL_FLOOR,0.30027692361840064,20
2566,12,holdout,0,win,2,completer,SL_FLOOR,0.3357563295790791,20
2566,12,holdout,0,win,3,completer,SL_FLOOR,0.6135341177102278,18
2566,12,holdout,0,win,4,completer,SL_FLOOR,0.5079612511931106,20
2566,12,holdout,0,win,5,reverser,SL_FLOOR,3.2796816729503697,63
2567,12,holdout,0,win,1,completer,RAW,0.948568680287906,106
2567,12,holdout,0,win,2,completer,RAW,0.5334897309595767,31
2567,12,holdout,0,win,3,reverser,RAW,2.089073970512385,53
2567,12,holdout,0,win,1,completer,SL_FLOOR,0.948568680287906,106
2567,12,holdout,0,win,2,completer,SL_FLOOR,0.5334897309595767,31
2567,12,holdout,0,win,3,reverser,SL_FLOOR,2.089073970512385,53
2568,12,holdout,0,win,1,reverser,RAW,2.3791220588182562,95
2570,12,holdout,0,win,1,completer,RAW,1.01764902950651,105
2570,12,holdout,0,win,2,completer,RAW,0.5723415902767548,31
2570,12,holdout,0,win,3,reverser,RAW,2.241212621540469,77
2570,12,holdout,0,win,1,completer,SL_FLOOR,1.01764902950651,105
2570,12,holdout,0,win,2,completer,SL_FLOOR,0.5723415902767548,31
2570,12,holdout,0,win,3,reverser,SL_FLOOR,2.241212621540469,77
2571,12,holdout,0,win,1,completer,RAW,0.929562306661124,57
2571,12,holdout,0,win,2,completer,RAW,0.9947329468249404,34
2571,12,holdout,0,win,3,reverser,RAW,2.7081043041050883,100
2571,12,holdout,0,win,1,completer,SL_FLOOR,0.929562306661124,57
2571,12,holdout,0,win,2,completer,SL_FLOOR,0.9947329468249404,34
2571,12,holdout,0,win,3,reverser,SL_FLOOR,2.7081043041050883,100
2572,12,holdout,0,win,1,completer,RAW,1.5615835183144537,46
2572,12,holdout,0,win,2,completer,RAW,1.2357986118129574,91
2572,12,holdout,0,win,3,reverser,RAW,1.3300760316832299,98
2572,12,holdout,0,win,1,completer,SL_FLOOR,1.5615835183144537,46
2572,12,holdout,0,win,2,completer,SL_FLOOR,1.2357986118129574,91
2572,12,holdout,0,win,3,reverser,SL_FLOOR,1.3300760316832299,98
2573,12,holdout,1,win,1,reverser,RAW,2.6509173093090315,216
2573,12,holdout,1,win,1,reverser,SL_FLOOR,2.5544540184488254,151
2577,12,holdout,1,win,1,completer,RAW,0.6184282964257708,38
2577,12,holdout,1,win,2,completer,RAW,0.3001196144419138,19
2577,12,holdout,1,win,3,completer,RAW,0.5861840403286784,19
2577,12,holdout,1,win,4,completer,RAW,0.4853173930506989,21
2577,12,holdout,1,win,5,reverser,RAW,5.548492376087252,118
2577,12,holdout,1,win,1,completer,SL_FLOOR,0.6184282964257708,38
2577,12,holdout,1,win,2,completer,SL_FLOOR,0.3001196144419138,19
2577,12,holdout,1,win,3,completer,SL_FLOOR,0.5861840403286784,19
2577,12,holdout,1,win,4,completer,SL_FLOOR,0.4853173930506989,21
2577,12,holdout,1,win,5,reverser,SL_FLOOR,5.548492376087252,118
2578,12,holdout,0,win,1,completer,RAW,3.1531991104186137,200
2578,12,holdout,0,win,2,reverser,RAW,0.7303141838413176,26
2578,12,holdout,0,win,1,reverser,SL_FLOOR,1.858243867774041,74
2580,12,holdout,0,win,1,completer,RAW,2.8804144553726476,135
2580,12,holdout,0,win,2,completer,RAW,2.198253072985425,102
2580,12,holdout,0,win,3,reverser,RAW,0.38714389148748696,3
2580,12,holdout,0,win,1,reverser,SL_FLOOR,2.8804144553726476,75
2582,12,holdout,0,win,1,completer,RAW,0.8917056451679136,47
2582,12,holdout,0,win,2,reverser,RAW,2.5898564079207023,88
2582,12,holdout,0,win,1,completer,SL_FLOOR,0.8917056451679136,47
2582,12,holdout,0,win,2,reverser,SL_FLOOR,2.5898564079207023,88
2583,12,holdout,1,win,1,reverser,RAW,2.901998071187456,205
2583,12,holdout,1,win,1,reverser,SL_FLOOR,2.3961167582011393,76
2585,12,holdout,0,win,1,completer,RAW,1.36641973825437,37
2585,12,holdout,0,win,2,reverser,RAW,1.2324427027375708,10
2586,12,holdout,0,win,1,reverser,RAW,4.538390226026916,216
2586,12,holdout,0,win,1,reverser,SL_FLOOR,2.341945570251947,42
2587,12,holdout,1,win,1,completer,RAW,0.9727795450805109,20
2587,12,holdout,1,win,2,completer,RAW,0.6692551666264908,29
2587,12,holdout,1,win,3,reverser,RAW,3.543084043190095,155
2587,12,holdout,1,win,1,completer,SL_FLOOR,0.9727795450805109,20
2587,12,holdout,1,win,2,completer,SL_FLOOR,0.6692551666264908,29
2587,12,holdout,1,win,3,reverser,SL_FLOOR,3.543084043190095,155
2588,12,holdout,0,win,1,reverser,RAW,0.31902960554823256,3
2589,12,holdout,0,win,1,completer,RAW,1.4758833007900256,37
2589,12,holdout,0,win,2,reverser,RAW,1.0729715391500085,23
2590,12,holdout,0,win,1,reverser,RAW,4.571504026399559,230
2590,12,holdout,0,win,1,reverser,SL_FLOOR,1.9006355416715839,29
2591,12,holdout,1,win,1,reverser,RAW,5.429132720985752,190
2591,12,holdout,1,win,1,reverser,SL_FLOOR,3.399872830472882,70
2593,12,holdout,0,win,1,completer,RAW,2.2396814811351797,97
2593,12,holdout,0,win,2,completer,RAW,1.5521436370836623,36
2593,12,holdout,0,win,3,completer,RAW,1.3999564303484946,53
2593,12,holdout,0,win,4,completer,RAW,0.28944596812299395,11
2593,12,holdout,0,win,5,reverser,RAW,2.2624888281935385,33
2593,12,holdout,0,win,1,reverser,SL_FLOOR,2.1190098812443354,9
2594,12,holdout,0,win,1,completer,RAW,3.008794059154461,206
2594,12,holdout,0,win,2,reverser,RAW,1.0719753532168594,32
2594,12,holdout,0,win,1,reverser,SL_FLOOR,2.46002875913881,14
2595,12,holdout,0,win,1,completer,RAW,1.4680403273388918,109
2595,12,holdout,0,win,2,completer,RAW,0.7260297039297945,42
2595,12,holdout,0,win,3,completer,RAW,1.7512883484545667,50
2595,12,holdout,0,win,4,reverser,RAW,0.401176185549069,5
2596,12,holdout,0,win,1,completer,RAW,3.3806023958053277,195
2596,12,holdout,0,win,2,reverser,RAW,0.8367646557901653,31
2596,12,holdout,0,win,1,reverser,SL_FLOOR,2.8841545606645114,55
2597,12,holdout,0,win,1,completer,RAW,0.37948011584070784,20
2597,12,holdout,0,win,2,completer,RAW,1.0627771342410044,49
2597,12,holdout,0,win,3,reverser,RAW,1.366594036800571,64
2597,12,holdout,0,win,1,completer,SL_FLOOR,0.37948011584070784,20
2597,12,holdout,0,win,2,completer,SL_FLOOR,1.0627771342410044,49
2597,12,holdout,0,win,3,reverser,SL_FLOOR,1.366594036800571,64
2598,12,holdout,0,win,1,completer,RAW,0.5708788334351643,43
2598,12,holdout,0,win,2,reverser,RAW,1.3770420741229272,75
2598,12,holdout,0,win,1,completer,SL_FLOOR,0.5708788334351643,43
2598,12,holdout,0,win,2,reverser,SL_FLOOR,1.3770420741229272,75
2601,12,holdout,1,win,1,completer,RAW,0.5280108937179404,18
2601,12,holdout,1,win,2,reverser,RAW,4.067271884315874,190
2601,12,holdout,1,win,1,completer,SL_FLOOR,0.5280108937179404,18
2601,12,holdout,1,win,2,reverser,SL_FLOOR,3.8548765248127763,185
2602,12,holdout,0,win,1,completer,RAW,1.0660431495913911,55
2602,12,holdout,0,win,2,completer,RAW,0.9562288790312568,26
2602,12,holdout,0,win,3,completer,RAW,1.2411828323821692,76
2602,12,holdout,0,win,4,reverser,RAW,1.0035334878879367,7
2603,12,holdout,0,win,1,completer,RAW,1.419406286807152,20
2603,12,holdout,0,win,2,completer,RAW,0.6582579388584155,23
2603,12,holdout,0,win,3,completer,RAW,1.632407484573031,74
2603,12,holdout,0,win,4,reverser,RAW,1.8189339571928542,90
2603,12,holdout,0,win,1,completer,SL_FLOOR,1.419406286807152,20
2603,12,holdout,0,win,2,completer,SL_FLOOR,0.6582579388584155,23
2603,12,holdout,0,win,3,completer,SL_FLOOR,1.632407484573031,74
2603,12,holdout,0,win,4,reverser,SL_FLOOR,1.8189339571928542,90
2604,12,holdout,0,win,1,completer,RAW,1.7255336903743117,54
2604,12,holdout,0,win,2,completer,RAW,1.7524434048355344,44
2604,12,holdout,0,win,3,completer,RAW,0.9203122345734212,52
2604,12,holdout,0,win,4,completer,RAW,1.867120188001003,81
2604,12,holdout,0,win,5,reverser,RAW,0.22976756193801773,2
2604,12,holdout,0,win,1,completer,SL_FLOOR,1.7255336903743117,54
2604,12,holdout,0,win,2,completer,SL_FLOOR,1.7524434048355344,44
2604,12,holdout,0,win,3,completer,SL_FLOOR,0.9203122345734212,52
2604,12,holdout,0,win,4,completer,SL_FLOOR,1.867120188001003,81
2604,12,holdout,0,win,5,reverser,SL_FLOOR,0.22976756193801773,2
2605,12,holdout,0,win,1,completer,RAW,1.7360555714261772,41
2605,12,holdout,0,win,2,completer,RAW,0.398392499445287,12
2605,12,holdout,0,win,3,completer,RAW,2.3534930572212795,89
2605,12,holdout,0,win,4,completer,RAW,0.29418663215265184,11
2605,12,holdout,0,win,5,completer,RAW,2.2110074835762665,83
2605,12,holdout,0,win,6,reverser,RAW,0.08506601411645409,1
2605,12,holdout,0,win,1,completer,SL_FLOOR,1.7360555714261772,41
2605,12,holdout,0,win,2,completer,SL_FLOOR,0.398392499445287,12
2605,12,holdout,0,win,3,completer,SL_FLOOR,2.3534930572212795,89
2605,12,holdout,0,win,4,completer,SL_FLOOR,0.29418663215265184,11
2605,12,holdout,0,win,5,completer,SL_FLOOR,2.2110074835762665,83
2605,12,holdout,0,win,6,reverser,SL_FLOOR,0.08506601411645409,1
2606,12,holdout,0,win,1,completer,RAW,0.9604008533704554,20
2606,12,holdout,0,win,2,completer,RAW,0.9461888885510805,44
2606,12,holdout,0,win,3,completer,RAW,0.20388703375480732,5
2606,12,holdout,0,win,4,reverser,RAW,3.882052851813864,139
2606,12,holdout,0,win,1,completer,SL_FLOOR,0.9604008533704554,20
2606,12,holdout,0,win,2,completer,SL_FLOOR,0.9461888885510805,44
2606,12,holdout,0,win,3,completer,SL_FLOOR,0.20388703375480732,5
2606,12,holdout,0,win,4,reverser,SL_FLOOR,3.882052851813864,139
2607,12,holdout,1,win,1,reverser,RAW,2.7912870017426803,156
2608,12,holdout,1,win,1,completer,RAW,0.8265054790782989,21
2608,12,holdout,1,win,2,completer,RAW,0.8060110797081088,38
2608,12,holdout,1,win,3,completer,RAW,0.1300017870496819,6
2608,12,holdout,1,win,4,reverser,RAW,6.101519167718297,171
2608,12,holdout,1,win,1,completer,SL_FLOOR,0.8265054790782989,21
2608,12,holdout,1,win,2,completer,SL_FLOOR,0.8060110797081088,38
2608,12,holdout,1,win,3,completer,SL_FLOOR,0.1300017870496819,6
2608,12,holdout,1,win,4,reverser,SL_FLOOR,4.95413868954558,103
2609,12,holdout,1,win,1,completer,RAW,0.17788461209141215,3
2609,12,holdout,1,win,2,reverser,RAW,9.355214787283675,238
2609,12,holdout,1,win,1,completer,SL_FLOOR,0.17788461209141215,3
2609,12,holdout,1,win,2,reverser,SL_FLOOR,3.300896410839124,83
2610,12,holdout,1,win,1,reverser,RAW,4.44626383592043,190
2610,12,holdout,1,win,1,reverser,SL_FLOOR,2.622966612630929,64
2611,12,holdout,0,win,1,completer,RAW,0.7977190595836825,43
2611,12,holdout,0,win,2,completer,RAW,0.4336476072668529,21
2611,12,holdout,0,win,3,completer,RAW,2.390094077589726,149
2611,12,holdout,0,win,4,reverser,RAW,0.5802388771299789,22
2611,12,holdout,0,win,1,completer,SL_FLOOR,0.7977190595836825,43
2611,12,holdout,0,win,2,completer,SL_FLOOR,0.4336476072668529,21
2611,12,holdout,0,win,3,completer,SL_FLOOR,2.390094077589726,149
2611,12,holdout,0,win,4,reverser,SL_FLOOR,0.5802388771299789,22
2612,12,holdout,1,win,1,reverser,RAW,3.8859489495917603,221
2612,12,holdout,1,win,1,reverser,SL_FLOOR,1.9580742554233597,85
2614,12,holdout,1,win,1,reverser,RAW,3.842539974728205,202
2614,12,holdout,1,win,1,reverser,SL_FLOOR,2.0549513234594956,55
2616,12,holdout,1,win,1,reverser,RAW,4.953646440443621,219
2616,12,holdout,1,win,1,reverser,SL_FLOOR,2.076263031029845,62
2617,12,holdout,0,win,1,completer,RAW,0.834071498134419,22
2617,12,holdout,0,win,2,completer,RAW,0.20180156846247543,8
2617,12,holdout,0,win,3,reverser,RAW,1.8886877444646697,205
2617,12,holdout,0,win,1,completer,SL_FLOOR,0.834071498134419,22
2617,12,holdout,0,win,2,completer,SL_FLOOR,0.20180156846247543,8
2617,12,holdout,0,win,3,reverser,SL_FLOOR,1.8886877444646697,205
2619,12,holdout,1,win,1,reverser,RAW,5.18208108607778,204
2619,12,holdout,1,win,1,reverser,SL_FLOOR,2.536336306924809,107
2627,12,holdout,0,win,1,reverser,RAW,0.8231472112263055,32
2629,12,holdout,0,win,1,reverser,RAW,3.4155125759665443,234
2629,12,holdout,0,win,1,reverser,SL_FLOOR,2.1464114378955066,40
2632,12,holdout,0,win,1,reverser,RAW,1.8115796803139474,52
2633,12,holdout,1,win,1,reverser,RAW,2.9564535365176727,225
2633,12,holdout,1,win,1,reverser,SL_FLOOR,1.981215808979095,43
2634,12,holdout,1,win,1,reverser,RAW,2.593179925687384,239
2634,12,holdout,1,win,1,reverser,SL_FLOOR,2.330072615885087,138
2635,12,holdout,0,win,1,reverser,RAW,1.5761691836203773,111
2635,12,holdout,0,win,1,reverser,SL_FLOOR,1.5761691836203773,111
2638,12,holdout,0,win,1,completer,RAW,0.5987607032837854,26
2638,12,holdout,0,win,2,completer,RAW,0.6559727033787484,31
2638,12,holdout,0,win,3,completer,RAW,1.430736735198904,115
2638,12,holdout,0,win,4,reverser,RAW,0.7620987798907537,52
2638,12,holdout,0,win,1,completer,SL_FLOOR,0.5987607032837854,26
2638,12,holdout,0,win,2,completer,SL_FLOOR,0.6559727033787484,31
2638,12,holdout,0,win,3,completer,SL_FLOOR,1.430736735198904,115
2638,12,holdout,0,win,4,reverser,SL_FLOOR,0.7620987798907537,52
2640,12,holdout,1,win,1,reverser,RAW,1.8032485649201235,202
2640,12,holdout,1,win,1,reverser,SL_FLOOR,1.8032485649201235,202
2642,12,holdout,0,win,1,completer,RAW,0.34425419850474004,13
2642,12,holdout,0,win,2,reverser,RAW,1.7370925008543896,185
2642,12,holdout,0,win,1,completer,SL_FLOOR,0.34425419850474004,13
2642,12,holdout,0,win,2,reverser,SL_FLOOR,1.7370925008543896,185
2645,12,holdout,1,win,1,reverser,RAW,3.993770371960227,191
2648,12,holdout,0,win,1,reverser,RAW,0.8200665039581294,22
2649,12,holdout,0,win,1,completer,RAW,0.7249417689441087,35
2649,12,holdout,0,win,2,completer,RAW,0.3925677449155853,21
2649,12,holdout,0,win,3,reverser,RAW,3.1295500624670356,110
2649,12,holdout,0,win,1,completer,SL_FLOOR,0.7249417689441087,35
2649,12,holdout,0,win,2,completer,SL_FLOOR,0.3925677449155853,21
2649,12,holdout,0,win,3,reverser,SL_FLOOR,3.1295500624670356,110
2650,12,holdout,0,win,1,reverser,RAW,1.6556701019297533,170
2651,12,holdout,0,win,1,completer,RAW,0.6143175169280403,37
2651,12,holdout,0,win,2,completer,RAW,0.2587257904457889,2
2651,12,holdout,0,win,3,completer,RAW,1.7667096850005801,164
2651,12,holdout,0,win,4,completer,RAW,0.3437178375487413,7
2651,12,holdout,0,win,5,reverser,RAW,0.620566932156212,11
2651,12,holdout,0,win,1,completer,SL_FLOOR,0.6143175169280403,37
2651,12,holdout,0,win,2,completer,SL_FLOOR,0.2587257904457889,2
2651,12,holdout,0,win,3,completer,SL_FLOOR,1.7667096850005801,164
2651,12,holdout,0,win,4,completer,SL_FLOOR,0.3437178375487413,7
2651,12,holdout,0,win,5,reverser,SL_FLOOR,0.620566932156212,11
2652,12,holdout,0,win,1,completer,RAW,0.39723173785180665,26
2652,12,holdout,0,win,2,completer,RAW,2.1518037964109973,122
2652,12,holdout,0,win,3,reverser,RAW,1.6153035608263142,24
2653,12,holdout,0,win,1,reverser,RAW,1.6409621621951964,191
2653,12,holdout,0,win,1,reverser,SL_FLOOR,1.6409621621951964,191
2654,12,holdout,0,win,1,completer,RAW,0.5667508289015019,41
2654,12,holdout,0,win,2,reverser,RAW,2.2217672402717312,191
2654,12,holdout,0,win,1,completer,SL_FLOOR,0.5667508289015019,41
2654,12,holdout,0,win,2,reverser,SL_FLOOR,2.2217672402717312,191
2656,12,holdout,0,win,1,completer,RAW,2.3554201340552026,179
2656,12,holdout,0,win,2,reverser,RAW,0.8640624958960708,35
2656,12,holdout,0,win,1,completer,SL_FLOOR,2.3554201340552026,179
2656,12,holdout,0,win,2,reverser,SL_FLOOR,0.8640624958960708,35
2657,12,holdout,0,win,1,completer,RAW,0.22938991111540763,23
2657,12,holdout,0,win,2,completer,RAW,1.2918033440702286,164
2657,12,holdout,0,win,3,reverser,RAW,0.5314351924844889,37
2657,12,holdout,0,win,1,completer,SL_FLOOR,0.22938991111540763,23
2657,12,holdout,0,win,2,completer,SL_FLOOR,1.2918033440702286,164
2657,12,holdout,0,win,3,reverser,SL_FLOOR,0.5314351924844889,37
2658,12,holdout,0,win,1,completer,RAW,1.4261645952348816,85
2658,12,holdout,0,win,2,reverser,RAW,0.5916008928934926,65
2659,12,holdout,0,win,1,completer,RAW,1.2302440684547469,68
2659,12,holdout,0,win,2,reverser,RAW,0.8364183478052098,61
2660,12,holdout,0,win,1,completer,RAW,1.5155861077158348,84
2660,12,holdout,0,win,2,reverser,RAW,0.7633921158982595,90
2661,12,holdout,0,win,1,reverser,RAW,1.4380883750115674,82
2661,12,holdout,0,win,1,reverser,SL_FLOOR,1.4380883750115674,82
2662,12,holdout,1,win,1,completer,RAW,0.9111102954769386,34
2662,12,holdout,1,win,2,reverser,RAW,3.246361573181974,179
2662,12,holdout,1,win,1,completer,SL_FLOOR,0.9111102954769386,34
2662,12,holdout,1,win,2,reverser,SL_FLOOR,3.1130719963277134,158
2663,12,holdout,1,win,1,completer,RAW,0.9384436797090319,33
2663,12,holdout,1,win,2,reverser,RAW,3.3149395138231945,180
2663,12,holdout,1,win,1,completer,SL_FLOOR,0.9384436797090319,33
2663,12,holdout,1,win,2,reverser,SL_FLOOR,3.134856757645416,138
2664,12,holdout,1,win,1,reverser,RAW,3.049035574913149,231
2664,12,holdout,1,win,1,reverser,SL_FLOOR,2.9238478370619347,188
2665,12,holdout,1,win,1,reverser,RAW,2.9573468036367254,223
2665,12,holdout,1,win,1,reverser,SL_FLOOR,2.720852193650707,160
2667,12,holdout,0,win,1,completer,RAW,1.1804280335588282,71
2667,12,holdout,0,win,2,completer,RAW,1.35322628183825,84
2667,12,holdout,0,win,3,completer,RAW,0.3617963323350404,14
2667,12,holdout,0,win,4,completer,RAW,0.1495784836668701,4
2667,12,holdout,0,win,5,completer,RAW,0.6058738580297272,5
2667,12,holdout,0,win,6,completer,RAW,0.6058738580297272,1
2668,12,holdout,0,win,1,completer,RAW,0.18013711051264303,7
2668,12,holdout,0,win,2,completer,RAW,2.047374676115572,162
2668,12,holdout,0,win,3,completer,RAW,0.4089847662149251,7
2668,12,holdout,0,win,4,completer,RAW,0.14061723422668493,5
2668,12,holdout,0,win,5,completer,RAW,0.5909600105083008,3
2668,12,holdout,0,win,6,reverser,RAW,3.4569169303139207,13
2668,12,holdout,0,win,1,completer,SL_FLOOR,0.18013711051264303,7
2668,12,holdout,0,win,2,completer,SL_FLOOR,2.047374676115572,162
2668,12,holdout,0,win,3,completer,SL_FLOOR,0.4089847662149251,7
2668,12,holdout,0,win,4,completer,SL_FLOOR,0.14061723422668493,5
2668,12,holdout,0,win,5,completer,SL_FLOOR,0.5909600105083008,3
2668,12,holdout,0,win,6,reverser,SL_FLOOR,3.4569169303139207,13
2669,12,holdout,0,win,1,completer,RAW,2.2849426825045898,163
2669,12,holdout,0,win,2,completer,RAW,0.1871720184744814,5
2669,12,holdout,0,win,3,completer,RAW,0.4209981899218329,4
2669,12,holdout,0,win,4,reverser,RAW,3.0041942075029664,15
2669,12,holdout,0,win,1,reverser,SL_FLOOR,2.2049641345510964,35
2670,12,holdout,0,win,1,completer,RAW,1.7461201263037514,132
2670,12,holdout,0,win,2,reverser,RAW,2.771308919843903,45
2671,12,holdout,0,win,1,completer,RAW,1.3608822130690648,158
2671,12,holdout,0,win,2,completer,RAW,0.15170749757943058,14
2671,12,holdout,0,win,3,completer,RAW,0.4218787628339351,7
2671,12,holdout,0,win,4,completer,RAW,0.4218787628339351,1
2671,12,holdout,0,win,5,reverser,RAW,2.5763890675881176,16
2671,12,holdout,0,win,1,completer,SL_FLOOR,1.3608822130690648,158
2671,12,holdout,0,win,2,completer,SL_FLOOR,0.15170749757943058,14
2671,12,holdout,0,win,3,completer,SL_FLOOR,0.4218787628339351,7
2671,12,holdout,0,win,4,completer,SL_FLOOR,0.4218787628339351,1
2671,12,holdout,0,win,5,reverser,SL_FLOOR,2.5763890675881176,16
2672,12,holdout,0,win,1,completer,RAW,1.6364199247276525,101
2672,12,holdout,0,win,2,completer,RAW,0.4820548295140332,12
2672,12,holdout,0,win,3,completer,RAW,0.5049301165627091,15
2672,12,holdout,0,win,4,reverser,RAW,2.208302100945132,75
2672,12,holdout,0,win,1,completer,SL_FLOOR,1.6364199247276525,101
2672,12,holdout,0,win,2,completer,SL_FLOOR,0.4820548295140332,12
2672,12,holdout,0,win,3,completer,SL_FLOOR,0.5049301165627091,15
2672,12,holdout,0,win,4,reverser,SL_FLOOR,2.208302100945132,75
2673,12,holdout,0,win,1,completer,RAW,0.194799711915016,6
2673,12,holdout,0,win,2,completer,RAW,1.9693589674541159,85
2673,12,holdout,0,win,3,completer,RAW,2.2338389940750236,75
2673,12,holdout,0,win,4,completer,RAW,0.48776220294124384,6
2673,12,holdout,0,win,5,completer,RAW,0.14749847638471625,6
2673,12,holdout,0,win,6,completer,RAW,0.31890187825251637,2
2673,12,holdout,0,win,1,completer,SL_FLOOR,0.194799711915016,6
2673,12,holdout,0,win,2,completer,SL_FLOOR,1.9693589674541159,85
2673,12,holdout,0,win,3,completer,SL_FLOOR,2.2338389940750236,75
2673,12,holdout,0,win,4,completer,SL_FLOOR,0.48776220294124384,6
2673,12,holdout,0,win,5,completer,SL_FLOOR,0.14749847638471625,6
2673,12,holdout,0,win,6,completer,SL_FLOOR,0.31890187825251637,2
2674,12,holdout,0,win,1,completer,RAW,1.0666799200237618,17
2674,12,holdout,0,win,2,completer,RAW,0.3880118756700073,7
2674,12,holdout,0,win,3,completer,RAW,0.700537804618794,21
2674,12,holdout,0,win,4,completer,RAW,1.2677406192345755,64
2674,12,holdout,0,win,5,completer,RAW,1.093488013251875,91
2674,12,holdout,0,win,6,reverser,RAW,2.4910362418015164,15
2674,12,holdout,0,win,1,completer,SL_FLOOR,1.0666799200237618,17
2674,12,holdout,0,win,2,completer,SL_FLOOR,0.3880118756700073,7
2674,12,holdout,0,win,3,completer,SL_FLOOR,0.700537804618794,21
2674,12,holdout,0,win,4,completer,SL_FLOOR,1.2677406192345755,64
2674,12,holdout,0,win,5,completer,SL_FLOOR,1.093488013251875,91
2674,12,holdout,0,win,6,reverser,SL_FLOOR,2.4910362418015164,15
2676,12,holdout,0,win,1,completer,RAW,0.2155481238352912,11
2676,12,holdout,0,win,2,completer,RAW,1.6718755229208855,157
2676,12,holdout,0,win,3,completer,RAW,0.18637619730118216,8
2676,12,holdout,0,win,4,completer,RAW,0.20647241335800892,6
2676,12,holdout,0,win,5,completer,RAW,0.518287894755816,2
2676,12,holdout,0,win,6,reverser,RAW,4.75469989254103,41
2676,12,holdout,0,win,1,completer,SL_FLOOR,0.2155481238352912,11
2676,12,holdout,0,win,2,completer,SL_FLOOR,1.6718755229208855,157
2676,12,holdout,0,win,3,completer,SL_FLOOR,0.18637619730118216,8
2676,12,holdout,0,win,4,completer,SL_FLOOR,0.20647241335800892,6
2676,12,holdout,0,win,5,completer,SL_FLOOR,0.518287894755816,2
2676,12,holdout,0,win,6,reverser,SL_FLOOR,4.75469989254103,41
2677,12,holdout,0,win,1,completer,RAW,0.421427605517553,3
2677,12,holdout,0,win,2,completer,RAW,1.8751400023280116,61
2677,12,holdout,0,win,3,completer,RAW,0.06172424525257103,3
2677,12,holdout,0,win,4,reverser,RAW,4.3313392789302005,159
2677,12,holdout,0,win,1,completer,SL_FLOOR,0.421427605517553,3
2677,12,holdout,0,win,2,completer,SL_FLOOR,1.8751400023280116,61
2677,12,holdout,0,win,3,completer,SL_FLOOR,0.06172424525257103,3
2677,12,holdout,0,win,4,reverser,SL_FLOOR,4.3313392789302005,67
2678,12,holdout,0,win,1,completer,RAW,1.8291828647522632,62
2678,12,holdout,0,win,2,reverser,RAW,3.4899167761978958,160
2678,12,holdout,0,win,1,completer,SL_FLOOR,1.8291828647522632,62
2678,12,holdout,0,win,2,reverser,SL_FLOOR,3.4899167761978958,68
2682,12,holdout,0,win,1,completer,RAW,1.2207782396107203,82
2682,12,holdout,0,win,2,completer,RAW,0.4437326037120741,14
2682,12,holdout,0,win,3,reverser,RAW,2.1734680311453194,141
2682,12,holdout,0,win,1,completer,SL_FLOOR,1.2207782396107203,82
2682,12,holdout,0,win,2,completer,SL_FLOOR,0.4437326037120741,14
2682,12,holdout,0,win,3,reverser,SL_FLOOR,2.1734680311453194,141
2684,12,holdout,0,win,1,completer,RAW,2.52609520479004,183
2684,12,holdout,0,win,2,reverser,RAW,0.5689966921680694,9
2684,12,holdout,0,win,1,reverser,SL_FLOOR,2.52609520479004,68
2685,12,holdout,0,win,1,completer,RAW,3.657276062693537,183
2685,12,holdout,0,win,2,reverser,RAW,0.9564518730321145,31
2685,12,holdout,0,win,1,reverser,SL_FLOOR,2.896723970884869,48
2686,12,holdout,0,loss,1,reverser,RAW,3.936838930101441,192
2687,12,holdout,0,win,1,completer,RAW,1.0680267563878332,24
2687,12,holdout,0,win,2,completer,RAW,2.3256189955653928,74
2687,12,holdout,0,win,3,completer,RAW,0.5078025083668498,7
2687,12,holdout,0,win,4,completer,RAW,0.15355863131008096,5
2687,12,holdout,0,win,5,completer,RAW,0.33200435114287785,3
2687,12,holdout,0,win,6,reverser,RAW,4.639588715652064,109
2687,12,holdout,0,win,1,completer,SL_FLOOR,1.0680267563878332,24
2687,12,holdout,0,win,2,completer,SL_FLOOR,2.3256189955653928,74
2687,12,holdout,0,win,3,completer,SL_FLOOR,0.5078025083668498,7
2687,12,holdout,0,win,4,completer,SL_FLOOR,0.15355863131008096,5
2687,12,holdout,0,win,5,completer,SL_FLOOR,0.33200435114287785,3
2687,12,holdout,0,win,6,reverser,SL_FLOOR,4.639588715652064,109
2688,12,holdout,1,win,1,completer,RAW,1.5081755264922014,60
2688,12,holdout,1,win,2,reverser,RAW,3.528146012575879,142
2688,12,holdout,1,win,1,completer,SL_FLOOR,1.5081755264922014,60
2688,12,holdout,1,win,2,reverser,SL_FLOOR,3.5190762284818518,138
2689,12,holdout,0,win,1,completer,RAW,0.30142527220920146,15
2689,12,holdout,0,win,2,completer,RAW,3.056558023454752,118
2689,12,holdout,0,win,3,completer,RAW,0.7637617799586693,53
2689,12,holdout,0,win,4,reverser,RAW,1.019104491754935,35
2689,12,holdout,0,win,1,completer,SL_FLOOR,0.30142527220920146,15
2689,12,holdout,0,win,2,completer,SL_FLOOR,3.056558023454752,118
2689,12,holdout,0,win,3,completer,SL_FLOOR,0.7637617799586693,53
2689,12,holdout,0,win,4,reverser,SL_FLOOR,1.019104491754935,35
2690,12,holdout,0,win,1,completer,RAW,1.846847089819636,94
2690,12,holdout,0,win,2,completer,RAW,0.1465751658586978,4
2690,12,holdout,0,win,3,completer,RAW,0.5082541465490169,7
2690,12,holdout,0,win,4,completer,RAW,0.17474805488087242,4
2690,12,holdout,0,win,5,completer,RAW,0.7343986881595832,4
2690,12,holdout,0,win,6,completer,RAW,0.7343986881595832,1
2690,12,holdout,0,win,1,completer,SL_FLOOR,1.846847089819636,94
2690,12,holdout,0,win,2,completer,SL_FLOOR,0.1465751658586978,4
2690,12,holdout,0,win,3,completer,SL_FLOOR,0.5082541465490169,7
2690,12,holdout,0,win,4,completer,SL_FLOOR,0.17474805488087242,4
2690,12,holdout,0,win,5,completer,SL_FLOOR,0.7343986881595832,4
2690,12,holdout,0,win,6,completer,SL_FLOOR,0.7343986881595832,1
2691,12,holdout,0,win,1,completer,RAW,0.8256046254365326,23
2691,12,holdout,0,win,2,completer,RAW,4.264923995896963,163
2691,12,holdout,0,win,3,reverser,RAW,1.9871623029326921,50
2691,12,holdout,0,win,1,completer,SL_FLOOR,0.8256046254365326,23
2691,12,holdout,0,win,2,reverser,SL_FLOOR,3.114284792592738,20
2693,12,holdout,0,win,1,completer,RAW,2.2335783116681256,193
2693,12,holdout,0,win,2,reverser,RAW,1.022189051104514,35
2693,12,holdout,0,win,1,reverser,SL_FLOOR,2.2335783116681256,62
2694,12,holdout,1,win,1,reverser,RAW,3.984886356999275,201
2695,12,holdout,1,win,1,reverser,RAW,3.5950857600167883,202
2695,12,holdout,1,win,1,reverser,SL_FLOOR,2.3597684989568335,116
2696,12,holdout,1,win,1,completer,RAW,0.028116452125088953,3
2696,12,holdout,1,win,2,reverser,RAW,3.8854259079519364,208
2696,12,holdout,1,win,1,completer,SL_FLOOR,0.028116452125088953,3
2696,12,holdout,1,win,2,reverser,SL_FLOOR,3.645766625552426,146
2697,12,holdout,0,win,1,completer,RAW,1.2843536061194756,91
2697,12,holdout,0,win,2,reverser,RAW,3.289165898316307,87
2698,12,holdout,0,win,1,completer,RAW,0.7960194812807012,87
2698,12,holdout,0,win,2,reverser,RAW,2.762002479234415,94
2699,12,holdout,1,win,1,reverser,RAW,3.547807131797324,179
2700,12,holdout,1,win,1,completer,RAW,0.6826944368247674,38
2700,12,holdout,1,win,2,completer,RAW,0.37036864184015483,16
2700,12,holdout,1,win,3,completer,RAW,0.1531225578951041,4
2700,12,holdout,1,win,4,completer,RAW,0.1282470520998764,4
2700,12,holdout,1,win,5,completer,RAW,0.6202292778278444,2
2700,12,holdout,1,win,6,reverser,RAW,6.228273862109104,179
2700,12,holdout,1,win,1,completer,SL_FLOOR,0.6826944368247674,38
2700,12,holdout,1,win,2,completer,SL_FLOOR,0.37036864184015483,16
2700,12,holdout,1,win,3,completer,SL_FLOOR,0.1531225578951041,4
2700,12,holdout,1,win,4,completer,SL_FLOOR,0.1282470520998764,4
2700,12,holdout,1,win,5,completer,SL_FLOOR,0.6202292778278444,2
2700,12,holdout,1,win,6,reverser,SL_FLOOR,6.228273862109104,179
2701,12,holdout,0,win,1,completer,RAW,0.5817426168241007,40
2701,12,holdout,0,win,2,completer,RAW,0.2068658037562514,9
2701,12,holdout,0,win,3,completer,RAW,0.22917133390040867,5
2701,12,holdout,0,win,4,completer,RAW,0.575266817750002,4
2701,12,holdout,0,win,5,completer,RAW,0.575266817750002,1
2701,12,holdout,0,win,6,reverser,RAW,5.277416478783502,179
2701,12,holdout,0,win,1,completer,SL_FLOOR,0.5817426168241007,40
2701,12,holdout,0,win,2,completer,SL_FLOOR,0.2068658037562514,9
2701,12,holdout,0,win,3,completer,SL_FLOOR,0.22917133390040867,5
2701,12,holdout,0,win,4,completer,SL_FLOOR,0.575266817750002,4
2701,12,holdout,0,win,5,completer,SL_FLOOR,0.575266817750002,1
2701,12,holdout,0,win,6,reverser,SL_FLOOR,5.277416478783502,179
2702,12,holdout,0,win,1,completer,RAW,1.7662833874094543,94
2702,12,holdout,0,win,2,reverser,RAW,3.182757493156306,77
2703,12,holdout,0,win,1,completer,RAW,0.8054360247647462,73
2703,12,holdout,0,win,2,completer,RAW,0.5429235426192052,29
2703,12,holdout,0,win,3,reverser,RAW,2.36484966160093,87
2704,12,holdout,0,win,1,completer,RAW,1.1335290247400076,89
2704,12,holdout,0,win,2,completer,RAW,0.3413153914849132,10
2704,12,holdout,0,win,3,completer,RAW,1.1199568368606374,65
2704,12,holdout,0,win,4,reverser,RAW,0.5529409876780398,35
2705,12,holdout,0,win,1,completer,RAW,0.4715813298642515,53
2705,12,holdout,0,win,2,completer,RAW,0.5178147935764523,27
2705,12,holdout,0,win,3,reverser,RAW,2.284644391438934,109
2705,12,holdout,0,win,1,completer,SL_FLOOR,0.4715813298642515,53
2705,12,holdout,0,win,2,completer,SL_FLOOR,0.5178147935764523,27
2705,12,holdout,0,win,3,reverser,SL_FLOOR,2.284644391438934,109
2706,12,holdout,0,win,1,completer,RAW,0.7658187846459368,69
2706,12,holdout,0,win,2,completer,RAW,1.1631829356724435,89
2706,12,holdout,0,win,3,reverser,RAW,2.618295311827925,53
2706,12,holdout,0,win,1,completer,SL_FLOOR,0.7658187846459368,69
2706,12,holdout,0,win,2,completer,SL_FLOOR,1.1631829356724435,89
2706,12,holdout,0,win,3,reverser,SL_FLOOR,2.618295311827925,53
2707,12,holdout,1,win,1,completer,RAW,0.7473921167717081,84
2707,12,holdout,1,win,2,reverser,RAW,3.0437978485828103,141
2707,12,holdout,1,win,1,completer,SL_FLOOR,0.7473921167717081,84
2707,12,holdout,1,win,2,reverser,SL_FLOOR,3.0437978485828103,141
2708,12,holdout,0,win,1,completer,RAW,0.2499911961503789,26
2708,12,holdout,0,win,2,completer,RAW,0.9267560482912722,60
2708,12,holdout,0,win,3,completer,RAW,0.45755460193912745,41
2708,12,holdout,0,win,4,reverser,RAW,1.6526040304583725,29
2708,12,holdout,0,win,1,completer,SL_FLOOR,0.2499911961503789,26
2708,12,holdout,0,win,2,completer,SL_FLOOR,0.9267560482912722,60
2708,12,holdout,0,win,3,completer,SL_FLOOR,0.45755460193912745,41
2708,12,holdout,0,win,4,reverser,SL_FLOOR,1.6526040304583725,29
2709,12,holdout,0,win,1,completer,RAW,0.7979232848184961,69
2709,12,holdout,0,win,2,completer,RAW,0.6242819482258621,44
2709,12,holdout,0,win,3,reverser,RAW,3.0150987187256737,119
2709,12,holdout,0,win,1,completer,SL_FLOOR,0.7979232848184961,69
2709,12,holdout,0,win,2,completer,SL_FLOOR,0.6242819482258621,44
2709,12,holdout,0,win,3,reverser,SL_FLOOR,3.0150987187256737,119
2710,12,holdout,0,win,1,reverser,RAW,1.4962077591314051,74
2710,12,holdout,0,win,1,reverser,SL_FLOOR,1.4962077591314051,74
2711,12,holdout,0,win,1,completer,RAW,0.6321620835403944,101
2711,12,holdout,0,win,2,completer,RAW,0.4446795191733923,56
2711,12,holdout,0,win,3,reverser,RAW,0.44631771633776696,48
2711,12,holdout,0,win,1,completer,SL_FLOOR,0.6321620835403944,101
2711,12,holdout,0,win,2,completer,SL_FLOOR,0.4446795191733923,56
2711,12,holdout,0,win,3,reverser,SL_FLOOR,0.44631771633776696,48
2712,12,holdout,0,win,1,completer,RAW,1.0510294228638712,174
2712,12,holdout,0,win,2,reverser,RAW,0.16717668272391517,29
2712,12,holdout,0,win,1,completer,SL_FLOOR,1.0510294228638712,174
2712,12,holdout,0,win,2,reverser,SL_FLOOR,0.16717668272391517,29
2714,12,holdout,0,win,1,completer,RAW,0.2866764946456921,23
2714,12,holdout,0,win,2,completer,RAW,0.36463238354056404,17
2714,12,holdout,0,win,3,completer,RAW,1.1205530352114819,56
2714,12,holdout,0,win,4,reverser,RAW,3.164506147913217,126
2714,12,holdout,0,win,1,completer,SL_FLOOR,0.2866764946456921,23
2714,12,holdout,0,win,2,completer,SL_FLOOR,0.36463238354056404,17
2714,12,holdout,0,win,3,completer,SL_FLOOR,1.1205530352114819,56
2714,12,holdout,0,win,4,reverser,SL_FLOOR,3.164506147913217,126
2715,12,holdout,1,win,1,completer,RAW,0.6693083013117394,14
2715,12,holdout,1,win,2,reverser,RAW,4.711807444303378,213
2715,12,holdout,1,win,1,completer,SL_FLOOR,0.6693083013117394,14
2715,12,holdout,1,win,2,reverser,SL_FLOOR,3.421364639783476,74
2716,12,holdout,1,win,1,completer,RAW,1.8651906842432926,81
2716,12,holdout,1,win,2,reverser,RAW,2.7461987594997406,120
2716,12,holdout,1,win,1,completer,SL_FLOOR,1.8651906842432926,81
2716,12,holdout,1,win,2,reverser,SL_FLOOR,2.7461987594997406,120
2717,12,holdout,0,win,1,completer,RAW,3.882900754408393,205
2717,12,holdout,0,win,2,reverser,RAW,1.6792465140362767,30
2717,12,holdout,0,win,1,reverser,SL_FLOOR,2.6481366833783087,38
2718,12,holdout,0,win,1,completer,RAW,1.3732581535366375,44
2718,12,holdout,0,win,2,completer,RAW,3.1696675917451795,131
2718,12,holdout,0,win,3,completer,RAW,0.5474519745442272,24
2718,12,holdout,0,win,4,reverser,RAW,2.0575731217169357,31
2718,12,holdout,0,win,1,completer,SL_FLOOR,1.3732581535366375,44
2718,12,holdout,0,win,2,reverser,SL_FLOOR,2.8774287357686683,43
2720,12,holdout,0,win,1,completer,RAW,0.932500508146682,26
2720,12,holdout,0,win,2,reverser,RAW,2.3807308891663688,202
2720,12,holdout,0,win,1,completer,SL_FLOOR,0.932500508146682,26
2720,12,holdout,0,win,2,reverser,SL_FLOOR,2.3807308891663688,202
2721,12,holdout,0,win,1,completer,RAW,0.4980040262685632,12
2721,12,holdout,0,win,2,reverser,RAW,0.8757037091127082,10
2723,12,holdout,1,win,1,completer,RAW,0.772615228054758,50
2723,12,holdout,1,win,2,reverser,RAW,7.804281910350747,157
2723,12,holdout,1,win,1,completer,SL_FLOOR,0.772615228054758,50
2723,12,holdout,1,win,2,reverser,SL_FLOOR,3.7988362224354697,109
2724,12,holdout,1,win,1,completer,RAW,0.3618221870313171,31
2724,12,holdout,1,win,2,completer,RAW,0.3760586947615603,44
2724,12,holdout,1,win,3,reverser,RAW,5.5447168409059095,87
2724,12,holdout,1,win,1,completer,SL_FLOOR,0.3618221870313171,31
2724,12,holdout,1,win,2,completer,SL_FLOOR,0.3760586947615603,44
2724,12,holdout,1,win,3,reverser,SL_FLOOR,4.406064835838558,65
2725,12,holdout,1,win,1,completer,RAW,0.2408622055514107,14
2725,12,holdout,1,win,2,completer,RAW,0.30645251871215984,42
2725,12,holdout,1,win,3,reverser,RAW,6.374649657967264,118
2725,12,holdout,1,win,1,completer,SL_FLOOR,0.2408622055514107,14
2725,12,holdout,1,win,2,completer,SL_FLOOR,0.30645251871215984,42
2725,12,holdout,1,win,3,reverser,SL_FLOOR,4.307097230889056,92
2726,12,holdout,1,win,1,completer,RAW,0.22841919496842533,36
2726,12,holdout,1,win,2,completer,RAW,0.46575761564514107,27
2726,12,holdout,1,win,3,reverser,RAW,5.192947241039253,104
2726,12,holdout,1,win,1,completer,SL_FLOOR,0.22841919496842533,36
2726,12,holdout,1,win,2,completer,SL_FLOOR,0.46575761564514107,27
2726,12,holdout,1,win,3,reverser,SL_FLOOR,5.126161819272291,85
2727,12,holdout,0,win,1,completer,RAW,0.3015517176463989,17
2727,12,holdout,0,win,2,completer,RAW,0.7145327756339577,45
2727,12,holdout,0,win,3,completer,RAW,1.4976858795006354,32
2727,12,holdout,0,win,4,completer,RAW,0.36072888144339377,6
2727,12,holdout,0,win,5,reverser,RAW,1.4070315009180199,7
2729,12,holdout,0,win,1,completer,RAW,0.5173051182413648,23
2729,12,holdout,0,win,2,completer,RAW,0.31820843618728745,12
2729,12,holdout,0,win,3,completer,RAW,0.12776813161381684,5
2729,12,holdout,0,win,4,completer,RAW,1.9920055858383443,44
2729,12,holdout,0,win,5,reverser,RAW,4.876310562378079,23
2730,12,holdout,0,win,1,completer,RAW,0.8012997173329257,51
2730,12,holdout,0,win,2,completer,RAW,0.3539462947919412,4
2730,12,holdout,0,win,3,completer,RAW,0.5084016524627164,16
2730,12,holdout,0,win,4,completer,RAW,0.15278737324665848,9
2730,12,holdout,0,win,5,completer,RAW,0.8016333142177601,28
2730,12,holdout,0,win,6,completer,RAW,0.12710041311566567,10
2730,12,holdout,0,win,1,completer,SL_FLOOR,0.8012997173329257,51
2730,12,holdout,0,win,2,completer,SL_FLOOR,0.3539462947919412,4
2730,12,holdout,0,win,3,completer,SL_FLOOR,0.5084016524627164,16
2730,12,holdout,0,win,4,completer,SL_FLOOR,0.15278737324665848,9
2730,12,holdout,0,win,5,completer,SL_FLOOR,0.8016333142177601,28
2730,12,holdout,0,win,6,completer,SL_FLOOR,0.12710041311566567,10
2731,12,holdout,1,win,1,completer,RAW,0.398330359221267,21
2731,12,holdout,1,win,2,reverser,RAW,8.471208516349247,176
2733,12,holdout,0,win,1,completer,RAW,0.7037600013278686,26
2733,12,holdout,0,win,2,completer,RAW,0.4745222158790523,7
2733,12,holdout,0,win,3,reverser,RAW,4.148057727696317,127
2735,12,holdout,1,win,1,completer,RAW,0.3996432506200618,22
2735,12,holdout,1,win,2,reverser,RAW,8.499129503391904,196
2735,12,holdout,1,win,1,completer,SL_FLOOR,0.3996432506200618,22
2735,12,holdout,1,win,2,reverser,SL_FLOOR,3.216531685027864,76
2736,12,holdout,0,win,1,completer,RAW,0.36663751232296504,16
2736,12,holdout,0,win,2,completer,RAW,0.9670371969323506,36
2736,12,holdout,0,win,3,completer,RAW,1.1319010447554532,11
2736,12,holdout,0,win,4,reverser,RAW,4.109292923351378,49
2738,12,holdout,1,win,1,completer,RAW,0.310418131668317,17
2738,12,holdout,1,win,2,completer,RAW,0.9583378561572138,45
2738,12,holdout,1,win,3,reverser,RAW,4.547243682693853,69
2739,12,holdout,1,win,1,completer,RAW,0.45253136133773064,38
2739,12,holdout,1,win,2,reverser,RAW,5.479715360117021,184
2739,12,holdout,1,win,1,completer,SL_FLOOR,0.45253136133773064,38
2739,12,holdout,1,win,2,reverser,SL_FLOOR,3.7998757751852583,60
2740,12,holdout,1,win,1,completer,RAW,0.16928330224989674,6
2740,12,holdout,1,win,2,completer,RAW,0.4211768559977451,5
2740,12,holdout,1,win,3,completer,RAW,0.5728546948136568,2
2740,12,holdout,1,win,4,completer,RAW,0.971009021705445,3
2740,12,holdout,1,win,5,reverser,RAW,6.017005695170482,131
2742,12,holdout,0,win,1,completer,RAW,0.7198372812223637,21
2742,12,holdout,0,win,2,completer,RAW,0.6201939344182903,15
2742,12,holdout,0,win,3,reverser,RAW,2.5314564054442705,54
2746,12,holdout,0,win,1,reverser,RAW,3.2834219442330443,125
2747,12,holdout,1,win,1,reverser,RAW,4.844856633831011,235
2747,12,holdout,1,win,1,reverser,SL_FLOOR,2.061568619684767,17
2748,12,holdout,0,win,1,completer,RAW,0.31057537449432093,6
2748,12,holdout,0,win,2,completer,RAW,0.9025560606851877,3
2748,12,holdout,0,win,3,completer,RAW,1.6472506050528415,63
2748,12,holdout,0,win,4,completer,RAW,0.20504838260811553,8
2748,12,holdout,0,win,5,completer,RAW,1.126479189809543,18
2748,12,holdout,0,win,6,reverser,RAW,3.327103044997416,136
2748,12,holdout,0,win,1,completer,SL_FLOOR,0.31057537449432093,6
2748,12,holdout,0,win,2,completer,SL_FLOOR,0.9025560606851877,3
2748,12,holdout,0,win,3,completer,SL_FLOOR,1.6472506050528415,63
2748,12,holdout,0,win,4,completer,SL_FLOOR,0.20504838260811553,8
2748,12,holdout,0,win,5,completer,SL_FLOOR,1.126479189809543,18
2748,12,holdout,0,win,6,reverser,SL_FLOOR,3.327103044997416,136
2749,12,holdout,0,win,1,completer,RAW,1.5674060768287918,106
2749,12,holdout,0,win,2,completer,RAW,0.8891133886104936,18
2749,12,holdout,0,win,3,reverser,RAW,0.7241232752600912,16
2751,12,holdout,0,win,1,reverser,RAW,3.2248300765298112,222
2751,12,holdout,0,win,1,reverser,SL_FLOOR,2.373313838659316,83
2752,12,holdout,0,win,1,reverser,RAW,0.5963376237017235,29
2753,12,holdout,1,win,1,completer,RAW,1.2647164218762748,69
2753,12,holdout,1,win,2,reverser,RAW,3.5502463964806745,160
2753,12,holdout,1,win,1,completer,SL_FLOOR,1.2647164218762748,69
2753,12,holdout,1,win,2,reverser,SL_FLOOR,3.3882722903282394,117
2755,12,holdout,0,win,1,reverser,RAW,3.285152600396793,192
2755,12,holdout,0,win,1,reverser,SL_FLOOR,2.3064865786413007,29
2756,12,holdout,0,win,1,completer,RAW,0.476726720314697,13
2756,12,holdout,0,win,2,reverser,RAW,1.4836742483722167,61
2758,12,holdout,0,win,1,completer,RAW,2.875111371394291,113
2758,12,holdout,0,win,2,reverser,RAW,1.9790363541388316,120
2758,12,holdout,0,win,1,reverser,SL_FLOOR,2.7086274884069375,33
2759,12,holdout,1,win,1,completer,RAW,0.48957912134532,15
2759,12,holdout,1,win,2,reverser,RAW,3.3366334041626073,156
2760,12,holdout,0,win,1,reverser,RAW,2.015907295547567,227
2760,12,holdout,0,win,1,reverser,SL_FLOOR,2.015907295547567,42
2761,12,holdout,0,win,1,completer,RAW,0.2801410147433818,9
2761,12,holdout,0,win,2,reverser,RAW,2.265226269752871,140
2762,12,holdout,0,win,1,completer,RAW,3.67724714540325,228
2762,12,holdout,0,win,2,reverser,RAW,0.38906112394924497,6
2762,12,holdout,0,win,1,reverser,SL_FLOOR,2.01890508077366,17
2763,12,holdout,0,win,1,completer,RAW,0.7717678329051223,26
2763,12,holdout,0,win,2,completer,RAW,1.219662479733453,21
2763,12,holdout,0,win,3,reverser,RAW,3.0069889026781245,121
2764,12,holdout,1,win,1,completer,RAW,0.6075083979796712,49
2764,12,holdout,1,win,2,reverser,RAW,2.4732887063337823,125
2765,12,holdout,0,win,1,completer,RAW,2.1607306165747326,35
2765,12,holdout,0,win,2,reverser,RAW,1.1446462485742726,108
2766,12,holdout,0,win,1,completer,RAW,1.6598966090143026,65
2766,12,holdout,0,win,2,completer,RAW,0.7747869660741065,49
2766,12,holdout,0,win,3,reverser,RAW,0.6348150698002781,30
2767,12,holdout,0,win,1,completer,RAW,1.3992638665795196,19
2767,12,holdout,0,win,2,reverser,RAW,1.4771552945402049,146
2768,12,holdout,1,win,1,completer,RAW,1.296555913302596,28
2768,12,holdout,1,win,2,reverser,RAW,2.394848601138663,161
2768,12,holdout,1,win,1,completer,SL_FLOOR,1.296555913302596,28
2768,12,holdout,1,win,2,reverser,SL_FLOOR,2.394848601138663,161
2769,12,holdout,1,win,1,completer,RAW,0.2777092643586966,21
2769,12,holdout,1,win,2,reverser,RAW,3.273002044227546,173
2769,12,holdout,1,win,1,completer,SL_FLOOR,0.2777092643586966,21
2769,12,holdout,1,win,2,reverser,SL_FLOOR,3.273002044227546,173
2770,12,holdout,1,win,1,completer,RAW,1.246544559506458,16
2770,12,holdout,1,win,2,reverser,RAW,6.735373779286693,201
2770,12,holdout,1,win,1,completer,SL_FLOOR,1.246544559506458,16
2770,12,holdout,1,win,2,reverser,SL_FLOOR,3.7859403068534174,74
2771,12,holdout,1,win,1,completer,RAW,0.7752712744390913,36
2771,12,holdout,1,win,2,completer,RAW,1.2002994168566457,23
2771,12,holdout,1,win,3,reverser,RAW,4.304500556712784,156
2771,12,holdout,1,win,1,completer,SL_FLOOR,0.7752712744390913,36
2771,12,holdout,1,win,2,completer,SL_FLOOR,1.2002994168566457,23
2771,12,holdout,1,win,3,reverser,SL_FLOOR,4.304500556712784,146
2772,12,holdout,1,win,1,completer,RAW,1.1664488597795555,15
2772,12,holdout,1,win,2,completer,RAW,1.1664488597795555,24
2772,12,holdout,1,win,3,reverser,RAW,6.070607885558605,184
2772,12,holdout,1,win,1,completer,SL_FLOOR,1.1664488597795555,15
2772,12,holdout,1,win,2,completer,SL_FLOOR,1.1664488597795555,24
2772,12,holdout,1,win,3,reverser,SL_FLOOR,4.583345950162304,99
2773,12,holdout,0,win,1,completer,RAW,0.2785189384142128,12
2773,12,holdout,0,win,2,completer,RAW,0.7945981478287711,23
2773,12,holdout,0,win,3,reverser,RAW,3.3053644602980077,203
2773,12,holdout,0,win,1,completer,SL_FLOOR,0.2785189384142128,12
2773,12,holdout,0,win,2,completer,SL_FLOOR,0.7945981478287711,23
2773,12,holdout,0,win,3,reverser,SL_FLOOR,3.3053644602980077,203
2774,12,holdout,1,win,1,reverser,RAW,2.474996942790095,208
2774,12,holdout,1,win,1,reverser,SL_FLOOR,2.474996942790095,208
2776,12,holdout,0,win,1,completer,RAW,1.508301693733017,100
2776,12,holdout,0,win,2,reverser,RAW,2.9399923384394104,50
2777,12,holdout,0,win,1,completer,RAW,0.23874017940610792,7
2777,12,holdout,0,win,2,reverser,RAW,3.0120087684273322,61
2778,12,holdout,0,win,1,completer,RAW,1.2186012093284435,78
2778,12,holdout,0,win,2,completer,RAW,0.38705806554542566,15
2778,12,holdout,0,win,3,reverser,RAW,1.987548909276989,62
2779,12,holdout,0,win,1,completer,RAW,0.2101249551409754,14
2779,12,holdout,0,win,2,completer,RAW,0.30897406038204767,12
2779,12,holdout,0,win,3,completer,RAW,0.9963989808298073,46
2779,12,holdout,0,win,4,completer,RAW,0.5100613830438321,39
2779,12,holdout,0,win,5,completer,RAW,1.5036361037238768,68
2779,12,holdout,0,win,6,completer,RAW,0.30727950429216566,10
2779,12,holdout,0,win,1,completer,SL_FLOOR,0.2101249551409754,14
2779,12,holdout,0,win,2,completer,SL_FLOOR,0.30897406038204767,12
2779,12,holdout,0,win,3,completer,SL_FLOOR,0.9963989808298073,46
2779,12,holdout,0,win,4,completer,SL_FLOOR,0.5100613830438321,39
2779,12,holdout,0,win,5,completer,SL_FLOOR,1.5036361037238768,68
2779,12,holdout,0,win,6,completer,SL_FLOOR,0.30727950429216566,10
2781,12,holdout,1,win,1,reverser,RAW,3.069296544893958,219
2781,12,holdout,1,win,1,reverser,SL_FLOOR,2.2292402630568784,73
2782,12,holdout,1,win,1,reverser,RAW,6.102121591500848,142
2783,12,holdout,0,win,1,completer,RAW,1.6628827262800923,127
2783,12,holdout,0,win,2,completer,RAW,1.1491465994618488,39
2783,12,holdout,0,win,3,reverser,RAW,3.4077266438453235,63
2783,12,holdout,0,win,1,completer,SL_FLOOR,1.6628827262800923,127
2783,12,holdout,0,win,2,completer,SL_FLOOR,1.1491465994618488,39
2783,12,holdout,0,win,3,reverser,SL_FLOOR,3.4077266438453235,63
2785,12,holdout,1,win,1,completer,RAW,0.18553123790060688,8
2785,12,holdout,1,win,2,completer,RAW,1.4711315328481855,94
2785,12,holdout,1,win,3,reverser,RAW,5.361196856809501,113
2785,12,holdout,1,win,1,completer,SL_FLOOR,0.18553123790060688,8
2785,12,holdout,1,win,2,completer,SL_FLOOR,1.4711315328481855,94
2785,12,holdout,1,win,3,reverser,SL_FLOOR,4.179137985033724,69
2786,12,holdout,1,win,1,reverser,RAW,3.04100109444615,81
2786,12,holdout,1,win,1,reverser,SL_FLOOR,2.8786397873583733,60
2787,12,holdout,1,win,1,reverser,RAW,4.144838958999067,211
2787,12,holdout,1,win,1,reverser,SL_FLOOR,2.487909216475913,151
2789,12,holdout,1,win,1,completer,RAW,0.1026126367492406,4
2789,12,holdout,1,win,2,reverser,RAW,5.662614226109,217
2789,12,holdout,1,win,1,completer,SL_FLOOR,0.1026126367492406,4
2789,12,holdout,1,win,2,reverser,SL_FLOOR,3.701750870728933,149
2790,12,holdout,0,win,1,completer,RAW,0.22433746767205132,14
2790,12,holdout,0,win,2,reverser,RAW,3.5679896829335638,196
2790,12,holdout,0,win,1,completer,SL_FLOOR,0.22433746767205132,14
2790,12,holdout,0,win,2,reverser,SL_FLOOR,3.527342091972246,102
2792,12,holdout,0,win,1,completer,RAW,0.4750670590024182,26
2792,12,holdout,0,win,2,reverser,RAW,2.9810616519511,202
2792,12,holdout,0,win,1,completer,SL_FLOOR,0.4750670590024182,26
2792,12,holdout,0,win,2,reverser,SL_FLOOR,2.9810616519511,202
2793,12,holdout,1,win,1,reverser,RAW,3.693495001000839,208
2793,12,holdout,1,win,1,reverser,SL_FLOOR,2.3229821092758085,83
2794,12,holdout,1,win,1,completer,RAW,0.5681896079385279,21
2794,12,holdout,1,win,2,reverser,RAW,6.817718792218416,211
2794,12,holdout,1,win,1,completer,SL_FLOOR,0.5681896079385279,21
2794,12,holdout,1,win,2,reverser,SL_FLOOR,3.8576791011066907,48
2795,12,holdout,1,win,1,reverser,RAW,3.70199154019358,178
2798,12,holdout,1,win,1,completer,RAW,0.9150109981984478,24
2798,12,holdout,1,win,2,completer,RAW,1.5120473360266102,52
2798,12,holdout,1,win,3,reverser,RAW,4.868570062103308,133
2799,12,holdout,1,win,1,completer,RAW,0.24135129028568358,7
2799,12,holdout,1,win,2,reverser,RAW,4.614554157001052,230
2799,12,holdout,1,win,1,completer,SL_FLOOR,0.24135129028568358,7
2799,12,holdout,1,win,2,reverser,SL_FLOOR,3.55219591343577,43
2800,12,holdout,1,win,1,completer,RAW,1.5547271867547585,72
2800,12,holdout,1,win,2,completer,RAW,0.8117016339576328,6
2800,12,holdout,1,win,3,reverser,RAW,3.8433782769961877,141
2800,12,holdout,1,win,1,completer,SL_FLOOR,1.5547271867547585,72
2800,12,holdout,1,win,2,completer,SL_FLOOR,0.8117016339576328,6
2800,12,holdout,1,win,3,reverser,SL_FLOOR,3.8433782769961877,141
2801,12,holdout,0,win,1,reverser,RAW,1.8633033884029278,218
2801,12,holdout,0,win,1,reverser,SL_FLOOR,1.8633033884029278,218
2802,12,holdout,1,win,1,completer,RAW,1.2325774129257914,68
2802,12,holdout,1,win,2,reverser,RAW,3.968718008236778,166
2802,12,holdout,1,win,1,completer,SL_FLOOR,1.2325774129257914,68
2802,12,holdout,1,win,2,reverser,SL_FLOOR,3.7756746340064926,70
2803,12,holdout,0,win,1,completer,RAW,0.28870056900009056,13
2803,12,holdout,0,win,2,completer,RAW,1.780497075359122,39
2803,12,holdout,0,win,3,completer,RAW,1.945544643298519,89
2803,12,holdout,0,win,4,completer,RAW,0.46489282802223864,14
2803,12,holdout,0,win,5,completer,RAW,0.39059488747074855,2
2803,12,holdout,0,win,6,reverser,RAW,1.3161349469122792,58
2803,12,holdout,0,win,1,completer,SL_FLOOR,0.28870056900009056,13
2803,12,holdout,0,win,2,completer,SL_FLOOR,1.780497075359122,39
2803,12,holdout,0,win,3,completer,SL_FLOOR,1.945544643298519,89
2803,12,holdout,0,win,4,completer,SL_FLOOR,0.46489282802223864,14
2803,12,holdout,0,win,5,completer,SL_FLOOR,0.39059488747074855,2
2803,12,holdout,0,win,6,reverser,SL_FLOOR,1.3161349469122792,58
2804,12,holdout,0,win,1,completer,RAW,0.9806267996899822,19
2804,12,holdout,0,win,2,completer,RAW,1.3500426207904423,37
2804,12,holdout,0,win,3,reverser,RAW,1.7166276693153906,59
2807,12,holdout,0,win,1,completer,RAW,0.7871537532307361,17
2807,12,holdout,0,win,2,completer,RAW,1.0360141046517881,36
2807,12,holdout,0,win,3,reverser,RAW,1.4742860400228088,69
2807,12,holdout,0,win,1,completer,SL_FLOOR,0.7871537532307361,17
2807,12,holdout,0,win,2,completer,SL_FLOOR,1.0360141046517881,36
2807,12,holdout,0,win,3,reverser,SL_FLOOR,1.4742860400228088,69
2808,12,holdout,0,win,1,completer,RAW,0.32009086267420894,14
2808,12,holdout,0,win,2,completer,RAW,1.6283377840751272,46
2808,12,holdout,0,win,3,completer,RAW,0.46719039689871567,8
2808,12,holdout,0,win,4,reverser,RAW,2.3450567912540725,78
2810,12,holdout,0,win,1,completer,RAW,0.9181421131713268,15
2810,12,holdout,0,win,2,completer,RAW,1.2084147162053465,36
2810,12,holdout,0,win,3,completer,RAW,0.3925133455150993,4
2810,12,holdout,0,win,4,reverser,RAW,2.3277483894569393,90
2811,12,holdout,1,win,1,reverser,RAW,4.310147065135404,229
2811,12,holdout,1,win,1,reverser,SL_FLOOR,2.1107049086234557,32
2812,12,holdout,1,win,1,completer,RAW,0.800808487999682,7
2812,12,holdout,1,win,2,reverser,RAW,3.791799619529642,217
2812,12,holdout,1,win,1,completer,SL_FLOOR,0.800808487999682,7
2812,12,holdout,1,win,2,reverser,SL_FLOOR,3.5509856501515307,54
2814,12,holdout,0,win,1,reverser,RAW,1.589638721664285,64
2816,12,holdout,0,win,1,reverser,RAW,3.1007881534382835,104
2818,12,holdout,0,win,1,completer,RAW,0.8998097872791176,34
2818,12,holdout,0,win,2,completer,RAW,0.30701265817809187,20
2818,12,holdout,0,win,3,reverser,RAW,1.4530694176173284,132
2818,12,holdout,0,win,1,completer,SL_FLOOR,0.8998097872791176,34
2818,12,holdout,0,win,2,completer,SL_FLOOR,0.30701265817809187,20
2818,12,holdout,0,win,3,reverser,SL_FLOOR,1.4530694176173284,132
2819,12,holdout,0,win,1,completer,RAW,0.2690819861634155,14
2819,12,holdout,0,win,2,completer,RAW,1.2171335959498717,51
2819,12,holdout,0,win,3,reverser,RAW,1.676243547951552,142
2819,12,holdout,0,win,1,completer,SL_FLOOR,0.2690819861634155,14
2819,12,holdout,0,win,2,completer,SL_FLOOR,1.2171335959498717,51
2819,12,holdout,0,win,3,reverser,SL_FLOOR,1.676243547951552,142
2820,12,holdout,0,win,1,reverser,RAW,1.2323121150953442,45
2821,12,holdout,0,win,1,completer,RAW,0.6131867934501884,25
2821,12,holdout,0,win,2,completer,RAW,1.1077280409705932,57
2821,12,holdout,0,win,3,completer,RAW,1.2685093882586105,36
2821,12,holdout,0,win,4,reverser,RAW,1.7647138910957865,61
2821,12,holdout,0,win,1,completer,SL_FLOOR,0.6131867934501884,25
2821,12,holdout,0,win,2,completer,SL_FLOOR,1.1077280409705932,57
2821,12,holdout,0,win,3,completer,SL_FLOOR,1.2685093882586105,36
2821,12,holdout,0,win,4,reverser,SL_FLOOR,1.7647138910957865,61
2823,12,holdout,0,win,1,completer,RAW,0.22548062485866205,6
2823,12,holdout,0,win,2,completer,RAW,0.6773261123205159,25
2823,12,holdout,0,win,3,reverser,RAW,2.0160620575597736,73
2825,12,holdout,0,win,1,completer,RAW,2.4161180796089674,103
2825,12,holdout,0,win,2,completer,RAW,0.8923560506173915,12
2825,12,holdout,0,win,3,completer,RAW,0.7257673884264122,10
2825,12,holdout,0,win,4,reverser,RAW,4.18219088996927,97
2828,12,holdout,0,win,1,completer,RAW,0.24511709826323647,6
2828,12,holdout,0,win,2,completer,RAW,0.7363125383122948,25
2828,12,holdout,0,win,3,reverser,RAW,3.450864246137282,113
2829,12,holdout,0,win,1,reverser,RAW,2.334296541343043,214
2829,12,holdout,0,win,1,reverser,SL_FLOOR,2.334296541343043,59
2831,12,holdout,0,win,1,completer,RAW,1.0580199641821626,48
2831,12,holdout,0,win,2,reverser,RAW,3.323293076924954,117
2832,12,holdout,1,win,1,completer,RAW,0.207862070833428,6
2832,12,holdout,1,win,2,completer,RAW,0.624401357876089,25
2832,12,holdout,1,win,3,reverser,RAW,3.3257931333347774,186
2832,12,holdout,1,win,1,completer,SL_FLOOR,0.207862070833428,6
2832,12,holdout,1,win,2,completer,SL_FLOOR,0.624401357876089,25
2832,12,holdout,1,win,3,reverser,SL_FLOOR,3.3257931333347774,186
2833,12,holdout,0,loss,1,reverser,RAW,0.6594722742506207,52
2834,12,holdout,0,win,1,completer,RAW,0.36514684164614186,20
2834,12,holdout,0,win,2,reverser,RAW,0.28014459603936137,1
2835,12,holdout,0,win,1,reverser,RAW,0.27645653939098036,12
2836,12,holdout,0,win,1,completer,RAW,2.663066661291685,162
2836,12,holdout,0,win,2,reverser,RAW,0.08235312779586179,1
2837,12,holdout,0,win,1,completer,RAW,1.1199292015822215,97
2837,12,holdout,0,win,2,reverser,RAW,0.1088696116279122,1
2840,12,holdout,1,win,1,reverser,RAW,4.110603792362365,190
2840,12,holdout,1,win,1,reverser,SL_FLOOR,2.125468513231137,34
2843,12,holdout,0,win,1,completer,RAW,1.9459856080006146,187
2843,12,holdout,0,win,2,completer,RAW,0.34247463678753887,9
2843,12,holdout,0,win,3,completer,RAW,0.5725563944918677,16
2843,12,holdout,0,win,4,completer,RAW,0.9050274765965947,14
2843,12,holdout,0,win,5,reverser,RAW,0.1847715394352063,1
2843,12,holdout,0,win,1,completer,SL_FLOOR,1.9459856080006146,187
2843,12,holdout,0,win,2,completer,SL_FLOOR,0.34247463678753887,9
2843,12,holdout,0,win,3,completer,SL_FLOOR,0.5725563944918677,16
2843,12,holdout,0,win,4,completer,SL_FLOOR,0.9050274765965947,14
2843,12,holdout,0,win,5,reverser,SL_FLOOR,0.1847715394352063,1
2844,12,holdout,1,win,1,reverser,RAW,2.4970027305602556,127
2844,12,holdout,1,win,1,reverser,SL_FLOOR,2.4970027305602556,127
2851,12,holdout,1,win,1,reverser,RAW,4.675778826462231,190
2852,12,holdout,1,win,1,reverser,RAW,4.430660828562701,218
2852,12,holdout,1,win,1,reverser,SL_FLOOR,2.64870920648828,100
2853,12,holdout,1,win,1,reverser,RAW,4.2803005045686895,199
2855,12,holdout,1,win,1,reverser,RAW,4.043304674641735,200
2856,12,holdout,1,win,1,completer,RAW,1.2000199775484486,41
2856,12,holdout,1,win,2,reverser,RAW,4.5648512336811224,170
2856,12,holdout,1,win,1,completer,SL_FLOOR,1.2000199775484486,41
2856,12,holdout,1,win,2,reverser,SL_FLOOR,3.2321835062193855,112
2857,12,holdout,0,win,1,completer,RAW,2.110175412416907,96
2857,12,holdout,0,win,2,completer,RAW,1.4103331043459244,27
2857,12,holdout,0,win,3,reverser,RAW,1.9143615459997558,81
2857,12,holdout,0,win,1,completer,SL_FLOOR,2.110175412416907,96
2857,12,holdout,0,win,2,completer,SL_FLOOR,1.4103331043459244,27
2857,12,holdout,0,win,3,reverser,SL_FLOOR,1.9143615459997558,81
2858,12,holdout,0,win,1,completer,RAW,1.749054971529974,171
2858,12,holdout,0,win,2,reverser,RAW,1.2820402935971618,61
2858,12,holdout,0,win,1,completer,SL_FLOOR,1.749054971529974,171
2858,12,holdout,0,win,2,reverser,SL_FLOOR,1.2820402935971618,61
2859,12,holdout,1,win,1,reverser,RAW,3.036508422607737,208
2859,12,holdout,1,win,1,reverser,SL_FLOOR,2.120381365593244,88
2860,12,holdout,1,win,1,reverser,RAW,1.788391472384887,230
2860,12,holdout,1,win,1,reverser,SL_FLOOR,1.788391472384887,230
2862,12,holdout,0,win,1,completer,RAW,0.3557543500216691,11
2862,12,holdout,0,win,2,completer,RAW,0.3147597682512089,12
2862,12,holdout,0,win,3,completer,RAW,0.5464072337349419,13
2862,12,holdout,0,win,4,reverser,RAW,2.401552451251268,113
2862,12,holdout,0,win,1,completer,SL_FLOOR,0.3557543500216691,11
2862,12,holdout,0,win,2,completer,SL_FLOOR,0.3147597682512089,12
2862,12,holdout,0,win,3,completer,SL_FLOOR,0.5464072337349419,13
2862,12,holdout,0,win,4,reverser,SL_FLOOR,2.401552451251268,113
2863,12,holdout,0,win,1,completer,RAW,2.1832035495458895,69
2863,12,holdout,0,win,2,completer,RAW,0.44629217445541247,12
2863,12,holdout,0,win,3,completer,RAW,0.394864662639705,9
2863,12,holdout,0,win,4,completer,RAW,0.6854653287215764,12
2863,12,holdout,0,win,5,completer,RAW,1.0835001804458155,15
2863,12,holdout,0,win,6,completer,RAW,3.012736359997766,108
2863,12,holdout,0,win,1,completer,SL_FLOOR,2.1832035495458895,69
2863,12,holdout,0,win,2,completer,SL_FLOOR,0.44629217445541247,12
2863,12,holdout,0,win,3,completer,SL_FLOOR,0.394864662639705,9
2863,12,holdout,0,win,4,completer,SL_FLOOR,0.6854653287215764,12
2863,12,holdout,0,win,5,completer,SL_FLOOR,1.0835001804458155,15
2863,12,holdout,0,win,6,completer,SL_FLOOR,3.012736359997766,108
2864,12,holdout,1,win,1,completer,RAW,1.623253856755168,60
2864,12,holdout,1,win,2,completer,RAW,1.1653295143398912,48
2864,12,holdout,1,win,3,reverser,RAW,6.154946104526356,96
2864,12,holdout,1,win,1,completer,SL_FLOOR,1.623253856755168,60
2864,12,holdout,1,win,2,completer,SL_FLOOR,1.1653295143398912,48
2864,12,holdout,1,win,3,reverser,SL_FLOOR,4.461993948143249,83
2865,12,holdout,0,win,1,completer,RAW,0.4674688278860575,13
2865,12,holdout,0,win,2,completer,RAW,0.2481902772953144,5
2865,12,holdout,0,win,3,completer,RAW,0.4577064266610975,10
2865,12,holdout,0,win,4,completer,RAW,0.5782345340919628,11
2865,12,holdout,0,win,5,completer,RAW,0.9026466363357644,12
2865,12,holdout,0,win,6,completer,RAW,2.6692657810778293,108
2866,12,holdout,1,win,1,reverser,RAW,7.131242094353905,204
2866,12,holdout,1,win,1,reverser,SL_FLOOR,2.4976238134298394,178
2867,12,holdout,1,win,1,reverser,RAW,3.5115706973474854,174
2869,12,holdout,1,win,1,completer,RAW,1.5242301846409525,83
2869,12,holdout,1,win,2,reverser,RAW,5.931163764230906,131
2869,12,holdout,1,win,1,completer,SL_FLOOR,1.5242301846409525,83
2869,12,holdout,1,win,2,reverser,SL_FLOOR,4.189798059707303,87
2873,12,holdout,1,win,1,completer,RAW,1.311409006698938,15
2873,12,holdout,1,win,2,reverser,RAW,9.401333364621467,207
2873,12,holdout,1,win,1,completer,SL_FLOOR,1.311409006698938,15
2873,12,holdout,1,win,2,reverser,SL_FLOOR,3.508155131198395,132
2874,12,holdout,1,win,1,completer,RAW,1.1595154572333422,68
2874,12,holdout,1,win,2,reverser,RAW,3.796642032797198,167
2874,12,holdout,1,win,1,completer,SL_FLOOR,1.1595154572333422,68
2874,12,holdout,1,win,2,reverser,SL_FLOOR,3.2875533988409047,99
2875,12,holdout,0,win,1,completer,RAW,0.21890181380889073,8
2875,12,holdout,0,win,2,completer,RAW,0.25697169447132495,4
2875,12,holdout,0,win,3,completer,RAW,0.10997965524700604,3
2875,12,holdout,0,win,4,completer,RAW,0.7312589577239761,12
2875,12,holdout,0,win,5,completer,RAW,2.2937103099107996,117
2875,12,holdout,0,win,6,completer,RAW,0.6218080508195305,2
2875,12,holdout,0,win,1,completer,SL_FLOOR,0.21890181380889073,8
2875,12,holdout,0,win,2,completer,SL_FLOOR,0.25697169447132495,4
2875,12,holdout,0,win,3,completer,SL_FLOOR,0.10997965524700604,3
2875,12,holdout,0,win,4,completer,SL_FLOOR,0.7312589577239761,12
2875,12,holdout,0,win,5,completer,SL_FLOOR,2.2937103099107996,117
2875,12,holdout,0,win,6,completer,SL_FLOOR,0.6218080508195305,2
2876,12,holdout,0,win,1,completer,RAW,0.08465759589608823,5
2876,12,holdout,0,win,2,completer,RAW,1.2634746859208033,48
2876,12,holdout,0,win,3,completer,RAW,5.4132941979589795,123
2876,12,holdout,0,win,4,completer,RAW,0.463220807733288,7
2876,12,holdout,0,win,5,completer,RAW,0.8026498478826678,25
2876,12,holdout,0,win,6,reverser,RAW,1.2578840899653994,25
2876,12,holdout,0,win,1,completer,SL_FLOOR,0.08465759589608823,5
2876,12,holdout,0,win,2,completer,SL_FLOOR,1.2634746859208033,48
2876,12,holdout,0,win,3,reverser,SL_FLOOR,4.999590097259255,90
2877,12,holdout,0,win,1,completer,RAW,0.7240027032429657,34
2877,12,holdout,0,win,2,reverser,RAW,1.7121837787532657,199
2877,12,holdout,0,win,1,completer,SL_FLOOR,0.7240027032429657,34
2877,12,holdout,0,win,2,reverser,SL_FLOOR,1.7121837787532657,199
2878,12,holdout,0,win,1,completer,RAW,1.400831912097894,51
2878,12,holdout,0,win,2,reverser,RAW,6.372112347813935,180
2878,12,holdout,0,win,1,completer,SL_FLOOR,1.400831912097894,51
2878,12,holdout,0,win,2,reverser,SL_FLOOR,4.045393091946259,85
2880,12,holdout,1,win,1,completer,RAW,1.086425744345381,45
2880,12,holdout,1,win,2,completer,RAW,1.7595316992948828,24
2880,12,holdout,1,win,3,completer,RAW,0.5154157524584293,2
2880,12,holdout,1,win,4,reverser,RAW,6.041327279950159,167
2880,12,holdout,1,win,1,completer,SL_FLOOR,1.086425744345381,45
2880,12,holdout,1,win,2,completer,SL_FLOOR,1.7595316992948828,24
2880,12,holdout,1,win,3,completer,SL_FLOOR,0.5154157524584293,2
2880,12,holdout,1,win,4,reverser,SL_FLOOR,5.942088964708683,57
2881,12,holdout,1,win,1,completer,RAW,0.49492217652895587,6
2881,12,holdout,1,win,2,completer,RAW,0.4496666467685282,4
2881,12,holdout,1,win,3,completer,RAW,0.6672783430633786,7
2881,12,holdout,1,win,4,completer,RAW,0.9445888232975053,11
2881,12,holdout,1,win,5,completer,RAW,2.3860255903478262,12
2881,12,holdout,1,win,6,completer,RAW,1.5877950760627746,3
2881,12,holdout,1,win,1,completer,SL_FLOOR,0.49492217652895587,6
2881,12,holdout,1,win,2,completer,SL_FLOOR,0.4496666467685282,4
2881,12,holdout,1,win,3,completer,SL_FLOOR,0.6672783430633786,7
2881,12,holdout,1,win,4,completer,SL_FLOOR,0.9445888232975053,11
2881,12,holdout,1,win,5,completer,SL_FLOOR,2.3860255903478262,12
2881,12,holdout,1,win,6,completer,SL_FLOOR,1.5877950760627746,3
2882,12,holdout,0,win,1,reverser,RAW,1.7119575695852367,122
2884,12,holdout,1,win,1,completer,RAW,0.5222230458379944,5
2884,12,holdout,1,win,2,completer,RAW,0.2753354969301749,4
2884,12,holdout,1,win,3,completer,RAW,0.7040867135520248,8
2884,12,holdout,1,win,4,completer,RAW,0.9966941789242898,11
2884,12,holdout,1,win,5,completer,RAW,0.6065508917612625,3
2884,12,holdout,1,win,6,completer,RAW,2.5176433999738954,10
2884,12,holdout,1,win,1,completer,SL_FLOOR,0.5222230458379944,5
2884,12,holdout,1,win,2,completer,SL_FLOOR,0.2753354969301749,4
2884,12,holdout,1,win,3,completer,SL_FLOOR,0.7040867135520248,8
2884,12,holdout,1,win,4,completer,SL_FLOOR,0.9966941789242898,11
2884,12,holdout,1,win,5,completer,SL_FLOOR,0.6065508917612625,3
2884,12,holdout,1,win,6,completer,SL_FLOOR,2.5176433999738954,10
2885,12,holdout,1,win,1,reverser,RAW,6.34126313492588,224
2885,12,holdout,1,win,1,reverser,SL_FLOOR,2.4550948209799177,17
2886,12,holdout,1,win,1,completer,RAW,1.6761981274421311,18
2886,12,holdout,1,win,2,completer,RAW,0.8751740628872984,8
2886,12,holdout,1,win,3,completer,RAW,0.005782339319496899,1
2886,12,holdout,1,win,4,completer,RAW,1.1449031852617955,3
2886,12,holdout,1,win,5,completer,RAW,1.1449031852617955,1
2886,12,holdout,1,win,6,completer,RAW,1.1449031852617955,1
2886,12,holdout,1,win,1,completer,SL_FLOOR,1.6761981274421311,18
2886,12,holdout,1,win,2,completer,SL_FLOOR,0.8751740628872984,8
2886,12,holdout,1,win,3,completer,SL_FLOOR,0.005782339319496899,1
2886,12,holdout,1,win,4,completer,SL_FLOOR,1.1449031852617955,3
2886,12,holdout,1,win,5,completer,SL_FLOOR,1.1449031852617955,1
2886,12,holdout,1,win,6,completer,SL_FLOOR,1.1449031852617955,1
2887,12,holdout,1,win,1,reverser,RAW,5.995654930464642,214
2887,12,holdout,1,win,1,reverser,SL_FLOOR,3.3407801305975857,11
2888,12,holdout,0,win,1,completer,RAW,0.06483033113080028,3
2888,12,holdout,0,win,2,completer,RAW,4.722049229699176,51
2888,12,holdout,0,win,3,completer,RAW,0.7534725151426702,24
2888,12,holdout,0,win,4,completer,RAW,0.24539480894703036,4
2888,12,holdout,0,win,5,reverser,RAW,2.654201778963404,134
2888,12,holdout,0,win,1,completer,SL_FLOOR,0.06483033113080028,3
2888,12,holdout,0,win,2,reverser,SL_FLOOR,4.633687889491236,16
2889,12,holdout,0,win,1,reverser,RAW,1.942743689745645,154
2890,12,holdout,0,win,1,completer,RAW,5.36524239104179,43
2890,12,holdout,0,win,2,completer,RAW,0.4591089682508489,8
2890,12,holdout,0,win,3,completer,RAW,0.795525022572579,25
2890,12,holdout,0,win,4,reverser,RAW,2.7119091814265515,145
2891,12,holdout,1,win,1,reverser,RAW,9.309040998941198,224
2891,12,holdout,1,win,1,reverser,SL_FLOOR,2.511167113826046,5
2892,12,holdout,0,win,1,reverser,RAW,5.966880151975098,228
2892,12,holdout,0,win,1,reverser,SL_FLOOR,2.912948788577139,8
2893,12,holdout,1,win,1,completer,RAW,0.460820441570703,7
2893,12,holdout,1,win,2,completer,RAW,0.6213007120788072,7
2893,12,holdout,1,win,3,completer,RAW,0.879503605410255,12
2893,12,holdout,1,win,4,completer,RAW,0.5352330809683172,4
2893,12,holdout,1,win,5,completer,RAW,2.2216207280393596,10
2893,12,holdout,1,win,6,reverser,RAW,6.181628296945618,190
2893,12,holdout,1,win,1,completer,SL_FLOOR,0.460820441570703,7
2893,12,holdout,1,win,2,completer,SL_FLOOR,0.6213007120788072,7
2893,12,holdout,1,win,3,completer,SL_FLOOR,0.879503605410255,12
2893,12,holdout,1,win,4,completer,SL_FLOOR,0.5352330809683172,4
2893,12,holdout,1,win,5,completer,SL_FLOOR,2.2216207280393596,10
2893,12,holdout,1,win,6,reverser,SL_FLOOR,6.181628296945618,190
2894,12,holdout,0,win,1,completer,RAW,5.033953659597726,179
2894,12,holdout,0,win,2,reverser,RAW,2.4534612253509445,51
2894,12,holdout,0,win,1,reverser,SL_FLOOR,2.530070815946587,8
2896,12,holdout,0,win,1,reverser,RAW,2.1472644915307733,234
2896,12,holdout,0,win,1,reverser,SL_FLOOR,1.6199860097872705,11
2897,12,holdout,0,win,1,completer,RAW,0.2778256783012849,4
2897,12,holdout,0,win,2,completer,RAW,4.0774028279647645,56
2897,12,holdout,0,win,3,completer,RAW,0.6506096854547545,20
2897,12,holdout,0,win,4,completer,RAW,2.2918545133897155,151
2897,12,holdout,0,win,5,reverser,RAW,0.27699634791827243,7
2897,12,holdout,0,win,1,completer,SL_FLOOR,0.2778256783012849,4
2897,12,holdout,0,win,2,reverser,SL_FLOOR,4.001104432729786,15
2898,12,holdout,1,win,1,reverser,RAW,6.935150900620312,234
2898,12,holdout,1,win,1,reverser,SL_FLOOR,2.025031881306419,6
2901,12,holdout,0,win,1,reverser,RAW,1.4458180189674392,77
2902,12,holdout,0,win,1,reverser,RAW,1.0609456290696728,237
2902,12,holdout,0,win,1,reverser,SL_FLOOR,1.0609456290696728,237
2904,12,holdout,0,win,1,reverser,RAW,1.0144273431909852,97
2904,12,holdout,0,win,1,reverser,SL_FLOOR,1.0144273431909852,97
2907,12,holdout,0,win,1,completer,RAW,0.8414580083955575,84
2907,12,holdout,0,win,2,reverser,RAW,1.329329758383797,152
2907,12,holdout,0,win,1,completer,SL_FLOOR,0.8414580083955575,84
2907,12,holdout,0,win,2,reverser,SL_FLOOR,1.329329758383797,152
2908,12,holdout,0,win,1,completer,RAW,0.7790664721257243,27
2908,12,holdout,0,win,2,reverser,RAW,1.9238300080592543,198
2908,12,holdout,0,win,1,completer,SL_FLOOR,0.7790664721257243,27
2908,12,holdout,0,win,2,reverser,SL_FLOOR,1.9238300080592543,198
2909,12,holdout,0,win,1,completer,RAW,2.0010250331524935,187
2909,12,holdout,0,win,2,completer,RAW,0.6414743614509684,37
2909,12,holdout,0,win,3,reverser,RAW,0.2311450413078031,2
2909,12,holdout,0,win,1,completer,SL_FLOOR,2.0010250331524935,187
2909,12,holdout,0,win,2,completer,SL_FLOOR,0.6414743614509684,37
2909,12,holdout,0,win,3,reverser,SL_FLOOR,0.2311450413078031,2
2913,12,holdout,0,win,1,completer,RAW,1.4063369624920026,193
2913,12,holdout,0,win,2,reverser,RAW,0.6954184749549324,22
2913,12,holdout,0,win,1,completer,SL_FLOOR,1.4063369624920026,193
2913,12,holdout,0,win,2,reverser,SL_FLOOR,0.6954184749549324,22
2915,12,holdout,0,win,1,reverser,RAW,1.9345786683837198,215
2915,12,holdout,0,win,1,reverser,SL_FLOOR,1.9345786683837198,215
2916,12,holdout,0,win,1,completer,RAW,2.277168409178737,201
2916,12,holdout,0,win,2,reverser,RAW,0.11571101145600426,3
2916,12,holdout,0,win,1,completer,SL_FLOOR,2.277168409178737,201
2916,12,holdout,0,win,2,reverser,SL_FLOOR,0.11571101145600426,3
2917,12,holdout,0,win,1,completer,RAW,0.8066726132743077,49
2917,12,holdout,0,win,2,reverser,RAW,1.3472021453807421,60
2918,12,holdout,0,win,1,completer,RAW,1.0752818096887815,58
2918,12,holdout,0,win,2,reverser,RAW,0.12119334945313387,4
2920,12,holdout,0,win,1,completer,RAW,2.2418171018473902,142
2920,12,holdout,0,win,2,completer,RAW,0.7186657688294016,27
2920,12,holdout,0,win,3,completer,RAW,0.7642762894398651,31
2920,12,holdout,0,win,4,reverser,RAW,0.956620655961645,34
2920,12,holdout,0,win,1,completer,SL_FLOOR,2.2418171018473902,142
2920,12,holdout,0,win,2,completer,SL_FLOOR,0.7186657688294016,27
2920,12,holdout,0,win,3,completer,SL_FLOOR,0.7642762894398651,31
2920,12,holdout,0,win,4,reverser,SL_FLOOR,0.956620655961645,34
2921,12,holdout,1,win,1,reverser,RAW,4.538842057417231,226
2921,12,holdout,1,win,1,reverser,SL_FLOOR,2.6883497881037335,145
2922,12,holdout,0,win,1,completer,RAW,1.4901693838340728,139
2922,12,holdout,0,win,2,reverser,RAW,0.5209331627520712,36
2923,12,holdout,0,win,1,completer,RAW,1.0331038296009958,98
2923,12,holdout,0,win,2,reverser,RAW,2.1163853951243348,78
2923,12,holdout,0,win,1,completer,SL_FLOOR,1.0331038296009958,98
2923,12,holdout,0,win,2,reverser,SL_FLOOR,2.1163853951243348,78
2924,12,holdout,0,win,1,completer,RAW,1.7345771807535093,200
2924,12,holdout,0,win,2,reverser,RAW,0.4216535231245242,38
2924,12,holdout,0,win,1,completer,SL_FLOOR,1.7345771807535093,200
2924,12,holdout,0,win,2,reverser,SL_FLOOR,0.4216535231245242,38
2925,12,holdout,0,win,1,completer,RAW,0.386441750201982,20
2925,12,holdout,0,win,2,completer,RAW,1.6264038293204677,143
2925,12,holdout,0,win,3,reverser,RAW,1.2594379232931123,47
2925,12,holdout,0,win,1,completer,SL_FLOOR,0.386441750201982,20
2925,12,holdout,0,win,2,completer,SL_FLOOR,1.6264038293204677,143
2925,12,holdout,0,win,3,reverser,SL_FLOOR,1.2594379232931123,47
2926,12,holdout,0,win,1,reverser,RAW,1.0717562141560872,146
2926,12,holdout,0,win,1,reverser,SL_FLOOR,1.0717562141560872,146
2927,12,holdout,1,win,1,reverser,RAW,3.0485549361514175,207
2927,12,holdout,1,win,1,reverser,SL_FLOOR,2.077786045868571,118
2928,12,holdout,1,win,1,reverser,RAW,3.539865015307953,208
2928,12,holdout,1,win,1,reverser,SL_FLOOR,2.5140390809410325,110
2929,12,holdout,1,win,1,reverser,RAW,4.689231925368531,218
2929,12,holdout,1,win,1,reverser,SL_FLOOR,2.2410983415517767,79
2930,12,holdout,0,win,1,completer,RAW,1.348942026878118,160
2930,12,holdout,0,win,2,completer,RAW,0.7711541798429462,32
2930,12,holdout,0,win,3,reverser,RAW,0.35976923275389927,25
2930,12,holdout,0,win,1,completer,SL_FLOOR,1.348942026878118,160
2930,12,holdout,0,win,2,completer,SL_FLOOR,0.7711541798429462,32
2930,12,holdout,0,win,3,reverser,SL_FLOOR,0.35976923275389927,25
2931,12,holdout,0,win,1,completer,RAW,1.1932442954460865,81
2931,12,holdout,0,win,2,completer,RAW,1.7242803205470953,130
2931,12,holdout,0,win,3,reverser,RAW,0.2623444904881582,6
2931,12,holdout,0,win,1,completer,SL_FLOOR,1.1932442954460865,81
2931,12,holdout,0,win,2,completer,SL_FLOOR,1.7242803205470953,130
2931,12,holdout,0,win,3,reverser,SL_FLOOR,0.2623444904881582,6
2932,12,holdout,0,win,1,reverser,RAW,1.0912612887947697,28
2933,12,holdout,1,win,1,reverser,RAW,2.3551141137087312,212
2933,12,holdout,1,win,1,reverser,SL_FLOOR,2.3551141137087312,212
2934,12,holdout,0,win,1,completer,RAW,0.8664042518647825,71
2934,12,holdout,0,win,2,completer,RAW,0.8763160097932634,39
2934,12,holdout,0,win,3,completer,RAW,0.47605590285838995,4
2934,12,holdout,0,win,4,completer,RAW,1.0946662065115333,51
2934,12,holdout,0,win,5,completer,RAW,0.37722984586575414,20
2934,12,holdout,0,win,6,completer,RAW,0.5949969980000276,30
2934,12,holdout,0,win,1,completer,SL_FLOOR,0.8664042518647825,71
2934,12,holdout,0,win,2,completer,SL_FLOOR,0.8763160097932634,39
2934,12,holdout,0,win,3,completer,SL_FLOOR,0.47605590285838995,4
2934,12,holdout,0,win,4,completer,SL_FLOOR,1.0946662065115333,51
2934,12,holdout,0,win,5,completer,SL_FLOOR,0.37722984586575414,20
2934,12,holdout,0,win,6,completer,SL_FLOOR,0.5949969980000276,30
2935,12,holdout,0,win,1,completer,RAW,2.073839175740695,112
2935,12,holdout,0,win,2,completer,RAW,2.843400642353974,104
2935,12,holdout,0,win,3,reverser,RAW,0.7206577700617478,15
2935,12,holdout,0,win,1,completer,SL_FLOOR,2.073839175740695,112
2935,12,holdout,0,win,2,completer,SL_FLOOR,2.843400642353974,104
2935,12,holdout,0,win,3,reverser,SL_FLOOR,0.7206577700617478,15
2936,12,holdout,0,win,1,completer,RAW,1.0827006565390511,42
2936,12,holdout,0,win,2,completer,RAW,1.3198480813096936,66
2936,12,holdout,0,win,3,reverser,RAW,1.1832838746314307,59
2936,12,holdout,0,win,1,completer,SL_FLOOR,1.0827006565390511,42
2936,12,holdout,0,win,2,completer,SL_FLOOR,1.3198480813096936,66
2936,12,holdout,0,win,3,reverser,SL_FLOOR,1.1832838746314307,59
2937,12,holdout,0,win,1,reverser,RAW,1.5801677473557632,92
2938,12,holdout,0,win,1,completer,RAW,0.2380657963972903,16
2938,12,holdout,0,win,2,reverser,RAW,1.1781827678845775,121
2938,12,holdout,0,win,1,completer,SL_FLOOR,0.2380657963972903,16
2938,12,holdout,0,win,2,reverser,SL_FLOOR,1.1781827678845775,121
2939,12,holdout,1,win,1,reverser,RAW,2.5940083259549507,196
2939,12,holdout,1,win,1,reverser,SL_FLOOR,1.7286793344337328,14
2940,12,holdout,1,win,1,reverser,RAW,3.416106766776145,141
2941,12,holdout,1,win,1,reverser,RAW,1.7712742914910837,149
2942,12,holdout,0,win,1,reverser,RAW,1.6563446751154212,70
2944,12,holdout,1,win,1,reverser,RAW,3.8203678912066072,217
2945,12,holdout,0,win,1,completer,RAW,0.5669238302741642,6
2945,12,holdout,0,win,2,completer,RAW,1.6251155717473766,44
2945,12,holdout,0,win,3,reverser,RAW,2.679342810911027,185
2945,12,holdout,0,win,1,completer,SL_FLOOR,0.5669238302741642,6
2945,12,holdout,0,win,2,completer,SL_FLOOR,1.6251155717473766,44
2945,12,holdout,0,win,3,reverser,SL_FLOOR,2.679342810911027,185
2949,12,holdout,1,win,1,reverser,RAW,2.2435335733896977,195
2949,12,holdout,1,win,1,reverser,SL_FLOOR,2.2435335733896977,195
2952,12,holdout,1,win,1,completer,RAW,0.4156233870700117,13
2952,12,holdout,1,win,2,reverser,RAW,4.566788679879141,206
2952,12,holdout,1,win,1,completer,SL_FLOOR,0.4156233870700117,13
2952,12,holdout,1,win,2,reverser,SL_FLOOR,3.299644207104695,143
2953,12,holdout,0,win,1,reverser,RAW,2.1334145016404453,199
2954,12,holdout,0,win,1,completer,RAW,0.6428067878290477,35
2954,12,holdout,0,win,2,reverser,RAW,2.239844868069262,153
2954,12,holdout,0,win,1,completer,SL_FLOOR,0.6428067878290477,35
2954,12,holdout,0,win,2,reverser,SL_FLOOR,2.239844868069262,153
2956,12,holdout,0,win,1,reverser,RAW,2.2430839884260605,57
2956,12,holdout,0,win,1,reverser,SL_FLOOR,2.240426305975321,48
2957,12,holdout,0,win,1,completer,RAW,0.5141802841429289,23
2957,12,holdout,0,win,2,completer,RAW,0.25453626648797556,17
2957,12,holdout,0,win,3,completer,RAW,1.4088880302260294,172
2957,12,holdout,0,win,4,completer,RAW,0.4418204759440245,2
2957,12,holdout,0,win,5,reverser,RAW,0.5737707144244064,13
2957,12,holdout,0,win,1,completer,SL_FLOOR,0.5141802841429289,23
2957,12,holdout,0,win,2,completer,SL_FLOOR,0.25453626648797556,17
2957,12,holdout,0,win,3,completer,SL_FLOOR,1.4088880302260294,172
2957,12,holdout,0,win,4,completer,SL_FLOOR,0.4418204759440245,2
2957,12,holdout,0,win,5,reverser,SL_FLOOR,0.5737707144244064,13
2958,12,holdout,1,win,1,completer,RAW,0.6367469397278259,35
2958,12,holdout,1,win,2,reverser,RAW,2.418897009716387,174
2958,12,holdout,1,win,1,completer,SL_FLOOR,0.6367469397278259,35
2958,12,holdout,1,win,2,reverser,SL_FLOOR,2.418897009716387,174
2959,12,holdout,0,win,1,reverser,RAW,1.1853223005014848,71
2960,12,holdout,0,win,1,completer,RAW,0.2584486170502287,11
2960,12,holdout,0,win,2,completer,RAW,0.6869628055668475,29
2960,12,holdout,0,win,3,completer,RAW,2.0280239629274677,75
2960,12,holdout,0,win,4,reverser,RAW,2.821556938981695,103
2960,12,holdout,0,win,1,completer,SL_FLOOR,0.2584486170502287,11
2960,12,holdout,0,win,2,completer,SL_FLOOR,0.6869628055668475,29
2960,12,holdout,0,win,3,completer,SL_FLOOR,2.0280239629274677,75
2960,12,holdout,0,win,4,reverser,SL_FLOOR,2.821556938981695,103
2961,12,holdout,0,win,1,reverser,RAW,2.2160720417571262,74
2962,12,holdout,0,win,1,reverser,RAW,2.068847836701127,96
2963,12,holdout,1,win,1,reverser,RAW,3.747288587034091,236
2963,12,holdout,1,win,1,reverser,SL_FLOOR,3.423893207275273,191
2966,12,holdout,0,win,1,completer,RAW,2.673881051154032,127
2966,12,holdout,0,win,2,reverser,RAW,1.5118580665585544,78
2966,12,holdout,0,win,1,reverser,SL_FLOOR,2.5415538514080724,23
2967,12,holdout,1,win,1,reverser,RAW,2.519053114265364,96
2968,12,holdout,0,win,1,reverser,RAW,2.4435641131399732,220
2968,12,holdout,0,win,1,reverser,SL_FLOOR,2.4435641131399732,220
2970,12,holdout,0,win,1,completer,RAW,2.820843921021778,211
2970,12,holdout,0,win,2,reverser,RAW,0.3348899184242482,7
2970,12,holdout,0,win,1,reverser,SL_FLOOR,2.1988305145441567,30
2971,12,holdout,1,win,1,reverser,RAW,2.9277442009300723,233
2971,12,holdout,1,win,1,reverser,SL_FLOOR,2.9277442009300723,123
2972,12,holdout,1,win,1,reverser,RAW,3.5892947948719414,231
2972,12,holdout,1,win,1,reverser,SL_FLOOR,2.3300978326987365,46
2973,12,holdout,0,win,1,reverser,RAW,1.2604358715315247,145
2974,12,holdout,0,win,1,completer,RAW,0.6012522830767084,15
2974,12,holdout,0,win,2,completer,RAW,0.5836791474544429,23
2974,12,holdout,0,win,3,reverser,RAW,2.5784810853783187,121
2974,12,holdout,0,win,1,completer,SL_FLOOR,0.6012522830767084,15
2974,12,holdout,0,win,2,completer,SL_FLOOR,0.5836791474544429,23
2974,12,holdout,0,win,3,reverser,SL_FLOOR,2.5784810853783187,121
2975,12,holdout,1,win,1,reverser,RAW,2.3199761590395376,209
2975,12,holdout,1,win,1,reverser,SL_FLOOR,2.035558853657541,61
2976,12,holdout,1,win,1,completer,RAW,0.4185751777899456,12
2976,12,holdout,1,win,2,reverser,RAW,4.128793763200127,217
2976,12,holdout,1,win,1,completer,SL_FLOOR,0.4185751777899456,12
2976,12,holdout,1,win,2,reverser,SL_FLOOR,3.8983124944170644,212
2977,12,holdout,1,win,1,reverser,RAW,3.498376480473854,234
2977,12,holdout,1,win,1,reverser,SL_FLOOR,3.078148189663794,183
2978,12,holdout,1,win,1,completer,RAW,0.8656059658745792,78
2978,12,holdout,1,win,2,reverser,RAW,3.8476357614592143,142
2978,12,holdout,1,win,1,completer,SL_FLOOR,0.8656059658745792,78
2978,12,holdout,1,win,2,reverser,SL_FLOOR,3.6848604563226313,103
2979,12,holdout,0,win,1,completer,RAW,0.6595851863220514,50
2979,12,holdout,0,win,2,completer,RAW,1.424435241089382,114
2979,12,holdout,0,win,3,reverser,RAW,1.3292489238782423,14
2980,12,holdout,1,win,1,completer,RAW,0.5029356290696685,20
2980,12,holdout,1,win,2,reverser,RAW,2.280087365346084,182
2980,12,holdout,1,win,1,completer,SL_FLOOR,0.5029356290696685,20
2980,12,holdout,1,win,2,reverser,SL_FLOOR,2.280087365346084,182
2981,12,holdout,0,win,1,completer,RAW,0.7913826785624725,63
2981,12,holdout,0,win,2,completer,RAW,0.6984060250701409,17
2981,12,holdout,0,win,3,completer,RAW,2.50357400848902,133
2981,12,holdout,0,win,4,reverser,RAW,0.4488208555625497,10
2981,12,holdout,0,win,1,completer,SL_FLOOR,0.7913826785624725,63
2981,12,holdout,0,win,2,completer,SL_FLOOR,0.6984060250701409,17
2981,12,holdout,0,win,3,completer,SL_FLOOR,2.50357400848902,133
2981,12,holdout,0,win,4,reverser,SL_FLOOR,0.4488208555625497,10
2982,12,holdout,0,win,1,completer,RAW,0.6612619278185798,30
2982,12,holdout,0,win,2,completer,RAW,0.6419348568593928,25
2982,12,holdout,0,win,3,completer,RAW,0.15627317375589556,1
2982,12,holdout,0,win,4,reverser,RAW,2.835833511743153,144
2982,12,holdout,0,win,1,completer,SL_FLOOR,0.6612619278185798,30
2982,12,holdout,0,win,2,completer,SL_FLOOR,0.6419348568593928,25
2982,12,holdout,0,win,3,completer,SL_FLOOR,0.15627317375589556,1
2982,12,holdout,0,win,4,reverser,SL_FLOOR,2.835833511743153,144
2983,12,holdout,0,win,1,reverser,RAW,1.0040290987603615,90
2984,12,holdout,0,win,1,reverser,RAW,2.2375772447991267,226
2984,12,holdout,0,win,1,reverser,SL_FLOOR,2.2375772447991267,226
2985,12,holdout,0,win,1,completer,RAW,1.3898608841185531,112
2985,12,holdout,0,win,2,completer,RAW,0.3447576998268125,20
2985,12,holdout,0,win,3,reverser,RAW,1.7683121811361118,58
2985,12,holdout,0,win,1,completer,SL_FLOOR,1.3898608841185531,112
2985,12,holdout,0,win,2,completer,SL_FLOOR,0.3447576998268125,20
2985,12,holdout,0,win,3,reverser,SL_FLOOR,1.7683121811361118,58
2986,12,holdout,1,win,1,completer,RAW,0.3428170192416016,19
2986,12,holdout,1,win,2,reverser,RAW,2.4767154705636303,216
2986,12,holdout,1,win,1,completer,SL_FLOOR,0.3428170192416016,19
2986,12,holdout,1,win,2,reverser,SL_FLOOR,2.4767154705636303,216
2987,12,holdout,0,win,1,completer,RAW,0.7771714465155036,66
2987,12,holdout,0,win,2,completer,RAW,0.14772931087160224,1
2987,12,holdout,0,win,3,completer,RAW,2.458616149105459,149
2987,12,holdout,0,win,4,reverser,RAW,0.4146734455061343,14
2987,12,holdout,0,win,1,completer,SL_FLOOR,0.7771714465155036,66
2987,12,holdout,0,win,2,completer,SL_FLOOR,0.14772931087160224,1
2987,12,holdout,0,win,3,completer,SL_FLOOR,2.458616149105459,149
2987,12,holdout,0,win,4,reverser,SL_FLOOR,0.4146734455061343,14
2988,12,holdout,1,win,1,reverser,RAW,3.065665380092275,167
2988,12,holdout,1,win,1,reverser,SL_FLOOR,2.6169577018910855,100
2989,12,holdout,0,win,1,completer,RAW,1.0890070791215851,139
2989,12,holdout,0,win,2,reverser,RAW,1.057615365624916,43
2989,12,holdout,0,win,1,completer,SL_FLOOR,1.0890070791215851,139
2989,12,holdout,0,win,2,reverser,SL_FLOOR,1.057615365624916,43
2990,12,holdout,1,win,1,reverser,RAW,2.7923258169714944,194
2990,12,holdout,1,win,1,reverser,SL_FLOOR,2.0327553227175827,31
2991,12,holdout,0,win,1,reverser,RAW,1.857682495002936,208
2991,12,holdout,0,win,1,reverser,SL_FLOOR,1.857682495002936,208
2992,12,holdout,1,win,1,completer,RAW,0.5516718713209524,19
2992,12,holdout,1,win,2,reverser,RAW,4.456917500599506,203
2992,12,holdout,1,win,1,completer,SL_FLOOR,0.5516718713209524,19
2992,12,holdout,1,win,2,reverser,SL_FLOOR,3.458635091887639,94
2994,12,holdout,0,win,1,completer,RAW,1.8690549375619505,51
2994,12,holdout,0,win,2,completer,RAW,0.18093350550266507,6
2994,12,holdout,0,win,3,reverser,RAW,0.18093350550266507,1
2996,12,holdout,0,win,1,completer,RAW,1.0384710529020285,42
2996,12,holdout,0,win,2,completer,RAW,0.6771425738511474,16
2996,12,holdout,0,win,3,reverser,RAW,4.359163373228267,136
2999,12,holdout,1,win,1,completer,RAW,1.9237012782534353,63
2999,12,holdout,1,win,2,completer,RAW,1.1839579569448293,45
2999,12,holdout,1,win,3,reverser,RAW,4.535535878654321,134
2999,12,holdout,1,win,1,completer,SL_FLOOR,1.9237012782534353,63
2999,12,holdout,1,win,2,completer,SL_FLOOR,1.1839579569448293,45
2999,12,holdout,1,win,3,reverser,SL_FLOOR,4.535535878654321,134
3001,12,holdout,1,win,1,completer,RAW,0.8698316413930993,38
3001,12,holdout,1,win,2,completer,RAW,0.5671800237706375,34
3001,12,holdout,1,win,3,reverser,RAW,3.9298028807482495,139
3001,12,holdout,1,win,1,completer,SL_FLOOR,0.8698316413930993,38
3001,12,holdout,1,win,2,completer,SL_FLOOR,0.5671800237706375,34
3001,12,holdout,1,win,3,reverser,SL_FLOOR,3.9298028807482495,139
3002,12,holdout,0,win,1,completer,RAW,1.4619182370481236,92
3002,12,holdout,0,win,2,reverser,RAW,1.6213113291142203,118
3002,12,holdout,0,win,1,completer,SL_FLOOR,1.4619182370481236,92
3002,12,holdout,0,win,2,reverser,SL_FLOOR,1.6213113291142203,118
3005,12,holdout,0,win,1,completer,RAW,2.685554092156671,167
3005,12,holdout,0,win,2,reverser,RAW,0.9809564584287167,20
3007,12,holdout,0,win,1,completer,RAW,2.0699174338916064,89
3007,12,holdout,0,win,2,completer,RAW,0.7234202102726499,37
3007,12,holdout,0,win,3,completer,RAW,0.6481628125778918,49
3007,12,holdout,0,win,4,reverser,RAW,1.3709050282767414,40
3007,12,holdout,0,win,1,completer,SL_FLOOR,2.0699174338916064,89
3007,12,holdout,0,win,2,completer,SL_FLOOR,0.7234202102726499,37
3007,12,holdout,0,win,3,completer,SL_FLOOR,0.6481628125778918,49
3007,12,holdout,0,win,4,reverser,SL_FLOOR,1.3709050282767414,40
3008,12,holdout,0,win,1,completer,RAW,0.734075167440958,52
3008,12,holdout,0,win,2,completer,RAW,2.0452686408634606,131
3008,12,holdout,0,win,3,reverser,RAW,2.447078206199534,35
3009,12,holdout,0,win,1,completer,RAW,2.422179448515058,168
3009,12,holdout,0,win,2,reverser,RAW,2.3853147318997987,39
3010,12,holdout,0,win,1,completer,RAW,0.43917013344647593,11
3010,12,holdout,0,win,2,completer,RAW,0.26978688826031005,10
3010,12,holdout,0,win,3,reverser,RAW,2.667211281664451,205
3010,12,holdout,0,win,1,completer,SL_FLOOR,0.43917013344647593,11
3010,12,holdout,0,win,2,completer,SL_FLOOR,0.26978688826031005,10
3010,12,holdout,0,win,3,reverser,SL_FLOOR,2.667211281664451,205
3011,12,holdout,1,win,1,completer,RAW,0.6736689617514688,41
3011,12,holdout,1,win,2,reverser,RAW,3.5414769775389847,179
3011,12,holdout,1,win,1,completer,SL_FLOOR,0.6736689617514688,41
3011,12,holdout,1,win,2,reverser,SL_FLOOR,3.148817745073528,99
3012,12,holdout,0,win,1,completer,RAW,1.702497587576524,27
3012,12,holdout,0,win,2,reverser,RAW,3.6729956116302027,50
3014,12,holdout,1,win,1,reverser,RAW,3.3620292593139434,63
3015,12,holdout,1,win,1,reverser,RAW,4.05383714700463,225
3015,12,holdout,1,win,1,reverser,SL_FLOOR,2.635042834445003,138
3016,12,holdout,0,win,1,completer,RAW,0.5221878365890298,4
3016,12,holdout,0,win,2,completer,RAW,1.265289544362302,86
3016,12,holdout,0,win,3,completer,RAW,1.650284672567238,37
3016,12,holdout,0,win,4,reverser,RAW,4.291473472728537,73
3016,12,holdout,0,win,1,completer,SL_FLOOR,0.5221878365890298,4
3016,12,holdout,0,win,2,completer,SL_FLOOR,1.265289544362302,86
3016,12,holdout,0,win,3,completer,SL_FLOOR,1.650284672567238,37
3016,12,holdout,0,win,4,reverser,SL_FLOOR,4.291473472728537,73
3017,12,holdout,0,win,1,completer,RAW,0.39983039291381717,8
3017,12,holdout,0,win,2,completer,RAW,0.5175676830824265,28
3017,12,holdout,0,win,3,completer,RAW,2.034881489042059,90
3017,12,holdout,0,win,4,reverser,RAW,2.615060910248873,74
3018,12,holdout,0,win,1,completer,RAW,1.6828047207215997,51
3018,12,holdout,0,win,2,completer,RAW,0.16290358890881995,6
3018,12,holdout,0,win,3,reverser,RAW,1.901872782277095,113
3018,12,holdout,0,win,1,completer,SL_FLOOR,1.6828047207215997,51
3018,12,holdout,0,win,2,completer,SL_FLOOR,0.16290358890881995,6
3018,12,holdout,0,win,3,reverser,SL_FLOOR,1.901872782277095,113
3019,12,holdout,0,win,1,completer,RAW,1.1511348052574109,32
3019,12,holdout,0,win,2,completer,RAW,1.3259664057220777,57
3019,12,holdout,0,win,3,completer,RAW,1.7294239452559983,37
3019,12,holdout,0,win,4,reverser,RAW,4.497270748217082,103
3019,12,holdout,0,win,1,completer,SL_FLOOR,1.1511348052574109,32
3019,12,holdout,0,win,2,completer,SL_FLOOR,1.3259664057220777,57
3019,12,holdout,0,win,3,completer,SL_FLOOR,1.7294239452559983,37
3019,12,holdout,0,win,4,reverser,SL_FLOOR,4.497270748217082,103
3021,12,holdout,0,win,1,completer,RAW,2.4131791082449734,73
3021,12,holdout,0,win,2,completer,RAW,0.15823291222098668,5
3021,12,holdout,0,win,3,reverser,RAW,3.28066179421543,151
3021,12,holdout,0,win,1,reverser,SL_FLOOR,2.1511535462069937,46
3023,12,holdout,1,win,1,reverser,RAW,3.2989888045466733,222
3023,12,holdout,1,win,1,reverser,SL_FLOOR,2.377586260218271,40
3024,12,holdout,1,win,1,reverser,RAW,4.211347321342367,233
3024,12,holdout,1,win,1,reverser,SL_FLOOR,2.698543315623483,53
3025,12,holdout,0,win,1,completer,RAW,0.11557437211345944,2
3025,12,holdout,0,win,2,completer,RAW,0.8345462329909934,11
3025,12,holdout,0,win,3,completer,RAW,1.5928701040053128,72
3025,12,holdout,0,win,4,completer,RAW,2.340203773990477,85
3025,12,holdout,0,win,5,completer,RAW,0.18825150795166756,5
3025,12,holdout,0,win,6,completer,RAW,0.939484926689115,35
3026,12,holdout,1,win,1,completer,RAW,1.2454032115399407,23
3026,12,holdout,1,win,2,completer,RAW,0.518891096952214,8
3026,12,holdout,1,win,3,reverser,RAW,5.512128136945399,167
3026,12,holdout,1,win,1,completer,SL_FLOOR,1.2454032115399407,23
3026,12,holdout,1,win,2,completer,SL_FLOOR,0.518891096952214,8
3026,12,holdout,1,win,3,reverser,SL_FLOOR,4.151451669890877,47
3027,12,holdout,0,win,1,completer,RAW,0.22122279682904833,7
3027,12,holdout,0,win,2,completer,RAW,1.0549219319865004,73
3027,12,holdout,0,win,3,reverser,RAW,2.1034448574531712,65
3027,12,holdout,0,win,1,completer,SL_FLOOR,0.22122279682904833,7
3027,12,holdout,0,win,2,completer,SL_FLOOR,1.0549219319865004,73
3027,12,holdout,0,win,3,reverser,SL_FLOOR,2.1034448574531712,65
3028,12,holdout,1,win,1,completer,RAW,1.5096987538916253,27
3028,12,holdout,1,win,2,completer,RAW,0.2837726668928724,4
3028,12,holdout,1,win,3,reverser,RAW,4.052738422585449,195
3029,12,holdout,1,win,1,completer,RAW,0.31871011599384125,12
3029,12,holdout,1,win,2,reverser,RAW,2.9297896104080126,200
3029,12,holdout,1,win,1,completer,SL_FLOOR,0.31871011599384125,12
3029,12,holdout,1,win,2,reverser,SL_FLOOR,2.9297896104080126,200
3031,12,holdout,0,win,1,completer,RAW,0.2265068212371819,7
3031,12,holdout,0,win,2,completer,RAW,1.0801193045773538,72
3031,12,holdout,0,win,3,reverser,RAW,2.3493062863857666,86
3031,12,holdout,0,win,1,completer,SL_FLOOR,0.2265068212371819,7
3031,12,holdout,0,win,2,completer,SL_FLOOR,1.0801193045773538,72
3031,12,holdout,0,win,3,reverser,SL_FLOOR,2.3493062863857666,86
3032,12,holdout,1,win,1,reverser,RAW,3.496337347470136,220
3032,12,holdout,1,win,1,reverser,SL_FLOOR,2.4195482974679514,55
3033,12,holdout,0,win,1,reverser,RAW,0.8002679076286027,11
3033,12,holdout,0,win,1,reverser,SL_FLOOR,0.8002679076286027,11
3035,12,holdout,1,win,1,reverser,RAW,3.051079608864809,228
3035,12,holdout,1,win,1,reverser,SL_FLOOR,2.8600880860412063,224
3036,12,holdout,0,win,1,completer,RAW,1.3039663293396517,82
3036,12,holdout,0,win,2,completer,RAW,0.9657216991304418,108
3036,12,holdout,0,win,3,reverser,RAW,0.33703445264138043,12
3037,12,holdout,0,win,1,completer,RAW,0.3736455104319991,27
3037,12,holdout,0,win,2,reverser,RAW,2.230317015877676,143
3037,12,holdout,0,win,1,completer,SL_FLOOR,0.3736455104319991,27
3037,12,holdout,0,win,2,reverser,SL_FLOOR,2.230317015877676,143
3038,12,holdout,0,win,1,reverser,RAW,2.9258070922414223,172
3039,12,holdout,0,win,1,completer,RAW,1.3344202718341098,106
3039,12,holdout,0,win,2,completer,RAW,0.988275987864156,80
3039,12,holdout,0,win,3,reverser,RAW,1.1402946313607996,32
3039,12,holdout,0,win,1,completer,SL_FLOOR,1.3344202718341098,106
3039,12,holdout,0,win,2,completer,SL_FLOOR,0.988275987864156,80
3039,12,holdout,0,win,3,reverser,SL_FLOOR,1.1402946313607996,32
3040,12,holdout,1,win,1,completer,RAW,0.448953392041217,20
3040,12,holdout,1,win,2,reverser,RAW,3.1344611822388235,183
3040,12,holdout,1,win,1,completer,SL_FLOOR,0.448953392041217,20
3040,12,holdout,1,win,2,reverser,SL_FLOOR,3.1344611822388235,183
3041,12,holdout,1,win,1,completer,RAW,0.5483897624497927,15
3041,12,holdout,1,win,2,completer,RAW,1.0894954104078407,34
3041,12,holdout,1,win,3,reverser,RAW,2.8751440486693287,180
3041,12,holdout,1,win,1,completer,SL_FLOOR,0.5483897624497927,15
3041,12,holdout,1,win,2,completer,SL_FLOOR,1.0894954104078407,34
3041,12,holdout,1,win,3,reverser,SL_FLOOR,2.8751440486693287,180
3042,12,holdout,1,win,1,completer,RAW,0.3467949997289782,14
3042,12,holdout,1,win,2,reverser,RAW,6.40982374748519,213
3042,12,holdout,1,win,1,completer,SL_FLOOR,0.3467949997289782,14
3042,12,holdout,1,win,2,reverser,SL_FLOOR,4.228683938810699,139
3043,12,holdout,1,win,1,reverser,RAW,2.5849155488015545,174
3043,12,holdout,1,win,1,reverser,SL_FLOOR,2.343414759280214,97
3044,12,holdout,0,win,1,completer,RAW,0.5429447332737772,30
3044,12,holdout,0,win,2,completer,RAW,0.9674788653770725,78
3044,12,holdout,0,win,3,completer,RAW,0.9385646488122035,50
3044,12,holdout,0,win,4,reverser,RAW,0.5535007170990216,22
3046,12,holdout,0,win,1,completer,RAW,1.4130158569508744,75
3046,12,holdout,0,win,2,reverser,RAW,0.5629087560210686,17
3047,12,holdout,0,win,1,completer,RAW,1.109114006367994,37
3047,12,holdout,0,win,2,completer,RAW,1.3533225949260947,75
3047,12,holdout,0,win,3,completer,RAW,1.5614934577421011,60
3047,12,holdout,0,win,4,reverser,RAW,0.6317201335964562,40
3047,12,holdout,0,win,1,completer,SL_FLOOR,1.109114006367994,37
3047,12,holdout,0,win,2,completer,SL_FLOOR,1.3533225949260947,75
3047,12,holdout,0,win,3,completer,SL_FLOOR,1.5614934577421011,60
3047,12,holdout,0,win,4,reverser,SL_FLOOR,0.6317201335964562,40
3048,12,holdout,0,win,1,completer,RAW,0.7483602123267958,39
3048,12,holdout,0,win,2,completer,RAW,0.4151135798106136,9
3048,12,holdout,0,win,3,completer,RAW,1.6079631589183834,82
3048,12,holdout,0,win,4,completer,RAW,1.018521138398441,49
3048,12,holdout,0,win,5,reverser,RAW,0.874531625215857,48
3048,12,holdout,0,win,1,completer,SL_FLOOR,0.7483602123267958,39
3048,12,holdout,0,win,2,completer,SL_FLOOR,0.4151135798106136,9
3048,12,holdout,0,win,3,completer,SL_FLOOR,1.6079631589183834,82
3048,12,holdout,0,win,4,completer,SL_FLOOR,1.018521138398441,49
3048,12,holdout,0,win,5,reverser,SL_FLOOR,0.874531625215857,48
3049,12,holdout,1,win,1,reverser,RAW,2.876737842369411,204
3049,12,holdout,1,win,1,reverser,SL_FLOOR,2.5034782795980135,97
3050,12,holdout,0,win,1,completer,RAW,0.3173214676145667,19
3050,12,holdout,0,win,2,completer,RAW,0.47314001757071944,28
3050,12,holdout,0,win,3,completer,RAW,1.302723327530391,97
3050,12,holdout,0,win,4,completer,RAW,0.9750362482234602,35
3050,12,holdout,0,win,5,reverser,RAW,1.2268202999766524,58
3050,12,holdout,0,win,1,completer,SL_FLOOR,0.3173214676145667,19
3050,12,holdout,0,win,2,completer,SL_FLOOR,0.47314001757071944,28
3050,12,holdout,0,win,3,completer,SL_FLOOR,1.302723327530391,97
3050,12,holdout,0,win,4,completer,SL_FLOOR,0.9750362482234602,35
3050,12,holdout,0,win,5,reverser,SL_FLOOR,1.2268202999766524,58
3051,12,holdout,0,win,1,completer,RAW,0.811350180454314,45
3051,12,holdout,0,win,2,reverser,RAW,1.6763836811191377,140
3052,12,holdout,0,win,1,completer,RAW,1.3326569935257842,39
3052,12,holdout,0,win,2,completer,RAW,0.724581141418531,42
3052,12,holdout,0,win,3,reverser,RAW,1.6525355510208406,127
3052,12,holdout,0,win,1,completer,SL_FLOOR,1.3326569935257842,39
3052,12,holdout,0,win,2,completer,SL_FLOOR,0.724581141418531,42
3052,12,holdout,0,win,3,reverser,SL_FLOOR,1.6525355510208406,127
3053,12,holdout,0,win,1,completer,RAW,0.5169450583196179,24
3053,12,holdout,0,win,2,completer,RAW,0.7348943519755491,56
3053,12,holdout,0,win,3,reverser,RAW,2.636200752913786,135
3054,12,holdout,0,win,1,reverser,RAW,2.1433199586121567,190
3054,12,holdout,0,win,1,reverser,SL_FLOOR,2.1433199586121567,190
3055,12,holdout,1,win,1,completer,RAW,0.4218780064558383,16
3055,12,holdout,1,win,2,reverser,RAW,3.190786188067955,208
3055,12,holdout,1,win,1,completer,SL_FLOOR,0.4218780064558383,16
3055,12,holdout,1,win,2,reverser,SL_FLOOR,3.190786188067955,208
3056,12,holdout,0,win,1,completer,RAW,0.6660665499054818,74
3056,12,holdout,0,win,2,reverser,RAW,1.8107079088047195,158
3056,12,holdout,0,win,1,completer,SL_FLOOR,0.6660665499054818,74
3056,12,holdout,0,win,2,reverser,SL_FLOOR,1.8107079088047195,158
3057,12,holdout,0,win,1,completer,RAW,2.0259606043685268,139
3057,12,holdout,0,win,2,reverser,RAW,1.052135401146502,39
3057,12,holdout,0,win,1,completer,SL_FLOOR,2.0259606043685268,139
3057,12,holdout,0,win,2,reverser,SL_FLOOR,1.052135401146502,39
3058,12,holdout,0,win,1,completer,RAW,0.20325975038790323,31
3058,12,holdout,0,win,2,reverser,RAW,1.5347397608403899,152
3058,12,holdout,0,win,1,completer,SL_FLOOR,0.20325975038790323,31
3058,12,holdout,0,win,2,reverser,SL_FLOOR,1.5347397608403899,152
3059,12,holdout,1,win,1,completer,RAW,0.5742005442241296,62
3059,12,holdout,1,win,2,reverser,RAW,2.059762607969424,159
3059,12,holdout,1,win,1,completer,SL_FLOOR,0.5742005442241296,62
3059,12,holdout,1,win,2,reverser,SL_FLOOR,2.059762607969424,159
3060,12,holdout,1,win,1,reverser,RAW,2.225382303765152,213
3060,12,holdout,1,win,1,reverser,SL_FLOOR,2.133975045990526,50
3061,12,holdout,0,win,1,completer,RAW,0.6833804837146655,46
3061,12,holdout,0,win,2,reverser,RAW,1.4119771197352637,173
3061,12,holdout,0,win,1,completer,SL_FLOOR,0.6833804837146655,46
3061,12,holdout,0,win,2,reverser,SL_FLOOR,1.4119771197352637,173
3062,12,holdout,0,win,1,completer,RAW,2.0044666000170634,196
3062,12,holdout,0,win,2,reverser,RAW,0.8156395659685258,23
3062,12,holdout,0,win,1,completer,SL_FLOOR,2.0044666000170634,196
3062,12,holdout,0,win,2,reverser,SL_FLOOR,0.8156395659685258,23
3063,12,holdout,0,win,1,completer,RAW,0.3004696278515375,29
3063,12,holdout,0,win,2,completer,RAW,1.1456231846057658,77
3063,12,holdout,0,win,3,reverser,RAW,1.2250424695004374,97
3063,12,holdout,0,win,1,completer,SL_FLOOR,0.3004696278515375,29
3063,12,holdout,0,win,2,completer,SL_FLOOR,1.1456231846057658,77
3063,12,holdout,0,win,3,reverser,SL_FLOOR,1.2250424695004374,97
3064,12,holdout,0,win,1,completer,RAW,0.6984670673683872,36
3064,12,holdout,0,win,2,completer,RAW,0.7506169952869759,54
3064,12,holdout,0,win,3,completer,RAW,1.1143841154402505,81
3064,12,holdout,0,win,4,reverser,RAW,1.6653780259897517,54
3064,12,holdout,0,win,1,completer,SL_FLOOR,0.6984670673683872,36
3064,12,holdout,0,win,2,completer,SL_FLOOR,0.7506169952869759,54
3064,12,holdout,0,win,3,completer,SL_FLOOR,1.1143841154402505,81
3064,12,holdout,0,win,4,reverser,SL_FLOOR,1.6653780259897517,54
3065,12,holdout,0,win,1,completer,RAW,1.9044557280049208,139
3065,12,holdout,0,win,2,reverser,RAW,0.9890346767008138,62
3065,12,holdout,0,win,1,completer,SL_FLOOR,1.9044557280049208,139
3065,12,holdout,0,win,2,reverser,SL_FLOOR,0.9890346767008138,62
3068,12,holdout,0,win,1,reverser,RAW,2.7283706707449555,107
3068,12,holdout,0,win,1,reverser,SL_FLOOR,2.1759202441805328,90
3071,12,holdout,1,win,1,reverser,RAW,3.6947393335402943,128
3071,12,holdout,1,win,1,reverser,SL_FLOOR,2.5852618235217673,86
3072,12,holdout,0,win,1,completer,RAW,0.32091772568744004,15
3072,12,holdout,0,win,2,completer,RAW,1.1758160794774817,33
3072,12,holdout,0,win,3,completer,RAW,1.699209731062529,93
3072,12,holdout,0,win,4,completer,RAW,1.7104583936123752,47
3072,12,holdout,0,win,5,reverser,RAW,2.153788035283682,42
3072,12,holdout,0,win,1,completer,SL_FLOOR,0.32091772568744004,15
3072,12,holdout,0,win,2,completer,SL_FLOOR,1.1758160794774817,33
3072,12,holdout,0,win,3,completer,SL_FLOOR,1.699209731062529,93
3072,12,holdout,0,win,4,completer,SL_FLOOR,1.7104583936123752,47
3072,12,holdout,0,win,5,reverser,SL_FLOOR,2.153788035283682,42
3073,12,holdout,0,win,1,completer,RAW,0.3853779861947375,21
3073,12,holdout,0,win,2,completer,RAW,1.144360700350124,31
3073,12,holdout,0,win,3,completer,RAW,1.805625371162869,134
3073,12,holdout,0,win,4,reverser,RAW,3.58103271285833,47
3073,12,holdout,0,win,1,completer,SL_FLOOR,0.3853779861947375,21
3073,12,holdout,0,win,2,completer,SL_FLOOR,1.144360700350124,31
3073,12,holdout,0,win,3,completer,SL_FLOOR,1.805625371162869,134
3073,12,holdout,0,win,4,reverser,SL_FLOOR,3.58103271285833,47
3075,12,holdout,0,win,1,completer,RAW,1.1729606221592763,50
3075,12,holdout,0,win,2,completer,RAW,1.5497376208337896,90
3075,12,holdout,0,win,3,reverser,RAW,2.500938066630354,65
3075,12,holdout,0,win,1,completer,SL_FLOOR,1.1729606221592763,50
3075,12,holdout,0,win,2,completer,SL_FLOOR,1.5497376208337896,90
3075,12,holdout,0,win,3,reverser,SL_FLOOR,2.500938066630354,65
3076,12,holdout,0,win,1,completer,RAW,0.33044694754620596,8
3076,12,holdout,0,win,2,completer,RAW,1.2288495861874522,68
3076,12,holdout,0,win,3,completer,RAW,0.13203125805976867,5
3076,12,holdout,0,win,4,completer,RAW,0.48239353503394966,9
3076,12,holdout,0,win,5,completer,RAW,0.899877848228499,20
3076,12,holdout,0,win,6,reverser,RAW,2.084471146798144,52
3077,12,holdout,0,win,1,completer,RAW,0.3506793178456269,15
3077,12,holdout,0,win,2,completer,RAW,0.7207579171039857,14
3077,12,holdout,0,win,3,completer,RAW,0.925196498145922,35
3077,12,holdout,0,win,4,reverser,RAW,1.7160902788190628,33
3078,12,holdout,0,win,1,reverser,RAW,2.1454515345502263,175
3078,12,holdout,0,win,1,reverser,SL_FLOOR,2.1454515345502263,175
3080,12,holdout,0,win,1,completer,RAW,0.38300672592124885,8
3080,12,holdout,0,win,2,completer,RAW,0.31461266772103436,4
3080,12,holdout,0,win,3,completer,RAW,1.4243062620196423,66
3080,12,holdout,0,win,4,completer,RAW,0.3077732619009863,9
3080,12,holdout,0,win,5,completer,RAW,0.7172826853748235,9
3080,12,holdout,0,win,6,completer,RAW,1.0430093875533908,16
3080,12,holdout,0,win,1,completer,SL_FLOOR,0.38300672592124885,8
3080,12,holdout,0,win,2,completer,SL_FLOOR,0.31461266772103436,4
3080,12,holdout,0,win,3,completer,SL_FLOOR,1.4243062620196423,66
3080,12,holdout,0,win,4,completer,SL_FLOOR,0.3077732619009863,9
3080,12,holdout,0,win,5,completer,SL_FLOOR,0.7172826853748235,9
3080,12,holdout,0,win,6,completer,SL_FLOOR,1.0430093875533908,16
3081,12,holdout,0,win,1,completer,RAW,0.34172553281545004,17
3081,12,holdout,0,win,2,completer,RAW,0.7023550312760056,14
3081,12,holdout,0,win,3,completer,RAW,0.9015737461514122,35
3081,12,holdout,0,win,4,reverser,RAW,1.6722738839905373,69
3082,12,holdout,1,win,1,completer,RAW,0.7739854876717286,30
3082,12,holdout,1,win,2,reverser,RAW,2.3679822990539057,159
3082,12,holdout,1,win,1,completer,SL_FLOOR,0.7739854876717286,30
3082,12,holdout,1,win,2,reverser,SL_FLOOR,2.3679822990539057,159
3083,12,holdout,0,win,1,completer,RAW,1.5401590200128252,47
3083,12,holdout,0,win,2,completer,RAW,1.9393491722018485,59
3083,12,holdout,0,win,3,completer,RAW,3.1500273651094313,101
3083,12,holdout,0,win,4,reverser,RAW,1.2702588126372834,5
3083,12,holdout,0,win,1,completer,SL_FLOOR,1.5401590200128252,47
3083,12,holdout,0,win,2,completer,SL_FLOOR,1.9393491722018485,59
3083,12,holdout,0,win,3,completer,SL_FLOOR,3.1500273651094313,101
3083,12,holdout,0,win,4,reverser,SL_FLOOR,1.2702588126372834,5
3084,12,holdout,1,win,1,completer,RAW,0.46363000077977934,2
3084,12,holdout,1,win,2,completer,RAW,0.48684051396024275,11
3084,12,holdout,1,win,3,completer,RAW,0.49786550772101057,2
3084,12,holdout,1,win,4,reverser,RAW,4.574211885040336,145
3085,12,holdout,1,win,1,completer,RAW,1.7689557370745077,48
3085,12,holdout,1,win,2,reverser,RAW,4.423350522721628,166
3085,12,holdout,1,win,1,completer,SL_FLOOR,1.7689557370745077,48
3085,12,holdout,1,win,2,reverser,SL_FLOOR,3.5083071290599626,12
3087,12,holdout,1,win,1,completer,RAW,0.11037644821628567,5
3087,12,holdout,1,win,2,reverser,RAW,5.246969306874886,229
3087,12,holdout,1,win,1,completer,SL_FLOOR,0.11037644821628567,5
3087,12,holdout,1,win,2,reverser,SL_FLOOR,3.9524307166836996,127
3088,12,holdout,1,win,1,completer,RAW,1.9301109738416917,47
3088,12,holdout,1,win,2,reverser,RAW,4.826326179971453,187
3088,12,holdout,1,win,1,completer,SL_FLOOR,1.9301109738416917,47
3088,12,holdout,1,win,2,reverser,SL_FLOOR,3.82792059037284,13
3089,12,holdout,1,win,1,completer,RAW,0.15120331610491466,4
3089,12,holdout,1,win,2,completer,RAW,0.3600078954878554,11
3089,12,holdout,1,win,3,completer,RAW,0.2175476282733948,3
3089,12,holdout,1,win,4,reverser,RAW,5.872757369394319,168
3089,12,holdout,1,win,1,completer,SL_FLOOR,0.15120331610491466,4
3089,12,holdout,1,win,2,completer,SL_FLOOR,0.3600078954878554,11
3089,12,holdout,1,win,3,completer,SL_FLOOR,0.2175476282733948,3
3089,12,holdout,1,win,4,reverser,SL_FLOOR,5.107997739979359,142
3090,12,holdout,0,win,1,completer,RAW,1.74919298002556,47
3090,12,holdout,0,win,2,completer,RAW,2.2025621469954486,53
3090,12,holdout,0,win,3,completer,RAW,0.7331723767341143,21
3090,12,holdout,0,win,4,reverser,RAW,3.5775563966712642,117
3090,12,holdout,0,win,1,completer,SL_FLOOR,1.74919298002556,47
3090,12,holdout,0,win,2,completer,SL_FLOOR,2.2025621469954486,53
3090,12,holdout,0,win,3,completer,SL_FLOOR,0.7331723767341143,21
3090,12,holdout,0,win,4,reverser,SL_FLOOR,3.5775563966712642,117
3092,12,holdout,1,win,1,reverser,RAW,6.27482285159428,208
3092,12,holdout,1,win,1,reverser,SL_FLOOR,2.390251926415662,53
3095,12,holdout,1,win,1,completer,RAW,0.14665359103840592,6
3095,12,holdout,1,win,2,completer,RAW,0.25190497780403964,7
3095,12,holdout,1,win,3,completer,RAW,0.34917521675807395,8
3095,12,holdout,1,win,4,reverser,RAW,6.449765075260161,203
3095,12,holdout,1,win,1,completer,SL_FLOOR,0.14665359103840592,6
3095,12,holdout,1,win,2,completer,SL_FLOOR,0.25190497780403964,7
3095,12,holdout,1,win,3,completer,SL_FLOOR,0.34917521675807395,8
3095,12,holdout,1,win,4,reverser,SL_FLOOR,5.696045428800915,148
3098,12,holdout,1,win,1,reverser,RAW,5.034207619680708,230
3098,12,holdout,1,win,1,reverser,SL_FLOOR,2.573398976047188,108
3099,12,holdout,1,win,1,reverser,RAW,2.1310395915232947,196
3099,12,holdout,1,win,1,reverser,SL_FLOOR,2.1310395915232947,196
3100,12,holdout,1,win,1,reverser,RAW,2.712857444885242,205
3100,12,holdout,1,win,1,reverser,SL_FLOOR,2.208930347766903,36
3101,12,holdout,1,win,1,reverser,RAW,2.3409941699949264,235
3101,12,holdout,1,win,1,reverser,SL_FLOOR,2.3409941699949264,235
3102,12,holdout,1,win,1,completer,RAW,0.8990841157009422,87
3102,12,holdout,1,win,2,reverser,RAW,2.9901626249542512,112
3102,12,holdout,1,win,1,completer,SL_FLOOR,0.8990841157009422,87
3102,12,holdout,1,win,2,reverser,SL_FLOOR,2.9901626249542512,112
3103,12,holdout,0,win,1,completer,RAW,2.244286623597003,133
3103,12,holdout,0,win,2,reverser,RAW,1.5844841517618466,84
3103,12,holdout,0,win,1,reverser,SL_FLOOR,2.157020217830424,36
3104,12,holdout,0,win,1,completer,RAW,0.5077717415882689,32
3104,12,holdout,0,win,2,completer,RAW,1.048369131117632,43
3104,12,holdout,0,win,3,completer,RAW,0.4041657902743214,39
3104,12,holdout,0,win,4,completer,RAW,1.1078656180108304,39
3104,12,holdout,0,win,5,completer,RAW,0.5898358614409345,27
3104,12,holdout,0,win,6,reverser,RAW,2.1182800936966126,54
3104,12,holdout,0,win,1,completer,SL_FLOOR,0.5077717415882689,32
3104,12,holdout,0,win,2,completer,SL_FLOOR,1.048369131117632,43
3104,12,holdout,0,win,3,completer,SL_FLOOR,0.4041657902743214,39
3104,12,holdout,0,win,4,completer,SL_FLOOR,1.1078656180108304,39
3104,12,holdout,0,win,5,completer,SL_FLOOR,0.5898358614409345,27
3104,12,holdout,0,win,6,reverser,SL_FLOOR,2.1182800936966126,54
3106,12,holdout,1,win,1,completer,RAW,1.1142637801724664,50
3106,12,holdout,1,win,2,reverser,RAW,3.705804442128747,191
3106,12,holdout,1,win,1,completer,SL_FLOOR,1.1142637801724664,50
3106,12,holdout,1,win,2,reverser,SL_FLOOR,3.705804442128747,191
3107,12,holdout,1,win,1,reverser,RAW,2.670104967616784,232
3107,12,holdout,1,win,1,reverser,SL_FLOOR,2.670104967616784,232
3112,12,holdout,0,win,1,completer,RAW,0.4821797412981772,6
3112,12,holdout,0,win,2,completer,RAW,1.1481499669476523,72
3112,12,holdout,0,win,3,reverser,RAW,2.30603001836093,106
3112,12,holdout,0,win,1,completer,SL_FLOOR,0.4821797412981772,6
3112,12,holdout,0,win,2,completer,SL_FLOOR,1.1481499669476523,72
3112,12,holdout,0,win,3,reverser,SL_FLOOR,2.30603001836093,106
3113,12,holdout,0,win,1,reverser,RAW,0.9944087382997187,17
3117,12,holdout,1,win,1,reverser,RAW,2.722720892326322,201
3117,12,holdout,1,win,1,reverser,SL_FLOOR,2.463759883011731,144
3120,12,holdout,0,win,1,completer,RAW,0.48867974093108013,15
3120,12,holdout,0,win,2,reverser,RAW,0.9697535714974805,52
3122,12,holdout,1,win,1,reverser,RAW,2.542422217235611,144
3122,12,holdout,1,win,1,reverser,SL_FLOOR,2.246636177346757,75
3124,12,holdout,0,win,1,completer,RAW,0.7836678040850971,33
3124,12,holdout,0,win,2,completer,RAW,0.36653829570817775,19
3124,12,holdout,0,win,3,reverser,RAW,1.8168197255466567,52
3124,12,holdout,0,win,1,completer,SL_FLOOR,0.7836678040850971,33
3124,12,holdout,0,win,2,completer,SL_FLOOR,0.36653829570817775,19
3124,12,holdout,0,win,3,reverser,SL_FLOOR,1.8168197255466567,52
3125,12,holdout,0,win,1,completer,RAW,0.21881260293418436,19
3125,12,holdout,0,win,2,reverser,RAW,1.3153668426858736,64
3125,12,holdout,0,win,1,completer,SL_FLOOR,0.21881260293418436,19
3125,12,holdout,0,win,2,reverser,SL_FLOOR,1.3153668426858736,64
3127,12,holdout,0,win,1,completer,RAW,0.8588812664236867,44
3127,12,holdout,0,win,2,completer,RAW,0.4066096122056275,31
3127,12,holdout,0,win,3,reverser,RAW,1.9911911891835263,52
3127,12,holdout,0,win,1,completer,SL_FLOOR,0.8588812664236867,44
3127,12,holdout,0,win,2,completer,SL_FLOOR,0.4066096122056275,31
3127,12,holdout,0,win,3,reverser,SL_FLOOR,1.9911911891835263,52
3128,12,holdout,0,win,1,completer,RAW,0.8024735229947635,56
3128,12,holdout,0,win,2,completer,RAW,0.2261334366543961,14
3128,12,holdout,0,win,3,reverser,RAW,1.5849352374360226,58
3128,12,holdout,0,win,1,completer,SL_FLOOR,0.8024735229947635,56
3128,12,holdout,0,win,2,completer,SL_FLOOR,0.2261334366543961,14
3128,12,holdout,0,win,3,reverser,SL_FLOOR,1.5849352374360226,58
3129,12,holdout,0,win,1,completer,RAW,1.4063495567918678,72
3129,12,holdout,0,win,2,completer,RAW,0.4493242609121162,17
3129,12,holdout,0,win,3,reverser,RAW,0.09800222068712783,3
3129,12,holdout,0,win,1,completer,SL_FLOOR,1.4063495567918678,72
3129,12,holdout,0,win,2,completer,SL_FLOOR,0.4493242609121162,17
3129,12,holdout,0,win,3,reverser,SL_FLOOR,0.09800222068712783,3
3130,12,holdout,0,win,1,reverser,RAW,2.1322734348084436,100
3130,12,holdout,0,win,1,reverser,SL_FLOOR,2.1322734348084436,46
3131,12,holdout,0,win,1,completer,RAW,1.2538687671286004,81
3131,12,holdout,0,win,2,reverser,RAW,0.1611891672962713,10
3131,12,holdout,0,win,1,completer,SL_FLOOR,1.2538687671286004,81
3131,12,holdout,0,win,2,reverser,SL_FLOOR,0.1611891672962713,10
3134,12,holdout,0,win,1,reverser,RAW,0.38142589755945644,7
3134,12,holdout,0,win,1,reverser,SL_FLOOR,0.38142589755945644,7
3138,12,holdout,1,win,1,reverser,RAW,1.4699320953649913,63
3138,12,holdout,1,win,1,reverser,SL_FLOOR,1.4699320953649913,63
3141,12,holdout,0,win,1,completer,RAW,0.2614484736195277,26
3141,12,holdout,0,win,2,reverser,RAW,1.672585213330057,22
3141,12,holdout,0,win,1,completer,SL_FLOOR,0.2614484736195277,26
3141,12,holdout,0,win,2,reverser,SL_FLOOR,1.672585213330057,22
3143,12,holdout,0,win,1,completer,RAW,0.38988156027773613,17
3143,12,holdout,0,win,2,reverser,RAW,0.10200892264472872,3
3143,12,holdout,0,win,1,completer,SL_FLOOR,0.38988156027773613,17
3143,12,holdout,0,win,2,reverser,SL_FLOOR,0.10200892264472872,3
3144,12,holdout,0,win,1,reverser,RAW,0.5922707764567715,19
3144,12,holdout,0,win,1,reverser,SL_FLOOR,0.5922707764567715,19
3146,12,holdout,0,win,1,reverser,RAW,0.46632374797307174,19
3146,12,holdout,0,win,1,reverser,SL_FLOOR,0.46632374797307174,19
3147,12,holdout,0,win,1,reverser,RAW,0.6153270472623995,13
3147,12,holdout,0,win,1,reverser,SL_FLOOR,0.6153270472623995,13
3149,12,holdout,0,win,1,reverser,RAW,0.5785065957502602,19
3149,12,holdout,0,win,1,reverser,SL_FLOOR,0.5785065957502602,19
