{
  "ending_equity": 39483.64427985847,
  "full_data_annualised_roi_pct": 29.89049410183451,
  "full_data_max_dd_pct": 6.8017951266300685,
  "full_data_roi_pct": 294.8364427985847,
  "n_trades": 599
}
