trade_id,pair,signal_bar_time,entry_time,entry_price,sl_at_entry_price,exit_time,exit_price,exit_reason,final_r,bars_held,mfe_r,mae_r,spread_pips_used,spread_pips_exit,L1_value,L0_value,L1_age_d1_bars,L0_age_d1_bars,L1_to_atr_proximity,reject_buffer_atr,upper_fraction,atr14_at_signal,d_t_idx,d_for_l1_search_max,time_to_peak_mfe,calendar_year
1,NZD_CHF,2020-10-07 04:00:00,2020-10-07 08:00:00,0.605375,0.6016171742,2020-10-08 00:00:00,0.6015321742,stoploss,-1.022619463,5,8.916059959,-2.787516134,1.7,1.7,0.60477,0.60247,5,9,-0.6439894076,0.2767557785,0.9351351351,0.001878912892,12,8,0,2020
2,EUR_GBP,2020-10-12 08:00:00,2020-10-12 12:00:00,0.90753,0.9026128505,2020-10-13 08:00:00,0.9025728505,stoploss,-1.008134794,6,1.480532571,-4.358216071,0.8,0.8,0.90438,0.90247,6,10,0.18710027,1.260893124,0.992481203,0.002458574753,15,11,0,2020
3,NZD_CHF,2020-10-13 08:00:00,2020-10-13 12:00:00,0.606825,0.6032513653,2020-10-15 12:00:00,0.6031663653,stoploss,-1.023785308,13,8.969859298,-3.336938765,1.7,1.7,0.60477,0.60247,9,13,-0.1119308601,1.091325886,1,0.001786817325,16,12,6,2020
4,AUD_NZD,2020-10-14 04:00:00,2020-10-14 08:00:00,1.076475,1.072295765,2020-10-15 00:00:00,1.072190765,stoploss,-1.025124218,5,0.5467508324,-8.325687184,2.1,2.1,1.07586,1.07162,6,13,-0.3541318302,0.2440638289,0.6281407035,0.002089617303,17,13,2,2020
5,NZD_JPY,2020-10-15 16:00:00,2020-10-15 20:00:00,69.471,68.98867619,2020-10-29 12:00:00,68.98367619,stoploss,-1.01036648,59,9.466669243,-1.235684378,1,1,69.405,68.63,5,15,-0.8168785987,0.2487955123,0.9771863118,0.2411619062,18,14,41,2020
6,EUR_GBP,2020-10-15 20:00:00,2020-10-16 00:00:00,0.90698,0.9014920939,2020-10-21 16:00:00,0.9014520939,stoploss,-1.007288754,23,1.426773689,-3.804729837,0.8,0.8,0.90438,0.90247,9,13,0.1494194668,0.9438937047,0.7465753425,0.00274395304,18,14,17,2020
7,AUD_USD,2020-10-19 00:00:00,2020-10-19 04:00:00,0.71038,0.7054968447,2020-10-20 00:00:00,0.7054468447,stoploss,-1.010239281,6,9.583967114,-2.312029673,1,1,0.7095,0.70056,8,16,-0.9461095741,0.3440398451,0.8823529412,0.00244157766,20,16,2,2020
8,CAD_CHF,2020-10-20 16:00:00,2020-10-20 20:00:00,0.691515,0.6879622065,2020-10-21 16:00:00,0.6878872065,stoploss,-1.021110149,6,3.789975373,-2.756985428,1.5,1.5,0.68797,0.68587,9,15,0.02814686501,1.959021805,0.9397260274,0.001776396767,21,17,2,2020
9,CAD_JPY,2020-10-22 04:00:00,2020-10-22 08:00:00,79.518,79.11441032,2020-10-28 00:00:00,79.10841032,stoploss,-1.014866584,23,6.444664323,-3.976811318,1.2,1.2,79.443,78.565,5,16,-0.01982211249,0.3419314405,0.7684210526,0.2017948391,23,19,4,2020
10,AUD_USD,2020-10-22 12:00:00,2020-10-22 16:00:00,0.71039,0.7052992347,2020-10-28 12:00:00,0.7052492347,stoploss,-1.009821706,24,10.51904718,-2.219705567,1,1,0.7095,0.70056,11,19,-0.1335752023,0.3300093232,0.7151515152,0.002545382633,23,19,5,2020
11,CAD_CHF,2020-10-27 08:00:00,2020-10-27 12:00:00,0.689105,0.6861842368,2020-10-28 12:00:00,0.6861092368,stoploss,-1.02567822,7,5.435223145,-2.528448688,1.5,1.5,0.68797,0.68587,14,20,-0.2807485341,0.7189901484,0.9358974359,0.001460381623,26,22,0,2020
12,EUR_GBP,2020-10-28 08:00:00,2020-10-28 12:00:00,0.90564,0.9008174631,2020-10-29 08:00:00,0.9007774631,stoploss,-1.00829439,6,3.593544311,-4.051809339,0.8,0.8,0.90108,0.90067,5,10,0.1575934031,1.874532059,0.8054474708,0.002411268444,27,23,0,2020
13,GBP_JPY,2020-10-28 16:00:00,2020-10-28 20:00:00,135.51,134.6981693,2020-10-29 12:00:00,134.6881693,stoploss,-1.01231784,5,6.401581379,-1.367280225,2,2,135.337,135.044,8,18,-0.4705414829,0.4114158516,0.6520947177,0.4059153272,27,23,3,2020
14,CAD_CHF,2020-11-02 08:00:00,2020-11-02 12:00:00,0.688985,0.6854228343,2020-12-29 12:00:00,0.690775,time_exit,0.5025032982,240,4.490245952,-0.7874423193,1.5,1.5,0.68797,0.68587,18,24,-0.4154775873,0.5165397032,0.9273743017,0.001781082837,30,26,42,2020
15,GBP_JPY,2020-11-03 00:00:00,2020-11-03 04:00:00,135.412,134.5722277,2020-12-30 04:00:00,139.914,time_exit,5.360977007,240,6.903061685,-0.4012992562,2,2.4,135.337,135.044,12,22,-0.4453588184,0.1548038674,0.9032258065,0.4198861508,31,27,224,2020
16,EUR_GBP,2020-11-03 04:00:00,2020-11-03 08:00:00,0.90179,0.896930333,2020-11-03 16:00:00,0.896890333,stoploss,-1.008231017,3,4.358323348,-3.228616304,0.8,0.8,0.90108,0.90067,9,14,-0.2057754177,0.2798545681,0.8082191781,0.002429833483,31,27,1,2020
17,AUD_JPY,2020-11-03 08:00:00,2020-11-03 12:00:00,74.598,73.90106974,2020-12-30 12:00:00,78.954,time_exit,6.25026667,240,6.563066976,-0.7633475364,0.8,0.8,74.185,73.972,8,28,-1.449212428,1.17371858,0.9176706827,0.348465132,31,27,238,2020
18,CAD_JPY,2020-11-03 08:00:00,2020-11-03 12:00:00,79.676,79.1227903,2020-11-04 08:00:00,79.1167903,stoploss,-1.010845797,6,4.416046926,-1.451529137,1.2,1.2,79.443,78.565,13,24,-1.663022174,0.8134347592,0.9607293128,0.2766048506,31,27,3,2020
19,EUR_USD,2020-11-03 08:00:00,2020-11-03 12:00:00,1.169685,1.164743034,2020-11-04 04:00:00,1.164708034,stoploss,-1.007082201,5,12.10348224,-1.921300073,0.7,0.7,1.16882,1.16122,13,27,-1.416440285,0.331851724,0.9751693002,0.002470983095,31,27,3,2020
20,GBP_AUD,2020-11-03 12:00:00,2020-11-03 16:00:00,1.82472,1.810969314,2020-11-04 16:00:00,1.810769314,stoploss,-1.014544729,7,0.826140603,-5.974247406,4,4,1.82153,1.79573,4,17,-0.3723450605,0.4348873949,0.8043478261,0.006875342986,31,27,3,2020
21,GBP_CAD,2020-11-05 00:00:00,2020-11-05 04:00:00,1.70567,1.692383631,2020-12-10 16:00:00,1.692123631,stoploss,-1.019568928,154,3.313922763,-2.166129846,2.8,5.2,1.69596,1.69049,12,16,0.2483748607,1.442079494,0.9588875453,0.006643184399,33,29,75,2020
22,GBP_NZD,2020-11-05 20:00:00,2020-11-06 00:00:00,1.94115,1.92585736,2020-11-09 12:00:00,1.92561736,stoploss,-1.015693824,10,0.4740842579,-5.824370325,4.8,4.8,1.93944,1.93434,6,16,-0.6277529484,0.4263488775,1,0.00764632012,33,29,0,2020
23,EUR_CAD,2020-11-06 12:00:00,2020-11-06 16:00:00,1.552195,1.541553175,2020-11-09 12:00:00,1.541368175,stoploss,-1.017384236,6,2.477488546,-1.962539286,3.7,3.7,1.54995,1.53889,10,17,-0.1653851637,0.3927897637,0.820441989,0.005320912592,34,30,0,2020
24,EUR_GBP,2020-11-06 12:00:00,2020-11-06 16:00:00,0.90428,0.8979068204,2020-11-09 20:00:00,0.8978668204,stoploss,-1.006276302,8,2.932602111,-2.85257926,0.8,0.8,0.90108,0.90067,12,17,0.2447757781,0.9916557165,0.6780626781,0.003186589809,34,30,0,2020
25,EUR_CAD,2020-11-12 20:00:00,2020-11-13 00:00:00,1.55132,1.542568138,2020-12-10 16:00:00,1.542383138,stoploss,-1.02113836,119,3.112480683,-1.260303302,1.8,3.7,1.54995,1.53889,14,21,-0.2468046357,0.2399489513,0.6826923077,0.004375930773,38,34,88,2020
26,USD_CHF,2020-11-23 16:00:00,2020-11-23 20:00:00,0.912145,0.9076428443,2020-11-26 00:00:00,0.9075978443,stoploss,-1.009995212,14,0.3875921011,-8.079462853,0.9,0.9,0.90881,0.8975,4,10,-0.5286356451,1.47040671,0.6276150628,0.002251077866,45,41,9,2020
27,USD_CAD,2020-11-24 12:00:00,2020-11-24 16:00:00,1.307455,1.30106102,2020-11-24 20:00:00,1.30099602,stoploss,-1.010165812,2,0.2541452918,-7.59542529,1.3,1.3,1.3034,1.29281,4,11,-0.2033162334,1.241792995,0.9094488189,0.003196990171,46,42,0,2020
28,AUD_CHF,2020-12-02 16:00:00,2020-12-02 20:00:00,0.66289,0.6581582282,2020-12-08 16:00:00,0.6580882282,stoploss,-1.014793613,24,6.056927768,-1.024986032,1.4,1.4,0.66175,0.66044,8,13,-1.149675054,0.452261878,0.9176755448,0.002365885899,52,48,3,2020
29,GBP_CHF,2020-12-03 12:00:00,2020-12-03 16:00:00,1.200425,1.192453058,2020-12-07 08:00:00,1.192358058,stoploss,-1.011916796,11,3.628350739,-4.0297586,1.9,1.9,1.19876,1.17906,14,20,-0.215756725,0.3938814631,0.972,0.003985970773,53,49,6,2020
30,EUR_CHF,2020-12-07 00:00:00,2020-12-07 04:00:00,1.08091,1.077301864,2020-12-08 12:00:00,1.077251864,stoploss,-1.013857571,9,2.297585215,-2.045377429,1,1,1.07911,1.06595,6,23,0.1662908479,0.9700299459,0.7591623037,0.001804068016,55,51,1,2020
31,AUD_CAD,2020-12-07 12:00:00,2020-12-07 16:00:00,0.949905,0.9445872624,2021-02-03 16:00:00,0.974715,time_exit,4.665517874,240,7.549263001,-0.4861089764,1.9,1.9,0.94933,0.92987,11,24,-1.353959238,0.1805278984,0.8535564854,0.002658868819,55,51,122,2020
32,AUD_CHF,2020-12-09 08:00:00,2020-12-09 12:00:00,0.66392,0.6600698486,2020-12-10 00:00:00,0.6599998486,stoploss,-1.018181103,4,7.176341116,-1.127228391,1.4,1.4,0.66175,0.66044,13,18,-0.5817952986,1.080476983,0.9384164223,0.001925075714,57,53,0,2020
33,EUR_CAD,2020-12-10 20:00:00,2020-12-11 00:00:00,1.54599,1.538311723,2021-01-14 12:00:00,1.538126723,stoploss,-1.024093948,136,4.241837273,-2.494049241,1.8,3.7,1.5446,1.53131,11,23,-0.6511877914,0.3386176515,0.7089552239,0.003839138314,58,54,46,2020
34,USD_JPY,2020-12-14 16:00:00,2020-12-14 20:00:00,104.013,103.5648942,2020-12-16 04:00:00,103.5618942,stoploss,-1.006694848,9,3.916485919,-3.173357821,0.6,0.6,103.672,103.651,7,18,-0.7141170906,1.508572354,0.8426395939,0.2240528929,60,56,2,2020
35,CHF_JPY,2020-12-18 00:00:00,2020-12-18 04:00:00,116.816,116.2646392,2020-12-23 12:00:00,116.2536392,stoploss,-1.019950637,21,3.670917154,-1.209734062,2.2,2.2,116.647,113.706,5,19,-0.9467483963,0.5767547702,0.9130434783,0.2756804247,64,60,2,2020
36,USD_JPY,2020-12-21 08:00:00,2020-12-21 12:00:00,103.74,103.2558709,2020-12-30 08:00:00,103.2528709,stoploss,-1.006196695,36,5.130863069,-2.373334004,0.6,0.6,103.672,103.651,12,23,-1.094749367,0.2726545592,0.9969879518,0.2420645383,65,61,25,2020
37,NZD_JPY,2020-12-21 16:00:00,2020-12-21 20:00:00,73.344,72.8113669,2020-12-22 08:00:00,72.8063669,stoploss,-1.009387325,4,6.343954186,-1.008198697,1,1,73.022,71.52,7,22,-0.7434761343,1.182802941,0.9193548387,0.2663165512,65,61,0,2020
38,CHF_JPY,2020-12-24 00:00:00,2020-12-24 04:00:00,116.732,116.1621994,2020-12-28 00:00:00,116.1511994,stoploss,-1.019304998,6,3.74692463,-1.023164899,2.2,2.2,116.647,113.706,9,23,-1.21445988,0.2597399744,0.8624229979,0.284900313,68,64,0,2020
39,EUR_GBP,2020-12-24 16:00:00,2020-12-24 20:00:00,0.89996,0.8923319907,2021-01-12 16:00:00,0.8922919907,stoploss,-1.005243832,66,1.225745745,-4.803350171,0.8,0.8,0.8982,0.88664,5,23,-0.6895639165,0.4483476415,0.8330134357,0.003814004673,68,64,9,2020
40,CHF_JPY,2020-12-30 12:00:00,2020-12-30 16:00:00,116.743,116.1639029,2021-02-25 16:00:00,117.061,time_exit,0.5491306757,240,3.667778476,-0.9877444859,2.2,2.2,116.647,113.706,12,26,-0.566398936,0.2970140762,0.6443298969,0.2895485665,71,67,200,2020
41,EUR_NZD,2021-01-04 16:00:00,2021-01-04 20:00:00,1.71045,1.699610341,2021-01-05 08:00:00,1.699420341,stoploss,-1.017528226,4,0.009225382346,-7.217016609,3.8,3.8,1.70628,1.6947,10,27,-0.3634800644,0.719579823,0.6897767333,0.005419829567,73,69,0,2021
42,GBP_AUD,2021-01-05 12:00:00,2021-01-05 16:00:00,1.76394,1.751647112,2021-01-06 04:00:00,1.751447112,stoploss,-1.016269571,4,3.833110811,-1.82056494,4,4,1.75908,1.74257,9,15,-0.04392784036,0.7581619855,0.8055555556,0.006146443753,74,70,0,2021
43,GBP_CHF,2021-01-06 16:00:00,2021-01-06 20:00:00,1.198485,1.189823997,2021-03-03 20:00:00,1.283065,time_exit,9.765612092,240,10.5212982,-0.5894236194,1.9,1.9,1.19187,1.17331,4,10,-0.03925642127,1.505599216,0.9639769452,0.004330501724,75,71,205,2021
44,GBP_NZD,2021-01-11 12:00:00,2021-01-11 16:00:00,1.87905,1.867172523,2021-03-08 16:00:00,1.94049,time_exit,5.172815631,240,5.65018973,-0.06314472206,4.8,5.4,1.87782,1.85208,13,19,-0.7257433389,0.1683859255,0.9672131148,0.005938738627,78,74,239,2021
45,GBP_AUD,2021-01-12 12:00:00,2021-01-12 16:00:00,1.76325,1.752676147,2021-03-09 16:00:00,1.80343,time_exit,3.799939341,240,4.544228107,-0.7906294896,4,4,1.75908,1.74257,14,20,-0.4047720354,0.7584747018,0.8686440678,0.0052869265,79,75,236,2021
46,EUR_CHF,2021-01-14 00:00:00,2021-01-14 04:00:00,1.07933,1.076458327,2021-01-15 12:00:00,1.076408327,stoploss,-1.017411455,9,12.47356672,-1.890884067,1,1,1.07861,1.07353,7,23,-0.2925124524,0.4666270074,0.872,0.001435836309,81,77,2,2021
47,AUD_USD,2021-01-18 12:00:00,2021-01-18 16:00:00,0.76867,0.7625193575,2021-01-28 00:00:00,0.7624693575,stoploss,-1.008129232,45,5.209211924,-2.001416941,1,1,0.7666,0.74618,5,18,-0.06503385673,0.6600936458,0.9291666667,0.003075321226,83,79,17,2021
48,NZD_USD,2021-01-20 16:00:00,2021-01-20 20:00:00,0.715855,0.7111085889,2021-01-28 08:00:00,0.7110535889,stoploss,-1.011587703,34,6.452243498,-1.256739019,1.1,1.1,0.71465,0.70025,7,20,-0.5014314947,0.5056452048,0.6005025126,0.002373205538,85,81,23,2021
49,USD_JPY,2021-01-21 12:00:00,2021-01-21 16:00:00,103.581,103.2205866,2021-03-18 16:00:00,109.174,time_exit,15.51828977,240,16.04823673,-0.3468239265,0.6,0.6,103.526,102.591,6,11,-1.098738199,0.2885575068,0.9124087591,0.1802067136,86,82,220,2021
50,AUD_CHF,2021-01-25 00:00:00,2021-01-25 04:00:00,0.68348,0.6797335301,2021-01-28 00:00:00,0.6796635301,stoploss,-1.018684255,18,11.3199896,-2.191396241,1.4,1.4,0.6827,0.67161,5,17,-0.6032345316,0.3790234668,0.776371308,0.001873234937,88,84,11,2021
51,AUD_JPY,2021-01-28 00:00:00,2021-01-28 04:00:00,79.7525,79.20625365,2021-01-28 08:00:00,79.20175365,stoploss,-1.008238041,2,10.42295289,-1.013279077,0.9,0.9,79.509,77.49,8,26,-0.07688838525,0.8714016995,0.7896341463,0.2731231763,91,87,0,2021
52,CAD_JPY,2021-01-28 12:00:00,2021-01-28 16:00:00,81.278,80.84160999,2021-03-25 16:00:00,86.557,time_exit,12.09697707,240,15.59155749,-0.3826852,1.2,1.2,81.084,80.142,8,25,-0.2383189269,0.861614582,0.8391608392,0.2181950073,91,87,208,2021
53,AUD_CHF,2021-01-29 12:00:00,2021-01-29 16:00:00,0.68306,0.6783289473,2021-02-01 00:00:00,0.6782589473,stoploss,-1.014795861,3,9.052953533,-1.192123697,1.4,1.4,0.6827,0.67161,9,21,-1.509177871,0.1225942809,0.8126315789,0.002365526336,92,88,0,2021
54,GBP_USD,2021-02-04 12:00:00,2021-02-04 16:00:00,1.368125,1.359511461,2021-04-01 16:00:00,1.379045,time_exit,1.267771622,240,6.497329564,-0.3569961299,0.9,0.9,1.36099,1.35196,7,13,-1.049510574,1.643923642,0.8721804511,0.004306769377,96,92,80,2021
55,NZD_CAD,2021-02-05 12:00:00,2021-02-05 16:00:00,0.917205,0.9117065498,2021-02-17 12:00:00,0.9115915498,stoploss,-1.020914984,48,2.839891147,-7.964971679,2.3,2.3,0.91387,0.90383,4,12,-0.1236712123,1.171239128,0.7928730512,0.002749225092,97,93,9,2021
56,EUR_AUD,2021-02-12 00:00:00,2021-02-12 04:00:00,1.5652,1.558353302,2021-02-15 16:00:00,1.558233302,stoploss,-1.017526696,10,0.5579331481,-5.846613591,2.4,2.4,1.56168,1.55967,4,16,-0.2775060161,0.9814949621,0.8534653465,0.003423349207,102,98,1,2021
57,EUR_CAD,2021-02-16 04:00:00,2021-02-16 08:00:00,1.53299,1.528434795,2021-02-18 00:00:00,1.528344795,stoploss,-1.019757617,11,1.110817131,-13.2749233,1.8,1.8,1.53129,1.52684,7,19,0.004390581545,0.7024930472,0.8112244898,0.002277602613,104,100,2,2021
58,USD_CHF,2021-02-16 12:00:00,2021-02-16 16:00:00,0.891885,0.8884171464,2021-04-13 16:00:00,0.922445,time_exit,8.812367323,240,15.97097396,-0.2725028508,0.9,0.9,0.88903,0.88385,4,17,-1.113080428,1.626366221,0.9753593429,0.001733926814,104,100,191,2021
59,EUR_CAD,2021-02-22 12:00:00,2021-02-22 16:00:00,1.533715,1.52752325,2021-02-24 00:00:00,1.52743325,stoploss,-1.014535471,9,0.7001251887,-9.883312785,3.7,1.8,1.53129,1.52684,11,23,-0.4845157015,0.7235434476,0.825607064,0.003095874902,108,104,0,2021
60,EUR_CAD,2021-02-25 20:00:00,2021-02-26 00:00:00,1.53343,1.52612988,2021-03-01 12:00:00,1.52603988,stoploss,-1.012328564,10,0.6328662947,-8.34369827,1.8,1.8,1.53129,1.52684,14,26,-0.4438283106,0.6410853375,0.6984126984,0.003650060083,111,107,6,2021
61,EUR_AUD,2021-02-26 16:00:00,2021-02-26 20:00:00,1.56431,1.551636554,2021-03-01 16:00:00,1.551516554,stoploss,-1.009468616,6,0.337713982,-2.945528727,2.4,2.4,1.56168,1.55967,14,26,-1.014720049,0.39452568,0.6485112564,0.006336723126,112,108,0,2021
62,AUD_CAD,2021-03-01 00:00:00,2021-03-01 04:00:00,0.984395,0.9777426919,2021-03-04 20:00:00,0.9776476919,stoploss,-1.014280758,23,0.820016144,-5.316199988,1.9,1.9,0.98214,0.97141,8,19,-0.4720166255,0.6524051448,0.671454219,0.003326154028,113,109,11,2021
63,CHF_JPY,2021-03-01 16:00:00,2021-03-01 20:00:00,116.744,115.9780387,2021-03-24 08:00:00,115.9670387,stoploss,-1.014361039,100,2.603264644,-1.091438938,2.2,2.2,116.593,116.177,17,29,-0.548330567,0.3655537114,0.8083140878,0.3829806555,113,109,75,2021
64,EUR_USD,2021-03-02 12:00:00,2021-03-02 16:00:00,1.202925,1.196497348,2021-03-04 20:00:00,1.196482348,stoploss,-1.002333667,14,1.365195275,-5.058612465,0.3,0.3,1.20234,1.19522,9,17,-0.5414107759,0.1773587024,0.7356687898,0.003213825948,114,110,4,2021
65,AUD_USD,2021-03-05 04:00:00,2021-03-05 08:00:00,0.77242,0.764568612,2021-03-05 12:00:00,0.764518612,stoploss,-1.006368301,2,1.589527867,-2.453069448,1,1,0.76922,0.75636,5,23,0.0101892812,0.8024058942,0.9810725552,0.003925693994,117,113,0,2021
66,NZD_USD,2021-03-05 04:00:00,2021-03-05 08:00:00,0.717495,0.7103211626,2021-03-05 12:00:00,0.7102661626,stoploss,-1.007666748,2,1.554955798,-3.231882579,1.1,1.1,0.71574,0.71057,12,26,0.05854607217,0.4739443937,0.8277777778,0.003586918682,117,113,0,2021
67,GBP_CAD,2021-03-09 16:00:00,2021-03-09 20:00:00,1.75684,1.74714076,2021-03-12 08:00:00,1.74700076,stoploss,-1.014434121,16,0.3660080633,-6.522160588,2.8,2.8,1.75518,1.73498,7,23,-0.6619075399,0.3134266233,0.6728307255,0.004849619934,119,115,3,2021
68,AUD_USD,2021-03-10 12:00:00,2021-03-10 16:00:00,0.77275,0.765108375,2021-03-23 16:00:00,0.765058375,stoploss,-1.006543111,55,1.589975958,-2.563590865,1,1,0.76922,0.75636,8,26,-0.1360967075,0.9029493093,0.9363207547,0.003820812491,120,116,34,2021
69,NZD_USD,2021-03-10 12:00:00,2021-03-10 16:00:00,0.718495,0.7114254002,2021-03-23 00:00:00,0.7113704002,stoploss,-1.00777979,51,1.436432081,-3.42098571,1.1,1.1,0.71574,0.71057,15,29,-0.2206631262,0.7581758696,0.8501228501,0.003534799916,120,116,34,2021
70,EUR_CHF,2021-03-17 08:00:00,2021-03-17 12:00:00,1.10328,1.099534222,2021-04-09 08:00:00,1.099484222,stoploss,-1.013348363,102,2.285239794,-2.829853016,1,1,1.10298,1.07798,5,24,-0.747508344,0.1334836328,0.7674418605,0.001872888793,125,121,66,2021
71,EUR_NZD,2021-03-18 08:00:00,2021-03-18 12:00:00,1.65215,1.641973292,2021-05-13 12:00:00,1.68594,time_exit,3.320327202,240,4.599719335,-0.1650828559,3.8,3.8,1.65109,1.63222,5,16,-0.4991791118,0.1709786721,0.6024734982,0.00508835394,126,122,24,2021
72,EUR_GBP,2021-03-18 12:00:00,2021-03-18 16:00:00,0.85718,0.8526732075,2021-03-29 08:00:00,0.8526332075,stoploss,-1.008875492,41,3.272837584,-2.221091811,0.8,0.8,0.85484,0.85385,5,16,-0.6789751192,1.020681552,0.9720812183,0.002253396269,126,122,22,2021
73,USD_CAD,2021-03-23 08:00:00,2021-03-23 12:00:00,1.258325,1.251360037,2021-04-05 16:00:00,1.251295037,stoploss,-1.009332426,56,1.017234472,-8.190280938,1.3,1.3,1.2575,1.24677,13,18,-1.139991772,0.2153636849,0.955465587,0.003482481274,129,125,31,2021
74,AUD_CHF,2021-03-23 12:00:00,2021-03-23 16:00:00,0.71586,0.7104889435,2021-03-24 00:00:00,0.7104189435,stoploss,-1.013032818,3,0.7298377846,-3.43880201,1.4,1.4,0.71354,0.69916,4,16,-0.8378239874,0.8266530009,0.9738562092,0.002685528266,129,125,0,2021
75,GBP_CHF,2021-03-23 12:00:00,2021-03-23 16:00:00,1.284475,1.276241377,2021-04-07 16:00:00,1.276146377,stoploss,-1.011538056,67,2.777027942,-3.186325303,1.9,1.9,1.27888,1.25757,5,17,-0.259909897,1.335985452,0.9150417827,0.004116811296,129,125,53,2021
76,NZD_CHF,2021-03-26 08:00:00,2021-03-26 12:00:00,0.657335,0.6530784325,2021-04-07 12:00:00,0.6529934325,stoploss,-1.019969142,49,1.669185324,-3.381832897,1.7,1.7,0.65621,0.64073,19,30,-0.3476979984,0.4886566464,0.9175257732,0.00212828375,132,128,36,2021
77,GBP_NZD,2021-04-05 00:00:00,2021-04-05 04:00:00,1.967695,1.95610615,2021-04-07 08:00:00,1.95583115,stoploss,-1.023729707,14,0.7735884343,-4.473696863,5.3,5.5,1.95865,1.92031,4,13,0.1967408399,1.523878611,0.7736418511,0.005794424789,138,134,7,2021
78,AUD_CHF,2021-04-07 00:00:00,2021-04-07 04:00:00,0.71425,0.71003157,2021-04-07 08:00:00,0.70996157,stoploss,-1.016593851,2,0.5096682829,-5.26499189,1.4,1.4,0.71231,0.70856,4,10,-0.0711165046,0.8865857573,0.9266055046,0.002109215025,140,136,0,2021
79,CAD_CHF,2021-04-07 20:00:00,2021-04-08 00:00:00,0.737325,0.7328748312,2021-04-13 12:00:00,0.7327998312,stoploss,-1.016853293,22,3.333581412,-2.747086806,1.5,1.5,0.7361,0.71204,11,27,-0.314594808,0.5527880198,0.9368932039,0.002225084401,140,136,9,2021
80,GBP_AUD,2021-04-08 12:00:00,2021-04-08 16:00:00,1.80097,1.791038134,2021-04-14 12:00:00,1.790838134,stoploss,-1.020137203,24,4.22981946,-2.715501805,4,4,1.79793,1.7813,7,15,0.1228369374,0.5578005192,0.6857142857,0.00496593299,141,137,16,2021
81,GBP_CAD,2021-04-13 08:00:00,2021-04-13 12:00:00,1.73132,1.72300223,2021-04-13 16:00:00,1.72286223,stoploss,-1.016831434,2,3.291747641,-5.543553094,2.8,2.8,1.72947,1.71783,8,13,-0.6227630672,0.4111678938,0.9772727273,0.004158885034,144,140,0,2021
82,AUD_CHF,2021-04-14 16:00:00,2021-04-14 20:00:00,0.71334,0.7085622834,2021-04-20 00:00:00,0.7084922834,stoploss,-1.01465135,20,0.6404733167,-4.841224776,1.4,1.4,0.71231,0.70856,9,15,-1.53629874,0.4102378107,0.9607438017,0.002388858302,145,141,4,2021
83,AUD_NZD,2021-04-14 16:00:00,2021-04-14 20:00:00,1.082135,1.078037367,2021-04-20 16:00:00,1.077932367,stoploss,-1.02562455,24,0.4893068766,-5.448267342,2.1,2.1,1.08049,1.07016,7,26,-0.4539205938,0.7467725898,0.9609375,0.002048816495,145,141,11,2021
84,EUR_CHF,2021-04-14 16:00:00,2021-04-14 20:00:00,1.10539,1.101760011,2021-04-16 08:00:00,1.101710011,stoploss,-1.013774145,10,0.592288222,-4.107449949,1,1,1.10326,1.10023,10,21,-0.3030311833,1.146008839,0.9924528302,0.001814994727,145,141,2,2021
85,USD_CAD,2021-04-15 04:00:00,2021-04-15 08:00:00,1.252635,1.246807933,2021-04-21 16:00:00,1.246742933,stoploss,-1.01115484,27,2.192355092,-8.919581676,1.3,1.3,1.2502,1.23648,8,20,0.08580646153,0.8100129969,0.9678899083,0.002913533498,146,142,26,2021
86,GBP_AUD,2021-04-19 16:00:00,2021-04-19 20:00:00,1.80313,1.791358427,2021-04-20 08:00:00,1.791158427,stoploss,-1.016990083,4,3.550927427,-2.123760423,4,4,1.79793,1.7813,14,22,-0.6354291185,0.8529021858,0.933901919,0.0058857863,148,144,0,2021
87,CAD_JPY,2021-04-20 04:00:00,2021-04-20 08:00:00,86.592,86.11855425,2021-04-20 16:00:00,86.11255425,stoploss,-1.012673047,3,9.7012171,-2.464907545,1.2,1.2,86.503,86.073,8,20,-0.5111462091,0.3463966045,0.9185520362,0.2367228747,149,145,0,2021
88,CHF_JPY,2021-04-21 16:00:00,2021-04-21 20:00:00,117.874,117.3046995,2021-06-16 20:00:00,122.242,time_exit,7.672573453,240,8.598270845,-0.915158143,2.2,2.2,117.653,115.908,4,20,-0.2845597297,0.7307212812,0.7487046632,0.2846502563,150,146,231,2021
89,EUR_JPY,2021-04-21 16:00:00,2021-04-21 20:00:00,130.027,129.4032361,2021-06-16 20:00:00,133.15,time_exit,5.006701999,240,6.569793402,-0.7005855824,1.4,1,129.573,128.292,9,20,0.2019995043,1.433234578,0.7588932806,0.3118819535,150,146,173,2021
90,AUD_JPY,2021-04-23 00:00:00,2021-04-23 04:00:00,83.188,82.60132009,2021-06-18 04:00:00,83.2805,time_exit,0.1576668957,240,4.455581248,-0.2897661867,0.8,0.9,83.035,82.284,8,22,0.1431785864,0.5113520942,0.6352941176,0.2933399544,152,148,68,2021
91,GBP_JPY,2021-04-23 04:00:00,2021-04-23 08:00:00,149.599,148.742289,2021-06-18 08:00:00,153.305,time_exit,4.325845938,240,7.557974218,-0.6303175409,2.4,2.4,149.383,148.528,5,22,-0.2171093752,0.4762399198,0.8092643052,0.4283555232,152,148,147,2021
92,CAD_JPY,2021-04-26 12:00:00,2021-04-26 16:00:00,86.826,86.18114921,2021-06-21 16:00:00,88.741,time_exit,2.969679224,240,6.759703257,-0.07598657022,1.2,1.2,86.503,86.073,12,24,-0.3008447882,0.9831731739,0.7101200686,0.3224253961,153,149,156,2021
93,AUD_CHF,2021-04-30 00:00:00,2021-04-30 04:00:00,0.70668,0.7022553094,2021-05-04 16:00:00,0.7021353094,stoploss,-1.027120541,16,0.6960938734,-4.246624637,2.4,2.4,0.70507,0.70126,5,13,-0.3887277475,0.6689733329,0.72,0.002212345287,157,153,12,2021
94,AUD_USD,2021-04-30 20:00:00,2021-05-03 00:00:00,0.77195,0.7666162222,2021-06-03 16:00:00,0.7665662222,stoploss,-1.009374219,143,3.213482181,-4.555870303,1,1,0.76903,0.75844,6,13,0.2099824996,0.8024331233,0.8633879781,0.002666888913,157,153,33,2021
95,NZD_CAD,2021-05-03 00:00:00,2021-05-03 04:00:00,0.881255,0.8756647795,2021-05-12 08:00:00,0.8755197795,stoploss,-1.025938154,44,0.8827916523,-3.812908626,3.1,2.9,0.87883,0.87477,15,22,-0.7584673973,0.8157102198,0.8510638298,0.002795110255,158,154,18,2021
96,NZD_CHF,2021-05-03 00:00:00,2021-05-03 04:00:00,0.655715,0.6514014889,2021-05-04 12:00:00,0.6513164889,stoploss,-1.019705525,9,1.076848973,-4.178730406,1.7,1.7,0.6551,0.64651,6,14,-2.234838342,0.2411028917,0.9744525547,0.002156755551,158,154,4,2021
97,AUD_CHF,2021-05-05 08:00:00,2021-05-05 12:00:00,0.7068,0.7022693738,2021-05-12 16:00:00,0.7021493738,stoploss,-1.026486405,32,0.6533313174,-4.17381595,2.4,2.4,0.70507,0.70126,8,16,-0.004414400793,0.7151329285,0.6174242424,0.002265313112,160,156,18,2021
98,NZD_CHF,2021-05-06 16:00:00,2021-05-06 20:00:00,0.656685,0.6516130271,2021-05-12 16:00:00,0.6515280271,stoploss,-1.016758765,24,0.1981477482,-3.745091022,1.7,1.7,0.6551,0.64651,9,17,-0.5914858155,0.5914858155,0.8823529412,0.002535986427,161,157,5,2021
99,EUR_AUD,2021-05-10 00:00:00,2021-05-10 04:00:00,1.54948,1.541150315,2021-07-05 04:00:00,1.57768,time_exit,3.385482323,240,4.601614803,-0.9099984401,2.4,2.4,1.54589,1.54227,10,16,0.2184956677,0.8331647987,0.7485380117,0.004164842304,163,159,231,2021
100,EUR_GBP,2021-05-11 00:00:00,2021-05-11 04:00:00,0.85915,0.8551002366,2021-06-17 08:00:00,0.8550602366,stoploss,-1.00987712,164,1.972954774,-1.508730122,0.8,0.8,0.85888,0.84717,16,26,-0.182726725,0.1185254433,0.7261904762,0.002024881691,164,160,63,2021
101,AUD_NZD,2021-05-14 16:00:00,2021-05-14 20:00:00,1.07372,1.069540258,2021-05-26 04:00:00,1.069370258,stoploss,-1.040672371,45,1.744126984,-3.327956975,3.4,3.4,1.07161,1.06923,6,10,0.143549546,0.9330720491,0.8870967742,0.002089870768,167,163,26,2021
102,NZD_JPY,2021-05-19 16:00:00,2021-05-19 20:00:00,78.29,77.69417248,2021-06-17 12:00:00,77.68917248,stoploss,-1.00839169,125,3.173737259,-3.892065946,1.4,1,78.222,77.704,4,11,-0.9969328037,0.2047572425,0.8585131894,0.29791376,170,166,36,2021
103,CAD_CHF,2021-05-20 12:00:00,2021-05-20 16:00:00,0.744265,0.7398523477,2021-05-26 16:00:00,0.7397573477,stoploss,-1.021529002,25,0.9144160324,-3.729049768,1.9,1.9,0.74235,0.7251,4,21,-0.1042456939,0.8475628156,0.9677419355,0.002206326145,171,167,6,2021
104,GBP_CHF,2021-05-24 16:00:00,2021-05-24 20:00:00,1.269855,1.264227071,2021-06-09 16:00:00,1.264132071,stoploss,-1.0168801,72,2.804761915,-2.900711958,1.9,1.9,1.26811,1.25824,6,11,0.04975187431,0.5863613759,0.9096385542,0.002813964337,173,169,32,2021
105,USD_JPY,2021-05-25 08:00:00,2021-05-25 12:00:00,108.74,108.3484298,2021-07-20 12:00:00,109.614,time_exit,2.232039142,240,7.454602123,-0.1072604622,0.6,0.6,108.571,108.338,4,12,-0.06639933375,0.8478684155,0.6325088339,0.195785097,174,170,167,2021
106,CAD_CHF,2021-05-27 12:00:00,2021-05-27 16:00:00,0.744285,0.7403053282,2021-06-08 16:00:00,0.7402103282,stoploss,-1.023871315,49,1.008877153,-6.793273679,1.9,1.9,0.74235,0.7251,9,26,-0.5779370986,0.9448015177,0.7994722955,0.001989835923,176,172,30,2021
107,GBP_CAD,2021-06-01 16:00:00,2021-06-01 20:00:00,1.70662,1.697572577,2021-07-05 00:00:00,1.697432577,stoploss,-1.015474019,140,5.548541053,-1.02349582,2.8,2.8,1.70278,1.68521,5,17,-0.2763217656,0.8179124261,0.8918918919,0.004523711686,179,175,82,2021
108,AUD_NZD,2021-06-03 16:00:00,2021-06-03 20:00:00,1.072315,1.067963079,2021-07-06 00:00:00,1.067858079,stoploss,-1.024127275,134,1.997968135,-4.406099941,2.7,2.1,1.07166,1.07161,13,20,-0.6433939939,0.238974912,0.9365853659,0.002175960629,181,177,35,2021
109,GBP_USD,2021-06-03 20:00:00,2021-06-04 00:00:00,1.410435,1.403675468,2021-06-15 12:00:00,1.403630468,stoploss,-1.006657265,46,1.420956334,-7.877024465,0.9,0.9,1.40914,1.37971,5,23,-0.1479392331,0.3698480827,0.7510729614,0.003379766067,181,177,4,2021
110,EUR_CAD,2021-06-04 00:00:00,2021-06-04 04:00:00,1.4692,1.464168354,2021-07-02 16:00:00,1.464078354,stoploss,-1.01788679,124,8.10271591,-2.265660078,1.8,1.8,1.46795,1.45819,5,17,-0.2225911655,0.4610817001,0.8037383178,0.002515823117,182,178,67,2021
111,EUR_USD,2021-06-04 12:00:00,2021-06-04 16:00:00,1.216785,1.211436504,2021-06-11 16:00:00,1.211401504,stoploss,-1.006543896,31,0.9357771418,-7.77695309,0.7,0.7,1.21327,1.20515,5,16,-1.069459591,1.30503985,0.9019886364,0.00267424784,182,178,18,2021
112,NZD_USD,2021-06-04 12:00:00,2021-06-04 16:00:00,0.718935,0.7139755942,2021-06-11 16:00:00,0.7139205942,stoploss,-1.011090038,31,1.069684604,-6.223527859,1.1,1.1,0.71516,0.71348,12,16,-0.3387502609,1.496146986,0.9763948498,0.002479702887,182,178,6,2021
113,EUR_CHF,2021-06-07 00:00:00,2021-06-07 04:00:00,1.09418,1.091243424,2021-06-08 12:00:00,1.091193424,stoploss,-1.017026634,9,1.528991749,-6.977514685,1,1,1.09306,1.09281,6,10,-1.273592236,0.721929289,0.9701986755,0.001468287845,183,179,1,2021
114,CAD_CHF,2021-06-09 08:00:00,2021-06-09 12:00:00,0.741315,0.738439135,2021-06-10 00:00:00,0.738364135,stoploss,-1.02607911,4,2.428834414,-8.36791699,1.9,1.5,0.74074,0.73939,5,10,-0.4729011887,0.3338126038,0.6946107784,0.001437932524,185,181,0,2021
115,USD_CHF,2021-06-09 16:00:00,2021-06-09 20:00:00,0.896565,0.8929036415,2021-08-04 20:00:00,0.906225,time_exit,2.638364941,240,8.443587178,-0.8944767268,0.9,0.9,0.8947,0.89308,6,11,-1.141652738,0.9941664994,0.9824120603,0.001830679269,185,181,99,2021
116,GBP_AUD,2021-06-10 12:00:00,2021-06-10 16:00:00,1.82568,1.817563281,2021-08-05 16:00:00,1.87911,time_exit,6.58270884,240,8.799121567,-0.4238165527,4,4,1.82153,1.81679,6,11,-0.4090322543,0.9880839396,0.739243807,0.004058359659,186,182,215,2021
117,CAD_CHF,2021-06-15 04:00:00,2021-06-15 08:00:00,0.741005,0.7381454669,2021-06-15 08:00:00,0.7380504669,stoploss,-1.033222206,1,2.551115735,-8.307300107,1.9,1.9,0.74074,0.73939,9,14,-0.2308069068,0.1328888251,0.962962963,0.001429766572,189,185,0,2021
118,CAD_CHF,2021-06-21 00:00:00,2021-06-21 04:00:00,0.741295,0.7367233963,2021-07-08 08:00:00,0.7366283963,stoploss,-1.020780454,80,1.532285061,-5.259642299,2.1,1.9,0.74074,0.73939,13,18,-1.959924932,0.1924926273,0.9899396378,0.002285801832,193,189,45,2021
119,EUR_GBP,2021-06-22 08:00:00,2021-06-22 12:00:00,0.85789,0.854149144,2021-06-23 08:00:00,0.854109144,stoploss,-1.01069274,6,2.424578747,-3.445735397,0.8,0.8,0.85682,0.85647,7,12,-0.807301854,0.556022469,0.9550561798,0.00187042801,194,190,0,2021
120,GBP_JPY,2021-06-22 16:00:00,2021-06-22 20:00:00,154.319,153.2093055,2021-06-29 04:00:00,153.1973055,stoploss,-1.010813787,27,0.753360496,-5.280732663,2.4,2.4,154.131,153.539,8,24,-0.8939397273,0.3154021215,0.953125,0.5548472507,194,190,4,2021
121,EUR_NZD,2021-06-28 08:00:00,2021-06-28 12:00:00,1.69027,1.681754782,2021-07-05 20:00:00,1.681564782,stoploss,-1.022312993,33,3.051008243,-3.187234939,3.8,3.8,1.6891,1.67966,7,14,-1.047536318,0.2301761415,0.8408037094,0.004257608949,198,194,12,2021
122,AUD_CAD,2021-06-30 16:00:00,2021-06-30 20:00:00,0.930195,0.9260044359,2021-07-02 12:00:00,0.9259094359,stoploss,-1.022669979,11,2.78363479,-4.6306415,1.9,1.9,0.92761,0.9246,5,18,-0.04772627158,1.188384162,0.7115384615,0.002095282047,200,196,0,2021
123,GBP_CHF,2021-07-02 00:00:00,2021-07-02 04:00:00,1.274205,1.268169695,2021-07-08 08:00:00,1.268074695,stoploss,-1.015740713,26,1.043029375,-4.496044812,1.9,1.9,1.27131,1.26172,4,12,0.2419099106,0.9245597955,0.7030716724,0.003017652307,202,198,14,2021
124,AUD_CAD,2021-07-06 00:00:00,2021-07-06 04:00:00,0.930875,0.9265685817,2021-07-21 16:00:00,0.9264735817,stoploss,-1.022060096,70,2.55084369,-4.66396864,1.9,1.9,0.92761,0.9246,9,22,-0.01857692264,1.472221119,0.8722826087,0.002153209161,204,200,56,2021
125,GBP_NZD,2021-07-06 12:00:00,2021-07-06 16:00:00,1.957315,1.945794364,2021-08-31 16:00:00,1.95259,time_exit,-0.4101336056,240,4.347416219,-0.7495245892,8.3,4.8,1.95565,1.9325,6,28,-0.5780930821,0.2013777703,0.9846491228,0.005760318023,204,200,191,2021
126,EUR_AUD,2021-07-06 16:00:00,2021-07-06 20:00:00,1.57811,1.569422989,2021-08-31 20:00:00,1.61464,time_exit,4.205128611,240,7.531934438,-0.9082525251,2.4,2.4,1.56938,1.56582,6,17,-1.224817093,1.977665194,0.9566712517,0.004343505678,204,200,195,2021
127,AUD_JPY,2021-07-07 08:00:00,2021-07-07 12:00:00,83.1265,82.55255767,2021-07-08 00:00:00,82.54805767,stoploss,-1.007840509,4,0.3807002714,-9.116769658,0.9,0.9,82.812,82.13,5,12,0.05575473083,1.08373258,0.8038147139,0.2869711639,205,201,0,2021
128,CAD_JPY,2021-07-07 08:00:00,2021-07-07 12:00:00,88.99,88.3669882,2021-07-08 04:00:00,88.3609882,stoploss,-1.009630636,5,0.2247148458,-6.932452993,1.2,1.2,88.903,87.963,5,12,-0.9405921403,0.2600271787,0.9166666667,0.3115058987,205,201,1,2021
129,CHF_JPY,2021-07-07 08:00:00,2021-07-07 12:00:00,119.963,119.4160528,2021-07-08 00:00:00,119.4050528,stoploss,-1.02011163,4,2.276270906,-2.398769019,2.2,2.2,119.628,118.866,5,12,-0.02925328072,1.188414529,0.9073569482,0.2734736003,205,201,0,2021
130,GBP_JPY,2021-07-09 16:00:00,2021-07-09 20:00:00,152.726,151.711486,2021-07-15 08:00:00,151.699486,stoploss,-1.011828324,22,0.7481414982,-4.205954905,2.4,2.4,152.614,151.312,8,14,-0.9048667923,0.199110122,0.8628659476,0.507256984,207,203,8,2021
131,EUR_GBP,2021-07-12 04:00:00,2021-07-12 08:00:00,0.85436,0.8508707818,2021-07-14 08:00:00,0.8508307818,stoploss,-1.011463886,13,3.611124139,-2.68254936,0.8,0.8,0.85353,0.85304,4,13,0.02292777231,0.4528235031,0.6302521008,0.001744609091,208,204,0,2021
132,NZD_JPY,2021-07-13 00:00:00,2021-07-13 04:00:00,77.205,76.52829876,2021-07-13 12:00:00,76.52329876,stoploss,-1.007388785,3,2.126492337,-3.907189534,1,1,77.066,76.215,9,16,-0.3339730842,0.3930833646,1,0.3383506197,209,205,0,2021
133,EUR_GBP,2021-07-16 00:00:00,2021-07-16 04:00:00,0.85396,0.8501811438,2021-07-28 08:00:00,0.8501411438,stoploss,-1.010585214,50,3.44019442,-2.371087846,0.8,0.8,0.85353,0.85304,8,17,-0.4445789712,0.2064116652,0.710982659,0.001889428098,212,208,15,2021
134,GBP_USD,2021-07-22 12:00:00,2021-07-22 16:00:00,1.376875,1.368935782,2021-08-19 08:00:00,1.368890782,stoploss,-1.005668064,119,2.701147476,-2.097813533,0.9,0.9,1.37422,1.37316,10,14,-0.4408494364,0.6574954452,0.7898550725,0.003969609248,216,212,35,2021
135,NZD_CAD,2021-07-28 20:00:00,2021-07-29 00:00:00,0.870625,0.8652063777,2021-08-23 20:00:00,0.8650813777,stoploss,-1.023068595,108,6.163005716,-1.110060769,2.3,2.5,0.8661,0.8627,11,18,0.06274657714,1.797504886,0.8333333333,0.002709311133,220,216,28,2021
136,EUR_CAD,2021-07-30 00:00:00,2021-07-30 04:00:00,1.48078,1.474405234,2021-08-09 12:00:00,1.474315234,stoploss,-1.014118165,39,4.803313483,-2.313810381,1.8,1.8,1.4761,1.46925,5,12,0.2039290506,1.430640724,0.9093023256,0.003187383054,222,218,21,2021
137,USD_CAD,2021-08-04 00:00:00,2021-08-04 04:00:00,1.254785,1.248721243,2021-08-05 16:00:00,1.248656243,stoploss,-1.010719426,10,6.610587596,-1.20799686,1.3,1.3,1.25257,1.24249,10,15,0.1616159622,0.7091312627,0.7867298578,0.003031878741,225,221,3,2021
138,CAD_JPY,2021-08-04 04:00:00,2021-08-04 08:00:00,87.08,86.53309466,2021-08-17 08:00:00,86.52709466,stoploss,-1.01097082,55,2.526945532,-4.404784217,1.2,1.2,87.035,85.425,5,12,-0.7423588178,0.1462775996,0.8556338028,0.2734526689,225,221,31,2021
139,EUR_NZD,2021-08-10 04:00:00,2021-08-10 08:00:00,1.68389,1.674747028,2021-08-10 12:00:00,1.674557028,stoploss,-1.020780989,2,3.539330619,-3.368707759,3.8,3.8,1.68292,1.6775,11,19,-1.117798484,0.1837476959,0.9674796748,0.004571485894,229,225,0,2021
140,GBP_CAD,2021-08-11 12:00:00,2021-08-11 16:00:00,1.7332,1.726390912,2021-08-13 12:00:00,1.726250912,stoploss,-1.020560756,12,4.311884258,-4.138586457,2.8,2.8,1.72995,1.71496,7,15,0.1674232988,0.9046732639,0.709039548,0.003404544074,230,226,4,2021
141,GBP_AUD,2021-08-13 00:00:00,2021-08-13 04:00:00,1.88214,1.874583518,2021-09-01 08:00:00,1.874383518,stoploss,-1.026467342,80,4.393578717,-3.800710264,4,4,1.87561,1.84982,8,21,0.06616835417,1.670089259,0.9058295964,0.003778241172,232,228,32,2021
142,EUR_NZD,2021-08-17 04:00:00,2021-08-17 08:00:00,1.69467,1.684694582,2021-08-27 16:00:00,1.684504582,stoploss,-1.019046822,51,2.163317975,-4.168246589,3.8,3.8,1.68292,1.6775,16,24,-1.393425387,2.313687621,0.9940860215,0.004987708754,234,230,18,2021
143,GBP_CHF,2021-08-18 00:00:00,2021-08-18 04:00:00,1.257065,1.251261218,2021-08-20 00:00:00,1.251166218,stoploss,-1.016368638,12,4.280829463,-1.722152968,1.9,1.9,1.2549,1.25018,11,21,-0.2343299686,0.7202200505,0.865625,0.002901890885,235,231,3,2021
144,GBP_JPY,2021-08-18 12:00:00,2021-08-18 16:00:00,151.259,150.5063788,2021-08-19 08:00:00,150.4943788,stoploss,-1.015944276,5,4.910836998,-3.065287055,2.4,2.4,151.167,148.459,11,21,-1.209107594,0.2125903462,0.9816513761,0.3763105965,235,231,1,2021
145,CHF_JPY,2021-08-20 00:00:00,2021-08-20 04:00:00,119.659,119.1178919,2021-09-15 00:00:00,119.1068919,stoploss,-1.020328656,108,7.078068285,-3.916038302,2.2,2.2,119.309,118.651,5,23,-0.2328555102,1.252984412,0.924137931,0.2705540442,237,233,36,2021
146,CAD_CHF,2021-08-23 12:00:00,2021-08-23 16:00:00,0.720405,0.7149977457,2021-10-18 16:00:00,0.74526,time_exit,4.596602754,240,5.275320602,-0.502103258,1.9,2,0.71859,0.71725,14,25,-0.5289190858,0.6361823969,0.8246073298,0.002703627149,238,234,233,2021
147,GBP_CHF,2021-08-25 20:00:00,2021-08-26 00:00:00,1.257615,1.251075526,2021-09-29 16:00:00,1.250980526,stoploss,-1.014527161,149,3.715130342,-1.117062241,1.9,1.9,1.2549,1.25018,16,26,0.05810864498,0.8410461774,0.9846153846,0.003269737232,240,236,100,2021
148,GBP_JPY,2021-08-25 20:00:00,2021-08-26 00:00:00,151.315,150.5043817,2021-08-27 00:00:00,150.4943817,stoploss,-1.012336263,7,8.513254977,-2.915058906,2.4,2,151.167,148.459,16,26,0.02713977822,0.4416382092,0.6,0.4053091338,240,236,2,2021
149,USD_CHF,2021-08-30 04:00:00,2021-08-30 08:00:00,0.911095,0.9064309708,2021-10-25 08:00:00,0.915115,time_exit,0.8619156983,240,5.517761317,-0.05896189478,0.9,0.9,0.90994,0.90183,9,18,0.06432206704,0.4759832961,1,0.002332014609,243,239,139,2021
150,USD_CAD,2021-08-30 16:00:00,2021-08-30 20:00:00,1.261075,1.254330743,2021-09-03 08:00:00,1.254265743,stoploss,-1.00963783,22,4.226559261,-4.788518903,1.3,1.3,1.25789,1.24223,4,21,-0.1601362569,0.9341281651,0.9066339066,0.003372128277,243,239,5,2021
151,USD_CAD,2021-09-07 12:00:00,2021-09-07 16:00:00,1.259825,1.254290201,2021-10-07 16:00:00,1.254225201,stoploss,-1.011743877,133,5.375985529,-5.609056318,1.3,1.3,1.25789,1.24223,10,27,-0.8780806476,0.672111113,0.9597315436,0.002767399562,249,245,53,2021
152,CAD_JPY,2021-09-08 16:00:00,2021-09-08 20:00:00,87.056,86.50622228,2021-09-09 08:00:00,86.50022228,stoploss,-1.010913501,4,10.84438262,-3.919765941,1.2,1.2,86.547,84.671,8,13,-0.3274050438,1.829830412,0.7477931904,0.2748888623,250,246,0,2021
153,USD_JPY,2021-09-09 20:00:00,2021-09-10 00:00:00,109.725,109.4079231,2021-09-15 08:00:00,109.4049231,stoploss,-1.009461427,21,15.68389239,-1.930131137,0.6,0.6,109.586,109.413,7,12,0.2144590152,0.8326055885,0.8032786885,0.1585384506,251,247,15,2021
154,NZD_USD,2021-09-15 04:00:00,2021-09-15 08:00:00,0.709775,0.7049592523,2021-09-17 16:00:00,0.7049042523,stoploss,-1.011420864,15,2.499092715,-4.955616755,1.1,1.1,0.70755,0.68052,5,18,-0.1121321202,0.9012100028,0.9644268775,0.002407873851,255,251,4,2021
155,CAD_JPY,2021-09-16 00:00:00,2021-09-16 04:00:00,86.66,86.09813823,2021-09-17 20:00:00,86.09213823,stoploss,-1.010678783,11,11.31595048,-3.130663242,1.2,1.2,86.547,84.671,14,19,-0.1673009351,0.3773170025,0.6652173913,0.2809308865,256,252,8,2021
156,AUD_CHF,2021-09-21 00:00:00,2021-09-21 04:00:00,0.672835,0.6678546473,2021-09-21 16:00:00,0.6677596473,stoploss,-1.019074954,4,4.087059952,-1.314163959,1.9,1.9,0.67066,0.65117,4,22,-0.1646469742,0.8433137705,0.7233429395,0.002490176342,259,255,1,2021
157,NZD_CHF,2021-09-21 04:00:00,2021-09-21 08:00:00,0.651795,0.6471502846,2021-09-21 16:00:00,0.6470652846,stoploss,-1.018300368,3,2.481314583,-2.679389153,1.7,1.7,0.64988,0.62275,7,21,-0.1636268185,0.7879923101,0.9567099567,0.002322357689,259,255,0,2021
158,EUR_CHF,2021-09-22 04:00:00,2021-09-22 08:00:00,1.08397,1.080353049,2021-09-30 20:00:00,1.080303049,stoploss,-1.013823797,40,0.6911898395,-9.273002887,1,1,1.08321,1.06959,8,24,-0.2432988235,0.3925958289,0.8273381295,0.001808475658,260,256,12,2021
159,CAD_JPY,2021-09-23 08:00:00,2021-09-23 12:00:00,86.778,86.02142704,2021-11-18 12:00:00,90.56,time_exit,4.998856961,240,8.24771746,-0.3502636421,1.2,1.2,86.547,84.671,19,24,-1.33232359,0.5947873168,0.8657957245,0.3782864793,261,257,118,2021
160,GBP_USD,2021-09-23 16:00:00,2021-09-23 20:00:00,1.374515,1.366955707,2021-09-24 12:00:00,1.366910707,stoploss,-1.005952937,5,1.183311679,-5.1916229,0.9,0.9,1.37263,1.36797,11,19,-0.555607496,0.4788807466,0.8650442478,0.00377964663,261,257,0,2021
161,EUR_CAD,2021-09-24 04:00:00,2021-09-24 08:00:00,1.487455,1.478903568,2021-09-27 04:00:00,1.478813568,stoploss,-1.010524553,6,0.4075340819,-8.176993021,3.7,1.8,1.48515,1.47909,6,22,-0.07951884525,0.495823388,0.785942492,0.004275716013,262,258,1,2021
162,AUD_CHF,2021-09-24 16:00:00,2021-09-24 20:00:00,0.671355,0.6663504034,2021-11-19 20:00:00,0.67228,time_exit,0.1848300813,240,4.362989001,-0.4805582115,1.7,1.4,0.67066,0.65117,7,25,-0.5235187169,0.2477722172,0.865470852,0.002502298309,262,258,110,2021
163,GBP_AUD,2021-09-28 08:00:00,2021-09-28 12:00:00,1.88054,1.869824976,2021-09-28 16:00:00,1.869624976,stoploss,-1.01866538,2,0.1054593973,-6.327563841,4,4,1.87485,1.85342,4,17,0.1679884206,1.024729365,0.6437587658,0.005357512125,264,260,0,2021
164,AUD_USD,2021-09-28 20:00:00,2021-09-29 00:00:00,0.72376,0.7181676152,2021-09-29 16:00:00,0.7181176152,stoploss,-1.008940729,5,5.6880921,-1.208786627,1,1,0.72197,0.71061,6,27,0.1966960487,0.6866480246,0.7527472527,0.002796192417,264,260,2,2021
165,AUD_CAD,2021-10-05 12:00:00,2021-10-05 16:00:00,0.917015,0.9123985051,2021-10-08 16:00:00,0.9123035051,stoploss,-1.020578383,19,3.616380019,-2.312360389,1.9,1.9,0.91425,0.91079,4,30,0.2426083031,1.156721731,0.8755186722,0.002308247462,269,265,11,2021
166,EUR_NZD,2021-10-12 00:00:00,2021-10-12 04:00:00,1.66742,1.657582068,2021-10-12 12:00:00,1.657392068,stoploss,-1.019313001,3,1.006309004,-6.217769874,3.8,3.8,1.66105,1.6554,4,13,-0.05082368706,1.264493334,0.9892966361,0.004918966224,274,270,1,2021
167,GBP_NZD,2021-10-15 08:00:00,2021-10-15 12:00:00,1.94573,1.93500119,2021-10-19 04:00:00,1.93476119,stoploss,-1.022369675,11,2.168926404,-5.644614656,4.8,4.8,1.93665,1.93265,16,29,0.2106477728,1.64976353,0.9168646081,0.005364405163,277,273,0,2021
168,AUD_NZD,2021-10-19 16:00:00,2021-10-19 20:00:00,1.044065,1.039753393,2021-11-03 16:00:00,1.039648393,stoploss,-1.024352872,66,2.886395112,-3.016277094,3.3,2.1,1.04326,1.02762,10,23,-0.4453096517,0.2968731011,0.7305936073,0.002155803263,279,275,47,2021
169,NZD_CHF,2021-10-29 04:00:00,2021-10-29 08:00:00,0.655025,0.6504501016,2021-11-02 12:00:00,0.6503651016,stoploss,-1.018579648,14,0.6349867802,-8.42095205,1.7,1.7,0.6533,0.63935,4,14,0.01748672717,0.7169558138,0.7511737089,0.002287449196,287,283,6,2021
170,NZD_USD,2021-10-29 16:00:00,2021-10-29 20:00:00,0.715525,0.7105211749,2021-11-02 16:00:00,0.7104661749,stoploss,-1.010991591,12,0.8443540494,-9.080053547,1.1,1.1,0.71299,0.68761,4,17,0.2318226503,0.9912416769,0.6884057971,0.002501912558,287,283,4,2021
171,AUD_JPY,2021-11-02 20:00:00,2021-11-03 00:00:00,84.6465,83.99886241,2021-11-04 16:00:00,83.99436241,stoploss,-1.006948331,11,0.8654531672,-9.053674658,0.9,0.9,84.603,79.896,7,22,-0.1358784634,0.2161702826,0.8028169014,0.323818793,289,285,6,2021
172,EUR_USD,2021-11-05 16:00:00,2021-11-05 20:00:00,1.155715,1.150738225,2021-11-10 16:00:00,1.150703225,stoploss,-1.007032667,18,1.033802055,-7.455631729,0.7,0.7,1.15353,1.15242,5,18,-0.6992480371,0.8640133791,0.7749003984,0.002488387393,292,288,11,2021
173,USD_JPY,2021-11-05 20:00:00,2021-11-08 00:00:00,113.324,112.7954231,2021-11-09 04:00:00,112.7924231,stoploss,-1.005675617,8,4.15455181,-1.502146693,0.6,0.6,113.255,110.821,6,24,0.2345921787,0.499454316,0.7216494845,0.264288436,292,288,1,2021
174,NZD_USD,2021-11-08 04:00:00,2021-11-08 08:00:00,0.714025,0.7090528531,2021-11-10 12:00:00,0.7089978531,stoploss,-1.01106162,14,0.731072526,-8.836223227,1.1,1.1,0.71299,0.68761,10,23,-0.9694001583,0.394195915,0.976945245,0.002486073454,293,289,2,2021
175,NZD_CHF,2021-11-08 08:00:00,2021-11-08 12:00:00,0.653665,0.6491241072,2021-11-09 16:00:00,0.6490391072,stoploss,-1.018718786,8,0.6771796075,-8.184513858,1.7,1.7,0.6533,0.63935,10,20,-0.7839867976,0.1233237659,0.9449541284,0.002270446397,293,289,1,2021
176,CHF_JPY,2021-11-08 16:00:00,2021-11-08 20:00:00,123.95,123.3047761,2021-11-16 00:00:00,123.2937761,stoploss,-1.017048345,32,3.91027034,-2.822275977,2.2,2.2,123.517,119.022,7,26,0.2386768262,1.304973296,0.855721393,0.3226119655,293,289,11,2021
177,GBP_USD,2021-11-09 04:00:00,2021-11-09 08:00:00,1.357715,1.350257416,2021-11-10 12:00:00,1.350212416,stoploss,-1.006034126,8,0.4016046165,-5.590953083,0.9,0.9,1.35688,1.34117,20,29,-0.4076387426,0.2118648728,0.793814433,0.003728791798,294,290,0,2021
178,NZD_CAD,2021-11-11 12:00:00,2021-11-11 16:00:00,0.882805,0.8775136948,2021-11-16 16:00:00,0.8773986948,stoploss,-1.021733768,19,1.127321103,-5.324773189,2.3,2.3,0.88019,0.86128,7,23,-0.4686934342,0.9449464399,0.77593361,0.002645652594,296,292,11,2021
179,EUR_NZD,2021-11-16 04:00:00,2021-11-16 08:00:00,1.61668,1.607896431,2021-11-18 08:00:00,1.607706431,stoploss,-1.021631299,13,7.526553491,-1.187444455,3.8,3.8,1.61252,1.60798,6,11,-0.2686835008,0.9016836129,0.9500924214,0.004391784372,299,295,2,2021
180,NZD_CAD,2021-11-17 12:00:00,2021-11-17 16:00:00,0.880855,0.8764077459,2021-11-24 04:00:00,0.8762927459,stoploss,-1.025858653,28,1.77974991,-7.025683631,2.3,2.3,0.88019,0.86128,11,27,-0.589127576,0.2428464817,0.6105610561,0.002223627026,300,296,4,2021
181,EUR_NZD,2021-11-19 16:00:00,2021-11-19 20:00:00,1.61363,1.604013491,2022-01-14 20:00:00,1.6778,time_exit,6.672899861,240,7.191799196,-0.7060774514,3.8,3.8,1.61252,1.60798,9,14,-0.6447246243,0.212135199,0.8391038697,0.004808254382,302,298,125,2021
182,USD_JPY,2021-11-29 00:00:00,2021-11-29 04:00:00,113.661,112.8984897,2021-11-30 08:00:00,112.8954897,stoploss,-1.003934373,8,3.525198412,-1.483258707,0.6,0.6,113.585,112.725,6,14,-0.7527767443,0.183604084,0.6187175043,0.381255136,308,304,3,2021
183,USD_CAD,2021-12-08 04:00:00,2021-12-08 08:00:00,1.264725,1.257876141,2022-01-11 20:00:00,1.257811141,stoploss,-1.009490632,148,4.626318177,-2.882962046,1.3,1.3,1.26392,1.23871,8,20,-0.2131742004,0.2160943949,0.9130434783,0.003424429404,315,311,50,2021
184,GBP_NZD,2021-12-09 08:00:00,2021-12-09 12:00:00,1.94138,1.929661038,2022-02-03 12:00:00,2.04285,time_exit,8.658617026,240,9.532414586,-0.3140209979,4.8,4.8,1.93974,1.88517,6,23,-0.7440932341,0.2491688353,0.97,0.005859480775,316,312,240,2021
185,GBP_CAD,2021-12-10 16:00:00,2021-12-10 20:00:00,1.68653,1.676558843,2022-02-04 20:00:00,1.72708,time_exit,4.066729474,240,4.485938579,-0.3129024897,2.8,2.8,1.68374,1.67161,10,21,-1.097164499,0.5315330755,0.9463869464,0.004985578738,317,313,110,2021
186,EUR_USD,2021-12-15 20:00:00,2021-12-16 00:00:00,1.129085,1.123624547,2021-12-17 20:00:00,1.123589547,stoploss,-1.006409725,12,3.529926954,-3.103222425,0.7,0.7,1.12274,1.11861,6,15,-0.2087738899,2.362441386,0.9058064516,0.002730226468,320,316,4,2021
187,EUR_AUD,2021-12-16 00:00:00,2021-12-16 04:00:00,1.57669,1.565931596,2021-12-16 12:00:00,1.565811596,stoploss,-1.011154071,3,4.26085501,-1.915711644,2.4,2.4,1.57176,1.54483,4,22,-0.03718023569,0.8960436801,0.9194139194,0.005379202049,321,317,0,2021
188,USD_JPY,2021-12-17 16:00:00,2021-12-17 20:00:00,113.642,113.1234331,2022-02-11 20:00:00,115.883,time_exit,4.321525159,240,5.220155558,-0.6074432954,0.6,0.6,113.222,112.53,5,13,0.2275501869,1.612135222,0.9808743169,0.259283461,322,318,70,2021
189,AUD_JPY,2021-12-20 12:00:00,2021-12-20 16:00:00,80.8135,80.0831906,2022-02-14 16:00:00,82.168,time_exit,1.854693363,240,4.761680451,-0.6209696864,0.9,0.8,80.477,78.783,4,11,0.03833991449,0.9092036864,0.8641304348,0.3651547007,323,319,72,2021
190,AUD_USD,2021-12-20 12:00:00,2021-12-20 16:00:00,0.71187,0.7066471201,2022-01-27 08:00:00,0.7065971201,stoploss,-1.009573262,167,3.743145632,-2.893039923,1,1,0.70901,0.69932,4,11,0.07275679489,1.076034703,0.9492753623,0.002611439939,323,319,106,2021
191,NZD_JPY,2021-12-21 04:00:00,2021-12-21 08:00:00,76.51,75.91244496,2022-01-24 16:00:00,75.90744496,stoploss,-1.00836743,147,4.566943316,-2.14206209,1,1,76.44,75.961,5,12,-0.2811456494,0.2175531811,0.949044586,0.2987775204,324,320,69,2021
192,NZD_CHF,2021-12-21 08:00:00,2021-12-21 12:00:00,0.621155,0.6165774369,2022-01-21 00:00:00,0.6164924369,stoploss,-1.018568832,136,1.875452035,-3.048565305,1.7,1.7,0.62026,0.6173,5,11,-0.5723569402,0.3539000928,0.868852459,0.002288781542,324,320,11,2021
193,USD_CHF,2021-12-23 20:00:00,2021-12-24 00:00:00,0.918085,0.9138277179,2021-12-29 16:00:00,0.9137827179,stoploss,-1.010570124,23,3.801721308,-2.105803616,1.1,0.9,0.91746,0.91574,4,17,0.01409349882,0.3429418047,0.6862745098,0.00212864104,326,322,21,2021
194,EUR_GBP,2021-12-24 04:00:00,2021-12-24 08:00:00,0.84591,0.8421120013,2021-12-28 00:00:00,0.8420720013,stoploss,-1.010531862,11,0.4949975367,-4.594525009,0.8,0.8,0.84536,0.83804,6,24,-0.5055293992,0.305424012,0.9277108434,0.001898999349,327,323,0,2021
195,EUR_CHF,2021-12-30 00:00:00,2021-12-30 04:00:00,1.03825,1.035733515,2021-12-30 12:00:00,1.035683515,stoploss,-1.019868988,3,9.199341321,-3.552575007,1,1,1.03789,1.03667,7,18,-0.6993883682,0.2463754479,0.952,0.001258242258,331,327,0,2021
196,USD_CHF,2022-01-03 16:00:00,2022-01-03 20:00:00,0.919255,0.9140533021,2022-01-04 16:00:00,0.9140083021,stoploss,-1.008651021,6,2.886557502,-1.948402283,0.9,0.9,0.91746,0.91574,11,24,-1.099640953,0.6382531406,0.8354898336,0.002600848933,333,329,3,2022
197,EUR_USD,2022-01-05 00:00:00,2022-01-05 04:00:00,1.128605,1.123345254,2022-01-27 00:00:00,1.123310254,stoploss,-1.006654313,96,3.970723816,-3.736872234,0.7,0.7,1.12732,1.12217,5,15,0.1254813368,0.4753080939,0.7603305785,0.002629873162,335,331,42,2022
198,EUR_CHF,2022-01-05 16:00:00,2022-01-05 20:00:00,1.03901,1.035752375,2022-01-21 08:00:00,1.035702375,stoploss,-1.015348604,70,6.873105066,-7.014312227,1,1,1.03789,1.03667,11,22,-0.7674302217,0.6569202698,0.9957081545,0.001628812581,335,331,19,2022
199,AUD_NZD,2022-01-10 00:00:00,2022-01-10 04:00:00,1.061235,1.057140285,2022-03-07 04:00:00,1.073105,time_exit,2.898858529,240,4.499702477,-0.93657308,2.1,2.1,1.05774,1.03501,4,25,-0.2344485415,1.660677169,0.9748743719,0.002047357586,338,334,164,2022
200,CHF_JPY,2022-01-12 12:00:00,2022-01-12 16:00:00,125.342,124.7529337,2022-01-14 12:00:00,124.7419337,stoploss,-1.01867362,12,1.016863512,-3.142261037,2.2,2.2,125.264,122.665,6,17,-1.198506911,0.2172930377,0.972027972,0.2945331368,340,336,6,2022
201,GBP_JPY,2022-01-14 04:00:00,2022-01-14 08:00:00,156.177,155.298824,2022-01-20 20:00:00,155.286824,stoploss,-1.013664687,28,2.155604401,-5.917948268,2,2.4,155.94,149.523,4,19,0.1412017674,0.5169806646,0.6734693878,0.4390879883,342,338,11,2022
202,EUR_JPY,2022-01-14 20:00:00,2022-01-17 00:00:00,130.23,129.5364671,2022-01-19 04:00:00,129.5294671,stoploss,-1.010093248,14,4.218977653,-8.41776881,1.4,1.4,130.159,127.514,4,19,-0.2364703811,0.5854083825,0.8482142857,0.3467664729,342,338,7,2022
203,EUR_AUD,2022-01-19 20:00:00,2022-01-20 00:00:00,1.57244,1.563894952,2022-01-20 12:00:00,1.563774952,stoploss,-1.014043222,4,5.861874723,-13.59383845,2.4,2.4,1.56818,1.55608,4,13,0.1404322154,1.036857857,0.8183760684,0.004272523925,345,341,0,2022
204,GBP_AUD,2022-01-20 20:00:00,2022-01-21 00:00:00,1.88121,1.871635508,2022-02-23 08:00:00,1.871435508,stoploss,-1.020888836,141,4.274900298,-11.27997147,4,4,1.87833,1.84771,5,20,-0.2673771015,0.7227537274,0.879406308,0.004787246152,346,342,34,2022
205,AUD_CHF,2022-01-21 12:00:00,2022-01-21 16:00:00,0.65767,0.6527957391,2022-01-24 08:00:00,0.6527257391,stoploss,-1.014361152,5,7.52729501,-1.916187937,1.4,1.4,0.65636,0.65356,11,23,-0.3241517066,0.4964855253,0.8968609865,0.002437130467,347,343,0,2022
206,CAD_CHF,2022-01-24 00:00:00,2022-01-24 04:00:00,0.726855,0.7222157641,2022-01-24 12:00:00,0.7221407641,stoploss,-1.016166455,3,3.751695402,-2.085472738,1.5,1.5,0.72645,0.71691,5,12,-1.263139044,0.1293316427,0.96996997,0.002319617951,348,344,0,2022
207,CAD_JPY,2022-01-24 00:00:00,2022-01-24 04:00:00,90.651,89.95541656,2022-01-24 12:00:00,89.94941656,stoploss,-1.008625852,3,5.779320988,-2.042889334,1.2,1.2,90.542,87.437,6,25,-0.6929434618,0.2932789755,0.9146666667,0.3477917223,348,344,0,2022
208,GBP_CHF,2022-01-24 20:00:00,2022-01-25 00:00:00,1.232685,1.225933161,2022-03-01 16:00:00,1.225838161,stoploss,-1.014070241,155,4.121099588,-3.293176975,1.9,1.9,1.22846,1.21333,16,24,0.01777293623,1.232256912,0.8232931727,0.003375919389,348,344,83,2022
209,AUD_CHF,2022-01-27 08:00:00,2022-01-27 12:00:00,0.65776,0.6518206305,2022-01-28 08:00:00,0.6517506305,stoploss,-1.011785763,6,7.116916987,-1.439546729,1.4,1.4,0.65636,0.65356,15,27,-1.060718643,0.4343895393,0.9589632829,0.002969684772,351,347,1,2022
210,CAD_CHF,2022-01-27 08:00:00,2022-01-27 12:00:00,0.731945,0.7261299214,2022-02-01 12:00:00,0.7260549214,stoploss,-1.012897504,19,2.153883167,-2.539088619,1.5,1.5,0.72645,0.71691,8,15,0.06190801916,1.864119244,0.9632352941,0.002907539321,351,347,1,2022
211,CAD_JPY,2022-01-27 08:00:00,2022-01-27 12:00:00,90.773,89.95631263,2022-02-02 16:00:00,89.95031263,stoploss,-1.007346752,26,7.845107199,-1.889339848,1.2,1.2,90.542,87.437,9,28,-1.070176946,0.5510064367,0.9622093023,0.4083436872,351,347,1,2022
212,CAD_JPY,2022-02-14 12:00:00,2022-02-14 16:00:00,90.558,89.82183098,2022-02-22 00:00:00,89.81583098,stoploss,-1.008150302,33,13.08938541,-1.803933564,1.2,1.2,89.947,89.566,8,15,0.2390755326,1.646361054,0.8505747126,0.3680845088,363,359,11,2022
213,EUR_AUD,2022-02-17 20:00:00,2022-02-18 00:00:00,1.58053,1.57141161,2022-02-21 16:00:00,1.57129161,stoploss,-1.013160217,11,0.2522374977,-16.28686556,2.4,2.4,1.57735,1.55869,11,20,0.05264086909,0.6404639072,0.6961038961,0.004559195244,366,362,0,2022
214,EUR_CHF,2022-02-21 00:00:00,2022-02-21 04:00:00,1.04513,1.040313216,2022-02-21 12:00:00,1.040263216,stoploss,-1.01038037,3,0.3591608103,-9.907025358,1,1,1.04396,1.02999,5,20,-0.8470382117,0.4691927349,0.9378698225,0.002408391938,368,364,1,2022
215,EUR_JPY,2022-02-21 00:00:00,2022-02-21 04:00:00,130.591,129.7016619,2022-02-22 00:00:00,129.6966619,stoploss,-1.005622159,6,7.814800495,-6.970352268,1.4,1,130.046,128.296,5,15,-0.1731624858,1.209888537,0.912462908,0.4446690613,368,364,1,2022
216,CAD_CHF,2022-02-21 04:00:00,2022-02-21 08:00:00,0.723385,0.7195281515,2022-02-21 12:00:00,0.7194531515,stoploss,-1.019445929,2,7.266295335,-1.608826496,1.5,1.5,0.72289,0.72248,5,11,-0.352619506,0.2126088198,0.981981982,0.001928424232,368,364,0,2022
217,EUR_NZD,2022-02-21 16:00:00,2022-02-21 20:00:00,1.68613,1.677060068,2022-02-23 00:00:00,1.676870068,stoploss,-1.020948338,8,0.5358364256,-13.99238699,3.8,3.8,1.68401,1.66556,17,23,-0.02205088171,0.6725518922,0.8097686375,0.004534966053,368,364,1,2022
218,GBP_NZD,2022-02-21 16:00:00,2022-02-21 20:00:00,2.02527,2.014930697,2022-02-22 12:00:00,2.014690697,stoploss,-1.023212395,5,0.741829472,-14.90912818,4.8,4.8,2.02209,1.99368,8,27,-0.1179963437,0.8511211674,0.9175824176,0.005169651712,368,364,1,2022
219,USD_CHF,2022-02-22 08:00:00,2022-02-22 12:00:00,0.918635,0.9146257916,2022-04-19 12:00:00,0.946285,time_exit,6.89662329,240,7.686055938,-0.8443063232,0.9,0.9,0.91771,0.91076,13,22,-1.297014145,0.4389894029,0.8992248062,0.002004604198,369,365,240,2022
220,GBP_CAD,2022-02-24 16:00:00,2022-02-24 20:00:00,1.7164,1.706887949,2022-02-25 16:00:00,1.706747949,stoploss,-1.014718172,6,0.1366687422,-9.419630233,2.8,2.8,1.71542,1.71274,6,12,-1.429765303,0.1766180669,0.8545861298,0.004756025331,371,367,3,2022
221,CAD_CHF,2022-02-25 08:00:00,2022-02-25 12:00:00,0.723425,0.71873856,2022-03-07 00:00:00,0.71866356,stoploss,-1.016003619,34,8.243997558,-1.21520813,1.5,1.5,0.72289,0.72248,9,15,-0.3968897491,0.192043427,0.8165680473,0.002343220005,372,368,23,2022
222,CAD_JPY,2022-02-25 12:00:00,2022-02-25 16:00:00,90.582,89.82785484,2022-03-04 16:00:00,89.82185484,stoploss,-1.007956028,31,16.40135178,-1.258378433,1.2,1.2,90.021,89.947,9,17,-0.0503881775,1.471865185,0.9811965812,0.3770725782,372,368,22,2022
223,EUR_JPY,2022-02-25 16:00:00,2022-02-25 20:00:00,130.118,128.9172325,2022-02-28 00:00:00,128.9122325,stoploss,-1.004164003,2,8.233900475,-4.768616782,1,1,130.046,128.296,9,19,-0.8094822759,0.1099296918,0.8202080238,0.6003837446,372,368,0,2022
224,USD_CAD,2022-03-01 00:00:00,2022-03-01 04:00:00,1.267515,1.259037895,2022-03-03 08:00:00,1.258972895,stoploss,-1.007667712,14,2.665414703,-3.212771385,1.3,1.3,1.26639,1.26362,9,13,0.02595225646,0.2524446764,0.8205128205,0.004238552443,374,370,4,2022
225,EUR_GBP,2022-03-08 12:00:00,2022-03-08 16:00:00,0.83281,0.8270422692,2022-04-14 16:00:00,0.8270022692,stoploss,-1.006935136,163,3.195364099,-1.36102052,0.8,0.8,0.83051,0.82846,10,23,-0.8252812323,0.7871379821,0.9748427673,0.002883865411,379,375,99,2022
226,AUD_USD,2022-03-14 08:00:00,2022-03-14 12:00:00,0.72567,0.7196209735,2022-03-14 20:00:00,0.7195709735,stoploss,-1.008265793,3,6.687026404,-4.509816571,1,1,0.72454,0.70946,4,12,-0.3769201533,0.3570822505,0.8473282443,0.003024513256,383,379,0,2022
227,GBP_AUD,2022-03-18 08:00:00,2022-03-18 12:00:00,1.7815,1.768430492,2022-03-23 12:00:00,1.768230492,stoploss,-1.015302795,19,0.5531960334,-4.904545745,4,4,1.77698,1.77321,5,9,-0.04284782554,0.661080737,0.8778625954,0.006534754015,387,383,7,2022
228,EUR_CAD,2022-03-22 08:00:00,2022-03-22 12:00:00,1.38707,1.377236239,2022-03-24 12:00:00,1.377146239,stoploss,-1.009152144,13,1.110460147,-4.916735177,1.8,1.8,1.38578,1.37623,7,11,-0.9070791681,0.2440571753,0.6919315403,0.00491688064,389,385,1,2022
229,GBP_CHF,2022-03-25 12:00:00,2022-03-25 16:00:00,1.225075,1.217389725,2022-03-30 04:00:00,1.217294725,stoploss,-1.012361302,16,2.574403707,-2.34279195,1.9,1.9,1.22191,1.21045,4,14,-0.4345973404,0.7989304402,0.9733059548,0.003842637413,392,388,4,2022
230,EUR_USD,2022-03-28 08:00:00,2022-03-28 12:00:00,1.099085,1.092796897,2022-04-05 16:00:00,1.092781897,stoploss,-1.002385457,38,3.084396097,-10.19782932,0.3,0.3,1.0961,1.0806,4,15,-0.5216199638,0.9478216415,0.8461538462,0.003144051443,393,389,16,2022
231,EUR_CAD,2022-03-29 12:00:00,2022-03-29 16:00:00,1.39041,1.379278981,2022-04-01 12:00:00,1.379188981,stoploss,-1.008085513,18,0.6809798743,-4.643779644,1.8,1.8,1.38578,1.37623,12,16,-2.30347282,0.8067545213,0.9120126449,0.005565509559,394,390,10,2022
232,NZD_CAD,2022-03-29 12:00:00,2022-03-29 16:00:00,0.863225,0.8576325271,2022-04-13 12:00:00,0.8575175271,stoploss,-1.020563354,66,1.740732625,-10.00541284,2.3,2.3,0.86099,0.85038,9,21,-0.2324553069,0.7617381595,0.7183462532,0.002796236441,394,390,29,2022
233,CAD_CHF,2022-03-31 04:00:00,2022-03-31 08:00:00,0.738935,0.7336764119,2022-05-26 08:00:00,0.749445,time_exit,1.998635354,240,8.029721961,-0.5486263554,1.5,1.5,0.7383,0.71773,4,18,-0.1521320916,0.2205915329,0.7716535433,0.002629294028,396,392,197,2022
234,EUR_NZD,2022-04-04 20:00:00,2022-04-05 00:00:00,1.57824,1.566239108,2022-04-05 08:00:00,1.566049108,stoploss,-1.015832156,3,8.821010757,-1.584882152,3.8,3.8,1.57498,1.56405,5,20,0.09665947929,0.6282866154,0.7955112219,0.006000446146,398,394,0,2022
235,GBP_USD,2022-04-06 08:00:00,2022-04-06 12:00:00,1.309755,1.303308888,2022-04-08 08:00:00,1.303263888,stoploss,-1.006980953,12,0.7748857442,-14.61733919,0.9,0.9,1.30509,1.29997,6,17,-0.1706455092,1.436524923,0.9700374532,0.00322305581,400,396,0,2022
236,EUR_CHF,2022-04-06 12:00:00,2022-04-06 16:00:00,1.02034,1.015157313,2022-04-07 08:00:00,1.015107313,stoploss,-1.009647504,5,6.021972278,-2.180336006,1,1,1.0197,0.99741,8,22,-0.8335443845,0.227681105,0.9717314488,0.002591343713,400,396,0,2022
237,NZD_USD,2022-04-08 04:00:00,2022-04-08 08:00:00,0.688435,0.6833145753,2022-04-08 16:00:00,0.6832595753,stoploss,-1.010741296,3,0.3271213002,-13.04481627,1.1,1.1,0.68758,0.67284,8,18,-0.1562370389,0.3124740778,0.8391608392,0.002560212372,402,398,0,2022
238,EUR_NZD,2022-04-08 08:00:00,2022-04-08 12:00:00,1.58446,1.571523676,2022-04-13 04:00:00,1.571333676,stoploss,-1.014687325,17,7.702342506,-1.14561136,3.8,3.8,1.57498,1.56405,9,24,0.123682738,1.436265794,0.9041533546,0.006468162116,402,398,5,2022
239,AUD_USD,2022-04-08 16:00:00,2022-04-08 20:00:00,0.74609,0.7405372795,2022-04-12 04:00:00,0.7404872795,stoploss,-1.009004595,9,0.588900519,-11.38360912,1,1,0.7456,0.71652,8,18,-1.069745897,0.1620827117,0.9218328841,0.002776360263,402,398,1,2022
240,NZD_CHF,2022-04-11 04:00:00,2022-04-11 08:00:00,0.639815,0.6353477899,2022-04-11 16:00:00,0.6352627899,stoploss,-1.019027536,3,1.413633971,-5.163177757,1.7,1.7,0.63766,0.63225,6,19,0.1119266802,0.9312299792,0.9838709677,0.002233605067,403,399,0,2022
241,GBP_USD,2022-04-13 16:00:00,2022-04-13 20:00:00,1.30941,1.301843443,2022-04-18 08:00:00,1.301798443,stoploss,-1.005947223,16,0.7057371348,-12.40722888,0.8,0.9,1.30509,1.29997,11,22,-1.538348361,1.128650774,0.9139492754,0.003783278318,405,401,3,2022
242,EUR_CHF,2022-04-14 08:00:00,2022-04-14 12:00:00,1.02027,1.015124782,2022-04-14 16:00:00,1.015074782,stoploss,-1.00971776,2,6.079430841,-1.187510308,1,1,1.0197,0.99741,14,28,-0.8240660731,0.19824231,0.9633699634,0.002572609247,406,402,0,2022
243,NZD_CHF,2022-04-14 12:00:00,2022-04-14 16:00:00,0.638845,0.6337915379,2022-04-25 00:00:00,0.6337065379,stoploss,-1.016820152,39,1.441585968,-4.372250097,1.7,1.7,0.63766,0.63225,9,22,-0.2414186521,0.4313874276,0.6589147287,0.002526731032,406,402,26,2022
244,USD_CAD,2022-04-21 16:00:00,2022-04-21 20:00:00,1.255055,1.248257628,2022-06-16 20:00:00,1.290325,time_exit,5.188770064,240,7.740491548,-0.4876884821,1.3,1.3,1.2521,1.24028,5,12,-1.3828874,0.8473863218,0.9607097592,0.003398685967,411,407,90,2022
245,NZD_JPY,2022-04-25 12:00:00,2022-04-25 16:00:00,84.768,83.84742927,2022-04-26 16:00:00,83.84242927,stoploss,-1.005431413,7,2.218189148,-5.773592224,1,1,84.706,84.245,10,17,-0.6061457123,0.1260087861,0.6594911937,0.4602853643,413,409,4,2022
246,AUD_NZD,2022-04-25 16:00:00,2022-04-25 20:00:00,1.084165,1.078544013,2022-06-20 20:00:00,1.098815,time_exit,2.606303967,240,5.814815368,-0.1823523253,2.1,2.1,1.08246,1.0755,8,18,-0.01067428246,0.5692950644,0.8316326531,0.002810493363,413,409,223,2022
247,AUD_CHF,2022-04-26 04:00:00,2022-04-26 08:00:00,0.69258,0.6860583677,2022-04-26 20:00:00,0.6859883677,stoploss,-1.010733509,4,2.194235936,-3.468456805,1.4,1.4,0.68973,0.68882,10,17,-0.6900113008,0.8494805792,0.9227941176,0.00326081616,414,410,0,2022
248,AUD_JPY,2022-04-26 04:00:00,2022-04-26 08:00:00,92.551,91.38301963,2022-04-26 16:00:00,91.37901963,stoploss,-1.003424715,3,3.707254099,-4.495794752,0.8,0.8,92.398,90.763,11,18,-1.493175785,0.2517165601,0.967711301,0.583990183,414,410,0,2022
249,GBP_NZD,2022-04-26 20:00:00,2022-04-27 00:00:00,1.91562,1.901654405,2022-06-22 00:00:00,1.93801,time_exit,1.603225613,240,3.707682994,-0.8571063236,4.8,4.8,1.91477,1.88497,4,9,-0.3680473269,0.1159993521,0.7806004619,0.006982797624,414,410,88,2022
250,GBP_CHF,2022-04-27 00:00:00,2022-04-27 04:00:00,1.211215,1.202598359,2022-05-24 08:00:00,1.202503359,stoploss,-1.011025178,116,3.844305531,-3.774672827,1.9,1.9,1.21037,1.2096,10,18,-0.5918779837,0.1740817599,0.9348441926,0.004308320415,415,411,86,2022
251,NZD_JPY,2022-04-29 04:00:00,2022-04-29 08:00:00,85.001,83.93566471,2022-04-29 16:00:00,83.93066471,stoploss,-1.004693358,3,1.698056955,-5.207750132,1,1,84.706,84.245,14,21,0.1821022937,0.5444295379,0.8894009217,0.5326676453,417,413,0,2022
252,GBP_AUD,2022-04-29 08:00:00,2022-04-29 12:00:00,1.75673,1.742674649,2022-05-04 20:00:00,1.742474649,stoploss,-1.014229456,21,2.061848142,-2.768340621,4,4,1.74912,1.7174,7,18,-0.4638802583,1.057248564,0.942680776,0.007027675659,417,413,4,2022
253,CHF_JPY,2022-05-04 20:00:00,2022-05-05 00:00:00,132.75,131.7623065,2022-05-09 16:00:00,131.7513065,stoploss,-1.011137058,17,11.14920733,-5.309339199,2.2,2.2,131.922,130.783,5,25,0.1721181662,1.690807868,0.768442623,0.4938467674,420,416,0,2022
254,GBP_AUD,2022-05-09 00:00:00,2022-05-09 04:00:00,1.7544,1.736967816,2022-06-01 16:00:00,1.736767816,stoploss,-1.011473032,106,1.743327196,-1.540828183,4,4,1.74912,1.7174,13,24,-0.6344586638,0.5828300203,0.9610507246,0.008716091868,423,419,6,2022
255,AUD_CHF,2022-05-12 12:00:00,2022-05-12 16:00:00,0.68512,0.6777679603,2022-05-24 16:00:00,0.6776979603,stoploss,-1.009521167,49,2.63872351,-4.647689812,1.4,1.4,0.6843,0.68223,8,13,-0.337321356,0.2094656807,0.7613636364,0.003676019849,426,422,16,2022
256,USD_JPY,2022-05-13 00:00:00,2022-05-13 04:00:00,128.823,127.5798432,2022-05-19 12:00:00,127.5768432,stoploss,-1.002413211,27,6.58002293,-1.982050917,0.6,0.6,128.622,126.942,7,12,-0.6354789871,0.3201527049,0.8534482759,0.621578381,427,423,15,2022
257,EUR_CAD,2022-05-16 04:00:00,2022-05-16 08:00:00,1.34845,1.338608231,2022-07-05 08:00:00,1.338518231,stoploss,-1.009144697,217,3.288026644,-3.729004259,1.8,1.8,1.34594,1.33872,7,11,-0.5893249238,0.4917814882,0.8580645161,0.004920884698,428,424,38,2022
258,EUR_JPY,2022-05-16 08:00:00,2022-05-16 12:00:00,134.983,133.4372243,2022-07-11 12:00:00,138.587,time_exit,2.331515557,240,6.011221575,-0.6844460209,1,1,134.78,134.297,13,29,-0.9794435498,0.2561820645,0.9474206349,0.7728878302,428,424,186,2022
259,EUR_USD,2022-05-17 08:00:00,2022-05-17 12:00:00,1.049095,1.041995427,2022-06-13 16:00:00,1.041960427,stoploss,-1.004929874,116,4.168560839,-6.916613616,0.7,0.7,1.04827,1.04713,7,13,-1.18880397,0.2140973974,0.9651162791,0.003549786263,429,425,56,2022
260,EUR_AUD,2022-05-23 08:00:00,2022-05-23 12:00:00,1.49878,1.484258073,2022-06-01 16:00:00,1.484138073,stoploss,-1.008263366,44,2.822628198,-1.559021771,2.4,2.4,1.48878,1.46005,4,13,-0.04958019767,1.359323753,0.9368131868,0.007260963388,433,429,7,2022
261,EUR_NZD,2022-05-23 16:00:00,2022-05-23 20:00:00,1.65228,1.638619018,2022-05-27 16:00:00,1.638429018,stoploss,-1.013908224,24,3.248668298,-1.621406102,3.8,3.8,1.64569,1.56964,4,28,-0.06295301343,0.9325830129,0.9264305177,0.006830491132,433,429,5,2022
262,EUR_CHF,2022-06-02 00:00:00,2022-06-02 04:00:00,1.02605,1.02022766,2022-06-16 08:00:00,1.02017766,stoploss,-1.008587612,62,4.357354454,-9.063365965,1,1,1.02332,1.02294,4,10,0.1442718857,0.9171569879,0.9493670886,0.0029111701,441,437,32,2022
263,EUR_NZD,2022-06-03 00:00:00,2022-06-03 04:00:00,1.63974,1.629334623,2022-07-22 08:00:00,1.629144623,stoploss,-1.018259791,212,5.470248844,-2.546760267,3.8,3.8,1.63813,1.63652,5,9,-0.3267541474,0.2690916508,0.9627329193,0.005202688362,442,438,122,2022
264,GBP_USD,2022-06-07 08:00:00,2022-06-07 12:00:00,1.24945,1.240802004,2022-06-10 12:00:00,1.240762004,stoploss,-1.004625349,19,1.215310406,-8.496765811,0.8,0.8,1.24586,1.21553,4,17,-0.659112209,0.8209994183,0.6124401914,0.004323998192,444,440,1,2022
265,NZD_CHF,2022-06-14 12:00:00,2022-06-14 16:00:00,0.621375,0.6156626536,2022-06-16 08:00:00,0.6155776536,stoploss,-1.01488005,11,1.100248396,-5.459227722,1.7,1.7,0.62083,0.61675,8,15,-0.7177435837,0.1610546578,0.6857923497,0.002856173216,449,445,7,2022
266,NZD_USD,2022-06-29 04:00:00,2022-06-29 08:00:00,0.625645,0.6202633054,2022-06-30 04:00:00,0.6202083054,stoploss,-1.010219829,6,3.936492409,-3.641046436,1.1,1.1,0.62439,0.61966,5,11,-0.3158856311,0.4459561851,0.8436213992,0.002690847308,460,456,0,2022
267,AUD_USD,2022-06-29 12:00:00,2022-06-29 16:00:00,0.68866,0.6825493042,2022-07-01 04:00:00,0.6824993042,stoploss,-1.008182374,10,4.094460101,-3.358046414,1,1,0.68691,0.68505,4,11,-0.2389253296,0.5564014526,0.6394736842,0.003055347882,460,456,6,2022
268,EUR_GBP,2022-06-30 16:00:00,2022-06-30 20:00:00,0.86084,0.8557377616,2022-07-05 08:00:00,0.8556977616,stoploss,-1.007839696,16,1.375866714,-5.264356117,0.8,0.8,0.85614,0.85107,4,9,-0.415503908,1.822729408,0.9150641026,0.002551119206,461,457,4,2022
269,GBP_USD,2022-06-30 16:00:00,2022-06-30 20:00:00,1.21776,1.208902371,2022-07-01 12:00:00,1.208862371,stoploss,-1.004515881,5,1.308476622,-5.197779437,0.8,0.8,1.21608,1.1934,6,12,-0.8896286264,0.3725602116,0.8393393393,0.00442881432,461,457,0,2022
270,NZD_JPY,2022-06-30 16:00:00,2022-06-30 20:00:00,84.812,83.99735693,2022-07-01 04:00:00,83.99235693,stoploss,-1.006137657,3,2.187461077,-3.293466929,1,1,84.378,82.97,5,10,0.03928100699,1.053222,0.722027972,0.4073215334,461,457,1,2022
271,AUD_JPY,2022-07-04 08:00:00,2022-07-04 12:00:00,92.749,91.59374539,2022-07-06 08:00:00,91.58974539,stoploss,-1.00346244,12,2.611545513,-1.927713575,0.8,0.8,92.646,91.962,7,12,-0.9954515544,0.1783156697,0.7643742954,0.5776273064,463,459,4,2022
272,AUD_USD,2022-07-05 00:00:00,2022-07-05 04:00:00,0.68853,0.6818132034,2022-07-05 08:00:00,0.6817632034,stoploss,-1.007444025,2,3.744344422,-3.035673271,1,1,0.68691,0.68505,8,15,-0.2590520594,0.4704623607,0.822147651,0.003358398316,464,460,0,2022
273,EUR_AUD,2022-07-06 04:00:00,2022-07-06 08:00:00,1.5089,1.496295971,2022-07-06 12:00:00,1.496175971,stoploss,-1.009520765,2,0.1975558783,-6.38367308,2.4,2.4,1.50622,1.48634,4,14,-0.1126623884,0.4062193161,0.7767220903,0.006302014451,465,461,0,2022
274,GBP_NZD,2022-07-06 16:00:00,2022-07-06 20:00:00,1.94044,1.923908119,2022-07-15 12:00:00,1.923668119,stoploss,-1.014517404,41,0.8172088898,-3.722504447,4.8,4.8,1.92426,1.91225,12,22,0.04113264582,1.928395219,0.901734104,0.008265940428,465,461,10,2022
275,NZD_JPY,2022-07-11 04:00:00,2022-07-11 08:00:00,84.543,83.65713039,2022-07-12 12:00:00,83.65213039,stoploss,-1.005644172,8,2.315239155,-2.725006007,1,1,84.378,82.97,12,17,-0.37251532,0.3612269769,0.6742738589,0.4429348034,468,464,0,2022
276,GBP_AUD,2022-07-15 20:00:00,2022-07-18 00:00:00,1.74729,1.734800964,2022-07-20 12:00:00,1.734600964,stoploss,-1.016014047,16,1.438862091,-4.81302172,4,4,1.74384,1.73068,7,21,0.1345179919,0.4996382555,0.9421487603,0.00624451784,472,468,4,2022
277,USD_CAD,2022-07-22 16:00:00,2022-07-22 20:00:00,1.287695,1.280327081,2022-07-28 08:00:00,1.280262081,stoploss,-1.008822029,22,5.847648275,-2.028388151,1.3,1.3,1.2837,1.28193,14,18,-0.4071705889,1.066786943,0.9019933555,0.0036839596,477,473,2,2022
278,GBP_CHF,2022-07-25 08:00:00,2022-07-25 12:00:00,1.158955,1.15192689,2022-08-09 08:00:00,1.15183189,stoploss,-1.013517148,66,1.718100681,-9.149686485,1.9,1.9,1.15693,1.15285,6,16,-1.032994695,0.5463773595,0.9893048128,0.003514054832,478,474,48,2022
279,USD_CAD,2022-07-29 12:00:00,2022-07-29 16:00:00,1.284235,1.277407172,2022-08-01 12:00:00,1.277342172,stoploss,-1.009519865,6,10.92953769,-1.682086972,1.3,1.3,1.2837,1.28193,19,23,-0.6737135458,0.1493886558,0.6803874092,0.003413913843,482,478,0,2022
280,NZD_CHF,2022-08-03 04:00:00,2022-08-03 08:00:00,0.597225,0.592897391,2022-08-19 16:00:00,0.592812391,stoploss,-1.019641331,75,2.665444106,-10.19616135,1.7,1.7,0.59594,0.59019,15,23,0.03235042695,0.573064706,0.6256684492,0.002163804518,485,481,42,2022
281,AUD_CHF,2022-08-03 08:00:00,2022-08-03 12:00:00,0.6648,0.6593004683,2022-08-17 16:00:00,0.6592304683,stoploss,-1.012728356,62,1.860158374,-5.936869102,1.4,1.4,0.66321,0.65907,7,13,-0.552774336,0.552774336,0.9212121212,0.002749765865,485,481,41,2022
282,AUD_NZD,2022-08-12 08:00:00,2022-08-12 12:00:00,1.104385,1.099590384,2022-08-17 04:00:00,1.099485384,stoploss,-1.021899562,17,9.309399681,-1.137734407,2.1,2.1,1.10076,1.09749,8,20,0.1418257373,1.468313515,0.9352941176,0.002397308179,492,488,12,2022
283,GBP_CAD,2022-08-15 00:00:00,2022-08-15 04:00:00,1.55129,1.543365995,2022-08-19 00:00:00,1.543225995,stoploss,-1.017667833,24,1.678444127,-17.765006,2.8,2.8,1.54991,1.53511,7,16,-0.1665824246,0.3129730402,0.7509881423,0.003962002603,493,489,3,2022
284,EUR_USD,2022-08-16 12:00:00,2022-08-16 16:00:00,1.014405,1.00818202,2022-08-18 20:00:00,1.00814702,stoploss,-1.005624315,14,0.9456884452,-9.772649582,0.7,0.7,1.01226,1.00966,9,14,-0.003213894461,0.6749178368,0.8791666667,0.003111489852,494,490,7,2022
285,GBP_USD,2022-08-16 12:00:00,2022-08-16 16:00:00,1.20554,1.197128104,2022-08-18 16:00:00,1.197088104,stoploss,-1.004755171,13,1.03781602,-20.10129563,0.8,0.8,1.20032,1.17597,7,23,0.2282481968,1.231589229,0.9440715884,0.004205947794,494,490,4,2022
286,GBP_NZD,2022-08-17 08:00:00,2022-08-17 12:00:00,1.91789,1.904085303,2022-08-19 12:00:00,1.903845303,stoploss,-1.017385388,13,6.337698188,-7.038184431,4.8,4.8,1.91514,1.9067,9,18,-1.482104297,0.3636443582,0.9381443299,0.006902348251,495,491,5,2022
287,AUD_CHF,2022-08-18 08:00:00,2022-08-18 12:00:00,0.66159,0.656654698,2022-09-08 04:00:00,0.656584698,stoploss,-1.014183529,89,2.723237616,-8.192001252,1.4,1.4,0.66081,0.65816,6,12,-1.207626205,0.287723022,0.8827751196,0.00246765099,496,492,48,2022
288,AUD_USD,2022-08-22 04:00:00,2022-08-22 08:00:00,0.68997,0.6837720299,2022-08-31 20:00:00,0.6837220299,stoploss,-1.008067157,46,1.766707464,-11.77159603,1,1,0.68695,0.66814,11,27,0.183931188,0.9583782956,0.7741935484,0.003098985039,498,494,26,2022
289,NZD_CHF,2022-08-23 12:00:00,2022-08-23 16:00:00,0.598545,0.5940144838,2022-08-26 16:00:00,0.5939294838,stoploss,-1.018761659,19,0.7890933066,-10.34650315,1.7,1.7,0.59653,0.59553,9,14,0.07063212815,0.8475855378,0.9565217391,0.002265258094,499,495,11,2022
290,NZD_USD,2022-08-23 16:00:00,2022-08-23 20:00:00,0.622605,0.6163523052,2022-08-24 16:00:00,0.6162973052,stoploss,-1.008796207,6,0.402226573,-11.42147543,1.1,1.1,0.62123,0.61913,12,19,-1.218674547,0.4254165743,0.7290780142,0.003126347398,499,495,0,2022
291,NZD_CAD,2022-08-25 00:00:00,2022-08-25 04:00:00,0.802755,0.798081157,2022-08-29 00:00:00,0.797966157,stoploss,-1.02460502,12,0.8055469577,-8.614966335,2.3,2.3,0.80126,0.79817,4,21,0.05990787467,0.5905204789,0.8732394366,0.002336921494,501,497,1,2022
292,NZD_JPY,2022-08-26 20:00:00,2022-08-29 00:00:00,84.334,83.69994087,2022-09-22 04:00:00,83.69494087,stoploss,-1.0078857,110,5.57203555,-5.926892045,1,1,84.373,82.129,5,18,-0.394284995,0.2965023163,0.9733333333,0.3170295638,502,498,62,2022
293,EUR_CAD,2022-08-29 12:00:00,2022-08-29 16:00:00,1.30335,1.295854844,2022-10-24 16:00:00,1.35003,time_exit,6.228022086,240,7.406116239,-0.7484833741,1.8,1.8,1.3025,1.29672,18,22,-0.9419416437,0.2027976343,0.662037037,0.003747578232,503,499,216,2022
294,NZD_CAD,2022-08-30 08:00:00,2022-08-30 12:00:00,0.803235,0.7985327702,2022-09-01 16:00:00,0.7984177702,stoploss,-1.024456483,14,0.4986995789,-8.665038099,2.3,2.3,0.80126,0.79817,7,24,-1.025045616,0.7911140441,0.906581741,0.002351114879,504,500,12,2022
295,AUD_CAD,2022-09-02 08:00:00,2022-09-02 12:00:00,0.894215,0.8884976785,2022-09-06 08:00:00,0.8884026785,stoploss,-1.016616173,12,0.8071961706,-6.007183635,1.9,1.9,0.89212,0.88772,10,22,0.1119405307,0.6996283168,0.976744186,0.002858660737,507,503,0,2022
296,GBP_JPY,2022-09-05 08:00:00,2022-09-05 12:00:00,161.492,160.4889072,2022-09-22 08:00:00,160.4789072,stoploss,-1.009969168,78,10.60420383,-12.38669104,2,2,160.802,160.086,9,14,-0.2751490324,1.355806826,0.9915151515,0.5015463759,508,504,36,2022
297,CAD_CHF,2022-09-08 16:00:00,2022-09-08 20:00:00,0.741335,0.736720341,2022-09-09 08:00:00,0.736645341,stoploss,-1.016252555,4,0.2264522674,-6.512940571,1.5,1.5,0.73901,0.72904,8,18,-0.1950306609,0.9794873192,0.7384196185,0.002307329514,511,507,0,2022
298,AUD_CAD,2022-09-09 08:00:00,2022-09-09 12:00:00,0.893015,0.8869454238,2022-09-13 20:00:00,0.8868504238,stoploss,-1.015651834,15,0.6170117817,-5.460842591,1.9,1.9,0.89212,0.88772,15,27,-0.9588807929,0.26360984,0.875,0.003034788079,512,508,12,2022
299,USD_CHF,2022-09-09 12:00:00,2022-09-09 16:00:00,0.960125,0.9517715023,2022-09-12 12:00:00,0.9517265023,stoploss,-1.005386965,6,6.543965438,-1.453882013,0.9,0.9,0.95778,0.93706,10,21,-0.7278388341,0.550667539,0.6683354193,0.004176748832,512,508,0,2022
300,USD_CHF,2022-09-15 16:00:00,2022-09-15 20:00:00,0.960455,0.9529242224,2022-11-10 20:00:00,0.969375,time_exit,1.184472631,240,7.215058338,-0.1772725293,0.9,0.9,0.95778,0.93706,14,25,-0.5231863413,0.6984670445,0.7836456559,0.00376538882,516,512,154,2022
301,EUR_JPY,2022-09-21 12:00:00,2022-09-21 16:00:00,142.767,141.6219813,2022-09-22 00:00:00,141.6169813,stoploss,-1.004366741,3,4.922190467,-4.717826987,1,1,142.295,135.516,5,20,0.0873348202,0.8157072207,0.6337386018,0.5725093369,520,516,0,2022
302,CAD_JPY,2022-09-22 16:00:00,2022-09-22 20:00:00,105.569,104.0338674,2022-11-17 20:00:00,105.234,time_exit,-0.218222185,240,3.116343084,-0.9660402997,1.2,1.2,105.481,102.591,15,28,-0.9940509085,0.1068311592,0.9145021645,0.7675663223,521,517,125,2022
303,GBP_AUD,2022-09-29 16:00:00,2022-09-29 20:00:00,1.70678,1.679494049,2022-11-24 20:00:00,1.79158,time_exit,3.10782648,240,4.146089737,-0.09052277602,4,4,1.6896,1.68718,14,18,-0.4639750382,1.244596548,0.9048913043,0.01364297533,526,522,71,2022
304,GBP_CAD,2022-09-29 16:00:00,2022-09-29 20:00:00,1.51614,1.488749562,2022-11-24 20:00:00,1.61675,time_exit,3.673179657,240,3.798040749,-0.2143083649,2.8,2.8,1.5082,1.50236,9,16,-1.215752734,0.5724625487,0.8553964373,0.01369521905,526,522,239,2022
305,EUR_GBP,2022-10-04 12:00:00,2022-10-04 16:00:00,0.87167,0.8604289675,2022-10-17 16:00:00,0.8603889675,stoploss,-1.003558392,55,1.335286598,-1.288137904,0.8,0.8,0.86908,0.86257,8,14,-0.4412406079,0.4536949799,0.6391359593,0.005620516235,529,525,33,2022
306,GBP_NZD,2022-10-12 08:00:00,2022-10-12 12:00:00,1.97314,1.951663835,2022-11-02 08:00:00,1.951423835,stoploss,-1.011175179,90,2.729537557,-2.979582195,4.8,4.8,1.95522,1.82073,4,12,0.2216410571,1.654857809,0.949413942,0.01073808269,535,531,19,2022
307,AUD_JPY,2022-11-03 16:00:00,2022-11-03 20:00:00,93.314,92.38474608,2022-11-28 08:00:00,92.38024608,stoploss,-1.004842595,100,2.029585191,-6.772099475,0.8,0.9,92.945,90.841,8,15,0.04304528508,0.7855764527,0.7293868922,0.4646269612,551,547,17,2022
308,CHF_JPY,2022-11-03 16:00:00,2022-11-03 20:00:00,146.387,145.3033652,2022-11-11 12:00:00,145.2923652,stoploss,-1.010151021,35,2.496228448,-4.962003832,2.2,2.2,146.223,145.439,8,17,-0.695806377,0.2842285996,0.9202772964,0.541817397,551,547,23,2022
309,GBP_JPY,2022-11-03 16:00:00,2022-11-03 20:00:00,165.737,164.059266,2022-11-11 12:00:00,164.049266,stoploss,-1.00596042,35,2.110584888,-4.26289272,2,2,164.964,159.728,9,17,0.1513946799,0.9095601636,0.6659685864,0.8388669937,551,547,12,2022
310,EUR_CAD,2022-11-04 20:00:00,2022-11-07 00:00:00,1.34097,1.332287314,2023-01-02 00:00:00,1.447905,time_exit,12.31588914,240,13.62020901,-0.01036545587,1.8,9.3,1.34051,1.32934,11,19,-0.1474198167,0.3915838882,0.7428571429,0.004341343071,552,548,172,2022
311,USD_JPY,2022-11-09 04:00:00,2022-11-09 08:00:00,145.784,144.5616001,2022-11-10 12:00:00,144.5586001,stoploss,-1.002454189,8,0.8278796755,-13.31806435,0.6,0.6,145.676,145.108,5,9,-0.8278796755,0.1717932133,0.9918831169,0.6111999303,555,551,3,2022
312,AUD_CHF,2022-11-10 12:00:00,2022-11-10 16:00:00,0.63742,0.6315945711,2022-11-11 12:00:00,0.6315245711,stoploss,-1.012016283,6,1.17587909,-3.673549275,1.4,1.4,0.63464,0.62116,5,20,-1.040266757,0.9372700485,0.768,0.002912714435,556,552,4,2022
313,EUR_CHF,2022-11-10 12:00:00,2022-11-10 16:00:00,0.98816,0.9826934786,2022-11-10 16:00:00,0.9826434786,stoploss,-1.009146585,1,0.7664837837,-3.000079726,1,1,0.98295,0.96432,5,21,-0.1792730568,1.884196413,0.7877094972,0.002733260696,556,552,0,2022
314,EUR_JPY,2022-11-11 00:00:00,2022-11-11 04:00:00,144.727,143.3682079,2022-11-11 12:00:00,143.3632079,stoploss,-1.003679739,3,1.474839312,-5.40259251,1,1,144.034,143.724,6,14,-0.3723895668,1.014136014,0.835106383,0.6793960479,557,553,0,2022
315,NZD_JPY,2022-11-11 00:00:00,2022-11-11 04:00:00,85.259,84.36725883,2022-11-11 12:00:00,84.36225883,stoploss,-1.005607008,3,3.26327875,-4.7401647,1,1,85.156,80.691,6,23,-0.576400439,0.2175519167,0.739039666,0.4458705834,557,553,1,2022
316,AUD_CHF,2022-11-16 20:00:00,2022-11-17 00:00:00,0.63622,0.6303151414,2022-11-22 16:00:00,0.6302451414,stoploss,-1.011854645,23,1.397154537,-3.420911715,1.4,1.4,0.63464,0.62116,9,24,0.2337058498,0.6333767235,0.6900584795,0.002952429306,560,556,9,2022
317,EUR_CHF,2022-11-17 16:00:00,2022-11-17 20:00:00,0.9862,0.9796855733,2022-11-22 12:00:00,0.9796355733,stoploss,-1.007675272,17,3.338743512,-1.510493617,1,1,0.98295,0.96432,10,26,-0.3469223144,0.9824348726,0.8712273642,0.003257213368,561,557,4,2022
318,CHF_JPY,2022-11-25 08:00:00,2022-11-25 12:00:00,147.491,146.4418828,2022-11-28 00:00:00,146.4308828,stoploss,-1.010485006,4,0.9874969392,-9.60140605,2.2,2.2,146.534,144.579,5,10,0.02097001222,1.807233781,0.8381037567,0.5245585879,567,563,0,2022
319,AUD_CHF,2022-11-28 16:00:00,2022-11-28 20:00:00,0.63317,0.6279650214,2022-12-07 12:00:00,0.6278950214,stoploss,-1.013448662,41,3.183490511,-3.294922286,1.4,1.4,0.63019,0.62968,4,10,-0.04610969962,1.118160216,0.7890625,0.002602489302,568,564,15,2022
320,GBP_NZD,2022-11-29 12:00:00,2022-11-29 16:00:00,1.92864,1.915569845,2022-11-30 16:00:00,1.915329845,stoploss,-1.018362444,7,0.9074107803,-2.858420468,4.8,4.8,1.92053,1.91866,4,9,0.06273835075,1.210391108,0.773993808,0.00653507775,569,565,0,2022
321,EUR_AUD,2022-11-30 12:00:00,2022-11-30 16:00:00,1.54285,1.530898561,2022-11-30 20:00:00,1.530778561,stoploss,-1.010040632,2,4.595262735,-1.299425169,2.4,2.4,1.53654,1.52575,4,11,0.003346877447,1.037532009,0.9155555556,0.005975719254,570,566,0,2022
322,EUR_GBP,2022-12-01 20:00:00,2022-12-02 00:00:00,0.85867,0.8530322999,2023-01-27 00:00:00,0.87744,time_exit,3.329371838,240,5.509338801,-0.5551909352,0.8,0.8,0.85721,0.85719,5,24,-0.1951150251,0.5037515194,0.6099071207,0.002818850058,571,567,182,2022
323,USD_CHF,2022-12-02 12:00:00,2022-12-02 16:00:00,0.941505,0.9327544696,2022-12-09 08:00:00,0.9327094696,stoploss,-1.005142545,29,0.4679716329,-3.76948579,0.9,0.9,0.93875,0.93567,6,13,-1.396486777,0.6193910257,0.7791519435,0.0043752652,572,568,10,2022
324,GBP_NZD,2022-12-05 16:00:00,2022-12-05 20:00:00,1.92846,1.914580689,2022-12-07 16:00:00,1.914340689,stoploss,-1.017291925,12,0.8674782148,-2.71339116,4.8,4.8,1.92053,1.91866,8,13,-0.5792794724,1.047602429,0.8193033382,0.006939655541,573,569,5,2022
325,NZD_CHF,2022-12-14 20:00:00,2022-12-15 00:00:00,0.596385,0.591863486,2022-12-15 08:00:00,0.591778486,stoploss,-1.018799013,3,1.221935835,-3.718887071,1.7,1.7,0.59329,0.57301,6,22,-0.004423297141,1.313719251,0.8119891008,0.002260757006,580,576,1,2022
326,AUD_USD,2022-12-15 20:00:00,2022-12-16 00:00:00,0.67012,0.6619260728,2023-02-10 00:00:00,0.69354,time_exit,2.858214307,240,5.573639941,-0.8774791149,1,1,0.66687,0.66404,6,12,0.1952665624,0.7786254177,0.7563291139,0.004096963607,581,577,204,2022
327,GBP_USD,2022-12-19 16:00:00,2022-12-19 20:00:00,1.218135,1.205218205,2022-12-22 12:00:00,1.205173205,stoploss,-1.003483836,17,2.062818172,-2.63261895,0.9,0.9,1.21066,1.19001,8,13,0.2152236636,1.150440159,0.8342541436,0.006458397634,583,579,2,2022
328,EUR_CHF,2022-12-20 08:00:00,2022-12-20 12:00:00,0.98489,0.9799364394,2023-02-14 12:00:00,0.98605,time_exit,0.234174989,240,5.010537264,-0.6439812197,1,1,0.98261,0.97887,7,14,-0.00807499962,0.9124749571,0.8444444444,0.002476780302,584,580,107,2022
329,GBP_AUD,2022-12-22 16:00:00,2022-12-22 20:00:00,1.80449,1.789604257,2022-12-27 00:00:00,1.789404257,stoploss,-1.013435674,14,0.1639152267,-5.523405711,4,4,1.79828,1.77044,6,15,-0.6341638277,0.8021097567,0.893812709,0.00744287169,586,582,0,2022
330,USD_CAD,2022-12-28 00:00:00,2022-12-28 04:00:00,1.353155,1.346433879,2023-01-06 16:00:00,1.346368879,stoploss,-1.009671006,46,2.284589192,-4.004540418,1.3,1.3,1.35183,1.33852,10,17,-0.5832360556,0.3749374643,0.7777777778,0.003360560413,590,586,28,2022
331,EUR_AUD,2022-12-28 20:00:00,2022-12-29 00:00:00,1.5745,1.563723547,2023-01-02 16:00:00,1.563603547,stoploss,-1.011135389,17,1.094052005,-4.535815269,2.4,2.4,1.57233,1.54433,4,11,-0.1336246724,0.3563324598,0.6111111111,0.005388226493,590,586,3,2022
332,USD_CHF,2022-12-30 04:00:00,2022-12-30 08:00:00,0.923855,0.9179733142,2023-01-09 16:00:00,0.9179283142,stoploss,-1.007650868,39,2.872475788,-3.049295842,0.9,0.9,0.92266,0.92158,6,12,0,0.3944447368,0.9430894309,0.002940842891,592,588,31,2022
333,CHF_JPY,2023-01-02 04:00:00,2023-01-02 08:00:00,141.5685,140.4981897,2023-01-03 00:00:00,140.4871897,stoploss,-1.010277394,5,4.059103289,-3.877847439,2.3,2.2,141.56,141.01,5,9,-0.08221914821,0.1924675515,0.7386934673,0.5351551428,593,589,0,2023
334,EUR_CAD,2023-01-03 12:00:00,2023-01-03 16:00:00,1.443485,1.432227038,2023-01-04 16:00:00,1.432042038,stoploss,-1.016432814,7,1.847137109,-1.780517593,3.7,3.7,1.43392,1.37348,5,30,0.07816689856,1.664599635,0.9056795132,0.005628981169,594,590,4,2023
335,EUR_USD,2023-01-04 08:00:00,2023-01-04 12:00:00,1.061115,1.053178909,2023-01-05 16:00:00,1.053143909,stoploss,-1.004410232,8,5.316849494,-1.634935945,0.7,0.7,1.05733,1.02902,9,25,-0.3427380169,0.945049679,0.6732542819,0.003968045367,595,591,3,2023
336,EUR_NZD,2023-01-04 16:00:00,2023-01-04 20:00:00,1.68295,1.666286744,2023-01-18 12:00:00,1.666096744,stoploss,-1.011402333,59,2.758164414,-1.053215524,3.8,3.8,1.67272,1.63477,4,16,0,1.169039225,0.7527047913,0.00833162805,595,591,41,2023
337,EUR_JPY,2023-01-19 08:00:00,2023-01-19 12:00:00,138.916,137.2630203,2023-03-16 12:00:00,141.059,time_exit,1.296446649,240,4.024247835,-0.2407773058,1.4,1.4,138.012,137.386,4,12,-0.03992789493,1.08531278,0.9989258861,0.8264898527,606,602,179,2023
338,AUD_NZD,2023-01-19 12:00:00,2023-01-19 16:00:00,1.080095,1.073839698,2023-03-10 16:00:00,1.073734698,stoploss,-1.016785759,217,4.574519053,-2.120600917,2.1,2.1,1.07967,1.06228,6,15,-0.6394574947,0.1055104866,0.8597785978,0.003127651199,606,602,130,2023
339,AUD_JPY,2023-01-20 00:00:00,2023-01-20 04:00:00,89.1775,88.06685392,2023-03-13 08:00:00,88.06235392,stoploss,-1.004051696,218,3.475004382,-1.642737529,0.9,0.9,88.654,87.409,5,13,-0.01620678297,0.9363919049,0.9924953096,0.5553230408,607,603,106,2023
340,CAD_CHF,2023-01-20 16:00:00,2023-01-20 20:00:00,0.687865,0.6826168979,2023-02-01 20:00:00,0.6825418979,stoploss,-1.014290881,49,1.07943785,-5.397189251,1.5,1.5,0.68517,0.67865,7,15,-0.6554750583,1.006077996,0.9977116705,0.002624051027,607,603,29,2023
341,GBP_NZD,2023-01-25 00:00:00,2023-01-25 04:00:00,1.90193,1.886706913,2023-02-02 12:00:00,1.886466913,stoploss,-1.015765528,39,5.223644848,-1.210661149,4.8,4.8,1.89998,1.89663,5,12,-0.8237488229,0.2272863578,0.7714561234,0.007611543502,610,606,26,2023
342,GBP_CAD,2023-02-01 12:00:00,2023-02-01 16:00:00,1.64278,1.633583658,2023-02-02 12:00:00,1.633323658,stoploss,-1.028272112,6,4.771462641,-3.81347299,5.2,5.2,1.64081,1.61011,6,18,-0.5328205775,0.376236571,0.9653579677,0.004598170761,615,611,1,2023
343,GBP_USD,2023-02-01 20:00:00,2023-02-02 00:00:00,1.237225,1.22898151,2023-02-02 12:00:00,1.22893651,stoploss,-1.005458853,4,0.354825441,-6.915153594,0.9,0.9,1.22631,1.18413,6,18,0.2256325881,2.673624861,0.8290879211,0.004121745036,615,611,0,2023
344,CAD_CHF,2023-02-02 12:00:00,2023-02-02 16:00:00,0.684865,0.6805904623,2023-03-09 00:00:00,0.6805154623,stoploss,-1.017545757,147,2.013083174,-5.924617243,1.5,1.5,0.68395,0.67716,5,10,-0.3275207953,0.3696306118,0.8418079096,0.00213726887,616,612,100,2023
345,CHF_JPY,2023-02-03 08:00:00,2023-02-03 12:00:00,140.83,139.7280532,2023-03-31 12:00:00,145.689,time_exit,4.409468937,240,6.156377294,-0.5326936131,2.2,2.2,140.297,137.418,4,15,0.1470125474,0.9492291641,0.8804780876,0.550973379,617,613,150,2023
346,CAD_JPY,2023-02-03 12:00:00,2023-02-03 16:00:00,96.907,96.03771708,2023-03-13 12:00:00,96.03171708,stoploss,-1.006902241,156,4.566982653,-3.261308771,1.2,1.2,96.288,94.635,6,11,-0.579788226,1.410357867,0.8684738956,0.4346414582,617,613,101,2023
347,USD_JPY,2023-02-03 12:00:00,2023-02-03 16:00:00,129.951,128.7034786,2023-03-31 16:00:00,133.081,time_exit,2.508974952,240,6.381453543,-0.2492943163,0.6,0.6,129.023,127.217,6,14,-1.114209324,1.482940467,0.8635394456,0.6237607111,617,613,135,2023
348,NZD_CHF,2023-02-06 00:00:00,2023-02-06 04:00:00,0.585965,0.5808078864,2023-02-08 16:00:00,0.5807228864,stoploss,-1.016482088,16,0.5090056548,-4.705151319,1.7,1.7,0.58358,0.58132,12,22,0.1434911179,0.8919718141,0.6868327402,0.002578556815,618,614,6,2023
349,NZD_USD,2023-02-06 00:00:00,2023-02-06 04:00:00,0.632255,0.6250079205,2023-02-16 16:00:00,0.6249529205,stoploss,-1.007589264,52,0.925200278,-3.287531189,1.1,1.1,0.63063,0.61916,17,21,-0.07727250644,0.4360377149,0.6241610738,0.003623539767,618,614,38,2023
350,NZD_CAD,2023-02-07 00:00:00,2023-02-07 04:00:00,0.849025,0.842247476,2023-02-10 16:00:00,0.842132476,stoploss,-1.016967848,22,1.827363497,-2.249346509,2.3,2.3,0.84844,0.84289,18,22,-0.4603451038,0.1327918569,0.8305785124,0.003388762012,619,615,15,2023
351,NZD_CHF,2023-02-09 08:00:00,2023-02-09 12:00:00,0.584585,0.5802389869,2023-02-10 20:00:00,0.5801539869,stoploss,-1.019558155,9,0.9215342604,-5.265745705,1.7,1.7,0.58358,0.58132,15,25,-0.1150479726,0.4233765391,0.7134146341,0.002173006567,621,617,0,2023
352,EUR_USD,2023-02-09 12:00:00,2023-02-09 16:00:00,1.079015,1.072050926,2023-02-10 04:00:00,1.072015926,stoploss,-1.005025794,4,2.629926278,-3.933760872,0.7,0.7,1.07662,1.04814,16,24,-0.2153911775,0.6777642386,0.9873015873,0.003482036769,621,617,0,2023
353,EUR_CAD,2023-02-09 16:00:00,2023-02-09 20:00:00,1.445495,1.4386468,2023-02-10 08:00:00,1.4384618,stoploss,-1.027014397,4,7.058058735,-3.160684417,3.7,3.7,1.44415,1.44087,9,16,-0.4935603294,0.3300137114,0.7580645161,0.003424100154,621,617,0,2023
354,EUR_AUD,2023-02-14 00:00:00,2023-02-14 04:00:00,1.54265,1.533274259,2023-04-11 04:00:00,1.63399,time_exit,9.742163757,240,10.30211952,-0.8202018753,2.4,2.4,1.53754,1.52562,4,12,0.06826127441,1.064449248,0.8399280576,0.004687870286,624,620,230,2023
355,EUR_CHF,2023-02-14 16:00:00,2023-02-14 20:00:00,0.98905,0.9853274732,2023-02-21 04:00:00,0.9852774732,stoploss,-1.013431737,27,4.067129833,-4.964369836,1,1,0.98754,0.98338,19,28,-0.2471439529,0.7844134157,0.8384279476,0.001861263424,624,620,16,2023
356,NZD_CHF,2023-02-14 16:00:00,2023-02-14 20:00:00,0.584065,0.5793362331,2023-02-15 12:00:00,0.5792512331,stoploss,-1.017975088,5,0.9569090739,-5.507778305,1.7,1.7,0.58358,0.58132,18,28,-1.103881849,0.1691772948,0.9121212121,0.002364383474,624,620,0,2023
357,AUD_CHF,2023-02-15 16:00:00,2023-02-15 20:00:00,0.63713,0.6320549243,2023-02-22 08:00:00,0.6319849243,stoploss,-1.013792898,28,0.4689585206,-7.682644,1.4,1.4,0.63574,0.63,7,19,-0.2837396091,0.5162484555,0.9441860465,0.002537537858,625,621,3,2023
358,EUR_GBP,2023-02-22 04:00:00,2023-02-22 08:00:00,0.88037,0.8760176543,2023-02-28 16:00:00,0.8759776543,stoploss,-1.009190446,27,2.793895713,-1.957565088,0.8,0.8,0.8801,0.87464,6,17,-0.4457366515,0.1010949107,0.8095238095,0.002176172851,630,626,14,2023
359,AUD_CHF,2023-02-23 08:00:00,2023-02-23 12:00:00,0.63617,0.631827438,2023-02-24 12:00:00,0.631757438,stoploss,-1.016119517,7,0.262517843,-8.757503131,1.4,1.4,0.63574,0.63,13,25,-0.7507089195,0.1611951668,0.8389830508,0.002171280982,631,627,1,2023
360,NZD_CHF,2023-03-07 00:00:00,2023-03-07 04:00:00,0.577215,0.5731265238,2023-03-09 00:00:00,0.5730415238,stoploss,-1.020790142,12,1.319562515,-8.275699293,1.7,1.7,0.57541,0.57447,5,10,-0.04402618214,0.8364974607,0.8490566038,0.002044238124,639,635,2,2023
361,NZD_JPY,2023-03-08 00:00:00,2023-03-08 04:00:00,83.885,83.27684452,2023-03-09 20:00:00,83.26984452,stoploss,-1.011510214,11,2.512515371,-5.67289138,1.4,1.4,83.574,83.461,8,12,0.08879308247,0.9964557032,0.6917293233,0.3040777418,640,636,1,2023
362,GBP_USD,2023-03-10 08:00:00,2023-03-10 12:00:00,1.198885,1.190689516,2023-05-05 12:00:00,1.260715,time_exit,7.544398771,240,7.875678776,-0.2287845333,0.9,0.9,1.19227,1.1915,9,15,-0.07565141902,1.591120168,0.7622767857,0.004097742038,642,638,239,2023
363,USD_CHF,2023-03-13 00:00:00,2023-03-13 04:00:00,0.919985,0.9121935804,2023-03-13 08:00:00,0.9121485804,stoploss,-1.005775584,2,1.832143656,-4.872667875,0.9,0.9,0.91377,0.90592,19,27,0.2233225893,1.583793536,0.9397163121,0.003895709801,643,639,0,2023
364,GBP_JPY,2023-03-13 16:00:00,2023-03-13 20:00:00,162.151,160.2007396,2023-03-15 12:00:00,160.1887396,stoploss,-1.006153024,11,5.219815655,-1.992554385,2.4,2.4,161.208,156.731,11,26,-0.3948190623,0.955769782,0.9627192982,0.9751302223,643,639,9,2023
365,NZD_JPY,2023-03-14 12:00:00,2023-03-14 16:00:00,83.947,82.89694203,2023-03-15 12:00:00,82.88994203,stoploss,-1.006666299,6,1.823708843,-3.344577261,1.4,1.4,83.574,83.461,12,16,-0.527589921,0.6932950587,0.8412073491,0.5250289836,644,640,3,2023
366,EUR_NZD,2023-03-15 16:00:00,2023-03-15 20:00:00,1.70817,1.691509433,2023-05-10 20:00:00,1.7255,time_exit,1.0401807,240,5.999795891,-0.544399247,3.8,3.8,1.69839,1.683,13,22,0.1332487683,1.150020901,0.9549041714,0.00833028338,645,641,179,2023
367,EUR_CHF,2023-03-15 20:00:00,2023-03-16 00:00:00,0.9872,0.9786212812,2023-04-21 00:00:00,0.9785712812,stoploss,-1.005828376,157,1.464088095,-1.511880779,1,1,0.98482,0.98464,16,22,-0.7133932437,0.456944692,0.8745644599,0.004289359378,645,641,32,2023
368,EUR_JPY,2023-03-21 12:00:00,2023-03-21 16:00:00,142.534,140.5806007,2023-03-24 08:00:00,140.5736007,stoploss,-1.003583497,17,4.648819171,-1.772295118,1.4,1.4,142.147,139.552,17,27,-0.1382205898,0.3890653639,0.6619537275,0.9766996378,649,645,5,2023
369,USD_CAD,2023-03-23 16:00:00,2023-03-23 20:00:00,1.368725,1.360973068,2023-03-28 16:00:00,1.360908068,stoploss,-1.008385007,18,1.515106256,-4.98262913,1.3,1.3,1.36516,1.35553,7,14,-0.5418004491,0.9030007485,0.9210526316,0.003875965779,651,647,4,2023
370,NZD_CHF,2023-03-27 00:00:00,2023-03-27 04:00:00,0.570485,0.5655239011,2023-04-06 16:00:00,0.5654389011,stoploss,-1.017133301,52,1.456330578,-5.463507309,1.7,1.7,0.56879,0.5617,4,10,-0.4515128711,0.6530811171,0.8535825545,0.002480549441,653,649,42,2023
371,NZD_CAD,2023-03-30 08:00:00,2023-03-30 12:00:00,0.845235,0.8402720051,2023-04-03 00:00:00,0.8401570051,stoploss,-1.023171493,10,2.215396181,-4.177920857,2.3,2.3,0.84486,0.83785,7,16,-0.6729807409,0.1047754447,0.6771929825,0.002481497461,656,652,5,2023
372,USD_CHF,2023-03-31 00:00:00,2023-03-31 04:00:00,0.913475,0.9081370528,2023-04-04 16:00:00,0.9080920528,stoploss,-1.008430207,16,1.15119161,-5.892714742,0.9,0.9,0.91187,0.90714,6,14,-0.3447018002,0.5844943569,0.7607361963,0.002668973586,657,653,7,2023
373,EUR_GBP,2023-04-03 16:00:00,2023-04-03 20:00:00,0.87841,0.8747179853,2023-04-04 12:00:00,0.8746779853,stoploss,-1.010834193,5,2.467487496,-3.664665841,0.8,0.8,0.87709,0.87185,4,13,0.0433367727,0.6933883632,0.6629834254,0.001846007329,658,654,0,2023
374,NZD_CAD,2023-04-04 16:00:00,2023-04-04 20:00:00,0.848195,0.8420627382,2023-04-06 16:00:00,0.8419477382,stoploss,-1.018753276,12,1.310283254,-4.666304333,2.3,2.3,0.84486,0.83785,10,19,-0.3978955993,1.053444906,0.9008097166,0.00306613092,659,655,2,2023
375,AUD_CHF,2023-04-05 16:00:00,2023-04-05 20:00:00,0.60877,0.6028736349,2023-04-06 16:00:00,0.6028036349,stoploss,-1.011871721,6,0.1441566103,-4.012641645,1.4,1.4,0.60801,0.60277,7,17,-0.8785073425,0.2340424967,0.8677248677,0.00294818253,660,656,1,2023
376,AUD_USD,2023-04-10 08:00:00,2023-04-10 12:00:00,0.66689,0.6620358239,2023-04-10 16:00:00,0.6619858239,stoploss,-1.010300409,2,3.077762236,-4.338532309,1,1,0.66511,0.66251,5,11,0.06592261818,0.712788309,0.7405660377,0.002427088068,663,659,0,2023
377,NZD_USD,2023-04-17 04:00:00,2023-04-17 08:00:00,0.619675,0.6139177681,2023-04-21 08:00:00,0.6138627681,stoploss,-1.009553202,25,3.262852763,-3.671035036,1.1,1.1,0.61812,0.60843,4,28,0.1389556673,0.5245576441,0.6132596685,0.002878615948,668,664,14,2023
378,GBP_CAD,2023-04-17 12:00:00,2023-04-17 16:00:00,1.66153,1.653135806,2023-06-12 16:00:00,1.67395,time_exit,1.479594106,240,6.317461792,-0.7636230452,5.2,5.2,1.65807,1.65374,10,22,-0.98877867,0.7648143448,0.8373151308,0.00419709701,668,664,74,2023
379,NZD_JPY,2023-04-24 00:00:00,2023-04-24 04:00:00,82.307,81.70112058,2023-04-26 12:00:00,81.69412058,stoploss,-1.011553454,15,10.31393335,-1.237870062,1.4,1.4,82.12,80.435,11,21,0.0429128288,0.5941776296,0.776744186,0.302939712,673,669,6,2023
380,NZD_JPY,2023-04-27 08:00:00,2023-04-27 12:00:00,82.373,81.70609892,2023-06-22 12:00:00,88.124,time_exit,8.623467785,240,9.271240013,-0.527814408,1.4,1.4,82.12,80.435,14,24,-0.09296731049,0.7347416474,0.9583333333,0.3334505412,676,672,218,2023
381,EUR_GBP,2023-05-02 08:00:00,2023-05-02 12:00:00,0.87983,0.8764315829,2023-05-04 16:00:00,0.8763915829,stoploss,-1.011770185,14,1.076971966,-8.23618725,0.8,0.8,0.87885,0.87293,8,20,-0.2589440793,0.5590838076,0.8853503185,0.001699208575,679,675,6,2023
382,GBP_AUD,2023-05-08 16:00:00,2023-05-08 20:00:00,1.8617,1.850584083,2023-06-12 16:00:00,1.850384083,stoploss,-1.017992218,150,5.598278639,-1.050745533,4,4,1.86018,1.8249,4,25,-0.2105089509,0.2338988344,0.8316498316,0.005557958438,683,679,101,2023
383,EUR_AUD,2023-05-09 08:00:00,2023-05-09 12:00:00,1.62485,1.614962984,2023-05-10 12:00:00,1.614842984,stoploss,-1.012137131,7,3.084854044,-4.046721649,2.4,2.4,1.6221,1.60358,13,26,-0.4834623715,0.5320108941,0.8229508197,0.004943507791,684,680,0,2023
384,EUR_USD,2023-05-09 16:00:00,2023-05-09 20:00:00,1.095555,1.08952446,2023-05-12 12:00:00,1.08948946,stoploss,-1.005803792,17,0.9410433497,-5.313785752,0.7,0.7,1.09422,1.08313,5,21,-0.03648097567,0.4344552557,0.6068376068,0.003015270233,684,680,5,2023
385,EUR_JPY,2023-05-10 20:00:00,2023-05-11 00:00:00,147.576,146.5930389,2023-05-11 12:00:00,146.5860389,stoploss,-1.00712134,4,10.6026572,-1.46699594,1.4,1.4,147.126,146.288,4,11,-0.1729468168,0.6653365774,0.7253521127,0.4914805695,685,681,0,2023
386,AUD_NZD,2023-05-11 16:00:00,2023-05-11 20:00:00,1.063105,1.058198897,2023-05-19 20:00:00,1.058093897,stoploss,-1.021401915,37,8.582168021,-1.460425932,2.1,2.1,1.06232,1.0588,5,26,-0.7826986154,0.2772057596,0.7262569832,0.002453051484,686,682,11,2023
387,CHF_JPY,2023-05-11 16:00:00,2023-05-11 20:00:00,150.351,149.2692872,2023-07-06 20:00:00,160.748,time_exit,9.611608705,240,10.43622686,-0.1728739856,2.2,2.2,150.19,149.083,4,9,-0.7044383797,0.2736401055,0.8860971524,0.5408563914,686,682,215,2023
388,GBP_NZD,2023-05-11 16:00:00,2023-05-11 20:00:00,1.98583,1.974664633,2023-05-23 00:00:00,1.974424633,stoploss,-1.021495039,44,9.336011758,-1.003997427,4.8,4.8,1.98403,1.95817,19,26,-0.5767835353,0.283018008,0.6469002695,0.005582683629,686,682,5,2023
389,GBP_JPY,2023-05-12 00:00:00,2023-05-12 04:00:00,168.411,167.2910993,2023-07-07 04:00:00,183.421,time_exit,13.40297433,240,13.93427144,-0.1071523597,2.4,2.4,168.059,165.427,6,13,0.03035983525,0.607196705,0.9670658683,0.5599503376,687,683,229,2023
390,AUD_CAD,2023-05-15 00:00:00,2023-05-15 04:00:00,0.902135,0.8969243768,2023-05-16 12:00:00,0.8968293768,stoploss,-1.018231984,9,1.835672954,-5.389950331,1.9,1.9,0.90146,0.89351,5,10,-1.040182688,0.2264604376,0.9065934066,0.002605311578,688,684,1,2023
391,GBP_USD,2023-05-15 00:00:00,2023-05-15 04:00:00,1.245095,1.237943273,2023-05-23 12:00:00,1.237898273,stoploss,-1.006292187,39,5.569983335,-1.998817918,0.9,0.9,1.24351,1.23533,9,20,0.1817742773,0.4250721561,0.6397058824,0.003575863482,688,684,8,2023
392,NZD_CAD,2023-05-15 04:00:00,2023-05-15 08:00:00,0.841435,0.8358980551,2023-05-24 04:00:00,0.8357830551,stoploss,-1.020769576,42,1.714844582,-7.198012723,2.3,2.3,0.84085,0.82623,5,20,-0.3901068243,0.1697687106,0.96875,0.002768472461,688,684,26,2023
393,AUD_CHF,2023-05-22 12:00:00,2023-05-22 16:00:00,0.59569,0.5914523382,2023-05-24 16:00:00,0.5913823382,stoploss,-1.016518543,13,5.005118639,-2.69488236,1.4,1.4,0.59483,0.5865,5,12,-0.3303708673,0.3728471217,0.9430379747,0.002118830894,693,689,4,2023
394,GBP_CHF,2023-05-22 12:00:00,2023-05-22 16:00:00,1.117615,1.112174525,2023-07-17 16:00:00,1.124245,time_exit,1.2186436,240,6.044509019,-0.6258644734,1.9,1.9,1.11513,1.10912,5,12,-0.6617069322,0.8822759097,0.9610983982,0.002720237483,693,689,130,2023
395,AUD_JPY,2023-06-01 04:00:00,2023-06-01 08:00:00,90.8275,90.05796439,2023-07-27 08:00:00,95.3565,time_exit,5.885367698,240,8.894325284,-0.2839374789,0.9,0.9,90.753,89.795,5,15,-1.187729317,0.1819279041,0.8273155416,0.3847678031,701,697,70,2023
396,AUD_USD,2023-06-02 08:00:00,2023-06-02 12:00:00,0.66289,0.6572217193,2023-07-28 12:00:00,0.6642,time_exit,0.2311106436,240,4.77746277,-0.8750448795,1,1,0.6605,0.65736,11,25,-0.01058522032,0.8256471847,0.92578125,0.002834140349,702,698,59,2023
397,EUR_AUD,2023-06-05 00:00:00,2023-06-05 04:00:00,1.62101,1.610927807,2023-06-06 04:00:00,1.610807807,stoploss,-1.011902172,7,3.897961376,-3.587513052,2.4,2.4,1.61996,1.61362,11,18,-0.4205434156,0.1844836682,0.7296650718,0.005041096641,703,699,2,2023
398,EUR_JPY,2023-06-07 08:00:00,2023-06-07 12:00:00,149.032,148.2312843,2023-08-02 12:00:00,156.342,time_exit,9.129333015,240,11.25618036,-0.1361282214,1.4,1.4,148.589,146.134,5,19,0.1049061523,1.089025771,0.8736141907,0.4003578349,705,701,191,2023
399,USD_CHF,2023-06-09 16:00:00,2023-06-09 20:00:00,0.903085,0.8980475046,2023-06-14 16:00:00,0.8980025046,stoploss,-1.008933011,18,1.555336399,-9.495790253,0.9,0.9,0.90141,0.89409,8,14,-0.3612906504,0.6431767622,0.9100719424,0.002518747715,707,703,5,2023
400,GBP_NZD,2023-06-13 16:00:00,2023-06-13 20:00:00,2.04976,2.037161651,2023-06-14 16:00:00,2.036921651,stoploss,-1.019050115,6,4.452964419,-1.230319937,4.8,4.8,2.03931,1.97462,5,15,-0.01111256718,1.622434808,0.8225419664,0.006299174519,709,705,3,2023
401,USD_CHF,2023-06-15 04:00:00,2023-06-15 08:00:00,0.903975,0.8981202022,2023-06-15 16:00:00,0.8980752022,stoploss,-1.007686004,3,0.2843821513,-8.322234427,0.9,0.9,0.90141,0.89409,12,18,-0.2186241163,0.860832458,0.9968454259,0.002927398911,711,707,0,2023
402,AUD_NZD,2023-06-22 08:00:00,2023-06-22 12:00:00,1.093535,1.088390244,2023-06-23 16:00:00,1.088285244,stoploss,-1.020409133,8,0.1797947427,-4.265508787,2.1,2.1,1.09315,1.05594,6,23,-0.4781568292,0.112736163,0.7414634146,0.002572377774,716,712,2,2023
403,GBP_CAD,2023-06-30 00:00:00,2023-06-30 04:00:00,1.67251,1.664855421,2023-08-25 04:00:00,1.70978,time_exit,4.86898085,240,7.966473094,-0.2064123891,2.8,2.8,1.66971,1.66056,4,16,-0.1907354988,0.700234434,0.9266304348,0.003827289648,722,718,64,2023
404,NZD_CHF,2023-06-30 08:00:00,2023-06-30 12:00:00,0.547915,0.5441254681,2023-07-11 16:00:00,0.5440404681,stoploss,-1.022430211,44,2.603223866,-8.194943453,1.7,1.7,0.54723,0.54467,15,22,-0.1266647193,0.3061064049,0.6259541985,0.001894765972,722,718,23,2023
405,EUR_USD,2023-06-30 12:00:00,2023-06-30 16:00:00,1.089675,1.083687407,2023-07-06 04:00:00,1.083652407,stoploss,-1.005845421,22,6.33059083,-2.185352355,0.7,0.7,1.08444,1.06351,5,22,-0.2839204435,1.753626269,0.9870550162,0.002993796394,722,718,6,2023
406,CAD_CHF,2023-07-03 00:00:00,2023-07-03 04:00:00,0.675685,0.6716621644,2023-07-06 16:00:00,0.6715871644,stoploss,-1.018643566,22,0.8165881713,-7.396523908,1.5,1.5,0.67301,0.67194,11,16,0.08451749718,1.287648928,0.8929889299,0.002011417821,723,719,2,2023
407,GBP_NZD,2023-07-05 08:00:00,2023-07-05 12:00:00,2.05371,2.041964927,2023-08-30 12:00:00,2.12572,time_exit,6.131081704,240,8.930553533,-0.749250368,4.8,4.8,2.04952,2.03426,9,15,0.02043410094,0.6726224894,0.7379576108,0.005872536322,725,721,199,2023
408,EUR_NZD,2023-07-06 16:00:00,2023-07-06 20:00:00,1.76746,1.755401371,2023-07-13 08:00:00,1.755211371,stoploss,-1.015756352,28,6.52561771,-1.413925301,3.8,3.8,1.76357,1.73927,7,16,-0.4793248235,0.6136684592,0.7863961814,0.006029314273,726,722,22,2023
409,USD_CHF,2023-07-10 04:00:00,2023-07-10 08:00:00,0.890825,0.8857330948,2023-07-10 20:00:00,0.8856880948,stoploss,-1.008837556,4,0.1934442919,-6.986579376,0.9,0.9,0.89052,0.89016,12,16,-0.5263255861,0.1060506778,0.9817073171,0.002545952611,728,724,1,2023
410,NZD_JPY,2023-07-10 16:00:00,2023-07-10 20:00:00,87.88,87.21459174,2023-07-11 08:00:00,87.20959174,stoploss,-1.007514184,4,1.202269423,-4.428859986,1,1,87.601,84.304,7,21,0.1713233927,0.8295659017,0.8390804598,0.3327041281,728,724,1,2023
411,USD_CAD,2023-07-12 12:00:00,2023-07-12 16:00:00,1.322305,1.316739426,2023-07-12 16:00:00,1.316674426,stoploss,-1.01167894,1,8.143814463,-2.345670112,1.3,1.3,1.32028,1.31165,6,11,-0.2335787932,0.7043298995,0.717032967,0.002782786875,730,726,0,2023
412,EUR_AUD,2023-07-13 16:00:00,2023-07-13 20:00:00,1.6293,1.618128467,2023-09-07 20:00:00,1.67858,time_exit,4.411212014,240,6.896994433,-0.2792812801,2.4,2.4,1.62315,1.58484,6,20,0.03759555694,1.081319828,0.899691358,0.005585766434,731,727,146,2023
413,NZD_JPY,2023-07-17 12:00:00,2023-07-17 16:00:00,87.926,87.20250971,2023-07-18 08:00:00,87.19550971,stoploss,-1.00967532,5,0.921919762,-4.136890326,1.4,1.4,87.601,84.304,12,26,-0.4146565646,0.8846006712,0.8703703704,0.3617451472,733,729,0,2023
414,USD_CAD,2023-07-18 08:00:00,2023-07-18 12:00:00,1.321335,1.315298501,2023-07-20 00:00:00,1.315233501,stoploss,-1.01076783,10,7.972335739,-1.558022184,1.3,1.3,1.32028,1.31165,10,15,-0.6063116635,0.3313178489,0.9860627178,0.003018249706,734,730,1,2023
415,GBP_AUD,2023-07-21 08:00:00,2023-07-21 12:00:00,1.90613,1.893062864,2023-09-15 12:00:00,1.92834,time_exit,1.699683806,240,6.952556224,-0.9803219068,4,4,1.90148,1.89678,6,12,-0.3290698048,0.6826285252,0.962154294,0.006533568164,737,733,112,2023
416,NZD_CAD,2023-07-25 08:00:00,2023-07-25 12:00:00,0.818585,0.8126879671,2023-07-28 08:00:00,0.8125729671,stoploss,-1.019501333,18,1.24893318,-4.006252055,2.3,2.3,0.81732,0.80158,9,17,-0.4035927997,0.3934181913,0.951417004,0.002948516428,739,735,10,2023
417,GBP_JPY,2023-07-28 12:00:00,2023-07-28 16:00:00,180.116,177.7340176,2023-09-22 16:00:00,181.704,time_exit,0.6666716053,240,2.793051757,-0.0239296483,2.4,2.4,179.693,179.473,6,12,-1.022677601,0.3442510808,0.9171830986,1.190991177,742,738,98,2023
418,AUD_JPY,2023-07-28 16:00:00,2023-07-28 20:00:00,93.85,92.47262572,2023-09-22 20:00:00,95.633,time_exit,1.29449201,240,1.608858269,-0.7703062379,0.8,0.8,93.772,93.225,8,12,-0.7347313033,0.107450823,0.8100558659,0.6886871401,742,738,227,2023
419,NZD_JPY,2023-07-28 16:00:00,2023-07-28 20:00:00,86.827,85.60377369,2023-09-22 20:00:00,88.55,time_exit,1.408570094,240,1.559809483,-0.8502106195,1,1.4,86.454,86.176,8,12,-0.4398204935,0.6049575562,0.8887343533,0.6116131557,742,738,239,2023
420,NZD_USD,2023-07-28 16:00:00,2023-07-28 20:00:00,0.616425,0.6099963459,2023-08-02 08:00:00,0.6099413459,stoploss,-1.008555446,16,0.9543210658,-4.910047994,1.1,1.1,0.61561,0.60503,4,21,-0.4231056722,0.2426635473,0.7303754266,0.003214327033,742,738,5,2023
421,AUD_CAD,2023-07-31 00:00:00,2023-07-31 04:00:00,0.883355,0.8760446519,2023-08-02 04:00:00,0.8759496519,stoploss,-1.012995277,13,0.5615327686,-2.877427963,1.9,1.9,0.88091,0.87405,15,22,-0.6183016112,0.6429242418,0.9725738397,0.003655174043,743,739,3,2023
422,AUD_USD,2023-08-01 20:00:00,2023-08-02 00:00:00,0.66117,0.6547277936,2023-08-02 16:00:00,0.6546777936,stoploss,-1.007761316,5,0.2809596413,-3.947405347,1,1,0.65989,0.65949,18,23,0.09003126628,0.3632295915,0.6241134752,0.003221103201,744,740,1,2023
423,GBP_CHF,2023-08-03 16:00:00,2023-08-03 20:00:00,1.111495,1.103812182,2023-09-28 20:00:00,1.117795,time_exit,0.820011575,240,1.675817306,-0.6111038642,1.9,1.9,1.10882,1.106,5,11,-0.1327637788,0.6716285281,0.6821192053,0.00384140919,746,742,66,2023
424,CAD_CHF,2023-08-14 00:00:00,2023-08-14 04:00:00,0.652475,0.6485067787,2023-08-17 20:00:00,0.6484317787,stoploss,-1.018900155,23,7.677243156,-1.649353568,1.5,1.5,0.64951,0.64862,5,12,0.05040041461,1.471692107,0.9067524116,0.001984110662,753,749,3,2023
425,EUR_USD,2023-08-14 16:00:00,2023-08-14 20:00:00,1.092885,1.086844975,2023-08-17 00:00:00,1.086809975,stoploss,-1.005794678,14,0.3915546851,-7.954437568,0.7,0.7,1.09124,1.08337,7,27,-1.24833925,0.5331103958,0.8762214984,0.003020012389,753,749,5,2023
426,EUR_GBP,2023-08-15 00:00:00,2023-08-15 04:00:00,0.85998,0.8568607253,2023-08-16 08:00:00,0.8568207253,stoploss,-1.012823494,8,3.404637625,-3.44631398,0.8,0.8,0.85872,0.85442,4,13,-0.07052921633,0.7822331265,0.9708029197,0.001559637349,754,750,2,2023
427,EUR_CHF,2023-08-17 12:00:00,2023-08-17 16:00:00,0.9565,0.9531403967,2023-08-18 00:00:00,0.9530903967,stoploss,-1.01488271,3,3.836762556,-1.503153678,1,1,0.95572,0.95171,9,14,-0.3155134453,0.4345751227,0.7283236994,0.001679801631,756,752,0,2023
428,CAD_CHF,2023-08-23 00:00:00,2023-08-23 04:00:00,0.650025,0.646478474,2023-08-23 16:00:00,0.646403474,stoploss,-1.021147455,4,9.280913086,-1.154651043,1.5,1.5,0.64951,0.64862,12,19,-1.212454087,0.2481301387,1,0.001773263023,760,756,1,2023
429,EUR_CAD,2023-08-23 12:00:00,2023-08-23 16:00:00,1.468825,1.46196475,2023-09-05 16:00:00,1.46177975,stoploss,-1.026966946,55,1.977333108,-7.739513553,3.7,3.7,1.46562,1.44839,7,16,-0.05247621959,0.8833496964,0.842519685,0.003430125139,760,756,30,2023
430,EUR_CHF,2023-08-25 12:00:00,2023-08-25 16:00:00,0.95657,0.9530689271,2023-08-28 00:00:00,0.9530189271,stoploss,-1.014281336,3,3.661734675,-4.235844402,1,1,0.95572,0.95171,15,20,-0.3370395411,0.4570027675,0.7679558011,0.001750536445,762,758,0,2023
431,CAD_CHF,2023-08-28 08:00:00,2023-08-28 12:00:00,0.650195,0.646794207,2023-08-29 20:00:00,0.646719207,stoploss,-1.02205368,9,9.628636702,-1.25117878,1.5,1.5,0.64951,0.64862,15,22,-0.5116453767,0.3587398618,0.8705882353,0.001700396485,763,759,1,2023
432,USD_CHF,2023-08-30 16:00:00,2023-08-30 20:00:00,0.878485,0.8733502168,2023-10-25 20:00:00,0.896285,time_exit,3.466553385,240,8.945849985,-0.2619390058,0.9,0.9,0.87596,0.86894,4,14,-0.5764605629,0.9659609432,0.9317647059,0.002567391588,765,761,143,2023
433,CHF_JPY,2023-09-01 00:00:00,2023-09-01 04:00:00,164.744,163.8712548,2023-09-11 08:00:00,163.8602548,stoploss,-1.012603908,38,4.207413606,-5.511345164,2.2,2.2,164.426,161.952,10,19,0.1627049924,0.7195685578,0.660326087,0.4363725966,767,763,15,2023
434,EUR_NZD,2023-09-01 00:00:00,2023-09-01 04:00:00,1.81785,1.805459546,2023-09-14 04:00:00,1.805269546,stoploss,-1.015334386,55,1.135551619,-5.414652317,3.8,3.8,1.81503,1.76754,6,23,-0.1807843373,0.4261345094,0.9494949495,0.006195226957,767,763,13,2023
435,GBP_NZD,2023-09-05 00:00:00,2023-09-05 04:00:00,2.12751,2.115752114,2023-09-07 12:00:00,2.115512114,stoploss,-1.020411832,15,1.183886254,-8.545753652,4.8,4.8,2.12322,2.06426,9,25,-0.05953450992,0.687198343,0.8175046555,0.005878943162,769,765,6,2023
436,AUD_USD,2023-09-05 16:00:00,2023-09-05 20:00:00,0.63844,0.6328456569,2023-10-03 04:00:00,0.6327956569,stoploss,-1.0089376,117,2.266575307,-2.043135312,1,1,0.63796,0.63649,7,13,-0.5434060673,0.1537267164,0.847826087,0.002797171565,769,765,65,2023
437,NZD_CAD,2023-09-05 20:00:00,2023-09-06 00:00:00,0.801635,0.7961498701,2023-09-18 16:00:00,0.7960348701,stoploss,-1.020965775,53,3.679949281,-1.366421593,2.3,2.3,0.80044,0.79918,6,11,0.1458488692,0.6235039159,0.6968085106,0.002742564973,769,765,15,2023
438,GBP_CAD,2023-09-08 00:00:00,2023-09-08 04:00:00,1.70888,1.700012176,2023-09-08 12:00:00,1.699752176,stoploss,-1.029319482,3,0.006766034289,-8.25794485,2.8,5.2,1.70763,1.7004,10,19,-0.6450286022,0.2503432687,0.9452380952,0.004433911908,772,768,0,2023
439,EUR_JPY,2023-09-11 16:00:00,2023-09-11 20:00:00,157.483,156.5385835,2023-10-03 16:00:00,156.5315835,stoploss,-1.007411984,96,3.703874183,-3.32586301,1.4,1.4,157.051,156.865,6,13,0.1058854827,0.9000266026,0.8865248227,0.4722082645,773,769,8,2023
440,AUD_CAD,2023-09-15 00:00:00,2023-09-15 04:00:00,0.870605,0.8652624574,2023-09-19 12:00:00,0.8651674574,stoploss,-1.017781795,15,3.804368338,-2.647615751,1.9,1.9,0.86717,0.86232,8,21,0.03369182292,1.25408452,0.8578947368,0.002671271312,777,773,1,2023
441,EUR_CHF,2023-09-15 00:00:00,2023-09-15 04:00:00,0.95308,0.9494850949,2023-10-13 16:00:00,0.9494350949,stoploss,-1.013908573,124,4.536976514,-3.154464357,1,1,0.95208,0.95145,8,16,-0.1835931637,0.5340892034,0.7724550898,0.001797452549,777,773,49,2023
442,AUD_NZD,2023-09-22 00:00:00,2023-09-22 04:00:00,1.081855,1.078005386,2023-09-25 12:00:00,1.077900386,stoploss,-1.027275458,9,3.235388899,-5.394046606,2.1,2.1,1.08152,1.07767,10,25,-0.8416427163,0.1194924844,0.9585492228,0.001924807247,782,778,1,2023
443,AUD_CAD,2023-09-22 12:00:00,2023-09-22 16:00:00,0.868305,0.8634242648,2023-09-26 00:00:00,0.8633292648,stoploss,-1.019464281,9,5.221549414,-2.426888476,1.9,1.9,0.86717,0.86232,13,26,-0.422067561,0.4261653043,0.8414634146,0.002440367598,782,778,0,2023
444,GBP_JPY,2023-10-03 00:00:00,2023-10-03 04:00:00,181.158,180.17824,2023-10-03 16:00:00,180.16624,stoploss,-1.012247898,4,7.660039297,-3.137503105,2.4,2.4,180.886,180.719,4,8,0.03674369283,0.5327835461,0.8046357616,0.4898799934,789,785,3,2023
445,AUD_JPY,2023-10-03 08:00:00,2023-10-03 12:00:00,94.7245,93.99345611,2023-10-03 16:00:00,93.98895611,stoploss,-1.006155581,2,5.280804714,-2.391785272,0.9,0.9,94.483,93.589,8,17,0.06565953277,0.6483878861,0.6209912536,0.3655219431,789,785,0,2023
446,NZD_USD,2023-10-03 20:00:00,2023-10-04 00:00:00,0.589755,0.5851367278,2023-10-18 16:00:00,0.5850817278,stoploss,-1.011909216,65,6.726541529,-2.690400081,1.1,1.1,0.58998,0.58888,4,10,-0.407078644,0.3897561485,0.9108910891,0.002309136119,789,785,30,2023
447,EUR_GBP,2023-10-05 00:00:00,2023-10-05 04:00:00,0.86589,0.8623932879,2023-10-10 00:00:00,0.8623532879,stoploss,-1.011439318,18,3.060017481,-1.404176246,0.8,0.8,0.86301,0.85612,5,14,-0.06291624728,1.624383112,0.9049079755,0.001748356025,791,787,2,2023
448,AUD_JPY,2023-10-06 16:00:00,2023-10-06 20:00:00,95.248,94.39612794,2023-10-13 12:00:00,94.39162794,stoploss,-1.005282483,29,3.917254904,-1.416879433,0.8,0.9,94.483,93.589,11,20,-0.05634648948,1.786653271,0.8900226757,0.4259360294,792,788,21,2023
449,EUR_JPY,2023-10-06 16:00:00,2023-10-06 20:00:00,157.952,156.8972952,2023-10-09 12:00:00,156.8902952,stoploss,-1.006636928,5,6.02348613,-1.367207146,1.4,1.4,157.032,156.586,11,19,-0.523369171,1.733186313,0.9589041096,0.5273524221,792,788,0,2023
450,GBP_CHF,2023-10-09 20:00:00,2023-10-10 00:00:00,1.109125,1.103875434,2023-10-13 00:00:00,1.103780434,stoploss,-1.018096734,19,1.237245156,-5.879533755,1.9,1.9,1.10838,1.1068,4,12,-0.3733642041,0.312406783,0.8,0.002624782958,793,789,8,2023
451,EUR_GBP,2023-10-11 08:00:00,2023-10-11 12:00:00,0.8639,0.861090332,2023-10-12 00:00:00,0.861050332,stoploss,-1.014236558,4,4.516547906,-3.043064192,0.8,0.8,0.86301,0.85612,9,18,-0.3843870558,0.6121719777,0.7865168539,0.001404833987,795,791,0,2023
452,AUD_CAD,2023-10-13 12:00:00,2023-10-13 16:00:00,0.864275,0.8592316704,2023-10-13 16:00:00,0.8591366704,stoploss,-1.018836762,1,7.922345648,-1.208527011,1.9,1.9,0.86246,0.85646,7,12,0.1824191715,0.6860547101,0.6978021978,0.002521664781,797,793,0,2023
453,GBP_USD,2023-10-19 12:00:00,2023-10-19 16:00:00,1.214215,1.206863829,2023-12-14 16:00:00,1.272685,time_exit,7.953835236,240,8.86865552,-0.9882779715,0.9,0.9,1.21223,1.20372,4,11,-0.8760509479,0.5169244723,0.9377289377,0.003675585316,801,797,240,2023
454,NZD_CAD,2023-10-20 16:00:00,2023-10-20 20:00:00,0.798485,0.7938578705,2023-12-15 20:00:00,0.830375,time_exit,6.891961909,240,9.307066152,-0.4959878514,2.3,2.3,0.79756,0.79414,16,23,-0.3976547479,0.3501090716,0.8009259259,0.002313564731,802,798,203,2023
455,AUD_USD,2023-10-23 12:00:00,2023-10-23 16:00:00,0.63117,0.6266778144,2023-12-18 16:00:00,0.67261,time_exit,9.224908192,240,9.431934366,-0.9260525599,1,1,0.62863,0.62854,6,14,0.1113043942,1.104139591,0.6904024768,0.002246092814,803,799,238,2023
456,EUR_AUD,2023-10-25 04:00:00,2023-10-25 08:00:00,1.66085,1.650772141,2023-11-01 20:00:00,1.650652141,stoploss,-1.011907291,34,2.302076165,-4.239987695,2.4,2.4,1.65533,1.64447,5,11,0.09327377565,1.071656146,0.7631578947,0.005038929718,805,801,4,2023
457,GBP_AUD,2023-10-25 08:00:00,2023-10-25 12:00:00,1.91077,1.899220829,2023-11-01 20:00:00,1.899020829,stoploss,-1.01731726,33,1.807921965,-3.755247874,4,4,1.90725,1.90474,5,11,-0.1974167663,0.5749330386,0.9139344262,0.005774585521,805,801,4,2023
458,GBP_JPY,2023-10-30 00:00:00,2023-10-30 04:00:00,181.415,180.5000214,2023-12-07 16:00:00,180.4880214,stoploss,-1.013115061,172,7.921496781,-3.366198963,2.4,2.4,181.127,178.084,10,19,0.2229560352,0.5289741228,0.7070707071,0.4574892978,808,804,117,2023
459,USD_JPY,2023-10-31 00:00:00,2023-10-31 04:00:00,149.459,148.8060807,2023-11-20 04:00:00,148.8030807,stoploss,-1.004594749,85,3.752378098,-13.03377045,0.6,0.6,149.317,148.673,5,10,-0.922012904,0.4257800454,0.854368932,0.3264596392,809,805,57,2023
460,EUR_NZD,2023-11-01 20:00:00,2023-11-02 00:00:00,1.80684,1.794995551,2023-11-03 12:00:00,1.794805551,stoploss,-1.01604127,10,1.822794844,-5.792587043,3.8,3.8,1.80524,1.75076,5,16,-0.5690429481,0.2026265691,0.6134228188,0.005922224344,810,806,0,2023
461,EUR_USD,2023-11-01 20:00:00,2023-11-02 00:00:00,1.056755,1.05020281,2023-12-28 20:00:00,1.107355,time_exit,7.722608575,240,8.729142242,-0.005341725299,0.7,0.7,1.05213,1.04954,4,13,-0.1434634795,1.407163065,0.8581081081,0.003276095085,810,806,237,2023
462,USD_CAD,2023-11-06 16:00:00,2023-11-06 20:00:00,1.367365,1.361054226,2023-11-24 16:00:00,1.360989226,stoploss,-1.010299845,84,2.867318493,-7.863535794,1.3,1.3,1.3661,1.3569,9,19,-0.1584591596,0.3834711662,0.6021126761,0.003155387176,813,809,23,2023
463,EUR_AUD,2023-11-07 04:00:00,2023-11-07 08:00:00,1.66379,1.65308126,2023-11-28 04:00:00,1.65296126,stoploss,-1.0112058,90,1.89191258,-4.755928316,2.4,2.4,1.6558,1.65533,9,14,-1.563209111,1.47356271,0.9371757925,0.005354370022,814,810,31,2023
464,GBP_NZD,2023-11-07 04:00:00,2023-11-07 08:00:00,2.07889,2.065775612,2023-11-08 08:00:00,2.065535612,stoploss,-1.018300511,7,1.343562532,-5.585468528,4.8,4.8,2.07342,2.02805,9,20,-0.9729771797,0.7975972805,0.9675,0.006557193872,814,810,0,2023
465,AUD_NZD,2023-11-08 00:00:00,2023-11-08 04:00:00,1.085125,1.08019166,2023-11-09 08:00:00,1.08008666,stoploss,-1.021283755,8,0.7327692791,-4.044926961,2.1,2.1,1.08394,1.06109,6,20,-0.6243234798,0.4378372456,0.8733333333,0.002466670003,815,811,0,2023
466,EUR_NZD,2023-11-08 16:00:00,2023-11-08 20:00:00,1.80872,1.798376085,2023-11-15 08:00:00,1.798186085,stoploss,-1.018368287,28,1.905468126,-6.814634611,3.8,3.8,1.80524,1.75076,10,21,-1.011222557,0.6225882663,0.9580498866,0.005171957414,815,811,22,2023
467,AUD_NZD,2023-11-13 16:00:00,2023-11-13 20:00:00,1.084555,1.080614161,2023-11-14 00:00:00,1.080509161,stoploss,-1.026644074,2,1.061956655,-4.919003528,2.1,2.1,1.08394,1.06109,9,23,-0.3248039472,0.2689782687,0.8540145985,0.001970419404,818,814,1,2023
468,GBP_CHF,2023-11-16 08:00:00,2023-11-16 12:00:00,1.102795,1.097652108,2023-12-07 00:00:00,1.097557108,stoploss,-1.018472098,88,2.493733185,-7.609532023,1.9,1.9,1.10009,1.07826,4,19,-0.2177763093,1.011104293,0.8633879781,0.00257144591,821,817,51,2023
469,AUD_NZD,2023-11-17 00:00:00,2023-11-17 04:00:00,1.085195,1.080177266,2023-11-29 00:00:00,1.080072266,stoploss,-1.020925782,48,0.706494271,-3.990845635,2.1,2.1,1.08394,1.06109,13,27,-1.407009747,0.4543884169,0.9321357285,0.00250886677,822,818,9,2023
470,GBP_NZD,2023-11-21 08:00:00,2023-11-21 12:00:00,2.06761,2.054758415,2023-11-29 00:00:00,2.054518415,stoploss,-1.018674739,34,0.9726426809,-4.821973355,4.8,4.8,2.05891,2.05636,4,12,0.06224913158,1.316569133,0.842215256,0.006425792455,824,820,5,2023
471,EUR_GBP,2023-11-22 12:00:00,2023-11-22 16:00:00,0.87066,0.8677051951,2023-11-24 16:00:00,0.8676651951,stoploss,-1.013537273,13,0.6362518266,-5.330301207,0.8,0.8,0.86889,0.86502,6,12,0.2098277301,1.177742743,0.715,0.001477402438,825,821,0,2023
472,EUR_CHF,2023-11-23 04:00:00,2023-11-23 08:00:00,0.96306,0.9600890295,2023-11-29 16:00:00,0.9600390295,stoploss,-1.016829517,27,0.9592824913,-12.66589479,1,1,0.96194,0.95967,5,11,0.06731806956,0.7203033443,0.8660714286,0.001485485259,826,822,11,2023
473,EUR_NZD,2023-11-27 16:00:00,2023-11-27 20:00:00,1.79676,1.787466298,2023-11-29 00:00:00,1.787276298,stoploss,-1.020443952,8,0.3464711871,-6.297813224,3.8,3.8,1.79553,1.7871,8,16,-0.2926713133,0.2281114648,0.8066666667,0.004646851051,828,824,3,2023
474,GBP_NZD,2023-11-29 08:00:00,2023-11-29 12:00:00,2.06105,2.047754143,2023-11-30 16:00:00,2.047514143,stoploss,-1.018050735,8,2.506043756,-4.16746352,4.8,4.8,2.05931,2.05891,6,10,-0.9822608478,0.2256341917,0.8119312437,0.006647928617,830,826,2,2023
475,EUR_JPY,2023-11-30 12:00:00,2023-11-30 16:00:00,161.438,160.5002035,2023-12-01 16:00:00,160.4932035,stoploss,-1.007464306,7,0.5374300566,-8.862264287,1.4,1.4,161.247,157.698,7,23,-0.4926442186,0.3860112708,0.9515011547,0.4688982257,831,827,0,2023
476,GBP_AUD,2023-12-04 04:00:00,2023-12-04 08:00:00,1.90453,1.893883405,2023-12-13 20:00:00,1.893683405,stoploss,-1.018785349,46,3.477168181,-4.292452347,4,4,1.90154,1.88991,10,22,-0.6612443003,0.5241112494,0.8849929874,0.005323297303,833,829,7,2023
477,NZD_JPY,2023-12-05 16:00:00,2023-12-05 20:00:00,90.295,89.7136127,2023-12-07 04:00:00,89.7066127,stoploss,-1.012040167,9,1.186816431,-4.501302318,1.4,1.4,90.23,89.185,4,11,-0.4644064295,0.1995227623,0.6942446043,0.2906936499,834,830,2,2023
478,AUD_JPY,2023-12-06 00:00:00,2023-12-06 04:00:00,97.0135,96.35520696,2023-12-07 00:00:00,96.35070696,stoploss,-1.006835861,6,1.317802166,-5.028915354,0.9,0.9,96.837,96.036,11,18,-1.819858207,0.5225636253,0.9784263959,0.3291465224,835,831,0,2023
479,GBP_CHF,2023-12-07 12:00:00,2023-12-07 16:00:00,1.101475,1.096716801,2023-12-13 08:00:00,1.096621801,stoploss,-1.019965538,23,1.552057865,-7.94733489,1.9,1.9,1.0995,1.09905,5,14,-0.3993107574,0.7902149726,0.6359550562,0.002379099442,836,832,11,2023
480,GBP_CAD,2023-12-08 16:00:00,2023-12-08 20:00:00,1.70621,1.697961576,2023-12-13 16:00:00,1.697701576,stoploss,-1.031521174,18,1.914305142,-3.673429119,5.2,5.2,1.70389,1.68285,5,19,-0.788029349,0.499489372,0.910806175,0.004124211876,837,833,4,2023
481,NZD_CHF,2023-12-13 12:00:00,2023-12-13 16:00:00,0.535505,0.5318349458,2023-12-28 08:00:00,0.5317499458,stoploss,-1.023160421,61,2.216588508,-3.069436944,1.7,1.7,0.53504,0.52749,4,21,-0.7901790625,0.2070814095,0.9631578947,0.001835027108,840,836,29,2023
482,EUR_AUD,2023-12-14 12:00:00,2023-12-14 16:00:00,1.63209,1.620643443,2023-12-19 16:00:00,1.620523443,stoploss,-1.010483501,19,3.086517524,-1.679981092,2.4,2.4,1.62902,1.62688,4,8,-0.8177131057,0.5136915664,0.8184747583,0.005723278699,841,837,0,2023
483,GBP_CAD,2023-12-14 12:00:00,2023-12-14 16:00:00,1.70942,1.700390721,2023-12-15 16:00:00,1.700130721,stoploss,-1.028795212,7,1.393245252,-3.711259808,5.2,5.2,1.70389,1.68285,9,23,-0.3898428685,1.167313589,0.8521212121,0.004514639467,841,837,0,2023
484,CAD_CHF,2023-12-20 00:00:00,2023-12-20 04:00:00,0.645245,0.6411389559,2023-12-27 16:00:00,0.6410639559,stoploss,-1.018265756,29,2.604696814,-3.639756324,1.5,1.5,0.64305,0.6423,5,9,-0.1169008388,1.032624076,0.8838951311,0.002053022053,845,841,2,2023
485,GBP_JPY,2023-12-28 16:00:00,2023-12-28 20:00:00,179.913,178.5765177,2024-02-23 20:00:00,190.682,time_exit,8.057720011,240,8.40415184,-0.8806701135,2.4,2.4,179.783,178.335,5,10,-1.180711503,0.1780794282,0.664228237,0.6682411393,851,847,238,2023
486,AUD_NZD,2023-12-29 16:00:00,2023-12-29 20:00:00,1.077685,1.073565817,2024-01-05 12:00:00,1.073460817,stoploss,-1.025490493,23,1.363134478,-5.126016832,2.1,2.1,1.07468,1.06691,4,12,0.2330559393,1.417756964,0.865248227,0.002059591364,852,848,3,2023
487,GBP_USD,2024-01-02 16:00:00,2024-01-02 20:00:00,1.263345,1.255176034,2024-02-05 12:00:00,1.255131034,stoploss,-1.005508653,143,1.863760971,-1.409603125,0.9,0.9,1.2612,1.25004,7,13,-0.02693119302,0.5165892479,0.6568047337,0.004084482998,853,849,47,2024
488,NZD_CAD,2024-01-04 20:00:00,2024-01-05 00:00:00,0.831535,0.826168653,2024-01-17 08:00:00,0.826053653,stoploss,-1.021429848,51,1.221501323,-3.139006833,2.3,2.3,0.83114,0.82682,7,12,-0.05217702068,0.4248700255,0.9481481481,0.002683173516,855,851,34,2024
489,AUD_NZD,2024-01-10 12:00:00,2024-01-10 16:00:00,1.075745,1.072020636,2024-01-11 16:00:00,1.071915636,stoploss,-1.02819273,7,2.028534037,-5.148529472,2.1,2.1,1.07468,1.06691,11,19,-0.4940440276,0.5155242027,0.8744186047,0.001862182212,859,855,1,2024
490,NZD_USD,2024-01-15 12:00:00,2024-01-15 16:00:00,0.619445,0.6144288682,2024-01-16 16:00:00,0.6143738682,stoploss,-1.010964624,7,0.4714788404,-3.108969352,1.1,1.1,0.61809,0.60842,6,22,0.08771699357,0.5183276893,0.7058823529,0.002508065895,862,858,0,2024
491,EUR_USD,2024-01-17 20:00:00,2024-01-18 00:00:00,1.088065,1.083110407,2024-01-23 16:00:00,1.083075407,stoploss,-1.007064152,23,2.03144821,-3.751064578,0.7,0.7,1.08767,1.07236,8,27,-0.8073316284,0.2341261722,0.9923076923,0.002477296726,864,860,20,2024
492,AUD_NZD,2024-01-18 16:00:00,2024-01-18 20:00:00,1.075035,1.071234951,2024-02-01 04:00:00,1.071129951,stoploss,-1.027631224,57,2.174972055,-4.859148094,2.1,2.1,1.07468,1.06691,17,25,-0.5736768397,0.1315772568,0.8874172185,0.001900024412,865,861,14,2024
493,NZD_JPY,2024-01-23 00:00:00,2024-01-23 04:00:00,90.138,89.58325278,2024-02-01 08:00:00,89.57625278,stoploss,-1.01261836,44,5.973892018,-1.582702834,1.4,1.4,89.889,88.629,5,14,-0.385761283,0.8724694438,0.9614325069,0.2773736109,868,864,39,2024
494,USD_CAD,2024-01-26 16:00:00,2024-01-26 20:00:00,1.346375,1.340499394,2024-01-30 00:00:00,1.340434394,stoploss,-1.011062689,8,2.562288982,-1.787900748,1.3,1.3,1.34149,1.31774,4,21,0.1395600774,1.640681886,0.9036885246,0.002937802899,871,867,0,2024
495,USD_CHF,2024-01-30 00:00:00,2024-01-30 04:00:00,0.861505,0.8566461813,2024-01-31 16:00:00,0.8566011813,stoploss,-1.00926151,10,8.33844651,-1.320279757,0.9,0.9,0.86066,0.83325,4,22,-0.2222762491,0.3334143736,0.813253012,0.00242940936,873,869,8,2024
496,EUR_CAD,2024-01-30 12:00:00,2024-01-30 16:00:00,1.456035,1.449782768,2024-02-05 00:00:00,1.449597768,stoploss,-1.029589432,21,3.513145233,-1.649810748,3.7,3.7,1.45492,1.45467,20,30,-1.314730426,0.2942948886,0.8482293423,0.003126116136,873,869,6,2024
497,AUD_CHF,2024-01-31 08:00:00,2024-01-31 12:00:00,0.56807,0.564930601,2024-02-01 00:00:00,0.564860601,stoploss,-1.022297261,4,8.033384711,-1.981270932,1.4,1.4,0.56668,0.56392,4,10,-0.2229726129,0.840925283,0.7106382979,0.001569699504,874,870,1,2024
498,USD_JPY,2024-01-31 20:00:00,2024-02-01 00:00:00,146.901,145.763889,2024-03-28 00:00:00,151.262,time_exit,3.835157666,240,4.460426435,-0.8829393022,0.6,0.6,146.65,140.25,5,23,-1.127418511,0.4203635323,0.6102635229,0.568555504,874,870,235,2024
499,USD_CAD,2024-02-01 04:00:00,2024-02-01 08:00:00,1.344825,1.338966092,2024-02-01 16:00:00,1.338901092,stoploss,-1.011094218,3,2.835852894,-1.410672535,1.3,1.3,1.34149,1.31774,8,25,0.1638530712,1.112835442,0.9964157706,0.002929453787,875,871,0,2024
500,CHF_JPY,2024-02-01 08:00:00,2024-02-01 12:00:00,170.154,169.116427,2024-03-06 08:00:00,169.105427,stoploss,-1.010601664,144,1.489051865,-3.4551786,2.2,2.2,169.738,166.753,7,21,-0.1561335936,0.7864506939,0.8639575972,0.5187864963,874,870,89,2024
501,CAD_JPY,2024-02-01 16:00:00,2024-02-01 20:00:00,109.377,108.6498959,2024-03-28 20:00:00,111.788,time_exit,3.315893739,240,4.010429756,-0.9613478737,1.2,1.2,108.885,106.227,6,22,-0.1760408124,1.336809919,0.8513931889,0.3635520601,875,871,207,2024
502,USD_CHF,2024-02-02 12:00:00,2024-02-02 16:00:00,0.863655,0.8572793653,2024-03-29 16:00:00,0.901195,time_exit,5.888041262,240,6.823634392,-0.1184195832,0.9,0.9,0.86066,0.83325,7,25,-1.675127349,0.9316719524,0.9421768707,0.003187817335,876,872,228,2024
503,AUD_CHF,2024-02-06 16:00:00,2024-02-06 20:00:00,0.56759,0.5643377834,2024-04-02 20:00:00,0.59058,time_exit,7.069024754,240,7.902302574,-0.8332778201,1.4,1.4,0.56668,0.56392,8,14,-0.05534686628,0.5165707519,0.7685950413,0.001626108325,878,874,189,2024
504,EUR_NZD,2024-02-07 04:00:00,2024-02-07 08:00:00,1.76382,1.75433098,2024-02-09 08:00:00,1.75414098,stoploss,-1.020023142,13,4.862461932,-2.07608366,3.8,3.8,1.75989,1.73973,6,24,0.2065545164,0.7882794809,0.8518518519,0.004744510152,879,875,9,2024
505,GBP_NZD,2024-02-07 04:00:00,2024-02-07 08:00:00,2.06577,2.054939045,2024-02-09 08:00:00,2.054699045,stoploss,-1.022158711,13,4.776125568,-2.613804655,4.8,4.8,2.06353,2.00564,5,27,-0.1495713014,0.3693118552,0.7937853107,0.005415477385,878,874,8,2024
506,EUR_NZD,2024-02-13 04:00:00,2024-02-13 08:00:00,1.76401,1.754994561,2024-02-19 04:00:00,1.754804561,stoploss,-1.021074957,24,5.096812045,-2.206215268,3.8,3.8,1.75989,1.73973,10,28,-0.6034093042,0.8696192913,0.8127294982,0.004507719687,883,879,3,2024
507,EUR_GBP,2024-02-14 08:00:00,2024-02-14 12:00:00,0.85337,0.8506948231,2024-03-08 16:00:00,0.8506548231,stoploss,-1.014952282,104,2.564316423,-1.263467859,0.8,0.8,0.85161,0.85132,5,12,-1.375609976,1.278420141,0.9466666667,0.001337588438,884,880,24,2024
508,EUR_AUD,2024-02-19 16:00:00,2024-02-19 20:00:00,1.64855,1.642166111,2024-04-04 16:00:00,1.642046111,stoploss,-1.018797321,198,4.066487055,-1.879732075,2.4,2.4,1.64576,1.63502,8,14,0.05639196225,0.8364807733,0.9688715953,0.003191944256,887,883,63,2024
509,GBP_AUD,2024-02-20 00:00:00,2024-02-20 04:00:00,1.92764,1.919755204,2024-02-20 12:00:00,1.919555204,stoploss,-1.025365271,3,3.704597852,-2.123073196,4,4,1.92522,1.91829,10,15,-0.2105317506,0.5631090196,0.7587064677,0.003942398226,887,883,0,2024
510,GBP_AUD,2024-02-23 08:00:00,2024-02-23 12:00:00,1.9314,1.922840624,2024-04-04 04:00:00,1.922640624,stoploss,-1.023366189,173,2.973347504,-2.395034335,4,4,1.92522,1.91829,13,18,0.170573177,1.39729808,0.9114583333,0.004279688124,890,886,41,2024
511,GBP_JPY,2024-03-07 04:00:00,2024-03-07 08:00:00,189.279,188.3533961,2024-03-07 08:00:00,188.3413961,stoploss,-1.012964509,1,12.18555825,-1.42609601,2.4,2.4,189.046,186.093,5,21,0.01080375765,0.4796868397,0.6575757576,0.46280194,900,896,0,2024
512,EUR_JPY,2024-03-07 16:00:00,2024-03-07 20:00:00,161.993,160.9120611,2024-03-08 08:00:00,160.9050611,stoploss,-1.006475852,4,8.87931801,-1.651342222,1.4,1.4,161.681,158.906,5,21,-1.963108233,0.5680247195,0.9053606883,0.5404694364,900,896,1,2024
513,USD_CAD,2024-03-08 16:00:00,2024-03-08 20:00:00,1.348325,1.343261198,2024-05-03 20:00:00,1.368485,time_exit,3.981198345,240,7.165564581,-0.5401080096,1.3,1.3,1.3441,1.34127,11,20,-0.1974800766,1.635135035,0.9411764706,0.002531900982,901,897,162,2024
514,AUD_JPY,2024-03-08 20:00:00,2024-03-11 00:00:00,97.3285,96.76881485,2024-05-06 00:00:00,101.1555,time_exit,6.837772984,240,13.60318385,-0.7691824587,0.9,0.9,97.339,95.501,5,26,-0.2322734486,0.2429937616,0.6616915423,0.2798425751,901,897,211,2024
515,GBP_JPY,2024-03-13 08:00:00,2024-03-13 12:00:00,189.188,188.0956973,2024-05-08 12:00:00,193.892,time_exit,4.306498641,240,10.40920271,-0.5474673017,2.4,2,189.046,186.093,9,25,-0.8495813646,0.2380292616,0.9504,0.5461513392,904,900,196,2024
516,EUR_JPY,2024-03-13 12:00:00,2024-03-13 16:00:00,161.806,160.8937927,2024-05-08 16:00:00,167.254,time_exit,5.972326714,240,10.72672851,-0.8101228785,1.4,1.4,161.681,158.906,9,25,-0.7081723674,0.260905609,0.7466216216,0.4561036478,904,900,195,2024
517,NZD_CAD,2024-03-18 04:00:00,2024-03-18 08:00:00,0.824985,0.821319879,2024-03-19 04:00:00,0.821204879,stoploss,-1.031376863,6,0.2551075403,-5.008020215,2.3,2.3,0.82448,0.81807,11,24,-0.34923813,0.2128169855,0.6167664671,0.001832560494,907,903,1,2024
518,NZD_USD,2024-03-20 20:00:00,2024-03-21 00:00:00,0.608165,0.6045459398,2024-03-21 16:00:00,0.6044909398,stoploss,-1.015197316,5,1.626112775,-6.340043775,1.1,1.1,0.60688,0.60494,10,26,-1.889993437,0.6631555921,0.9094488189,0.001809530093,909,905,2,2024
519,GBP_USD,2024-03-22 12:00:00,2024-03-22 16:00:00,1.262015,1.25513966,2024-04-01 16:00:00,1.25509466,stoploss,-1.006545131,37,1.301026514,-4.662314692,0.9,0.9,1.25998,1.25355,15,27,-0.7126919978,0.578880439,0.9694323144,0.00343767014,911,907,11,2024
520,AUD_USD,2024-03-28 12:00:00,2024-03-28 16:00:00,0.65077,0.6469162987,2024-04-12 16:00:00,0.6468662987,stoploss,-1.01297454,67,5.358484847,-3.77299611,1,1,0.65041,0.64775,7,17,-0.9704955607,0.1608842908,0.9864253394,0.001926850648,915,911,48,2024
521,EUR_USD,2024-03-28 12:00:00,2024-03-28 16:00:00,1.080855,1.077014315,2024-03-29 08:00:00,1.076979315,stoploss,-1.009112957,5,2.253504063,-5.401379756,0.7,0.7,1.08019,1.07959,4,20,-1.390376857,0.3280664494,0.9763313609,0.001920342666,915,911,0,2024
522,AUD_CAD,2024-03-29 12:00:00,2024-03-29 16:00:00,0.883935,0.8805043127,2024-04-01 16:00:00,0.8804093127,stoploss,-1.027691244,7,8.346723917,-1.689165884,1.9,1.9,0.88316,0.88056,8,18,-0.8686306015,0.3789328127,0.7062706271,0.001715343666,915,911,0,2024
523,EUR_GBP,2024-04-01 00:00:00,2024-04-01 04:00:00,0.85412,0.8516947972,2024-05-22 08:00:00,0.8516547972,stoploss,-1.016493466,224,4.263561039,-1.702950396,0.8,0.8,0.85292,0.84999,7,15,-0.2638954608,0.9566210455,0.7830687831,0.00121260138,917,913,97,2024
524,EUR_USD,2024-04-03 16:00:00,2024-04-03 20:00:00,1.083115,1.079047219,2024-04-10 12:00:00,1.079012219,stoploss,-1.0086042,29,1.572110322,-5.655417977,0.7,0.7,1.08019,1.07959,8,24,-1.18000462,1.416005544,0.904109589,0.002033890341,919,915,23,2024
525,EUR_CAD,2024-04-04 08:00:00,2024-04-04 12:00:00,1.466945,1.462476765,2024-04-12 16:00:00,1.462291765,stoploss,-1.041403369,38,4.777053574,-1.999670821,3.7,3.7,1.46646,1.46577,9,20,-0.9265402575,0.1387572366,0.9333333333,0.002234117712,920,916,19,2024
526,CAD_CHF,2024-04-05 00:00:00,2024-04-05 04:00:00,0.665475,0.6617379036,2024-04-08 00:00:00,0.6616629036,stoploss,-1.020069057,6,1.36870966,-3.330125459,1.5,1.5,0.6638,0.64786,4,19,0.0588692327,0.8509279999,0.691588785,0.00186854822,921,917,2,2024
527,EUR_AUD,2024-04-08 00:00:00,2024-04-08 04:00:00,1.65036,1.643397584,2024-04-08 12:00:00,1.643277584,stoploss,-1.017235397,3,2.562329062,-4.162348443,2.4,2.4,1.64771,1.64406,12,22,-0.4107769685,0.7181415533,0.9076212471,0.003481207832,922,918,0,2024
528,GBP_CHF,2024-04-12 16:00:00,2024-04-12 20:00:00,1.136045,1.12992091,2024-04-19 04:00:00,1.12982591,stoploss,-1.015512508,27,5.178728275,-3.113115389,1.9,1.9,1.13529,1.13383,4,8,-1.031989995,0.2188080053,0.7614314115,0.003062045189,926,922,4,2024
529,CAD_JPY,2024-04-12 20:00:00,2024-04-15 00:00:00,111.043,110.4706404,2024-06-10 00:00:00,113.812,time_exit,4.837867491,240,10.97911134,-0.09609343156,1.2,1.2,111.117,111.037,5,14,-0.1223007311,0.5800548959,0.8007968127,0.2861798102,926,922,61,2024
530,EUR_AUD,2024-04-15 20:00:00,2024-04-16 00:00:00,1.6482,1.640593696,2024-04-26 08:00:00,1.640473696,stoploss,-1.015776387,51,2.629397874,-3.526022549,2.4,2.4,1.64771,1.64406,17,27,-0.2997513576,0.3812626917,0.8018575851,0.003803152083,927,923,19,2024
531,AUD_CHF,2024-04-17 12:00:00,2024-04-17 16:00:00,0.58574,0.5821413185,2024-04-19 04:00:00,0.5820713185,stoploss,-1.019451568,10,6.733021446,-3.209508779,1.4,1.4,0.58523,0.57735,13,21,-0.4890680043,0.2445340022,0.7904191617,0.001799340771,929,925,3,2024
532,GBP_CAD,2024-04-19 08:00:00,2024-04-19 12:00:00,1.71226,1.706492398,2024-04-19 16:00:00,1.706232398,stoploss,-1.045079391,2,8.367428446,-4.081418682,5.2,5.2,1.71023,1.70214,5,13,-0.3016851532,0.6172408882,0.8983050847,0.002883801177,930,926,1,2024
533,NZD_CHF,2024-04-23 00:00:00,2024-04-23 04:00:00,0.540135,0.5364238881,2024-06-18 04:00:00,0.544875,time_exit,1.277245252,240,5.99954969,-0.5995507775,1.7,1.7,0.53969,0.53698,11,17,-0.673652559,0.1886227165,0.987654321,0.001855555929,933,929,150,2024
534,EUR_CAD,2024-04-23 08:00:00,2024-04-23 12:00:00,1.462945,1.457943449,2024-06-18 12:00:00,1.473945,time_exit,2.199317847,240,5.989142374,-0.5568272913,3.7,3.7,1.46117,1.45463,6,15,-1.263608072,0.6398015556,0.748427673,0.002500775414,933,929,187,2024
535,GBP_CHF,2024-04-24 00:00:00,2024-04-24 04:00:00,1.135735,1.128864471,2024-06-14 16:00:00,1.128769471,stoploss,-1.013827174,226,4.661213111,-2.050060474,1.9,1.9,1.13529,1.13383,12,16,-0.6782592693,0.1018844396,0.9436619718,0.003435264516,934,930,141,2024
536,GBP_CAD,2024-04-25 08:00:00,2024-04-25 12:00:00,1.71213,1.705006595,2024-04-26 16:00:00,1.704746595,stoploss,-1.036499396,8,6.793099184,-1.144115692,5.2,5.2,1.71023,1.70214,9,17,-0.9742531172,0.4660692146,0.9517625232,0.003561702743,934,930,1,2024
537,CHF_JPY,2024-05-02 00:00:00,2024-05-02 04:00:00,170.208,168.1555718,2024-05-03 00:00:00,168.1445718,stoploss,-1.005359505,6,4.407462427,-1.058258721,2.2,2.2,169.168,166.758,6,21,-0.9530175223,1.003689211,0.9593884376,1.02621408,939,935,1,2024
538,USD_JPY,2024-05-06 04:00:00,2024-05-06 08:00:00,153.938,152.1858133,2024-07-01 08:00:00,161.072,time_exit,4.071484013,240,4.192475688,-0.3001963261,0.6,0.6,153.59,150.811,11,21,-0.2819334318,0.391510798,0.8872180451,0.8760933333,942,938,233,2024
539,USD_CHF,2024-05-08 04:00:00,2024-05-08 08:00:00,0.909215,0.9048513847,2024-05-13 00:00:00,0.9048063847,stoploss,-1.01031255,17,1.518236506,-6.080966897,0.9,0.9,0.90882,0.90111,7,13,-0.1650007977,0.1558340867,0.7865168539,0.002181807634,944,940,7,2024
540,EUR_NZD,2024-05-10 00:00:00,2024-05-10 04:00:00,1.78809,1.781446327,2024-05-15 12:00:00,1.781256327,stoploss,-1.02859864,21,1.274897252,-7.351355581,3.8,3.8,1.78481,1.78439,5,20,0.2107268185,0.921177235,0.9632653061,0.003321836324,946,942,14,2024
541,AUD_CHF,2024-05-30 00:00:00,2024-05-30 04:00:00,0.60398,0.6010644524,2024-05-30 08:00:00,0.6009944524,stoploss,-1.024009212,2,1.474851598,-9.07548216,1.4,1.4,0.60324,0.59296,4,22,-0.006859774875,0.4527451418,0.7127659574,0.001457773787,960,956,0,2024
542,CAD_CHF,2024-05-30 00:00:00,2024-05-30 04:00:00,0.665915,0.6636245236,2024-05-30 08:00:00,0.6635495236,stoploss,-1.03274428,2,0.1680873016,-11.76829407,1.5,1.5,0.66521,0.6608,4,10,0.06985446302,0.5501038963,0.9166666667,0.001145238207,960,956,0,2024
543,AUD_USD,2024-05-30 08:00:00,2024-05-30 12:00:00,0.66148,0.6579248303,2024-06-07 20:00:00,0.6578748303,stoploss,-1.014064026,39,5.172748819,-2.942194271,1,1,0.65922,0.6558,4,16,-0.07313293599,1.248885522,0.9073359073,0.001777584863,960,956,15,2024
544,EUR_USD,2024-05-30 08:00:00,2024-05-30 12:00:00,1.081545,1.077777658,2024-06-10 00:00:00,1.077742658,stoploss,-1.009290371,40,3.523704859,-3.966988257,0.7,0.7,1.08048,1.0724,5,15,-0.8706404472,0.5468046711,0.8841059603,0.001883670814,960,956,15,2024
545,USD_CAD,2024-06-03 04:00:00,2024-06-03 08:00:00,1.362845,1.358090232,2024-07-29 08:00:00,1.382515,time_exit,4.136900003,240,4.646914365,-0.8317966198,1.3,1.3,1.36149,1.36098,4,21,-0.3070601934,0.5426132185,0.8347107438,0.00237738403,962,958,229,2024
546,GBP_NZD,2024-06-03 16:00:00,2024-06-03 20:00:00,2.06937,2.06093691,2024-06-06 04:00:00,2.06069691,stoploss,-1.028459319,15,14.40753006,-1.011491616,4.8,4.8,2.06767,2.06748,8,12,-0.7423138943,0.3367686038,0.8834951456,0.004216545082,961,957,2,2024
547,EUR_CHF,2024-06-03 20:00:00,2024-06-04 00:00:00,0.97589,0.9715305768,2024-06-04 12:00:00,0.9714805768,stoploss,-1.011469407,4,0.5138294429,-6.438925207,1,1,0.97428,0.97219,15,20,-0.02293881442,1.119414144,0.9576923077,0.002179711605,962,958,2,2024
548,AUD_JPY,2024-06-05 04:00:00,2024-06-05 08:00:00,103.6335,102.8030515,2024-07-24 04:00:00,102.7985515,stoploss,-1.005418758,210,6.914937836,-7.5134096,0.9,0.9,103.473,99.906,9,25,-0.7851178876,0.3757005842,0.9601593625,0.4152242678,964,960,156,2024
549,GBP_NZD,2024-06-07 12:00:00,2024-06-07 16:00:00,2.07519,2.066199703,2024-06-12 16:00:00,2.065959703,stoploss,-1.026695448,19,12.86720593,-1.555009846,4.8,4.8,2.06767,2.06748,12,16,-0.5806259939,1.615074604,0.9241573034,0.004495148387,965,961,3,2024
550,EUR_AUD,2024-06-11 16:00:00,2024-06-11 20:00:00,1.62666,1.61855268,2024-06-12 12:00:00,1.61843268,stoploss,-1.014801438,5,11.34160187,-3.315522113,2.4,2.4,1.62539,1.62138,6,16,-0.4613114845,0.2812273221,0.6629955947,0.00405366019,968,964,4,2024
551,EUR_JPY,2024-06-14 16:00:00,2024-06-14 20:00:00,168.344,167.0164108,2024-07-24 12:00:00,167.0094108,stoploss,-1.005272715,167,5.335988005,-10.50174263,1.4,1.4,168.014,167.329,8,21,-0.539323463,0.4850898187,0.95371669,0.6637945956,971,967,112,2024
552,GBP_USD,2024-06-17 16:00:00,2024-06-17 20:00:00,1.269685,1.264176906,2024-06-21 08:00:00,1.264131906,stoploss,-1.008169795,22,6.315251653,-1.524120674,0.9,0.9,1.26881,1.2681,5,12,-0.8678137963,0.3050056857,0.95,0.002754047021,972,968,10,2024
553,NZD_CAD,2024-06-18 00:00:00,2024-06-18 04:00:00,0.841875,0.8382533217,2024-06-18 08:00:00,0.8381383217,stoploss,-1.031753235,2,0.4348812589,-8.317966936,2.3,2.3,0.8392,0.83496,6,11,-0.0110446034,1.413709235,0.8805460751,0.001810839129,973,969,0,2024
554,NZD_USD,2024-06-18 12:00:00,2024-06-18 16:00:00,0.611515,0.6075987972,2024-06-26 20:00:00,0.6075437972,stoploss,-1.014044217,38,0.9869254019,-6.773142635,1.1,1.1,0.60996,0.60889,6,13,-0.06128385419,0.7609411896,0.7892156863,0.001958101389,973,969,1,2024
555,NZD_CAD,2024-06-21 12:00:00,2024-06-21 16:00:00,0.839855,0.8365720992,2024-06-24 00:00:00,0.8364570992,stoploss,-1.035029995,3,0,-8.561026263,2.3,2.3,0.8392,0.83496,9,14,-0.4934660219,0.3289773479,0.8823529412,0.001641450402,976,972,0,2024
556,GBP_AUD,2024-06-25 16:00:00,2024-06-25 20:00:00,1.91007,1.902550641,2024-06-26 04:00:00,1.902350641,stoploss,-1.026598012,3,12.48111703,-2.513512114,4,4,1.90936,1.89094,16,28,-0.7287855229,0.1383096613,0.7546296296,0.003759679513,977,973,1,2024
557,AUD_CAD,2024-06-26 00:00:00,2024-06-26 04:00:00,0.907735,0.9040413809,2024-07-25 04:00:00,0.9039463809,stoploss,-1.025720031,127,5.061431424,-6.060451587,1.9,1.9,0.90572,0.90456,7,13,0.1570275595,1.045045483,0.8039215686,0.001846809572,978,974,81,2024
558,AUD_USD,2024-06-28 08:00:00,2024-06-28 12:00:00,0.66428,0.6607035932,2024-07-24 04:00:00,0.6606535932,stoploss,-1.013980512,107,4.359123765,-8.231725699,1,1,0.66262,0.65853,4,9,-0.3019790678,0.8947527934,0.9427312775,0.001788203414,981,977,54,2024
559,NZD_CHF,2024-07-10 12:00:00,2024-07-10 16:00:00,0.546085,0.5430592482,2024-07-16 04:00:00,0.5429742482,stoploss,-1.028092192,22,0.7518792624,-17.07840039,1.7,1.7,0.54451,0.54067,9,16,0.1388084792,0.9848792096,0.8707482993,0.001512875879,989,985,3,2024
560,NZD_USD,2024-07-17 00:00:00,2024-07-17 04:00:00,0.607635,0.6037453242,2024-07-19 00:00:00,0.6036903242,stoploss,-1.014139996,12,5.724127429,-5.821821946,1.1,1.1,0.60651,0.60477,5,11,-1.56825409,0.5501743857,0.9094922737,0.001944837906,994,990,2,2024
561,EUR_CHF,2024-07-19 04:00:00,2024-07-19 08:00:00,0.96827,0.9644560585,2024-07-24 08:00:00,0.9644060585,stoploss,-1.013109797,19,0.2412202706,-12.38089259,1,1,0.96742,0.94782,9,22,-0.1782932435,0.4195135141,1,0.001906970748,996,992,12,2024
562,GBP_CHF,2024-07-22 00:00:00,2024-07-22 04:00:00,1.148375,1.143141645,2024-07-24 16:00:00,1.143046645,stoploss,-1.01815279,16,0.7041371727,-14.15248838,1.9,1.9,1.14468,1.12165,10,23,0.2484066009,1.375790405,0.860058309,0.002616677647,997,993,9,2024
563,AUD_NZD,2024-07-25 12:00:00,2024-07-25 16:00:00,1.108715,1.104073031,2024-07-31 04:00:00,1.103968031,stoploss,-1.02261971,22,1.330254375,-6.784835878,2.1,2.1,1.10492,1.0833,5,21,-0.2714365203,1.594150992,0.8694779116,0.002320984661,1000,996,14,2024
564,GBP_CAD,2024-08-02 12:00:00,2024-08-02 16:00:00,1.77426,1.766116381,2024-08-05 08:00:00,1.765976381,stoploss,-1.017191373,5,4.283107801,-4.103826339,5.2,2.8,1.76961,1.72691,10,24,-0.6704635491,1.080600592,0.9958100559,0.004071809726,1005,1001,0,2024
565,USD_CAD,2024-08-06 04:00:00,2024-08-06 08:00:00,1.382145,1.375584164,2024-08-07 08:00:00,1.375519164,stoploss,-1.009907273,7,0.5281338769,-6.132602175,1.3,1.3,1.37874,1.35889,4,18,0.1890002907,1.015114465,0.9609929078,0.003280418234,1008,1004,1,2024
566,EUR_NZD,2024-08-14 04:00:00,2024-08-14 08:00:00,1.82998,1.81762004,2024-08-19 04:00:00,1.81743004,stoploss,-1.015372219,18,0.754047778,-6.559892043,3.8,3.8,1.80693,1.75881,9,27,0.1132689795,3.721695042,0.9666233203,0.006179979752,1014,1010,5,2024
567,CAD_JPY,2024-08-26 04:00:00,2024-08-26 08:00:00,106.613,105.575697,2024-09-06 08:00:00,105.569697,stoploss,-1.005784231,55,3.100347641,-3.662382055,1.2,1.2,106.213,101.66,5,15,0.06941076808,0.7577342182,0.9130434783,0.5186515147,1022,1018,32,2024
568,AUD_NZD,2024-08-26 08:00:00,2024-08-26 12:00:00,1.091485,1.08751748,2024-08-27 16:00:00,1.08741248,stoploss,-1.026464895,8,4.429719337,-3.595445026,2.1,2.1,1.08988,1.08434,8,15,0.02016372956,0.7460579936,0.8181818182,0.001983759993,1022,1018,1,2024
569,EUR_JPY,2024-08-26 16:00:00,2024-08-26 20:00:00,161.387,159.9874429,2024-09-04 08:00:00,159.9804429,stoploss,-1.005001582,40,1.586930564,-4.459982251,1.4,1.4,160.42,154.402,5,15,0.1157509011,1.370433508,0.8968335036,0.6997785696,1022,1018,29,2024
570,EUR_CAD,2024-08-28 20:00:00,2024-08-29 00:00:00,1.49834,1.49367715,2024-08-29 08:00:00,1.49358715,stoploss,-1.0193015,3,3.845287813,-2.648594785,1.8,1.8,1.49696,1.48952,14,19,-0.2873778957,0.8535552424,0.9743589744,0.002331424964,1024,1020,1,2024
571,CAD_CHF,2024-08-29 00:00:00,2024-08-29 04:00:00,0.625005,0.6216953558,2024-09-06 16:00:00,0.6216203558,stoploss,-1.022661046,40,2.572784113,-1.732814667,1.5,1.5,0.62377,0.60601,4,18,-0.2961043371,0.7070246418,0.7685185185,0.001654822097,1025,1021,15,2024
572,GBP_CHF,2024-08-29 00:00:00,2024-08-29 04:00:00,1.111585,1.105937437,2024-09-06 16:00:00,1.105842437,stoploss,-1.016821414,40,4.500170914,-1.629906483,1.9,1.9,1.11062,1.07431,6,18,-0.3860071844,0.3045561272,0.75,0.002823781639,1025,1021,15,2024
573,AUD_NZD,2024-09-02 16:00:00,2024-09-02 20:00:00,1.090395,1.085737036,2024-09-03 16:00:00,1.085632036,stoploss,-1.022542036,6,4.007115174,-2.828488744,2.1,2.1,1.08988,1.08434,13,20,-0.7728697897,0.1803362843,0.9406779661,0.002328982222,1027,1023,2,2024
574,GBP_NZD,2024-09-03 04:00:00,2024-09-03 08:00:00,2.12032,2.109910184,2024-09-27 16:00:00,2.109670184,stoploss,-1.023055162,111,5.122088542,-1.931830469,4.8,4.8,2.11441,2.11001,9,19,-0.8453559485,1.095120206,0.8340214699,0.005204908072,1027,1023,80,2024
575,EUR_CAD,2024-09-04 00:00:00,2024-09-04 04:00:00,1.49755,1.492274151,2024-10-01 16:00:00,1.492184151,stoploss,-1.017058864,118,3.548243806,-2.191116367,1.8,1.8,1.49696,1.48952,19,24,-0.9249695391,0.1933337971,0.9455128205,0.002637924707,1029,1025,73,2024
576,AUD_CHF,2024-09-04 12:00:00,2024-09-04 16:00:00,0.57229,0.5678380911,2024-09-05 00:00:00,0.5677680911,stoploss,-1.015723592,3,3.310939254,-2.810030534,1.4,1.4,0.56961,0.53657,5,22,-0.327949207,1.186008091,0.9108108108,0.00222595446,1029,1025,0,2024
577,AUD_JPY,2024-09-04 12:00:00,2024-09-04 16:00:00,97.5425,96.60691091,2024-09-04 20:00:00,96.60241091,stoploss,-1.004809804,2,4.439448947,-4.226748732,0.9,0.9,97.265,90.141,7,22,-0.04702919313,0.6028287483,0.8397790055,0.467794545,1029,1025,0,2024
578,CHF_JPY,2024-09-05 00:00:00,2024-09-05 04:00:00,169.723,168.6012594,2024-09-06 16:00:00,168.5902594,stoploss,-1.009806188,10,6.786773758,-3.941196215,2.2,2.2,169.5,168.355,8,13,-0.3244956847,0.3726351544,0.7419354839,0.5608703245,1029,1025,8,2024
579,USD_JPY,2024-09-05 00:00:00,2024-09-05 04:00:00,143.726,142.5539188,2024-09-06 08:00:00,142.5509188,stoploss,-1.00255955,8,8.66748826,-3.539003967,0.6,0.6,143.446,141.686,8,23,-0.4453616371,0.4743698664,0.8707592892,0.5860405977,1030,1026,3,2024
580,NZD_JPY,2024-09-05 20:00:00,2024-09-06 00:00:00,89.159,88.3568417,2024-09-06 16:00:00,88.3518417,stoploss,-1.006233184,5,3.900726314,-3.600286864,1,1,89.131,83.059,8,23,-0.2642869858,0.2966995407,0.9072580645,0.4010791514,1030,1026,3,2024
581,EUR_CHF,2024-09-06 12:00:00,2024-09-06 16:00:00,0.93848,0.9340716916,2024-09-06 16:00:00,0.9340216916,stoploss,-1.011342219,1,2.785649018,-1.776191516,1,1,0.93527,0.92105,7,24,-0.5535002935,1.433656498,0.8538011696,0.002204154206,1031,1027,0,2024
582,GBP_USD,2024-09-09 16:00:00,2024-09-09 20:00:00,1.309805,1.303279863,2024-09-11 16:00:00,1.303234863,stoploss,-1.006896407,12,5.153148424,-3.904132523,0.9,0.9,1.30877,1.2665,4,22,-0.6130139389,0.3034418997,0.9006024096,0.003262568554,1032,1028,9,2024
583,NZD_CHF,2024-09-09 16:00:00,2024-09-09 20:00:00,0.522175,0.5180564383,2024-09-11 04:00:00,0.5179714383,stoploss,-1.020638273,9,3.920057814,-2.026192782,1.7,1.7,0.52147,0.49441,11,25,-0.6992732428,0.2962199154,0.971563981,0.002059280853,1032,1028,3,2024
584,EUR_USD,2024-09-10 04:00:00,2024-09-10 08:00:00,1.104035,1.099654659,2024-10-04 12:00:00,1.099619659,stoploss,-1.007990246,110,3.968869376,-6.375074912,0.7,0.7,1.10264,1.08814,5,23,0.191765906,0.625522122,0.9405940594,0.002190170342,1033,1029,68,2024
585,NZD_CHF,2024-09-13 16:00:00,2024-09-13 20:00:00,0.522605,0.5186138121,2024-10-25 04:00:00,0.5185288121,stoploss,-1.021296918,177,3.937424289,-2.198593582,1.7,1.7,0.52147,0.49441,15,29,-0.08518767155,0.5261591478,0.7052023121,0.001995593927,1036,1032,66,2024
586,AUD_NZD,2024-09-25 04:00:00,2024-09-25 08:00:00,1.087705,1.082868054,2024-11-20 08:00:00,1.104775,time_exit,3.529086614,240,4.414976253,-0.2553264187,2.1,2.1,1.08483,1.07722,4,12,-0.04134840789,1.15362058,0.9383116883,0.002418472805,1044,1040,63,2024
587,USD_CAD,2024-09-25 16:00:00,2024-09-25 20:00:00,1.347545,1.34196765,2024-11-20 20:00:00,1.398845,time_exit,9.197916889,240,11.30554872,-0.3254233753,1.3,1.3,1.34655,1.34388,13,20,-1.194115526,0.3299057909,0.9860788863,0.002788674904,1044,1040,221,2024
588,EUR_CAD,2024-10-02 08:00:00,2024-10-02 12:00:00,1.49344,1.485549469,2024-11-11 12:00:00,1.485459469,stoploss,-1.011406077,169,2.993461429,-5.689097524,1.8,1.8,1.49257,1.4889,14,23,-0.4587777465,0.1951706435,0.7794561934,0.003945265467,1049,1045,137,2024
589,GBP_NZD,2024-10-03 00:00:00,2024-10-03 04:00:00,2.12348,2.11108348,2024-10-03 08:00:00,2.11084348,stoploss,-1.019360272,2,4.915089095,-1.578668859,4.8,4.8,2.11958,2.09812,15,25,-1.035774561,0.6017817931,0.9835271318,0.006198259972,1049,1045,0,2024
590,AUD_CAD,2024-10-07 20:00:00,2024-10-08 00:00:00,0.919945,0.9150417289,2024-10-28 04:00:00,0.9149467289,stoploss,-1.019374821,86,2.146526205,-3.172371983,1.9,1.9,0.91914,0.90177,7,19,0.1223672896,0.436443333,0.6470588235,0.002451635571,1051,1047,22,2024
591,NZD_JPY,2024-10-16 04:00:00,2024-10-16 08:00:00,90.481,89.73065768,2024-11-26 00:00:00,89.72465768,stoploss,-1.00799635,173,2.648124676,-4.621890476,1,1.2,90.101,89.863,5,11,-0.03998175152,0.999543788,0.7558139535,0.3751711576,1059,1055,97,2024
592,GBP_USD,2024-10-18 04:00:00,2024-10-18 08:00:00,1.302255,1.296528535,2024-10-22 12:00:00,1.296483535,stoploss,-1.007858251,14,0.8548031246,-9.352192306,0.9,0.9,1.3012,1.30021,6,27,0.05588089885,0.352748174,0.6488549618,0.002863232398,1061,1057,0,2024
593,EUR_AUD,2024-10-18 16:00:00,2024-10-18 20:00:00,1.6197,1.611132667,2024-11-21 16:00:00,1.611012667,stoploss,-1.014006692,144,4.702746985,-2.698622742,2.4,2.4,1.61842,1.60042,5,12,-0.5299198638,0.2707960537,0.8070588235,0.00428366656,1061,1057,53,2024
594,EUR_CHF,2024-10-23 00:00:00,2024-10-23 04:00:00,0.93554,0.9324051882,2024-11-19 08:00:00,0.9323551882,stoploss,-1.015949921,116,2.899695612,-4.842395973,1,1,0.93444,0.93293,9,16,-0.3827981006,0.6698966761,0.8638743455,0.001567405896,1064,1060,45,2024
595,EUR_NZD,2024-10-23 00:00:00,2024-10-23 04:00:00,1.78921,1.779970999,2024-11-22 08:00:00,1.779780999,stoploss,-1.020564994,134,4.649853333,-1.619222669,3.8,3.8,1.78326,1.7489,4,17,0.1580257418,1.218746474,0.822147651,0.004619500543,1064,1060,39,2024
596,AUD_CHF,2024-10-24 00:00:00,2024-10-24 04:00:00,0.57535,0.5713160673,2024-10-25 20:00:00,0.5712460673,stoploss,-1.017352793,11,1.96086565,-4.147317613,1.4,1.4,0.57458,0.57308,5,12,-0.7089855573,0.3420979263,0.9339207048,0.002016966333,1065,1061,1,2024
597,NZD_CAD,2024-10-24 08:00:00,2024-10-24 12:00:00,0.832645,0.828501001,2024-10-28 04:00:00,0.828386001,stoploss,-1.027750972,11,1.005067813,-5.324566937,2.3,2.3,0.83191,0.82847,5,11,-0.4922781125,0.2992278723,0.7192982456,0.002071999494,1065,1061,2,2024
598,CAD_CHF,2024-10-29 00:00:00,2024-10-29 04:00:00,0.622825,0.6198599725,2024-10-31 16:00:00,0.6197849725,stoploss,-1.025294875,16,6.042102548,-1.529496793,1.5,1.5,0.62141,0.62065,12,21,-0.1483966018,0.8903796108,0.8700564972,0.001482513732,1068,1064,2,2024
599,NZD_CAD,2024-10-30 08:00:00,2024-10-30 12:00:00,0.834225,0.8293388549,2024-10-31 12:00:00,0.8292238549,stoploss,-1.023535936,7,0.5290469116,-5.719232474,2.3,2.3,0.83191,0.82847,9,15,-1.252521122,0.9005053815,0.9211908932,0.002443072574,1069,1065,0,2024
600,AUD_CAD,2024-10-30 12:00:00,2024-10-30 16:00:00,0.916015,0.9112884922,2024-10-31 16:00:00,0.9111934922,stoploss,-1.020099406,7,2.336820433,-5.078802581,1.9,1.9,0.91551,0.91547,9,16,-0.4993115638,0.1692581572,0.8681318681,0.002363253899,1068,1064,0,2024
601,CAD_CHF,2024-11-01 08:00:00,2024-11-01 12:00:00,0.623215,0.6196243907,2024-12-09 00:00:00,0.6195493907,stoploss,-1.02088782,154,4.880787176,-1.243521526,1.5,1.5,0.62141,0.62065,15,24,-0.8800734652,0.9469144879,0.8138957816,0.001795304668,1071,1067,91,2024
602,GBP_CHF,2024-11-01 08:00:00,2024-11-01 12:00:00,1.120315,1.112492422,2024-11-22 08:00:00,1.112397422,stoploss,-1.012144335,90,2.457629816,-1.236804602,1.9,1.9,1.11771,1.11204,6,21,-1.073814848,0.6366188028,0.8021582734,0.003911288811,1071,1067,25,2024
603,AUD_CAD,2024-11-05 00:00:00,2024-11-05 04:00:00,0.916225,0.9111605152,2024-11-06 04:00:00,0.9110655152,stoploss,-1.018758078,7,2.139408147,-5.012355866,1.9,1.9,0.91551,0.91547,13,20,-0.6318510448,0.2487913489,0.9214876033,0.00253224239,1072,1068,2,2024
604,NZD_CAD,2024-11-05 08:00:00,2024-11-05 12:00:00,0.832855,0.8279436245,2024-11-06 00:00:00,0.8278286245,stoploss,-1.023415029,4,0.8052733977,-5.783512228,2.3,2.3,0.83191,0.82847,13,19,-0.3217021412,0.3379908572,0.7570093458,0.002455687727,1073,1069,0,2024
605,EUR_USD,2024-11-07 12:00:00,2024-11-07 16:00:00,1.079295,1.071259313,2024-11-08 16:00:00,1.071224313,stoploss,-1.00435557,7,0.4075569493,-7.084024226,0.7,0.7,1.07687,1.07611,7,11,-0.5724464021,0.5948464787,0.9513184584,0.004017843402,1075,1071,0,2024
606,GBP_NZD,2024-11-08 00:00:00,2024-11-08 04:00:00,2.157,2.143090249,2024-11-19 12:00:00,2.142850249,stoploss,-1.017254083,45,6.155394231,-1.49822957,4.8,4.8,2.15526,2.13786,5,13,-0.3939682362,0.217113882,0.9486607143,0.006954875414,1075,1071,4,2024
607,EUR_GBP,2024-11-12 16:00:00,2024-11-12 20:00:00,0.83298,0.8292531241,2024-11-22 08:00:00,0.8292131241,stoploss,-1.01073285,46,1.234277734,-2.999831536,0.8,0.8,0.82985,0.82946,10,17,-0.4185811446,1.652858879,0.9747474747,0.001863437974,1078,1074,28,2024
608,AUD_JPY,2024-11-15 20:00:00,2024-11-18 00:00:00,99.702,98.90186957,2024-11-26 16:00:00,98.89736957,stoploss,-1.005624083,41,2.318372033,-5.236646262,0.8,0.9,99.534,99.433,11,22,-0.3049502835,0.5974026046,0.9425587467,0.4000652126,1081,1077,14,2024
609,CHF_JPY,2024-11-18 00:00:00,2024-11-18 04:00:00,174.16,172.9919606,2024-11-22 12:00:00,172.9809606,stoploss,-1.009417491,27,1.669464301,-5.244686313,2.2,2.2,174.069,172.403,5,20,-1.150646165,0.1369816863,0.6168990976,0.5840196758,1081,1077,14,2024
610,EUR_JPY,2024-11-18 08:00:00,2024-11-18 12:00:00,163.548,162.2704103,2024-11-19 08:00:00,162.2654103,stoploss,-1.00391362,6,1.063721805,-5.776502518,1,1,163.2,161.84,6,22,-0.7655039923,0.5369486081,0.9834515366,0.6387948397,1082,1078,2,2024
611,GBP_JPY,2024-11-18 08:00:00,2024-11-18 12:00:00,195.488,193.8320595,2024-11-19 08:00:00,193.8220595,stoploss,-1.006038864,6,2.096089749,-4.47661,2,2,195.368,193.694,12,23,-0.4468759477,0.1328550115,0.8664259928,0.8279702721,1082,1078,1,2024
612,GBP_AUD,2024-11-19 16:00:00,2024-11-19 20:00:00,1.94346,1.934158933,2024-11-21 16:00:00,1.933958933,stoploss,-1.02150291,12,9.324736877,-2.218025156,4,4,1.9424,1.93576,8,20,-0.2322314269,0.1870753161,0.6701030928,0.004650533369,1082,1078,5,2024
613,EUR_NZD,2024-11-22 12:00:00,2024-11-22 16:00:00,1.78543,1.774354708,2025-01-21 12:00:00,1.83809,time_exit,4.754727797,240,6.210219861,-0.6139792826,3.8,3.8,1.78375,1.78326,8,26,-0.5670279257,0.2672615701,0.7883959044,0.005537646133,1086,1082,142,2024
614,CAD_JPY,2024-11-26 08:00:00,2024-11-26 12:00:00,109.209,108.1759553,2024-11-27 04:00:00,108.1699553,stoploss,-1.005808074,5,1.216791482,-3.342546529,1.2,1.2,108.909,107.986,17,26,-0.3368682861,0.5672552175,0.8680297398,0.5165223536,1088,1084,1,2024
615,EUR_AUD,2024-11-26 08:00:00,2024-11-26 12:00:00,1.62021,1.610536869,2025-01-22 12:00:00,1.66207,time_exit,4.327450956,240,6.208951372,-0.451766858,2.4,2.4,1.61483,1.61333,13,27,-0.2708533565,1.085481009,0.9358059914,0.004836565501,1088,1084,138,2024
616,AUD_CHF,2024-11-27 00:00:00,2024-11-27 04:00:00,0.57328,0.5689854597,2024-12-04 04:00:00,0.5689154597,stoploss,-1.016299766,31,0.6892472331,-4.014399425,1.4,1.4,0.57174,0.56572,7,19,-0.274767478,0.7032184608,0.6194690265,0.002147270136,1089,1085,25,2024
617,GBP_AUD,2024-11-27 12:00:00,2024-11-27 16:00:00,1.94939,1.938830431,2025-01-23 16:00:00,1.96431,time_exit,1.412936515,240,7.651827777,-0.3712272882,4,4,1.9424,1.93576,14,26,0.003788033553,1.284143374,0.9602272727,0.005279784279,1088,1084,94,2024
618,AUD_NZD,2024-11-27 20:00:00,2024-11-28 00:00:00,1.100375,1.09505274,2024-12-06 00:00:00,1.09494774,stoploss,-1.01972846,37,1.849777982,-1.286107698,2.1,2.1,1.09944,1.09638,10,20,0.1503120758,1.033395521,0.9362549801,0.002661130172,1089,1085,4,2024
619,USD_CHF,2024-11-27 20:00:00,2024-11-28 00:00:00,0.880425,0.8751480817,2024-12-06 12:00:00,0.8751030817,stoploss,-1.008527705,40,7.51480272,-1.524564062,0.9,0.9,0.88009,0.86117,6,15,0.2311955445,0.7201172699,0.7633136095,0.00263845915,1089,1085,16,2024
620,EUR_GBP,2024-12-04 16:00:00,2024-12-04 20:00:00,0.82865,0.8253482256,2024-12-10 12:00:00,0.8253082256,stoploss,-1.012114698,23,5.663621347,-2.074642044,0.8,0.8,0.82677,0.82597,8,17,0.05451614131,1.114552222,0.6183745583,0.001650887202,1094,1090,6,2024
621,AUD_CAD,2024-12-09 08:00:00,2024-12-09 12:00:00,0.910755,0.9045056246,2024-12-10 16:00:00,0.9044106246,stoploss,-1.015201519,8,0.445644534,-4.140413758,1.9,1.9,0.90667,0.90439,8,17,-0.6816681202,1.286528565,0.877318117,0.003124687714,1096,1092,1,2024
622,NZD_CHF,2024-12-09 08:00:00,2024-12-09 12:00:00,0.515545,0.5111648276,2024-12-10 04:00:00,0.5110798276,stoploss,-1.019405629,5,0.5239519826,-3.010155508,1.7,1.7,0.51486,0.51383,9,27,-1.821846109,0.2602637299,0.8888888889,0.002190086187,1097,1093,1,2024
623,USD_CHF,2024-12-10 08:00:00,2024-12-10 12:00:00,0.880455,0.8756763768,2025-02-05 12:00:00,0.902515,time_exit,4.61639248,240,8.292137445,-0.2144969307,0.9,0.9,0.88009,0.86117,15,24,-1.263962402,0.1339297909,0.8930481283,0.002389311578,1098,1094,139,2024
624,AUD_NZD,2024-12-10 16:00:00,2024-12-10 20:00:00,1.099855,1.095246486,2025-02-06 00:00:00,1.104175,time_exit,0.9373955253,240,2.249098292,-0.5110107551,2.1,2.1,1.09944,1.09638,19,29,-0.4600181745,0.1345336171,0.85625,0.002304256786,1098,1094,154,2024
625,EUR_USD,2024-12-12 16:00:00,2024-12-12 20:00:00,1.050095,1.043809553,2024-12-18 20:00:00,1.043774553,stoploss,-1.005568419,25,0.5353636961,-5.153969372,0.7,0.7,1.04606,1.03316,8,14,0.09545860852,1.272781447,0.6423611111,0.003142723371,1100,1096,13,2024
626,EUR_GBP,2024-12-13 08:00:00,2024-12-13 12:00:00,0.82968,0.8265775149,2024-12-17 08:00:00,0.8265375149,stoploss,-1.01289289,12,5.695434351,-2.401300844,0.8,0.8,0.82677,0.82597,15,24,-0.412572494,1.850129778,0.9116883117,0.001551242531,1101,1097,3,2024
627,AUD_CAD,2024-12-16 20:00:00,2024-12-17 00:00:00,0.906115,0.9009797429,2024-12-18 20:00:00,0.9008847429,stoploss,-1.01849956,12,0.4897515224,-4.1351386,1.9,1.9,0.90667,0.90439,13,22,-0.2414679474,0.2453625918,0.8169934641,0.002567628568,1101,1097,1,2024
628,EUR_GBP,2025-01-01 20:00:00,2025-01-02 00:00:00,0.82615,0.8222682356,2025-02-27 00:00:00,0.82664,time_exit,0.1262312575,240,5.461433996,-0.04894681412,0.8,0.8,0.82557,0.82223,5,9,-1.112895984,0.1906349602,0.8664383562,0.001940882195,1114,1110,74,2025
629,EUR_CAD,2025-01-02 00:00:00,2025-01-02 04:00:00,1.48872,1.48168845,2025-01-02 16:00:00,1.48159845,stoploss,-1.012799454,4,4.091558683,-2.891254363,1.8,1.8,1.4876,1.48217,10,16,-0.4806905925,0.2986539184,0.7965116279,0.003515775067,1115,1111,1,2025
630,GBP_USD,2025-01-02 00:00:00,2025-01-02 04:00:00,1.252045,1.245901036,2025-01-02 12:00:00,1.245856036,stoploss,-1.007324261,3,3.181170831,-6.854694783,0.9,0.9,1.25009,1.24745,5,9,0.03580749976,0.6217484049,0.8612440191,0.003071982147,1115,1111,0,2025
631,GBP_NZD,2025-01-02 20:00:00,2025-01-03 00:00:00,2.21139,2.197836155,2025-01-09 08:00:00,2.197596155,stoploss,-1.017707152,27,2.40227034,-3.20573238,4.8,4.8,2.21236,2.18433,7,13,-0.1933030802,0.1269012588,0.7508650519,0.006776922533,1114,1110,11,2025
632,GBP_CAD,2025-01-06 16:00:00,2025-01-06 20:00:00,1.79811,1.787044961,2025-01-08 08:00:00,1.786904961,stoploss,-1.012652463,10,4.212366398,-4.80160967,2.8,2.8,1.79652,1.79418,9,15,-1.787612258,0.2638942262,0.8444940476,0.005532519681,1116,1112,3,2025
633,USD_CAD,2025-01-06 16:00:00,2025-01-06 20:00:00,1.436445,1.428690026,2025-01-20 16:00:00,1.428625026,stoploss,-1.008381717,60,5.53386752,-2.758874417,1.3,1.3,1.43379,1.39275,4,30,-1.503551096,0.6679583771,0.8436873747,0.003877487114,1117,1113,55,2025
634,EUR_CAD,2025-01-07 08:00:00,2025-01-07 12:00:00,1.4914,1.482358197,2025-01-08 08:00:00,1.482268197,stoploss,-1.009953767,6,3.599945839,-2.544846506,1.8,1.8,1.4876,1.48217,13,19,0.1172332593,0.8184208667,0.7044444444,0.004520901349,1118,1114,0,2025
635,GBP_JPY,2025-01-09 16:00:00,2025-01-09 20:00:00,194.495,192.9015559,2025-01-10 16:00:00,192.8915559,stoploss,-1.006275715,6,0.1763475776,-4.734399022,2,2,194.187,188.075,5,27,-0.3564605838,0.3740325845,0.8302425107,0.7967220301,1120,1116,2,2025
636,AUD_JPY,2025-01-13 20:00:00,2025-01-14 00:00:00,97.206,96.33848965,2025-01-16 20:00:00,96.33398965,stoploss,-1.005187258,18,1.795943995,-6.170531582,0.8,0.9,96.931,95.798,9,17,-0.1498541203,0.7354379132,0.952853598,0.433755174,1122,1118,4,2025
637,EUR_JPY,2025-01-13 20:00:00,2025-01-14 00:00:00,161.242,159.9745864,2025-01-16 04:00:00,159.9695864,stoploss,-1.003945042,14,2.240783927,-5.092260376,1,1,160.891,160.856,7,13,-0.2919331173,0.6201606221,0.9846678024,0.6337067946,1122,1118,6,2025
638,NZD_JPY,2025-01-13 20:00:00,2025-01-14 00:00:00,87.822,87.05057711,2025-01-16 12:00:00,87.04457711,stoploss,-1.007777835,16,1.883532382,-6.061526098,1.2,1.2,87.693,86.718,8,17,-0.7414869393,0.5107445001,0.9545454545,0.3857114466,1122,1118,2,2025
639,CHF_JPY,2025-01-14 08:00:00,2025-01-14 12:00:00,172.432,171.2905291,2025-01-16 00:00:00,171.2795291,stoploss,-1.009636689,10,0.7052304337,-5.755731614,2.2,2.2,172.364,171.261,7,18,-0.8585413975,0.1016232675,0.8191330344,0.5707354374,1122,1118,3,2025
640,USD_JPY,2025-01-15 16:00:00,2025-01-15 20:00:00,156.552,155.3108216,2025-01-16 04:00:00,155.3078216,stoploss,-1.002417058,3,0.1627485614,-8.068139081,0.6,0.6,156.24,156.019,7,11,-0.4995252876,0.4979139157,0.7660891089,0.6205892028,1124,1120,0,2025
641,CAD_JPY,2025-01-16 04:00:00,2025-01-16 08:00:00,108.681,107.795086,2025-01-16 20:00:00,107.789086,stoploss,-1.006772666,4,0.6490472012,-8.249107733,1.2,1.2,108.531,106.792,12,20,-0.6772666447,0.3250879895,0.9269311065,0.4429569983,1125,1121,0,2025
642,EUR_JPY,2025-01-20 08:00:00,2025-01-20 12:00:00,161.07,159.9048837,2025-01-31 00:00:00,159.8998837,stoploss,-1.004291417,52,2.585149657,-5.391736436,1,1,160.891,160.856,12,18,-0.305548897,0.2986826297,0.7537473233,0.5825581494,1127,1123,25,2025
643,AUD_JPY,2025-01-20 12:00:00,2025-01-20 16:00:00,97.5735,96.69371817,2025-01-29 08:00:00,96.68971817,stoploss,-1.004546582,41,1.353176391,-6.548782675,0.9,0.8,96.931,95.798,14,22,-0.1159378344,1.450359575,0.8311218335,0.4398909146,1127,1123,23,2025
644,NZD_JPY,2025-01-20 12:00:00,2025-01-20 16:00:00,88.132,87.3487289,2025-01-30 04:00:00,87.3427289,stoploss,-1.007660183,46,1.459264869,-6.365612106,1.2,1.2,87.693,86.718,13,22,-0.4417372219,1.118386724,0.8791366906,0.3916355503,1127,1123,23,2025
645,CAD_JPY,2025-01-21 20:00:00,2025-01-22 00:00:00,108.39,107.3570195,2025-01-27 12:00:00,107.3510195,stoploss,-1.005808435,22,0.8383507849,-6.792964732,1.2,1.2,108.531,106.792,15,23,-0.1936145,0.160700035,0.7656903766,0.5164902422,1128,1124,16,2025
646,CHF_JPY,2025-01-22 16:00:00,2025-01-22 20:00:00,172.754,171.7351431,2025-01-23 16:00:00,171.7241431,stoploss,-1.010796413,6,0.1697981333,-6.764443555,2.2,2.2,172.364,171.261,13,24,-0.901009748,0.7459339962,0.9733178654,0.5094284507,1128,1124,2,2025
647,USD_JPY,2025-01-22 16:00:00,2025-01-22 20:00:00,156.621,155.4555232,2025-01-24 04:00:00,155.4525232,stoploss,-1.002574054,9,0.1141163882,-8.651395055,0.6,0.6,156.24,156.019,12,16,-0.7344633707,0.6486615751,0.8955555556,0.582738387,1129,1125,2,2025
648,CAD_CHF,2025-01-27 20:00:00,2025-01-28 00:00:00,0.626015,0.6219575178,2025-02-03 00:00:00,0.6218825178,stoploss,-1.018484369,25,3.394962524,-5.068414106,1.5,1.5,0.62588,0.62234,4,21,-0.04929165189,0.91189556,0.9198113208,0.002028741098,1132,1128,22,2025
649,AUD_CHF,2025-01-29 04:00:00,2025-01-29 08:00:00,0.56431,0.5609681109,2025-02-03 00:00:00,0.5608981109,stoploss,-1.020946237,17,3.584798781,-4.461548399,1.4,1.4,0.56354,0.56202,8,12,-0.3231705078,0.4129400933,0.9609375,0.001670944554,1134,1130,14,2025
650,EUR_CHF,2025-02-03 04:00:00,2025-02-03 08:00:00,0.93818,0.9333020218,2025-02-28 04:00:00,0.9332520218,stoploss,-1.010250148,114,5.742133114,-1.020914777,1,1,0.93664,0.93369,11,15,-0.1353019584,0.6109088426,0.8625592417,0.002438989087,1137,1133,48,2025
651,NZD_CHF,2025-02-03 08:00:00,2025-02-03 12:00:00,0.509955,0.5055807734,2025-02-28 00:00:00,0.5054957734,stoploss,-1.019432006,112,1.98320771,-2.616462506,1.7,1.7,0.50853,0.50721,11,16,-0.5120905211,0.6081074939,0.6882022472,0.00218711332,1137,1133,79,2025
652,NZD_USD,2025-02-03 12:00:00,2025-02-03 16:00:00,0.557405,0.5516695995,2025-03-31 16:00:00,0.566915,time_exit,1.658123077,240,4.483557825,-0.5204518806,1.1,1.1,0.5563,0.55412,11,15,-0.3347630187,0.3661470517,0.612804878,0.002867700273,1137,1133,184,2025
653,AUD_CHF,2025-02-03 16:00:00,2025-02-03 20:00:00,0.56465,0.5595776065,2025-02-28 00:00:00,0.5595076065,stoploss,-1.013800191,110,2.294774657,-3.110957396,1.4,1.4,0.56354,0.56202,11,15,-1.013328328,0.4061199135,0.8391608392,0.002536196738,1137,1133,77,2025
654,AUD_USD,2025-02-03 16:00:00,2025-02-03 20:00:00,0.61789,0.6111944834,2025-03-31 20:00:00,0.62409,time_exit,0.9259927687,240,3.435134465,-0.1239635481,1,1,0.61638,0.61309,11,15,-0.740794215,0.4331256499,0.6661016949,0.003347758325,1137,1133,79,2025
655,EUR_NZD,2025-02-06 04:00:00,2025-02-06 08:00:00,1.83353,1.822924639,2025-02-10 00:00:00,1.822734639,stoploss,-1.017915467,11,7.85923263,-1.556759817,3.8,3.8,1.82863,1.82301,9,17,0.03394509594,0.8901158491,0.9869565217,0.00530268055,1139,1135,0,2025
656,NZD_CAD,2025-02-11 00:00:00,2025-02-11 04:00:00,0.808245,0.8028290138,2025-02-12 12:00:00,0.8027140138,stoploss,-1.021233437,9,4.75905941,-4.567035286,2.3,2.3,0.80733,0.79803,5,22,-0.2769578706,0.2954217286,0.670995671,0.002707993091,1143,1139,1,2025
657,EUR_NZD,2025-02-11 16:00:00,2025-02-11 20:00:00,1.83039,1.821717085,2025-02-19 08:00:00,1.821527085,stoploss,-1.021907282,34,17.73567391,-1.54158081,3.8,3.8,1.82863,1.82301,12,20,-0.4196973933,0.345904445,0.890080429,0.004336457717,1142,1138,10,2025
658,EUR_AUD,2025-02-12 08:00:00,2025-02-12 12:00:00,1.65234,1.644519411,2025-02-18 04:00:00,1.644399411,stoploss,-1.015344113,23,26.01466487,-2.127716999,2.4,2.4,1.65182,1.64799,13,19,-1.519067184,0.1022940865,0.9491017964,0.003910294463,1144,1140,5,2025
659,AUD_CAD,2025-02-12 16:00:00,2025-02-12 20:00:00,0.898995,0.8935028932,2025-02-13 12:00:00,0.8934078932,stoploss,-1.017297551,5,2.550023236,-10.00435749,1.9,1.9,0.89374,0.88488,6,23,0.05462384654,1.882701911,0.9227941176,0.002746053409,1143,1139,0,2025
660,NZD_CAD,2025-02-14 08:00:00,2025-02-14 12:00:00,0.808725,0.8032080085,2025-04-04 12:00:00,0.8030930085,stoploss,-1.020844694,211,4.584926426,-4.688243605,2.3,2.3,0.80733,0.79803,8,25,-0.4350197044,0.464021018,0.9575289575,0.002758495737,1146,1142,141,2025
661,USD_CHF,2025-02-17 04:00:00,2025-02-17 08:00:00,0.900405,0.89513686,2025-02-25 12:00:00,0.89509186,stoploss,-1.008541914,38,0.9633380955,-17.17778935,0.9,0.9,0.89949,0.8965,8,15,-0.1252814075,0.330287347,0.701754386,0.002634070024,1147,1143,14,2025
662,CAD_CHF,2025-02-21 00:00:00,2025-02-21 04:00:00,0.633965,0.6309517336,2025-02-21 20:00:00,0.6308767336,stoploss,-1.024889933,5,0.2771079225,-16.88698998,1.5,1.5,0.63224,0.61873,4,14,-0.1526582567,1.095157059,0.9038461538,0.001506633215,1151,1147,2,2025
663,CAD_JPY,2025-02-24 04:00:00,2025-02-24 08:00:00,105.263,104.4279686,2025-02-25 16:00:00,104.4219686,stoploss,-1.007185358,9,0.7209309565,-4.658507343,1.2,1.2,105.106,104.908,10,15,0.02155607511,0.361663038,0.6826923077,0.4175157098,1152,1148,1,2025
664,CHF_JPY,2025-02-28 04:00:00,2025-02-28 08:00:00,166.62,165.3660603,2025-04-25 08:00:00,172.691,time_exit,4.841540698,240,7.867204577,-0.432237697,2.2,2.2,165.89,165.87,4,15,-0.04465924545,1.145190651,0.9336670839,0.6269698406,1155,1151,183,2025
665,GBP_JPY,2025-02-28 04:00:00,2025-02-28 08:00:00,188.579,186.8850275,2025-04-07 00:00:00,186.8750275,stoploss,-1.005903283,155,4.363707078,-2.482920992,2,2,188.127,186.951,5,14,-0.5454633848,0.5218502512,0.9426485923,0.8469862742,1156,1152,117,2025
666,EUR_USD,2025-02-28 12:00:00,2025-02-28 16:00:00,1.040755,1.035248801,2025-04-25 16:00:00,1.135185,time_exit,17.14976128,240,21.17340801,-0.8690205202,0.7,0.7,1.04007,1.02792,7,14,-0.3051106529,0.236097529,0.6182572614,0.002753099546,1156,1152,215,2025
667,EUR_JPY,2025-03-03 08:00:00,2025-03-03 12:00:00,156.76,155.2153996,2025-04-28 12:00:00,162.832,time_exit,3.931113884,240,4.809010858,-0.756830061,1,1,155.808,155.519,6,15,0.1320729961,1.222322631,0.9386845039,0.7723001902,1157,1153,65,2025
668,NZD_CHF,2025-03-05 16:00:00,2025-03-05 20:00:00,0.508865,0.5047276314,2025-03-07 04:00:00,0.5046426314,stoploss,-1.020544459,9,1.207289089,-10.93086067,1.7,1.7,0.50846,0.50575,15,22,-1.450197104,0.1546876911,0.8997289973,0.002068684314,1159,1155,2,2025
669,AUD_NZD,2025-03-07 04:00:00,2025-03-07 08:00:00,1.102995,1.099312649,2025-03-07 12:00:00,1.099207649,stoploss,-1.02851439,2,0.6476840067,-10.31270447,2.1,2.1,1.10219,1.09835,20,27,-0.2824282461,0.3747605573,0.6237113402,0.001841175616,1161,1157,0,2025
670,GBP_CHF,2025-03-10 12:00:00,2025-03-10 16:00:00,1.134395,1.126941575,2025-04-03 16:00:00,1.126846575,stoploss,-1.012745817,109,1.891076816,-9.833733609,1.9,1.9,1.1298,1.12811,4,8,0.1636831299,1.207498499,0.8983833718,0.003726712707,1162,1158,103,2025
671,GBP_NZD,2025-03-19 08:00:00,2025-03-19 12:00:00,2.24237,2.231461285,2025-03-20 00:00:00,2.231221285,stoploss,-1.022000759,4,8.538127856,-2.622673802,4.8,4.8,2.24112,2.19075,9,22,-1.538219727,0.1796728645,0.9915343915,0.0054543573,1168,1164,2,2025
672,AUD_CAD,2025-03-20 20:00:00,2025-03-21 00:00:00,0.901875,0.8965986722,2025-03-31 12:00:00,0.8965036722,stoploss,-1.018004947,40,0.5012956212,-10.95932677,1.9,1.9,0.90234,0.89514,5,14,-0.4169566604,0.1781542094,0.8579234973,0.002638163878,1169,1165,28,2025
673,EUR_GBP,2025-03-21 00:00:00,2025-03-21 04:00:00,0.8372,0.8341683932,2025-03-25 16:00:00,0.8341283932,stoploss,-1.013194323,16,12.06950708,-1.873593884,0.8,0.8,0.83691,0.82413,5,15,-0.4618013095,0.1649290391,0.7723577236,0.001515803411,1171,1167,3,2025
674,GBP_CAD,2025-03-24 20:00:00,2025-03-25 00:00:00,1.84915,1.839943781,2025-03-26 08:00:00,1.839803781,stoploss,-1.015207111,9,2.190910272,-5.553854349,2.8,2.8,1.84781,1.76765,4,29,-0.1781404485,0.5192142341,0.8605898123,0.004603109551,1171,1167,5,2025
675,USD_CAD,2025-03-26 12:00:00,2025-03-26 16:00:00,1.426855,1.421018926,2025-04-03 08:00:00,1.420953926,stoploss,-1.011137625,35,2.516246477,-8.881827453,1.3,1.3,1.425,1.42358,6,14,-0.1884828822,0.6134261075,0.8540145985,0.002918036872,1174,1170,24,2025
676,EUR_AUD,2025-03-26 16:00:00,2025-03-26 20:00:00,1.71147,1.702563744,2025-05-21 20:00:00,1.7543,time_exit,4.808978957,240,16.20433909,-0.721964387,2.4,2.4,1.70848,1.6357,7,24,-0.4783154415,0.6422451468,0.9105839416,0.00445312824,1174,1170,55,2025
677,AUD_JPY,2025-03-31 16:00:00,2025-03-31 20:00:00,93.559,92.68817415,2025-04-03 00:00:00,92.68417415,stoploss,-1.004593341,14,2.398872301,-8.636629286,0.8,0.8,93.137,91.812,6,14,-0.2204803647,0.9600082546,0.798136646,0.4354129228,1177,1173,12,2025
678,EUR_GBP,2025-03-31 16:00:00,2025-03-31 20:00:00,0.83773,0.8344498798,2025-04-02 12:00:00,0.8344098798,stoploss,-1.012194675,11,10.99349948,-1.664573133,0.8,0.8,0.83691,0.82413,11,21,-1.04264471,0.4755923237,0.9880952381,0.001640060113,1177,1173,0,2025
679,AUD_CHF,2025-04-01 04:00:00,2025-04-01 08:00:00,0.55352,0.5494178413,2025-04-03 00:00:00,0.5493478413,stoploss,-1.017064186,11,1.340757505,-13.11017066,1.4,1.4,0.55199,0.5494,6,15,-0.7898280575,0.7118203481,0.9808917197,0.002051079326,1178,1174,9,2025
680,NZD_JPY,2025-04-01 16:00:00,2025-04-01 20:00:00,85.179,84.3718107,2025-04-03 00:00:00,84.3658107,stoploss,-1.007433201,8,3.152915937,-6.655192305,1.2,1.2,85.031,83.305,8,15,-0.7854415341,0.3518381636,0.7050691244,0.4035946486,1178,1174,6,2025
681,AUD_CAD,2025-04-02 12:00:00,2025-04-02 16:00:00,0.903175,0.8984300487,2025-04-02 20:00:00,0.8983350487,stoploss,-1.02002128,2,0.2834591764,-12.46061249,1.9,1.9,0.90234,0.89514,14,23,-0.1686002536,0.2950504438,0.7333333333,0.002372475672,1178,1174,1,2025
682,NZD_USD,2025-04-03 00:00:00,2025-04-03 04:00:00,0.573415,0.5682508538,2025-04-04 08:00:00,0.5681958538,stoploss,-1.010650357,8,5.763779463,-4.828484492,1.1,1.1,0.57087,0.56774,8,17,-1.034052825,0.9643413985,0.8730964467,0.002582073116,1180,1176,3,2025
683,CAD_CHF,2025-04-03 16:00:00,2025-04-03 20:00:00,0.611745,0.606482219,2025-04-04 04:00:00,0.606407219,stoploss,-1.01425102,3,0.1206586397,-5.735560694,1.5,1.5,0.61082,0.60545,10,17,-0.8360598659,0.3192228579,0.7755102041,0.002631390514,1180,1176,0,2025
684,EUR_CHF,2025-04-03 20:00:00,2025-04-04 00:00:00,0.94865,0.941757268,2025-04-04 08:00:00,0.941707268,stoploss,-1.007254018,3,0.1987600851,-3.970849292,1,1,0.94873,0.9332,5,24,-0.5948294519,0.2205221383,0.6803874092,0.003446366002,1180,1176,0,2025
685,CAD_JPY,2025-04-04 00:00:00,2025-04-04 04:00:00,103.787,102.5066918,2025-04-04 12:00:00,102.5006918,stoploss,-1.004686372,3,1.930004072,-1.979210974,1.2,1.2,103.143,101.373,11,18,0.2483776992,1.004445664,0.6759776536,0.6401540899,1181,1177,0,2025
686,GBP_USD,2025-04-07 00:00:00,2025-04-07 04:00:00,1.291045,1.278245972,2025-04-07 16:00:00,1.278200972,stoploss,-1.003515892,4,5.337514641,-1.581760725,0.9,0.9,1.28701,1.25591,7,26,-0.8063112215,0.6250474586,0.7937608319,0.006399514061,1182,1178,1,2025
687,CAD_JPY,2025-04-09 20:00:00,2025-04-10 00:00:00,104.878,102.8050654,2025-04-11 00:00:00,102.7990654,stoploss,-1.002894447,7,0.6657228946,-1.748728618,1.2,1.2,103.143,101.373,14,21,-1.151025237,1.640186842,0.9210442534,1.036467283,1184,1180,0,2025
688,GBP_NZD,2025-04-10 08:00:00,2025-04-10 12:00:00,2.26849,2.230478429,2025-04-15 04:00:00,2.230238429,stoploss,-1.006313867,17,0.2341392333,-1.439824746,4.8,4.8,2.24992,2.23955,5,11,0.1362742953,0.9644431789,0.7516714422,0.01900578531,1184,1180,0,2025
689,GBP_USD,2025-04-10 12:00:00,2025-04-10 16:00:00,1.292575,1.27971816,2025-06-05 16:00:00,1.357855,time_exit,5.077452818,240,5.374182023,-0.2617283813,0.9,0.9,1.28701,1.25591,10,29,-0.1446700711,0.8509089128,0.6618407446,0.006428420149,1185,1181,240,2025
690,EUR_NZD,2025-04-23 08:00:00,2025-04-23 12:00:00,1.90653,1.88981344,2025-05-06 16:00:00,1.88962344,stoploss,-1.011365975,56,1.189239904,-1.546370801,3.8,3.8,1.89958,1.87143,4,19,-0.1375881177,0.8099752666,0.7674418605,0.008358279912,1193,1189,30,2025
691,GBP_AUD,2025-04-23 16:00:00,2025-04-23 20:00:00,2.08191,2.064383766,2025-05-02 12:00:00,2.064183766,stoploss,-1.011411464,41,1.22844414,-1.934813785,4,4,2.07119,2.04776,5,15,-0.3320736134,1.201627199,0.7859649123,0.00876311722,1193,1189,23,2025
692,EUR_GBP,2025-04-25 04:00:00,2025-04-25 08:00:00,0.85311,0.8488492236,2025-04-29 04:00:00,0.8488092236,stoploss,-1.00938796,12,0.7838946985,-4.133049593,0.8,0.8,0.85193,0.83227,7,16,0.07040970346,0.5304197661,0.9245283019,0.00213038818,1196,1192,0,2025
693,EUR_USD,2025-05-01 08:00:00,2025-05-01 12:00:00,1.132025,1.124383208,2025-05-08 16:00:00,1.124348208,stoploss,-1.004580078,32,5.566103132,-3.336259535,0.7,0.7,1.13077,1.0733,6,25,-0.5312890258,0.3219140403,0.7442922374,0.003820895786,1200,1196,7,2025
694,EUR_GBP,2025-05-02 08:00:00,2025-05-02 12:00:00,0.85253,0.8487833013,2025-05-06 12:00:00,0.8487433013,stoploss,-1.010676065,13,1.315825064,-4.545334856,0.8,0.8,0.85193,0.83227,12,21,-1.558705553,0.298929832,0.8900255754,0.001873349328,1201,1197,1,2025
695,EUR_CAD,2025-05-05 12:00:00,2025-05-05 16:00:00,1.56908,1.559615271,2025-05-12 00:00:00,1.559525271,stoploss,-1.009508988,27,4.249461211,-2.195519741,1.8,1.8,1.56672,1.54057,8,18,-0.7311355441,0.4796756315,0.9711864407,0.004732364646,1202,1198,24,2025
696,EUR_JPY,2025-05-06 16:00:00,2025-05-06 20:00:00,161.985,160.9932611,2025-07-01 20:00:00,169.057,time_exit,7.130908878,240,7.940597768,-0.9195968463,1,1,161.675,160.975,4,10,-0.1693994191,0.6150812239,0.7150735294,0.4958694691,1203,1199,234,2025
697,USD_CHF,2025-05-07 20:00:00,2025-05-08 00:00:00,0.822485,0.8148674237,2025-06-12 08:00:00,0.8148224237,stoploss,-1.005907391,153,3.303544186,-4.634676236,0.9,0.9,0.81939,0.80392,6,12,-0.2310446162,1.12109149,0.8714043993,0.003808788166,1204,1200,17,2025
698,NZD_USD,2025-05-09 04:00:00,2025-05-09 08:00:00,0.589865,0.5844636222,2025-07-04 08:00:00,0.607175,time_exit,3.204737896,240,4.109136777,-0.9747513011,1.1,1.1,0.58934,0.54848,6,22,-0.8294180112,0.177732431,0.9679715302,0.00270068888,1206,1202,223,2025
699,AUD_USD,2025-05-12 20:00:00,2025-05-13 00:00:00,0.63613,0.6304211703,2025-07-08 00:00:00,0.64866,time_exit,2.194845658,240,4.013081726,-0.04028846779,1,1,0.63558,0.63437,8,12,0.0280267602,0.564038549,0.7766497462,0.002854414832,1207,1203,212,2025
700,NZD_JPY,2025-05-16 04:00:00,2025-05-16 08:00:00,85.798,85.02275295,2025-05-22 00:00:00,85.01675295,stoploss,-1.007739468,23,3.63884001,-1.545313836,1.2,1.2,85.246,84.208,6,13,-0.4746873887,1.406003407,0.9067164179,0.3876235274,1211,1207,10,2025
701,CAD_CHF,2025-05-21 08:00:00,2025-05-21 12:00:00,0.594245,0.5896477944,2025-06-24 00:00:00,0.5895727944,stoploss,-1.016314258,142,1.795656031,-3.677233822,1.5,1.5,0.59283,0.59158,11,16,-0.6351684568,0.5873132991,0.8413173653,0.002298602811,1214,1210,73,2025
702,NZD_CHF,2025-05-22 16:00:00,2025-05-22 20:00:00,0.489475,0.4855556765,2025-06-13 00:00:00,0.4854706765,stoploss,-1.021687416,92,2.28483309,-3.874393129,1.7,1.7,0.48757,0.48519,10,16,0.1990139375,0.9287317083,0.7333333333,0.001959661745,1215,1211,79,2025
703,AUD_CAD,2025-05-23 00:00:00,2025-05-23 04:00:00,0.888965,0.883872383,2025-05-30 16:00:00,0.883777383,stoploss,-1.018654456,34,2.602787523,-2.019590319,1.9,1.9,0.88734,0.87972,11,17,-0.04319979292,0.6087243548,0.9822485207,0.002546308502,1215,1211,6,2025
704,NZD_CAD,2025-05-23 00:00:00,2025-05-23 04:00:00,0.817895,0.8130589114,2025-06-23 12:00:00,0.8129439114,stoploss,-1.023779548,129,3.115120742,-1.434010113,2.3,2.3,0.81663,0.81528,8,16,-0.3680660419,0.475590953,1,0.002418044315,1216,1212,41,2025
705,CAD_JPY,2025-05-23 16:00:00,2025-05-23 20:00:00,103.861,103.0303695,2025-07-18 20:00:00,108.331,time_exit,5.381454177,240,5.877462929,-0.3996963729,1.2,1.2,103.227,102.496,12,18,0.146876378,1.51451216,0.9514237856,0.4153152524,1216,1212,224,2025
706,USD_JPY,2025-05-26 08:00:00,2025-05-26 12:00:00,142.901,141.8019679,2025-07-21 12:00:00,147.891,time_exit,4.540358644,240,5.716848369,-0.7188142944,0.6,0.6,142.338,141.961,13,19,0.2474904912,1.020898276,0.9423503326,0.5495160615,1217,1213,220,2025
707,EUR_CAD,2025-05-29 08:00:00,2025-05-29 12:00:00,1.55903,1.55052337,2025-07-24 12:00:00,1.59939,time_exit,4.744534691,240,6.105825864,-0.1974930199,1.8,1.8,1.55781,1.5483,4,13,-0.4937325497,0.2633240265,0.7834549878,0.00425331488,1220,1216,140,2025
708,AUD_CHF,2025-05-30 00:00:00,2025-05-30 04:00:00,0.52996,0.5255911503,2025-06-13 00:00:00,0.5255211503,stoploss,-1.016022524,60,1.670920397,-3.08090254,1.4,1.4,0.529,0.52745,5,16,-0.3204504871,0.3936963127,0.7323943662,0.002184424828,1221,1217,47,2025
709,GBP_CHF,2025-06-02 00:00:00,2025-06-02 04:00:00,1.108475,1.101645292,2025-06-13 00:00:00,1.101550292,stoploss,-1.013909819,54,1.030058713,-6.184012759,1.9,1.9,1.10385,1.09104,8,19,0.07613795749,1.329485873,0.9816513761,0.003414853886,1222,1218,21,2025
710,GBP_CAD,2025-06-02 08:00:00,2025-06-02 12:00:00,1.85474,1.846506235,2025-06-10 16:00:00,1.846366235,stoploss,-1.017003157,38,3.447997388,-2.923328535,2.8,2.8,1.85397,1.82748,5,20,-0.7967193682,0.1530284152,0.9399038462,0.00411688247,1221,1217,3,2025
711,AUD_CAD,2025-06-04 12:00:00,2025-06-04 16:00:00,0.889475,0.8846875601,2025-06-13 00:00:00,0.8845925601,stoploss,-1.019843591,39,2.66217443,-2.254858609,1.9,1.9,0.88734,0.87972,19,25,-0.06266397245,0.8647628198,0.8951612903,0.002393719934,1223,1219,21,2025
712,GBP_AUD,2025-06-09 00:00:00,2025-06-09 04:00:00,2.08217,2.072961815,2025-06-10 08:00:00,2.072761815,stoploss,-1.021719807,8,2.327277284,-4.497085969,4,4,2.07837,2.05107,10,19,0.123802898,0.7840850204,0.6831460674,0.004604092549,1226,1222,0,2025
713,EUR_NZD,2025-06-09 12:00:00,2025-06-09 16:00:00,1.88734,1.877472389,2025-08-04 16:00:00,1.95547,time_exit,6.90440657,240,8.153949106,-0.4742789189,3.8,3.8,1.88389,1.88068,7,18,0.1662003049,0.6627743867,0.7608695652,0.004933805629,1226,1222,184,2025
714,GBP_NZD,2025-06-09 12:00:00,2025-06-09 16:00:00,2.24099,2.230405756,2025-06-10 12:00:00,2.230165756,stoploss,-1.022675215,6,3.119731698,-1.72426116,4.8,4.8,2.23747,2.21785,4,23,0.1643953106,0.6084516092,0.6233421751,0.005292121758,1226,1222,3,2025
715,NZD_CHF,2025-06-13 16:00:00,2025-06-13 20:00:00,0.489885,0.4853786781,2025-06-23 00:00:00,0.4852936781,stoploss,-1.01886239,32,1.015240396,-4.097576813,1.7,1.7,0.4888,0.48741,10,16,-0.3151128662,0.4393827289,0.8133971292,0.002253160934,1231,1227,11,2025
716,GBP_CHF,2025-06-16 16:00:00,2025-06-16 20:00:00,1.104625,1.097452422,2025-06-17 20:00:00,1.097357422,stoploss,-1.013244889,7,0.211221126,-5.453408807,1.9,1.9,1.10411,1.10385,10,18,-0.9341132304,0.1199011012,0.9402985075,0.003586288997,1232,1228,0,2025
717,GBP_AUD,2025-06-16 20:00:00,2025-06-17 00:00:00,2.07779,2.065391253,2025-06-18 16:00:00,2.065191253,stoploss,-1.016130662,11,2.081661988,-2.986592151,4,4,2.07837,2.05107,15,24,-0.1532412932,0.5000505356,0.9688995215,0.006199373422,1231,1227,0,2025
718,GBP_NZD,2025-06-16 20:00:00,2025-06-17 00:00:00,2.23684,2.223202525,2025-06-18 20:00:00,2.222962525,stoploss,-1.017598566,12,2.725577945,-1.033915766,4.8,4.8,2.23747,2.21785,9,28,0.03226403809,0.3886350043,0.616751269,0.006818737301,1231,1227,0,2025
719,GBP_USD,2025-06-19 20:00:00,2025-06-20 00:00:00,1.345835,1.337700102,2025-06-23 12:00:00,1.337655102,stoploss,-1.005531722,10,4.062128195,-3.963786462,0.9,0.9,1.34561,1.34151,7,15,-0.7818167747,0.3294448044,0.9804772234,0.004067449181,1235,1231,3,2025
720,EUR_CHF,2025-07-01 00:00:00,2025-07-01 04:00:00,0.93431,0.9302602491,2025-07-09 20:00:00,0.9302102491,stoploss,-1.012346439,41,2.528550606,-1.982838024,1,1,0.93326,0.93069,4,12,0.06914005564,0.4790418141,0.6014492754,0.002024875431,1243,1239,31,2025
721,GBP_USD,2025-07-08 16:00:00,2025-07-08 20:00:00,1.357865,1.349985805,2025-07-11 12:00:00,1.349940805,stoploss,-1.005711243,17,0.5247997836,-5.619228638,0.9,0.9,1.3562,1.33701,4,11,-0.9290288793,0.4137478342,0.9264448336,0.003939597661,1248,1244,5,2025
722,NZD_CAD,2025-07-15 00:00:00,2025-07-15 04:00:00,0.819095,0.8149051125,2025-07-16 00:00:00,0.8147901125,stoploss,-1.027447038,6,1.600281648,-3.390305862,2.3,2.3,0.81693,0.81143,4,16,0.01432019371,0.9785465705,0.8347107438,0.002094943728,1253,1249,2,2025
723,GBP_AUD,2025-07-17 08:00:00,2025-07-17 12:00:00,2.07195,2.059923831,2025-07-18 12:00:00,2.059723831,stoploss,-1.0166304,7,2.370663481,-2.593510837,4,4,2.06858,2.05875,11,20,-1.092617262,0.5271836712,0.9240986717,0.006013084572,1254,1250,0,2025
724,AUD_USD,2025-07-17 20:00:00,2025-07-18 00:00:00,0.64759,0.6426533838,2025-07-30 20:00:00,0.6426033838,stoploss,-1.010128395,54,3.899432152,-1.284280511,1,1,0.64853,0.63725,8,18,-0.1458488909,0.1174893843,0.619047619,0.002468308109,1255,1251,26,2025
725,NZD_CAD,2025-07-18 08:00:00,2025-07-18 12:00:00,0.818825,0.8143594317,2025-07-22 00:00:00,0.8142444317,stoploss,-1.025752601,10,1.85754633,-3.120543473,2.3,2.3,0.81693,0.81143,7,19,0.1254039717,0.7972109627,0.8875739645,0.002232784148,1256,1252,1,2025
726,GBP_JPY,2025-07-22 16:00:00,2025-07-22 20:00:00,198.092,196.9661325,2025-07-31 04:00:00,196.9561325,stoploss,-1.00888204,39,2.354628814,-2.728562699,2,2,197.927,195.345,4,14,-0.9024152677,0.2735668331,0.9207232267,0.5629337381,1258,1254,22,2025
727,NZD_JPY,2025-07-22 16:00:00,2025-07-22 20:00:00,87.872,87.29202617,2025-08-01 16:00:00,87.28602617,stoploss,-1.010345294,48,2.050092485,-4.00362889,1.2,1.2,87.546,87.022,4,14,-0.3758790259,1.100049626,0.9106382979,0.2899869173,1258,1254,20,2025
728,GBP_NZD,2025-07-23 16:00:00,2025-07-23 20:00:00,2.24963,2.238057446,2025-07-24 08:00:00,2.237817446,stoploss,-1.020738724,4,6.214704222,-1.748965704,4.8,4.8,2.24018,2.23704,6,14,0.09850893789,1.591697049,0.9829351536,0.005786276984,1258,1254,0,2025
729,USD_CHF,2025-07-24 12:00:00,2025-07-24 16:00:00,0.795455,0.7908506238,2025-09-16 12:00:00,0.7908056238,stoploss,-1.009773311,228,4.707478059,-2.72458188,0.9,0.9,0.79463,0.79192,6,10,-0.3561828843,0.3388081095,0.7692307692,0.002302188107,1260,1256,35,2025
730,CAD_CHF,2025-07-28 00:00:00,2025-07-28 04:00:00,0.580595,0.5773258841,2025-09-05 16:00:00,0.5772508841,stoploss,-1.022941982,178,2.840217399,-3.228701632,1.5,1.5,0.57835,0.57734,12,18,0.1590644101,1.321458176,0.8597285068,0.001634557975,1262,1258,65,2025
731,EUR_JPY,2025-07-29 16:00:00,2025-07-29 20:00:00,171.46,170.4074723,2025-07-31 00:00:00,170.4024723,stoploss,-1.004750469,8,2.887334873,-1.655063293,1,1,171.357,170.801,5,12,-0.5947586806,0.1843181854,0.7869481766,0.5262638616,1263,1259,1,2025
732,GBP_NZD,2025-07-29 20:00:00,2025-07-30 00:00:00,2.24021,2.229620078,2025-09-24 00:00:00,2.3083,time_exit,6.429697974,240,7.680887548,-0.3824390776,4.8,4.8,2.24018,2.23704,10,18,-0.1850816277,0.2946197338,0.6755319149,0.005294960998,1262,1258,92,2025
733,EUR_USD,2025-07-30 00:00:00,2025-07-30 04:00:00,1.156785,1.149923239,2025-07-30 12:00:00,1.149888239,stoploss,-1.005100731,3,5.113118808,-2.58752813,0.7,0.7,1.15563,1.14461,9,29,-0.3759967657,0.3235321007,0.9795918367,0.003430880576,1264,1260,0,2025
734,EUR_GBP,2025-07-30 16:00:00,2025-07-30 20:00:00,0.86392,0.8600896886,2025-08-14 08:00:00,0.8600496886,stoploss,-1.010443015,64,2.777842047,-1.133067151,0.8,0.8,0.86313,0.85944,8,16,-0.678795989,0.3916130706,0.8070866142,0.001915155689,1264,1260,33,2025
735,AUD_CAD,2025-07-31 00:00:00,2025-07-31 04:00:00,0.890985,0.8861368163,2025-09-25 04:00:00,0.915705,time_exit,5.098816666,240,6.543687651,-0.4548094963,1.9,1.9,0.88952,0.88763,6,10,-0.2557658846,0.548659075,0.7677165354,0.002424091865,1264,1260,185,2025
736,NZD_USD,2025-07-31 04:00:00,2025-07-31 08:00:00,0.592665,0.5884298574,2025-08-01 00:00:00,0.5883748574,stoploss,-1.012986576,5,1.906665411,-2.997537758,1.1,1.1,0.5904,0.58828,10,28,-0.2927882489,1.043648436,0.9929824561,0.002117571324,1265,1261,0,2025
737,AUD_NZD,2025-08-01 00:00:00,2025-08-01 04:00:00,1.091895,1.088589664,2025-09-26 04:00:00,1.133825,time_exit,12.68554916,240,13.0198571,-0.2435456016,2.1,2.1,1.08935,1.07614,9,24,-0.3872526336,1.476400666,0.8555555556,0.001652667908,1266,1262,239,2025
738,NZD_CAD,2025-08-01 12:00:00,2025-08-01 16:00:00,0.816965,0.8122973609,2025-08-05 00:00:00,0.8121823609,stoploss,-1.024637723,9,2.175618061,-3.319665373,2.3,2.3,0.81299,0.81096,7,11,-0.3684946396,1.653941057,0.8613138686,0.002333819566,1266,1262,0,2025
739,AUD_CHF,2025-08-04 00:00:00,2025-08-04 04:00:00,0.52217,0.5176377928,2025-08-20 16:00:00,0.5175677928,stoploss,-1.015445013,76,1.937245924,-1.482721254,1.4,1.4,0.51734,0.5165,8,19,0.08825721749,2.091696054,0.9912663755,0.00226610362,1267,1263,33,2025
740,AUD_JPY,2025-08-04 04:00:00,2025-08-04 08:00:00,95.735,95.04145894,2025-08-04 16:00:00,95.03745894,stoploss,-1.005767503,3,3.875761904,-1.930671573,0.8,0.8,95.623,93.956,9,24,-0.1874438421,0.3143289044,0.6718146718,0.3467705275,1267,1263,0,2025
741,CAD_JPY,2025-08-04 04:00:00,2025-08-04 08:00:00,107.23,106.4542154,2025-08-14 04:00:00,106.4482154,stoploss,-1.007734106,48,1.038948185,-1.658965651,1.2,1.2,107.184,106.573,9,16,-0.3093642239,0.103121408,0.6177606178,0.3878922989,1267,1263,35,2025
742,USD_JPY,2025-08-14 12:00:00,2025-08-14 16:00:00,146.956,146.0381697,2025-09-17 20:00:00,146.0351697,stoploss,-1.003268578,146,6.841134261,-1.610319547,0.6,0.6,146.62,145.851,7,15,-0.4270942237,0.7234453176,0.7764705882,0.4589151272,1275,1271,82,2025
743,AUD_CHF,2025-08-21 16:00:00,2025-08-21 20:00:00,0.51906,0.5157522849,2025-10-16 00:00:00,0.5156822849,stoploss,-1.021162645,236,3.594626388,-1.750453052,1.4,1.4,0.51754,0.51734,13,21,0,0.8646452034,0.7647058824,0.001653857553,1280,1276,92,2025
744,AUD_USD,2025-08-22 16:00:00,2025-08-22 20:00:00,0.64887,0.6447290179,2025-10-14 12:00:00,0.6446790179,stoploss,-1.012074431,221,5.278941017,-1.173634645,1,1,0.64817,0.64188,8,15,-2.936501499,0.3139351932,0.8381070984,0.002070491025,1281,1277,108,2025
745,USD_CAD,2025-08-29 04:00:00,2025-08-29 08:00:00,1.375365,1.371231433,2025-10-24 08:00:00,1.401105,time_exit,6.227067037,240,7.895117822,-0.7753593571,1.3,1.3,1.37442,1.37215,11,16,0.03870748741,0.4306207974,0.6639344262,0.002066783596,1286,1282,193,2025
746,GBP_CHF,2025-08-29 12:00:00,2025-08-29 16:00:00,1.080115,1.075128316,2025-09-02 12:00:00,1.075033316,stoploss,-1.019050737,12,1.156078913,-4.571174124,1.9,1.9,1.07923,1.06551,6,20,-0.3689826887,0.3168438305,0.7037037037,0.002493341905,1286,1282,6,2025
747,GBP_JPY,2025-08-29 12:00:00,2025-08-29 16:00:00,198.295,197.4642706,2025-10-24 16:00:00,203.739,time_exit,6.553276857,240,8.455219809,-0.9870843171,2,2,197.845,195.02,7,19,0.219084568,1.056902476,0.9015544041,0.415364719,1286,1282,167,2025
748,GBP_USD,2025-09-02 20:00:00,2025-09-03 00:00:00,1.338645,1.330761253,2025-10-09 16:00:00,1.330716253,stoploss,-1.005707945,161,4.312035716,-1.766292024,0.9,0.9,1.33903,1.31359,7,22,-0.3932140232,0.1040114513,0.9245283019,0.003941873658,1288,1284,65,2025
749,EUR_AUD,2025-09-03 20:00:00,2025-09-04 00:00:00,1.7815,1.774180776,2025-09-10 04:00:00,1.774060776,stoploss,-1.01639518,26,4.750503542,-3.326855371,2.4,2.4,1.781,1.76733,16,24,-0.1420915641,0.3524963802,0.7479338843,0.003659612049,1289,1285,10,2025
750,GBP_CHF,2025-09-03 20:00:00,2025-09-04 00:00:00,1.079055,1.073228109,2025-09-09 00:00:00,1.073133109,stoploss,-1.016303721,19,0.7937338007,-4.979499725,1.9,1.9,1.07923,1.06551,9,23,0,0.5903663296,0.86,0.002913445286,1289,1285,5,2025
751,NZD_CHF,2025-09-08 00:00:00,2025-09-08 04:00:00,0.470335,0.4671940366,2025-09-18 00:00:00,0.4671090366,stoploss,-1.027061761,48,1.746279494,-6.416821002,1.7,1.7,0.46783,0.467,7,12,-0.6876870933,1.534561014,0.9064935065,0.001570481707,1292,1288,23,2025
752,EUR_NZD,2025-09-08 16:00:00,2025-09-08 20:00:00,1.97897,1.969667516,2025-09-10 04:00:00,1.969477516,stoploss,-1.020424652,9,7.489397402,-1.8371437,3.8,3.8,1.9781,1.95132,6,20,-0.5933898904,0.1440475458,0.8661616162,0.004651242033,1291,1287,2,2025
753,EUR_CHF,2025-09-09 00:00:00,2025-09-09 04:00:00,0.93295,0.929814741,2025-09-18 00:00:00,0.929764741,stoploss,-1.015947646,42,1.377876576,-3.958205626,1,1,0.9318,0.92628,9,28,0.1722345719,0.695317346,0.6666666667,0.001567629524,1293,1289,27,2025
754,GBP_AUD,2025-09-10 08:00:00,2025-09-10 12:00:00,2.04953,2.042102178,2025-09-11 16:00:00,2.041902178,stoploss,-1.026925795,8,4.773943432,-7.035710201,4,4,2.04845,2.0453,5,24,-0.4577385129,0.2369469949,0.7049180328,0.003713910785,1293,1289,0,2025
755,EUR_NZD,2025-09-16 16:00:00,2025-09-16 20:00:00,1.98224,1.973648285,2025-11-11 20:00:00,2.04867,time_exit,7.731867517,240,9.523128108,-0.5610055913,3.8,3.8,1.9781,1.95132,12,26,-0.5260882309,0.921818316,0.8748241913,0.004295857363,1297,1293,227,2025
756,GBP_AUD,2025-09-17 16:00:00,2025-09-17 20:00:00,2.05066,2.042347052,2025-09-19 08:00:00,2.042147052,stoploss,-1.024058854,10,4.129702315,-6.422511116,4,4,2.04845,2.0453,10,29,-1.174072083,0.4859888538,0.9236947791,0.004156473927,1298,1294,3,2025
757,CAD_JPY,2025-09-17 20:00:00,2025-09-18 00:00:00,106.624,106.0429951,2025-10-01 04:00:00,106.0369951,stoploss,-1.010326936,56,6.893229724,-2.457810748,1.2,1.2,106.007,105.943,6,20,-0.120480919,2.536983924,0.9922879177,0.2905024321,1299,1295,34,2025
758,NZD_JPY,2025-09-19 08:00:00,2025-09-19 12:00:00,86.892,86.31104982,2025-09-24 00:00:00,86.30604982,stoploss,-1.00860659,16,3.318701096,-3.048454171,1,1,86.623,85.55,10,22,-0.4854116748,0.9054132658,0.9505882353,0.2904750901,1301,1297,4,2025
759,NZD_JPY,2025-09-25 08:00:00,2025-09-25 12:00:00,86.688,86.22627071,2025-09-26 16:00:00,86.22027071,stoploss,-1.012994627,8,4.617424185,-3.39376346,1,1.2,86.623,85.55,14,26,-0.5327797136,0.2555610008,0.9891304348,0.230864646,1305,1301,0,2025
760,EUR_USD,2025-09-26 00:00:00,2025-09-26 04:00:00,1.167185,1.161766029,2025-10-08 04:00:00,1.161731029,stoploss,-1.006458791,49,1.975467438,-3.752557716,0.7,0.7,1.16578,1.16084,11,17,-0.3063312421,0.5056310863,0.9954751131,0.002709485309,1306,1302,19,2025
761,NZD_CAD,2025-09-29 04:00:00,2025-09-29 08:00:00,0.806245,0.8023494931,2025-09-30 00:00:00,0.8022344931,stoploss,-1.02952119,5,2.380948157,-5.379274246,2.3,2.3,0.80517,0.80489,16,22,-0.6314967619,0.4928755214,0.9733333333,0.001947753455,1307,1303,0,2025
762,EUR_AUD,2025-10-01 04:00:00,2025-10-01 08:00:00,1.78066,1.771647732,2025-10-06 08:00:00,1.771527732,stoploss,-1.013315184,19,3.951280729,-2.699653472,2.4,2.4,1.77755,1.75914,5,13,-0.1730973866,0.663539982,0.7920168067,0.00450613389,1309,1305,0,2025
763,GBP_AUD,2025-10-01 04:00:00,2025-10-01 08:00:00,2.03881,2.029458561,2025-10-09 04:00:00,2.029258561,stoploss,-1.021387084,36,4.938277604,-4.600361683,4,4,2.03587,2.034,5,13,-0.2202869611,0.5966996325,0.8008385744,0.00467571932,1308,1304,30,2025
764,CHF_JPY,2025-10-01 16:00:00,2025-10-01 20:00:00,184.367,183.3892375,2025-11-26 20:00:00,194.477,time_exit,10.33993442,240,11.62449997,-0.2229580321,2.2,2.2,184.259,182.074,14,30,-0.5297810121,0.1963667072,0.8294392523,0.4888812436,1308,1304,215,2025
765,EUR_CHF,2025-10-06 12:00:00,2025-10-06 16:00:00,0.93187,0.9289352138,2025-10-10 20:00:00,0.9288852138,stoploss,-1.017037016,26,1.086961639,-4.773771963,1,1,0.93118,0.9291,6,12,-0.03407403257,0.4293328104,0.8,0.001467393092,1312,1308,22,2025
766,EUR_CAD,2025-10-10 16:00:00,2025-10-10 20:00:00,1.62591,1.6180229,2025-10-29 20:00:00,1.6179329,stoploss,-1.011411038,79,2.639753392,-2.175704525,1.8,1.8,1.62259,1.61584,10,14,-1.336359306,0.8190589295,0.7462686567,0.003943550194,1316,1312,27,2025
767,GBP_CAD,2025-10-10 16:00:00,2025-10-10 20:00:00,1.86958,1.859627684,2025-10-28 12:00:00,1.859487684,stoploss,-1.014067078,71,2.202502502,-3.756914624,2.8,2.8,1.85629,1.85353,10,14,-0.06631622498,2.634562756,0.8995983936,0.004976157797,1315,1311,27,2025
768,AUD_CAD,2025-10-13 00:00:00,2025-10-13 04:00:00,0.911605,0.9056349043,2025-11-21 12:00:00,0.9055399043,stoploss,-1.015912643,177,2.355908622,-1.010871563,1.9,1.9,0.90844,0.90726,11,15,-0.07035063073,1.025109191,0.9674556213,0.002985047864,1316,1312,73,2025
769,AUD_NZD,2025-10-13 00:00:00,2025-10-13 04:00:00,1.135985,1.130365922,2025-10-16 04:00:00,1.130260922,stoploss,-1.01868634,19,4.92162598,-1.476220846,2.1,2.1,1.13025,1.10809,5,24,0.05338954236,2.00388749,0.9630931459,0.002809538973,1317,1313,5,2025
770,USD_CHF,2025-10-16 04:00:00,2025-10-16 08:00:00,0.795545,0.7909553467,2025-10-17 00:00:00,0.7909103467,stoploss,-1.009804662,5,3.68764237,-1.802968426,0.9,0.9,0.79403,0.79281,7,11,-0.3268220712,0.6405712596,0.9446808511,0.002294826654,1320,1316,1,2025
771,AUD_NZD,2025-10-16 08:00:00,2025-10-16 12:00:00,1.134095,1.127980549,2025-10-17 08:00:00,1.127875549,stoploss,-1.017172433,6,4.831995618,-1.047518427,2.1,2.1,1.13025,1.10809,8,27,-0.1341085262,1.220060495,0.9539170507,0.003057225454,1320,1316,0,2025
772,USD_CHF,2025-10-21 12:00:00,2025-10-21 16:00:00,0.795555,0.7911124501,2025-11-13 16:00:00,0.7910674501,stoploss,-1.010129318,103,3.807498062,-1.743368164,0.9,0.9,0.79403,0.79281,10,14,-0.1845786823,0.6617821048,0.7866108787,0.002221274932,1323,1319,66,2025
773,EUR_GBP,2025-10-22 00:00:00,2025-10-22 04:00:00,0.8679,0.8649244695,2025-12-17 04:00:00,0.87499,time_exit,2.382768381,240,6.261068397,-0.1478727909,0.8,0.8,0.86634,0.86555,6,10,-0.1344298099,1.021666555,0.86,0.001487765252,1324,1320,103,2025
774,USD_CAD,2025-10-28 20:00:00,2025-10-29 00:00:00,1.394475,1.389815423,2025-10-29 16:00:00,1.389750423,stoploss,-1.013949764,5,4.203171186,-5.741937457,1.3,1.3,1.39315,1.37268,14,29,0.06867576102,0.5494060882,0.6871165644,0.002329788525,1328,1324,3,2025
775,GBP_JPY,2025-10-29 16:00:00,2025-10-29 20:00:00,201.269,200.0012584,2025-11-04 20:00:00,199.9912584,stoploss,-1.007888043,25,8.139671423,-1.743257471,2,2,200.67,197.475,8,19,-0.1956234628,0.9292114484,0.7800875274,0.6338707955,1329,1325,4,2025
776,NZD_USD,2025-11-03 04:00:00,2025-11-03 08:00:00,0.572845,0.5691900613,2025-11-04 00:00:00,0.5691350613,stoploss,-1.015048132,5,3.41866199,-4.36259027,1.1,1.1,0.571,0.56822,9,14,0.2024657761,0.9794965925,0.8658536585,0.001827469349,1332,1328,0,2025
777,CAD_JPY,2025-11-05 04:00:00,2025-11-05 08:00:00,108.807,108.190152,2025-12-31 20:00:00,114.198,end_of_data,8.739592346,238,9.456138407,-0.9905195554,1.2,1.2,108.458,106.235,6,13,0.01945373922,1.108863136,0.8549618321,0.3084239966,1334,1330,218,2025
778,EUR_CAD,2025-11-05 08:00:00,2025-11-05 12:00:00,1.62232,1.616857814,2025-11-20 12:00:00,1.616767814,stoploss,-1.016476921,67,2.165799714,-3.07752267,1.8,1.8,1.62125,1.61732,9,18,-0.1098461393,0.3588307218,0.7619047619,0.002731092798,1334,1330,38,2025
779,EUR_JPY,2025-11-06 20:00:00,2025-11-07 00:00:00,176.528,175.6523809,2025-12-31 20:00:00,184.046,end_of_data,8.585924755,228,9.587501772,-0.03197737339,1,1,176.629,174.808,6,14,-0.2329780061,0.3037850472,0.6891495601,0.4378095671,1335,1331,188,2025
780,GBP_CHF,2025-11-11 16:00:00,2025-11-11 20:00:00,1.053775,1.04888762,2025-11-12 08:00:00,1.04879262,stoploss,-1.019437818,4,4.563795166,-3.583719898,1.9,1.9,1.05159,1.05004,4,9,0.1514103754,0.8552640123,0.8229665072,0.002443689866,1338,1334,0,2025
781,GBP_CAD,2025-11-12 16:00:00,2025-11-12 20:00:00,1.83908,1.830956464,2025-12-31 20:00:00,1.84856,end_of_data,1.166979511,205,3.40492123,-0.8210710269,2.8,2.8,1.83399,1.83219,5,10,0.06154955224,1.228529063,0.8810408922,0.004061767972,1338,1334,94,2025
782,AUD_CHF,2025-11-13 00:00:00,2025-11-13 04:00:00,0.52345,0.5199807496,2025-11-13 16:00:00,0.5199107496,stoploss,-1.020177269,4,3.871153217,-2.862289758,1.4,1.4,0.52006,0.50775,4,19,0.1844778897,1.913958106,0.8130081301,0.00173462522,1340,1336,1,2025
783,USD_CHF,2025-11-13 20:00:00,2025-11-14 00:00:00,0.791175,0.7866198893,2025-12-24 00:00:00,0.7865748893,stoploss,-1.009879013,169,4.178822706,-1.20853265,0.9,0.9,0.79248,0.78727,12,19,-0.7288516619,0.1361108525,0.8040816327,0.002277555347,1340,1336,38,2025
784,AUD_CHF,2025-11-18 16:00:00,2025-11-18 20:00:00,0.52066,0.5161503481,2025-12-31 20:00:00,0.52887,end_of_data,1.820539623,181,3.596729925,-0.7539384553,1.4,1.4,0.52006,0.50775,7,22,-1.428048133,0.2350514008,0.946969697,0.002254825958,1343,1339,89,2025
785,GBP_CHF,2025-11-19 12:00:00,2025-11-19 16:00:00,1.052855,1.047332211,2025-12-31 20:00:00,1.067795,end_of_data,2.705154913,176,4.205302734,-0.5622159306,1.9,1.9,1.05159,1.05004,10,15,-0.2571164642,0.4200776036,0.748,0.002761394538,1344,1340,78,2025
786,AUD_USD,2025-11-19 20:00:00,2025-11-20 00:00:00,0.64742,0.6430319217,2025-11-21 12:00:00,0.6429819217,stoploss,-1.011394509,10,5.77701628,-1.207817999,1,1,0.64583,0.64401,10,26,-0.02734682262,0.9662543994,0.9237288136,0.002194039169,1344,1340,4,2025
787,GBP_USD,2025-11-20 12:00:00,2025-11-20 16:00:00,1.309585,1.302729414,2025-12-31 20:00:00,1.347445,end_of_data,5.522504076,170,6.395514824,-0.8350854685,0.9,0.9,1.30843,1.30056,6,11,-1.304046129,0.3267408645,0.9285714286,0.003427792852,1345,1341,141,2025
788,AUD_CAD,2025-11-24 04:00:00,2025-11-24 08:00:00,0.910925,0.9060212658,2025-12-31 20:00:00,0.915515,end_of_data,0.9360213701,160,3.006892179,-0.5026781432,1.9,1.9,0.9104,0.90593,11,26,-0.2936537632,0.1712980285,0.8260869565,0.002451867098,1346,1342,55,2025
789,AUD_USD,2025-11-25 12:00:00,2025-11-25 16:00:00,0.6462,0.6421237145,2025-12-31 20:00:00,0.66731,end_of_data,5.178734356,152,6.518189097,-0.6280227357,1,1,0.64583,0.64401,14,30,-0.6672741567,0.1570056839,0.6801619433,0.002038142773,1348,1344,135,2025
790,EUR_AUD,2025-11-27 12:00:00,2025-11-27 16:00:00,1.77663,1.767518225,2025-12-02 16:00:00,1.767398225,stoploss,-1.013169772,19,0.4466747622,-3.142088069,2.4,2.4,1.77408,1.76294,5,10,-0.08560351709,0.5333757603,0.9306930693,0.004555887577,1350,1346,0,2025
791,USD_CAD,2025-12-01 04:00:00,2025-12-01 08:00:00,1.398705,1.3942576,2025-12-03 12:00:00,1.3941926,stoploss,-1.01461528,14,0.6217115101,-7.753967966,1.3,1.3,1.3971,1.38877,9,23,0.004497009115,0.6925394036,0.8052631579,0.002223700185,1352,1348,7,2025
792,CHF_JPY,2025-12-02 00:00:00,2025-12-02 04:00:00,193.468,192.4940213,2025-12-05 08:00:00,192.4830213,stoploss,-1.011293882,20,5.247548229,-1.096533263,2.2,2.2,192.887,189.108,5,19,0.2156104731,1.170456854,0.8675373134,0.4869893307,1352,1348,8,2025
793,GBP_NZD,2025-12-02 08:00:00,2025-12-02 12:00:00,2.31026,2.299382173,2025-12-02 16:00:00,2.299142173,stoploss,-1.022063229,2,3.002437778,-1.278747994,4.8,4.8,2.30861,2.28051,12,24,-0.7262479622,0.2518885337,0.8147013783,0.005438913712,1352,1348,0,2025
794,EUR_CAD,2025-12-11 16:00:00,2025-12-11 20:00:00,1.61886,1.612960864,2025-12-12 12:00:00,1.612870864,stoploss,-1.015256471,5,0.4543037906,-2.263043136,1.8,1.8,1.61682,1.6167,9,15,-0.3119100652,0.6577233983,0.8148148148,0.00294956817,1360,1356,0,2025
795,EUR_CHF,2025-12-15 00:00:00,2025-12-15 04:00:00,0.93457,0.931339166,2025-12-18 12:00:00,0.931289166,stoploss,-1.01547588,21,0.6840339126,-2.658756249,1,1,0.93073,0.91786,10,21,0.2290430296,2.339953113,0.96875,0.001615416984,1362,1358,7,2025
796,NZD_CAD,2025-12-15 00:00:00,2025-12-15 04:00:00,0.799245,0.7954103641,2025-12-15 04:00:00,0.7952953641,stoploss,-1.029989809,1,0.3012019981,-3.091558171,2.3,2.3,0.79631,0.78529,5,16,0,1.470804562,0.9185667752,0.001917317958,1362,1358,0,2025
797,NZD_CHF,2025-12-16 04:00:00,2025-12-16 08:00:00,0.460105,0.4570495964,2025-12-19 08:00:00,0.4569645964,stoploss,-1.027819566,19,0.4009290323,-1.631535695,1.7,1.7,0.4586,0.44631,9,22,-0.006545780119,0.9295007769,0.8362573099,0.001527701789,1363,1359,0,2025
798,CAD_CHF,2025-12-19 00:00:00,2025-12-19 04:00:00,0.576815,0.573624787,2025-12-31 20:00:00,0.577615,end_of_data,0.250766959,47,0.8322328451,-0.9858276075,1.5,1.5,0.5748,0.5716,5,11,0.1818060453,1.216219751,0.9375,0.001595106475,1366,1362,43,2025
799,EUR_CHF,2025-12-19 00:00:00,2025-12-19 04:00:00,0.93171,0.9286052727,2025-12-23 08:00:00,0.9285552727,stoploss,-1.016104474,14,0.351077537,-1.84557274,1,1,0.93095,0.93073,5,14,-0.3156476938,0.4573670665,0.9836065574,0.001552363631,1366,1362,3,2025
800,NZD_CAD,2025-12-23 00:00:00,2025-12-23 04:00:00,0.797835,0.793806469,2025-12-29 12:00:00,0.793691469,stoploss,-1.028546386,21,0.6367085237,-2.592756542,2.3,2.3,0.79631,0.78529,11,22,-1.211359687,0.6950424431,0.9253012048,0.00201426548,1368,1364,6,2025
801,NZD_CHF,2025-12-23 00:00:00,2025-12-23 04:00:00,0.459155,0.4565843187,2025-12-30 00:00:00,0.4564993187,stoploss,-1.033065164,24,0.6671383083,-1.569622784,1.7,1.7,0.4586,0.44631,14,27,-0.8246840896,0.3578817747,0.8216216216,0.00128534067,1368,1364,9,2025
802,EUR_CHF,2025-12-31 16:00:00,2025-12-31 20:00:00,0.93125,0.9282248947,2025-12-31 20:00:00,0.93092,end_of_data,-0.1090871119,1,0.01322268023,-0.2380082441,1,1,0.93095,0.93073,12,21,-0.7999721538,0.1652835028,0.7724867725,0.001512552649,1373,1369,0,2025
