{
  "env": {
    "numpy": "2.4.4",
    "pandas": "3.0.2",
    "python": "3.14.0",
    "scipy": "1.17.1"
  },
  "groups": [
    {
      "archetype_label": "Early-peak hold",
      "centroid": {
        "local_peaks": 0.24534686971235195,
        "monotonicity": 0.008403835307275804,
        "pullback": 0.0,
        "time_to_peak_rel": 0.04058286594382403
      },
      "cluster_ids": [
        0
      ],
      "final_r": {
        "mean": -1.0081453369509306,
        "p25": -1.0048465085,
        "p5": -1.0352256615,
        "p50": -1.001734868,
        "p75": -1.001113358,
        "p95": -1.0005738845,
        "t_stat": -1064.9886258358154
      },
      "frequencies": {
        "frac_reach_1R": 0.00676818950930626,
        "frac_reach_2R": 0.0,
        "frac_wrong_way": 1.0,
        "pct_peak_and_collapse": 0.00676818950930626
      },
      "gates": {
        "failure_reasons": [
          "monotonicity_centroid 0.008 < 0.55",
          "mfe_h240_p50 0.159R < 1.5R",
          "frac_reach_1R 0.007 < 0.7",
          "frac_wrong_way 1.000 > 0.3",
          "shape_tag=no_magnitude not in {tight_unimodal, heavy_right_tail}"
        ],
        "gates_passed_count": 2,
        "local_peaks": "PASS",
        "mfe_p50": "FAIL",
        "monotonicity": "FAIL",
        "reach_1R": "FAIL",
        "shape_tag": "FAIL",
        "size": "PASS",
        "verdict": "FAIL",
        "wrong_way": "FAIL"
      },
      "label": "cluster_0 (Early-peak hold)",
      "mass_in_band": {
        "-0.5R_to_0R": 0.0,
        "-1R_to_-0.5R": 0.0,
        "0.5R_to_1R": 0.0,
        "0R_to_0.5R": 0.0,
        "1R_to_2R": 0.0,
        "2R_to_5R": 0.0,
        "gt_5R": 0.0,
        "le_-1R": 1.0
      },
      "mfe_h240": {
        "p25": 0.064183609965,
        "p5": 0.001729093164,
        "p50": 0.1594950412,
        "p75": 0.31295356705,
        "p95": 0.6457619922
      },
      "shape_tag": "no_magnitude",
      "shape_tag_log": {
        "iqr": 0.0037331505000000043,
        "no_magnitude_p75_le_0.5R": true,
        "p25": -1.0048465085,
        "p50": -1.001734868,
        "p75": -1.001113358,
        "p95": -1.0005738845,
        "skew": -6.352186339288887,
        "std": 0.023012930009716725
      },
      "size_count": 591,
      "size_fraction": 0.23014018691588786
    },
    {
      "archetype_label": "unassigned",
      "centroid": {
        "local_peaks": 8.697768762677486,
        "monotonicity": 0.49891837516044624,
        "pullback": 0.4729253980425963,
        "time_to_peak_rel": 0.3845657514000609
      },
      "cluster_ids": [
        1
      ],
      "final_r": {
        "mean": -0.3519421477024341,
        "p25": -1.00468122,
        "p5": -1.0504882908,
        "p50": -1.001462579,
        "p75": -0.06692024069,
        "p95": 2.5318646041999995,
        "t_stat": -6.43489297683299
      },
      "frequencies": {
        "frac_reach_1R": 0.8093306288032455,
        "frac_reach_2R": 0.4847870182555781,
        "frac_wrong_way": 0.7322515212981744,
        "pct_peak_and_collapse": 0.6632860040567952
      },
      "gates": {
        "failure_reasons": [
          "monotonicity_centroid 0.499 < 0.55",
          "frac_wrong_way 0.732 > 0.3",
          "shape_tag=no_magnitude not in {tight_unimodal, heavy_right_tail}"
        ],
        "gates_passed_count": 3,
        "local_peaks": "PASS",
        "mfe_p50": "PASS",
        "monotonicity": "FAIL",
        "reach_1R": "PASS",
        "shape_tag": "FAIL",
        "size": "PASS",
        "verdict": "FAIL",
        "wrong_way": "FAIL"
      },
      "label": "cluster_1 (unassigned)",
      "mass_in_band": {
        "-0.5R_to_0R": 0.018255578093306288,
        "-1R_to_-0.5R": 0.010141987829614604,
        "0.5R_to_1R": 0.05070993914807302,
        "0R_to_0.5R": 0.032454361054766734,
        "1R_to_2R": 0.09939148073022312,
        "2R_to_5R": 0.06693711967545639,
        "gt_5R": 0.0,
        "le_-1R": 0.7221095334685599
      },
      "mfe_h240": {
        "p25": 1.165968895,
        "p5": 0.5964553392999999,
        "p50": 1.948247266,
        "p75": 2.914544167,
        "p95": 4.870004916799999
      },
      "shape_tag": "no_magnitude",
      "shape_tag_log": {
        "iqr": 0.9377609793099999,
        "no_magnitude_p75_le_0.5R": true,
        "p25": -1.00468122,
        "p50": -1.001462579,
        "p75": -0.06692024069,
        "p95": 2.5318646041999995,
        "skew": 1.7318371496768676,
        "std": 1.2143766592857275
      },
      "size_count": 493,
      "size_fraction": 0.19197819314641745
    },
    {
      "archetype_label": "Stepwise climber",
      "centroid": {
        "local_peaks": 24.41842105263158,
        "monotonicity": 0.5489078066744737,
        "pullback": 0.49847169160947363,
        "time_to_peak_rel": 0.8159857363252633
      },
      "cluster_ids": [
        2
      ],
      "final_r": {
        "mean": 3.6762165976013157,
        "p25": 2.314271121,
        "p5": -0.11954735011500012,
        "p50": 3.591531086,
        "p75": 4.95946061475,
        "p95": 7.13148947675,
        "t_stat": 31.90203512047485
      },
      "frequencies": {
        "frac_reach_1R": 1.0,
        "frac_reach_2R": 0.9947368421052631,
        "frac_wrong_way": 0.04736842105263158,
        "pct_peak_and_collapse": 0.12631578947368421
      },
      "gates": {
        "failure_reasons": [
          "monotonicity_centroid 0.549 < 0.55",
          "shape_tag=unclassified not in {tight_unimodal, heavy_right_tail}"
        ],
        "gates_passed_count": 4,
        "local_peaks": "PASS",
        "mfe_p50": "PASS",
        "monotonicity": "FAIL",
        "reach_1R": "PASS",
        "shape_tag": "FAIL",
        "size": "PASS",
        "verdict": "FAIL",
        "wrong_way": "PASS"
      },
      "label": "cluster_2 (Stepwise climber)",
      "mass_in_band": {
        "-0.5R_to_0R": 0.005263157894736842,
        "-1R_to_-0.5R": 0.0,
        "0.5R_to_1R": 0.013157894736842105,
        "0R_to_0.5R": 0.018421052631578946,
        "1R_to_2R": 0.10263157894736842,
        "2R_to_5R": 0.5763157894736842,
        "gt_5R": 0.23684210526315788,
        "le_-1R": 0.04736842105263158
      },
      "mfe_h240": {
        "p25": 3.70309201125,
        "p5": 2.7142003481,
        "p50": 4.8234520755,
        "p75": 6.16250882825,
        "p95": 8.851936571300001
      },
      "shape_tag": "unclassified",
      "shape_tag_log": {
        "bimodal_decision": "separation_or_valley_insufficient",
        "fall_through": true,
        "iqr": 2.6451894937500002,
        "kde_peak_count": 4,
        "mode_separation_R": 4.111689335178082,
        "p25": 2.314271121,
        "p50": 3.591531086,
        "p75": 4.95946061475,
        "p95": 7.13148947675,
        "p95_over_p75": 1.4379566712436709,
        "skew": 0.5845470291502782,
        "std": 2.2463348816763524,
        "valley_depth_pct": 0.042469503544417024
      },
      "size_count": 380,
      "size_fraction": 0.14797507788161993
    },
    {
      "archetype_label": "Early-peak hold",
      "centroid": {
        "local_peaks": 2.528604118993135,
        "monotonicity": 0.5785008308453089,
        "pullback": 0.044151464084462244,
        "time_to_peak_rel": 0.2526499840759794
      },
      "cluster_ids": [
        3
      ],
      "final_r": {
        "mean": -0.9597452971145767,
        "p25": -1.005293361,
        "p5": -1.0272730662,
        "p50": -1.001810408,
        "p75": -1.001089944,
        "p95": -1.00049019,
        "t_stat": -62.93032859549571
      },
      "frequencies": {
        "frac_reach_1R": 0.2723112128146453,
        "frac_reach_2R": 0.038901601830663615,
        "frac_wrong_way": 0.9725400457665904,
        "pct_peak_and_collapse": 0.2654462242562929
      },
      "gates": {
        "failure_reasons": [
          "mfe_h240_p50 0.685R < 1.5R",
          "frac_reach_1R 0.272 < 0.7",
          "frac_wrong_way 0.973 > 0.3",
          "shape_tag=no_magnitude not in {tight_unimodal, heavy_right_tail}"
        ],
        "gates_passed_count": 3,