trade_id,pair,signal_bar_time,entry_time,entry_price,sl_at_entry_price,exit_time,exit_price,exit_reason,final_r,bars_held,mfe_r,mae_r,spread_pips_used,spread_pips_exit,h_ref,h_ref_bar_offset,break_magnitude_atr,close_position,trend_filter_swing_low,atr14_at_signal,time_to_peak_mfe,calendar_year
1,CAD_JPY,2020-10-05 08:00:00,2020-10-05 12:00:00,79.596,79.15178571,2020-10-27 20:00:00,79.14578571,stoploss,-1.013506995,99,4.117382216,-3.788712012,1.2,1.2,79.559,9,0.1395722785,0.6519607843,78.748,0.2221071429,27,2020
2,CHF_JPY,2020-10-05 08:00:00,2020-10-05 12:00:00,115.265,114.6587449,2020-10-28 04:00:00,114.6477449,stoploss,-1.018144177,101,2.175651793,-2.57152475,2.2,2.2,115.165,11,0.2936057765,0.9480968858,114.041,0.303127551,67,2020
3,EUR_NZD,2020-10-05 12:00:00,2020-10-05 16:00:00,1.77092,1.763177609,2020-10-14 00:00:00,1.762987609,stoploss,-1.024540224,39,4.016847163,-9.844504526,3.8,3.8,1.76995,7,0.2014881535,0.967032967,1.76323,0.003871195335,15,2020
4,GBP_USD,2020-10-05 12:00:00,2020-10-05 16:00:00,1.296605,1.285176961,2020-10-07 12:00:00,1.285136961,stoploss,-1.003500163,12,3.777988388,-1.06623714,0.9,0.8,1.29539,7,0.1960091254,0.8891966759,1.2836,0.005714019679,4,2020
5,EUR_JPY,2020-10-05 16:00:00,2020-10-05 20:00:00,124.648,124.02153,2020-10-06 20:00:00,124.01453,stoploss,-1.011173719,7,0.7741791152,-4.839816654,1,1.4,124.203,13,1.4142736,0.8774319066,123.019,0.3132350062,5,2020
6,EUR_USD,2020-10-05 16:00:00,2020-10-05 20:00:00,1.178655,1.173093921,2020-10-07 00:00:00,1.173058921,stoploss,-1.006293742,8,3.899422949,-3.320398651,0.7,0.7,1.17694,13,0.6041992671,0.6646706587,1.16957,0.002780539619,4,2020
7,GBP_JPY,2020-10-05 16:00:00,2020-10-05 20:00:00,137.266,136.0286443,2020-10-06 20:00:00,136.0166443,stoploss,-1.0096981,7,2.464125642,-2.316229613,2,2.4,137.008,13,0.4024711609,0.8159645233,135.044,0.6186778686,3,2020
8,USD_JPY,2020-10-05 16:00:00,2020-10-05 20:00:00,105.758,105.3758606,2020-10-12 12:00:00,105.3728606,stoploss,-1.007850539,29,0.9132793643,-6.759314034,0.6,0.6,105.727,12,0.1465433937,0.8549019608,104.941,0.1910696845,13,2020
9,EUR_AUD,2020-10-06 08:00:00,2020-10-06 12:00:00,1.64472,1.635717378,2020-10-09 16:00:00,1.635597378,stoploss,-1.01332945,20,4.209884581,-3.611170125,2.4,2.4,1.6422,12,0.5487290193,0.5681581686,1.63068,0.004501311054,3,2020
10,GBP_AUD,2020-10-06 08:00:00,2020-10-06 12:00:00,1.81432,1.800367077,2020-10-07 16:00:00,1.800167077,stoploss,-1.014333914,8,2.739210981,-1.479259933,4,4,1.81133,11,0.4013495943,0.7384196185,1.78462,0.006976461518,0,2020
11,EUR_GBP,2020-10-06 12:00:00,2020-10-06 16:00:00,0.9118,0.90586661,2020-10-12 08:00:00,0.90582661,stoploss,-1.006741509,23,0.717970675,-4.33141933,0.8,0.8,0.90901,5,0.9235866898,0.9653379549,0.90438,0.002966694984,6,2020
12,AUD_NZD,2020-10-07 16:00:00,2020-10-07 20:00:00,1.084335,1.079758447,2020-10-13 04:00:00,1.079653447,stoploss,-1.022943033,21,1.106728232,-9.320334207,2.1,2.1,1.08291,9,0.5681132092,1,1.07586,0.002288276314,5,2020
13,CAD_CHF,2020-10-07 20:00:00,2020-10-08 00:00:00,0.691985,0.689058897,2020-10-20 08:00:00,0.688983897,stoploss,-1.02563136,51,4.441060296,-3.508078795,1.5,1.5,0.69054,10,0.9432340452,0.9827586207,0.68797,0.001463051516,27,2020
14,GBP_NZD,2020-10-07 20:00:00,2020-10-08 00:00:00,1.96305,1.947717543,2020-10-13 20:00:00,1.947477543,stoploss,-1.015653069,24,1.087888272,-4.970501509,4.8,4.8,1.96015,9,0.3469763552,0.544973545,1.93212,0.007666228434,1,2020
15,AUD_CHF,2020-10-08 08:00:00,2020-10-08 12:00:00,0.65749,0.6534392949,2020-10-13 00:00:00,0.6533692949,stoploss,-1.017280942,16,3.448782263,-5.038628919,1.4,1.4,0.65524,4,1.086230634,0.9460431655,0.65062,0.002025352564,7,2020
16,AUD_JPY,2020-10-08 08:00:00,2020-10-08 12:00:00,75.932,75.39064468,2020-10-14 04:00:00,75.38614468,stoploss,-1.00831247,23,3.010961475,-5.16850933,0.8,0.9,75.747,4,0.6760809202,0.8285714286,74.928,0.2706776579,7,2020
17,AUD_USD,2020-10-08 08:00:00,2020-10-08 12:00:00,0.71653,0.7115730481,2020-10-15 08:00:00,0.7115230481,stoploss,-1.010086844,30,5.469086775,-3.518291161,1,1,0.71514,4,0.5487243095,0.816091954,0.7095,0.002478475942,8,2020
18,GBP_CHF,2020-10-08 08:00:00,2020-10-08 12:00:00,1.188725,1.180456616,2020-10-09 12:00:00,1.180361616,stoploss,-1.011489549,7,3.824810363,-2.005833355,1.9,1.9,1.18552,6,0.7764516214,0.8065843621,1.17694,0.004134191895,1,2020
19,NZD_USD,2020-10-09 04:00:00,2020-10-09 08:00:00,0.660465,0.656316548,2020-10-20 08:00:00,0.656261548,stoploss,-1.013257958,43,12.03943073,-1.252274354,1.1,1.1,0.65964,4,0.3760438869,0.5754189944,0.65467,0.00207422598,20,2020
20,EUR_JPY,2020-10-09 08:00:00,2020-10-09 12:00:00,124.941,124.397455,2020-10-12 12:00:00,124.390455,stoploss,-1.012878419,7,3.195687782,-6.117249208,1.4,1.4,124.871,6,0.2318115489,0.9116719243,123.019,0.271772482,1,2020
21,EUR_USD,2020-10-09 08:00:00,2020-10-09 12:00:00,1.180205,1.175585113,2020-10-13 16:00:00,1.175550113,stoploss,-1.007575943,14,8.122493177,-4.33235712,0.7,0.7,1.17816,6,0.8701511678,0.9435483871,1.16957,0.002309943461,2,2020
22,NZD_JPY,2020-10-09 08:00:00,2020-10-09 12:00:00,70.054,69.60243737,2020-10-15 08:00:00,69.59743737,stoploss,-1.011072661,24,8.820481809,-2.61093348,1,1,69.922,5,0.5536330535,0.7572815534,69.405,0.2257813171,1,2020
23,AUD_CAD,2020-10-09 16:00:00,2020-10-09 20:00:00,0.949565,0.9450282423,2020-10-12 16:00:00,0.9449332423,stoploss,-1.020940065,6,2.701268379,-5.474173823,1.9,1.9,0.9492,7,0.1190277376,0.7564102564,0.94448,0.002268378828,0,2020
24,GBP_JPY,2020-10-09 16:00:00,2020-10-09 20:00:00,137.617,136.6803303,2020-10-13 20:00:00,136.6703303,stoploss,-1.010676122,13,3.298921569,-3.434508313,2,2,137.399,8,0.4441266578,0.8723747981,135.864,0.4683348688,0,2020
25,GBP_USD,2020-10-09 16:00:00,2020-10-09 20:00:00,1.301985,1.293036202,2020-10-13 20:00:00,1.292991202,stoploss,-1.005028608,13,5.809160253,-1.858908932,0.9,0.9,1.29699,8,1.106293864,0.8550135501,1.28442,0.004474398858,5,2020
26,NZD_CHF,2020-10-09 16:00:00,2020-10-09 20:00:00,0.606345,0.6023197161,2020-10-15 12:00:00,0.6022347161,stoploss,-1.021116523,23,8.082659618,-2.84327768,1.7,1.7,0.60542,7,0.4173618613,0.5825688073,0.60036,0.002012641973,16,2020
27,EUR_AUD,2020-10-13 00:00:00,2020-10-13 04:00:00,1.64307,1.63542364,2020-10-14 12:00:00,1.63530364,stoploss,-1.015693741,9,5.172395598,-4.035907159,2.4,2.4,1.64212,9,0.2170967558,0.7840755735,1.6326,0.003823180115,0,2020
28,GBP_AUD,2020-10-13 00:00:00,2020-10-13 04:00:00,1.81681,1.805879074,2020-10-13 20:00:00,1.805679074,stoploss,-1.018296712,5,3.268707586,-2.790248569,4,4,1.81281,17,0.6934453822,0.8165137615,1.79573,0.005465462886,0,2020
29,USD_CHF,2020-10-13 16:00:00,2020-10-13 20:00:00,0.915105,0.9111858771,2020-10-19 12:00:00,0.9111408771,stoploss,-1.011482161,23,1.43782172,-7.036013118,0.9,0.9,0.91235,8,1.382962506,0.9363817097,0.90867,0.00195956144,21,2020
30,EUR_GBP,2020-10-14 04:00:00,2020-10-14 08:00:00,0.9087,0.9040585354,2020-10-14 12:00:00,0.9040185354,stoploss,-1.008617969,2,1.316394831,-4.869152731,0.8,0.8,0.90781,10,0.3705726857,0.75,0.90187,0.002320732296,0,2020
31,GBP_NZD,2020-10-15 08:00:00,2020-10-15 12:00:00,1.96259,1.949109108,2020-10-16 12:00:00,1.948869108,stoploss,-1.017802976,7,1.271429209,-6.015180546,4.8,4.8,1.961,4,0.2017670624,0.8875,1.93434,0.006740446058,0,2020
32,USD_CAD,2020-10-15 08:00:00,2020-10-15 12:00:00,1.319335,1.314350865,2020-10-20 16:00:00,1.314285865,stoploss,-1.013041381,20,3.937493901,-9.186148191,1.3,1.3,1.31631,4,1.187768861,0.9935897436,1.30991,0.002492067352,1,2020
33,EUR_CAD,2020-10-16 00:00:00,2020-10-16 04:00:00,1.54864,1.542726617,2020-10-19 08:00:00,1.542636617,stoploss,-1.015219714,8,3.799855264,-2.930640486,1.8,1.8,1.54671,8,0.622317195,0.7049808429,1.53889,0.002956691563,2,2020
34,AUD_CHF,2020-10-19 00:00:00,2020-10-19 04:00:00,0.6499,0.6454328011,2020-10-19 16:00:00,0.6453628011,stoploss,-1.015669775,4,4.86882282,-2.869807289,1.4,1.4,0.64904,4,0.3536891979,0.94,0.64535,0.002233599456,0,2020
35,AUD_USD,2020-10-19 00:00:00,2020-10-19 04:00:00,0.71038,0.7054968447,2020-10-20 00:00:00,0.7054468447,stoploss,-1.010239281,6,9.583967114,-2.312029673,1,1,0.70972,6,0.2539341714,0.8823529412,0.7056,0.00244157766,2,2020
36,GBP_AUD,2020-10-19 08:00:00,2020-10-19 12:00:00,1.83028,1.816402201,2020-11-04 12:00:00,1.816202201,stoploss,-1.014411508,73,1.604000788,-6.320166627,4,4,1.829,5,0.1556442813,0.7573449402,1.79642,0.006938899334,16,2020
37,GBP_CAD,2020-10-19 08:00:00,2020-10-19 12:00:00,1.71266,1.701178537,2020-10-20 16:00:00,1.701038537,stoploss,-1.012193568,8,3.226069728,-3.115456646,2.8,2.8,1.71161,5,0.1585163851,0.8385786802,1.69049,0.005740731466,0,2020
38,GBP_CHF,2020-10-19 08:00:00,2020-10-19 12:00:00,1.186725,1.178298753,2020-10-19 20:00:00,1.178203753,stoploss,-1.011274296,3,3.990507324,-2.186619998,1.9,1.9,1.18491,4,0.4129952561,0.7011494253,1.17524,0.004213123454,0,2020
39,GBP_USD,2020-10-19 08:00:00,2020-10-19 12:00:00,1.299665,1.289483107,2020-10-29 16:00:00,1.289438107,stoploss,-1.00441961,50,5.333487709,-1.405927199,0.9,0.9,1.29621,5,0.6599951645,0.8858173077,1.28562,0.00509094639,13,2020
40,NZD_CAD,2020-10-19 08:00:00,2020-10-19 12:00:00,0.87403,0.869977592,2020-10-20 00:00:00,0.869862592,stoploss,-1.028378189,4,10.42836745,-2.847689551,2.4,2.3,0.87354,5,0.1826074755,0.9339207048,0.86981,0.002026204015,0,2020
41,EUR_JPY,2020-10-19 12:00:00,2020-10-19 16:00:00,124.065,123.4948149,2020-10-23 00:00:00,123.4878149,stoploss,-1.012276714,21,4.687951017,-4.295096162,1.4,1.4,123.71,6,1.220656157,0.8221343874,123.015,0.2850925692,6,2020
42,EUR_USD,2020-10-19 12:00:00,2020-10-19 16:00:00,1.177755,1.172685437,2020-10-28 12:00:00,1.172650437,stoploss,-1.006903948,42,7.885295108,-3.464795712,0.7,0.7,1.1746,6,1.234820447,0.7782101167,1.16882,0.00253478148,12,2020
43,EUR_AUD,2020-10-19 16:00:00,2020-10-19 20:00:00,1.66238,1.652907158,2020-10-28 00:00:00,1.652787158,stoploss,-1.012667792,38,2.136634315,-6.162880993,2.4,2.4,1.65832,6,0.8318516997,0.8448275862,1.6336,0.004736421169,5,2020
44,EUR_NZD,2020-10-19 20:00:00,2020-10-20 00:00:00,1.78113,1.771921186,2020-10-22 16:00:00,1.771731186,stoploss,-1.020632408,17,2.268478988,-9.385573908,3.8,3.8,1.77715,7,0.8448428208,0.7920168067,1.75825,0.004604406766,4,2020
45,USD_JPY,2020-10-20 00:00:00,2020-10-20 04:00:00,105.558,105.2547622,2020-10-21 08:00:00,105.2517622,stoploss,-1.009893227,8,0.6199755688,-7.858520109,0.6,0.6,105.502,6,0.349560693,0.7749077491,105.035,0.1516188778,2,2020
46,EUR_GBP,2020-10-20 12:00:00,2020-10-20 16:00:00,0.91353,0.9076045891,2020-10-21 12:00:00,0.9075645891,stoploss,-1.006750587,6,1.593138452,-4.629214803,0.8,0.8,0.91093,11,0.8539492126,0.8176470588,0.90067,0.002962705466,1,2020
47,GBP_NZD,2020-10-20 20:00:00,2020-10-21 00:00:00,1.967705,1.953179581,2020-10-23 12:00:00,1.952939581,stoploss,-1.016522759,16,0.8278590714,-7.960183379,5.9,4.8,1.96165,14,0.7930924327,0.875,1.93434,0.007262709569,6,2020
48,EUR_CHF,2020-10-21 04:00:00,2020-10-21 08:00:00,1.07324,1.070709269,2020-10-23 04:00:00,1.070659269,stoploss,-1.019757135,12,5.508289374,-2.880590354,1,1,1.07296,14,0.1817656465,0.5882352941,1.06883,0.00126536562,6,2020
49,GBP_JPY,2020-10-21 16:00:00,2020-10-21 20:00:00,137.504,136.5460384,2020-10-23 16:00:00,136.5340384,stoploss,-1.012526598,12,3.343557727,-3.240213295,2,2.4,137.033,6,0.9624602636,0.803084223,135.337,0.4789808135,0,2020
50,NZD_USD,2020-10-21 16:00:00,2020-10-21 20:00:00,0.667255,0.6624433812,2020-10-29 12:00:00,0.6623883812,stoploss,-1.011430664,35,9.309756621,-1.738500148,1.1,1.1,0.6646,12,1.080717366,0.8644067797,0.65527,0.002405809401,23,2020
51,EUR_CAD,2020-10-21 20:00:00,2020-10-22 00:00:00,1.55869,1.552021193,2020-10-22 20:00:00,1.551931193,stoploss,-1.013495668,6,1.86240212,-4.105681967,1.8,1.8,1.55839,8,0.2579172017,0.9956521739,1.54256,0.003334403422,2,2020
52,AUD_CHF,2020-10-22 16:00:00,2020-10-22 20:00:00,0.645615,0.6414106548,2020-10-28 16:00:00,0.6413406548,stoploss,-1.016649442,24,7.029632079,-1.306981163,1.5,1.4,0.64516,6,0.1855223489,0.9764150943,0.63708,0.002102172608,21,2020
53,GBP_CHF,2020-10-22 16:00:00,2020-10-22 20:00:00,1.188115,1.18084977,2020-10-23 16:00:00,1.18075477,stoploss,-1.01307598,6,4.436886576,-2.727374205,1.9,1.9,1.17979,13,2.265585638,0.71875,1.17214,0.003632614835,0,2020
54,NZD_CAD,2020-10-22 16:00:00,2020-10-22 20:00:00,0.877755,0.8729900896,2020-12-17 20:00:00,0.909065,time_exit,6.570952462,240,8.087245389,-0.6768227943,2.5,2.3,0.87527,19,0.982180055,0.9541284404,0.86249,0.002382455221,179,2020
55,NZD_JPY,2020-10-22 16:00:00,2020-10-22 20:00:00,70.03,69.58282441,2020-10-28 08:00:00,69.57782441,stoploss,-1.01118129,22,8.960685869,-2.582878008,1,1,69.758,6,1.19416178,0.975,69.208,0.2235877955,11,2020
56,AUD_JPY,2020-10-22 20:00:00,2020-10-23 00:00:00,74.6405,74.17255343,2020-10-28 08:00:00,74.16805343,stoploss,-1.009616482,21,8.93371223,-3.219384637,0.9,0.9,74.611,12,0.1068498054,0.7142857143,74.185,0.2339732853,9,2020
57,AUD_CAD,2020-10-23 08:00:00,2020-10-23 12:00:00,0.937805,0.9327604171,2020-11-02 08:00:00,0.9326654171,stoploss,-1.018832082,36,6.653672066,-1.572974463,1.9,1.9,0.9365,9,0.4797225205,0.9423076923,0.92473,0.002522291425,17,2020
58,AUD_USD,2020-10-23 08:00:00,2020-10-23 12:00:00,0.71445,0.7091936762,2020-10-28 12:00:00,0.7091436762,stoploss,-1.009512352,19,9.415325605,-2.922194409,1,1,0.71366,10,0.2815656071,0.9154013015,0.70206,0.002628161897,0,2020
59,EUR_JPY,2020-10-23 20:00:00,2020-10-26 00:00:00,124.091,123.5221752,2020-10-27 08:00:00,123.5171752,stoploss,-1.008790053,9,5.135148908,-4.351076189,1.4,1,124.082,7,0.3586341586,0.7722222222,123.362,0.2844123951,1,2020
60,EUR_GBP,2020-10-26 00:00:00,2020-10-26 04:00:00,0.90821,0.9032629134,2020-10-28 00:00:00,0.9032229134,stoploss,-1.008085567,12,2.983574192,-4.469297113,0.8,0.8,0.90457,9,1.459444828,0.8943661972,0.90108,0.002473543316,1,2020
61,NZD_CHF,2020-10-26 08:00:00,2020-10-26 12:00:00,0.607275,0.6035249956,2020-12-21 12:00:00,0.623815,time_exit,4.410661507,240,8.42799014,-0.947998891,1.7,1.7,0.60653,9,0.3519995882,0.9,0.5949,0.001875002194,154,2020
62,USD_CAD,2020-10-26 08:00:00,2020-10-26 12:00:00,1.318285,1.312476183,2020-11-03 16:00:00,1.312411183,stoploss,-1.011189885,38,3.559244295,-8.517224257,1.3,1.3,1.31777,13,0.1549368738,0.9322033898,1.30807,0.002904408673,18,2020
63,USD_JPY,2020-10-26 12:00:00,2020-10-26 16:00:00,104.961,104.5795771,2020-10-27 12:00:00,104.5765771,stoploss,-1.007865285,6,1.87455967,-5.468995065,0.6,0.6,104.936,9,0.1206010417,0.5752212389,104.34,0.1907114539,0,2020
64,CAD_CHF,2020-10-27 08:00:00,2020-10-27 12:00:00,0.689105,0.6861842368,2020-10-28 12:00:00,0.6861092368,stoploss,-1.02567822,7,5.435223145,-2.528448688,1.5,1.5,0.68859,5,0.2944435846,0.9358974359,0.68596,0.001460381623,0,2020
65,EUR_CHF,2020-10-27 08:00:00,2020-10-27 12:00:00,1.07364,1.071269103,2020-10-27 20:00:00,1.071219103,stoploss,-1.021089067,3,5.710919396,-3.243498535,1,1,1.07292,10,0.5651870008,0.9489795918,1.07013,0.001185448354,0,2020
66,GBP_CHF,2020-10-28 04:00:00,2020-10-28 08:00:00,1.185705,1.179735287,2020-10-28 12:00:00,1.179640287,stoploss,-1.015913663,2,5.803461543,-2.915550531,1.9,1.9,1.1851,10,0.1675122397,0.7434554974,1.17611,0.002984856516,0,2020
67,USD_CHF,2020-10-28 08:00:00,2020-10-28 12:00:00,0.911845,0.9079991553,2020-11-05 08:00:00,0.9079541553,stoploss,-1.011700941,36,2.312885918,-7.690118158,0.9,0.9,0.90919,20,1.357309105,0.8957055215,0.90303,0.00192292234,19,2020
68,EUR_AUD,2020-10-28 16:00:00,2020-10-28 20:00:00,1.66482,1.653977242,2020-10-30 12:00:00,1.653857242,stoploss,-1.011067295,11,0.3440084149,-5.919158195,2.4,2.4,1.66052,6,0.769176992,0.7657992565,1.6533,0.005421379011,4,2020
69,EUR_CAD,2020-10-28 16:00:00,2020-10-28 20:00:00,1.56379,1.556725365,2020-10-29 16:00:00,1.556635365,stoploss,-1.012739511,6,2.090695297,-4.597547952,1.8,1.8,1.5597,6,1.129569971,0.7493506494,1.54995,0.003532317699,4,2020
70,GBP_CAD,2020-10-28 16:00:00,2020-10-28 20:00:00,1.72872,1.718492431,2020-11-02 08:00:00,1.718352431,stoploss,-1.013688493,16,2.051318431,-5.067675609,2.8,2.8,1.721,6,1.494001221,0.7080231596,1.71105,0.005113784307,3,2020
71,GBP_NZD,2020-10-29 08:00:00,2020-10-29 12:00:00,1.96048,1.949371141,2020-10-29 16:00:00,1.949131141,stoploss,-1.021604378,2,0.1098222568,-9.757977574,4.8,4.8,1.95787,4,0.4266864733,0.8998732573,1.93944,0.005554429654,0,2020
72,AUD_CHF,2020-11-02 12:00:00,2020-11-02 16:00:00,0.64771,0.6426016839,2020-12-29 16:00:00,0.67385,time_exit,5.117146136,240,5.923674142,-0.4326278868,1.4,1.4,0.64695,6,0.2701477302,0.9063291139,0.64012,0.002554158051,232,2020
73,CAD_CHF,2020-11-02 12:00:00,2020-11-02 16:00:00,0.692515,0.6886144176,2020-11-06 12:00:00,0.6885394176,stoploss,-1.019227898,24,3.195676616,-1.624116435,1.5,1.5,0.68888,6,1.830495871,0.8843373494,0.68172,0.001950291206,4,2020
74,CAD_JPY,2020-11-02 12:00:00,2020-11-02 16:00:00,78.884,78.35870427,2020-12-29 16:00:00,80.998,time_exit,4.024399725,240,6.158435719,-0.05139961805,1.2,1.2,78.703,6,0.662483966,0.7811320755,77.913,0.2626478661,168,2020
75,USD_JPY,2020-11-02 16:00:00,2020-11-02 20:00:00,104.852,104.4155849,2020-11-04 00:00:00,104.4125849,stoploss,-1.006874189,8,1.888110571,-4.530090532,0.6,0.6,104.726,11,0.5636834957,0.9052132701,104.023,0.2182075596,0,2020
76,AUD_JPY,2020-11-03 08:00:00,2020-11-03 12:00:00,74.598,73.90106974,2020-12-30 12:00:00,78.954,time_exit,6.25026667,240,6.563066976,-0.7633475364,0.8,0.8,73.918,11,1.939935844,0.9176706827,73.134,0.348465132,238,2020
77,AUD_NZD,2020-11-03 08:00:00,2020-11-03 12:00:00,1.066795,1.062147001,2020-11-11 00:00:00,1.062042001,stoploss,-1.022590367,34,1.952453152,-5.40340065,2.1,2.1,1.06336,10,1.43287471,0.9103690685,1.05898,0.002323999424,15,2020
78,AUD_USD,2020-11-03 08:00:00,2020-11-03 12:00:00,0.71247,0.7056964064,2020-11-04 04:00:00,0.7056464064,stoploss,-1.007381606,5,8.103527213,-1.129385738,1,1,0.70721,11,1.541279361,0.9138655462,0.69909,0.003386796796,3,2020
79,EUR_JPY,2020-11-03 08:00:00,2020-11-03 12:00:00,122.472,121.8348094,2020-12-30 12:00:00,126.644,time_exit,6.547491676,240,7.470292517,-0.8082354298,1.4,1.4,122.15,6,0.9918539644,0.9866270431,121.616,0.3185952886,234,2020
80,EUR_USD,2020-11-03 08:00:00,2020-11-03 12:00:00,1.169685,1.164743034,2020-11-04 04:00:00,1.164708034,stoploss,-1.007082201,5,12.10348224,-1.921300073,0.7,0.7,1.16556,5,1.651164675,0.9751693002,1.16221,0.002470983095,3,2020
81,GBP_CHF,2020-11-03 08:00:00,2020-11-03 12:00:00,1.189395,1.182194282,2020-11-04 08:00:00,1.182099282,stoploss,-1.013193129,6,4.298876953,-2.92956903,1.9,1.9,1.18881,4,0.136097542,0.7286432161,1.1783,0.003600358924,3,2020
82,GBP_JPY,2020-11-03 08:00:00,2020-11-03 12:00:00,136.031,135.1524718,2020-11-05 00:00:00,135.1404718,stoploss,-1.013659209,10,5.893948819,-1.088183675,2,2.4,135.801,11,0.5008376749,0.9529025192,134.4,0.439264079,3,2020
83,GBP_USD,2020-11-03 08:00:00,2020-11-03 12:00:00,1.299155,1.29060905,2020-12-30 12:00:00,1.357665,time_exit,6.846518242,240,7.406432612,-0.9109578621,0.9,0.9,1.29424,5,1.139721204,0.9319727891,1.28535,0.004272974813,193,2020
84,NZD_JPY,2020-11-03 08:00:00,2020-11-03 12:00:00,69.918,69.34209592,2020-12-30 12:00:00,74.115,time_exit,7.287671874,240,7.570705116,-0.8438905244,1,1.4,69.692,11,0.7674889132,0.9058441558,68.875,0.2879520423,238,2020
85,NZD_USD,2020-11-03 08:00:00,2020-11-03 12:00:00,0.667805,0.6622185992,2020-11-04 04:00:00,0.6621635992,stoploss,-1.009845337,5,9.32890463,-1.153694528,1.1,1.1,0.66711,11,0.2291278504,0.8924731183,0.65889,0.002793200385,3,2020
86,EUR_CHF,2020-11-03 12:00:00,2020-11-03 16:00:00,1.07141,1.068600403,2020-11-03 20:00:00,1.068550403,stoploss,-1.017796145,2,6.331868242,-1.943338988,1,1,1.07051,5,0.6050689158,0.7886178862,1.0661,0.001404798656,0,2020
87,AUD_CAD,2020-11-03 16:00:00,2020-11-03 20:00:00,0.942055,0.9357422616,2020-11-04 04:00:00,0.9356472616,stoploss,-1.015048937,3,6.226299542,-1.047881223,1.9,1.9,0.93977,13,0.6938351862,0.9631268437,0.93543,0.003156369183,1,2020
88,CHF_JPY,2020-11-04 04:00:00,2020-11-04 08:00:00,114.646,113.9571773,2020-11-18 16:00:00,113.9461773,stoploss,-1.015969276,63,4.51930498,-1.364647183,2.2,2.2,114.336,11,0.8681478888,0.5830670927,113.781,0.3444113657,19,2020
89,EUR_GBP,2020-11-05 00:00:00,2020-11-05 04:00:00,0.90475,0.8983180865,2020-11-09 20:00:00,0.8982780865,stoploss,-1.006218989,17,2.832749526,-2.899603659,0.8,0.8,0.90241,9,0.7151837442,0.6191489362,0.89442,0.003215956764,1,2020
90,EUR_CAD,2020-11-06 12:00:00,2020-11-06 16:00:00,1.552195,1.541553175,2020-11-09 12:00:00,1.541368175,stoploss,-1.017384236,6,2.477488546,-1.962539286,3.7,3.7,1.5507,6,0.2518364992,0.820441989,1.5354,0.005320912592,0,2020
91,EUR_USD,2020-11-09 00:00:00,2020-11-09 04:00:00,1.188805,1.181004687,2020-11-09 16:00:00,1.180969687,stoploss,-1.004486999,4,5.615800161,-1.827490727,0.3,0.7,1.18598,9,0.7204838924,0.5548780488,1.16019,0.003900156589,3,2020
92,AUD_USD,2020-11-09 04:00:00,2020-11-09 08:00:00,0.72971,0.722098793,2021-01-06 08:00:00,0.77712,time_exit,6.228972581,240,6.732177917,-0.9958998559,1,1,0.7289,8,0.199705512,0.8194444444,0.69909,0.003805603523,240,2020
93,GBP_JPY,2020-11-09 04:00:00,2020-11-09 08:00:00,136.465,135.4777199,2021-01-06 08:00:00,139.938,time_exit,3.51774529,240,4.904383155,-0.4416173183,2.4,2.4,136.309,10,0.2917105222,0.804664723,134.871,0.4936400611,226,2020
94,NZD_USD,2020-11-09 04:00:00,2020-11-09 08:00:00,0.681045,0.6746848651,2021-01-06 08:00:00,0.726575,time_exit,7.15865315,240,7.777350716,-0.2382024934,1.1,1.1,0.68021,5,0.2515669897,0.5,0.65889,0.003180067468,240,2020
95,CAD_CHF,2020-11-09 12:00:00,2020-11-09 16:00:00,0.701035,0.6952122022,2020-11-13 00:00:00,0.6951372022,stoploss,-1.012880406,21,0.6775093527,-2.551179071,1.5,1.5,0.69626,11,1.614344212,0.9641125121,0.68905,0.002911398923,11,2020
96,EUR_CHF,2020-11-09 12:00:00,2020-11-09 16:00:00,1.07894,1.073803764,2020-12-10 00:00:00,1.073753764,stoploss,-1.009734756,135,1.997571871,-1.053300567,1,1,1.07268,11,2.418113317,0.9629972248,1.06595,0.002568117861,100,2020
97,GBP_CHF,2020-11-09 12:00:00,2020-11-09 16:00:00,1.195845,1.185830714,2020-12-07 08:00:00,1.185735714,stoploss,-1.009486448,119,2.447004201,-2.750570525,1.9,1.9,1.18969,11,1.212268149,0.9374584165,1.17906,0.005007143019,10,2020
98,USD_JPY,2020-11-09 12:00:00,2020-11-09 16:00:00,104.867,104.0987022,2020-11-17 12:00:00,104.0957022,stoploss,-1.003904736,36,1.052977066,-2.962392834,0.6,0.6,103.717,5,2.985821248,0.8638297872,103.175,0.3841489174,12,2020
99,GBP_AUD,2020-11-10 08:00:00,2020-11-10 12:00:00,1.81766,1.802837018,2020-11-16 16:00:00,1.802637018,stoploss,-1.013492562,26,0.9465032174,-5.133919804,4,4,1.81265,10,0.6476429713,0.8740359897,1.79368,0.007411490918,1,2020
100,GBP_CAD,2020-11-10 08:00:00,2020-11-10 12:00:00,1.72419,1.711397677,2020-12-07 08:00:00,1.711137677,stoploss,-1.020324689,114,1.994164712,-3.697530023,5.2,5.2,1.71979,14,0.6472631838,0.9367965368,1.69761,0.006396161722,55,2020
101,AUD_CAD,2020-11-11 04:00:00,2020-11-11 08:00:00,0.952315,0.9454798245,2021-01-08 08:00:00,0.985175,time_exit,4.807484461,240,5.520706821,-0.9633988185,1.9,1.9,0.95157,10,0.1931186698,0.8322295806,0.94349,0.00341758775,232,2020
102,USD_CAD,2020-11-11 12:00:00,2020-11-11 16:00:00,1.305795,1.29737601,2020-11-27 16:00:00,1.29731101,stoploss,-1.007720641,73,1.358238879,-5.080775518,1.3,1.3,1.30507,6,0.156788397,0.5965665236,1.29281,0.00420949517,12,2020
103,EUR_CAD,2020-11-12 08:00:00,2020-11-12 12:00:00,1.543455,1.534484018,2021-01-11 12:00:00,1.552335,time_exit,0.989858158,240,3.913172369,-0.3528041745,3.7,3.7,1.54158,8,0.3834585657,0.6572379368,1.53131,0.004485491143,169,2020
104,EUR_GBP,2020-11-12 08:00:00,2020-11-12 12:00:00,0.89586,0.889775099,2020-11-23 08:00:00,0.889735099,stoploss,-1.006573648,42,4.45529027,-1.515225979,0.8,0.8,0.89183,4,1.3147297,0.8831417625,0.8861,0.003042450476,2,2020
105,EUR_AUD,2020-11-12 20:00:00,2020-11-13 00:00:00,1.63201,1.620855386,2020-11-16 12:00:00,1.620735386,stoploss,-1.01075788,10,0.8938005251,-5.343976861,2.4,2.4,1.6283,13,0.6741604763,0.7052845528,1.61443,0.005577307083,1,2020
106,EUR_USD,2020-11-13 08:00:00,2020-11-13 12:00:00,1.182705,1.176915354,2021-01-12 12:00:00,1.216155,time_exit,5.777555567,240,9.022140959,-0.4672133874,0.7,0.7,1.18231,5,0.1243599405,0.9849056604,1.17455,0.002894822872,216,2020
107,GBP_NZD,2020-11-13 08:00:00,2020-11-13 12:00:00,1.92923,1.914629062,2020-11-16 16:00:00,1.914389062,stoploss,-1.0164373,8,0.02808038757,-5.283907075,4.8,4.8,1.92248,6,0.8766560021,0.6586021505,1.90969,0.007300469038,0,2020
108,CAD_CHF,2020-11-16 12:00:00,2020-11-16 16:00:00,0.698555,0.6940552487,2020-11-17 12:00:00,0.6939802487,stoploss,-1.016667588,6,0.8300458655,-2.750151964,1.5,1.5,0.69712,6,0.6044778458,0.8158415842,0.69307,0.002249875673,0,2020
109,GBP_AUD,2020-11-18 00:00:00,2020-11-18 04:00:00,1.82027,1.808524464,2020-11-27 12:00:00,1.808324464,stoploss,-1.017027746,45,0.9722842698,-6.701269254,4,4,1.81929,16,0.1277080915,0.8106139438,1.79883,0.005872768055,21,2020
110,CHF_JPY,2020-11-23 12:00:00,2020-11-23 16:00:00,114.269,113.8041987,2021-01-20 16:00:00,116.53,time_exit,4.864443955,240,7.508584434,-0.4561088538,2.2,2.2,114.195,7,0.2667806504,0.9556786704,113.766,0.2324006629,78,2020
111,USD_JPY,2020-11-23 16:00:00,2020-11-23 20:00:00,104.342,103.8924443,2020-11-30 00:00:00,103.8894443,stoploss,-1.006673255,26,0.9298068694,-3.894956527,0.6,0.6,104.215,13,0.5516557503,0.684771033,103.651,0.2247778618,5,2020
112,USD_CHF,2020-11-23 20:00:00,2020-11-24 00:00:00,0.912295,0.9079415697,2020-11-25 16:00:00,0.9078965697,stoploss,-1.010336676,11,0.3663777485,-8.389935588,0.9,0.9,0.91234,8,0.1975453691,0.7933884298,0.90881,0.002176715162,8,2020
113,CAD_CHF,2020-11-24 08:00:00,2020-11-24 12:00:00,0.699295,0.6959891565,2020-11-26 20:00:00,0.6958991565,stoploss,-1.027224519,15,1.904203868,-3.967217432,1.5,1.8,0.69864,11,0.3508938026,0.7401574803,0.69337,0.001652921755,5,2020
114,AUD_NZD,2020-11-25 00:00:00,2020-11-25 04:00:00,1.055245,1.050824905,2020-11-25 16:00:00,1.050719905,stoploss,-1.023755146,4,6.543976994,-3.068938563,2.1,2.1,1.05457,10,0.2579130086,0.5,1.04713,0.002210047501,0,2020
115,EUR_GBP,2020-11-27 12:00:00,2020-11-27 16:00:00,0.89431,0.8905964812,2021-01-13 08:00:00,0.8905564812,stoploss,-1.010771455,185,7.717747331,-3.05909315,0.8,0.8,0.89344,5,0.4470153723,0.6126984127,0.88664,0.001856759413,59,2020
116,EUR_AUD,2020-11-30 08:00:00,2020-11-30 12:00:00,1.62273,1.615274279,2020-12-10 12:00:00,1.615154279,stoploss,-1.016095022,49,2.581909795,-8.507560432,2.4,2.4,1.61997,8,0.7028159651,0.5381679389,1.61221,0.003727860678,13,2020
117,CAD_CHF,2020-11-30 12:00:00,2020-11-30 16:00:00,0.699065,0.6955730492,2020-12-01 16:00:00,0.6954980492,stoploss,-1.021477966,7,1.868583037,-3.689914549,1.5,1.5,0.6988,6,0.1260040668,0.9875,0.69459,0.001745975392,1,2020
118,USD_CHF,2020-11-30 20:00:00,2020-12-01 00:00:00,0.908675,0.9045126709,2020-12-01 12:00:00,0.9044676709,stoploss,-1.010811255,4,0.01561625675,-7.905429667,0.9,0.9,0.90826,8,0.1729800748,0.8298969072,0.90547,0.002081164553,0,2020
119,GBP_AUD,2020-12-01 16:00:00,2020-12-01 20:00:00,1.82237,1.811311596,2020-12-02 08:00:00,1.811111596,stoploss,-1.018085792,4,0.09766327642,-7.307564229,4,4,1.81654,6,1.023655823,0.7708516242,1.79821,0.005529202171,0,2020
120,EUR_NZD,2020-12-01 20:00:00,2020-12-02 00:00:00,1.70863,1.700412643,2020-12-31 12:00:00,1.700222643,stoploss,-1.023121788,124,3.172552735,-3.987900005,3.8,3.8,1.70571,9,0.5938648771,0.7599009901,1.69645,0.004108678748,87,2020
121,USD_JPY,2020-12-02 08:00:00,2020-12-02 12:00:00,104.696,104.2874741,2020-12-03 08:00:00,104.2844741,stoploss,-1.007343476,6,0.5972693723,-5.152672249,0.6,0.6,104.579,4,0.5581041675,0.964028777,103.827,0.2042629434,0,2020
122,GBP_NZD,2020-12-03 16:00:00,2020-12-03 20:00:00,1.90506,1.891898508,2020-12-07 08:00:00,1.891658508,stoploss,-1.018235015,10,1.226304733,-4.025379477,4.8,4.8,1.9032,14,0.2492118665,0.8042813456,1.88684,0.006580746026,5,2020
123,CAD_CHF,2020-12-04 16:00:00,2020-12-04 20:00:00,0.695845,0.6919349948,2020-12-18 12:00:00,0.6918599948,stoploss,-1.01918156,59,2.492324038,-2.471863707,1.5,1.5,0.69387,5,0.97186571,0.8200589971,0.68942,0.00195500261,23,2020
124,GBP_CAD,2020-12-09 08:00:00,2020-12-09 12:00:00,1.71839,1.704469779,2020-12-10 08:00:00,1.704209779,stoploss,-1.018677865,6,3.282993934,-2.981274579,5.2,5.2,1.71667,9,0.2097667897,0.917109458,1.69664,0.006960110331,0,2020
125,AUD_NZD,2020-12-09 12:00:00,2020-12-09 16:00:00,1.057675,1.053488686,2021-02-05 16:00:00,1.064145,time_exit,1.545512179,240,6.328955979,-0.8826379447,2.1,2.1,1.05617,8,0.6688460744,0.9285714286,1.04747,0.002093157235,162,2020
126,GBP_NZD,2020-12-09 12:00:00,2020-12-09 16:00:00,1.90247,1.886836368,2020-12-10 08:00:00,1.886596368,stoploss,-1.015351519,5,1.198058157,-3.223179419,4.8,4.8,1.90086,6,0.1765424726,0.7157490397,1.88451,0.00781681586,2,2020
127,USD_JPY,2020-12-09 16:00:00,2020-12-09 20:00:00,104.343,103.9989343,2020-12-11 00:00:00,103.9959343,stoploss,-1.008719266,8,4.141651437,-5.092051451,0.6,0.6,104.205,6,0.8021724889,0.7692307692,103.672,0.1720328257,3,2020
128,EUR_CHF,2020-12-14 04:00:00,2020-12-14 08:00:00,1.07905,1.075875654,2020-12-16 00:00:00,1.075825654,stoploss,-1.015751277,11,3.197509229,-1.62238153,1,1,1.07838,16,0.3906316694,0.9900990099,1.07353,0.001587172901,0,2020
129,GBP_NZD,2020-12-15 12:00:00,2020-12-15 16:00:00,1.89287,1.877079151,2021-01-05 20:00:00,1.876839151,stoploss,-1.015198676,80,1.873236841,-1.968861846,4.8,4.8,1.89006,6,0.3255049819,0.8567901235,1.85208,0.007895424473,41,2020
130,GBP_AUD,2020-12-15 20:00:00,2020-12-16 00:00:00,1.78157,1.765911614,2020-12-21 00:00:00,1.765711614,stoploss,-1.012772709,19,1.322613975,-2.555180354,4,4,1.77649,8,0.6233081792,0.9101516919,1.74257,0.007829192946,3,2020
131,GBP_CHF,2020-12-15 20:00:00,2020-12-16 00:00:00,1.191855,1.181140552,2020-12-21 08:00:00,1.181045552,stoploss,-1.008866532,21,4.234935833,-1.730840441,1.9,1.9,1.19078,8,0.2071968606,0.8088803089,1.1683,0.005357224027,11,2020
132,GBP_CAD,2020-12-16 04:00:00,2020-12-16 08:00:00,1.71462,1.699661882,2021-02-12 08:00:00,1.755,time_exit,2.699537544,240,3.307234331,-0.6538255864,5.2,2.8,1.71324,10,0.1537626635,0.84643289,1.67689,0.007479058791,180,2020
133,EUR_CHF,2020-12-17 12:00:00,2020-12-17 16:00:00,1.0824,1.078516076,2021-01-13 16:00:00,1.078466076,stoploss,-1.012873578,103,1.750806597,-2.188508247,1,1,1.07858,13,1.94133555,0.8815789474,1.07492,0.001941962068,34,2020
134,USD_CAD,2020-12-21 00:00:00,2020-12-21 04:00:00,1.282195,1.276205296,2020-12-30 16:00:00,1.276140296,stoploss,-1.010851955,40,2.248024279,-3.890843358,1.3,1.3,1.27898,13,1.051804898,0.9236641221,1.26881,0.002994851997,2,2020
135,USD_CHF,2020-12-21 04:00:00,2020-12-21 08:00:00,0.886425,0.882257281,2020-12-30 00:00:00,0.882212281,stoploss,-1.010797273,35,4.356099853,-2.556554334,0.9,0.9,0.88571,9,0.3263175874,0.6918604651,0.88227,0.002083859486,1,2020
136,EUR_AUD,2020-12-21 08:00:00,2020-12-21 12:00:00,1.62396,1.613895948,2020-12-21 16:00:00,1.613775948,stoploss,-1.011923626,2,0.1649434986,-6.958429641,2.4,2.4,1.61454,6,1.848162092,0.9548762737,1.60064,0.005032026162,0,2020
137,USD_JPY,2020-12-21 08:00:00,2020-12-21 12:00:00,103.74,103.2558709,2020-12-30 08:00:00,103.2528709,stoploss,-1.006196695,36,5.130863069,-2.373334004,0.6,0.6,103.596,6,0.5866204153,0.9969879518,102.875,0.2420645383,25,2020
138,GBP_CHF,2020-12-23 12:00:00,2020-12-23 16:00:00,1.198925,1.188617092,2021-02-19 16:00:00,1.255005,time_exit,5.440483164,240,5.602979763,-0.7009181679,1.9,1.9,1.19457,10,0.8265498672,0.8659942363,1.17331,0.005153954007,240,2020
139,GBP_AUD,2020-12-24 04:00:00,2020-12-24 08:00:00,1.78721,1.773446571,2020-12-28 20:00:00,1.773246571,stoploss,-1.014531263,10,1.096383757,-3.316760669,4,4,1.78384,11,0.4650004004,0.8651960784,1.75908,0.006881714504,1,2020
140,NZD_CAD,2020-12-24 08:00:00,2020-12-24 12:00:00,0.912525,0.9072962669,2021-01-18 16:00:00,0.9071812669,stoploss,-1.021993855,92,2.515905805,-1.662926718,2.3,2.3,0.91181,10,0.2256760813,0.5150214592,0.90544,0.002614366558,42,2020
141,NZD_CHF,2020-12-24 08:00:00,2020-12-24 12:00:00,0.631755,0.6276498341,2021-02-22 12:00:00,0.656775,time_exit,6.094759802,240,6.329829475,-0.4640494574,1.7,1.7,0.63147,4,0.1023101166,0.9707317073,0.62339,0.002052582941,239,2020
142,CAD_CHF,2020-12-24 12:00:00,2020-12-24 16:00:00,0.693585,0.6901542504,2020-12-28 00:00:00,0.6900792504,stoploss,-1.021861112,3,5.778620562,-1.520075976,1.5,1.5,0.69237,5,0.6529185402,0.9803921569,0.68618,0.001715374784,0,2020
143,AUD_CHF,2020-12-30 04:00:00,2020-12-30 08:00:00,0.67536,0.6712263719,2021-02-25 08:00:00,0.7222,time_exit,11.33145006,240,12.05962394,-0.4620638259,1.4,1.4,0.67471,4,0.2757867861,0.77593361,0.67243,0.002066814034,240,2020
144,AUD_JPY,2020-12-30 16:00:00,2020-12-30 20:00:00,79.292,78.84077092,2021-02-25 20:00:00,84.158,time_exit,10.78387937,240,12.54130155,-0.9839791286,0.8,0.8,78.88,15,1.808394074,0.7586206897,78.476,0.2256145416,237,2020
145,NZD_JPY,2020-12-30 16:00:00,2020-12-30 20:00:00,74.424,73.9737825,2021-01-04 16:00:00,73.9687825,stoploss,-1.011105743,12,10.63708107,-1.721390234,1,1,73.857,14,2.45659045,0.8604651163,73.423,0.2251087478,4,2020
146,CAD_CHF,2020-12-31 16:00:00,2020-12-31 20:00:00,0.693235,0.6891495087,2021-01-04 16:00:00,0.6890745087,stoploss,-1.018357645,6,8.335594768,-1.190799253,1.5,1.5,0.69284,6,0.1517565337,0.6191646192,0.68887,0.002042745656,2,2020
147,CAD_JPY,2020-12-31 20:00:00,2021-01-04 00:00:00,80.94,80.53074038,2021-03-01 00:00:00,83.596,time_exit,6.489767962,240,10.1573665,-0.9358362687,1.2,1.2,81.039,7,0.4984610935,0.875,80.372,0.2046298123,231,2021
148,NZD_JPY,2021-01-06 00:00:00,2021-01-06 04:00:00,74.53,74.02833163,2021-01-15 16:00:00,74.02133163,stoploss,-1.013953441,46,9.334851962,-1.756140205,1,1.4,74.35,8,0.697672045,0.8384279476,73.797,0.2508341867,13,2021
149,EUR_JPY,2021-01-06 08:00:00,2021-01-06 12:00:00,126.921,126.3393079,2021-01-13 12:00:00,126.3343079,stoploss,-1.008595613,31,5.246761958,-3.152870718,1.4,1,126.793,10,0.4229041421,0.9907407407,126.048,0.2908460518,8,2021
150,GBP_JPY,2021-01-07 08:00:00,2021-01-07 12:00:00,140.799,139.8777103,2021-03-04 12:00:00,149.501,time_exit,9.445454922,240,10.46467834,-0.4993000763,2.4,2.4,140.578,5,0.4537118085,0.9138187221,139.509,0.4606448324,211,2021
151,USD_CHF,2021-01-07 08:00:00,2021-01-07 12:00:00,0.883205,0.8782951522,2021-03-04 12:00:00,0.922955,time_exit,8.095974002,240,8.591916057,-0.2250578936,0.9,0.9,0.88216,4,0.4073446039,0.9230769231,0.87577,0.002454923891,240,2021
152,USD_JPY,2021-01-07 08:00:00,2021-01-07 12:00:00,103.57,103.1027789,2021-03-04 12:00:00,107.336,time_exit,8.060424152,240,8.394313203,-0.5179560926,0.6,0.6,103.444,4,0.5265173503,0.9554455446,102.591,0.2336105352,240,2021
153,CAD_CHF,2021-01-07 16:00:00,2021-01-07 20:00:00,0.695875,0.6916396031,2021-01-28 08:00:00,0.6915646031,stoploss,-1.017707904,88,9.428868498,-1.266705383,1.5,1.5,0.69528,6,0.2597159221,0.864978903,0.68837,0.002117698429,53,2021
154,USD_CAD,2021-01-11 00:00:00,2021-01-11 04:00:00,1.274705,1.266874383,2021-01-14 08:00:00,1.266809383,stoploss,-1.00830075,20,1.714424198,-3.567407073,1.3,1.3,1.27339,9,0.3192596271,0.9691470054,1.26302,0.003915308714,2,2021
155,GBP_NZD,2021-01-11 16:00:00,2021-01-11 20:00:00,1.88354,1.871749485,2021-03-08 20:00:00,1.93658,time_exit,4.49853139,240,5.311048937,-0.09414347366,4.8,5.6,1.87996,5,0.5750385148,0.947467167,1.86178,0.005895257296,238,2021
156,GBP_AUD,2021-01-12 04:00:00,2021-01-12 08:00:00,1.75753,1.747181389,2021-03-09 08:00:00,1.80575,time_exit,4.659562715,240,5.195866594,-0.3449738468,4,4,1.75647,16,0.166205887,0.594972067,1.74156,0.005174305289,238,2021
157,AUD_CAD,2021-01-12 20:00:00,2021-01-13 00:00:00,0.987605,0.9822760026,2021-01-13 20:00:00,0.9821810026,stoploss,-1.017826993,6,2.198349714,-3.949148077,1.9,1.9,0.98595,8,0.6267595428,0.6264367816,0.9813,0.002664498721,0,2021
158,GBP_USD,2021-01-12 20:00:00,2021-01-13 00:00:00,1.366295,1.35694923,2021-01-18 00:00:00,1.35690423,stoploss,-1.004815012,19,6.184080994,-1.533848967,0.9,0.9,1.36356,13,0.5778014944,0.8486707566,1.34508,0.004672885111,10,2021
159,AUD_USD,2021-01-14 16:00:00,2021-01-14 20:00:00,0.77982,0.7731813563,2021-01-15 08:00:00,0.7731313563,stoploss,-1.007531659,4,3.146727117,-3.533854388,1,1,0.77813,10,0.4910641647,0.8835403727,0.7666,0.003319321826,0,2021
160,USD_CAD,2021-01-18 00:00:00,2021-01-18 04:00:00,1.276665,1.269226112,2021-01-20 08:00:00,1.269161112,stoploss,-1.008737865,14,1.541224983,-4.18812598,1.3,1.3,1.27468,14,0.5135176133,0.7964071856,1.26248,0.003719443989,1,2021
161,EUR_GBP,2021-01-18 08:00:00,2021-01-18 12:00:00,0.89157,0.8874506527,2021-01-20 08:00:00,0.8874106527,stoploss,-1.009710276,12,0.126233591,-9.156790483,0.8,0.8,0.8907,4,0.4029764635,0.6544117647,0.88657,0.002059673642,0,2021
162,EUR_NZD,2021-01-18 08:00:00,2021-01-18 12:00:00,1.69823,1.68869997,2021-01-20 16:00:00,1.68850997,stoploss,-1.019936978,14,0.9443831771,-6.926525947,3.8,3.8,1.69746,4,0.1217204984,0.5581395349,1.68106,0.004765014995,7,2021
163,AUD_USD,2021-01-20 08:00:00,2021-01-20 12:00:00,0.77329,0.7682680373,2021-01-26 08:00:00,0.7682180373,stoploss,-1.009956267,24,5.460016671,-3.371191912,1,1,0.77252,6,0.2867404816,0.5355191257,0.76589,0.002510981344,6,2021
164,NZD_USD,2021-01-20 16:00:00,2021-01-20 20:00:00,0.715855,0.7111085889,2021-01-28 08:00:00,0.7110535889,stoploss,-1.011587703,34,6.452243498,-1.256739019,1.1,1.1,0.71407,9,0.7500403871,0.6005025126,0.70964,0.002373205538,23,2021
165,NZD_CAD,2021-01-21 00:00:00,2021-01-21 04:00:00,0.908255,0.9038422186,2021-03-08 08:00:00,0.9037272186,stoploss,-1.026060661,194,5.566783851,-3.577109021,2.3,2.3,0.90746,4,0.3081956458,1,0.90475,0.002206390679,148,2021
166,NZD_JPY,2021-01-21 00:00:00,2021-01-21 04:00:00,74.517,74.08210652,2021-03-18 04:00:00,78.991,time_exit,10.28757671,240,10.79804654,-0.903669568,1,1.4,74.291,11,1.020939665,0.9522292994,73.649,0.2174467382,151,2021
167,GBP_USD,2021-01-21 08:00:00,2021-01-21 12:00:00,1.373365,1.366191675,2021-01-22 08:00:00,1.366146675,stoploss,-1.006273241,6,7.071337086,-2.355253624,0.9,0.9,1.37186,5,0.40985177,0.7633027523,1.35196,0.003586662564,1,2021
168,EUR_USD,2021-01-21 20:00:00,2021-01-22 00:00:00,1.215895,1.210538168,2021-01-27 12:00:00,1.210503168,stoploss,-1.006533712,22,1.572757848,-6.036216619,0.7,0.7,1.21582,9,0.2165458877,0.7293577982,1.20536,0.002678416137,2,2021
169,EUR_JPY,2021-01-22 12:00:00,2021-01-22 16:00:00,126.324,125.8123205,2021-01-25 16:00:00,125.8053205,stoploss,-1.013680438,7,8.483825825,-1.42081119,1.4,1.4,126.209,18,0.4221392256,0.8371040724,125.087,0.2558397644,0,2021
170,EUR_CAD,2021-01-22 16:00:00,2021-01-22 20:00:00,1.549015,1.541265116,2021-02-02 12:00:00,1.541080116,stoploss,-1.023871324,41,1.330987629,-8.990456915,3.7,3.7,1.54791,18,0.2400035861,0.8535871157,1.52684,0.0038749421,21,2021
171,EUR_AUD,2021-01-22 20:00:00,2021-01-25 00:00:00,1.57658,1.569196409,2021-01-26 16:00:00,1.569076409,stoploss,-1.016252255,11,2.458153514,-6.962736757,2.4,2.4,1.57695,18,0.102930946,0.527173913,1.55967,0.003691795467,8,2021
172,AUD_CAD,2021-01-25 04:00:00,2021-01-25 08:00:00,0.982895,0.9783752924,2021-01-28 00:00:00,0.9782802924,stoploss,-1.021019059,17,3.634084611,-4.857615076,1.9,1.9,0.98226,7,0.2389535086,0.8258064516,0.97726,0.002259853823,8,2021
173,USD_CAD,2021-01-26 04:00:00,2021-01-26 08:00:00,1.276465,1.270141976,2021-01-26 16:00:00,1.270076976,stoploss,-1.010279892,3,1.844845195,-6.323714969,1.3,1.3,1.27403,8,0.7496413393,0.8424437299,1.25889,0.00316151188,0,2021
174,EUR_CHF,2021-01-26 12:00:00,2021-01-26 16:00:00,1.07935,1.076826997,2021-01-27 08:00:00,1.076776997,stoploss,-1.019817655,5,14.18944089,-1.728099505,1,1,1.07878,7,0.4042801595,0.8775510204,1.07563,0.001261501432,0,2021
175,GBP_USD,2021-01-26 16:00:00,2021-01-26 20:00:00,1.373205,1.365771449,2021-01-28 00:00:00,1.365726449,stoploss,-1.006053634,8,6.845314911,-2.251279258,0.9,0.9,1.37237,8,0.2125498194,0.6727748691,1.36234,0.003716775682,3,2021
176,EUR_JPY,2021-01-28 00:00:00,2021-01-28 04:00:00,126.21,125.7385675,2021-03-25 04:00:00,128.654,time_exit,5.184198914,240,9.449920689,-0.3287851194,1.4,1.4,126.159,8,0.1781803228,0.9260869565,125.689,0.235716264,209,2021
177,EUR_NZD,2021-01-28 00:00:00,2021-01-28 04:00:00,1.69304,1.682222211,2021-01-29 16:00:00,1.682032211,stoploss,-1.017563664,10,1.039953766,-5.622221158,3.8,3.8,1.69067,10,0.4030398594,0.7191157347,1.68145,0.005408894305,1,2021
178,EUR_AUD,2021-01-28 04:00:00,2021-01-28 08:00:00,1.58522,1.57610544,2021-02-04 00:00:00,1.57598544,stoploss,-1.013165748,29,1.043385562,-6.588359934,2.4,2.4,1.57945,11,1.230997476,0.785202864,1.55967,0.004557279854,0,2021
179,EUR_USD,2021-01-29 12:00:00,2021-01-29 16:00:00,1.214645,1.209035206,2021-02-01 08:00:00,1.209000206,stoploss,-1.006239089,5,1.724662321,-6.854975665,0.7,0.7,1.21421,5,0.1426077372,0.8653421634,1.20586,0.002804896901,0,2021
180,EUR_CHF,2021-01-29 20:00:00,2021-02-01 00:00:00,1.07861,1.075685278,2021-03-29 00:00:00,1.10647,time_exit,9.525692965,240,12.4934968,-0.2154051173,1,1,1.07894,7,1.504416692,0.9237288136,1.07499,0.001462360802,142,2021
181,CAD_CHF,2021-02-02 08:00:00,2021-02-02 12:00:00,0.700545,0.6965272149,2021-03-30 12:00:00,0.748425,time_exit,11.91701355,240,12.09248336,-0.4816086302,1.5,1.5,0.70023,5,0.1194688075,0.8926553672,0.69051,0.002008892572,228,2021
182,AUD_USD,2021-02-04 00:00:00,2021-02-04 04:00:00,0.76413,0.7585800077,2021-02-05 04:00:00,0.7585300077,stoploss,-1.009009022,7,6.591000161,-1.819822352,1,1,0.76263,4,0.5225232495,0.904109589,0.75636,0.002774996139,0,2021
183,USD_CAD,2021-02-04 16:00:00,2021-02-04 20:00:00,1.283445,1.276721889,2021-02-05 16:00:00,1.276656889,stoploss,-1.009668144,6,0.07511403945,-6.985605669,1.3,1.3,1.28115,6,0.6633833979,0.6646884273,1.27379,0.003361555334,0,2021
184,EUR_NZD,2021-02-05 12:00:00,2021-02-05 16:00:00,1.67585,1.666323101,2021-02-09 04:00:00,1.666133101,stoploss,-1.01994353,10,2.425763063,-4.579664321,3.8,3.8,1.67272,10,0.6151004566,0.5583333333,1.66377,0.004763449561,0,2021
185,GBP_USD,2021-02-05 12:00:00,2021-02-05 16:00:00,1.370515,1.362622871,2021-04-02 16:00:00,1.38323,time_exit,1.611098918,240,6.788409322,-0.4479146421,0.9,0.8,1.36977,6,0.1849944491,0.6929824561,1.35647,0.003946064347,74,2021
186,AUD_CAD,2021-02-05 16:00:00,2021-02-05 20:00:00,0.979165,0.9742164336,2021-03-05 08:00:00,0.9741214336,stoploss,-1.019197479,118,4.072896756,-6.089642458,1.9,1.9,0.97734,9,0.6991923977,0.9473684211,0.97141,0.002474283195,81,2021
187,EUR_USD,2021-02-05 20:00:00,2021-02-08 00:00:00,1.204295,1.199176833,2021-03-02 08:00:00,1.199161833,stoploss,-1.002930737,99,3.912533241,-6.620533776,0.7,0.3,1.20428,11,0.2500895155,0.9523809524,1.19522,0.002559083689,82,2021
188,EUR_GBP,2021-02-08 12:00:00,2021-02-08 16:00:00,0.87899,0.8753452781,2021-02-10 08:00:00,0.8753052781,stoploss,-1.010974774,11,0.1948022407,-8.730432816,0.8,0.8,0.87772,5,0.6694612216,0.8382352941,0.87383,0.001822360968,5,2021
189,NZD_USD,2021-02-08 16:00:00,2021-02-08 20:00:00,0.722435,0.7170767167,2021-02-17 12:00:00,0.7170217167,stoploss,-1.010264482,41,4.487444707,-5.248882612,1.1,1.1,0.72125,4,0.4143118008,0.7918660287,0.71349,0.002679141646,33,2021
190,AUD_USD,2021-02-09 08:00:00,2021-02-09 12:00:00,0.7734,0.7684737628,2021-03-05 08:00:00,0.7684237628,stoploss,-1.010149735,108,5.543785056,-4.108612579,1,1,0.76819,8,2.098965122,0.9136212625,0.75636,0.002463118584,72,2021
191,EUR_CAD,2021-02-09 08:00:00,2021-02-09 12:00:00,1.540155,1.534342411,2021-02-15 12:00:00,1.534157411,stoploss,-1.031827471,25,0.6941829577,-11.63595151,3.7,3.7,1.53861,4,0.4748314655,0.8602150538,1.53129,0.002906294339,17,2021
192,CHF_JPY,2021-02-10 08:00:00,2021-02-10 12:00:00,117.552,117.1610498,2021-02-22 16:00:00,117.1500498,stoploss,-1.028136574,50,3.363599576,-4.205138937,2.2,2.2,117.342,12,1.02314816,0.8179190751,116.593,0.1954751109,27,2021
193,EUR_AUD,2021-02-10 08:00:00,2021-02-10 12:00:00,1.56962,1.562961113,2021-02-11 12:00:00,1.562841113,stoploss,-1.018021031,7,0.1757050515,-6.675290204,2.4,2.4,1.56884,5,0.2012348453,0.8739130435,1.56168,0.003329443263,3,2021
194,EUR_NZD,2021-02-11 00:00:00,2021-02-11 04:00:00,1.68131,1.672460834,2021-02-16 04:00:00,1.672270834,stoploss,-1.021470951,19,1.994538347,-5.547415721,3.8,3.8,1.67554,15,1.270176262,0.9343891403,1.66377,0.004424582767,7,2021
195,EUR_GBP,2021-02-12 00:00:00,2021-02-12 04:00:00,0.87864,0.8757112554,2021-02-12 16:00:00,0.8756712554,stoploss,-1.013657729,4,0.1638927457,-10.74521814,0.8,0.8,0.87799,10,0.4097318642,0.9009009009,0.87383,0.001464372318,1,2021
196,USD_CAD,2021-02-12 00:00:00,2021-02-12 04:00:00,1.271905,1.266619386,2021-02-15 04:00:00,1.266554386,stoploss,-1.012297531,7,0.8333942305,-6.70215451,1.3,1.3,1.2711,6,0.280005326,0.9516728625,1.26675,0.002642806873,3,2021
197,AUD_NZD,2021-02-12 04:00:00,2021-02-12 08:00:00,1.073025,1.069778863,2021-02-24 20:00:00,1.069673863,stoploss,-1.032346142,52,6.649442688,-3.014352407,2.1,2.1,1.07268,9,0.1478680792,0.775862069,1.06519,0.001623068354,42,2021
198,GBP_CAD,2021-02-15 00:00:00,2021-02-15 04:00:00,1.76096,1.753983265,2021-03-05 12:00:00,1.753843265,stoploss,-1.020066694,87,3.966038821,-6.643509193,2.8,2.8,1.75939,14,0.4070672299,0.9116541353,1.74755,0.003488367266,41,2021
199,NZD_USD,2021-02-19 16:00:00,2021-02-19 20:00:00,0.730415,0.7247924125,2021-02-26 16:00:00,0.7247374125,stoploss,-1.009781973,30,2.857225428,-6.421420734,1.1,1.1,0.72682,20,1.259206725,0.6583850932,0.71574,0.002811293754,21,2021
200,EUR_NZD,2021-02-23 04:00:00,2021-02-23 08:00:00,1.66363,1.654909095,2021-02-23 20:00:00,1.654719095,stoploss,-1.021786729,4,4.051185006,-3.601690378,3.8,3.8,1.66217,5,0.2912541725,0.8705357143,1.65353,0.004360452552,0,2021
201,GBP_CHF,2021-02-23 08:00:00,2021-02-23 12:00:00,1.267475,1.260271677,2021-02-26 08:00:00,1.260176677,stoploss,-1.013188358,18,5.534251563,-1.37505987,1.9,1.9,1.26292,6,1.23831742,0.8340336134,1.23555,0.003601661358,3,2021
202,NZD_CHF,2021-02-23 16:00:00,2021-02-23 20:00:00,0.662545,0.6579680751,2021-02-26 12:00:00,0.6578830751,stoploss,-1.018571421,17,3.083948344,-3.503443974,1.7,1.7,0.65774,8,2.101847897,0.9254079254,0.64185,0.002288462456,10,2021
203,EUR_GBP,2021-02-25 08:00:00,2021-02-25 12:00:00,0.86211,0.8580089931,2021-03-08 12:00:00,0.8579689931,stoploss,-1.009753702,43,2.670075996,-3.643007797,0.8,0.8,0.86161,4,0.2292120033,0.7532051282,0.85385,0.002050503434,5,2021
204,CHF_JPY,2021-02-25 16:00:00,2021-02-25 20:00:00,117.521,116.8504139,2021-03-01 12:00:00,116.8394139,stoploss,-1.016403561,11,1.814830299,-2.405358481,2.2,2.2,117.41,14,0.2952640913,0.7762345679,116.171,0.3352930577,3,2021
205,EUR_AUD,2021-02-25 16:00:00,2021-02-25 20:00:00,1.54276,1.533479339,2021-03-18 00:00:00,1.533359339,stoploss,-1.012930114,86,2.829539841,-1.700309927,2.4,2.4,1.53741,8,1.127074895,0.9573459716,1.52963,0.004640330492,5,2021
206,USD_CAD,2021-02-26 04:00:00,2021-02-26 08:00:00,1.261885,1.253949665,2021-03-11 20:00:00,1.253884665,stoploss,-1.008191211,58,1.567041657,-3.20150328,1.3,1.3,1.25984,10,0.501554145,0.8413978495,1.24677,0.003967667339,3,2021
207,EUR_NZD,2021-02-26 16:00:00,2021-02-26 20:00:00,1.66667,1.653013401,2021-03-02 00:00:00,1.652823401,stoploss,-1.013912688,8,2.364424758,-1.326831112,3.8,3.8,1.6655,20,0.1405913761,0.697693575,1.63222,0.006828299335,0,2021
208,EUR_CAD,2021-02-26 20:00:00,2021-03-01 00:00:00,1.53602,1.528007682,2021-03-01 12:00:00,1.527917682,stoploss,-1.011232705,4,0.2533598979,-7.925297298,1.8,1.8,1.53564,5,0.3319888317,0.7787234043,1.52104,0.004006158861,0,2021
209,AUD_JPY,2021-03-02 12:00:00,2021-03-02 16:00:00,83.319,82.49015887,2021-03-24 00:00:00,82.48615887,stoploss,-1.004826015,93,2.566233646,-1.248731464,0.8,0.8,83.129,4,0.4536454399,0.7770597738,81.98,0.414420566,70,2021
210,NZD_CHF,2021-03-03 00:00:00,2021-03-03 04:00:00,0.667985,0.6608616024,2021-03-05 12:00:00,0.6607766024,stoploss,-1.011932508,15,0.6759414897,-3.014713082,1.7,1.7,0.66628,8,0.4548391332,0.9333333333,0.65621,0.003561698811,9,2021
211,NZD_USD,2021-03-03 00:00:00,2021-03-03 04:00:00,0.729975,0.7219026734,2021-03-04 16:00:00,0.7218476734,stoploss,-1.006813401,10,0.05512660969,-4.418180976,1.1,1.1,0.72926,10,0.1635216287,0.896656535,0.72092,0.00403616332,1,2021
212,GBP_CHF,2021-03-03 12:00:00,2021-03-03 16:00:00,1.281665,1.272542646,2021-04-08 16:00:00,1.272447646,stoploss,-1.010413978,157,2.814514705,-2.117326252,1.9,1.9,1.27927,6,0.5020633826,0.5645933014,1.25757,0.004561177093,137,2021
213,AUD_CHF,2021-03-04 12:00:00,2021-03-04 16:00:00,0.72003,0.7136832275,2021-03-05 08:00:00,0.7136132275,stoploss,-1.011029228,5,0.6333928007,-2.957408674,1.4,1.4,0.7177,7,0.7153242078,0.9498680739,0.69916,0.003173386243,0,2021
214,CAD_JPY,2021-03-04 12:00:00,2021-03-04 16:00:00,85.15,84.58149451,2021-04-29 16:00:00,88.622,time_exit,6.107240899,240,6.520605418,-0.3729075664,1.2,1.2,84.864,7,0.9920748464,0.9902912621,83.572,0.2842527467,240,2021
215,USD_CHF,2021-03-04 16:00:00,2021-03-04 20:00:00,0.928585,0.9230861442,2021-03-17 20:00:00,0.9230411442,stoploss,-1.008183521,55,3.397979603,-3.759873069,0.9,0.9,0.91934,14,3.346150639,0.9669117647,0.90268,0.002749427922,13,2021
216,EUR_NZD,2021-03-05 00:00:00,2021-03-05 04:00:00,1.6686,1.656012939,2021-03-09 00:00:00,1.655822939,stoploss,-1.015094866,12,2.412000769,-1.592905646,3.8,3.8,1.667,6,0.2256285304,0.7594167679,1.65224,0.006293530332,2,2021
217,AUD_NZD,2021-03-05 04:00:00,2021-03-05 08:00:00,1.076485,1.071384661,2021-03-09 00:00:00,1.071279661,stoploss,-1.020586868,11,3.553685581,-1.42245456,2.1,2.1,1.07555,9,0.3215472747,1,1.06324,0.002550169336,0,2021
218,CHF_JPY,2021-03-05 08:00:00,2021-03-05 12:00:00,116.716,116.0766527,2021-03-24 04:00:00,116.0656527,stoploss,-1.017205047,77,5.316359491,-1.263788899,2.2,2.2,116.574,6,0.4129211255,0.8508158508,116.263,0.3196736418,53,2021
219,GBP_JPY,2021-03-08 16:00:00,2021-03-08 20:00:00,150.685,149.5936605,2021-03-23 12:00:00,149.5836605,stoploss,-1.009163051,65,2.499680332,-1.976470116,2.4,2,150.369,8,0.5589461152,0.980861244,148.113,0.5456697734,45,2021
220,GBP_NZD,2021-03-09 00:00:00,2021-03-09 04:00:00,1.94292,1.928736683,2021-03-11 08:00:00,1.928466683,stoploss,-1.019036449,14,2.756759848,-1.8444204,5.6,5.4,1.94158,9,0.1508814853,0.9147982063,1.9107,0.007091658715,1,2021
221,USD_JPY,2021-03-09 12:00:00,2021-03-09 16:00:00,108.879,108.3227616,2021-04-19 08:00:00,108.3197616,stoploss,-1.005393371,173,3.751988223,-2.520501911,0.6,0.6,108.645,12,0.8305790892,0.7181008902,106.668,0.2781192098,93,2021
222,AUD_USD,2021-03-10 20:00:00,2021-03-11 00:00:00,0.77333,0.7657145172,2021-03-23 12:00:00,0.7656645172,stoploss,-1.006565572,52,1.519273348,-2.648551723,1,1,0.77258,6,0.2074720735,0.7956656347,0.76213,0.003807741383,32,2021
223,EUR_USD,2021-03-10 20:00:00,2021-03-11 00:00:00,1.192845,1.186785121,2021-03-23 16:00:00,1.186770121,stoploss,-1.002475297,53,3.65931396,-3.702219107,0.3,0.3,1.19157,8,0.41915028,0.9507042254,1.18356,0.003029939524,5,2021
224,NZD_CHF,2021-03-11 00:00:00,2021-03-11 04:00:00,0.670025,0.6640115776,2021-03-16 12:00:00,0.6639265776,stoploss,-1.014135046,21,0.2502734547,-3.910418796,1.7,1.7,0.66951,10,0.1396875096,0.9857433809,0.66029,0.003006711202,1,2021
225,NZD_USD,2021-03-11 00:00:00,2021-03-11 04:00:00,0.719765,0.7127905354,2021-03-23 00:00:00,0.7127355354,stoploss,-1.00788591,48,1.273932915,-3.649742526,1.1,1.1,0.71913,18,0.1634534072,0.9113924051,0.70989,0.003487232294,31,2021
226,AUD_CAD,2021-03-11 04:00:00,2021-03-11 08:00:00,0.977455,0.9716940603,2021-03-12 12:00:00,0.9715990603,stoploss,-1.016490365,8,0.3862217111,-5.531215651,1.9,1.9,0.97614,8,0.4235420113,0.8686440678,0.96656,0.002880469865,0,2021
227,AUD_CHF,2021-03-11 04:00:00,2021-03-11 08:00:00,0.72103,0.7154354167,2021-03-16 12:00:00,0.7153654167,stoploss,-1.012512103,20,0.5398078546,-3.537350147,1.4,1.4,0.71967,11,0.4575854662,0.8285714286,0.70858,0.002797291642,0,2021
228,NZD_CAD,2021-03-11 04:00:00,2021-03-11 08:00:00,0.908615,0.9032498675,2021-03-12 08:00:00,0.9031348675,stoploss,-1.021434699,7,0.4631758871,-6.561813725,2.3,2.3,0.90821,20,0.1081054384,0.8524590164,0.89991,0.002682566244,0,2021
229,AUD_NZD,2021-03-11 16:00:00,2021-03-11 20:00:00,1.077585,1.073541358,2021-04-28 04:00:00,1.073371358,stoploss,-1.042041311,201,4.210313633,-2.066206778,2.1,3.4,1.07719,10,0.1335429875,0.8992805755,1.07016,0.002021820877,69,2021
230,EUR_GBP,2021-03-12 12:00:00,2021-03-12 16:00:00,0.85889,0.855242526,2021-03-17 08:00:00,0.855202526,stoploss,-1.010966494,17,3.575076892,-3.213182605,0.8,0.8,0.85817,7,0.3728607801,0.8852040816,0.85484,0.001823736999,10,2021
231,EUR_NZD,2021-03-16 08:00:00,2021-03-16 12:00:00,1.66306,1.653832229,2021-03-16 16:00:00,1.653642229,stoploss,-1.020590021,2,3.890430364,-1.572427426,3.8,3.8,1.66172,4,0.2492476278,0.7824377457,1.65109,0.004613885437,0,2021
232,AUD_CAD,2021-03-18 00:00:00,2021-03-18 04:00:00,0.969735,0.964106851,2021-03-23 08:00:00,0.964011851,stoploss,-1.01687944,20,1.095386787,-6.118352636,1.9,1.9,0.96784,13,0.6431954855,0.8929765886,0.96191,0.002814074478,3,2021
233,GBP_CAD,2021-03-18 16:00:00,2021-03-18 20:00:00,1.73964,1.730247596,2021-03-22 12:00:00,1.730107596,stoploss,-1.014905662,11,2.029299375,-5.795108342,2.8,2.8,1.73522,7,0.9177628864,0.9799578059,1.72353,0.004696202106,0,2021
234,GBP_NZD,2021-03-18 20:00:00,2021-03-19 00:00:00,1.94342,1.931747731,2021-03-19 16:00:00,1.931477731,stoploss,-1.02313175,5,3.306983466,-2.362008657,5.2,5.4,1.94048,8,0.4574946039,0.7510204082,1.92031,0.00583613441,3,2021
235,USD_CHF,2021-03-19 12:00:00,2021-03-19 16:00:00,0.931125,0.9251432288,2021-03-22 12:00:00,0.9250982288,stoploss,-1.007522855,6,2.699033336,-5.444039677,0.9,0.9,0.93053,5,0.1805485291,0.8118609407,0.92135,0.002990885623,0,2021
236,EUR_GBP,2021-03-22 12:00:00,2021-03-22 16:00:00,0.86177,0.8572681797,2021-03-25 16:00:00,0.8572281797,stoploss,-1.008885295,19,2.25686483,-3.243132531,0.8,0.8,0.86052,16,0.5420029709,0.7589498807,0.85331,0.002250910171,10,2021
237,EUR_CAD,2021-03-22 16:00:00,2021-03-22 20:00:00,1.4945,1.48754881,2021-03-23 16:00:00,1.48745881,stoploss,-1.012947424,6,3.564857482,-5.223566391,1.8,1.8,1.49065,6,1.087583639,0.791015625,1.47934,0.003475594765,4,2021
238,NZD_CAD,2021-03-22 16:00:00,2021-03-22 20:00:00,0.898445,0.8934951548,2021-03-23 00:00:00,0.8933801548,stoploss,-1.02323305,2,1.94450527,-6.486061475,2.3,2.3,0.89725,6,0.3959719823,0.5620689655,0.89247,0.00247492258,0,2021
239,EUR_NZD,2021-03-22 20:00:00,2021-03-23 00:00:00,1.66661,1.658201746,2021-05-18 00:00:00,1.68383,time_exit,2.047987636,240,3.847409991,-0.6695801622,3.8,3.8,1.66347,5,0.692177006,0.6753246753,1.64855,0.004204126942,9,2021
240,EUR_AUD,2021-03-23 00:00:00,2021-03-23 04:00:00,1.54408,1.535791653,2021-03-30 04:00:00,1.535671653,stoploss,-1.014478158,31,3.152618852,-1.009851504,2.4,2.4,1.5411,12,0.6901255199,0.7449392713,1.52698,0.004144173657,7,2021
241,GBP_AUD,2021-03-23 04:00:00,2021-03-23 08:00:00,1.79909,1.789051521,2021-04-14 12:00:00,1.788851521,stoploss,-1.019923337,98,2.725512568,-2.499382688,4,4,1.79607,5,0.5618381172,0.9346405229,1.7813,0.005019239375,42,2021
242,USD_CAD,2021-03-23 04:00:00,2021-03-23 08:00:00,1.255175,1.248434271,2021-04-15 08:00:00,1.248369271,stoploss,-1.009642874,103,1.518381788,-7.995426134,1.3,1.3,1.25474,9,0.1097804126,0.9466666667,1.23648,0.003370364449,32,2021
243,GBP_NZD,2021-03-24 12:00:00,2021-03-24 16:00:00,1.96693,1.953920057,2021-04-07 16:00:00,1.953650057,stoploss,-1.020753357,61,1.159882058,-3.926227668,5.4,5.4,1.94529,18,3.28979139,0.7305389222,1.92031,0.006504971734,16,2021
244,GBP_JPY,2021-03-25 12:00:00,2021-03-25 16:00:00,149.669,148.7347857,2021-05-20 16:00:00,154.008,time_exit,4.644544698,240,5.524428482,-0.65295512,2,2.4,149.444,5,0.4645615116,0.6756152125,148.528,0.4671071421,225,2021
245,USD_CHF,2021-03-25 16:00:00,2021-03-25 20:00:00,0.939165,0.9345684424,2021-04-06 16:00:00,0.9345234424,stoploss,-1.009789935,48,1.763276055,-9.382020959,0.9,0.9,0.93698,8,0.9267805052,0.8270833333,0.92227,0.002298278814,28,2021
246,AUD_CHF,2021-03-26 00:00:00,2021-03-26 04:00:00,0.71455,0.7093967199,2021-04-07 08:00:00,0.7093267199,stoploss,-1.013583582,50,1.014887594,-3.780116698,1.4,1.4,0.71367,8,0.3027198177,0.987804878,0.70856,0.00257664003,12,2021
247,NZD_CHF,2021-03-26 00:00:00,2021-03-26 04:00:00,0.655315,0.6509244247,2021-04-07 16:00:00,0.6508394247,stoploss,-1.01935965,52,2.078315328,-2.568000584,1.7,1.7,0.65388,4,0.610398365,0.9785407725,0.6507,0.002195287663,38,2021
248,AUD_JPY,2021-03-26 04:00:00,2021-03-26 08:00:00,83.304,82.6464696,2021-05-21 08:00:00,84.3735,time_exit,1.626540768,240,3.799063898,-0.4091065606,0.8,0.9,83.037,9,0.8030046989,0.9929328622,82.284,0.3287651994,187,2021
249,NZD_JPY,2021-03-26 04:00:00,2021-03-26 08:00:00,76.308,75.74039116,2021-05-21 08:00:00,78.158,time_exit,3.259286779,240,5.489696002,-0.2942166984,1.4,1,76.216,4,0.2959784751,0.9904761905,75.609,0.2838044219,188,2021
250,EUR_JPY,2021-03-26 08:00:00,2021-03-26 12:00:00,129.101,128.5137816,2021-05-21 12:00:00,132.783,time_exit,6.270239473,240,7.385667734,-0.4580919115,1.4,1.4,128.944,6,0.5108831727,0.9249492901,128.292,0.2936092007,227,2021
251,NZD_CAD,2021-03-26 08:00:00,2021-03-26 12:00:00,0.879295,0.8742154478,2021-05-12 08:00:00,0.8740704478,stoploss,-1.028545823,198,5.664869433,-2.853597999,2.3,2.9,0.87854,4,0.2519907167,0.9888475836,0.87341,0.002539776101,109,2021
252,CHF_JPY,2021-03-26 12:00:00,2021-03-26 16:00:00,116.721,116.1654274,2021-05-21 16:00:00,121.068,time_exit,7.824359802,240,8.64693455,-0.5471832022,2.2,2.2,116.671,6,0.14039569,0.8352941176,115.908,0.2777863052,226,2021
253,AUD_USD,2021-03-26 20:00:00,2021-03-29 00:00:00,0.76317,0.7578249286,2021-04-01 04:00:00,0.7577749286,stoploss,-1.009354412,20,4.849327134,-1.872753264,1,1,0.76281,13,0.4864294193,0.9961685824,0.75628,0.002672535723,7,2021
254,GBP_CAD,2021-03-29 08:00:00,2021-03-29 12:00:00,1.74174,1.732448854,2021-03-29 20:00:00,1.732308854,stoploss,-1.015068109,3,1.825393777,-6.084287159,2.8,2.8,1.73804,4,0.7663209724,0.6571136131,1.71783,0.004645572976,0,2021
255,NZD_USD,2021-03-29 16:00:00,2021-03-29 20:00:00,0.701335,0.6962768403,2021-04-01 04:00:00,0.6962218403,stoploss,-1.01087352,15,5.76593103,-1.34139695,1.1,1.1,0.70019,6,0.4309867871,0.8178571429,0.69431,0.002529079853,2,2021
256,CAD_CHF,2021-03-31 12:00:00,2021-03-31 16:00:00,0.749465,0.7454866412,2021-04-06 12:00:00,0.7454116412,stoploss,-1.018851995,24,0.8407989708,-6.124384731,1.5,1.5,0.74884,6,0.2664415274,0.9428571429,0.74193,0.001989179409,5,2021
257,EUR_AUD,2021-04-01 00:00:00,2021-04-01 04:00:00,1.54519,1.537249568,2021-05-27 04:00:00,1.57564,time_exit,3.834803961,240,4.64080545,-0.6208730223,2.4,2.4,1.5445,7,0.1435690153,0.5874439462,1.53571,0.003970215989,224,2021
258,EUR_CHF,2021-04-01 00:00:00,2021-04-01 04:00:00,1.10804,1.104271426,2021-04-07 08:00:00,1.104221426,stoploss,-1.013267617,26,1.008338889,-4.07581193,1,1,1.10691,8,0.5678540059,0.8756218905,1.10326,0.001884287139,2,2021
259,EUR_USD,2021-04-01 16:00:00,2021-04-01 20:00:00,1.177305,1.172230257,2021-05-27 20:00:00,1.218735,time_exit,8.163960386,240,9.721674768,-0.6867342975,0.3,0.7,1.17598,6,0.5162823126,0.8300970874,1.17041,0.00253737145,226,2021
260,NZD_USD,2021-04-02 00:00:00,2021-04-02 04:00:00,0.703325,0.6978982571,2021-05-28 04:00:00,0.727805,time_exit,4.510993127,240,5.219521255,-0.6716736089,1.1,1.1,0.70255,8,0.2800943445,0.8603896104,0.69455,0.002713371459,229,2021
261,EUR_CAD,2021-04-02 08:00:00,2021-04-02 12:00:00,1.48021,1.47405916,2021-05-05 08:00:00,1.47396916,stoploss,-1.014632148,138,6.35197818,-3.579998964,1.8,1.8,1.47973,4,0.1398183065,0.9911504425,1.47252,0.003075419885,79,2021
262,GBP_CAD,2021-04-05 04:00:00,2021-04-05 08:00:00,1.7398,1.732476691,2021-04-07 20:00:00,1.732336691,stoploss,-1.019117041,16,2.580800571,-7.454280592,2.8,2.8,1.73922,9,0.1283572771,0.897338403,1.72947,0.00366165449,6,2021
263,AUD_CAD,2021-04-05 16:00:00,2021-04-05 20:00:00,0.959555,0.9551190921,2021-04-06 12:00:00,0.9550240921,stoploss,-1.021416135,5,3.684702317,-6.74382807,1.9,1.9,0.95839,7,0.4779179511,0.9894736842,0.94903,0.002217953934,4,2021
264,AUD_USD,2021-04-05 16:00:00,2021-04-05 20:00:00,0.76553,0.7606071729,2021-04-07 20:00:00,0.7605571729,stoploss,-1.010156765,13,4.785867814,-1.440229321,1,1,0.76375,9,0.7028481595,0.7963636364,0.75316,0.002461413574,8,2021
265,GBP_USD,2021-04-06 04:00:00,2021-04-06 08:00:00,1.390585,1.384832233,2021-04-06 08:00:00,1.384777233,stoploss,-1.009560617,1,5.964955893,-4.127579125,1.1,1.1,1.38514,11,1.873880942,0.8631578947,1.37057,0.002876383381,0,2021
266,EUR_GBP,2021-04-06 08:00:00,2021-04-06 12:00:00,0.8527,0.8493206184,2021-06-01 12:00:00,0.86179,time_exit,2.689841227,240,5.690390187,-0.01183648505,0.8,0.8,0.852,11,0.3965222491,0.9318181818,0.84717,0.001689690809,81,2021
267,CAD_CHF,2021-04-09 12:00:00,2021-04-09 16:00:00,0.738695,0.7344467106,2021-04-12 16:00:00,0.7343717106,stoploss,-1.017654165,7,3.169511013,-3.200111565,1.5,1.5,0.73754,7,0.5037321625,0.908045977,0.73398,0.002124144694,0,2021
268,GBP_NZD,2021-04-12 12:00:00,2021-04-12 16:00:00,1.95552,1.944306256,2021-04-14 04:00:00,1.944066256,stoploss,-1.021402308,10,1.964553541,-3.537623193,5.4,4.8,1.95286,5,0.4298296898,0.8512658228,1.95371,0.005606871878,4,2021
269,AUD_CAD,2021-04-14 04:00:00,2021-04-14 08:00:00,0.960955,0.9563177711,2021-04-29 16:00:00,0.9562227711,stoploss,-1.020486373,69,3.222829927,-7.839811441,1.9,1.9,0.95971,4,0.4873600291,0.9164086687,0.95329,0.002318614438,32,2021
270,AUD_USD,2021-04-14 04:00:00,2021-04-14 08:00:00,0.76636,0.7616505274,2021-06-09 08:00:00,0.7738,time_exit,1.579794724,240,4.826442752,-0.411935721,1,1,0.76355,9,1.172105763,0.8614457831,0.75844,0.002354736311,109,2021
271,NZD_CHF,2021-04-14 04:00:00,2021-04-14 08:00:00,0.651985,0.6475160017,2021-05-17 12:00:00,0.6474310017,stoploss,-1.019019922,140,2.375252662,-2.326024627,1.7,1.7,0.65123,4,0.3266951376,0.875,0.64651,0.002234499127,6,2021
272,AUD_CHF,2021-04-14 08:00:00,2021-04-14 12:00:00,0.70673,0.7024631807,2021-05-04 16:00:00,0.7023431807,stoploss,-1.028123994,86,2.266325198,-3.871736533,1.4,2.4,0.70523,5,0.6749758606,0.7795918367,0.70126,0.002133409629,6,2021
273,GBP_USD,2021-04-14 08:00:00,2021-04-14 12:00:00,1.37948,1.372379064,2021-04-16 08:00:00,1.372339064,stoploss,-1.00563306,12,6.396339497,-1.113937592,0.8,0.8,1.37682,5,0.7379308446,0.6821345708,1.36684,0.003550468203,6,2021
274,EUR_CHF,2021-04-14 12:00:00,2021-04-14 16:00:00,1.10336,1.099858473,2021-04-19 08:00:00,1.099808473,stoploss,-1.014279484,17,1.193764856,-3.678395058,1,1,1.1013,6,1.142358714,0.8899297424,1.09754,0.001750763553,3,2021
275,CAD_CHF,2021-04-15 00:00:00,2021-04-15 04:00:00,0.737625,0.7334445756,2021-04-16 08:00:00,0.7333695756,stoploss,-1.017940762,8,3.476919742,-2.996107311,1.5,1.5,0.73565,8,0.9089986253,0.988700565,0.73159,0.002090212182,1,2021
276,GBP_CAD,2021-04-19 04:00:00,2021-04-19 08:00:00,1.73228,1.723452756,2021-04-26 16:00:00,1.723312756,stoploss,-1.01585999,33,2.993006618,-5.332355091,2.8,2.8,1.73073,9,0.3217312186,0.812967581,1.71751,0.004413622048,9,2021
277,GBP_CHF,2021-04-19 04:00:00,2021-04-19 08:00:00,1.275415,1.268257513,2021-04-19 12:00:00,1.268122513,stoploss,-1.018861369,2,0.9214127833,-2.399585224,1.9,2.7,1.27486,10,0.1229481803,0.8933649289,1.26235,0.00357874349,1,2021
278,GBP_USD,2021-04-19 16:00:00,2021-04-19 20:00:00,1.3986,1.390432594,2021-04-21 16:00:00,1.390387594,stoploss,-1.005509705,12,3.220116686,-2.31285187,0.8,0.9,1.38085,13,4.339199062,0.8689516129,1.36934,0.004083702947,3,2021
279,EUR_CHF,2021-04-20 08:00:00,2021-04-20 12:00:00,1.10396,1.100468128,2021-04-30 08:00:00,1.100418128,stoploss,-1.014318966,48,1.025237945,-4.851265585,1,1,1.10299,6,0.5269379384,0.7624309392,1.09928,0.001745936159,35,2021
280,USD_CAD,2021-04-20 16:00:00,2021-04-20 20:00:00,1.259275,1.252648222,2021-04-21 16:00:00,1.252583222,stoploss,-1.009808688,6,0.9257892458,-8.845173046,1.3,1.3,1.25438,5,1.46074,0.9486215539,1.2471,0.003313389105,5,2021
281,GBP_AUD,2021-04-21 04:00:00,2021-04-21 08:00:00,1.80559,1.794162399,2021-04-22 12:00:00,1.793962399,stoploss,-1.017501487,8,3.442542419,-2.402954114,4,4,1.80455,8,0.1540130823,0.6942857143,1.774,0.005713800327,0,2021
282,USD_CHF,2021-04-21 08:00:00,2021-04-21 12:00:00,0.918395,0.9140388049,2021-04-23 20:00:00,0.9139938049,stoploss,-1.010330116,15,0.2651396426,-5.919156438,0.9,0.9,0.91698,5,0.6519450953,0.9620253165,0.91287,0.002178097527,1,2021
283,CAD_CHF,2021-04-21 16:00:00,2021-04-21 20:00:00,0.73424,0.7289690401,2021-06-16 20:00:00,0.738855,time_exit,0.8755520979,240,3.399760259,-0.6962678655,1.6,1.9,0.73264,8,0.565361918,0.8130165289,0.7251,0.002635479951,89,2021
284,GBP_USD,2021-04-26 04:00:00,2021-04-26 08:00:00,1.390275,1.383546915,2021-04-30 16:00:00,1.383501915,stoploss,-1.006688382,27,5.146338408,-1.729318336,0.9,0.9,1.38955,4,0.2021377685,0.7487922705,1.38238,0.003364042281,17,2021
285,USD_CHF,2021-04-27 08:00:00,2021-04-27 12:00:00,0.916845,0.9128265292,2021-04-27 12:00:00,0.9127815292,stoploss,-1.01119829,1,1.748177446,-6.030901124,0.9,0.9,0.9166,4,0.1045173704,0.8292682927,0.91215,0.002009235395,0,2021
286,USD_JPY,2021-04-27 08:00:00,2021-04-27 12:00:00,108.354,107.8652617,2021-06-22 12:00:00,110.476,time_exit,4.34179189,240,5.051783307,-0.3069127161,0.6,0.6,108.145,10,0.8429869268,0.8008658009,107.477,0.2443691515,219,2021
287,AUD_NZD,2021-04-30 12:00:00,2021-04-30 16:00:00,1.07486,1.070807484,2021-05-26 00:00:00,1.070702484,stoploss,-1.025909827,105,1.759400667,-3.713741942,3.4,2.1,1.07413,5,0.2813066986,0.8412698413,1.07096,0.002026258183,11,2021
288,USD_CHF,2021-04-30 16:00:00,2021-04-30 20:00:00,0.912975,0.9083352947,2021-05-06 12:00:00,0.9082902947,stoploss,-1.009698892,23,2.348209493,-4.389287409,0.9,0.9,0.91194,6,0.4224406247,0.8680738786,0.90791,0.002319852644,15,2021
289,CAD_JPY,2021-05-03 00:00:00,2021-05-03 04:00:00,89.105,88.5866387,2021-05-04 12:00:00,88.5806387,stoploss,-1.011574938,9,4.01264525,-2.203096575,1.2,1.2,88.857,8,0.9337116832,0.8662952646,88.53,0.259180649,1,2021
290,GBP_NZD,2021-05-03 08:00:00,2021-05-03 12:00:00,1.93508,1.923371354,2021-05-06 12:00:00,1.922926354,stoploss,-1.038006102,19,5.179932759,-1.642376042,9.4,8.9,1.93147,10,0.5346476351,0.9987373737,1.91676,0.005854323099,6,2021
291,GBP_AUD,2021-05-03 12:00:00,2021-05-03 16:00:00,1.79535,1.78643867,2021-05-06 16:00:00,1.78623867,stoploss,-1.02244334,19,6.392985447,-1.669784509,4,4,1.79402,4,0.2536097439,0.9608433735,1.77813,0.004455664765,6,2021
292,GBP_CHF,2021-05-05 08:00:00,2021-05-05 12:00:00,1.272075,1.265201206,2021-05-06 08:00:00,1.265106206,stoploss,-1.013820606,6,1.973437082,-2.012716699,1.9,1.9,1.27147,5,0.145480065,0.6322869955,1.25847,0.003436897007,0,2021
293,CAD_JPY,2021-05-06 12:00:00,2021-05-06 16:00:00,89.341,88.8945437,2021-06-18 08:00:00,88.8885437,stoploss,-1.013439165,185,4.130303477,-3.086528303,1.2,1.2,88.957,13,1.684375387,0.9862068966,88.432,0.223228149,108,2021
294,AUD_CAD,2021-05-07 12:00:00,2021-05-07 16:00:00,0.952015,0.9464512735,2021-05-12 04:00:00,0.9463562735,stoploss,-1.017074887,16,0.6569338036,-4.927452866,1.9,1.9,0.95119,9,0.2552246241,0.862585034,0.94559,0.002781863241,5,2021
295,GBP_USD,2021-05-07 12:00:00,2021-05-07 16:00:00,1.395395,1.388251849,2021-06-18 08:00:00,1.388206849,stoploss,-1.006299741,179,4.130530233,-3.112772064,0.9,0.9,1.39407,6,0.3527855004,0.770755886,1.37971,0.003571575359,99,2021
296,GBP_NZD,2021-05-10 08:00:00,2021-05-10 12:00:00,1.932425,1.919588572,2021-07-05 12:00:00,1.97029,time_exit,2.949808112,240,4.931667834,-0.1647654604,9.3,9,1.92976,5,0.3349841511,0.7310810811,1.91585,0.006418214094,173,2021
297,GBP_AUD,2021-05-10 12:00:00,2021-05-10 16:00:00,1.79363,1.783109096,2021-07-05 16:00:00,1.83937,time_exit,4.347535133,240,5.578417948,-0.1691869816,4,4,1.7929,7,0.1045537527,0.8472012103,1.78047,0.005260452026,183,2021
298,GBP_CHF,2021-05-10 16:00:00,2021-05-10 20:00:00,1.272805,1.265403041,2021-05-25 16:00:00,1.265308041,stoploss,-1.012834441,66,1.734000531,-1.552967363,1.9,1.9,1.26512,8,2.050808575,0.9889298893,1.25824,0.003700979258,11,2021
299,EUR_CHF,2021-05-11 16:00:00,2021-05-11 20:00:00,1.09855,1.094877777,2021-05-13 16:00:00,1.094827777,stoploss,-1.013615731,12,1.165506543,-3.139787486,1,1,1.09765,13,0.4683811341,0.9611650485,1.09353,0.001836111528,0,2021
300,USD_CAD,2021-05-13 08:00:00,2021-05-13 12:00:00,1.214045,1.207155665,2021-05-17 16:00:00,1.207090665,stoploss,-1.009434873,14,6.525303241,-1.942858056,1.3,1.3,1.21322,7,0.2206308737,0.5890736342,1.20457,0.003444667499,2,2021
301,NZD_CAD,2021-05-14 16:00:00,2021-05-14 20:00:00,0.87743,0.8717877908,2021-05-17 12:00:00,0.8716477908,stoploss,-1.024812976,5,1.350534829,-3.099849627,2.8,2.8,0.8748,5,0.8861777092,0.7902298851,0.86634,0.002821104587,0,2021
302,EUR_CHF,2021-05-17 20:00:00,2021-05-18 00:00:00,1.09743,1.094232777,2021-05-21 16:00:00,1.094182777,stoploss,-1.015638573,23,1.688965895,-4.732232221,1,1,1.09614,8,0.7631623674,0.7161290323,1.09268,0.001598611321,9,2021
303,GBP_CAD,2021-05-18 16:00:00,2021-05-18 20:00:00,1.71113,1.703864373,2021-05-24 00:00:00,1.703724373,stoploss,-1.019268811,20,3.264687147,-1.895225211,2.8,2.8,1.70991,8,0.3000429165,0.5526315789,1.70075,0.003632813641,15,2021
304,EUR_CAD,2021-05-19 00:00:00,2021-05-19 04:00:00,1.47534,1.468779505,2021-05-21 12:00:00,1.468689505,stoploss,-1.013718477,15,2.46018025,-2.673578785,1.8,1.8,1.47419,9,0.3200978021,0.8178294574,1.45819,0.003280247453,3,2021
305,USD_CAD,2021-05-19 08:00:00,2021-05-19 12:00:00,1.208665,1.202813861,2021-05-21 16:00:00,1.202748861,stoploss,-1.011108947,14,8.602597878,-1.368109586,1.3,1.3,1.20812,4,0.1674887438,0.7553191489,1.20128,0.002925569736,6,2021
306,NZD_CAD,2021-05-24 16:00:00,2021-05-24 20:00:00,0.869605,0.8646474656,2021-06-03 16:00:00,0.8644774656,stoploss,-1.03429124,48,4.325739013,-1.949557825,2.3,3.4,0.86899,7,0.2017131739,0.6735294118,0.86312,0.002478767204,10,2021
307,NZD_JPY,2021-05-25 00:00:00,2021-05-25 04:00:00,78.555,78.03402577,2021-06-16 20:00:00,78.02902577,stoploss,-1.009597404,101,3.121075677,-5.796831823,1,1,78.499,9,0.1996259966,0.9443099274,77.925,0.2604871154,16,2021
308,CHF_JPY,2021-05-25 08:00:00,2021-05-25 12:00:00,121.697,121.1559044,2021-06-17 08:00:00,121.1449044,stoploss,-1.020329126,102,1.981165749,-5.422332378,2.2,2.2,121.425,4,0.9647094414,0.9512761021,120.543,0.2705477824,89,2021
309,EUR_CAD,2021-05-25 08:00:00,2021-05-25 12:00:00,1.47636,1.469856031,2021-05-28 00:00:00,1.469766031,stoploss,-1.013837705,16,5.167613911,-2.853642196,1.8,1.8,1.47592,4,0.1107016369,0.8574297189,1.46691,0.003251984434,7,2021
310,EUR_JPY,2021-05-25 08:00:00,2021-05-25 12:00:00,133.309,132.798577,2021-06-11 16:00:00,132.793577,stoploss,-1.009795797,80,1.598674009,-8.822094438,1.4,1,133.045,5,1.003089574,0.9297423888,132.523,0.2552115052,31,2021
311,EUR_CHF,2021-05-25 12:00:00,2021-05-25 16:00:00,1.09824,1.094975693,2021-05-26 12:00:00,1.094925693,stoploss,-1.015317187,6,0.6096240597,-5.4590456,1,1,1.09646,6,1.05994937,0.9130434783,1.09281,0.00163215343,0,2021
312,NZD_CHF,2021-05-25 12:00:00,2021-05-25 16:00:00,0.648585,0.6442107508,2021-06-08 16:00:00,0.6441257508,stoploss,-1.019431906,61,1.923758724,-3.556038853,1.7,1.7,0.64801,12,0.2148940226,0.7758112094,0.64159,0.002187124585,12,2021
313,AUD_CAD,2021-05-26 04:00:00,2021-05-26 08:00:00,0.938895,0.934257275,2021-05-27 16:00:00,0.934162275,stoploss,-1.020484181,9,0.6393220814,-3.082330237,1.9,1.9,0.93583,9,1.285112852,0.9114832536,0.93094,0.0023188625,1,2021
314,AUD_CHF,2021-05-26 04:00:00,2021-05-26 08:00:00,0.69691,0.6929581337,2021-05-28 16:00:00,0.6928381337,stoploss,-1.0303654,15,0.8223962419,-6.809440883,2.4,2.4,0.69593,5,0.4352373957,0.858490566,0.69204,0.001975933154,8,2021
315,AUD_JPY,2021-05-26 04:00:00,2021-05-26 08:00:00,84.7595,84.27357957,2021-06-16 20:00:00,84.26907957,stoploss,-1.009260775,94,0.8880054651,-10.12820138,0.9,0.9,84.606,15,0.6132691277,0.9221556886,83.971,0.2429602165,29,2021
316,GBP_CAD,2021-05-26 12:00:00,2021-05-26 16:00:00,1.7138,1.706028474,2021-06-01 12:00:00,1.705888474,stoploss,-1.018014479,24,5.535592053,-2.115414536,2.8,2.8,1.70979,7,0.9933698431,0.8733705773,1.70278,0.00388576322,18,2021
317,USD_CAD,2021-05-26 12:00:00,2021-05-26 16:00:00,1.211605,1.205724575,2021-05-27 16:00:00,1.205659575,stoploss,-1.011053622,7,11.74659896,-1.861259872,1.3,1.3,1.2078,5,1.265214568,0.9001883239,1.20275,0.002940212746,3,2021
318,USD_CHF,2021-05-27 00:00:00,2021-05-27 04:00:00,0.898055,0.893703006,2021-06-09 16:00:00,0.893658006,stoploss,-1.010340088,58,6.761268441,-1.251150609,0.9,0.9,0.89747,8,0.2481621042,0.777173913,0.89308,0.002175997023,37,2021
319,GBP_CHF,2021-05-27 12:00:00,2021-05-27 16:00:00,1.274115,1.268059307,2021-06-01 16:00:00,1.267964307,stoploss,-1.015687717,19,1.903167728,-3.952478921,1.9,1.9,1.26981,6,1.413545835,0.868556701,1.26462,0.003027846635,15,2021
320,GBP_JPY,2021-05-27 12:00:00,2021-05-27 16:00:00,154.829,154.1642025,2021-06-10 08:00:00,154.1522025,stoploss,-1.018050608,59,1.87275059,-9.581864465,2.4,2.4,154.344,6,1.413964301,0.7712137487,153.734,0.3323987739,1,2021
321,EUR_AUD,2021-05-28 12:00:00,2021-05-28 16:00:00,1.57987,1.573094637,2021-06-02 04:00:00,1.572974637,stoploss,-1.017711229,16,4.883871448,-2.712769937,2.4,2.4,1.5774,5,0.6995935528,0.6779661017,1.56817,0.003387681305,1,2021
322,EUR_CHF,2021-05-31 12:00:00,2021-05-31 16:00:00,1.09804,1.094633837,2021-06-04 12:00:00,1.094583837,stoploss,-1.014679276,24,0.6429522813,-5.172976802,1,1,1.09771,11,0.1644078893,0.7987804878,1.09306,0.001703081289,5,2021
323,EUR_CAD,2021-05-31 16:00:00,2021-05-31 20:00:00,1.47572,1.469410547,2021-06-02 12:00:00,1.469320547,stoploss,-1.014264311,11,5.428362872,-2.840182851,1.8,1.8,1.47507,6,0.1648320405,0.5646817248,1.46795,0.003154726463,0,2021
324,EUR_USD,2021-05-31 16:00:00,2021-05-31 20:00:00,1.222865,1.217527821,2021-06-02 12:00:00,1.217492821,stoploss,-1.006557771,11,0.4805909569,-8.932621392,0.7,0.7,1.2205,5,0.8693731151,0.914893617,1.21327,0.002668589539,5,2021
325,AUD_CHF,2021-06-01 00:00:00,2021-06-01 04:00:00,0.69612,0.6926552454,2021-06-03 16:00:00,0.6925402454,stoploss,-1.033191384,16,1.166027754,-7.538773501,2.4,2.3,0.69537,10,0.3694345361,1,0.69208,0.001732377289,0,2021
326,AUD_NZD,2021-06-01 12:00:00,2021-06-01 16:00:00,1.0668,1.062217305,2021-07-14 08:00:00,1.062047305,stoploss,-1.037096076,185,3.100795571,-2.980778853,3.4,3.4,1.06583,7,0.3185898334,0.8864864865,1.05981,0.002291347442,48,2021
327,AUD_CAD,2021-06-02 00:00:00,2021-06-02 04:00:00,0.936435,0.931520876,2021-06-03 08:00:00,0.931425876,stoploss,-1.019332032,8,1.103960749,-2.99442994,1.9,1.9,0.93598,5,0.1424465483,0.7961538462,0.92964,0.002457061994,0,2021
328,EUR_NZD,2021-06-02 04:00:00,2021-06-02 08:00:00,1.68583,1.676954212,2021-07-05 20:00:00,1.676764212,stoploss,-1.021406551,142,2.950724002,-1.85786326,3.8,3.8,1.68494,13,0.1622391204,0.9809322034,1.6685,0.004437893884,74,2021
329,GBP_CAD,2021-06-03 12:00:00,2021-06-03 16:00:00,1.71193,1.704134687,2021-06-28 00:00:00,1.703994687,stoploss,-1.017959509,99,5.758588171,-1.869071723,2.8,2.8,1.71048,5,0.3386650205,0.6898954704,1.70153,0.00389765674,71,2021
330,EUR_AUD,2021-06-03 16:00:00,2021-06-03 20:00:00,1.58395,1.577190068,2021-06-04 12:00:00,1.577070068,stoploss,-1.017751657,5,4.291463191,-3.322518555,2.4,2.4,1.57994,8,1.147940516,0.8362676056,1.57246,0.003379966076,0,2021
331,USD_CAD,2021-06-03 16:00:00,2021-06-03 20:00:00,1.211135,1.205951896,2021-06-07 16:00:00,1.205886896,stoploss,-1.012540747,12,13.41763467,-1.046670042,1.3,1.3,1.20919,7,0.7254339834,0.747311828,1.20066,0.002591552151,4,2021
332,GBP_CHF,2021-06-04 08:00:00,2021-06-04 12:00:00,1.277745,1.272192152,2021-06-07 00:00:00,1.272097152,stoploss,-1.017108338,4,1.421792958,-4.964119427,1.9,1.9,1.27706,5,0.1944947934,0.806372549,1.26773,0.002776423936,0,2021
333,AUD_CAD,2021-06-07 08:00:00,2021-06-07 12:00:00,0.937155,0.9323312581,2021-06-17 16:00:00,0.9322362581,stoploss,-1.019694254,50,0.9753838552,-4.738022956,1.9,1.9,0.93649,4,0.236331051,0.9185185185,0.9246,0.002411870965,42,2021
334,NZD_CAD,2021-06-07 08:00:00,2021-06-07 12:00:00,0.872375,0.8675292248,2021-06-09 16:00:00,0.8674142248,stoploss,-1.023732013,14,3.853872534,-2.566152876,2.3,2.3,0.87123,11,0.4127306596,0.9343434343,0.86286,0.002422887606,1,2021
335,AUD_CHF,2021-06-07 12:00:00,2021-06-07 16:00:00,0.697955,0.6944409274,2021-06-08 12:00:00,0.6943209274,stoploss,-1.034148412,6,0.627477072,-9.961376375,2.3,2.4,0.69707,18,0.4382379551,0.9333333333,0.69021,0.001757036311,0,2021
336,EUR_CAD,2021-06-08 16:00:00,2021-06-08 20:00:00,1.4749,1.469943395,2021-06-11 12:00:00,1.469853395,stoploss,-1.01815759,17,7.075407646,-3.449942137,1.8,1.8,1.47361,4,0.4761323651,0.8211586902,1.46667,0.002478302435,7,2021
337,EUR_AUD,2021-06-10 00:00:00,2021-06-10 04:00:00,1.57614,1.570514352,2021-06-10 16:00:00,1.570394352,stoploss,-1.021330877,4,7.497803369,-2.604144603,2.4,2.4,1.5755,8,0.1848676032,0.8214285714,1.56659,0.002812823832,0,2021
338,USD_CAD,2021-06-11 16:00:00,2021-06-11 20:00:00,1.216455,1.211333799,2021-08-06 20:00:00,1.256405,time_exit,7.800903859,240,12.54100251,-0.7176050484,1.3,1.3,1.21247,8,1.53089077,0.9439393939,1.20571,0.002560600715,154,2021
339,GBP_JPY,2021-06-14 16:00:00,2021-06-14 20:00:00,155.275,154.5443421,2021-06-15 12:00:00,154.5323421,stoploss,-1.016423556,5,0.2860435935,-9.328579584,2.4,2.4,155.208,8,0.1505492597,0.9120171674,154.131,0.3653289302,3,2021
340,EUR_CHF,2021-06-15 04:00:00,2021-06-15 08:00:00,1.09058,1.088104942,2021-07-08 08:00:00,1.088054942,stoploss,-1.02020155,103,3.268610802,-7.640226239,1,1,1.09017,11,0.2909023211,0.6292134831,1.08702,0.001237528799,73,2021
341,EUR_JPY,2021-06-15 04:00:00,2021-06-15 08:00:00,133.491,133.0403596,2021-06-16 20:00:00,133.0353596,stoploss,-1.011095322,10,0.4238413123,-10.8711968,1,1,133.413,11,0.3284215404,0.816091954,132.648,0.2253201782,0,2021
342,EUR_AUD,2021-06-15 08:00:00,2021-06-15 12:00:00,1.57699,1.570575919,2021-06-17 04:00:00,1.570455919,stoploss,-1.018708837,11,6.443635246,-2.416558101,2.4,2.4,1.57319,10,1.15059347,0.8405572755,1.56582,0.003207040624,1,2021
343,EUR_CAD,2021-06-15 08:00:00,2021-06-15 12:00:00,1.47554,1.470534655,2021-06-16 20:00:00,1.470444655,stoploss,-1.017980777,9,6.878646096,-3.544210913,1.8,1.8,1.47487,5,0.219765051,0.8877952756,1.46772,0.002502672729,2,2021
344,EUR_GBP,2021-06-15 08:00:00,2021-06-15 12:00:00,0.8611,0.8580358915,2021-06-16 12:00:00,0.8579958915,stoploss,-1.013054368,7,1.912464898,-5.097730665,0.8,0.8,0.86055,6,0.3524679333,0.9620689655,0.85682,0.001532054263,0,2021
345,NZD_CAD,2021-06-16 08:00:00,2021-06-16 12:00:00,0.869765,0.8660061067,2021-06-16 20:00:00,0.8658911067,stoploss,-1.030594112,3,5.662571024,-2.613801283,2.3,2.3,0.86938,5,0.1436593072,0.5603448276,0.86409,0.001879446625,0,2021
346,USD_CHF,2021-06-16 20:00:00,2021-06-17 00:00:00,0.908605,0.904142355,2021-07-30 12:00:00,0.904097355,stoploss,-1.010083706,190,4.229554429,-1.518157948,0.9,0.9,0.90079,8,3.468794838,0.9722222222,0.89329,0.002231322509,68,2021
347,GBP_CHF,2021-06-17 04:00:00,2021-06-17 08:00:00,1.271625,1.266213661,2021-07-08 08:00:00,1.266118661,stoploss,-1.017555729,91,2.589931999,-3.962974793,1.9,1.9,1.27055,11,0.358506463,0.930875576,1.26131,0.002705669493,30,2021
348,CAD_CHF,2021-06-17 08:00:00,2021-06-17 12:00:00,0.742005,0.7385921839,2021-06-21 00:00:00,0.7385171839,stoploss,-1.021975987,10,1.844517801,-7.253540614,1.9,1.5,0.74127,12,0.3750568365,0.679245283,0.73592,0.001706408037,7,2021
349,NZD_CHF,2021-06-17 08:00:00,2021-06-17 12:00:00,0.644735,0.6405940051,2021-06-18 08:00:00,0.6405090051,stoploss,-1.020526468,6,3.118815715,-3.809470995,1.7,1.7,0.64379,12,0.4153591196,0.7834645669,0.63773,0.002070497455,0,2021
350,EUR_AUD,2021-06-18 16:00:00,2021-06-18 20:00:00,1.58394,1.575813316,2021-06-23 12:00:00,1.575693316,stoploss,-1.01476617,17,4.230507587,-2.762504227,2.4,2.4,1.57878,11,1.240358245,0.7887323944,1.56862,0.004063342199,9,2021
351,AUD_JPY,2021-06-22 16:00:00,2021-06-22 20:00:00,83.4845,82.8073262,2021-07-06 16:00:00,82.8028262,stoploss,-1.006645266,60,1.137817212,-6.132103796,0.9,0.9,83.273,4,0.6084110208,0.9800884956,82.13,0.3385868976,17,2021
352,CAD_JPY,2021-06-22 16:00:00,2021-06-22 20:00:00,89.751,89.08954201,2021-06-29 20:00:00,89.08354201,stoploss,-1.009070871,31,0.9872131072,-6.540097859,1.2,1.2,89.302,5,1.336441634,0.9466666667,87.963,0.3307289962,5,2021
353,EUR_USD,2021-06-22 16:00:00,2021-06-22 20:00:00,1.193515,1.188044877,2021-06-29 12:00:00,1.188009877,stoploss,-1.006398394,29,0.7321590368,-4.18729157,0.7,0.7,1.19212,6,0.486277912,0.8571428571,1.18477,0.002735061509,17,2021
354,GBP_JPY,2021-06-22 16:00:00,2021-06-22 20:00:00,154.319,153.2093055,2021-06-29 04:00:00,153.1973055,stoploss,-1.010813787,27,0.753360496,-5.280732663,2.4,2.4,153.771,4,0.964229343,0.953125,151.312,0.5548472507,4,2021
355,NZD_CHF,2021-06-22 16:00:00,2021-06-22 20:00:00,0.644745,0.6404784043,2021-07-08 08:00:00,0.6403934043,stoploss,-1.019922206,70,3.024659662,-3.699670884,1.7,1.7,0.64302,9,0.7687627811,0.9391891892,0.63769,0.002133297865,58,2021
356,AUD_USD,2021-06-22 20:00:00,2021-06-23 00:00:00,0.75539,0.7496755798,2021-06-30 08:00:00,0.7496255798,stoploss,-1.008749794,33,1.097224185,-5.451121748,1,1,0.75461,6,0.2554939888,0.576,0.74765,0.002857210079,16,2021
357,CAD_CHF,2021-06-22 20:00:00,2021-06-23 00:00:00,0.745175,0.74108164,2021-07-06 16:00:00,0.74098664,stoploss,-1.023208318,59,0.7634314999,-6.822023883,1.5,1.9,0.74466,13,0.3469032736,0.5248868778,0.73592,0.002046680023,34,2021
358,AUD_CHF,2021-06-23 00:00:00,2021-06-23 04:00:00,0.69369,0.6893335279,2021-07-02 12:00:00,0.6892135279,stoploss,-1.027545224,45,1.485146666,-7.591004675,2.4,2.4,0.69264,6,0.4223601029,0.7211895911,0.68789,0.002178236045,19,2021
359,GBP_USD,2021-06-23 08:00:00,2021-06-23 12:00:00,1.397015,1.389042153,2021-06-24 16:00:00,1.388997153,stoploss,-1.005644157,8,0.3907010893,-4.995078934,0.9,0.9,1.3937,9,0.8202841489,0.7186009539,1.37864,0.003986423491,1,2021
360,NZD_USD,2021-06-23 08:00:00,2021-06-23 12:00:00,0.703925,0.6984065077,2021-06-29 12:00:00,0.6983515077,stoploss,-1.00996649,25,1.1950728,-3.101390596,1.1,1.1,0.69989,9,1.442422971,0.8594470046,0.69632,0.00275924613,13,2021
361,NZD_CAD,2021-06-24 00:00:00,2021-06-24 04:00:00,0.867395,0.8620274172,2021-08-19 04:00:00,0.86784,time_exit,0.08290510246,240,4.407011682,-0.8746954068,2.3,2.6,0.86642,8,0.3167161218,0.9724770642,0.85994,0.002683791388,104,2021
362,AUD_CAD,2021-06-24 16:00:00,2021-06-24 20:00:00,0.934145,0.9298206629,2021-06-29 12:00:00,0.9297256629,stoploss,-1.021968685,17,1.784088461,-5.144141001,1.9,1.9,0.93273,6,0.6104981902,0.6745098039,0.92761,0.002162168572,5,2021
363,NZD_JPY,2021-06-25 00:00:00,2021-06-25 04:00:00,78.388,77.81587847,2021-06-28 00:00:00,77.81087847,stoploss,-1.008739402,6,0.6641945509,-6.68913828,1,1,78.35,6,0.1223516278,0.7978142077,76.215,0.286060763,3,2021
364,EUR_GBP,2021-06-25 12:00:00,2021-06-25 16:00:00,0.86004,0.856244209,2021-07-05 12:00:00,0.856204209,stoploss,-1.010537988,36,1.823071901,-3.962283438,0.8,0.8,0.85916,6,0.4425954904,0.8273092369,0.85304,0.001897895524,23,2021
365,EUR_AUD,2021-06-29 08:00:00,2021-06-29 12:00:00,1.58066,1.574403116,2021-07-05 20:00:00,1.574283116,stoploss,-1.019178874,27,10.04973006,-3.063825148,2.4,2.4,1.57676,17,1.208269072,0.8996282528,1.56938,0.003128442237,13,2021
366,EUR_CAD,2021-06-29 08:00:00,2021-06-29 12:00:00,1.47348,1.468668818,2021-06-30 16:00:00,1.468578818,stoploss,-1.018706423,8,7.881639765,-3.259074671,1.8,1.8,1.47264,4,0.3117737249,0.9263456091,1.46502,0.002405590786,6,2021
367,GBP_CAD,2021-06-30 00:00:00,2021-06-30 04:00:00,1.71745,1.709896332,2021-06-30 16:00:00,1.709756332,stoploss,-1.018534042,4,5.971933123,-2.659635035,2.8,2.8,1.71656,8,0.1985790221,0.8649425287,1.70074,0.003776833989,2,2021
368,USD_JPY,2021-06-30 16:00:00,2021-06-30 20:00:00,111.091,110.6642055,2021-07-06 12:00:00,110.6612055,stoploss,-1.007029145,23,1.330851371,-5.553024205,0.6,0.6,110.76,8,1.537039611,0.9836400818,110.43,0.213397233,9,2021
369,CAD_JPY,2021-07-01 12:00:00,2021-07-01 16:00:00,89.998,89.48916086,2021-07-06 12:00:00,89.48316086,stoploss,-1.011791546,18,0.3733989496,-10.46892739,1.2,1.2,89.734,5,1.014072937,0.7086419753,88.903,0.2544195694,7,2021
370,CHF_JPY,2021-07-01 12:00:00,2021-07-01 16:00:00,120.54,120.0271056,2021-07-06 08:00:00,120.0161056,stoploss,-1.021446911,17,1.302412431,-3.683019585,2.2,2.2,120.345,13,0.7213961071,0.8336933045,119.628,0.2564471837,8,2021
371,NZD_USD,2021-07-02 20:00:00,2021-07-05 00:00:00,0.701985,0.6971163276,2021-07-08 08:00:00,0.6970613276,stoploss,-1.011296714,21,1.753044643,-4.408799445,1.1,1.1,0.70101,7,0.8421186919,0.8076923077,0.69649,0.00243433618,8,2021
372,AUD_USD,2021-07-05 04:00:00,2021-07-05 08:00:00,0.75171,0.7473161094,2021-07-07 16:00:00,0.7472661094,stoploss,-1.011379437,15,1.859399947,-9.353896919,1,1,0.75078,9,0.4005561698,0.5310344828,0.74441,0.002196945314,6,2021
373,AUD_CHF,2021-07-06 00:00:00,2021-07-06 04:00:00,0.69537,0.6920125175,2021-07-06 16:00:00,0.6919375175,stoploss,-1.022338166,4,1.426664182,-13.16462565,2.4,1.5,0.69438,16,0.5599433533,0.8265682657,0.68923,0.001678741241,2,2021
374,NZD_JPY,2021-07-06 00:00:00,2021-07-06 04:00:00,78.207,77.67957789,2021-07-06 16:00:00,77.67457789,stoploss,-1.009480073,4,1.063664166,-6.912869069,1,1,78.129,6,0.273026096,0.7434640523,77.066,0.2637110557,1,2021
375,GBP_JPY,2021-07-06 04:00:00,2021-07-06 08:00:00,153.858,153.1946216,2021-07-06 16:00:00,153.1826216,stoploss,-1.018089224,3,0.3240986028,-8.138643519,2.4,2.4,153.747,7,0.2954573309,0.7113924051,152.614,0.3316891806,0,2021
376,GBP_USD,2021-07-06 04:00:00,2021-07-06 08:00:00,1.388165,1.382000017,2021-07-06 16:00:00,1.381955017,stoploss,-1.00729929,3,1.647206516,-5.024344839,0.9,0.9,1.3862,4,0.6261169033,0.7743902439,1.37316,0.003082491448,0,2021
377,GBP_CAD,2021-07-06 12:00:00,2021-07-06 16:00:00,1.7159,1.707925149,2021-08-31 16:00:00,1.73664,time_exit,2.600675443,240,5.850892776,-0.2608199094,2.8,2.8,1.71278,6,0.7573808908,0.9967105263,1.69736,0.003987425662,197,2021
378,EUR_CAD,2021-07-06 16:00:00,2021-07-06 20:00:00,1.47523,1.468024789,2021-07-07 16:00:00,1.467934789,stoploss,-1.012490959,6,5.019977754,-1.276853617,1.8,1.8,1.46713,7,2.215063449,0.8336,1.4578,0.003602605606,5,2021
379,EUR_GBP,2021-07-07 08:00:00,2021-07-07 12:00:00,0.85811,0.8551125742,2021-07-07 12:00:00,0.8550725742,stoploss,-1.013344784,1,2.952533448,-4.373752937,0.8,0.8,0.85764,4,0.2869128548,0.9663461538,0.85353,0.001498712912,0,2021
380,GBP_AUD,2021-07-07 16:00:00,2021-07-07 20:00:00,1.84276,1.832915544,2021-09-01 20:00:00,1.86856,time_exit,2.62076435,240,7.372677386,-0.3118506417,4,4,1.84071,12,0.3758460502,0.8186915888,1.82549,0.004922228127,190,2021
381,EUR_AUD,2021-07-08 04:00:00,2021-07-08 08:00:00,1.58018,1.571602898,2021-09-02 08:00:00,1.60608,time_exit,3.01966802,240,7.387110648,-0.3182893319,2.4,2.4,1.57957,6,0.1095941289,0.6542750929,1.56149,0.004288550898,186,2021
382,EUR_NZD,2021-07-08 08:00:00,2021-07-08 12:00:00,1.69648,1.683585242,2021-07-14 04:00:00,1.683395242,stoploss,-1.01473467,23,1.533181182,-2.586322327,3.8,3.8,1.69151,10,0.7429375681,0.8141762452,1.66934,0.006447378899,4,2021
383,GBP_NZD,2021-07-08 08:00:00,2021-07-08 12:00:00,1.978105,1.965361234,2021-07-16 16:00:00,1.964916234,stoploss,-1.034919033,38,2.298770969,-2.841781554,8.9,8.9,1.97467,10,0.4645408477,0.6979785969,1.95232,0.00637188315,18,2021
384,EUR_USD,2021-07-08 12:00:00,2021-07-08 16:00:00,1.185165,1.180507326,2021-07-13 12:00:00,1.180472326,stoploss,-1.00751448,18,1.224860284,-4.028834921,0.7,0.7,1.18362,6,0.6483922974,0.7894736842,1.17817,0.002328837042,7,2021
385,CHF_JPY,2021-07-09 04:00:00,2021-07-09 08:00:00,120.12,119.4915008,2021-07-19 00:00:00,119.4805008,stoploss,-1.017502012,35,1.731108089,-2.337314139,2.2,2.2,120.037,10,0.2291172471,0.8493723849,118.995,0.3142495858,11,2021
386,GBP_USD,2021-07-09 12:00:00,2021-07-09 16:00:00,1.384035,1.376503797,2021-07-16 20:00:00,1.376458797,stoploss,-1.005975141,32,1.896775438,-3.564503789,0.9,0.9,1.3797,5,1.141915909,0.980141844,1.37316,0.003765601272,3,2021
387,AUD_JPY,2021-07-12 16:00:00,2021-07-12 20:00:00,82.6505,81.97827179,2021-07-15 04:00:00,81.97377179,stoploss,-1.006694155,15,0.2491713353,-7.075722127,0.9,0.9,82.59,4,0.169585267,0.9494505495,81.319,0.3361141036,2,2021
388,USD_JPY,2021-07-12 16:00:00,2021-07-12 20:00:00,110.381,109.9090408,2021-07-15 00:00:00,109.9060408,stoploss,-1.006356482,14,0.8877886365,-3.517253309,0.6,0.6,110.258,6,0.5085185507,0.900862069,109.532,0.2359795918,7,2021
389,CAD_JPY,2021-07-12 20:00:00,2021-07-13 00:00:00,88.603,87.94367885,2021-07-14 16:00:00,87.93767885,stoploss,-1.009100269,11,0.1698716931,-5.963709796,1.2,1.2,88.56,5,0.1516711545,0.8411764706,87.104,0.3296605749,1,2021
390,EUR_JPY,2021-07-13 00:00:00,2021-07-13 04:00:00,130.99,130.4535153,2021-07-13 12:00:00,130.4485153,stoploss,-1.009319931,3,0.1808066607,-5.707525721,1,1,130.899,6,0.3243335975,0.880952381,129.62,0.2682423304,0,2021
391,GBP_JPY,2021-07-13 00:00:00,2021-07-13 04:00:00,153.362,152.4312531,2021-07-13 12:00:00,152.4192531,stoploss,-1.012892871,3,0.1321519254,-5.267812114,2.4,2.4,153.252,6,0.2105835559,0.8877192982,150.665,0.4653734695,0,2021
392,NZD_CHF,2021-07-14 04:00:00,2021-07-14 08:00:00,0.643965,0.6383666365,2021-07-16 00:00:00,0.6382816365,stoploss,-1.015183008,11,2.444464343,-3.789500259,1.7,1.7,0.64088,6,1.071741765,0.8271604938,0.63338,0.002799181759,2,2021
393,NZD_JPY,2021-07-14 04:00:00,2021-07-14 08:00:00,77.481,76.74708045,2021-07-15 20:00:00,76.74208045,stoploss,-1.006812736,10,1.58464235,-3.978637715,1,1,77.374,6,0.2806847155,0.8269794721,75.971,0.3669597748,0,2021
394,GBP_CHF,2021-07-14 08:00:00,2021-07-14 12:00:00,1.272695,1.266569494,2021-07-15 00:00:00,1.266474494,stoploss,-1.015508923,4,1.07991079,-4.183327892,1.9,1.9,1.27208,10,0.1828420386,0.8922716628,1.25673,0.003062752988,0,2021
395,CAD_CHF,2021-07-14 12:00:00,2021-07-14 16:00:00,0.735905,0.7320300336,2021-07-14 16:00:00,0.7319350336,stoploss,-1.024516342,1,0.6387152163,-7.023286712,1.9,1.9,0.7353,6,0.2683894242,0.8356164384,0.73085,0.001937483198,0,2021
396,NZD_USD,2021-07-14 12:00:00,2021-07-14 16:00:00,0.704055,0.6972875203,2021-07-15 20:00:00,0.6972325203,stoploss,-1.008127102,8,1.912824362,-3.477660978,1.1,1.1,0.70096,8,0.9013695333,0.9659863946,0.69173,0.00338373984,2,2021
397,AUD_CAD,2021-07-15 00:00:00,2021-07-15 04:00:00,0.936325,0.9313445177,2021-07-20 20:00:00,0.9312495177,stoploss,-1.019074458,23,1.11133816,-5.127013533,1.9,1.9,0.93549,8,0.2810972761,0.6544502618,0.92874,0.002490241135,14,2021
398,EUR_CAD,2021-07-15 00:00:00,2021-07-15 04:00:00,1.48257,1.474557751,2021-08-09 12:00:00,1.474467751,stoploss,-1.011232801,105,3.598240508,-2.06433916,1.8,1.8,1.48174,8,0.1847171679,0.8586956522,1.47622,0.004006124652,15,2021
399,EUR_CHF,2021-07-16 08:00:00,2021-07-16 12:00:00,1.08635,1.083314214,2021-07-19 12:00:00,1.083264214,stoploss,-1.016470197,7,1.241852887,-5.520810183,1,1,1.08512,11,0.7839813983,0.9288888889,1.08125,0.001517893157,0,2021
400,USD_JPY,2021-07-16 12:00:00,2021-07-16 16:00:00,110.317,109.8671231,2021-07-19 00:00:00,109.8641231,stoploss,-1.006668491,3,1.073627038,-3.547637168,0.6,0.6,110.089,6,1.004719298,0.9139784946,109.714,0.2249384484,0,2021
401,EUR_GBP,2021-07-16 16:00:00,2021-07-16 20:00:00,0.85725,0.8532037913,2021-07-27 08:00:00,0.8531637913,stoploss,-1.009885798,40,2.399777377,-3.027525527,0.8,0.8,0.85676,8,0.2224304469,1,0.85034,0.002023104329,11,2021
402,EUR_NZD,2021-07-19 12:00:00,2021-07-19 16:00:00,1.6979,1.685367982,2021-07-23 00:00:00,1.685177982,stoploss,-1.015161166,21,1.464249461,-3.575641326,3.8,3.8,1.69439,10,0.5282469443,0.8249097473,1.6775,0.006266008797,5,2021
403,GBP_NZD,2021-07-20 04:00:00,2021-07-20 08:00:00,1.980095,1.965052575,2021-07-21 12:00:00,1.964602575,stoploss,-1.02991539,8,1.815199386,-3.154079285,8.9,9,1.97736,4,0.3031426186,0.9657701711,1.9616,0.007521212328,0,2021
404,AUD_JPY,2021-07-21 00:00:00,2021-07-21 04:00:00,80.6635,79.94673487,2021-08-16 16:00:00,79.94223487,stoploss,-1.006278207,112,1.898111304,-3.86388773,0.9,0.9,80.601,5,0.1646285438,0.8881118881,80.012,0.3583825662,14,2021
405,CHF_JPY,2021-07-21 08:00:00,2021-07-21 12:00:00,119.558,118.9335478,2021-09-15 12:00:00,119.094,time_exit,-0.7430513252,240,2.642316135,-0.925611349,2.2,2.2,119.479,6,0.2081824833,0.9495798319,118.651,0.3122260766,47,2021
406,GBP_JPY,2021-07-21 08:00:00,2021-07-21 12:00:00,150.056,148.8524469,2021-09-15 12:00:00,151.238,time_exit,0.98209207,240,2.814167378,-0.7236905186,2.4,2.4,149.974,6,0.1146604955,0.8977407848,148.459,0.6017765728,37,2021
407,NZD_JPY,2021-07-21 08:00:00,2021-07-21 12:00:00,76.261,75.4510456,2021-08-17 08:00:00,75.4460456,stoploss,-1.006173187,114,2.942140928,-2.098883583,1,1,76.18,7,0.1876648851,0.947080292,75.264,0.4049772017,91,2021
408,AUD_USD,2021-07-21 16:00:00,2021-07-21 20:00:00,0.73506,0.7295436167,2021-08-17 08:00:00,0.7294936167,stoploss,-1.00906391,112,2.311296958,-4.432251814,1,1,0.73402,4,0.3625563856,0.7694117647,0.72995,0.002758191663,59,2021
409,CAD_JPY,2021-07-21 16:00:00,2021-07-21 20:00:00,87.834,86.96814182,2021-08-03 16:00:00,86.96214182,stoploss,-1.006929541,54,0.7252919836,-3.653023159,1.2,1.2,87.724,18,0.2402240965,0.8305582762,85.425,0.4329290922,41,2021
410,NZD_USD,2021-07-21 16:00:00,2021-07-21 20:00:00,0.696235,0.6900697598,2021-08-17 16:00:00,0.6900147598,stoploss,-1.008920983,114,3.368076419,-2.548968019,1.1,1.1,0.69334,4,0.927782187,0.76171875,0.68807,0.00308262008,59,2021
411,AUD_CHF,2021-07-22 08:00:00,2021-07-22 12:00:00,0.676775,0.6725081164,2021-07-27 16:00:00,0.6723881164,stoploss,-1.02812357,20,1.330010497,-6.000866743,2.5,2.4,0.67615,8,0.2343630831,0.8089430894,0.67,0.002133441809,6,2021
412,NZD_CHF,2021-07-22 16:00:00,2021-07-22 20:00:00,0.640625,0.6360058808,2021-07-27 16:00:00,0.6359208808,stoploss,-1.018401777,18,3.776694015,-3.869785355,1.7,1.7,0.64022,6,0.1342247228,0.9836601307,0.63303,0.002309559622,4,2021
413,USD_JPY,2021-07-23 08:00:00,2021-07-23 12:00:00,110.488,110.0547979,2021-07-27 08:00:00,110.0517979,stoploss,-1.006925174,12,0.7202180975,-4.078927495,0.6,0.6,110.359,6,0.5770978345,0.9916317992,109.065,0.2166010553,1,2021
414,EUR_JPY,2021-07-26 16:00:00,2021-07-26 20:00:00,130.319,129.718555,2021-07-27 08:00:00,129.713555,stoploss,-1.008327158,4,0.7078084021,-3.982046799,1,1,130.172,4,0.4696516927,0.9782016349,128.592,0.3002224887,0,2021
415,EUR_USD,2021-07-26 16:00:00,2021-07-26 20:00:00,1.181275,1.176590539,2021-08-06 16:00:00,1.176555539,stoploss,-1.007471511,54,2.056800309,-3.175392277,0.7,0.7,1.17865,8,1.105783664,0.8689839572,1.17519,0.002342230298,22,2021
416,GBP_USD,2021-07-26 16:00:00,2021-07-26 20:00:00,1.382775,1.375585387,2021-08-17 16:00:00,1.375540387,stoploss,-1.00625903,96,2.162147,-3.137164721,0.9,0.9,1.3787,12,1.121061745,0.8934280639,1.35719,0.003594806459,22,2021
417,GBP_NZD,2021-07-27 08:00:00,2021-07-27 12:00:00,1.98192,1.971919542,2021-08-04 04:00:00,1.971679542,stoploss,-1.023998901,35,2.547883323,-4.926774384,4.8,4.8,1.97822,5,0.6899684037,0.6950146628,1.96264,0.005000228969,8,2021
418,EUR_NZD,2021-07-27 12:00:00,2021-07-27 16:00:00,1.69499,1.685327304,2021-08-04 00:00:00,1.685137304,stoploss,-1.019663249,33,2.200214043,-4.336263801,3.8,3.8,1.69418,7,0.1283285707,0.6208251473,1.68292,0.004831348129,7,2021
419,AUD_CAD,2021-07-27 20:00:00,2021-07-28 00:00:00,0.926905,0.9225619244,2021-07-28 12:00:00,0.9224669244,stoploss,-1.0218739,4,2.476355681,-3.710504119,1.9,1.9,0.92659,7,0.2302515742,0.7556818182,0.92172,0.002171537813,1,2021
420,GBP_CHF,2021-07-28 00:00:00,2021-07-28 04:00:00,1.270035,1.263474003,2021-07-30 00:00:00,1.263379003,stoploss,-1.014479506,12,1.809938254,-3.500230063,1.9,1.9,1.26877,8,0.3566530959,0.9411764706,1.25294,0.003280498651,1,2021
421,AUD_CHF,2021-08-03 04:00:00,2021-08-03 08:00:00,0.66963,0.6654316644,2021-08-03 16:00:00,0.6653066644,stoploss,-1.029773704,3,3.053591035,-4.396980539,2.4,2.5,0.66775,4,0.8431912843,0.8204488778,0.66295,0.002099167808,0,2021
422,NZD_CHF,2021-08-04 00:00:00,2021-08-04 04:00:00,0.636645,0.6306736359,2021-08-17 08:00:00,0.6305886359,stoploss,-1.014234603,56,3.58795739,-2.326938993,1.7,1.7,0.63535,4,0.4052675325,0.8320987654,0.62896,0.002985682057,34,2021
423,GBP_CHF,2021-08-04 08:00:00,2021-08-04 12:00:00,1.261815,1.256569788,2021-08-17 08:00:00,1.256474788,stoploss,-1.018111757,54,3.831113302,-2.811135389,1.9,1.9,1.25959,6,0.8083563275,0.9037037037,1.2549,0.002622605809,32,2021
424,EUR_JPY,2021-08-05 16:00:00,2021-08-05 20:00:00,129.925,129.4093779,2021-08-09 16:00:00,129.4043779,stoploss,-1.009697024,12,1.588372522,-3.888506601,1,1,129.868,13,0.201698098,0.7016393443,129.135,0.2578110578,1,2021
425,USD_CHF,2021-08-06 08:00:00,2021-08-06 12:00:00,0.908035,0.9045491163,2021-10-01 12:00:00,0.931875,time_exit,6.839011927,240,8.260459247,-0.07888960906,0.9,0.9,0.90776,6,0.1319608006,0.801369863,0.90183,0.001742941835,234,2021
426,AUD_CHF,2021-08-06 16:00:00,2021-08-06 20:00:00,0.67311,0.6695967646,2021-08-16 12:00:00,0.6694767646,stoploss,-1.03415655,35,2.658518153,-6.244955919,2.6,2.4,0.6723,6,0.3757220516,0.9033816425,0.66295,0.001756617684,18,2021
427,CAD_CHF,2021-08-06 16:00:00,2021-08-06 20:00:00,0.72857,0.7249680934,2021-08-16 16:00:00,0.7248730934,stoploss,-1.02637492,36,2.723557574,-5.519299141,2,1.9,0.72679,6,0.916181447,0.8552631579,0.71859,0.0018009533,23,2021
428,EUR_CHF,2021-08-06 16:00:00,2021-08-06 20:00:00,1.07627,1.073619011,2021-08-16 16:00:00,1.073569011,stoploss,-1.018860887,36,6.605082558,-2.519814477,1,1,1.07411,8,1.591858846,0.9635854342,1.07196,0.001325494409,27,2021
429,GBP_NZD,2021-08-06 16:00:00,2021-08-06 20:00:00,1.97852,1.968285979,2021-08-11 12:00:00,1.968045979,stoploss,-1.023451192,17,2.821960067,-4.482109013,4.8,4.8,1.97642,12,0.3654477373,0.8179551122,1.96697,0.00511701075,8,2021
430,AUD_NZD,2021-08-10 04:00:00,2021-08-10 08:00:00,1.0504,1.047002407,2021-08-11 08:00:00,1.046832407,stoploss,-1.050035425,7,1.036027621,-6.704746934,3.4,3.4,1.05006,7,0.1000708498,0.9227467811,1.04488,0.001698796407,0,2021
431,EUR_NZD,2021-08-10 04:00:00,2021-08-10 08:00:00,1.68389,1.674747028,2021-08-10 12:00:00,1.674557028,stoploss,-1.020780989,2,3.539330619,-3.368707759,3.8,3.8,1.68254,7,0.2668716536,0.9674796748,1.67128,0.004571485894,0,2021
432,CAD_JPY,2021-08-10 08:00:00,2021-08-10 12:00:00,87.897,87.45725653,2021-08-16 00:00:00,87.45125653,stoploss,-1.013644319,22,1.423557232,-7.336095254,1.2,1.2,87.867,4,0.1137026543,0.7736625514,86.576,0.2198717361,6,2021
433,USD_JPY,2021-08-10 08:00:00,2021-08-10 12:00:00,110.488,110.1343733,2021-08-13 16:00:00,110.1313733,stoploss,-1.008483522,20,4.504750289,-3.888281009,0.6,0.6,110.355,10,0.7408942722,0.9239130435,108.721,0.1768133523,5,2021
434,EUR_JPY,2021-08-11 08:00:00,2021-08-11 12:00:00,129.773,129.4170335,2021-08-12 16:00:00,129.4120335,stoploss,-1.014046266,8,2.727784918,-5.205546296,1,1,129.684,6,0.4663360417,0.7597402597,129.135,0.1779832408,0,2021
435,EUR_GBP,2021-08-12 16:00:00,2021-08-12 20:00:00,0.84955,0.8468607271,2021-10-07 20:00:00,0.84825,time_exit,-0.4834020361,240,6.046243928,-0.7808802122,0.8,0.8,0.84838,7,0.8478128018,0.9785407725,0.845,0.001344636455,203,2021
436,EUR_CAD,2021-08-13 12:00:00,2021-08-13 16:00:00,1.47325,1.468295133,2021-09-30 16:00:00,1.468110133,stoploss,-1.037337024,205,7.699499788,-6.450223151,1.8,3.7,1.4706,4,1.033327363,0.9270833333,1.46603,0.002477433668,29,2021
437,EUR_USD,2021-08-13 12:00:00,2021-08-13 16:00:00,1.176625,1.173309745,2021-08-17 16:00:00,1.173274745,stoploss,-1.010557256,13,4.308868812,-7.150278977,0.7,0.7,1.1754,10,0.7178934387,0.8975265018,1.17061,0.001657627631,0,2021
438,EUR_NZD,2021-08-13 20:00:00,2021-08-16 00:00:00,1.67319,1.665256687,2021-09-03 08:00:00,1.665066687,stoploss,-1.023949641,87,5.427744923,-2.533619901,3.8,3.8,1.67454,15,0.2949587348,0.7783505155,1.66313,0.003966656559,26,2021
439,USD_CAD,2021-08-16 12:00:00,2021-08-16 16:00:00,1.255965,1.251578132,2021-09-03 12:00:00,1.251513132,stoploss,-1.014816948,84,8.868513303,-2.586127321,1.3,1.3,1.25332,10,1.171678663,0.75,1.24891,0.002193434157,23,2021
440,GBP_NZD,2021-08-17 04:00:00,2021-08-17 08:00:00,1.98994,1.978302402,2021-08-24 08:00:00,1.978062402,stoploss,-1.020622812,31,1.500309606,-4.922837191,4.8,4.8,1.97516,4,2.497078875,0.9945892769,1.96319,0.005818798975,13,2021
441,AUD_NZD,2021-08-17 08:00:00,2021-08-17 12:00:00,1.05287,1.048132712,2021-08-17 20:00:00,1.047962712,stoploss,-1.035885509,3,1.610626064,-5.330053487,3.4,3.4,1.04879,11,1.650733397,0.5906040268,1.04523,0.002368644148,0,2021
442,AUD_CAD,2021-08-19 16:00:00,2021-08-19 20:00:00,0.917065,0.912689996,2021-08-23 00:00:00,0.912594996,stoploss,-1.021714266,8,4.707424302,-1.642284225,1.9,1.9,0.91646,4,0.2285712212,0.8662420382,0.91326,0.002187501984,4,2021
443,NZD_CAD,2021-08-20 04:00:00,2021-08-20 08:00:00,0.878815,0.8725705744,2021-08-23 08:00:00,0.8724355744,stoploss,-1.021619282,7,4.036400058,-2.808104544,2.7,2.7,0.87649,12,0.7014256003,0.9612068966,0.86773,0.003122212818,1,2021
444,USD_JPY,2021-08-23 08:00:00,2021-08-23 12:00:00,109.937,109.5313069,2021-08-24 12:00:00,109.5283069,stoploss,-1.007394752,7,11.16361094,-2.031091944,0.6,0.6,109.885,8,0.2317022363,0.6184210526,109.113,0.2028465532,0,2021
445,EUR_JPY,2021-08-23 12:00:00,2021-08-23 16:00:00,129.102,128.5393761,2021-09-20 08:00:00,128.5343761,stoploss,-1.008886931,119,6.549668201,-2.100870506,1,1,128.943,16,0.5474349541,0.7916666667,127.928,0.2813119601,51,2021
446,EUR_USD,2021-08-23 20:00:00,2021-08-24 00:00:00,1.174525,1.170501177,2021-09-20 12:00:00,1.170466177,stoploss,-1.008698196,118,4.071998417,-5.493532195,0.7,0.7,1.17425,18,0.1590527304,0.6134453782,1.1664,0.002011911391,51,2021
447,NZD_CHF,2021-08-24 08:00:00,2021-08-24 12:00:00,0.633305,0.627313041,2021-10-19 12:00:00,0.657015,time_exit,3.956969682,240,4.159741431,-0.2895547195,1.7,1.7,0.63039,5,0.9445992578,0.8170103093,0.62362,0.002995979487,239,2021
448,AUD_CHF,2021-08-24 16:00:00,2021-08-24 20:00:00,0.662315,0.6576832712,2021-10-19 20:00:00,0.690145,time_exit,6.008555545,240,6.091677855,-0.3033424557,1.7,1.7,0.65932,7,1.247914159,0.7434210526,0.65117,0.002315864419,240,2021
449,AUD_CAD,2021-08-25 16:00:00,2021-08-25 20:00:00,0.917235,0.9130637043,2021-10-08 16:00:00,0.9129687043,stoploss,-1.022774698,192,4.896560062,-1.76324109,1.9,1.9,0.91633,6,0.4171365732,0.7982832618,0.91079,0.002085647857,63,2021
450,AUD_JPY,2021-08-25 16:00:00,2021-08-25 20:00:00,79.985,79.4271837,2021-08-27 00:00:00,79.4231837,stoploss,-1.007170819,8,10.72037513,-2.049061669,0.8,0.8,79.744,6,0.8497421093,0.9492537313,77.894,0.2789081504,0,2021
451,NZD_CAD,2021-08-25 16:00:00,2021-08-25 20:00:00,0.878615,0.8732568371,2021-09-30 16:00:00,0.8730918371,stoploss,-1.030794137,156,4.741363884,-3.235250657,2.5,3.3,0.87773,7,0.2724814513,0.6877637131,0.86461,0.002679081444,65,2021
452,NZD_JPY,2021-08-25 16:00:00,2021-08-25 20:00:00,76.622,75.9881404,2021-10-20 20:00:00,82.206,time_exit,8.809521787,240,9.085608161,-0.5900360223,1,1,76.361,6,0.8077498487,0.9150943396,74.561,0.3169298025,240,2021
453,AUD_USD,2021-08-25 20:00:00,2021-08-26 00:00:00,0.7274,0.7230816417,2021-08-27 00:00:00,0.7230316417,stoploss,-1.011578474,7,5.918916022,-2.408322638,1,1,0.72707,7,0.2269380947,0.7294117647,0.71061,0.002159179139,0,2021
454,CAD_JPY,2021-08-25 20:00:00,2021-08-26 00:00:00,87.329,86.75846175,2021-08-26 20:00:00,86.75246175,stoploss,-1.010516385,6,9.70136532,-4.255630532,1.2,1.2,87.197,5,0.6765541126,0.9433962264,84.671,0.2852691254,2,2021
455,GBP_CHF,2021-08-25 20:00:00,2021-08-26 00:00:00,1.257615,1.251075526,2021-09-29 16:00:00,1.250980526,stoploss,-1.014527161,149,3.715130342,-1.117062241,1.9,1.9,1.25518,9,0.7554123848,0.9846153846,1.24707,0.003269737232,100,2021
456,GBP_USD,2021-08-25 20:00:00,2021-08-26 00:00:00,1.376165,1.370479359,2021-08-26 16:00:00,1.370434359,stoploss,-1.007914675,5,2.663727906,-6.154979075,0.9,0.9,1.37477,9,0.5381979131,0.8829113924,1.36022,0.002842820388,0,2021
457,NZD_USD,2021-08-25 20:00:00,2021-08-26 00:00:00,0.696955,0.6919961935,2021-09-29 12:00:00,0.6919411935,stoploss,-1.011091379,148,4.812649989,-2.227350477,1.1,1.1,0.69655,7,0.2702263141,0.552742616,0.68052,0.002479403245,41,2021
458,EUR_CHF,2021-08-26 04:00:00,2021-08-26 08:00:00,1.07607,1.072684096,2021-10-06 12:00:00,1.072634096,stoploss,-1.014767105,176,5.230508725,-2.374550545,1,1,1.0757,16,0.2008326332,0.9350649351,1.06959,0.00169295196,99,2021
459,USD_JPY,2021-08-26 16:00:00,2021-08-26 20:00:00,110.14,109.7224947,2021-08-30 00:00:00,109.7194947,stoploss,-1.007185537,8,10.91722561,-2.459848772,0.6,0.6,109.881,14,1.226331618,0.6917808219,109.413,0.2087526704,5,2021
460,CAD_CHF,2021-08-30 12:00:00,2021-08-30 16:00:00,0.726735,0.7223484185,2021-08-31 16:00:00,0.7222534185,stoploss,-1.021656955,7,5.178292025,-1.961664225,1.9,1.9,0.72472,6,0.8708375759,0.9051724138,0.72288,0.00219329075,0,2021
461,CAD_JPY,2021-08-31 04:00:00,2021-08-31 08:00:00,87.241,86.74063154,2021-09-08 08:00:00,86.73463154,stoploss,-1.011991163,37,11.54549188,-4.676553748,1.2,1.2,87.187,9,0.1878615608,0.9916317992,86.547,0.2501842303,19,2021
462,AUD_JPY,2021-08-31 08:00:00,2021-08-31 12:00:00,80.533,80.06002233,2021-09-15 04:00:00,80.05602233,stoploss,-1.008457059,65,12.0914799,-3.57522163,0.8,0.8,80.378,8,0.6385079434,0.6354166667,79.392,0.2364888355,19,2021
463,AUD_USD,2021-08-31 08:00:00,2021-08-31 12:00:00,0.73278,0.7285908988,2021-09-16 16:00:00,0.7285408988,stoploss,-1.011935734,74,5.211141668,-3.766917798,1,1,0.73183,7,0.4201378532,0.5409836066,0.72221,0.002094550618,18,2021
464,GBP_USD,2021-08-31 12:00:00,2021-08-31 16:00:00,1.3784,1.373011501,2021-09-08 16:00:00,1.372966501,stoploss,-1.008351119,37,2.395843263,-6.909159155,0.8,0.9,1.37803,11,0.1187714708,0.7424242424,1.36968,0.002694249703,19,2021
465,USD_JPY,2021-09-01 00:00:00,2021-09-01 04:00:00,110.184,109.7980414,2021-09-03 04:00:00,109.7950414,stoploss,-1.007772854,13,11.69555454,-2.77490893,0.6,0.6,109.983,6,1.03119865,0.9107142857,109.703,0.1929793062,1,2021
466,CAD_CHF,2021-09-03 12:00:00,2021-09-03 16:00:00,0.730495,0.7265434669,2021-09-07 12:00:00,0.7264484669,stoploss,-1.024041302,12,4.796872397,-3.129165244,1.9,1.9,0.72933,5,0.5314393054,0.7753164557,0.72207,0.001975766544,6,2021
467,GBP_NZD,2021-09-07 04:00:00,2021-09-07 08:00:00,1.94226,1.932977583,2021-10-19 04:00:00,1.932737583,stoploss,-1.025855335,180,3.105872072,-4.838179492,4.8,4.8,1.94152,4,0.1077305609,0.8575803982,1.93265,0.004641208545,127,2021
468,EUR_AUD,2021-09-07 08:00:00,2021-09-07 12:00:00,1.60133,1.59372089,2021-10-04 00:00:00,1.59360089,stoploss,-1.015770569,112,2.889956738,-8.633072221,2.4,2.4,1.59797,6,0.8489822887,0.828125,1.58984,0.003804555222,61,2021
469,USD_CAD,2021-09-07 12:00:00,2021-09-07 16:00:00,1.259825,1.254290201,2021-10-07 16:00:00,1.254225201,stoploss,-1.011743877,133,5.375985529,-5.609056318,1.3,1.3,1.25591,6,1.387584233,0.9597315436,1.24934,0.002767399562,53,2021
470,USD_JPY,2021-09-07 12:00:00,2021-09-07 16:00:00,110.089,109.7681423,2021-09-09 16:00:00,109.7651423,stoploss,-1.00934994,13,14.36462462,-3.041847176,0.6,0.6,109.947,7,0.872661075,0.9100529101,109.586,0.1604288354,4,2021
471,GBP_AUD,2021-09-07 16:00:00,2021-09-07 20:00:00,1.86537,1.856098632,2021-10-11 12:00:00,1.855898632,stoploss,-1.02157179,143,3.312348353,-5.676616536,4,4,1.86404,9,0.2394468689,0.5011185682,1.85342,0.00463568392,50,2021
472,GBP_CAD,2021-09-07 16:00:00,2021-09-07 20:00:00,1.7423,1.735193672,2021-09-23 08:00:00,1.735053672,stoploss,-1.019700751,70,2.527324905,-7.719879973,2.8,2.8,1.73796,7,1.179230663,0.9569620253,1.73047,0.003553164051,52,2021
473,GBP_USD,2021-09-10 08:00:00,2021-09-10 12:00:00,1.387875,1.382187091,2021-09-13 08:00:00,1.382142091,stoploss,-1.007911519,6,0.6039126511,-8.211278127,0.9,0.9,1.38565,19,0.7665383286,0.8527472527,1.37263,0.002843954332,0,2021
474,CAD_CHF,2021-09-10 12:00:00,2021-09-10 16:00:00,0.728845,0.7244631729,2021-09-10 20:00:00,0.7243731729,stoploss,-1.020539377,2,4.702376279,-2.445326951,1.9,1.8,0.7266,5,0.9813257947,0.9342857143,0.72245,0.00219091357,0,2021
475,USD_JPY,2021-09-13 08:00:00,2021-09-13 12:00:00,110.12,109.8044639,2021-09-14 16:00:00,109.8014639,stoploss,-1.009507628,8,14.50863964,-3.191393647,0.6,0.6,109.991,6,0.7923022956,0.7912621359,109.62,0.1577680649,6,2021
476,EUR_NZD,2021-09-14 16:00:00,2021-09-14 20:00:00,1.66414,1.654706387,2021-09-16 08:00:00,1.654516387,stoploss,-1.020140745,10,2.884366746,-5.953180317,3.8,3.8,1.66264,9,0.2777302783,0.978960396,1.65309,0.004716806564,2,2021
477,CAD_CHF,2021-09-16 08:00:00,2021-09-16 12:00:00,0.73102,0.7265559554,2021-09-20 08:00:00,0.7264559554,stoploss,-1.02240121,12,4.128543005,-2.887515971,2,2,0.72973,10,0.5376290403,0.9932659933,0.72212,0.002232022287,5,2021
478,GBP_JPY,2021-09-17 04:00:00,2021-09-17 08:00:00,151.648,150.9177262,2021-09-20 00:00:00,150.9077262,stoploss,-1.013693494,5,8.993887027,-3.691766051,2.4,2,151.565,7,0.1944476184,0.9933110368,150.828,0.3651368969,2,2021
479,AUD_JPY,2021-09-17 08:00:00,2021-09-17 12:00:00,80.472,79.92310444,2021-09-17 16:00:00,79.91910444,stoploss,-1.007287361,2,10.53023646,-2.969599555,0.8,0.8,80.364,8,0.3862301262,0.8952380952,79.745,0.2744477782,0,2021
480,CAD_JPY,2021-09-17 08:00:00,2021-09-17 12:00:00,87.011,86.47725628,2021-09-17 16:00:00,86.47125628,stoploss,-1.01124135,2,11.25446494,-3.953208095,1.2,1.2,86.816,4,0.7082050522,0.9700996678,85.959,0.2668718607,0,2021
481,EUR_NZD,2021-09-21 00:00:00,2021-09-21 04:00:00,1.67349,1.663190314,2021-09-21 08:00:00,1.663000314,stoploss,-1.018447164,2,1.734033437,-6.360388045,3.8,3.8,1.67051,8,0.535938666,0.9392857143,1.65398,0.005149843024,0,2021
482,AUD_NZD,2021-09-21 04:00:00,2021-09-21 08:00:00,1.03532,1.031018772,2021-09-21 12:00:00,1.030848772,stoploss,-1.039523592,2,5.977362073,-1.255455278,3.4,3.4,1.03461,9,0.2510910556,0.6971428571,1.02762,0.002150614241,0,2021
483,CHF_JPY,2021-09-22 08:00:00,2021-09-22 12:00:00,118.744,118.2373559,2021-11-17 12:00:00,123.256,time_exit,8.905660063,240,13.34467369,-0.6395021854,2.2,2.2,118.488,5,0.9671483668,0.9848484848,117.54,0.2533220428,171,2021
484,CAD_JPY,2021-09-22 16:00:00,2021-09-22 20:00:00,86.082,85.3495404,2021-11-17 20:00:00,90.507,time_exit,6.04128879,240,9.469464191,-0.3262978578,1.2,1.2,86.023,8,0.1447178784,0.9173290938,84.901,0.3662298024,122,2021
485,USD_JPY,2021-09-22 20:00:00,2021-09-23 00:00:00,109.769,109.3596113,2021-11-18 00:00:00,114.067,time_exit,10.49857956,240,12.69942186,-0.1294613115,0.6,0.6,109.707,9,0.3712852707,0.6984536082,109.119,0.2046943577,234,2021
486,AUD_JPY,2021-09-23 08:00:00,2021-09-23 12:00:00,79.967,79.30080808,2021-11-18 12:00:00,83.1715,time_exit,4.810175404,240,9.43421826,-0.4067896815,0.8,0.9,79.829,12,0.396282199,0.9633401222,78.842,0.3330959613,118,2021
487,AUD_USD,2021-09-23 08:00:00,2021-09-23 12:00:00,0.72734,0.7220205324,2021-09-29 12:00:00,0.7219705324,stoploss,-1.009399437,25,5.306922056,-1.943803545,1,1,0.72675,7,0.1992680616,0.9497206704,0.72197,0.002659733806,3,2021
488,CAD_CHF,2021-09-23 08:00:00,2021-09-23 12:00:00,0.72916,0.7234770014,2021-11-18 12:00:00,0.735315,time_exit,1.083054989,240,3.570298251,-0.4909380049,2,1.5,0.7276,12,0.5138132525,0.7822410148,0.71813,0.002841499305,113,2021
489,EUR_JPY,2021-09-23 08:00:00,2021-09-23 12:00:00,128.863,128.3310669,2021-11-18 12:00:00,129.384,time_exit,0.9794464473,240,8.675902791,-0.9963658677,1,1.4,128.703,12,0.5827800358,0.8153034301,127.92,0.2659665577,113,2021
490,GBP_JPY,2021-09-23 12:00:00,2021-09-23 16:00:00,151.086,150.0888939,2021-09-29 16:00:00,150.0768939,stoploss,-1.012034828,25,7.150693535,-1.865398314,2.4,2.4,150.136,13,1.879438946,0.9831223629,148.952,0.49855304,16,2021
491,GBP_USD,2021-09-23 12:00:00,2021-09-23 16:00:00,1.372495,1.365049607,2021-09-28 12:00:00,1.365004607,stoploss,-1.006044006,18,1.472722848,-4.999736252,0.9,0.9,1.36894,4,0.9428649694,0.9859747546,1.36406,0.003722696371,0,2021
492,AUD_NZD,2021-09-27 00:00:00,2021-09-27 04:00:00,1.03621,1.031898129,2021-11-19 00:00:00,1.031793129,stoploss,-1.024351378,234,5.756201909,-1.194377108,3.4,2.1,1.03523,11,0.3757069739,0.9680232558,1.0288,0.002155935493,69,2021
493,EUR_NZD,2021-09-28 12:00:00,2021-09-28 16:00:00,1.67849,1.667594913,2021-10-04 12:00:00,1.667404913,stoploss,-1.017439053,24,1.18034854,-6.63051155,3.8,3.8,1.67443,9,0.708576262,0.7738287561,1.6554,0.005447543486,6,2021
494,GBP_USD,2021-10-01 12:00:00,2021-10-01 16:00:00,1.354325,1.346005959,2021-11-05 08:00:00,1.345960959,stoploss,-1.005409277,149,3.502206627,-3.187266474,0.9,0.9,1.35174,5,0.6082431966,0.9428571429,1.34117,0.004159520426,79,2021
495,AUD_USD,2021-10-01 16:00:00,2021-10-01 20:00:00,0.72701,0.7212494917,2021-11-23 04:00:00,0.7211994917,stoploss,-1.00867979,219,4.957895809,-2.742813508,1,1,0.72568,6,0.4409333107,0.7811320755,0.717,0.002880254154,113,2021
496,NZD_USD,2021-10-01 16:00:00,2021-10-01 20:00:00,0.694215,0.6889512787,2021-10-06 08:00:00,0.6888962787,stoploss,-1.010448881,16,5.24248876,-2.664464753,1.1,1.1,0.69212,6,0.775117019,0.8292682927,0.68591,0.002631860674,5,2021
497,EUR_USD,2021-10-04 08:00:00,2021-10-04 12:00:00,1.161295,1.157042149,2021-10-06 08:00:00,1.157007149,stoploss,-1.008229773,12,1.858753045,-10.03679617,0.7,0.7,1.16097,12,0.1316763701,0.8275862069,1.15626,0.002126425568,0,2021
498,GBP_JPY,2021-10-04 12:00:00,2021-10-04 16:00:00,151.12,150.1297859,2021-11-29 16:00:00,151.533,time_exit,0.4170815314,240,7.166127232,-0.4413187148,2.4,2.4,150.742,5,0.7412538597,0.6863905325,149.226,0.4951070341,69,2021
499,GBP_CHF,2021-10-05 12:00:00,2021-10-05 16:00:00,1.263585,1.256487547,2021-10-29 00:00:00,1.256392547,stoploss,-1.013385083,105,1.785851897,-6.319872731,1.9,1.9,1.26255,9,0.2648837528,0.7847222222,1.25031,0.003548726526,63,2021
500,EUR_NZD,2021-10-06 08:00:00,2021-10-06 12:00:00,1.67818,1.667070867,2021-10-07 12:00:00,1.666880867,stoploss,-1.017103046,7,0.06031073955,-6.474852979,3.8,3.8,1.6732,6,0.8569525978,0.9031830239,1.6633,0.005554566276,0,2021
501,EUR_USD,2021-10-11 00:00:00,2021-10-11 04:00:00,1.157505,1.153720671,2021-10-12 12:00:00,1.153685671,stoploss,-1.009248668,9,3.090376439,-10.27791292,0.7,0.7,1.15723,9,0.1268388791,0.7943262411,1.15292,0.001892164309,1,2021
502,USD_CHF,2021-10-12 16:00:00,2021-10-12 20:00:00,0.931225,0.9271204411,2021-10-13 12:00:00,0.9270754411,stoploss,-1.010963419,5,1.497115797,-5.485364062,0.9,0.9,0.93057,14,0.2972304755,0.9915611814,0.92502,0.002052279461,0,2021
503,NZD_USD,2021-10-14 00:00:00,2021-10-14 04:00:00,0.697605,0.692382618,2021-11-23 04:00:00,0.692327618,stoploss,-1.010531593,169,4.634858156,-4.592731786,1.1,1.1,0.69694,9,0.2336098719,0.8977272727,0.69083,0.002611191021,30,2021
504,EUR_USD,2021-10-14 08:00:00,2021-10-14 12:00:00,1.161635,1.157634197,2021-10-18 08:00:00,1.157599197,stoploss,-1.008748243,12,1.890870339,-10.75409073,0.7,0.7,1.15702,12,2.289540292,0.9102564103,1.15242,0.002000401573,0,2021
505,NZD_CAD,2021-10-14 08:00:00,2021-10-14 12:00:00,0.869615,0.8643953281,2021-12-03 16:00:00,0.8642803281,stoploss,-1.022032036,218,4.679412931,-2.870870124,3.3,2.3,0.86811,11,0.5057789207,0.7420924574,0.86128,0.00260983593,103,2021
506,GBP_CAD,2021-10-15 16:00:00,2021-10-15 20:00:00,1.7052,1.696722216,2021-10-18 00:00:00,1.696582216,stoploss,-1.016513749,2,0.7218867437,-4.875094627,2.8,2.8,1.70065,10,1.038007082,0.8941717791,1.69127,0.004238892079,0,2021
507,EUR_AUD,2021-10-18 08:00:00,2021-10-18 12:00:00,1.5671,1.559677071,2021-10-19 08:00:00,1.559557071,stoploss,-1.016166124,6,6.727802024,-4.238218896,2.4,2.4,1.56594,4,0.2640466954,0.9047619048,1.56083,0.003711464741,0,2021
508,USD_CAD,2021-10-18 08:00:00,2021-10-18 12:00:00,1.240335,1.234531885,2021-10-19 04:00:00,1.234466885,stoploss,-1.01120088,5,7.751870666,-1.991171847,1.3,1.3,1.23975,4,0.1792140823,0.7350746269,1.23364,0.002901557698,0,2021
509,EUR_CAD,2021-10-18 12:00:00,2021-10-18 16:00:00,1.438175,1.43190398,2021-10-27 16:00:00,1.43171898,stoploss,-1.029500783,43,2.745167416,-3.480295025,3.7,3.7,1.43762,4,0.1275709517,0.845144357,1.43188,0.003135510042,42,2021
510,GBP_AUD,2021-10-18 12:00:00,2021-10-18 16:00:00,1.85975,1.850019598,2021-10-18 16:00:00,1.849819598,stoploss,-1.020554135,1,3.291744673,-4.831249362,4,4,1.85717,5,0.489188406,0.7334593573,1.8416,0.00486520116,0,2021
511,AUD_CAD,2021-10-19 04:00:00,2021-10-19 08:00:00,0.920495,0.9160018067,2021-11-10 00:00:00,0.9159068067,stoploss,-1.021143092,95,2.941115386,-5.251276392,1.9,1.9,0.91933,9,0.4629224368,0.8838709677,0.9131,0.002246596659,37,2021
512,EUR_CHF,2021-10-20 00:00:00,2021-10-20 04:00:00,1.07523,1.07172398,2021-10-20 16:00:00,1.07167398,stoploss,-1.014261184,4,0.379347499,-10.99822523,1,1,1.07356,9,0.9241247344,0.9875311721,1.06803,0.001753010107,1,2021
513,EUR_USD,2021-10-20 00:00:00,2021-10-20 04:00:00,1.163525,1.159494678,2021-10-25 12:00:00,1.159459678,stoploss,-1.00868417,21,1.408076194,-11.14427176,0.7,0.7,1.16186,16,0.8138308224,0.9135802469,1.15717,0.002015160836,6,2021
514,EUR_NZD,2021-10-22 12:00:00,2021-10-22 16:00:00,1.62896,1.62007366,2021-10-25 16:00:00,1.61988366,stoploss,-1.021381131,7,5.442060583,-2.555607854,3.8,3.8,1.62799,4,0.1597958236,0.9486921529,1.6154,0.004443169941,0,2021
515,EUR_GBP,2021-10-22 16:00:00,2021-10-22 20:00:00,0.84569,0.8421491347,2021-10-26 08:00:00,0.8421091347,stoploss,-1.011296674,10,4.015967459,-2.160488823,0.8,0.8,0.84437,8,0.7173387726,0.5906040268,0.84171,0.001770432672,1,2021
516,AUD_CHF,2021-10-25 16:00:00,2021-10-25 20:00:00,0.68898,0.6847531923,2021-11-01 16:00:00,0.6846831923,stoploss,-1.016560961,30,0.9699991694,-11.20940504,1.4,1.4,0.68862,7,0.1324876914,0.8358778626,0.68282,0.002113403871,8,2021
517,USD_CAD,2021-10-25 16:00:00,2021-10-25 20:00:00,1.239605,1.233792866,2021-10-27 16:00:00,1.233727866,stoploss,-1.0111835,12,9.773518367,-1.650856592,1.3,1.3,1.23898,6,0.1892592237,0.8819095477,1.22878,0.002906067082,11,2021
518,NZD_CHF,2021-10-26 00:00:00,2021-10-26 04:00:00,0.659925,0.6555390253,2021-10-27 08:00:00,0.6554540253,stoploss,-1.019379957,8,0.3043793206,-9.900877901,1.7,1.7,0.65912,9,0.332879257,1,0.6533,0.002192987351,2,2021
519,NZD_JPY,2021-10-26 04:00:00,2021-10-26 08:00:00,81.717,81.07404847,2021-10-27 12:00:00,81.06904847,stoploss,-1.007776636,8,0.7621103199,-8.952463268,1,1,81.59,5,0.3826104871,0.8917910448,80.99,0.3214757675,1,2021
520,EUR_CHF,2021-10-26 08:00:00,2021-10-26 12:00:00,1.0696,1.066184159,2021-10-26 20:00:00,1.066134159,stoploss,-1.014637683,3,0.06147826969,-9.640378195,1,1,1.06921,5,0.1990724923,0.7349823322,1.06572,0.001707920547,0,2021
521,USD_CHF,2021-10-26 08:00:00,2021-10-26 12:00:00,0.921425,0.9176223662,2021-10-27 08:00:00,0.9175773662,stoploss,-1.011833903,6,4.193146358,-3.343735086,0.9,0.9,0.92061,18,0.3944634392,0.50390625,0.915,0.001901316892,0,2021
522,EUR_USD,2021-10-28 12:00:00,2021-10-28 16:00:00,1.163035,1.158130167,2021-10-29 16:00:00,1.158095167,stoploss,-1.007135819,7,1.25692355,-9.057393139,0.7,0.7,1.16257,6,0.1753372673,0.8913857678,1.15848,0.002452416458,0,2021
523,EUR_GBP,2021-10-28 16:00:00,2021-10-28 20:00:00,0.84678,0.8431605903,2021-11-16 20:00:00,0.8431205903,stoploss,-1.011051526,79,3.627663374,-2.414758407,0.8,0.8,0.84643,6,0.1712986513,0.875,0.84024,0.001809704849,33,2021
524,EUR_AUD,2021-10-29 00:00:00,2021-10-29 04:00:00,1.55167,1.542275744,2021-10-29 16:00:00,1.542155744,stoploss,-1.012773764,4,6.958507752,-1.706361929,2.4,2.4,1.54846,10,0.6621067496,0.911637931,1.53898,0.00469712777,0,2021
525,EUR_NZD,2021-10-29 00:00:00,2021-10-29 04:00:00,1.62766,1.617378895,2021-10-29 16:00:00,1.617188895,stoploss,-1.018480505,4,5.362264286,-2.082461062,3.8,3.8,1.62575,9,0.3345943977,0.965,1.61424,0.005140552299,0,2021
526,USD_CAD,2021-10-29 16:00:00,2021-10-29 20:00:00,1.239615,1.23323884,2021-12-24 20:00:00,1.281535,time_exit,6.574490475,240,8.907399488,-0.6939914206,1.3,1.3,1.23823,8,0.4140423391,0.6519337017,1.23001,0.003188079758,215,2021
527,NZD_JPY,2021-11-01 00:00:00,2021-11-01 04:00:00,81.9,81.25670596,2021-11-02 08:00:00,81.25170596,stoploss,-1.007772495,8,0.4772312229,-9.23217014,1.4,1,81.826,6,0.2176298736,0.649068323,80.998,0.3216470185,3,2021
528,GBP_AUD,2021-11-02 08:00:00,2021-11-02 12:00:00,1.82684,1.816106478,2021-12-28 12:00:00,1.85458,time_exit,2.584426582,240,6.050204119,-0.901847488,4,4,1.82387,6,0.516139988,0.5797546012,1.81859,0.005366761081,140,2021
529,GBP_CAD,2021-11-03 12:00:00,2021-11-03 16:00:00,1.69799,1.690074422,2021-11-04 12:00:00,1.689814422,stoploss,-1.032846623,6,3.843054929,-4.310487645,2.8,5.2,1.69425,6,0.9095987997,0.9739010989,1.68744,0.003957788864,0,2021
530,EUR_AUD,2021-11-05 00:00:00,2021-11-05 04:00:00,1.56364,1.554969426,2021-11-15 12:00:00,1.554849426,stoploss,-1.013839915,39,6.158762104,-2.169406651,2.4,2.4,1.56216,8,0.3113980839,0.8867924528,1.53564,0.004335286791,18,2021
531,USD_CHF,2021-11-05 08:00:00,2021-11-05 12:00:00,0.914975,0.9109445093,2021-11-09 20:00:00,0.9108995093,stoploss,-1.011164894,15,5.556395335,-1.197124693,0.9,0.9,0.91452,4,0.2034491706,0.9642857143,0.90871,0.002015245375,0,2021
532,AUD_CHF,2021-11-08 12:00:00,2021-11-08 16:00:00,0.67856,0.6742773835,2021-11-09 04:00:00,0.6742073835,stoploss,-1.016345148,4,0.6327907306,-8.630238156,1.4,1.4,0.67789,6,0.2895426221,0.9948717949,0.67311,0.002141308231,0,2021
533,EUR_CHF,2021-11-08 12:00:00,2021-11-08 16:00:00,1.05899,1.055175846,2021-11-10 00:00:00,1.055125846,stoploss,-1.013109066,9,0.1992578085,-6.916343405,1,1,1.05762,6,0.6921587032,0.6705882353,1.05306,0.001907077082,5,2021
534,GBP_CHF,2021-11-08 12:00:00,2021-11-08 16:00:00,1.239635,1.231974914,2021-11-10 20:00:00,1.231879914,stoploss,-1.01240195,14,2.034572546,-3.444478449,1.9,1.9,1.23528,6,1.117480975,0.9791356185,1.22783,0.003830042834,5,2021
535,GBP_USD,2021-11-08 12:00:00,2021-11-08 16:00:00,1.354205,1.34613228,2021-11-10 16:00:00,1.34608728,stoploss,-1.005574329,13,0.8058002912,-4.730128227,0.9,0.9,1.35091,7,0.8027034415,0.8924731183,1.34242,0.004036359921,4,2021
536,NZD_CHF,2021-11-08 12:00:00,2021-11-08 16:00:00,0.656155,0.6514770281,2021-11-09 16:00:00,0.6513920281,stoploss,-1.018170267,7,0.1250541933,-8.476964166,1.7,1.7,0.65412,15,0.8379699794,0.9845201238,0.64586,0.00233898594,0,2021
537,EUR_CAD,2021-11-08 16:00:00,2021-11-08 20:00:00,1.44319,1.436957164,2021-11-10 08:00:00,1.436867164,stoploss,-1.014439655,10,3.43342904,-4.306225955,1.8,1.8,1.44137,8,0.5551245083,0.7954545455,1.43243,0.003116417982,5,2021
538,GBP_CAD,2021-11-09 00:00:00,2021-11-09 04:00:00,1.68753,1.679247951,2021-11-10 12:00:00,1.679107951,stoploss,-1.01690403,9,5.015667103,-2.856781022,2.8,2.8,1.68385,10,0.8548609313,0.5291666667,1.67338,0.004141024429,1,2021
539,GBP_NZD,2021-11-10 04:00:00,2021-11-10 08:00:00,1.90866,1.896824456,2021-11-10 20:00:00,1.896584456,stoploss,-1.020277901,4,7.182601574,-1.055295773,4.8,4.8,1.90595,17,0.4173867989,0.9204204204,1.88517,0.005917772211,0,2021
540,USD_CHF,2021-11-10 16:00:00,2021-11-10 20:00:00,0.916835,0.9120530192,2021-12-31 12:00:00,0.9120080192,stoploss,-1.009410326,221,4.29424562,-1.469056512,0.9,0.9,0.91539,7,0.5855314212,0.8732142857,0.91015,0.002390990388,59,2021
541,EUR_NZD,2021-11-11 08:00:00,2021-11-11 12:00:00,1.63367,1.624601833,2021-11-12 20:00:00,1.624411833,stoploss,-1.020952414,9,5.416750521,-3.023764237,3.8,3.8,1.63113,7,0.5182965686,0.901459854,1.61252,0.004534083655,0,2021
542,AUD_CAD,2021-11-12 04:00:00,2021-11-12 08:00:00,0.917835,0.9129552896,2021-11-24 16:00:00,0.9128602896,stoploss,-1.019468368,51,2.556504159,-4.290213592,1.9,1.9,0.91737,8,0.147549739,0.7605633803,0.91255,0.002439855214,7,2021
543,AUD_CHF,2021-11-12 20:00:00,2021-11-15 00:00:00,0.67392,0.6700575456,2021-11-19 12:00:00,0.6699875456,stoploss,-1.018123191,28,1.902935094,-8.367736361,1.4,1.4,0.67479,13,0.2071221872,0.5904761905,0.66979,0.001931227192,9,2021
544,NZD_CHF,2021-11-15 08:00:00,2021-11-15 12:00:00,0.650415,0.6465725503,2021-11-23 04:00:00,0.6464875503,stoploss,-1.022121305,35,0.9590236187,-8.826400551,1.7,1.7,0.64944,4,0.4632461442,0.8214285714,0.64524,0.001921224842,17,2021
545,NZD_JPY,2021-11-15 08:00:00,2021-11-15 12:00:00,80.448,79.9577905,2021-11-17 16:00:00,79.9527905,stoploss,-1.010199721,14,0.4385879954,-9.153229467,1,1,80.302,6,0.5671044778,0.5887096774,79.936,0.2451047478,4,2021
546,GBP_CHF,2021-11-15 16:00:00,2021-11-15 20:00:00,1.239705,1.233585141,2021-11-26 08:00:00,1.233490141,stoploss,-1.015523234,52,3.180628978,-4.322812207,1.9,1.9,1.23731,7,0.7516513381,0.8,1.22916,0.003059929363,11,2021
547,GBP_NZD,2021-11-16 08:00:00,2021-11-16 12:00:00,1.91643,1.905552392,2022-01-11 12:00:00,2.00823,time_exit,8.439355514,240,8.762956074,-0.4504666886,4.8,4.8,1.91005,11,1.128924681,0.8747810858,1.89617,0.005438803938,235,2021
548,GBP_USD,2021-11-16 08:00:00,2021-11-16 12:00:00,1.346665,1.339916858,2021-11-17 04:00:00,1.339871858,stoploss,-1.006668502,5,2.263586036,-4.541250021,0.9,0.9,1.34495,4,0.4949510546,0.8779174147,1.33527,0.003374071,0,2021
549,GBP_CAD,2021-11-17 12:00:00,2021-11-17 16:00:00,1.69399,1.685581777,2021-11-25 12:00:00,1.685441777,stoploss,-1.016650368,36,4.432565806,-3.58220773,5.2,2.8,1.68811,19,1.336786683,0.8052805281,1.67161,0.004204111301,22,2021
550,EUR_CAD,2021-11-17 16:00:00,2021-11-17 20:00:00,1.426655,1.419584845,2021-11-24 16:00:00,1.419399845,stoploss,-1.026166327,30,5.365511506,-1.457535154,3.7,3.7,1.42548,7,0.2772216305,0.8663101604,1.42139,0.003535077686,5,2021
551,EUR_USD,2021-11-18 16:00:00,2021-11-18 20:00:00,1.137025,1.131623092,2021-11-19 08:00:00,1.131588092,stoploss,-1.006479192,4,2.063159721,-3.408980374,0.7,0.7,1.13324,7,1.388398197,0.9133192389,1.12632,0.002700954242,0,2021
552,AUD_NZD,2021-11-22 08:00:00,2021-11-22 12:00:00,1.036715,1.03217045,2022-01-17 12:00:00,1.059575,time_exit,5.030200749,240,6.210735614,-0.5072009066,2.1,2.1,1.03612,6,0.2156429017,0.9047619048,1.03117,0.002272275118,192,2021
553,EUR_NZD,2021-11-22 16:00:00,2021-11-22 20:00:00,1.6162,1.605782144,2022-01-17 20:00:00,1.67696,time_exit,5.832294171,240,6.391910284,-0.6834419766,3.8,3.8,1.61479,4,0.2284539191,0.8739583333,1.60625,0.005208927929,119,2021
554,USD_JPY,2021-11-22 16:00:00,2021-11-22 20:00:00,114.832,114.2496501,2021-11-26 08:00:00,114.2466501,stoploss,-1.005151542,22,2.604962889,-3.952949618,0.6,0.6,114.538,8,0.9993990781,0.9770444763,113.585,0.2911749734,12,2021
555,EUR_GBP,2021-11-23 08:00:00,2021-11-23 12:00:00,0.84159,0.8380837207,2021-12-30 16:00:00,0.8380437207,stoploss,-1.011408104,164,5.224911813,-2.643828194,0.8,0.8,0.84035,6,0.6844862638,0.726744186,0.83804,0.001753139637,68,2021
556,CAD_CHF,2021-11-23 20:00:00,2021-11-24 00:00:00,0.735945,0.7316444984,2021-11-26 08:00:00,0.7315694984,stoploss,-1.017439826,15,0.9754675971,-6.102776421,1.5,1.5,0.73594,9,0.111614886,0.6315789474,0.73155,0.002150250819,10,2021
557,CAD_JPY,2021-11-23 20:00:00,2021-11-24 00:00:00,90.862,90.25101444,2021-11-26 04:00:00,90.24501444,stoploss,-1.009820199,14,2.152260367,-5.605697153,1.2,1.2,90.634,4,0.8052563501,0.871541502,89.709,0.3054927787,8,2021
558,CHF_JPY,2021-11-24 20:00:00,2021-11-25 00:00:00,123.427,122.8072179,2021-11-26 00:00:00,122.7962179,stoploss,-1.017748172,7,5.884325845,-2.094284329,2.2,2.2,123.495,5,0.1581200803,0.587628866,122.425,0.3098910645,2,2021
559,EUR_AUD,2021-11-26 00:00:00,2021-11-26 04:00:00,1.56757,1.55879122,2021-12-30 08:00:00,1.55867122,stoploss,-1.013669326,146,5.635179678,-1.308837973,2.4,2.4,1.56279,14,1.068485656,0.9645704163,1.54912,0.004389389764,34,2021
560,EUR_USD,2021-11-26 08:00:00,2021-11-26 12:00:00,1.126515,1.121768196,2022-01-21 12:00:00,1.133895,time_exit,1.554730376,240,4.587297282,-0.9153527757,0.7,0.7,1.12299,5,1.470463147,0.7551369863,1.11861,0.002373401881,208,2021
561,GBP_CAD,2021-11-26 12:00:00,2021-11-26 16:00:00,1.70341,1.69443405,2021-11-30 16:00:00,1.69417405,stoploss,-1.028966293,13,3.102735566,-4.405104641,5.2,5.2,1.68941,7,3.072655185,0.9049382716,1.69622,0.004487975113,10,2021
562,EUR_CAD,2021-11-30 08:00:00,2021-11-30 12:00:00,1.453235,1.441796219,2021-11-30 16:00:00,1.441611219,stoploss,-1.016173053,2,0.9926757394,-3.782308751,3.7,3.7,1.44925,9,0.657412731,0.7810383747,1.41635,0.005719390305,1,2021
563,AUD_CAD,2021-11-30 12:00:00,2021-11-30 16:00:00,0.913195,0.9080140426,2021-11-30 16:00:00,0.9079190426,stoploss,-1.018336379,1,3.3034435,-3.145171594,1.9,1.9,0.91206,6,0.3937496196,0.7541899441,0.90685,0.002590478693,0,2021
564,AUD_USD,2021-12-01 04:00:00,2021-12-01 08:00:00,0.71679,0.7103694878,2021-12-01 20:00:00,0.7103194878,stoploss,-1.007787541,4,2.278634392,-2.7209667,1,1,0.71596,10,0.2492013005,0.8962765957,0.71121,0.00321025612,0,2021
565,NZD_USD,2021-12-01 04:00:00,2021-12-01 08:00:00,0.685705,0.6795903407,2021-12-03 00:00:00,0.6795353407,stoploss,-1.008994778,11,0.5421397726,-3.225854303,1.1,1.1,0.68385,10,0.5887490743,0.8087774295,0.67878,0.003057329648,2,2021
566,CHF_JPY,2021-12-01 08:00:00,2021-12-01 12:00:00,123.419,122.6122498,2021-12-01 20:00:00,122.6012498,stoploss,-1.013634952,3,4.530522562,-1.299039027,2.2,2.2,123.361,8,0.1189959414,0.5956112853,122.129,0.4033751018,0,2021
567,CAD_JPY,2021-12-03 12:00:00,2021-12-03 16:00:00,88.858,87.95298478,2021-12-03 16:00:00,87.94698478,stoploss,-1.006629723,1,3.667341637,-1.570139339,1.2,1.2,88.67,7,0.4022031804,0.9724517906,87.81,0.4525076103,0,2021
568,EUR_JPY,2021-12-03 12:00:00,2021-12-03 16:00:00,128.279,127.5097799,2021-12-03 20:00:00,127.5047799,stoploss,-1.00650009,2,4.322559856,-1.17131622,1.4,1,128.221,7,0.1352018722,0.9642004773,127.486,0.3846100587,0,2021
569,USD_JPY,2021-12-03 12:00:00,2021-12-03 16:00:00,113.419,112.6681326,2021-12-03 20:00:00,112.6651326,stoploss,-1.003995379,2,3.902153539,-1.150669166,0.6,0.6,113.328,7,0.2317319849,0.9040511727,112.53,0.3754337151,0,2021
570,CAD_CHF,2021-12-06 16:00:00,2021-12-06 20:00:00,0.725255,0.7190327184,2021-12-14 08:00:00,0.7189577184,stoploss,-1.012053456,34,1.866678627,-2.499886874,1.5,1.5,0.72151,6,1.176417352,1,0.71412,0.00311114078,5,2021
571,EUR_CHF,2021-12-06 16:00:00,2021-12-06 20:00:00,1.04487,1.041007326,2021-12-07 12:00:00,1.040957326,stoploss,-1.012944399,5,1.625816563,-3.852253258,1,1,1.04079,8,2.081459422,0.9971590909,1.03667,0.001931337195,0,2021
572,GBP_CHF,2021-12-06 16:00:00,2021-12-06 20:00:00,1.227915,1.220166531,2021-12-08 12:00:00,1.220071531,stoploss,-1.012260487,11,4.266004202,-1.892632026,1.9,1.9,1.22735,14,0.1161519825,0.9950413223,1.21374,0.003874234346,3,2021
573,GBP_JPY,2021-12-07 04:00:00,2021-12-07 08:00:00,151.082,150.00547,2021-12-08 08:00:00,149.99347,stoploss,-1.011146926,7,6.207908685,-1.618162042,2.4,2.4,150.756,9,0.5889292393,0.9636015326,148.968,0.5382650051,0,2021
574,AUD_JPY,2021-12-07 08:00:00,2021-12-07 12:00:00,80.6495,79.81479237,2022-02-01 12:00:00,81.2005,time_exit,0.6601113762,240,4.362605402,-0.4570462614,0.9,0.9,80.56,18,0.2060601755,0.7137254902,78.783,0.4173538132,127,2021
575,AUD_CHF,2021-12-07 12:00:00,2021-12-07 16:00:00,0.65776,0.6517888967,2021-12-15 00:00:00,0.6517188967,stoploss,-1.011723127,33,1.688130223,-1.579272619,1.4,1.4,0.65549,19,0.73688224,0.8965517241,0.6416,0.002985551667,18,2021
576,CHF_JPY,2021-12-08 12:00:00,2021-12-08 16:00:00,123.435,122.7568648,2021-12-09 12:00:00,122.7458648,stoploss,-1.016220955,6,5.366186733,-1.399425999,2.2,2.2,123.111,7,0.9231197843,0.9640883978,122.371,0.3390675894,2,2021
577,AUD_CAD,2021-12-08 16:00:00,2021-12-08 20:00:00,0.907675,0.9022003921,2022-01-17 16:00:00,0.9021053921,stoploss,-1.017352841,168,4.134542641,-3.082412506,1.9,1.9,0.90296,8,1.669525944,0.9311797753,0.8969,0.002737303973,95,2021
578,GBP_CAD,2021-12-09 20:00:00,2021-12-10 00:00:00,1.6805,1.670129913,2022-02-04 00:00:00,1.72269,time_exit,4.068432486,240,4.894847902,-0.461905466,2.8,2.8,1.67701,9,0.6518749374,0.8322981366,1.66387,0.005185043643,115,2021
579,EUR_CAD,2021-12-10 16:00:00,2021-12-10 20:00:00,1.43873,1.430142658,2022-01-10 08:00:00,1.430052658,stoploss,-1.010480542,124,3.011409008,-3.349115354,1.8,1.8,1.43676,7,0.4378537459,0.9089615932,1.42098,0.004293671158,35,2021
580,GBP_USD,2021-12-10 16:00:00,2021-12-10 20:00:00,1.326845,1.319733859,2021-12-14 04:00:00,1.319688859,stoploss,-1.006328099,9,6.756299921,-1.36194744,0.9,0.9,1.32609,15,0.1996866664,0.9525222552,1.31602,0.003555570398,0,2021
581,NZD_CAD,2021-12-10 20:00:00,2021-12-13 00:00:00,0.864715,0.8598866284,2022-01-06 16:00:00,0.8597716284,stoploss,-1.023817554,113,2.538122792,-6.377926673,2.3,2.3,0.86422,5,0.1615451471,0.5611510791,0.85463,0.002414185799,47,2021
582,GBP_CHF,2021-12-13 08:00:00,2021-12-13 12:00:00,1.225085,1.218614378,2021-12-13 16:00:00,1.218519378,stoploss,-1.014681742,2,5.545834875,-1.816672397,1.9,1.9,1.22316,6,0.5594516441,0.8816666667,1.21325,0.003235310896,0,2021
583,CHF_JPY,2021-12-14 08:00:00,2021-12-14 12:00:00,123.407,122.8274689,2021-12-15 16:00:00,122.8164689,stoploss,-1.018980862,8,6.327529249,-1.280345433,2.2,2.2,123.278,8,0.410676837,0.8767123288,122.486,0.2897655511,0,2021
584,GBP_JPY,2021-12-15 08:00:00,2021-12-15 12:00:00,150.833,150.0749047,2021-12-20 04:00:00,150.0649047,stoploss,-1.013190953,17,9.143968812,-1.728014879,2.4,2,150.752,11,0.1767587739,0.643129771,149.34,0.3790476621,6,2021
585,AUD_CHF,2021-12-15 12:00:00,2021-12-15 16:00:00,0.66086,0.6557224043,2021-12-20 04:00:00,0.6556524043,stoploss,-1.01362505,16,1.358612151,-2.43888399,1.4,1.4,0.65858,7,0.8603245999,0.8461538462,0.65711,0.00256879787,5,2021
586,AUD_USD,2021-12-15 12:00:00,2021-12-15 16:00:00,0.71482,0.7103302065,2021-12-15 20:00:00,0.7102802065,stoploss,-1.01113637,2,3.697274712,-4.022456704,1,1,0.71356,6,0.5434548371,0.8745762712,0.70901,0.002244896754,1,2021
587,EUR_CHF,2021-12-15 12:00:00,2021-12-15 16:00:00,1.04226,1.039138115,2021-12-17 20:00:00,1.039088115,stoploss,-1.016015963,14,5.842623327,-3.930317337,1,1,1.04175,5,0.3075064909,0.8064516129,1.03893,0.00156094266,5,2021
588,USD_JPY,2021-12-15 12:00:00,2021-12-15 16:00:00,113.841,113.4236028,2021-12-17 12:00:00,113.4206028,stoploss,-1.007187398,12,6.00866449,-1.684246865,0.6,0.6,113.729,12,0.522284234,0.68,113.222,0.2086986222,1,2021
589,EUR_JPY,2021-12-15 20:00:00,2021-12-16 00:00:00,128.819,128.223045,2021-12-17 12:00:00,128.216045,stoploss,-1.011745853,10,5.602772029,-2.189762653,1,1.4,128.556,8,0.8658371869,0.9880418535,127.809,0.2979774996,3,2021
590,NZD_CHF,2021-12-15 20:00:00,2021-12-16 00:00:00,0.627025,0.6223674439,2021-12-17 04:00:00,0.6222824439,stoploss,-1.018249914,8,0.9500690748,-4.25652416,1.7,1.7,0.62433,7,1.167994524,0.9354166667,0.62026,0.002328778042,3,2021
591,NZD_JPY,2021-12-15 20:00:00,2021-12-16 00:00:00,77.358,76.76620929,2021-12-17 12:00:00,76.76120929,stoploss,-1.008448933,10,3.178488547,-3.595865831,1,1,76.896,9,1.628954258,0.9588571429,76.44,0.295895356,3,2021
592,NZD_USD,2021-12-15 20:00:00,2021-12-16 00:00:00,0.677565,0.6726563404,2021-12-20 00:00:00,0.6726013404,stoploss,-1.011204688,13,2.333630949,-5.020718877,1.1,1.1,0.67704,8,0.5459738929,0.9550691244,0.67258,0.002454329809,3,2021
593,CAD_CHF,2021-12-16 08:00:00,2021-12-16 12:00:00,0.722545,0.7181295804,2021-12-16 20:00:00,0.7180545804,stoploss,-1.016985928,3,3.244312283,-2.9091233,1.5,1.5,0.72156,12,0.4121918572,0.9959677419,0.71627,0.002207709793,0,2021
594,CAD_JPY,2021-12-16 08:00:00,2021-12-16 12:00:00,89.256,88.67321475,2021-12-16 16:00:00,88.66721475,stoploss,-1.010295388,2,5.012137876,-3.121218348,1.2,1.2,88.844,12,1.396740921,0.9659367397,88.071,0.2913926225,0,2021
595,GBP_USD,2021-12-16 08:00:00,2021-12-16 12:00:00,1.329235,1.322389754,2021-12-20 00:00:00,1.322344754,stoploss,-1.006573905,10,6.669592271,-1.737702334,0.9,0.9,1.32828,6,0.2658779528,0.8226600985,1.31709,0.003422623014,0,2021
596,EUR_JPY,2021-12-21 08:00:00,2021-12-21 12:00:00,128.361,127.6997444,2022-02-15 12:00:00,131.164,time_exit,4.238905465,240,7.251356299,-0.249525295,1.4,1,128.311,4,0.1300556083,0.5891089109,127.514,0.3306278027,223,2021
597,EUR_CHF,2021-12-21 12:00:00,2021-12-21 16:00:00,1.04184,1.038391986,2021-12-28 08:00:00,1.038341986,stoploss,-1.014501103,29,5.672831326,-3.436761309,1,1,1.04135,6,0.2552194052,0.9177489177,1.03791,0.001724006839,6,2021
598,AUD_CHF,2021-12-21 16:00:00,2021-12-21 20:00:00,0.66096,0.6556867078,2021-12-22 00:00:00,0.6556167078,stoploss,-1.01327444,2,1.598621835,-2.39508823,1.4,1.4,0.6587,4,0.8230152745,0.9732142857,0.65087,0.002636646083,0,2021
599,AUD_USD,2021-12-21 16:00:00,2021-12-21 20:00:00,0.71448,0.7099877944,2022-01-24 16:00:00,0.7099377944,stoploss,-1.01113039,144,3.770976146,-3.94461023,1,1,0.71275,6,0.7390578987,0.9421052632,0.70825,0.002246102779,99,2021
600,USD_JPY,2021-12-21 16:00:00,2021-12-21 20:00:00,114.208,113.7264469,2022-01-14 04:00:00,113.7234469,stoploss,-1.006229842,105,4.446030602,-1.534617756,0.6,0.6,113.761,11,1.848186472,0.9712389381,113.138,0.2407765704,58,2021
601,GBP_USD,2021-12-21 20:00:00,2021-12-22 00:00:00,1.326305,1.319913146,2022-02-16 00:00:00,1.35341,time_exit,4.240553557,240,7.601080781,-0.3606152351,0.9,0.8,1.32447,8,0.5976356608,0.725,1.31716,0.003195927093,99,2021
602,CHF_JPY,2021-12-22 08:00:00,2021-12-22 12:00:00,123.638,123.0826755,2022-02-16 12:00:00,125.124,time_exit,2.675912899,240,6.187373298,-0.2647100916,2.2,2.2,123.575,6,0.1872778879,0.8059210526,122.665,0.2776622514,55,2021
603,GBP_CHF,2021-12-22 08:00:00,2021-12-22 12:00:00,1.228215,1.22138877,2022-02-16 12:00:00,1.253895,time_exit,3.761959483,240,4.798402759,-0.4255643418,1.9,1.9,1.22566,14,0.7178193717,0.887063655,1.21333,0.00341311491,84,2021
604,NZD_USD,2021-12-22 16:00:00,2021-12-22 20:00:00,0.681715,0.6770332628,2022-01-04 12:00:00,0.6769782628,stoploss,-1.011747776,53,1.560318266,-6.150494794,1.1,1.1,0.67917,4,1.085067323,0.9408099688,0.67009,0.002340868577,35,2021
605,CAD_CHF,2021-12-23 08:00:00,2021-12-23 12:00:00,0.718025,0.7137797756,2021-12-29 16:00:00,0.7137047756,stoploss,-1.017666911,26,4.439105751,-1.219016835,1.5,1.5,0.71684,6,0.5229405555,0.7207792208,0.7097,0.002122612194,0,2021
606,GBP_JPY,2021-12-23 08:00:00,2021-12-23 12:00:00,153.216,152.3158133,2022-02-17 12:00:00,156.567,time_exit,3.722561035,240,5.392214641,-0.3477056413,2,2,152.581,4,1.390822565,0.9669117647,149.523,0.4500933589,211,2021
607,NZD_CHF,2021-12-23 08:00:00,2021-12-23 12:00:00,0.629005,0.6245339674,2021-12-24 04:00:00,0.6244439674,stoploss,-1.020129578,5,0.04585070581,-4.876949464,1.7,1.8,0.62763,4,0.5770479072,0.773480663,0.6165,0.002235516296,0,2021
608,CAD_JPY,2021-12-27 12:00:00,2021-12-27 16:00:00,89.497,89.08235082,2022-02-21 16:00:00,90.144,time_exit,1.560355193,240,6.463295082,-0.1543473453,1.2,1.2,89.439,6,0.2604611451,0.9894736842,87.437,0.2073245895,71,2021
609,NZD_JPY,2021-12-27 20:00:00,2021-12-28 00:00:00,78.242,77.74144795,2022-01-10 16:00:00,77.73644795,stoploss,-1.009988971,59,1.99180084,-6.017356198,1,1,78.202,6,0.2836867796,0.6,76.907,0.2502760266,41,2021
610,NZD_CHF,2021-12-30 00:00:00,2021-12-30 04:00:00,0.626365,0.6221636475,2022-01-03 00:00:00,0.6220786475,stoploss,-1.02023158,12,0.4962687566,-4.561626245,1.7,1.7,0.62603,12,0.1332904095,0.9740740741,0.62017,0.002100676269,2,2021
611,AUD_CHF,2021-12-30 08:00:00,2021-12-30 12:00:00,0.66606,0.6622660381,2021-12-31 00:00:00,0.6621960381,stoploss,-1.01845037,4,0.9436046242,-4.67321508,1.4,1.4,0.66492,6,0.5640541608,0.8922413793,0.66177,0.001896980954,0,2021
612,CAD_CHF,2021-12-31 04:00:00,2021-12-31 08:00:00,0.718405,0.714894171,2022-02-25 08:00:00,0.722315,time_exit,1.113697085,240,5.259441604,-0.6081184849,1.5,1.5,0.71737,10,0.5354860664,0.9808917197,0.71285,0.00175541449,49,2021
613,EUR_AUD,2022-01-03 12:00:00,2022-01-03 16:00:00,1.57163,1.562937884,2022-01-04 16:00:00,1.562817884,stoploss,-1.013805614,7,5.855881101,-3.140777093,2.4,2.4,1.56749,5,0.9134714331,0.9431524548,1.55608,0.004346058187,0,2022
614,EUR_CHF,2022-01-03 12:00:00,2022-01-03 16:00:00,1.03838,1.035040871,2022-01-04 12:00:00,1.034990871,stoploss,-1.014973965,6,6.894013328,-3.069662754,1,1,1.03788,4,0.2695313638,0.9553571429,1.03261,0.001669564512,0,2022
615,GBP_AUD,2022-01-03 12:00:00,2022-01-03 16:00:00,1.86742,1.859153392,2022-02-25 08:00:00,1.858953392,stoploss,-1.02419372,233,6.619401816,-2.585098991,4,4,1.8659,5,0.3193571052,0.9257246377,1.85172,0.004133303999,114,2022
616,USD_CHF,2022-01-03 16:00:00,2022-01-03 20:00:00,0.919255,0.9140533021,2022-01-04 16:00:00,0.9140083021,stoploss,-1.008651021,6,2.886557502,-1.948402283,0.9,0.9,0.91812,14,0.3844898438,0.8354898336,0.90981,0.002600848933,3,2022
617,AUD_CHF,2022-01-05 12:00:00,2022-01-05 16:00:00,0.66453,0.6604230249,2022-01-06 04:00:00,0.6603530249,stoploss,-1.017044174,4,1.833466175,-3.944508902,1.4,1.4,0.66399,4,0.2142696194,0.6417910448,0.65914,0.00205348757,0,2022
618,NZD_USD,2022-01-05 16:00:00,2022-01-05 20:00:00,0.683075,0.6787729497,2022-01-06 00:00:00,0.6787179497,stoploss,-1.012784602,2,1.381899243,-7.009448559,1.1,1.1,0.68242,6,0.2835857152,0.6084337349,0.67645,0.00215102513,0,2022
619,USD_CAD,2022-01-06 04:00:00,2022-01-06 08:00:00,1.278925,1.272344295,2022-01-06 16:00:00,1.272279295,stoploss,-1.00987736,3,1.344080824,-5.158261567,1.3,1.3,1.27657,10,0.6838172648,0.7067901235,1.26203,0.003290352724,0,2022
620,EUR_AUD,2022-01-06 20:00:00,2022-01-07 00:00:00,1.57677,1.567524873,2022-01-19 16:00:00,1.567404873,stoploss,-1.012979811,53,4.949634467,-7.707844233,2.4,2.4,1.57296,19,0.9215665572,0.9397163121,1.55608,0.004622563576,43,2022
621,EUR_CHF,2022-01-07 00:00:00,2022-01-07 04:00:00,1.0408,1.037545716,2022-01-19 04:00:00,1.037495716,stoploss,-1.01536436,49,6.330116513,-8.874454607,1,1,1.039,7,1.069359489,0.7320261438,1.03261,0.001627142246,11,2022
622,USD_CHF,2022-01-07 08:00:00,2022-01-07 12:00:00,0.921225,0.9171384237,2022-01-12 16:00:00,0.9170934237,stoploss,-1.011011663,20,3.192158666,-2.962137268,0.9,0.9,0.91928,18,0.9298737395,0.664516129,0.90981,0.002043288158,13,2022
623,NZD_CHF,2022-01-10 12:00:00,2022-01-10 16:00:00,0.624305,0.6206471216,2022-01-17 00:00:00,0.6205621216,stoploss,-1.023237514,27,3.7740456,-4.676207895,1.7,1.7,0.62354,6,0.3663325682,0.7083333333,0.61821,0.001828939216,16,2022
624,AUD_CHF,2022-01-10 20:00:00,2022-01-11 00:00:00,0.66412,0.6598246377,2022-01-14 12:00:00,0.6597546377,stoploss,-1.016296646,22,5.184661651,-3.676057812,1.4,1.4,0.66122,11,1.825224398,0.8298969072,0.65636,0.002147681131,14,2022
625,NZD_USD,2022-01-12 04:00:00,2022-01-12 08:00:00,0.679395,0.6750445694,2022-01-20 20:00:00,0.6749895694,stoploss,-1.012642427,40,3.02843586,-6.085604508,1.1,1.1,0.6783,11,0.478113593,0.9831932773,0.67328,0.002175215294,8,2022
626,NZD_JPY,2022-01-12 20:00:00,2022-01-13 00:00:00,78.463,77.92956497,2022-01-14 04:00:00,77.92456497,stoploss,-1.009373213,8,2.090226446,-6.060719371,1,1,78.521,15,0.1349742638,1,77.579,0.2667175134,3,2022
627,NZD_CAD,2022-01-13 08:00:00,2022-01-13 12:00:00,0.858905,0.8542210155,2022-01-14 16:00:00,0.8541060155,stoploss,-1.024551746,8,4.674438994,-5.334133741,2.3,2.3,0.85769,15,0.4526061049,0.9357798165,0.84961,0.002341992272,0,2022
628,EUR_GBP,2022-01-13 16:00:00,2022-01-13 20:00:00,0.83582,0.8329599832,2022-01-18 20:00:00,0.8329199832,stoploss,-1.013985932,19,4.185290075,-5.433534484,0.8,0.8,0.83553,5,0.1748241468,0.9428571429,0.83232,0.001430008409,16,2022
629,USD_CHF,2022-01-17 00:00:00,2022-01-17 04:00:00,0.915555,0.9111297822,2022-01-21 16:00:00,0.9110847822,stoploss,-1.010168991,28,4.757957956,-1.083562498,0.9,0.9,0.91485,10,0.2982904061,0.9046321526,0.90912,0.002212608875,22,2022
630,AUD_CHF,2022-01-19 12:00:00,2022-01-19 16:00:00,0.66194,0.6580983984,2022-01-21 04:00:00,0.6580283984,stoploss,-1.018221567,10,6.364533004,-3.542793218,1.4,1.4,0.66066,12,0.629945598,0.9501915709,0.65699,0.001920800786,6,2022
631,AUD_NZD,2022-01-19 16:00:00,2022-01-19 20:00:00,1.063965,1.060103146,2022-03-16 20:00:00,1.064455,time_exit,0.1268820699,240,4.064110382,-0.7159773945,2.1,2.1,1.06237,8,0.7716501395,0.9776536313,1.0574,0.001930926885,118,2022
632,EUR_NZD,2022-01-21 00:00:00,2022-01-21 04:00:00,1.68141,1.671090123,2022-02-23 08:00:00,1.670900123,stoploss,-1.018411072,140,5.268473605,-11.37222848,3.8,3.8,1.67963,5,0.2965151597,0.8418514947,1.66556,0.00515993854,63,2022
633,GBP_NZD,2022-01-21 00:00:00,2022-01-21 04:00:00,2.01989,2.008891947,2022-01-25 00:00:00,2.008651947,stoploss,-1.021822045,12,3.018716231,-10.5109517,4.8,4.8,2.0161,5,0.6310208026,0.8611111111,2.00229,0.005499026317,1,2022
634,EUR_GBP,2022-01-21 08:00:00,2022-01-21 12:00:00,0.83573,0.8326912181,2022-01-27 16:00:00,0.8326512181,stoploss,-1.013163169,26,3.968695546,-5.084274144,0.8,0.8,0.83387,6,1.197848407,0.8279220779,0.83051,0.001519390926,7,2022
635,EUR_CAD,2022-01-21 16:00:00,2022-01-21 20:00:00,1.424375,1.416862432,2022-01-26 12:00:00,1.416677432,stoploss,-1.0246254,17,5.201283915,-6.408594091,3.7,3.7,1.42095,10,0.8652167741,0.9350961538,1.40997,0.003756284086,5,2022
636,USD_CAD,2022-01-21 16:00:00,2022-01-21 20:00:00,1.255405,1.248839,2022-03-18 20:00:00,1.260895,time_exit,0.8361254961,240,5.285561993,-0.1454462384,1.3,1.3,1.25374,4,0.4812671344,0.9239904988,1.24498,0.003282999996,191,2022
637,AUD_CAD,2022-01-25 00:00:00,2022-01-25 04:00:00,0.904085,0.8990947647,2022-01-27 00:00:00,0.8989997647,stoploss,-1.019037178,12,8.441485716,-2.662199115,1.9,1.9,0.90345,6,0.2124148334,0.5925058548,0.89762,0.00249511765,9,2022
638,USD_CHF,2022-01-25 08:00:00,2022-01-25 12:00:00,0.919235,0.914739467,2022-03-22 12:00:00,0.936135,time_exit,3.759287234,240,6.01597179,-0.9375973783,0.9,0.9,0.9181,15,0.4849258089,0.8789473684,0.91076,0.002247766524,218,2022
639,NZD_CHF,2022-01-26 08:00:00,2022-01-26 12:00:00,0.615595,0.6109000328,2022-01-27 04:00:00,0.6108150328,stoploss,-1.018104493,5,7.66672022,-1.788084908,1.7,1.7,0.61438,13,0.4856263954,0.8289962825,0.60873,0.002347483602,2,2022
640,USD_JPY,2022-01-26 12:00:00,2022-01-26 16:00:00,114.307,113.8004888,2022-03-23 16:00:00,120.739,time_exit,12.69863249,240,14.02732957,-0.304040641,0.6,0.6,114.157,6,0.576492644,0.9441860465,113.469,0.2532556166,236,2022
641,EUR_CHF,2022-01-26 16:00:00,2022-01-26 20:00:00,1.03959,1.035400385,2022-02-22 00:00:00,1.035350385,stoploss,-1.011934269,110,5.205728339,-10.06774972,1,1,1.03853,7,0.4725970707,0.9005235602,1.02999,0.002094807737,65,2022
642,GBP_NZD,2022-01-27 00:00:00,2022-01-27 04:00:00,2.03017,2.019187316,2022-02-22 12:00:00,2.018947316,stoploss,-1.021852581,111,2.086921464,-12.79377552,4.8,4.8,2.0234,8,1.185502507,0.9752530934,2.00874,0.005491342245,32,2022
643,EUR_AUD,2022-01-28 08:00:00,2022-01-28 12:00:00,1.59019,1.578500616,2022-02-02 00:00:00,1.578380616,stoploss,-1.010265725,16,2.76661297,-11.45569396,2.4,2.4,1.58819,6,0.3199484387,0.967340591,1.5714,0.00584469175,0,2022
644,EUR_USD,2022-01-31 12:00:00,2022-01-31 16:00:00,1.119345,1.114193373,2022-02-24 16:00:00,1.114178373,stoploss,-1.002911702,109,5.851549629,-7.520925207,0.7,0.3,1.11737,5,0.7531601446,0.9873684211,1.11214,0.00257581341,48,2022
645,EUR_GBP,2022-01-31 16:00:00,2022-01-31 20:00:00,0.83503,0.8316858812,2022-02-03 12:00:00,0.8316458812,stoploss,-1.011961298,17,3.815653945,-4.410728503,0.8,0.8,0.83342,5,0.9389618643,0.7673716012,0.83054,0.001672059388,16,2022
646,EUR_CAD,2022-01-31 20:00:00,2022-02-01 00:00:00,1.427335,1.418670943,2022-03-01 04:00:00,1.418580943,stoploss,-1.010387743,122,4.16837041,-6.931510037,3.7,1.8,1.42637,7,0.2746980915,0.7043879908,1.41179,0.00433202864,22,2022
647,AUD_USD,2022-02-01 08:00:00,2022-02-01 12:00:00,0.70812,0.70223714,2022-03-29 12:00:00,0.74812,time_exit,6.799413911,240,7.80062761,-0.5031566294,1,1,0.70765,4,0.1427876921,0.6726804124,0.69676,0.002941429991,233,2022
648,NZD_USD,2022-02-01 12:00:00,2022-02-01 16:00:00,0.661835,0.6568314769,2022-03-29 16:00:00,0.689855,time_exit,5.600054071,240,7.40178453,-0.5685993516,1.1,1.1,0.65967,5,0.8354113496,0.9565217391,0.65292,0.002501761558,217,2022
649,AUD_CAD,2022-02-01 20:00:00,2022-02-02 00:00:00,0.904055,0.8981190519,2022-03-30 00:00:00,0.937805,time_exit,5.685696613,240,7.10164565,-0.6207938376,1.9,1.9,0.90254,7,0.5424575731,0.8609625668,0.8908,0.00296797405,138,2022
650,AUD_JPY,2022-02-01 20:00:00,2022-02-02 00:00:00,81.715,80.98726007,2022-03-30 00:00:00,92.224,time_exit,14.44059831,240,17.31799985,-0.5785033673,0.8,0.8,81.628,7,0.2693269833,0.7795275591,80.36,0.363869965,230,2022
651,NZD_CAD,2022-02-02 00:00:00,2022-02-02 04:00:00,0.842565,0.8373593455,2022-03-30 04:00:00,0.868435,time_exit,4.969596042,240,7.344897746,-0.861563133,2.3,2.3,0.84131,8,0.4648791041,0.7446808511,0.83392,0.00260282725,137,2022
652,NZD_JPY,2022-02-02 00:00:00,2022-02-02 04:00:00,76.211,75.60633906,2022-02-03 00:00:00,75.60133906,stoploss,-1.008269097,6,17.76532821,-1.046867693,1.4,1,76.115,8,0.2943798568,0.7269503546,75.23,0.3023304684,0,2022
653,EUR_AUD,2022-02-03 16:00:00,2022-02-03 20:00:00,1.60258,1.591191373,2022-02-09 16:00:00,1.591071373,stoploss,-1.010536827,24,1.751747536,-13.08586142,2.4,2.4,1.59649,15,1.053682728,0.9426030719,1.5742,0.005694313705,5,2022
654,NZD_CHF,2022-02-03 16:00:00,2022-02-03 20:00:00,0.612935,0.6085822537,2022-03-31 20:00:00,0.639475,time_exit,6.097300029,240,8.94492753,-0.9132165643,1.7,1.7,0.61248,10,0.1010856071,0.5156794425,0.6072,0.002176373138,219,2022
655,EUR_GBP,2022-02-04 00:00:00,2022-02-04 04:00:00,0.84183,0.8376035204,2022-02-11 20:00:00,0.8375635204,stoploss,-1.009464141,35,2.226439245,-5.098806136,0.8,0.8,0.83513,9,3.15629113,0.9942857143,0.83051,0.002113239788,8,2022
656,AUD_CHF,2022-02-08 00:00:00,2022-02-08 04:00:00,0.65944,0.6551839503,2022-04-05 04:00:00,0.69838,time_exit,9.149329215,240,11.20287666,-0.9938793677,1.4,1.4,0.65826,14,0.5310088348,0.9672131148,0.65168,0.002128024858,205,2022
657,NZD_JPY,2022-02-08 00:00:00,2022-02-08 04:00:00,76.581,76.01608143,2022-02-14 08:00:00,76.01108143,stoploss,-1.008850833,26,18.36016836,-1.262128812,1,1,76.506,4,0.2478233292,0.93125,75.523,0.2824592835,15,2022
658,GBP_CAD,2022-02-11 00:00:00,2022-02-11 04:00:00,1.72642,1.71862711,2022-02-16 12:00:00,1.71848711,stoploss,-1.017965094,21,1.457739075,-12.43569488,2.8,2.8,1.72388,10,0.6159460882,0.849112426,1.71274,0.00389644491,5,2022
659,EUR_GBP,2022-02-15 16:00:00,2022-02-15 20:00:00,0.83944,0.8361662688,2022-02-17 04:00:00,0.8361262688,stoploss,-1.012218474,9,3.604449909,-5.852649174,0.8,0.8,0.83869,8,0.4337558365,0.6915422886,0.83466,0.001636865582,3,2022
660,GBP_USD,2022-02-16 16:00:00,2022-02-16 20:00:00,1.35812,1.351072005,2022-02-24 04:00:00,1.351032005,stoploss,-1.005675373,33,0.8754262498,-8.62656661,0.8,0.8,1.35672,8,0.383087662,0.78,1.34866,0.003523997596,9,2022
661,NZD_JPY,2022-02-16 16:00:00,2022-02-16 20:00:00,77.044,76.34974246,2022-04-13 20:00:00,85.254,time_exit,11.82558273,240,14.27280138,-0.7994151544,1,1,76.859,8,0.5156587843,0.9285714286,75.868,0.3471287709,165,2022
662,GBP_CAD,2022-02-17 08:00:00,2022-02-17 12:00:00,1.729,1.721220689,2022-02-24 12:00:00,1.721080689,stoploss,-1.017996453,31,1.128634676,-12.78905056,2.8,2.8,1.72722,10,0.4190602556,0.874015748,1.71542,0.003889655433,12,2022
663,CHF_JPY,2022-02-21 12:00:00,2022-02-21 16:00:00,125.287,124.7179988,2022-02-24 04:00:00,124.7069988,stoploss,-1.019332119,16,17.86463584,-2.202104152,2.2,2.2,125.212,9,0.2319854334,0.5393700787,124.693,0.2845006216,12,2022
664,EUR_GBP,2022-02-22 12:00:00,2022-02-22 16:00:00,0.83695,0.8331008432,2022-02-23 00:00:00,0.8330608432,stoploss,-1.010391886,3,3.712501418,-4.330818659,0.8,0.8,0.83517,7,0.9040941172,0.7088607595,0.83214,0.001924578389,0,2022
665,CAD_JPY,2022-02-23 12:00:00,2022-02-23 16:00:00,90.682,90.067493,2022-02-24 00:00:00,90.061493,stoploss,-1.009763925,3,19.46112887,-2.362869732,1.2,1.2,90.548,5,0.419848754,0.7162629758,89.691,0.3072535021,0,2022
666,CAD_CHF,2022-02-25 12:00:00,2022-02-25 16:00:00,0.726915,0.7219618771,2022-02-28 12:00:00,0.7218868771,stoploss,-1.015141962,6,7.095523561,-1.854385657,1.5,1.5,0.72541,13,0.5854892112,0.9857482185,0.71718,0.002476561433,1,2022
667,EUR_CHF,2022-02-25 12:00:00,2022-02-25 16:00:00,1.04198,1.034441088,2022-02-28 00:00:00,1.034391088,stoploss,-1.006632256,3,0.4072205434,-5.911993362,1,1,1.0376,4,1.151359712,0.9960369881,1.02813,0.003769456195,0,2022
668,EUR_JPY,2022-02-25 12:00:00,2022-02-25 16:00:00,129.853,128.6634042,2022-02-28 00:00:00,128.6584042,stoploss,-1.004203108,3,8.53399143,-4.590635067,1,1,129.717,4,0.2202428836,0.9827089337,127.917,0.5947978788,1,2022
669,CHF_JPY,2022-02-28 08:00:00,2022-02-28 12:00:00,125.271,124.5229461,2022-03-07 08:00:00,124.5119461,stoploss,-1.014704822,30,14.62595079,-1.320760385,2.2,2.2,125.089,9,0.4598598913,0.8963210702,124.034,0.3740269662,18,2022
670,CAD_JPY,2022-03-02 16:00:00,2022-03-02 20:00:00,91.277,90.53618939,2022-03-04 12:00:00,90.53018939,stoploss,-1.008099236,11,15.7584136,-2.219190676,1.2,1.2,91.006,12,0.7127327719,0.786407767,89.23,0.3704053053,3,2022
671,CAD_CHF,2022-03-02 20:00:00,2022-03-03 00:00:00,0.728565,0.7229335355,2022-03-04 00:00:00,0.7228585355,stoploss,-1.013318028,7,5.947831123,-1.924011053,1.5,1.5,0.72664,8,0.7102948049,0.64375,0.71733,0.002815732265,2,2022
672,GBP_JPY,2022-03-03 04:00:00,2022-03-03 08:00:00,155.083,153.9813367,2022-03-03 20:00:00,153.9713367,stoploss,-1.009077184,4,12.11259393,-3.724368473,2,2,154.995,16,0.1434195025,0.8846960168,152.665,0.5508316417,0,2022
673,EUR_CHF,2022-03-08 08:00:00,2022-03-08 12:00:00,1.01141,1.002964267,2022-05-03 12:00:00,1.02772,time_exit,1.931152613,240,3.439606586,-0.4250667003,1,1,1.01003,4,0.3149519283,0.9531722054,0.99741,0.004222866667,44,2022
674,GBP_CAD,2022-03-08 08:00:00,2022-03-08 12:00:00,1.68338,1.673068789,2022-03-10 16:00:00,1.672928789,stoploss,-1.013577454,14,0.8466512539,-8.771035441,2.8,2.8,1.68267,4,0.1086196339,0.8733552632,1.67164,0.005155605664,1,2022
675,EUR_GBP,2022-03-08 12:00:00,2022-03-08 16:00:00,0.83281,0.8270422692,2022-04-14 16:00:00,0.8270022692,stoploss,-1.006935136,163,3.195364099,-1.36102052,0.8,0.8,0.82998,17,0.9709190968,0.9748427673,0.82028,0.002883865411,99,2022
676,EUR_JPY,2022-03-08 12:00:00,2022-03-08 16:00:00,126.295,124.9065734,2022-05-03 16:00:00,137.276,time_exit,7.908952386,240,9.874486588,-0.5300964353,1,1,125.952,5,0.486882052,0.9436619718,124.392,0.6942133081,190,2022
677,EUR_CAD,2022-03-08 16:00:00,2022-03-08 20:00:00,1.40983,1.396979008,2022-03-11 16:00:00,1.396889008,stoploss,-1.00700335,18,1.050502573,-5.533425035,1.8,1.8,1.40364,17,0.9555682666,0.9179632249,1.37623,0.006425495922,10,2022
678,EUR_USD,2022-03-08 16:00:00,2022-03-08 20:00:00,1.094245,1.082990335,2022-04-12 20:00:00,1.082955335,stoploss,-1.003109821,151,2.153329219,-4.186263922,0.3,0.7,1.09323,6,0.1830352049,0.83847981,1.0806,0.005627332734,98,2022
679,GBP_JPY,2022-03-09 08:00:00,2022-03-09 12:00:00,152.368,151.1864404,2022-05-04 12:00:00,162.746,time_exit,8.783306223,240,13.59135813,-0.4646401153,2,2,152.231,12,0.214970108,0.9429530201,150.98,0.5907798121,177,2022
680,GBP_USD,2022-03-09 08:00:00,2022-03-09 12:00:00,1.315115,1.306094105,2022-03-11 08:00:00,1.306049105,stoploss,-1.004988418,12,1.635646935,-8.202622499,0.9,0.9,1.31447,4,0.1352415629,0.9291497976,1.30821,0.004510447726,5,2022
681,EUR_NZD,2022-03-09 12:00:00,2022-03-09 16:00:00,1.60906,1.59289013,2022-03-22 08:00:00,1.59270013,stoploss,-1.011750249,53,1.930751405,-3.082275786,3.8,3.8,1.60623,4,0.3252963611,0.98663926,1.56405,0.0080849352,22,2022
682,CAD_JPY,2022-03-09 16:00:00,2022-03-09 20:00:00,90.348,89.61720124,2022-05-04 20:00:00,101.471,time_exit,15.22033239,240,17.24551372,-0.1340998448,1.2,1.2,90.301,7,0.1094692611,0.6987951807,89.633,0.3653993788,182,2022
683,CHF_JPY,2022-03-09 16:00:00,2022-03-09 20:00:00,125.097,124.3387048,2022-05-04 20:00:00,132.216,time_exit,9.388164444,240,14.65788001,-0.5077178411,2.2,2.2,125.023,7,0.1687996978,0.855704698,124.283,0.3791475981,173,2022
684,EUR_AUD,2022-03-09 16:00:00,2022-03-09 20:00:00,1.51527,1.498541769,2022-03-10 16:00:00,1.498421769,stoploss,-1.007173502,6,1.055102588,-4.976617025,2.4,2.4,1.50509,5,1.199170421,0.9351639969,1.45628,0.008364115582,0,2022
685,GBP_NZD,2022-03-10 00:00:00,2022-03-10 04:00:00,1.93108,1.917008906,2022-03-10 16:00:00,1.916768906,stoploss,-1.017056243,4,1.744000887,-4.26121814,4.8,4.8,1.92871,5,0.3055910274,0.9456140351,1.90465,0.007035546882,0,2022
686,GBP_CHF,2022-03-10 04:00:00,2022-03-10 08:00:00,1.222545,1.214417099,2022-03-30 16:00:00,1.214322099,stoploss,-1.011688134,87,2.745481141,-1.811660758,1.9,1.9,1.22135,16,0.270672575,0.8497409326,1.21045,0.004063950698,53,2022
687,CAD_CHF,2022-03-10 12:00:00,2022-03-10 16:00:00,0.727785,0.7221310192,2022-05-05 16:00:00,0.769515,time_exit,7.380640498,240,7.544242043,-0.428901347,1.5,1.5,0.72497,5,0.9550792881,0.9916527546,0.71773,0.002826990422,240,2022
688,GBP_AUD,2022-03-14 16:00:00,2022-03-14 20:00:00,1.80929,1.795756878,2022-03-17 12:00:00,1.795556878,stoploss,-1.014778556,17,0.6133100924,-6.790007758,4,4,1.80526,16,0.5660187118,0.9707419018,1.77698,0.006766560751,3,2022
689,EUR_AUD,2022-03-15 00:00:00,2022-03-15 04:00:00,1.52748,1.512327057,2022-03-16 20:00:00,1.512207057,stoploss,-1.007919254,11,0.359006162,-6.299766218,2.4,2.4,1.50742,9,2.629192187,0.9733879222,1.49121,0.007576471626,1,2022
690,EUR_CAD,2022-03-15 08:00:00,2022-03-15 12:00:00,1.41519,1.402369723,2022-03-15 16:00:00,1.402279723,stoploss,-1.007020129,2,0.0304205597,-5.964769745,1.8,1.8,1.40928,11,0.9063766763,0.8748538012,1.38578,0.006410138469,0,2022
691,GBP_CAD,2022-03-15 08:00:00,2022-03-15 12:00:00,1.677,1.666900373,2022-03-15 20:00:00,1.666760373,stoploss,-1.013861897,3,0.09109246925,-9.820164239,2.8,2.8,1.67503,11,0.3663501481,0.7067901235,1.65682,0.005049813709,0,2022
692,GBP_USD,2022-03-16 20:00:00,2022-03-17 00:00:00,1.3143,1.305591094,2022-03-29 12:00:00,1.305551094,stoploss,-1.004593,52,1.787825062,-10.54323039,0.8,0.8,1.30889,7,1.304411863,0.9029982363,1.29997,0.004354452886,25,2022
693,AUD_NZD,2022-03-17 00:00:00,2022-03-17 04:00:00,1.068185,1.063475795,2022-05-12 04:00:00,1.102375,time_exit,7.260249156,240,9.113003584,-0.1114837908,2.1,2.1,1.06742,12,0.2803021026,0.5859564165,1.0612,0.002354602388,208,2022
694,GBP_CAD,2022-03-22 08:00:00,2022-03-22 12:00:00,1.6632,1.653139355,2022-03-24 16:00:00,1.652999355,stoploss,-1.013915609,14,0.8985507215,-8.499454889,2.8,2.8,1.66244,4,0.1272284207,0.9245107176,1.65372,0.005030322598,4,2022
695,USD_JPY,2022-03-25 12:00:00,2022-03-25 16:00:00,122.152,121.2781142,2022-05-20 16:00:00,127.784,time_exit,6.444777717,240,10.5219693,-0.9944090618,0.6,0.6,121.412,15,1.686719168,0.8694404591,120.593,0.4369429209,184,2022
696,USD_CHF,2022-03-28 08:00:00,2022-03-28 12:00:00,0.936505,0.9313954055,2022-03-29 16:00:00,0.9313504055,stoploss,-1.008806961,8,13.68503896,-3.281082275,0.9,0.9,0.93471,12,0.6693290415,0.5679824561,0.92628,0.002554797258,6,2022
697,EUR_NZD,2022-03-28 16:00:00,2022-03-28 20:00:00,1.59329,1.582201879,2022-04-04 16:00:00,1.582011879,stoploss,-1.017135454,30,8.189845359,-3.072657542,3.8,3.8,1.58607,6,1.269827361,0.9024856597,1.5755,0.005544060725,4,2022
698,EUR_AUD,2022-03-29 12:00:00,2022-03-29 16:00:00,1.4853,1.472325637,2022-04-01 08:00:00,1.472205637,stoploss,-1.009249009,17,3.284169007,-4.106560073,2.4,2.4,1.46976,5,2.373912355,0.8006068487,1.45355,0.00648718137,10,2022
699,EUR_CAD,2022-03-29 12:00:00,2022-03-29 16:00:00,1.39041,1.379278981,2022-04-01 12:00:00,1.379188981,stoploss,-1.008085513,18,0.6809798743,-4.643779644,1.8,1.8,1.38198,5,1.489531176,0.9120126449,1.36728,0.005565509559,10,2022
700,GBP_NZD,2022-03-29 12:00:00,2022-03-29 16:00:00,1.90538,1.893742773,2022-03-29 16:00:00,1.893502773,stoploss,-1.02062347,1,5.329448374,-2.944000343,4.8,4.8,1.89918,11,1.027736255,0.6517285531,1.889,0.005818613452,0,2022
701,AUD_USD,2022-03-30 04:00:00,2022-03-30 08:00:00,0.75252,0.7465041948,2022-04-08 08:00:00,0.7464541948,stoploss,-1.008311439,43,2.260711482,-11.57617262,1,1,0.75189,5,0.1895008154,0.7713178295,0.7456,0.003007902625,26,2022
702,GBP_AUD,2022-03-31 20:00:00,2022-04-01 00:00:00,1.7554,1.743064341,2022-04-04 16:00:00,1.742864341,stoploss,-1.016213159,11,2.701923026,-3.0805003,4,4,1.75323,7,0.3469616127,0.7322274882,1.73962,0.006167829298,2,2022
703,AUD_JPY,2022-04-01 12:00:00,2022-04-01 16:00:00,92.276,91.10591523,2022-04-26 16:00:00,91.10191523,stoploss,-1.003418556,103,2.962178548,-4.252683339,0.8,0.8,92.091,9,0.3093792943,0.8800959233,90.763,0.5850423842,74,2022
704,USD_CHF,2022-04-04 04:00:00,2022-04-04 08:00:00,0.926725,0.9215782692,2022-05-30 08:00:00,0.956315,time_exit,5.749280671,240,15.48652977,-0.5314052935,0.9,0.9,0.92615,11,0.213727906,0.7661290323,0.91974,0.002573365408,181,2022
705,NZD_CHF,2022-04-04 12:00:00,2022-04-04 16:00:00,0.643295,0.6384654565,2022-04-11 00:00:00,0.6383804565,stoploss,-1.017600007,27,1.556047673,-5.496378641,1.7,1.7,0.64289,6,0.1325176994,0.5856573705,0.63766,0.002414771774,10,2022
706,AUD_CAD,2022-04-04 16:00:00,2022-04-04 20:00:00,0.942325,0.9361115129,2022-04-11 04:00:00,0.9360165129,stoploss,-1.015289321,27,1.487892352,-8.121848303,1.9,1.9,0.94072,7,0.4892582748,0.7702702703,0.93399,0.003106743571,3,2022
707,NZD_CAD,2022-04-04 16:00:00,2022-04-04 20:00:00,0.869655,0.8639413577,2022-04-06 00:00:00,0.8638263577,stoploss,-1.020127266,8,0.5784401321,-10.91860443,2.3,2.3,0.86839,7,0.4025453264,0.8394160584,0.86024,0.002856821144,4,2022
708,NZD_USD,2022-04-04 16:00:00,2022-04-04 20:00:00,0.695865,0.6911399211,2022-04-06 20:00:00,0.6910849211,stoploss,-1.011640017,13,1.594682374,-15.70873248,1.1,1.1,0.69478,7,0.4359715583,0.5644444444,0.68758,0.002362539438,5,2022
709,GBP_CHF,2022-04-06 08:00:00,2022-04-06 12:00:00,1.221635,1.215408895,2022-04-11 00:00:00,1.215313895,stoploss,-1.015258335,16,3.730261286,-3.712593741,1.9,1.9,1.21949,4,0.6553053196,0.8698884758,1.2096,0.003113052708,0,2022
710,GBP_NZD,2022-04-06 16:00:00,2022-04-06 20:00:00,1.88716,1.873922707,2022-06-01 20:00:00,1.92576,time_exit,2.916003952,240,6.0616621,-0.165441675,4.8,4.8,1.88582,4,0.1631753507,0.5314285714,1.87112,0.006618646724,173,2022
711,EUR_NZD,2022-04-07 00:00:00,2022-04-07 04:00:00,1.57933,1.566050545,2022-06-02 04:00:00,1.64367,time_exit,4.845078453,240,7.889631171,-0.7296986356,3.8,3.8,1.57631,6,0.4247162337,0.9017264276,1.55922,0.006639727367,151,2022
712,GBP_CAD,2022-04-07 00:00:00,2022-04-07 04:00:00,1.6424,1.634294469,2022-04-19 08:00:00,1.634154469,stoploss,-1.017272156,50,0.9919152696,-8.005644508,2.8,2.8,1.63882,10,0.8438682144,0.7725988701,1.62951,0.004052765517,31,2022
713,USD_CAD,2022-04-07 00:00:00,2022-04-07 04:00:00,1.255935,1.249310338,2022-04-20 16:00:00,1.249245338,stoploss,-1.009811822,58,7.809455488,-1.522341908,1.3,1.3,1.25397,19,0.5736142042,0.7355371901,1.24028,0.003312330807,27,2022
714,EUR_AUD,2022-04-11 08:00:00,2022-04-11 12:00:00,1.46754,1.456175815,2022-04-12 16:00:00,1.456055815,stoploss,-1.010559491,8,5.312303746,-1.66487969,2.4,2.4,1.46152,10,1.036589997,0.8517060367,1.43202,0.005682092261,4,2022
715,GBP_AUD,2022-04-11 08:00:00,2022-04-11 12:00:00,1.75297,1.742352383,2022-04-12 16:00:00,1.742152383,stoploss,-1.018836619,8,3.367987506,-3.310535818,4,4,1.7511,12,0.3164552019,0.9596122779,1.7174,0.005308808292,3,2022
716,NZD_CHF,2022-04-12 16:00:00,2022-04-12 20:00:00,0.640785,0.6363231709,2022-04-13 04:00:00,0.6362381709,stoploss,-1.019050483,3,1.19793921,-5.386804287,1.7,1.7,0.64011,8,0.2644655319,0.8763636364,0.63625,0.002230914538,2,2022
717,GBP_CHF,2022-04-13 16:00:00,2022-04-13 20:00:00,1.223125,1.216776819,2022-04-25 12:00:00,1.216681819,stoploss,-1.014964916,47,3.4238153,-4.085422122,1.9,1.9,1.21609,8,2.192754036,0.9927272727,1.2133,0.003174090611,35,2022
718,GBP_USD,2022-04-13 16:00:00,2022-04-13 20:00:00,1.30941,1.301843443,2022-04-18 08:00:00,1.301798443,stoploss,-1.005947223,16,0.7057371348,-12.40722888,0.8,0.9,1.30539,6,1.049354466,0.9139492754,1.29822,0.003783278318,3,2022
719,EUR_USD,2022-04-14 04:00:00,2022-04-14 08:00:00,1.091245,1.084379389,2022-04-14 12:00:00,1.084344389,stoploss,-1.005097871,2,0.3473834823,-8.198104528,0.7,0.7,1.09037,10,0.2446977988,0.9734219269,1.08114,0.003432805706,0,2022
720,AUD_CHF,2022-04-14 16:00:00,2022-04-14 20:00:00,0.69928,0.6939975258,2022-04-18 20:00:00,0.6939275258,stoploss,-1.013251366,13,1.607201404,-4.206362213,1.4,1.4,0.69738,20,0.7004293515,0.6720257235,0.68973,0.002641237116,0,2022
721,GBP_AUD,2022-04-15 00:00:00,2022-04-15 04:00:00,1.76338,1.753304327,2022-04-20 08:00:00,1.753104327,stoploss,-1.01984979,20,2.515960864,-4.521782128,4,4,1.75809,18,1.008369324,0.6450839329,1.73991,0.00503783671,7,2022
722,EUR_AUD,2022-04-18 04:00:00,2022-04-18 08:00:00,1.46764,1.458914342,2022-04-20 00:00:00,1.458794342,stoploss,-1.013752544,11,6.907215367,-1.504757554,2.4,2.4,1.46659,10,0.2131644364,0.9553264605,1.44862,0.004362829071,0,2022
723,NZD_JPY,2022-04-19 04:00:00,2022-04-19 08:00:00,86.365,85.67767765,2022-04-22 08:00:00,85.67267765,stoploss,-1.007274607,19,1.427277895,-10.05641673,1,1,85.882,11,1.393814703,0.9897172237,85.021,0.343661176,5,2022
724,EUR_GBP,2022-04-19 12:00:00,2022-04-19 16:00:00,0.83028,0.8270697397,2022-06-14 16:00:00,0.86516,time_exit,10.86516261,240,12.00214207,-0.6074273824,0.8,0.8,0.82963,6,0.3738014661,0.9658119658,0.82496,0.001605130141,240,2022
725,AUD_CHF,2022-04-20 00:00:00,2022-04-20 04:00:00,0.70508,0.6993240547,2022-04-22 04:00:00,0.6992540547,stoploss,-1.012161339,13,0.4673428701,-4.868010119,1.4,1.4,0.7004,19,1.598347362,0.8612975391,0.69151,0.002877972654,7,2022
726,NZD_CHF,2022-04-20 00:00:00,2022-04-20 04:00:00,0.643345,0.6377891225,2022-04-22 08:00:00,0.6377041225,stoploss,-1.015299113,14,0.5012709507,-4.786822597,1.7,1.7,0.64151,18,0.6335632842,0.904,0.63195,0.002777938754,5,2022
727,AUD_USD,2022-04-20 04:00:00,2022-04-20 08:00:00,0.7425,0.7369582938,2022-04-21 16:00:00,0.7369082938,stoploss,-1.009022492,9,0.5954844749,-10.75841951,1,1,0.74,5,0.8878132171,0.9980879541,0.73404,0.002770853095,6,2022
728,EUR_USD,2022-04-20 04:00:00,2022-04-20 08:00:00,1.082045,1.076412772,2022-04-25 08:00:00,1.076397772,stoploss,-1.002663245,19,2.056912581,-8.359924804,0.7,0.3,1.08146,5,0.1953046041,0.9352331606,1.07575,0.002816113847,6,2022
729,NZD_CAD,2022-04-20 04:00:00,2022-04-20 08:00:00,0.851945,0.8466876831,2022-04-21 00:00:00,0.8465726831,stoploss,-1.021874276,5,0.2158895907,-9.317490396,2.3,2.3,0.85137,5,0.1787984275,0.6762820513,0.84671,0.002628658465,0,2022
730,GBP_USD,2022-04-20 12:00:00,2022-04-20 16:00:00,1.30556,1.298964095,2022-04-22 08:00:00,1.298919095,stoploss,-1.006822415,11,0.5230518345,-17.00449094,0.8,0.9,1.3041,6,0.4275380213,0.7419354839,1.29807,0.003297952299,5,2022
731,EUR_AUD,2022-04-21 16:00:00,2022-04-21 20:00:00,1.47158,1.461440967,2022-05-04 20:00:00,1.461320967,stoploss,-1.011835448,55,5.555756652,-1.137189317,2.4,2.4,1.46775,13,0.7239349162,0.9642857143,1.45085,0.005069516497,9,2022
732,EUR_CAD,2022-04-22 00:00:00,2022-04-22 04:00:00,1.36495,1.356469169,2022-04-27 12:00:00,1.356379169,stoploss,-1.010612168,21,1.870099789,-3.092857344,1.8,1.8,1.36361,9,0.2877076599,0.7886904762,1.3519,0.004240415429,5,2022
733,USD_CAD,2022-04-22 08:00:00,2022-04-22 12:00:00,1.266945,1.259500212,2022-06-02 16:00:00,1.259435212,stoploss,-1.00873094,176,5.470269863,-2.042368404,1.3,1.3,1.2647,16,0.5829581634,0.9987341772,1.24585,0.003722394052,86,2022
734,GBP_AUD,2022-04-25 00:00:00,2022-04-25 04:00:00,1.7776,1.764199949,2022-04-26 12:00:00,1.763999949,stoploss,-1.014925317,9,0.8305938785,-4.461177184,4,4,1.77607,4,0.1985067131,0.9792865362,1.74912,0.0067000253,1,2022
735,NZD_CAD,2022-04-26 12:00:00,2022-04-26 16:00:00,0.845655,0.8398821249,2022-04-27 04:00:00,0.8397671249,stoploss,-1.01992075,4,0.3005434863,-7.395794897,2.3,2.3,0.84444,6,0.3637702139,0.5849056604,0.83858,0.002886437536,0,2022
736,AUD_JPY,2022-04-28 04:00:00,2022-04-28 08:00:00,92.162,90.93132663,2022-05-09 16:00:00,90.92732663,stoploss,-1.003250253,45,3.834486157,-3.950682708,0.8,0.8,91.982,5,0.2843971509,0.8836317136,90.44,0.6153366848,28,2022
737,NZD_JPY,2022-04-28 04:00:00,2022-04-28 08:00:00,84.339,83.35113207,2022-05-09 00:00:00,83.34613207,stoploss,-1.005061405,41,2.501346505,-4.94600527,1,1,84.279,4,0.113375479,0.703891709,83.314,0.4939339662,0,2022
738,AUD_CHF,2022-04-28 08:00:00,2022-04-28 12:00:00,0.69312,0.6862008911,2022-05-02 00:00:00,0.6861308911,stoploss,-1.01011691,10,1.990140654,-4.528039701,1.4,1.4,0.69259,6,0.1329650982,0.8630573248,0.68223,0.003459554472,6,2022
739,AUD_USD,2022-04-29 12:00:00,2022-04-29 16:00:00,0.71685,0.7088018255,2022-04-29 16:00:00,0.7087518255,stoploss,-1.006212589,1,1.421440354,-4.22083294,1,1,0.71621,7,0.149102135,0.6609195402,0.7055,0.004024087246,0,2022
740,GBP_CHF,2022-04-29 12:00:00,2022-04-29 16:00:00,1.220025,1.211257601,2022-05-06 08:00:00,1.211162601,stoploss,-1.010835597,29,2.773342469,-5.482241653,1.9,1.9,1.21844,7,0.3398955607,0.7102649007,1.20782,0.004383699501,20,2022
741,GBP_USD,2022-04-29 16:00:00,2022-04-29 20:00:00,1.25786,1.247507418,2022-05-02 20:00:00,1.247462418,stoploss,-1.004346742,7,0.8500295003,-6.22646609,0.8,0.9,1.25699,8,0.1564827035,0.9917355372,1.24112,0.005176290939,0,2022
742,GBP_AUD,2022-04-29 20:00:00,2022-05-02 00:00:00,1.77714,1.760428532,2022-05-03 04:00:00,1.760228532,stoploss,-1.01196783,8,0.5128215099,-3.549658339,4,4,1.76732,9,1.528291874,0.7660427807,1.75131,0.008355733755,1,2022
743,GBP_CAD,2022-05-02 08:00:00,2022-05-02 12:00:00,1.61926,1.607867312,2022-05-02 20:00:00,1.607727312,stoploss,-1.012288584,3,0.07022048064,-6.218901317,2.8,2.8,1.61708,17,0.3563689393,0.9102941176,1.59294,0.005696343807,0,2022
744,AUD_CHF,2022-05-04 12:00:00,2022-05-04 16:00:00,0.70024,0.6935204925,2022-05-09 12:00:00,0.6934504925,stoploss,-1.01041743,18,0.9896558643,-6.906756189,1.4,1.4,0.69854,8,0.4911074214,0.976744186,0.6843,0.003359753749,2,2022
745,NZD_CHF,2022-05-04 16:00:00,2022-05-04 20:00:00,0.634485,0.6290031178,2022-05-09 04:00:00,0.6289181178,stoploss,-1.015505623,15,0.6557966532,-7.817570395,1.7,1.7,0.63286,9,0.5545540544,0.9931271478,0.62519,0.0027409411,2,2022
746,AUD_CAD,2022-05-04 20:00:00,2022-05-05 00:00:00,0.924675,0.916921358,2022-05-05 12:00:00,0.916826358,stoploss,-1.012252307,4,0.06255125013,-5.191753761,1.9,1.9,0.91747,10,1.735958406,0.8729703916,0.90485,0.003876820999,0,2022
747,AUD_USD,2022-05-04 20:00:00,2022-05-05 00:00:00,0.72578,0.7169512401,2022-05-05 16:00:00,0.7169012401,stoploss,-1.00566331,5,0.2842981379,-4.859119567,1,1,0.71476,10,2.485060217,0.9422253923,0.70299,0.004414379952,1,2022
748,EUR_USD,2022-05-04 20:00:00,2022-05-05 00:00:00,1.061855,1.053143771,2022-05-05 16:00:00,1.053128771,stoploss,-1.001721915,5,1.932563056,-3.087394321,0.3,0.3,1.05777,8,0.934426093,0.8952618454,1.04713,0.004355614671,1,2022
749,NZD_CAD,2022-05-04 20:00:00,2022-05-05 00:00:00,0.833465,0.8271656724,2022-05-05 12:00:00,0.8270506724,stoploss,-1.018255917,4,0.4246484968,-5.385495421,2.3,2.3,0.83127,10,0.6921373629,0.8277608916,0.82637,0.003149663805,1,2022
750,NZD_USD,2022-05-04 20:00:00,2022-05-05 00:00:00,0.654325,0.6466107255,2022-05-05 16:00:00,0.6465557255,stoploss,-1.00712964,5,0.4271302485,-4.493617622,1.1,1.1,0.64756,10,1.750002536,0.8993902439,0.64106,0.003857137268,1,2022
751,EUR_CHF,2022-05-05 08:00:00,2022-05-05 12:00:00,1.03699,1.030465469,2022-05-19 08:00:00,1.030415469,stoploss,-1.007663386,60,2.231578109,-6.510813056,1,1,1.03149,10,1.673683582,0.890625,1.01892,0.003262265376,18,2022
752,EUR_JPY,2022-05-05 08:00:00,2022-05-05 12:00:00,137.492,136.4985151,2022-05-11 20:00:00,136.4935151,stoploss,-1.005032789,27,6.82748142,-4.866706865,1,1,137.371,11,0.237547636,0.8785529716,136.497,0.4967424723,12,2022
753,EUR_CAD,2022-05-06 08:00:00,2022-05-06 12:00:00,1.35605,1.346674158,2022-05-13 16:00:00,1.346584158,stoploss,-1.009599138,32,2.640829556,-1.823836244,1.8,1.8,1.35502,10,0.2005153298,0.8855218855,1.33872,0.004687920874,10,2022
754,GBP_AUD,2022-05-09 00:00:00,2022-05-09 04:00:00,1.7544,1.736967816,2022-06-01 16:00:00,1.736767816,stoploss,-1.011473032,106,1.743327196,-1.540828183,4,4,1.74297,9,1.288421482,0.9610507246,1.71782,0.008716091868,6,2022
755,GBP_CHF,2022-05-09 12:00:00,2022-05-09 16:00:00,1.226815,1.216995815,2022-05-11 20:00:00,1.216900815,stoploss,-1.009674937,14,1.784771326,-7.532702489,1.9,1.9,1.22053,7,1.256723433,0.8151609553,1.21081,0.004909592547,5,2022
756,GBP_JPY,2022-05-09 12:00:00,2022-05-09 16:00:00,161.969,160.4820467,2022-05-09 16:00:00,160.4720467,stoploss,-1.006725161,1,4.542173594,-4.285944968,2,2,161.601,8,0.4828665443,0.8251968504,160.318,0.7434766484,0,2022
757,AUD_CAD,2022-05-11 08:00:00,2022-05-11 12:00:00,0.908295,0.9008278738,2022-05-11 20:00:00,0.9007328738,stoploss,-1.012722431,3,0.852402899,-4.516463121,1.9,1.9,0.90756,6,0.1687396155,0.8880778589,0.90082,0.003733563088,1,2022
758,CAD_CHF,2022-05-12 16:00:00,2022-05-12 20:00:00,0.769725,0.7642034718,2022-05-19 08:00:00,0.7641284718,stoploss,-1.013583196,28,2.070984637,-6.153187847,1.5,1.5,0.76752,13,0.7715255402,0.903030303,0.76128,0.002760764082,14,2022
759,GBP_CHF,2022-05-13 20:00:00,2022-05-16 00:00:00,1.225565,1.216746038,2022-05-19 08:00:00,1.216651038,stoploss,-1.010772242,21,2.128935282,-8.245301145,1.9,1.9,1.22768,5,0.1836950816,0.8796296296,1.21219,0.004409481153,9,2022
760,EUR_USD,2022-05-16 08:00:00,2022-05-16 12:00:00,1.043325,1.035830653,2022-07-05 08:00:00,1.035795653,stoploss,-1.004670187,216,4.718890151,-4.82163426,0.7,0.7,1.04198,6,0.3495968386,0.961928934,1.03496,0.003747173474,62,2022
761,NZD_CHF,2022-05-16 12:00:00,2022-05-16 16:00:00,0.631825,0.6250156621,2022-05-18 16:00:00,0.6249306621,stoploss,-1.012482858,13,0.4369000408,-6.114397714,1.7,1.7,0.63026,17,0.4376343266,0.8369230769,0.62073,0.003404668942,4,2022
762,AUD_CHF,2022-05-16 20:00:00,2022-05-17 00:00:00,0.69819,0.6902235431,2022-05-18 16:00:00,0.6901535431,stoploss,-1.008786842,11,0.7945815877,-5.929863223,1.4,1.4,0.69665,19,0.4368315838,0.7335329341,0.68306,0.003983228468,2,2022
763,AUD_USD,2022-05-16 20:00:00,2022-05-17 00:00:00,0.69708,0.6881655173,2022-06-14 16:00:00,0.6881155173,stoploss,-1.00560885,125,3.501044437,-2.875096729,1,1,0.696,4,0.2310846376,0.6967418546,0.68288,0.004457241341,78,2022
764,CAD_JPY,2022-05-16 20:00:00,2022-05-17 00:00:00,100.48,99.28556994,2022-05-19 00:00:00,99.27956994,stoploss,-1.005023316,13,5.636160905,-1.830998797,1.2,1.2,100.42,4,0.138978418,0.6574585635,97.798,0.5972150293,6,2022
765,GBP_USD,2022-05-16 20:00:00,2022-05-17 00:00:00,1.2317,1.221549269,2022-06-13 08:00:00,1.221509269,stoploss,-1.003940603,117,3.444086776,-4.438103812,0.8,0.8,1.22968,4,0.3960305732,0.7737881508,1.21553,0.005075365731,49,2022
766,AUD_CAD,2022-05-17 04:00:00,2022-05-17 08:00:00,0.898545,0.8918747415,2022-06-13 16:00:00,0.8917797415,stoploss,-1.014242327,117,2.415948345,-3.594313471,1.9,1.9,0.8976,6,0.2548626861,0.847761194,0.89186,0.003335129253,76,2022
767,AUD_JPY,2022-05-17 04:00:00,2022-05-17 08:00:00,90.623,89.22241676,2022-05-18 20:00:00,89.21841676,stoploss,-1.002855953,10,4.468138559,-1.163800871,0.8,0.8,90.123,6,0.7082763583,0.8779342723,87.3,0.7002916223,1,2022
768,GBP_JPY,2022-05-17 04:00:00,2022-05-17 08:00:00,159.712,157.9106874,2022-05-19 00:00:00,157.9006874,stoploss,-1.005551507,11,5.002463075,-1.017591257,2,2,159.231,6,0.5207313688,0.9299847793,155.596,0.9006563232,1,2022
769,NZD_JPY,2022-05-17 04:00:00,2022-05-17 08:00:00,81.926,80.76053246,2022-05-18 20:00:00,80.75553246,stoploss,-1.004290124,10,4.1905929,-1.238987745,1,1,81.486,7,0.7464815363,0.9525616698,79.453,0.5827337702,2,2022
770,CHF_JPY,2022-05-17 08:00:00,2022-05-17 12:00:00,129.848,128.6543339,2022-07-12 12:00:00,139.326,time_exit,7.940244233,240,11.65652651,-0.6852837922,2.2,2.2,129.281,8,0.9366103664,0.8026859504,127.506,0.5968330269,187,2022
771,GBP_CAD,2022-05-17 08:00:00,2022-05-17 12:00:00,1.59847,1.587043826,2022-05-19 04:00:00,1.586903826,stoploss,-1.01225257,11,1.729362768,-5.083066274,2.8,2.8,1.58832,7,1.748616807,0.9474926254,1.57769,0.005713087029,0,2022
772,NZD_CAD,2022-05-17 08:00:00,2022-05-17 12:00:00,0.815755,0.8097488074,2022-05-19 04:00:00,0.8096338074,stoploss,-1.019146905,11,3.247481616,-3.605445496,2.3,2.3,0.81348,5,0.7059380699,0.9238095238,0.80727,0.003003096292,0,2022
773,EUR_CAD,2022-05-17 12:00:00,2022-05-17 16:00:00,1.35283,1.342837863,2022-06-06 16:00:00,1.342747863,stoploss,-1.009007082,85,2.800201822,-4.913863812,1.8,1.8,1.35018,7,0.5124029067,0.97190518,1.34178,0.004996068458,30,2022
774,NZD_USD,2022-05-19 16:00:00,2022-05-19 20:00:00,0.639895,0.6329205946,2022-06-13 04:00:00,0.6328655946,stoploss,-1.007885977,99,2.541435301,-4.852743456,1.1,1.1,0.63753,13,0.6595544364,0.56,0.62164,0.003487202683,61,2022
775,NZD_CAD,2022-05-20 20:00:00,2022-05-23 00:00:00,0.821325,0.8160139328,2022-06-06 16:00:00,0.8158989328,stoploss,-1.021652898,65,2.623766438,-5.786972477,2.3,2.3,0.82106,7,0.4217608052,0.7415730337,0.80727,0.002655533625,14,2022
776,NZD_CHF,2022-05-23 00:00:00,2022-05-23 04:00:00,0.627865,0.6206061118,2022-05-24 08:00:00,0.6205211118,stoploss,-1.011709782,8,0.6095974878,-5.19018878,1.7,1.7,0.62551,10,0.6199296486,0.9760683761,0.61744,0.003629444091,1,2022
777,GBP_CAD,2022-05-23 04:00:00,2022-05-23 08:00:00,1.60637,1.596392282,2022-05-24 12:00:00,1.596132282,stoploss,-1.026058062,8,1.188648505,-7.034674413,5.2,5.2,1.60402,9,0.4169289864,0.8791540785,1.57969,0.004988859177,1,2022
778,EUR_CHF,2022-05-23 08:00:00,2022-05-23 12:00:00,1.0316,1.024594518,2022-05-25 12:00:00,1.024544518,stoploss,-1.007137268,13,2.829212961,-7.280013169,1,1,1.03036,6,0.3368790408,0.8292682927,1.02294,0.003502740916,6,2022
779,GBP_JPY,2022-05-23 08:00:00,2022-05-23 12:00:00,160.368,158.4562442,2022-05-24 16:00:00,158.4462442,stoploss,-1.005230793,8,4.370327957,-1.246498088,2,2,159.92,10,0.4571713507,0.5614973262,157.424,0.9558779205,2,2022
780,AUD_JPY,2022-05-23 12:00:00,2022-05-23 16:00:00,90.802,89.40285422,2022-05-24 16:00:00,89.39885422,stoploss,-1.002858887,7,4.344793849,-1.117824902,0.8,0.8,90.53,14,0.3845203308,0.7577639752,88.993,0.6995728924,1,2022
781,EUR_JPY,2022-05-23 12:00:00,2022-05-23 16:00:00,136.122,134.6987707,2022-07-18 16:00:00,140.185,time_exit,2.854775455,240,5.728521853,-0.7988874459,1.4,1,135.795,6,0.4496815878,0.6525911708,133.925,0.7116146372,155,2022
782,EUR_AUD,2022-05-24 00:00:00,2022-05-24 04:00:00,1.50799,1.494348687,2022-05-31 08:00:00,1.494228687,stoploss,-1.008796807,32,2.329687719,-2.33481919,2.4,2.4,1.50498,7,0.4266451392,0.8114285714,1.48842,0.006820656636,3,2022
783,GBP_CAD,2022-05-27 00:00:00,2022-05-27 04:00:00,1.61263,1.602021778,2022-05-30 08:00:00,1.601761778,stoploss,-1.024509292,8,0.2271822811,-7.206674436,2.8,5.2,1.61131,16,0.2205836256,0.9458041958,1.59375,0.005304110841,0,2022
784,AUD_CHF,2022-05-27 04:00:00,2022-05-27 08:00:00,0.68412,0.6771966426,2022-06-16 16:00:00,0.6771266426,stoploss,-1.010110702,87,2.946547296,-4.791028128,1.4,1.4,0.68331,6,0.2108803457,0.9430523918,0.67706,0.003461678695,47,2022
785,EUR_CHF,2022-05-27 04:00:00,2022-05-27 08:00:00,1.02998,1.024045896,2022-05-27 16:00:00,1.023995896,stoploss,-1.008425872,3,3.613013847,-8.321391035,1,1,1.0293,7,0.2224430167,0.7159090909,1.02385,0.002967052011,0,2022
786,AUD_JPY,2022-05-27 08:00:00,2022-05-27 12:00:00,90.735,89.63064395,2022-07-22 12:00:00,95.178,time_exit,4.023159,240,5.565234124,-0.1584633862,0.8,0.8,90.654,7,0.1394477799,0.7057569296,89.238,0.5521780273,49,2022
787,CAD_CHF,2022-05-27 08:00:00,2022-05-27 12:00:00,0.752535,0.7472810475,2022-06-16 16:00:00,0.7472060475,stoploss,-1.014274967,86,5.210363017,-3.194737653,1.5,1.5,0.75203,4,0.1674929481,0.7824267782,0.74569,0.002626976269,48,2022
788,NZD_CHF,2022-05-27 08:00:00,2022-05-27 12:00:00,0.625475,0.619302937,2022-06-14 08:00:00,0.619217937,stoploss,-1.013771732,72,1.104168893,-5.716889123,1.7,1.7,0.62469,7,0.2203477174,0.793814433,0.61675,0.003086031515,45,2022
789,CAD_JPY,2022-05-27 12:00:00,2022-05-27 16:00:00,99.762,98.82934703,2022-07-22 16:00:00,106.372,time_exit,7.087309229,240,8.452232776,-0.2584026512,1.2,1.2,99.676,5,0.1736980477,0.8073394495,98.293,0.4663264849,232,2022
790,NZD_JPY,2022-05-27 20:00:00,2022-05-30 00:00:00,82.798,81.89885729,2022-07-25 00:00:00,85.141,time_exit,2.605815503,240,4.462028082,-0.005560852545,1,1,82.861,10,0.4960280471,0.8368421053,81.28,0.4495713525,46,2022
791,AUD_NZD,2022-05-30 08:00:00,2022-05-30 12:00:00,1.098475,1.093817095,2022-07-25 12:00:00,1.109255,time_exit,2.314345177,240,3.944906552,-0.9950825506,2.1,2.1,1.09663,6,0.7428232201,0.9498207885,1.09213,0.002328952506,75,2022
792,GBP_JPY,2022-05-30 08:00:00,2022-05-30 12:00:00,160.768,159.4336974,2022-07-25 12:00:00,164.053,time_exit,2.461960263,240,5.96191595,-0.5793288535,2,2,160.651,6,0.1648801394,0.6994535519,157.985,0.6671513039,45,2022
793,USD_JPY,2022-05-30 12:00:00,2022-05-30 16:00:00,127.734,126.8680467,2022-07-25 16:00:00,136.539,time_exit,10.16798439,240,13.4614644,-0.3475937879,0.6,0.6,127.581,14,0.3487485845,0.8402777778,126.359,0.4329766678,196,2022
794,USD_CHF,2022-06-01 16:00:00,2022-06-01 20:00:00,0.963595,0.9569696998,2022-06-03 00:00:00,0.9569246998,stoploss,-1.006792145,8,6.249528164,-2.124432047,0.9,0.9,0.96203,7,0.4558284037,0.6303317536,0.95446,0.003312650084,0,2022
795,EUR_CHF,2022-06-03 16:00:00,2022-06-03 20:00:00,1.03255,1.027099379,2022-06-16 08:00:00,1.027049379,stoploss,-1.009173267,52,3.461991154,-11.48676556,1,1,1.03184,13,0.245843569,0.8412017167,1.02183,0.002725310257,22,2022
796,GBP_CHF,2022-06-06 12:00:00,2022-06-06 16:00:00,1.209255,1.202096162,2022-06-14 08:00:00,1.202001162,stoploss,-1.013270309,35,2.82657588,-7.925168399,1.9,1.9,1.20803,6,0.3156936738,0.9750692521,1.19719,0.003579419209,18,2022
797,GBP_NZD,2022-06-06 16:00:00,2022-06-06 20:00:00,1.93054,1.919122186,2022-07-18 04:00:00,1.918882186,stoploss,-1.021019786,177,2.892848059,-2.087965417,4.8,4.8,1.9241,6,1.086022281,0.862254025,1.91225,0.005708906815,111,2022
798,USD_CHF,2022-06-07 00:00:00,2022-06-07 04:00:00,0.971715,0.9659164761,2022-06-16 16:00:00,0.9658714761,stoploss,-1.007760596,46,5.740253986,-4.25194418,0.9,0.9,0.96426,9,2.555822865,0.8936170213,0.95496,0.002899261956,40,2022
799,EUR_NZD,2022-06-07 04:00:00,2022-06-07 08:00:00,1.65301,1.642929177,2022-07-08 08:00:00,1.642739177,stoploss,-1.018847667,139,4.330003503,-3.945114303,3.8,3.8,1.65035,5,0.4840874478,0.9731092437,1.63643,0.005040411627,109,2022
800,EUR_AUD,2022-06-09 00:00:00,2022-06-09 04:00:00,1.49188,1.481896818,2022-07-08 08:00:00,1.481776818,stoploss,-1.012020215,128,4.79706762,-4.086873228,2.4,2.4,1.49053,11,0.2464144152,0.8117408907,1.47614,0.004991591092,98,2022
801,EUR_CAD,2022-06-09 12:00:00,2022-06-09 16:00:00,1.35056,1.343571857,2022-06-09 16:00:00,1.343481857,stoploss,-1.012878957,1,2.997935084,-7.704478516,1.8,1.8,1.34689,6,1.024592611,0.627755102,1.33895,0.003494071655,0,2022
802,GBP_AUD,2022-06-09 12:00:00,2022-06-09 16:00:00,1.75084,1.738784725,2022-06-15 08:00:00,1.738584725,stoploss,-1.016590247,23,2.575635912,-2.488537113,4,4,1.7476,7,0.5093205959,0.8553113553,1.72754,0.006027637651,0,2022
803,GBP_CAD,2022-06-09 16:00:00,2022-06-09 20:00:00,1.584,1.575112815,2022-06-10 16:00:00,1.574972815,stoploss,-1.01575302,6,1.827350272,-5.501179482,2.8,2.8,1.58099,12,0.6503746656,0.7454017425,1.56812,0.004443592521,1,2022
804,USD_CAD,2022-06-09 16:00:00,2022-06-09 20:00:00,1.265635,1.258941093,2022-08-04 20:00:00,1.286925,time_exit,3.180504523,240,8.474124898,-0.03361265936,1.3,1.3,1.26184,14,1.102495227,0.7937625755,1.25174,0.003346953265,149,2022
805,EUR_CAD,2022-06-15 00:00:00,2022-06-15 04:00:00,1.35105,1.342137047,2022-06-16 08:00:00,1.342047047,stoploss,-1.010097664,8,2.29553558,-6.095623072,1.8,1.8,1.34663,9,0.9716196541,0.8104166667,1.33895,0.00445647634,1,2022
806,AUD_CAD,2022-06-15 16:00:00,2022-06-15 20:00:00,0.901305,0.8942901312,2022-06-22 08:00:00,0.8941951312,stoploss,-1.013542662,28,1.685705075,-3.970851151,1.9,1.9,0.89735,8,1.100519508,0.8742138365,0.88837,0.003507434419,6,2022
807,AUD_USD,2022-06-15 20:00:00,2022-06-16 00:00:00,0.70031,0.6916560881,2022-06-17 16:00:00,0.6916060881,stoploss,-1.005777734,11,1.222568496,-3.717394,1,1,0.69704,9,0.7464832217,0.7987072946,0.68505,0.004326955926,5,2022
808,NZD_CAD,2022-06-16 04:00:00,2022-06-16 08:00:00,0.811095,0.8051861518,2022-06-28 12:00:00,0.8050711518,stoploss,-1.019462338,50,2.652801251,-3.470219436,2.3,2.3,0.81053,11,0.1523139474,0.8208955224,0.80296,0.002954424119,13,2022
809,GBP_CAD,2022-06-16 12:00:00,2022-06-16 16:00:00,1.57902,1.564527654,2022-06-29 12:00:00,1.564387654,stoploss,-1.009660272,54,1.464221229,-3.029875314,2.8,2.8,1.57268,4,0.8528640145,0.8539511791,1.54841,0.007246172772,2,2022
810,GBP_USD,2022-06-16 12:00:00,2022-06-16 16:00:00,1.22214,1.206712194,2022-07-01 12:00:00,1.206672194,stoploss,-1.002592721,66,1.200429929,-2.992648479,0.8,0.8,1.22049,4,0.208714059,0.8730620155,1.1934,0.007713902973,0,2022
811,GBP_AUD,2022-06-16 16:00:00,2022-06-16 20:00:00,1.7586,1.742151262,2022-07-19 08:00:00,1.741951262,stoploss,-1.012158987,136,1.415914082,-2.685920316,4,4,1.7572,13,0.1507714437,0.5139949109,1.74331,0.008224369081,63,2022
812,NZD_USD,2022-06-16 16:00:00,2022-06-16 20:00:00,0.637245,0.6287525055,2022-06-17 16:00:00,0.6286975055,stoploss,-1.006476307,6,1.063880588,-3.673243492,1.1,1.1,0.63132,5,1.377687093,0.8865886589,0.61966,0.004246247229,0,2022
813,CAD_CHF,2022-06-21 04:00:00,2022-06-21 08:00:00,0.746955,0.7399483409,2022-06-23 16:00:00,0.7398733409,stoploss,-1.010704103,15,1.634873309,-2.556853368,1.5,1.5,0.74626,7,0.1769745005,0.7959183673,0.73948,0.003503329566,3,2022
814,EUR_CHF,2022-06-21 08:00:00,2022-06-21 12:00:00,1.0207,1.012866385,2022-06-23 12:00:00,1.012816385,stoploss,-1.00638275,13,0.1161660419,-7.698872512,1,1,1.01943,4,0.3165843779,0.852173913,1.00982,0.003916807293,1,2022
815,EUR_CAD,2022-06-22 16:00:00,2022-06-22 20:00:00,1.36885,1.359895149,2022-06-23 12:00:00,1.359805149,stoploss,-1.010050419,5,0.2456769024,-8.05485226,1.8,1.8,1.36814,7,0.1340055831,0.6054131054,1.34203,0.004477425388,2,2022
816,EUR_GBP,2022-06-22 16:00:00,2022-06-22 20:00:00,0.86222,0.8566340322,2022-06-24 12:00:00,0.8565940322,stoploss,-1.0071608,11,1.009672844,-5.055525019,0.8,0.8,0.86104,7,0.4045852175,0.959375,0.85107,0.002792983903,3,2022
817,AUD_USD,2022-06-24 16:00:00,2022-06-24 20:00:00,0.69484,0.6878130254,2022-06-29 08:00:00,0.6877630254,stoploss,-1.007115438,16,2.681096917,-3.79964372,1,1,0.6926,6,0.6204661655,0.8321917808,0.68691,0.003513487312,9,2022
818,NZD_USD,2022-06-24 16:00:00,2022-06-24 20:00:00,0.632055,0.6257724051,2022-06-28 16:00:00,0.6257174051,stoploss,-1.008754345,12,2.351735285,-4.139213271,1.1,1.1,0.63107,6,0.2960560155,0.8266033254,0.62439,0.003141297427,1,2022
819,EUR_CHF,2022-06-27 12:00:00,2022-06-27 16:00:00,1.01483,1.007675361,2022-06-28 16:00:00,1.007625361,stoploss,-1.006988473,7,0.0111815571,-8.067493448,1,1,1.01392,7,0.2376080884,0.7235772358,1.00503,0.003577319298,0,2022
820,CAD_CHF,2022-06-28 12:00:00,2022-06-28 16:00:00,0.745805,0.7403178746,2022-06-29 12:00:00,0.7402428746,stoploss,-1.013668359,6,2.297195525,-3.055333834,1.5,1.5,0.74515,6,0.2150488472,0.8375,0.73575,0.002743562719,0,2022
821,EUR_GBP,2022-06-29 12:00:00,2022-06-29 16:00:00,0.86575,0.8611510997,2022-06-29 20:00:00,0.8611110997,stoploss,-1.008697731,2,0.4588053333,-6.908173193,0.8,0.8,0.86462,6,0.4740263633,0.8664596273,0.85614,0.002299450167,0,2022
822,USD_CHF,2022-07-01 12:00:00,2022-07-01 16:00:00,0.962655,0.9557257516,2022-07-28 16:00:00,0.9556807516,stoploss,-1.006494211,115,3.742830156,-3.693762786,0.9,0.9,0.96058,6,0.5916947615,1,0.94952,0.003464624217,54,2022
823,CAD_CHF,2022-07-04 04:00:00,2022-07-04 08:00:00,0.744055,0.739284731,2022-08-01 16:00:00,0.739209731,stoploss,-1.015722384,123,3.009264247,-3.147621224,1.5,1.5,0.74352,10,0.1928612405,0.9206349206,0.73793,0.002385134508,44,2022
824,NZD_CHF,2022-07-04 08:00:00,2022-07-04 12:00:00,0.598075,0.5927742855,2022-07-05 08:00:00,0.5926892855,stoploss,-1.016035574,6,2.015765993,-1.466783397,1.7,1.7,0.59758,10,0.158469203,0.8737541528,0.59019,0.002650357243,0,2022
825,GBP_CHF,2022-07-04 12:00:00,2022-07-04 16:00:00,1.167705,1.159220865,2022-07-05 12:00:00,1.159125865,stoploss,-1.01119737,6,1.175723806,-4.633943,1.9,1.9,1.16477,12,0.6671274928,0.9400998336,1.15285,0.004242067717,0,2022
826,AUD_CHF,2022-07-05 00:00:00,2022-07-05 04:00:00,0.66156,0.6559453024,2022-07-05 08:00:00,0.6558753024,stoploss,-1.012467279,2,2.09450283,-1.424831857,1.4,1.4,0.66117,14,0.1175486282,0.8307086614,0.65095,0.002807348798,0,2022
827,NZD_CAD,2022-07-05 20:00:00,2022-07-06 00:00:00,0.803805,0.7976231442,2022-07-11 12:00:00,0.7975081442,stoploss,-1.018602828,22,3.472258302,-2.137707592,2.3,2.3,0.8031,9,0.2652925048,0.8168498168,0.79609,0.003090927882,2,2022
828,AUD_CAD,2022-07-06 00:00:00,2022-07-06 04:00:00,0.886495,0.8797876516,2022-07-11 12:00:00,0.8796926516,stoploss,-1.01416357,21,3.601274102,-1.944881832,1.9,1.9,0.88589,5,0.1520720176,1,0.87457,0.003353674188,15,2022
829,AUD_USD,2022-07-07 16:00:00,2022-07-07 20:00:00,0.68365,0.6765375242,2022-07-11 12:00:00,0.6764875242,stoploss,-1.007029901,11,4.222158493,-2.180675266,1,1,0.68259,6,0.2868199576,0.7465277778,0.67614,0.003556237887,5,2022
830,GBP_USD,2022-07-07 16:00:00,2022-07-07 20:00:00,1.20083,1.190328124,2022-07-11 16:00:00,1.190288124,stoploss,-1.003808843,12,2.715705188,-4.845800737,0.8,0.8,1.19893,8,0.3542224158,0.9048338369,1.18757,0.005250938159,2,2022
831,GBP_CHF,2022-07-07 20:00:00,2022-07-08 00:00:00,1.170315,1.161439654,2022-07-12 08:00:00,1.161344654,stoploss,-1.010703808,15,0.8298267954,-4.723759457,1.9,1.9,1.16114,9,2.174563089,0.5518292683,1.15285,0.004437673043,4,2022
832,NZD_CHF,2022-07-08 00:00:00,2022-07-08 04:00:00,0.602365,0.5972539591,2022-07-13 12:00:00,0.5971689591,stoploss,-1.016630663,21,1.251212839,-2.360575903,1.7,1.7,0.60109,9,0.4656585701,0.9341317365,0.59019,0.002555520453,3,2022
833,AUD_CHF,2022-07-08 08:00:00,2022-07-08 12:00:00,0.66592,0.6595417785,2022-07-13 12:00:00,0.6594717785,stoploss,-1.010974846,19,1.428297833,-1.268378646,1.4,1.4,0.66291,11,0.9218870753,0.6342182891,0.65095,0.003189110769,1,2022
834,EUR_CHF,2022-07-08 16:00:00,2022-07-08 20:00:00,0.99457,0.9884406787,2022-07-11 16:00:00,0.9883906787,stoploss,-1.00815751,6,0.08483810495,-6.419960442,1,1,0.99308,7,0.4763985894,0.7840375587,0.98736,0.003064660628,0,2022
835,EUR_AUD,2022-07-11 12:00:00,2022-07-11 16:00:00,1.49542,1.483256609,2022-07-13 04:00:00,1.483136609,stoploss,-1.00986567,10,0.2063569359,-5.506688274,2.4,2.4,1.49037,6,0.8122735166,0.9737945493,1.48053,0.006081695265,0,2022
836,EUR_USD,2022-07-13 16:00:00,2022-07-13 20:00:00,1.008265,0.9986176294,2022-07-14 16:00:00,0.9986026294,stoploss,-1.001554828,6,2.965056622,-2.266420662,0.7,0.3,1.00738,6,0.174140714,0.6475770925,0.99999,0.004823685286,0,2022
837,NZD_USD,2022-07-13 16:00:00,2022-07-13 20:00:00,0.615175,0.6083250786,2022-07-14 12:00:00,0.6082700786,stoploss,-1.008029289,5,4.621220941,-2.264989509,1.1,1.1,0.61456,6,0.1635055269,0.7512195122,0.60969,0.003424960676,0,2022
838,EUR_CAD,2022-07-14 12:00:00,2022-07-14 16:00:00,1.31706,1.307132258,2022-07-22 08:00:00,1.307042258,stoploss,-1.009065505,35,1.215784996,-2.971471199,1.8,1.8,1.31162,5,1.079802416,0.9644495413,1.29709,0.004963871096,17,2022
839,GBP_CAD,2022-07-14 12:00:00,2022-07-14 16:00:00,1.55537,1.543980159,2022-07-15 12:00:00,1.543840159,stoploss,-1.012291655,6,1.892036939,-4.654147477,2.8,2.8,1.55334,7,0.3318746927,0.7958067457,1.53618,0.005694920527,0,2022
840,NZD_CAD,2022-07-14 12:00:00,2022-07-14 16:00:00,0.801115,0.7949604749,2022-09-06 16:00:00,0.7948454749,stoploss,-1.018685438,229,3.924754479,-1.617509039,2.3,2.3,0.79969,6,0.4322023148,0.8960138648,0.79059,0.003077262556,127,2022
841,EUR_GBP,2022-07-14 16:00:00,2022-07-14 20:00:00,0.84812,0.8432957008,2022-07-26 16:00:00,0.8432557008,stoploss,-1.00829136,48,4.77789608,-2.930995686,0.8,0.8,0.84679,6,0.5389383865,0.6504854369,0.8403,0.002412149575,28,2022
842,AUD_CAD,2022-07-14 20:00:00,2022-07-15 00:00:00,0.884905,0.8779682588,2022-09-09 00:00:00,0.883895,time_exit,-0.1456015107,240,3.711396923,-0.4677989131,1.9,1.9,0.88372,8,0.4036477524,0.8258426966,0.87345,0.003468370607,125,2022
843,CHF_JPY,2022-07-14 20:00:00,2022-07-15 00:00:00,141.229,140.1995986,2022-07-29 04:00:00,140.1885986,stoploss,-1.010685822,62,7.266359013,-3.954725607,2.2,2.2,140.69,8,0.9714383707,0.6253443526,138.677,0.5147006903,28,2022
844,AUD_USD,2022-07-18 08:00:00,2022-07-18 12:00:00,0.68329,0.6758556695,2022-09-06 16:00:00,0.6758056695,stoploss,-1.006725555,218,4.087792422,-1.799758559,1,1,0.68035,16,0.7747839536,0.8596491228,0.66814,0.003717165265,109,2022
845,AUD_CHF,2022-07-18 12:00:00,2022-07-18 16:00:00,0.66791,0.662169547,2022-08-02 04:00:00,0.662099547,stoploss,-1.01219416,64,1.240320229,-2.576451712,1.4,1.4,0.66592,5,0.6619686616,0.9696969697,0.65907,0.002870226508,34,2022
846,EUR_CHF,2022-07-18 12:00:00,2022-07-18 16:00:00,0.99098,0.9847692176,2022-07-22 08:00:00,0.9847192176,stoploss,-1.008050516,23,0.6537018638,-5.757728732,1,1,0.98741,5,1.130292385,0.8601694915,0.9806,0.003105391177,17,2022
847,GBP_CHF,2022-07-18 12:00:00,2022-07-18 16:00:00,1.171145,1.162617473,2022-07-19 12:00:00,1.162522473,stoploss,-1.011140393,6,0.08619146362,-7.217215821,1.9,1.9,1.1687,13,0.5535016439,0.9680555556,1.15693,0.004263763307,0,2022
848,GBP_NZD,2022-07-18 12:00:00,2022-07-18 16:00:00,1.94016,1.925657356,2022-07-19 20:00:00,1.925417356,stoploss,-1.016548707,8,0.9508611163,-4.224057432,4.8,4.8,1.93282,7,0.9749946472,0.6903914591,1.9322,0.007251321861,0,2022
849,GBP_USD,2022-07-18 12:00:00,2022-07-18 16:00:00,1.197985,1.187952512,2022-08-19 08:00:00,1.187907512,stoploss,-1.004485428,143,3.126343179,-5.726894543,0.9,0.9,1.19675,17,0.2372292927,0.7570281124,1.17597,0.005016243932,60,2022
850,EUR_NZD,2022-07-18 16:00:00,2022-07-18 20:00:00,1.64817,1.635436294,2022-07-20 04:00:00,1.635246294,stoploss,-1.014921029,9,0.8002383628,-4.663999643,3.8,3.8,1.63908,7,1.397864854,0.761849711,1.63297,0.006366852974,0,2022
851,EUR_USD,2022-07-19 08:00:00,2022-07-19 12:00:00,1.024435,1.014824722,2022-07-22 08:00:00,1.014789722,stoploss,-1.003641934,18,1.293927199,-3.957741941,0.3,0.7,1.02013,4,0.8886319488,0.9262490087,0.99522,0.004805138962,12,2022
852,NZD_USD,2022-07-19 08:00:00,2022-07-19 12:00:00,0.622825,0.616125902,2022-08-22 16:00:00,0.616070902,stoploss,-1.008210061,146,3.583318234,-3.457928218,1.1,1.1,0.62005,7,0.809064146,0.968,0.60605,0.003349548998,107,2022
853,EUR_JPY,2022-07-19 16:00:00,2022-07-19 20:00:00,141.365,140.1150027,2022-07-22 00:00:00,140.1100027,stoploss,-1.004000008,14,3.417607261,-6.374413543,1,1,140.799,6,0.8992019104,0.9376026273,138.744,0.6249986722,10,2022
854,NZD_CHF,2022-07-20 04:00:00,2022-07-20 08:00:00,0.607425,0.602819711,2022-07-21 08:00:00,0.602734711,stoploss,-1.018457039,7,0.2898840875,-7.0234463,1.7,1.7,0.60449,15,1.23770734,0.9915254237,0.59594,0.002302644501,0,2022
855,GBP_CAD,2022-07-22 16:00:00,2022-07-22 20:00:00,1.54812,1.537187147,2022-08-19 12:00:00,1.537047147,stoploss,-1.012805441,119,2.634262122,-4.185549817,2.8,2.8,1.54609,7,0.354893647,0.9822429907,1.53695,0.005466426396,38,2022
856,AUD_NZD,2022-07-26 08:00:00,2022-07-26 12:00:00,1.113015,1.108939541,2022-08-01 16:00:00,1.108834541,stoploss,-1.025763968,26,5.745364896,-3.456052298,2.1,2.1,1.11102,12,0.9275028531,0.8113207547,1.10361,0.002037729581,9,2022
857,USD_JPY,2022-07-26 20:00:00,2022-07-27 00:00:00,136.894,135.9853266,2022-07-28 04:00:00,135.9823266,stoploss,-1.003301516,8,8.910792142,-7.15438554,0.6,0.6,136.788,7,0.2267041103,0.8083538084,135.567,0.4543367116,5,2022
858,GBP_JPY,2022-07-27 00:00:00,2022-07-27 04:00:00,165.101,163.7658788,2022-07-28 12:00:00,163.7558788,stoploss,-1.007489957,9,1.494995325,-4.242311384,2,2,164.967,4,0.1857509222,0.8622754491,162.989,0.6675606158,4,2022
859,AUD_JPY,2022-07-27 20:00:00,2022-07-28 00:00:00,95.506,94.69443911,2022-07-28 04:00:00,94.69043911,stoploss,-1.004928774,2,3.610326752,-6.141252059,0.8,0.8,95.319,4,0.4509827957,0.7237410072,93.892,0.4057804461,0,2022
860,GBP_CHF,2022-07-27 20:00:00,2022-07-28 00:00:00,1.165805,1.158342743,2022-07-29 08:00:00,1.158247743,stoploss,-1.012730733,9,0.7001903108,-10.49749435,1.9,1.9,1.16467,13,0.4717071568,0.7605633803,1.15252,0.003731128466,2,2022
861,GBP_AUD,2022-07-28 16:00:00,2022-07-28 20:00:00,1.74257,1.732594755,2022-08-04 12:00:00,1.732394755,stoploss,-1.020049634,29,2.274630959,-5.552746092,4,4,1.74161,9,0.1523772172,0.9857904085,1.72084,0.004987622258,16,2022
862,EUR_CAD,2022-08-01 16:00:00,2022-08-01 20:00:00,1.31743,1.307503127,2022-08-02 20:00:00,1.307413127,stoploss,-1.009066299,7,1.617830673,-3.009003874,1.8,1.8,1.31411,7,0.6507587889,0.8819512195,1.29672,0.004963436615,3,2022
863,EUR_USD,2022-08-01 16:00:00,2022-08-01 20:00:00,1.027425,1.018276455,2022-08-02 16:00:00,1.018261455,stoploss,-1.001639605,6,1.032404642,-7.915466609,0.7,0.3,1.02546,8,0.4241111709,0.9732510288,1.00966,0.004574272344,1,2022
864,NZD_CHF,2022-08-01 16:00:00,2022-08-01 20:00:00,0.602505,0.5981516629,2022-08-02 08:00:00,0.5980666629,stoploss,-1.019525251,4,1.436828784,-9.991185925,1.7,1.7,0.60218,8,0.1102602424,0.7280334728,0.59595,0.002176668532,0,2022
865,EUR_AUD,2022-08-02 04:00:00,2022-08-02 08:00:00,1.47361,1.462422228,2022-08-03 20:00:00,1.462302228,stoploss,-1.010725997,10,2.076374158,-4.037443853,2.4,2.4,1.46872,9,0.8509290564,0.9188712522,1.45108,0.005593885841,1,2022
866,GBP_NZD,2022-08-02 12:00:00,2022-08-02 16:00:00,1.9447,1.933803471,2022-08-04 04:00:00,1.933563471,stoploss,-1.022025361,10,0.8488941395,-11.37701692,4.8,4.8,1.94296,11,0.2826588054,0.8996815287,1.91959,0.00544826473,2,2022
867,EUR_NZD,2022-08-03 00:00:00,2022-08-03 04:00:00,1.63349,1.621422861,2022-08-03 08:00:00,1.621232861,stoploss,-1.01574524,2,6.852494027,-3.705103494,3.8,3.8,1.63136,4,0.3281639418,0.9294117647,1.61324,0.006033569652,0,2022
868,GBP_JPY,2022-08-03 00:00:00,2022-08-03 04:00:00,162.524,160.8560156,2022-08-15 12:00:00,160.8460156,stoploss,-1.00599526,51,2.741632276,-8.067821022,2,2,162.211,8,0.358516532,0.9407744875,159.437,0.8339922243,19,2022
869,CAD_CHF,2022-08-03 08:00:00,2022-08-03 12:00:00,0.745985,0.741149357,2022-08-05 00:00:00,0.741074357,stoploss,-1.01550983,10,0.9812552246,-7.112807893,1.5,1.5,0.74463,12,0.5294021865,0.9475218659,0.73748,0.002417821521,1,2022
870,EUR_CHF,2022-08-03 08:00:00,2022-08-03 12:00:00,0.97729,0.9718716287,2022-08-08 16:00:00,0.9718216287,stoploss,-1.009227865,20,1.723765225,-6.74926063,1,1,0.97637,7,0.32112971,0.948,0.96994,0.002709185643,14,2022
871,GBP_CHF,2022-08-03 08:00:00,2022-08-03 12:00:00,1.168265,1.161584361,2022-08-04 12:00:00,1.161489361,stoploss,-1.014220196,7,0.4138825365,-22.01810188,1.9,1.9,1.16678,4,0.4161278305,0.7871064468,1.15563,0.003340319724,6,2022
872,USD_CHF,2022-08-03 16:00:00,2022-08-03 20:00:00,0.962695,0.9556294458,2022-08-04 16:00:00,0.9555844458,stoploss,-1.006368927,6,4.797217478,-3.628165512,0.9,0.9,0.95941,18,0.9256174157,0.5551537071,0.94706,0.00353277709,0,2022
873,USD_JPY,2022-08-03 16:00:00,2022-08-03 20:00:00,134.124,132.4092617,2022-08-10 16:00:00,132.4062617,stoploss,-1.001749538,30,6.869269821,-1.396131416,0.6,0.6,133.904,4,0.2554325649,0.6090156394,130.393,0.857369146,13,2022
874,NZD_JPY,2022-08-04 04:00:00,2022-08-04 08:00:00,84.132,83.25632198,2022-09-22 08:00:00,83.25132198,stoploss,-1.005709861,211,4.265266356,-4.060853323,1,1,83.906,16,0.5047517347,0.6878453039,83.111,0.4378390103,162,2022
875,AUD_CHF,2022-08-04 08:00:00,2022-08-04 12:00:00,0.67002,0.6651073779,2022-08-05 00:00:00,0.6650373779,stoploss,-1.01424901,4,1.01982199,-7.708714325,1.4,1.4,0.66907,17,0.3582608189,0.6913043478,0.65816,0.002456311027,0,2022
876,AUD_JPY,2022-08-04 08:00:00,2022-08-04 12:00:00,93.639,92.58072861,2022-08-04 16:00:00,92.57672861,stoploss,-1.003779749,2,4.532863724,-1.429689976,0.8,0.8,93.312,17,0.6104294279,0.9335347432,90.522,0.5291356957,0,2022
877,CHF_JPY,2022-08-04 08:00:00,2022-08-04 12:00:00,139.769,138.5550236,2022-09-29 12:00:00,147.261,time_exit,6.17145438,240,9.628687966,-0.7677249709,2.2,2.2,139.671,7,0.1433306276,0.9316239316,137.158,0.6069882024,209,2022
878,EUR_JPY,2022-08-04 08:00:00,2022-08-04 12:00:00,136.878,135.4373443,2022-08-15 12:00:00,135.4323443,stoploss,-1.003470642,43,6.079870284,-1.340361859,1,1,136.422,4,0.6247155219,0.9509143407,133.397,0.720327868,24,2022
879,EUR_GBP,2022-08-04 12:00:00,2022-08-04 16:00:00,0.84112,0.8361496903,2022-09-29 16:00:00,0.89051,time_exit,9.937006626,240,17.11160991,-0.4748195108,0.8,0.8,0.84,13,0.4345805692,0.7912844037,0.83398,0.002485154829,219,2022
880,EUR_USD,2022-08-05 04:00:00,2022-08-05 08:00:00,1.023535,1.016440767,2022-08-05 12:00:00,1.016405767,stoploss,-1.004933585,2,1.879695754,-9.859416537,0.7,0.7,1.02105,10,0.6935210431,0.5588235294,1.01226,0.003547116594,0,2022
881,EUR_CAD,2022-08-05 20:00:00,2022-08-08 00:00:00,1.31644,1.308797961,2022-08-16 08:00:00,1.308707961,stoploss,-1.011776962,39,5.217194149,-3.779096238,1.8,1.8,1.31161,14,1.418469641,0.7948717949,1.3025,0.003821019389,15,2022
882,USD_CAD,2022-08-05 20:00:00,2022-08-08 00:00:00,1.293435,1.286748349,2022-08-08 12:00:00,1.286683349,stoploss,-1.00972086,4,13.51423901,-3.093476832,1.3,1.3,1.28916,17,1.268198382,0.7008928571,1.27672,0.003343325508,0,2022
883,AUD_NZD,2022-08-08 04:00:00,2022-08-08 08:00:00,1.110815,1.105831108,2022-08-10 04:00:00,1.105726108,stoploss,-1.021067872,12,7.665695808,-2.384682494,2.1,2.1,1.10795,6,1.107568142,0.9816753927,1.10076,0.002491945999,0,2022
884,CAD_JPY,2022-08-08 12:00:00,2022-08-08 16:00:00,104.923,103.7940591,2022-08-10 12:00:00,103.7880591,stoploss,-1.005314716,12,4.96394435,-2.065652788,1.2,1.2,104.738,5,0.3171113628,0.9104258443,101.407,0.5644704699,5,2022
885,EUR_USD,2022-08-10 12:00:00,2022-08-10 16:00:00,1.032425,1.025346741,2022-08-12 16:00:00,1.025311741,stoploss,-1.004944718,13,0.6279792378,-11.13762502,0.3,0.7,1.02475,6,2.161548332,0.8294573643,1.01226,0.003539129746,0,2022
886,NZD_CHF,2022-08-10 16:00:00,2022-08-10 20:00:00,0.604545,0.6000688497,2022-08-15 12:00:00,0.5999838497,stoploss,-1.018989532,17,0.9416573891,-11.81260604,1.7,1.7,0.60306,13,0.6344737806,0.7769953052,0.59763,0.002238075147,9,2022
887,AUD_JPY,2022-08-11 16:00:00,2022-08-11 20:00:00,94.515,93.69983943,2022-08-15 12:00:00,93.69583943,stoploss,-1.004907009,11,4.810095294,-2.930710956,0.8,0.8,94.428,18,0.2036408617,0.9526226734,92.245,0.4075802827,6,2022
888,CAD_JPY,2022-08-12 00:00:00,2022-08-12 04:00:00,104.392,103.4028428,2022-08-15 12:00:00,103.3968428,stoploss,-1.00606577,9,6.20224994,-1.820741995,1.2,1.2,104.269,5,0.2365650344,0.7102137767,102.955,0.4945785852,2,2022
889,AUD_CHF,2022-08-12 04:00:00,2022-08-12 08:00:00,0.67033,0.6663140157,2022-08-15 08:00:00,0.6662440157,stoploss,-1.017430347,7,1.170323297,-9.912887328,1.4,1.4,0.66919,9,0.5328706074,0.9444444444,0.66081,0.002007992156,0,2022
890,USD_CAD,2022-08-15 04:00:00,2022-08-15 08:00:00,1.279685,1.274153871,2022-10-10 08:00:00,1.373185,time_exit,16.90432512,240,18.82346321,-0.06960604462,1.3,1.3,1.27918,11,0.1590995306,0.9835390947,1.27275,0.002765564414,207,2022
891,USD_CHF,2022-08-15 08:00:00,2022-08-15 12:00:00,0.945755,0.9401038804,2022-10-10 12:00:00,0.997345,time_exit,9.129164475,240,9.499887475,-0.6839352723,0.9,0.9,0.94503,4,0.2477385204,0.8959810875,0.93706,0.002825559784,240,2022
892,AUD_NZD,2022-08-16 12:00:00,2022-08-16 16:00:00,1.107175,1.102552026,2022-08-17 04:00:00,1.102447026,stoploss,-1.02271265,4,9.05153174,-1.78348379,2.1,2.1,1.10606,7,0.4412743398,0.525210084,1.1011,0.002311487227,0,2022
893,GBP_CHF,2022-08-16 12:00:00,2022-08-16 16:00:00,1.145715,1.139933747,2022-08-19 08:00:00,1.139838747,stoploss,-1.016432424,17,1.209945341,-21.54290815,1.9,1.9,1.14338,6,0.7714590739,0.9046610169,1.14025,0.002890626445,4,2022
894,GBP_NZD,2022-08-16 12:00:00,2022-08-16 16:00:00,1.90614,1.894348645,2022-08-31 16:00:00,1.894108645,stoploss,-1.020353895,67,8.41633549,-7.243442303,4.8,4.8,1.9016,5,0.7293478961,0.9178082192,1.8789,0.005895677526,10,2022
895,USD_JPY,2022-08-16 12:00:00,2022-08-16 16:00:00,134.594,133.4418076,2022-10-11 16:00:00,145.651,time_exit,9.596487235,240,9.8152007,-0.5997262078,0.6,0.6,133.894,12,1.211603164,0.8864468864,131.73,0.5760962178,160,2022
896,GBP_AUD,2022-08-17 00:00:00,2022-08-17 04:00:00,1.72569,1.715010405,2022-08-19 12:00:00,1.714810405,stoploss,-1.018727301,15,4.23330641,-12.17742753,4,4,1.72398,8,0.2902731668,0.9398148148,1.70255,0.005339797739,3,2022
897,EUR_AUD,2022-08-17 08:00:00,2022-08-17 12:00:00,1.46012,1.449718694,2022-08-22 08:00:00,1.449598694,stoploss,-1.011537012,18,8.985409717,-3.045771237,2.4,2.4,1.45447,10,1.063327964,0.9556603774,1.43947,0.005200653222,5,2022
898,EUR_JPY,2022-08-17 08:00:00,2022-08-17 12:00:00,137.155,136.1356403,2022-08-23 08:00:00,136.1306403,stoploss,-1.00490504,24,8.320909571,-1.607872057,1,1,136.916,4,0.4649977761,0.8637532134,134.947,0.509679857,11,2022
899,EUR_NZD,2022-08-17 08:00:00,2022-08-17 12:00:00,1.61208,1.600071934,2022-08-25 12:00:00,1.599881934,stoploss,-1.015822698,37,11.75210106,-1.081772908,3.8,3.8,1.60728,4,0.7678172602,0.9809128631,1.58878,0.006004032781,14,2022
900,GBP_JPY,2022-08-17 08:00:00,2022-08-17 12:00:00,163.177,161.9408689,2022-08-18 16:00:00,161.9308689,stoploss,-1.008089757,8,3.171184788,-11.41464728,2,2,162.745,4,0.6827755002,0.758507135,160.086,0.6180655279,1,2022
901,CAD_JPY,2022-08-17 16:00:00,2022-08-17 20:00:00,104.831,103.9919758,2022-10-12 20:00:00,106.425,time_exit,1.89982607,240,6.788838955,-0.6352617913,1.2,1.2,104.722,19,0.2431395974,0.7505773672,102.591,0.4195120872,113,2022
902,EUR_CHF,2022-08-17 16:00:00,2022-08-17 20:00:00,0.96905,0.9649602336,2022-08-18 16:00:00,0.9649102336,stoploss,-1.012225637,6,4.298534027,-6.927046017,1,1,0.96792,6,0.5232572706,0.6306620209,0.96039,0.002044883196,4,2022
903,AUD_JPY,2022-08-19 08:00:00,2022-08-19 12:00:00,94.3,93.51690283,2022-09-23 20:00:00,93.51290283,stoploss,-1.005107923,153,5.281592331,-4.417076372,0.8,0.8,94.188,5,0.2732738779,0.5466970387,93.065,0.3915485843,99,2022
904,AUD_NZD,2022-08-22 08:00:00,2022-08-22 12:00:00,1.114115,1.109048065,2022-10-17 12:00:00,1.115805,time_exit,0.3335349984,240,6.888780544,-0.525959036,2.1,2.1,1.10747,12,2.581442473,0.950617284,1.09893,0.002533467264,160,2022
905,AUD_CHF,2022-08-23 00:00:00,2022-08-23 04:00:00,0.66404,0.659451186,2022-09-07 16:00:00,0.659381186,stoploss,-1.015254486,70,2.394954341,-9.344462435,1.4,1.4,0.66318,11,0.3486739714,0.7547169811,0.65783,0.002294406998,32,2022
906,CAD_CHF,2022-08-23 08:00:00,2022-08-23 12:00:00,0.742475,0.7381657261,2022-09-09 08:00:00,0.7380907261,stoploss,-1.017404324,78,1.915635942,-7.239038549,1.5,1.5,0.74053,4,0.8539721705,0.9145496536,0.73528,0.002154636958,61,2022
907,GBP_CHF,2022-08-23 08:00:00,2022-08-23 12:00:00,1.138295,1.131153577,2022-08-29 04:00:00,1.131058577,stoploss,-1.01330267,23,0.5384080665,-16.40079188,1.9,1.9,1.13603,4,0.6105225409,0.9949748744,1.12978,0.003570711733,1,2022
908,NZD_USD,2022-08-23 16:00:00,2022-08-23 20:00:00,0.622605,0.6163523052,2022-08-24 16:00:00,0.6162973052,stoploss,-1.008796207,6,0.402226573,-11.42147543,1.1,1.1,0.6215,7,0.3390538111,0.7290780142,0.61567,0.003126347398,0,2022
909,NZD_CHF,2022-08-25 08:00:00,2022-08-25 12:00:00,0.601255,0.5971652102,2022-08-26 08:00:00,0.5970802102,stoploss,-1.020783464,6,0.2115023119,-12.12409496,1.7,1.7,0.60003,10,0.5574858627,0.9617021277,0.59106,0.002044894905,0,2022
910,EUR_CAD,2022-08-26 12:00:00,2022-08-26 16:00:00,1.29587,1.289351704,2022-10-21 16:00:00,1.34674,time_exit,7.804186309,240,9.663567832,-0.1104583083,1.8,1.8,1.29525,7,0.1718240351,0.9365853659,1.28756,0.003259148231,222,2022
911,EUR_JPY,2022-08-26 12:00:00,2022-08-26 16:00:00,137.135,136.2305107,2022-10-21 16:00:00,147.798,time_exit,11.78897307,240,12.45785882,-0.4046482364,1,1,136.981,7,0.3316788823,0.8129032258,135.516,0.4522446498,240,2022
912,EUR_NZD,2022-08-26 16:00:00,2022-08-26 20:00:00,1.62335,1.612191082,2022-10-21 20:00:00,1.71342,time_exit,8.071570855,240,11.78160786,-0.4400068047,3.8,3.8,1.61349,10,1.733142893,0.8424657534,1.59909,0.005579459167,211,2022
913,EUR_AUD,2022-08-29 04:00:00,2022-08-29 08:00:00,1.44904,1.439445204,2022-10-24 08:00:00,1.55141,time_exit,10.66932579,240,12.47864,-0.7514490471,2.4,2.4,1.44657,15,0.48776443,0.918972332,1.42844,0.004797397793,208,2022
914,EUR_CHF,2022-08-29 12:00:00,2022-08-29 16:00:00,0.96822,0.9629104536,2022-09-13 08:00:00,0.9628604536,stoploss,-1.009417,65,3.966440529,-5.179350169,1,1,0.96734,5,0.3126444102,0.7865168539,0.95522,0.002654773196,23,2022
915,GBP_CHF,2022-08-30 08:00:00,2022-08-30 12:00:00,1.138555,1.131606309,2022-09-01 08:00:00,1.131511309,stoploss,-1.01367164,12,0.3259606702,-16.89310961,1.9,1.9,1.13559,4,0.8260548551,0.7235859125,1.12839,0.003474345538,0,2022
916,NZD_USD,2022-08-30 08:00:00,2022-08-30 12:00:00,0.619065,0.6129375519,2022-08-30 16:00:00,0.6128825519,stoploss,-1.008976004,2,0.03019201414,-11.07720519,1.1,1.1,0.61674,4,0.740928347,0.9275362319,0.61019,0.003063724055,0,2022
917,NZD_CHF,2022-08-31 00:00:00,2022-08-31 04:00:00,0.597535,0.5930061344,2022-09-07 00:00:00,0.5929211344,stoploss,-1.018768497,30,1.012394793,-10.12726002,1.7,1.7,0.59702,8,0.1898930255,0.6293706294,0.5903,0.002264432824,14,2022
918,GBP_CAD,2022-09-01 08:00:00,2022-09-01 12:00:00,1.53012,1.522229388,2022-09-01 12:00:00,1.522089388,stoploss,-1.017742604,1,6.379733466,-15.15725313,2.8,2.8,1.52806,6,0.486654281,0.9438700148,1.52115,0.003945305887,0,2022
919,GBP_JPY,2022-09-01 20:00:00,2022-09-02 00:00:00,161.841,160.8768664,2022-09-05 00:00:00,160.8668664,stoploss,-1.010372006,7,9.087951748,-13.2492006,2,2,161.713,4,0.244779344,0.8746594005,160.901,0.4820668201,3,2022
920,GBP_NZD,2022-09-02 04:00:00,2022-09-02 08:00:00,1.90711,1.895963771,2022-09-02 12:00:00,1.895723771,stoploss,-1.021531946,2,11.18315454,-7.74970629,4.8,4.8,1.9045,6,0.4198729502,0.9578651685,1.89272,0.005573114436,0,2022
921,GBP_AUD,2022-09-06 08:00:00,2022-09-06 12:00:00,1.7096,1.698051797,2022-09-09 04:00:00,1.697851797,stoploss,-1.017318712,17,9.552135644,-9.868202139,4,4,1.70278,12,1.137839383,0.9517716535,1.68718,0.005774101422,0,2022
922,GBP_JPY,2022-09-07 04:00:00,2022-09-07 08:00:00,165.282,163.9778632,2022-09-16 00:00:00,163.9678632,stoploss,-1.007667907,41,5.250216244,-12.43351196,2,2,162.491,16,4.266423716,0.8699839486,160.664,0.6520683798,25,2022
923,EUR_USD,2022-09-07 20:00:00,2022-09-08 00:00:00,1.000585,0.992304543,2022-09-21 08:00:00,0.992289543,stoploss,-1.001811494,57,2.319316428,-5.675411379,0.3,0.3,0.99861,9,0.3864520994,0.7772151899,0.9864,0.004140228511,14,2022
924,AUD_USD,2022-09-09 00:00:00,2022-09-09 04:00:00,0.67851,0.6716649951,2022-09-14 08:00:00,0.6716149951,stoploss,-1.007304597,20,1.912343417,-8.984653945,1,1,0.67739,6,0.3126367389,0.81875,0.66991,0.003422502435,14,2022
925,NZD_USD,2022-09-09 00:00:00,2022-09-09 04:00:00,0.608325,0.6022532533,2022-09-13 16:00:00,0.6021982533,stoploss,-1.009058349,16,1.285462049,-9.409977471,1.1,1.1,0.60787,6,0.1350517463,0.8515625,0.59966,0.003035873368,14,2022
926,AUD_CAD,2022-09-09 04:00:00,2022-09-09 08:00:00,0.889845,0.8839608411,2022-09-26 00:00:00,0.8838658411,stoploss,-1.016145043,65,1.175189194,-5.094185984,1.9,1.9,0.88839,7,0.465657034,0.924137931,0.88166,0.00294207947,57,2022
927,GBP_USD,2022-09-09 04:00:00,2022-09-09 08:00:00,1.15885,1.148764746,2022-09-14 00:00:00,1.148724746,stoploss,-1.003966186,17,1.482362198,-12.13653064,0.8,0.8,1.15607,4,0.5453506415,0.8620689655,1.14053,0.00504262724,13,2022
928,NZD_CAD,2022-09-09 08:00:00,2022-09-09 12:00:00,0.798555,0.7930503823,2022-09-13 12:00:00,0.7929353823,stoploss,-1.020891551,13,1.18718509,-6.551772038,2.3,2.3,0.79746,8,0.3560646941,0.870669746,0.79116,0.002752308825,6,2022
929,GBP_CAD,2022-09-12 08:00:00,2022-09-12 12:00:00,1.51781,1.507663936,2022-09-23 12:00:00,1.507523936,stoploss,-1.013798455,55,6.267455288,-10.57454439,2.8,2.8,1.5132,6,0.8811298989,0.8031496063,1.50236,0.005073031803,48,2022
930,GBP_NZD,2022-09-13 12:00:00,2022-09-13 16:00:00,1.91196,1.900585512,2022-09-23 16:00:00,1.900345512,stoploss,-1.02109985,49,10.53234199,-8.020580635,4.8,4.8,1.90955,9,0.3815556281,0.8611691023,1.8905,0.005687244113,41,2022
931,GBP_AUD,2022-09-13 16:00:00,2022-09-13 20:00:00,1.70484,1.693467231,2022-09-21 20:00:00,1.693267231,stoploss,-1.017585867,37,10.11802855,-9.601883355,4,4,1.70148,10,0.5486790488,0.8238341969,1.6896,0.005686384429,4,2022
932,EUR_CHF,2022-09-16 16:00:00,2022-09-16 20:00:00,0.96596,0.9591917448,2022-09-21 08:00:00,0.9591417448,stoploss,-1.007387428,16,4.368925124,-3.729173829,1,1,0.9629,13,0.8894463728,0.9262086514,0.95317,0.003384127579,9,2022
933,NZD_CAD,2022-09-16 16:00:00,2022-09-16 20:00:00,0.793075,0.7879235493,2022-09-20 00:00:00,0.7878085493,stoploss,-1.022323809,8,3.66013404,-5.937162536,2.3,2.3,0.79249,6,0.1824728718,0.6286644951,0.78759,0.002575725342,0,2022
934,NZD_CAD,2022-09-22 08:00:00,2022-09-22 12:00:00,0.789475,0.7841756982,2022-09-23 12:00:00,0.7840606982,stoploss,-1.021700972,7,5.99984696,-5.092180224,2.3,2.3,0.78906,8,0.1094483798,0.8300492611,0.78367,0.002649650917,0,2022
935,AUD_CHF,2022-09-22 12:00:00,2022-09-22 16:00:00,0.65074,0.6429606989,2022-09-23 16:00:00,0.6428906989,stoploss,-1.008998238,7,0.1619682777,-3.802398137,1.4,1.4,0.64968,15,0.2390960289,0.6427503737,0.64238,0.003889650548,0,2022
936,CAD_CHF,2022-09-22 12:00:00,2022-09-22 16:00:00,0.727665,0.7200976833,2022-09-23 16:00:00,0.7200226833,stoploss,-1.009911043,7,1.94190365,-2.740072963,1.5,1.5,0.72389,7,0.9699607209,0.6020151134,0.72334,0.00378365837,0,2022
937,GBP_CHF,2022-09-23 00:00:00,2022-09-23 04:00:00,1.100135,1.0889674,2022-09-23 12:00:00,1.0888724,stoploss,-1.008506752,3,5.152852867,-7.070901497,1.9,1.9,1.09826,10,0.3187793241,0.6954545455,1.08123,0.005583800032,0,2022
938,NZD_CHF,2022-09-23 00:00:00,2022-09-23 04:00:00,0.571455,0.5653902217,2022-09-23 16:00:00,0.5653052217,stoploss,-1.014015351,4,3.107285861,-3.26227916,1.7,1.7,0.5702,10,0.389132111,0.8161764706,0.55971,0.003032389172,0,2022
939,GBP_AUD,2022-09-28 08:00:00,2022-09-28 12:00:00,1.67363,1.649079059,2022-09-28 12:00:00,1.648879059,stoploss,-1.008146327,1,5.958223773,-1.078573732,4,4,1.67058,4,0.230541062,0.7170236753,1.59564,0.01227547047,0,2022
940,EUR_USD,2022-09-28 16:00:00,2022-09-28 20:00:00,0.970215,0.9584869058,2022-11-23 20:00:00,1.036365,time_exit,5.640302587,240,6.644302027,-0.6023996641,0.3,0.3,0.9671,8,0.5303504473,0.9532428356,0.95501,0.005864047095,202,2022
941,GBP_JPY,2022-09-28 16:00:00,2022-09-28 20:00:00,156.636,153.0676795,2022-11-23 20:00:00,168.219,time_exit,3.246064879,240,4.341818455,-0.2886511979,2,2,156.362,8,0.1468477939,0.9837320574,149.067,1.784160273,133,2022
942,GBP_USD,2022-09-28 16:00:00,2022-09-28 20:00:00,1.08613,1.059548006,2022-11-23 20:00:00,1.2029,time_exit,4.392823226,240,4.588820563,-0.3739373372,0.8,0.8,1.08374,8,0.176059028,0.9407407407,1.03645,0.01329099693,239,2022
943,AUD_USD,2022-09-28 20:00:00,2022-09-29 00:00:00,0.65202,0.642916792,2022-09-30 16:00:00,0.642866792,stoploss,-1.005492569,11,3.047277396,-3.845896959,1,1,0.65129,9,0.1845503254,0.5175879397,0.64377,0.004551604004,0,2022
944,NZD_USD,2022-09-28 20:00:00,2022-09-29 00:00:00,0.572925,0.5640604398,2022-09-30 16:00:00,0.5640054398,stoploss,-1.006204482,11,5.979428056,-2.451898289,1.1,1.1,0.57218,9,0.1556760818,0.8309352518,0.55651,0.004432280103,6,2022
945,EUR_CHF,2022-09-29 12:00:00,2022-09-29 16:00:00,0.95363,0.9450825919,2022-11-24 16:00:00,0.98156,time_exit,3.26765725,240,4.902070847,-0.06902677327,1,1,0.95249,7,0.2527081869,0.7379182156,0.94072,0.004273704043,119,2022
946,GBP_CAD,2022-09-29 12:00:00,2022-09-29 16:00:00,1.49169,1.466597221,2022-11-24 16:00:00,1.61714,time_exit,4.999446159,240,5.120198027,-0.005579294239,2.8,2.8,1.49003,6,0.1211503892,0.9193109701,1.41052,0.01254638974,240,2022
947,GBP_CHF,2022-09-29 16:00:00,2022-09-29 20:00:00,1.084475,1.063606567,2022-11-24 20:00:00,1.143475,time_exit,2.827236754,240,3.507929943,-0.1923958571,1.9,1.9,1.07314,7,1.078183508,0.8443483632,1.02117,0.01043421636,129,2022
948,GBP_NZD,2022-09-29 16:00:00,2022-09-29 20:00:00,1.94104,1.909803464,2022-11-24 20:00:00,1.93332,time_exit,-0.2471464838,240,2.904291323,-0.904389659,4.8,4.8,1.9247,7,1.024441384,0.8785085882,1.82073,0.01561826792,71,2022
949,NZD_CAD,2022-09-29 16:00:00,2022-09-29 20:00:00,0.781175,0.7737968057,2022-09-30 20:00:00,0.7736818057,stoploss,-1.015586469,7,7.708525645,-2.532462447,2.3,2.3,0.78037,5,0.1951697042,0.7970049917,0.76704,0.003689097152,1,2022
950,NZD_JPY,2022-09-29 20:00:00,2022-09-30 00:00:00,82.668,81.56085437,2022-09-30 16:00:00,81.55585437,stoploss,-1.004516118,5,4.323731118,-1.785672952,1,1,82.556,15,0.2203865454,0.9191176471,80.576,0.5535728135,0,2022
951,AUD_CAD,2022-09-30 00:00:00,2022-09-30 04:00:00,0.890175,0.8837708951,2022-09-30 16:00:00,0.8836758951,stoploss,-1.014834235,4,2.080696706,-4.7321211,1.9,1.9,0.88933,7,0.2342247699,0.6813186813,0.87814,0.003202052458,1,2022
952,AUD_JPY,2022-09-30 00:00:00,2022-09-30 04:00:00,94.135,93.03434654,2022-09-30 16:00:00,93.03034654,stoploss,-1.003634205,4,1.459133193,-2.992767582,0.8,0.8,94.037,7,0.1708076216,0.8033175355,92.126,0.550326731,0,2022
953,AUD_CHF,2022-10-03 08:00:00,2022-10-03 12:00:00,0.6373,0.6311925739,2022-10-10 00:00:00,0.6311225739,stoploss,-1.011461457,28,1.751965534,-2.64268446,1.4,1.4,0.63646,6,0.2521520488,0.8909090909,0.63215,0.003053713041,5,2022
954,CAD_CHF,2022-10-03 08:00:00,2022-10-03 12:00:00,0.718645,0.7129439307,2022-11-11 12:00:00,0.7128689307,stoploss,-1.013155427,175,4.159745966,-3.372174413,1.5,1.5,0.71741,4,0.4069412035,0.9166666667,0.71128,0.002850534647,144,2022
955,NZD_CHF,2022-10-03 12:00:00,2022-10-03 16:00:00,0.561605,0.555409687,2022-10-10 08:00:00,0.555324687,stoploss,-1.013720049,29,4.991676774,-1.150062959,1.7,1.7,0.56039,9,0.368020147,0.8877284595,0.5531,0.003097656499,4,2022
956,GBP_AUD,2022-10-03 20:00:00,2022-10-04 00:00:00,1.73811,1.710925343,2022-11-29 00:00:00,1.79706,time_exit,2.168502629,240,3.009050298,-0.1625917154,4,4,1.68894,20,3.58363912,0.8937677054,1.64715,0.01359232846,58,2022
957,EUR_GBP,2022-10-05 12:00:00,2022-10-05 16:00:00,0.87549,0.8657998181,2022-10-13 12:00:00,0.8657598181,stoploss,-1.004127889,36,1.154777086,-1.888509444,0.8,0.8,0.87447,6,0.2022665853,0.9601593625,0.86488,0.004845090941,27,2022
958,NZD_CAD,2022-10-06 00:00:00,2022-10-06 04:00:00,0.785005,0.7762397288,2022-10-06 16:00:00,0.7761247288,stoploss,-1.013119959,4,7.386536997,-2.568659827,2.3,2.3,0.78426,5,0.1437491176,0.7820512821,0.77257,0.004382635599,0,2022
959,AUD_USD,2022-10-06 04:00:00,2022-10-06 08:00:00,0.6536,0.6443068479,2022-10-06 16:00:00,0.6442568479,stoploss,-1.005380306,3,3.269073785,-3.937307761,1,1,0.65263,6,0.1936910077,0.8526315789,0.63915,0.004646576064,0,2022
960,NZD_JPY,2022-10-06 04:00:00,2022-10-06 08:00:00,83.836,82.66214097,2022-10-06 12:00:00,82.65714097,stoploss,-1.004259455,2,3.082993701,-2.679197344,1,1,83.477,6,0.6031388616,0.6998341625,80.942,0.5869295158,0,2022
961,CHF_JPY,2022-10-11 16:00:00,2022-10-11 20:00:00,146.725,145.773866,2022-10-13 16:00:00,145.762866,stoploss,-1.011565142,12,4.032029063,-4.024669427,2.2,2.2,146.619,14,0.1997615442,0.9730639731,145.774,0.4755670086,4,2022
962,USD_JPY,2022-10-12 00:00:00,2022-10-12 04:00:00,146.132,145.4542465,2022-10-27 08:00:00,145.4512465,stoploss,-1.004426388,68,8.573913679,-18.45951369,0.6,0.6,145.669,12,1.357425673,0.8251273345,143.528,0.3388767497,44,2022
963,NZD_JPY,2022-10-13 00:00:00,2022-10-13 04:00:00,82.461,81.46185239,2022-10-13 12:00:00,81.45685239,stoploss,-1.005004266,3,4.998260491,-1.297105646,1,1,82.287,8,0.3382883552,0.7575757576,80.691,0.4995738026,2,2022
964,USD_CAD,2022-10-13 12:00:00,2022-10-13 16:00:00,1.392355,1.380032214,2022-10-13 16:00:00,1.379967214,stoploss,-1.005274781,1,0.3761324626,-5.661463053,1.3,1.3,1.38306,5,1.494791793,0.7246376812,1.36758,0.006161393207,0,2022
965,USD_CHF,2022-10-13 12:00:00,2022-10-13 16:00:00,1.004555,0.9963890859,2022-10-17 16:00:00,0.9963440859,stoploss,-1.005510712,13,1.253380802,-8.806729886,0.9,0.9,1.00044,5,0.9943773437,0.7655545537,0.9916,0.004082957064,0,2022
966,NZD_CHF,2022-10-13 16:00:00,2022-10-13 20:00:00,0.562665,0.5558146752,2022-12-08 20:00:00,0.596425,time_exit,4.9282335,240,5.746442883,-0.8079908893,1.7,1.7,0.56116,12,0.4145788845,0.9707112971,0.55448,0.003425162383,218,2022
967,AUD_CHF,2022-10-13 20:00:00,2022-10-14 00:00:00,0.63006,0.6231299565,2022-10-14 20:00:00,0.6230599565,stoploss,-1.010100947,6,2.217879282,-1.017309625,1.4,1.4,0.62967,13,0.1789310546,0.8521400778,0.62146,0.003465021772,1,2022
968,AUD_JPY,2022-10-13 20:00:00,2022-10-14 00:00:00,92.754,91.494226,2022-12-02 08:00:00,91.489726,stoploss,-1.003572069,213,2.371060215,-1.282769771,0.8,0.9,92.419,6,0.4715131462,0.6867816092,91.073,0.6298869977,34,2022
969,AUD_USD,2022-10-14 00:00:00,2022-10-14 04:00:00,0.63057,0.6209693465,2022-10-14 16:00:00,0.6209193465,stoploss,-1.005207979,4,5.680863299,-1.161379277,1,1,0.62989,7,0.1291578748,0.7098214286,0.62356,0.00480032674,1,2022
970,NZD_CAD,2022-10-14 00:00:00,2022-10-14 04:00:00,0.778165,0.7710743902,2022-10-14 20:00:00,0.7709593902,stoploss,-1.016218633,5,13.10536084,-1.240372867,2.3,2.3,0.77587,14,0.6064358529,0.8905472637,0.76249,0.003545304899,0,2022
971,NZD_USD,2022-10-14 00:00:00,2022-10-14 04:00:00,0.565335,0.5560403816,2022-10-14 16:00:00,0.5559853816,stoploss,-1.005917403,4,8.493624619,-1.108706083,1.1,1.1,0.56324,7,0.4389636892,0.8156862745,0.55358,0.00464730922,1,2022
972,CHF_JPY,2022-10-17 00:00:00,2022-10-17 04:00:00,148.059,146.9642899,2022-10-21 16:00:00,146.9532899,stoploss,-1.010048322,28,2.284623096,-4.715403607,2.2,2.2,147.506,15,0.98838952,0.7934508816,145.439,0.5473550549,27,2022
973,CAD_JPY,2022-10-17 20:00:00,2022-10-18 00:00:00,108.653,107.743752,2022-10-21 16:00:00,107.737752,stoploss,-1.00659886,23,1.86967691,-10.09185608,1.2,1.2,107.552,9,2.408583784,0.8765432099,105.06,0.4546240023,22,2022
974,AUD_CAD,2022-10-18 12:00:00,2022-10-18 16:00:00,0.868235,0.8619981285,2022-10-20 00:00:00,0.8619031285,stoploss,-1.015231996,9,10.38421271,-1.341217313,1.9,1.9,0.86568,5,0.7920637809,0.9294990724,0.86052,0.003118435736,3,2022
975,NZD_JPY,2022-10-18 12:00:00,2022-10-18 16:00:00,85.124,83.95559376,2022-11-11 12:00:00,83.95059376,stoploss,-1.004279334,108,2.606114123,-1.092941785,1,1,83.742,13,2.357056911,0.8953098827,81.165,0.5842031193,87,2022
976,USD_CHF,2022-10-19 08:00:00,2022-10-19 12:00:00,0.999895,0.9923570203,2022-10-26 08:00:00,0.9923120203,stoploss,-1.005969769,30,1.975993643,-10.1797833,0.9,0.9,0.9979,4,0.5147267765,0.9754098361,0.99191,0.003768989857,12,2022
977,EUR_GBP,2022-10-20 08:00:00,2022-10-20 12:00:00,0.87459,0.8677544227,2022-10-20 16:00:00,0.8677144227,stoploss,-1.005851737,2,1.206920731,-2.915627899,0.8,0.8,0.87302,6,0.4447320026,0.9419525066,0.85791,0.00341778867,0,2022
978,USD_CAD,2022-10-21 08:00:00,2022-10-21 12:00:00,1.382325,1.371021733,2022-10-21 16:00:00,1.370956733,stoploss,-1.00575055,2,0.278238149,-5.284755431,1.3,1.3,1.38096,9,0.2300219992,0.8785046729,1.3651,0.005651633342,0,2022
979,AUD_USD,2022-10-21 16:00:00,2022-10-21 20:00:00,0.63624,0.6269690238,2022-12-16 20:00:00,0.66918,time_exit,3.553023907,240,5.72539493,-0.9718501944,1,1,0.63562,6,0.1208071274,0.8735380117,0.61942,0.004635488088,221,2022
980,AUD_CAD,2022-10-21 20:00:00,2022-10-24 00:00:00,0.872345,0.8653734284,2022-10-24 08:00:00,0.8652784284,stoploss,-1.01362677,3,8.700333809,-1.482449096,1.9,1.9,0.86945,7,0.3499928199,0.6885714286,0.85987,0.003485785795,0,2022
981,AUD_CHF,2022-10-21 20:00:00,2022-10-24 00:00:00,0.63702,0.6313183024,2022-10-24 08:00:00,0.6312483024,stoploss,-1.012277045,3,1.474999299,-3.011383824,1.4,1.4,0.63598,7,0.263079542,0.5889830508,0.62301,0.002850848813,0,2022
982,NZD_CAD,2022-10-21 20:00:00,2022-10-24 00:00:00,0.787195,0.7798699389,2022-10-24 12:00:00,0.7797549389,stoploss,-1.015699528,4,12.90705952,-1.436848077,2.3,2.3,0.78517,7,0.1283265741,0.6823899371,0.76937,0.003662530566,0,2022
983,NZD_USD,2022-10-21 20:00:00,2022-10-24 00:00:00,0.577475,0.5685205708,2022-10-24 12:00:00,0.5684655708,stoploss,-1.006142212,4,8.254574166,-1.314991691,1.1,1.1,0.57418,7,0.2501555318,0.5637254902,0.55503,0.004477214603,0,2022
984,EUR_AUD,2022-10-24 16:00:00,2022-10-24 20:00:00,1.56688,1.551687276,2022-10-26 08:00:00,1.551567276,stoploss,-1.007898518,10,1.640258849,-2.707216952,2.4,2.4,1.5646,7,0.2843466383,0.5306372549,1.54221,0.007596362007,0,2022
985,EUR_CAD,2022-10-24 16:00:00,2022-10-24 20:00:00,1.35395,1.344574698,2022-11-01 08:00:00,1.344484698,stoploss,-1.009599691,34,11.22950483,-2.852174763,1.8,1.8,1.35154,8,0.4970506506,0.5740210124,1.34051,0.004687651042,11,2022
986,AUD_NZD,2022-10-25 20:00:00,2022-10-26 00:00:00,1.111205,1.106002713,2022-10-27 20:00:00,1.105897713,stoploss,-1.02018343,12,1.227344769,-12.34937583,2.1,2.1,1.11013,8,0.3729128978,0.8881118881,1.1022,0.002601143607,2,2022
987,AUD_CAD,2022-10-27 04:00:00,2022-10-27 08:00:00,0.882195,0.8752914403,2022-10-27 12:00:00,0.8751964403,stoploss,-1.013761017,2,7.359246869,-2.70078059,1.9,1.9,0.8724,9,2.795659178,0.9134328358,0.85987,0.003451779843,0,2022
988,AUD_CHF,2022-10-27 04:00:00,2022-10-27 08:00:00,0.64213,0.6366283299,2022-11-03 00:00:00,0.6365583299,stoploss,-1.012723409,29,0.5998178579,-4.745831597,1.4,1.4,0.63763,9,1.603149548,0.9442970822,0.62669,0.002750835071,17,2022
989,NZD_CAD,2022-10-27 04:00:00,2022-10-27 08:00:00,0.794165,0.7871057886,2022-12-22 08:00:00,0.857455,time_exit,8.965590682,240,12.40577665,-0.8974090215,2.3,2.3,0.78631,9,2.192879503,0.8918205805,0.77526,0.003529605703,200,2022
990,NZD_USD,2022-10-27 04:00:00,2022-10-27 08:00:00,0.586155,0.578132233,2022-10-31 16:00:00,0.578077233,stoploss,-1.00685549,15,8.13123457,-1.506338159,1.1,1.1,0.57798,9,2.02423928,0.9037037037,0.55997,0.004011383477,5,2022
991,USD_CHF,2022-10-28 08:00:00,2022-10-28 12:00:00,0.995285,0.9870124025,2022-11-08 16:00:00,0.9869674025,stoploss,-1.005439646,44,2.352949008,-8.909535406,0.9,0.9,0.99279,5,0.5923169865,0.873772791,0.98416,0.004136298732,24,2022
992,USD_JPY,2022-10-28 08:00:00,2022-10-28 12:00:00,147.441,145.8536451,2022-11-02 20:00:00,145.8506451,stoploss,-1.001889937,21,0.8876401931,-10.63215297,0.6,0.6,146.935,5,0.6337587184,0.8907380608,145.108,0.7936774444,7,2022
993,USD_CAD,2022-10-31 08:00:00,2022-10-31 12:00:00,1.364295,1.354504817,2022-11-01 08:00:00,1.354439817,stoploss,-1.006639304,6,1.687915315,-4.259879468,1.3,1.3,1.36347,4,0.155257566,0.6278026906,1.34956,0.004895091553,0,2022
994,NZD_USD,2022-11-01 20:00:00,2022-11-02 00:00:00,0.584515,0.5773204356,2022-11-03 08:00:00,0.5772654356,stoploss,-1.00764466,9,9.295211774,-1.45179046,1.1,1.1,0.58354,9,0.3224656645,0.7671232877,0.57746,0.003597282215,5,2022
995,EUR_AUD,2022-11-03 08:00:00,2022-11-03 12:00:00,1.5508,1.538162498,2022-11-04 08:00:00,1.538042498,stoploss,-1.009495547,6,3.716715457,-1.982195491,2.4,2.4,1.54892,10,0.2817012354,0.7952443857,1.5367,0.006318751132,0,2022
996,EUR_GBP,2022-11-03 08:00:00,2022-11-03 12:00:00,0.86671,0.8616678172,2022-11-23 16:00:00,0.8616278172,stoploss,-1.007933072,86,3.889188615,-2.389837981,0.8,0.8,0.8626,15,1.618346716,0.8171091445,0.85719,0.002521091408,26,2022
997,USD_CAD,2022-11-03 20:00:00,2022-11-04 00:00:00,1.374535,1.36432639,2022-11-04 08:00:00,1.36426139,stoploss,-1.006367174,3,0.06024326541,-5.088351905,1.3,1.3,1.36688,13,1.488939243,0.8204225352,1.35302,0.005104304986,0,2022
998,AUD_CHF,2022-11-04 12:00:00,2022-11-04 16:00:00,0.64437,0.6389200468,2022-11-07 08:00:00,0.6388500468,stoploss,-1.012844147,5,0.05688122238,-5.201879531,1.4,1.4,0.64356,10,0.2715619649,0.7670103093,0.63464,0.0027249766,0,2022
999,AUD_NZD,2022-11-04 12:00:00,2022-11-04 16:00:00,1.094985,1.088847453,2022-11-08 04:00:00,1.088742453,stoploss,-1.017107812,10,1.547034993,-7.824787313,2.1,2.1,1.09359,6,0.4203633788,0.7366167024,1.08849,0.003068773506,0,2022
1000,EUR_CAD,2022-11-07 16:00:00,2022-11-07 20:00:00,1.35269,1.344274729,2023-01-02 20:00:00,1.44612,time_exit,11.10243461,240,12.66031663,-0.7997365396,1.8,1.8,1.3516,17,0.2352865302,0.8393162393,1.32721,0.004207635682,167,2022
1001,AUD_CAD,2022-11-07 20:00:00,2022-11-08 00:00:00,0.874175,0.8675859058,2022-11-09 16:00:00,0.8674909058,stoploss,-1.014417763,11,8.927630724,-1.196674343,1.9,1.9,0.87358,6,0.1305186982,0.5164835165,0.86355,0.00329454711,4,2022
1002,NZD_USD,2022-11-08 16:00:00,2022-11-08 20:00:00,0.598205,0.5901812246,2022-11-09 08:00:00,0.5901262246,stoploss,-1.006854629,4,6.628425811,-1.761639538,1.1,1.1,0.59524,4,0.7253443306,0.7530201342,0.57407,0.004011887703,0,2022
1003,EUR_NZD,2022-11-09 00:00:00,2022-11-09 04:00:00,1.69505,1.681823033,2022-11-15 16:00:00,1.681633033,stoploss,-1.014364593,28,1.221746452,-4.557356194,3.8,3.8,1.69346,4,0.2116887416,0.9810344828,1.67346,0.006613483501,7,2022
1004,CHF_JPY,2022-11-09 12:00:00,2022-11-09 16:00:00,148.685,147.7499366,2022-11-10 12:00:00,147.7389366,stoploss,-1.011763908,6,0.4352645821,-10.40571102,2.2,2.2,148.402,9,0.5732231352,0.9401709402,145.846,0.4675317229,0,2022
1005,EUR_AUD,2022-11-09 16:00:00,2022-11-09 20:00:00,1.55577,1.543762142,2022-11-10 16:00:00,1.543642142,stoploss,-1.009993456,6,3.497709498,-2.500029503,2.4,2.4,1.55227,5,0.5612990956,0.6860606061,1.52702,0.006003929147,3,2022
1006,AUD_NZD,2022-11-10 00:00:00,2022-11-10 04:00:00,1.093165,1.088267033,2022-11-18 08:00:00,1.088162033,stoploss,-1.021437465,38,2.310142027,-9.433505288,2.1,2.1,1.09272,10,0.1388331046,0.7771084337,1.08809,0.002448983627,8,2022
1007,USD_CAD,2022-11-10 08:00:00,2022-11-10 12:00:00,1.354075,1.344225447,2022-11-10 12:00:00,1.344160447,stoploss,-1.006599284,1,1.671649489,-3.196591811,1.3,1.3,1.35268,12,0.2700630211,0.5745098039,1.33874,0.004924776427,0,2022
1008,AUD_CAD,2022-11-11 04:00:00,2022-11-11 08:00:00,0.884475,0.8764675999,2023-01-06 08:00:00,0.916675,time_exit,4.021280246,240,6.243599562,-0.1767115387,1.9,1.9,0.87752,15,1.713415061,0.9047619048,0.86629,0.00400370007,228,2022
1009,NZD_USD,2022-11-14 00:00:00,2022-11-14 04:00:00,0.609825,0.6004847258,2023-01-09 04:00:00,0.637385,time_exit,2.950662826,240,4.450083468,-0.3913161331,1.1,1.1,0.59999,20,2.092015661,0.5879218472,0.58407,0.004670137122,129,2022
1010,NZD_JPY,2022-11-15 04:00:00,2022-11-15 08:00:00,85.876,84.96019762,2022-12-20 04:00:00,84.95319762,stoploss,-1.00764357,150,2.503815288,-5.289350745,1,1.4,85.565,11,0.6726341987,0.9,83.847,0.4579011899,120,2022
1011,AUD_CHF,2022-11-15 08:00:00,2022-11-15 12:00:00,0.63564,0.6297752858,2022-12-06 16:00:00,0.6297052858,stoploss,-1.01193579,92,1.471512456,-3.345431564,1.4,1.4,0.63497,4,0.2012033254,0.8789808917,0.62968,0.002932357101,71,2022
1012,USD_CAD,2022-11-17 00:00:00,2022-11-17 04:00:00,1.334885,1.324936519,2023-01-12 04:00:00,1.342545,time_exit,0.7699668082,240,3.583964301,-0.4880142107,1.3,1.3,1.33363,8,0.239232507,0.8538681948,1.32259,0.004974240395,129,2022
1013,EUR_AUD,2022-11-17 12:00:00,2022-11-17 16:00:00,1.55355,1.540272718,2022-11-24 12:00:00,1.540152718,stoploss,-1.009037995,30,3.330501006,-1.975554984,2.4,2.4,1.54869,11,0.7079762427,0.7794299876,1.52575,0.006638640842,21,2022
1014,EUR_NZD,2022-11-17 12:00:00,2022-11-17 16:00:00,1.69869,1.6850091,2022-11-18 00:00:00,1.6848191,stoploss,-1.013887975,3,0.2119743602,-4.672207278,3.8,3.8,1.69566,11,0.4224868283,0.7505966587,1.67542,0.006840449942,0,2022
1015,USD_CHF,2022-11-17 12:00:00,2022-11-17 16:00:00,0.952165,0.9430121233,2022-11-23 16:00:00,0.9429671233,stoploss,-1.004916487,25,0.8407192876,-3.874738081,0.9,0.9,0.94756,10,0.9920378338,0.9522058824,0.93567,0.004576438363,13,2022
1016,USD_JPY,2022-11-17 12:00:00,2022-11-17 16:00:00,140.517,138.8141729,2022-11-24 00:00:00,138.8111729,stoploss,-1.001761776,27,1.019481075,-6.663037027,0.6,0.6,140.292,8,0.2607428556,0.9193391642,137.677,0.8514135487,12,2022
1017,CAD_CHF,2022-11-17 16:00:00,2022-11-17 20:00:00,0.714805,0.7099137985,2022-11-22 12:00:00,0.7098387985,stoploss,-1.015333656,17,0.1032466163,-7.635138389,1.5,1.5,0.71183,9,1.185802722,0.8214285714,0.70693,0.002445600728,1,2022
1018,CAD_JPY,2022-11-21 08:00:00,2022-11-21 12:00:00,105.546,104.6980682,2022-11-23 16:00:00,104.6920682,stoploss,-1.007076041,14,0.3160631585,-12.33943592,1.2,1.2,105.425,8,0.2759655936,0.9803439803,104.086,0.4239658954,2,2022
1019,CHF_JPY,2022-11-21 08:00:00,2022-11-21 12:00:00,147.899,146.7635218,2022-11-24 12:00:00,146.7525218,stoploss,-1.009687549,19,0.8507429083,-9.230472486,2.2,2.2,147.448,6,0.7750038916,0.8159392789,146.534,0.5677390846,12,2022
1020,EUR_JPY,2022-11-23 04:00:00,2022-11-23 08:00:00,145.978,145.0759564,2022-11-23 16:00:00,145.0709564,stoploss,-1.005542969,3,0.8347711484,-9.525038124,1,1,145.712,7,0.5786859754,0.8443708609,144.333,0.4510218168,0,2022
1021,EUR_CHF,2022-11-25 12:00:00,2022-11-25 16:00:00,0.98409,0.9795566878,2022-11-28 00:00:00,0.9795066878,stoploss,-1.011029463,3,5.651496936,-1.151475957,1,1,0.98359,7,0.1941185521,0.8078291815,0.97636,0.002266656099,0,2022
1022,EUR_AUD,2022-11-28 00:00:00,2022-11-28 04:00:00,1.55096,1.540945799,2022-11-29 08:00:00,1.540825799,stoploss,-1.011982983,8,4.674361967,-2.360647659,2.4,2.4,1.54514,4,1.138383389,0.9384288747,1.53654,0.005007100469,2,2022
1023,GBP_NZD,2022-11-28 00:00:00,2022-11-28 04:00:00,1.94196,1.929438823,2022-11-29 08:00:00,1.929198823,stoploss,-1.019167528,8,0.2755332131,-3.857464984,4.8,4.8,1.93741,8,0.6884337093,0.710031348,1.92053,0.006260588263,2,2022
1024,EUR_NZD,2022-11-28 08:00:00,2022-11-28 12:00:00,1.67765,1.666456774,2022-11-29 08:00:00,1.666266774,stoploss,-1.016974552,6,2.353208892,-3.83088828,3.8,3.8,1.66956,12,1.411567976,0.9764150943,1.65729,0.005596613222,0,2022
1025,EUR_USD,2022-11-28 08:00:00,2022-11-28 12:00:00,1.044815,1.036301774,2022-11-28 20:00:00,1.036266774,stoploss,-1.00411125,3,5.621253544,-1.855348443,0.7,0.7,1.04293,7,0.4346178688,0.9197416974,1.02226,0.004256612838,0,2022
1026,EUR_GBP,2022-11-28 12:00:00,2022-11-28 16:00:00,0.86647,0.8612590091,2022-11-29 08:00:00,0.8612190091,stoploss,-1.007676083,5,4.463642446,-2.266363598,0.8,0.8,0.86157,7,1.857612162,0.6885245902,0.85721,0.002605495431,0,2022
1027,CAD_CHF,2022-11-29 08:00:00,2022-11-29 12:00:00,0.707475,0.7023623073,2022-11-29 16:00:00,0.7022873073,stoploss,-1.014669374,2,0.02249303963,-5.929360838,1.5,1.5,0.70547,4,0.758895598,0.7588832487,0.69942,0.002556346361,0,2022
1028,USD_CHF,2022-11-29 08:00:00,2022-11-29 12:00:00,0.951875,0.9446187049,2022-11-30 20:00:00,0.9445737049,stoploss,-1.006201512,9,0.3989639286,-5.974812133,0.9,0.9,0.95001,10,0.5016334024,0.9001610306,0.93875,0.00362814755,5,2022
1029,GBP_USD,2022-12-01 00:00:00,2022-12-01 04:00:00,1.208325,1.195760162,2023-01-03 08:00:00,1.195715162,stoploss,-1.003581423,140,2.901350632,-1.92561181,0.9,0.9,1.20644,10,0.2960643081,0.5955882353,1.19403,0.006282418884,58,2022
1030,GBP_CAD,2022-12-01 08:00:00,2022-12-01 12:00:00,1.63104,1.617849757,2023-01-05 12:00:00,1.617709757,stoploss,-1.010613906,151,4.05299576,-1.586778924,2.8,2.8,1.6279,5,0.4563979513,0.9273693534,1.60924,0.006595121629,55,2022
1031,GBP_CHF,2022-12-01 08:00:00,2022-12-01 12:00:00,1.146835,1.138843266,2022-12-15 16:00:00,1.138748266,stoploss,-1.011887283,62,0.9503569834,-4.650430189,1.9,1.9,1.14503,12,0.4279421834,0.9547218629,1.13279,0.003995866886,48,2022
1032,EUR_USD,2022-12-01 16:00:00,2022-12-01 20:00:00,1.050785,1.039439108,2023-01-26 20:00:00,1.086435,time_exit,3.142106295,240,3.715441539,-0.7028975513,0.7,0.7,1.04969,19,0.1886145153,0.5891472868,1.02902,0.00567294621,237,2022
1033,GBP_AUD,2022-12-02 16:00:00,2022-12-02 20:00:00,1.80588,1.79099409,2022-12-22 08:00:00,1.79079409,stoploss,-1.013435524,82,1.449021265,-4.989953621,4,4,1.8048,6,0.1142019542,0.7581274382,1.77044,0.00744295495,69,2022
1034,EUR_AUD,2022-12-02 20:00:00,2022-12-05 00:00:00,1.55213,1.540820402,2023-01-09 04:00:00,1.540700402,stoploss,-1.010610457,152,4.035510362,-2.344026724,2.4,2.4,1.54894,17,0.3766712126,0.9328063241,1.52732,0.00565479901,70,2022
1035,EUR_CHF,2022-12-05 04:00:00,2022-12-05 08:00:00,0.98929,0.9841480347,2022-12-07 08:00:00,0.9840980347,stoploss,-1.009723909,13,3.971244246,-1.476089316,1,1,0.98875,10,0.1905886073,0.9517241379,0.97887,0.002570982636,2,2022
1036,EUR_GBP,2022-12-05 12:00:00,2022-12-05 16:00:00,0.86167,0.856431233,2022-12-09 16:00:00,0.856391233,stoploss,-1.007635384,25,5.35622215,-1.044138815,0.8,0.8,0.86082,7,0.31305076,0.9636963696,0.85466,0.002619383515,17,2022
1037,EUR_JPY,2022-12-05 12:00:00,2022-12-05 16:00:00,143.332,141.8998196,2022-12-20 04:00:00,141.8928196,stoploss,-1.004887653,64,2.373304424,-4.151711711,1.4,1.4,143.134,11,0.2723120699,0.908994709,140.763,0.7160901832,48,2022
1038,EUR_NZD,2022-12-05 16:00:00,2022-12-05 20:00:00,1.66098,1.647597859,2022-12-07 16:00:00,1.647407859,stoploss,-1.014198027,12,3.213984897,-1.958580427,3.8,3.8,1.65412,10,0.9968509307,0.6710344828,1.64149,0.006691070645,5,2022
1039,GBP_NZD,2022-12-05 16:00:00,2022-12-05 20:00:00,1.92846,1.914580689,2022-12-07 16:00:00,1.914340689,stoploss,-1.017291925,12,0.8674782148,-2.71339116,4.8,4.8,1.92237,4,0.7824595858,0.8193033382,1.90915,0.006939655541,5,2022
1040,USD_JPY,2022-12-05 16:00:00,2022-12-05 20:00:00,136.632,134.9208936,2022-12-13 16:00:00,134.9178936,stoploss,-1.001753252,36,0.9011713092,-5.502287857,0.6,0.6,135.982,7,0.7562358457,0.9614299153,133.621,0.855553203,32,2022
1041,AUD_CHF,2022-12-08 12:00:00,2022-12-08 16:00:00,0.63517,0.6302678389,2022-12-12 12:00:00,0.6301978389,stoploss,-1.014279416,12,4.444978355,-3.906440362,1.4,1.4,0.63353,5,0.6446136577,0.8721804511,0.62781,0.002451080552,7,2022
1042,AUD_JPY,2022-12-08 12:00:00,2022-12-08 16:00:00,92.3895,91.65884928,2022-12-16 08:00:00,91.65434928,stoploss,-1.006158894,35,1.321424833,-7.347560037,0.9,0.9,92.131,7,0.6952706527,0.8937093275,91.138,0.3653253579,16,2022
1043,AUD_NZD,2022-12-08 12:00:00,2022-12-08 16:00:00,1.061925,1.055963355,2022-12-13 00:00:00,1.055858355,stoploss,-1.017612589,15,6.272597914,-2.510213338,2.1,2.1,1.05942,4,0.8085017234,0.9746192893,1.05313,0.002980822341,2,2022
1044,CAD_CHF,2022-12-08 12:00:00,2022-12-08 16:00:00,0.691755,0.6871285153,2022-12-09 04:00:00,0.6870535153,stoploss,-1.016211012,4,1.215825904,-3.154662945,1.5,1.5,0.69097,7,0.3069284948,0.8737864078,0.68627,0.002313242374,0,2022
1045,GBP_JPY,2022-12-09 16:00:00,2022-12-09 20:00:00,167.691,166.3869287,2022-12-16 08:00:00,166.3749287,stoploss,-1.009201951,28,1.216957963,-9.460372019,2.4,2.4,167.406,4,0.4186887511,0.6601423488,165.953,0.6520356692,9,2022
1046,CHF_JPY,2022-12-12 12:00:00,2022-12-12 16:00:00,146.902,145.8247728,2022-12-13 12:00:00,145.8137728,stoploss,-1.010211402,6,1.508502606,-8.804085366,2.2,2.2,146.549,5,0.6293937028,0.7105643994,144.726,0.5386135871,2,2022
1047,GBP_NZD,2022-12-12 16:00:00,2022-12-12 20:00:00,1.92559,1.91259633,2022-12-13 16:00:00,1.91235633,stoploss,-1.018470532,6,1.147481776,-3.239269481,4.8,4.8,1.92223,7,0.4879298767,0.7169159954,1.90944,0.006496835204,0,2022
1048,NZD_CHF,2022-12-13 16:00:00,2022-12-13 20:00:00,0.600905,0.5962875624,2022-12-14 16:00:00,0.5962025624,stoploss,-1.018408478,6,0.2176531854,-4.486254463,1.7,1.7,0.59917,7,0.7146821013,0.5,0.59329,0.002308718795,0,2022
1049,EUR_CHF,2022-12-14 00:00:00,2022-12-14 04:00:00,0.98761,0.98341151,2022-12-14 16:00:00,0.98336151,stoploss,-1.011909044,4,5.263797252,-1.407648949,1,1,0.98732,8,0.1143268182,0.7,0.98261,0.002099244988,1,2022
1050,AUD_NZD,2022-12-14 04:00:00,2022-12-14 08:00:00,1.062075,1.057489086,2022-12-15 16:00:00,1.057384086,stoploss,-1.022896201,9,8.939331095,-3.295962666,2.1,2.1,1.06138,13,0.26167087,0.8133704735,1.05313,0.002292956798,2,2022
1051,EUR_NZD,2022-12-15 08:00:00,2022-12-15 12:00:00,1.66495,1.652632437,2023-02-09 12:00:00,1.6909,time_exit,2.106747934,240,3.719891728,-0.6202525709,3.8,3.8,1.65506,16,1.574986895,0.8991596639,1.63477,0.006158781405,223,2022
1052,EUR_GBP,2022-12-15 12:00:00,2022-12-15 16:00:00,0.86489,0.8598951979,2023-02-09 16:00:00,0.88494,time_exit,4.014173061,240,6.60686838,-0.01601665062,0.8,0.8,0.86171,6,1.257307074,0.8319467554,0.8562,0.002497401046,216,2022
1053,CHF_JPY,2022-12-15 20:00:00,2022-12-16 00:00:00,148.396,147.2177162,2022-12-16 16:00:00,147.2067162,stoploss,-1.009335612,5,0.1111786514,-9.316940725,2.2,2.2,147.296,17,1.848451166,0.75,145.196,0.5891418827,0,2022
1054,USD_CHF,2022-12-16 16:00:00,2022-12-16 20:00:00,0.932185,0.924947064,2022-12-20 08:00:00,0.924902064,stoploss,-1.006217242,10,1.183348408,-3.628796956,0.9,0.9,0.93172,5,0.1160551853,0.6788154897,0.92158,0.003618967983,1,2022
1055,AUD_NZD,2022-12-21 00:00:00,2022-12-21 04:00:00,1.057105,1.051302571,2023-02-15 04:00:00,1.102355,time_exit,7.798457688,240,7.947533177,-0.4782479577,2.1,2.1,1.05657,5,0.1482137815,0.9578544061,1.04696,0.00290121469,239,2022
1056,AUD_USD,2022-12-22 04:00:00,2022-12-22 08:00:00,0.67517,0.6678367049,2022-12-22 16:00:00,0.6677867049,stoploss,-1.006818217,3,5.539119802,-1.385461772,1,1,0.67436,12,0.2100010954,0.578778135,0.66293,0.003666647541,0,2022
1057,USD_CHF,2022-12-22 16:00:00,2022-12-22 20:00:00,0.931245,0.9244299191,2022-12-29 08:00:00,0.9243849191,stoploss,-1.006603003,28,1.394700973,-3.71602337,0.9,0.9,0.92896,8,0.6544309666,0.8924205379,0.9231,0.003407540465,6,2022
1058,EUR_CHF,2022-12-22 20:00:00,2022-12-23 00:00:00,0.98649,0.9822613233,2023-02-17 00:00:00,0.98792,time_exit,0.3381672591,240,5.49107955,-0.9648408512,1,1,0.98587,9,0.2081029287,0.582781457,0.98259,0.002114338336,92,2022
1059,CAD_CHF,2022-12-23 00:00:00,2022-12-23 04:00:00,0.683455,0.6792560238,2022-12-30 00:00:00,0.6791810238,stoploss,-1.017861497,30,3.31628459,-1.499174973,1.5,1.5,0.68263,10,0.3572299379,0.9857142857,0.67746,0.00209948809,15,2022
1060,GBP_CHF,2022-12-23 00:00:00,2022-12-23 04:00:00,1.122425,1.114391524,2022-12-29 00:00:00,1.114296524,stoploss,-1.011825516,24,2.633355661,-1.811793507,1.9,1.9,1.12169,4,0.1568436839,0.9641434263,1.11789,0.004016738094,11,2022
1061,USD_JPY,2022-12-23 00:00:00,2022-12-23 04:00:00,132.658,131.205558,2022-12-30 16:00:00,131.202558,stoploss,-1.002065487,34,1.480265682,-3.746104919,0.6,0.6,132.53,8,0.1721239165,0.7582089552,130.564,0.7262209838,22,2022
1062,CAD_JPY,2022-12-23 08:00:00,2022-12-23 12:00:00,97.442,96.44604559,2023-01-02 00:00:00,96.42104559,stoploss,-1.025101551,34,2.851536152,-2.818402106,1.2,5,97.343,10,0.1867555367,0.7288732394,95.835,0.4979772039,16,2022
1063,EUR_JPY,2022-12-23 12:00:00,2022-12-23 16:00:00,140.878,139.6148799,2023-01-02 00:00:00,139.5973799,stoploss,-1.013854581,33,2.211982874,-2.764582747,1.4,3.5,140.771,11,0.1583380726,0.5796703297,138.797,0.6315600435,15,2022
1064,AUD_CHF,2022-12-23 16:00:00,2022-12-23 20:00:00,0.62645,0.6213313088,2022-12-29 08:00:00,0.6212613088,stoploss,-1.013675371,22,5.960507973,-1.232736982,1.4,1.4,0.6254,8,0.3829103778,0.878914405,0.61602,0.002559345624,16,2022
1065,NZD_CHF,2022-12-23 16:00:00,2022-12-23 20:00:00,0.586785,0.5816880753,2022-12-28 00:00:00,0.5816030753,stoploss,-1.016676723,11,2.967475656,-2.32198839,1.7,1.7,0.58519,8,0.6042859518,0.7994923858,0.58019,0.002548462355,4,2022
1066,AUD_JPY,2022-12-26 08:00:00,2022-12-26 12:00:00,89.3405,88.35164692,2023-01-03 00:00:00,88.34714692,stoploss,-1.004550727,34,3.738169063,-1.953272973,0.9,0.9,89.268,12,0.139555615,0.9470468432,87.021,0.4944265412,13,2022
1067,GBP_JPY,2022-12-27 00:00:00,2022-12-27 04:00:00,160.753,159.3714145,2022-12-30 08:00:00,159.3594145,stoploss,-1.008685673,20,1.149404045,-3.907828992,2.4,2.4,160.526,8,0.3068937753,0.8611449452,158.585,0.6907927664,9,2022
1068,CHF_JPY,2022-12-27 08:00:00,2022-12-27 12:00:00,143.444,142.3190019,2022-12-30 16:00:00,142.3080019,stoploss,-1.009777794,20,2.194670357,-5.356453452,2.2,2.2,142.867,11,1.002668353,0.9927797834,141.01,0.562499054,8,2022
1069,NZD_JPY,2022-12-27 08:00:00,2022-12-27 12:00:00,84.044,83.07319795,2022-12-30 20:00:00,83.06619795,stoploss,-1.007210533,21,0.9672414688,-3.107739629,1.4,1.4,83.65,9,0.7972789104,0.8072289157,82.526,0.4854010246,7,2022
1070,AUD_USD,2022-12-28 12:00:00,2022-12-28 16:00:00,0.67877,0.6729575479,2022-12-29 08:00:00,0.6729075479,stoploss,-1.008602221,5,6.369084747,-1.715282953,1,1,0.6776,7,0.3888204087,0.6608910891,0.66501,0.002906226049,0,2022
1071,NZD_CAD,2022-12-29 00:00:00,2022-12-29 04:00:00,0.860855,0.8529548538,2023-01-03 08:00:00,0.8528398538,stoploss,-1.014556693,20,1.593008497,-3.015766979,2.3,2.3,0.85613,12,1.16959861,0.9788867562,0.84593,0.003950073093,9,2022
1072,CAD_CHF,2023-01-03 08:00:00,2023-01-03 12:00:00,0.688345,0.6822371699,2023-01-04 08:00:00,0.6821621699,stoploss,-1.01227932,6,1.479248734,-1.831255904,1.5,1.5,0.68392,10,1.41457765,0.9432624113,0.67865,0.003053915069,0,2023
1073,USD_CHF,2023-01-03 08:00:00,2023-01-03 12:00:00,0.937065,0.9290381987,2023-01-04 08:00:00,0.9289931987,stoploss,-1.005606218,6,0.7294312838,-3.880125932,0.9,0.9,0.92723,8,2.436836193,0.914817466,0.92005,0.004013400666,0,2023
1074,GBP_CHF,2023-01-03 12:00:00,2023-01-03 16:00:00,1.122225,1.114289299,2023-01-05 08:00:00,1.114194299,stoploss,-1.011971216,11,2.691003456,-1.849237917,1.9,1.9,1.11865,10,0.8720086123,0.8754045307,1.10967,0.00396785072,0,2023
1075,GBP_NZD,2023-01-03 12:00:00,2023-01-03 16:00:00,1.91822,1.899686256,2023-01-04 08:00:00,1.899446256,stoploss,-1.012949353,5,2.668106358,-1.873339792,4.8,4.8,1.91298,8,0.5406355046,0.6125954198,1.89366,0.009266871963,0,2023
1076,AUD_CHF,2023-01-04 00:00:00,2023-01-04 04:00:00,0.63141,0.6255676187,2023-03-01 04:00:00,0.63374,time_exit,0.3988099848,240,4.373216786,-0.4142146623,1.4,1.4,0.63055,13,0.2704376721,0.8827586207,0.62014,0.002921190653,91,2023
1077,AUD_JPY,2023-01-04 08:00:00,2023-01-04 12:00:00,89.6155,88.55927782,2023-01-19 04:00:00,88.55477782,stoploss,-1.004260467,65,3.239375272,-1.416842056,0.9,0.9,89.32,8,0.551020432,0.854767184,87.409,0.5281110883,58,2023
1078,AUD_USD,2023-01-04 08:00:00,2023-01-04 12:00:00,0.68716,0.6787143239,2023-01-05 12:00:00,0.6786643239,stoploss,-1.005920189,7,3.389900306,-2.088642732,1,1,0.68347,7,0.86197954,0.8553191489,0.6688,0.00422283805,1,2023
1079,GBP_JPY,2023-01-04 12:00:00,2023-01-04 16:00:00,157.602,156.1003751,2023-01-13 12:00:00,156.0883751,stoploss,-1.007991343,42,5.599933857,-1.302588967,2.4,2.4,157.326,5,0.3529509982,0.6912225705,155.354,0.7508124395,16,2023
1080,CAD_JPY,2023-01-04 16:00:00,2023-01-04 20:00:00,98.276,97.10588382,2023-01-12 12:00:00,97.09988382,stoploss,-1.005127696,35,2.222856203,-3.111656837,1.2,1.2,96.868,10,2.39634325,0.9159756772,95.397,0.5850580881,16,2023
1081,CHF_JPY,2023-01-04 16:00:00,2023-01-04 20:00:00,142.685,141.2253112,2023-01-12 00:00:00,141.2143112,stoploss,-1.007535853,32,2.469019377,-3.60830329,2.2,2.2,141.626,10,1.435922479,0.8700537372,138.955,0.7298444139,17,2023
1082,EUR_JPY,2023-01-04 16:00:00,2023-01-04 20:00:00,140.598,139.1761637,2023-01-13 08:00:00,139.1691637,stoploss,-1.004923211,40,3.42796134,-1.885589732,1.4,1.4,140.007,10,0.8341325707,0.9254449254,137.386,0.7109181692,29,2023
1083,NZD_JPY,2023-01-04 16:00:00,2023-01-04 20:00:00,83.549,82.47272582,2023-01-13 00:00:00,82.46572582,stoploss,-1.006503919,38,1.539570522,-2.343269075,1.4,1.4,83.03,10,0.9681547883,0.8500551268,81.032,0.5381370896,15,2023
1084,USD_JPY,2023-01-04 16:00:00,2023-01-04 20:00:00,132.553,131.0256255,2023-01-12 08:00:00,131.0226255,stoploss,-1.001964155,34,2.857190514,-3.493576669,0.6,0.6,131.47,4,1.414191455,0.9190665343,129.504,0.7636872618,10,2023
1085,NZD_CAD,2023-01-06 16:00:00,2023-01-06 20:00:00,0.852135,0.8429759861,2023-02-10 16:00:00,0.8428609861,stoploss,-1.012555937,150,2.32612377,-2.004036696,2.3,2.3,0.85141,7,0.1332021122,0.9066820276,0.84289,0.004579506962,47,2023
1086,NZD_CHF,2023-01-06 16:00:00,2023-01-06 20:00:00,0.588385,0.5823461335,2023-02-06 16:00:00,0.5822611335,stoploss,-1.014075489,126,2.239658723,-2.304240379,1.7,1.7,0.58621,8,0.6921828806,0.7959183673,0.58132,0.003019433243,72,2023
1087,AUD_CAD,2023-01-09 00:00:00,2023-01-09 04:00:00,0.926155,0.9176555432,2023-02-24 12:00:00,0.9175605432,stoploss,-1.011177185,207,3.373745025,-1.879531884,1.9,1.9,0.9232,9,0.6729841864,0.7036082474,0.9121,0.004249728386,78,2023
1088,GBP_USD,2023-01-09 00:00:00,2023-01-09 04:00:00,1.211425,1.198601081,2023-02-07 12:00:00,1.198556081,stoploss,-1.003509068,129,2.600998956,-1.553737196,0.9,0.9,1.20875,15,0.410171024,0.7323420074,1.18732,0.006411959515,60,2023
1089,GBP_CHF,2023-01-09 04:00:00,2023-01-09 08:00:00,1.124305,1.117172677,2023-02-02 12:00:00,1.117077677,stoploss,-1.013319644,110,2.702485761,-2.349164665,1.9,1.9,1.12231,14,0.5327857791,0.7598566308,1.11076,0.00356616125,97,2023
1090,AUD_USD,2023-01-09 16:00:00,2023-01-09 20:00:00,0.69376,0.6851148165,2023-02-16 16:00:00,0.6850648165,stoploss,-1.005783567,168,2.548239728,-2.8038734,1,1,0.68865,18,1.168280583,0.6042944785,0.6688,0.00432259174,103,2023
1091,EUR_CAD,2023-01-09 16:00:00,2023-01-09 20:00:00,1.437275,1.427344771,2023-02-10 16:00:00,1.427159771,stoploss,-1.018629984,144,2.71947414,-1.351932617,3.7,3.7,1.43413,7,0.5921313809,0.6037296037,1.42344,0.004965114322,71,2023
1092,GBP_AUD,2023-01-10 08:00:00,2023-01-10 12:00:00,1.76583,1.753353184,2023-01-12 12:00:00,1.753153184,stoploss,-1.01602973,13,2.97992687,-3.491275268,4,4,1.76452,11,0.1779300068,0.9808027923,1.75016,0.006238408126,0,2023
1093,CAD_CHF,2023-01-11 12:00:00,2023-01-11 16:00:00,0.692725,0.6876179924,2023-01-17 12:00:00,0.6875429924,stoploss,-1.014685704,24,0.9114926748,-3.047773036,1.5,1.5,0.69108,12,0.6109252729,0.9493243243,0.68527,0.00255350379,5,2023
1094,USD_CHF,2023-01-11 12:00:00,2023-01-11 16:00:00,0.929105,0.9214454124,2023-01-17 12:00:00,0.9214004124,stoploss,-1.00587499,24,1.948538326,-3.026925366,0.9,0.9,0.92522,6,1.007887161,0.9262187088,0.9167,0.0038297938,5,2023
1095,GBP_CAD,2023-01-12 08:00:00,2023-01-12 12:00:00,1.63488,1.62433387,2023-01-12 12:00:00,1.62407387,stoploss,-1.024653594,1,3.257119012,-2.57630054,5.2,5.2,1.63408,6,0.100510805,0.888185654,1.61011,0.00527306492,0,2023
1096,NZD_USD,2023-01-12 12:00:00,2023-01-12 16:00:00,0.641395,0.633708439,2023-01-12 16:00:00,0.633653439,stoploss,-1.007155346,1,1.616457616,-4.288653949,1.1,1.1,0.63896,11,0.6140587483,0.9596050269,0.61916,0.003843280478,0,2023
1097,GBP_JPY,2023-01-17 08:00:00,2023-01-17 12:00:00,157.243,155.9357065,2023-03-14 12:00:00,163.131,time_exit,4.503961758,240,6.706986531,-0.3916488485,2.4,2.4,157.079,6,0.2325415038,0.7269503546,155.646,0.6536467577,181,2023
1098,USD_CAD,2023-01-17 08:00:00,2023-01-17 12:00:00,1.342775,1.335459758,2023-01-18 08:00:00,1.335394758,stoploss,-1.008885557,6,5.9348684,-2.260348935,1.3,1.3,1.34181,6,0.2433275539,0.959752322,1.33215,0.003657621119,0,2023
1099,EUR_AUD,2023-01-17 12:00:00,2023-01-17 16:00:00,1.56085,1.550884686,2023-01-17 16:00:00,1.550764686,stoploss,-1.012041768,1,5.994793428,-3.535262344,2.4,2.4,1.55713,4,0.722506071,0.7604976672,1.54855,0.004982657094,0,2023
1100,GBP_AUD,2023-01-17 12:00:00,2023-01-17 16:00:00,1.76378,1.751696744,2023-01-24 12:00:00,1.751496744,stoploss,-1.01655183,30,5.656587864,-3.435332293,4,4,1.75894,11,0.7696600898,0.8522601985,1.74864,0.006041628067,12,2023
1101,GBP_CAD,2023-01-17 20:00:00,2023-01-18 00:00:00,1.64527,1.634664318,2023-02-02 12:00:00,1.634404318,stoploss,-1.024515161,70,2.733440479,-3.541497909,5.2,5.2,1.64112,10,0.5864780882,0.6024691358,1.62333,0.005302840912,12,2023
1102,NZD_USD,2023-01-18 00:00:00,2023-01-18 04:00:00,0.645065,0.6380057431,2023-01-19 12:00:00,0.6379507431,stoploss,-1.007791188,9,1.240215528,-5.189639734,1.1,1.1,0.64268,11,0.6629593,0.9972222222,0.63063,0.00352962844,3,2023
1103,CAD_JPY,2023-01-18 04:00:00,2023-01-18 08:00:00,97.791,96.59530343,2023-01-18 12:00:00,96.58930343,stoploss,-1.005017996,2,2.580922355,-2.639465635,1.2,1.2,96.227,6,2.599321671,0.792574657,95.083,0.5978482837,0,2023
1104,CHF_JPY,2023-01-18 04:00:00,2023-01-18 08:00:00,141.767,140.0932265,2023-01-19 00:00:00,140.0822265,stoploss,-1.006571976,5,3.493304226,-1.368763466,2.2,2.2,140.015,4,2.080329283,0.7862804878,137.418,0.836886744,0,2023
1105,USD_JPY,2023-01-18 04:00:00,2023-01-18 08:00:00,130.821,129.0782051,2023-01-18 12:00:00,129.0752051,stoploss,-1.001721373,2,4.068751826,-1.866542052,0.6,0.6,129.161,6,1.898100556,0.7618453865,127.217,0.8713974584,0,2023
1106,GBP_NZD,2023-01-19 00:00:00,2023-01-19 04:00:00,1.92019,1.90600861,2023-01-23 12:00:00,1.90576861,stoploss,-1.016923587,15,3.415744057,-2.587193424,4.8,4.8,1.91718,9,0.4019352007,0.8374100719,1.89998,0.007090695204,4,2023
1107,CAD_CHF,2023-01-20 08:00:00,2023-01-20 12:00:00,0.683455,0.6785678521,2023-03-09 20:00:00,0.6784928521,stoploss,-1.015346374,207,2.06152957,-4.893447112,1.5,1.5,0.68157,4,0.7407183168,0.7843137255,0.67716,0.002443573973,31,2023
1108,USD_CHF,2023-01-20 08:00:00,2023-01-20 12:00:00,0.920465,0.9131355547,2023-02-01 20:00:00,0.9130905547,stoploss,-1.006139619,51,3.215113699,-1.984461225,0.9,0.9,0.91898,5,0.3902068823,0.8495934959,0.90852,0.003664722651,41,2023
1109,CHF_JPY,2023-01-23 20:00:00,2023-01-24 00:00:00,141.762,140.4985791,2023-01-30 00:00:00,140.4875791,stoploss,-1.008706521,25,4.631868965,-1.202291346,2.2,2.2,141.564,8,0.2152885097,0.7425149701,138.753,0.6317104439,16,2023
1110,NZD_USD,2023-01-24 04:00:00,2023-01-24 08:00:00,0.650815,0.6440048867,2023-01-31 04:00:00,0.6439498867,stoploss,-1.008076224,30,0.4412555044,-6.223831799,1.1,1.1,0.64995,7,0.2408183119,0.781420765,0.63655,0.003405056673,3,2023
1111,AUD_JPY,2023-01-25 00:00:00,2023-01-25 04:00:00,92.2705,91.3063457,2023-01-31 08:00:00,91.3018457,stoploss,-1.004667303,26,0.7949972323,-5.327466776,0.9,0.9,91.929,8,0.6969838749,0.8687635575,88.119,0.48207715,9,2023
1112,EUR_JPY,2023-01-25 04:00:00,2023-01-25 08:00:00,142.155,141.0096644,2023-01-25 12:00:00,141.0026644,stoploss,-1.006111746,2,2.979912552,-2.906571604,1.4,1.4,142.083,8,0.1135038476,0.7074148297,137.917,0.5726678116,0,2023
1113,CAD_JPY,2023-01-30 00:00:00,2023-01-30 04:00:00,97.859,96.98861572,2023-01-31 04:00:00,96.98261572,stoploss,-1.006893507,7,3.467433951,-4.350951747,1.2,1.2,97.798,7,0.1171896166,0.9742813918,96.288,0.4351921396,0,2023
1114,NZD_JPY,2023-01-30 00:00:00,2023-01-30 04:00:00,84.7,83.94814394,2023-01-30 04:00:00,83.94114394,stoploss,-1.009310293,1,0.6730011551,-5.672628313,1.4,1.4,84.614,8,0.215466773,0.9948253558,83.572,0.3759280324,0,2023
1115,EUR_AUD,2023-01-30 04:00:00,2023-01-30 08:00:00,1.53374,1.524039079,2023-03-27 08:00:00,1.61903,time_exit,8.7919486,240,9.469203874,-0.2824474049,2.4,2.4,1.53274,5,0.1834877302,0.7905918058,1.52562,0.004850460568,225,2023
1116,GBP_AUD,2023-01-30 04:00:00,2023-01-30 08:00:00,1.74936,1.738153971,2023-02-01 20:00:00,1.737953971,stoploss,-1.017847536,16,8.490072916,-2.417448763,4,4,1.74591,8,0.5800449228,0.9028290283,1.7316,0.005603014305,7,2023
1117,USD_JPY,2023-01-30 16:00:00,2023-01-30 20:00:00,130.42,129.2346553,2023-02-01 16:00:00,129.2316553,stoploss,-1.002530909,12,6.320524172,-1.975796531,0.6,0.6,130.293,4,0.207534563,0.8602150538,129.023,0.5926723636,0,2023
1118,GBP_NZD,2023-01-31 04:00:00,2023-01-31 08:00:00,1.91351,1.902787798,2023-01-31 16:00:00,1.902547798,stoploss,-1.022383462,3,6.730893408,-2.798865334,4.8,4.8,1.91234,5,0.1827982691,0.5187861272,1.8908,0.005361101092,1,2023
1119,CHF_JPY,2023-01-31 16:00:00,2023-01-31 20:00:00,141.906,140.7210671,2023-02-02 16:00:00,140.7100671,stoploss,-1.009283226,12,4.817150422,-1.403455002,2.2,2.2,141.552,7,0.5839993154,0.9527896996,140.297,0.5924664479,3,2023
1120,EUR_USD,2023-02-01 20:00:00,2023-02-02 00:00:00,1.098895,1.091945274,2023-02-02 16:00:00,1.091910274,stoploss,-1.00503617,5,0.635276822,-6.80242622,0.7,0.7,1.09137,14,2.046123762,0.8557435441,1.0802,0.00347486312,0,2023
1121,NZD_USD,2023-02-02 00:00:00,2023-02-02 04:00:00,0.652315,0.6457688131,2023-02-03 08:00:00,0.6457138131,stoploss,-1.008401838,8,0.2299048309,-6.70390266,1.1,1.1,0.65084,15,0.436895559,0.8089552239,0.6413,0.003273093467,0,2023
1122,GBP_AUD,2023-02-03 12:00:00,2023-02-03 16:00:00,1.73816,1.725805541,2023-03-31 16:00:00,1.84939,time_exit,9.00322729,240,9.35127977,-0.8757971705,4,4,1.737,6,0.1570283282,0.702970297,1.72227,0.006177229365,238,2023
1123,USD_CAD,2023-02-03 12:00:00,2023-02-03 16:00:00,1.341085,1.33294419,2023-02-13 12:00:00,1.33287919,stoploss,-1.007984463,36,5.540603365,-1.683493385,1.3,1.3,1.33474,5,1.542843992,0.8537200504,1.32624,0.004070405065,6,2023
1124,USD_CHF,2023-02-03 12:00:00,2023-02-03 16:00:00,0.923005,0.9154389189,2023-02-14 12:00:00,0.9153939189,stoploss,-1.005947597,42,2.7788494,-2.096858299,0.9,0.9,0.91836,10,1.215953126,0.9601482854,0.90592,0.003783040564,6,2023
1125,CAD_JPY,2023-02-03 16:00:00,2023-02-03 20:00:00,97.85,96.86838015,2023-02-10 08:00:00,96.86238015,stoploss,-1.006112346,28,3.08367847,-3.848740423,1.2,1.2,97.229,8,1.257105792,0.8165438165,96.713,0.4908099255,5,2023
1126,USD_JPY,2023-02-03 16:00:00,2023-02-03 20:00:00,131.052,129.7020158,2023-03-24 08:00:00,129.6990158,stoploss,-1.002222248,208,5.081541038,-1.045938184,0.6,0.6,130.411,14,0.9466777619,0.8911260254,128.078,0.6749920889,134,2023
1127,CHF_JPY,2023-02-06 00:00:00,2023-02-06 04:00:00,142.746,141.475438,2023-02-10 08:00:00,141.464438,stoploss,-1.008657586,26,3.831375284,-1.969994317,2.2,2.2,142.087,10,1.018446922,0.9473684211,140.297,0.6352810203,3,2023
1128,EUR_JPY,2023-02-06 12:00:00,2023-02-06 16:00:00,142.606,141.3375701,2023-02-07 08:00:00,141.3305701,stoploss,-1.005518634,5,2.417950007,-2.980062285,1.4,1.4,141.93,13,1.054847444,0.9029850746,139.933,0.6342149323,0,2023
1129,AUD_JPY,2023-02-07 04:00:00,2023-02-07 08:00:00,91.7695,90.91618682,2023-02-07 16:00:00,90.91168682,stoploss,-1.005273562,3,1.485386648,-6.692150259,0.9,0.9,91.612,6,0.3609460257,0.7120253165,90.431,0.4266565886,0,2023
1130,GBP_USD,2023-02-08 08:00:00,2023-02-08 12:00:00,1.210595,1.19957517,2023-02-15 16:00:00,1.19953017,stoploss,-1.004083547,32,3.80450506,-2.756394543,0.9,0.9,1.20952,4,0.1869357286,0.9410939691,1.19611,0.005509915132,24,2023
1131,GBP_CAD,2023-02-08 12:00:00,2023-02-08 16:00:00,1.62052,1.610121575,2023-02-10 16:00:00,1.609861575,stoploss,-1.025003787,13,6.36057877,-1.231917358,5.2,5.2,1.61901,5,0.2365742935,0.7879417879,1.60784,0.005199212398,6,2023
1132,GBP_NZD,2023-02-08 12:00:00,2023-02-08 16:00:00,1.91123,1.898323086,2023-04-05 16:00:00,1.97515,time_exit,4.952384497,240,5.933254143,-0.9072656831,4.8,4.8,1.90925,5,0.2680733786,0.7452229299,1.8835,0.006453456919,234,2023
1133,NZD_JPY,2023-02-09 00:00:00,2023-02-09 04:00:00,83.156,82.50066553,2023-02-10 08:00:00,82.49366553,stoploss,-1.010681569,8,3.128173637,-4.152078276,1.4,1.4,83.041,4,0.3296026857,0.7995689655,82.616,0.327667233,0,2023
1134,GBP_CHF,2023-02-09 08:00:00,2023-02-09 12:00:00,1.115075,1.109230102,2023-02-15 16:00:00,1.109135102,stoploss,-1.016253492,26,4.522748136,-2.739996648,1.9,1.9,1.1135,5,0.4995810311,0.9443037975,1.10787,0.00292244883,21,2023
1135,NZD_USD,2023-02-09 08:00:00,2023-02-09 12:00:00,0.636545,0.6299405659,2023-02-10 16:00:00,0.6298855659,stoploss,-1.008327738,8,0.3656634242,-4.256988476,1.1,1.1,0.63593,10,0.1665547688,0.8196721311,0.62703,0.003302217067,0,2023
1136,EUR_USD,2023-02-09 12:00:00,2023-02-09 16:00:00,1.079015,1.072050926,2023-02-10 04:00:00,1.072015926,stoploss,-1.005025794,4,2.629926278,-3.933760872,0.7,0.7,1.07666,11,0.6662767092,0.9873015873,1.06692,0.003482036769,0,2023
1137,CAD_JPY,2023-02-10 16:00:00,2023-02-10 20:00:00,98.421,97.48475097,2023-03-10 16:00:00,97.47875097,stoploss,-1.006408551,120,2.623233694,-4.645131651,1.2,1.2,97.992,4,0.9036057431,0.8862793572,97.316,0.4681245148,70,2023
1138,AUD_JPY,2023-02-13 08:00:00,2023-02-13 12:00:00,91.8195,91.00925295,2023-03-07 08:00:00,91.00475295,stoploss,-1.005553862,96,1.502628121,-7.109559993,0.9,0.9,91.473,8,0.8417185861,0.8955752212,90.23,0.4051235242,8,2023
1139,CHF_JPY,2023-02-13 08:00:00,2023-02-13 12:00:00,143.717,142.5620145,2023-03-16 00:00:00,142.5510145,stoploss,-1.009523929,136,3.374068381,-3.007830012,2.2,2.2,142.879,8,1.430321007,0.9978331528,141.072,0.5774927417,114,2023
1140,EUR_JPY,2023-02-13 08:00:00,2023-02-13 12:00:00,141.674,140.5130031,2023-03-15 12:00:00,140.5060031,stoploss,-1.006029301,133,3.444453526,-2.453064177,1.4,1.4,141.509,8,0.2704572161,0.9087301587,139.552,0.5804984694,77,2023
1141,EUR_GBP,2023-02-15 08:00:00,2023-02-15 12:00:00,0.88673,0.8823836539,2023-02-21 08:00:00,0.8823436539,stoploss,-1.009203133,24,1.412680859,-3.423565339,0.8,0.8,0.88481,6,0.8696960338,0.8795811518,0.8801,0.00217317307,11,2023
1142,EUR_NZD,2023-02-15 08:00:00,2023-02-15 12:00:00,1.70588,1.694748954,2023-04-12 12:00:00,1.76471,time_exit,5.285217517,240,5.447825774,-0.7968702937,3.8,3.8,1.70172,4,0.7133201953,0.8095952024,1.683,0.005565523066,239,2023
1143,USD_CAD,2023-02-15 08:00:00,2023-02-15 12:00:00,1.339625,1.331985947,2023-04-12 12:00:00,1.346755,time_exit,0.9333617563,240,6.095650797,-0.5085708868,1.3,1.3,1.33904,4,0.1335244027,0.8404761905,1.32738,0.003819526541,101,2023
1144,USD_CHF,2023-02-17 00:00:00,2023-02-17 04:00:00,0.928315,0.9222333714,2023-02-20 08:00:00,0.9221883714,stoploss,-1.007399334,8,2.584011794,-6.961128814,0.9,0.9,0.92629,8,0.6544299676,0.9707112971,0.91377,0.003040814294,2,2023
1145,EUR_CAD,2023-02-17 16:00:00,2023-02-17 20:00:00,1.440215,1.433044371,2023-02-21 12:00:00,1.432859371,stoploss,-1.025799689,11,7.477028684,-1.043841457,3.7,3.7,1.43718,6,0.7921201702,0.814516129,1.42385,0.003585314586,0,2023
1146,GBP_CAD,2023-02-17 16:00:00,2023-02-17 20:00:00,1.62117,1.612043456,2023-04-14 20:00:00,1.66039,time_exit,4.297355097,240,7.17577219,-0.4843016198,5.2,5.2,1.61653,6,0.9620290094,0.8463810931,1.60771,0.004563271957,141,2023
1147,AUD_NZD,2023-02-20 00:00:00,2023-02-20 04:00:00,1.103665,1.0990032,2023-02-22 00:00:00,1.0988982,stoploss,-1.022523491,12,1.082200124,-9.623966019,2.1,2.1,1.1019,12,0.7078811515,0.9978813559,1.09285,0.002330899751,1,2023
1148,NZD_JPY,2023-02-21 00:00:00,2023-02-21 04:00:00,83.973,83.40753216,2023-03-09 08:00:00,83.40053216,stoploss,-1.01237913,74,2.180495374,-6.256766127,1.4,1.4,83.92,6,0.1591602463,0.5394736842,83.461,0.2827339178,40,2023
1149,GBP_CHF,2023-02-21 08:00:00,2023-02-21 12:00:00,1.117835,1.111512536,2023-03-09 20:00:00,1.111417536,stoploss,-1.015025789,75,3.744584682,-2.969570323,1.9,1.9,1.11539,10,0.7433811195,0.8506944444,1.10755,0.003161231754,31,2023
1150,GBP_USD,2023-02-21 08:00:00,2023-02-21 12:00:00,1.209215,1.200476553,2023-02-23 16:00:00,1.200431553,stoploss,-1.005149656,14,5.197147766,-3.318095331,0.9,0.9,1.20568,6,0.7941914674,0.8240813135,1.1915,0.004369223471,1,2023
1151,NZD_CAD,2023-02-22 12:00:00,2023-02-22 16:00:00,0.844345,0.8388867598,2023-02-24 12:00:00,0.8387717598,stoploss,-1.021069062,12,3.126465541,-3.318835234,2.3,2.3,0.84311,8,0.4140528639,0.6905660377,0.83703,0.002729120116,0,2023
1152,NZD_CHF,2023-02-22 12:00:00,2023-02-22 16:00:00,0.578595,0.5743150087,2023-03-07 20:00:00,0.5742300087,stoploss,-1.019859853,56,2.335285108,-5.970806497,1.7,1.7,0.57829,8,0.1028039467,0.7193675889,0.57447,0.002139995662,30,2023
1153,EUR_CHF,2023-02-23 12:00:00,2023-02-23 16:00:00,0.99019,0.986314672,2023-03-09 20:00:00,0.986264672,stoploss,-1.012902134,62,3.612597461,-5.0627973,1,1,0.98962,5,0.2683643829,0.8470254958,0.98482,0.001937663987,28,2023
1154,USD_CHF,2023-02-24 12:00:00,2023-02-24 16:00:00,0.937125,0.9319459494,2023-03-06 08:00:00,0.9319009494,stoploss,-1.008688851,35,1.333255951,-9.875362144,0.9,0.9,0.93487,5,0.8572999887,0.7538071066,0.92205,0.002589525288,24,2023
1155,EUR_GBP,2023-02-24 16:00:00,2023-02-24 20:00:00,0.88295,0.8789087834,2023-02-28 00:00:00,0.8788687834,stoploss,-1.009898009,8,2.37057325,-2.746697607,0.8,0.8,0.88238,6,0.2622972489,0.5612903226,0.87838,0.002020608307,3,2023
1156,GBP_USD,2023-02-27 16:00:00,2023-02-27 20:00:00,1.205985,1.197124202,2023-03-01 16:00:00,1.197079202,stoploss,-1.005078549,12,5.489911707,-2.90775157,0.9,0.9,1.20421,8,0.3837126078,0.9721627409,1.19282,0.004430399121,5,2023
1157,AUD_NZD,2023-02-28 00:00:00,2023-02-28 04:00:00,1.094485,1.089881006,2023-02-28 16:00:00,1.089776006,stoploss,-1.022806287,4,0,-7.750879486,2.1,2.1,1.09404,9,0.143353803,0.8977035491,1.08994,0.002301996829,0,2023
1158,EUR_CAD,2023-02-28 08:00:00,2023-02-28 12:00:00,1.441505,1.435286775,2023-04-25 12:00:00,1.497545,time_exit,9.012217815,240,9.26228917,-0.5218530837,3.7,3.7,1.44091,10,0.1318704249,0.619047619,1.43273,0.003109112604,240,2023
1159,EUR_USD,2023-02-28 12:00:00,2023-02-28 16:00:00,1.063155,1.057647524,2023-02-28 20:00:00,1.057612524,stoploss,-1.006354998,2,8.066308695,-2.094425904,0.7,0.7,1.06199,5,0.4103513258,0.9734848485,1.05331,0.002753737904,0,2023
1160,NZD_CAD,2023-02-28 12:00:00,2023-02-28 16:00:00,0.838725,0.8335768176,2023-04-11 20:00:00,0.8334618176,stoploss,-1.022337981,182,4.406409564,-2.427070201,2.3,2.3,0.83773,4,0.3302136327,0.9441624365,0.83378,0.002574091181,79,2023
1161,AUD_CAD,2023-02-28 16:00:00,2023-02-28 20:00:00,0.919465,0.9136985671,2023-03-07 04:00:00,0.9136035671,stoploss,-1.016474656,27,0.6442457705,-4.358847225,1.9,1.9,0.91621,4,1.099466537,0.9803921569,0.91018,0.002883216445,4,2023
1162,NZD_USD,2023-02-28 16:00:00,2023-02-28 20:00:00,0.620215,0.6145725184,2023-03-07 16:00:00,0.6145175184,stoploss,-1.009747484,30,3.144892819,-2.088619999,1.1,1.1,0.618,6,0.7691651076,0.8724696356,0.61312,0.002821240821,4,2023
1163,AUD_USD,2023-03-01 08:00:00,2023-03-01 12:00:00,0.67634,0.6704030501,2023-03-07 04:00:00,0.6703530501,stoploss,-1.008421833,23,0.7108026983,-3.358626968,1,1,0.67504,8,0.4210916459,0.5099337748,0.66982,0.002968474944,0,2023
1164,EUR_GBP,2023-03-02 00:00:00,2023-03-02 04:00:00,0.88695,0.8820110982,2023-03-06 00:00:00,0.8819710982,stoploss,-1.008098967,12,1.129805831,-3.057359865,0.8,0.8,0.88118,10,2.316304428,0.8025210084,0.8755,0.002469450877,1,2023
1165,AUD_NZD,2023-03-03 12:00:00,2023-03-03 16:00:00,1.085795,1.08166935,2023-03-07 04:00:00,1.08156435,stoploss,-1.025450536,10,1.758510822,-6.54321153,2.1,2.1,1.08342,7,1.105280407,0.8430493274,1.07951,0.00206282495,4,2023
1166,EUR_GBP,2023-03-07 12:00:00,2023-03-07 16:00:00,0.88948,0.8851852746,2023-03-10 08:00:00,0.8851452746,stoploss,-1.00931375,17,0.7101734679,-4.105035488,0.8,0.8,0.8892,19,0.1117650048,0.849122807,0.8755,0.002147362678,1,2023
1167,NZD_USD,2023-03-09 12:00:00,2023-03-09 16:00:00,0.614425,0.6092529319,2023-03-09 20:00:00,0.6091979319,stoploss,-1.010634044,2,4.550404163,-1.027635357,1.1,1.1,0.61379,5,0.2281485835,0.9765258216,0.60843,0.002586034026,0,2023
1168,EUR_USD,2023-03-09 16:00:00,2023-03-09 20:00:00,1.057755,1.052514378,2023-03-15 12:00:00,1.052479378,stoploss,-1.006678597,23,9.885277811,-1.170662665,0.7,0.7,1.05739,6,0.1259392598,0.592920354,1.05244,0.002620310779,20,2023
1169,AUD_CAD,2023-03-13 04:00:00,2023-03-13 08:00:00,0.914975,0.9083046397,2023-03-27 16:00:00,0.9082096397,stoploss,-1.014242109,63,1.230068489,-3.217967107,1.9,1.9,0.91413,9,0.2278737481,0.8878718535,0.90439,0.003335180145,45,2023
1170,AUD_USD,2023-03-13 04:00:00,2023-03-13 08:00:00,0.66631,0.6590761228,2023-03-15 16:00:00,0.6590261228,stoploss,-1.006911923,15,1.969897969,-1.237234163,1,1,0.66363,9,0.7271342678,0.8457943925,0.6564,0.003616938599,2,2023
1171,AUD_JPY,2023-03-14 12:00:00,2023-03-14 16:00:00,90.0345,88.73249806,2023-03-15 12:00:00,88.72799806,stoploss,-1.003456216,6,1.845235349,-3.053374873,0.9,0.9,89.827,7,0.311827493,0.9319526627,87.795,0.6510009687,4,2023
1172,NZD_JPY,2023-03-14 12:00:00,2023-03-14 16:00:00,83.947,82.89694203,2023-03-15 12:00:00,82.88994203,stoploss,-1.006666299,6,1.823708843,-3.344577261,1.4,1.4,83.329,7,1.159935964,0.8412073491,82.014,0.5250289836,3,2023
1173,USD_CHF,2023-03-15 08:00:00,2023-03-15 12:00:00,0.918495,0.9107519695,2023-04-04 00:00:00,0.9107069695,stoploss,-1.005811678,82,2.03602452,-4.710687876,0.9,0.9,0.91647,4,0.5114276625,0.9736263736,0.90714,0.00387151526,3,2023
1174,AUD_CHF,2023-03-15 16:00:00,2023-03-15 20:00:00,0.6149,0.6078822336,2023-04-05 08:00:00,0.6078122336,stoploss,-1.009974684,88,1.427804718,-4.244940376,1.4,1.4,0.61194,7,0.8264737891,0.9214175655,0.60277,0.003508883207,19,2023
1175,CAD_CHF,2023-03-15 16:00:00,2023-03-15 20:00:00,0.675945,0.6690728244,2023-03-22 20:00:00,0.6689978244,stoploss,-1.010913574,31,0.7472160661,-4.111507293,1.5,1.5,0.67067,7,1.516259281,0.9240780911,0.65954,0.003436087788,21,2023
1176,GBP_CHF,2023-03-15 16:00:00,2023-03-15 20:00:00,1.122115,1.112269116,2023-04-13 12:00:00,1.112174116,stoploss,-1.009648702,125,1.969858756,-1.971890062,1.9,1.9,1.11456,6,1.515354093,0.9583660644,1.09906,0.004922941795,82,2023
1177,NZD_CHF,2023-03-15 16:00:00,2023-03-15 20:00:00,0.575105,0.5683099269,2023-03-27 00:00:00,0.5682249269,stoploss,-1.012509063,44,1.104476707,-4.668823922,1.7,1.7,0.57074,7,1.315659129,0.8569206843,0.5617,0.003397536567,11,2023
1178,EUR_CHF,2023-03-15 20:00:00,2023-03-16 00:00:00,0.9872,0.9786212812,2023-04-21 00:00:00,0.9785712812,stoploss,-1.005828376,157,1.464088095,-1.511880779,1,1,0.9823,7,1.04444501,0.8745644599,0.97137,0.004289359378,32,2023
1179,AUD_NZD,2023-03-16 04:00:00,2023-03-16 08:00:00,1.077425,1.070495656,2023-03-17 12:00:00,1.070390656,stoploss,-1.015152949,8,2.254903187,-2.687844599,2.1,2.1,1.07581,5,0.4358276881,0.8884615385,1.06903,0.003464672028,1,2023
1180,EUR_USD,2023-03-17 04:00:00,2023-03-17 08:00:00,1.064905,1.056368361,2023-05-12 08:00:00,1.092595,time_exit,3.243665453,240,5.230981611,-0.4316687322,0.7,0.7,1.06357,5,0.3045695261,0.9233870968,1.05162,0.004268319344,170,2023
1181,NZD_USD,2023-03-17 16:00:00,2023-03-17 20:00:00,0.627335,0.6212404755,2023-03-21 04:00:00,0.6211854755,stoploss,-1.009024494,9,1.825409024,-2.658944111,1.1,1.1,0.62648,15,0.2592491019,0.9702970297,0.61401,0.003047262244,1,2023
1182,EUR_JPY,2023-03-21 08:00:00,2023-03-21 12:00:00,142.072,140.0880315,2023-03-24 08:00:00,140.0810315,stoploss,-1.003528282,18,4.810056328,-1.51212082,1.4,1.4,141.413,4,0.6582765969,0.9755102041,138.826,0.9919842253,6,2023
1183,GBP_JPY,2023-03-21 08:00:00,2023-03-21 12:00:00,161.995,159.967523,2023-03-23 20:00:00,159.955523,stoploss,-1.005918686,15,5.097961645,-1.839724936,2.4,2.4,161.695,4,0.2860698291,0.9836660617,158.558,1.013738502,6,2023
1184,EUR_GBP,2023-03-21 12:00:00,2023-03-21 16:00:00,0.88079,0.875888683,2023-04-04 08:00:00,0.875848683,stoploss,-1.008161072,59,1.373100335,-2.993073092,0.8,0.8,0.8783,13,0.9997312986,0.8326848249,0.87185,0.002450658495,11,2023
1185,AUD_USD,2023-03-23 04:00:00,2023-03-23 08:00:00,0.67357,0.6671226119,2023-03-23 20:00:00,0.6670726119,stoploss,-1.007755078,4,1.281138939,-2.514196392,1,1,0.67267,15,0.263672663,0.6961325967,0.66498,0.00322369407,0,2023
1186,GBP_USD,2023-03-23 04:00:00,2023-03-23 08:00:00,1.232475,1.22368689,2023-03-24 08:00:00,1.22364189,stoploss,-1.005120555,7,4.038979786,-1.531045866,0.9,0.9,1.22851,14,0.8921144251,0.8208333333,1.20272,0.004394055168,0,2023
1187,NZD_USD,2023-03-23 04:00:00,2023-03-23 08:00:00,0.628075,0.622004683,2023-03-24 08:00:00,0.621949683,stoploss,-1.009060482,7,1.710783806,-2.791452247,1.1,1.1,0.62685,15,0.3788928987,0.8140096618,0.61673,0.003035158494,0,2023
1188,CHF_JPY,2023-03-27 08:00:00,2023-03-27 12:00:00,143.075,141.5816932,2023-05-22 12:00:00,153.879,time_exit,7.234949916,240,7.608617266,-0.7078250704,2.2,2.2,142.601,4,0.6214396077,0.8365180467,140.243,0.7466534064,240,2023
1189,AUD_NZD,2023-03-27 12:00:00,2023-03-27 16:00:00,1.073425,1.068142032,2023-03-31 04:00:00,1.068037032,stoploss,-1.019875191,22,3.714767924,-3.309692593,2.1,2.1,1.07303,7,0.1097867718,0.6653846154,1.06765,0.002641483991,16,2023
1190,CAD_CHF,2023-03-28 12:00:00,2023-03-28 16:00:00,0.672305,0.6677149599,2023-04-10 00:00:00,0.6676399599,stoploss,-1.016339727,51,1.911748018,-5.362698287,1.5,1.5,0.67136,18,0.3747243979,0.9047619048,0.66514,0.002295020033,23,2023
1191,AUD_USD,2023-03-28 16:00:00,2023-03-28 20:00:00,0.67098,0.6655736267,2023-04-03 00:00:00,0.6655236267,stoploss,-1.009248344,20,2.00689063,-2.519248882,1,1,0.66659,8,1.605512504,0.9751381215,0.66251,0.002703186671,14,2023
1192,NZD_JPY,2023-03-28 16:00:00,2023-03-28 20:00:00,81.827,81.01032633,2023-05-23 20:00:00,86.69,time_exit,5.954642837,240,6.710146565,-0.4457104653,1.4,1.4,81.548,8,0.6661167393,0.8461538462,80.435,0.4083368334,235,2023
1193,CAD_JPY,2023-03-29 00:00:00,2023-03-29 04:00:00,96.615,95.5803358,2023-05-24 04:00:00,102.605,time_exit,5.78931795,240,6.08796557,-0.02029644022,1.2,1.2,96.489,7,0.2358253055,0.9459459459,94.072,0.5173320978,225,2023
1194,EUR_JPY,2023-03-29 00:00:00,2023-03-29 04:00:00,142.441,140.9733195,2023-05-24 04:00:00,149.214,time_exit,4.614764638,240,6.250679283,-0.02452849948,1.4,1.4,142.221,7,0.2902539105,0.9579067122,139.072,0.7338402423,145,2023
1195,GBP_JPY,2023-03-29 00:00:00,2023-03-29 04:00:00,162.002,160.4523073,2023-05-24 04:00:00,172.106,time_exit,6.520002221,240,6.854262034,-0.01548694114,2.4,2.4,161.842,7,0.1884244506,0.9165467626,158.265,0.7748463619,234,2023
1196,USD_JPY,2023-03-29 08:00:00,2023-03-29 12:00:00,131.99,130.7994723,2023-04-05 16:00:00,130.7964723,stoploss,-1.002519891,32,5.810868418,-1.165869523,0.6,0.6,131.758,9,0.3847033442,0.7511520737,129.64,0.5952638662,17,2023
1197,EUR_AUD,2023-03-30 12:00:00,2023-03-30 16:00:00,1.62908,1.617905861,2023-04-03 04:00:00,1.617785861,stoploss,-1.010739083,10,4.437031041,-2.282055094,2.4,2.4,1.62771,6,0.2219410444,0.9685807151,1.61385,0.00558706932,0,2023
1198,GBP_USD,2023-03-30 12:00:00,2023-03-30 16:00:00,1.237845,1.230923087,2023-04-03 00:00:00,1.230878087,stoploss,-1.006501093,9,4.352120641,-1.503197187,0.9,0.9,1.2362,6,0.4622999519,0.962890625,1.21902,0.003460956449,3,2023
1199,NZD_USD,2023-03-31 00:00:00,2023-03-31 04:00:00,0.627485,0.6229626332,2023-04-03 00:00:00,0.6229076332,stoploss,-1.012161773,6,2.426826613,-5.102416774,1.1,1.1,0.62709,11,0.1547862077,0.7096774194,0.61809,0.002261183379,0,2023
1200,NZD_CHF,2023-03-31 04:00:00,2023-03-31 08:00:00,0.574295,0.5697314445,2023-03-31 16:00:00,0.5696464445,stoploss,-1.018625828,3,0.7483200358,-6.774323253,1.7,1.7,0.57312,5,0.4820802573,0.6511627907,0.56642,0.00228177774,1,2023
1201,AUD_JPY,2023-04-03 12:00:00,2023-04-03 16:00:00,90.0155,89.0184279,2023-04-04 16:00:00,89.0139279,stoploss,-1.004513214,7,2.428610737,-2.429613674,0.9,0.9,89.683,8,0.6579263447,0.9510703364,87.152,0.4985360483,3,2023
1202,AUD_USD,2023-04-03 12:00:00,2023-04-03 16:00:00,0.67632,0.6701139075,2023-04-05 08:00:00,0.6700639075,stoploss,-1.008056599,11,0.8878372382,-4.394069235,1,1,0.67379,8,0.7992146464,0.9352941176,0.66339,0.003103046236,2,2023
1203,AUD_NZD,2023-04-03 16:00:00,2023-04-03 20:00:00,1.079225,1.074265325,2023-04-04 04:00:00,1.074160325,stoploss,-1.021170742,3,2.787481025,-4.694864063,2.1,2.1,1.07633,14,1.137171283,0.9929577465,1.06662,0.002479837508,0,2023
1204,AUD_CAD,2023-04-03 20:00:00,2023-04-04 00:00:00,0.911695,0.9053037925,2023-04-04 08:00:00,0.9052087925,stoploss,-1.014864171,3,0.09466129894,-4.040707513,1.9,1.9,0.91015,10,0.4161967854,0.8099173554,0.89875,0.00319560373,0,2023
1205,GBP_AUD,2023-04-04 12:00:00,2023-04-04 16:00:00,1.85494,1.841385988,2023-04-14 12:00:00,1.841185988,stoploss,-1.014755779,48,3.876343048,-1.101518875,4,4,1.85369,13,0.1564112536,0.9298780488,1.8249,0.006777005975,29,2023
1206,EUR_AUD,2023-04-05 08:00:00,2023-04-05 12:00:00,1.6351,1.622446093,2023-04-05 20:00:00,1.622326093,stoploss,-1.009483237,3,3.442415009,-1.697499412,2.4,2.4,1.62735,4,1.205951631,1,1.60358,0.006326953589,0,2023
1207,NZD_USD,2023-04-05 12:00:00,2023-04-05 16:00:00,0.632325,0.6260643153,2023-04-06 12:00:00,0.6260093153,stoploss,-1.008784982,6,0.9799247723,-5.396374643,1.1,1.1,0.62976,20,0.7986346963,0.9639175258,0.62033,0.003130342335,0,2023
1208,GBP_NZD,2023-04-06 08:00:00,2023-04-06 12:00:00,1.98432,1.97007519,2023-06-01 12:00:00,2.06927,time_exit,5.963575553,240,6.276672044,-0.6809497688,4.8,4.8,1.98207,5,0.2822080485,0.7725060827,1.95817,0.007122404944,240,2023
1209,CAD_CHF,2023-04-10 12:00:00,2023-04-10 16:00:00,0.672065,0.6681652629,2023-04-12 12:00:00,0.6680902629,stoploss,-1.019232065,12,1.739860854,-6.25042127,1.5,1.5,0.67152,5,0.2461704377,0.6483516484,0.67054,0.001949868573,1,2023
1210,USD_CHF,2023-04-10 12:00:00,2023-04-10 16:00:00,0.910245,0.9050184357,2023-04-11 08:00:00,0.9049734357,stoploss,-1.008609863,5,0.8638562069,-5.400297107,0.9,0.9,0.90818,6,0.7729743247,0.9713701431,0.9004,0.002613282143,0,2023
1211,AUD_CHF,2023-04-11 04:00:00,2023-04-11 08:00:00,0.60553,0.6010938563,2023-04-11 16:00:00,0.6010238563,stoploss,-1.015779471,3,0.1149647171,-4.603097103,1.4,1.4,0.60513,4,0.1532862894,0.78125,0.60092,0.002218071827,0,2023
1212,AUD_NZD,2023-04-11 04:00:00,2023-04-11 08:00:00,1.071135,1.065456072,2023-05-04 12:00:00,1.065351072,stoploss,-1.018489405,104,4.602100893,-2.675681005,2.1,2.1,1.06917,5,0.658574989,0.898245614,1.0588,0.002839464042,49,2023
1213,EUR_AUD,2023-04-11 12:00:00,2023-04-11 16:00:00,1.6393,1.629742595,2023-04-13 16:00:00,1.629622595,stoploss,-1.01255571,13,4.118272804,-3.982252615,2.4,2.4,1.63872,5,0.1025382964,0.6713532513,1.61653,0.004778702368,9,2023
1214,AUD_JPY,2023-04-12 04:00:00,2023-04-12 08:00:00,89.2815,88.57520346,2023-04-25 20:00:00,88.57070346,stoploss,-1.006371262,58,5.679625741,-1.997036547,0.9,0.9,89.128,5,0.4247507721,0.887434555,87.593,0.3531482692,38,2023
1215,EUR_GBP,2023-04-12 08:00:00,2023-04-12 12:00:00,0.87967,0.8767781842,2023-04-28 20:00:00,0.8767381842,stoploss,-1.01383214,75,2.714557446,-7.932732205,0.8,0.8,0.87917,11,0.3181392166,0.6631578947,0.87394,0.001445907879,55,2023
1216,AUD_CAD,2023-04-12 12:00:00,2023-04-12 16:00:00,0.902265,0.8966477823,2023-04-14 16:00:00,0.8965527823,stoploss,-1.016912287,13,1.499852856,-4.259226064,1.9,1.9,0.90095,7,0.4308182686,0.8418862691,0.89438,0.002808608846,7,2023
1217,AUD_USD,2023-04-12 12:00:00,2023-04-12 16:00:00,0.67066,0.6652756062,2023-04-25 08:00:00,0.6652256062,stoploss,-1.009286096,53,2.074513931,-4.611475463,1,1,0.66798,7,0.9806117778,0.7514450867,0.66194,0.002692196912,11,2023
1218,GBP_USD,2023-04-12 16:00:00,2023-04-12 20:00:00,1.248475,1.241365303,2023-04-14 16:00:00,1.241320303,stoploss,-1.006329383,12,2.742029511,-2.486041119,0.9,0.9,1.24563,7,0.7848435329,0.9913978495,1.23443,0.003554848684,8,2023
1219,NZD_CAD,2023-04-13 12:00:00,2023-04-13 16:00:00,0.840415,0.8344049733,2023-04-14 16:00:00,0.8342899733,stoploss,-1.019134691,7,2.240422676,-5.774516818,2.3,2.3,0.83901,5,0.4359381664,0.9285714286,0.83214,0.003005013328,1,2023
1220,NZD_USD,2023-04-13 12:00:00,2023-04-13 16:00:00,0.627585,0.6222318948,2023-04-14 16:00:00,0.6221768948,stoploss,-1.01027441,7,2.031531161,-5.425822766,1.1,1.1,0.6242,6,1.240401555,0.8918918919,0.61812,0.002676552594,1,2023
1221,NZD_CHF,2023-04-14 00:00:00,2023-04-14 04:00:00,0.560425,0.55577722,2023-04-14 16:00:00,0.55569222,stoploss,-1.018288301,4,1.586779077,-3.667342287,1.7,1.7,0.56003,9,0.1420032801,0.7801724138,0.55454,0.002323889981,0,2023
1222,USD_JPY,2023-04-14 16:00:00,2023-04-14 20:00:00,133.786,132.718497,2023-06-09 20:00:00,139.357,time_exit,5.218720588,240,6.694126247,-0.7222461988,0.6,0.6,133.396,7,0.7250564953,0.9381327334,132.021,0.5337515111,189,2023
1223,CAD_CHF,2023-04-14 20:00:00,2023-04-17 00:00:00,0.667875,0.6639529112,2023-04-20 12:00:00,0.6638779112,stoploss,-1.019122463,22,3.654940185,-5.146492335,1.5,1.5,0.66834,9,0.2804627976,0.6666666667,0.66222,0.001961044405,8,2023
1224,USD_CAD,2023-04-17 16:00:00,2023-04-17 20:00:00,1.340515,1.334598269,2023-05-08 12:00:00,1.334533269,stoploss,-1.010985796,89,4.440796738,-1.554067593,1.3,1.3,1.33957,6,0.2974615512,0.5670391061,1.3301,0.002958365531,52,2023
1225,USD_CHF,2023-04-17 16:00:00,2023-04-17 20:00:00,0.899545,0.8936808303,2023-04-20 12:00:00,0.8936358303,stoploss,-1.007673721,17,2.594570191,-2.988487847,0.9,0.9,0.89748,14,0.6889295807,0.9637681159,0.88598,0.00293208487,10,2023
1226,GBP_CHF,2023-04-18 08:00:00,2023-04-18 12:00:00,1.114455,1.109046631,2023-04-21 08:00:00,1.108951631,stoploss,-1.01756537,18,4.778705093,-2.173483396,1.9,1.9,1.11285,4,0.5620918353,0.6555819477,1.10708,0.002704184449,5,2023
1227,GBP_CAD,2023-04-18 16:00:00,2023-04-18 20:00:00,1.66376,1.655662771,2023-06-13 20:00:00,1.67748,time_exit,1.694406889,240,6.273751454,-0.395196942,5.2,2.8,1.66271,7,0.1951284901,0.5938697318,1.65386,0.004048614324,67,2023
1228,GBP_AUD,2023-04-19 08:00:00,2023-04-19 12:00:00,1.85455,1.843716349,2023-04-20 16:00:00,1.843516349,stoploss,-1.018460996,8,5.893673081,-1.31073074,4,4,1.85002,4,0.7993611414,0.8077571669,1.84001,0.005416825732,0,2023
1229,EUR_NZD,2023-04-20 00:00:00,2023-04-20 04:00:00,1.77837,1.767368818,2023-05-02 12:00:00,1.767178818,stoploss,-1.017270872,51,2.705163882,-5.604852318,3.8,3.8,1.77394,15,0.7708262675,0.9760159893,1.75076,0.005500590961,27,2023
1230,EUR_AUD,2023-04-20 08:00:00,2023-04-20 12:00:00,1.63525,1.627002052,2023-04-20 12:00:00,1.626882052,stoploss,-1.014549073,1,5.263127103,-6.111823019,2.4,2.4,1.63464,5,0.1163925828,0.8939130435,1.62462,0.004123974127,0,2023
1231,AUD_CAD,2023-04-20 12:00:00,2023-04-20 16:00:00,0.909155,0.9039764818,2023-04-21 08:00:00,0.9038814818,stoploss,-1.018345016,5,0.2964168414,-5.950543953,1.9,1.9,0.90463,5,1.710914147,0.9655172414,0.89433,0.002589259086,0,2023
1232,GBP_AUD,2023-04-24 16:00:00,2023-04-24 20:00:00,1.86512,1.85463741,2023-06-12 16:00:00,1.85443741,stoploss,-1.019079254,210,5.08271316,-1.440483647,4,4,1.85519,13,1.85450345,0.8448598131,1.84001,0.005241295183,161,2023
1233,GBP_USD,2023-04-24 20:00:00,2023-04-25 00:00:00,1.248595,1.242012811,2023-04-25 16:00:00,1.241967811,stoploss,-1.006836631,5,5.50044943,-2.703507736,0.9,0.9,1.24675,13,0.3767743291,0.6889952153,1.23669,0.003291094706,0,2023
1234,NZD_CAD,2023-04-24 20:00:00,2023-04-25 00:00:00,0.835165,0.8305971821,2023-05-24 08:00:00,0.8304821821,stoploss,-1.025176135,129,4.097142279,-6.448374343,2.3,2.3,0.83294,7,0.7355809809,0.8063241107,0.82846,0.002283908969,46,2023
1235,EUR_CHF,2023-04-25 00:00:00,2023-04-25 04:00:00,0.98112,0.9780316862,2023-04-25 08:00:00,0.9779816862,stoploss,-1.016190065,2,2.230990891,-4.578550246,1,1,0.98085,7,0.1424725678,0.9123505976,0.97793,0.00154415691,1,2023
1236,GBP_CHF,2023-04-26 08:00:00,2023-04-26 12:00:00,1.110505,1.105101934,2023-06-21 12:00:00,1.140705,time_exit,5.589419531,240,7.402279276,-0.683871032,1.9,1.9,1.10894,8,0.5441355437,0.9034482759,1.1027,0.002701532765,239,2023
1237,EUR_CAD,2023-04-26 20:00:00,2023-04-27 00:00:00,1.505405,1.497641583,2023-04-28 00:00:00,1.497456583,stoploss,-1.023829714,7,0.5777095474,-9.931838272,3.7,3.7,1.4991,8,1.568896831,0.6488372093,1.49274,0.003881708395,1,2023
1238,NZD_CHF,2023-04-27 08:00:00,2023-04-27 12:00:00,0.549155,0.5454316374,2023-05-26 20:00:00,0.5453466374,stoploss,-1.022828827,129,5.007570262,-1.204556322,1.7,1.7,0.54855,12,0.279317408,0.9693877551,0.54338,0.001861681317,59,2023
1239,USD_CHF,2023-04-27 12:00:00,2023-04-27 16:00:00,0.896295,0.8911788492,2023-04-28 16:00:00,0.8911338492,stoploss,-1.008795675,7,3.609158689,-2.790183606,0.9,0.9,0.89277,11,1.360397751,0.7634782609,0.88519,0.002558075384,0,2023
1240,GBP_USD,2023-04-28 16:00:00,2023-04-28 20:00:00,1.257515,1.249521903,2023-05-01 16:00:00,1.249476903,stoploss,-1.005629858,6,3.413570307,-3.342258778,0.9,0.9,1.25153,12,1.486282399,0.906693712,1.23669,0.003996548708,0,2023
1241,NZD_USD,2023-04-28 16:00:00,2023-04-28 20:00:00,0.618685,0.6142120734,2023-05-24 08:00:00,0.6141570734,stoploss,-1.0122962,106,4.421042775,-4.503762665,1.1,1.1,0.61607,7,1.149135771,0.9748743719,0.61113,0.002236463319,50,2023
1242,CAD_CHF,2023-04-28 20:00:00,2023-05-01 00:00:00,0.658385,0.6541981684,2023-05-03 08:00:00,0.6541231684,stoploss,-1.017913307,15,5.931693066,-2.554437582,1.5,1.5,0.65952,7,0.262728503,0.7296137339,0.64992,0.002093415802,8,2023
1243,AUD_CHF,2023-05-01 12:00:00,2023-05-01 16:00:00,0.59403,0.5898682641,2023-05-03 20:00:00,0.5897982641,stoploss,-1.016819904,14,5.495303006,-1.80934113,1.4,1.4,0.59359,11,0.1730047295,0.9428571429,0.58511,0.002080867968,5,2023
1244,AUD_USD,2023-05-01 12:00:00,2023-05-01 16:00:00,0.66613,0.6616043594,2023-05-18 16:00:00,0.6615543594,stoploss,-1.01104816,79,5.267762587,-4.485552874,1,1,0.66423,8,0.8175638243,0.9785714286,0.65736,0.002262820278,41,2023
1245,AUD_CAD,2023-05-02 04:00:00,2023-05-02 08:00:00,0.906195,0.9002451071,2023-05-12 16:00:00,0.9001501071,stoploss,-1.015966674,51,0.9252267329,-5.03118297,1.9,1.9,0.90301,12,1.035312747,0.9624724062,0.89351,0.002974946467,2,2023
1246,EUR_GBP,2023-05-02 08:00:00,2023-05-02 12:00:00,0.87983,0.8764315829,2023-05-04 16:00:00,0.8763915829,stoploss,-1.011770185,14,1.076971966,-8.23618725,0.8,0.8,0.87944,5,0.2118633376,0.8853503185,0.87541,0.001699208575,6,2023
1247,EUR_CAD,2023-05-02 16:00:00,2023-05-02 20:00:00,1.499485,1.49028575,2023-05-04 20:00:00,1.49010075,stoploss,-1.020110336,13,1.131070516,-7.738131155,3.7,3.7,1.49645,6,0.6196157559,0.9525862069,1.48407,0.004599624805,7,2023
1248,EUR_AUD,2023-05-04 00:00:00,2023-05-04 04:00:00,1.66552,1.653629286,2023-05-04 12:00:00,1.653509286,stoploss,-1.010091908,3,0.01597885501,-6.785126431,2.4,2.4,1.65831,11,1.194209164,0.8823529412,1.63561,0.005945357159,0,2023
1249,USD_CHF,2023-05-05 08:00:00,2023-05-05 12:00:00,0.891925,0.8850035929,2023-06-30 12:00:00,0.901085,time_exit,1.32343032,240,3.299184647,-0.7433459605,0.9,0.9,0.88914,4,0.7917465235,0.8688016529,0.88202,0.003460703544,109,2023
1250,CAD_CHF,2023-05-05 12:00:00,2023-05-05 16:00:00,0.664785,0.6591103514,2023-06-30 16:00:00,0.676515,time_exit,2.067088342,240,3.2486593,-0.8784684898,1.5,1.5,0.66281,19,0.6766938818,0.9636711281,0.64769,0.002837324308,208,2023
1251,AUD_NZD,2023-05-08 04:00:00,2023-05-08 08:00:00,1.072975,1.06692006,2023-05-09 08:00:00,1.06681506,stoploss,-1.017341211,7,5.323751798,-2.813405053,2.1,2.1,1.07184,14,0.3402180457,0.7425474255,1.06232,0.003027470215,0,2023
1252,AUD_CHF,2023-05-08 08:00:00,2023-05-08 12:00:00,0.60292,0.5977576747,2023-05-12 04:00:00,0.5976876747,stoploss,-1.013559781,23,2.70808194,-2.981214668,1.4,1.4,0.60244,4,0.1588431467,1,0.5865,0.002581162666,12,2023
1253,GBP_USD,2023-05-10 12:00:00,2023-05-10 16:00:00,1.267415,1.260443723,2023-05-11 08:00:00,1.260398723,stoploss,-1.006455059,5,2.493804291,-5.252265982,0.9,0.9,1.26687,12,0.1434457458,0.9222797927,1.25481,0.003485638401,0,2023
1254,USD_CAD,2023-05-11 08:00:00,2023-05-11 12:00:00,1.341035,1.334858577,2023-06-07 16:00:00,1.334793577,stoploss,-1.01052389,116,3.956173245,-4.757607973,1.3,1.3,1.34064,10,0.1068579637,0.7651006711,1.3315,0.003088211573,63,2023
1255,EUR_AUD,2023-05-11 16:00:00,2023-05-11 20:00:00,1.63103,1.620780753,2023-05-19 08:00:00,1.620660753,stoploss,-1.011708177,34,2.372857145,-4.506672349,2.4,2.4,1.62581,14,0.9951950197,0.8892944039,1.61362,0.005124623716,21,2023
1256,EUR_CAD,2023-05-11 16:00:00,2023-05-11 20:00:00,1.473165,1.465685864,2023-05-15 16:00:00,1.465500864,stoploss,-1.024735478,12,0.2319786728,-5.998687697,3.7,3.7,1.47053,5,0.6578300116,0.84082397,1.46292,0.003739567908,3,2023
1257,EUR_NZD,2023-05-12 04:00:00,2023-05-12 08:00:00,1.74463,1.733849751,2023-05-17 12:00:00,1.733659751,stoploss,-1.017624824,20,5.199323148,-2.58992154,3.8,3.8,1.73318,11,2.090860727,0.8946444249,1.72011,0.005390124676,2,2023
1258,AUD_NZD,2023-05-12 08:00:00,2023-05-12 12:00:00,1.071915,1.066549516,2023-05-17 04:00:00,1.066444516,stoploss,-1.019569531,17,6.205404964,-2.977364298,2.1,2.1,1.0687,11,1.159261717,0.9139784946,1.0604,0.002682741916,7,2023
1259,AUD_JPY,2023-05-15 04:00:00,2023-05-15 08:00:00,90.7285,89.96574619,2023-07-10 08:00:00,95.3075,time_exit,6.003247609,240,9.10319934,-0.6129107354,0.9,0.9,90.407,5,0.8311987299,0.8766233766,89.795,0.3813769061,148,2023
1260,AUD_CAD,2023-05-19 16:00:00,2023-05-19 20:00:00,0.899915,0.8948608017,2023-05-23 12:00:00,0.8947658017,stoploss,-1.018796255,11,2.331724911,-5.117527774,1.9,1.9,0.89827,13,0.6133514826,0.6960556845,0.89098,0.002527099133,0,2023
1261,EUR_GBP,2023-05-22 16:00:00,2023-05-22 20:00:00,0.87035,0.8674755139,2023-05-23 16:00:00,0.8674355139,stoploss,-1.013915531,6,0.5322690462,-6.943849779,0.8,0.8,0.86955,8,0.5218323983,0.9305555556,0.86683,0.001437243074,3,2023
1262,AUD_NZD,2023-05-24 04:00:00,2023-05-24 08:00:00,1.069655,1.063496484,2023-07-19 08:00:00,1.083655,time_exit,2.273274875,240,5.773306299,-0.1096043243,2.1,2.1,1.0612,13,2.721434779,0.9595202399,1.05594,0.003079258068,112,2023
1263,EUR_AUD,2023-05-24 04:00:00,2023-05-24 08:00:00,1.63431,1.626150754,2023-06-02 08:00:00,1.626030754,stoploss,-1.014707241,43,3.186568778,-6.063059903,2.4,2.4,1.63113,11,0.7549716798,0.8597560976,1.61996,0.004079623226,10,2023
1264,EUR_NZD,2023-05-24 04:00:00,2023-05-24 08:00:00,1.74802,1.735774574,2023-07-19 08:00:00,1.79213,time_exit,3.602161387,240,4.300381289,-0.7145525309,3.8,3.8,1.72741,4,3.349822265,0.9829996222,1.71671,0.006122712902,151,2023
1265,EUR_CHF,2023-05-24 12:00:00,2023-05-24 16:00:00,0.97388,0.9704214107,2023-05-25 08:00:00,0.9703714107,stoploss,-1.014456761,5,2.980984155,-3.778997372,1,1,0.97208,6,1.029321396,0.7628865979,0.96772,0.001729294667,0,2023
1266,EUR_JPY,2023-05-25 20:00:00,2023-05-26 00:00:00,150.198,149.2767759,2023-05-31 08:00:00,149.2697759,stoploss,-1.007598585,21,8.466995067,-1.746589111,1.4,1.4,150.039,4,0.1107222432,0.5292887029,148.716,0.4606120553,6,2023
1267,EUR_CAD,2023-05-26 04:00:00,2023-05-26 08:00:00,1.464465,1.457796216,2023-05-29 00:00:00,1.457706216,stoploss,-1.013495714,5,3.544124394,-5.423027659,3.7,1.8,1.46376,9,0.158949518,0.608,1.45214,0.003334391992,2,2023
1268,CHF_JPY,2023-05-26 12:00:00,2023-05-26 16:00:00,155.003,154.1408097,2023-05-31 00:00:00,154.1298097,stoploss,-1.012758204,15,10.4141743,-2.93902636,2.2,2.2,154.714,4,0.6518282613,0.741885626,153.23,0.4310951468,2,2023
1269,GBP_JPY,2023-05-26 12:00:00,2023-05-26 16:00:00,173.284,172.1273448,2023-07-21 16:00:00,181.367,time_exit,6.988253956,240,9.278478468,-0.6544733694,2.4,2.4,172.772,6,0.8662910384,0.8278427205,171.199,0.5783275802,166,2023
1270,CAD_JPY,2023-05-26 16:00:00,2023-05-26 20:00:00,103.239,102.5179011,2023-05-31 04:00:00,102.5119011,stoploss,-1.008320634,15,8.692289433,-1.510195149,1.2,1.2,102.853,5,1.056720572,0.9918367347,101.665,0.3605494299,9,2023
1271,AUD_CHF,2023-05-29 00:00:00,2023-05-29 04:00:00,0.59148,0.5878663385,2023-07-11 08:00:00,0.5877963385,stoploss,-1.019370934,188,7.034416385,-3.193436864,1.4,1.4,0.59074,4,0.3652804732,0.9295154185,0.58753,0.001806830774,79,2023
1272,NZD_JPY,2023-05-29 00:00:00,2023-05-29 04:00:00,85.294,84.56380082,2023-05-30 04:00:00,84.55880082,stoploss,-1.006847447,7,6.028492131,-2.428104622,1,1,85.214,12,0.2026844242,0.9001996008,84.446,0.3650995891,0,2023
1273,GBP_USD,2023-05-30 08:00:00,2023-05-30 12:00:00,1.237685,1.231418371,2023-07-25 12:00:00,1.285045,time_exit,7.557491849,240,12.2131047,-0.4603750841,0.9,0.9,1.23716,6,0.1531924023,0.9534883721,1.2308,0.00313331466,196,2023
1274,EUR_CHF,2023-05-30 20:00:00,2023-05-31 00:00:00,0.97214,0.9687649091,2023-06-09 00:00:00,0.9687149091,stoploss,-1.014814416,43,3.570274238,-5.430964878,1,1,0.97174,10,0.1896245238,0.6695652174,0.96698,0.001687545437,10,2023
1275,AUD_USD,2023-06-01 16:00:00,2023-06-01 20:00:00,0.65788,0.6521030352,2023-07-27 20:00:00,0.67353,time_exit,2.709035035,240,5.55482008,-0.3306234451,1,1,0.65592,15,0.6612468902,0.9487603306,0.64583,0.002888482393,63,2023
1276,CAD_JPY,2023-06-01 16:00:00,2023-06-01 20:00:00,103.275,102.5070811,2023-07-27 20:00:00,106.948,time_exit,4.783057187,240,8.115440345,-0.1992397902,1.2,1.2,103.017,6,0.656319309,0.932885906,102.15,0.3839594486,106,2023
1277,EUR_USD,2023-06-01 16:00:00,2023-06-01 20:00:00,1.076045,1.069876129,2023-06-05 00:00:00,1.069841129,stoploss,-1.005673647,8,8.354040466,-1.514863843,0.7,0.7,1.07466,13,0.4376813672,0.9360655738,1.06351,0.003084435622,3,2023
1278,NZD_CHF,2023-06-01 16:00:00,2023-06-01 20:00:00,0.550465,0.5462164384,2023-06-28 08:00:00,0.5461314384,stoploss,-1.020006771,112,2.303132451,-4.181415226,1.7,1.7,0.5485,4,0.8991278448,0.7391304348,0.54467,0.002124280781,54,2023
1279,NZD_USD,2023-06-02 04:00:00,2023-06-02 08:00:00,0.609005,0.6036676551,2023-06-07 20:00:00,0.6036126551,stoploss,-1.010304749,22,6.028278203,-1.170057417,1.1,1.1,0.60666,16,0.86185174,0.6373390558,0.59854,0.002668672456,0,2023
1280,CHF_JPY,2023-06-02 16:00:00,2023-06-02 20:00:00,153.976,152.9904754,2023-07-28 20:00:00,162.196,time_exit,8.340735727,240,10.15296858,-0.7234725759,2.2,2.2,153.848,7,0.2374370025,0.8914185639,152.469,0.4927622855,207,2023
1281,EUR_JPY,2023-06-02 16:00:00,2023-06-02 20:00:00,149.829,148.9197876,2023-06-06 08:00:00,148.9127876,stoploss,-1.007698972,10,9.03639287,-1.317623985,1.4,1.4,149.68,7,0.3145579797,0.7028753994,148.589,0.4546061752,3,2023
1282,EUR_GBP,2023-06-05 04:00:00,2023-06-05 08:00:00,0.86066,0.8575574091,2023-06-09 12:00:00,0.8575174091,stoploss,-1.012892451,26,3.042618362,-3.310136714,0.8,0.8,0.86041,10,0.1353707322,0.72,0.85673,0.001551295443,2,2023
1283,AUD_CAD,2023-06-06 04:00:00,2023-06-06 08:00:00,0.894095,0.888081152,2023-06-22 20:00:00,0.887986152,stoploss,-1.015796874,76,2.927410224,-3.333140468,1.9,1.9,0.89071,10,1.090815738,0.8064066852,0.87834,0.003006923979,48,2023
1284,GBP_NZD,2023-06-07 12:00:00,2023-06-07 16:00:00,2.05475,2.04292761,2023-06-12 16:00:00,2.04268761,stoploss,-1.020300463,19,3.478146046,-1.733152054,4.8,4.8,2.05063,5,0.6529982362,0.9878987899,2.03931,0.00591119514,2,2023
1285,NZD_JPY,2023-06-08 08:00:00,2023-06-08 12:00:00,84.905,84.30713913,2023-06-09 00:00:00,84.30213913,stoploss,-1.00836315,4,8.013570164,-1.005250609,1.4,1,84.854,4,0.147191437,0.9656652361,84.416,0.2989304331,0,2023
1286,EUR_USD,2023-06-08 12:00:00,2023-06-08 16:00:00,1.074725,1.069725313,2023-08-03 16:00:00,1.093735,time_exit,3.802238247,240,10.57166242,-0.2810176085,0.7,0.7,1.07397,5,0.2920182978,0.6832460733,1.0667,0.002499843351,166,2023
1287,EUR_CAD,2023-06-08 16:00:00,2023-06-08 20:00:00,1.440195,1.431923487,2023-06-12 00:00:00,1.431738487,stoploss,-1.022365921,8,5.791564484,-1.040317553,3.7,3.7,1.43822,6,0.4400646012,0.6798143852,1.4318,0.004135756421,1,2023
1288,EUR_JPY,2023-06-09 08:00:00,2023-06-09 12:00:00,150.325,149.581978,2023-08-04 12:00:00,156.069,time_exit,7.730592368,240,10.39000228,-0.9124898373,1.4,1.4,150.043,5,0.7375286591,0.6720867209,148.631,0.3715109869,179,2023
1289,NZD_CAD,2023-06-09 12:00:00,2023-06-09 16:00:00,0.818375,0.8125443206,2023-06-22 20:00:00,0.8124293206,stoploss,-1.019723259,56,4.187333641,-2.880453348,2.3,2.3,0.81563,5,0.9021247164,0.990430622,0.80571,0.0029153397,19,2023
1290,NZD_USD,2023-06-09 12:00:00,2023-06-09 16:00:00,0.612795,0.6079423546,2023-06-28 12:00:00,0.6078873546,stoploss,-1.011334024,78,5.849386859,-1.600158146,1.1,1.1,0.6097,11,1.257046322,0.987244898,0.60276,0.00242632268,28,2023
1291,EUR_CHF,2023-06-13 00:00:00,2023-06-13 04:00:00,0.9781,0.9741379246,2023-06-14 12:00:00,0.9740879246,stoploss,-1.012619649,9,1.537073228,-6.660650653,1,1,0.97182,9,3.139768629,0.9537572254,0.96768,0.001981037693,2,2023
1292,NZD_JPY,2023-06-13 16:00:00,2023-06-13 20:00:00,86.162,85.55776939,2023-07-28 04:00:00,85.55076939,stoploss,-1.011584981,195,5.848760287,-2.033991622,1.4,1.4,85.661,7,1.635137285,0.8526077098,84.304,0.3021153053,91,2023
1293,USD_JPY,2023-06-13 16:00:00,2023-06-13 20:00:00,139.899,138.9637628,2023-07-12 12:00:00,138.9607628,stoploss,-1.003207742,125,5.528009539,-2.849544569,0.6,0.6,139.765,5,0.2780043482,0.8036363636,138.759,0.4676185852,74,2023
1294,GBP_CAD,2023-06-14 12:00:00,2023-06-14 16:00:00,1.68665,1.67878973,2023-06-21 12:00:00,1.67852973,stoploss,-1.033077742,30,5.959082533,-2.248014269,2.8,5.2,1.68038,6,1.559742781,0.9896103896,1.66056,0.003930135196,11,2023
1295,EUR_CAD,2023-06-15 00:00:00,2023-06-15 04:00:00,1.444995,1.437987965,2023-06-23 08:00:00,1.437802965,stoploss,-1.026402036,38,6.151674409,-1.913077264,3.7,3.7,1.44378,9,0.2911359655,0.9375,1.4283,0.003503517672,8,2023
1296,GBP_NZD,2023-06-16 12:00:00,2023-06-16 16:00:00,2.05813,2.04395626,2023-08-11 16:00:00,2.11875,time_exit,4.276923299,240,4.597939482,-0.9327107558,4.8,4.8,2.05501,6,0.4063853217,0.8126232742,2.03426,0.007086870135,240,2023
1297,EUR_AUD,2023-06-20 04:00:00,2023-06-20 08:00:00,1.60473,1.593874293,2023-08-15 08:00:00,1.67743,time_exit,6.696938533,240,8.133970735,-0.02395053671,2.4,2.4,1.60032,6,0.7922100603,0.8719560094,1.58484,0.005427853313,233,2023
1298,EUR_CHF,2023-06-20 04:00:00,2023-06-20 08:00:00,0.97923,0.9757404725,2023-06-23 12:00:00,0.9756904725,stoploss,-1.014328588,20,1.421395894,-7.886454638,1,1,0.97895,17,0.1318230063,0.9659090909,0.973,0.001744763729,13,2023
1299,GBP_AUD,2023-06-20 04:00:00,2023-06-20 08:00:00,1.8791,1.866337089,2023-08-15 08:00:00,1.95029,time_exit,5.577880951,240,6.593323249,-0.3416148469,4,4,1.87514,6,0.5860731776,0.7671532847,1.85069,0.006381455666,240,2023
1300,EUR_GBP,2023-06-20 08:00:00,2023-06-20 12:00:00,0.85563,0.852619811,2023-06-21 08:00:00,0.852579811,stoploss,-1.013288202,6,4.807007166,-1.740754495,0.8,0.8,0.85476,4,0.5448162925,0.8253968254,0.85184,0.00150509449,5,2023
1301,USD_CAD,2023-06-20 12:00:00,2023-06-20 16:00:00,1.323615,1.31791556,2023-06-21 16:00:00,1.31785056,stoploss,-1.011404629,7,4.664493082,-2.520422912,1.3,1.3,1.32287,8,0.2386199207,0.6961325967,1.31774,0.002849720166,0,2023
1302,EUR_CAD,2023-06-27 12:00:00,2023-06-27 16:00:00,1.443355,1.436068872,2023-08-22 16:00:00,1.470575,time_exit,3.735866507,240,6.14112222,-0.9586711076,3.7,3.7,1.43798,5,1.42737001,0.8863013699,1.43159,0.003643063791,88,2023
1303,EUR_GBP,2023-06-27 12:00:00,2023-06-27 16:00:00,0.86092,0.8566992424,2023-07-04 12:00:00,0.8566592424,stoploss,-1.009476972,30,2.174964981,-2.494812772,0.8,0.8,0.85946,6,0.6728649832,0.8434163701,0.85245,0.002110378806,6,2023
1304,NZD_CAD,2023-06-27 12:00:00,2023-06-27 16:00:00,0.813675,0.8083699645,2023-06-28 04:00:00,0.8082549645,stoploss,-1.021677518,4,5.488181985,-2.732309733,2.3,2.3,0.81248,6,0.4033903296,0.8103896104,0.80793,0.002652517726,0,2023
1305,GBP_CAD,2023-06-27 16:00:00,2023-06-27 20:00:00,1.68111,1.672816538,2023-06-28 16:00:00,1.672556538,stoploss,-1.031349998,6,6.315818786,-1.462597974,2.8,5.2,1.67817,7,0.6728191834,0.8845528455,1.66971,0.004146730754,3,2023
1306,USD_CAD,2023-06-27 16:00:00,2023-06-27 20:00:00,1.318505,1.312809464,2023-07-13 16:00:00,1.312744464,stoploss,-1.011412446,72,6.844834081,-1.624956763,1.3,1.3,1.31771,6,0.2528295775,0.8567567568,1.3136,0.002847768079,45,2023
1307,GBP_CHF,2023-06-30 08:00:00,2023-06-30 12:00:00,1.136955,1.131422703,2023-07-12 12:00:00,1.131327703,stoploss,-1.017171891,49,1.512030212,-5.68208843,1.9,1.9,1.13554,6,0.4735826845,0.7476190476,1.13149,0.002766148432,25,2023
1308,AUD_CAD,2023-06-30 12:00:00,2023-06-30 16:00:00,0.881685,0.8758478546,2023-08-02 04:00:00,0.8757528546,stoploss,-1.016275079,136,4.102176413,-3.317546303,1.9,1.9,0.88009,6,0.5173761857,0.8181818182,0.87405,0.002918572678,54,2023
1309,NZD_CHF,2023-06-30 12:00:00,2023-06-30 16:00:00,0.548235,0.5445218632,2023-07-11 16:00:00,0.5444368632,stoploss,-1.022891696,43,2.570602835,-8.449729068,1.7,1.7,0.54662,8,0.834873629,0.5955882353,0.54421,0.001856568403,22,2023
1310,NZD_USD,2023-06-30 12:00:00,2023-06-30 16:00:00,0.610585,0.6055385311,2023-08-08 08:00:00,0.6054835311,stoploss,-1.01089871,161,6.062655003,-4.352548362,1.1,1.1,0.6102,6,0.1466371859,0.8847352025,0.60503,0.002523234456,57,2023
1311,NZD_CAD,2023-06-30 20:00:00,2023-07-03 00:00:00,0.809045,0.8036851879,2023-08-11 16:00:00,0.8035701879,stoploss,-1.021455976,179,6.295929684,-1.840549603,2.3,2.3,0.80883,8,1.462737849,0.730994152,0.80158,0.002679906042,59,2023
1312,GBP_CAD,2023-07-03 00:00:00,2023-07-03 04:00:00,1.68239,1.673827859,2023-08-28 04:00:00,1.71218,time_exit,3.47927001,240,5.968133518,-0.5430884708,2.8,2.8,1.67919,9,0.7147745035,0.8909574468,1.66898,0.004281070443,58,2023
1313,EUR_CHF,2023-07-03 12:00:00,2023-07-03 16:00:00,0.97994,0.9762336578,2023-07-04 08:00:00,0.9761836578,stoploss,-1.013490389,5,0.03507501253,-7.6868239,1,1,0.97895,6,0.5072386427,0.7,0.97233,0.001853171113,0,2023
1314,EUR_GBP,2023-07-10 12:00:00,2023-07-10 16:00:00,0.85835,0.8550528895,2023-07-10 20:00:00,0.8550128895,stoploss,-1.012131835,2,3.563726522,-2.766058373,0.8,0.8,0.85641,11,1.152524322,0.9716981132,0.85201,0.001648555231,0,2023
1315,NZD_CHF,2023-07-13 04:00:00,2023-07-13 08:00:00,0.548245,0.5436057909,2023-07-17 12:00:00,0.5435207909,stoploss,-1.018322089,14,0.4278746581,-6.765161785,1.7,1.7,0.54756,6,0.254353701,0.818627451,0.54151,0.002319604541,8,2023
1316,EUR_GBP,2023-07-17 04:00:00,2023-07-17 08:00:00,0.85779,0.854786747,2023-07-27 16:00:00,0.854746747,stoploss,-1.013318891,51,4.098888803,-2.850242742,0.8,0.8,0.85754,14,0.1465078045,0.9393939394,0.85039,0.001501626489,14,2023
1317,CAD_CHF,2023-07-19 08:00:00,2023-07-19 12:00:00,0.652165,0.648261665,2023-08-17 20:00:00,0.648186665,stoploss,-1.019214338,129,2.468401996,-1.597351992,1.5,1.5,0.65184,4,0.1229717652,0.7142857143,0.64805,0.001951667519,50,2023
1318,USD_JPY,2023-07-19 08:00:00,2023-07-19 12:00:00,139.735,138.5717601,2023-07-28 04:00:00,138.5687601,stoploss,-1.002579004,41,6.995977656,-1.450259807,0.6,0.6,139.403,10,0.5656615013,0.9709618875,137.234,0.5816199251,11,2023
1319,AUD_JPY,2023-07-20 04:00:00,2023-07-20 08:00:00,95.2235,94.39655368,2023-07-27 20:00:00,94.39205368,stoploss,-1.005441707,34,0.7648622194,-4.150813547,0.9,0.9,94.83,7,0.938392225,0.9937402191,93.772,0.4134731615,18,2023
1320,AUD_CHF,2023-07-20 12:00:00,2023-07-20 16:00:00,0.58766,0.5832651881,2023-07-21 12:00:00,0.5831951881,stoploss,-1.015927872,6,0.2548459455,-6.236899434,1.4,1.4,0.58731,14,0.1274229728,0.9944134078,0.57994,0.002197405962,1,2023
1321,USD_CHF,2023-07-20 12:00:00,2023-07-20 16:00:00,0.862495,0.857079172,2023-07-27 08:00:00,0.857034172,stoploss,-1.008308979,29,6.384065383,-1.337745588,0.9,0.9,0.86136,5,0.4025238622,0.9141221374,0.8555,0.002707913996,14,2023
1322,EUR_NZD,2023-07-21 08:00:00,2023-07-21 12:00:00,1.7976,1.78427418,2023-07-24 16:00:00,1.78408418,stoploss,-1.014258034,8,3.643303003,-2.255771128,3.8,3.8,1.79102,4,0.9590404198,0.922953451,1.77839,0.006662909996,4,2023
1323,USD_CAD,2023-07-21 12:00:00,2023-07-21 16:00:00,1.321135,1.315180456,2023-07-24 20:00:00,1.315115456,stoploss,-1.010916034,8,8.115651249,-1.084046121,1.3,1.3,1.31945,5,0.5407635183,0.991349481,1.31193,0.002977271849,3,2023
1324,AUD_NZD,2023-07-21 16:00:00,2023-07-21 20:00:00,1.090475,1.084733329,2023-07-25 00:00:00,1.084628329,stoploss,-1.018287361,8,0.3770679621,-3.289112454,2.1,2.1,1.09003,6,0.1184324315,0.8664495114,1.07238,0.002870835258,2,2023
1325,GBP_USD,2023-07-25 20:00:00,2023-07-26 00:00:00,1.288795,1.281246227,2023-07-27 20:00:00,1.281201227,stoploss,-1.005961234,12,1.426059621,-6.898472342,0.9,0.9,1.28837,9,0.4265594036,0.847761194,1.27979,0.003774386373,8,2023
1326,USD_CAD,2023-07-28 04:00:00,2023-07-28 08:00:00,1.324145,1.31821455,2023-07-31 16:00:00,1.31814955,stoploss,-1.010960382,9,7.641072438,-1.523493092,1.3,1.3,1.32378,8,0.1011727565,0.7237762238,1.31468,0.002965225128,5,2023
1327,EUR_NZD,2023-07-28 08:00:00,2023-07-28 12:00:00,1.78719,1.772674876,2023-07-31 16:00:00,1.772484876,stoploss,-1.013089796,8,4.061970246,-1.353760437,3.8,3.8,1.78611,8,0.1171192235,0.7900696864,1.76868,0.007257561778,2,2023
1328,USD_CHF,2023-07-28 08:00:00,2023-07-28 12:00:00,0.871195,0.8641421791,2023-09-22 12:00:00,0.906155,time_exit,4.956881838,240,5.197211206,-0.7238238496,0.9,0.9,0.87007,20,0.3090961787,0.5391791045,0.85525,0.003526410468,234,2023
1329,EUR_CHF,2023-07-28 20:00:00,2023-07-31 00:00:00,0.95683,0.9522085645,2023-08-23 08:00:00,0.9521585645,stoploss,-1.010819149,105,2.354246867,-1.164140455,1,1,0.95561,7,1.402161737,0.7864583333,0.95171,0.00231071774,15,2023
1330,GBP_CHF,2023-07-31 00:00:00,2023-07-31 04:00:00,1.118495,1.111985224,2023-08-03 08:00:00,1.111890224,stoploss,-1.014593437,20,0.9024888564,-1.99315624,1.9,1.9,1.11783,8,0.1781935444,0.9039548023,1.10882,0.003254887835,13,2023
1331,GBP_JPY,2023-07-31 04:00:00,2023-07-31 08:00:00,182.3,180.0527542,2023-09-25 08:00:00,181.598,time_exit,-0.3123823789,240,1.988656483,-0.8472593295,2.4,2.4,181.92,10,0.3275120097,0.8986880466,176.306,1.123622918,94,2023
1332,NZD_CHF,2023-07-31 04:00:00,2023-07-31 08:00:00,0.539805,0.5346296157,2023-08-02 04:00:00,0.5345446157,stoploss,-1.016423901,12,0.4415131041,-4.433487166,1.7,1.7,0.53931,9,0.154577892,0.9842931937,0.53364,0.002587692165,3,2023
1333,USD_JPY,2023-07-31 04:00:00,2023-07-31 08:00:00,141.883,140.1228656,2023-09-25 08:00:00,148.35,time_exit,3.67415132,240,3.802550609,-0.2102112244,0.6,0.6,141.319,9,0.6385876115,0.9342806394,138.048,0.8800671824,240,2023
1334,CAD_JPY,2023-07-31 08:00:00,2023-07-31 12:00:00,107.618,106.2359851,2023-08-04 16:00:00,106.2299851,stoploss,-1.004341487,26,2.084637412,-1.345861016,1.2,1.2,107.087,10,0.7597602509,0.9123563218,104.191,0.6910074585,1,2023
1335,NZD_JPY,2023-07-31 08:00:00,2023-07-31 12:00:00,88.199,87.00250883,2023-08-02 08:00:00,86.99550883,stoploss,-1.00585044,12,0.4931085295,-2.015894531,1,1.4,87.788,11,0.6786510609,0.9200863931,84.933,0.5982455836,4,2023
1336,AUD_JPY,2023-07-31 12:00:00,2023-07-31 16:00:00,95.4905,94.22872331,2023-08-02 04:00:00,94.22422331,stoploss,-1.0035664,10,0.456102894,-2.141028615,0.9,0.9,95.418,14,0.1109546571,0.8560885609,91.791,0.6308883451,0,2023
1337,EUR_GBP,2023-08-01 16:00:00,2023-08-01 20:00:00,0.85983,0.8556752161,2023-08-16 16:00:00,0.8556352161,stoploss,-1.009627456,66,2.592192587,-2.551275898,0.8,0.8,0.85907,6,0.3465884239,0.6416666667,0.85442,0.002077391945,43,2023
1338,USD_CAD,2023-08-02 12:00:00,2023-08-02 16:00:00,1.331625,1.325635566,2023-09-27 16:00:00,1.351215,time_exit,3.270759869,240,6.316957614,-0.09767200222,1.3,1.3,1.32615,14,1.809853853,0.6616915423,1.31511,0.002994716944,156,2023
1339,AUD_CHF,2023-08-04 08:00:00,2023-08-04 12:00:00,0.57556,0.5708545019,2023-08-08 08:00:00,0.5707845019,stoploss,-1.014876215,12,3.58304256,-3.253640664,1.4,1.4,0.57482,6,0.2890235991,0.8406593407,0.57061,0.002352749056,4,2023
1340,EUR_USD,2023-08-04 12:00:00,2023-08-04 16:00:00,1.098905,1.092894014,2023-08-14 08:00:00,1.092859014,stoploss,-1.005822672,35,1.26019259,-8.332243679,0.7,0.7,1.09628,5,0.8684099432,0.8582802548,1.09124,0.003005492994,23,2023
1341,GBP_CHF,2023-08-07 12:00:00,2023-08-07 16:00:00,1.117445,1.11085271,2023-08-10 16:00:00,1.11075771,stoploss,-1.014410773,19,1.050469486,-1.614765007,1.9,1.9,1.11555,6,0.5430585933,0.9123867069,1.10552,0.003296145245,11,2023
1342,NZD_CHF,2023-08-07 12:00:00,2023-08-07 16:00:00,0.534685,0.5302730295,2023-08-08 08:00:00,0.5301880295,stoploss,-1.019265768,5,3.729626014,-4.040144862,1.7,1.7,0.53435,7,0.1133280466,0.7579617834,0.53065,0.002205985257,0,2023
1343,EUR_JPY,2023-08-07 16:00:00,2023-08-07 20:00:00,156.784,155.671075,2023-10-02 20:00:00,157.144,time_exit,0.323471935,240,2.674933196,-0.3980501867,1.4,1.4,156.627,6,0.2713570122,0.9598445596,155.532,0.5564624949,102,2023
1344,NZD_JPY,2023-08-08 00:00:00,2023-08-08 04:00:00,87.305,86.51957213,2023-08-08 12:00:00,86.51457213,stoploss,-1.006365957,3,3.687162239,-1.932704516,1.4,1,87.041,11,0.6544203698,0.9949748744,86.133,0.3927139372,0,2023
1345,CHF_JPY,2023-08-08 04:00:00,2023-08-08 08:00:00,163.939,162.7458404,2023-09-26 20:00:00,162.7348404,stoploss,-1.009219219,214,2.226860455,-1.604144114,2.2,2.2,163.76,17,0.2816052363,0.7142857143,161.952,0.5965798158,98,2023
1346,EUR_NZD,2023-08-08 04:00:00,2023-08-08 08:00:00,1.80828,1.797634267,2023-09-14 16:00:00,1.797444267,stoploss,-1.017847527,165,3.55729393,-5.080909128,3.8,3.8,1.80709,8,0.1878687051,0.9986737401,1.79563,0.005322866305,56,2023
1347,AUD_NZD,2023-08-09 00:00:00,2023-08-09 04:00:00,1.079225,1.074994944,2023-09-26 00:00:00,1.074889944,stoploss,-1.024822365,204,2.968045596,-3.343927117,2.1,2.1,1.07883,11,0.137114014,0.7232704403,1.07159,0.002115028155,164,2023
1348,CAD_JPY,2023-08-10 00:00:00,2023-08-10 04:00:00,107.183,106.3903539,2023-10-05 04:00:00,108.113,time_exit,1.173285279,240,5.027464343,-0.8086837249,1.2,1.2,107.096,11,0.2018555319,0.7987012987,105.758,0.3963230496,218,2023
1349,AUD_JPY,2023-08-10 04:00:00,2023-08-10 08:00:00,94.183,93.39132897,2023-08-17 04:00:00,93.38682897,stoploss,-1.005684179,30,3.459770396,-1.760832396,0.8,0.9,94.109,5,0.1818937338,0.823943662,92.901,0.395835516,2,2023
1350,AUD_CAD,2023-08-10 12:00:00,2023-08-10 16:00:00,0.881855,0.8762731728,2023-08-10 20:00:00,0.8761781728,stoploss,-1.017019517,2,0.144218009,-4.549585513,1.9,1.9,0.88096,7,0.2866444899,0.5355521936,0.87442,0.002790913582,0,2023
1351,AUD_USD,2023-08-10 12:00:00,2023-08-10 16:00:00,0.65856,0.6529226729,2023-08-10 20:00:00,0.6528726729,stoploss,-1.008869452,2,0.04966892887,-5.325218731,1,1,0.6571,7,0.5108804113,0.5286144578,0.64967,0.002818663562,0,2023
1352,GBP_CHF,2023-08-15 16:00:00,2023-08-15 20:00:00,1.117615,1.112333214,2023-08-23 12:00:00,1.112238214,stoploss,-1.017986342,35,1.27892356,-2.163094252,1.9,1.9,1.11493,14,0.9845155457,0.8679245283,1.1091,0.002640892784,18,2023
1353,GBP_USD,2023-08-16 08:00:00,2023-08-16 12:00:00,1.275805,1.268178221,2023-08-23 08:00:00,1.268133221,stoploss,-1.005900263,30,0.5513467681,-9.451565227,0.9,0.9,1.27524,4,0.1363616264,0.871641791,1.26162,0.003813389543,23,2023
1354,GBP_NZD,2023-08-16 20:00:00,2023-08-17 00:00:00,2.14272,2.129211992,2023-08-23 12:00:00,2.128971992,stoploss,-1.017767238,28,1.17559892,-8.564549055,4.8,4.8,2.12767,16,2.260881045,0.5256410256,2.09477,0.006754004166,16,2023
1355,EUR_AUD,2023-08-17 00:00:00,2023-08-17 04:00:00,1.69839,1.687022657,2023-08-22 16:00:00,1.686902657,stoploss,-1.010556556,22,0.7002515588,-5.851850966,2.4,2.4,1.69555,5,0.4768044534,0.9968602826,1.67099,0.005683671746,0,2023
1356,CAD_CHF,2023-08-18 16:00:00,2023-08-18 20:00:00,0.651435,0.6477667026,2023-08-22 00:00:00,0.6476917026,stoploss,-1.020445453,8,8.588453166,-1.500696228,1.5,1.5,0.65085,8,0.2780581568,0.9925093633,0.6466,0.001834148676,2,2023
1357,NZD_CHF,2023-08-18 16:00:00,2023-08-18 20:00:00,0.523985,0.519762212,2023-08-21 08:00:00,0.519677212,stoploss,-1.020128882,4,6.430585732,-1.230229898,1.7,1.7,0.52323,7,0.3267983174,0.9921568627,0.51686,0.00211139398,0,2023
1358,AUD_CAD,2023-08-22 08:00:00,2023-08-22 12:00:00,0.871105,0.8659696627,2023-09-19 12:00:00,0.8658746627,stoploss,-1.018499272,121,2.250095634,-2.851808789,1.9,1.9,0.87072,17,0.1129429224,0.6721311475,0.86232,0.002567668642,48,2023
1359,AUD_USD,2023-08-22 08:00:00,2023-08-22 12:00:00,0.6438,0.6384736684,2023-08-25 16:00:00,0.6384236684,stoploss,-1.009387324,20,1.577070417,-2.865011258,1,1,0.64213,5,0.6082985896,0.7126099707,0.63649,0.0026631658,10,2023
1360,NZD_CAD,2023-08-22 08:00:00,2023-08-22 12:00:00,0.805895,0.8006682143,2023-08-28 00:00:00,0.8005532143,stoploss,-1.02200205,22,3.046805618,-2.248992153,2.3,2.3,0.80543,10,0.1300990782,0.7073170732,0.79918,0.002613392844,7,2023
1361,NZD_USD,2023-08-22 08:00:00,2023-08-22 12:00:00,0.595585,0.5905213959,2023-08-25 04:00:00,0.5904663959,stoploss,-1.010861829,17,1.969940749,-2.118056595,1.1,1.1,0.5947,9,0.3278297387,0.7280453258,0.58966,0.002531802037,8,2023
1362,AUD_CHF,2023-08-23 00:00:00,2023-08-23 04:00:00,0.56652,0.5624674675,2023-10-18 04:00:00,0.5721,time_exit,1.376916784,240,6.391065362,-0.4589722615,1.4,1.4,0.56599,12,0.2319537236,0.9419087137,0.56025,0.002026266243,164,2023
1363,AUD_JPY,2023-08-24 04:00:00,2023-08-24 08:00:00,94.143,93.44267103,2023-10-03 16:00:00,93.43817103,stoploss,-1.006425552,171,3.968135139,-1.666359736,0.8,0.9,94.062,10,0.2198966576,0.9946524064,92.789,0.3501644857,157,2023
1364,CAD_CHF,2023-08-24 12:00:00,2023-08-24 16:00:00,0.651385,0.6477777614,2023-08-29 16:00:00,0.6477027614,stoploss,-1.020791527,19,8.747688486,-1.509464865,1.5,1.5,0.65032,7,0.5599851289,0.7454545455,0.64593,0.001803619325,4,2023
1365,EUR_GBP,2023-08-24 16:00:00,2023-08-24 20:00:00,0.85729,0.8540247996,2023-09-05 00:00:00,0.8539847996,stoploss,-1.012250397,44,4.428518411,-1.512923994,0.8,0.8,0.85655,7,0.4226386865,0.6242038217,0.84923,0.00163260019,21,2023
1366,EUR_CAD,2023-08-29 00:00:00,2023-08-29 04:00:00,1.47248,1.465835971,2023-08-31 20:00:00,1.465745971,stoploss,-1.013545998,17,1.491564923,-8.541504479,1.8,1.8,1.4719,8,0.1505110921,0.8851674641,1.46285,0.003322014297,9,2023
1367,GBP_NZD,2023-08-29 00:00:00,2023-08-29 04:00:00,2.13645,2.126405955,2023-08-29 12:00:00,2.126165955,stoploss,-1.023894755,3,0.4958161746,-10.89401723,4.8,4.8,2.13406,8,0.4340880564,0.9972183588,2.12322,0.005022022531,0,2023
1368,GBP_USD,2023-08-29 04:00:00,2023-08-29 08:00:00,1.262355,1.255496431,2023-09-05 08:00:00,1.255451431,stoploss,-1.006561136,31,1.792648067,-8.549159775,0.9,0.9,1.26108,5,0.3586754165,0.5243243243,1.25481,0.003429284371,8,2023
1369,AUD_USD,2023-08-29 16:00:00,2023-08-29 20:00:00,0.64616,0.6404091815,2023-09-05 08:00:00,0.6403591815,stoploss,-1.008694414,28,1.05028527,-3.063911666,1,1,0.64413,12,0.6885976275,0.8915304606,0.63796,0.002875409268,5,2023
1370,EUR_USD,2023-08-29 16:00:00,2023-08-29 20:00:00,1.086285,1.080613893,2023-09-01 16:00:00,1.080578893,stoploss,-1.006171634,18,1.459150638,-7.30809646,0.7,0.7,1.08417,12,0.7441227425,0.9841849148,1.07659,0.002835553706,5,2023
1371,NZD_CAD,2023-08-29 16:00:00,2023-08-29 20:00:00,0.808185,0.8024747854,2023-09-05 08:00:00,0.8023597854,stoploss,-1.020139348,28,2.387826203,-2.459627358,2.3,2.3,0.80696,12,0.392279479,0.8736176935,0.80044,0.00285510729,16,2023
1372,NZD_USD,2023-08-29 16:00:00,2023-08-29 20:00:00,0.594905,0.5895153991,2023-09-05 08:00:00,0.5894603991,stoploss,-1.010204837,28,1.976955289,-2.637486573,1.1,1.1,0.59427,12,0.2152292948,0.8815789474,0.58862,0.002694800448,16,2023
1373,NZD_JPY,2023-08-29 20:00:00,2023-08-30 00:00:00,87,86.43248975,2023-09-05 08:00:00,86.42548975,stoploss,-1.012334579,27,5.640426714,-1.238744136,1,1.4,86.808,10,0.884565514,0.8382352941,86.154,0.2837551273,3,2023
1374,EUR_CHF,2023-08-30 12:00:00,2023-08-30 16:00:00,0.95751,0.9541392079,2023-09-01 20:00:00,0.9540892079,stoploss,-1.014833309,14,3.524394203,-4.678425638,1,1,0.95686,6,0.3559994144,0.6972111554,0.95145,0.001685396031,4,2023
1375,GBP_CAD,2023-08-30 12:00:00,2023-08-30 16:00:00,1.7214,1.713186612,2023-08-31 16:00:00,1.712926612,stoploss,-1.031655635,7,0.4066531526,-10.44027181,2.8,5.2,1.7187,5,0.628242595,0.8852657005,1.70763,0.004106693848,0,2023
1376,NZD_CHF,2023-08-30 12:00:00,2023-08-30 16:00:00,0.525815,0.5217687876,2023-08-31 00:00:00,0.5216837876,stoploss,-1.0210073,3,6.258939824,-2.074779855,1.7,1.7,0.52461,20,0.5585470485,0.927444795,0.52011,0.002023106206,0,2023
1377,GBP_CHF,2023-08-30 16:00:00,2023-08-30 20:00:00,1.117115,1.111501034,2023-09-07 08:00:00,1.111406034,stoploss,-1.016922083,34,0.7882127913,-6.921131752,1.9,1.9,1.11654,8,0.1710020971,0.9593301435,1.1086,0.00280698312,5,2023
1378,EUR_AUD,2023-08-30 20:00:00,2023-08-31 00:00:00,1.68472,1.673681367,2023-08-31 20:00:00,1.673561367,stoploss,-1.010870912,6,0.4303069155,-4.787730629,2.4,2.4,1.68541,7,0.1068972969,0.5348837209,1.67443,0.005519316363,0,2023
1379,CAD_CHF,2023-08-31 08:00:00,2023-08-31 12:00:00,0.650495,0.6471334456,2023-10-26 12:00:00,0.652015,time_exit,0.452171763,240,9.65178477,-0.6440472808,1.5,1.5,0.64952,4,0.5354665614,0.9306358382,0.64594,0.001680777223,119,2023
1380,GBP_AUD,2023-09-05 04:00:00,2023-09-05 08:00:00,1.96514,1.953967545,2023-09-07 08:00:00,1.953767545,stoploss,-1.017901169,13,0.8735770388,-7.103183791,4,4,1.96132,11,0.6480223116,0.8251599147,1.9465,0.005586227411,0,2023
1381,GBP_NZD,2023-09-05 04:00:00,2023-09-05 08:00:00,2.13417,2.122247677,2023-09-07 08:00:00,2.122007677,stoploss,-1.020130305,13,0.6089417297,-8.986503709,4.8,4.8,2.12759,10,1.056841019,0.9701280228,2.11297,0.005961161508,5,2023
1382,EUR_AUD,2023-09-05 08:00:00,2023-09-05 12:00:00,1.68555,1.674585713,2023-09-07 12:00:00,1.674465713,stoploss,-1.010944624,13,0.1833224487,-4.895895048,2.4,2.4,1.68059,12,0.8792181123,0.6194939082,1.66498,0.00548214366,0,2023
1383,EUR_CHF,2023-09-06 12:00:00,2023-09-06 16:00:00,0.95613,0.9530620896,2023-09-14 20:00:00,0.9530120896,stoploss,-1.016297738,38,4.322160101,-4.690488979,1,1,0.95563,11,0.2803210926,0.7450980392,0.95208,0.001533955209,35,2023
1384,EUR_GBP,2023-09-07 00:00:00,2023-09-07 04:00:00,0.85807,0.854919694,2023-11-02 04:00:00,0.86922,time_exit,3.539338711,240,5.501052902,-0.7173906266,0.8,0.8,0.85766,10,0.2285492262,0.9028571429,0.85235,0.001575153003,229,2023
1385,NZD_CHF,2023-09-07 12:00:00,2023-09-07 16:00:00,0.526285,0.5227931205,2023-10-19 12:00:00,0.5227081205,stoploss,-1.024342192,180,7.117943218,-2.5387474,1.7,1.7,0.5255,5,0.4066577899,0.9779005525,0.52087,0.00174593975,95,2023
1386,NZD_CAD,2023-09-08 00:00:00,2023-09-08 04:00:00,0.805905,0.8005920875,2023-09-12 00:00:00,0.8004770875,stoploss,-1.021645378,12,2.995532107,-2.214416289,2.3,2.3,0.80485,10,0.3689125309,0.7212389381,0.79805,0.002656456254,2,2023
1387,NZD_JPY,2023-09-08 08:00:00,2023-09-08 12:00:00,87.049,86.49459507,2023-09-11 00:00:00,86.48959507,stoploss,-1.009018679,4,5.68537513,-1.17964319,1.4,1,86.876,5,0.6024477454,0.9651567944,86.297,0.2772024649,1,2023
1388,AUD_USD,2023-09-11 04:00:00,2023-09-11 08:00:00,0.64375,0.6385294633,2023-09-13 12:00:00,0.6384794633,stoploss,-1.009577559,14,1.630100598,-3.206566863,1,1,0.64147,5,0.8543182922,0.9869281046,0.63574,0.002610268351,2,2023
1389,NZD_USD,2023-09-11 04:00:00,2023-09-11 08:00:00,0.593085,0.5881394073,2023-09-13 12:00:00,0.5880844073,stoploss,-1.011121013,14,2.522447913,-3.185664679,1.1,1.1,0.5904,17,1.063573228,0.9533527697,0.58486,0.002472796353,2,2023
1390,GBP_CHF,2023-09-11 08:00:00,2023-09-11 12:00:00,1.116145,1.111708164,2023-09-12 08:00:00,1.111613164,stoploss,-1.021411655,6,1.215956614,-8.538742601,1.9,1.9,1.11478,4,0.576987754,0.8649635036,1.11094,0.002218417967,1,2023
1391,EUR_USD,2023-09-11 16:00:00,2023-09-11 20:00:00,1.075135,1.070356565,2023-09-14 12:00:00,1.070321565,stoploss,-1.007324575,17,0.371460565,-6.339942432,0.7,0.7,1.07437,6,0.3055393943,0.772972973,1.06861,0.002389217278,2,2023
1392,EUR_AUD,2023-09-13 04:00:00,2023-09-13 08:00:00,1.6776,1.668255709,2023-09-14 00:00:00,1.668135709,stoploss,-1.012842065,5,0.7384187625,-4.893897103,2.4,2.4,1.67486,6,0.5671912234,0.6536885246,1.66457,0.004672145638,1,2023
1393,NZD_JPY,2023-09-13 16:00:00,2023-09-13 20:00:00,87.238,86.67140154,2023-11-08 20:00:00,89.313,time_exit,3.662205497,240,5.229452958,-0.8065676685,1.4,1,86.922,13,1.094249353,0.6336206897,86.368,0.2832992307,70,2023
1394,AUD_USD,2023-09-14 12:00:00,2023-09-14 16:00:00,0.64412,0.639125534,2023-09-21 12:00:00,0.639075534,stoploss,-1.01001108,30,1.629803866,-3.425791665,1,1,0.6433,9,0.3123457041,0.6853582555,0.63637,0.002497233001,24,2023
1395,EUR_AUD,2023-09-18 16:00:00,2023-09-18 20:00:00,1.66086,1.650929932,2023-09-20 12:00:00,1.650809932,stoploss,-1.012084509,11,2.38064828,-2.919415974,2.4,2.4,1.65925,5,0.300098641,0.831300813,1.64551,0.004965034147,2,2023
1396,EUR_USD,2023-09-18 16:00:00,2023-09-18 20:00:00,1.069255,1.064017333,2023-09-21 00:00:00,1.063982333,stoploss,-1.006682364,14,1.219054129,-4.661426244,0.7,0.7,1.06878,6,0.168013725,0.848758465,1.06314,0.00261883367,11,2023
1397,NZD_USD,2023-09-19 12:00:00,2023-09-19 16:00:00,0.594295,0.5899552693,2023-09-21 12:00:00,0.5899002693,stoploss,-1.012673597,12,2.595783181,-3.909228732,1.1,1.1,0.59374,13,0.2258204631,0.6983240223,0.588,0.002169865358,6,2023
1398,NZD_CAD,2023-09-20 12:00:00,2023-09-20 16:00:00,0.801235,0.7963374996,2023-09-21 00:00:00,0.7962224996,stoploss,-1.023481366,3,5.35681428,-1.150586944,2.3,2.3,0.79906,7,0.8412454672,0.8872180451,0.79414,0.002448750193,0,2023
1399,GBP_AUD,2023-09-21 04:00:00,2023-09-21 08:00:00,1.92336,1.912135586,2023-09-21 12:00:00,1.911935586,stoploss,-1.017818303,2,0.9630792522,-3.348059047,4,4,1.92132,5,0.3260749365,0.9244558259,1.90546,0.005612206875,0,2023
1400,EUR_CHF,2023-09-21 08:00:00,2023-09-21 12:00:00,0.96665,0.9621555378,2023-09-21 12:00:00,0.9621055378,stoploss,-1.011124801,1,0.6096391214,-5.5423761,1,1,0.96047,5,2.736701165,0.9661016949,0.95175,0.002247231111,0,2023
1401,GBP_CHF,2023-09-21 08:00:00,2023-09-21 12:00:00,1.116205,1.110636778,2023-09-21 12:00:00,1.110541778,stoploss,-1.017061101,1,0.9581155016,-6.814562832,1.9,1.9,1.11347,10,0.9518298329,0.9598352214,1.1071,0.002784111097,0,2023
1402,EUR_AUD,2023-09-22 00:00:00,2023-09-22 04:00:00,1.66246,1.653200921,2023-09-22 08:00:00,1.653080921,stoploss,-1.012960252,2,2.380366235,-3.303784171,2.4,2.4,1.65637,11,1.289545047,0.7730375427,1.64551,0.004629539707,0,2023
1403,AUD_CAD,2023-09-22 12:00:00,2023-09-22 16:00:00,0.868305,0.8634242648,2023-09-26 00:00:00,0.8633292648,stoploss,-1.019464281,9,5.221549414,-2.426888476,1.9,1.9,0.86655,5,0.6802253896,0.8414634146,0.8628,0.002440367598,0,2023
1404,NZD_CAD,2023-09-26 12:00:00,2023-09-26 16:00:00,0.805825,0.8012483071,2023-09-27 04:00:00,0.8011333071,stoploss,-1.025127314,4,6.431499932,-2.105231929,2.3,2.3,0.80439,5,0.5768357337,0.9563318777,0.79414,0.002288346444,0,2023
1405,USD_CHF,2023-09-26 16:00:00,2023-09-26 20:00:00,0.914665,0.9099024271,2023-09-29 08:00:00,0.9098574271,stoploss,-1.009448674,16,2.048262629,-6.869186254,0.9,0.9,0.90785,19,2.843001127,0.953125,0.89318,0.002381286428,6,2023
1406,USD_JPY,2023-09-26 20:00:00,2023-09-27 00:00:00,149.059,148.5162221,2023-10-03 16:00:00,148.5132221,stoploss,-1.005527123,29,5.250766733,-3.511565401,0.6,0.6,148.964,7,0.2910951382,0.7510548523,147.321,0.2713889366,28,2023
1407,GBP_AUD,2023-09-27 16:00:00,2023-09-27 20:00:00,1.90804,1.898079471,2023-09-28 20:00:00,1.897879471,stoploss,-1.020079254,7,2.623354531,-2.234820967,4,4,1.90521,8,0.526076454,0.9044585987,1.89586,0.004980264713,0,2023
1408,GBP_CHF,2023-09-27 16:00:00,2023-09-27 20:00:00,1.116155,1.11134974,2023-10-02 08:00:00,1.11125474,stoploss,-1.019770003,16,1.120647038,-7.886150328,1.9,1.9,1.11472,14,0.5577222029,0.8075117371,1.1068,0.002402629827,4,2023
1409,AUD_NZD,2023-09-28 20:00:00,2023-09-29 00:00:00,1.074035,1.070097399,2023-10-02 00:00:00,1.069992399,stoploss,-1.026665981,7,5.149073979,-3.287534533,2.1,2.1,1.07719,10,0.1930109112,0.6855670103,1.07158,0.001968800612,0,2023
1410,GBP_JPY,2023-09-28 20:00:00,2023-09-29 00:00:00,182.096,181.2362653,2023-10-02 20:00:00,181.2242653,stoploss,-1.013957794,12,7.198732268,-4.666555802,2.4,2.4,181.957,20,0.4326916147,0.7407407407,180.886,0.4298673551,3,2023
1411,AUD_CAD,2023-09-29 00:00:00,2023-09-29 04:00:00,0.867525,0.8624435318,2023-10-13 16:00:00,0.8623485318,stoploss,-1.018695384,64,7.075710888,-1.839035412,1.9,1.9,0.8665,14,0.3660359408,0.9403409091,0.85646,0.002540734109,47,2023
1412,GBP_CAD,2023-09-29 00:00:00,2023-09-29 04:00:00,1.64769,1.639807792,2023-11-24 04:00:00,1.71629,time_exit,8.70314478,240,9.460546738,-0.5265021988,2.8,5.2,1.64519,9,0.6140411186,0.9060542797,1.63565,0.003941104149,224,2023
1413,AUD_USD,2023-09-29 04:00:00,2023-09-29 08:00:00,0.64578,0.6408863312,2023-10-02 04:00:00,0.6408363312,stoploss,-1.010217283,6,2.691232412,-3.835568137,1,1,0.64306,18,1.091205853,0.9050131926,0.6331,0.002446834384,1,2023
1414,CHF_JPY,2023-09-29 04:00:00,2023-09-29 08:00:00,163.528,162.7328205,2023-10-03 08:00:00,162.7218205,stoploss,-1.013833354,13,8.808073999,-4.519734145,2.2,2.2,163.293,16,0.5633947961,0.8198924731,162.025,0.3975897569,6,2023
1415,NZD_USD,2023-09-29 04:00:00,2023-09-29 08:00:00,0.600395,0.59576523,2023-10-02 16:00:00,0.59571023,stoploss,-1.01187964,9,1.776546148,-4.981888984,1.1,1.1,0.59737,18,1.283001108,0.9210526316,0.58998,0.002314884984,1,2023
1416,EUR_CAD,2023-09-29 16:00:00,2023-09-29 20:00:00,1.432825,1.424405662,2023-11-24 20:00:00,1.488785,time_exit,6.646603157,240,8.503637474,-0.3082189992,3.7,3.7,1.42972,13,0.7007676667,0.9488752556,1.41573,0.00420966911,219,2023
1417,NZD_CAD,2023-09-29 20:00:00,2023-10-02 00:00:00,0.813845,0.808488306,2023-10-03 12:00:00,0.808373306,stoploss,-1.021468466,10,3.997801655,-3.295876172,2.3,2.3,0.80591,19,3.031720704,0.8144329897,0.79756,0.002678346983,2,2023
1418,USD_CAD,2023-09-29 20:00:00,2023-10-02 00:00:00,1.356155,1.348996545,2023-11-27 00:00:00,1.362795,time_exit,0.9275744051,240,4.715402717,-0.08870628723,1.3,1.3,1.35162,6,1.531056548,0.6575682382,1.34475,0.003579227695,137,2023
1419,EUR_AUD,2023-10-03 04:00:00,2023-10-03 08:00:00,1.65639,1.645751474,2023-10-10 00:00:00,1.645631474,stoploss,-1.011279758,29,2.642283353,-1.120455979,2.4,2.4,1.65193,5,0.8140225483,0.9594470046,1.63187,0.005319262972,3,2023
1420,EUR_NZD,2023-10-03 04:00:00,2023-10-03 08:00:00,1.77068,1.759949839,2023-10-09 12:00:00,1.759759839,stoploss,-1.017707097,26,5.382025405,-1.856449283,3.8,3.8,1.76674,5,0.6971004335,0.9170984456,1.75419,0.005365080583,5,2023
1421,GBP_AUD,2023-10-03 04:00:00,2023-10-03 08:00:00,1.9099,1.898352622,2023-11-01 20:00:00,1.898152622,stoploss,-1.01731995,130,2.101775892,-1.731128969,4,4,1.90486,5,0.8382855637,0.9689265537,1.88578,0.005773688835,88,2023
1422,GBP_NZD,2023-10-03 04:00:00,2023-10-03 08:00:00,2.04161,2.029870891,2023-10-10 00:00:00,2.029630891,stoploss,-1.020444482,29,4.748230955,-1.155113235,4.8,4.8,2.03828,4,0.5213342921,0.8665730337,2.02703,0.005869554423,8,2023
1423,USD_CHF,2023-10-03 12:00:00,2023-10-03 16:00:00,0.922355,0.9164030728,2023-10-04 12:00:00,0.9163580728,stoploss,-1.007560576,6,0.3469464467,-7.768072137,0.9,0.9,0.91948,5,0.9509524883,0.6297229219,0.90911,0.00297596361,0,2023
1424,GBP_USD,2023-10-04 08:00:00,2023-10-04 12:00:00,1.211395,1.204318795,2023-11-29 12:00:00,1.268015,time_exit,8.001464581,240,8.749747078,-0.6281616048,0.9,0.9,1.21018,4,0.3306857492,0.9732142857,1.20523,0.00353810227,237,2023
1425,NZD_CAD,2023-10-05 04:00:00,2023-10-05 08:00:00,0.815995,0.8103746401,2023-10-13 00:00:00,0.8102596401,stoploss,-1.020461323,35,4.4151977,-3.523795706,2.3,2.3,0.81504,17,0.3024717344,0.9361702128,0.80527,0.002810179938,22,2023
1426,EUR_USD,2023-10-05 16:00:00,2023-10-05 20:00:00,1.053635,1.048148047,2023-11-30 20:00:00,1.088965,time_exit,6.43891005,240,8.765337641,-0.981418925,0.7,0.7,1.05322,7,0.1385103775,0.875,1.04484,0.002743476747,229,2023
1427,AUD_JPY,2023-10-06 08:00:00,2023-10-06 12:00:00,94.7765,94.02004483,2023-12-01 12:00:00,98.0385,time_exit,4.312218535,240,5.034667165,-0.9722982013,0.9,0.9,94.698,7,0.1982933109,0.7298387097,92.976,0.3782275844,169,2023
1428,CHF_JPY,2023-10-06 08:00:00,2023-10-06 12:00:00,163.129,162.1233925,2023-12-01 12:00:00,169.183,time_exit,6.020241236,240,7.361718842,-0.2565613213,2.2,2.2,162.851,5,0.5290334221,0.7025761124,159.934,0.5028037717,171,2023
1429,EUR_JPY,2023-10-06 08:00:00,2023-10-06 12:00:00,157.085,156.2046323,2023-12-01 12:00:00,161.124,time_exit,4.587855482,240,8.201118241,-0.653136148,1.4,1.4,156.784,6,0.6679027044,0.8702064897,154.342,0.4401838742,173,2023
1430,GBP_JPY,2023-10-06 08:00:00,2023-10-06 12:00:00,181.656,180.5487953,2023-12-01 12:00:00,187.293,time_exit,5.091199616,240,6.328549886,-0.803826088,2.4,2.4,181.259,11,0.6954450424,0.8550247117,178.084,0.5536023359,211,2023
1431,USD_JPY,2023-10-06 12:00:00,2023-10-06 16:00:00,149.42,148.6001298,2023-10-09 16:00:00,148.5971298,stoploss,-1.003659116,7,3.035846324,-3.355409095,0.6,0.6,149.118,6,0.7293837291,0.8230088496,147.245,0.4099351111,0,2023
1432,NZD_USD,2023-10-06 16:00:00,2023-10-06 20:00:00,0.598325,0.5927637966,2023-10-12 20:00:00,0.5927087966,stoploss,-1.009889946,25,4.079153082,-3.775262022,1.1,1.1,0.59709,4,0.4243685816,0.7507122507,0.5871,0.002780601701,13,2023
1433,AUD_USD,2023-10-09 20:00:00,2023-10-10 00:00:00,0.64082,0.6350063026,2023-10-12 16:00:00,0.6349563026,stoploss,-1.008600379,17,4.854053825,-2.375424639,1,1,0.64003,6,0.3027333356,0.85,0.62854,0.00290684869,6,2023
1434,CAD_JPY,2023-10-10 04:00:00,2023-10-10 08:00:00,109.494,108.8382203,2023-10-25 12:00:00,108.8322203,stoploss,-1.009149414,68,1.802434479,-3.447804025,1.2,1.2,109.424,8,0.1921376856,0.9282868526,107.516,0.327889866,26,2023
1435,GBP_NZD,2023-10-11 12:00:00,2023-10-11 16:00:00,2.04335,2.031929243,2023-12-06 16:00:00,2.04303,time_exit,-0.02801915839,240,4.728232978,-0.3870146252,4.8,4.8,2.04059,6,0.4483065342,0.7447108604,2.02805,0.005710378513,86,2023
1436,EUR_AUD,2023-10-11 16:00:00,2023-10-11 20:00:00,1.65653,1.647385543,2023-11-02 00:00:00,1.647265543,stoploss,-1.013122704,92,3.058683664,-3.242401524,2.4,2.4,1.65572,6,0.153098217,0.8742857143,1.64447,0.004572228297,48,2023
1437,EUR_NZD,2023-10-12 00:00:00,2023-10-12 04:00:00,1.76496,1.755130919,2023-12-01 16:00:00,1.754940919,stoploss,-1.019330394,220,6.45736889,-1.864874299,3.8,3.8,1.76336,9,0.2909732949,0.7132867133,1.75076,0.004914540355,140,2023
1438,USD_JPY,2023-10-12 00:00:00,2023-10-12 04:00:00,149.141,148.4331054,2023-11-20 08:00:00,148.4301054,stoploss,-1.004237919,164,3.910186416,-4.117844438,0.6,0.6,149.098,9,0.1158364473,0.8631578947,148.163,0.3539473193,135,2023
1439,AUD_NZD,2023-10-12 04:00:00,2023-10-12 08:00:00,1.067555,1.062946009,2023-10-13 00:00:00,1.062841009,stoploss,-1.02278156,5,5.804958564,-1.185725978,2.1,2.1,1.06697,11,0.2082885525,0.7142857143,1.06164,0.002304495347,0,2023
1440,AUD_CAD,2023-10-17 00:00:00,2023-10-17 04:00:00,0.865095,0.8597677479,2023-12-12 04:00:00,0.892075,time_exit,5.064524741,240,7.34618887,-0.3707352247,1.9,1.9,0.86402,4,0.3641652334,0.8713080169,0.85818,0.002663626044,185,2023
1441,AUD_NZD,2023-10-17 12:00:00,2023-10-17 16:00:00,1.079125,1.073790108,2023-11-29 04:00:00,1.073685108,stoploss,-1.019681749,184,2.846355782,-2.615798152,2.1,2.1,1.0701,10,3.344022862,0.7525773196,1.06109,0.002667445878,68,2023
1442,EUR_CHF,2023-10-17 16:00:00,2023-10-17 20:00:00,0.95293,0.9487999722,2023-10-18 12:00:00,0.9487499722,stoploss,-1.012106456,5,3.767529156,-3.04840566,1,1,0.95227,8,0.2953975302,0.7890295359,0.94569,0.00206501388,0,2023
1443,AUD_USD,2023-10-23 16:00:00,2023-10-23 20:00:00,0.63443,0.6296672562,2023-10-26 00:00:00,0.6296172562,stoploss,-1.01049815,14,8.211653128,-1.557925498,1,1,0.63256,6,0.7642653384,1,0.62958,0.002381371899,8,2023
1444,EUR_CHF,2023-10-23 16:00:00,2023-10-23 20:00:00,0.95073,0.9461865438,2023-10-24 16:00:00,0.9461365438,stoploss,-1.011004838,6,3.908918501,-2.286805362,1,1,0.94846,12,0.9772296253,0.9572192513,0.94174,0.0022717281,3,2023
1445,NZD_CHF,2023-10-24 08:00:00,2023-10-24 12:00:00,0.522345,0.5188726906,2023-10-26 00:00:00,0.5187876906,stoploss,-1.024479386,10,6.213444067,-1.144771271,1.7,1.7,0.52189,6,0.2188745071,0.6034482759,0.51742,0.001736154681,4,2023
1446,NZD_CAD,2023-10-25 00:00:00,2023-10-25 04:00:00,0.805095,0.800366357,2023-10-25 20:00:00,0.800251357,stoploss,-1.024319874,5,7.709400001,-1.618857688,2.3,2.3,0.80326,19,0.7232518997,0.9731285988,0.79619,0.002364321477,0,2023
1447,USD_CHF,2023-10-25 16:00:00,2023-10-25 20:00:00,0.896375,0.8918060472,2023-11-14 16:00:00,0.8917610472,stoploss,-1.009849084,84,3.253480749,-8.175834064,0.9,0.9,0.89522,6,0.4858881441,0.7954545455,0.88881,0.002284476404,30,2023
1448,GBP_CHF,2023-10-26 16:00:00,2023-10-26 20:00:00,1.089675,1.084389092,2023-12-21 16:00:00,1.084294092,stoploss,-1.017972313,240,4.908333396,-1.14928215,1.9,1.9,1.08833,6,0.4653883274,0.8530183727,1.07826,0.002642954126,139,2023
1449,EUR_CHF,2023-10-27 00:00:00,2023-10-27 04:00:00,0.94945,0.9453598609,2023-12-01 16:00:00,0.9453098609,stoploss,-1.012224523,154,4.655098357,-2.22730809,1,1,0.94893,8,0.2347108415,0.8185185185,0.94174,0.002045069571,103,2023
1450,AUD_CHF,2023-10-27 08:00:00,2023-10-27 12:00:00,0.57194,0.567445447,2023-12-22 12:00:00,0.58112,time_exit,2.042472288,240,3.228352168,-0.3315123866,1.4,1.4,0.5713,13,0.2580901802,0.8870967742,0.56133,0.002247276512,203,2023
1451,NZD_CHF,2023-10-30 00:00:00,2023-10-30 04:00:00,0.525885,0.5219908265,2023-12-25 04:00:00,0.53732,time_exit,2.93643824,240,4.631277977,-0.1271129802,1.7,15.4,0.524,17,0.9244580381,0.8535714286,0.51742,0.001947086753,131,2023
1452,AUD_USD,2023-10-30 12:00:00,2023-10-30 16:00:00,0.63764,0.6331950485,2023-10-31 12:00:00,0.6331450485,stoploss,-1.011248717,6,10.09009877,-1.392591112,1,1,0.63679,5,0.3599589304,0.8074074074,0.62701,0.002222475767,0,2023
1453,CAD_JPY,2023-10-31 04:00:00,2023-10-31 08:00:00,108.523,107.811112,2023-11-21 04:00:00,107.805112,stoploss,-1.008428292,90,3.02435202,-6.075393631,1.2,1.2,108.402,4,0.3230845168,0.985380117,107.712,0.3559440147,69,2023
1454,NZD_USD,2023-10-31 08:00:00,2023-10-31 12:00:00,0.585195,0.5812725626,2023-10-31 16:00:00,0.5812175626,stoploss,-1.014021893,2,12.31249718,-1.604869442,1.1,1.1,0.58442,10,0.3569209245,0.7993421053,0.57733,0.001961218724,0,2023
1455,CAD_CHF,2023-10-31 16:00:00,2023-10-31 20:00:00,0.655425,0.6517685946,2023-11-08 16:00:00,0.6516935946,stoploss,-1.020511949,36,1.267638438,-5.017222683,1.5,1.5,0.65393,7,0.7712492759,0.8502024291,0.64816,0.001828202689,15,2023
1456,NZD_CAD,2023-11-02 00:00:00,2023-11-02 04:00:00,0.814975,0.8092470173,2023-12-28 16:00:00,0.836015,time_exit,3.673195436,240,4.639504216,-0.9942418254,2.3,2.3,0.80965,10,1.826122826,0.9779411765,0.79744,0.002863991362,153,2023
1457,AUD_USD,2023-11-02 20:00:00,2023-11-03 00:00:00,0.64345,0.6383078607,2023-11-09 20:00:00,0.6382578607,stoploss,-1.009723579,30,8.492574323,-1.864982545,1,1,0.63837,19,1.956384192,0.9044117647,0.63145,0.002571069639,8,2023
1458,GBP_AUD,2023-11-03 16:00:00,2023-11-03 20:00:00,1.90181,1.890889608,2023-12-14 00:00:00,1.890689608,stoploss,-1.018314361,170,2.732502694,-3.935756226,4,4,1.89921,5,0.4413761054,0.8188405797,1.88991,0.005460195898,39,2023
1459,NZD_USD,2023-11-03 16:00:00,2023-11-03 20:00:00,0.599325,0.5939498791,2023-11-07 04:00:00,0.5938948791,stoploss,-1.010232328,9,6.996121758,-2.412038787,1.1,1.1,0.59171,7,2.812960005,0.800511509,0.58045,0.00268756043,3,2023
1460,EUR_AUD,2023-11-07 04:00:00,2023-11-07 08:00:00,1.66379,1.65308126,2023-11-28 04:00:00,1.65296126,stoploss,-1.0112058,90,1.89191258,-4.755928316,2.4,2.4,1.65682,15,1.283064109,0.9371757925,1.64527,0.005354370022,31,2023
1461,NZD_JPY,2023-11-09 08:00:00,2023-11-09 12:00:00,89.605,89.07469945,2023-11-10 16:00:00,89.06969945,stoploss,-1.009428616,8,3.599845431,-3.633788448,1.4,1,89.498,6,0.3809160698,0.8366013072,88.929,0.2651502733,1,2023
1462,AUD_USD,2023-11-14 12:00:00,2023-11-14 16:00:00,0.64423,0.6393295184,2024-01-11 12:00:00,0.67105,time_exit,5.472931497,240,8.75220104,-0.01632492617,1,1,0.63916,5,2.052859465,0.950877193,0.63386,0.002450240791,184,2023
1463,NZD_JPY,2023-11-14 16:00:00,2023-11-14 20:00:00,90.219,89.59686024,2023-11-17 04:00:00,89.58986024,stoploss,-1.011251491,15,2.081525855,-4.084291273,1.4,1.4,89.493,8,2.324236592,0.8801313629,88.965,0.311069881,5,2023
1464,NZD_USD,2023-11-14 16:00:00,2023-11-14 20:00:00,0.599085,0.5941778507,2023-11-17 08:00:00,0.5941228507,stoploss,-1.011208137,16,7.712216925,-1.026053963,1.1,1.1,0.59548,18,1.450944233,0.9881422925,0.58783,0.002453574657,4,2023
1465,EUR_GBP,2023-11-15 16:00:00,2023-11-15 20:00:00,0.87374,0.8706639375,2023-11-21 16:00:00,0.8706239375,stoploss,-1.013003637,24,0.9265091359,-6.121462115,0.8,0.8,0.87308,7,0.4031127468,0.9602272727,0.86889,0.001538031245,3,2023
1466,NZD_USD,2023-11-21 00:00:00,2023-11-21 04:00:00,0.605545,0.6002116849,2023-11-22 16:00:00,0.6001566849,stoploss,-1.010312535,10,5.884707653,-1.105316285,1.1,1.1,0.60433,4,0.4462515282,0.9305912596,0.58636,0.002666657534,1,2023
1467,NZD_JPY,2023-11-22 16:00:00,2023-11-22 20:00:00,90.037,89.43474097,2023-12-07 08:00:00,89.42774097,stoploss,-1.011622906,64,2.45243312,-3.916919248,1.4,1.4,89.946,16,0.2855913992,0.9587628866,89.185,0.3011295167,38,2023
1468,CAD_JPY,2023-11-24 12:00:00,2023-11-24 16:00:00,109.524,108.9038818,2023-11-28 00:00:00,108.8978818,stoploss,-1.009675574,9,1.406183465,-8.588684787,1.2,1.2,109.309,10,0.6676146267,0.8881789137,107.233,0.3100591145,0,2023
1469,NZD_USD,2023-11-24 12:00:00,2023-11-24 16:00:00,0.606925,0.6028127493,2024-01-23 04:00:00,0.608525,time_exit,0.3890813333,240,7.296490878,-0.1981883041,1.1,1.1,0.60665,7,0.1069973666,0.6147540984,0.59965,0.002056125369,138,2023
1470,CAD_CHF,2023-11-24 16:00:00,2023-11-24 20:00:00,0.647755,0.6447261386,2023-11-27 12:00:00,0.6446511386,stoploss,-1.02476178,5,1.17700996,-5.762891681,1.5,1.5,0.64668,8,0.6603141428,0.6,0.64259,0.001514430686,0,2023
1471,GBP_CAD,2023-11-27 04:00:00,2023-11-27 08:00:00,1.72185,1.71435273,2023-11-28 08:00:00,1.71409273,stoploss,-1.034679291,7,0.7349341991,-6.127563903,5.2,5.2,1.72094,4,0.1733964535,0.9623115578,1.70829,0.003748634917,1,2023
1472,USD_CAD,2023-11-30 12:00:00,2023-11-30 16:00:00,1.362135,1.356235009,2023-11-30 16:00:00,1.356170009,stoploss,-1.011016966,1,0.08898318867,-7.524587926,1.3,1.3,1.36149,5,0.196610474,0.8706199461,1.35411,0.002949995431,0,2023
1473,CAD_JPY,2023-11-30 16:00:00,2023-11-30 20:00:00,109.107,108.3760198,2023-12-04 08:00:00,108.3700198,stoploss,-1.008208156,10,1.763385536,-6.715639719,1.2,1.2,108.849,7,0.6894851127,0.5972850679,108.255,0.365490125,5,2023
1474,USD_JPY,2023-11-30 16:00:00,2023-11-30 20:00:00,148.214,147.1383545,2023-12-01 16:00:00,147.1353545,stoploss,-1.002789023,6,0.5512968853,-7.403926466,0.6,0.6,147.906,6,0.5652420004,0.6145181477,146.669,0.5378227375,4,2023
1475,CAD_CHF,2023-12-01 12:00:00,2023-12-01 16:00:00,0.647905,0.6444606745,2023-12-01 16:00:00,0.6443856745,stoploss,-1.021774945,1,0.9914858414,-5.111305487,1.5,1.5,0.64759,13,0.1393596497,0.9485981308,0.64051,0.001722162767,0,2023
1476,EUR_AUD,2023-12-05 00:00:00,2023-12-05 04:00:00,1.63948,1.629171463,2023-12-08 04:00:00,1.629051463,stoploss,-1.011640837,19,2.710374863,-2.582325657,2.4,2.4,1.63789,4,0.283260365,0.8631346578,1.62688,0.005154268582,2,2023
1477,EUR_NZD,2023-12-05 04:00:00,2023-12-05 08:00:00,1.76276,1.750589929,2023-12-06 04:00:00,1.750399929,stoploss,-1.01561207,6,2.52997697,-2.01560036,3.8,3.8,1.76007,5,0.4092005623,0.6213720317,1.74832,0.006085035627,1,2023
1478,USD_CAD,2023-12-07 04:00:00,2023-12-07 08:00:00,1.360755,1.35524955,2023-12-08 16:00:00,1.35518455,stoploss,-1.011806484,9,0.2152412779,-7.813167569,1.3,1.3,1.35947,7,0.4431972305,0.9465240642,1.34798,0.002752724783,2,2023
1479,CAD_CHF,2023-12-08 12:00:00,2023-12-08 16:00:00,0.647365,0.6436884223,2023-12-12 12:00:00,0.6436134223,stoploss,-1.020399405,12,1.075728648,-4.641544724,1.5,1.5,0.64557,5,0.9356527308,0.85,0.6423,0.001838288869,6,2023
1480,USD_CHF,2023-12-08 12:00:00,2023-12-08 16:00:00,0.879545,0.874084107,2023-12-12 12:00:00,0.874039107,stoploss,-1.00824041,12,0.4605473859,-8.477551185,0.9,0.9,0.87821,5,0.4687877964,0.8044515103,0.86666,0.002730446505,0,2023
1481,EUR_CHF,2023-12-08 16:00:00,2023-12-08 20:00:00,0.9473,0.9433442431,2023-12-20 08:00:00,0.9432942431,stoploss,-1.012639806,46,1.817604132,-5.528651234,1,1,0.94624,6,0.5055922482,0.9095607235,0.94034,0.001977878426,23,2023
1482,EUR_NZD,2023-12-11 00:00:00,2023-12-11 04:00:00,1.76169,1.75022455,2023-12-12 04:00:00,1.75003455,stoploss,-1.016571526,7,2.778783238,-2.046147356,3.8,3.8,1.7601,11,0.2442119607,0.9330406147,1.74621,0.00573272495,1,2023
1483,GBP_NZD,2023-12-11 08:00:00,2023-12-11 12:00:00,2.05438,2.042647935,2023-12-12 04:00:00,2.042407935,stoploss,-1.020456756,5,3.408606982,-4.154426215,4.8,4.8,2.05261,13,0.255709451,0.7822736031,2.03597,0.005866032694,0,2023
1484,EUR_USD,2023-12-12 08:00:00,2023-12-12 12:00:00,1.079385,1.074498058,2024-02-05 12:00:00,1.074463058,stoploss,-1.007161943,224,7.072930093,-1.45592066,0.7,0.7,1.0779,5,0.5934181186,0.852739726,1.07236,0.002443471061,66,2023
1485,EUR_AUD,2023-12-12 16:00:00,2023-12-12 20:00:00,1.64718,1.63770378,2023-12-13 20:00:00,1.63758378,stoploss,-1.012663277,7,2.135872706,-3.621697197,2.4,2.4,1.64298,7,0.8611028302,0.9651837524,1.62902,0.004738110081,3,2023
1486,EUR_CAD,2023-12-12 16:00:00,2023-12-12 20:00:00,1.468345,1.460757359,2023-12-15 16:00:00,1.460572359,stoploss,-1.024381755,18,1.065548604,-2.670790657,3.7,3.7,1.46532,7,0.7485857849,0.7841584158,1.45659,0.003793820371,11,2023
1487,EUR_GBP,2023-12-12 16:00:00,2023-12-12 20:00:00,0.85998,0.8565676625,2024-01-18 16:00:00,0.8565276625,stoploss,-1.01172217,153,3.370123853,-2.537849789,0.8,0.8,0.85885,8,0.632997176,0.6539923954,0.85491,0.001706168749,67,2023
1488,AUD_CAD,2023-12-13 20:00:00,2023-12-14 00:00:00,0.899395,0.8935784943,2023-12-15 12:00:00,0.8934834943,stoploss,-1.01633283,10,1.214646797,-4.684083792,1.9,1.9,0.89577,8,1.588582648,0.8960176991,0.88777,0.002908252842,2,2023
1489,AUD_NZD,2023-12-13 20:00:00,2023-12-14 00:00:00,1.078075,1.072981944,2024-01-05 12:00:00,1.072876944,stoploss,-1.020616306,91,1.025906667,-3.823833939,2.1,2.1,1.0752,19,1.405835738,0.8976377953,1.06517,0.002546527949,71,2023
1490,GBP_USD,2023-12-14 00:00:00,2023-12-14 04:00:00,1.264145,1.25589486,2024-02-05 12:00:00,1.25584986,stoploss,-1.005454453,214,2.258749419,-1.492701856,0.9,0.9,1.26155,9,0.610898689,0.9549839228,1.25024,0.004125070237,56,2023
1491,CAD_CHF,2023-12-14 08:00:00,2023-12-14 12:00:00,0.647505,0.6438970561,2023-12-14 16:00:00,0.6438220561,stoploss,-1.020787463,2,1.220916977,-4.768643946,1.5,1.5,0.6463,4,0.626395543,0.6765957447,0.6423,0.001803971967,0,2023
1492,GBP_CAD,2023-12-14 16:00:00,2023-12-14 20:00:00,1.71441,1.704954241,2023-12-15 08:00:00,1.704694241,stoploss,-1.027496471,4,0.8026854314,-4.071592768,5.2,5.2,1.71022,12,0.8312394586,0.9346666667,1.697,0.004727879505,0,2023
1493,NZD_JPY,2023-12-18 00:00:00,2023-12-18 04:00:00,88.518,87.65762738,2024-02-13 16:00:00,91.174,time_exit,3.087034556,240,3.891337233,-0.06741265219,1.4,1.4,88.438,6,0.1673693434,0.8703703704,87.717,0.4301863086,229,2023
1494,AUD_JPY,2023-12-18 08:00:00,2023-12-18 12:00:00,95.8955,95.09541051,2024-02-14 08:00:00,97.3375,time_exit,1.802298386,240,2.481597396,-0.5168171862,0.9,0.9,95.443,7,1.119874725,0.9673202614,94.583,0.4000447461,136,2023
1495,CHF_JPY,2023-12-18 12:00:00,2023-12-18 16:00:00,164.612,163.2036561,2024-02-14 16:00:00,169.998,time_exit,3.82435014,240,5.123038666,-0.4033105977,2.2,2.2,164.21,8,0.5552621257,0.8567961165,162.139,0.7041719251,166,2023
1496,USD_JPY,2023-12-18 12:00:00,2023-12-18 16:00:00,142.822,141.4815776,2023-12-28 00:00:00,141.4785776,stoploss,-1.002238101,40,6.016014155,-1.918798165,0.6,0.6,142.466,9,0.5252075849,0.8258928571,140.949,0.670211189,5,2023
1497,CAD_JPY,2023-12-19 04:00:00,2023-12-19 08:00:00,107.124,106.1858494,2024-02-15 04:00:00,110.884,time_exit,4.007885413,240,4.569628927,-0.9561364935,1.2,1.2,106.976,4,0.2920639902,0.7614678899,104.73,0.4690752869,230,2023
1498,EUR_JPY,2023-12-19 04:00:00,2023-12-19 08:00:00,156.824,155.496471,2024-01-02 00:00:00,155.489471,stoploss,-1.005272954,48,3.798033715,-1.321251713,1.4,1.4,156.491,13,0.4896314785,0.8654646325,153.849,0.6637645133,1,2023
1499,AUD_CAD,2023-12-19 08:00:00,2023-12-19 12:00:00,0.901185,0.895127023,2024-01-04 16:00:00,0.895032023,stoploss,-1.015681803,62,0.8707527259,-4.792854104,1.9,1.9,0.90054,6,0.1848801996,0.8941605839,0.8897,0.003028988508,34,2023
1500,GBP_JPY,2023-12-19 08:00:00,2023-12-19 12:00:00,183.56,181.657929,2023-12-20 08:00:00,181.645929,stoploss,-1.006308913,6,3.424688135,-2.536182923,2.4,2.4,181.738,14,1.903188678,0.9809731753,178.335,0.9510355021,0,2023
1501,CAD_CHF,2023-12-26 08:00:00,2023-12-26 12:00:00,0.646985,0.6430235398,2023-12-27 16:00:00,0.6429485398,stoploss,-1.018932413,8,2.260530114,-4.211830815,1.5,1.5,0.64617,5,0.3786482602,0.8369098712,0.642,0.001980730083,5,2023
1502,NZD_CHF,2023-12-26 08:00:00,2023-12-26 12:00:00,0.540825,0.5368171295,2023-12-27 16:00:00,0.5367321295,stoploss,-1.02120827,8,1.256278131,-4.138107805,1.7,1.7,0.53989,6,0.4241654066,0.8632478632,0.53687,0.002003935226,0,2023
1503,GBP_JPY,2023-12-27 00:00:00,2023-12-27 04:00:00,181.488,180.3337167,2023-12-28 08:00:00,180.3217167,stoploss,-1.010396061,8,7.5795949,-2.384163352,2.4,2.4,181.334,9,0.2460401133,0.750330251,179.783,0.5771416623,3,2023
1504,EUR_AUD,2023-12-27 16:00:00,2023-12-27 20:00:00,1.62245,1.614640443,2024-01-02 04:00:00,1.614520443,stoploss,-1.015365789,15,5.758329281,-1.227982606,2.4,2.4,1.62088,8,0.3713398914,0.5898520085,1.61497,0.003904778436,3,2023
1505,EUR_CAD,2023-12-27 16:00:00,2023-12-27 20:00:00,1.467175,1.460172846,2023-12-29 16:00:00,1.459987846,stoploss,-1.02642044,12,0.9090059568,-3.064057,3.7,3.7,1.46231,8,1.336731462,0.8260869565,1.45499,0.003501077167,3,2023
1506,GBP_AUD,2023-12-27 16:00:00,2023-12-27 20:00:00,1.86857,1.858463464,2024-02-22 20:00:00,1.93172,time_exit,6.248431561,240,8.349052338,-0.9251438653,4,4,1.86745,6,0.182060397,0.6747181965,1.86211,0.005053268119,197,2023
1507,EUR_NZD,2023-12-28 08:00:00,2023-12-28 12:00:00,1.75896,1.749070643,2023-12-28 16:00:00,1.748880643,stoploss,-1.019212575,2,3.497699753,-1.94451478,3.8,3.8,1.75375,4,1.015232886,0.9798590131,1.7414,0.00494467828,0,2023
1508,USD_CAD,2023-12-28 20:00:00,2023-12-29 00:00:00,1.322815,1.31808091,2023-12-29 16:00:00,1.31801591,stoploss,-1.013730199,5,7.565339771,-1.059337678,1.3,1.3,1.32194,6,0.2788286611,0.5471698113,1.31774,0.002367045043,3,2023
1509,USD_CHF,2024-01-02 08:00:00,2024-01-02 12:00:00,0.846295,0.8388242517,2024-02-27 12:00:00,0.879655,time_exit,4.465416112,240,5.661414103,-0.1037379343,0.9,0.9,0.84508,9,0.3132216338,0.7748691099,0.83325,0.003735374169,185,2024
1510,USD_JPY,2024-01-02 12:00:00,2024-01-02 16:00:00,142.149,141.099656,2024-02-27 16:00:00,150.273,time_exit,7.741979538,240,8.326154016,-0.6194346012,0.6,0.6,141.914,6,0.4536167233,0.9120567376,140.25,0.5246720144,181,2024
1511,GBP_NZD,2024-01-03 12:00:00,2024-01-03 16:00:00,2.02976,2.016786938,2024-02-28 16:00:00,2.07381,time_exit,3.395497448,240,4.980319866,-0.8764314637,4.8,4.8,2.02351,7,0.9265352853,1,2.00564,0.006486531161,80,2024
1512,EUR_JPY,2024-01-03 16:00:00,2024-01-03 20:00:00,156.631,155.599074,2024-02-28 20:00:00,163.328,time_exit,6.489806442,240,6.870647704,-0.5436436336,1.4,1.4,156.341,8,0.5504270657,0.7496206373,155.07,0.5159629998,227,2024
1513,GBP_JPY,2024-01-03 16:00:00,2024-01-03 20:00:00,181.601,180.2564362,2024-02-28 20:00:00,190.774,time_exit,6.822287022,240,7.226135474,-0.4380602917,2.4,2.4,180.649,8,1.398223002,0.868729097,178.736,0.6722818881,226,2024
1514,GBP_CAD,2024-01-03 20:00:00,2024-01-04 00:00:00,1.69067,1.681757345,2024-02-29 00:00:00,1.71678,time_exit,2.929542296,240,3.515226356,-0.2524500255,2.8,5.2,1.68926,9,0.3769920382,0.6143617021,1.67591,0.004456327535,92,2024
1515,GBP_CHF,2024-01-04 08:00:00,2024-01-04 12:00:00,1.080635,1.072477937,2024-02-29 12:00:00,1.112085,time_exit,3.855554262,240,4.640763325,-0.6528084719,1.9,1.9,1.07999,5,0.1348524543,0.9509433962,1.06366,0.004078531628,169,2024
1516,EUR_AUD,2024-01-04 12:00:00,2024-01-04 16:00:00,1.63086,1.620513412,2024-02-29 16:00:00,1.66436,time_exit,3.237782264,240,3.764525946,-0.4523230148,2.4,2.4,1.62756,5,0.6108293704,0.9780621572,1.61286,0.005173294136,239,2024
1517,EUR_CAD,2024-01-04 12:00:00,2024-01-04 16:00:00,1.462265,1.455224528,2024-01-29 08:00:00,1.455039528,stoploss,-1.026276649,101,1.781840879,-2.349984643,3.7,3.7,1.46118,7,0.2585054125,1,1.45492,0.00352023577,88,2024
1518,EUR_NZD,2024-01-04 12:00:00,2024-01-04 16:00:00,1.7559,1.744036773,2024-02-29 16:00:00,1.77795,time_exit,1.858684856,240,3.173672781,-0.9929844717,3.8,3.8,1.75504,5,0.112954091,0.9376083189,1.74091,0.005931613402,74,2024
1519,AUD_CHF,2024-01-08 00:00:00,2024-01-08 04:00:00,0.57198,0.5673379108,2024-01-16 04:00:00,0.5672679108,stoploss,-1.015079417,37,1.581184599,-2.182207083,1.4,1.4,0.57135,4,0.2412706746,0.8846153846,0.5681,0.002321044615,14,2024
1520,NZD_CHF,2024-01-08 00:00:00,2024-01-08 04:00:00,0.531755,0.5274284825,2024-01-17 08:00:00,0.5273434825,stoploss,-1.019646286,44,3.394184849,-1.736962829,1.7,1.7,0.5313,4,0.1756609115,0.8794871795,0.52798,0.002163258729,26,2024
1521,EUR_CHF,2024-01-10 08:00:00,2024-01-10 12:00:00,0.93292,0.9290261741,2024-03-06 12:00:00,0.96198,time_exit,7.46309683,240,7.763572511,-0.6137922031,1,1,0.93181,12,0.5444516613,0.8599033816,0.92672,0.001946912968,240,2024
1522,AUD_CAD,2024-01-11 00:00:00,2024-01-11 04:00:00,0.897845,0.8934379825,2024-01-11 12:00:00,0.8933429825,stoploss,-1.021556529,3,0.1259355102,-5.830473757,1.9,1.9,0.89746,5,0.131608281,0.9528795812,0.88968,0.00220350876,0,2024
1523,AUD_NZD,2024-01-11 00:00:00,2024-01-11 04:00:00,1.076465,1.072709166,2024-01-11 12:00:00,1.072604166,stoploss,-1.027956507,3,1.819835463,-5.297092397,2.1,2.1,1.07594,13,0.2236520539,0.9170305677,1.07033,0.001877917026,0,2024
1524,USD_CAD,2024-01-11 16:00:00,2024-01-11 20:00:00,1.342675,1.336855008,2024-01-12 08:00:00,1.336790008,stoploss,-1.0111684,4,3.083337607,-1.437287216,1.3,1.3,1.34148,12,0.3848802586,0.7696476965,1.32872,0.002909995966,0,2024
1525,CAD_CHF,2024-01-12 08:00:00,2024-01-12 12:00:00,0.639245,0.6355749286,2024-01-12 20:00:00,0.6354999286,stoploss,-1.02043557,3,4.548957789,-1.434576985,1.5,1.5,0.63875,4,0.2288783793,0.9583333333,0.63252,0.001835035713,0,2024
1526,NZD_CAD,2024-01-12 16:00:00,2024-01-12 20:00:00,0.836865,0.8315494503,2024-01-15 08:00:00,0.8314344503,stoploss,-1.021634639,4,0.1138170149,-4.171722821,2.3,2.3,0.83638,8,0.1392142001,0.542662116,0.83059,0.002657774851,0,2024
1527,CAD_CHF,2024-01-18 00:00:00,2024-01-18 04:00:00,0.640525,0.6368562437,2024-03-14 04:00:00,0.652215,time_exit,3.186365907,240,4.201696361,-0.928107435,1.5,1.5,0.63973,9,0.3816007075,0.9518072289,0.63398,0.001834378151,110,2024
1528,AUD_NZD,2024-01-18 16:00:00,2024-01-18 20:00:00,1.075035,1.071234951,2024-02-01 04:00:00,1.071129951,stoploss,-1.027631224,57,2.174972055,-4.859148094,2.1,2.1,1.07389,11,0.5473613883,0.8874172185,1.06863,0.001900024412,14,2024
1529,AUD_CAD,2024-01-23 04:00:00,2024-01-23 08:00:00,0.889445,0.8848569112,2024-01-23 16:00:00,0.8847619112,stoploss,-1.020705789,3,1.204205102,-3.769543393,1.9,1.9,0.88899,10,0.1569280857,0.971659919,0.88132,0.002294044424,0,2024
1530,NZD_CAD,2024-01-24 08:00:00,2024-01-24 12:00:00,0.824735,0.8195344721,2024-01-26 12:00:00,0.8194194721,stoploss,-1.02211314,13,2.448789874,-1.931534691,2.3,2.3,0.82301,6,0.6114763878,0.7669172932,0.81772,0.002600263938,6,2024
1531,NZD_USD,2024-01-24 08:00:00,2024-01-24 12:00:00,0.613515,0.6085115083,2024-02-01 12:00:00,0.6084565083,stoploss,-1.010992324,37,1.657842261,-2.209457046,1.1,1.1,0.61171,6,0.6995115026,0.8192771084,0.60617,0.002501745852,31,2024
1532,AUD_USD,2024-01-24 12:00:00,2024-01-24 16:00:00,0.66172,0.6569696415,2024-01-25 00:00:00,0.6569196415,stoploss,-1.010525521,3,1.05886745,-3.673406958,1,1,0.66125,7,0.1810389676,0.9026217228,0.6525,0.002375179254,0,2024
1533,USD_CAD,2024-01-24 20:00:00,2024-01-25 00:00:00,1.351365,1.345439469,2024-01-26 12:00:00,1.345374469,stoploss,-1.01096948,10,1.685080936,-2.614955344,1.3,1.3,1.34919,7,1.022693087,0.8726899384,1.34149,0.0029627657,0,2024
1534,AUD_USD,2024-01-30 00:00:00,2024-01-30 04:00:00,0.66154,0.657274215,2024-01-31 00:00:00,0.657224215,stoploss,-1.011721172,6,1.221346124,-4.048492815,1,1,0.66097,9,0.2484888468,0.7,0.65516,0.00213289251,0,2024
1535,USD_CAD,2024-02-05 00:00:00,2024-02-05 04:00:00,1.347385,1.341226499,2024-04-01 04:00:00,1.352265,time_exit,0.7924005887,240,2.282211122,-0.9929363935,1.3,1.3,1.34643,10,0.2857838189,0.5135135135,1.33587,0.003079250615,209,2024
1536,EUR_GBP,2024-02-05 16:00:00,2024-02-05 20:00:00,0.85667,0.8534130381,2024-02-06 16:00:00,0.8533730381,stoploss,-1.012281384,6,1.093043175,-2.118538739,0.8,0.8,0.85586,13,0.4666925917,0.8475609756,0.85198,0.001628480961,0,2024
1537,AUD_CAD,2024-02-06 04:00:00,2024-02-06 08:00:00,0.879825,0.8750298947,2024-02-08 12:00:00,0.8749348947,stoploss,-1.019811869,14,3.158429048,-1.600590488,1.9,1.9,0.87826,5,0.6131252163,0.672823219,0.87424,0.002397552671,4,2024
1538,AUD_CHF,2024-02-06 08:00:00,2024-02-06 12:00:00,0.56686,0.5634748257,2024-04-02 12:00:00,0.59097,time_exit,7.122232886,240,7.80757425,-0.5849034058,1.4,1.4,0.5661,5,0.4076599495,0.9727272727,0.56185,0.001692587169,191,2024
1539,NZD_CHF,2024-02-06 08:00:00,2024-02-06 12:00:00,0.528445,0.525349915,2024-04-02 12:00:00,0.540995,time_exit,4.054815967,240,5.814056839,-0.3376320865,1.7,1.7,0.52799,6,0.2390887503,0.9541284404,0.52424,0.00154754249,77,2024
1540,NZD_CAD,2024-02-06 20:00:00,2024-02-07 00:00:00,0.822105,0.8174120119,2024-03-21 00:00:00,0.8172970119,stoploss,-1.024504643,187,3.274033424,-3.297472648,2.3,2.3,0.82099,4,0.4005976464,0.7538071066,0.81469,0.002346494066,62,2024
1541,NZD_USD,2024-02-06 20:00:00,2024-02-07 00:00:00,0.609185,0.6044183688,2024-03-19 08:00:00,0.6043633688,stoploss,-1.011538547,177,2.648621106,-3.196177628,1.1,1.1,0.6082,9,0.6461586539,0.9230769231,0.60385,0.0023833156,68,2024
1542,AUD_USD,2024-02-07 00:00:00,2024-02-07 04:00:00,0.65395,0.6490567098,2024-02-08 12:00:00,0.6490067098,stoploss,-1.010218074,9,2.615826866,-1.978219067,1,1,0.65202,10,0.7643119124,0.935483871,0.64687,0.002446645106,0,2024
1543,EUR_USD,2024-02-07 20:00:00,2024-02-08 00:00:00,1.076975,1.072632608,2024-02-13 12:00:00,1.072597608,stoploss,-1.008060073,22,4.871738385,-1.726007052,0.7,0.7,1.07625,9,0.3638547222,0.5363636364,1.07227,0.002171196227,14,2024
1544,EUR_CAD,2024-02-09 16:00:00,2024-02-09 20:00:00,1.452955,1.447490566,2024-02-12 16:00:00,1.447305566,stoploss,-1.03385529,6,4.583274227,-1.115394546,3.7,3.7,1.45198,8,0.2891424747,0.8585657371,1.44808,0.002732217052,3,2024
1545,AUD_CAD,2024-02-12 16:00:00,2024-02-12 20:00:00,0.879135,0.8752187874,2024-02-13 12:00:00,0.8751237874,stoploss,-1.024258132,5,4.796726324,-1.382713497,1.9,1.9,0.87855,5,0.2502417779,0.9415204678,0.87215,0.001958106293,0,2024
1546,AUD_USD,2024-02-12 16:00:00,2024-02-12 20:00:00,0.6543,0.6505642227,2024-02-13 12:00:00,0.6505142227,stoploss,-1.013384096,5,3.332639808,-2.68484958,1,1,0.65344,7,0.4282910596,0.9789029536,0.64687,0.001867888629,0,2024
1547,EUR_CAD,2024-02-15 12:00:00,2024-02-15 16:00:00,1.455405,1.44987694,2024-02-16 00:00:00,1.44969194,stoploss,-1.033465628,3,4.087328985,-1.147780589,3.7,3.7,1.45494,5,0.115772983,0.7546666667,1.44572,0.002764030016,0,2024
1548,EUR_GBP,2024-02-15 12:00:00,2024-02-15 16:00:00,0.85657,0.8537136893,2024-02-19 00:00:00,0.8536736893,stoploss,-1.014004079,9,1.281373205,-2.303670953,0.8,0.8,0.85488,5,1.155336496,0.8076923077,0.8529,0.001428155352,0,2024
1549,CHF_JPY,2024-02-15 16:00:00,2024-02-15 20:00:00,170.465,169.6719437,2024-02-29 16:00:00,169.6609437,stoploss,-1.01387039,60,1.556005565,-4.912639935,2.2,2.2,170.078,6,0.9482302954,0.7597864769,169.398,0.3965281449,27,2024
1550,AUD_JPY,2024-02-16 04:00:00,2024-02-16 08:00:00,97.8955,97.45254968,2024-02-29 08:00:00,97.44804968,stoploss,-1.010159153,55,6.579744652,-2.251945545,0.9,0.9,97.858,7,0.1535160873,0.6473029046,97.065,0.2214751601,30,2024
1551,AUD_USD,2024-02-16 16:00:00,2024-02-16 20:00:00,0.65402,0.6497716281,2024-02-28 08:00:00,0.6497216281,stoploss,-1.011769214,46,2.996441969,-1.97958185,1,1,0.65296,6,0.475476259,0.9952267303,0.64427,0.002124185974,21,2024
1552,NZD_JPY,2024-02-16 16:00:00,2024-02-16 20:00:00,92.061,91.57384324,2024-02-29 00:00:00,91.56684324,stoploss,-1.014369091,50,2.855343703,-4.011029185,1.4,1.4,91.837,6,0.8949891119,0.9885714286,91.036,0.2435783822,28,2024
1553,GBP_USD,2024-02-19 00:00:00,2024-02-19 04:00:00,1.261465,1.255265777,2024-04-01 16:00:00,1.255220777,stoploss,-1.007258974,184,4.502983347,-3.028605135,0.9,0.9,1.26112,16,0.1000125264,0.6220930233,1.25355,0.00309961173,86,2024
1554,AUD_CAD,2024-02-20 08:00:00,2024-02-20 12:00:00,0.884385,0.8808871495,2024-02-28 16:00:00,0.8807921495,stoploss,-1.027159537,38,4.675728709,-1.325099515,1.9,1.9,0.8824,8,1.074945885,0.9881889764,0.87372,0.00174892525,0,2024
1555,EUR_USD,2024-02-20 08:00:00,2024-02-20 12:00:00,1.079835,1.076067359,2024-04-01 16:00:00,1.076032359,stoploss,-1.009289632,176,4.8558236,-5.200867092,0.7,0.7,1.07895,6,0.4459023585,0.9651898734,1.06948,0.001883820491,78,2024
1556,EUR_CAD,2024-02-21 00:00:00,2024-02-21 04:00:00,1.461795,1.456553722,2024-04-02 00:00:00,1.456368722,stoploss,-1.035296734,174,3.091803136,-1.367032982,3.7,3.7,1.45411,13,2.86189738,0.7771084337,1.44784,0.002620639039,62,2024
1557,CAD_JPY,2024-02-22 04:00:00,2024-02-22 08:00:00,111.509,111.0606647,2024-02-28 08:00:00,111.0546647,stoploss,-1.01338284,25,2.174711577,-6.31447023,1.2,1.2,111.445,10,0.2587349158,0.6597222222,110.612,0.2241676575,7,2024
1558,AUD_NZD,2024-02-26 00:00:00,2024-02-26 04:00:00,1.063015,1.059049159,2024-02-26 16:00:00,1.058944159,stoploss,-1.026476103,4,8.211374082,-1.173773878,2.1,2.1,1.06061,5,1.159905444,0.915904936,1.05657,0.001982920256,1,2024
1559,GBP_AUD,2024-02-28 08:00:00,2024-02-28 12:00:00,1.94523,1.937245013,2024-03-01 16:00:00,1.937045013,stoploss,-1.025047004,14,1.455230953,-4.557302443,4,4,1.94277,7,0.5735763998,0.7290502793,1.92233,0.003992493416,1,2024
1560,USD_CHF,2024-02-28 08:00:00,2024-02-28 12:00:00,0.881435,0.8777494558,2024-03-07 16:00:00,0.8777044558,stoploss,-1.012209866,38,9.196742111,-2.294098084,0.9,0.9,0.88106,4,0.184504636,0.8791946309,0.87424,0.001842772125,13,2024
1561,GBP_CAD,2024-02-29 04:00:00,2024-02-29 08:00:00,1.71957,1.714265746,2024-02-29 16:00:00,1.714005746,stoploss,-1.049017263,3,2.795869271,-5.816086785,5.2,5.2,1.71725,9,0.7691939735,0.8426966292,1.70188,0.002652126863,1,2024
1562,GBP_CHF,2024-03-01 12:00:00,2024-03-01 16:00:00,1.121495,1.117022395,2024-03-01 20:00:00,1.116927395,stoploss,-1.021240416,2,6.049046829,-1.201760366,1.9,1.9,1.11723,18,1.860213255,0.9057471264,1.11065,0.002236302741,0,2024
1563,AUD_NZD,2024-03-04 00:00:00,2024-03-04 04:00:00,1.069925,1.065599255,2024-04-29 04:00:00,1.100855,time_exit,7.150213527,240,7.24383902,-0.9836456049,2.1,2.1,1.06947,8,0.1618218386,0.9535864979,1.0579,0.002162872471,240,2024
1564,GBP_JPY,2024-03-04 08:00:00,2024-03-04 12:00:00,190.487,189.5910334,2024-03-07 00:00:00,189.5790334,stoploss,-1.013393357,16,11.2403747,-2.821533833,2.4,2.4,190.391,6,0.1875069952,0.5872235872,189.046,0.4479832866,1,2024
1565,EUR_JPY,2024-03-04 12:00:00,2024-03-04 16:00:00,163.239,162.4682488,2024-03-06 08:00:00,162.4612488,stoploss,-1.009082049,11,10.83618164,-3.932527127,1.4,1.4,163.01,6,0.5760613805,0.6724137931,161.681,0.3853755997,0,2024
1566,GBP_NZD,2024-03-04 12:00:00,2024-03-04 16:00:00,2.08,2.069853134,2024-03-07 08:00:00,2.069613134,stoploss,-1.023652624,17,3.99039471,-1.331445605,4.8,4.8,2.07669,7,0.6011708504,0.8007662835,2.05244,0.005073432948,8,2024
1567,EUR_AUD,2024-03-04 16:00:00,2024-03-04 20:00:00,1.66679,1.659396578,2024-03-06 16:00:00,1.659276578,stoploss,-1.016230644,12,1.044171441,-5.10047993,2.4,2.4,1.66559,8,0.2813311656,0.6687898089,1.65505,0.003696710949,3,2024
1568,GBP_AUD,2024-03-04 16:00:00,2024-03-04 20:00:00,1.949,1.940506833,2024-03-06 16:00:00,1.940306833,stoploss,-1.023548343,12,0.9242724701,-5.252457948,4,4,1.94641,8,0.5580957336,0.888337469,1.93366,0.004246583261,3,2024
1569,GBP_CAD,2024-03-05 12:00:00,2024-03-05 16:00:00,1.72478,1.71931943,2024-03-07 00:00:00,1.71905943,stoploss,-1.047614075,9,1.761720778,-6.60370595,5.2,5.2,1.71749,13,2.582147917,0.8562300319,1.70949,0.002730285106,4,2024
1570,EUR_NZD,2024-03-05 16:00:00,2024-03-05 20:00:00,1.78305,1.774989187,2024-03-07 04:00:00,1.774799187,stoploss,-1.023570823,9,3.775053466,-2.53324324,3.8,3.8,1.77756,14,1.322447254,0.670212766,1.75463,0.004030406492,1,2024
1571,AUD_CAD,2024-03-06 08:00:00,2024-03-06 12:00:00,0.886155,0.8827202986,2024-03-28 12:00:00,0.8826252986,stoploss,-1.027658882,97,4.246366221,-2.333536185,1.9,1.9,0.88558,15,0.2853232017,0.9082568807,0.88056,0.0017173507,12,2024
1572,AUD_USD,2024-03-06 08:00:00,2024-03-06 12:00:00,0.65247,0.6490406993,2024-03-28 12:00:00,0.6489906993,stoploss,-1.014580232,97,4.164114303,-4.735659404,1,1,0.65211,4,0.1924590644,0.9375,0.64775,0.001714650339,12,2024
1573,GBP_CHF,2024-03-08 12:00:00,2024-03-08 16:00:00,1.125825,1.121540175,2024-03-12 08:00:00,1.121445175,stoploss,-1.022171265,11,5.933730702,-2.064261477,1.9,1.9,1.12503,4,0.3220667992,0.6840490798,1.11612,0.002142412697,0,2024
1574,GBP_NZD,2024-03-08 16:00:00,2024-03-08 20:00:00,2.08057,2.070792345,2024-03-12 12:00:00,2.070552345,stoploss,-1.024545764,11,4.643240276,-1.087172778,4.8,4.8,2.07849,4,0.3702319339,0.7234899329,2.06649,0.004888827339,3,2024
1575,GBP_CAD,2024-03-08 20:00:00,2024-03-11 00:00:00,1.7331,1.726588489,2024-03-11 16:00:00,1.726328489,stoploss,-1.03992929,5,0.1259308366,-6.815622596,5.2,5.2,1.7246,6,2.773549889,0.689516129,1.71913,0.00325575539,0,2024
1576,EUR_AUD,2024-03-11 12:00:00,2024-03-11 16:00:00,1.65599,1.647100817,2024-04-04 04:00:00,1.646980817,stoploss,-1.013499553,106,1.373579558,-3.688752966,2.4,2.4,1.6553,9,0.1304956829,0.8540772532,1.64406,0.004444591478,34,2024
1577,EUR_GBP,2024-03-12 08:00:00,2024-03-12 12:00:00,0.85446,0.8518682408,2024-05-07 12:00:00,0.85836,time_exit,1.504769436,240,3.85838317,-0.9221535777,0.8,0.8,0.85351,4,0.6945089707,0.7551020408,0.84999,0.00129587959,179,2024
1578,EUR_NZD,2024-03-12 16:00:00,2024-03-12 20:00:00,1.77647,1.767640049,2024-05-07 20:00:00,1.79255,time_exit,1.821074563,240,4.425845393,-0.5877722003,3.8,3.8,1.77451,8,0.4190283509,0.8114602588,1.76263,0.004414975731,211,2024
1579,AUD_JPY,2024-03-13 08:00:00,2024-03-13 12:00:00,97.7525,97.2084098,2024-05-08 12:00:00,102.0425,time_exit,7.884722032,240,13.21380164,-0.8868014872,0.9,0.9,97.7,5,0.1801171933,0.9619047619,96.898,0.2720451008,196,2024
1580,EUR_CHF,2024-03-13 08:00:00,2024-03-13 12:00:00,0.96007,0.9569679709,2024-04-19 04:00:00,0.9569179709,stoploss,-1.016118482,161,7.994767034,-1.154083306,1,1,0.95974,4,0.1805269975,0.8976377953,0.95589,0.001551014551,96,2024
1581,NZD_JPY,2024-03-13 08:00:00,2024-03-13 12:00:00,91.107,90.58816436,2024-03-15 04:00:00,90.58116436,stoploss,-1.013491748,11,8.262732229,-2.224211102,1.4,1.4,91.058,6,0.1541914109,0.871559633,90.44,0.2594178222,6,2024
1582,CHF_JPY,2024-03-13 12:00:00,2024-03-13 16:00:00,168.611,167.7891385,2024-03-14 16:00:00,167.7781385,stoploss,-1.01338425,7,7.824919519,-2.484603585,2.2,2.2,168.512,6,0.2287490079,0.9035433071,167.077,0.410930744,0,2024
1583,EUR_JPY,2024-03-13 12:00:00,2024-03-13 16:00:00,161.806,160.8937927,2024-05-08 16:00:00,167.254,time_exit,5.972326714,240,10.72672851,-0.8101228785,1.4,1.4,161.566,6,0.5130412816,0.7466216216,160.208,0.4561036478,195,2024
1584,GBP_JPY,2024-03-13 12:00:00,2024-03-13 16:00:00,189.379,188.2765761,2024-05-08 16:00:00,194.183,time_exit,4.357670341,240,10.14038234,-0.7156956492,2.4,2,189.2,7,0.3065971222,0.7115072934,188.229,0.5512119578,195,2024
1585,CAD_JPY,2024-03-14 04:00:00,2024-03-14 08:00:00,109.781,109.2225635,2024-05-09 08:00:00,113.33,time_exit,6.355243327,240,13.51272644,-0.7467276606,1.2,1.2,109.7,10,0.2471185064,0.8547717842,108.678,0.2792182626,191,2024
1586,USD_CHF,2024-03-14 08:00:00,2024-03-14 12:00:00,0.880005,0.8766552081,2024-05-09 12:00:00,0.909435,time_exit,8.785620424,240,12.67093642,-0.5358541849,0.9,0.9,0.8795,10,0.2806144478,0.7070707071,0.87298,0.001674895942,203,2024
1587,USD_JPY,2024-03-14 16:00:00,2024-03-14 20:00:00,148.194,147.3255458,2024-05-09 20:00:00,155.629,time_exit,8.561188807,240,13.84759336,-0.1853868726,0.6,0.6,148.047,7,0.32932078,0.8521444695,146.481,0.434227078,188,2024
1588,GBP_AUD,2024-03-15 00:00:00,2024-03-15 04:00:00,1.93959,1.931418763,2024-03-21 04:00:00,1.931218763,stoploss,-1.024476098,25,1.369437706,-6.013777378,4,4,1.93826,11,0.276579912,0.9498806683,1.92858,0.004085618482,13,2024
1589,GBP_NZD,2024-03-15 00:00:00,2024-03-15 04:00:00,2.08596,2.076147109,2024-05-09 12:00:00,2.075907109,stoploss,-1.024457624,237,4.077289668,-1.227976518,4.8,4.8,2.08183,12,0.7907964965,1,2.06994,0.004906445611,197,2024
1590,GBP_CHF,2024-03-18 16:00:00,2024-03-18 20:00:00,1.128865,1.124689988,2024-04-19 04:00:00,1.124594988,stoploss,-1.022754426,141,5.361661423,-2.846698504,1.9,1.9,1.12761,8,0.555687045,0.9563953488,1.11964,0.002087505927,75,2024
1591,CAD_CHF,2024-03-19 00:00:00,2024-03-19 04:00:00,0.656055,0.6532828078,2024-03-19 12:00:00,0.6532078078,stoploss,-1.027054401,3,5.809481653,-1.588995137,1.5,1.5,0.65389,10,1.507831935,0.9883268482,0.64918,0.001386096124,0,2024
1592,CHF_JPY,2024-03-19 08:00:00,2024-03-19 12:00:00,169.443,168.5255552,2024-03-21 12:00:00,168.5145552,stoploss,-1.011989823,13,6.102819672,-3.132613634,2.2,2.2,169.023,7,0.8916068033,0.8645690834,167.343,0.4587223858,11,2024
1593,GBP_CAD,2024-03-19 12:00:00,2024-03-19 16:00:00,1.72815,1.72241388,2024-03-20 20:00:00,1.72215388,stoploss,-1.045326803,8,0.1272637175,-6.873984082,5.2,5.2,1.72598,6,0.6659553435,0.8686534216,1.72132,0.002868060177,0,2024
1594,NZD_JPY,2024-03-19 12:00:00,2024-03-19 16:00:00,91.085,90.60670583,2024-03-25 00:00:00,90.59970583,stoploss,-1.014635344,21,9.009099918,-2.366744281,1.4,1.4,90.987,6,0.3847004838,0.9192307692,90.363,0.2391470868,10,2024
1595,CAD_CHF,2024-03-26 12:00:00,2024-03-26 16:00:00,0.666475,0.6631634681,2024-04-05 16:00:00,0.6630884681,stoploss,-1.022648129,49,1.71672816,-4.060054549,1.5,1.5,0.66463,13,1.075031178,0.9421221865,0.65165,0.001655765931,41,2024
1596,GBP_AUD,2024-03-27 08:00:00,2024-03-27 12:00:00,1.93693,1.928859639,2024-04-02 16:00:00,1.928659639,stoploss,-1.024782038,26,1.382837735,-5.759345692,4,4,1.93506,6,0.413860039,0.945553539,1.92495,0.004035180599,6,2024
1597,USD_CAD,2024-04-01 16:00:00,2024-04-01 20:00:00,1.357735,1.35289667,2024-04-03 16:00:00,1.35283167,stoploss,-1.013434387,12,5.554602139,-2.051327488,1.3,1.3,1.35615,8,0.6241822683,0.7910447761,1.35148,0.002419165165,9,2024
1598,EUR_CAD,2024-04-03 08:00:00,2024-04-03 12:00:00,1.462915,1.458179347,2024-04-23 00:00:00,1.457994347,stoploss,-1.039065365,82,5.358289986,-1.035760094,3.7,3.7,1.46252,4,0.1055820687,0.5703971119,1.45463,0.002367826309,25,2024
1599,GBP_CAD,2024-04-03 08:00:00,2024-04-03 12:00:00,1.70823,1.703116096,2024-04-19 16:00:00,1.702856096,stoploss,-1.050841786,74,7.242999066,-3.815089411,5.2,5.2,1.70763,4,0.1447035451,0.7561837456,1.70214,0.002556951869,25,2024
1600,AUD_CAD,2024-04-03 16:00:00,2024-04-03 20:00:00,0.888245,0.8843029777,2024-04-16 12:00:00,0.8842079777,stoploss,-1.024099306,53,6.170690601,-2.563405078,1.9,1.9,0.8847,19,1.750370612,0.9625668449,0.87975,0.001971011154,23,2024
1601,AUD_USD,2024-04-03 16:00:00,2024-04-03 20:00:00,0.65647,0.6523853715,2024-04-10 16:00:00,0.6523353715,stoploss,-1.012241015,30,3.660063585,-4.955163007,1,1,0.65388,16,1.248583564,0.9342806394,0.64807,0.002042314246,23,2024
1602,EUR_USD,2024-04-03 16:00:00,2024-04-03 20:00:00,1.083115,1.079047219,2024-04-10 12:00:00,1.079012219,stoploss,-1.0086042,29,1.572110322,-5.655417977,0.7,0.7,1.08053,19,1.248838223,0.904109589,1.07246,0.002033890341,23,2024
1603,NZD_CAD,2024-04-03 16:00:00,2024-04-03 20:00:00,0.812455,0.8089674464,2024-04-19 04:00:00,0.8088524464,stoploss,-1.032974403,69,8.052922767,-1.329011822,2.3,2.3,0.81112,19,0.699630819,0.9417040359,0.80663,0.001743776813,28,2024
1604,NZD_JPY,2024-04-03 16:00:00,2024-04-03 20:00:00,91.055,90.58970017,2024-04-16 16:00:00,90.58270017,stoploss,-1.015044063,54,12.21792841,-2.368365365,1.4,1.4,90.707,16,1.470019882,0.9442231076,90.107,0.2326499146,28,2024
1605,NZD_USD,2024-04-03 16:00:00,2024-04-03 20:00:00,0.600465,0.5969561361,2024-04-10 16:00:00,0.5969011361,stoploss,-1.015674589,30,4.723751195,-4.344711129,1.1,1.1,0.59929,16,0.632683418,0.9088888889,0.59395,0.001754431946,28,2024
1606,GBP_USD,2024-04-03 20:00:00,2024-04-04 00:00:00,1.264865,1.259888524,2024-04-05 12:00:00,1.259843524,stoploss,-1.009042542,10,3.05738409,-7.013998794,0.9,0.9,1.26452,19,0.285342452,0.7701863354,1.25396,0.002488238238,4,2024
1607,USD_CAD,2024-04-05 12:00:00,2024-04-05 16:00:00,1.362905,1.357417074,2024-04-08 16:00:00,1.357352074,stoploss,-1.011844182,7,3.955045831,-1.493278073,1.3,1.3,1.35891,13,1.428590616,0.9455864571,1.34781,0.002743963146,0,2024
1608,CHF_JPY,2024-04-05 16:00:00,2024-04-05 20:00:00,168.167,167.2357452,2024-04-10 20:00:00,167.2247452,stoploss,-1.011812019,19,7.382512115,-1.012612207,2.2,2.2,167.931,4,0.4832189748,0.7048579285,166.758,0.4656274106,1,2024
1609,EUR_AUD,2024-04-08 00:00:00,2024-04-08 04:00:00,1.65036,1.643397584,2024-04-08 12:00:00,1.643277584,stoploss,-1.017235397,3,2.562329062,-4.162348443,2.4,2.4,1.64968,5,0.1522460093,0.9076212471,1.64143,0.003481207832,0,2024
1610,GBP_USD,2024-04-09 12:00:00,2024-04-09 16:00:00,1.269735,1.264779541,2024-04-10 12:00:00,1.264734541,stoploss,-1.009080894,6,2.430652563,-8.026501095,0.9,0.9,1.26837,17,0.5287098144,0.8504273504,1.25624,0.002477729681,0,2024
1611,GBP_AUD,2024-04-10 12:00:00,2024-04-10 16:00:00,1.92397,1.916273093,2024-04-22 12:00:00,1.916073093,stoploss,-1.025984463,48,3.13372618,-4.354995918,4,4,1.91793,7,1.530484842,0.8978328173,1.91327,0.003848453664,39,2024
1612,CAD_CHF,2024-04-10 16:00:00,2024-04-10 20:00:00,0.667875,0.6647100124,2024-04-11 12:00:00,0.6646350124,stoploss,-1.023696775,5,0.8578232591,-5.812029043,1.5,1.5,0.66737,11,0.2717230213,0.7553956835,0.66095,0.001582493813,3,2024
1613,USD_CAD,2024-04-11 00:00:00,2024-04-11 04:00:00,1.368865,1.362819667,2024-05-03 12:00:00,1.362754667,stoploss,-1.010752096,99,2.604488396,-1.631837283,1.3,1.3,1.35988,8,2.954345046,0.7747035573,1.34781,0.003022666568,22,2024
1614,CHF_JPY,2024-04-11 16:00:00,2024-04-11 20:00:00,168.302,167.4369002,2024-04-15 00:00:00,167.4259002,stoploss,-1.012715296,8,8.173623381,-1.162871605,2.2,2.2,168.207,7,0.1965091182,0.7903225806,167.099,0.4325499029,0,2024
1615,EUR_AUD,2024-04-15 20:00:00,2024-04-16 00:00:00,1.6482,1.640593696,2024-04-26 08:00:00,1.640473696,stoploss,-1.015776387,51,2.629397874,-3.526022549,2.4,2.4,1.64789,6,0.33393353,0.8018575851,1.63655,0.003803152083,19,2024
1616,CHF_JPY,2024-04-17 00:00:00,2024-04-17 04:00:00,169.574,168.7166325,2024-05-01 20:00:00,168.7056325,stoploss,-1.01282997,65,6.93868124,-2.57649132,2.2,2.2,168.478,19,2.531003243,0.8579710145,167.224,0.4286837652,48,2024
1617,EUR_USD,2024-04-17 20:00:00,2024-04-18 00:00:00,1.067165,1.062146005,2024-04-19 04:00:00,1.062111005,stoploss,-1.006973508,8,4.872489623,-1.21837146,0.7,0.7,1.06538,8,0.7451691348,0.7721518987,1.06011,0.002509497392,2,2024
1618,CAD_CHF,2024-04-22 04:00:00,2024-04-22 08:00:00,0.664185,0.660144029,2024-05-06 00:00:00,0.660069029,stoploss,-1.018559896,59,1.58501509,-4.403644579,1.5,1.5,0.66328,9,0.405843052,0.7610062893,0.65303,0.002020485496,29,2024
1619,AUD_CHF,2024-04-22 20:00:00,2024-04-23 00:00:00,0.58699,0.5828567849,2024-06-18 00:00:00,0.58718,time_exit,0.04596905713,240,5.559836489,-0.04354963307,1.4,1.4,0.58744,16,0.3532359127,0.9081632653,0.57419,0.002066607538,115,2024
1620,AUD_USD,2024-04-23 00:00:00,2024-04-23 04:00:00,0.64599,0.641831798,2024-06-18 04:00:00,0.66157,time_exit,3.746811742,240,6.115624043,-0.4497136044,1,1,0.64556,5,0.1779615333,0.9615384615,0.63623,0.00207910099,101,2024
1621,EUR_CHF,2024-04-23 08:00:00,2024-04-23 12:00:00,0.97304,0.9682984142,2024-06-04 16:00:00,0.9682484142,stoploss,-1.010544995,182,4.211671098,-4.907640784,1,1,0.97269,6,0.134975939,0.6558441558,0.95649,0.002370792915,143,2024
1622,AUD_CAD,2024-04-23 16:00:00,2024-04-23 20:00:00,0.886405,0.8825887074,2024-06-18 20:00:00,0.912785,time_exit,6.912467824,240,8.210848343,-0.6825996468,1.9,1.9,0.88549,9,0.4297364379,0.9,0.87814,0.001908146314,216,2024
1623,EUR_USD,2024-04-23 16:00:00,2024-04-23 20:00:00,1.070035,1.064952692,2024-05-01 08:00:00,1.064917692,stoploss,-1.006886635,34,4.247085966,-1.000529633,0.7,0.7,1.06777,12,0.8775540147,0.7777777778,1.06011,0.00254115412,15,2024
1624,NZD_CHF,2024-04-23 16:00:00,2024-04-23 20:00:00,0.541455,0.5377855465,2024-06-18 20:00:00,0.543085,time_exit,0.444207836,240,5.707934432,-0.483723257,1.7,1.7,0.53997,9,0.7576060025,0.8339100346,0.52816,0.001834726752,146,2024
1625,NZD_JPY,2024-04-23 16:00:00,2024-04-23 20:00:00,91.94,91.3326623,2024-05-01 20:00:00,91.3256623,stoploss,-1.011525713,37,8.751309213,-1.886923868,1.4,1.4,91.69,9,0.800213787,0.8553719008,89.953,0.3036688495,20,2024
1626,NZD_USD,2024-04-23 16:00:00,2024-04-23 20:00:00,0.593955,0.5902004033,2024-04-30 20:00:00,0.5901454033,stoploss,-1.01464871,31,7.525442013,-1.745859933,1.1,1.1,0.59287,9,0.5433339836,0.7402234637,0.58522,0.001877298367,24,2024
1627,EUR_CAD,2024-04-24 12:00:00,2024-04-24 16:00:00,1.465505,1.460652664,2024-04-29 00:00:00,1.460467664,stoploss,-1.038125964,15,5.645733956,-1.078861736,3.7,3.7,1.46437,7,0.3915639539,0.9618138425,1.45801,0.002426168166,6,2024
1628,GBP_CAD,2024-04-24 12:00:00,2024-04-24 16:00:00,1.70619,1.698680148,2024-06-19 16:00:00,1.74304,time_exit,4.906887551,240,7.234496626,-0.2942800947,5.2,5.2,1.70253,5,0.9161298875,0.9674418605,1.68872,0.003754926072,210,2024
1629,NZD_CAD,2024-04-25 00:00:00,2024-04-25 04:00:00,0.813595,0.8101326567,2024-05-01 00:00:00,0.8100176567,stoploss,-1.0332145,24,11.05754021,-1.379123796,2.3,2.3,0.81319,17,0.1675166076,0.807860262,0.80782,0.001731171638,16,2024
1630,GBP_USD,2024-04-25 08:00:00,2024-04-25 12:00:00,1.252155,1.245751756,2024-04-25 16:00:00,1.245706756,stoploss,-1.007027688,2,5.294972685,-1.181432484,0.9,0.9,1.24648,7,1.758483776,0.9611992945,1.22996,0.003201621804,0,2024
1631,GBP_AUD,2024-04-30 12:00:00,2024-04-30 16:00:00,1.92608,1.916998723,2024-05-02 08:00:00,1.916798723,stoploss,-1.022023335,11,0.9580150837,-3.923457176,4,4,1.92248,16,0.7576027329,1,1.90439,0.00454063832,3,2024
1632,GBP_CHF,2024-04-30 16:00:00,2024-04-30 20:00:00,1.147855,1.141958518,2024-05-02 08:00:00,1.141863518,stoploss,-1.0161113,10,3.375741428,-4.444175038,1.9,1.9,1.14561,9,0.7529913058,0.7326565144,1.13477,0.002948241212,3,2024
1633,EUR_CAD,2024-04-30 20:00:00,2024-05-01 00:00:00,1.468795,1.463620229,2024-06-21 08:00:00,1.463435229,stoploss,-1.035750372,225,4.658176838,-1.987527433,3.7,3.7,1.46913,19,0.1391365826,0.6073619632,1.46027,0.00258738567,154,2024
1634,AUD_NZD,2024-05-02 04:00:00,2024-05-02 08:00:00,1.102585,1.098398044,2024-05-03 12:00:00,1.098293044,stoploss,-1.025077886,8,0.1158359493,-7.065992908,2.1,2.1,1.1018,7,0.3343718124,0.7857142857,1.09385,0.002093477901,0,2024
1635,NZD_CAD,2024-05-03 00:00:00,2024-05-03 04:00:00,0.815755,0.811633577,2024-06-28 04:00:00,0.833115,time_exit,4.212137418,240,8.765176511,-0.1831891561,2.3,2.3,0.81522,7,0.198960408,0.9845679012,0.80882,0.002060711496,171,2024
1636,EUR_USD,2024-05-03 08:00:00,2024-05-03 12:00:00,1.074315,1.069704227,2024-06-14 08:00:00,1.069669227,stoploss,-1.007590917,180,3.753166389,-1.673255053,0.7,0.7,1.07328,9,0.4294290349,0.9191919192,1.06495,0.002305386733,129,2024
1637,GBP_USD,2024-05-03 08:00:00,2024-05-03 12:00:00,1.256015,1.250044126,2024-05-08 00:00:00,1.249999126,stoploss,-1.007536585,16,5.031926554,-1.91345518,0.9,0.9,1.25502,9,0.3148617714,0.8559322034,1.2449,0.002985437057,0,2024
1638,USD_CAD,2024-05-07 16:00:00,2024-05-07 20:00:00,1.371345,1.36627318,2024-05-10 12:00:00,1.36620818,stoploss,-1.012815913,17,1.544810435,-2.434037628,1.3,1.3,1.36974,10,0.6072771076,0.9039665971,1.36098,0.002535909852,4,2024
1639,EUR_GBP,2024-05-08 00:00:00,2024-05-08 04:00:00,0.86017,0.8579516329,2024-05-15 12:00:00,0.8579116329,stoploss,-1.018031281,33,0.8564858394,-9.209476684,0.8,0.8,0.85865,14,1.334314781,0.905982906,0.85302,0.001109183545,8,2024
1640,EUR_AUD,2024-05-08 08:00:00,2024-05-08 12:00:00,1.63665,1.62901405,2024-05-09 12:00:00,1.62889405,stoploss,-1.015715136,7,0.7111099201,-4.828475646,2.4,2.4,1.63311,6,0.8931435829,0.9652777778,1.62181,0.003817975144,0,2024
1641,EUR_NZD,2024-05-08 08:00:00,2024-05-08 12:00:00,1.79609,1.788735127,2024-05-09 04:00:00,1.788545127,stoploss,-1.025833215,5,0.08021892936,-7.728210076,3.8,3.8,1.79517,13,0.1930692876,0.9608801956,1.78481,0.003677436265,0,2024
1642,NZD_JPY,2024-05-08 12:00:00,2024-05-08 16:00:00,93.176,92.54712842,2024-07-03 16:00:00,98.384,time_exit,8.281499966,240,8.850773581,-0.04452419336,1.4,1.4,92.971,8,0.6296993061,0.9170506912,90.794,0.3144357919,240,2024
1643,CAD_CHF,2024-05-09 08:00:00,2024-05-09 12:00:00,0.662405,0.659906086,2024-05-31 00:00:00,0.659831086,stoploss,-1.030013037,94,3.27542279,-7.537274068,1.5,1.5,0.66206,4,0.208090391,0.9519230769,0.65948,0.001249457021,73,2024
1644,AUD_JPY,2024-05-09 12:00:00,2024-05-09 16:00:00,102.8115,102.1434073,2024-07-04 16:00:00,108.3895,time_exit,8.349140751,240,8.525014548,-0.3150760359,0.9,0.9,102.47,14,1.008842034,0.9033942559,100.457,0.3340463508,234,2024
1645,EUR_JPY,2024-05-09 12:00:00,2024-05-09 16:00:00,167.532,166.6036904,2024-07-04 16:00:00,173.976,time_exit,6.941649441,240,7.523351908,-0.2186770386,1.4,1.4,167.348,5,0.3856471912,0.9948586118,164.018,0.4641548132,234,2024
1646,GBP_USD,2024-05-09 16:00:00,2024-05-09 20:00:00,1.251465,1.245876341,2024-07-04 20:00:00,1.276045,time_exit,4.398192879,240,6.190214917,-0.2156152327,0.9,0.9,1.25049,6,0.3328168737,0.7565217391,1.24678,0.002794329475,143,2024
1647,NZD_USD,2024-05-09 20:00:00,2024-05-10 00:00:00,0.602805,0.5993905825,2024-07-05 00:00:00,0.611155,time_exit,2.445512303,240,5.683253441,-0.9913843287,1.1,1.1,0.6032,20,0.1405803479,0.9370629371,0.59811,0.001707208749,142,2024
1648,AUD_NZD,2024-05-10 08:00:00,2024-05-10 12:00:00,1.098555,1.09514637,2024-05-13 00:00:00,1.09504137,stoploss,-1.03080416,4,0.7437004395,-7.497145851,2.1,2.1,1.09793,4,0.3051078726,0.8271028037,1.09502,0.001704315249,0,2024
1649,GBP_NZD,2024-05-13 04:00:00,2024-05-13 08:00:00,2.08536,2.076723617,2024-05-15 12:00:00,2.076483617,stoploss,-1.027789413,14,1.002734636,-2.839151649,4.8,4.8,2.08341,4,0.3959991289,0.674267101,2.07391,0.004318191317,7,2024
1650,CHF_JPY,2024-05-13 16:00:00,2024-05-13 20:00:00,172.181,171.4107082,2024-05-15 16:00:00,171.3997082,stoploss,-1.014280303,12,10.04035114,-1.777248606,2.2,2.2,172.052,5,0.3063774076,0.8385093168,169.566,0.3851458923,5,2024
1651,EUR_AUD,2024-05-13 16:00:00,2024-05-13 20:00:00,1.63363,1.627348816,2024-05-15 12:00:00,1.627228816,stoploss,-1.01910468,11,1.34528785,-5.389111683,2.4,2.4,1.63265,9,0.2642814001,0.914004914,1.62181,0.003140591807,4,2024
1652,EUR_NZD,2024-05-13 16:00:00,2024-05-13 20:00:00,1.79411,1.78733265,2024-05-15 04:00:00,1.78714265,stoploss,-1.028034557,9,0.3614982381,-8.094609528,3.8,3.8,1.79257,7,0.3924838014,0.8152866242,1.78551,0.003388674883,4,2024
1653,GBP_CHF,2024-05-13 16:00:00,2024-05-13 20:00:00,1.139795,1.135560476,2024-06-05 00:00:00,1.135465476,stoploss,-1.022434634,98,6.604047642,-4.285014999,1.9,1.9,1.13752,8,1.039077762,0.8544152745,1.13195,0.002117262134,59,2024
1654,USD_JPY,2024-05-13 16:00:00,2024-05-13 20:00:00,156.222,155.4767873,2024-05-15 12:00:00,155.4737873,stoploss,-1.004025696,11,7.689079611,-3.519800317,0.6,0.6,155.96,4,0.6977873294,0.9888888889,155.154,0.3726063645,4,2024
1655,CAD_JPY,2024-05-13 20:00:00,2024-05-14 00:00:00,114.219,113.7091017,2024-05-16 00:00:00,113.7031017,stoploss,-1.011767052,13,8.658588777,-2.476964355,1.2,1.2,114.232,8,0.1490493198,0.553030303,112.508,0.2549491674,4,2024
1656,GBP_JPY,2024-05-14 00:00:00,2024-05-14 04:00:00,196.272,195.3562553,2024-05-16 00:00:00,195.3462553,stoploss,-1.010920074,12,11.35250945,-1.340985148,2,2,194.861,15,3.061988889,0.6906077348,192.986,0.4578723342,6,2024
1657,GBP_JPY,2024-05-17 12:00:00,2024-05-17 16:00:00,197.231,196.1917979,2024-07-12 16:00:00,205.888,time_exit,8.330429914,240,10.47053343,-0.04811383801,2,2.4,197.091,14,0.2521165112,0.6227272727,194.735,0.5196010344,233,2024
1658,GBP_NZD,2024-05-20 08:00:00,2024-05-20 12:00:00,2.0764,2.067990884,2024-05-22 04:00:00,2.067750884,stoploss,-1.028540457,11,6.736736959,-1.850372941,4.8,4.8,2.07318,5,0.7135114167,0.960199005,2.06748,0.004204557811,7,2024
1659,GBP_AUD,2024-05-20 12:00:00,2024-05-20 16:00:00,1.90491,1.896210465,2024-06-21 12:00:00,1.896010465,stoploss,-1.022989734,144,3.433516817,-1.579394746,4,4,1.90312,6,0.374732669,0.8848758465,1.89094,0.00434976754,86,2024
1660,USD_CHF,2024-05-20 12:00:00,2024-05-20 16:00:00,0.910605,0.9067437158,2024-05-30 12:00:00,0.9066987158,stoploss,-1.011654154,48,1.355766552,-7.232049849,0.9,0.9,0.90983,7,0.3729329197,0.8577586207,0.89882,0.001930642113,11,2024
1661,USD_JPY,2024-05-20 12:00:00,2024-05-20 16:00:00,156.157,155.2720001,2024-06-04 08:00:00,155.2690001,stoploss,-1.003389831,65,6.548023323,-1.824858959,0.6,0.6,155.981,7,0.3887006079,0.8674496644,153.599,0.4424999511,43,2024
1662,EUR_AUD,2024-05-21 04:00:00,2024-05-21 08:00:00,1.63123,1.624354676,2024-06-11 16:00:00,1.624234676,stoploss,-1.017453724,93,1.57810755,-4.574330179,2.4,2.4,1.62946,4,0.4828863655,0.7282415631,1.62138,0.003437661774,80,2024
1663,USD_CAD,2024-05-21 12:00:00,2024-05-21 16:00:00,1.365925,1.361583668,2024-05-28 04:00:00,1.361518668,stoploss,-1.014972363,28,3.053210238,-1.620470315,1.3,1.3,1.36355,6,1.06418946,0.873747495,1.3596,0.002170666113,13,2024
1664,EUR_NZD,2024-05-21 16:00:00,2024-05-21 20:00:00,1.78126,1.774165638,2024-05-22 04:00:00,1.773975638,stoploss,-1.02678183,3,3.051719074,-5.921603616,3.8,3.8,1.78052,7,0.1606909812,0.8482142857,1.77023,0.003547181028,0,2024
1665,CHF_JPY,2024-05-24 00:00:00,2024-05-24 04:00:00,171.693,171.0296057,2024-07-19 04:00:00,177.028,time_exit,8.041974255,240,12.62446755,-0.5351266842,2.2,2.2,171.639,10,0.1115475342,0.7897435897,170.974,0.3316971574,199,2024
1666,EUR_GBP,2024-05-24 12:00:00,2024-05-24 16:00:00,0.85312,0.8510717619,2024-05-27 00:00:00,0.8510317619,stoploss,-1.01952898,3,0.4589310188,-7.235486913,0.8,0.8,0.85274,6,0.3417571416,0.8923076923,0.84999,0.001024119052,0,2024
1667,CAD_JPY,2024-05-27 16:00:00,2024-05-27 20:00:00,115.092,114.6422873,2024-05-30 04:00:00,114.6362873,stoploss,-1.013341852,15,8.389801416,-4.738581187,1.2,1.2,114.994,5,0.4047028512,0.8502024291,114.15,0.2248563353,7,2024
1668,GBP_NZD,2024-05-30 20:00:00,2024-05-31 00:00:00,2.08085,2.073408765,2024-05-31 12:00:00,2.073168765,stoploss,-1.03225271,4,14.20194341,-2.689069717,4.8,4.8,2.08157,9,0.1612635513,0.8859416446,2.07145,0.003720617556,0,2024
1669,EUR_GBP,2024-05-31 08:00:00,2024-05-31 12:00:00,0.85249,0.8502787223,2024-06-05 16:00:00,0.8502387223,stoploss,-1.018089089,20,0.709996751,-6.417104393,0.8,0.8,0.85173,4,0.6692963003,0.9156118143,0.84839,0.001105638862,0,2024
1670,CAD_JPY,2024-05-31 20:00:00,2024-06-03 00:00:00,115.263,114.666995,2024-06-03 16:00:00,114.660995,stoploss,-1.010067029,5,6.043573138,-9.006635371,1.2,1.2,115.288,17,0.2852324913,0.5755395683,114.08,0.2980025159,2,2024
1671,USD_CAD,2024-06-04 08:00:00,2024-06-04 12:00:00,1.368075,1.362673723,2024-06-25 12:00:00,1.362608723,stoploss,-1.012034192,91,3.414933305,-1.70052385,1.3,1.3,1.36688,5,0.4147167581,0.9314159292,1.36029,0.002700638395,31,2024
1672,AUD_NZD,2024-06-07 00:00:00,2024-06-07 04:00:00,1.076095,1.073038425,2024-06-07 12:00:00,1.072933425,stoploss,-1.034352171,3,12.75774195,-1.012571133,2.1,2.1,1.07572,5,0.1832115782,0.6666666667,1.07309,0.001528287692,1,2024
1673,EUR_NZD,2024-06-07 12:00:00,2024-06-07 16:00:00,1.76491,1.756613574,2024-06-10 16:00:00,1.756423574,stoploss,-1.022901428,7,9.681277174,-3.092898061,3.8,3.8,1.76246,5,0.5399915555,0.9062133646,1.7526,0.004148213017,1,2024
1674,GBP_NZD,2024-06-07 12:00:00,2024-06-07 16:00:00,2.07519,2.066199703,2024-06-12 16:00:00,2.065959703,stoploss,-1.026695448,19,12.86720593,-1.555009846,4.8,4.8,2.0688,7,1.363692469,0.9241573034,2.06084,0.004495148387,3,2024
1675,USD_CHF,2024-06-07 12:00:00,2024-06-07 16:00:00,0.895385,0.8905489078,2024-06-12 12:00:00,0.8905039078,stoploss,-1.009305034,18,2.000582213,-7.790380867,0.9,0.9,0.8949,11,0.186100671,0.9270386266,0.88846,0.002418046091,12,2024
1676,USD_JPY,2024-06-07 12:00:00,2024-06-07 16:00:00,156.785,155.6358741,2024-07-18 00:00:00,155.6328741,stoploss,-1.00261068,171,4.496461337,-9.025121061,0.6,0.6,156.448,5,0.5795709793,0.9356084997,154.542,0.57456293,107,2024
1677,CAD_JPY,2024-06-11 04:00:00,2024-06-11 08:00:00,114.255,113.6020307,2024-07-18 00:00:00,113.5960307,stoploss,-1.009188793,161,7.060056293,-19.2888089,1.2,1.2,114.203,5,0.1408948327,0.8067226891,112.961,0.3264846489,128,2024
1678,GBP_CHF,2024-06-11 12:00:00,2024-06-11 16:00:00,1.143505,1.1387008,2024-06-14 08:00:00,1.1386058,stoploss,-1.019774363,17,4.107863694,-14.40302145,1.9,1.9,1.14237,7,0.4329544709,0.9711934156,1.13548,0.002402100151,11,2024
1679,CAD_CHF,2024-06-11 16:00:00,2024-06-11 20:00:00,0.652975,0.6499961973,2024-06-12 12:00:00,0.6499211973,stoploss,-1.025177901,5,3.493014169,-15.76640177,1.5,1.5,0.65267,8,0.1544244611,0.9530516432,0.64874,0.001489401345,1,2024
1680,EUR_CHF,2024-06-12 16:00:00,2024-06-12 20:00:00,0.96657,0.9625770214,2024-06-13 16:00:00,0.9625270214,stoploss,-1.01252198,6,2.712260945,-11.40001092,1,1,0.96581,8,0.3656418264,0.724137931,0.96156,0.001996489316,3,2024
1681,GBP_NZD,2024-06-14 00:00:00,2024-06-14 04:00:00,2.07407,2.064224769,2024-06-17 00:00:00,2.063984769,stoploss,-1.024377285,6,11.86361205,-1.30621619,4.8,4.8,2.07268,4,0.2315842079,0.9838909542,2.06151,0.004922615452,1,2024
1682,AUD_NZD,2024-06-17 08:00:00,2024-06-17 12:00:00,1.079235,1.075968188,2024-08-12 12:00:00,1.094255,time_exit,4.59775513,240,10.9755333,-0.5555875873,2.1,2.1,1.0789,5,0.1408100772,0.6351351351,1.07442,0.001633405823,129,2024
1683,EUR_NZD,2024-06-17 08:00:00,2024-06-17 12:00:00,1.74933,1.741102021,2024-08-12 12:00:00,1.81149,time_exit,7.554710955,240,14.05570016,-0.8191562394,3.8,3.8,1.74812,6,0.2455037987,0.5054945055,1.73925,0.004113989295,209,2024
1684,AUD_CHF,2024-06-20 08:00:00,2024-06-20 12:00:00,0.5931,0.5894728822,2024-07-23 08:00:00,0.5894028822,stoploss,-1.01929907,138,4.185141133,-15.58537735,1.4,1.4,0.59099,5,1.124860067,0.7707231041,0.58615,0.001813558912,89,2024
1685,CAD_CHF,2024-06-20 08:00:00,2024-06-20 12:00:00,0.648395,0.6453513633,2024-07-17 20:00:00,0.6452763633,stoploss,-1.024641574,117,4.923386519,-13.92577495,1.5,1.5,0.64578,5,1.675627043,0.7412587413,0.64357,0.001521818361,59,2024
1686,EUR_CHF,2024-06-20 08:00:00,2024-06-20 12:00:00,0.95329,0.9489574088,2024-08-01 04:00:00,0.9489074088,stoploss,-1.011540438,179,5.564799236,-7.441274466,1,1,0.95152,5,0.7847497886,0.7426900585,0.94782,0.002166295582,103,2024
1687,GBP_CHF,2024-06-20 08:00:00,2024-06-20 12:00:00,1.129415,1.12368813,2024-08-01 08:00:00,1.12359313,stoploss,-1.016588467,180,5.906367209,-9.622183742,1.9,1.9,1.12754,5,0.6216309613,0.7319062181,1.12165,0.002863435239,99,2024
1688,USD_CHF,2024-06-20 08:00:00,2024-06-20 12:00:00,0.889485,0.8853182129,2024-07-17 12:00:00,0.8852732129,stoploss,-1.010799688,115,3.73789193,-11.09847912,0.9,0.9,0.88545,5,1.919944491,0.7831021438,0.88268,0.002083393567,53,2024
1689,NZD_CHF,2024-06-21 12:00:00,2024-06-21 16:00:00,0.547205,0.544046953,2024-07-15 12:00:00,0.543961953,stoploss,-1.026915369,96,1.711500814,-16.71761064,1.7,1.7,0.5469,5,0.1329935878,0.7213114754,0.54067,0.001579023496,52,2024
1690,EUR_AUD,2024-06-24 12:00:00,2024-06-24 16:00:00,1.61537,1.608575938,2024-06-25 08:00:00,1.608455938,stoploss,-1.017662483,5,15.19562298,-2.294650932,2.4,2.4,1.6114,13,1.13039892,0.8540268456,1.60273,0.003397030847,0,2024
1691,EUR_GBP,2024-06-24 12:00:00,2024-06-24 16:00:00,0.8476,0.8451905317,2024-06-25 08:00:00,0.8451505317,stoploss,-1.016601173,5,6.179786615,-3.859772701,0.8,0.8,0.84653,7,0.8466598184,0.8447204969,0.843,0.001204734154,0,2024
1692,EUR_USD,2024-06-24 12:00:00,2024-06-24 16:00:00,1.073515,1.069862331,2024-06-25 16:00:00,1.069827331,stoploss,-1.009582034,7,9.279515276,-1.893136101,0.7,0.7,1.07207,7,0.7665627017,0.9429824561,1.06711,0.001826334619,0,2024
1693,GBP_AUD,2024-06-25 16:00:00,2024-06-25 20:00:00,1.91007,1.902550641,2024-06-26 04:00:00,1.902350641,stoploss,-1.026598012,3,12.48111703,-2.513512114,4,4,1.90742,7,0.6543110899,0.7546296296,1.89572,0.003759679513,1,2024
1694,AUD_CAD,2024-06-26 04:00:00,2024-06-26 08:00:00,0.912135,0.9080123537,2024-07-25 00:00:00,0.9079173537,stoploss,-1.023043451,125,3.467433002,-6.49704043,1.9,1.9,0.91092,5,0.5384890706,0.9443298969,0.9057,0.002061323174,80,2024
1695,AUD_USD,2024-06-26 04:00:00,2024-06-26 08:00:00,0.66787,0.6643565639,2024-06-26 16:00:00,0.6643065639,stoploss,-1.014231083,3,3.415459835,-9.401053196,1,1,0.66728,5,0.3016989521,0.9226804124,0.66262,0.001756718067,0,2024
1696,GBP_NZD,2024-06-26 12:00:00,2024-06-26 16:00:00,2.07724,2.069378289,2024-08-21 16:00:00,2.12226,time_exit,5.726488595,240,14.45359616,-0.733936899,4.8,4.8,2.07606,5,0.2315017602,0.7798353909,2.06121,0.003930855642,138,2024
1697,USD_CAD,2024-06-26 12:00:00,2024-06-26 16:00:00,1.368775,1.364465947,2024-07-03 16:00:00,1.364400947,stoploss,-1.01508452,31,6.016402671,-2.60033913,1.3,1.3,1.36807,6,0.2970490036,0.7323076923,1.36192,0.002154526668,21,2024
1698,EUR_CAD,2024-07-01 00:00:00,2024-07-01 04:00:00,1.469565,1.464228265,2024-08-26 04:00:00,1.511535,time_exit,7.864359627,240,9.973327165,-0.1845697935,3.7,3.7,1.46816,8,0.4497132024,0.8758865248,1.45851,0.002668367292,153,2024
1699,EUR_GBP,2024-07-01 00:00:00,2024-07-01 04:00:00,0.84931,0.8468371104,2024-07-01 16:00:00,0.8467971104,stoploss,-1.016175409,4,5.32979713,-4.452281214,0.8,0.8,0.84755,8,1.399172843,0.8813559322,0.8431,0.00123644481,1,2024
1700,EUR_USD,2024-07-01 00:00:00,2024-07-01 04:00:00,1.074595,1.070467029,2024-08-26 04:00:00,1.119335,time_exit,10.8382551,240,11.04053367,-0.8708879546,0.7,0.7,1.07265,8,0.9399291416,0.774566474,1.0666,0.002063985373,239,2024
1701,GBP_CAD,2024-07-01 12:00:00,2024-07-01 16:00:00,1.73587,1.730375882,2024-08-26 16:00:00,1.78085,time_exit,8.186937558,240,9.288115242,-0.4732333849,5.2,5.2,1.73465,7,0.3421841398,0.8996960486,1.72693,0.002747058939,234,2024
1702,AUD_USD,2024-07-03 16:00:00,2024-07-03 20:00:00,0.67149,0.6674079903,2024-07-22 04:00:00,0.6673579903,stoploss,-1.012248868,75,2.400778225,-8.978420607,1,1,0.66889,12,1.249384587,0.6535008977,0.662,0.002041004849,34,2024
1703,GBP_USD,2024-07-05 08:00:00,2024-07-05 12:00:00,1.277995,1.273811959,2024-08-01 20:00:00,1.273766959,stoploss,-1.010757724,117,11.62192771,-2.748000804,0.9,0.9,1.27774,10,0.1051866336,0.8907103825,1.26155,0.002091520494,48,2024
1704,NZD_CAD,2024-07-05 12:00:00,2024-07-05 16:00:00,0.835005,0.8314082975,2024-07-10 04:00:00,0.8312932975,stoploss,-1.031973731,16,3.446212167,-6.46564453,2.3,2.3,0.83389,6,0.5560648919,0.6700819672,0.8293,0.001798351262,3,2024
1705,EUR_JPY,2024-07-08 08:00:00,2024-07-08 12:00:00,174.606,173.6916801,2024-07-11 12:00:00,173.6846801,stoploss,-1.007655964,19,0.8990288751,-22.09729853,1.4,1.4,174.503,4,0.209992146,0.9603340292,173.084,0.4571599549,18,2024
1706,AUD_JPY,2024-07-09 16:00:00,2024-07-09 20:00:00,108.6935,108.2234781,2024-07-11 12:00:00,108.2189781,stoploss,-1.009574023,11,1.452060101,-39.47156781,0.9,0.9,108.575,7,0.4808286929,0.8392857143,107.959,0.2350109336,9,2024
1707,NZD_JPY,2024-07-10 00:00:00,2024-07-10 04:00:00,98.915,98.4981086,2024-07-10 04:00:00,98.4911086,stoploss,-1.016790944,1,0.256661567,-38.03388605,1.4,1.4,98.863,13,0.2014913237,0.8007380074,98.23,0.2084457,0,2024
1708,GBP_AUD,2024-07-10 16:00:00,2024-07-10 20:00:00,1.90422,1.897401882,2024-09-04 20:00:00,1.95527,time_exit,7.487403151,240,14.62280302,-0.4458708242,4,4,1.90282,6,0.3813368892,0.9981981982,1.89442,0.003409059121,105,2024
1709,NZD_CAD,2024-07-12 20:00:00,2024-07-15 00:00:00,0.833175,0.8290059719,2024-07-16 04:00:00,0.8288909719,stoploss,-1.027584367,8,3.412066207,-5.139087416,2.3,2.3,0.83401,7,0.105540185,0.7064220183,0.82705,0.002084514065,0,2024
1710,USD_CAD,2024-07-15 00:00:00,2024-07-15 04:00:00,1.365645,1.361513351,2024-08-20 08:00:00,1.361448351,stoploss,-1.015732216,158,7.032300473,-5.26787196,1.3,1.3,1.36481,7,0.3678918162,0.944,1.35889,0.002065824698,91,2024
1711,EUR_AUD,2024-07-15 12:00:00,2024-07-15 16:00:00,1.60994,1.604136609,2024-09-09 16:00:00,1.65958,time_exit,8.553620168,240,18.72525994,-0.09649531212,2.4,2.4,1.60897,8,0.2963784587,0.8243626062,1.60235,0.002901695366,88,2024
1712,EUR_JPY,2024-07-16 04:00:00,2024-07-16 08:00:00,172.808,171.6370775,2024-07-17 08:00:00,171.6300775,stoploss,-1.005978193,7,0.09650510752,-15.71923017,1.4,1.4,172.562,4,0.4065170901,0.7931034483,171.459,0.5854612409,0,2024
1713,EUR_GBP,2024-07-18 08:00:00,2024-07-18 12:00:00,0.84175,0.8397258398,2024-07-24 12:00:00,0.8396858398,stoploss,-1.019761281,25,10.24622437,-1.284483287,0.8,0.8,0.84106,11,0.6521222841,0.8581560284,0.8383,0.001012080121,6,2024
1714,USD_CHF,2024-07-23 12:00:00,2024-07-23 16:00:00,0.891445,0.8879408816,2024-07-24 12:00:00,0.8878958816,stoploss,-1.012842032,6,0.2753902374,-15.41757262,0.9,0.9,0.89024,5,0.6620780837,0.675,0.88199,0.001752059204,0,2024
1715,EUR_GBP,2024-07-25 12:00:00,2024-07-25 16:00:00,0.84275,0.8405311386,2024-08-29 08:00:00,0.8404911386,stoploss,-1.018027264,149,8.896454824,-1.617946951,0.8,0.8,0.8418,7,0.8202405157,0.7055214724,0.83975,0.001109430688,59,2024
1716,AUD_JPY,2024-07-26 08:00:00,2024-07-26 12:00:00,101.3165,100.1207017,2024-07-30 20:00:00,100.1162017,stoploss,-1.003763176,15,0.3842621285,-9.345639646,0.9,0.9,101.155,4,0.2642586129,0.9928977273,99.214,0.59789915,11,2024
1717,AUD_CHF,2024-07-30 04:00:00,2024-07-30 08:00:00,0.58138,0.5778381523,2024-07-30 16:00:00,0.5777681523,stoploss,-1.019763696,3,0.2625748144,-12.65158864,1.4,1.4,0.58042,7,0.5082093183,1,0.5723,0.001770923845,0,2024
1718,CAD_CHF,2024-07-30 04:00:00,2024-07-30 08:00:00,0.640605,0.6378567051,2024-07-30 20:00:00,0.6377817051,stoploss,-1.027289648,4,0.180111678,-12.58780505,1.5,1.5,0.64001,11,0.3856936942,1,0.63422,0.001374147434,0,2024
1719,NZD_CHF,2024-07-30 04:00:00,2024-07-30 08:00:00,0.522445,0.5191738021,2024-07-31 04:00:00,0.5190888021,stoploss,-1.025984365,6,3.101310344,-8.570254854,1.7,1.7,0.52161,11,0.4646615794,0.9353448276,0.51685,0.001635598969,0,2024
1720,USD_JPY,2024-07-30 12:00:00,2024-07-30 16:00:00,154.945,153.6373098,2024-07-30 16:00:00,153.6343098,stoploss,-1.002294121,1,0.0007647071079,-11.75125413,0.6,0.6,154.741,12,0.3058828432,0.7703081232,151.939,0.6538451059,0,2024
1721,NZD_CAD,2024-07-30 16:00:00,2024-07-30 20:00:00,0.817025,0.8134327274,2024-09-24 20:00:00,0.851455,time_exit,9.584461818,240,10.0006329,-0.3521447633,2.3,2.3,0.81601,12,0.5010755525,0.7662337662,0.81175,0.001796136322,239,2024
1722,NZD_USD,2024-07-31 08:00:00,2024-07-31 12:00:00,0.591605,0.5878207661,2024-08-05 08:00:00,0.5877657661,stoploss,-1.014533986,18,11.6179395,-1.748042074,1.1,1.1,0.59057,16,0.5179383924,0.5893416928,0.58579,0.001892116928,13,2024
1723,NZD_CHF,2024-08-07 00:00:00,2024-08-07 04:00:00,0.511985,0.5039493926,2024-10-02 04:00:00,0.531955,time_exit,2.485188609,240,3.277288033,-0.07528989025,1.7,1.7,0.51127,6,0.1592910075,0.9791955617,0.49441,0.004017803705,232,2024
1724,NZD_USD,2024-08-07 00:00:00,2024-08-07 04:00:00,0.599805,0.5936274914,2024-10-02 04:00:00,0.628835,time_exit,4.699305464,240,6.165106738,-0.3828404211,1.1,1.1,0.59802,6,0.5633338965,0.9836601307,0.58499,0.003088754308,232,2024
1725,AUD_CAD,2024-08-07 04:00:00,2024-08-07 08:00:00,0.903135,0.8951775157,2024-08-08 00:00:00,0.8950825157,stoploss,-1.011938446,5,4.343709474,-1.022308016,1.9,1.9,0.90249,7,0.1407479997,0.8143236074,0.88535,0.003978742157,0,2024
1726,AUD_CHF,2024-08-07 04:00:00,2024-08-07 08:00:00,0.56323,0.5531670799,2024-10-02 08:00:00,0.58251,time_exit,1.915944861,240,2.365118657,-0.501842404,1.4,1.4,0.55954,5,0.7194730703,0.8695652174,0.53657,0.005031460036,234,2024
1727,AUD_JPY,2024-08-07 04:00:00,2024-08-07 08:00:00,96.8065,94.15932711,2024-09-11 04:00:00,94.15482711,stoploss,-1.001699927,150,1.477991868,-1.215825387,0.9,0.9,95.507,7,0.9716025774,0.8913457873,90.141,1.323586444,110,2024
1728,AUD_USD,2024-08-07 04:00:00,2024-08-07 08:00:00,0.65574,0.648341097,2024-10-02 08:00:00,0.6889,time_exit,4.481745484,240,5.207528755,-0.6757758571,1,1,0.65405,6,0.4433089623,0.7660818713,0.63484,0.003699451488,231,2024
1729,CAD_JPY,2024-08-07 04:00:00,2024-08-07 08:00:00,107.202,104.7146144,2024-09-06 16:00:00,104.7086144,stoploss,-1.002412171,135,0.7465670027,-1.764101243,1.2,1.2,105.995,7,0.9568279302,0.9025069638,101.66,1.243692792,110,2024
1730,CHF_JPY,2024-08-07 04:00:00,2024-08-07 08:00:00,171.899,169.2360196,2024-08-14 04:00:00,169.2250196,stoploss,-1.00413071,30,0.3447265266,-2.477299451,2.2,2.2,171.155,7,0.5384943782,0.8859649123,166.822,1.331490223,0,2024
1731,EUR_JPY,2024-08-07 04:00:00,2024-08-07 08:00:00,161.101,157.7115614,2024-09-06 16:00:00,157.7045614,stoploss,-1.002065239,135,0.821669992,-1.75722315,1.4,1.4,160.235,7,0.5062785301,0.899270073,154.402,1.694719308,39,2024
1732,GBP_JPY,2024-08-07 04:00:00,2024-08-07 08:00:00,187.572,183.1937892,2024-10-02 08:00:00,190.707,time_exit,0.7160459167,240,1.917906718,-0.8814102687,2.4,2,187.101,7,0.2087610743,0.8814931414,180.095,2.189105424,222,2024
1733,NZD_JPY,2024-08-07 04:00:00,2024-08-07 08:00:00,88.705,86.46683236,2024-09-11 08:00:00,86.46183236,stoploss,-1.00223397,151,1.600863106,-1.087496735,1.4,1,87.231,7,1.304638646,0.8720524017,83.059,1.11908382,110,2024
1734,USD_CHF,2024-08-07 04:00:00,2024-08-07 08:00:00,0.858925,0.8500292989,2024-08-21 20:00:00,0.8499842989,stoploss,-1.005058623,64,1.792438823,-2.417459824,0.9,0.9,0.8572,5,0.3799588097,0.9421221865,0.84324,0.004447850548,38,2024
1735,USD_JPY,2024-08-07 04:00:00,2024-08-07 08:00:00,147.636,144.468762,2024-08-21 20:00:00,144.465762,stoploss,-1.000947198,64,0.555057749,-2.544172549,0.6,0.6,146.374,7,0.7962773851,0.9183856502,141.686,1.583619005,39,2024
1736,EUR_CHF,2024-08-07 12:00:00,2024-08-07 16:00:00,0.94055,0.9311509844,2024-09-11 04:00:00,0.9311009844,stoploss,-1.005319706,148,1.870408642,-1.053301795,1,1,0.93847,7,0.4340880125,0.5024875622,0.92105,0.004699507799,36,2024
1737,GBP_CHF,2024-08-08 16:00:00,2024-08-08 20:00:00,1.103815,1.089612689,2024-10-03 20:00:00,1.118795,time_exit,1.05475791,240,2.336591537,-0.3186101162,1.9,1.9,1.10206,6,0.2309483273,0.9358552632,1.07431,0.007101155566,203,2024
1738,GBP_USD,2024-08-08 16:00:00,2024-08-08 20:00:00,1.274305,1.267016572,2024-10-03 20:00:00,1.312545,time_exit,5.246673543,240,9.484213093,-0.2284443371,0.9,0.9,1.2736,7,0.1783649479,0.9823269514,1.26727,0.003644213775,209,2024
1739,CAD_CHF,2024-08-12 08:00:00,2024-08-12 12:00:00,0.632965,0.6272441777,2024-08-20 20:00:00,0.6271691777,stoploss,-1.013110003,39,0.7280421929,-2.393886634,1.5,1.5,0.63172,6,0.4055361074,0.752173913,0.60601,0.002860411141,19,2024
1740,AUD_CAD,2024-08-13 16:00:00,2024-08-13 20:00:00,0.908895,0.9039835952,2024-08-14 20:00:00,0.9038885952,stoploss,-1.019342735,7,5.864920727,-1.635988129,1.9,1.9,0.90718,6,0.6596890525,0.9241982507,0.895,0.002455702416,2,2024
1741,AUD_NZD,2024-08-14 04:00:00,2024-08-14 08:00:00,1.102825,1.096495271,2024-08-20 08:00:00,1.096390271,stoploss,-1.016588387,25,0.7591161832,-4.045196643,2.1,2.1,1.09665,13,1.927412578,0.9610859729,1.08624,0.003164864685,10,2024
1742,EUR_NZD,2024-08-14 04:00:00,2024-08-14 08:00:00,1.82998,1.81762004,2024-08-19 04:00:00,1.81743004,stoploss,-1.015372219,18,0.754047778,-6.559892043,3.8,3.8,1.82223,13,1.245958775,0.9666233203,1.80687,0.006179979752,5,2024
1743,CHF_JPY,2024-08-15 16:00:00,2024-08-15 20:00:00,170.894,169.6552501,2024-08-19 04:00:00,169.6442501,stoploss,-1.00887992,9,2.425832592,-4.514228238,2.2,2.2,170.729,8,0.2437941574,0.6036414566,169.102,0.6193749745,3,2024
1744,AUD_CAD,2024-08-19 00:00:00,2024-08-19 04:00:00,0.913435,0.9085568819,2024-09-04 00:00:00,0.9084618819,stoploss,-1.019474723,72,4.974254352,-2.391291037,1.9,1.9,0.90892,9,1.80807432,0.8259803922,0.90062,0.002439059031,9,2024
1745,CHF_JPY,2024-08-22 16:00:00,2024-08-22 20:00:00,171.75,170.482125,2024-08-23 16:00:00,170.471125,stoploss,-1.008675934,6,1.908705518,-5.085674868,2.2,2.2,171.667,6,0.1135758655,0.8886639676,168.355,0.6339374977,0,2024
1746,CAD_CHF,2024-08-23 16:00:00,2024-08-23 20:00:00,0.628975,0.6256664003,2024-08-27 20:00:00,0.6255914003,stoploss,-1.0226682,13,1.373692925,-2.933265091,1.5,1.5,0.62776,7,0.6891132826,0.8844221106,0.62377,0.00165429985,9,2024
1747,CAD_CHF,2024-08-29 12:00:00,2024-08-29 16:00:00,0.628695,0.6250133716,2024-09-05 12:00:00,0.6249383716,stoploss,-1.020371421,30,1.310561386,-2.56000851,1.5,1.5,0.62751,5,0.6029940469,0.7195571956,0.62377,0.001840814193,12,2024
1748,USD_CHF,2024-08-29 12:00:00,2024-08-29 16:00:00,0.846905,0.8415396037,2024-09-06 08:00:00,0.8414946037,stoploss,-1.008387079,35,4.049095154,-1.767809783,0.9,0.9,0.84521,5,0.618780019,0.7815845824,0.8409,0.00268269813,16,2024
1749,USD_JPY,2024-08-29 12:00:00,2024-08-29 16:00:00,145.399,144.229217,2024-09-04 16:00:00,144.226217,stoploss,-1.002564578,25,6.656790044,-4.976136489,0.6,0.6,145.041,5,0.6052404457,0.9695740365,143.446,0.584891513,14,2024
1750,USD_CAD,2024-08-30 16:00:00,2024-08-30 20:00:00,1.350275,1.345955578,2024-09-24 16:00:00,1.345890578,stoploss,-1.015048309,102,9.143583817,-1.93660156,1.3,1.3,1.3491,6,0.5093273679,0.8200934579,1.34388,0.002159711159,80,2024
1751,CHF_JPY,2024-09-02 08:00:00,2024-09-02 12:00:00,172.622,171.5227835,2024-09-03 08:00:00,171.5117835,stoploss,-1.010007128,6,3.908238409,-6.659288908,2.2,2.2,172.269,12,0.6259003783,0.8167115903,170.758,0.5496082315,0,2024
1752,GBP_NZD,2024-09-02 12:00:00,2024-09-02 16:00:00,2.11013,2.100488296,2024-09-30 04:00:00,2.100248296,stoploss,-1.024891865,118,6.502999671,-1.028863744,4.8,4.8,2.10735,7,0.5268778043,0.7295081967,2.09812,0.004820852159,84,2024
1753,AUD_NZD,2024-09-02 16:00:00,2024-09-02 20:00:00,1.090395,1.085737036,2024-09-03 16:00:00,1.085632036,stoploss,-1.022542036,6,4.007115174,-2.828488744,2.1,2.1,1.08812,8,0.9360311898,0.9406779661,1.07974,0.002328982222,2,2024
1754,EUR_CAD,2024-09-03 04:00:00,2024-09-03 08:00:00,1.49531,1.490760751,2024-10-02 00:00:00,1.490670751,stoploss,-1.019783486,125,4.607354184,-2.048689933,1.8,1.8,1.49494,11,0.1187009189,0.8413284133,1.4889,0.002274624346,78,2024
1755,EUR_NZD,2024-09-04 00:00:00,2024-09-04 04:00:00,1.79058,1.781425347,2024-09-06 12:00:00,1.781235347,stoploss,-1.020754472,15,2.916549544,-4.552875843,3.8,3.8,1.78769,4,0.6073414032,1,1.76516,0.004577326666,5,2024
1756,EUR_USD,2024-09-04 16:00:00,2024-09-04 20:00:00,1.108445,1.104271681,2024-09-09 12:00:00,1.104236681,stoploss,-1.00838661,17,3.109036057,-7.748029357,0.7,0.7,1.10776,14,0.3162949977,0.7566371681,1.10264,0.002086659621,10,2024
1757,GBP_CAD,2024-09-05 16:00:00,2024-09-05 20:00:00,1.78045,1.77402525,2024-09-06 12:00:00,1.77388525,stoploss,-1.021790731,5,5.397875352,-1.855325092,5.2,2.8,1.77975,8,0.1369703088,0.8401162791,1.76834,0.003212375031,4,2024
1758,EUR_GBP,2024-09-06 08:00:00,2024-09-06 12:00:00,0.84427,0.842060581,2024-09-06 12:00:00,0.842020581,stoploss,-1.018104307,1,0.9052153556,-6.703119708,0.8,0.8,0.84379,5,0.40734691,0.9801324503,0.84001,0.001104709497,0,2024
1759,AUD_CAD,2024-09-06 12:00:00,2024-09-06 16:00:00,0.911305,0.9066300337,2024-09-06 16:00:00,0.9065350337,stoploss,-1.020321002,1,5.64602999,-2.03958689,1.9,1.9,0.91049,4,0.30802361,0.8507462687,0.90624,0.002337483156,0,2024
1760,GBP_AUD,2024-09-06 16:00:00,2024-09-06 20:00:00,1.96807,1.957798269,2024-09-11 16:00:00,1.957598269,stoploss,-1.019470915,18,1.990901084,-5.42654408,4,4,1.95842,7,1.845842766,0.9261275272,1.93404,0.005135865403,1,2024
1761,EUR_NZD,2024-09-09 08:00:00,2024-09-09 12:00:00,1.80066,1.790219186,2024-09-11 00:00:00,1.790029186,stoploss,-1.018197814,10,2.569722922,-4.957467701,3.8,3.8,1.79867,4,0.3448006902,0.8561643836,1.77345,0.005220407184,0,2024
1762,USD_CHF,2024-09-09 08:00:00,2024-09-09 12:00:00,0.848325,0.8424950558,2024-09-11 08:00:00,0.8424500558,stoploss,-1.00771877,12,3.916847099,-1.585778473,0.9,0.9,0.8476,4,0.2367089554,0.9278688525,0.83742,0.002914972096,4,2024
1763,AUD_NZD,2024-09-11 16:00:00,2024-09-11 20:00:00,1.087055,1.082115358,2024-11-06 20:00:00,1.105365,time_exit,3.706746078,240,4.454775939,-0.4706818477,2.1,2.1,1.08579,13,0.4777673809,0.871641791,1.07722,0.002469821187,120,2024
1764,EUR_GBP,2024-09-11 16:00:00,2024-09-11 20:00:00,0.84496,0.8421985183,2024-09-16 16:00:00,0.8421285183,stoploss,-1.02534871,18,0.188304704,-5.612928676,0.8,1.4,0.8447,10,0.1665772381,0.5759493671,0.84109,0.001380740866,5,2024
1765,CAD_CHF,2024-09-11 20:00:00,2024-09-12 00:00:00,0.626085,0.621307525,2024-09-16 12:00:00,0.621232525,stoploss,-1.015698669,16,1.556261429,-1.631615042,1.5,1.5,0.62662,11,0.3642091306,0.5884353741,0.61928,0.002388737478,3,2024
1766,EUR_CHF,2024-09-11 20:00:00,2024-09-12 00:00:00,0.93786,0.9325788859,2024-11-07 00:00:00,0.93938,time_exit,0.2878180562,240,2.442666398,-0.9335151429,1,1,0.93774,9,0.1173994703,0.5015197568,0.93212,0.002640557059,57,2024
1767,AUD_CAD,2024-09-12 04:00:00,2024-09-12 08:00:00,0.907975,0.9036627643,2024-11-07 08:00:00,0.919755,time_exit,2.7317616,240,6.893176023,-0.9519423911,1.9,1.9,0.90649,8,0.6400392203,0.8423423423,0.90177,0.002156117869,74,2024
1768,EUR_USD,2024-09-12 20:00:00,2024-09-13 00:00:00,1.107395,1.103114617,2024-10-03 08:00:00,1.103079617,stoploss,-1.008176838,87,3.276575936,-9.152218344,0.7,0.7,1.1055,8,0.9064609362,0.9725609756,1.10021,0.00214019151,52,2024
1769,GBP_CAD,2024-09-13 00:00:00,2024-09-13 04:00:00,1.78344,1.776183025,2024-10-03 08:00:00,1.776043025,stoploss,-1.019291786,86,4.366833554,-1.594328312,2.8,2.8,1.78266,10,0.1791380126,0.8409090909,1.76853,0.003628487279,67,2024
1770,EUR_NZD,2024-09-16 00:00:00,2024-09-16 04:00:00,1.79952,1.79065157,2024-09-18 08:00:00,1.79046157,stoploss,-1.021424312,14,3.153884216,-5.707887702,3.8,3.8,1.79872,8,0.135311443,0.849382716,1.78926,0.004434214778,0,2024
1771,CHF_JPY,2024-09-17 04:00:00,2024-09-17 08:00:00,166.645,165.4860898,2024-11-12 08:00:00,174.275,time_exit,6.583771553,240,9.225046091,-0.3020078694,2.2,2.2,166.476,9,0.2743957214,0.8651162791,165.302,0.5794550994,191,2024
1772,AUD_JPY,2024-09-17 16:00:00,2024-09-17 20:00:00,95.7065,94.76940345,2024-11-12 20:00:00,100.8665,time_exit,5.506369668,240,7.147075746,-0.4113770362,0.9,0.9,95.317,4,0.8238211984,0.6627078385,93.588,0.4685482733,221,2024
1773,CAD_JPY,2024-09-17 16:00:00,2024-09-17 20:00:00,104.239,103.2799406,2024-11-12 20:00:00,110.924,time_exit,6.970371345,240,7.2508545,-0.6037165308,1.2,1.2,103.94,4,0.6131007256,0.7560096154,102.814,0.4795296885,218,2024
1774,EUR_JPY,2024-09-17 16:00:00,2024-09-17 20:00:00,157.607,156.2811851,2024-11-12 20:00:00,164.174,time_exit,4.953180068,240,6.853897864,-0.4269072511,1.4,1,157.109,4,0.739168032,0.7523892268,155.145,0.6629074565,188,2024
1775,NZD_JPY,2024-09-17 16:00:00,2024-09-17 20:00:00,87.632,86.85457752,2024-11-12 20:00:00,91.513,time_exit,4.992137616,240,6.220555917,-0.1775096602,1,1.2,87.419,4,0.537674188,0.671641791,86.271,0.3887112394,220,2024
1776,USD_JPY,2024-09-17 16:00:00,2024-09-17 20:00:00,141.738,140.366633,2024-11-12 20:00:00,154.784,time_exit,9.513135098,240,9.618139809,-0.9479591927,0.6,0.6,141.246,4,0.7146153914,0.7682060391,139.578,0.6856835242,239,2024
1777,USD_CHF,2024-09-19 00:00:00,2024-09-19 04:00:00,0.849975,0.8442322183,2024-09-24 20:00:00,0.8441872183,stoploss,-1.007835924,23,6.602201148,-1.768306809,0.9,0.9,0.8477,8,0.7766271165,0.976344086,0.84298,0.002871390855,13,2024
1778,CAD_CHF,2024-09-19 04:00:00,2024-09-19 08:00:00,0.624235,0.6205978511,2024-10-31 16:00:00,0.6205228511,stoploss,-1.020620547,183,3.031220412,-1.634522027,1.5,1.5,0.62327,7,0.4838955035,0.9292035398,0.62045,0.001818574452,68,2024
1779,USD_CHF,2024-09-25 16:00:00,2024-09-25 20:00:00,0.849975,0.8445385408,2024-09-27 08:00:00,0.8444935408,stoploss,-1.008277446,10,7.693426567,-1.867943737,0.9,0.9,0.849,8,0.342134451,0.9570200573,0.83908,0.002718229623,3,2024
1780,USD_CAD,2024-09-27 04:00:00,2024-09-27 08:00:00,1.349085,1.344296228,2024-11-22 08:00:00,1.398395,time_exit,10.2970036,240,12.84567383,-0.5732158769,1.3,1.3,1.34871,7,0.1294695241,0.7716535433,1.34191,0.002394385877,212,2024
1781,NZD_CAD,2024-09-30 00:00:00,2024-09-30 04:00:00,0.859945,0.8537563066,2024-10-01 08:00:00,0.8536413066,stoploss,-1.018582275,8,0.2318744691,-7.478961534,2.3,2.3,0.85302,17,2.200787644,0.985915493,0.84238,0.003094346708,4,2024
1782,USD_CHF,2024-10-02 12:00:00,2024-10-02 16:00:00,0.850435,0.8447053833,2024-11-27 16:00:00,0.881475,time_exit,5.417465403,240,7.91588735,-0.3481908337,0.9,0.9,0.84821,6,0.7609584135,0.9507042254,0.83982,0.002864808328,222,2024
1783,GBP_JPY,2024-10-02 16:00:00,2024-10-02 20:00:00,193.794,191.445469,2024-11-27 04:00:00,191.435469,stoploss,-1.004257981,237,2.562027062,-1.327212623,2,2,193.356,8,0.3644831585,0.7981340119,189.558,1.174265504,119,2024
1784,GBP_NZD,2024-10-02 16:00:00,2024-10-02 20:00:00,2.11751,2.105198178,2024-10-03 12:00:00,2.104958178,stoploss,-1.019493459,5,5.433801779,-1.10462936,4.8,4.8,2.11615,4,0.1851878633,0.9548693587,2.10021,0.006155910974,2,2024
1785,EUR_NZD,2024-10-03 00:00:00,2024-10-03 04:00:00,1.76754,1.756074647,2024-11-28 04:00:00,1.78856,time_exit,1.833349615,240,5.228796833,-0.1613556988,3.8,3.8,1.76365,7,0.6436784091,0.8863346105,1.7489,0.005732676361,123,2024
1786,EUR_GBP,2024-10-03 08:00:00,2024-10-03 12:00:00,0.84152,0.8375667243,2024-10-04 08:00:00,0.8375267243,stoploss,-1.010118191,6,0.8246326026,-3.933446923,0.8,0.8,0.83451,9,3.526189718,0.9248366013,0.83107,0.001976637832,0,2024
1787,EUR_AUD,2024-10-03 12:00:00,2024-10-03 16:00:00,1.61342,1.603740155,2024-11-22 08:00:00,1.603620155,stoploss,-1.012396892,215,4.811027316,-1.73969723,2.4,2.4,1.61131,10,0.4090974484,0.7854545455,1.60042,0.004839922634,120,2024
1788,GBP_AUD,2024-10-07 16:00:00,2024-10-07 20:00:00,1.93598,1.924269039,2024-11-22 12:00:00,1.924069039,stoploss,-1.017078018,203,4.48639524,-1.122879661,4,4,1.93201,5,0.6421334641,0.8996990973,1.91233,0.005855480535,98,2024
1789,EUR_CAD,2024-10-08 08:00:00,2024-10-08 12:00:00,1.49969,1.493272199,2024-10-16 20:00:00,1.493182199,stoploss,-1.014023495,39,2.706534528,-7.968461472,1.8,1.8,1.49686,12,0.8507586945,0.9033816425,1.48599,0.0032089005,30,2024
1790,GBP_CAD,2024-10-08 08:00:00,2024-10-08 12:00:00,1.78703,1.778121593,2024-11-12 16:00:00,1.777981593,stoploss,-1.015715492,152,3.154323704,-4.386867272,2.8,2.8,1.78303,7,0.8710872577,0.9555555556,1.77187,0.004454203601,97,2024
1791,GBP_NZD,2024-10-08 08:00:00,2024-10-08 12:00:00,2.13938,2.126558051,2024-12-03 12:00:00,2.14984,time_exit,0.8157886363,240,3.511946682,-0.6933423496,4.8,4.8,2.12516,19,2.183755432,0.8354700855,2.10391,0.006410974323,94,2024
1792,GBP_CHF,2024-10-10 04:00:00,2024-10-10 08:00:00,1.125215,1.118743174,2024-10-10 12:00:00,1.118648174,stoploss,-1.01467901,2,1.52584448,-2.25979499,1.9,1.9,1.12455,10,0.1792384402,0.6666666667,1.11204,0.003235913007,0,2024
1793,NZD_CAD,2024-10-11 04:00:00,2024-10-11 08:00:00,0.839365,0.8335092191,2024-10-16 00:00:00,0.8333942191,stoploss,-1.019638713,17,0.6805240943,-4.389679258,2.3,2.3,0.83852,13,0.2493262679,0.8164556962,0.82847,0.002927890455,13,2024
1794,AUD_CHF,2024-10-14 16:00:00,2024-10-14 20:00:00,0.58061,0.5764045975,2024-10-16 00:00:00,0.5763345975,stoploss,-1.016645256,8,0.6301418172,-5.10771556,1.4,1.4,0.57931,6,0.5849618379,0.6868686869,0.57308,0.002102701271,2,2024
1795,NZD_CHF,2024-10-14 16:00:00,2024-10-14 20:00:00,0.525715,0.5220118431,2024-10-16 00:00:00,0.5219268431,stoploss,-1.022953389,8,0.2011796996,-5.024091692,1.7,1.7,0.5243,5,0.7183060414,0.6565217391,0.51976,0.001851578468,1,2024
1796,GBP_USD,2024-10-15 12:00:00,2024-10-15 16:00:00,1.308845,1.302898085,2024-10-16 08:00:00,1.302853085,stoploss,-1.007566949,5,0.2480277778,-10.11364793,0.9,0.9,1.30836,11,0.151338983,0.6888111888,1.3012,0.002973457274,0,2024
1797,GBP_CHF,2024-10-15 16:00:00,2024-10-15 20:00:00,1.128135,1.122206224,2024-10-16 08:00:00,1.122111224,stoploss,-1.016023543,4,1.173092052,-2.959295478,1.9,1.9,1.12761,6,0.1416818582,0.6493150685,1.11618,0.002964387999,0,2024
1798,AUD_CHF,2024-10-18 08:00:00,2024-10-18 12:00:00,0.58151,0.5773977944,2024-10-21 12:00:00,0.5773277944,stoploss,-1.017022495,7,0.4255623836,-5.442334939,1.4,1.4,0.5807,7,0.3550406171,0.656,0.57458,0.00205610278,0,2024
1799,NZD_CAD,2024-10-18 08:00:00,2024-10-18 12:00:00,0.837365,0.8325532795,2024-10-23 12:00:00,0.8324382795,stoploss,-1.023899975,19,0.4998212169,-4.926512244,2.3,2.3,0.83676,5,0.2078258698,0.8743169399,0.83191,0.002405860254,4,2024
1800,AUD_USD,2024-10-18 12:00:00,2024-10-18 16:00:00,0.67132,0.6672310217,2024-10-21 16:00:00,0.6671810217,stoploss,-1.012227994,7,0.2543422659,-9.212570343,1,1,0.67101,8,0.1271711329,0.63,0.6658,0.002044489138,3,2024
1801,EUR_CAD,2024-10-18 16:00:00,2024-10-18 20:00:00,1.49915,1.493176351,2024-10-22 16:00:00,1.493086351,stoploss,-1.015066168,12,2.998167392,-8.47053434,1.8,1.8,1.49843,7,0.2109263492,0.7833333333,1.49006,0.00298682456,5,2024
1802,GBP_USD,2024-10-18 20:00:00,2024-10-21 00:00:00,1.304485,1.298564768,2024-10-21 16:00:00,1.298519768,stoploss,-1.007601053,5,0.2288761571,-9.422772268,0.9,0.9,1.30234,8,0.804022515,0.7209302326,1.29734,0.002960116111,0,2024
1803,EUR_GBP,2024-10-22 12:00:00,2024-10-22 16:00:00,0.8345,0.831736388,2024-10-22 20:00:00,0.831696388,stoploss,-1.014473812,2,3.71976966,-4.595435281,0.8,0.8,0.83397,6,0.3546083917,0.8695652174,0.82946,0.001381805991,0,2024
1804,EUR_CAD,2024-10-24 16:00:00,2024-10-24 20:00:00,1.49859,1.492776588,2024-11-06 08:00:00,1.492686588,stoploss,-1.015481442,52,3.177135987,-8.607681905,1.8,1.8,1.49362,6,1.675436086,0.9804560261,1.48915,0.002906705926,39,2024
1805,GBP_USD,2024-10-25 12:00:00,2024-10-25 16:00:00,1.299275,1.29402815,2024-10-28 08:00:00,1.29398315,stoploss,-1.008576575,5,1.054918703,-9.877355332,0.9,0.9,1.29882,5,0.1372251971,0.7763157895,1.29071,0.002623424908,0,2024
1806,GBP_CHF,2024-10-28 00:00:00,2024-10-28 04:00:00,1.126005,1.120313075,2024-10-31 12:00:00,1.120218075,stoploss,-1.016690311,21,2.377930083,-2.708222551,1.9,1.9,1.12505,8,0.3056962204,0.7659033079,1.11771,0.002845962566,10,2024
1807,EUR_USD,2024-10-30 08:00:00,2024-10-30 12:00:00,1.083455,1.079193613,2024-11-06 04:00:00,1.079158613,stoploss,-1.008213289,29,2.413533701,-11.80249659,0.7,0.7,1.08266,5,0.3566914171,0.652733119,1.07611,0.002130693265,27,2024
1808,NZD_CAD,2024-10-30 08:00:00,2024-10-30 12:00:00,0.834225,0.8293388549,2024-10-31 12:00:00,0.8292238549,stoploss,-1.023535936,7,0.5290469116,-5.719232474,2.3,2.3,0.83272,10,0.5689556729,0.9211908932,0.82688,0.002443072574,0,2024
1809,NZD_CHF,2024-10-30 08:00:00,2024-10-30 12:00:00,0.519725,0.5162905268,2024-10-31 12:00:00,0.5162055268,stoploss,-1.024749065,7,1.960999438,-5.05608838,1.7,1.7,0.51847,4,0.681327199,0.8791208791,0.51609,0.001717236596,0,2024
1810,EUR_GBP,2024-10-30 12:00:00,2024-10-30 16:00:00,0.83504,0.8319181717,2024-11-06 12:00:00,0.8318781717,stoploss,-1.012813005,30,3.119966597,-4.241104491,0.8,0.8,0.83405,8,0.608617714,0.8078947368,0.82985,0.001560914147,7,2024
1811,GBP_CHF,2024-11-01 16:00:00,2024-11-01 20:00:00,1.126315,1.117945941,2024-11-04 16:00:00,1.117850941,stoploss,-1.011351336,6,1.580225395,-1.872970364,1.9,1.9,1.12538,7,0.2055189172,0.7426981919,1.11059,0.004184529638,0,2024
1812,AUD_CHF,2024-11-04 04:00:00,2024-11-04 08:00:00,0.57202,0.5676813108,2024-11-05 00:00:00,0.5676113108,stoploss,-1.016133905,5,2.590644208,-3.683140075,1.4,1.4,0.57156,16,0.1797778009,0.8872180451,0.56572,0.002169344591,0,2024
1813,AUD_USD,2024-11-04 04:00:00,2024-11-04 08:00:00,0.66118,0.6564224669,2024-11-06 04:00:00,0.6563724669,stoploss,-1.010509648,12,1.601670411,-8.678867619,1,1,0.65845,8,1.126634305,0.6303317536,0.65364,0.002378766552,10,2024
1814,GBP_USD,2024-11-05 16:00:00,2024-11-05 20:00:00,1.303415,1.296103824,2024-11-06 00:00:00,1.296058824,stoploss,-1.006154961,2,0.1908037848,-7.654719581,0.9,0.9,1.29988,9,0.9574383466,0.9776951673,1.28433,0.003655587864,1,2024
1815,CAD_CHF,2024-11-06 00:00:00,2024-11-06 04:00:00,0.625955,0.6222095732,2024-12-06 12:00:00,0.6221345732,stoploss,-1.02002442,135,3.94748074,-1.923679319,1.5,1.5,0.62515,14,0.389808717,0.9166666667,0.61829,0.00187271338,75,2024
1816,NZD_CHF,2024-11-06 08:00:00,2024-11-06 12:00:00,0.521825,0.5171226295,2024-11-22 04:00:00,0.5170376295,stoploss,-1.01807599,71,0.9856730828,-4.13940163,1.7,1.7,0.52059,16,0.476355492,0.9408695652,0.51383,0.002351185236,7,2024
1817,GBP_CHF,2024-11-07 00:00:00,2024-11-07 04:00:00,1.129885,1.12165064,2024-11-13 00:00:00,1.12155564,stoploss,-1.011537024,24,1.172525924,-2.337158095,1.9,1.9,1.12809,20,0.4104751551,0.7990970655,1.11059,0.004117179759,3,2024
1818,AUD_CAD,2024-11-07 12:00:00,2024-11-07 16:00:00,0.924775,0.917952922,2024-11-08 16:00:00,0.917857922,stoploss,-1.013925376,7,0.3349419352,-5.46241191,1.9,1.9,0.92019,12,1.316314476,0.9614604462,0.90713,0.003411038989,0,2024
1819,AUD_CHF,2024-11-07 12:00:00,2024-11-07 16:00:00,0.58243,0.5773287037,2024-11-08 12:00:00,0.5772587037,stoploss,-1.013722002,6,0.1627037414,-5.173194863,1.4,1.4,0.57372,11,3.383453707,0.9502487562,0.56572,0.002550648168,0,2024
1820,AUD_USD,2024-11-07 12:00:00,2024-11-07 16:00:00,0.66634,0.6597881314,2024-11-08 16:00:00,0.6597381314,stoploss,-1.007631411,7,0.3754654075,-7.39483699,1,1,0.66453,9,0.5372513149,0.9695431472,0.65121,0.003275934281,0,2024
1821,NZD_CAD,2024-11-07 12:00:00,2024-11-07 16:00:00,0.835225,0.8288122222,2024-11-08 16:00:00,0.8286972222,stoploss,-1.017932946,7,0.2471627817,-5.093736445,2.3,2.3,0.83341,12,0.530191456,0.9339622642,0.82364,0.003206388901,0,2024
1822,NZD_USD,2024-11-07 16:00:00,2024-11-07 20:00:00,0.602575,0.5967556627,2024-11-08 16:00:00,0.5967006627,stoploss,-1.009451248,6,0.1228662239,-7.673554163,1.1,1.1,0.60216,10,0.1202886108,0.5096525097,0.59112,0.002909668652,0,2024
1823,CHF_JPY,2024-11-12 16:00:00,2024-11-12 20:00:00,175.397,174.4143165,2024-11-15 16:00:00,174.4033165,stoploss,-1.011193838,18,0.725564233,-7.492748174,2.2,2.2,175.194,9,0.392801955,0.9244851259,174.069,0.49134175,13,2024
1824,EUR_GBP,2024-11-12 16:00:00,2024-11-12 20:00:00,0.83298,0.8292531241,2024-11-22 08:00:00,0.8292131241,stoploss,-1.01073285,46,1.234277734,-2.999831536,0.8,0.8,0.83259,13,0.1824584477,0.9747474747,0.82597,0.001863437974,28,2024
1825,AUD_NZD,2024-11-14 00:00:00,2024-11-14 04:00:00,1.104595,1.100489176,2024-11-15 00:00:00,1.100384176,stoploss,-1.025573431,6,3.274616955,-2.694952518,2.1,2.1,1.10316,7,0.647860253,0.8448275862,1.09957,0.002052911865,0,2024
1826,GBP_CHF,2024-11-14 16:00:00,2024-11-14 20:00:00,1.127825,1.122194755,2024-11-15 12:00:00,1.122099755,stoploss,-1.016873155,5,2.080726408,-3.052264901,1.9,1.9,1.12649,5,0.4511348763,0.7109004739,1.12116,0.002815122631,1,2024
1827,EUR_JPY,2024-11-15 00:00:00,2024-11-15 04:00:00,164.88,163.8510505,2024-11-15 16:00:00,163.8460505,stoploss,-1.004859325,4,0.111764471,-8.466887576,1,1,164.799,9,0.1496672046,0.7472527473,163.2,0.5144747655,0,2024
1828,GBP_CAD,2024-11-15 00:00:00,2024-11-15 04:00:00,1.78159,1.772727392,2024-11-19 08:00:00,1.772587392,stoploss,-1.015796705,14,4.716444641,-3.795722433,2.8,2.8,1.78047,8,0.2234105356,0.8545454545,1.77561,0.004431304,1,2024
1829,EUR_CAD,2024-11-15 16:00:00,2024-11-15 20:00:00,1.48548,1.477684523,2024-11-19 08:00:00,1.477594523,stoploss,-1.011545157,10,2.638709716,-4.737362655,1.8,1.8,1.48361,6,0.454109499,0.7675906183,1.47121,0.003897738329,3,2024
1830,AUD_USD,2024-11-18 16:00:00,2024-11-18 20:00:00,0.65049,0.6456837032,2024-11-26 00:00:00,0.6456337032,stoploss,-1.01040302,32,0.9404329665,-7.781458616,1,1,0.64814,7,0.9529165899,0.9565217391,0.64405,0.002403148423,25,2024
1831,NZD_USD,2024-11-18 16:00:00,2024-11-18 20:00:00,0.588725,0.5841968379,2024-11-22 04:00:00,0.5841418379,stoploss,-1.012146208,21,0.9264244418,-7.642173494,1.1,1.1,0.58808,7,0.2605913805,0.9440389294,0.58389,0.002264081025,7,2024
1832,AUD_CAD,2024-11-18 20:00:00,2024-11-19 00:00:00,0.911015,0.9065550771,2024-12-04 04:00:00,0.9064600771,stoploss,-1.021300817,68,1.23208409,-5.859966821,1.9,1.9,0.91179,5,0.1704065347,0.8596491228,0.90439,0.002229961431,33,2024
1833,EUR_USD,2024-11-18 20:00:00,2024-11-19 00:00:00,1.059705,1.053172169,2024-11-19 08:00:00,1.053137169,stoploss,-1.005357555,3,0.5059062302,-6.429830923,0.7,0.7,1.05933,8,0.1928719667,0.6157635468,1.04965,0.003266415595,1,2024
1834,AUD_NZD,2024-11-19 16:00:00,2024-11-19 20:00:00,1.104775,1.101210576,2024-11-27 08:00:00,1.101105576,stoploss,-1.029457772,34,3.721498557,-3.15478713,2.1,2.1,1.10412,16,0.314216237,0.8894472362,1.09944,0.001782212165,14,2024
1835,CAD_JPY,2024-11-19 16:00:00,2024-11-19 20:00:00,110.694,109.5985159,2024-11-26 00:00:00,109.5925159,stoploss,-1.005477031,26,0.7923437623,-4.507596196,1.2,1.2,110.48,6,0.3797407893,0.9751499572,109.249,0.5477420542,3,2024
1836,AUD_CHF,2024-11-19 20:00:00,2024-11-20 00:00:00,0.57453,0.5706290136,2024-11-28 00:00:00,0.5705590136,stoploss,-1.017944179,37,2.235332066,-4.739826823,1.4,1.4,0.57588,19,0.251218512,0.6092715232,0.57174,0.001950493203,18,2024
1837,CHF_JPY,2024-11-19 20:00:00,2024-11-20 00:00:00,175.147,173.8842438,2024-11-22 00:00:00,173.8732438,stoploss,-1.008711104,13,0.7626175221,-5.632916339,2.2,2.2,175.159,6,0.2169856709,0.9232876712,173.397,0.6313780972,3,2024
1838,AUD_JPY,2024-11-20 08:00:00,2024-11-20 12:00:00,101.419,100.4792844,2024-11-21 08:00:00,100.4752844,stoploss,-1.004256607,6,0.03086040072,-6.285944382,0.8,0.8,101.201,19,0.4554569486,0.6033519553,99.412,0.4698578003,0,2024
1839,GBP_CHF,2024-11-20 08:00:00,2024-11-20 12:00:00,1.121905,1.115366101,2024-11-21 08:00:00,1.115271101,stoploss,-1.014528439,6,2.696937115,-2.08062543,1.9,1.9,1.12073,6,0.3333894478,0.5309168443,1.11253,0.00326944961,0,2024
1840,USD_JPY,2024-11-20 08:00:00,2024-11-20 12:00:00,155.759,154.4169633,2024-11-21 08:00:00,154.4139633,stoploss,-1.002235408,6,2.326314986,-5.302388673,0.6,0.6,155.362,11,0.5856769951,0.8571428571,153.279,0.6710183314,0,2024
1841,NZD_CHF,2024-11-22 12:00:00,2024-11-22 16:00:00,0.521765,0.5183520961,2024-11-25 16:00:00,0.5182670961,stoploss,-1.024905477,7,0.5054346779,-5.68577387,1.7,1.7,0.52001,4,0.9786387388,0.8721804511,0.51757,0.001706451966,2,2024
1842,EUR_CAD,2024-11-25 12:00:00,2024-11-25 16:00:00,1.46946,1.460570734,2025-01-21 16:00:00,1.49917,time_exit,3.34223306,240,4.116200191,-0.4274818455,1.8,1.8,1.46569,7,0.830214742,0.9373040752,1.44855,0.004444633194,100,2024
1843,EUR_USD,2024-11-25 12:00:00,2024-11-25 16:00:00,1.052905,1.044393779,2024-11-26 00:00:00,1.044358779,stoploss,-1.004112218,3,1.187256189,-4.13630422,0.7,0.7,1.04983,7,0.7143510767,0.9631578947,1.03316,0.00425561058,0,2024
1844,EUR_GBP,2024-11-25 16:00:00,2024-11-25 20:00:00,0.83524,0.8310828508,2024-11-29 00:00:00,0.8310428508,stoploss,-1.009621979,20,2.913054001,-3.232984788,0.8,0.8,0.83467,8,0.2549824312,0.5346534653,0.82677,0.002078574581,5,2024
1845,USD_CAD,2024-11-26 00:00:00,2024-11-26 04:00:00,1.413755,1.404972345,2024-11-27 00:00:00,1.404907345,stoploss,-1.007400951,6,4.325002133,-1.790460933,1.3,1.3,1.40212,10,2.634738696,0.7979452055,1.39275,0.004391327314,0,2024
1846,NZD_USD,2024-11-27 00:00:00,2024-11-27 04:00:00,0.587425,0.5822055504,2024-12-06 16:00:00,0.5821505504,stoploss,-1.01053751,46,1.052793007,-6.380941058,1.1,1.1,0.58698,12,0.1494410456,0.8522522523,0.57969,0.00260972478,13,2024
1847,EUR_AUD,2024-11-27 12:00:00,2024-11-27 16:00:00,1.62754,1.617641064,2024-12-02 08:00:00,1.617521064,stoploss,-1.012122515,17,5.32683499,-1.181945181,2.4,2.4,1.6245,5,0.5919827999,0.9670958512,1.59658,0.004949468127,0,2024
1848,GBP_AUD,2024-11-27 12:00:00,2024-11-27 16:00:00,1.94939,1.938830431,2025-01-23 16:00:00,1.96431,time_exit,1.412936515,240,7.651827777,-0.3712272882,4,4,1.94398,9,0.9848887237,0.9602272727,1.92283,0.005279784279,94,2024
1849,GBP_CAD,2024-11-27 12:00:00,2024-11-27 16:00:00,1.77831,1.767866239,2025-01-09 08:00:00,1.767726239,stoploss,-1.013405133,179,4.316452835,-3.19137917,2.8,2.8,1.77739,6,0.1512865013,0.9923761118,1.74795,0.005221880295,88,2024
1850,GBP_USD,2024-11-27 12:00:00,2024-11-27 16:00:00,1.266275,1.257882873,2024-12-18 20:00:00,1.257837873,stoploss,-1.005362168,92,1.773686129,-6.714030564,0.9,0.9,1.26167,6,1.086732785,0.9938461538,1.2487,0.00419606371,41,2024
1851,GBP_CHF,2024-11-27 20:00:00,2024-11-28 00:00:00,1.116665,1.111074715,2025-01-13 08:00:00,1.110979715,stoploss,-1.016993767,189,4.091920227,-1.49634591,1.9,1.9,1.11646,8,0.6725954122,0.9356435644,1.11064,0.002795142467,81,2024
1852,AUD_USD,2024-11-28 00:00:00,2024-11-28 04:00:00,0.65044,0.6452500494,2024-12-02 16:00:00,0.6452000494,stoploss,-1.009634003,16,0.4605053498,-7.19660034,1,1,0.65011,4,0.1079008351,0.7178217822,0.64337,0.002594975282,7,2024
1853,NZD_CHF,2024-11-29 16:00:00,2024-11-29 20:00:00,0.521845,0.5184437963,2024-12-04 04:00:00,0.5183587963,stoploss,-1.024991152,15,0.4836522991,-5.728854133,1.7,1.7,0.52123,10,0.311654369,0.5474137931,0.51486,0.001700601861,4,2024
1854,AUD_CHF,2024-12-02 08:00:00,2024-12-02 12:00:00,0.57546,0.5716995182,2024-12-04 04:00:00,0.5716295182,stoploss,-1.018614636,11,0.2074202276,-5.164231821,1.4,1.4,0.57497,11,0.2180571624,0.7847222222,0.57062,0.001880240922,5,2024
1855,USD_CHF,2024-12-02 08:00:00,2024-12-02 12:00:00,0.886005,0.8812901492,2024-12-05 12:00:00,0.8812451492,stoploss,-1.00954431,19,7.227163953,-2.889805102,0.9,0.9,0.88484,11,0.4750945636,0.907063197,0.87926,0.002357425417,1,2024
1856,USD_CAD,2024-12-03 00:00:00,2024-12-03 04:00:00,1.405425,1.398721674,2025-01-29 04:00:00,1.440245,time_exit,5.194436361,240,6.909256751,-0.6765298362,1.3,1.3,1.40459,8,0.2297367029,0.7871485944,1.39803,0.00335166297,203,2024
1857,EUR_GBP,2024-12-03 12:00:00,2024-12-03 16:00:00,0.83066,0.8275685589,2024-12-04 12:00:00,0.8275285589,stoploss,-1.012938949,6,5.398776626,-2.865977286,0.8,0.8,0.83014,4,0.3040653103,0.5988023952,0.82697,0.001545720554,0,2024
1858,EUR_AUD,2024-12-04 00:00:00,2024-12-04 04:00:00,1.62795,1.619231478,2025-01-30 04:00:00,1.6702,time_exit,4.846004766,240,6.001017026,-0.09061168675,2.4,2.4,1.62504,8,0.6423106909,0.9393617021,1.61584,0.004359261086,104,2024
1859,GBP_JPY,2024-12-04 04:00:00,2024-12-04 08:00:00,190.485,188.7392912,2025-01-30 08:00:00,192.297,time_exit,1.037973793,240,4.854188697,-0.6667778668,2,2,190.38,5,0.1076926451,0.9806508355,188.464,0.8728544078,107,2024
1860,CHF_JPY,2024-12-04 08:00:00,2024-12-04 12:00:00,169.811,168.5671508,2025-01-30 12:00:00,170.144,time_exit,0.267717342,240,4.836599188,-0.3175626129,2.2,2.2,169.562,5,0.3858988714,0.9035087719,168.034,0.6219245969,67,2024
1861,EUR_JPY,2024-12-04 08:00:00,2024-12-04 12:00:00,158.205,156.7798923,2025-01-30 12:00:00,160.728,time_exit,1.770392525,240,4.702802499,-0.4540007784,1,1,157.983,5,0.3045383892,0.8843843844,156.168,0.7125538444,106,2024
1862,CAD_JPY,2024-12-04 12:00:00,2024-12-04 16:00:00,107.409,106.4256336,2024-12-05 08:00:00,106.4196336,stoploss,-1.00610149,5,3.108708917,-1.680960366,1.2,1.2,107.12,7,0.5816753354,0.7576419214,105.768,0.4916832167,0,2024
1863,USD_JPY,2024-12-04 12:00:00,2024-12-04 16:00:00,151.081,149.7029978,2024-12-05 08:00:00,149.6999978,stoploss,-1.002177065,5,5.660368359,-1.24890948,0.6,0.6,150.752,14,0.4731487398,0.7544715447,148.643,0.6890010954,0,2024
1864,EUR_NZD,2024-12-05 12:00:00,2024-12-05 16:00:00,1.80139,1.791949139,2025-02-03 12:00:00,1.83974,time_exit,4.062129587,240,5.594828807,-0.4787699017,3.8,3.8,1.79965,6,0.3262414375,0.9334298119,1.77863,0.004720430403,88,2024
1865,EUR_USD,2024-12-05 12:00:00,2024-12-05 16:00:00,1.056725,1.050118475,2024-12-10 16:00:00,1.050083475,stoploss,-1.005297792,19,0.9513321382,-5.907038456,0.7,0.7,1.05443,5,0.684172039,0.9647577093,1.04606,0.003303262734,5,2024
1866,GBP_NZD,2024-12-06 08:00:00,2024-12-06 12:00:00,2.18052,2.168544066,2025-01-24 08:00:00,2.168304066,stoploss,-1.020040191,203,5.185399522,-1.050440032,4.8,4.8,2.17455,5,0.9535791069,0.6630434783,2.14176,0.005987966765,51,2024
1867,NZD_CAD,2024-12-06 12:00:00,2024-12-06 16:00:00,0.827175,0.821412312,2024-12-10 16:00:00,0.821297312,stoploss,-1.019955965,13,0.7366354005,-5.05753563,2.3,2.3,0.8267,7,0.1249416934,0.9914529915,0.81979,0.002881344012,8,2024
1868,AUD_NZD,2024-12-09 04:00:00,2024-12-09 08:00:00,1.099335,1.094684858,2025-02-04 12:00:00,1.106885,time_exit,1.623606502,240,2.340788976,-0.9214773324,2.1,2.1,1.09864,4,0.2537557181,0.9536423841,1.09456,0.002325070758,163,2024
1869,AUD_CAD,2024-12-09 08:00:00,2024-12-09 12:00:00,0.910755,0.9045056246,2024-12-10 16:00:00,0.9044106246,stoploss,-1.015201519,8,0.445644534,-4.140413758,1.9,1.9,0.90684,5,1.232123128,0.877318117,0.89986,0.003124687714,1,2024
1870,AUD_JPY,2024-12-09 12:00:00,2024-12-09 16:00:00,97.5265,96.45935849,2024-12-10 04:00:00,96.45535849,stoploss,-1.003748331,4,1.541032739,-2.729253786,0.9,0.8,97.087,11,0.8171362408,0.9287671233,95.512,0.5335707538,0,2024
1871,AUD_USD,2024-12-09 12:00:00,2024-12-09 16:00:00,0.64646,0.6407492388,2024-12-10 04:00:00,0.6406992388,stoploss,-1.0087554,4,0.1260777625,-6.605073892,1,1,0.64559,9,0.2871771257,0.8960573477,0.63726,0.002855380622,0,2024
1872,NZD_JPY,2024-12-09 12:00:00,2024-12-09 16:00:00,88.697,87.77475574,2024-12-11 04:00:00,87.76875574,stoploss,-1.006505869,10,1.091901623,-3.267030379,1.2,1.2,88.472,11,0.477097035,0.97582038,87.274,0.4611221279,0,2024
1873,USD_JPY,2024-12-10 00:00:00,2024-12-10 04:00:00,151.319,150.171453,2025-02-05 04:00:00,153.594,time_exit,1.982489615,240,6.589708337,-0.3694837788,0.6,0.6,150.703,9,1.068365832,0.5675182482,148.643,0.5737734975,134,2024
1874,CAD_JPY,2024-12-10 16:00:00,2024-12-10 20:00:00,107.377,106.4604849,2025-01-30 20:00:00,106.4544849,stoploss,-1.006546537,217,3.370375558,-2.693900049,1.2,1.2,107.169,6,0.438617991,0.8618677043,105.756,0.4582575365,110,2024
1875,USD_CHF,2024-12-10 16:00:00,2024-12-10 20:00:00,0.882855,0.878058228,2025-02-05 20:00:00,0.900635,time_exit,3.70665939,240,7.76042721,-0.3700405184,0.9,0.9,0.88041,9,1.000672951,0.94,0.87238,0.002398386003,137,2024
1876,CAD_CHF,2024-12-11 16:00:00,2024-12-11 20:00:00,0.624935,0.6211686514,2024-12-20 12:00:00,0.6210936514,stoploss,-1.019913186,41,3.521978848,-1.647484263,1.5,1.5,0.62359,13,0.6690830528,0.7883597884,0.61875,0.001883174286,3,2024
1877,AUD_CHF,2024-12-12 00:00:00,2024-12-12 04:00:00,0.56646,0.5619177906,2024-12-18 20:00:00,0.5618477906,stoploss,-1.015411003,29,1.367176083,-2.294037808,1.4,1.4,0.56422,5,0.9510790144,0.9512670565,0.55913,0.002271104679,17,2024
1878,NZD_CHF,2024-12-12 04:00:00,2024-12-12 08:00:00,0.513235,0.5097952937,2024-12-18 20:00:00,0.5097102937,stoploss,-1.024711412,28,1.338777096,-3.161607148,1.7,1.7,0.51283,6,0.1860623977,0.6666666667,0.50711,0.001719853146,16,2024
1879,EUR_CHF,2024-12-12 08:00:00,2024-12-12 12:00:00,0.93184,0.9276458722,2025-02-07 12:00:00,0.94131,time_exit,2.257918812,240,4.74949765,-0.8082729434,1,1,0.93037,7,0.6771372151,0.6195335277,0.92422,0.002097063886,181,2024
1880,EUR_GBP,2024-12-12 16:00:00,2024-12-12 20:00:00,0.82667,0.8238050161,2024-12-18 20:00:00,0.8237650161,stoploss,-1.013961684,25,7.218190562,-1.54974691,0.8,0.8,0.82521,7,0.9773178711,0.8243243243,0.8218,0.001432491967,7,2024
1881,NZD_JPY,2024-12-16 00:00:00,2024-12-16 04:00:00,88.864,88.12308392,2024-12-18 04:00:00,88.11708392,stoploss,-1.008098083,13,1.133731641,-4.941180402,1.2,1.2,88.716,10,0.3698124638,0.9614604462,87.013,0.3704580386,5,2024
1882,NZD_CAD,2024-12-16 04:00:00,2024-12-16 08:00:00,0.822425,0.8175859887,2024-12-18 20:00:00,0.8174709887,stoploss,-1.023765185,16,0.476336974,-5.04131908,2.3,2.3,0.82146,4,0.3306460557,0.9281437126,0.8169,0.00241950565,8,2024
1883,AUD_JPY,2024-12-16 16:00:00,2024-12-16 20:00:00,98.2265,97.37609306,2024-12-17 16:00:00,97.37159306,stoploss,-1.005291584,6,1.110644751,-4.560757719,0.9,0.9,98.065,14,0.3692349939,0.8736616702,95.985,0.4252034682,1,2024
1884,NZD_USD,2024-12-16 20:00:00,2024-12-17 00:00:00,0.577325,0.5735295199,2024-12-18 04:00:00,0.5734745199,stoploss,-1.01449092,8,0.5256251974,-6.777798598,1.1,1.1,0.57784,8,0.1580827661,0.6777777778,0.57532,0.001897740072,0,2024
1885,EUR_GBP,2024-12-19 16:00:00,2024-12-19 20:00:00,0.82828,0.8241139907,2025-01-01 20:00:00,0.8230589907,stoploss,-1.253239955,49,4.577522219,-1.168984437,0.8,21.1,0.82796,8,0.1344212083,0.8855218855,0.82493,0.002083004635,32,2024
1886,CAD_CHF,2024-12-25 04:00:00,2024-12-25 08:00:00,0.62638,0.6230428809,2024-12-27 00:00:00,0.6229678809,stoploss,-1.022474475,10,4.0184361,-2.292396433,14.6,1.5,0.62575,9,0.1318502523,0.6082474227,0.61921,0.001668559567,3,2024
1887,NZD_CHF,2024-12-25 08:00:00,2024-12-25 16:00:00,0.510095,0.5065116412,2024-12-25 20:00:00,0.5052466412,stoploss,-1.353020742,2,2.326029951,-1.508361354,25.3,25.3,0.50816,10,0.3739508259,0.9962686567,0.50236,0.001791679423,0,2024
1888,NZD_JPY,2024-12-25 08:00:00,2024-12-25 16:00:00,89.1315,88.44988794,2024-12-26 00:00:00,88.44388794,stoploss,-1.008802661,3,0.8399205797,-5.763542353,29.9,1.2,88.783,10,0.48121214,1,86.718,0.3408060321,0,2024
1889,AUD_JPY,2024-12-26 00:00:00,2024-12-26 04:00:00,98.274,97.5605167,2024-12-30 16:00:00,97.5560167,stoploss,-1.006307085,16,1.257212332,-5.50258151,0.8,0.9,98.145,5,0.3503936265,0.9198113208,95.798,0.3567416487,13,2024
1890,EUR_USD,2024-12-26 20:00:00,2024-12-27 00:00:00,1.041635,1.037630629,2024-12-30 16:00:00,1.037595629,stoploss,-1.008740449,11,2.925553129,-5.97721845,0.7,0.7,1.04102,12,0.6243177825,0.5925925926,1.03429,0.002002185482,9,2024
1891,GBP_USD,2024-12-27 12:00:00,2024-12-27 16:00:00,1.257445,1.251731996,2024-12-30 16:00:00,1.251686996,stoploss,-1.007876766,7,2.038332049,-8.316989893,0.9,0.9,1.25554,12,0.6476452195,0.9894099849,1.25009,0.002856502209,5,2024
1892,AUD_CAD,2024-12-30 04:00:00,2024-12-30 08:00:00,0.898465,0.8941655364,2024-12-30 16:00:00,0.8940705364,stoploss,-1.02209578,3,2.364248419,-3.159696485,1.9,1.9,0.89735,8,0.4744777938,0.6651785714,0.89201,0.002149731796,0,2024
1893,AUD_CHF,2024-12-30 04:00:00,2024-12-30 08:00:00,0.56299,0.559406956,2025-01-01 20:00:00,0.559041956,stoploss,-1.10186869,11,3.711927622,-1.47639828,1.4,7.3,0.56259,12,0.1897827657,0.7687861272,0.55604,0.001791522001,2,2024
1894,NZD_CAD,2024-12-30 04:00:00,2024-12-30 08:00:00,0.813975,0.8095246197,2024-12-30 16:00:00,0.8094096197,stoploss,-1.025840488,3,2.099820544,-3.582839869,2.3,2.3,0.81323,13,0.2831218711,0.6447876448,0.806,0.002225190154,0,2024
1895,CAD_CHF,2024-12-30 16:00:00,2024-12-30 20:00:00,0.630495,0.6270859877,2025-01-01 20:00:00,0.6261109877,stoploss,-1.286006595,8,2.726596206,-3.451146246,1.5,19.5,0.62652,7,2.276319156,0.8494318182,0.62234,0.00170450615,6,2024
1896,EUR_GBP,2025-01-02 12:00:00,2025-01-02 16:00:00,0.83149,0.8273232832,2025-02-19 00:00:00,0.8272832832,stoploss,-1.009599884,201,3.806354199,-1.751978919,0.8,0.8,0.83078,7,0.2975964191,0.7226277372,0.82341,0.002083358402,70,2025
1897,AUD_CHF,2025-01-03 12:00:00,2025-01-03 16:00:00,0.56542,0.5614947429,2025-02-03 00:00:00,0.5614247429,stoploss,-1.017833227,123,2.769245374,-1.966750165,1.4,1.4,0.56408,18,0.6419961677,0.5188679245,0.55778,0.001962628538,88,2025
1898,AUD_CAD,2025-01-03 16:00:00,2025-01-03 20:00:00,0.897975,0.8926645446,2025-01-08 00:00:00,0.8925695446,stoploss,-1.017889238,14,2.047846981,-2.465890227,1.9,1.9,0.89723,6,0.2448000989,0.8060606061,0.88751,0.002655227685,4,2025
1899,NZD_CAD,2025-01-03 20:00:00,2025-01-06 00:00:00,0.809835,0.804854668,2025-01-08 12:00:00,0.804739668,stoploss,-1.02309083,16,2.707650799,-2.370323892,2.3,2.3,0.81029,8,0.1766950466,0.6982758621,0.80256,0.002490166015,8,2025
1900,AUD_JPY,2025-01-06 00:00:00,2025-01-06 04:00:00,98.154,97.35143038,2025-01-10 16:00:00,97.34693038,stoploss,-1.00560699,28,1.267179788,-6.769506183,0.8,0.9,98.037,8,0.2815955084,0.8156862745,96.931,0.4012848097,8,2025
1901,AUD_USD,2025-01-06 00:00:00,2025-01-06 04:00:00,0.62277,0.6187519286,2025-01-08 12:00:00,0.6187019286,stoploss,-1.012443781,15,4.509626222,-3.491724939,1,1,0.6223,11,0.2090555202,0.6381766382,0.61789,0.002009035684,2,2025
1902,NZD_JPY,2025-01-06 00:00:00,2025-01-06 04:00:00,88.566,87.8731915,2025-01-10 16:00:00,87.8671915,stoploss,-1.008660402,28,1.64258955,-7.084208708,1.2,1.2,88.485,12,0.2165100461,0.687400319,87.693,0.3464042494,7,2025
1903,NZD_USD,2025-01-06 08:00:00,2025-01-06 12:00:00,0.563615,0.5600166502,2025-01-08 12:00:00,0.5599616502,stoploss,-1.015284784,13,3.803132184,-3.339030559,1.1,1.1,0.56248,12,0.6002751566,0.6272727273,0.55792,0.001799174909,5,2025
1904,EUR_USD,2025-01-06 12:00:00,2025-01-06 16:00:00,1.041745,1.034965551,2025-01-07 20:00:00,1.034930551,stoploss,-1.005162662,8,1.711791131,-3.546748621,0.7,0.7,1.03756,14,1.221338265,0.8156682028,1.02237,0.003389724304,4,2025
1905,NZD_CHF,2025-01-06 12:00:00,2025-01-06 16:00:00,0.512125,0.5088010927,2025-01-09 08:00:00,0.5087160927,stoploss,-1.025572314,17,1.957034148,-2.639965357,1.7,1.7,0.51144,8,0.3610209036,0.8869565217,0.50518,0.001661953627,5,2025
1906,GBP_USD,2025-01-07 08:00:00,2025-01-07 12:00:00,1.256315,1.24886728,2025-01-07 16:00:00,1.24882228,stoploss,-1.006042118,2,2.563871918,-6.228080594,0.9,0.9,1.25513,5,0.3007631892,0.6957494407,1.23522,0.003723859968,0,2025
1907,CAD_CHF,2025-01-07 12:00:00,2025-01-07 16:00:00,0.633375,0.6290955296,2025-01-21 00:00:00,0.6290205296,stoploss,-1.017525533,57,1.499017277,-4.95738917,1.5,1.5,0.63265,5,0.3037759095,0.6105769231,0.62686,0.002139735179,25,2025
1908,NZD_CHF,2025-01-13 20:00:00,2025-01-14 00:00:00,0.510865,0.5076083294,2025-02-03 00:00:00,0.5075233294,stoploss,-1.026100275,85,2.384336915,-3.606443924,1.7,1.7,0.51079,4,0.6141241249,0.90625,0.50721,0.001628335314,53,2025
1909,NZD_CAD,2025-01-14 00:00:00,2025-01-14 04:00:00,0.806475,0.8011979994,2025-02-12 12:00:00,0.8010829994,stoploss,-1.021792683,129,4.075231665,-1.327458629,2.3,2.3,0.80382,5,0.9626680705,0.9668874172,0.79803,0.002638500307,83,2025
1910,NZD_USD,2025-01-14 00:00:00,2025-01-14 04:00:00,0.560995,0.556589253,2025-01-17 16:00:00,0.556534253,stoploss,-1.012483695,22,3.700847993,-2.132442005,1.1,1.1,0.56035,13,0.2678319922,0.8127853881,0.55412,0.002202873508,8,2025
1911,EUR_USD,2025-01-14 16:00:00,2025-01-14 20:00:00,1.028885,1.02207638,2025-02-03 00:00:00,1.02204138,stoploss,-1.005140543,80,9.672298118,-1.153684636,0.7,0.7,1.02776,4,0.3201823688,0.7385620915,1.0177,0.003404309875,52,2025
1912,AUD_CAD,2025-01-15 12:00:00,2025-01-15 16:00:00,0.893285,0.8882858789,2025-03-12 16:00:00,0.904625,time_exit,2.268398719,240,3.837674552,-0.8851555848,1.9,1.9,0.89136,7,0.7321286871,0.9341317365,0.88488,0.002499560572,227,2025
1913,AUD_USD,2025-01-15 12:00:00,2025-01-15 16:00:00,0.62434,0.6195123338,2025-01-16 12:00:00,0.6194623338,stoploss,-1.010356971,6,3.428157478,-3.231375025,1,1,0.62076,7,1.462404338,0.9254302103,0.61309,0.002413833102,2,2025
1914,GBP_CAD,2025-01-15 12:00:00,2025-01-15 16:00:00,1.75963,1.74826486,2025-03-12 16:00:00,1.86306,time_exit,9.100636095,240,10.40110406,-0.8446882578,2.8,2.8,1.75864,7,0.1478204451,0.8440265487,1.74579,0.005682569818,234,2025
1915,GBP_USD,2025-01-15 12:00:00,2025-01-15 16:00:00,1.229785,1.21933294,2025-01-15 16:00:00,1.21928794,stoploss,-1.004305371,1,6.623096079,-1.318878721,0.9,0.9,1.22506,9,0.8955172164,0.9142040038,1.20993,0.005226030181,0,2025
1916,AUD_JPY,2025-01-20 12:00:00,2025-01-20 16:00:00,97.5735,96.69371817,2025-01-29 08:00:00,96.68971817,stoploss,-1.004546582,41,1.353176391,-6.548782675,0.9,0.8,97.162,5,0.9252293842,0.8311218335,96.057,0.4398909146,23,2025
1917,GBP_CHF,2025-01-20 12:00:00,2025-01-20 16:00:00,1.117865,1.111140145,2025-03-17 16:00:00,1.144205,time_exit,3.916813304,240,4.809769413,-0.6773380638,1.9,1.9,1.11625,11,0.4520543829,0.9368770764,1.1083,0.003362427304,195,2025
1918,NZD_JPY,2025-01-20 12:00:00,2025-01-20 16:00:00,88.132,87.3487289,2025-01-30 04:00:00,87.3427289,stoploss,-1.007660183,46,1.459264869,-6.365612106,1.2,1.2,87.552,5,1.478415327,0.8791366906,86.676,0.3916355503,23,2025
1919,NZD_USD,2025-01-20 12:00:00,2025-01-20 16:00:00,0.565985,0.560654559,2025-02-03 00:00:00,0.560599559,stoploss,-1.010318096,57,2.959417448,-2.69865103,1.1,1.1,0.56239,11,1.320716249,0.9836601307,0.5563,0.002665220483,24,2025
1920,AUD_USD,2025-01-20 20:00:00,2025-01-21 00:00:00,0.6266,0.6205877462,2025-01-30 20:00:00,0.6205377462,stoploss,-1.008316349,48,2.376812496,-2.970599803,1,1,0.62276,7,1.49694279,0.649851632,0.61638,0.003006126908,20,2025
1921,GBP_USD,2025-01-20 20:00:00,2025-01-21 00:00:00,1.231025,1.220386589,2025-03-18 00:00:00,1.299045,time_exit,6.393811809,240,6.474180952,-0.7628018646,0.9,0.9,1.22607,13,1.184387368,0.6806596702,1.2135,0.005319205666,239,2025
1922,EUR_CAD,2025-01-24 08:00:00,2025-01-24 12:00:00,1.50329,1.49511774,2025-02-03 16:00:00,1.49502774,stoploss,-1.011012866,38,10.08900866,-3.554708327,1.8,1.8,1.50047,5,0.6705611578,0.7273838631,1.48626,0.004086129905,26,2025
1923,GBP_AUD,2025-01-24 16:00:00,2025-01-24 20:00:00,1.97621,1.965808232,2025-02-11 08:00:00,1.965608232,stoploss,-1.0192275,70,8.53316437,-1.189220857,4,4,1.97107,14,0.9517612355,0.8445807771,1.95917,0.00520088423,32,2025
1924,GBP_NZD,2025-01-24 16:00:00,2025-01-24 20:00:00,2.1847,2.173742779,2025-03-21 20:00:00,2.25213,time_exit,6.153932499,240,8.264869155,-0.1305075408,4.8,4.8,2.17854,6,1.082391212,0.8208502024,2.16855,0.005478610629,202,2025
1925,USD_CAD,2025-01-29 08:00:00,2025-01-29 12:00:00,1.443045,1.43611925,2025-02-04 16:00:00,1.43605425,stoploss,-1.009385265,26,5.243475435,-4.042161498,1.3,1.3,1.44203,5,0.2743385192,0.9024390244,1.43007,0.003462875001,16,2025
1926,EUR_AUD,2025-01-30 12:00:00,2025-01-30 16:00:00,1.67715,1.668466061,2025-01-31 04:00:00,1.668346061,stoploss,-1.013818613,4,7.457445038,-4.773179383,2.4,2.4,1.67514,9,0.4260739136,0.9514450867,1.65182,0.004341969647,0,2025
1927,CAD_CHF,2025-01-30 16:00:00,2025-01-30 20:00:00,0.630505,0.6268070062,2025-01-30 20:00:00,0.6267320062,stoploss,-1.020281267,1,2.510820855,-6.775295265,1.5,1.5,0.62991,12,0.2920502449,0.8127853881,0.6244,0.001848996909,0,2025
1928,AUD_USD,2025-01-31 16:00:00,2025-01-31 20:00:00,0.62559,0.620916146,2025-01-31 20:00:00,0.620866146,stoploss,-1.01069781,1,3.273529725,-3.605161822,1,1,0.624,5,0.6547059451,0.8541666667,0.61987,0.002336927,0,2025
1929,CHF_JPY,2025-02-04 08:00:00,2025-02-04 12:00:00,170.774,169.3435092,2025-02-05 04:00:00,169.3325092,stoploss,-1.007689668,5,0.4711669468,-3.433786413,2.2,2.2,170.635,10,0.1789595525,0.9271781534,168.556,0.7152454184,1,2025
1930,CAD_JPY,2025-02-04 12:00:00,2025-02-04 16:00:00,107.954,106.4832519,2025-02-05 16:00:00,106.4772519,stoploss,-1.004079556,7,0.2447733884,-4.474593525,1.2,1.2,107.718,11,0.3127659963,0.8826185102,104.908,0.7353740584,0,2025
1931,EUR_USD,2025-02-05 08:00:00,2025-02-05 12:00:00,1.040415,1.031908188,2025-02-07 16:00:00,1.031873188,stoploss,-1.00411435,14,6.47422288,-1.468822785,0.7,0.7,1.03515,8,1.227251691,0.6780821918,1.02103,0.004253406241,1,2025
1932,AUD_USD,2025-02-06 00:00:00,2025-02-06 04:00:00,0.6285,0.6231177041,2025-02-12 12:00:00,0.6230677041,stoploss,-1.009289716,27,2.3019916,-1.830074032,1,1,0.62375,13,1.746466589,0.5979381443,0.60874,0.002691147961,24,2025
1933,NZD_USD,2025-02-06 00:00:00,2025-02-06 04:00:00,0.568785,0.5634259565,2025-02-10 00:00:00,0.5633709565,stoploss,-1.010263026,12,2.674917662,-1.91918578,1.1,1.1,0.56411,12,1.724188294,0.875,0.5516,0.002679521729,8,2025
1934,AUD_CHF,2025-02-06 16:00:00,2025-02-06 20:00:00,0.56878,0.5650413801,2025-02-25 16:00:00,0.5649713801,stoploss,-1.018723487,78,2.008762645,-6.965137056,1.4,1.4,0.5678,8,0.4921602221,0.9405405405,0.5577,0.00186930995,59,2025
1935,NZD_CHF,2025-02-07 00:00:00,2025-02-07 04:00:00,0.514845,0.5111283194,2025-02-07 12:00:00,0.5110433194,stoploss,-1.022869869,3,1.018381831,-7.370824374,1.7,1.7,0.51365,8,0.5973071769,0.9480968858,0.50575,0.001858340303,2,2025
1936,CAD_CHF,2025-02-07 12:00:00,2025-02-07 16:00:00,0.635615,0.6311892657,2025-02-21 20:00:00,0.6311142657,stoploss,-1.01694634,62,0.9433462752,-8.641503783,1.5,1.5,0.63325,13,1.034856513,0.8671497585,0.61873,0.002212867168,19,2025
1937,AUD_NZD,2025-02-07 16:00:00,2025-02-07 20:00:00,1.108965,1.104469623,2025-03-04 16:00:00,1.104364623,stoploss,-1.023357329,102,1.887494625,-7.023882475,2.1,2.1,1.10779,6,0.4760446079,0.825,1.1006,0.002247688519,43,2025
1938,USD_CHF,2025-02-11 12:00:00,2025-02-11 16:00:00,0.913425,0.9092554395,2025-02-13 08:00:00,0.9092104395,stoploss,-1.010792504,11,0.5216377111,-16.40100914,0.9,0.9,0.91226,8,0.5228368783,0.7330677291,0.89949,0.002084780254,5,2025
1939,AUD_JPY,2025-02-11 16:00:00,2025-02-11 20:00:00,95.854,95.00452747,2025-02-21 20:00:00,95.00052747,stoploss,-1.004708804,49,1.738726032,-11.47888797,0.8,0.8,95.676,8,0.4096659845,0.7197802198,94.348,0.4247362647,5,2025
1940,CAD_JPY,2025-02-11 16:00:00,2025-02-11 20:00:00,106.504,105.5643483,2025-02-20 08:00:00,105.5583483,stoploss,-1.006385344,40,1.926245554,-5.460533667,1.2,1.2,106.449,8,0.1042939582,0.583081571,105.106,0.4698258736,8,2025
1941,EUR_JPY,2025-02-11 16:00:00,2025-02-11 20:00:00,157.625,156.3669487,2025-02-20 08:00:00,156.3619487,stoploss,-1.003974401,40,5.216798526,-2.255075029,1,1,157.412,8,0.3306701488,0.7167449139,155.519,0.629025634,8,2025
1942,EUR_USD,2025-02-11 16:00:00,2025-02-11 20:00:00,1.034605,1.029063697,2025-04-08 20:00:00,1.092955,time_exit,10.53001462,240,14.43613573,-0.7083171789,0.7,0.7,1.03368,7,0.3212240964,0.8047138047,1.02792,0.002770651423,220,2025
1943,GBP_JPY,2025-02-11 16:00:00,2025-02-11 20:00:00,189.286,187.6206874,2025-04-04 16:00:00,187.6106874,stoploss,-1.006004879,228,4.014261387,-1.93056849,2,2,189.138,8,0.1657346511,0.7433004231,186.951,0.8326562917,192,2025
1944,EUR_NZD,2025-02-11 20:00:00,2025-02-12 00:00:00,1.83159,1.822950864,2025-02-19 08:00:00,1.822760864,stoploss,-1.021992941,33,19.57834727,-1.686511291,3.8,3.8,1.8299,5,0.5787615959,0.6292682927,1.81996,0.00431956788,9,2025
1945,CHF_JPY,2025-02-12 00:00:00,2025-02-12 04:00:00,168.119,166.9276012,2025-02-20 00:00:00,166.9166012,stoploss,-1.009232845,36,3.987749584,-1.894411873,2.2,2.2,167.585,10,0.8779596011,0.9978783593,165.87,0.5956993914,7,2025
1946,NZD_JPY,2025-02-12 00:00:00,2025-02-12 04:00:00,86.946,86.15940442,2025-02-12 12:00:00,86.15340442,stoploss,-1.007627808,3,0.587341212,-9.075820157,1.2,1.2,86.229,10,1.807790484,0.9988179669,85.203,0.3932977889,0,2025
1947,USD_JPY,2025-02-12 00:00:00,2025-02-12 04:00:00,153.479,152.3357256,2025-02-14 12:00:00,152.3327256,stoploss,-1.002624042,15,1.160701214,-7.823143676,0.6,0.6,152.542,10,1.633903442,0.9869904597,150.929,0.5716372069,3,2025
1948,EUR_CAD,2025-02-12 08:00:00,2025-02-12 12:00:00,1.48437,1.477236957,2025-02-12 12:00:00,1.477146957,stoploss,-1.012617335,1,14.21132539,-1.051444613,1.8,1.8,1.48162,11,0.7458247124,0.9217603912,1.47424,0.003566521671,0,2025
1949,GBP_AUD,2025-02-12 12:00:00,2025-02-12 16:00:00,1.98439,1.974572887,2025-02-20 16:00:00,1.974372887,stoploss,-1.020372589,37,18.35468382,-1.020666696,4,4,1.98358,18,0.1242727913,0.7027027027,1.96384,0.004908556359,5,2025
1950,EUR_CHF,2025-02-12 16:00:00,2025-02-12 20:00:00,0.95054,0.9461773339,2025-02-13 08:00:00,0.9461273339,stoploss,-1.011460882,4,3.587255937,-5.78316085,1,1,0.94707,5,1.567848601,0.9882943144,0.93573,0.002181333068,3,2025
1951,NZD_USD,2025-02-13 20:00:00,2025-02-14 00:00:00,0.566595,0.5612971234,2025-02-28 04:00:00,0.5612421234,stoploss,-1.010381518,62,3.538210036,-3.419294468,1.1,1.1,0.56625,6,0.5775899018,0.9634408602,0.55873,0.002648938278,30,2025
1952,NZD_CAD,2025-02-14 16:00:00,2025-02-14 20:00:00,0.812565,0.8070217778,2025-02-19 00:00:00,0.8069067778,stoploss,-1.020746056,14,3.870492481,-5.358796511,2.3,2.3,0.80993,15,0.909218462,0.8535825545,0.79947,0.00277161112,1,2025
1953,AUD_USD,2025-02-17 00:00:00,2025-02-17 04:00:00,0.63691,0.6318967801,2025-02-26 12:00:00,0.6318467801,stoploss,-1.00997363,45,0.7939009459,-9.109913618,1,1,0.6306,13,2.497396945,0.8483754513,0.62276,0.002506609937,23,2025
1954,NZD_CHF,2025-02-19 08:00:00,2025-02-19 12:00:00,0.517845,0.5141054851,2025-02-24 00:00:00,0.5140204851,stoploss,-1.022730221,16,0.2099202733,-14.49519544,1.7,1.7,0.51715,11,0.3262455204,0.6171428571,0.50846,0.001869757474,7,2025
1955,USD_CAD,2025-02-19 16:00:00,2025-02-19 20:00:00,1.423745,1.41806267,2025-02-20 16:00:00,1.41799767,stoploss,-1.01143897,6,5.384235218,-7.200391696,1.3,1.3,1.42131,7,0.834164894,0.9159836066,1.41505,0.002841164879,0,2025
1956,NZD_CAD,2025-02-20 16:00:00,2025-02-20 20:00:00,0.817345,0.8125924835,2025-02-28 00:00:00,0.8124774835,stoploss,-1.024197707,32,3.508667486,-7.256155818,2.3,2.3,0.8142,18,1.283530535,0.8385416667,0.80595,0.002376258233,19,2025
1957,EUR_AUD,2025-02-24 00:00:00,2025-02-24 04:00:00,1.65119,1.642701248,2025-04-21 04:00:00,1.79538,time_exit,16.98600673,240,24.10248268,-0.9777644489,2.4,2.4,1.64667,12,1.036665922,0.9671052632,1.6357,0.00424437604,191,2025
1958,EUR_CAD,2025-02-24 00:00:00,2025-02-24 04:00:00,1.49321,1.486980661,2025-02-24 12:00:00,1.486890661,stoploss,-1.014447762,3,16.05948997,-1.008132717,1.8,1.8,1.48969,4,1.10445113,0.9664233577,1.48004,0.003114669275,0,2025
1959,EUR_GBP,2025-02-24 00:00:00,2025-02-24 04:00:00,0.82962,0.8268114877,2025-02-26 16:00:00,0.8267714877,stoploss,-1.014242416,16,15.72718783,-1.954771591,0.8,0.8,0.8292,5,0.2706059033,0.9239130435,0.82646,0.001404256136,14,2025
1960,GBP_AUD,2025-02-24 00:00:00,2025-02-24 04:00:00,1.99036,1.980853289,2025-04-21 04:00:00,2.08965,time_exit,10.44420073,240,18.32600111,-0.7426332675,4,4,1.98814,12,0.4207553923,0.9612314709,1.97437,0.004753355599,179,2025
1961,EUR_NZD,2025-02-25 08:00:00,2025-02-25 12:00:00,1.83275,1.823255648,2025-04-22 12:00:00,1.91486,time_exit,8.648299124,240,17.71790133,-0.04739659732,3.8,3.8,1.82939,8,0.6825110013,0.9699863574,1.81702,0.004747176227,184,2025
1962,USD_CAD,2025-02-25 08:00:00,2025-02-25 12:00:00,1.426815,1.420842387,2025-04-03 08:00:00,1.420777387,stoploss,-1.010883009,162,4.608535931,-8.159745635,1.3,1.3,1.42366,9,1.034723054,0.7614379085,1.4166,0.002986306325,31,2025
1963,USD_CHF,2025-02-27 04:00:00,2025-02-27 08:00:00,0.897075,0.8927472375,2025-03-04 08:00:00,0.8927022375,stoploss,-1.010397983,19,1.512328839,-21.52497983,0.9,0.9,0.89649,4,0.2495515884,0.8481012658,0.89121,0.002163881238,9,2025
1964,CAD_CHF,2025-02-27 08:00:00,2025-02-27 12:00:00,0.626565,0.6228380757,2025-02-27 16:00:00,0.6227630757,stoploss,-1.020123832,2,0.08452009586,-12.075641,1.5,1.5,0.62494,5,0.8317850704,0.9264069264,0.62188,0.001863462155,0,2025
1965,CAD_JPY,2025-02-27 08:00:00,2025-02-27 12:00:00,104.603,103.6941645,2025-02-27 12:00:00,103.6881645,stoploss,-1.006601855,1,1.38859012,-3.686035579,1.2,1.2,104.538,4,0.1298364771,0.889200561,103.933,0.4544177515,0,2025
1966,EUR_CHF,2025-02-27 08:00:00,2025-02-27 12:00:00,0.941,0.9373392106,2025-02-27 16:00:00,0.9372892106,stoploss,-1.013658256,2,6.881029523,-5.386816284,1,1,0.94003,5,0.5026238318,0.9292307692,0.93659,0.001830394705,0,2025
1967,USD_JPY,2025-02-27 16:00:00,2025-02-27 20:00:00,149.968,148.8091637,2025-03-04 00:00:00,148.8061637,stoploss,-1.002588804,14,1.154606595,-8.702696195,0.6,0.6,149.89,6,0.1294402012,0.6825396825,148.557,0.5794181351,10,2025
1968,CHF_JPY,2025-03-03 12:00:00,2025-03-03 16:00:00,167.777,166.488805,2025-03-03 20:00:00,166.477805,stoploss,-1.00853908,2,6.759846021,-1.318899677,2.2,2.2,167.096,13,1.038662606,0.7885141294,165.862,0.6440975114,0,2025
1969,EUR_CAD,2025-03-03 12:00:00,2025-03-03 16:00:00,1.50916,1.501523875,2025-04-28 16:00:00,1.57411,time_exit,8.505623048,240,11.3827368,-0.1244086512,1.8,1.8,1.50651,12,0.6678780222,0.6387096774,1.49744,0.003818062453,209,2025
1970,EUR_JPY,2025-03-03 12:00:00,2025-03-03 16:00:00,158.099,156.4200139,2025-03-03 20:00:00,156.4150139,stoploss,-1.002977988,2,3.626593525,-1.493758673,1,1,157.21,13,1.053016481,0.7831677382,154.788,0.8394930337,0,2025
1971,NZD_CAD,2025-03-03 16:00:00,2025-03-03 20:00:00,0.812235,0.807974083,2025-04-04 04:00:00,0.807859083,stoploss,-1.026989496,141,5.112749222,-6.894055928,2.3,2.3,0.81023,4,0.8918268094,0.9135135135,0.80699,0.002130458493,73,2025
1972,EUR_GBP,2025-03-04 12:00:00,2025-03-04 16:00:00,0.82836,0.8256093566,2025-04-29 16:00:00,0.85086,time_exit,8.179904352,240,16.51613576,-0.7161960699,0.8,0.8,0.82671,11,1.185177253,0.96875,0.82413,0.001375321705,166,2025
1973,AUD_USD,2025-03-04 20:00:00,2025-03-05 00:00:00,0.6265,0.6212265423,2025-04-04 08:00:00,0.6211765423,stoploss,-1.009481445,135,3.506238403,-6.686315094,1,1,0.62544,7,0.6030199092,0.9690189329,0.61865,0.002636728864,53,2025
1974,EUR_CHF,2025-03-04 20:00:00,2025-03-05 00:00:00,0.94432,0.9384688592,2025-04-04 12:00:00,0.9384188592,stoploss,-1.008545342,136,3.737732656,-3.937693662,1,1,0.94354,8,0.4887935709,0.9781718963,0.9332,0.002925570395,45,2025
1975,NZD_USD,2025-03-04 20:00:00,2025-03-05 00:00:00,0.566145,0.5616812916,2025-04-04 12:00:00,0.5616262916,stoploss,-1.012321593,136,8.247626512,-3.957471746,1.1,1.1,0.56407,6,1.035013839,0.9612903226,0.5585,0.002231854216,130,2025
1976,AUD_CHF,2025-03-05 16:00:00,2025-03-05 20:00:00,0.56331,0.5580236038,2025-03-07 00:00:00,0.5579536038,stoploss,-1.013241535,8,0.5391196349,-12.02520533,1.4,1.4,0.56223,16,0.3783295684,0.9365750529,0.55144,0.00264319811,2,2025
1977,NZD_CHF,2025-03-05 16:00:00,2025-03-05 20:00:00,0.508865,0.5047276314,2025-03-07 04:00:00,0.5046426314,stoploss,-1.020544459,9,1.207289089,-10.93086067,1.7,1.7,0.50652,16,1.092481818,0.8997289973,0.49912,0.002068684314,2,2025
1978,NZD_JPY,2025-03-05 16:00:00,2025-03-05 20:00:00,85.031,84.04463969,2025-03-07 12:00:00,84.03863969,stoploss,-1.00608297,11,2.36627527,-5.296239078,1.2,1.2,84.868,13,0.3203697452,0.712406015,83.146,0.4931801532,2,2025
1979,AUD_JPY,2025-03-05 20:00:00,2025-03-06 00:00:00,94.11,92.91892284,2025-03-07 04:00:00,92.91492284,stoploss,-1.003358305,8,1.372707034,-6.777058822,0.8,0.8,94.169,5,0.2098940418,0.7647058824,91.853,0.5955385818,1,2025
1980,EUR_JPY,2025-03-11 12:00:00,2025-03-11 16:00:00,161.337,159.5847751,2025-04-04 12:00:00,159.5797751,stoploss,-1.002853515,108,1.883890601,-1.829103113,1,1,160.768,11,0.6437529833,0.8547888774,155.591,0.8761124448,28,2025
1981,USD_CHF,2025-03-11 20:00:00,2025-03-12 00:00:00,0.881435,0.8752937772,2025-04-03 04:00:00,0.8752487772,stoploss,-1.007327531,98,0.8133559361,-12.62207916,0.9,0.9,0.88216,6,0.1563206604,0.7444444444,0.87579,0.003070611388,16,2025
1982,NZD_JPY,2025-03-12 08:00:00,2025-03-12 12:00:00,84.823,83.8467388,2025-04-04 04:00:00,83.8407388,stoploss,-1.006145896,101,2.603811363,-5.137969235,1.2,1.2,84.641,12,0.3605592446,0.9331742243,83.305,0.4881305989,23,2025
1983,USD_JPY,2025-03-12 08:00:00,2025-03-12 12:00:00,148.341,146.9684183,2025-04-03 08:00:00,146.9654183,stoploss,-1.002185662,96,2.092407252,-6.162110214,0.6,0.6,148.204,15,0.1952524873,0.5454545455,146.538,0.6862908732,69,2025
1984,AUD_JPY,2025-03-12 12:00:00,2025-03-12 16:00:00,93.724,92.55994348,2025-03-13 20:00:00,92.55594348,stoploss,-1.003436259,8,1.736169991,-6.602772169,0.8,0.8,93.479,16,0.4106329816,0.8875,91.812,0.5820282605,2,2025
1985,CHF_JPY,2025-03-12 12:00:00,2025-03-12 16:00:00,168.762,167.378486,2025-03-13 16:00:00,167.367486,stoploss,-1.007950769,7,5.58216267,-1.546785979,2.2,2.2,168.287,5,0.6693101945,0.9445277361,166.309,0.6917569817,0,2025
1986,NZD_CHF,2025-03-12 16:00:00,2025-03-12 20:00:00,0.505505,0.5012173999,2025-03-31 00:00:00,0.5011323999,stoploss,-1.01982461,74,1.948642529,-9.76420341,1.7,1.7,0.50499,5,0.2005784052,0.7941176471,0.49851,0.002143800075,20,2025
1987,AUD_CHF,2025-03-12 20:00:00,2025-03-13 00:00:00,0.556,0.5507828694,2025-03-31 12:00:00,0.5507128694,stoploss,-1.013417337,76,1.372401908,-10.7837055,1.4,1.4,0.55682,6,0.2606796921,0.8489208633,0.5494,0.002608565303,19,2025
1988,CAD_CHF,2025-03-12 20:00:00,2025-03-13 00:00:00,0.612575,0.6066241644,2025-04-04 04:00:00,0.6065491644,stoploss,-1.012603272,98,1.435932802,-5.211873127,1.5,1.5,0.61355,6,0.1209914123,0.5658536585,0.60545,0.002975417786,58,2025
1989,AUD_NZD,2025-03-13 12:00:00,2025-03-13 16:00:00,1.103575,1.09951278,2025-03-17 00:00:00,1.09940778,stoploss,-1.025847935,9,0,-9.491115719,2.1,2.1,1.10317,4,0.1477024882,0.9867021277,1.0992,0.002031109995,0,2025
1990,AUD_CAD,2025-03-14 12:00:00,2025-03-14 16:00:00,0.910775,0.9055135275,2025-03-19 16:00:00,0.9054185275,stoploss,-1.018055782,19,0.4228854195,-12.68181106,1.9,1.9,0.90967,9,0.3839229426,0.6850649351,0.90096,0.002630736244,9,2025
1991,CAD_JPY,2025-03-17 12:00:00,2025-03-17 16:00:00,103.79,102.7887999,2025-04-04 12:00:00,102.7827999,stoploss,-1.005992808,84,2.462045256,-2.533958952,1.2,1.2,103.641,18,0.2856571778,0.8637168142,101.373,0.5006000587,42,2025
1992,AUD_JPY,2025-03-17 20:00:00,2025-03-18 00:00:00,95.201,94.2830037,2025-03-20 00:00:00,94.2790037,stoploss,-1.004357316,13,0.5925949789,-9.981521675,0.8,0.8,93.944,17,2.834434072,0.7848605578,91.812,0.4589981517,2,2025
1993,CHF_JPY,2025-03-17 20:00:00,2025-03-18 00:00:00,169.236,168.06783,2025-03-20 12:00:00,168.05683,stoploss,-1.009416438,16,6.205432591,-1.051216888,2.2,2.2,168.552,9,1.378224096,0.7482993197,166.622,0.5840849847,8,2025
1994,GBP_CAD,2025-03-19 20:00:00,2025-03-20 00:00:00,1.86096,1.852185497,2025-03-21 08:00:00,1.852045497,stoploss,-1.015955319,9,0.5800898082,-7.173055507,2.8,2.8,1.86158,6,0.3532963469,0.9917627677,1.84781,0.004387251705,3,2025
1995,GBP_CHF,2025-03-20 12:00:00,2025-03-20 16:00:00,1.143395,1.137249091,2025-03-24 00:00:00,1.137154091,stoploss,-1.015457438,9,0.8290068016,-13.39020898,1.9,1.9,1.14218,5,0.3677243124,0.6756756757,1.13648,0.003072954281,0,2025
1996,AUD_NZD,2025-03-24 04:00:00,2025-03-24 08:00:00,1.097215,1.093683172,2025-04-03 00:00:00,1.093578172,stoploss,-1.029729646,47,1.666275878,-9.115675765,2.1,2.1,1.09619,10,0.520976655,0.9911504425,1.09008,0.00176591406,36,2025
1997,AUD_JPY,2025-03-24 16:00:00,2025-03-24 20:00:00,94.434,93.55202826,2025-03-31 04:00:00,93.54802826,stoploss,-1.004535293,27,1.376461339,-9.519579407,0.8,0.8,94.21,8,0.4988821985,0.5189873418,93.137,0.4409858693,16,2025
1998,CHF_JPY,2025-03-27 12:00:00,2025-03-27 16:00:00,170.734,169.7398709,2025-03-31 00:00:00,169.7288709,stoploss,-1.011064961,9,5.784962991,-2.656596637,2.2,2.2,170.512,5,0.4265039659,0.6233766234,168.008,0.4970645456,1,2025
1999,GBP_NZD,2025-03-28 04:00:00,2025-03-28 08:00:00,2.26509,2.253263069,2025-04-02 08:00:00,2.253023069,stoploss,-1.02029267,19,5.954207551,-4.340094769,4.8,4.8,2.26215,12,0.4582761279,0.7554858934,2.23955,0.005913465343,8,2025
2000,GBP_CAD,2025-03-31 12:00:00,2025-03-31 16:00:00,1.85957,1.84944467,2025-04-01 16:00:00,1.84930467,stoploss,-1.01382671,7,0.9757707086,-6.078814485,2.8,2.8,1.85695,7,0.48591011,0.8319870759,1.83458,0.00506266478,0,2025
2001,AUD_JPY,2025-04-02 04:00:00,2025-04-02 08:00:00,94.425,93.48372734,2025-04-03 00:00:00,93.47972734,stoploss,-1.004249566,5,1.299304703,-8.910276813,0.8,0.8,93.927,8,1.04964272,0.9253731343,93.041,0.4706363324,3,2025
2002,AUD_CAD,2025-04-02 08:00:00,2025-04-02 12:00:00,0.902125,0.8972458216,2025-04-02 20:00:00,0.8971508216,stoploss,-1.019470491,3,0.4908613333,-11.90261876,1.9,1.9,0.90138,4,0.266438302,0.8957345972,0.89416,0.002439589185,2,2025
2003,AUD_CHF,2025-04-02 08:00:00,2025-04-02 12:00:00,0.55787,0.5535953941,2025-04-02 20:00:00,0.5535253941,stoploss,-1.016375779,3,0.2690306495,-13.59891448,1.4,1.4,0.55691,16,0.4164126574,0.8854166667,0.54887,0.002137302947,2,2025
2004,NZD_CHF,2025-04-02 08:00:00,2025-04-02 12:00:00,0.507705,0.5040307298,2025-04-03 00:00:00,0.5039457298,stoploss,-1.023133846,4,0.4340998089,-11.99285773,1.7,1.7,0.50593,16,0.9144673089,0.937254902,0.49922,0.00183713511,2,2025
2005,CHF_JPY,2025-04-02 16:00:00,2025-04-02 20:00:00,169.998,168.8793028,2025-04-03 00:00:00,168.8683028,stoploss,-1.009832867,2,5.798709663,-1.702873733,2.2,2.2,169.795,10,0.3432564376,0.8944680851,168.907,0.5593485773,0,2025
2006,GBP_CHF,2025-04-02 16:00:00,2025-04-02 20:00:00,1.146005,1.140434426,2025-04-03 08:00:00,1.140339426,stoploss,-1.017053897,4,0.4460940472,-15.24169621,1.9,1.9,1.14322,12,0.9657891244,0.9623059867,1.13566,0.002785287111,0,2025
2007,GBP_USD,2025-04-02 20:00:00,2025-04-03 00:00:00,1.299035,1.291980108,2025-04-04 16:00:00,1.291935108,stoploss,-1.006378553,11,8.550804726,-4.002187674,0.9,0.9,1.2973,15,0.8079500529,0.6657303371,1.28701,0.003527445775,3,2025
2008,GBP_NZD,2025-04-04 04:00:00,2025-04-04 08:00:00,2.2914,2.270625264,2025-04-09 20:00:00,2.270385264,stoploss,-1.011552493,22,2.123252021,-3.737231624,4.8,4.8,2.28389,7,0.700851268,0.981327109,2.2501,0.01038736795,4,2025
2009,CAD_JPY,2025-04-07 16:00:00,2025-04-07 20:00:00,103.981,102.1493551,2025-04-09 00:00:00,102.1433551,stoploss,-1.003275744,8,1.243144896,-1.489371663,1.2,1.2,103.733,5,0.2642433596,0.7895392279,101.619,0.9158224464,0,2025
2010,USD_JPY,2025-04-07 16:00:00,2025-04-07 20:00:00,147.946,145.7214781,2025-04-09 00:00:00,145.7184781,stoploss,-1.001348604,8,0.3173715652,-3.624599051,0.6,0.6,147.438,5,0.4540301429,0.89625,144.535,1.112260954,0,2025
2011,CHF_JPY,2025-04-08 00:00:00,2025-04-08 04:00:00,172.141,170.2810038,2025-06-03 04:00:00,174.651,time_exit,1.349465103,240,2.335488609,-0.5586032837,2.2,2.2,171.457,9,0.720431569,0.8792613636,168.093,0.9299981134,22,2025
2012,EUR_USD,2025-04-09 00:00:00,2025-04-09 04:00:00,1.101505,1.088562319,2025-06-04 04:00:00,1.138205,time_exit,2.835579416,240,4.314021164,-0.7869312358,0.7,0.7,1.09921,4,0.3476868494,0.9689265537,1.07801,0.006471340529,50,2025
2013,AUD_CAD,2025-04-09 20:00:00,2025-04-10 00:00:00,0.865155,0.8493628509,2025-06-05 00:00:00,0.887075,time_exit,1.388031474,240,2.477496871,-0.1953502325,1.9,1.9,0.86193,7,0.5749692419,0.7893783947,0.84405,0.007896074553,146,2025
2014,AUD_CHF,2025-04-09 20:00:00,2025-04-10 00:00:00,0.52612,0.5100230921,2025-04-10 16:00:00,0.5099530921,stoploss,-1.004348661,5,1.18904824,-1.359888504,1.4,1.4,0.52139,9,0.6920583799,0.919200695,0.49974,0.008048453948,2,2025
2015,AUD_JPY,2025-04-09 20:00:00,2025-04-10 00:00:00,90.761,87.8516576,2025-06-05 00:00:00,92.517,time_exit,0.6035728208,240,1.679761034,-0.8531137479,0.8,0.8,89.69,7,0.7891817748,0.886600324,86.038,1.454671201,143,2025
2016,AUD_NZD,2025-04-09 20:00:00,2025-04-10 00:00:00,1.090335,1.080033136,2025-04-11 00:00:00,1.079928136,stoploss,-1.01019233,7,0.1713282173,-2.457322279,2.1,2.1,1.08688,13,0.6134812088,0.9382321619,1.07035,0.005150932017,0,2025
2017,AUD_USD,2025-04-09 20:00:00,2025-04-10 00:00:00,0.6147,0.6004825218,2025-06-05 00:00:00,0.64834,time_exit,2.366101746,240,2.746619298,-0.2222616385,1,1,0.60856,7,0.9115540616,0.8362014022,0.59124,0.007108739101,193,2025
2018,CAD_CHF,2025-04-09 20:00:00,2025-04-10 00:00:00,0.607385,0.5962702427,2025-04-10 12:00:00,0.5961952427,stoploss,-1.006747786,4,0.2172786991,-2.323487538,1.5,1.5,0.60658,9,0.2735102465,0.9511754069,0.58912,0.005557378635,2,2025
2019,NZD_CHF,2025-04-09 20:00:00,2025-04-10 00:00:00,0.482895,0.4708612142,2025-04-11 00:00:00,0.4707762142,stoploss,-1.007063446,7,1.414766751,-1.111454056,1.7,1.7,0.48185,9,0.2409881691,0.9020979021,0.46364,0.006016892886,2,2025
2020,NZD_JPY,2025-04-09 20:00:00,2025-04-10 00:00:00,83.392,81.17193189,2025-06-05 00:00:00,86.012,time_exit,1.180143972,240,1.951291484,-0.5324160975,1.2,1.2,82.927,7,0.3477370789,0.8578416386,79.807,1.110034056,142,2025
2021,NZD_USD,2025-04-09 20:00:00,2025-04-10 00:00:00,0.563435,0.5526792378,2025-06-05 00:00:00,0.602615,time_exit,3.642698609,240,3.909067459,-0.05903812192,1.1,1.1,0.56266,7,0.2770607927,0.7378167641,0.54848,0.005377881099,228,2025
2022,NZD_CAD,2025-04-10 04:00:00,2025-04-10 08:00:00,0.801405,0.7897309802,2025-06-05 08:00:00,0.824725,time_exit,1.997598118,240,2.613923953,-0.3619147534,2.3,2.3,0.79703,9,0.7298257276,0.9761904762,0.78286,0.005837009904,63,2025
2023,GBP_USD,2025-04-10 12:00:00,2025-04-10 16:00:00,1.292575,1.27971816,2025-06-05 16:00:00,1.357855,time_exit,5.077452818,240,5.374182023,-0.2617283813,0.9,0.9,1.28641,7,0.9442444425,0.6618407446,1.2708,0.006428420149,240,2025
2024,EUR_JPY,2025-04-11 08:00:00,2025-04-11 12:00:00,162.727,160.571417,2025-06-06 12:00:00,164.422,time_exit,0.7863301813,240,1.153748178,-0.8127731432,1,1,162.205,9,0.4806124294,0.7083047358,158.132,1.077791518,133,2025
2025,GBP_CAD,2025-04-11 08:00:00,2025-04-11 12:00:00,1.82269,1.805516462,2025-06-06 12:00:00,1.85145,time_exit,1.674669527,240,2.72279371,-0.720876521,2.8,2.8,1.82155,5,0.1222811546,0.8454724409,1.79802,0.008586768773,167,2025
2026,GBP_CHF,2025-04-14 08:00:00,2025-04-14 12:00:00,1.076115,1.05993928,2025-06-09 12:00:00,1.113125,time_exit,2.287997041,240,2.750109386,-0.3563983502,1.9,1.9,1.07448,5,0.1916452534,0.7640573319,1.0611,0.008087860111,186,2025
2027,EUR_CHF,2025-04-14 12:00:00,2025-04-14 16:00:00,0.93444,0.9236701866,2025-04-14 20:00:00,0.9236201866,stoploss,-1.004642606,2,0.9498771814,-1.071513458,1,1,0.9321,6,0.4271197492,0.8236397749,0.92128,0.005384906702,0,2025
2028,USD_CAD,2025-04-15 16:00:00,2025-04-15 20:00:00,1.397045,1.385109915,2025-04-17 16:00:00,1.385044915,stoploss,-1.005446128,12,0.3858372112,-2.818161694,1.3,1.3,1.39111,6,0.9836544755,0.9970530452,1.38283,0.005967542614,0,2025
2029,GBP_JPY,2025-04-15 20:00:00,2025-04-16 00:00:00,189.264,187.2145005,2025-06-11 00:00:00,195.474,time_exit,3.030008021,240,3.500854678,-0.8919250665,2.4,2,189.204,7,0.3112955101,0.9625468165,184.373,1.024749762,235,2025
2030,NZD_CHF,2025-04-17 12:00:00,2025-04-17 16:00:00,0.487535,0.4804635615,2025-06-12 16:00:00,0.491745,time_exit,0.5953527018,240,1.751411689,-0.7445444122,1.7,1.7,0.48621,11,0.3507065797,0.9677419355,0.46952,0.003535719236,108,2025
2031,AUD_CHF,2025-04-17 16:00:00,2025-04-17 20:00:00,0.52427,0.5153343147,2025-06-12 20:00:00,0.53008,time_exit,0.6502019462,240,2.349008408,-0.9008822146,1.4,1.4,0.52291,11,0.2909681687,0.7866927593,0.50423,0.004467842671,107,2025
2032,CAD_CHF,2025-04-17 16:00:00,2025-04-17 20:00:00,0.593115,0.5849428908,2025-04-21 04:00:00,0.5848678908,stoploss,-1.009177557,9,1.586493738,-1.413955661,1.5,1.5,0.59055,14,0.6093898044,0.7725752508,0.58308,0.004086054578,0,2025
2033,EUR_CHF,2025-04-22 16:00:00,2025-04-22 20:00:00,0.9351,0.9287680996,2025-06-17 20:00:00,0.93757,time_exit,0.3900882582,240,1.511394588,-0.93968629,1,1,0.93223,8,0.8938864541,0.8930635838,0.92383,0.003165950202,15,2025
2034,USD_JPY,2025-04-22 16:00:00,2025-04-22 20:00:00,141.31,140.0988033,2025-06-17 20:00:00,145.221,time_exit,3.229037928,240,6.061773578,-0.2245712903,0.6,0.6,141.177,4,0.2130124739,0.9286549708,140.467,0.6055983373,84,2025
2035,CAD_CHF,2025-04-23 00:00:00,2025-04-23 04:00:00,0.595045,0.5877703874,2025-06-18 04:00:00,0.597245,time_exit,0.3024216038,240,1.516919272,-0.5312997721,1.5,1.5,0.5944,20,0.1594586638,0.6010165184,0.58156,0.003637306285,80,2025
2036,AUD_NZD,2025-04-23 08:00:00,2025-04-23 12:00:00,1.071035,1.065280689,2025-06-18 12:00:00,1.078055,time_exit,1.219954816,240,3.660733362,-0.8193856065,2.1,2.1,1.07053,7,0.1355505351,0.6627218935,1.06706,0.002877155739,94,2025
2037,USD_CAD,2025-04-23 16:00:00,2025-04-23 20:00:00,1.389445,1.381506931,2025-04-29 04:00:00,1.381441931,stoploss,-1.008188389,21,1.537527538,-4.470230618,1.3,1.3,1.38619,7,0.8012023878,0.9268617021,1.37808,0.003969034601,0,2025
2038,USD_CHF,2025-04-23 16:00:00,2025-04-23 20:00:00,0.829515,0.8190111889,2025-05-07 20:00:00,0.8189661889,stoploss,-1.004284159,61,1.726516196,-2.281552833,0.9,0.9,0.82875,4,0.1351890266,0.9347553325,0.80392,0.005251905555,9,2025
2039,CAD_JPY,2025-04-25 04:00:00,2025-04-25 08:00:00,103.509,102.5881669,2025-04-29 16:00:00,102.5821669,stoploss,-1.006515839,15,3.672761194,-1.100090801,1.2,1.2,103.42,8,0.1824434892,0.7559055118,101.253,0.4604165397,2,2025
2040,GBP_NZD,2025-04-25 12:00:00,2025-04-25 16:00:00,2.23674,2.222427068,2025-05-05 04:00:00,2.222187068,stoploss,-1.016768053,34,2.840088897,-1.319785468,4.8,4.8,2.23426,8,0.3116063095,0.9240687679,2.21376,0.007156466132,17,2025
2041,EUR_NZD,2025-04-28 16:00:00,2025-04-28 20:00:00,1.91191,1.89790406,2025-05-05 00:00:00,1.89771406,stoploss,-1.013565673,26,2.63531051,-2.22976828,3.8,3.8,1.90945,15,0.3255761562,0.8681318681,1.89096,0.007002969832,10,2025
2042,GBP_AUD,2025-04-28 16:00:00,2025-04-28 20:00:00,2.08992,2.074103297,2025-05-01 04:00:00,2.073903297,stoploss,-1.01264486,15,0.8547925304,-2.650362639,4,4,2.08866,7,0.1353000011,0.9161490683,2.06828,0.007908351746,5,2025
2043,EUR_AUD,2025-04-29 16:00:00,2025-04-29 20:00:00,1.78587,1.771902414,2025-04-30 16:00:00,1.771782414,stoploss,-1.00859132,6,0.9486249097,-4.380857224,2.4,2.4,1.78181,8,0.5641633425,0.6917670683,1.76501,0.006983792996,5,2025
2044,EUR_GBP,2025-04-30 12:00:00,2025-04-30 16:00:00,0.85187,0.8482555205,2025-05-01 16:00:00,0.8482155205,stoploss,-1.0110666,7,1.546557412,-4.529006232,0.8,0.8,0.8512,5,0.3596645144,0.8586956522,0.84861,0.00180723973,0,2025
2045,CAD_JPY,2025-04-30 16:00:00,2025-04-30 20:00:00,103.321,102.5183431,2025-06-25 20:00:00,105.871,time_exit,3.176949109,240,5.014596143,-0.3974301043,1.2,1.2,103.147,7,0.418609765,0.655234657,102.496,0.4013284306,226,2025
2046,EUR_CAD,2025-05-02 08:00:00,2025-05-02 12:00:00,1.56717,1.557563301,2025-05-12 00:00:00,1.557473301,stoploss,-1.009368463,34,4.089854371,-1.964254314,1.8,1.8,1.56589,5,0.2477437873,0.8752260398,1.55759,0.004803349512,31,2025
2047,EUR_AUD,2025-05-07 20:00:00,2025-05-08 00:00:00,1.75875,1.745574955,2025-05-12 00:00:00,1.745454955,stoploss,-1.009108128,13,3.064126063,-2.585949343,2.4,2.4,1.75768,8,0.1654643254,0.5559748428,1.73859,0.0065875227,3,2025
2048,GBP_NZD,2025-05-08 08:00:00,2025-05-08 12:00:00,2.24087,2.22573831,2025-06-18 20:00:00,2.22549831,stoploss,-1.015860753,177,2.413477899,-1.198147708,4.8,4.8,2.23807,10,0.3423279167,0.7684210526,2.21785,0.007565845127,82,2025
2049,USD_CAD,2025-05-08 08:00:00,2025-05-08 12:00:00,1.386625,1.380284872,2025-05-23 12:00:00,1.380219872,stoploss,-1.010252159,67,2.369825925,-5.152104083,1.3,1.3,1.38452,13,0.6435201181,0.674676525,1.37502,0.003170064063,19,2025
2050,GBP_AUD,2025-05-08 12:00:00,2025-05-08 16:00:00,2.07617,2.060595047,2025-05-12 08:00:00,2.060395047,stoploss,-1.01284113,11,1.761160958,-1.611561795,4,4,2.0714,12,0.5855555207,0.8183041723,2.048,0.007787476744,0,2025
2051,USD_CHF,2025-05-08 16:00:00,2025-05-08 20:00:00,0.830925,0.8229616086,2025-05-21 04:00:00,0.8229166086,stoploss,-1.005650859,51,2.10023584,-5.493262591,0.9,0.9,0.82724,9,0.9141833733,0.924403183,0.81851,0.003981695693,12,2025
2052,EUR_CAD,2025-05-14 08:00:00,2025-05-14 12:00:00,1.56364,1.553871227,2025-05-29 00:00:00,1.553781227,stoploss,-1.00921303,64,4.845030279,-1.033906736,1.8,1.8,1.56161,4,0.3971839739,0.7805194805,1.5483,0.004884386399,30,2025
2053,EUR_NZD,2025-05-15 08:00:00,2025-05-15 12:00:00,1.90274,1.890628432,2025-05-29 00:00:00,1.890438432,stoploss,-1.015687481,58,4.626155579,-1.657919044,3.8,3.8,1.89889,13,0.6027295329,0.9157142857,1.88068,0.006055784229,30,2025
2054,GBP_AUD,2025-05-15 08:00:00,2025-05-15 12:00:00,2.06981,2.056073051,2025-07-10 12:00:00,2.07474,time_exit,0.3588860853,240,2.459789213,-0.8051278099,4,4,2.06622,4,0.4935593627,0.9455040872,2.05107,0.006868474709,180,2025
2055,EUR_AUD,2025-05-20 08:00:00,2025-05-20 12:00:00,1.75417,1.742286968,2025-07-15 12:00:00,1.77974,time_exit,2.151807797,240,4.684831446,-0.6723873407,2.4,2.4,1.75194,6,0.3551282325,0.7802056555,1.72468,0.005941515788,203,2025
2056,EUR_GBP,2025-05-21 04:00:00,2025-05-21 08:00:00,0.84357,0.8407360948,2025-05-22 16:00:00,0.8406960948,stoploss,-1.014114798,9,9.199319774,-2.847660552,0.8,0.8,0.84269,10,0.5928215275,0.7247191011,0.83931,0.001416952592,1,2025
2057,USD_CHF,2025-05-27 08:00:00,2025-05-27 12:00:00,0.824985,0.8189992439,2025-06-02 08:00:00,0.8189542439,stoploss,-1.007517847,24,1.639726012,-6.315826989,0.9,0.9,0.82335,5,0.5312612042,0.8439306358,0.81921,0.002992878056,9,2025
2058,EUR_GBP,2025-05-29 12:00:00,2025-05-29 16:00:00,0.84062,0.8374040198,2025-07-24 16:00:00,0.86703,time_exit,8.212115141,240,9.449684935,-0.1274883456,0.8,0.8,0.83984,15,0.4664207766,1,0.83726,0.001607990119,240,2025
2059,EUR_CAD,2025-05-29 16:00:00,2025-05-29 20:00:00,1.56962,1.560393467,2025-05-30 16:00:00,1.560303467,stoploss,-1.009754477,6,4.481640166,-1.329860335,1.8,1.8,1.56716,7,0.5115681157,0.8272,1.55354,0.004613266401,2,2025
2060,AUD_USD,2025-06-06 00:00:00,2025-06-06 04:00:00,0.65105,0.6466889993,2025-06-13 04:00:00,0.6466389993,stoploss,-1.011465258,31,2.632423348,-3.164411342,1,1,0.65006,20,0.4402659258,0.6321243523,0.64071,0.002180500338,20,2025
2061,USD_CHF,2025-06-06 08:00:00,2025-06-06 12:00:00,0.822045,0.8167229188,2025-06-12 04:00:00,0.8166779188,stoploss,-1.008455339,23,0.5232915257,-6.551008634,0.9,0.9,0.8215,5,0.1916543469,0.9619565217,0.81565,0.002661040608,1,2025
2062,CHF_JPY,2025-06-06 12:00:00,2025-06-06 16:00:00,175.559,174.6944967,2025-08-01 16:00:00,184.492,time_exit,10.33310168,240,12.13066576,-0.03470200944,2.2,2.2,175.34,12,0.4788877302,0.7091503268,174.045,0.4322516259,162,2025
2063,NZD_JPY,2025-06-06 12:00:00,2025-06-06 16:00:00,87.136,86.45142168,2025-06-13 00:00:00,86.44542168,stoploss,-1.008764519,27,2.811949995,-1.897518464,1.2,1.2,87.013,5,0.3418162591,0.8761904762,85.44,0.3422891594,14,2025
2064,AUD_JPY,2025-06-09 00:00:00,2025-06-09 04:00:00,94.195,93.50786887,2025-06-12 04:00:00,93.50386887,stoploss,-1.005821305,19,4.709435893,-2.74620072,0.8,0.8,93.781,8,1.19045691,0.8969465649,92.053,0.3435655643,11,2025
2065,AUD_CAD,2025-06-09 08:00:00,2025-06-09 12:00:00,0.892785,0.8885824049,2025-06-11 20:00:00,0.8884874049,stoploss,-1.022605081,15,2.245041424,-3.356259596,1.9,1.9,0.89185,10,0.399753004,0.7479338843,0.8847,0.00210129753,4,2025
2066,EUR_JPY,2025-06-10 12:00:00,2025-06-10 16:00:00,165.357,164.5455426,2025-08-05 16:00:00,170.36,time_exit,6.165450203,240,10.52304203,-0.5262137191,1,1,165.286,11,0.1626702832,0.931122449,162.839,0.4057286844,201,2025
2067,EUR_USD,2025-06-11 12:00:00,2025-06-11 16:00:00,1.146125,1.139403664,2025-08-01 12:00:00,1.139368664,stoploss,-1.005207298,222,5.490723809,-1.055593698,0.7,0.7,1.14479,5,0.3868278527,0.5861070912,1.13715,0.003360668036,83,2025
2068,EUR_CAD,2025-06-11 16:00:00,2025-06-11 20:00:00,1.56905,1.561284415,2025-08-06 20:00:00,1.59885,time_exit,3.837444211,240,5.50505839,-0.5859184954,1.8,1.8,1.56674,6,0.5717534328,0.6849056604,1.55735,0.003882792603,193,2025
2069,GBP_USD,2025-06-12 12:00:00,2025-06-12 16:00:00,1.361115,1.352932559,2025-06-13 08:00:00,1.352887559,stoploss,-1.005499581,5,2.17111247,-5.808168879,0.9,0.9,1.35817,18,0.7088349184,0.8525963149,1.34561,0.004091220572,2,2025
2070,AUD_CHF,2025-06-16 12:00:00,2025-06-16 16:00:00,0.52945,0.524445266,2025-06-23 00:00:00,0.524375266,stoploss,-1.013986757,27,0.8192243512,-2.587550085,1.4,1.4,0.52892,5,0.183825952,0.8222222222,0.52119,0.002502367022,13,2025
2071,AUD_JPY,2025-06-16 12:00:00,2025-06-16 16:00:00,94.056,93.15889981,2025-08-11 16:00:00,96.168,time_exit,2.354252094,240,3.762121598,-0.2831344847,0.8,0.8,93.912,11,0.3143461602,0.7175324675,92.308,0.4485500949,126,2025
2072,AUD_USD,2025-06-16 12:00:00,2025-06-16 16:00:00,0.65276,0.6471931429,2025-06-17 20:00:00,0.6471431429,stoploss,-1.008981729,8,1.755029783,-2.786132235,1,1,0.65198,5,0.2622664773,0.8930481283,0.64557,0.002783428547,0,2025
2073,NZD_CHF,2025-06-16 12:00:00,2025-06-16 16:00:00,0.491455,0.4871053685,2025-06-20 00:00:00,0.4870203685,stoploss,-1.019541886,21,0.6908631303,-4.606137376,1.7,1.7,0.49018,5,0.5425747046,0.8917525773,0.48465,0.002174815726,6,2025
2074,NZD_JPY,2025-06-16 12:00:00,2025-06-16 16:00:00,87.305,86.52142811,2025-08-11 16:00:00,87.643,time_exit,0.4313579971,240,2.241019653,-0.8435728878,1.2,1.2,87.234,11,0.165906922,0.813253012,85.837,0.3917859438,177,2025
2075,AUD_CAD,2025-06-16 16:00:00,2025-06-16 20:00:00,0.887255,0.8816518511,2025-06-23 04:00:00,0.8815568511,stoploss,-1.016954752,27,2.670819619,-1.476848136,1.9,1.9,0.88488,5,0.8138280964,0.9204152249,0.87868,0.002801574448,12,2025
2076,GBP_CHF,2025-06-16 16:00:00,2025-06-16 20:00:00,1.104625,1.097452422,2025-06-17 20:00:00,1.097357422,stoploss,-1.013244889,7,0.211221126,-5.453408807,1.9,1.9,1.10402,6,0.1449966805,0.9402985075,1.09315,0.003586288997,0,2025
2077,NZD_USD,2025-06-16 16:00:00,2025-06-16 20:00:00,0.607905,0.6024672733,2025-06-17 20:00:00,0.6024122733,stoploss,-1.010114521,7,0.76410607,-4.089024902,1.1,1.1,0.60714,13,0.257460529,0.6900958466,0.59948,0.002718863364,4,2025
2078,GBP_JPY,2025-06-16 20:00:00,2025-06-17 00:00:00,196.262,194.9324401,2025-06-17 20:00:00,194.9224401,stoploss,-1.007521286,6,2.787388469,-1.686272247,2,2,196.24,20,0.4798580257,0.7672727273,193.752,0.6647799618,0,2025
2079,USD_CHF,2025-06-17 16:00:00,2025-06-17 20:00:00,0.815245,0.8097566826,2025-06-24 12:00:00,0.8097116826,stoploss,-1.008199234,29,1.148803823,-5.113589103,0.9,0.9,0.81471,5,0.1785611017,0.6099071207,0.80555,0.002744158695,9,2025
2080,USD_CAD,2025-06-17 20:00:00,2025-06-18 00:00:00,1.366215,1.359961415,2025-07-01 08:00:00,1.359896415,stoploss,-1.010394038,57,3.474007205,-1.697426305,1.3,1.3,1.36519,15,0.6844074034,0.759478673,1.35396,0.003126792594,21,2025
2081,NZD_CAD,2025-06-18 16:00:00,2025-06-18 20:00:00,0.825835,0.8203388674,2025-06-19 08:00:00,0.8202238674,stoploss,-1.020923804,4,1.29636611,-2.751935076,2.3,2.3,0.82475,6,0.3493365517,0.6723484848,0.81559,0.002748066285,0,2025
2082,EUR_NZD,2025-06-19 04:00:00,2025-06-19 08:00:00,1.91288,1.901225568,2025-08-14 08:00:00,1.95781,time_exit,3.855185797,240,4.729531296,-0.02316715258,3.8,3.8,1.91079,5,0.3243401361,0.7833333333,1.90248,0.005827215906,208,2025
2083,GBP_CAD,2025-06-19 20:00:00,2025-06-20 00:00:00,1.84483,1.835598619,2025-07-15 16:00:00,1.835458619,stoploss,-1.015165662,107,4.148891906,-2.468753174,2.8,2.8,1.8435,7,0.2881475841,0.6006097561,1.83067,0.004615690269,26,2025
2084,GBP_USD,2025-06-20 00:00:00,2025-06-20 04:00:00,1.348805,1.340578309,2025-06-23 00:00:00,1.340533309,stoploss,-1.00547,6,3.655783203,-4.280578736,0.9,0.9,1.34771,7,0.2747155457,0.9532908705,1.33826,0.004113345668,2,2025
2085,GBP_CHF,2025-06-20 04:00:00,2025-06-20 08:00:00,1.102165,1.095330404,2025-06-23 00:00:00,1.095235404,stoploss,-1.013899871,5,0.2480029612,-5.363155483,1.9,1.9,1.10113,5,0.2779974197,0.9420289855,1.09292,0.003417297906,2,2025
2086,USD_JPY,2025-06-20 16:00:00,2025-06-20 20:00:00,145.842,144.9564032,2025-06-24 08:00:00,144.9534032,stoploss,-1.003387546,10,5.73624493,-3.570473714,0.6,0.6,145.771,7,0.1535687619,0.7,143.65,0.4427983866,4,2025
2087,EUR_CHF,2025-06-20 20:00:00,2025-06-23 00:00:00,0.93531,0.9305502284,2025-07-09 16:00:00,0.9305002284,stoploss,-1.010504706,77,1.941269636,-1.897149871,1,1,0.94185,9,0.3151411746,0.9637681159,0.93492,0.00237988578,6,2025
2088,GBP_NZD,2025-06-23 00:00:00,2025-06-23 04:00:00,2.25464,2.242362602,2025-07-02 16:00:00,2.242122602,stoploss,-1.019548116,46,2.97131366,-2.056624724,4.8,4.8,2.25252,8,0.3013667912,0.5092592593,2.22274,0.006138698935,3,2025
2089,NZD_CAD,2025-06-24 00:00:00,2025-06-24 04:00:00,0.823345,0.8164999301,2025-07-15 16:00:00,0.8163849301,stoploss,-1.016800413,94,1.404660606,-1.845854058,2.3,2.3,0.82288,10,0.1022633827,0.9427609428,0.81824,0.003422534937,36,2025
2090,AUD_CAD,2025-06-24 04:00:00,2025-06-24 08:00:00,0.891125,0.8846935791,2025-08-19 08:00:00,0.895915,time_exit,0.7447809842,240,1.813751603,-0.7253451547,1.9,1.9,0.89056,10,0.1492671701,0.8775510204,0.87898,0.003215710458,221,2025
2091,NZD_USD,2025-06-24 04:00:00,2025-06-24 08:00:00,0.601545,0.5952217173,2025-07-15 16:00:00,0.5951667173,stoploss,-1.008698014,93,1.662902093,-2.510563074,1.1,1.1,0.60094,11,0.173960276,0.9078014184,0.58828,0.003161641339,31,2025
2092,AUD_USD,2025-06-24 08:00:00,2025-06-24 12:00:00,0.65033,0.6442706289,2025-07-30 20:00:00,0.6442206289,stoploss,-1.008251681,159,2.013410259,-1.394534155,1,1,0.64958,11,0.2310470789,0.5775193798,0.63725,0.003029685566,131,2025
2093,GBP_JPY,2025-06-25 12:00:00,2025-06-25 16:00:00,198.332,197.2573823,2025-06-30 08:00:00,197.2473823,stoploss,-1.009305635,17,1.809946058,-3.082026399,2,2,198.188,13,0.2512521521,0.7685950413,194.02,0.5373088306,8,2025
2094,GBP_USD,2025-06-25 20:00:00,2025-06-26 00:00:00,1.364905,1.356970445,2025-07-02 16:00:00,1.356925445,stoploss,-1.005671396,29,1.761283382,-6.46728134,0.9,0.9,1.36487,7,0.4083404763,0.802259887,1.33701,0.003967277539,21,2025
2095,AUD_NZD,2025-07-02 08:00:00,2025-07-02 12:00:00,1.080395,1.077026363,2025-08-27 12:00:00,1.109915,time_exit,8.763187838,240,9.070433753,-0.2953716768,2.1,2.1,1.07974,4,0.3324786714,0.9497716895,1.07614,0.001684318569,240,2025
2096,AUD_CHF,2025-07-03 12:00:00,2025-07-03 16:00:00,0.52207,0.5180608525,2025-07-07 04:00:00,0.5179908525,stoploss,-1.017460071,10,1.870721874,-1.651223841,1.4,1.4,0.5216,11,0.2045322582,0.8557919622,0.51742,0.00200457377,0,2025
2097,CAD_CHF,2025-07-03 12:00:00,2025-07-03 16:00:00,0.585695,0.5818087609,2025-07-08 00:00:00,0.5817337609,stoploss,-1.019298864,15,1.0768766,-2.080417518,1.5,1.5,0.583,4,1.353493648,0.8471910112,0.57734,0.001943119573,1,2025
2098,CAD_JPY,2025-07-03 12:00:00,2025-07-03 16:00:00,106.497,105.7392824,2025-08-28 16:00:00,106.911,time_exit,0.5463776839,240,3.243952529,-0.7311430843,1.2,1.2,105.948,17,1.433251606,0.8555166375,104.786,0.3788588116,123,2025
2099,USD_CHF,2025-07-03 12:00:00,2025-07-03 16:00:00,0.797495,0.7920447684,2025-07-10 00:00:00,0.7919997684,stoploss,-1.00825653,27,3.602599213,-1.211875111,0.9,0.9,0.79417,5,1.20728815,0.8255131965,0.78718,0.00272511579,18,2025
2100,USD_JPY,2025-07-03 12:00:00,2025-07-03 16:00:00,145.015,143.9288641,2025-08-28 16:00:00,147.098,time_exit,1.917807921,240,5.438546035,-0.7660183344,0.6,0.6,144.248,6,1.406822133,0.8578680203,142.68,0.5430679415,123,2025
2101,GBP_JPY,2025-07-03 16:00:00,2025-07-03 20:00:00,197.996,196.6654614,2025-08-01 16:00:00,196.6554614,stoploss,-1.007515753,126,1.714343301,-2.236688148,2,2,197.55,8,0.6538705271,0.8430555556,195.345,0.6652693186,63,2025
2102,NZD_CHF,2025-07-03 16:00:00,2025-07-03 20:00:00,0.482665,0.4792459809,2025-07-07 04:00:00,0.4791609809,stoploss,-1.024860931,9,0.1009061329,-4.581723395,1.7,1.7,0.48238,4,0.1228422487,0.8675496689,0.47953,0.001709509572,2,2025
2103,GBP_NZD,2025-07-07 00:00:00,2025-07-07 04:00:00,2.2593,2.248506586,2025-07-11 00:00:00,2.248266586,stoploss,-1.022235782,24,5.767406064,-2.771134383,4.8,4.8,2.25531,8,0.6985741642,0.9577114428,2.23704,0.005396706883,14,2025
2104,USD_CAD,2025-07-07 04:00:00,2025-07-07 08:00:00,1.363505,1.358398505,2025-07-23 08:00:00,1.358333505,stoploss,-1.012728888,73,5.676104948,-1.17007856,1.3,1.3,1.36241,10,0.4034078383,0.9740740741,1.3556,0.002553247365,49,2025
2105,GBP_CHF,2025-07-07 12:00:00,2025-07-07 16:00:00,1.086715,1.080812944,2025-07-08 16:00:00,1.080717944,stoploss,-1.016096087,7,1.571486361,-3.592815988,1.9,1.9,1.08551,4,0.3795287816,0.9061876248,1.0756,0.002951027838,0,2025
2106,AUD_CHF,2025-07-10 16:00:00,2025-07-10 20:00:00,0.52439,0.5205278021,2025-07-16 00:00:00,0.5204578021,stoploss,-1.018124395,20,1.341205237,-2.314744173,1.4,1.4,0.5218,8,1.315313244,0.9496644295,0.5165,0.001931098932,2,2025
2107,NZD_CHF,2025-07-10 16:00:00,2025-07-10 20:00:00,0.480345,0.4770499088,2025-07-14 00:00:00,0.4769649088,stoploss,-1.025795948,8,0.6691772288,-4.049963772,1.7,1.7,0.4801,15,0.1031837904,0.9244444444,0.47511,0.001647545602,1,2025
2108,CAD_CHF,2025-07-10 20:00:00,2025-07-11 00:00:00,0.583275,0.5801662147,2025-07-14 00:00:00,0.5800912147,stoploss,-1.024125179,7,2.124624078,-1.822255171,1.5,1.5,0.58318,9,0.1930014303,0.932038835,0.57835,0.001554392626,0,2025
2109,USD_CHF,2025-07-15 16:00:00,2025-07-15 20:00:00,0.801915,0.7974735827,2025-07-16 16:00:00,0.7974285827,stoploss,-1.010131901,6,3.425708263,-2.482315714,0.9,0.9,0.7985,8,1.517533598,0.9431438127,0.79192,0.002220708658,5,2025
2110,CAD_CHF,2025-07-16 12:00:00,2025-07-16 16:00:00,0.585725,0.5825252861,2025-07-16 16:00:00,0.5824502861,stoploss,-1.023439595,1,1.298553589,-3.936289399,1.5,1.5,0.58504,4,0.3750335275,0.7841409692,0.57835,0.001599856962,0,2025
2111,GBP_NZD,2025-07-16 12:00:00,2025-07-16 16:00:00,2.25511,2.243425116,2025-07-23 08:00:00,2.243185116,stoploss,-1.020539357,29,5.68597876,-2.201134463,4.8,4.8,2.25371,5,0.1848542162,0.7521815009,2.24018,0.005842441803,23,2025
2112,EUR_CHF,2025-07-17 00:00:00,2025-07-17 04:00:00,0.93243,0.9288094825,2025-07-30 20:00:00,0.9287594825,stoploss,-1.01381018,59,3.347587714,-1.698652181,1,1,0.93213,16,0.1381018034,0.8636363636,0.92706,0.001810258765,33,2025
2113,EUR_AUD,2025-07-17 04:00:00,2025-07-17 08:00:00,1.79103,1.779918316,2025-07-23 12:00:00,1.779798316,stoploss,-1.010799443,26,2.224685284,-2.306581061,2.4,2.4,1.78485,12,1.090743756,0.6995192308,1.77191,0.005555842028,19,2025
2114,GBP_AUD,2025-07-17 04:00:00,2025-07-17 08:00:00,2.06383,2.052500279,2025-07-23 12:00:00,2.052300279,stoploss,-1.017652686,26,3.233089433,-2.036237325,4,4,2.05694,9,1.182729959,0.6758457907,2.04414,0.005664860308,1,2025
2115,GBP_CHF,2025-07-17 16:00:00,2025-07-17 20:00:00,1.079465,1.073822231,2025-07-18 20:00:00,1.073727231,stoploss,-1.016835705,7,2.928526558,-2.473076437,1.9,1.9,1.07811,7,0.4501335829,0.7903225806,1.06896,0.002821384692,0,2025
2116,NZD_USD,2025-07-18 12:00:00,2025-07-18 16:00:00,0.597975,0.5936084708,2025-07-30 12:00:00,0.5935534708,stoploss,-1.012595816,48,1.828683507,-4.123412215,1.1,1.1,0.597,11,0.4213873077,0.8483146067,0.5904,0.002183264619,21,2025
2117,GBP_USD,2025-07-21 12:00:00,2025-07-21 16:00:00,1.348025,1.341282589,2025-07-28 08:00:00,1.341237589,stoploss,-1.00667417,29,2.080116429,-5.107223474,0.9,0.9,1.34754,5,0.1305171092,0.8925831202,1.33647,0.003371205527,15,2025
2118,NZD_CAD,2025-07-23 08:00:00,2025-07-23 12:00:00,0.819395,0.8151577637,2025-07-30 20:00:00,0.8150427637,stoploss,-1.027140332,33,1.823122281,-3.423221837,2.3,2.3,0.81883,10,0.2124025959,0.6632653061,0.81096,0.002118618175,16,2025
2119,AUD_CHF,2025-07-23 12:00:00,2025-07-23 16:00:00,0.52297,0.5194322617,2025-08-04 00:00:00,0.5193622617,stoploss,-1.019786653,45,2.255678459,-2.125651881,1.4,1.4,0.52158,5,0.7405861608,0.6184210526,0.51916,0.001768869133,5,2025
2120,GBP_CAD,2025-07-23 20:00:00,2025-07-24 00:00:00,1.84463,1.837364635,2025-07-25 12:00:00,1.837224635,stoploss,-1.019269506,10,5.457399323,-3.109272401,2.8,2.8,1.84631,8,0.1348865406,0.5375,1.83451,0.00363268268,0,2025
2121,NZD_CHF,2025-07-24 08:00:00,2025-07-24 12:00:00,0.480825,0.4777110231,2025-07-25 20:00:00,0.4776260231,stoploss,-1.027296285,9,0.5539540116,-5.142941157,1.7,1.7,0.47977,5,0.622997555,0.9464285714,0.47142,0.001556988454,0,2025
2122,USD_CHF,2025-07-24 12:00:00,2025-07-24 16:00:00,0.795455,0.7908506238,2025-09-16 12:00:00,0.7908056238,stoploss,-1.009773311,228,4.707478059,-2.72458188,0.9,0.9,0.79497,5,0.1911225233,0.7692307692,0.79089,0.002302188107,35,2025
2123,USD_CAD,2025-07-24 16:00:00,2025-07-24 20:00:00,1.363765,1.359009169,2025-09-18 20:00:00,1.380175,time_exit,3.450500812,240,6.039953432,-0.1608551567,1.3,1.3,1.36293,6,0.3238129951,0.7361111111,1.35753,0.002377915685,125,2025
2124,EUR_GBP,2025-07-28 00:00:00,2025-07-28 04:00:00,0.87507,0.871939648,2025-07-28 08:00:00,0.871899648,stoploss,-1.012778116,2,0.02555623157,-4.948325338,0.8,0.8,0.87101,8,2.568401273,0.7465753425,0.86422,0.001565175988,0,2025
2125,GBP_AUD,2025-07-28 08:00:00,2025-07-28 12:00:00,2.05775,2.047435623,2025-07-28 20:00:00,2.047235623,stoploss,-1.019390411,3,4.1408222,-2.302611268,4,4,2.05379,7,0.7290794415,0.9260670732,2.0453,0.005157188347,1,2025
2126,CAD_CHF,2025-07-28 16:00:00,2025-07-28 20:00:00,0.585315,0.5820070226,2025-08-04 00:00:00,0.5819320226,stoploss,-1.022672464,26,1.379997327,-4.617625229,1.5,1.5,0.58441,13,0.5139091908,0.9076923077,0.57861,0.001653988711,13,2025
2127,GBP_CHF,2025-07-30 12:00:00,2025-07-30 16:00:00,1.078425,1.072971002,2025-07-31 20:00:00,1.072876002,stoploss,-1.017418414,8,3.220573063,-2.367987538,1.9,1.9,1.0768,6,0.5573892463,0.7843137255,1.06624,0.002726999149,0,2025
2128,GBP_NZD,2025-07-30 20:00:00,2025-07-31 00:00:00,2.2437,2.233220975,2025-09-25 00:00:00,2.30662,time_exit,6.004375514,240,7.42912641,-0.7195326029,4.8,4.8,2.24376,8,0.3130062251,0.5553602812,2.22939,0.005239512407,86,2025
2129,NZD_CHF,2025-07-31 04:00:00,2025-07-31 08:00:00,0.481655,0.4784447992,2025-07-31 20:00:00,0.4783597992,stoploss,-1.026478095,4,0.2787987626,-6.50270857,1.7,1.7,0.48077,9,0.5046413357,0.9943502825,0.47669,0.001605100381,0,2025
2130,EUR_CHF,2025-08-01 08:00:00,2025-08-01 12:00:00,0.93172,0.927857841,2025-09-26 12:00:00,0.93344,time_exit,0.4453467617,240,3.321976136,-0.6783770441,1,1,0.93077,5,0.4660605646,0.8736462094,0.92728,0.001931079496,63,2025
2131,EUR_GBP,2025-08-01 08:00:00,2025-08-01 12:00:00,0.86668,0.8627950821,2025-08-12 08:00:00,0.8627550821,stoploss,-1.010296228,42,2.172504086,-1.827580452,0.8,0.8,0.86594,4,0.3603679764,0.9180327869,0.86064,0.001942458947,23,2025
2132,EUR_AUD,2025-08-01 12:00:00,2025-08-01 16:00:00,1.78153,1.771042879,2025-09-10 08:00:00,1.770922879,stoploss,-1.011442607,167,3.263050022,-2.134999707,2.4,2.4,1.77995,5,0.278436764,0.8274470232,1.76733,0.005243560438,82,2025
2133,EUR_USD,2025-08-01 20:00:00,2025-08-04 00:00:00,1.159215,1.149592581,2025-09-29 00:00:00,1.170005,time_exit,1.121339663,240,3.393637322,-0.6697900027,0.7,0.7,1.15725,16,0.475971794,0.9765142151,1.14014,0.004811209464,197,2025
2134,AUD_USD,2025-08-04 04:00:00,2025-08-04 08:00:00,0.64824,0.6432334298,2025-08-20 04:00:00,0.6431834298,stoploss,-1.009986877,72,4.492097181,-1.396165375,1,1,0.64765,11,0.2197112894,0.7621621622,0.64188,0.002503285113,47,2025
2135,GBP_AUD,2025-08-05 08:00:00,2025-08-05 12:00:00,2.05799,2.048450435,2025-08-06 08:00:00,2.048250435,stoploss,-1.020965316,6,4.451984897,-2.786290524,4,4,2.05504,9,0.5786427274,0.9909297052,2.04474,0.004769782578,0,2025
2136,AUD_CHF,2025-08-06 08:00:00,2025-08-06 12:00:00,0.52507,0.5212085011,2025-08-19 16:00:00,0.5211385011,stoploss,-1.018127676,56,1.522724759,-2.491260574,1.4,1.4,0.52384,5,0.59562363,0.9234972678,0.51754,0.001930749457,19,2025
2137,EUR_JPY,2025-08-06 12:00:00,2025-08-06 16:00:00,171.378,170.4550641,2025-10-01 16:00:00,172.468,time_exit,1.18101373,240,3.98077472,-0.4561530096,1,1,171.164,13,0.4550695107,0.7827160494,169.718,0.4614679627,222,2025
2138,NZD_USD,2025-08-06 12:00:00,2025-08-06 16:00:00,0.593335,0.5892573162,2025-08-19 20:00:00,0.5892023162,stoploss,-1.013488049,56,1.815981887,-4.395877829,1.1,1.1,0.59304,11,0.1177138833,0.8315217391,0.58567,0.002038841921,29,2025
2139,GBP_JPY,2025-08-06 16:00:00,2025-08-06 20:00:00,196.662,195.5705689,2025-10-01 20:00:00,198.274,time_exit,1.476959975,240,4.218314966,-0.3903132441,2,2,196.524,13,0.2345544378,0.6639892905,195.02,0.5457155329,183,2025
2140,GBP_USD,2025-08-06 16:00:00,2025-08-06 20:00:00,1.334735,1.327001298,2025-10-01 20:00:00,1.347395,time_exit,1.636991014,240,4.901275228,-0.321320906,0.9,0.9,1.33162,6,0.7913416276,0.6826347305,1.31359,0.003866850793,180,2025
2141,EUR_CAD,2025-08-07 04:00:00,2025-08-07 08:00:00,1.60237,1.595220709,2025-10-02 08:00:00,1.63603,time_exit,4.708158851,240,5.064837552,-0.7707057418,1.8,1.8,1.59631,9,1.672893044,0.665,1.58938,0.003574645744,234,2025
2142,NZD_CAD,2025-08-07 04:00:00,2025-08-07 08:00:00,0.816875,0.8127358824,2025-08-20 04:00:00,0.8126208824,stoploss,-1.0277837,54,2.475165262,-3.721807795,2.3,2.3,0.81618,4,0.2802529725,0.9008264463,0.81071,0.00206955878,25,2025
2143,NZD_CHF,2025-08-07 04:00:00,2025-08-07 08:00:00,0.478965,0.4758534773,2025-08-18 00:00:00,0.4757684773,stoploss,-1.027317814,41,1.152168989,-6.725003097,1.7,1.7,0.47854,16,0.224970235,0.8962264151,0.47339,0.001555761365,16,2025
2144,CAD_CHF,2025-08-07 12:00:00,2025-08-07 16:00:00,0.588365,0.5847904171,2025-08-08 00:00:00,0.5847154171,stoploss,-1.020981469,3,0.423825678,-5.188017953,1.5,1.5,0.58766,7,0.3468936242,0.7668393782,0.5811,0.001787291425,0,2025
2145,GBP_CAD,2025-08-07 12:00:00,2025-08-07 16:00:00,1.84353,1.83486372,2025-10-02 16:00:00,1.87753,time_exit,3.923252177,240,4.702133124,-0.3577082868,2.8,2.8,1.83702,4,1.470065669,0.7678410117,1.82204,0.00433313976,175,2025
2146,GBP_CHF,2025-08-07 12:00:00,2025-08-07 16:00:00,1.084525,1.077938067,2025-09-01 00:00:00,1.077843067,stoploss,-1.014422493,99,1.740567141,-3.043145952,1.9,1.9,1.0779,12,1.982713202,0.797579758,1.06551,0.003293466747,28,2025
2147,AUD_JPY,2025-08-12 00:00:00,2025-08-12 04:00:00,96.725,96.16702539,2025-08-12 12:00:00,96.16302539,stoploss,-1.007168785,3,5.294147674,-4.174025028,0.8,0.8,96.521,8,0.7204628859,0.9327731092,95.642,0.2789873065,0,2025
2148,CHF_JPY,2025-08-12 08:00:00,2025-08-12 12:00:00,183.25,182.2519781,2025-08-14 00:00:00,182.2409781,stoploss,-1.011021802,10,6.165195313,-1.787535907,2.2,2.2,182.995,6,0.4909711853,0.7946428571,181.584,0.4990109549,5,2025
2149,GBP_AUD,2025-08-12 08:00:00,2025-08-12 12:00:00,2.0745,2.0643637,2025-08-13 08:00:00,2.0641637,stoploss,-1.019731065,6,2.561092266,-4.4769787,4,4,2.06583,6,1.681086757,0.9613259669,2.0453,0.00506815009,0,2025
2150,EUR_NZD,2025-08-14 12:00:00,2025-08-14 16:00:00,1.9668,1.957782431,2025-10-09 16:00:00,2.00866,time_exit,4.642049387,240,7.13606971,-0.5456016002,3.8,3.8,1.96476,11,0.4058743611,0.9866220736,1.95132,0.00450878443,192,2025
2151,GBP_AUD,2025-08-15 16:00:00,2025-08-15 20:00:00,2.08217,2.072944324,2025-08-25 20:00:00,2.072744324,stoploss,-1.021678629,37,1.982510649,-6.278131044,4,4,2.07583,19,1.32456425,0.8468208092,2.05884,0.004612837769,15,2025
2152,AUD_JPY,2025-08-18 12:00:00,2025-08-18 16:00:00,96.132,95.58075734,2025-08-19 16:00:00,95.57675734,stoploss,-1.007256332,7,8.731182014,-3.149248281,0.8,0.8,96.075,9,0.2104336409,0.8866995074,95.46,0.2756213301,0,2025
2153,NZD_JPY,2025-08-18 12:00:00,2025-08-18 16:00:00,87.631,87.13741404,2025-08-19 16:00:00,87.13141404,stoploss,-1.012155937,7,1.902404209,-5.085233829,1.2,1.2,87.518,9,0.4335617687,0.8,86.961,0.2467929779,0,2025
2154,CHF_JPY,2025-08-18 20:00:00,2025-08-19 00:00:00,182.91,182.0121646,2025-10-14 00:00:00,189.134,time_exit,6.932228703,240,9.196563689,-0.9311284055,2.2,2.2,183.079,12,0.1091514159,0.5974440895,181.466,0.4489176762,219,2025
2155,EUR_GBP,2025-08-19 12:00:00,2025-08-19 16:00:00,0.86423,0.8616106767,2025-08-20 08:00:00,0.8615706767,stoploss,-1.01527112,5,4.157562395,-1.305680752,0.8,0.8,0.86392,9,0.2061601188,0.6796875,0.85958,0.001309661644,0,2025
2156,NZD_CAD,2025-08-22 16:00:00,2025-08-22 20:00:00,0.811535,0.8074320206,2025-08-27 00:00:00,0.8073170206,stoploss,-1.028028412,14,3.798459207,-2.950295072,2.3,2.3,0.8097,6,0.8384151217,0.6911111111,0.80578,0.002051489716,3,2025
2157,NZD_CHF,2025-08-25 16:00:00,2025-08-25 20:00:00,0.471545,0.46856713,2025-08-27 00:00:00,0.46848213,stoploss,-1.028543892,8,1.435589852,-7.174591153,1.7,1.7,0.47126,9,0.1343241966,0.7557251908,0.467,0.001488935017,0,2025
2158,AUD_USD,2025-08-27 16:00:00,2025-08-27 20:00:00,0.65093,0.646957803,2025-10-14 08:00:00,0.646907803,stoploss,-1.012587492,202,4.984646999,-1.742108951,1,1,0.65053,14,0.1711898969,0.9612590799,0.64125,0.001986098514,90,2025
2159,AUD_CHF,2025-08-28 12:00:00,2025-08-28 16:00:00,0.52367,0.520650483,2025-09-08 00:00:00,0.520580483,stoploss,-1.023182516,39,2.410981615,-5.272366389,1.4,1.4,0.52306,8,0.3510495209,0.9315789474,0.51845,0.001509758505,24,2025
2160,AUD_JPY,2025-08-28 12:00:00,2025-08-28 16:00:00,96.035,95.49908493,2025-10-23 16:00:00,99.212,time_exit,5.928178088,240,9.161899406,-0.5467284167,0.8,0.8,96,8,0.1156899721,0.8864628821,95.137,0.2679575371,179,2025
2161,NZD_USD,2025-08-28 12:00:00,2025-08-28 16:00:00,0.587385,0.5835617112,2025-09-04 16:00:00,0.5835067112,stoploss,-1.014385521,31,3.493066005,-5.012700112,1.1,1.1,0.58682,11,0.2667860221,0.6730769231,0.57997,0.00191164438,10,2025
2162,CAD_CHF,2025-08-28 20:00:00,2025-08-29 00:00:00,0.581255,0.5783802092,2025-09-05 16:00:00,0.5783052092,stoploss,-1.026088855,35,1.264439844,-7.348360857,1.5,1.5,0.58292,9,0.1739257008,0.8680555556,0.57761,0.001437395387,15,2025
2163,NZD_JPY,2025-08-29 04:00:00,2025-08-29 08:00:00,86.562,86.07952945,2025-09-29 04:00:00,86.07452945,stoploss,-1.010363327,126,4.161912025,-2.986710771,1.2,1,86.46,7,0.3979517474,0.6914893617,85.985,0.241235277,61,2025
2164,EUR_GBP,2025-08-29 08:00:00,2025-08-29 12:00:00,0.8663,0.863388705,2025-09-11 00:00:00,0.863348705,stoploss,-1.01373959,52,3.029579588,-1.126646377,0.8,0.8,0.86495,16,0.8999431428,0.7949526814,0.86096,0.001455647516,13,2025
2165,AUD_CAD,2025-09-01 08:00:00,2025-09-01 12:00:00,0.900885,0.8975272364,2025-09-02 08:00:00,0.8974322364,stoploss,-1.028292641,6,6.955522477,-1.675222176,1.9,1.9,0.8996,4,0.7088051164,0.9482758621,0.89517,0.001678881786,1,2025
2166,GBP_CHF,2025-09-01 16:00:00,2025-09-01 20:00:00,1.085035,1.079672891,2025-09-02 08:00:00,1.079577891,stoploss,-1.01771691,4,0,-5.168675427,1.9,1.9,1.08424,9,0.2648211837,0.6793103448,1.07637,0.002681054401,0,2025
2167,CAD_JPY,2025-09-02 04:00:00,2025-09-02 08:00:00,107.388,106.8708257,2025-09-05 12:00:00,106.8648257,stoploss,-1.011601505,20,4.576793774,-4.238416541,1.2,1.2,107.242,6,0.5414035728,0.7653061224,106.33,0.2585871373,6,2025
2168,USD_JPY,2025-09-02 04:00:00,2025-09-02 08:00:00,147.73,146.9537069,2025-09-05 16:00:00,146.9507069,stoploss,-1.00386452,21,7.145497163,-2.900966218,0.6,0.6,147.412,10,0.8089728174,0.7946428571,146.658,0.38814654,6,2025
2169,GBP_AUD,2025-09-04 04:00:00,2025-09-04 08:00:00,2.05679,2.048510276,2025-09-10 04:00:00,2.048310276,stoploss,-1.024155395,24,3.405910642,-7.188645441,4,4,2.05586,5,0.1690877624,0.9617346939,2.04845,0.004139861987,2,2025
2170,AUD_NZD,2025-09-04 16:00:00,2025-09-04 20:00:00,1.115585,1.112382732,2025-09-05 12:00:00,1.112277732,stoploss,-1.032789258,5,9.026414368,-2.340528479,2.1,2.1,1.11515,6,0.1998583358,0.9435483871,1.10713,0.001601134117,0,2025
2171,GBP_CHF,2025-09-05 00:00:00,2025-09-05 04:00:00,1.082715,1.077275306,2025-09-05 16:00:00,1.077180306,stoploss,-1.017464217,4,0.1314412143,-6.006771578,1.9,1.9,1.08128,8,0.4889980841,0.9625668449,1.07412,0.002719847057,1,2025
2172,AUD_CAD,2025-09-05 12:00:00,2025-09-05 16:00:00,0.907215,0.9027507532,2025-10-31 16:00:00,0.916805,time_exit,2.148178723,240,3.813633239,-0.3707232312,1.9,1.9,0.90368,10,1.545613471,0.9440559441,0.89526,0.002232123402,126,2025
2173,NZD_CAD,2025-09-05 12:00:00,2025-09-05 16:00:00,0.814705,0.810261676,2025-09-19 04:00:00,0.810146676,stoploss,-1.025881525,58,2.79407939,-3.437741658,2.3,2.3,0.81236,8,1.008254182,0.9393414211,0.80552,0.002221661998,25,2025
2174,NZD_USD,2025-09-05 12:00:00,2025-09-05 16:00:00,0.590195,0.5863622326,2025-09-19 08:00:00,0.5863072326,stoploss,-1.014349945,59,2.751275734,-5.733455121,1.1,1.1,0.58901,8,0.5896522673,0.789893617,0.58325,0.001916383711,49,2025
2175,AUD_CHF,2025-09-09 16:00:00,2025-09-09 20:00:00,0.52526,0.5221182295,2025-09-19 00:00:00,0.5220482295,stoploss,-1.02228043,44,1.811080702,-5.573290527,1.4,1.4,0.52454,7,0.407413585,0.9398496241,0.52059,0.001570885271,14,2025
2176,NZD_CHF,2025-09-10 00:00:00,2025-09-10 04:00:00,0.472935,0.4701373208,2025-09-17 00:00:00,0.4700523208,stoploss,-1.030382325,30,1.031211868,-8.133527232,1.7,1.7,0.47237,9,0.3431415576,0.9584569733,0.46675,0.001398839602,11,2025
2177,AUD_NZD,2025-09-10 12:00:00,2025-09-10 16:00:00,1.112375,1.109318185,2025-11-05 16:00:00,1.149035,time_exit,11.99287624,240,12.73057226,-0.3255022329,2.1,2.1,1.11154,7,0.4776213669,0.8571428571,1.10809,0.001528407334,235,2025
2178,CAD_CHF,2025-09-10 20:00:00,2025-09-11 00:00:00,0.575185,0.5720852347,2025-09-16 20:00:00,0.5720102347,stoploss,-1.02419538,24,0.9532979752,-4.856819295,1.5,1.5,0.5763,6,0.1032336217,0.5882352941,0.57313,0.001549882658,18,2025
2179,USD_JPY,2025-09-11 08:00:00,2025-09-11 12:00:00,147.856,147.0341293,2025-09-11 16:00:00,147.0311293,stoploss,-1.003650209,2,8.069395717,-2.893399128,0.6,0.6,147.65,5,0.4818276092,0.9592760181,146.308,0.4109353558,0,2025
2180,CAD_JPY,2025-09-12 08:00:00,2025-09-12 12:00:00,106.815,106.2662843,2025-09-17 16:00:00,106.2602843,stoploss,-1.010934625,20,6.518858756,-2.95052623,1.2,1.2,106.737,5,0.2624309927,0.9494949495,106.007,0.2743578388,10,2025
2181,GBP_CHF,2025-09-15 12:00:00,2025-09-15 16:00:00,1.082105,1.07823087,2025-09-16 00:00:00,1.07813587,stoploss,-1.024521637,3,0.05033388593,-8.276697704,1.9,1.9,1.0808,5,0.6298188804,0.608040201,1.07297,0.001937064826,0,2025
2182,EUR_AUD,2025-09-16 04:00:00,2025-09-16 08:00:00,1.76796,1.761077625,2025-10-09 12:00:00,1.760957625,stoploss,-1.017435841,104,7.019379159,-1.689823631,2.4,2.4,1.76639,9,0.4213661677,0.9731404959,1.75914,0.003441187526,29,2025
2183,EUR_GBP,2025-09-16 08:00:00,2025-09-16 12:00:00,0.86557,0.863292054,2025-11-11 12:00:00,0.88079,time_exit,6.681457649,240,7.642850044,-0.6277585045,0.8,0.8,0.86539,4,0.1141379099,0.890625,0.86302,0.001138973021,213,2025
2184,GBP_AUD,2025-09-16 12:00:00,2025-09-16 16:00:00,2.04574,2.037828559,2025-09-24 08:00:00,2.037628559,stoploss,-1.025279845,35,4.961169519,-6.126570359,4,4,2.04491,6,0.1668469749,0.8020477816,2.034,0.003955720506,10,2025
2185,CAD_JPY,2025-09-18 12:00:00,2025-09-18 16:00:00,107.217,106.6464685,2025-09-23 20:00:00,106.6404685,stoploss,-1.01051651,20,6.003174282,-3.542311014,1.2,1.2,107.11,14,0.3540558262,0.941011236,105.972,0.2852657477,9,2025
2186,USD_JPY,2025-09-18 12:00:00,2025-09-18 16:00:00,147.792,146.9069472,2025-10-01 08:00:00,146.9039472,stoploss,-1.003389628,53,8.199511182,-1.367150135,0.6,0.6,147.54,14,0.5626783201,0.9798136646,145.478,0.4425263798,32,2025
2187,CAD_CHF,2025-09-19 08:00:00,2025-09-19 12:00:00,0.575985,0.5728905524,2025-09-22 20:00:00,0.5728155524,stoploss,-1.024236959,9,0.6964086167,-5.123693094,1.5,1.5,0.57509,4,0.5299814995,0.9213483146,0.57004,0.00154722382,3,2025
2188,USD_CHF,2025-09-19 08:00:00,2025-09-19 12:00:00,0.795275,0.7905677583,2025-09-24 00:00:00,0.7905227583,stoploss,-1.009559739,16,3.652882325,-1.700571272,0.9,0.9,0.79379,4,0.6075744955,0.875862069,0.78291,0.002353620849,4,2025
2189,USD_CAD,2025-09-19 12:00:00,2025-09-19 16:00:00,1.381915,1.377668502,2025-09-19 16:00:00,1.377603502,stoploss,-1.01530673,1,7.56976665,-1.190392609,1.3,1.3,1.38098,5,0.4097493847,0.6600985222,1.37268,0.00212324907,0,2025
2190,CAD_JPY,2025-09-24 12:00:00,2025-09-24 16:00:00,107.144,106.604147,2025-09-29 16:00:00,106.598147,stoploss,-1.011114137,19,8.663469993,-3.608389897,1.2,1.2,107.002,6,0.5075456015,0.9222972973,105.972,0.2699264846,6,2025
2191,USD_CHF,2025-09-24 16:00:00,2025-09-24 20:00:00,0.795685,0.7918180069,2025-10-17 00:00:00,0.7917730069,stoploss,-1.011636949,98,4.340581807,-2.176109378,0.9,0.9,0.79336,8,1.179210786,0.9382022472,0.78291,0.001933496562,66,2025
2192,CAD_CHF,2025-09-25 12:00:00,2025-09-25 16:00:00,0.574705,0.5718001761,2025-09-26 20:00:00,0.5717251761,stoploss,-1.025819121,8,0.5594142932,-5.017515891,1.5,1.5,0.57317,6,1.018994651,0.853046595,0.56994,0.001452411942,0,2025
2193,USD_CAD,2025-09-25 16:00:00,2025-09-25 20:00:00,1.393625,1.389448729,2025-10-29 16:00:00,1.389383729,stoploss,-1.015564124,144,4.893121231,-1.162520361,1.3,1.3,1.39072,5,1.355276054,0.9516616314,1.37686,0.00208813547,76,2025
2194,GBP_AUD,2025-09-26 08:00:00,2025-09-26 12:00:00,2.04621,2.036990115,2025-09-30 04:00:00,2.036790115,stoploss,-1.021692244,11,4.206126188,-5.468614812,4,4,2.04329,4,0.5900290475,0.9120689655,2.03587,0.00460994253,4,2025
2195,GBP_NZD,2025-09-26 12:00:00,2025-09-26 16:00:00,2.31986,2.309231901,2025-10-02 08:00:00,2.308991901,stoploss,-1.022581648,23,3.045699758,-3.70244935,4.8,4.8,2.31784,5,0.3255520903,0.9144981413,2.29307,0.005314049738,6,2025
2196,EUR_CHF,2025-09-29 12:00:00,2025-09-29 16:00:00,0.93555,0.9326044105,2025-10-06 00:00:00,0.9325544105,stoploss,-1.016974531,27,0.5839238544,-6.005588944,1,1,0.9351,11,0.2783823027,0.8535714286,0.93118,0.001472794772,12,2025
2197,GBP_CHF,2025-09-29 20:00:00,2025-09-30 00:00:00,1.068875,1.06474626,2025-10-15 00:00:00,1.06465126,stoploss,-1.023009439,67,2.188318744,-7.899503689,1.9,1.9,1.07046,7,0.3293982835,0.6589147287,1.06448,0.002064370199,10,2025
2198,AUD_CHF,2025-09-30 04:00:00,2025-09-30 08:00:00,0.52653,0.5234074836,2025-10-06 00:00:00,0.5233374836,stoploss,-1.022417816,23,1.248992631,-6.0143799,1.4,1.4,0.52559,17,0.5700530469,0.8043478261,0.52022,0.001561258211,7,2025
2199,NZD_USD,2025-09-30 08:00:00,2025-09-30 12:00:00,0.580115,0.5769135501,2025-10-08 04:00:00,0.5768585501,stoploss,-1.017179716,35,1.372815495,-7.251401982,1.1,1.1,0.57961,6,0.2811226269,0.7130434783,0.57541,0.00160072494,26,2025
2200,NZD_CAD,2025-10-01 08:00:00,2025-10-01 12:00:00,0.809455,0.805587034,2025-10-08 04:00:00,0.805472034,stoploss,-1.029731389,29,1.568007579,-6.247469604,2.3,2.3,0.80822,4,0.5791157423,0.8119122257,0.80147,0.001933982999,19,2025
2201,NZD_CHF,2025-10-01 12:00:00,2025-10-01 16:00:00,0.464515,0.4617491016,2025-10-02 00:00:00,0.4616641016,stoploss,-1.030731426,3,0.4573559231,-6.581948285,1.7,1.7,0.46272,5,1.23648795,0.9162790698,0.45804,0.001382949182,0,2025
2202,EUR_JPY,2025-10-03 04:00:00,2025-10-03 08:00:00,173.105,172.2906692,2025-11-28 08:00:00,181.188,time_exit,9.925941035,240,10.93413077,-0.4740088135,1,1,172.979,5,0.29717651,0.8102310231,172.298,0.407165425,206,2025
2203,GBP_JPY,2025-10-03 16:00:00,2025-10-03 20:00:00,198.802,197.8383904,2025-11-28 20:00:00,206.753,time_exit,8.251266848,240,8.713072123,-0.2023641096,2,2,198.613,8,0.3735952792,0.9523269012,197.475,0.4818048032,235,2025
2204,NZD_JPY,2025-10-03 16:00:00,2025-10-03 20:00:00,86.044,85.59265358,2025-10-17 08:00:00,85.58665358,stoploss,-1.013293559,58,8.002722231,-1.550915161,1,1.2,85.983,8,0.2481464258,0.9532967033,85.121,0.2256732082,20,2025
2205,GBP_AUD,2025-10-03 20:00:00,2025-10-06 00:00:00,2.03963,2.031777262,2025-10-09 04:00:00,2.031577262,stoploss,-1.025468823,20,5.776329125,-5.582766068,4,4,2.04112,8,0.1273441165,0.7752161383,2.02912,0.003926369067,14,2025
2206,CAD_JPY,2025-10-06 00:00:00,2025-10-06 04:00:00,107.274,106.5366451,2025-10-17 08:00:00,106.5306451,stoploss,-1.008137194,56,6.805406786,-1.409090803,1.2,1.2,105.838,4,3.878729257,0.8838709677,105.196,0.368677447,19,2025
2207,USD_JPY,2025-10-06 00:00:00,2025-10-06 04:00:00,149.708,148.6017803,2025-12-01 04:00:00,155.637,time_exit,5.359694746,240,7.415344241,-0.3037371285,0.6,0.6,147.82,4,3.4080029,0.8124267292,146.582,0.553109858,200,2025
2208,GBP_NZD,2025-10-07 00:00:00,2025-10-07 04:00:00,2.31281,2.303421242,2025-10-28 12:00:00,2.303181242,stoploss,-1.025562485,93,4.513908844,-3.440284466,4.8,4.8,2.31178,7,0.1618957396,0.9512195122,2.30346,0.004694379247,49,2025
2209,CAD_CHF,2025-10-08 04:00:00,2025-10-08 08:00:00,0.573625,0.5708030699,2025-10-13 00:00:00,0.5707280699,stoploss,-1.026577555,17,1.142834846,-4.782187983,1.5,1.5,0.57281,11,0.5244637432,0.8976377953,0.56845,0.001410965028,14,2025
2210,AUD_CHF,2025-10-08 20:00:00,2025-10-09 00:00:00,0.52637,0.523585087,2025-10-10 16:00:00,0.523515087,stoploss,-1.025135435,11,1.457855247,-6.686025787,1.4,1.4,0.5279,15,0.2010834823,0.8028169014,0.52256,0.00139245649,4,2025
2211,EUR_CHF,2025-10-08 20:00:00,2025-10-09 00:00:00,0.93188,0.9291190785,2025-10-10 20:00:00,0.9290690785,stoploss,-1.018109896,12,1.151789366,-5.078014754,1,1,0.93155,8,0.7243958279,0.9590643275,0.92932,0.001380460739,8,2025
2212,EUR_AUD,2025-10-10 16:00:00,2025-10-10 20:00:00,1.78998,1.778437076,2025-10-13 08:00:00,1.778317076,stoploss,-1.010395979,4,2.277585799,-3.257406848,2.4,2.4,1.76752,8,3.870769627,0.8895244905,1.75715,0.005771462048,0,2025
2213,EUR_CAD,2025-10-10 16:00:00,2025-10-10 20:00:00,1.62591,1.6180229,2025-10-29 20:00:00,1.6179329,stoploss,-1.011411038,79,2.639753392,-2.175704525,1.8,1.8,1.62353,9,0.5806950305,0.7462686567,1.61788,0.003943550194,27,2025
2214,GBP_AUD,2025-10-10 16:00:00,2025-10-10 20:00:00,2.05816,2.044818853,2025-10-13 04:00:00,2.044618853,stoploss,-1.014991215,3,2.011071534,-4.675010495,4,4,2.04453,14,2.013320216,0.9587992937,2.02475,0.006670573261,0,2025
2215,GBP_CAD,2025-10-14 00:00:00,2025-10-14 04:00:00,1.87207,1.863503894,2025-10-23 16:00:00,1.863363894,stoploss,-1.016343482,46,2.268241879,-4.655557701,2.8,2.8,1.8709,8,0.2381478864,0.9098837209,1.85596,0.004283052919,19,2025
2216,CHF_JPY,2025-10-15 16:00:00,2025-10-15 20:00:00,189.768,188.7735657,2025-12-10 20:00:00,194.83,time_exit,5.090331182,240,5.998385125,-0.6636939116,2.2,2.2,189.632,9,0.2493880153,0.8285714286,188.777,0.4972171573,155,2025
2217,EUR_USD,2025-10-15 16:00:00,2025-10-15 20:00:00,1.164025,1.158194058,2025-10-22 12:00:00,1.158159058,stoploss,-1.00600246,29,1.513477484,-2.945493007,0.7,0.7,1.163,14,0.3464277074,0.8065395095,1.15423,0.002915471189,9,2025
2218,GBP_USD,2025-10-15 16:00:00,2025-10-15 20:00:00,1.339085,1.331371684,2025-10-22 08:00:00,1.331326684,stoploss,-1.005834067,28,1.046890918,-4.994609611,0.9,0.9,1.33527,9,0.977530343,0.813655761,1.32479,0.003856657777,9,2025
2219,EUR_AUD,2025-10-16 00:00:00,2025-10-16 04:00:00,1.79743,1.785062609,2025-10-22 04:00:00,1.784942609,stoploss,-1.009702936,25,1.523360893,-3.996800898,2.4,2.4,1.79466,8,0.4285463233,0.82813749,1.75715,0.006183695568,7,2025
2220,EUR_NZD,2025-10-16 00:00:00,2025-10-16 04:00:00,2.0357,2.024019315,2025-10-21 00:00:00,2.023829315,stoploss,-1.016266169,18,2.762680462,-2.435644845,3.8,3.8,2.03425,6,0.2123163169,0.6330275229,2.00518,0.005840342457,7,2025
2221,GBP_AUD,2025-10-16 00:00:00,2025-10-16 04:00:00,2.06851,2.053344973,2025-10-22 08:00:00,2.053144973,stoploss,-1.013188239,26,1.086710862,-4.795243559,4,4,2.0653,10,0.39960363,0.8070939639,2.02425,0.007582513703,7,2025
2222,NZD_CAD,2025-10-16 04:00:00,2025-10-16 08:00:00,0.806055,0.8017715709,2025-10-20 00:00:00,0.8016565709,stoploss,-1.026847649,11,0.6431762845,-4.84775156,2.3,2.3,0.80437,5,0.7330575438,0.6373239437,0.79943,0.00214171454,1,2025
2223,NZD_USD,2025-10-16 04:00:00,2025-10-16 08:00:00,0.574455,0.5706188608,2025-11-03 16:00:00,0.5705638608,stoploss,-1.014337332,75,2.091947037,-4.576215605,1.1,1.1,0.5732,5,0.6204154452,0.5789473684,0.56822,0.001918069592,56,2025
2224,GBP_CHF,2025-10-16 08:00:00,2025-10-16 12:00:00,1.070475,1.065162512,2025-10-16 20:00:00,1.065067512,stoploss,-1.017882393,3,1.055061198,-6.440485085,1.9,1.9,1.0701,5,0.105412002,0.9071618037,1.06433,0.002656244021,1,2025
2225,CAD_CHF,2025-10-21 12:00:00,2025-10-21 16:00:00,0.567185,0.5635866103,2025-11-14 00:00:00,0.5635116103,stoploss,-1.020842657,105,4.867455062,-1.488165678,1.5,1.5,0.56676,9,0.1889734195,0.7869822485,0.56013,0.001799194834,56,2025
2226,CAD_JPY,2025-10-21 12:00:00,2025-10-21 16:00:00,108.384,107.5756064,2025-12-16 16:00:00,112.485,time_exit,5.073023866,240,6.281593561,-0.6271697392,1.2,1.2,107.93,8,1.108370979,0.7547683924,106.235,0.4041967974,210,2025
2227,NZD_CHF,2025-10-21 12:00:00,2025-10-21 16:00:00,0.455805,0.4524815134,2025-11-07 12:00:00,0.4523965134,stoploss,-1.025575551,78,3.494823767,-2.856939446,1.7,1.7,0.45556,5,0.1023022024,1,0.45018,0.001661743306,36,2025
2228,NZD_JPY,2025-10-21 12:00:00,2025-10-21 16:00:00,87.098,86.37622523,2025-11-05 00:00:00,86.37122523,stoploss,-1.006927369,63,5.25233098,-1.690277973,1.2,1,86.784,8,0.8534518289,0.9739130435,85.344,0.3608873865,40,2025
2229,USD_CHF,2025-10-21 12:00:00,2025-10-21 16:00:00,0.795555,0.7911124501,2025-11-13 16:00:00,0.7910674501,stoploss,-1.010129318,103,3.807498062,-1.743368164,0.9,0.9,0.79437,7,0.5087168561,0.7866108787,0.78727,0.002221274932,66,2025
2230,AUD_CHF,2025-10-22 04:00:00,2025-10-22 08:00:00,0.51732,0.5128758918,2025-12-17 08:00:00,0.527,time_exit,2.178164772,240,4.401332949,-0.8550646833,1.4,1.4,0.51685,12,0.1575119153,0.7239263804,0.50775,0.002222054117,206,2025
2231,EUR_USD,2025-10-24 12:00:00,2025-10-24 16:00:00,1.163475,1.159036851,2025-10-29 20:00:00,1.159001851,stoploss,-1.00788617,20,3.820286041,-3.745930724,0.7,0.7,1.16226,11,0.5272467907,0.6711711712,1.15768,0.002219074674,13,2025
2232,NZD_CAD,2025-10-24 12:00:00,2025-10-24 16:00:00,0.807315,0.8034608027,2025-10-29 20:00:00,0.8033458027,stoploss,-1.0298376,20,0.3878888045,-5.714549109,2.3,2.3,0.80618,13,0.5241039365,0.7342465753,0.80086,0.001927098672,10,2025
2233,AUD_JPY,2025-10-27 04:00:00,2025-10-27 08:00:00,100.028,99.30023778,2025-11-05 00:00:00,99.29623778,stoploss,-1.005496301,41,6.305630989,-1.661256889,0.8,0.8,99.548,9,1.308119569,0.9791666667,97.912,0.3638811095,18,2025
2234,EUR_CHF,2025-10-27 04:00:00,2025-10-27 08:00:00,0.92566,0.9229154755,2025-11-13 16:00:00,0.9228654755,stoploss,-1.018218092,81,5.057342311,-2.842022336,1,1,0.92538,10,0.153031972,0.6268656716,0.92054,0.001372262262,55,2025
2235,AUD_USD,2025-10-27 08:00:00,2025-10-27 12:00:00,0.65533,0.6513334084,2025-11-04 04:00:00,0.6512834084,stoploss,-1.01251066,35,3.325333489,-3.305316433,1,1,0.65182,9,1.731475376,0.9098360656,0.64725,0.001998295817,11,2025
2236,GBP_CHF,2025-10-27 08:00:00,2025-10-27 12:00:00,1.062355,1.057682075,2025-10-28 08:00:00,1.057587075,stoploss,-1.020329877,6,2.937132217,-5.58429619,1.9,1.9,1.06117,6,0.4579572273,0.8922413793,1.05732,0.002336462744,0,2025
2237,USD_CAD,2025-10-30 12:00:00,2025-10-30 16:00:00,1.400205,1.394783009,2025-11-28 16:00:00,1.394718009,stoploss,-1.011988217,127,2.555334465,-6.636861113,1.3,1.3,1.3955,4,1.711548454,1,1.38877,0.002710995408,24,2025
2238,EUR_NZD,2025-10-31 04:00:00,2025-10-31 08:00:00,2.01844,2.008843403,2025-12-09 16:00:00,2.008653403,stoploss,-1.019798685,165,5.16120455,-1.166038339,3.8,3.8,2.01578,8,0.5189339523,0.6413793103,2.00734,0.00479829849,104,2025
2239,GBP_CHF,2025-10-31 20:00:00,2025-11-03 00:00:00,1.053855,1.049277624,2025-11-12 08:00:00,1.049182624,stoploss,-1.020754249,45,4.855401941,-3.843905383,1.9,1.9,1.05574,6,0.9000790099,0.8082191781,1.05004,0.002288687968,6,2025
2240,GBP_CAD,2025-11-03 12:00:00,2025-11-03 16:00:00,1.84583,1.838400122,2025-11-04 08:00:00,1.838260122,stoploss,-1.018842839,5,2.814312631,-1.806220732,2.8,2.8,1.84322,12,0.6648830415,0.9947229551,1.83219,0.003714939088,0,2025
2241,GBP_NZD,2025-11-03 16:00:00,2025-11-03 20:00:00,2.30305,2.292113945,2025-12-30 20:00:00,2.32085,time_exit,1.627643595,240,4.767715563,-0.6126523643,4.8,4.8,2.29949,8,0.6053371122,0.5807644883,2.28051,0.005468027539,95,2025
2242,GBP_AUD,2025-11-04 04:00:00,2025-11-04 08:00:00,2.01505,2.005047895,2025-11-05 00:00:00,2.004847895,stoploss,-1.019995791,5,3.230320062,-1.925594689,4,4,2.01105,11,0.7598400641,0.9683257919,1.99727,0.005001052431,0,2025
2243,EUR_AUD,2025-11-04 08:00:00,2025-11-04 12:00:00,1.77086,1.76205617,2025-12-04 16:00:00,1.76193617,stoploss,-1.013630431,134,3.055488344,-2.596597158,2.4,2.4,1.76989,11,0.1953695149,0.8325791855,1.75633,0.004401915008,91,2025
2244,EUR_CAD,2025-11-05 08:00:00,2025-11-05 12:00:00,1.62232,1.616857814,2025-11-20 12:00:00,1.616767814,stoploss,-1.016476921,67,2.165799714,-3.07752267,1.8,1.8,1.62175,6,0.1757538229,0.7619047619,1.61371,0.002731092798,38,2025
2245,NZD_JPY,2025-11-05 20:00:00,2025-11-06 00:00:00,87.139,86.45326153,2025-11-06 16:00:00,86.44726153,stoploss,-1.008749691,5,6.153949618,-1.838893476,1.2,1.2,87.165,5,0.2245754126,0.7071428571,86.149,0.3428692354,0,2025
2246,AUD_NZD,2025-11-06 08:00:00,2025-11-06 12:00:00,1.150835,1.146738249,2025-11-14 12:00:00,1.146633249,stoploss,-1.025630069,37,3.125647908,-2.761945027,2.1,2.1,1.15019,4,0.2636235643,0.6625,1.142,0.002048375309,29,2025
2247,EUR_USD,2025-11-06 16:00:00,2025-11-06 20:00:00,1.154115,1.149808763,2025-11-21 12:00:00,1.149773763,stoploss,-1.008127745,65,6.196825109,-1.162267554,0.7,0.7,1.15337,14,0.3251098052,0.9075630252,1.14685,0.002153118696,29,2025
2248,GBP_CAD,2025-11-06 20:00:00,2025-11-07 00:00:00,1.85263,1.844564551,2025-11-10 00:00:00,1.844424551,stoploss,-1.017357993,7,1.749437683,-2.506990075,2.8,2.8,1.84369,8,2.643374303,0.8947368421,1.83399,0.004032724381,0,2025
2249,GBP_AUD,2025-11-07 16:00:00,2025-11-07 20:00:00,2.03129,2.019248437,2025-11-10 00:00:00,2.019048437,stoploss,-1.016609139,2,1.334544359,-2.948122261,4,4,2.02865,5,0.4168894014,0.7213420317,2.00187,0.00602078151,0,2025
2250,GBP_USD,2025-11-07 16:00:00,2025-11-07 20:00:00,1.317085,1.310580773,2025-11-12 12:00:00,1.310535773,stoploss,-1.006918578,17,5.58790495,-2.047130401,0.9,0.9,1.31428,5,0.8394541485,0.9046610169,1.30056,0.003252113299,4,2025
2251,AUD_JPY,2025-11-10 04:00:00,2025-11-10 08:00:00,100.48,99.60750341,2025-12-31 20:00:00,104.561,end_of_data,4.677382172,220,5.426955301,-0.3862479274,0.8,0.8,100.391,15,0.1971354407,0.7942708333,98.819,0.4362482955,203,2025
2252,AUD_USD,2025-11-10 04:00:00,2025-11-10 08:00:00,0.65276,0.648785044,2025-11-17 20:00:00,0.648735044,stoploss,-1.012578756,34,5.034018039,-2.676759217,1,1,0.65188,10,0.4125831876,0.8457142857,0.64583,0.001987477979,18,2025
2253,AUD_CAD,2025-11-10 16:00:00,2025-11-10 20:00:00,0.916465,0.911997729,2025-11-17 20:00:00,0.911902729,stoploss,-1.021265779,31,2.060542084,-2.438849105,1.9,1.9,0.91608,8,0.1477412032,0.9120879121,0.9104,0.002233635525,15,2025
2254,NZD_USD,2025-11-11 12:00:00,2025-11-11 16:00:00,0.566495,0.5632130039,2025-11-19 04:00:00,0.5631580039,stoploss,-1.016758094,34,5.741932453,-2.923525704,1.1,1.1,0.56505,7,0.847045488,0.9475806452,0.5606,0.001640998057,15,2025
2255,NZD_JPY,2025-11-11 16:00:00,2025-11-11 20:00:00,87.197,86.58699912,2025-12-31 20:00:00,90.175,end_of_data,4.88196017,211,6.822940977,-0.3885240297,1,1,87.115,8,0.2524586522,0.6630824373,85.878,0.30500044,191,2025
2256,GBP_CAD,2025-11-13 16:00:00,2025-11-13 20:00:00,1.85247,1.843681828,2025-11-14 00:00:00,1.843541828,stoploss,-1.015930504,2,1.623773469,-2.282613579,2.8,2.8,1.84836,15,0.9034871297,0.9693769799,1.83424,0.004394085837,0,2025
2257,GBP_USD,2025-11-13 16:00:00,2025-11-13 20:00:00,1.321185,1.314110901,2025-11-14 00:00:00,1.314065901,stoploss,-1.006361234,2,4.558177391,-2.461797465,0.9,0.9,1.31848,12,0.7520391912,0.9053254438,1.30843,0.003537049706,0,2025
2258,NZD_CAD,2025-11-13 16:00:00,2025-11-13 20:00:00,0.795385,0.7912979041,2025-11-18 16:00:00,0.7911829041,stoploss,-1.028137338,18,2.761129248,-2.469968964,2.3,2.3,0.7937,7,0.7829520242,0.9111111111,0.7885,0.002043547945,2,2025
2259,GBP_AUD,2025-11-17 20:00:00,2025-11-18 00:00:00,2.02468,2.011437486,2025-11-20 00:00:00,2.011237486,stoploss,-1.015102873,13,1.712665749,-1.896165651,4,4,2.02305,12,0.4379833045,0.5532646048,1.99579,0.006621256953,1,2025
2260,CAD_CHF,2025-11-18 12:00:00,2025-11-18 16:00:00,0.568525,0.5650258924,2025-12-31 20:00:00,0.577615,end_of_data,2.59780525,182,4.622607252,-0.1300331561,1.5,1.5,0.56752,5,0.5315641106,0.8402777778,0.56183,0.001749553782,84,2025
2261,EUR_CHF,2025-11-18 12:00:00,2025-11-18 16:00:00,0.92361,0.9199908224,2025-12-31 20:00:00,0.93092,end_of_data,2.019795889,182,4.401552464,-0.08012870148,1,1,0.92307,4,0.2707797498,0.8272727273,0.91786,0.001809588791,84,2025
2262,GBP_CHF,2025-11-18 16:00:00,2025-11-18 20:00:00,1.051035,1.045112326,2025-12-31 20:00:00,1.067795,end_of_data,2.829802974,181,4.228664408,-0.3706096377,1.9,1.9,1.0492,7,0.584195602,0.8520971302,1.03626,0.002961336912,83,2025
2263,NZD_CHF,2025-11-18 16:00:00,2025-11-18 20:00:00,0.452875,0.4495231985,2025-11-21 00:00:00,0.4494381985,stoploss,-1.025359497,14,4.339457468,-1.397755809,1.7,1.7,0.45145,8,0.799570025,0.9391634981,0.44631,0.001675900744,11,2025
2264,AUD_NZD,2025-11-19 12:00:00,2025-11-19 16:00:00,1.153155,1.14880968,2025-11-26 00:00:00,1.14870468,stoploss,-1.024163925,27,1.69722809,-3.137858307,2.1,2.1,1.1523,15,0.3451989336,0.9116022099,1.14537,0.002172660246,3,2025
2265,EUR_GBP,2025-11-19 20:00:00,2025-11-20 00:00:00,0.88286,0.8796772783,2025-11-20 16:00:00,0.8796372783,stoploss,-1.01256786,5,0.3581840014,-4.065702612,0.8,0.8,0.88239,8,0.7100840729,0.9463087248,0.8792,0.001591360859,0,2025
2266,EUR_CAD,2025-11-20 16:00:00,2025-11-20 20:00:00,1.62554,1.619026891,2025-11-28 12:00:00,1.618936891,stoploss,-1.013818285,35,1.220615185,-3.075336119,1.8,1.8,1.62346,7,0.6110752748,0.8173333333,1.61745,0.003256554605,17,2025
2267,GBP_CAD,2025-11-20 16:00:00,2025-11-20 20:00:00,1.84256,1.834122766,2025-12-31 20:00:00,1.84856,end_of_data,0.7111335391,169,2.865868163,-0.9410667168,2.8,2.8,1.84098,8,0.3413440988,0.7159309021,1.83241,0.004218616947,58,2025
2268,GBP_AUD,2025-11-21 04:00:00,2025-11-21 08:00:00,2.03049,2.017538442,2025-11-28 16:00:00,2.017338442,stoploss,-1.015442157,33,1.302545962,-2.387357506,4,4,2.02865,12,0.2547955941,0.7137745975,2.00645,0.006475779166,14,2025
2269,USD_CHF,2025-11-21 16:00:00,2025-11-21 20:00:00,0.808365,0.803828377,2025-11-27 00:00:00,0.803783377,stoploss,-1.009919272,20,0.4066901709,-5.002619745,0.9,0.9,0.80791,7,0.1807511871,0.5801104972,0.79375,0.002268311521,3,2025
2270,AUD_CAD,2025-11-24 20:00:00,2025-11-25 00:00:00,0.910705,0.9060521004,2025-12-31 20:00:00,0.915515,end_of_data,1.03376397,156,3.216273975,-0.4824948261,1.9,1.9,0.91149,5,0.1117582671,0.536,0.90557,0.002326449817,51,2025
2271,NZD_CAD,2025-11-25 00:00:00,2025-11-25 04:00:00,0.792065,0.7881168609,2025-12-31 16:00:00,0.7880018609,stoploss,-1.029127647,154,3.699211128,-1.184102158,2.3,2.3,0.79152,7,0.2178241403,0.5762711864,0.78529,0.001974069538,43,2025
2272,GBP_USD,2025-11-25 08:00:00,2025-11-25 12:00:00,1.313565,1.30749434,2025-12-31 20:00:00,1.347445,end_of_data,5.580942138,153,6.56683171,-0.4422913117,0.9,0.9,1.31182,5,0.5633654696,0.9209876543,1.30377,0.003035329803,124,2025
2273,EUR_USD,2025-11-25 12:00:00,2025-11-25 16:00:00,1.155875,1.151358366,2025-12-31 20:00:00,1.174545,end_of_data,4.133609642,152,5.518490645,-0.2601495088,0.7,0.7,1.15506,6,0.3453899862,0.8941798942,1.14911,0.002258316776,123,2025
2274,NZD_CHF,2025-11-26 00:00:00,2025-11-26 04:00:00,0.457365,0.4535280684,2025-12-31 20:00:00,0.456115,end_of_data,-0.325781155,149,2.620583611,-0.5851029544,1.7,1.7,0.45402,12,1.704487003,0.7996485062,0.44819,0.001918465787,57,2025
2275,NZD_USD,2025-11-26 00:00:00,2025-11-26 04:00:00,0.566835,0.5623812824,2025-12-31 20:00:00,0.575495,end_of_data,1.944443015,149,4.154955889,-0.1313509427,1.1,1.1,0.5622,6,2.056708779,0.7927007299,0.5569,0.002226858779,120,2025
2276,AUD_USD,2025-11-28 16:00:00,2025-11-28 20:00:00,0.65517,0.6515884647,2025-12-31 20:00:00,0.66731,end_of_data,3.389607828,133,4.914093721,-0.4579041876,1,1,0.654,9,0.6310143074,0.7178571429,0.64364,0.001790767637,116,2025
2277,EUR_GBP,2025-12-01 04:00:00,2025-12-01 08:00:00,0.87724,0.8741074071,2025-12-03 16:00:00,0.8740674071,stoploss,-1.012768975,15,0.9353273996,-2.336722377,0.8,0.8,0.87701,11,0.12130526,0.8659793814,0.87454,0.001566296465,7,2025
2278,AUD_NZD,2025-12-02 04:00:00,2025-12-02 08:00:00,1.144025,1.140387342,2025-12-31 20:00:00,1.159315,end_of_data,4.203253321,124,4.537259389,-0.6144062245,2.1,2.1,1.14356,10,0.197929522,0.6610169492,1.13952,0.00181882923,122,2025
2279,GBP_JPY,2025-12-03 08:00:00,2025-12-03 12:00:00,206.63,205.637389,2025-12-31 20:00:00,211.121,end_of_data,4.524431172,117,4.994907538,-0.4553647049,2,2,206.257,6,0.7314043712,0.9142496847,205.098,0.4963054834,78,2025
2280,EUR_CAD,2025-12-03 20:00:00,2025-12-04 00:00:00,1.62658,1.621130538,2025-12-05 12:00:00,1.621040538,stoploss,-1.016515391,10,0.9707379572,-3.866436438,1.8,1.8,1.62723,8,0.267916336,0.6607142857,1.61682,0.002724731201,3,2025
2281,USD_CHF,2025-12-05 16:00:00,2025-12-05 20:00:00,0.804825,0.8011405881,2025-12-10 20:00:00,0.8010955881,stoploss,-1.012213618,19,1.019158573,-5.198930084,0.9,0.9,0.80398,5,0.4342619752,0.7330960854,0.79883,0.001842205963,5,2025
2282,USD_JPY,2025-12-08 12:00:00,2025-12-08 16:00:00,155.635,154.8591212,2025-12-15 12:00:00,154.8561212,stoploss,-1.003866583,30,2.750429724,-1.603343288,0.6,0.6,155.495,5,0.3531479589,0.8692307692,154.342,0.3879393794,7,2025
2283,EUR_CAD,2025-12-11 08:00:00,2025-12-11 12:00:00,1.61561,1.60970686,2025-12-24 16:00:00,1.60961686,stoploss,-1.015246122,56,1.004550058,-1.710953724,1.8,1.8,1.61448,6,0.3523548263,0.5910543131,1.60652,0.002951570185,19,2025
2284,CHF_JPY,2025-12-11 16:00:00,2025-12-11 20:00:00,195.641,194.7018487,2025-12-15 08:00:00,194.6908487,stoploss,-1.011712703,10,3.128356546,-1.4640879,2.2,2.2,193.415,19,4.729802511,0.802919708,192.4,0.4695756313,5,2025
2285,EUR_GBP,2025-12-11 16:00:00,2025-12-11 20:00:00,0.87588,0.8734350804,2025-12-22 00:00:00,0.8733950804,stoploss,-1.016360457,38,1.562423596,-2.437708019,0.8,0.8,0.87513,8,0.5726159777,0.8843537415,0.872,0.001222459776,21,2025
2286,EUR_NZD,2025-12-11 16:00:00,2025-12-11 20:00:00,2.02076,2.01113792,2025-12-31 20:00:00,2.04058,end_of_data,2.059845738,79,2.42151391,-0.6308407483,3.8,3.8,2.01749,9,0.6173301556,0.8364116095,2.00725,0.004811039883,77,2025
2287,EUR_JPY,2025-12-12 00:00:00,2025-12-12 04:00:00,182.681,181.9026524,2025-12-15 08:00:00,181.8976524,stoploss,-1.006423865,8,2.880460974,-1.433806622,1,1,182.618,10,0.1490336633,0.5013927577,180.088,0.3891738197,3,2025
2288,EUR_AUD,2025-12-12 16:00:00,2025-12-12 20:00:00,1.76586,1.757288991,2025-12-24 04:00:00,1.757168991,stoploss,-1.014000686,45,1.731418136,-1.991597546,2.4,2.4,1.76414,6,0.3733516197,0.6802030457,1.748,0.004285504376,20,2025
2289,GBP_AUD,2025-12-16 00:00:00,2025-12-16 04:00:00,2.01877,2.009833143,2025-12-29 00:00:00,2.009633143,stoploss,-1.022379232,48,1.116723656,-1.390869243,4,4,2.01611,16,0.5482911739,0.9483240223,1.99957,0.004468428668,14,2025
2290,CAD_JPY,2025-12-17 08:00:00,2025-12-17 12:00:00,112.902,112.3238748,2025-12-31 20:00:00,114.198,end_of_data,2.241728856,57,3.006269099,-0.435891722,1.2,1.2,112.754,4,0.4947025099,0.8416149068,112.505,0.2890626126,37,2025
2291,USD_CHF,2025-12-17 08:00:00,2025-12-17 12:00:00,0.797925,0.7940259116,2025-12-17 16:00:00,0.7939809116,stoploss,-1.011541159,2,0.05770579622,-3.143042367,0.9,0.9,0.79739,12,0.2513408013,0.6511627907,0.79245,0.001949544194,0,2025
2292,USD_JPY,2025-12-17 08:00:00,2025-12-17 12:00:00,155.538,154.7184802,2025-12-31 20:00:00,156.684,end_of_data,1.398379845,57,2.722325858,-0.4124366384,0.6,0.6,155.404,9,0.3196994061,0.8607594937,154.391,0.4097599105,14,2025
2293,CHF_JPY,2025-12-17 12:00:00,2025-12-17 16:00:00,195.342,194.4646353,2025-12-31 20:00:00,197.674,end_of_data,2.6579597,56,3.689457783,-0.07864460519,2.2,2.2,194.966,5,0.8297575737,0.7297297297,194.266,0.4386823472,32,2025
2294,EUR_JPY,2025-12-17 16:00:00,2025-12-17 20:00:00,182.743,181.9779874,2025-12-31 20:00:00,184.046,end_of_data,1.703239884,55,2.849626207,-0.8653452061,1,1,182.475,6,0.6875703601,0.8073394495,181.565,0.3825063081,15,2025
2295,USD_CAD,2025-12-19 20:00:00,2025-12-22 00:00:00,1.378585,1.374255417,2025-12-22 16:00:00,1.374190417,stoploss,-1.015012993,5,0.3938023481,-3.317871396,1.3,1.3,1.37963,8,0.3279761491,0.9249249249,1.37298,0.002164791561,0,2025
2296,AUD_CHF,2025-12-22 20:00:00,2025-12-23 00:00:00,0.52578,0.5229851359,2025-12-31 20:00:00,0.52887,end_of_data,1.105599385,36,1.935693422,-0.09302778,1.4,1.4,0.52703,7,0.1359636785,0.7536231884,0.52366,0.001397432036,19,2025
2297,USD_CHF,2025-12-29 04:00:00,2025-12-29 08:00:00,0.790005,0.7861667486,2025-12-31 20:00:00,0.792535,end_of_data,0.6591543151,16,1.0981563,-0.7151694052,0.9,0.9,0.78971,9,0.1354783573,0.8993710692,0.78567,0.001919125721,12,2025
2298,USD_CAD,2025-12-29 08:00:00,2025-12-29 12:00:00,1.368835,1.36480888,2025-12-31 20:00:00,1.372165,end_of_data,0.8270990169,15,0.9848190997,-0.6271546599,1.3,1.3,1.36851,5,0.1291566032,0.64453125,1.36422,0.002013060064,14,2025
2299,GBP_AUD,2025-12-29 20:00:00,2025-12-30 00:00:00,2.01652,2.008502,2025-12-31 08:00:00,2.008302,stoploss,-1.024943877,9,0.4839112223,-1.013968618,4,4,2.01771,11,0.117236224,0.7094801223,2.01353,0.004008999814,0,2025
