{
  "ending_equity": 25000.466861126148,
  "full_data_annualised_roi_pct": 19.064516197971336,
  "full_data_max_dd_pct": 1.3161495857344208,
  "full_data_roi_pct": 150.00466861126148,
  "n_trades": 236
}
