eet_trade_id,eet_pair,eet_signal_bar_time,eet_final_r,match_kind,utc_trade_id,utc_signal_bar_time,utc_final_r,bar_offset_h4,r_delta
1.0,AUDCAD,2010-02-01 02:00:00+00:00,-0.9999999999999946,none,,,,,
2.0,GBPCHF,2010-02-07 22:00:00+00:00,-0.9999999999999949,near_1bar,4.0,2010-02-07 20:00:00+00:00,-1.0,0.0,-5.10702591327572e-15
3.0,GBPAUD,2010-02-09 14:00:00+00:00,-0.9999999999999956,near_1bar,5.0,2010-02-09 16:00:00+00:00,-1.0,0.0,-4.440892098500626e-15
4.0,GBPCHF,2010-02-11 14:00:00+00:00,-1.000000000000006,near_1bar,6.0,2010-02-11 12:00:00+00:00,-1.0,0.0,5.995204332975845e-15
5.0,GBPNZD,2010-02-11 14:00:00+00:00,-1.0000000000000058,near_1bar,7.0,2010-02-11 12:00:00+00:00,-1.0,0.0,5.773159728050814e-15
6.0,EURNZD,2010-02-11 18:00:00+00:00,-1.0000000000000049,near_1bar,8.0,2010-02-11 20:00:00+00:00,-1.0,0.0,4.884981308350689e-15
7.0,EURGBP,2010-02-12 10:00:00+00:00,0.7324312085442606,near_1bar,9.0,2010-02-12 12:00:00+00:00,1.944874632574545,0.0,1.2124434240302844
8.0,EURCHF,2010-02-18 22:00:00+00:00,-1.0000000000000207,none,,,,,
9.0,USDCAD,2010-02-23 14:00:00+00:00,-0.9999999999999997,none,,,,,
10.0,EURCHF,2010-02-24 10:00:00+00:00,-0.9999999999999776,none,,,,,
11.0,CHFJPY,2010-02-26 02:00:00+00:00,-0.9999999999999967,near_1bar,13.0,2010-02-26 00:00:00+00:00,2.145140332374163,0.0,3.14514033237416
12.0,EURJPY,2010-03-01 06:00:00+00:00,-1.0000000000000002,near_1bar,14.0,2010-03-01 04:00:00+00:00,0.5288877146396374,0.0,1.5288877146396376
13.0,USDCHF,2010-03-04 06:00:00+00:00,-1.0000000000000009,near_1bar,16.0,2010-03-04 04:00:00+00:00,0.09741207934128737,0.0,1.0974120793412883
14.0,NZDJPY,2010-03-04 10:00:00+00:00,7.913202653266973,none,,,,,
15.0,NZDUSD,2010-03-04 22:00:00+00:00,4.427207945915395,none,,,,,
16.0,NZDCHF,2010-03-05 10:00:00+00:00,-0.9999999999999947,near_1bar,18.0,2010-03-05 12:00:00+00:00,0.5623120648188847,0.0,1.5623120648188795
17.0,EURNZD,2010-03-10 14:00:00+00:00,-0.9999999999999939,near_1bar,19.0,2010-03-10 16:00:00+00:00,0.4828249800312659,0.0,1.4828249800312598
18.0,AUDNZD,2010-03-19 10:00:00+00:00,-1.0000000000000007,none,,,,,
19.0,AUDCAD,2010-03-19 14:00:00+00:00,-1.0000000000000058,none,,,,,
20.0,EURGBP,2010-03-19 14:00:00+00:00,-0.9999999999999926,near_1bar,22.0,2010-03-19 16:00:00+00:00,-1.0,0.0,-7.438494264988549e-15
21.0,AUDUSD,2010-03-22 14:00:00+00:00,-0.9999999999999998,near_1bar,25.0,2010-03-22 12:00:00+00:00,1.0729768508314965,0.0,2.0729768508314965
22.0,GBPUSD,2010-03-24 22:00:00+00:00,-1.0000000000000058,none,,,,,
23.0,AUDUSD,2010-03-26 02:00:00+00:00,-1.0000000000000058,near_1bar,28.0,2010-03-26 04:00:00+00:00,1.1336955384689438,0.0,2.1336955384689498
24.0,CADCHF,2010-03-26 18:00:00+00:00,4.953491699332778,near_1bar,29.0,2010-03-26 16:00:00+00:00,1.0888466598777797,0.0,-3.8646450394549983
25.0,AUDCHF,2010-03-29 01:00:00+00:00,-1.0000000000000044,near_1bar,30.0,2010-03-29 00:00:00+00:00,1.0168020033493232,0.0,2.0168020033493277
26.0,NZDCHF,2010-03-31 17:00:00+00:00,-0.9999999999999993,near_1bar,33.0,2010-03-31 16:00:00+00:00,0.78764949123901,0.0,1.7876494912390093
27.0,CADCHF,2010-04-01 01:00:00+00:00,4.69189875300503,none,,,,,
28.0,AUDCHF,2010-04-01 13:00:00+00:00,-0.9999999999999994,none,,,,,
29.0,AUDCAD,2010-04-01 17:00:00+00:00,-0.9999999999999993,none,,,,,
30.0,NZDUSD,2010-04-06 13:00:00+00:00,-0.9999999999999976,near_1bar,34.0,2010-04-06 12:00:00+00:00,1.0045694461900703,0.0,2.004569446190068
31.0,AUDCAD,2010-04-07 13:00:00+00:00,-0.999999999999993,none,,,,,
32.0,NZDCAD,2010-04-09 09:00:00+00:00,-0.9999999999999921,near_1bar,38.0,2010-04-09 12:00:00+00:00,1.7181076931328423,1.0,2.7181076931328345
33.0,AUDJPY,2010-04-13 05:00:00+00:00,-1.000000000000004,none,,,,,
34.0,USDJPY,2010-04-13 05:00:00+00:00,-0.9999999999999932,none,,,,,
35.0,CADJPY,2010-04-16 05:00:00+00:00,-1.0000000000000002,near_1bar,39.0,2010-04-16 04:00:00+00:00,0.3111039536622492,0.0,1.3111039536622493
36.0,NZDJPY,2010-04-16 17:00:00+00:00,-0.999999999999998,none,,,,,
37.0,EURJPY,2010-04-19 09:00:00+00:00,-0.9999999999999997,near_1bar,42.0,2010-04-19 08:00:00+00:00,0.37030951528220934,0.0,1.3703095152822091
38.0,AUDNZD,2010-04-19 13:00:00+00:00,-0.9999999999999932,near_1bar,43.0,2010-04-19 12:00:00+00:00,-1.0,0.0,-6.772360450213455e-15
39.0,CHFJPY,2010-04-19 13:00:00+00:00,-1.0000000000000064,near_1bar,44.0,2010-04-19 12:00:00+00:00,-1.0,0.0,6.439293542825908e-15
40.0,AUDUSD,2010-04-19 17:00:00+00:00,-1.0000000000000049,near_1bar,46.0,2010-04-19 20:00:00+00:00,-1.0,1.0,4.884981308350689e-15
41.0,GBPJPY,2010-04-19 17:00:00+00:00,-0.9999999999999947,none,,,,,
42.0,AUDJPY,2010-04-20 01:00:00+00:00,-0.9999999999999957,near_1bar,47.0,2010-04-20 00:00:00+00:00,0.5327497524606243,0.0,1.53274975246062
43.0,CADCHF,2010-04-20 05:00:00+00:00,-1.0,near_1bar,48.0,2010-04-20 04:00:00+00:00,0.9643341775563501,0.0,1.96433417755635
44.0,USDJPY,2010-04-20 13:00:00+00:00,-0.9999999999999926,none,,,,,
45.0,GBPCAD,2010-04-21 13:00:00+00:00,-0.9999999999999949,near_1bar,51.0,2010-04-21 12:00:00+00:00,0.7914778025412683,0.0,1.7914778025412632
46.0,AUDCAD,2010-04-21 17:00:00+00:00,-0.9999999999999988,near_1bar,52.0,2010-04-21 16:00:00+00:00,0.4525460134537222,0.0,1.452546013453721
47.0,NZDCAD,2010-04-21 17:00:00+00:00,-0.9999999999999991,none,,,,,
48.0,GBPNZD,2010-04-26 05:00:00+00:00,-1.0000000000000133,near_1bar,54.0,2010-04-26 04:00:00+00:00,0.18154369629324063,0.0,1.181543696293254
49.0,AUDCAD,2010-04-26 21:00:00+00:00,-1.0000000000000038,none,,,,,
50.0,GBPUSD,2010-04-29 05:00:00+00:00,-1.0000000000000047,none,,,,,
51.0,GBPAUD,2010-04-29 13:00:00+00:00,-0.9999999999999947,near_1bar,57.0,2010-04-29 16:00:00+00:00,0.7214127684734747,1.0,1.7214127684734692
52.0,EURCHF,2010-05-03 21:00:00+00:00,-0.9999999999999892,none,,,,,
53.0,AUDJPY,2010-05-05 21:00:00+00:00,-1.000000000000001,near_1bar,59.0,2010-05-06 00:00:00+00:00,-1.0,1.0,1.1102230246251565e-15
54.0,CADJPY,2010-05-06 01:00:00+00:00,-1.0000000000000016,near_1bar,60.0,2010-05-06 00:00:00+00:00,-1.0,0.0,1.5543122344752192e-15
55.0,GBPJPY,2010-05-06 01:00:00+00:00,-1.0000000000000056,near_1bar,61.0,2010-05-06 00:00:00+00:00,-1.0,0.0,5.551115123125783e-15
56.0,EURCAD,2010-05-06 05:00:00+00:00,-0.9999999999999921,none,,,,,
57.0,GBPCHF,2010-05-06 21:00:00+00:00,-0.9999999999999988,near_1bar,64.0,2010-05-06 20:00:00+00:00,0.7416156304104127,0.0,1.7416156304104113
58.0,NZDJPY,2010-05-07 01:00:00+00:00,-0.9999999999999998,none,,,,,
59.0,NZDUSD,2010-05-07 13:00:00+00:00,-1.0000000000000038,none,,,,,
60.0,USDJPY,2010-05-10 05:00:00+00:00,-0.9999999999999983,near_1bar,69.0,2010-05-10 04:00:00+00:00,-1.0,0.0,-1.6653345369377348e-15
61.0,GBPCAD,2010-05-10 09:00:00+00:00,-0.999999999999996,none,,,,,
62.0,NZDCAD,2010-05-11 01:00:00+00:00,-0.9999999999999977,none,,,,,
63.0,CADJPY,2010-05-25 13:00:00+00:00,-0.4663032913829992,near_1bar,71.0,2010-05-25 16:00:00+00:00,0.7417569689030592,1.0,1.2080602602860584
64.0,EURGBP,2010-05-28 05:00:00+00:00,-1.0000000000000053,none,,,,,
65.0,NZDCAD,2010-06-01 09:00:00+00:00,-1.0000000000000058,none,,,,,
66.0,EURCHF,2010-06-02 09:00:00+00:00,-0.9999999999999898,near_1bar,75.0,2010-06-02 08:00:00+00:00,-1.0,0.0,-1.021405182655144e-14
67.0,EURAUD,2010-06-03 09:00:00+00:00,-0.9999999999999969,near_1bar,76.0,2010-06-03 12:00:00+00:00,0.9250809256206776,1.0,1.9250809256206745
68.0,EURUSD,2010-06-03 21:00:00+00:00,-0.9999999999999974,none,,,,,
69.0,EURNZD,2010-06-07 05:00:00+00:00,-0.9999999999999959,none,,,,,
70.0,CADJPY,2010-06-07 09:00:00+00:00,-0.9999999999999969,none,,,,,
71.0,NZDCAD,2010-06-07 09:00:00+00:00,-1.0000000000000053,none,,,,,
72.0,NZDJPY,2010-06-07 09:00:00+00:00,-1.0000000000000013,none,,,,,
73.0,AUDJPY,2010-06-07 13:00:00+00:00,-1.000000000000001,none,,,,,
74.0,NZDCHF,2010-06-07 21:00:00+00:00,-0.9999999999999974,near_1bar,82.0,2010-06-08 00:00:00+00:00,0.6064174043974525,1.0,1.60641740439745
75.0,AUDCAD,2010-06-08 17:00:00+00:00,6.345883603041226,none,,,,,
76.0,GBPCHF,2010-06-08 17:00:00+00:00,-1.0000000000000018,none,,,,,
77.0,GBPJPY,2010-06-08 17:00:00+00:00,2.3163862745037473,near_1bar,83.0,2010-06-08 16:00:00+00:00,0.5394441250577734,0.0,-1.7769421494459738
78.0,GBPCAD,2010-06-08 21:00:00+00:00,6.820985857950596,near_1bar,84.0,2010-06-08 20:00:00+00:00,1.8088885184258459,0.0,-5.01209733952475
79.0,USDCHF,2010-06-10 05:00:00+00:00,-0.9999999999999948,none,,,,,
80.0,NZDCAD,2010-06-11 05:00:00+00:00,4.135073999328038,near_1bar,87.0,2010-06-11 04:00:00+00:00,1.0961076060891606,0.0,-3.0389663932388777
81.0,GBPCAD,2010-06-14 17:00:00+00:00,-0.9999999999999949,near_1bar,89.0,2010-06-14 16:00:00+00:00,1.8914777948610153,0.0,2.89147779486101
82.0,GBPNZD,2010-06-14 17:00:00+00:00,-0.9999999999999988,near_1bar,90.0,2010-06-14 16:00:00+00:00,0.9257728396832476,0.0,1.9257728396832463
83.0,USDJPY,2010-06-17 17:00:00+00:00,-1.0000000000000056,none,,,,,
84.0,GBPAUD,2010-06-18 05:00:00+00:00,-0.999999999999996,near_1bar,92.0,2010-06-18 04:00:00+00:00,1.6685306689538544,0.0,2.66853066895385
85.0,CADCHF,2010-06-21 09:00:00+00:00,-0.9999999999999992,near_1bar,93.0,2010-06-21 08:00:00+00:00,-1.0,0.0,-7.771561172376096e-16
86.0,GBPAUD,2010-06-23 13:00:00+00:00,1.0624188586564702,none,,,,,
87.0,AUDNZD,2010-06-24 05:00:00+00:00,-0.9999999999999973,none,,,,,
88.0,NZDCHF,2010-06-25 17:00:00+00:00,-0.999999999999996,none,,,,,
89.0,EURJPY,2010-06-28 21:00:00+00:00,-0.9999999999999986,none,,,,,
90.0,GBPJPY,2010-06-29 09:00:00+00:00,-1.0,none,,,,,
91.0,EURUSD,2010-06-30 05:00:00+00:00,4.468093255336229,none,,,,,
92.0,GBPJPY,2010-07-02 17:00:00+00:00,-1.000000000000007,none,,,,,
93.0,AUDCAD,2010-07-06 01:00:00+00:00,7.224020809884447,none,,,,,
94.0,AUDUSD,2010-07-06 01:00:00+00:00,5.8557162016640225,none,,,,,
95.0,USDCAD,2010-07-09 17:00:00+00:00,-1.0000000000000058,near_1bar,102.0,2010-07-09 20:00:00+00:00,0.7186207485571805,1.0,1.7186207485571863
96.0,USDCAD,2010-07-15 13:00:00+00:00,-1.0000000000000013,near_1bar,103.0,2010-07-15 12:00:00+00:00,0.5400500472678279,0.0,1.5400500472678291
97.0,USDJPY,2010-07-16 05:00:00+00:00,-0.9999999999999984,near_1bar,104.0,2010-07-16 04:00:00+00:00,-1.0,0.0,-1.5543122344752192e-15
98.0,CADCHF,2010-07-16 13:00:00+00:00,-0.9999999999999963,none,,,,,
99.0,CADJPY,2010-07-19 01:00:00+00:00,-1.0000000000000033,none,,,,,
100.0,CHFJPY,2010-07-19 05:00:00+00:00,-0.999999999999998,none,,,,,
101.0,EURJPY,2010-07-22 05:00:00+00:00,-1.0000000000000024,near_1bar,107.0,2010-07-22 08:00:00+00:00,0.5625337757108673,1.0,1.5625337757108697
102.0,GBPAUD,2010-07-23 01:00:00+00:00,-0.9999999999999979,near_1bar,108.0,2010-07-23 00:00:00+00:00,0.5537933617585703,0.0,1.5537933617585682
103.0,GBPNZD,2010-07-23 01:00:00+00:00,0.9025450016530104,near_1bar,109.0,2010-07-23 00:00:00+00:00,1.3101648326276112,0.0,0.40761983097460075
104.0,EURGBP,2010-07-23 17:00:00+00:00,-1.0000000000000044,near_1bar,111.0,2010-07-23 16:00:00+00:00,-1.0,0.0,4.440892098500626e-15
105.0,USDJPY,2010-07-30 09:00:00+00:00,-0.9999999999999941,none,,,,,
106.0,EURGBP,2010-08-02 01:00:00+00:00,-0.9999999999999991,none,,,,,
107.0,EURAUD,2010-08-02 09:00:00+00:00,-1.0000000000000036,near_1bar,114.0,2010-08-02 12:00:00+00:00,-1.0,1.0,3.552713678800501e-15
108.0,NZDCAD,2010-08-06 09:00:00+00:00,-0.9999999999999942,none,,,,,
109.0,NZDJPY,2010-08-06 17:00:00+00:00,-1.0000000000000029,near_1bar,115.0,2010-08-06 16:00:00+00:00,-1.0,0.0,2.886579864025407e-15
110.0,CADJPY,2010-08-06 21:00:00+00:00,-1.0000000000000016,near_1bar,116.0,2010-08-06 20:00:00+00:00,-1.0,0.0,1.5543122344752192e-15
111.0,NZDCHF,2010-08-11 09:00:00+00:00,-1.0000000000000036,none,,,,,
112.0,GBPJPY,2010-08-12 05:00:00+00:00,-1.0000000000000084,none,,,,,
113.0,AUDUSD,2010-08-12 13:00:00+00:00,-1.0000000000000029,near_1bar,118.0,2010-08-12 12:00:00+00:00,2.2770188183970728,0.0,3.2770188183970754
114.0,CADCHF,2010-08-15 21:00:00+00:00,-1.0000000000000042,none,,,,,
115.0,CHFJPY,2010-08-16 05:00:00+00:00,-1.0000000000000053,none,,,,,
116.0,EURCAD,2010-08-16 09:00:00+00:00,-1.0000000000000002,near_1bar,123.0,2010-08-16 08:00:00+00:00,0.4638047372171574,0.0,1.4638047372171576
117.0,GBPCHF,2010-08-16 09:00:00+00:00,-0.9999999999999993,near_1bar,124.0,2010-08-16 12:00:00+00:00,-1.0,1.0,-6.661338147750939e-16
118.0,AUDCHF,2010-08-16 13:00:00+00:00,-0.9999999999999999,none,,,,,
119.0,GBPAUD,2010-08-18 09:00:00+00:00,-1.0000000000000033,near_1bar,126.0,2010-08-18 08:00:00+00:00,0.41396729307651986,0.0,1.4139672930765232
120.0,EURNZD,2010-08-18 13:00:00+00:00,-0.9999999999999971,near_1bar,128.0,2010-08-18 16:00:00+00:00,1.1602179988093368,1.0,2.160217998809334
121.0,AUDCAD,2010-08-19 13:00:00+00:00,8.12469792675415,none,,,,,
122.0,GBPCAD,2010-08-19 13:00:00+00:00,-0.9999999999999994,none,,,,,
123.0,AUDUSD,2010-08-19 17:00:00+00:00,-1.0000000000000018,none,,,,,
124.0,EURNZD,2010-08-24 01:00:00+00:00,-1.0000000000000049,near_1bar,130.0,2010-08-24 04:00:00+00:00,0.4194936111751492,1.0,1.4194936111751542
125.0,NZDUSD,2010-08-25 05:00:00+00:00,-0.9999999999999963,none,,,,,
126.0,USDJPY,2010-08-27 13:00:00+00:00,-0.9999999999999934,near_1bar,131.0,2010-08-27 12:00:00+00:00,-1.0,0.0,-6.5503158452884236e-15
127.0,GBPNZD,2010-08-27 21:00:00+00:00,-0.9999999999999978,near_1bar,132.0,2010-08-27 20:00:00+00:00,-1.0,0.0,-2.220446049250313e-15
128.0,EURCAD,2010-09-06 17:00:00+00:00,-1.0000000000000102,none,,,,,
129.0,EURJPY,2010-09-08 09:00:00+00:00,5.380688095143438,none,,,,,
130.0,USDJPY,2010-09-08 17:00:00+00:00,-0.9999999999999972,none,,,,,
131.0,CHFJPY,2010-09-10 13:00:00+00:00,-1.000000000000001,near_1bar,136.0,2010-09-10 12:00:00+00:00,1.5243481644475085,0.0,2.5243481644475096
132.0,NZDCAD,2010-09-14 13:00:00+00:00,-1.000000000000002,none,,,,,
133.0,EURCAD,2010-09-14 17:00:00+00:00,5.134049711810047,near_1bar,137.0,2010-09-14 16:00:00+00:00,2.2665176770662847,0.0,-2.8675320347437627
134.0,NZDCHF,2010-09-16 05:00:00+00:00,-1.0000000000000044,none,,,,,
135.0,NZDCHF,2010-09-22 17:00:00+00:00,-1.0,near_1bar,139.0,2010-09-22 16:00:00+00:00,1.4412003395246202,0.0,2.4412003395246202
136.0,AUDCHF,2010-09-23 13:00:00+00:00,-0.9999999999999986,near_1bar,140.0,2010-09-23 12:00:00+00:00,1.3984418165526236,0.0,2.398441816552622
137.0,NZDCHF,2010-09-28 09:00:00+00:00,-1.0000000000000042,none,,,,,
138.0,CADJPY,2010-09-28 17:00:00+00:00,-0.9999999999999943,near_1bar,141.0,2010-09-28 16:00:00+00:00,-1.0,0.0,-5.662137425588298e-15
139.0,NZDJPY,2010-09-30 21:00:00+00:00,-1.0000000000000029,near_1bar,143.0,2010-10-01 00:00:00+00:00,0.4340985203847183,1.0,1.4340985203847212
140.0,GBPJPY,2010-10-01 13:00:00+00:00,-1.0000000000000102,none,,,,,
141.0,CADJPY,2010-10-04 09:00:00+00:00,-1.0000000000000078,none,,,,,
142.0,USDCAD,2010-10-04 13:00:00+00:00,-0.9999999999999933,none,,,,,
143.0,NZDCHF,2010-10-05 01:00:00+00:00,3.4760431977092097,none,,,,,
144.0,AUDJPY,2010-10-05 09:00:00+00:00,-1.0000000000000042,near_1bar,145.0,2010-10-05 12:00:00+00:00,0.5424321657093649,1.0,1.5424321657093691
145.0,GBPNZD,2010-10-07 13:00:00+00:00,-1.0000000000000089,near_1bar,146.0,2010-10-07 12:00:00+00:00,-1.0,0.0,8.881784197001252e-15
146.0,CHFJPY,2010-10-08 13:00:00+00:00,-1.0000000000000075,none,,,,,
147.0,NZDCHF,2010-10-08 13:00:00+00:00,2.9201663731093634,none,,,,,
148.0,EURCHF,2010-10-12 17:00:00+00:00,-0.9999999999999906,near_1bar,149.0,2010-10-12 16:00:00+00:00,1.3245716144635191,0.0,2.3245716144635096
149.0,EURNZD,2010-10-12 17:00:00+00:00,-0.9999999999999954,near_1bar,150.0,2010-10-12 16:00:00+00:00,-1.0,0.0,-4.551914400963142e-15
150.0,EURCAD,2010-10-13 17:00:00+00:00,-1.0000000000000058,none,,,,,
151.0,GBPCAD,2010-10-14 05:00:00+00:00,-0.9999999999999993,near_1bar,151.0,2010-10-14 04:00:00+00:00,0.5852817239614829,0.0,1.5852817239614823
152.0,CHFJPY,2010-10-15 09:00:00+00:00,-1.0000000000000067,near_1bar,152.0,2010-10-15 08:00:00+00:00,-1.0,0.0,6.661338147750939e-15
153.0,EURGBP,2010-10-18 05:00:00+00:00,-0.9999999999999938,near_1bar,153.0,2010-10-18 04:00:00+00:00,0.7222816889994913,0.0,1.7222816889994852
154.0,EURJPY,2010-10-18 09:00:00+00:00,-0.9999999999999997,near_1bar,154.0,2010-10-18 08:00:00+00:00,0.5620440741827992,0.0,1.5620440741827988
155.0,EURAUD,2010-10-19 01:00:00+00:00,-1.000000000000007,near_1bar,155.0,2010-10-19 00:00:00+00:00,0.5188539662127303,0.0,1.5188539662127374
156.0,AUDCHF,2010-10-20 01:00:00+00:00,1.8273315388719593,none,,,,,
157.0,GBPUSD,2010-10-20 13:00:00+00:00,-1.0000000000000075,near_1bar,158.0,2010-10-20 12:00:00+00:00,0.8750346545598757,0.0,1.8750346545598833
158.0,CADCHF,2010-10-21 05:00:00+00:00,1.9666410765395979,none,,,,,
159.0,EURJPY,2010-10-22 09:00:00+00:00,-1.0000000000000027,near_1bar,160.0,2010-10-22 08:00:00+00:00,0.5548461732668805,0.0,1.554846173266883
160.0,EURAUD,2010-10-27 01:00:00+00:00,-1.0000000000000062,none,,,,,
161.0,AUDUSD,2010-10-27 17:00:00+00:00,-0.9999999999999999,near_1bar,162.0,2010-10-27 16:00:00+00:00,1.1714740369838386,0.0,2.1714740369838386
162.0,NZDCAD,2010-10-27 21:00:00+00:00,-1.0000000000000002,near_1bar,163.0,2010-10-27 20:00:00+00:00,1.5474292021129001,0.0,2.5474292021129004
163.0,EURGBP,2010-10-28 13:00:00+00:00,-1.0000000000000033,none,,,,,
164.0,USDCAD,2010-11-01 06:00:00+00:00,-1.0000000000000153,none,,,,,
165.0,AUDNZD,2010-11-02 02:00:00+00:00,-0.9999999999999961,near_1bar,166.0,2010-11-02 04:00:00+00:00,0.22805871534408367,0.0,1.2280587153440798
166.0,EURGBP,2010-11-03 14:00:00+00:00,-1.0000000000000078,none,,,,,
167.0,EURCHF,2010-11-09 22:00:00+00:00,-1.0000000000000036,none,,,,,
168.0,EURUSD,2010-11-09 22:00:00+00:00,-1.0000000000000058,none,,,,,
169.0,GBPCAD,2010-11-10 22:00:00+00:00,-0.999999999999996,none,,,,,
170.0,AUDCHF,2010-11-12 10:00:00+00:00,-0.9999999999999967,none,,,,,
171.0,AUDCAD,2010-11-16 10:00:00+00:00,-0.9999999999999978,near_1bar,171.0,2010-11-16 08:00:00+00:00,0.4884211063228258,0.0,1.4884211063228237
172.0,CHFJPY,2010-11-17 02:00:00+00:00,2.3114870754573476,none,,,,,
173.0,GBPUSD,2010-11-18 10:00:00+00:00,-0.9999999999999973,near_1bar,173.0,2010-11-18 08:00:00+00:00,-1.0,0.0,-2.6645352591003757e-15
174.0,AUDUSD,2010-11-23 22:00:00+00:00,-1.000000000000002,near_1bar,174.0,2010-11-23 20:00:00+00:00,0.5413691831515112,0.0,1.541369183151513
175.0,NZDJPY,2010-11-23 22:00:00+00:00,-0.9999999999999999,near_1bar,176.0,2010-11-23 20:00:00+00:00,-1.0,0.0,-1.1102230246251565e-16
176.0,CHFJPY,2010-11-24 10:00:00+00:00,2.447674254925913,near_1bar,178.0,2010-11-24 08:00:00+00:00,1.4754968019431973,0.0,-0.9721774529827156
177.0,CADCHF,2010-11-30 14:00:00+00:00,-1.0000000000000016,near_1bar,180.0,2010-11-30 16:00:00+00:00,-1.0,0.0,1.5543122344752192e-15
178.0,GBPJPY,2010-11-30 14:00:00+00:00,-1.0000000000000027,none,,,,,
179.0,AUDJPY,2010-12-01 06:00:00+00:00,1.1429286213166094,near_1bar,182.0,2010-12-01 04:00:00+00:00,0.9218505072044982,0.0,-0.2210781141121112
180.0,NZDJPY,2010-12-01 14:00:00+00:00,-0.9999999999999958,none,,,,,
181.0,AUDUSD,2010-12-02 14:00:00+00:00,1.3408600128274077,none,,,,,
182.0,NZDUSD,2010-12-03 18:00:00+00:00,-1.0000000000000016,none,,,,,
183.0,USDJPY,2010-12-05 22:00:00+00:00,-0.9999999999999969,none,,,,,
184.0,CADCHF,2010-12-06 06:00:00+00:00,-0.9999999999999963,none,,,,,
185.0,USDCAD,2010-12-07 14:00:00+00:00,-1.0000000000000144,near_1bar,185.0,2010-12-07 16:00:00+00:00,-1.0,0.0,1.4432899320127035e-14
186.0,USDCHF,2010-12-07 18:00:00+00:00,-1.0000000000000053,none,,,,,
187.0,GBPAUD,2010-12-08 10:00:00+00:00,-0.9999999999999966,none,,,,,
188.0,CADCHF,2010-12-10 10:00:00+00:00,-0.9999999999999929,near_1bar,187.0,2010-12-10 08:00:00+00:00,0.5213418912554713,0.0,1.5213418912554642
189.0,EURCAD,2010-12-16 06:00:00+00:00,-0.9999999999999916,none,,,,,
190.0,EURUSD,2010-12-17 18:00:00+00:00,-1.0000000000000004,near_1bar,189.0,2010-12-17 16:00:00+00:00,0.419926795039812,0.0,1.4199267950398125
191.0,CADJPY,2010-12-20 18:00:00+00:00,-1.0000000000000047,none,,,,,
192.0,NZDUSD,2010-12-20 22:00:00+00:00,-0.9999999999999952,none,,,,,
193.0,NZDJPY,2010-12-21 02:00:00+00:00,-0.999999999999997,near_1bar,193.0,2010-12-21 04:00:00+00:00,0.6407178866112089,0.0,1.6407178866112058
194.0,EURJPY,2010-12-21 22:00:00+00:00,-0.9999999999999977,none,,,,,
195.0,GBPNZD,2010-12-23 18:00:00+00:00,-1.0000000000000029,none,,,,,
196.0,CADJPY,2010-12-24 14:00:00+00:00,-1.0000000000000033,none,,,,,
197.0,USDJPY,2010-12-26 22:00:00+00:00,-1.0000000000000084,none,,,,,
198.0,EURUSD,2010-12-27 22:00:00+00:00,-0.9999999999999877,near_1bar,197.0,2010-12-27 20:00:00+00:00,0.7878026048921317,0.0,1.7878026048921194
199.0,AUDNZD,2010-12-29 02:00:00+00:00,-0.9999999999999991,none,,,,,
200.0,NZDJPY,2010-12-29 10:00:00+00:00,-1.0000000000000049,near_1bar,199.0,2010-12-29 12:00:00+00:00,0.751160542120436,0.0,1.751160542120441
201.0,AUDJPY,2010-12-30 18:00:00+00:00,-1.0000000000000069,none,,,,,
202.0,AUDCAD,2011-01-03 14:00:00+00:00,-0.9999999999999962,near_1bar,202.0,2011-01-03 16:00:00+00:00,-1.0,0.0,-3.774758283725532e-15
203.0,EURJPY,2011-01-04 02:00:00+00:00,-0.999999999999993,none,,,,,
204.0,AUDJPY,2011-01-05 10:00:00+00:00,-0.9999999999999999,none,,,,,
205.0,USDJPY,2011-01-05 10:00:00+00:00,-0.9999999999999919,near_1bar,203.0,2011-01-05 12:00:00+00:00,-1.0,0.0,-8.104628079763643e-15
206.0,CHFJPY,2011-01-06 10:00:00+00:00,-0.9999999999999922,none,,,,,
207.0,AUDUSD,2011-01-11 10:00:00+00:00,2.1790855106672726,none,,,,,
208.0,NZDCAD,2011-01-12 06:00:00+00:00,-1.0000000000000082,near_1bar,204.0,2011-01-12 04:00:00+00:00,0.9359098119697393,0.0,1.9359098119697475
209.0,AUDCHF,2011-01-17 06:00:00+00:00,-0.9999999999999953,near_1bar,207.0,2011-01-17 04:00:00+00:00,0.7291270468630441,0.0,1.7291270468630393
210.0,AUDCHF,2011-01-20 14:00:00+00:00,-0.9999999999999961,near_1bar,208.0,2011-01-20 12:00:00+00:00,0.7984895426144776,0.0,1.7984895426144738
211.0,NZDUSD,2011-01-21 10:00:00+00:00,-0.9999999999999979,none,,,,,
212.0,GBPAUD,2011-01-25 10:00:00+00:00,-1.0000000000000047,near_1bar,211.0,2011-01-25 12:00:00+00:00,0.6108787181936735,0.0,1.6108787181936781
213.0,USDJPY,2011-01-31 06:00:00+00:00,-0.9999999999999936,none,,,,,
214.0,AUDCHF,2011-02-02 22:00:00+00:00,-0.9999999999999956,none,,,,,
215.0,USDJPY,2011-02-04 14:00:00+00:00,-0.9999999999999934,near_1bar,216.0,2011-02-04 12:00:00+00:00,0.9865036926112525,0.0,1.986503692611246
216.0,EURUSD,2011-02-06 22:00:00+00:00,-1.000000000000002,none,,,,,
217.0,EURUSD,2011-02-10 14:00:00+00:00,-0.9999999999999896,none,,,,,
218.0,GBPCAD,2011-02-13 22:00:00+00:00,-1.000000000000001,near_1bar,219.0,2011-02-14 00:00:00+00:00,0.829174833757834,0.0,1.829174833757835
219.0,EURCAD,2011-02-15 02:00:00+00:00,4.731791936733314,none,,,,,
220.0,EURGBP,2011-02-16 06:00:00+00:00,10.042044306164318,near_1bar,221.0,2011-02-16 08:00:00+00:00,0.9072435061286199,0.0,-9.134800800035698
221.0,EURAUD,2011-02-18 10:00:00+00:00,2.58216135468054,near_1bar,222.0,2011-02-18 12:00:00+00:00,0.8661326759034926,0.0,-1.7160286787770476
222.0,AUDJPY,2011-02-22 10:00:00+00:00,-1.000000000000004,none,,,,,
223.0,GBPAUD,2011-02-24 18:00:00+00:00,-0.9999999999999947,none,,,,,
224.0,AUDJPY,2011-02-28 02:00:00+00:00,-0.9999999999999964,none,,,,,
225.0,EURJPY,2011-02-28 02:00:00+00:00,-1.0000000000000049,near_1bar,225.0,2011-02-28 00:00:00+00:00,1.1375664991808994,0.0,2.1375664991809042
226.0,AUDCAD,2011-03-02 06:00:00+00:00,-1.000000000000001,none,,,,,
227.0,AUDUSD,2011-03-11 10:00:00+00:00,-0.9999999999999946,none,,,,,
228.0,AUDCAD,2011-03-11 14:00:00+00:00,-1.0000000000000064,near_1bar,231.0,2011-03-11 16:00:00+00:00,0.8977832003960674,0.0,1.897783200396074
229.0,AUDCHF,2011-03-11 14:00:00+00:00,-0.9999999999999977,near_1bar,232.0,2011-03-11 16:00:00+00:00,0.5935842243679194,0.0,1.593584224367917
230.0,GBPJPY,2011-03-11 14:00:00+00:00,-1.0000000000000109,near_1bar,234.0,2011-03-11 16:00:00+00:00,1.6485821616324214,0.0,2.648582161632432
231.0,GBPUSD,2011-03-11 14:00:00+00:00,-0.9999999999999891,none,,,,,
232.0,USDJPY,2011-03-13 22:00:00+00:00,-1.0000000000000069,none,,,,,
233.0,GBPAUD,2011-03-14 10:00:00+00:00,-0.9999999999999947,near_1bar,235.0,2011-03-14 08:00:00+00:00,1.1023165358070826,0.0,2.102316535807077
234.0,USDJPY,2011-03-18 02:00:00+00:00,-1.0000000000000009,none,,,,,
235.0,AUDUSD,2011-03-21 02:00:00+00:00,4.926520485091819,none,,,,,
236.0,AUDCAD,2011-03-22 06:00:00+00:00,4.143053216371679,none,,,,,
237.0,EURAUD,2011-03-28 13:00:00+00:00,-0.9999999999999982,none,,,,,
238.0,AUDNZD,2011-03-31 01:00:00+00:00,-0.9999999999999967,near_1bar,239.0,2011-03-31 00:00:00+00:00,-1.0,0.0,-3.3306690738754696e-15
239.0,EURNZD,2011-03-31 01:00:00+00:00,-1.0000000000000007,none,,,,,
240.0,EURAUD,2011-04-01 13:00:00+00:00,-0.9999999999999898,near_1bar,240.0,2011-04-01 16:00:00+00:00,0.3687022391612123,1.0,1.368702239161202
241.0,EURGBP,2011-04-06 09:00:00+00:00,-0.999999999999992,near_1bar,241.0,2011-04-06 08:00:00+00:00,0.85909064346792,0.0,1.859090643467912
242.0,GBPUSD,2011-04-18 17:00:00+00:00,-0.9999999999999907,near_1bar,242.0,2011-04-18 16:00:00+00:00,1.0886440844324192,0.0,2.08864408443241
243.0,NZDJPY,2011-04-18 17:00:00+00:00,-1.000000000000003,near_1bar,243.0,2011-04-18 16:00:00+00:00,0.5320691469538497,0.0,1.5320691469538528
244.0,GBPCHF,2011-04-19 09:00:00+00:00,-1.0000000000000089,near_1bar,244.0,2011-04-19 08:00:00+00:00,-1.0,0.0,8.881784197001252e-15
245.0,GBPCAD,2011-04-19 13:00:00+00:00,2.234665883505651,none,,,,,
246.0,AUDJPY,2011-04-19 21:00:00+00:00,-1.0000000000000036,near_1bar,245.0,2011-04-19 20:00:00+00:00,0.6063588697433971,0.0,1.6063588697434006
247.0,CHFJPY,2011-04-20 05:00:00+00:00,-1.0000000000000009,near_1bar,246.0,2011-04-20 08:00:00+00:00,0.3362379626816774,1.0,1.3362379626816783
248.0,NZDCHF,2011-05-02 05:00:00+00:00,-0.9999999999999966,none,,,,,
249.0,NZDCAD,2011-05-03 05:00:00+00:00,-0.9999999999999974,none,,,,,
250.0,NZDJPY,2011-05-03 13:00:00+00:00,-0.9999999999999923,none,,,,,
251.0,EURGBP,2011-05-05 21:00:00+00:00,-0.9999999999999988,none,,,,,
252.0,AUDUSD,2011-05-06 01:00:00+00:00,-1.0000000000000058,near_1bar,251.0,2011-05-06 00:00:00+00:00,-1.0,0.0,5.773159728050814e-15
253.0,NZDCAD,2011-05-06 13:00:00+00:00,-0.999999999999999,none,,,,,
254.0,EURNZD,2011-05-09 05:00:00+00:00,-0.9999999999999984,none,,,,,
255.0,GBPCAD,2011-05-11 09:00:00+00:00,-1.0000000000000084,near_1bar,254.0,2011-05-11 08:00:00+00:00,0.9971065606262093,0.0,1.9971065606262177
256.0,GBPUSD,2011-05-11 09:00:00+00:00,-0.999999999999992,near_1bar,255.0,2011-05-11 08:00:00+00:00,-1.0,0.0,-7.993605777301127e-15
257.0,AUDCAD,2011-05-12 05:00:00+00:00,0.4341202946470409,near_1bar,257.0,2011-05-12 08:00:00+00:00,0.736728333351826,1.0,0.3026080387047851
258.0,AUDNZD,2011-05-12 05:00:00+00:00,-0.9999999999999963,near_1bar,256.0,2011-05-12 04:00:00+00:00,-1.0,0.0,-3.6637359812630166e-15
259.0,GBPNZD,2011-05-13 05:00:00+00:00,-1.000000000000002,none,,,,,
260.0,EURNZD,2011-05-16 09:00:00+00:00,-0.9999999999999937,near_1bar,259.0,2011-05-16 08:00:00+00:00,-1.0,0.0,-6.328271240363392e-15
261.0,NZDCAD,2011-05-16 13:00:00+00:00,4.781004492955464,near_1bar,260.0,2011-05-16 12:00:00+00:00,1.9390355875937506,0.0,-2.8419689053617136
262.0,AUDCHF,2011-05-23 05:00:00+00:00,-1.0000000000000004,none,,,,,
263.0,EURGBP,2011-05-23 09:00:00+00:00,-1.000000000000005,near_1bar,261.0,2011-05-23 12:00:00+00:00,1.3248064259480006,1.0,2.3248064259480055
264.0,GBPCHF,2011-05-25 17:00:00+00:00,-1.0000000000000013,none,,,,,
265.0,CADJPY,2011-05-27 09:00:00+00:00,-0.9999999999999958,near_1bar,263.0,2011-05-27 08:00:00+00:00,0.5682705870705624,0.0,1.5682705870705582
266.0,NZDCHF,2011-05-27 21:00:00+00:00,-1.0000000000000033,none,,,,,
267.0,CADJPY,2011-06-02 17:00:00+00:00,-0.9999999999999999,none,,,,,
268.0,AUDJPY,2011-06-03 13:00:00+00:00,-1.000000000000002,near_1bar,266.0,2011-06-03 12:00:00+00:00,-1.0,0.0,1.9984014443252818e-15
269.0,GBPJPY,2011-06-03 13:00:00+00:00,-1.0000000000000058,near_1bar,267.0,2011-06-03 12:00:00+00:00,-1.0,0.0,5.773159728050814e-15
270.0,AUDUSD,2011-06-09 05:00:00+00:00,-0.9999999999999949,none,,,,,
271.0,GBPUSD,2011-06-10 09:00:00+00:00,-0.9999999999999928,none,,,,,
272.0,AUDCAD,2011-06-10 13:00:00+00:00,-0.9999999999999857,near_1bar,269.0,2011-06-10 16:00:00+00:00,0.8269623779401329,1.0,1.8269623779401187
273.0,GBPCAD,2011-06-10 13:00:00+00:00,-0.9999999999999983,none,,,,,
274.0,NZDCAD,2011-06-13 05:00:00+00:00,-0.9999999999999941,none,,,,,
275.0,GBPAUD,2011-06-15 13:00:00+00:00,-1.0000000000000027,none,,,,,
276.0,CHFJPY,2011-06-15 17:00:00+00:00,-1.0000000000000038,none,,,,,
277.0,NZDJPY,2011-06-16 13:00:00+00:00,-1.0000000000000013,none,,,,,
278.0,AUDUSD,2011-06-17 09:00:00+00:00,-0.9999999999999977,none,,,,,
279.0,NZDUSD,2011-06-17 09:00:00+00:00,-0.9999999999999942,near_1bar,275.0,2011-06-17 08:00:00+00:00,0.880991393912151,0.0,1.8809913939121452
280.0,NZDCAD,2011-06-17 13:00:00+00:00,2.0787072895094956,none,,,,,
281.0,CHFJPY,2011-06-21 01:00:00+00:00,3.5422493549039227,none,,,,,
282.0,USDCHF,2011-06-22 17:00:00+00:00,-0.9999999999999967,near_1bar,277.0,2011-06-22 16:00:00+00:00,0.5463905954663636,0.0,1.5463905954663604
283.0,CADCHF,2011-06-23 17:00:00+00:00,-1.000000000000004,near_1bar,280.0,2011-06-23 16:00:00+00:00,0.8928652056477563,0.0,1.8928652056477602
284.0,CADJPY,2011-06-27 01:00:00+00:00,-1.0000000000000067,near_1bar,281.0,2011-06-27 00:00:00+00:00,1.408377390506091,0.0,2.4083773905060974
285.0,USDCHF,2011-06-28 01:00:00+00:00,-1.0000000000000078,near_1bar,283.0,2011-06-28 00:00:00+00:00,0.696383635824614,0.0,1.6963836358246218
286.0,NZDCHF,2011-06-29 05:00:00+00:00,-0.999999999999998,near_1bar,284.0,2011-06-29 08:00:00+00:00,0.7835079058459564,1.0,1.7835079058459544
287.0,CADCHF,2011-06-29 09:00:00+00:00,-1.0000000000000013,near_1bar,286.0,2011-06-29 12:00:00+00:00,0.7132839006713867,1.0,1.713283900671388
288.0,AUDNZD,2011-07-05 13:00:00+00:00,-1.0000000000000013,near_1bar,289.0,2011-07-05 16:00:00+00:00,-1.0,1.0,1.3322676295501878e-15
289.0,EURNZD,2011-07-05 13:00:00+00:00,-0.9999999999999989,none,,,,,
290.0,AUDJPY,2011-07-10 21:00:00+00:00,-0.9999999999999984,none,,,,,
291.0,AUDCHF,2011-07-11 01:00:00+00:00,-0.9999999999999988,near_1bar,290.0,2011-07-11 00:00:00+00:00,-1.0,0.0,-1.2212453270876722e-15
292.0,USDJPY,2011-07-11 21:00:00+00:00,-1.0000000000000073,near_1bar,292.0,2011-07-11 20:00:00+00:00,-1.0,0.0,7.327471962526033e-15
293.0,AUDNZD,2011-07-12 01:00:00+00:00,-0.9999999999999887,near_1bar,294.0,2011-07-12 04:00:00+00:00,-1.0,1.0,-1.1324274851176597e-14
294.0,USDCAD,2011-07-12 01:00:00+00:00,-0.9999999999999931,near_1bar,293.0,2011-07-12 00:00:00+00:00,0.8883941974312097,0.0,1.8883941974312028
295.0,CADJPY,2011-07-12 09:00:00+00:00,-1.000000000000007,none,,,,,
296.0,CHFJPY,2011-07-12 09:00:00+00:00,-1.0000000000000049,near_1bar,295.0,2011-07-12 08:00:00+00:00,0.7219920481264195,0.0,1.7219920481264244
297.0,NZDCAD,2011-07-12 09:00:00+00:00,-1.000000000000007,near_1bar,296.0,2011-07-12 08:00:00+00:00,1.6369422851214122,0.0,2.6369422851214193
298.0,AUDCAD,2011-07-13 05:00:00+00:00,-1.0000000000000053,none,,,,,
299.0,AUDUSD,2011-07-13 05:00:00+00:00,-0.9999999999999926,none,,,,,
300.0,NZDUSD,2011-07-13 05:00:00+00:00,-1.0000000000000056,none,,,,,
301.0,EURUSD,2011-07-13 13:00:00+00:00,-0.37315425923752615,near_1bar,299.0,2011-07-13 12:00:00+00:00,0.6442644564407837,0.0,1.0174187156783099
302.0,NZDJPY,2011-07-13 21:00:00+00:00,-1.0000000000000058,near_1bar,301.0,2011-07-13 20:00:00+00:00,-1.0,0.0,5.773159728050814e-15
303.0,NZDCHF,2011-07-19 05:00:00+00:00,-1.0000000000000049,none,,,,,
304.0,GBPCAD,2011-07-20 17:00:00+00:00,3.7826075505824233,none,,,,,
305.0,AUDCAD,2011-07-22 09:00:00+00:00,-1.0000000000000089,near_1bar,303.0,2011-07-22 08:00:00+00:00,0.9673541484497157,0.0,1.9673541484497246
306.0,NZDCHF,2011-07-26 01:00:00+00:00,-1.000000000000006,none,,,,,
307.0,GBPAUD,2011-07-26 13:00:00+00:00,-1.000000000000009,near_1bar,304.0,2011-07-26 16:00:00+00:00,3.574800607798961,1.0,4.57480060779897
308.0,EURJPY,2011-07-29 13:00:00+00:00,-0.9999999999999996,near_1bar,306.0,2011-07-29 12:00:00+00:00,0.7709535025807381,0.0,1.7709535025807377
309.0,GBPJPY,2011-07-29 13:00:00+00:00,-1.0000000000000009,none,,,,,
310.0,NZDJPY,2011-08-03 01:00:00+00:00,-1.0000000000000075,none,,,,,
311.0,GBPJPY,2011-08-03 21:00:00+00:00,-1.0000000000000029,near_1bar,309.0,2011-08-04 00:00:00+00:00,-1.0,1.0,2.886579864025407e-15
312.0,AUDJPY,2011-08-04 01:00:00+00:00,-0.9999999999999966,near_1bar,307.0,2011-08-04 00:00:00+00:00,-1.0,0.0,-3.4416913763379853e-15
313.0,EURJPY,2011-08-04 01:00:00+00:00,-0.9999999999999999,near_1bar,308.0,2011-08-04 00:00:00+00:00,-1.0,0.0,-1.1102230246251565e-16
314.0,GBPUSD,2011-08-09 17:00:00+00:00,-1.000000000000001,near_1bar,310.0,2011-08-09 20:00:00+00:00,0.41410388217909255,1.0,1.4141038821790937
315.0,GBPAUD,2011-08-15 01:00:00+00:00,-0.999999999999998,none,,,,,
316.0,CHFJPY,2011-08-15 13:00:00+00:00,-0.9999999999999983,none,,,,,
317.0,USDCAD,2011-08-17 13:00:00+00:00,-1.000000000000006,none,,,,,
318.0,CHFJPY,2011-08-19 09:00:00+00:00,-1.000000000000003,none,,,,,
319.0,USDJPY,2011-08-19 17:00:00+00:00,0.6096179024494485,near_1bar,313.0,2011-08-19 16:00:00+00:00,0.6006148254877991,0.0,-0.00900307696164937
320.0,EURAUD,2011-08-29 05:00:00+00:00,-1.0000000000000024,none,,,,,
321.0,USDCAD,2011-08-29 13:00:00+00:00,4.937823886988261,none,,,,,
322.0,EURCAD,2011-08-30 17:00:00+00:00,-1.0000000000000044,none,,,,,
323.0,GBPJPY,2011-08-31 21:00:00+00:00,-1.000000000000004,near_1bar,319.0,2011-08-31 20:00:00+00:00,-1.0,0.0,3.9968028886505635e-15
324.0,GBPUSD,2011-09-02 09:00:00+00:00,-0.9999999999999992,none,,,,,
325.0,USDCAD,2011-09-02 09:00:00+00:00,3.7622134542690664,none,,,,,
326.0,EURJPY,2011-09-02 21:00:00+00:00,-1.0000000000000084,none,,,,,
327.0,GBPCHF,2011-09-06 09:00:00+00:00,0.7144537074637841,near_1bar,323.0,2011-09-06 08:00:00+00:00,0.6614366541178046,0.0,-0.053017053345979503
328.0,NZDCAD,2011-09-12 01:00:00+00:00,-0.9999999999999942,none,,,,,
329.0,AUDJPY,2011-09-12 09:00:00+00:00,-1.0000000000000033,none,,,,,
330.0,AUDUSD,2011-09-12 09:00:00+00:00,-0.9999999999999947,none,,,,,
331.0,NZDJPY,2011-09-12 09:00:00+00:00,-1.0000000000000007,near_1bar,326.0,2011-09-12 08:00:00+00:00,0.44597736228374013,0.0,1.4459773622837409
332.0,NZDUSD,2011-09-12 09:00:00+00:00,-0.9999999999999979,near_1bar,327.0,2011-09-12 08:00:00+00:00,-1.0,0.0,-2.1094237467877974e-15
333.0,CADJPY,2011-09-12 13:00:00+00:00,-0.9999999999999936,near_1bar,328.0,2011-09-12 16:00:00+00:00,0.6899257820074899,1.0,1.6899257820074833
334.0,AUDNZD,2011-09-14 17:00:00+00:00,-1.0000000000000067,near_1bar,330.0,2011-09-14 16:00:00+00:00,0.6428376155287139,0.0,1.6428376155287205
335.0,NZDCAD,2011-09-15 13:00:00+00:00,-0.9999999999999951,none,,,,,
336.0,USDCAD,2011-09-15 21:00:00+00:00,5.039861854772145,near_1bar,331.0,2011-09-15 20:00:00+00:00,1.7939027608081044,0.0,-3.24595909396404
337.0,GBPNZD,2011-09-19 05:00:00+00:00,6.804947973994324,near_1bar,333.0,2011-09-19 04:00:00+00:00,1.5004707308768488,0.0,-5.304477243117475
338.0,USDJPY,2011-09-19 17:00:00+00:00,-1.0000000000000047,near_1bar,334.0,2011-09-19 16:00:00+00:00,0.6380127311560334,0.0,1.6380127311560382
339.0,CADCHF,2011-09-22 17:00:00+00:00,-1.0000000000000038,near_1bar,335.0,2011-09-22 16:00:00+00:00,-1.0,0.0,3.774758283725532e-15
340.0,EURGBP,2011-09-26 05:00:00+00:00,-1.0000000000000047,near_1bar,337.0,2011-09-26 08:00:00+00:00,0.2499126108734271,1.0,1.2499126108734318
341.0,EURCHF,2011-09-30 13:00:00+00:00,1.416125040031365,near_1bar,338.0,2011-09-30 12:00:00+00:00,0.9299764920140984,0.0,-0.4861485480172666
342.0,EURAUD,2011-10-10 01:00:00+00:00,-1.0000000000000069,none,,,,,
343.0,USDCHF,2011-10-12 17:00:00+00:00,-0.9999999999999989,none,,,,,
344.0,EURNZD,2011-10-17 13:00:00+00:00,-1.0000000000000082,near_1bar,343.0,2011-10-17 12:00:00+00:00,0.4287862269453125,0.0,1.4287862269453206
345.0,GBPCAD,2011-10-17 13:00:00+00:00,-0.9999999999999949,near_1bar,344.0,2011-10-17 12:00:00+00:00,0.503111406275283,0.0,1.503111406275278
346.0,GBPNZD,2011-10-17 17:00:00+00:00,-1.0000000000000027,none,,,,,
347.0,CADCHF,2011-10-18 05:00:00+00:00,-0.9999999999999993,near_1bar,345.0,2011-10-18 04:00:00+00:00,0.6206156718483591,0.0,1.6206156718483584
348.0,USDCAD,2011-10-18 09:00:00+00:00,-0.9999999999999898,none,,,,,
349.0,USDCHF,2011-10-20 13:00:00+00:00,-1.0000000000000029,near_1bar,347.0,2011-10-20 12:00:00+00:00,0.8706271002528116,0.0,1.8706271002528145
350.0,GBPCHF,2011-10-21 05:00:00+00:00,-0.9999999999999989,near_1bar,348.0,2011-10-21 08:00:00+00:00,1.0147164520055245,1.0,2.0147164520055236
351.0,NZDCHF,2011-10-21 05:00:00+00:00,-0.9999999999999981,near_1bar,349.0,2011-10-21 08:00:00+00:00,0.548811623382127,1.0,1.5488116233821252
352.0,CADCHF,2011-10-21 21:00:00+00:00,-1.0000000000000033,near_1bar,350.0,2011-10-21 20:00:00+00:00,0.6840490599297709,0.0,1.6840490599297744
353.0,EURCAD,2011-10-24 13:00:00+00:00,-1.0000000000000024,none,,,,,
354.0,CADJPY,2011-10-25 21:00:00+00:00,-1.0000000000000047,near_1bar,353.0,2011-10-26 00:00:00+00:00,1.447451504005992,1.0,2.447451504005997
355.0,NZDJPY,2011-10-25 21:00:00+00:00,-0.9999999999999968,near_1bar,352.0,2011-10-25 20:00:00+00:00,1.2642280602889033,0.0,2.2642280602889002
356.0,EURCHF,2011-10-26 01:00:00+00:00,-1.0000000000000022,none,,,,,
357.0,EURGBP,2011-10-26 05:00:00+00:00,-1.0000000000000044,none,,,,,
358.0,AUDCHF,2011-10-26 13:00:00+00:00,-1.000000000000004,near_1bar,354.0,2011-10-26 12:00:00+00:00,0.5823710638113171,0.0,1.582371063811321
359.0,CADCHF,2011-10-27 01:00:00+00:00,-1.0000000000000038,near_1bar,355.0,2011-10-27 00:00:00+00:00,0.6027564490568951,0.0,1.6027564490568988
360.0,NZDCHF,2011-10-27 01:00:00+00:00,-0.9999999999999939,near_1bar,356.0,2011-10-27 00:00:00+00:00,0.5237242624855605,0.0,1.5237242624855543
361.0,USDJPY,2011-10-31 02:00:00+00:00,-0.9999999999999991,near_1bar,357.0,2011-10-31 00:00:00+00:00,-1.0,0.0,-8.881784197001252e-16
362.0,GBPUSD,2011-11-01 14:00:00+00:00,-1.000000000000004,none,,,,,
363.0,NZDUSD,2011-11-02 06:00:00+00:00,-1.0000000000000033,none,,,,,
364.0,EURUSD,2011-11-04 02:00:00+00:00,-0.9999999999999989,none,,,,,
365.0,AUDUSD,2011-11-11 14:00:00+00:00,-1.0000000000000013,near_1bar,364.0,2011-11-11 12:00:00+00:00,-1.0,0.0,1.3322676295501878e-15
366.0,AUDCAD,2011-11-13 22:00:00+00:00,-1.0000000000000042,near_1bar,365.0,2011-11-13 20:00:00+00:00,-1.0,0.0,4.218847493575595e-15
367.0,NZDCHF,2011-11-16 06:00:00+00:00,-0.9999999999999969,none,,,,,
368.0,EURCAD,2011-11-17 10:00:00+00:00,-0.9999999999999895,none,,,,,
369.0,AUDCHF,2011-11-18 10:00:00+00:00,-0.9999999999999956,near_1bar,368.0,2011-11-18 08:00:00+00:00,1.100147357109627,0.0,2.1001473571096225
370.0,USDJPY,2011-11-18 14:00:00+00:00,-0.9999999999999906,near_1bar,369.0,2011-11-18 12:00:00+00:00,1.1397297616506328,0.0,2.1397297616506235
371.0,CADCHF,2011-11-21 22:00:00+00:00,-0.9999999999999942,none,,,,,
372.0,GBPJPY,2011-11-21 22:00:00+00:00,-1.0000000000000062,none,,,,,
373.0,CADCHF,2011-11-25 10:00:00+00:00,5.760447793546959,near_1bar,371.0,2011-11-25 12:00:00+00:00,1.0420581647170357,0.0,-4.718389628829923
374.0,GBPCHF,2011-11-25 10:00:00+00:00,-1.000000000000011,near_1bar,372.0,2011-11-25 12:00:00+00:00,0.8386782495640275,0.0,1.8386782495640386
375.0,GBPCAD,2011-11-29 06:00:00+00:00,-1.0000000000000093,none,,,,,
376.0,GBPAUD,2011-11-29 10:00:00+00:00,-1.0,none,,,,,
377.0,EURAUD,2011-11-29 18:00:00+00:00,-1.0000000000000018,near_1bar,373.0,2011-11-29 20:00:00+00:00,-1.0,0.0,1.7763568394002505e-15
378.0,EURGBP,2011-12-07 14:00:00+00:00,-1.0000000000000095,none,,,,,
379.0,GBPUSD,2011-12-12 10:00:00+00:00,-0.9999999999999941,near_1bar,379.0,2011-12-12 08:00:00+00:00,0.22153314773993182,0.0,1.221533147739926
380.0,NZDCHF,2011-12-15 10:00:00+00:00,6.817223164088321,none,,,,,
381.0,AUDCHF,2011-12-15 22:00:00+00:00,-1.0000000000000036,none,,,,,
382.0,AUDNZD,2011-12-16 18:00:00+00:00,-0.9999999999999902,near_1bar,382.0,2011-12-16 16:00:00+00:00,-1.0,0.0,-9.769962616701378e-15
383.0,USDJPY,2011-12-28 14:00:00+00:00,-1.0000000000000018,near_1bar,387.0,2011-12-28 12:00:00+00:00,0.2447208637688973,0.0,1.2447208637688991
384.0,USDCAD,2012-01-03 06:00:00+00:00,-0.9999999999999865,none,,,,,
385.0,USDCHF,2012-01-03 22:00:00+00:00,-0.9999999999999978,near_1bar,389.0,2012-01-04 00:00:00+00:00,1.172872274169781,0.0,2.172872274169779
386.0,AUDJPY,2012-01-09 02:00:00+00:00,13.237636842388877,near_1bar,391.0,2012-01-09 04:00:00+00:00,1.861378673100109,0.0,-11.376258169288768
387.0,CADJPY,2012-01-10 02:00:00+00:00,11.931111316455093,none,,,,,
388.0,USDCAD,2012-01-18 10:00:00+00:00,-1.0000000000000182,none,,,,,
389.0,CADCHF,2012-01-23 02:00:00+00:00,-1.000000000000002,none,,,,,
390.0,AUDCHF,2012-01-30 10:00:00+00:00,-0.9999999999999996,none,,,,,
391.0,EURGBP,2012-02-01 06:00:00+00:00,-0.9999999999999966,none,,,,,
392.0,EURGBP,2012-02-06 14:00:00+00:00,0.25222828584646545,none,,,,,
393.0,CADCHF,2012-02-10 10:00:00+00:00,-1.0000000000000102,near_1bar,406.0,2012-02-10 12:00:00+00:00,0.5457560768578777,0.0,1.545756076857888
394.0,GBPCAD,2012-02-15 18:00:00+00:00,-1.0000000000000016,near_1bar,411.0,2012-02-15 20:00:00+00:00,0.9051446257388629,0.0,1.9051446257388645
395.0,NZDUSD,2012-02-16 10:00:00+00:00,-0.9999999999999989,none,,,,,
396.0,EURUSD,2012-02-16 14:00:00+00:00,0.05142774142441313,near_1bar,413.0,2012-02-16 12:00:00+00:00,1.112210343619353,0.0,1.0607826021949398
397.0,AUDCHF,2012-02-21 10:00:00+00:00,-1.0000000000000038,none,,,,,
398.0,NZDCAD,2012-02-23 02:00:00+00:00,-1.0000000000000036,near_1bar,418.0,2012-02-23 00:00:00+00:00,0.6131219203037265,0.0,1.6131219203037301
399.0,AUDCAD,2012-02-23 06:00:00+00:00,-0.9999999999999805,none,,,,,
400.0,NZDCHF,2012-02-23 10:00:00+00:00,-1.0000000000000087,none,,,,,
401.0,NZDCHF,2012-02-29 10:00:00+00:00,-1.0000000000000018,near_1bar,420.0,2012-02-29 08:00:00+00:00,-1.0,0.0,1.7763568394002505e-15
402.0,GBPCHF,2012-02-29 14:00:00+00:00,4.093933587226219,none,,,,,
403.0,AUDCHF,2012-03-01 10:00:00+00:00,-1.0000000000000004,near_1bar,421.0,2012-03-01 08:00:00+00:00,-1.0,0.0,4.440892098500626e-16
404.0,EURCAD,2012-03-02 14:00:00+00:00,-1.000000000000003,none,,,,,
405.0,NZDJPY,2012-03-07 14:00:00+00:00,-0.9999999999999961,none,,,,,
406.0,GBPUSD,2012-03-12 06:00:00+00:00,-0.9999999999999919,none,,,,,
407.0,EURCAD,2012-03-12 10:00:00+00:00,-0.9999999999999925,near_1bar,426.0,2012-03-12 12:00:00+00:00,1.026110010110231,0.0,2.0261100101102234
408.0,EURGBP,2012-03-14 22:00:00+00:00,-1.000000000000003,none,,,,,
409.0,GBPUSD,2012-03-15 14:00:00+00:00,4.2150689686206935,none,,,,,
410.0,GBPCAD,2012-03-16 10:00:00+00:00,5.400018940920014,near_1bar,430.0,2012-03-16 12:00:00+00:00,0.9208163867624364,0.0,-4.4792025541575775
411.0,EURCAD,2012-03-16 14:00:00+00:00,-0.9999999999999932,near_1bar,428.0,2012-03-16 12:00:00+00:00,0.9239106958519243,0.0,1.9239106958519177
412.0,EURGBP,2012-03-22 10:00:00+00:00,-1.000000000000007,none,,,,,
413.0,AUDNZD,2012-03-25 21:00:00+00:00,-1.0000000000000124,near_1bar,434.0,2012-03-25 20:00:00+00:00,0.1881736353567635,0.0,1.188173635356776
414.0,EURCHF,2012-03-25 21:00:00+00:00,-0.999999999999998,near_1bar,435.0,2012-03-25 20:00:00+00:00,-1.0,0.0,-1.9984014443252818e-15
415.0,USDCHF,2012-03-26 01:00:00+00:00,-1.0000000000000053,none,,,,,
416.0,CADCHF,2012-03-27 05:00:00+00:00,-0.9999999999999986,none,,,,,
417.0,CADJPY,2012-03-29 13:00:00+00:00,-0.9999999999999969,near_1bar,438.0,2012-03-29 12:00:00+00:00,-1.0,0.0,-3.1086244689504383e-15
418.0,USDCHF,2012-03-29 13:00:00+00:00,-0.9999999999999948,none,,,,,
419.0,USDJPY,2012-03-29 13:00:00+00:00,-1.0000000000000027,near_1bar,439.0,2012-03-29 12:00:00+00:00,-1.0,0.0,2.6645352591003757e-15
420.0,AUDJPY,2012-03-29 17:00:00+00:00,-1.0000000000000067,near_1bar,440.0,2012-03-29 16:00:00+00:00,-1.0,0.0,6.661338147750939e-15
421.0,EURNZD,2012-04-02 17:00:00+00:00,-0.9999999999999964,none,,,,,
422.0,EURJPY,2012-04-03 01:00:00+00:00,-0.9999999999999949,none,,,,,
423.0,USDCAD,2012-04-03 05:00:00+00:00,-1.000000000000008,none,,,,,
424.0,CADCHF,2012-04-03 17:00:00+00:00,-0.9999999999999913,none,,,,,
425.0,USDCHF,2012-04-03 17:00:00+00:00,7.653738275568714,none,,,,,
426.0,USDJPY,2012-04-03 17:00:00+00:00,-0.999999999999997,near_1bar,445.0,2012-04-03 16:00:00+00:00,-1.0,0.0,-2.9976021664879227e-15
427.0,EURUSD,2012-04-04 17:00:00+00:00,-0.9999999999999976,near_1bar,446.0,2012-04-04 20:00:00+00:00,-1.0,1.0,-2.4424906541753444e-15
428.0,NZDCAD,2012-04-04 21:00:00+00:00,-0.9999999999999919,near_1bar,447.0,2012-04-05 00:00:00+00:00,0.7287363276812342,1.0,1.7287363276812262
429.0,GBPJPY,2012-04-05 17:00:00+00:00,-0.9999999999999982,none,,,,,
430.0,NZDJPY,2012-04-09 09:00:00+00:00,-1.000000000000005,none,,,,,
431.0,GBPNZD,2012-04-09 21:00:00+00:00,-1.000000000000007,none,,,,,
432.0,NZDUSD,2012-04-10 17:00:00+00:00,-1.0000000000000042,none,,,,,
433.0,EURUSD,2012-04-12 09:00:00+00:00,-1.0000000000000007,none,,,,,
434.0,EURAUD,2012-04-13 01:00:00+00:00,-1.0000000000000087,near_1bar,453.0,2012-04-13 00:00:00+00:00,0.55912305032526,0.0,1.5591230503252687
435.0,GBPNZD,2012-04-16 13:00:00+00:00,5.998719256550461,near_1bar,454.0,2012-04-16 16:00:00+00:00,3.1216319900100427,1.0,-2.8770872665404186
436.0,NZDCHF,2012-04-17 09:00:00+00:00,-0.9999999999999901,near_1bar,455.0,2012-04-17 08:00:00+00:00,-1.0,0.0,-9.880984919163893e-15
437.0,EURCAD,2012-04-17 17:00:00+00:00,-1.0000000000000098,near_1bar,456.0,2012-04-17 16:00:00+00:00,-1.0,0.0,9.769962616701378e-15
438.0,USDCHF,2012-04-23 01:00:00+00:00,-1.000000000000009,near_1bar,458.0,2012-04-23 00:00:00+00:00,2.0635867040879887,0.0,3.0635867040879976
439.0,AUDUSD,2012-04-23 17:00:00+00:00,-1.000000000000012,near_1bar,459.0,2012-04-23 20:00:00+00:00,0.4963268789143433,1.0,1.4963268789143553
440.0,AUDJPY,2012-04-24 05:00:00+00:00,-0.9999999999999937,near_1bar,460.0,2012-04-24 04:00:00+00:00,-1.0,0.0,-6.328271240363392e-15
441.0,AUDCHF,2012-04-24 21:00:00+00:00,-1.0000000000000049,near_1bar,461.0,2012-04-24 20:00:00+00:00,0.22690264956119255,0.0,1.2269026495611974
442.0,USDCHF,2012-04-26 21:00:00+00:00,-1.0000000000000016,none,,,,,
443.0,CHFJPY,2012-04-27 01:00:00+00:00,-0.9999999999999959,none,,,,,
444.0,AUDCAD,2012-04-27 09:00:00+00:00,-1.000000000000006,none,,,,,
445.0,CADJPY,2012-05-01 13:00:00+00:00,-0.9999999999999979,near_1bar,465.0,2012-05-01 12:00:00+00:00,-1.0,0.0,-2.1094237467877974e-15
446.0,USDCHF,2012-05-02 05:00:00+00:00,10.04544377556718,none,,,,,
447.0,EURCAD,2012-05-02 13:00:00+00:00,-0.9999999999999863,near_1bar,466.0,2012-05-02 12:00:00+00:00,-1.0,0.0,-1.3655743202889425e-14
448.0,EURCHF,2012-05-07 05:00:00+00:00,-0.999999999999932,none,,,,,
449.0,AUDCHF,2012-05-14 09:00:00+00:00,-0.9999999999999987,near_1bar,468.0,2012-05-14 12:00:00+00:00,0.6758891967519944,1.0,1.675889196751993
450.0,NZDCHF,2012-05-14 13:00:00+00:00,-0.9999999999999988,none,,,,,
451.0,GBPCAD,2012-05-16 13:00:00+00:00,-1.0000000000000064,none,,,,,
452.0,GBPJPY,2012-05-16 21:00:00+00:00,-0.999999999999997,near_1bar,469.0,2012-05-16 20:00:00+00:00,-1.0,0.0,-2.9976021664879227e-15
453.0,CADCHF,2012-05-21 01:00:00+00:00,7.948418108175321,near_1bar,470.0,2012-05-21 04:00:00+00:00,1.0174924800618554,1.0,-6.9309256281134655
454.0,GBPAUD,2012-05-28 21:00:00+00:00,-0.9999999999999911,none,,,,,
455.0,EURGBP,2012-05-30 05:00:00+00:00,-0.9999999999999909,near_1bar,473.0,2012-05-30 04:00:00+00:00,1.1067788407377215,0.0,2.1067788407377126
456.0,EURAUD,2012-06-01 09:00:00+00:00,-0.9999999999999889,near_1bar,474.0,2012-06-01 08:00:00+00:00,-1.0,0.0,-1.1102230246251565e-14
457.0,GBPCHF,2012-06-05 09:00:00+00:00,-0.9999999999999911,none,,,,,
458.0,USDCHF,2012-06-07 13:00:00+00:00,-0.9999999999999958,near_1bar,476.0,2012-06-07 12:00:00+00:00,1.5111193332697213,0.0,2.511119333269717
459.0,EURGBP,2012-06-13 09:00:00+00:00,-1.0000000000000049,none,,,,,
460.0,AUDNZD,2012-06-13 17:00:00+00:00,-0.9999999999999937,none,,,,,
461.0,USDCHF,2012-06-13 17:00:00+00:00,-0.9999999999999949,none,,,,,
462.0,CADCHF,2012-06-15 17:00:00+00:00,-1.0000000000000027,near_1bar,479.0,2012-06-15 20:00:00+00:00,0.9085475557001892,1.0,1.9085475557001919
463.0,EURCHF,2012-06-20 17:00:00+00:00,-0.9999999999997978,none,,,,,
464.0,CADCHF,2012-06-21 05:00:00+00:00,10.704540100722262,none,,,,,
465.0,EURGBP,2012-06-22 09:00:00+00:00,-0.9999999999999966,near_1bar,480.0,2012-06-22 08:00:00+00:00,-1.0,0.0,-3.4416913763379853e-15
466.0,EURCAD,2012-06-27 05:00:00+00:00,-1.0000000000000093,near_1bar,481.0,2012-06-27 04:00:00+00:00,0.8808635282586015,0.0,1.8808635282586108
467.0,GBPCAD,2012-06-27 17:00:00+00:00,-1.0000000000000087,none,,,,,
468.0,EURGBP,2012-06-28 01:00:00+00:00,-1.0000000000000087,none,,,,,
469.0,CADJPY,2012-06-28 17:00:00+00:00,4.599320142940268,none,,,,,
470.0,EURCAD,2012-07-02 13:00:00+00:00,-1.000000000000008,none,,,,,
471.0,GBPJPY,2012-07-10 09:00:00+00:00,-0.9999999999999949,none,,,,,
472.0,USDJPY,2012-07-11 13:00:00+00:00,-1.000000000000003,near_1bar,486.0,2012-07-11 12:00:00+00:00,-1.0,0.0,3.1086244689504383e-15
473.0,GBPJPY,2012-07-16 13:00:00+00:00,-0.9999999999999949,none,,,,,
474.0,EURCHF,2012-07-20 17:00:00+00:00,24.66262667594173,near_1bar,488.0,2012-07-20 16:00:00+00:00,0.6600261349319164,0.0,-24.002600541009816
475.0,NZDCHF,2012-07-25 01:00:00+00:00,-1.0000000000000038,near_1bar,491.0,2012-07-25 00:00:00+00:00,1.342923439610206,0.0,2.34292343961021
476.0,AUDJPY,2012-07-25 05:00:00+00:00,3.1129625018877634,near_1bar,492.0,2012-07-25 08:00:00+00:00,1.1575965488312034,1.0,-1.95536595305656
477.0,CADJPY,2012-07-26 09:00:00+00:00,5.968526026968439,near_1bar,494.0,2012-07-26 08:00:00+00:00,1.3445412604439075,0.0,-4.623984766524531
478.0,NZDUSD,2012-07-26 09:00:00+00:00,-1.0000000000000033,none,,,,,
479.0,NZDJPY,2012-07-26 13:00:00+00:00,-0.999999999999999,none,,,,,
480.0,USDCHF,2012-07-27 05:00:00+00:00,-1.0000000000000073,none,,,,,
481.0,GBPCAD,2012-07-31 17:00:00+00:00,-0.9999999999999888,near_1bar,497.0,2012-07-31 16:00:00+00:00,0.17032707650201667,0.0,1.1703270765020055
482.0,GBPCHF,2012-08-01 17:00:00+00:00,-0.999999999999992,near_1bar,498.0,2012-08-01 16:00:00+00:00,-1.0,0.0,-7.993605777301127e-15
483.0,EURCHF,2012-08-07 21:00:00+00:00,5.05481636002361,none,,,,,
484.0,AUDCAD,2012-08-09 01:00:00+00:00,-0.9999999999999866,near_1bar,500.0,2012-08-09 00:00:00+00:00,-1.0,0.0,-1.3433698597964394e-14
485.0,EURCHF,2012-08-13 21:00:00+00:00,18.338363703320805,near_1bar,502.0,2012-08-13 20:00:00+00:00,1.9415885648448974,0.0,-16.39677513847591
486.0,AUDCHF,2012-08-15 09:00:00+00:00,-0.999999999999995,near_1bar,503.0,2012-08-15 08:00:00+00:00,-1.0,0.0,-4.9960036108132044e-15
487.0,NZDCHF,2012-08-15 13:00:00+00:00,-1.0000000000000087,none,,,,,
488.0,NZDUSD,2012-08-15 13:00:00+00:00,-1.000000000000003,near_1bar,504.0,2012-08-15 16:00:00+00:00,0.664711445474099,1.0,1.664711445474102
489.0,AUDUSD,2012-08-20 01:00:00+00:00,-1.0000000000000107,none,,,,,
490.0,EURCHF,2012-08-21 09:00:00+00:00,-1.000000000000118,none,,,,,
491.0,CADCHF,2012-08-24 09:00:00+00:00,-1.0,near_1bar,508.0,2012-08-24 12:00:00+00:00,0.44654648953401105,1.0,1.446546489534011
492.0,EURCHF,2012-08-26 21:00:00+00:00,-0.999999999999768,none,,,,,
493.0,GBPJPY,2012-08-28 09:00:00+00:00,4.501873015525601,near_1bar,509.0,2012-08-28 08:00:00+00:00,0.8524482310565662,0.0,-3.649424784469035
494.0,AUDNZD,2012-08-29 05:00:00+00:00,-0.9999999999999869,none,,,,,
495.0,USDJPY,2012-08-31 21:00:00+00:00,-0.9999999999999947,none,,,,,
496.0,USDCAD,2012-09-04 13:00:00+00:00,-0.9999999999999973,none,,,,,
497.0,EURCAD,2012-09-05 05:00:00+00:00,9.659569533523433,near_1bar,515.0,2012-09-05 04:00:00+00:00,0.635006945914565,0.0,-9.024562587608868
498.0,GBPCAD,2012-09-11 13:00:00+00:00,4.170005835571133,near_1bar,517.0,2012-09-11 12:00:00+00:00,1.326087092841861,0.0,-2.843918742729272
499.0,CADCHF,2012-09-13 09:00:00+00:00,-0.9999999999999912,near_1bar,518.0,2012-09-13 12:00:00+00:00,-1.0,1.0,-8.770761894538737e-15
500.0,AUDCHF,2012-09-17 05:00:00+00:00,-0.9999999999999979,none,,,,,
501.0,AUDCHF,2012-09-21 01:00:00+00:00,-1.0000000000000002,near_1bar,519.0,2012-09-21 00:00:00+00:00,0.05142710097793335,0.0,1.0514271009779335
502.0,AUDCAD,2012-09-26 09:00:00+00:00,-0.9999999999999905,near_1bar,520.0,2012-09-26 08:00:00+00:00,0.5882303378853567,0.0,1.588230337885347
503.0,AUDUSD,2012-09-26 21:00:00+00:00,-1.0000000000000002,near_1bar,523.0,2012-09-27 00:00:00+00:00,-1.0,1.0,2.220446049250313e-16
504.0,GBPUSD,2012-09-26 21:00:00+00:00,-0.9999999999999962,none,,,,,
505.0,AUDJPY,2012-09-27 09:00:00+00:00,-0.9999999999999923,near_1bar,524.0,2012-09-27 08:00:00+00:00,1.1237126641664923,0.0,2.1237126641664847
506.0,EURCHF,2012-09-27 13:00:00+00:00,-0.9999999999999921,near_1bar,526.0,2012-09-27 16:00:00+00:00,-1.0,1.0,-7.882583474838611e-15
507.0,EURAUD,2012-09-27 17:00:00+00:00,-0.9999999999999901,near_1bar,525.0,2012-09-27 16:00:00+00:00,1.9257679128789984,0.0,2.9257679128789884
508.0,GBPNZD,2012-09-27 21:00:00+00:00,-0.9999999999999952,none,,,,,
509.0,CADJPY,2012-09-28 05:00:00+00:00,7.768963057016308,none,,,,,
510.0,EURCAD,2012-10-01 01:00:00+00:00,4.07508323023575,none,,,,,
511.0,GBPUSD,2012-10-02 13:00:00+00:00,-0.9999999999999886,none,,,,,
512.0,CADCHF,2012-10-03 01:00:00+00:00,-1.000000000000013,none,,,,,
513.0,GBPNZD,2012-10-03 01:00:00+00:00,-1.000000000000003,none,,,,,
514.0,NZDUSD,2012-10-03 21:00:00+00:00,-0.9999999999999928,near_1bar,531.0,2012-10-03 20:00:00+00:00,-1.0,0.0,-7.216449660063518e-15
515.0,NZDCHF,2012-10-04 17:00:00+00:00,-0.9999999999999922,near_1bar,533.0,2012-10-04 16:00:00+00:00,0.8980270915481408,0.0,1.898027091548133
516.0,NZDJPY,2012-10-08 13:00:00+00:00,-0.9999999999999949,near_1bar,536.0,2012-10-08 16:00:00+00:00,1.123331150050528,1.0,2.123331150050523
517.0,GBPJPY,2012-10-08 17:00:00+00:00,-1.0000000000000053,near_1bar,535.0,2012-10-08 16:00:00+00:00,1.355025437401285,0.0,2.3550254374012902
518.0,NZDUSD,2012-10-09 09:00:00+00:00,-0.9999999999999978,none,,,,,
519.0,NZDJPY,2012-10-12 01:00:00+00:00,-0.9999999999999961,near_1bar,538.0,2012-10-12 00:00:00+00:00,1.1515901298712559,0.0,2.151590129871252
520.0,USDCHF,2012-10-19 13:00:00+00:00,-0.9999999999999957,near_1bar,539.0,2012-10-19 12:00:00+00:00,0.5419451104189646,0.0,1.5419451104189603
521.0,CADJPY,2012-10-21 21:00:00+00:00,-0.9999999999999934,none,,,,,
522.0,GBPNZD,2012-10-25 09:00:00+00:00,-0.9999999999999966,near_1bar,540.0,2012-10-25 08:00:00+00:00,-1.0,0.0,-3.4416913763379853e-15
523.0,EURGBP,2012-10-25 21:00:00+00:00,-0.9999999999999918,near_1bar,541.0,2012-10-26 00:00:00+00:00,0.8933968487995392,1.0,1.893396848799531
524.0,EURNZD,2012-10-26 13:00:00+00:00,-1.0000000000000082,none,,,,,
525.0,EURCHF,2012-10-30 02:00:00+00:00,-1.0000000000000548,none,,,,,
526.0,GBPUSD,2012-11-04 22:00:00+00:00,-0.9999999999999943,none,,,,,
527.0,AUDNZD,2012-11-06 02:00:00+00:00,-0.9999999999999936,near_1bar,545.0,2012-11-06 00:00:00+00:00,1.1462466623374432,0.0,2.146246662337437
528.0,EURJPY,2012-11-06 06:00:00+00:00,-0.9999999999999937,none,,,,,
529.0,EURCHF,2012-11-06 14:00:00+00:00,-0.9999999999999462,none,,,,,
530.0,CHFJPY,2012-11-07 02:00:00+00:00,-0.9999999999999963,none,,,,,
531.0,USDCAD,2012-11-07 10:00:00+00:00,-1.0000000000000095,near_1bar,546.0,2012-11-07 08:00:00+00:00,0.8228793688582827,0.0,1.8228793688582923
532.0,USDJPY,2012-11-09 14:00:00+00:00,17.733035042968247,near_1bar,549.0,2012-11-09 12:00:00+00:00,1.9841827076564817,0.0,-15.748852335311765
533.0,NZDJPY,2012-11-13 14:00:00+00:00,17.682625030914267,none,,,,,
534.0,CHFJPY,2012-11-14 06:00:00+00:00,20.48402057103082,near_1bar,552.0,2012-11-14 08:00:00+00:00,1.747332920757245,0.0,-18.736687650273574
535.0,EURJPY,2012-11-14 10:00:00+00:00,21.39284804174594,none,,,,,
536.0,GBPJPY,2012-11-14 10:00:00+00:00,19.65604152930999,none,,,,,
537.0,NZDCAD,2012-11-14 18:00:00+00:00,-0.9999999999999997,near_1bar,553.0,2012-11-14 20:00:00+00:00,1.1739903453930562,0.0,2.173990345393056
538.0,NZDCHF,2012-11-15 22:00:00+00:00,-1.0000000000000098,none,,,,,
539.0,GBPCHF,2012-11-16 06:00:00+00:00,-0.9999999999999967,none,,,,,
540.0,AUDUSD,2012-11-18 22:00:00+00:00,2.9703042966639406,none,,,,,
541.0,NZDCAD,2012-11-20 14:00:00+00:00,-0.9999999999999988,near_1bar,560.0,2012-11-20 16:00:00+00:00,1.4696879153423876,0.0,2.4696879153423863
542.0,AUDCHF,2012-11-21 22:00:00+00:00,-1.0000000000000027,none,,,,,
543.0,CADCHF,2012-11-22 14:00:00+00:00,-1.0000000000000042,none,,,,,
544.0,USDCHF,2012-11-25 22:00:00+00:00,-0.9999999999999928,none,,,,,
545.0,AUDCHF,2012-11-27 06:00:00+00:00,-0.9999999999999927,none,,,,,
546.0,GBPNZD,2012-11-29 10:00:00+00:00,-1.0000000000000069,none,,,,,
547.0,AUDNZD,2012-11-29 14:00:00+00:00,-0.9999999999999778,none,,,,,
548.0,AUDCHF,2012-12-04 06:00:00+00:00,-0.9999999999999982,near_1bar,566.0,2012-12-04 08:00:00+00:00,0.6449377230108148,0.0,1.644937723010813
549.0,USDCAD,2012-12-05 18:00:00+00:00,-0.9999999999999976,near_1bar,568.0,2012-12-05 20:00:00+00:00,1.3383467325751113,0.0,2.3383467325751086
550.0,CADCHF,2012-12-06 14:00:00+00:00,-1.0000000000000024,none,,,,,
551.0,EURAUD,2012-12-07 14:00:00+00:00,11.012905863005951,none,,,,,
552.0,GBPAUD,2012-12-07 14:00:00+00:00,-1.0000000000000087,near_1bar,572.0,2012-12-07 16:00:00+00:00,1.6105870366255137,0.0,2.6105870366255224
553.0,GBPCAD,2012-12-10 10:00:00+00:00,-0.9999999999999872,none,,,,,
554.0,EURCAD,2012-12-12 10:00:00+00:00,9.048127320458647,none,,,,,
555.0,EURCHF,2012-12-18 14:00:00+00:00,9.075399477182426,none,,,,,
556.0,EURNZD,2012-12-18 14:00:00+00:00,-0.9999999999999989,none,,,,,
557.0,AUDCAD,2012-12-21 10:00:00+00:00,-0.9999999999999835,none,,,,,
558.0,AUDUSD,2012-12-24 02:00:00+00:00,-0.9999999999999798,near_1bar,576.0,2012-12-24 00:00:00+00:00,0.806840482693524,0.0,1.8068404826935038
559.0,NZDCAD,2012-12-26 18:00:00+00:00,6.0102304274688665,none,,,,,
560.0,NZDUSD,2012-12-26 18:00:00+00:00,2.5451761228810943,near_1bar,578.0,2012-12-26 16:00:00+00:00,1.200649537311802,0.0,-1.3445265855692923
561.0,AUDCAD,2012-12-28 10:00:00+00:00,-0.9999999999999973,none,,,,,
562.0,AUDUSD,2012-12-30 22:00:00+00:00,-0.9999999999999858,none,,,,,
563.0,EURGBP,2013-01-01 22:00:00+00:00,-1.0000000000000004,none,,,,,
564.0,EURGBP,2013-01-07 10:00:00+00:00,13.31721899742075,near_1bar,584.0,2013-01-07 12:00:00+00:00,2.270306168993332,0.0,-11.04691282842742
565.0,GBPAUD,2013-01-07 10:00:00+00:00,-1.0000000000000007,none,,,,,
566.0,GBPUSD,2013-01-07 14:00:00+00:00,-1.0000000000000042,near_1bar,585.0,2013-01-07 12:00:00+00:00,-1.0,0.0,4.218847493575595e-15
567.0,GBPAUD,2013-01-11 14:00:00+00:00,-1.0000000000000036,none,,,,,
568.0,USDCAD,2013-01-11 18:00:00+00:00,12.654627569525147,none,,,,,
569.0,GBPUSD,2013-01-14 14:00:00+00:00,-1.000000000000012,none,,,,,
570.0,GBPJPY,2013-01-22 10:00:00+00:00,-0.9999999999999978,none,,,,,
571.0,CADJPY,2013-01-23 06:00:00+00:00,3.522498014832002,none,,,,,
572.0,AUDNZD,2013-01-23 14:00:00+00:00,-1.000000000000007,near_1bar,590.0,2013-01-23 16:00:00+00:00,0.8157949536453781,0.0,1.8157949536453852
573.0,CADCHF,2013-01-24 22:00:00+00:00,-1.0000000000000069,near_1bar,592.0,2013-01-24 20:00:00+00:00,-1.0,0.0,6.8833827526759706e-15
574.0,NZDUSD,2013-01-28 18:00:00+00:00,-0.9999999999999951,near_1bar,593.0,2013-01-28 20:00:00+00:00,0.7105915452566915,0.0,1.7105915452566867
575.0,AUDNZD,2013-01-30 02:00:00+00:00,-1.0000000000000053,none,,,,,
576.0,NZDCHF,2013-01-31 10:00:00+00:00,-1.0000000000000029,none,,,,,
577.0,AUDCAD,2013-02-01 10:00:00+00:00,-1.000000000000009,none,,,,,
578.0,EURCHF,2013-02-01 14:00:00+00:00,-1.0000000000000133,near_1bar,596.0,2013-02-01 12:00:00+00:00,-1.0,0.0,1.3322676295501878e-14
579.0,USDCHF,2013-02-06 06:00:00+00:00,-1.0000000000000024,none,,,,,
580.0,NZDCAD,2013-02-07 02:00:00+00:00,2.9718973238237756,none,,,,,
581.0,EURCHF,2013-02-11 18:00:00+00:00,-1.000000000000008,none,,,,,
582.0,AUDCAD,2013-02-13 06:00:00+00:00,5.099298249217113,none,,,,,
583.0,EURCAD,2013-02-14 14:00:00+00:00,-0.9999999999999996,near_1bar,597.0,2013-02-14 12:00:00+00:00,0.7052071513207708,0.0,1.7052071513207703
584.0,CHFJPY,2013-02-14 18:00:00+00:00,-0.9999999999999979,none,,,,,
585.0,EURUSD,2013-02-14 18:00:00+00:00,-0.999999999999989,none,,,,,
586.0,CADJPY,2013-02-15 10:00:00+00:00,-1.0000000000000036,near_1bar,599.0,2013-02-15 08:00:00+00:00,0.46867599295663276,0.0,1.4686759929566362
587.0,EURAUD,2013-02-15 10:00:00+00:00,-1.0000000000000053,near_1bar,601.0,2013-02-15 12:00:00+00:00,-1.0,0.0,5.329070518200751e-15
588.0,EURJPY,2013-02-15 10:00:00+00:00,-1.000000000000002,near_1bar,602.0,2013-02-15 12:00:00+00:00,0.06940575590305265,0.0,1.0694057559030545
589.0,EURNZD,2013-02-15 14:00:00+00:00,-1.0000000000000027,none,,,,,
590.0,GBPAUD,2013-02-15 14:00:00+00:00,-1.0,near_1bar,603.0,2013-02-15 12:00:00+00:00,-1.0,0.0,0.0
591.0,CADCHF,2013-02-20 18:00:00+00:00,-0.9999999999999909,none,,,,,
592.0,AUDJPY,2013-02-22 02:00:00+00:00,-1.000000000000002,none,,,,,
593.0,CADJPY,2013-02-25 02:00:00+00:00,-1.000000000000001,none,,,,,
594.0,NZDJPY,2013-02-25 22:00:00+00:00,-0.9999999999999997,none,,,,,
595.0,USDJPY,2013-02-25 22:00:00+00:00,-0.9999999999999976,none,,,,,
596.0,CADCHF,2013-02-27 14:00:00+00:00,-1.000000000000001,none,,,,,
597.0,NZDCAD,2013-02-27 22:00:00+00:00,-0.9999999999999998,near_1bar,610.0,2013-02-28 00:00:00+00:00,1.0594277135473829,0.0,2.0594277135473824
598.0,NZDCHF,2013-02-27 22:00:00+00:00,3.97914626360185,none,,,,,
599.0,NZDUSD,2013-02-28 02:00:00+00:00,-1.0000000000000049,none,,,,,
600.0,AUDJPY,2013-03-01 14:00:00+00:00,5.312112182220623,none,,,,,
601.0,NZDJPY,2013-03-01 14:00:00+00:00,6.656717850519171,none,,,,,
602.0,EURCAD,2013-03-08 14:00:00+00:00,-0.9999999999999974,near_1bar,613.0,2013-03-08 16:00:00+00:00,-1.0,0.0,-2.55351295663786e-15
603.0,GBPCAD,2013-03-14 14:00:00+00:00,-1.0000000000000029,none,,,,,
604.0,USDCAD,2013-03-17 22:00:00+00:00,-1.0000000000000153,near_1bar,616.0,2013-03-18 00:00:00+00:00,-1.0,0.0,1.532107773982716e-14
605.0,EURNZD,2013-03-19 22:00:00+00:00,-0.9999999999999972,near_1bar,618.0,2013-03-20 00:00:00+00:00,-1.0,0.0,-2.7755575615628914e-15
606.0,CADJPY,2013-03-22 10:00:00+00:00,-1.0000000000000064,none,,,,,
607.0,CHFJPY,2013-03-22 10:00:00+00:00,-0.999999999999997,near_1bar,619.0,2013-03-22 08:00:00+00:00,1.7972029485316388,0.0,2.797202948531636
608.0,EURJPY,2013-03-22 10:00:00+00:00,-0.9999999999999968,near_1bar,620.0,2013-03-22 08:00:00+00:00,1.5543854470512484,0.0,2.5543854470512453
609.0,USDJPY,2013-03-22 10:00:00+00:00,-1.0000000000000027,none,,,,,
610.0,USDCHF,2013-03-25 06:00:00+00:00,-1.0000000000000029,none,,,,,
611.0,GBPJPY,2013-03-25 18:00:00+00:00,-0.9999999999999957,none,,,,,
612.0,EURCHF,2013-03-27 14:00:00+00:00,-1.0000000000000122,none,,,,,
613.0,USDJPY,2013-03-28 10:00:00+00:00,-0.9999999999999959,none,,,,,
614.0,NZDJPY,2013-04-01 09:00:00+00:00,5.171846171518888,none,,,,,
615.0,EURCHF,2013-04-02 13:00:00+00:00,-0.9999999999999748,none,,,,,
616.0,GBPUSD,2013-04-02 21:00:00+00:00,-0.9999999999999998,none,,,,,
617.0,GBPAUD,2013-04-03 05:00:00+00:00,17.338482358850925,none,,,,,
618.0,AUDJPY,2013-04-03 09:00:00+00:00,-0.9999999999999971,near_1bar,629.0,2013-04-03 08:00:00+00:00,2.6735572343102674,0.0,3.6735572343102643
619.0,CHFJPY,2013-04-04 05:00:00+00:00,3.8288373728216394,none,,,,,
620.0,EURJPY,2013-04-04 05:00:00+00:00,6.553370273581719,none,,,,,
621.0,AUDCAD,2013-04-04 09:00:00+00:00,-1.0000000000000013,none,,,,,
622.0,GBPCAD,2013-04-04 09:00:00+00:00,3.7103675979655724,none,,,,,
623.0,GBPNZD,2013-04-04 09:00:00+00:00,-0.9999999999999977,near_1bar,631.0,2013-04-04 12:00:00+00:00,1.1581589502788816,1.0,2.1581589502788794
624.0,NZDCAD,2013-04-04 17:00:00+00:00,-1.0000000000000018,near_1bar,632.0,2013-04-04 16:00:00+00:00,1.612576334264734,0.0,2.6125763342647357
625.0,CADCHF,2013-04-05 17:00:00+00:00,-1.0000000000000038,none,,,,,
626.0,GBPCHF,2013-04-14 21:00:00+00:00,-1.0000000000000089,none,,,,,
627.0,NZDCHF,2013-04-15 21:00:00+00:00,-0.9999999999999961,near_1bar,634.0,2013-04-16 00:00:00+00:00,0.5330469608429201,1.0,1.5330469608429163
628.0,AUDUSD,2013-04-16 01:00:00+00:00,-1.0000000000000104,none,,,,,
629.0,GBPCHF,2013-04-18 17:00:00+00:00,3.465738911034961,none,,,,,
630.0,GBPUSD,2013-04-22 01:00:00+00:00,-0.9999999999999905,near_1bar,637.0,2013-04-22 00:00:00+00:00,1.3596142220669911,0.0,2.3596142220669813
631.0,EURUSD,2013-04-23 13:00:00+00:00,-1.0000000000000044,near_1bar,640.0,2013-04-23 12:00:00+00:00,0.6836661054841733,0.0,1.6836661054841777
632.0,EURGBP,2013-04-24 09:00:00+00:00,-0.9999999999999993,none,,,,,
633.0,EURCAD,2013-04-30 09:00:00+00:00,-0.9999999999999956,none,,,,,
634.0,NZDJPY,2013-05-02 09:00:00+00:00,-1.0000000000000069,none,,,,,
635.0,AUDCHF,2013-05-02 13:00:00+00:00,-0.9999999999999944,near_1bar,644.0,2013-05-02 12:00:00+00:00,-1.0,0.0,-5.551115123125783e-15
636.0,AUDJPY,2013-05-02 13:00:00+00:00,-1.0000000000000022,near_1bar,645.0,2013-05-02 12:00:00+00:00,-1.0,0.0,2.220446049250313e-15
637.0,NZDCAD,2013-05-02 21:00:00+00:00,-1.0000000000000009,near_1bar,647.0,2013-05-03 00:00:00+00:00,-1.0,1.0,8.881784197001252e-16
638.0,EURCAD,2013-05-05 21:00:00+00:00,-1.0000000000000102,none,,,,,
639.0,NZDCHF,2013-05-08 05:00:00+00:00,-0.9999999999999949,none,,,,,
640.0,GBPCAD,2013-05-09 09:00:00+00:00,-1.0000000000000058,none,,,,,
641.0,EURUSD,2013-05-10 01:00:00+00:00,-1.000000000000005,none,,,,,
642.0,AUDCHF,2013-05-14 09:00:00+00:00,-0.9999999999999952,none,,,,,
643.0,AUDJPY,2013-05-16 09:00:00+00:00,-1.0000000000000033,none,,,,,
644.0,NZDJPY,2013-05-17 05:00:00+00:00,-1.0000000000000013,none,,,,,
645.0,AUDJPY,2013-05-21 21:00:00+00:00,-1.0000000000000009,none,,,,,
646.0,GBPJPY,2013-05-22 21:00:00+00:00,-0.9999999999999913,near_1bar,655.0,2013-05-22 20:00:00+00:00,-1.0,0.0,-8.659739592076221e-15
647.0,CHFJPY,2013-05-23 05:00:00+00:00,-0.9999999999999932,none,,,,,
648.0,CADJPY,2013-05-23 13:00:00+00:00,-1.000000000000002,none,,,,,
649.0,EURJPY,2013-05-23 13:00:00+00:00,-1.0000000000000073,near_1bar,658.0,2013-05-23 16:00:00+00:00,-1.0,1.0,7.327471962526033e-15
650.0,GBPCHF,2013-05-23 13:00:00+00:00,-1.0000000000000062,near_1bar,657.0,2013-05-23 12:00:00+00:00,-1.0,0.0,6.217248937900877e-15
651.0,NZDJPY,2013-05-23 13:00:00+00:00,-0.9999999999999974,none,,,,,
652.0,AUDNZD,2013-05-23 17:00:00+00:00,-0.9999999999999863,near_1bar,659.0,2013-05-23 20:00:00+00:00,-1.0,1.0,-1.3655743202889425e-14
653.0,USDCHF,2013-05-30 05:00:00+00:00,-0.9999999999999994,near_1bar,662.0,2013-05-30 08:00:00+00:00,-1.0,1.0,-5.551115123125783e-16
654.0,USDJPY,2013-05-30 09:00:00+00:00,-0.9999999999999954,none,,,,,
655.0,AUDNZD,2013-05-30 17:00:00+00:00,-1.0000000000000018,near_1bar,663.0,2013-05-30 16:00:00+00:00,0.46050927497241834,0.0,1.46050927497242
656.0,EURCHF,2013-05-31 13:00:00+00:00,-1.000000000000008,near_1bar,664.0,2013-05-31 12:00:00+00:00,-1.0,0.0,7.993605777301127e-15
657.0,CHFJPY,2013-06-03 13:00:00+00:00,-1.0,near_1bar,665.0,2013-06-03 16:00:00+00:00,0.37432918061419873,1.0,1.3743291806141986
658.0,GBPJPY,2013-06-03 17:00:00+00:00,-1.0000000000000062,near_1bar,666.0,2013-06-03 16:00:00+00:00,-1.0,0.0,6.217248937900877e-15
659.0,CHFJPY,2013-06-06 21:00:00+00:00,-0.9999999999999936,none,,,,,
660.0,GBPJPY,2013-06-09 21:00:00+00:00,-0.9999999999999976,near_1bar,668.0,2013-06-09 20:00:00+00:00,-1.0,0.0,-2.4424906541753444e-15
661.0,EURGBP,2013-06-12 13:00:00+00:00,-0.9999999999999887,near_1bar,669.0,2013-06-12 12:00:00+00:00,0.5981371482624214,0.0,1.59813714826241
662.0,USDCAD,2013-06-12 13:00:00+00:00,2.282000137888305,none,,,,,
663.0,AUDNZD,2013-06-13 01:00:00+00:00,-1.0000000000000087,none,,,,,
664.0,AUDNZD,2013-06-21 13:00:00+00:00,-1.0000000000000073,none,,,,,
665.0,EURGBP,2013-06-26 05:00:00+00:00,0.8961475827337951,none,,,,,
666.0,EURUSD,2013-07-03 13:00:00+00:00,-1.0000000000000075,none,,,,,
667.0,AUDCAD,2013-07-04 09:00:00+00:00,-0.9999999999999948,near_1bar,675.0,2013-07-04 08:00:00+00:00,-1.0,0.0,-5.218048215738236e-15
668.0,GBPCHF,2013-07-04 13:00:00+00:00,-0.9999999999999984,none,,,,,
669.0,EURNZD,2013-07-05 13:00:00+00:00,-0.9999999999999981,near_1bar,676.0,2013-07-05 12:00:00+00:00,0.708466522780429,0.0,1.708466522780427
670.0,GBPAUD,2013-07-05 13:00:00+00:00,-0.9999999999999953,near_1bar,677.0,2013-07-05 12:00:00+00:00,0.4383944230520396,0.0,1.438394423052035
671.0,EURCAD,2013-07-08 13:00:00+00:00,-0.9999999999999888,none,,,,,
672.0,EURAUD,2013-07-09 21:00:00+00:00,5.851290125483738,near_1bar,679.0,2013-07-09 20:00:00+00:00,1.1989687746974527,0.0,-4.652321350786285
673.0,EURJPY,2013-07-10 17:00:00+00:00,1.7786315863600417,none,,,,,
674.0,GBPAUD,2013-07-10 17:00:00+00:00,4.995489980529559,near_1bar,681.0,2013-07-10 16:00:00+00:00,0.6580785657284693,0.0,-4.33741141480109
675.0,USDCAD,2013-07-10 17:00:00+00:00,-1.0000000000000047,none,,,,,
676.0,GBPJPY,2013-07-10 21:00:00+00:00,-0.9999999999999957,none,,,,,
677.0,EURNZD,2013-07-11 09:00:00+00:00,-0.9999999999999943,near_1bar,683.0,2013-07-11 12:00:00+00:00,0.5290444370051357,1.0,1.5290444370051302
678.0,AUDJPY,2013-07-11 17:00:00+00:00,-0.9999999999999971,near_1bar,684.0,2013-07-11 16:00:00+00:00,-1.0,0.0,-2.886579864025407e-15
679.0,AUDCHF,2013-07-12 17:00:00+00:00,-0.9999999999999949,none,,,,,
680.0,AUDUSD,2013-07-12 17:00:00+00:00,-1.0000000000000009,none,,,,,
681.0,CADCHF,2013-07-17 01:00:00+00:00,-1.0000000000000044,near_1bar,686.0,2013-07-17 00:00:00+00:00,-1.0,0.0,4.440892098500626e-15
682.0,USDCHF,2013-07-17 01:00:00+00:00,-0.9999999999999956,near_1bar,687.0,2013-07-17 00:00:00+00:00,-1.0,0.0,-4.440892098500626e-15
683.0,EURCHF,2013-07-18 05:00:00+00:00,-1.0000000000000253,none,,,,,
684.0,EURNZD,2013-07-25 21:00:00+00:00,-0.9999999999999931,none,,,,,
685.0,CADCHF,2013-07-26 17:00:00+00:00,-1.00000000000001,near_1bar,690.0,2013-07-26 16:00:00+00:00,-1.0,0.0,9.992007221626409e-15
686.0,CADJPY,2013-07-29 05:00:00+00:00,-0.999999999999998,none,,,,,
687.0,GBPNZD,2013-07-29 13:00:00+00:00,-0.9999999999999943,near_1bar,692.0,2013-07-29 12:00:00+00:00,1.2542812889620794,0.0,2.2542812889620736
688.0,GBPCAD,2013-07-30 01:00:00+00:00,-1.0000000000000067,near_1bar,693.0,2013-07-30 04:00:00+00:00,1.588000373524691,1.0,2.5880003735246975
689.0,NZDCHF,2013-07-30 21:00:00+00:00,-0.9999999999999989,near_1bar,694.0,2013-07-30 20:00:00+00:00,0.5825841829991176,0.0,1.5825841829991165
690.0,CADCHF,2013-08-01 05:00:00+00:00,-1.0000000000000056,near_1bar,695.0,2013-08-01 04:00:00+00:00,-1.0,0.0,5.551115123125783e-15
691.0,NZDCAD,2013-08-01 21:00:00+00:00,-1.000000000000004,near_1bar,696.0,2013-08-01 20:00:00+00:00,0.9219935880677349,0.0,1.921993588067739
692.0,GBPCAD,2013-08-02 09:00:00+00:00,9.291555437253756,near_1bar,698.0,2013-08-02 12:00:00+00:00,0.9782348591311829,1.0,-8.313320578122573
693.0,CHFJPY,2013-08-07 09:00:00+00:00,-0.9999999999999986,none,,,,,
694.0,EURJPY,2013-08-07 09:00:00+00:00,-1.0000000000000122,none,,,,,
695.0,CHFJPY,2013-08-13 01:00:00+00:00,2.680784962430992,none,,,,,
696.0,EURJPY,2013-08-13 01:00:00+00:00,2.211384975526771,none,,,,,
697.0,AUDNZD,2013-08-16 01:00:00+00:00,-1.000000000000005,near_1bar,703.0,2013-08-16 00:00:00+00:00,0.872934727959605,0.0,1.8729347279596102
698.0,AUDCAD,2013-08-20 09:00:00+00:00,-1.0000000000000009,near_1bar,705.0,2013-08-20 08:00:00+00:00,1.2984618300083808,0.0,2.2984618300083817
699.0,AUDUSD,2013-08-20 09:00:00+00:00,-1.0000000000000069,near_1bar,706.0,2013-08-20 08:00:00+00:00,1.6352814905855015,0.0,2.635281490585508
700.0,NZDCAD,2013-08-22 13:00:00+00:00,-1.000000000000001,near_1bar,707.0,2013-08-22 12:00:00+00:00,1.3614387208321133,0.0,2.3614387208321146
701.0,AUDCHF,2013-08-27 09:00:00+00:00,-1.0000000000000073,none,,,,,
702.0,EURCHF,2013-08-27 09:00:00+00:00,-0.9999999999999722,none,,,,,
703.0,USDJPY,2013-08-28 05:00:00+00:00,-0.9999999999999989,none,,,,,
704.0,GBPUSD,2013-08-28 13:00:00+00:00,7.2498701552337845,near_1bar,710.0,2013-08-28 12:00:00+00:00,2.1003281029053875,0.0,-5.149542052328397
705.0,CADJPY,2013-08-28 17:00:00+00:00,3.0445363671641985,near_1bar,711.0,2013-08-28 16:00:00+00:00,1.4710445509079126,0.0,-1.5734918162562859
706.0,NZDCAD,2013-08-29 01:00:00+00:00,-1.000000000000002,none,,,,,
707.0,AUDJPY,2013-08-29 05:00:00+00:00,7.861527134245812,near_1bar,712.0,2013-08-29 04:00:00+00:00,1.7113089053898232,0.0,-6.150218228855989
708.0,GBPJPY,2013-08-29 05:00:00+00:00,5.717592815026477,near_1bar,713.0,2013-08-29 04:00:00+00:00,1.7661741238828115,0.0,-3.9514186911436657
709.0,EURCHF,2013-08-30 17:00:00+00:00,-1.000000000000006,none,,,,,
710.0,GBPNZD,2013-09-05 09:00:00+00:00,-1.0000000000000036,none,,,,,
711.0,USDJPY,2013-09-15 21:00:00+00:00,-0.9999999999999996,near_1bar,719.0,2013-09-15 20:00:00+00:00,-1.0,0.0,-4.440892098500626e-16
712.0,USDJPY,2013-09-19 05:00:00+00:00,-1.0000000000000078,near_1bar,720.0,2013-09-19 08:00:00+00:00,-1.0,1.0,7.771561172376096e-15
713.0,AUDCHF,2013-09-23 05:00:00+00:00,-1.000000000000008,none,,,,,
714.0,CADJPY,2013-09-24 13:00:00+00:00,-1.0000000000000102,none,,,,,
715.0,GBPCHF,2013-09-27 13:00:00+00:00,-0.999999999999997,none,,,,,
716.0,CHFJPY,2013-09-29 21:00:00+00:00,-0.9999999999999999,none,,,,,
717.0,EURJPY,2013-09-29 21:00:00+00:00,4.868667713506594,near_1bar,723.0,2013-09-29 20:00:00+00:00,0.9808088895386,0.0,-3.887858823967994
718.0,NZDJPY,2013-09-30 01:00:00+00:00,-0.9999999999999937,none,,,,,
719.0,AUDJPY,2013-09-30 13:00:00+00:00,-1.0000000000000009,near_1bar,724.0,2013-09-30 12:00:00+00:00,1.244132330546849,0.0,2.24413233054685
720.0,CADJPY,2013-09-30 13:00:00+00:00,-1.0000000000000033,none,,,,,
721.0,GBPJPY,2013-09-30 13:00:00+00:00,-1.000000000000009,near_1bar,725.0,2013-09-30 12:00:00+00:00,0.23524701708345536,0.0,1.2352470170834644
722.0,NZDUSD,2013-10-02 09:00:00+00:00,-1.0000000000000007,near_1bar,726.0,2013-10-02 08:00:00+00:00,1.2388666394130419,0.0,2.2388666394130423
723.0,NZDCHF,2013-10-02 17:00:00+00:00,-0.9999999999999946,near_1bar,727.0,2013-10-02 16:00:00+00:00,0.803465230031934,0.0,1.8034652300319287
724.0,GBPCHF,2013-10-07 13:00:00+00:00,-0.9999999999999863,none,,,,,
725.0,EURNZD,2013-10-09 13:00:00+00:00,-0.9999999999999956,near_1bar,729.0,2013-10-09 12:00:00+00:00,0.9329949557705914,0.0,1.932994955770587
726.0,CHFJPY,2013-10-11 01:00:00+00:00,-0.9999999999999994,none,,,,,
727.0,EURCAD,2013-10-16 17:00:00+00:00,-0.999999999999997,none,,,,,
728.0,EURUSD,2013-10-16 17:00:00+00:00,-1.0000000000000016,none,,,,,
729.0,GBPCAD,2013-10-17 01:00:00+00:00,8.456319298801855,near_1bar,734.0,2013-10-17 00:00:00+00:00,1.3187074234134983,0.0,-7.137611875388357
730.0,USDCHF,2013-10-17 21:00:00+00:00,-1.0,near_1bar,735.0,2013-10-17 20:00:00+00:00,0.9996851776450986,0.0,1.9996851776450986
731.0,USDCAD,2013-10-22 17:00:00+00:00,10.766828355833685,none,,,,,
732.0,EURAUD,2013-10-23 09:00:00+00:00,-1.000000000000007,none,,,,,
733.0,EURCHF,2013-10-24 13:00:00+00:00,-1.0000000000000322,none,,,,,
734.0,USDJPY,2013-10-28 02:00:00+00:00,13.924393607318615,near_1bar,738.0,2013-10-28 04:00:00+00:00,0.6660449514802955,0.0,-13.25834865583832
735.0,NZDCAD,2013-10-29 02:00:00+00:00,-1.0000000000000018,none,,,,,
736.0,AUDCHF,2013-10-29 06:00:00+00:00,-0.9999999999999991,none,,,,,
737.0,GBPJPY,2013-10-29 10:00:00+00:00,14.997804635731645,none,,,,,
738.0,AUDCAD,2013-10-29 14:00:00+00:00,-1.000000000000001,near_1bar,740.0,2013-10-29 12:00:00+00:00,-1.0,0.0,1.1102230246251565e-15
739.0,NZDUSD,2013-10-29 18:00:00+00:00,-1.0000000000000024,none,,,,,
740.0,GBPCAD,2013-11-04 06:00:00+00:00,13.576998026252477,near_1bar,746.0,2013-11-04 08:00:00+00:00,0.920371188241458,0.0,-12.65662683801102
741.0,NZDCAD,2013-11-05 06:00:00+00:00,-1.0000000000000027,none,,,,,
742.0,AUDCAD,2013-11-05 18:00:00+00:00,-0.9999999999999919,none,,,,,
743.0,CHFJPY,2013-11-08 18:00:00+00:00,10.554995031818718,none,,,,,
744.0,EURJPY,2013-11-12 10:00:00+00:00,10.41652215308935,none,,,,,
745.0,NZDCHF,2013-11-21 22:00:00+00:00,-0.9999999999999921,none,,,,,
746.0,NZDCAD,2013-11-22 14:00:00+00:00,6.608468496791549,near_1bar,752.0,2013-11-22 16:00:00+00:00,0.8925550655341734,0.0,-5.715913431257375
747.0,EURGBP,2013-11-28 06:00:00+00:00,-0.9999999999999896,none,,,,,
748.0,EURCHF,2013-12-03 22:00:00+00:00,-1.0000000000000469,none,,,,,
749.0,CADJPY,2013-12-04 18:00:00+00:00,-1.000000000000006,none,,,,,
750.0,EURGBP,2013-12-05 10:00:00+00:00,-1.000000000000004,none,,,,,
751.0,GBPUSD,2013-12-13 18:00:00+00:00,-0.9999999999999931,near_1bar,756.0,2013-12-13 20:00:00+00:00,0.6733672737963854,0.0,1.6733672737963785
752.0,GBPNZD,2013-12-17 14:00:00+00:00,-0.9999999999999981,near_1bar,758.0,2013-12-17 12:00:00+00:00,1.0974817710869114,0.0,2.0974817710869096
753.0,GBPCAD,2013-12-18 06:00:00+00:00,10.894231801476227,near_1bar,760.0,2013-12-18 08:00:00+00:00,0.7400200688772608,0.0,-10.154211732598966
754.0,GBPCHF,2013-12-19 18:00:00+00:00,-1.0000000000000004,none,,,,,
755.0,EURCAD,2013-12-20 06:00:00+00:00,-1.0000000000000016,none,,,,,
756.0,NZDCAD,2013-12-23 14:00:00+00:00,6.032231705787901,none,,,,,
757.0,NZDUSD,2013-12-27 02:00:00+00:00,-1.0000000000000113,none,,,,,
758.0,AUDCAD,2014-01-02 14:00:00+00:00,7.549784351803577,near_1bar,767.0,2014-01-02 12:00:00+00:00,1.7091515429901694,0.0,-5.840632808813408
759.0,EURUSD,2014-01-02 14:00:00+00:00,-1.0000000000000016,none,,,,,
760.0,EURNZD,2014-01-07 02:00:00+00:00,-1.0000000000000075,none,,,,,
761.0,EURUSD,2014-01-08 02:00:00+00:00,-1.0000000000000095,none,,,,,
762.0,AUDJPY,2014-01-09 14:00:00+00:00,-0.9999999999999902,near_1bar,771.0,2014-01-09 16:00:00+00:00,-1.0,0.0,-9.769962616701378e-15
763.0,CADJPY,2014-01-09 18:00:00+00:00,-1.0000000000000095,near_1bar,772.0,2014-01-09 20:00:00+00:00,-1.0,0.0,9.547918011776346e-15
764.0,EURGBP,2014-01-10 06:00:00+00:00,-0.9999999999999892,none,,,,,
765.0,USDJPY,2014-01-10 18:00:00+00:00,-1.0000000000000013,none,,,,,
766.0,EURJPY,2014-01-14 06:00:00+00:00,-1.0000000000000078,near_1bar,774.0,2014-01-14 08:00:00+00:00,0.21026629619551662,0.0,1.2102662961955244
767.0,GBPAUD,2014-01-14 14:00:00+00:00,-0.9999999999999966,none,,,,,
768.0,GBPJPY,2014-01-14 14:00:00+00:00,-0.9999999999999973,near_1bar,775.0,2014-01-14 12:00:00+00:00,0.37194780625853296,0.0,1.3719478062585302
769.0,AUDJPY,2014-01-15 10:00:00+00:00,-0.9999999999999901,near_1bar,777.0,2014-01-15 08:00:00+00:00,0.7120342072580572,0.0,1.7120342072580472
770.0,GBPUSD,2014-01-15 14:00:00+00:00,-0.9999999999999957,near_1bar,778.0,2014-01-15 16:00:00+00:00,0.9513675358670943,0.0,1.95136753586709
771.0,GBPNZD,2014-01-17 06:00:00+00:00,-0.9999999999999943,near_1bar,779.0,2014-01-17 08:00:00+00:00,0.8006251511935873,0.0,1.8006251511935818
772.0,NZDJPY,2014-01-20 06:00:00+00:00,-0.9999999999999916,none,,,,,
773.0,NZDUSD,2014-01-20 06:00:00+00:00,-1.0000000000000036,near_1bar,780.0,2014-01-20 08:00:00+00:00,0.5785163188887842,0.0,1.5785163188887879
774.0,AUDUSD,2014-01-22 06:00:00+00:00,-1.0000000000000056,near_1bar,782.0,2014-01-22 04:00:00+00:00,0.8017390202688217,0.0,1.8017390202688273
775.0,EURCHF,2014-01-23 22:00:00+00:00,-1.0000000000000109,near_1bar,783.0,2014-01-23 20:00:00+00:00,-1.0,0.0,1.0880185641326534e-14
776.0,NZDUSD,2014-01-27 02:00:00+00:00,-1.0000000000000022,near_1bar,786.0,2014-01-27 00:00:00+00:00,0.5952372828649628,0.0,1.595237282864965
777.0,NZDCHF,2014-01-28 06:00:00+00:00,-0.9999999999999972,none,,,,,
778.0,USDCHF,2014-01-28 06:00:00+00:00,-1.0000000000000069,none,,,,,
779.0,NZDCAD,2014-02-04 14:00:00+00:00,4.860456713064834,near_1bar,789.0,2014-02-04 16:00:00+00:00,2.1049408304573887,0.0,-2.7555158826074453
780.0,NZDCHF,2014-02-04 18:00:00+00:00,-0.9999999999999988,none,,,,,
781.0,NZDUSD,2014-02-04 18:00:00+00:00,4.831671182578598,none,,,,,
782.0,EURNZD,2014-02-04 22:00:00+00:00,-1.0000000000000056,none,,,,,
783.0,EURCAD,2014-02-07 14:00:00+00:00,0.10916146025603456,none,,,,,
784.0,EURAUD,2014-02-10 02:00:00+00:00,-1.0000000000000047,none,,,,,
785.0,GBPAUD,2014-02-12 06:00:00+00:00,-1.000000000000003,none,,,,,
786.0,EURGBP,2014-02-13 02:00:00+00:00,-0.9999999999999916,near_1bar,796.0,2014-02-13 00:00:00+00:00,0.6392983187764798,0.0,1.6392983187764714
787.0,USDCAD,2014-02-13 18:00:00+00:00,-1.0000000000000047,none,,,,,
788.0,AUDCHF,2014-02-19 02:00:00+00:00,-0.999999999999999,none,,,,,
789.0,AUDCHF,2014-02-24 10:00:00+00:00,-1.0000000000000013,none,,,,,
790.0,AUDUSD,2014-02-26 18:00:00+00:00,-1.0000000000000049,none,,,,,
791.0,EURUSD,2014-02-26 22:00:00+00:00,-1.0000000000000124,none,,,,,
792.0,AUDJPY,2014-02-27 10:00:00+00:00,-0.9999999999999927,near_1bar,801.0,2014-02-27 12:00:00+00:00,1.0856924995120592,0.0,2.085692499512052
793.0,CADJPY,2014-02-27 10:00:00+00:00,-1.0000000000000002,none,,,,,
794.0,GBPJPY,2014-02-27 10:00:00+00:00,-1.0000000000000075,near_1bar,803.0,2014-02-27 12:00:00+00:00,0.6972069833430232,0.0,1.6972069833430308
795.0,GBPCHF,2014-03-02 22:00:00+00:00,-0.9999999999999875,none,,,,,
796.0,USDJPY,2014-03-03 18:00:00+00:00,1.2681336791922408,none,,,,,
797.0,AUDUSD,2014-03-04 18:00:00+00:00,5.091724041668708,near_1bar,809.0,2014-03-04 20:00:00+00:00,0.842401222933211,0.0,-4.2493228187354966
798.0,EURAUD,2014-03-06 10:00:00+00:00,-1.000000000000008,near_1bar,810.0,2014-03-06 12:00:00+00:00,0.70045975791103,0.0,1.7004597579110379
799.0,EURCAD,2014-03-06 10:00:00+00:00,-0.9999999999999987,none,,,,,
800.0,EURNZD,2014-03-06 10:00:00+00:00,-0.9999999999999951,near_1bar,811.0,2014-03-06 12:00:00+00:00,-1.0,0.0,-4.884981308350689e-15
801.0,GBPAUD,2014-03-07 02:00:00+00:00,-0.9999999999999933,none,,,,,
802.0,GBPUSD,2014-03-12 10:00:00+00:00,-0.9999999999999902,none,,,,,
803.0,GBPCAD,2014-03-18 14:00:00+00:00,-1.000000000000009,none,,,,,
804.0,USDCAD,2014-03-28 10:00:00+00:00,-1.0000000000000009,none,,,,,
805.0,EURUSD,2014-03-31 05:00:00+00:00,-0.9999999999999828,none,,,,,
806.0,USDCAD,2014-04-02 17:00:00+00:00,-0.999999999999978,none,,,,,
807.0,USDJPY,2014-04-08 21:00:00+00:00,-0.9999999999999895,near_1bar,819.0,2014-04-08 20:00:00+00:00,0.5005088803072489,0.0,1.5005088803072384
808.0,EURCHF,2014-04-10 09:00:00+00:00,-1.0000000000000342,none,,,,,
809.0,GBPCHF,2014-04-14 01:00:00+00:00,6.179984693913402,none,,,,,
810.0,USDJPY,2014-04-14 09:00:00+00:00,-1.0000000000000004,none,,,,,
811.0,AUDJPY,2014-04-15 17:00:00+00:00,-0.9999999999999921,near_1bar,822.0,2014-04-15 16:00:00+00:00,-1.0,0.0,-7.882583474838611e-15
812.0,AUDCHF,2014-04-16 09:00:00+00:00,-0.9999999999999962,none,,,,,
813.0,NZDCHF,2014-04-16 09:00:00+00:00,-1.0000000000000078,near_1bar,823.0,2014-04-16 08:00:00+00:00,0.9460705589710144,0.0,1.946070558971022
814.0,NZDCAD,2014-04-16 13:00:00+00:00,-0.9999999999999919,near_1bar,824.0,2014-04-16 12:00:00+00:00,-1.0,0.0,-8.104628079763643e-15
815.0,CADCHF,2014-04-17 13:00:00+00:00,-0.9999999999999951,none,,,,,
816.0,EURCHF,2014-04-17 13:00:00+00:00,-0.9999999999999648,none,,,,,
817.0,EURUSD,2014-04-21 17:00:00+00:00,-0.9999999999999938,none,,,,,
818.0,GBPCHF,2014-04-27 21:00:00+00:00,10.114288656600475,near_1bar,829.0,2014-04-28 00:00:00+00:00,1.2389744542448213,1.0,-8.875314202355653
819.0,CADCHF,2014-04-28 09:00:00+00:00,9.859902095140638,near_1bar,831.0,2014-04-28 12:00:00+00:00,0.7370891953812793,1.0,-9.12281289975936
820.0,CHFJPY,2014-04-30 05:00:00+00:00,-0.9999999999999958,near_1bar,832.0,2014-04-30 04:00:00+00:00,0.23124797039697625,0.0,1.231247970396972
821.0,EURCAD,2014-04-30 09:00:00+00:00,-0.9999999999999878,near_1bar,833.0,2014-04-30 12:00:00+00:00,-1.0,1.0,-1.2212453270876722e-14
822.0,NZDCAD,2014-04-30 13:00:00+00:00,-1.0000000000000082,near_1bar,835.0,2014-04-30 12:00:00+00:00,0.7587396973486569,0.0,1.758739697348665
823.0,GBPCAD,2014-04-30 17:00:00+00:00,-0.9999999999999992,none,,,,,
824.0,EURCHF,2014-05-04 21:00:00+00:00,-0.9999999999999716,near_1bar,836.0,2014-05-04 20:00:00+00:00,0.7940621555631417,0.0,1.7940621555631133
825.0,EURNZD,2014-05-04 21:00:00+00:00,-0.999999999999991,near_1bar,837.0,2014-05-04 20:00:00+00:00,0.3654624694510791,0.0,1.36546246945107
826.0,USDCHF,2014-05-04 21:00:00+00:00,-0.999999999999997,near_1bar,838.0,2014-05-04 20:00:00+00:00,1.6135632277860523,0.0,2.613563227786049
827.0,USDJPY,2014-05-05 05:00:00+00:00,-1.0000000000000093,none,,,,,
828.0,GBPNZD,2014-05-06 21:00:00+00:00,-1.0000000000000062,near_1bar,840.0,2014-05-06 20:00:00+00:00,0.9905595733007961,0.0,1.9905595733008024
829.0,AUDNZD,2014-05-07 13:00:00+00:00,-0.9999999999999953,none,,,,,
830.0,EURAUD,2014-05-08 09:00:00+00:00,-0.9999999999999899,near_1bar,842.0,2014-05-08 08:00:00+00:00,-1.0,0.0,-1.0103029524088925e-14
831.0,USDCHF,2014-05-08 13:00:00+00:00,2.720144046423048,near_1bar,843.0,2014-05-08 12:00:00+00:00,1.7841716060189823,0.0,-0.9359724404040657
832.0,GBPJPY,2014-05-12 01:00:00+00:00,-0.9999999999999883,near_1bar,845.0,2014-05-12 04:00:00+00:00,0.8696842246784946,1.0,1.8696842246784828
833.0,GBPUSD,2014-05-14 13:00:00+00:00,-0.999999999999995,near_1bar,846.0,2014-05-14 12:00:00+00:00,0.6164720002364564,0.0,1.6164720002364514
834.0,GBPAUD,2014-05-15 13:00:00+00:00,-1.0000000000000109,near_1bar,847.0,2014-05-15 12:00:00+00:00,0.9559404660037025,0.0,1.9559404660037134
835.0,NZDJPY,2014-05-19 21:00:00+00:00,-0.9999999999999993,none,,,,,
836.0,AUDNZD,2014-05-20 05:00:00+00:00,-1.0000000000000153,none,,,,,
837.0,CADJPY,2014-05-21 17:00:00+00:00,3.497954416482928,near_1bar,850.0,2014-05-21 16:00:00+00:00,2.060250513944035,0.0,-1.4377039025388934
838.0,USDCAD,2014-05-26 17:00:00+00:00,-0.9999999999999863,none,,,,,
839.0,NZDCHF,2014-05-28 17:00:00+00:00,-0.9999999999999976,none,,,,,
840.0,AUDUSD,2014-05-29 01:00:00+00:00,3.541155397264408,near_1bar,852.0,2014-05-29 00:00:00+00:00,0.9847715494503237,0.0,-2.556383847814084
841.0,EURCHF,2014-05-29 09:00:00+00:00,-0.9999999999999709,near_1bar,853.0,2014-05-29 08:00:00+00:00,-1.0,0.0,-2.90878432451791e-14
842.0,USDCAD,2014-05-30 13:00:00+00:00,-1.0000000000000264,none,,,,,
843.0,GBPCHF,2014-06-05 09:00:00+00:00,-1.0000000000000142,none,,,,,
844.0,USDCHF,2014-06-05 09:00:00+00:00,-1.000000000000009,none,,,,,
845.0,EURAUD,2014-06-05 13:00:00+00:00,-0.9999999999999926,none,,,,,
846.0,CADCHF,2014-06-05 21:00:00+00:00,3.323538413981073,none,,,,,
847.0,GBPAUD,2014-06-09 13:00:00+00:00,-0.9999999999999866,near_1bar,859.0,2014-06-09 12:00:00+00:00,0.8056397266281738,0.0,1.8056397266281605
848.0,CHFJPY,2014-06-10 13:00:00+00:00,-1.0000000000000016,near_1bar,860.0,2014-06-10 12:00:00+00:00,-1.0,0.0,1.5543122344752192e-15
849.0,EURNZD,2014-06-10 13:00:00+00:00,-1.0000000000000016,none,,,,,
850.0,GBPAUD,2014-06-12 21:00:00+00:00,0.4551744982770258,near_1bar,862.0,2014-06-12 20:00:00+00:00,0.6782125243533572,0.0,0.22303802607633144
851.0,CADJPY,2014-06-16 13:00:00+00:00,-0.9999999999999963,near_1bar,863.0,2014-06-16 12:00:00+00:00,1.6691207857244177,0.0,2.669120785724414
852.0,AUDCAD,2014-06-17 09:00:00+00:00,-0.9999999999999994,none,,,,,
853.0,CHFJPY,2014-06-18 09:00:00+00:00,-0.9999999999999978,near_1bar,864.0,2014-06-18 08:00:00+00:00,0.6737276188094583,0.0,1.673727618809456
854.0,GBPCAD,2014-06-24 17:00:00+00:00,-1.000000000000007,near_1bar,868.0,2014-06-24 16:00:00+00:00,0.731793550892399,0.0,1.731793550892406
855.0,GBPCHF,2014-06-25 09:00:00+00:00,-1.0000000000000129,near_1bar,870.0,2014-06-25 08:00:00+00:00,1.0349070336976882,0.0,2.034907033697701
856.0,AUDCHF,2014-06-25 13:00:00+00:00,-1.000000000000009,none,,,,,
857.0,GBPNZD,2014-06-30 01:00:00+00:00,-0.9999999999999938,none,,,,,
858.0,AUDJPY,2014-06-30 13:00:00+00:00,-0.9999999999999889,near_1bar,872.0,2014-06-30 12:00:00+00:00,0.4358746721385891,0.0,1.435874672138578
859.0,GBPCAD,2014-06-30 13:00:00+00:00,-0.9999999999999882,none,,,,,
860.0,CADCHF,2014-07-01 09:00:00+00:00,-0.9999999999999976,none,,,,,
861.0,NZDCAD,2014-07-02 05:00:00+00:00,-1.000000000000002,near_1bar,874.0,2014-07-02 04:00:00+00:00,0.8886125607802295,0.0,1.8886125607802315
862.0,AUDUSD,2014-07-04 01:00:00+00:00,-1.0000000000000027,none,,,,,
863.0,NZDCAD,2014-07-07 13:00:00+00:00,-1.0000000000000118,none,,,,,
864.0,CADJPY,2014-07-10 13:00:00+00:00,-0.9999999999999816,none,,,,,
865.0,CHFJPY,2014-07-10 17:00:00+00:00,-0.9999999999999849,none,,,,,
866.0,EURJPY,2014-07-14 05:00:00+00:00,-0.9999999999999929,near_1bar,877.0,2014-07-14 04:00:00+00:00,-1.0,0.0,-7.105427357601002e-15
867.0,GBPUSD,2014-07-15 09:00:00+00:00,-0.9999999999999847,none,,,,,
868.0,EURAUD,2014-07-16 21:00:00+00:00,-1.0000000000000078,near_1bar,881.0,2014-07-17 00:00:00+00:00,-1.0,1.0,7.771561172376096e-15
869.0,EURCHF,2014-07-18 01:00:00+00:00,-0.999999999999976,near_1bar,882.0,2014-07-18 00:00:00+00:00,0.885989652029833,0.0,1.8859896520298092
870.0,GBPUSD,2014-07-20 21:00:00+00:00,-0.9999999999999967,none,,,,,
871.0,GBPJPY,2014-07-21 09:00:00+00:00,-0.9999999999999989,none,,,,,
872.0,GBPAUD,2014-07-22 21:00:00+00:00,-1.0000000000000004,near_1bar,885.0,2014-07-22 20:00:00+00:00,-1.0,0.0,4.440892098500626e-16
873.0,NZDCAD,2014-07-23 01:00:00+00:00,-1.000000000000005,near_1bar,886.0,2014-07-23 00:00:00+00:00,-1.0,0.0,5.10702591327572e-15
874.0,GBPCAD,2014-07-23 13:00:00+00:00,-0.9999999999999981,near_1bar,887.0,2014-07-23 12:00:00+00:00,0.8314832263473522,0.0,1.8314832263473502
875.0,USDCAD,2014-07-23 13:00:00+00:00,9.723500308875659,near_1bar,888.0,2014-07-23 12:00:00+00:00,2.07075307160967,0.0,-7.652747237265989
876.0,EURCAD,2014-07-24 21:00:00+00:00,-0.9999999999999918,none,,,,,
877.0,AUDUSD,2014-08-04 17:00:00+00:00,-1.0000000000000093,none,,,,,
878.0,GBPCHF,2014-08-05 09:00:00+00:00,-0.999999999999987,near_1bar,891.0,2014-08-05 08:00:00+00:00,0.4419357840522628,0.0,1.4419357840522498
879.0,CADCHF,2014-08-06 09:00:00+00:00,-1.000000000000019,none,,,,,
880.0,AUDCAD,2014-08-07 09:00:00+00:00,-1.000000000000003,none,,,,,
881.0,AUDCHF,2014-08-07 09:00:00+00:00,-1.0000000000000107,near_1bar,892.0,2014-08-07 08:00:00+00:00,1.8104630125251564,0.0,2.810463012525167
882.0,CADCHF,2014-08-11 13:00:00+00:00,7.9479200777996954,near_1bar,894.0,2014-08-11 16:00:00+00:00,2.3397820849973328,1.0,-5.608137992802362
883.0,USDCAD,2014-08-13 13:00:00+00:00,-0.9999999999999898,none,,,,,
884.0,EURCAD,2014-08-15 05:00:00+00:00,-0.9999999999999961,near_1bar,896.0,2014-08-15 04:00:00+00:00,-1.0,0.0,-3.885780586188048e-15
885.0,USDCHF,2014-08-17 21:00:00+00:00,16.26522379539521,near_1bar,897.0,2014-08-17 20:00:00+00:00,3.071776420872648,0.0,-13.193447374522563
886.0,NZDCAD,2014-08-19 09:00:00+00:00,-0.9999999999999961,none,,,,,
887.0,USDCAD,2014-08-19 09:00:00+00:00,-0.9999999999999898,none,,,,,
888.0,EURAUD,2014-08-19 13:00:00+00:00,-0.9999999999999908,near_1bar,900.0,2014-08-19 12:00:00+00:00,0.6381322368438639,0.0,1.6381322368438547
889.0,EURCAD,2014-08-21 05:00:00+00:00,-1.0000000000000207,none,,,,,
890.0,EURNZD,2014-08-24 21:00:00+00:00,-1.0000000000000004,near_1bar,901.0,2014-08-24 20:00:00+00:00,0.5198344042423839,0.0,1.5198344042423844
891.0,EURNZD,2014-08-28 13:00:00+00:00,-1.0000000000000007,none,,,,,
892.0,AUDUSD,2014-09-02 17:00:00+00:00,-0.9999999999999931,near_1bar,902.0,2014-09-02 20:00:00+00:00,0.767252253758939,1.0,1.7672522537589321
893.0,EURGBP,2014-09-02 21:00:00+00:00,-1.000000000000014,near_1bar,903.0,2014-09-02 20:00:00+00:00,0.7648181376286698,0.0,1.7648181376286838
894.0,GBPCHF,2014-09-04 09:00:00+00:00,-0.9999999999999882,near_1bar,904.0,2014-09-04 12:00:00+00:00,0.8326339623895787,1.0,1.8326339623895669
895.0,EURJPY,2014-09-04 21:00:00+00:00,-1.0000000000000113,none,,,,,
896.0,GBPJPY,2014-09-04 21:00:00+00:00,-0.9999999999999966,near_1bar,905.0,2014-09-04 20:00:00+00:00,3.1440802094726297,0.0,4.144080209472627
897.0,CHFJPY,2014-09-08 13:00:00+00:00,-0.999999999999995,none,,,,,
898.0,GBPJPY,2014-09-10 05:00:00+00:00,-0.9999999999999973,near_1bar,906.0,2014-09-10 04:00:00+00:00,2.471141519954728,0.0,3.4711415199547253
899.0,AUDCHF,2014-09-10 09:00:00+00:00,-1.0000000000000084,near_1bar,907.0,2014-09-10 12:00:00+00:00,-1.0,1.0,8.43769498715119e-15
900.0,GBPCHF,2014-09-10 17:00:00+00:00,-0.9999999999999954,near_1bar,909.0,2014-09-10 16:00:00+00:00,0.9619264675407895,0.0,1.9619264675407848
901.0,NZDCHF,2014-09-15 09:00:00+00:00,-1.0000000000000004,near_1bar,913.0,2014-09-15 08:00:00+00:00,-1.0,0.0,4.440892098500626e-16
902.0,GBPCAD,2014-09-19 21:00:00+00:00,-0.2720736536090373,none,,,,,
903.0,EURCHF,2014-09-29 17:00:00+00:00,-0.9999999999999616,near_1bar,914.0,2014-09-29 16:00:00+00:00,1.264452640358715,0.0,2.2644526403586767
904.0,GBPUSD,2014-09-30 13:00:00+00:00,-0.9999999999999872,near_1bar,915.0,2014-09-30 12:00:00+00:00,-1.0,0.0,-1.27675647831893e-14
905.0,CADJPY,2014-10-01 21:00:00+00:00,-1.0000000000000084,near_1bar,916.0,2014-10-02 00:00:00+00:00,1.4877402945613967,1.0,2.487740294561405
906.0,USDJPY,2014-10-02 17:00:00+00:00,-0.9999999999999986,none,,,,,
907.0,EURAUD,2014-10-07 17:00:00+00:00,-1.0000000000000049,near_1bar,917.0,2014-10-07 16:00:00+00:00,0.85560323911301,0.0,1.8556032391130148
908.0,GBPCHF,2014-10-08 09:00:00+00:00,-1.0000000000000087,none,,,,,
909.0,EURJPY,2014-10-08 13:00:00+00:00,-1.0000000000000149,none,,,,,
910.0,GBPNZD,2014-10-09 13:00:00+00:00,-1.0000000000000118,near_1bar,920.0,2014-10-09 16:00:00+00:00,-1.0,1.0,1.176836406102666e-14
911.0,NZDCHF,2014-10-12 21:00:00+00:00,-1.0000000000000084,none,,,,,
912.0,EURNZD,2014-10-15 21:00:00+00:00,-1.0000000000000033,near_1bar,922.0,2014-10-15 20:00:00+00:00,-1.0,0.0,3.3306690738754696e-15
913.0,EURAUD,2014-10-23 17:00:00+00:00,-1.0000000000000042,none,,,,,
914.0,NZDUSD,2014-10-23 21:00:00+00:00,-1.0000000000000058,none,,,,,
915.0,EURCHF,2014-10-27 22:00:00+00:00,-0.9999999999999898,none,,,,,
916.0,GBPCAD,2014-10-29 14:00:00+00:00,-1.0000000000000084,none,,,,,
917.0,GBPAUD,2014-10-29 18:00:00+00:00,-1.0000000000000044,none,,,,,
918.0,USDCAD,2014-10-30 02:00:00+00:00,7.655644171384481,none,,,,,
919.0,NZDUSD,2014-10-30 06:00:00+00:00,-0.9999999999999998,near_1bar,930.0,2014-10-30 08:00:00+00:00,0.6070111732225101,0.0,1.6070111732225099
920.0,GBPUSD,2014-10-30 10:00:00+00:00,-0.9999999999999901,near_1bar,929.0,2014-10-30 08:00:00+00:00,-1.0,0.0,-9.880984919163893e-15
921.0,EURUSD,2014-10-30 14:00:00+00:00,-1.000000000000009,near_1bar,931.0,2014-10-30 12:00:00+00:00,-1.0,0.0,9.103828801926284e-15
922.0,NZDCAD,2014-10-30 14:00:00+00:00,2.8386911307938143,near_1bar,932.0,2014-10-30 12:00:00+00:00,0.5790016534975874,0.0,-2.259689477296227
923.0,AUDUSD,2014-11-03 02:00:00+00:00,-0.9999999999999986,none,,,,,
924.0,GBPUSD,2014-11-04 18:00:00+00:00,-1.0000000000000133,none,,,,,
925.0,NZDUSD,2014-11-04 18:00:00+00:00,-0.9999999999999991,near_1bar,937.0,2014-11-04 20:00:00+00:00,0.48758480998154535,0.0,1.4875848099815445
926.0,EURGBP,2014-11-05 06:00:00+00:00,-0.9999999999999915,none,,,,,
927.0,CADCHF,2014-11-05 10:00:00+00:00,-1.0000000000000095,near_1bar,938.0,2014-11-05 08:00:00+00:00,0.7102508701666009,0.0,1.7102508701666106
928.0,AUDNZD,2014-11-05 22:00:00+00:00,-0.9999999999999948,none,,,,,
929.0,AUDCAD,2014-11-06 06:00:00+00:00,-0.9999999999999971,near_1bar,939.0,2014-11-06 04:00:00+00:00,-1.0,0.0,-2.886579864025407e-15
930.0,NZDUSD,2014-11-10 06:00:00+00:00,-1.0000000000000042,near_1bar,940.0,2014-11-10 04:00:00+00:00,0.6187973757585266,0.0,1.6187973757585308
931.0,GBPCHF,2014-11-12 14:00:00+00:00,-1.000000000000011,none,,,,,
932.0,EURNZD,2014-11-19 06:00:00+00:00,-1.0000000000000062,none,,,,,
933.0,AUDCHF,2014-11-20 14:00:00+00:00,-1.0000000000000027,none,,,,,
934.0,CADCHF,2014-11-20 14:00:00+00:00,-1.0000000000000089,near_1bar,949.0,2014-11-20 12:00:00+00:00,1.1073291024151608,0.0,2.1073291024151697
935.0,EURAUD,2014-11-24 02:00:00+00:00,-1.0000000000000089,near_1bar,950.0,2014-11-24 00:00:00+00:00,2.6158809503799745,0.0,3.6158809503799834
936.0,EURUSD,2014-12-04 10:00:00+00:00,-0.9999999999999897,near_1bar,955.0,2014-12-04 12:00:00+00:00,0.32933109218809875,0.0,1.3293310921880885
937.0,EURGBP,2014-12-05 02:00:00+00:00,-1.0000000000000102,none,,,,,
938.0,NZDCHF,2014-12-08 10:00:00+00:00,-1.0000000000000038,none,,,,,
939.0,NZDCAD,2014-12-08 14:00:00+00:00,5.568168167144966,near_1bar,956.0,2014-12-08 12:00:00+00:00,1.422071650554721,0.0,-4.146096516590245
940.0,NZDJPY,2014-12-09 06:00:00+00:00,-1.000000000000001,none,,,,,
941.0,EURUSD,2014-12-10 02:00:00+00:00,-1.0000000000000069,none,,,,,
942.0,NZDUSD,2014-12-10 18:00:00+00:00,-0.9999999999999946,none,,,,,
943.0,EURCHF,2014-12-11 14:00:00+00:00,-1.0000000000000113,none,,,,,
944.0,NZDCHF,2014-12-15 06:00:00+00:00,-1.0000000000000056,none,,,,,
945.0,GBPCHF,2014-12-16 10:00:00+00:00,-0.9999999999999991,none,,,,,
946.0,EURJPY,2014-12-16 14:00:00+00:00,-1.0000000000000029,none,,,,,
947.0,EURNZD,2014-12-18 14:00:00+00:00,-0.9999999999999964,near_1bar,968.0,2014-12-18 16:00:00+00:00,-1.0,0.0,-3.552713678800501e-15
948.0,GBPUSD,2014-12-24 06:00:00+00:00,-0.9999999999999942,none,,,,,
949.0,EURAUD,2014-12-26 14:00:00+00:00,-1.0,near_1bar,970.0,2014-12-26 12:00:00+00:00,-1.0,0.0,0.0
950.0,GBPNZD,2015-01-01 22:00:00+00:00,-1.0000000000000033,near_1bar,971.0,2015-01-02 00:00:00+00:00,2.032646084189379,0.0,3.0326460841893823
951.0,GBPCAD,2015-01-02 18:00:00+00:00,-0.9999999999999896,near_1bar,972.0,2015-01-02 20:00:00+00:00,0.8827089230636738,0.0,1.8827089230636633
952.0,NZDUSD,2015-01-05 22:00:00+00:00,-1.0000000000000062,none,,,,,
953.0,USDJPY,2015-01-06 22:00:00+00:00,-0.9999999999999996,none,,,,,
954.0,AUDJPY,2015-01-09 10:00:00+00:00,-1.0000000000000084,none,,,,,
955.0,NZDJPY,2015-01-13 02:00:00+00:00,-0.9999999999999972,none,,,,,
956.0,AUDUSD,2015-01-22 06:00:00+00:00,-0.9999999999999952,near_1bar,976.0,2015-01-22 04:00:00+00:00,-1.0,0.0,-4.773959005888173e-15
957.0,NZDCAD,2015-01-26 18:00:00+00:00,-0.9999999999999961,near_1bar,978.0,2015-01-26 16:00:00+00:00,0.7921747945189433,0.0,1.7921747945189395
958.0,NZDCAD,2015-01-30 10:00:00+00:00,-1.0000000000000042,none,,,,,
959.0,NZDCAD,2015-02-05 22:00:00+00:00,1.7911219957461115,none,,,,,
960.0,AUDNZD,2015-02-06 14:00:00+00:00,-1.0000000000000056,near_1bar,981.0,2015-02-06 12:00:00+00:00,-1.0,0.0,5.551115123125783e-15
961.0,AUDCAD,2015-02-12 14:00:00+00:00,-0.9999999999999982,none,,,,,
962.0,EURNZD,2015-02-16 02:00:00+00:00,-0.9999999999999992,near_1bar,982.0,2015-02-16 04:00:00+00:00,-1.0,0.0,-7.771561172376096e-16
963.0,GBPNZD,2015-02-17 14:00:00+00:00,-1.0000000000000062,none,,,,,
964.0,CHFJPY,2015-02-19 02:00:00+00:00,-0.999999999999999,none,,,,,
965.0,EURCAD,2015-02-20 10:00:00+00:00,-1.0000000000000016,near_1bar,987.0,2015-02-20 12:00:00+00:00,-1.0,0.0,1.5543122344752192e-15
966.0,CADJPY,2015-02-20 14:00:00+00:00,-1.0000000000000038,none,,,,,
967.0,EURAUD,2015-02-20 14:00:00+00:00,-0.9999999999999984,near_1bar,986.0,2015-02-20 12:00:00+00:00,-1.0,0.0,-1.5543122344752192e-15
968.0,CHFJPY,2015-02-24 10:00:00+00:00,-1.0000000000000007,none,,,,,
969.0,EURNZD,2015-02-24 10:00:00+00:00,-0.9999999999999949,none,,,,,
970.0,EURAUD,2015-02-25 22:00:00+00:00,-0.9999999999999966,none,,,,,
971.0,EURJPY,2015-02-27 02:00:00+00:00,-1.0000000000000118,near_1bar,990.0,2015-02-27 00:00:00+00:00,-1.0,0.0,1.176836406102666e-14
972.0,GBPCAD,2015-03-05 10:00:00+00:00,-0.9999999999999999,near_1bar,992.0,2015-03-05 12:00:00+00:00,-1.0,0.0,-1.1102230246251565e-16
973.0,NZDCAD,2015-03-05 10:00:00+00:00,-1.000000000000003,none,,,,,
974.0,GBPAUD,2015-03-05 14:00:00+00:00,-0.9999999999999991,near_1bar,991.0,2015-03-05 12:00:00+00:00,0.46494642512754025,0.0,1.4649464251275393
975.0,NZDJPY,2015-03-09 06:00:00+00:00,-0.9999999999999938,near_1bar,994.0,2015-03-09 04:00:00+00:00,0.6390698814864885,0.0,1.6390698814864821
976.0,NZDJPY,2015-03-13 18:00:00+00:00,0.14531265045027753,near_1bar,998.0,2015-03-13 20:00:00+00:00,0.8323006442180036,0.0,0.6869879937677261
977.0,EURCHF,2015-03-16 14:00:00+00:00,-0.9999999999999948,none,,,,,
978.0,USDCAD,2015-03-26 14:00:00+00:00,-1.0000000000000073,none,,,,,
979.0,USDJPY,2015-03-27 06:00:00+00:00,-1.000000000000007,none,,,,,
980.0,CADJPY,2015-03-30 05:00:00+00:00,-0.9999999999999938,none,,,,,
981.0,NZDCHF,2015-03-30 05:00:00+00:00,-0.9999999999999997,none,,,,,
982.0,AUDCAD,2015-03-31 09:00:00+00:00,-0.9999999999999978,none,,,,,
983.0,AUDUSD,2015-04-01 21:00:00+00:00,-0.9999999999999982,none,,,,,
984.0,NZDCAD,2015-04-02 09:00:00+00:00,-0.9999999999999989,none,,,,,
985.0,EURCAD,2015-04-08 01:00:00+00:00,-1.0000000000000102,none,,,,,
986.0,USDCAD,2015-04-08 13:00:00+00:00,-1.0000000000000033,near_1bar,1010.0,2015-04-08 12:00:00+00:00,-1.0,0.0,3.3306690738754696e-15
987.0,EURAUD,2015-04-09 17:00:00+00:00,-1.0000000000000033,near_1bar,1012.0,2015-04-09 20:00:00+00:00,1.0677709933968789,1.0,2.0677709933968824
988.0,EURJPY,2015-04-09 17:00:00+00:00,-1.000000000000005,near_1bar,1013.0,2015-04-09 20:00:00+00:00,1.9410651584311622,1.0,2.9410651584311673
989.0,EURGBP,2015-04-10 17:00:00+00:00,-1.00000000000001,none,,,,,
990.0,AUDJPY,2015-04-14 09:00:00+00:00,6.2103823634939195,near_1bar,1014.0,2015-04-14 12:00:00+00:00,1.599479793989806,1.0,-4.6109025695041135
991.0,GBPUSD,2015-04-14 13:00:00+00:00,4.3828719614960745,near_1bar,1016.0,2015-04-14 12:00:00+00:00,1.747600799081733,0.0,-2.6352711624143415
992.0,NZDUSD,2015-04-14 13:00:00+00:00,-1.000000000000003,near_1bar,1017.0,2015-04-14 12:00:00+00:00,0.6125974085519508,0.0,1.6125974085519539
993.0,CHFJPY,2015-04-15 17:00:00+00:00,10.58453161663054,near_1bar,1018.0,2015-04-15 16:00:00+00:00,0.5821572682597753,0.0,-10.002374348370765
994.0,EURUSD,2015-04-16 09:00:00+00:00,4.651967279444093,none,,,,,
995.0,USDJPY,2015-04-17 13:00:00+00:00,6.140592409183549,near_1bar,1020.0,2015-04-17 12:00:00+00:00,0.5110340570630892,0.0,-5.62955835212046
996.0,EURGBP,2015-04-17 17:00:00+00:00,-0.999999999999993,none,,,,,
997.0,EURJPY,2015-04-17 17:00:00+00:00,9.10945162223572,near_1bar,1021.0,2015-04-17 20:00:00+00:00,1.5951931492342062,1.0,-7.514258473001514
998.0,GBPNZD,2015-04-20 09:00:00+00:00,19.766736580855483,none,,,,,
999.0,AUDCHF,2015-04-20 17:00:00+00:00,-1.0000000000000009,near_1bar,1023.0,2015-04-20 16:00:00+00:00,1.016433066605734,0.0,2.016433066605735
1000.0,AUDNZD,2015-04-20 17:00:00+00:00,16.39512509153641,near_1bar,1024.0,2015-04-20 16:00:00+00:00,1.9143486259953069,0.0,-14.480776465541103
1001.0,USDCHF,2015-04-22 09:00:00+00:00,-1.0000000000000002,near_1bar,1025.0,2015-04-22 08:00:00+00:00,0.5218163408161969,0.0,1.521816340816197
1002.0,NZDCHF,2015-04-27 09:00:00+00:00,-1.0000000000000084,none,,,,,
1003.0,USDCHF,2015-04-27 17:00:00+00:00,-0.9999999999999976,near_1bar,1027.0,2015-04-27 16:00:00+00:00,-1.0,0.0,-2.4424906541753444e-15
1004.0,GBPAUD,2015-04-28 21:00:00+00:00,-0.9999999999999983,none,,,,,
1005.0,NZDUSD,2015-05-05 01:00:00+00:00,-0.9999999999999982,near_1bar,1029.0,2015-05-05 00:00:00+00:00,-1.0,0.0,-1.7763568394002505e-15
1006.0,GBPCHF,2015-05-05 05:00:00+00:00,-1.0000000000000024,none,,,,,
1007.0,GBPCHF,2015-05-08 13:00:00+00:00,-1.000000000000004,none,,,,,
1008.0,EURAUD,2015-05-13 01:00:00+00:00,-1.0000000000000053,near_1bar,1031.0,2015-05-13 00:00:00+00:00,1.4724203230869082,0.0,2.4724203230869133
1009.0,EURGBP,2015-05-13 09:00:00+00:00,-1.000000000000003,none,,,,,
1010.0,USDJPY,2015-05-13 17:00:00+00:00,6.205738373467991,none,,,,,
1011.0,EURCHF,2015-05-21 05:00:00+00:00,-1.000000000000018,none,,,,,
1012.0,EURUSD,2015-05-22 01:00:00+00:00,-1.000000000000008,none,,,,,
1013.0,AUDCHF,2015-05-22 13:00:00+00:00,-0.9999999999999931,near_1bar,1036.0,2015-05-22 12:00:00+00:00,-1.0,0.0,-6.8833827526759706e-15
1014.0,EURAUD,2015-05-25 09:00:00+00:00,6.590927559838974,none,,,,,
1015.0,AUDUSD,2015-05-26 09:00:00+00:00,-0.9999999999999987,near_1bar,1039.0,2015-05-26 08:00:00+00:00,-1.0,0.0,-1.3322676295501878e-15
1016.0,EURJPY,2015-05-26 09:00:00+00:00,0.4589754130613535,none,,,,,
1017.0,CADCHF,2015-05-28 09:00:00+00:00,-1.000000000000008,none,,,,,
1018.0,NZDCAD,2015-05-28 21:00:00+00:00,-1.0,none,,,,,
1019.0,NZDJPY,2015-06-01 09:00:00+00:00,-0.9999999999999934,none,,,,,
1020.0,GBPAUD,2015-06-02 21:00:00+00:00,-0.9999999999999947,none,,,,,
1021.0,NZDCAD,2015-06-03 17:00:00+00:00,-1.0000000000000058,none,,,,,
1022.0,GBPCAD,2015-06-07 21:00:00+00:00,-1.0000000000000002,none,,,,,
1023.0,AUDCAD,2015-06-08 05:00:00+00:00,-0.9999999999999984,none,,,,,
1024.0,GBPCHF,2015-06-09 13:00:00+00:00,6.81374013089976,near_1bar,1052.0,2015-06-09 12:00:00+00:00,1.242707180567816,0.0,-5.571032950331944
1025.0,EURCHF,2015-06-12 17:00:00+00:00,-0.9999999999999931,near_1bar,1054.0,2015-06-12 16:00:00+00:00,0.9919967347812738,0.0,1.9919967347812668
1026.0,CHFJPY,2015-06-15 13:00:00+00:00,-1.0000000000000102,none,,,,,
1027.0,USDCHF,2015-06-17 09:00:00+00:00,-0.9999999999999943,none,,,,,
1028.0,EURCHF,2015-06-17 21:00:00+00:00,-1.0000000000000022,near_1bar,1055.0,2015-06-17 20:00:00+00:00,1.1132576053928438,0.0,2.113257605392846
1029.0,USDJPY,2015-06-18 13:00:00+00:00,-1.0000000000000044,near_1bar,1056.0,2015-06-18 12:00:00+00:00,0.3514942648278423,0.0,1.3514942648278467
1030.0,CADJPY,2015-06-19 17:00:00+00:00,-0.9999999999999998,near_1bar,1057.0,2015-06-19 16:00:00+00:00,-1.0,0.0,-2.220446049250313e-16
1031.0,EURUSD,2015-06-23 21:00:00+00:00,-0.9999999999999931,near_1bar,1059.0,2015-06-23 20:00:00+00:00,-1.0,0.0,-6.8833827526759706e-15
1032.0,EURAUD,2015-06-24 01:00:00+00:00,-1.0000000000000062,near_1bar,1060.0,2015-06-24 00:00:00+00:00,1.420342815836137,0.0,2.4203428158361433
1033.0,EURCHF,2015-06-24 09:00:00+00:00,-1.0000000000000022,none,,,,,
1034.0,EURJPY,2015-06-26 05:00:00+00:00,-1.0000000000000104,near_1bar,1061.0,2015-06-26 04:00:00+00:00,-1.0,0.0,1.0436096431476471e-14
1035.0,AUDUSD,2015-06-26 17:00:00+00:00,-0.9999999999999989,near_1bar,1062.0,2015-06-26 16:00:00+00:00,-1.0,0.0,-1.1102230246251565e-15
1036.0,AUDNZD,2015-06-29 01:00:00+00:00,-0.9999999999999917,none,,,,,
1037.0,USDJPY,2015-06-29 05:00:00+00:00,-0.9999999999999971,none,,,,,
1038.0,AUDCAD,2015-06-29 09:00:00+00:00,1.4825801295117793,near_1bar,1065.0,2015-06-29 08:00:00+00:00,0.40926378223226323,0.0,-1.073316347279516
1039.0,EURCAD,2015-06-29 13:00:00+00:00,5.840207325667179,none,,,,,
1040.0,EURUSD,2015-06-29 13:00:00+00:00,-0.9999999999999951,near_1bar,1066.0,2015-06-29 16:00:00+00:00,-1.0,1.0,-4.884981308350689e-15
1041.0,CADCHF,2015-06-30 01:00:00+00:00,-1.0000000000000018,near_1bar,1067.0,2015-06-30 00:00:00+00:00,-1.0,0.0,1.7763568394002505e-15
1042.0,GBPUSD,2015-07-01 01:00:00+00:00,-0.999999999999999,none,,,,,
1043.0,AUDUSD,2015-07-02 01:00:00+00:00,-1.000000000000001,none,,,,,
1044.0,GBPCHF,2015-07-08 09:00:00+00:00,1.685705700718442,none,,,,,
1045.0,EURAUD,2015-07-21 01:00:00+00:00,11.71639770086513,near_1bar,1070.0,2015-07-21 00:00:00+00:00,1.4186814484114592,0.0,-10.297716252453672
1046.0,CADCHF,2015-07-23 09:00:00+00:00,-0.9999999999999973,near_1bar,1072.0,2015-07-23 08:00:00+00:00,0.7555853914038189,0.0,1.7555853914038162
1047.0,CADJPY,2015-07-23 09:00:00+00:00,-1.0000000000000036,near_1bar,1073.0,2015-07-23 08:00:00+00:00,-1.0,0.0,3.552713678800501e-15
1048.0,AUDJPY,2015-07-23 21:00:00+00:00,-0.9999999999999936,none,,,,,
1049.0,USDJPY,2015-07-28 05:00:00+00:00,-1.0000000000000049,near_1bar,1075.0,2015-07-28 08:00:00+00:00,0.7183454630176688,1.0,1.7183454630176738
1050.0,GBPNZD,2015-07-28 09:00:00+00:00,-0.9999999999999931,near_1bar,1074.0,2015-07-28 08:00:00+00:00,0.7720268938061199,0.0,1.772026893806113
1051.0,CADJPY,2015-07-28 13:00:00+00:00,-0.9999999999999933,near_1bar,1076.0,2015-07-28 16:00:00+00:00,-1.0,1.0,-6.661338147750939e-15
1052.0,USDCAD,2015-07-29 01:00:00+00:00,-1.0000000000000073,near_1bar,1077.0,2015-07-29 00:00:00+00:00,1.0829446490093564,0.0,2.082944649009364
1053.0,NZDJPY,2015-07-31 13:00:00+00:00,-0.9999999999999983,near_1bar,1080.0,2015-07-31 12:00:00+00:00,-1.0,0.0,-1.6653345369377348e-15
1054.0,NZDUSD,2015-07-31 13:00:00+00:00,-0.9999999999999944,near_1bar,1081.0,2015-07-31 12:00:00+00:00,-1.0,0.0,-5.551115123125783e-15
1055.0,EURJPY,2015-08-04 01:00:00+00:00,-0.999999999999995,near_1bar,1082.0,2015-08-04 00:00:00+00:00,1.0208116385951649,0.0,2.02081163859516
1056.0,EURGBP,2015-08-05 17:00:00+00:00,9.642116615563989,none,,,,,
1057.0,EURUSD,2015-08-05 17:00:00+00:00,3.918740304505155,none,,,,,
1058.0,NZDJPY,2015-08-05 21:00:00+00:00,-1.0000000000000084,near_1bar,1084.0,2015-08-05 20:00:00+00:00,0.4972279351950009,0.0,1.4972279351950093
1059.0,NZDUSD,2015-08-07 01:00:00+00:00,-0.9999999999999957,near_1bar,1086.0,2015-08-07 04:00:00+00:00,0.6119875679586628,1.0,1.6119875679586584
1060.0,GBPUSD,2015-08-07 17:00:00+00:00,-0.9999999999999892,near_1bar,1087.0,2015-08-07 16:00:00+00:00,0.9142538362141341,0.0,1.9142538362141233
1061.0,GBPAUD,2015-08-09 21:00:00+00:00,3.3436010844278816,none,,,,,
1062.0,GBPJPY,2015-08-10 13:00:00+00:00,-0.9999999999999956,near_1bar,1088.0,2015-08-10 12:00:00+00:00,0.49159205037595616,0.0,1.4915920503759517
1063.0,NZDCAD,2015-08-11 13:00:00+00:00,-1.0000000000000053,none,,,,,
1064.0,USDJPY,2015-08-19 21:00:00+00:00,-1.000000000000013,near_1bar,1091.0,2015-08-19 20:00:00+00:00,-1.0,0.0,1.3100631690576847e-14
1065.0,NZDCHF,2015-08-20 01:00:00+00:00,-1.0000000000000027,none,,,,,
1066.0,AUDJPY,2015-08-20 09:00:00+00:00,-1.000000000000002,none,,,,,
1067.0,AUDCAD,2015-08-24 21:00:00+00:00,-0.9999999999999962,near_1bar,1093.0,2015-08-25 00:00:00+00:00,-1.0,1.0,-3.774758283725532e-15
1068.0,CHFJPY,2015-08-24 21:00:00+00:00,-0.999999999999999,none,,,,,
1069.0,GBPCAD,2015-09-01 05:00:00+00:00,-0.999999999999996,near_1bar,1094.0,2015-09-01 04:00:00+00:00,-1.0,0.0,-3.9968028886505635e-15
1070.0,EURJPY,2015-09-02 01:00:00+00:00,-1.0000000000000093,none,,,,,
1071.0,AUDCHF,2015-09-06 21:00:00+00:00,2.793556496392778,none,,,,,
1072.0,EURUSD,2015-09-07 13:00:00+00:00,-0.9999999999999936,near_1bar,1095.0,2015-09-07 12:00:00+00:00,0.7076859096939369,0.0,1.7076859096939305
1073.0,EURGBP,2015-09-08 13:00:00+00:00,-0.9999999999999966,near_1bar,1096.0,2015-09-08 12:00:00+00:00,0.7920331480968019,0.0,1.7920331480967984
1074.0,AUDNZD,2015-09-09 21:00:00+00:00,-0.9999999999999958,near_1bar,1097.0,2015-09-09 20:00:00+00:00,0.6316105449046288,0.0,1.6316105449046245
1075.0,CADCHF,2015-09-13 21:00:00+00:00,-1.000000000000006,none,,,,,
1076.0,EURAUD,2015-09-15 01:00:00+00:00,-0.9999999999999976,near_1bar,1098.0,2015-09-15 00:00:00+00:00,0.5159781305314959,0.0,1.5159781305314934
1077.0,CADCHF,2015-09-17 21:00:00+00:00,-0.999999999999993,none,,,,,
1078.0,USDCAD,2015-09-17 21:00:00+00:00,-0.9999999999999918,near_1bar,1099.0,2015-09-17 20:00:00+00:00,0.9165535501765578,0.0,1.9165535501765496
1079.0,USDCHF,2015-09-18 13:00:00+00:00,-1.0000000000000044,near_1bar,1100.0,2015-09-18 12:00:00+00:00,0.747280584889431,0.0,1.7472805848894355
1080.0,CHFJPY,2015-09-22 13:00:00+00:00,-0.9999999999999951,near_1bar,1101.0,2015-09-22 12:00:00+00:00,0.6703202219952376,0.0,1.6703202219952327
1081.0,GBPJPY,2015-09-22 17:00:00+00:00,-0.9999999999999946,near_1bar,1102.0,2015-09-22 16:00:00+00:00,0.6014741247133846,0.0,1.6014741247133792
1082.0,CADJPY,2015-09-23 05:00:00+00:00,-0.9999999999999963,near_1bar,1106.0,2015-09-23 04:00:00+00:00,0.9560381558598205,0.0,1.956038155859817
1083.0,NZDCAD,2015-09-23 09:00:00+00:00,3.7929433302193374,none,,,,,
1084.0,NZDJPY,2015-09-23 09:00:00+00:00,4.651891045817557,none,,,,,
1085.0,EURCAD,2015-09-23 13:00:00+00:00,-1.0000000000000084,near_1bar,1107.0,2015-09-23 16:00:00+00:00,-1.0,1.0,8.43769498715119e-15
1086.0,GBPCAD,2015-09-23 13:00:00+00:00,-0.999999999999998,near_1bar,1108.0,2015-09-23 16:00:00+00:00,-1.0,1.0,-1.9984014443252818e-15
1087.0,GBPCHF,2015-09-23 17:00:00+00:00,-1.0000000000000078,none,,,,,
1088.0,EURUSD,2015-09-24 09:00:00+00:00,-1.000000000000008,near_1bar,1109.0,2015-09-24 08:00:00+00:00,0.7909343301543964,0.0,1.7909343301544043
1089.0,EURJPY,2015-09-25 09:00:00+00:00,-0.9999999999999996,none,,,,,
1090.0,EURNZD,2015-09-28 09:00:00+00:00,-0.9999999999999969,none,,,,,
1091.0,AUDCHF,2015-09-29 05:00:00+00:00,6.703995435874834,near_1bar,1112.0,2015-09-29 08:00:00+00:00,0.874064497444185,1.0,-5.829930938430649
1092.0,AUDJPY,2015-09-29 05:00:00+00:00,4.753818946736082,near_1bar,1113.0,2015-09-29 08:00:00+00:00,1.2051408002315362,1.0,-3.548678146504546
1093.0,AUDUSD,2015-09-29 05:00:00+00:00,3.331233855492406,near_1bar,1114.0,2015-09-29 08:00:00+00:00,1.5110034041387115,1.0,-1.8202304513536944
1094.0,CHFJPY,2015-09-29 05:00:00+00:00,-1.0000000000000002,none,,,,,
1095.0,USDJPY,2015-09-29 05:00:00+00:00,-1.0000000000000067,none,,,,,
1096.0,GBPCAD,2015-09-29 13:00:00+00:00,-1.0000000000000044,none,,,,,
1097.0,GBPAUD,2015-10-02 09:00:00+00:00,-1.0000000000000113,none,,,,,
1098.0,CHFJPY,2015-10-02 13:00:00+00:00,-0.9999999999999959,none,,,,,
1099.0,AUDCAD,2015-10-06 01:00:00+00:00,4.802004908827133,none,,,,,
1100.0,EURAUD,2015-10-06 05:00:00+00:00,-0.999999999999998,near_1bar,1120.0,2015-10-06 08:00:00+00:00,-1.0,1.0,-1.9984014443252818e-15
1101.0,USDCHF,2015-10-07 05:00:00+00:00,-0.9999999999999951,none,,,,,
1102.0,EURGBP,2015-10-07 09:00:00+00:00,-1.0000000000000016,none,,,,,
1103.0,EURCHF,2015-10-07 13:00:00+00:00,-1.0000000000000107,none,,,,,
1104.0,USDJPY,2015-10-13 13:00:00+00:00,-0.9999999999999923,near_1bar,1124.0,2015-10-13 12:00:00+00:00,0.9488059877513602,0.0,1.9488059877513524
1105.0,EURAUD,2015-10-13 21:00:00+00:00,-0.9999999999999951,near_1bar,1125.0,2015-10-13 20:00:00+00:00,-1.0,0.0,-4.884981308350689e-15
1106.0,AUDCHF,2015-10-19 01:00:00+00:00,1.6614324116717951,near_1bar,1126.0,2015-10-19 00:00:00+00:00,0.7526924959807557,0.0,-0.9087399156910394
1107.0,CADJPY,2015-10-20 05:00:00+00:00,-0.9999999999999972,near_1bar,1127.0,2015-10-20 04:00:00+00:00,0.5691115819302104,0.0,1.5691115819302075
1108.0,CADCHF,2015-10-21 09:00:00+00:00,-0.9999999999999999,none,,,,,
1109.0,AUDUSD,2015-10-22 01:00:00+00:00,-1.000000000000008,near_1bar,1129.0,2015-10-22 00:00:00+00:00,0.7241220959104684,0.0,1.7241220959104764
1110.0,AUDJPY,2015-10-22 13:00:00+00:00,-0.9999999999999944,near_1bar,1131.0,2015-10-22 12:00:00+00:00,1.2237468648850442,0.0,2.2237468648850385
1111.0,EURCAD,2015-10-27 14:00:00+00:00,-1.0000000000000036,near_1bar,1132.0,2015-10-27 12:00:00+00:00,1.5120314972399802,0.0,2.5120314972399838
1112.0,AUDCAD,2015-10-28 18:00:00+00:00,-0.9999999999999992,near_1bar,1133.0,2015-10-28 20:00:00+00:00,0.3174090483127766,0.0,1.3174090483127758
1113.0,NZDJPY,2015-10-28 18:00:00+00:00,-1.000000000000002,near_1bar,1134.0,2015-10-28 20:00:00+00:00,0.7448631151385725,0.0,1.7448631151385745
1114.0,NZDUSD,2015-10-29 22:00:00+00:00,-1.0000000000000002,none,,,,,
1115.0,AUDCAD,2015-11-03 02:00:00+00:00,-1.0000000000000033,near_1bar,1136.0,2015-11-03 00:00:00+00:00,0.26388376970184385,0.0,1.2638837697018472
1116.0,NZDCHF,2015-11-05 06:00:00+00:00,-0.9999999999999939,near_1bar,1137.0,2015-11-05 04:00:00+00:00,1.287645481074208,0.0,2.2876454810742017
1117.0,GBPCAD,2015-11-09 14:00:00+00:00,-0.9999999999999997,none,,,,,
1118.0,NZDCAD,2015-11-18 02:00:00+00:00,-0.9999999999999989,none,,,,,
1119.0,EURNZD,2015-11-23 06:00:00+00:00,-0.9999999999999976,none,,,,,
1120.0,GBPUSD,2015-11-23 10:00:00+00:00,-1.000000000000011,none,,,,,
1121.0,CADJPY,2015-11-24 14:00:00+00:00,-0.9999999999999994,none,,,,,
1122.0,USDJPY,2015-11-25 06:00:00+00:00,-1.0000000000000069,near_1bar,1143.0,2015-11-25 08:00:00+00:00,0.28970412582897015,0.0,1.289704125828977
1123.0,GBPJPY,2015-11-27 10:00:00+00:00,-0.9999999999999852,none,,,,,
1124.0,GBPJPY,2015-12-03 06:00:00+00:00,-0.9999999999999964,none,,,,,
1125.0,EURCHF,2015-12-03 10:00:00+00:00,-0.9999999999999899,near_1bar,1147.0,2015-12-03 12:00:00+00:00,0.3888688108263126,0.0,1.3888688108263025
1126.0,GBPCAD,2015-12-03 10:00:00+00:00,-1.000000000000005,near_1bar,1148.0,2015-12-03 12:00:00+00:00,1.6160978880641916,0.0,2.6160978880641967
1127.0,EURNZD,2015-12-04 02:00:00+00:00,-0.9999999999999987,none,,,,,
1128.0,AUDNZD,2015-12-06 22:00:00+00:00,-0.9999999999999919,near_1bar,1151.0,2015-12-07 00:00:00+00:00,-1.0,0.0,-8.104628079763643e-15
1129.0,NZDJPY,2015-12-09 18:00:00+00:00,-1.0000000000000056,near_1bar,1152.0,2015-12-09 20:00:00+00:00,-1.0,0.0,5.551115123125783e-15
1130.0,AUDJPY,2015-12-09 22:00:00+00:00,-0.999999999999994,near_1bar,1153.0,2015-12-10 00:00:00+00:00,-1.0,0.0,-5.995204332975845e-15
1131.0,AUDUSD,2015-12-14 02:00:00+00:00,-0.9999999999999936,near_1bar,1154.0,2015-12-14 00:00:00+00:00,0.5301287145646837,0.0,1.5301287145646771
1132.0,AUDJPY,2015-12-16 18:00:00+00:00,-1.0000000000000038,near_1bar,1156.0,2015-12-16 16:00:00+00:00,-1.0,0.0,3.774758283725532e-15
1133.0,USDJPY,2015-12-16 22:00:00+00:00,-1.0000000000000004,near_1bar,1158.0,2015-12-16 20:00:00+00:00,-1.0,0.0,4.440892098500626e-16
1134.0,AUDUSD,2015-12-18 14:00:00+00:00,-1.0000000000000036,none,,,,,
1135.0,EURJPY,2015-12-22 10:00:00+00:00,-0.9999999999999998,near_1bar,1159.0,2015-12-22 12:00:00+00:00,-1.0,0.0,-2.220446049250313e-16
1136.0,CHFJPY,2015-12-22 14:00:00+00:00,-0.9999999999999934,none,,,,,
1137.0,GBPCAD,2015-12-23 22:00:00+00:00,-0.9999999999999921,none,,,,,
1138.0,EURAUD,2015-12-24 18:00:00+00:00,-1.0000000000000082,none,,,,,
1139.0,EURNZD,2015-12-29 06:00:00+00:00,-1.0000000000000029,none,,,,,
1140.0,USDCAD,2016-01-03 22:00:00+00:00,-0.999999999999992,near_1bar,1165.0,2016-01-03 20:00:00+00:00,2.5922978439194697,0.0,3.5922978439194617
1141.0,EURAUD,2016-01-04 02:00:00+00:00,-1.0000000000000058,near_1bar,1166.0,2016-01-04 04:00:00+00:00,1.431350780464822,0.0,2.431350780464828
1142.0,EURUSD,2016-01-04 18:00:00+00:00,-0.9999999999999968,near_1bar,1167.0,2016-01-04 16:00:00+00:00,0.48829367584581745,0.0,1.4882936758458143
1143.0,EURNZD,2016-01-05 14:00:00+00:00,2.625716813081889,none,,,,,
1144.0,GBPCAD,2016-01-06 06:00:00+00:00,-1.0000000000000082,none,,,,,
1145.0,GBPCHF,2016-01-08 06:00:00+00:00,-0.9999999999999989,none,,,,,
1146.0,GBPAUD,2016-01-19 22:00:00+00:00,-1.000000000000008,none,,,,,
1147.0,EURAUD,2016-01-22 14:00:00+00:00,-0.9999999999999986,near_1bar,1174.0,2016-01-22 12:00:00+00:00,0.9061703764472646,0.0,1.906170376447263
1148.0,GBPAUD,2016-02-02 22:00:00+00:00,-1.0000000000000082,none,,,,,
1149.0,AUDCAD,2016-02-03 14:00:00+00:00,-1.0000000000000013,near_1bar,1178.0,2016-02-03 16:00:00+00:00,-1.0,0.0,1.3322676295501878e-15
1150.0,GBPNZD,2016-02-04 22:00:00+00:00,-1.0000000000000022,none,,,,,
1151.0,AUDNZD,2016-02-09 14:00:00+00:00,5.576221747121096,none,,,,,
1152.0,AUDUSD,2016-02-09 14:00:00+00:00,4.898919391330368,near_1bar,1185.0,2016-02-09 12:00:00+00:00,1.6371607814171178,0.0,-3.2617586099132505
1153.0,AUDCAD,2016-02-10 06:00:00+00:00,-1.0000000000000013,none,,,,,
1154.0,NZDCHF,2016-02-11 18:00:00+00:00,-0.6308031250348277,none,,,,,
1155.0,CHFJPY,2016-02-15 02:00:00+00:00,-1.0000000000000053,none,,,,,
1156.0,NZDUSD,2016-02-16 18:00:00+00:00,4.0251298064291685,near_1bar,1193.0,2016-02-16 20:00:00+00:00,0.5708835019819768,0.0,-3.454246304447192
1157.0,GBPUSD,2016-02-18 10:00:00+00:00,-1.0000000000000093,near_1bar,1195.0,2016-02-18 08:00:00+00:00,-1.0,0.0,9.325873406851315e-15
1158.0,NZDCAD,2016-02-21 22:00:00+00:00,-1.0000000000000038,none,,,,,
1159.0,AUDCAD,2016-03-02 14:00:00+00:00,-0.17662729092147664,near_1bar,1200.0,2016-03-02 16:00:00+00:00,0.7410052512743737,0.0,0.9176325421958503
1160.0,CHFJPY,2016-03-09 14:00:00+00:00,-1.0000000000000027,near_1bar,1202.0,2016-03-09 12:00:00+00:00,1.0112294761319105,0.0,2.011229476131913
1161.0,USDCHF,2016-03-16 10:00:00+00:00,-0.9999999999999957,none,,,,,
1162.0,GBPJPY,2016-03-16 14:00:00+00:00,-1.0000000000000067,none,,,,,
1163.0,GBPUSD,2016-03-16 18:00:00+00:00,-1.0000000000000073,near_1bar,1206.0,2016-03-16 16:00:00+00:00,0.631391610296313,0.0,1.6313916102963204
1164.0,GBPCAD,2016-03-18 14:00:00+00:00,-1.0000000000000018,none,,,,,
1165.0,EURCHF,2016-03-22 02:00:00+00:00,-1.0000000000000242,none,,,,,
1166.0,GBPJPY,2016-03-22 18:00:00+00:00,-1.0000000000000013,none,,,,,
1167.0,NZDCAD,2016-03-22 18:00:00+00:00,-0.999999999999999,none,,,,,
1168.0,USDJPY,2016-03-22 18:00:00+00:00,-0.9999999999999973,none,,,,,
1169.0,AUDCHF,2016-03-24 10:00:00+00:00,-0.9999999999999937,none,,,,,
1170.0,CADCHF,2016-03-24 14:00:00+00:00,-0.9999999999999915,none,,,,,
1171.0,GBPCAD,2016-03-28 09:00:00+00:00,-1.0000000000000078,none,,,,,
1172.0,EURNZD,2016-03-30 01:00:00+00:00,-1.0000000000000062,none,,,,,
1173.0,AUDCHF,2016-04-01 13:00:00+00:00,-0.9999999999999931,none,,,,,
1174.0,CADCHF,2016-04-01 13:00:00+00:00,-1.0000000000000036,none,,,,,
1175.0,AUDCAD,2016-04-05 17:00:00+00:00,-1.0000000000000067,none,,,,,
1176.0,NZDJPY,2016-04-05 21:00:00+00:00,-1.000000000000006,none,,,,,
1177.0,NZDCHF,2016-04-06 01:00:00+00:00,1.9502107238668391,near_1bar,1221.0,2016-04-06 04:00:00+00:00,1.216207714002101,1.0,-0.7340030098647381
1178.0,GBPUSD,2016-04-06 13:00:00+00:00,-1.0000000000000047,near_1bar,1222.0,2016-04-06 12:00:00+00:00,0.694931287237684,0.0,1.6949312872376887
1179.0,CADCHF,2016-04-10 21:00:00+00:00,3.722382991507573,none,,,,,
1180.0,GBPAUD,2016-04-13 09:00:00+00:00,-0.9999999999999993,none,,,,,
1181.0,GBPNZD,2016-04-14 01:00:00+00:00,-0.9999999999999998,none,,,,,
1182.0,CHFJPY,2016-04-14 09:00:00+00:00,-1.0000000000000047,none,,,,,
1183.0,AUDCAD,2016-04-15 09:00:00+00:00,-1.0000000000000027,none,,,,,
1184.0,EURAUD,2016-04-17 21:00:00+00:00,-1.0000000000000049,none,,,,,
1185.0,GBPNZD,2016-04-21 09:00:00+00:00,-1.0000000000000013,near_1bar,1230.0,2016-04-21 08:00:00+00:00,1.079975062811819,0.0,2.0799750628118203
1186.0,NZDUSD,2016-04-27 21:00:00+00:00,-0.9999999999999952,near_1bar,1231.0,2016-04-27 20:00:00+00:00,0.8001305916086046,0.0,1.8001305916085997
1187.0,AUDJPY,2016-04-28 13:00:00+00:00,-1.0000000000000029,near_1bar,1232.0,2016-04-28 12:00:00+00:00,-1.0,0.0,2.886579864025407e-15
1188.0,USDCHF,2016-04-29 21:00:00+00:00,-1.0000000000000067,near_1bar,1234.0,2016-04-29 20:00:00+00:00,1.4211924209508005,0.0,2.421192420950807
1189.0,NZDJPY,2016-05-01 21:00:00+00:00,-0.9999999999999953,none,,,,,
1190.0,CADCHF,2016-05-04 21:00:00+00:00,0.9041014587504523,near_1bar,1235.0,2016-05-04 20:00:00+00:00,0.946689838187396,0.0,0.04258837943694371
1191.0,CADJPY,2016-05-05 01:00:00+00:00,-0.9999999999999941,near_1bar,1236.0,2016-05-05 00:00:00+00:00,0.6287244644188447,0.0,1.6287244644188388
1192.0,USDCHF,2016-05-05 05:00:00+00:00,-0.9999999999999969,near_1bar,1238.0,2016-05-05 08:00:00+00:00,1.1460211020500752,1.0,2.146021102050072
1193.0,NZDCHF,2016-05-05 09:00:00+00:00,-0.9999999999999936,near_1bar,1237.0,2016-05-05 08:00:00+00:00,0.7930044807826861,0.0,1.7930044807826797
1194.0,GBPUSD,2016-05-16 13:00:00+00:00,-0.9999999999999978,none,,,,,
1195.0,EURAUD,2016-05-17 05:00:00+00:00,-0.9999999999999976,near_1bar,1240.0,2016-05-17 04:00:00+00:00,0.49533183354154653,0.0,1.495331833541544
1196.0,EURCAD,2016-05-17 05:00:00+00:00,-0.9999999999999877,near_1bar,1241.0,2016-05-17 08:00:00+00:00,-1.0,1.0,-1.2323475573339238e-14
1197.0,CADCHF,2016-05-23 21:00:00+00:00,-0.9999999999999983,none,,,,,
1198.0,NZDJPY,2016-05-24 05:00:00+00:00,-0.9999999999999963,near_1bar,1245.0,2016-05-24 08:00:00+00:00,0.7106943205176629,1.0,1.7106943205176592
1199.0,AUDJPY,2016-05-24 13:00:00+00:00,-1.0000000000000042,near_1bar,1246.0,2016-05-24 12:00:00+00:00,0.7237891112729982,0.0,1.7237891112730024
1200.0,EURJPY,2016-05-24 21:00:00+00:00,-0.9999999999999974,near_1bar,1248.0,2016-05-25 00:00:00+00:00,0.6457978467376251,1.0,1.6457978467376226
1201.0,NZDCAD,2016-05-26 13:00:00+00:00,5.882879214664377,none,,,,,
1202.0,GBPUSD,2016-06-01 05:00:00+00:00,-1.0000000000000058,none,,,,,
1203.0,USDCHF,2016-06-01 13:00:00+00:00,-1.0000000000000073,none,,,,,
1204.0,USDJPY,2016-06-01 13:00:00+00:00,-1.000000000000001,none,,,,,
1205.0,EURCHF,2016-06-01 17:00:00+00:00,-1.0000000000000056,none,,,,,
1206.0,EURAUD,2016-06-02 01:00:00+00:00,-1.0000000000000036,near_1bar,1253.0,2016-06-02 00:00:00+00:00,-1.0,0.0,3.552713678800501e-15
1207.0,EURNZD,2016-06-02 05:00:00+00:00,-0.9999999999999934,none,,,,,
1208.0,GBPAUD,2016-06-02 09:00:00+00:00,-0.9999999999999993,none,,,,,
1209.0,CADJPY,2016-06-02 21:00:00+00:00,-0.9999999999999943,none,,,,,
1210.0,CHFJPY,2016-06-06 13:00:00+00:00,-1.0000000000000069,none,,,,,
1211.0,AUDCHF,2016-06-13 01:00:00+00:00,-1.0000000000000062,near_1bar,1258.0,2016-06-13 00:00:00+00:00,0.5540558912264142,0.0,1.5540558912264204
1212.0,NZDJPY,2016-06-15 01:00:00+00:00,-1.0000000000000056,near_1bar,1259.0,2016-06-15 00:00:00+00:00,-0.5208311643975043,0.0,0.47916883560250123
1213.0,AUDCHF,2016-06-16 21:00:00+00:00,5.312277818516977,none,,,,,
1214.0,EURNZD,2016-06-20 21:00:00+00:00,-1.000000000000001,none,,,,,
1215.0,EURUSD,2016-06-24 05:00:00+00:00,-1.000000000000001,none,,,,,
1216.0,AUDNZD,2016-07-01 13:00:00+00:00,-1.0000000000000167,near_1bar,1260.0,2016-07-01 12:00:00+00:00,0.4168250681353897,0.0,1.4168250681354064
1217.0,AUDNZD,2016-07-11 09:00:00+00:00,-1.0000000000000042,none,,,,,
1218.0,NZDCAD,2016-07-15 05:00:00+00:00,-0.9999999999999953,none,,,,,
1219.0,EURCAD,2016-07-15 13:00:00+00:00,1.3690866855150796,none,,,,,
1220.0,NZDUSD,2016-07-18 01:00:00+00:00,-0.9999999999999984,near_1bar,1263.0,2016-07-18 04:00:00+00:00,0.5474059171318572,1.0,1.5474059171318557
1221.0,NZDCHF,2016-07-19 09:00:00+00:00,2.589048954665417,none,,,,,
1222.0,EURUSD,2016-07-19 17:00:00+00:00,-0.9999999999999891,near_1bar,1265.0,2016-07-19 16:00:00+00:00,1.0815309608077108,0.0,2.0815309608077
1223.0,EURCHF,2016-07-24 21:00:00+00:00,-0.9999999999999946,near_1bar,1267.0,2016-07-24 20:00:00+00:00,0.6324488327816173,0.0,1.6324488327816118
1224.0,NZDCAD,2016-07-25 13:00:00+00:00,5.393318654961884,near_1bar,1268.0,2016-07-25 12:00:00+00:00,0.9595818040536628,0.0,-4.433736850908221
1225.0,EURUSD,2016-07-26 05:00:00+00:00,3.0242686686618727,near_1bar,1269.0,2016-07-26 04:00:00+00:00,1.2813197526017084,0.0,-1.7429489160601643
1226.0,GBPCHF,2016-07-26 09:00:00+00:00,-0.9999999999999986,near_1bar,1270.0,2016-07-26 08:00:00+00:00,-1.0,0.0,-1.4432899320127035e-15
1227.0,GBPUSD,2016-07-26 09:00:00+00:00,-1.0000000000000089,near_1bar,1271.0,2016-07-26 08:00:00+00:00,0.5197332630736121,0.0,1.519733263073621
1228.0,EURJPY,2016-07-27 01:00:00+00:00,-0.9999999999999949,none,,,,,
1229.0,AUDUSD,2016-07-27 17:00:00+00:00,0.9548548650280804,near_1bar,1273.0,2016-07-27 16:00:00+00:00,1.2351240071149454,0.0,0.28026914208686504
1230.0,CHFJPY,2016-07-28 13:00:00+00:00,-1.0000000000000022,near_1bar,1275.0,2016-07-28 16:00:00+00:00,-1.0,1.0,2.220446049250313e-15
1231.0,AUDCHF,2016-07-29 13:00:00+00:00,-0.9999999999999946,near_1bar,1277.0,2016-07-29 16:00:00+00:00,0.7957745725377695,1.0,1.795774572537764
1232.0,GBPAUD,2016-07-31 21:00:00+00:00,-0.9999999999999931,none,,,,,
1233.0,GBPCHF,2016-08-03 09:00:00+00:00,-0.9999999999999925,near_1bar,1278.0,2016-08-03 08:00:00+00:00,0.5028091768270767,0.0,1.502809176827069
1234.0,AUDNZD,2016-08-04 05:00:00+00:00,-1.0000000000000044,near_1bar,1279.0,2016-08-04 04:00:00+00:00,0.3973476803545398,0.0,1.3973476803545442
1235.0,USDCAD,2016-08-05 09:00:00+00:00,-1.0000000000000064,near_1bar,1281.0,2016-08-05 12:00:00+00:00,-1.0,1.0,6.439293542825908e-15
1236.0,USDCHF,2016-08-05 13:00:00+00:00,-0.9999999999999974,near_1bar,1282.0,2016-08-05 12:00:00+00:00,-1.0,0.0,-2.55351295663786e-15
1237.0,GBPCAD,2016-08-09 13:00:00+00:00,-0.9999999999999921,near_1bar,1283.0,2016-08-09 16:00:00+00:00,0.7402864421342236,1.0,1.7402864421342157
1238.0,EURNZD,2016-08-10 13:00:00+00:00,-0.9999999999999952,none,,,,,
1239.0,NZDCAD,2016-08-11 21:00:00+00:00,0.9294645503459347,none,,,,,
1240.0,EURAUD,2016-08-12 13:00:00+00:00,2.131565299680629,near_1bar,1285.0,2016-08-12 12:00:00+00:00,1.1636371835799806,0.0,-0.9679281161006483
1241.0,EURCAD,2016-08-16 05:00:00+00:00,-0.9999999999999855,near_1bar,1286.0,2016-08-16 04:00:00+00:00,0.6770307602862633,0.0,1.6770307602862489
1242.0,AUDCAD,2016-08-17 21:00:00+00:00,-0.999999999999998,near_1bar,1290.0,2016-08-17 20:00:00+00:00,1.4197440819626546,0.0,2.4197440819626523
1243.0,AUDNZD,2016-08-18 01:00:00+00:00,-1.0000000000000036,near_1bar,1291.0,2016-08-18 00:00:00+00:00,0.17739478599118602,0.0,1.1773947859911895
1244.0,NZDCAD,2016-08-18 01:00:00+00:00,-1.0000000000000069,none,,,,,
1245.0,NZDJPY,2016-08-18 01:00:00+00:00,0.11696192583663864,none,,,,,
1246.0,NZDCHF,2016-08-19 09:00:00+00:00,0.40771949889153114,none,,,,,
1247.0,EURNZD,2016-08-24 17:00:00+00:00,-0.9999999999999937,near_1bar,1294.0,2016-08-24 16:00:00+00:00,0.7329125550336787,0.0,1.7329125550336724
1248.0,NZDUSD,2016-08-29 01:00:00+00:00,-1.0000000000000036,none,,,,,
1249.0,EURNZD,2016-08-30 05:00:00+00:00,-0.9999999999999966,none,,,,,
1250.0,EURAUD,2016-09-05 09:00:00+00:00,-0.9999999999999908,none,,,,,
1251.0,AUDCAD,2016-09-05 21:00:00+00:00,7.249838103808266,none,,,,,
1252.0,USDCAD,2016-09-06 17:00:00+00:00,7.998693487801217,near_1bar,1299.0,2016-09-06 20:00:00+00:00,1.4850872241689572,1.0,-6.513606263632259
1253.0,EURCAD,2016-09-08 09:00:00+00:00,-1.000000000000005,near_1bar,1300.0,2016-09-08 08:00:00+00:00,1.3512409675384143,0.0,2.3512409675384194
1254.0,GBPNZD,2016-09-08 13:00:00+00:00,-0.9999999999999972,near_1bar,1302.0,2016-09-08 16:00:00+00:00,0.49632970585384717,1.0,1.4963297058538445
1255.0,EURAUD,2016-09-08 17:00:00+00:00,-1.0000000000000004,near_1bar,1301.0,2016-09-08 16:00:00+00:00,1.1710193698607543,0.0,2.1710193698607547
1256.0,CADCHF,2016-09-11 21:00:00+00:00,-0.9999999999999986,near_1bar,1303.0,2016-09-11 20:00:00+00:00,0.9422622597708308,0.0,1.9422622597708292
1257.0,NZDJPY,2016-09-11 21:00:00+00:00,-1.0000000000000036,none,,,,,
1258.0,AUDJPY,2016-09-13 17:00:00+00:00,4.724773723890239,none,,,,,
1259.0,GBPCHF,2016-09-13 17:00:00+00:00,-1.000000000000011,near_1bar,1304.0,2016-09-13 16:00:00+00:00,-1.0,0.0,1.1102230246251565e-14
1260.0,GBPJPY,2016-09-13 17:00:00+00:00,-0.9999999999999968,near_1bar,1305.0,2016-09-13 16:00:00+00:00,-1.0,0.0,-3.219646771412954e-15
1261.0,CHFJPY,2016-09-18 21:00:00+00:00,-1.0000000000000053,near_1bar,1306.0,2016-09-18 20:00:00+00:00,0.7358500684005407,0.0,1.735850068400546
1262.0,EURJPY,2016-09-18 21:00:00+00:00,-0.9999999999999936,near_1bar,1307.0,2016-09-18 20:00:00+00:00,0.6694444393279129,0.0,1.6694444393279064
1263.0,GBPAUD,2016-09-19 05:00:00+00:00,-1.0000000000000029,near_1bar,1309.0,2016-09-19 04:00:00+00:00,-1.0,0.0,2.886579864025407e-15
1264.0,GBPCAD,2016-09-19 05:00:00+00:00,-0.999999999999998,near_1bar,1310.0,2016-09-19 04:00:00+00:00,-1.0,0.0,-1.9984014443252818e-15
1265.0,USDJPY,2016-09-21 01:00:00+00:00,-0.9999999999999946,near_1bar,1312.0,2016-09-21 04:00:00+00:00,1.0512669799565946,1.0,2.0512669799565892
1266.0,EURUSD,2016-09-21 05:00:00+00:00,-1.000000000000019,none,,,,,
1267.0,NZDCAD,2016-09-23 17:00:00+00:00,-0.9999999999999931,none,,,,,
1268.0,NZDUSD,2016-09-26 01:00:00+00:00,-1.0000000000000042,near_1bar,1315.0,2016-09-26 04:00:00+00:00,0.7447584739869022,1.0,1.7447584739869064
1269.0,AUDJPY,2016-09-27 01:00:00+00:00,-0.9999999999999977,near_1bar,1316.0,2016-09-27 00:00:00+00:00,1.3108717031226331,0.0,2.310871703122631
1270.0,EURAUD,2016-09-29 09:00:00+00:00,-0.9999999999999927,none,,,,,
1271.0,AUDCHF,2016-09-30 01:00:00+00:00,-1.0000000000000053,none,,,,,
1272.0,USDCHF,2016-09-30 05:00:00+00:00,-0.9999999999999948,near_1bar,1319.0,2016-09-30 08:00:00+00:00,1.1324602815933775,1.0,2.132460281593372
1273.0,AUDUSD,2016-09-30 09:00:00+00:00,-1.000000000000006,near_1bar,1320.0,2016-09-30 12:00:00+00:00,0.3660404228919646,1.0,1.3660404228919707
1274.0,GBPNZD,2016-10-04 21:00:00+00:00,-0.9999999999999991,near_1bar,1321.0,2016-10-05 00:00:00+00:00,-1.0,1.0,-8.881784197001252e-16
1275.0,AUDCAD,2016-10-06 13:00:00+00:00,-0.9999999999999909,none,,,,,
1276.0,NZDCAD,2016-10-07 17:00:00+00:00,-0.9999999999999959,near_1bar,1323.0,2016-10-07 16:00:00+00:00,1.5338725297465317,0.0,2.5338725297465277
1277.0,USDCAD,2016-10-14 13:00:00+00:00,-1.0000000000000118,none,,,,,
1278.0,CHFJPY,2016-10-19 17:00:00+00:00,14.633376360995783,near_1bar,1328.0,2016-10-19 16:00:00+00:00,1.0760640253947784,0.0,-13.557312335601004
1279.0,NZDCAD,2016-10-19 21:00:00+00:00,-1.0000000000000069,near_1bar,1329.0,2016-10-19 20:00:00+00:00,1.5584697067812563,0.0,2.5584697067812634
1280.0,USDCAD,2016-10-20 05:00:00+00:00,-0.9999999999999943,near_1bar,1330.0,2016-10-20 04:00:00+00:00,0.9210931231626156,0.0,1.9210931231626098
1281.0,CADCHF,2016-10-27 21:00:00+00:00,-1.0000000000000056,none,,,,,
1282.0,AUDUSD,2016-10-28 17:00:00+00:00,-0.9999999999999942,none,,,,,
1283.0,AUDNZD,2016-10-30 22:00:00+00:00,-0.9999999999999851,none,,,,,
1284.0,AUDCHF,2016-11-02 10:00:00+00:00,-0.9999999999999957,none,,,,,
1285.0,AUDJPY,2016-11-03 06:00:00+00:00,-1.0000000000000024,near_1bar,1335.0,2016-11-03 04:00:00+00:00,0.0,0.0,1.0000000000000024
1286.0,GBPNZD,2016-11-03 10:00:00+00:00,-0.9999999999999974,near_1bar,1336.0,2016-11-03 08:00:00+00:00,1.3135445156607037,0.0,2.313544515660701
1287.0,USDJPY,2016-11-03 10:00:00+00:00,-0.9999999999999938,none,,,,,
1288.0,EURAUD,2016-11-07 22:00:00+00:00,-0.9999999999999922,near_1bar,1338.0,2016-11-07 20:00:00+00:00,0.906160610708213,0.0,1.9061606107082052
1289.0,GBPAUD,2016-11-08 22:00:00+00:00,5.41284717785363,near_1bar,1339.0,2016-11-08 20:00:00+00:00,0.7813132687389204,0.0,-4.63153390911471
1290.0,NZDJPY,2016-11-09 06:00:00+00:00,4.585060932537011,near_1bar,1342.0,2016-11-09 04:00:00+00:00,1.7698272337735745,0.0,-2.815233698763436
1291.0,CADJPY,2016-11-09 14:00:00+00:00,5.516098896719452,none,,,,,
1292.0,EURJPY,2016-11-09 14:00:00+00:00,6.162809083190251,none,,,,,
1293.0,EURAUD,2016-11-11 10:00:00+00:00,-0.9999999999999951,near_1bar,1343.0,2016-11-11 12:00:00+00:00,-0.6687440318270945,0.0,0.3312559681729006
1294.0,NZDUSD,2016-11-14 18:00:00+00:00,-0.9999999999999957,near_1bar,1345.0,2016-11-14 20:00:00+00:00,-1.0,0.0,-4.3298697960381105e-15
1295.0,NZDCAD,2016-11-16 14:00:00+00:00,-0.9999999999999947,near_1bar,1346.0,2016-11-16 16:00:00+00:00,-1.0,0.0,-5.329070518200751e-15
1296.0,GBPUSD,2016-11-21 10:00:00+00:00,-0.9999999999999908,none,,,,,
1297.0,EURNZD,2016-11-27 22:00:00+00:00,-0.9999999999999947,near_1bar,1348.0,2016-11-27 20:00:00+00:00,0.5262678818930148,0.0,1.5262678818930095
1298.0,AUDNZD,2016-11-30 22:00:00+00:00,-1.0000000000000115,none,,,,,
1299.0,EURNZD,2016-12-01 14:00:00+00:00,-1.0000000000000053,near_1bar,1353.0,2016-12-01 16:00:00+00:00,0.560940801015866,0.0,1.5609408010158714
1300.0,AUDNZD,2016-12-06 06:00:00+00:00,-0.9999999999999947,none,,,,,
1301.0,USDCHF,2016-12-06 10:00:00+00:00,-1.0000000000000124,none,,,,,
1302.0,GBPCAD,2016-12-09 06:00:00+00:00,-1.0000000000000078,none,,,,,
1303.0,EURAUD,2016-12-09 14:00:00+00:00,-1.0000000000000018,near_1bar,1357.0,2016-12-09 16:00:00+00:00,1.2692110922823057,0.0,2.2692110922823074
1304.0,GBPCAD,2016-12-14 14:00:00+00:00,-1.0000000000000093,none,,,,,
1305.0,AUDCHF,2016-12-16 18:00:00+00:00,-1.000000000000006,near_1bar,1361.0,2016-12-16 16:00:00+00:00,0.6819153766143458,0.0,1.6819153766143518
1306.0,NZDCHF,2016-12-18 22:00:00+00:00,-0.999999999999997,none,,,,,
1307.0,USDCAD,2016-12-19 10:00:00+00:00,-0.9999999999999918,none,,,,,
1308.0,EURCHF,2016-12-21 18:00:00+00:00,-0.9999999999999715,none,,,,,
1309.0,CHFJPY,2016-12-29 10:00:00+00:00,-0.9999999999999932,none,,,,,
1310.0,GBPAUD,2016-12-30 06:00:00+00:00,-1.0000000000000004,none,,,,,
1311.0,USDCHF,2017-01-02 10:00:00+00:00,-1.0000000000000115,none,,,,,
1312.0,EURGBP,2017-01-03 14:00:00+00:00,-1.0000000000000036,near_1bar,1373.0,2017-01-03 16:00:00+00:00,1.0428871799910673,0.0,2.042887179991071
1313.0,EURUSD,2017-01-03 14:00:00+00:00,2.0358536563392917,none,,,,,
1314.0,GBPNZD,2017-01-05 06:00:00+00:00,-0.9999999999999964,none,,,,,
1315.0,EURAUD,2017-01-10 22:00:00+00:00,-1.0000000000000122,none,,,,,
1316.0,EURCAD,2017-01-11 14:00:00+00:00,-0.999999999999996,near_1bar,1376.0,2017-01-11 16:00:00+00:00,1.0292968605934312,0.0,2.029296860593427
1317.0,EURJPY,2017-01-11 18:00:00+00:00,-0.999999999999996,none,,,,,
1318.0,USDCHF,2017-01-12 18:00:00+00:00,-0.9999999999999938,near_1bar,1377.0,2017-01-12 16:00:00+00:00,-1.0,0.0,-6.217248937900877e-15
1319.0,NZDJPY,2017-01-16 06:00:00+00:00,-0.9999999999999909,none,,,,,
1320.0,USDCHF,2017-01-19 10:00:00+00:00,-0.9999999999999918,near_1bar,1381.0,2017-01-19 12:00:00+00:00,-1.0,0.0,-8.215650382226158e-15
1321.0,EURJPY,2017-01-19 14:00:00+00:00,-1.0000000000000033,none,,,,,
1322.0,AUDNZD,2017-01-23 22:00:00+00:00,-1.0000000000000135,none,,,,,
1323.0,NZDCAD,2017-02-01 22:00:00+00:00,-0.9999999999999976,near_1bar,1385.0,2017-02-02 00:00:00+00:00,0.5421393363757256,0.0,1.5421393363757232
1324.0,AUDNZD,2017-02-02 02:00:00+00:00,-1.0000000000000098,none,,,,,
1325.0,EURCAD,2017-02-06 10:00:00+00:00,-0.9999999999999911,none,,,,,
1326.0,GBPCHF,2017-02-06 22:00:00+00:00,-1.0000000000000013,near_1bar,1389.0,2017-02-06 20:00:00+00:00,0.8042186369857034,0.0,1.8042186369857047
1327.0,GBPUSD,2017-02-07 14:00:00+00:00,-0.9999999999999933,near_1bar,1390.0,2017-02-07 12:00:00+00:00,0.567546825560439,0.0,1.5675468255604323
1328.0,NZDJPY,2017-02-09 06:00:00+00:00,-1.0000000000000002,none,,,,,
1329.0,NZDCHF,2017-02-09 10:00:00+00:00,-0.9999999999999927,near_1bar,1391.0,2017-02-09 08:00:00+00:00,-1.0,0.0,-7.327471962526033e-15
1330.0,CADJPY,2017-02-09 14:00:00+00:00,-0.9999999999999961,near_1bar,1392.0,2017-02-09 16:00:00+00:00,0.6254901088146679,0.0,1.625490108814664
1331.0,CHFJPY,2017-02-09 14:00:00+00:00,-0.9999999999999905,none,,,,,
1332.0,EURJPY,2017-02-09 22:00:00+00:00,-1.000000000000004,none,,,,,
1333.0,EURUSD,2017-02-13 02:00:00+00:00,-1.0000000000000182,near_1bar,1395.0,2017-02-13 04:00:00+00:00,1.4326595666600945,0.0,2.4326595666601127
1334.0,EURGBP,2017-02-14 06:00:00+00:00,-0.9999999999999997,none,,,,,
1335.0,GBPAUD,2017-02-15 10:00:00+00:00,-1.000000000000004,none,,,,,
1336.0,GBPCAD,2017-02-17 10:00:00+00:00,3.5780805946499328,none,,,,,
1337.0,GBPAUD,2017-02-20 22:00:00+00:00,-1.0000000000000018,none,,,,,
1338.0,EURNZD,2017-02-22 10:00:00+00:00,-1.000000000000002,near_1bar,1399.0,2017-02-22 12:00:00+00:00,2.560391050098642,0.0,3.5603910500986444
1339.0,USDJPY,2017-02-23 22:00:00+00:00,-1.0000000000000004,none,,,,,
1340.0,GBPJPY,2017-02-27 14:00:00+00:00,-1.000000000000012,near_1bar,1405.0,2017-02-27 12:00:00+00:00,-1.0,0.0,1.199040866595169e-14
1341.0,GBPNZD,2017-02-27 14:00:00+00:00,-0.9999999999999952,none,,,,,
1342.0,AUDJPY,2017-02-27 22:00:00+00:00,-0.9999999999999928,none,,,,,
1343.0,AUDUSD,2017-02-28 22:00:00+00:00,-0.9999999999999937,none,,,,,
1344.0,GBPUSD,2017-02-28 22:00:00+00:00,-0.9999999999999887,none,,,,,
1345.0,GBPCHF,2017-03-01 22:00:00+00:00,-0.9999999999999875,near_1bar,1412.0,2017-03-02 00:00:00+00:00,0.7604809734057498,0.0,1.7604809734057372
1346.0,AUDCHF,2017-03-06 06:00:00+00:00,-0.9999999999999929,none,,,,,
1347.0,GBPCHF,2017-03-07 06:00:00+00:00,-1.0000000000000133,none,,,,,
1348.0,AUDCHF,2017-03-13 06:00:00+00:00,-0.9999999999999939,none,,,,,
1349.0,GBPCAD,2017-03-14 10:00:00+00:00,14.191452305610701,near_1bar,1415.0,2017-03-14 12:00:00+00:00,1.3554252593538068,0.0,-12.836027046256895
1350.0,NZDCAD,2017-03-20 02:00:00+00:00,-1.0000000000000047,none,,,,,
1351.0,EURNZD,2017-03-20 22:00:00+00:00,-0.9999999999999917,near_1bar,1418.0,2017-03-21 00:00:00+00:00,0.5973142668082096,0.0,1.5973142668082012
1352.0,CADJPY,2017-03-21 10:00:00+00:00,-1.0000000000000044,none,,,,,
1353.0,CHFJPY,2017-03-22 02:00:00+00:00,-1.0000000000000024,none,,,,,
1354.0,GBPJPY,2017-03-22 18:00:00+00:00,-1.0000000000000122,near_1bar,1422.0,2017-03-22 20:00:00+00:00,2.307128103758993,0.0,3.3071281037590055
1355.0,CHFJPY,2017-03-27 13:00:00+00:00,-0.9999999999999993,none,,,,,
1356.0,EURCHF,2017-03-28 17:00:00+00:00,-1.0000000000000242,near_1bar,1424.0,2017-03-28 16:00:00+00:00,1.208730450869595,0.0,2.208730450869619
1357.0,EURJPY,2017-03-29 13:00:00+00:00,-0.9999999999999996,none,,,,,
1358.0,EURCAD,2017-03-30 21:00:00+00:00,-0.9999999999999936,none,,,,,
1359.0,AUDCAD,2017-04-02 21:00:00+00:00,-1.000000000000008,near_1bar,1427.0,2017-04-02 20:00:00+00:00,0.5121356110481646,0.0,1.5121356110481727
1360.0,EURCHF,2017-04-02 21:00:00+00:00,-0.9999999999999688,near_1bar,1428.0,2017-04-02 20:00:00+00:00,1.6106180111547033,0.0,2.610618011154672
1361.0,EURNZD,2017-04-02 21:00:00+00:00,-0.9999999999999886,near_1bar,1429.0,2017-04-02 20:00:00+00:00,2.2802492845982005,0.0,3.280249284598189
1362.0,NZDCAD,2017-04-03 13:00:00+00:00,-0.9999999999999984,near_1bar,1430.0,2017-04-03 12:00:00+00:00,0.6459443520101477,0.0,1.645944352010146
1363.0,AUDNZD,2017-04-07 13:00:00+00:00,-0.9999999999999889,none,,,,,
1364.0,EURCHF,2017-04-07 17:00:00+00:00,-1.0000000000000118,none,,,,,
1365.0,GBPUSD,2017-04-10 01:00:00+00:00,7.82405408685017,near_1bar,1432.0,2017-04-10 04:00:00+00:00,2.2430135286122894,1.0,-5.581040558237881
1366.0,GBPCAD,2017-04-10 21:00:00+00:00,9.309807360943905,near_1bar,1433.0,2017-04-11 00:00:00+00:00,4.022236575423953,1.0,-5.287570785519952
1367.0,NZDCHF,2017-04-11 13:00:00+00:00,-0.9999999999999848,none,,,,,
1368.0,AUDUSD,2017-04-13 05:00:00+00:00,-0.9999999999999977,none,,,,,
1369.0,USDCAD,2017-04-13 17:00:00+00:00,1.8884130202182763,none,,,,,
1370.0,AUDCHF,2017-04-18 21:00:00+00:00,-0.9999999999999962,none,,,,,
1371.0,CADCHF,2017-04-18 21:00:00+00:00,-0.9999999999999957,none,,,,,
1372.0,AUDCHF,2017-04-24 01:00:00+00:00,-1.0000000000000109,none,,,,,
1373.0,AUDUSD,2017-05-01 05:00:00+00:00,-1.000000000000011,near_1bar,1438.0,2017-05-01 08:00:00+00:00,0.7667086440798341,1.0,1.7667086440798452
1374.0,EURCHF,2017-05-03 13:00:00+00:00,1.452151237854456,near_1bar,1439.0,2017-05-03 12:00:00+00:00,1.3347969494498986,0.0,-0.11735428840455753
1375.0,AUDJPY,2017-05-05 05:00:00+00:00,-0.9999999999999997,none,,,,,
1376.0,AUDCAD,2017-05-07 21:00:00+00:00,-0.9999999999999942,near_1bar,1440.0,2017-05-07 20:00:00+00:00,-1.0,0.0,-5.773159728050814e-15
1377.0,EURUSD,2017-05-09 21:00:00+00:00,8.69008583480865,near_1bar,1441.0,2017-05-09 20:00:00+00:00,1.932086649073763,0.0,-6.757999185734888
1378.0,EURGBP,2017-05-10 01:00:00+00:00,9.593861484163275,near_1bar,1442.0,2017-05-10 00:00:00+00:00,1.4974574355400931,0.0,-8.096404048623182
1379.0,EURNZD,2017-05-10 21:00:00+00:00,-1.0000000000000073,near_1bar,1444.0,2017-05-10 20:00:00+00:00,0.6250588168678228,0.0,1.6250588168678302
1380.0,USDCAD,2017-05-10 21:00:00+00:00,-0.9999999999999939,none,,,,,
1381.0,AUDCAD,2017-05-14 21:00:00+00:00,-0.9999999999999976,none,,,,,
1382.0,EURJPY,2017-05-17 21:00:00+00:00,-0.9999999999999947,none,,,,,
1383.0,AUDCAD,2017-05-21 21:00:00+00:00,-0.9999999999999979,none,,,,,
1384.0,CADJPY,2017-05-22 09:00:00+00:00,-0.9999999999999902,none,,,,,
1385.0,NZDJPY,2017-05-22 09:00:00+00:00,7.744228930602417,none,,,,,
1386.0,GBPAUD,2017-05-23 13:00:00+00:00,-0.9999999999999998,none,,,,,
1387.0,GBPCAD,2017-05-24 01:00:00+00:00,-1.000000000000002,near_1bar,1451.0,2017-05-24 00:00:00+00:00,-1.0,0.0,1.9984014443252818e-15
1388.0,GBPUSD,2017-05-30 05:00:00+00:00,-0.9999999999999927,near_1bar,1452.0,2017-05-30 08:00:00+00:00,0.0,1.0,0.9999999999999927
1389.0,USDJPY,2017-05-30 05:00:00+00:00,-1.000000000000009,none,,,,,
1390.0,EURAUD,2017-05-31 01:00:00+00:00,-0.9999999999999988,near_1bar,1453.0,2017-05-31 00:00:00+00:00,0.6344395514263984,0.0,1.6344395514263972
1391.0,CADCHF,2017-05-31 21:00:00+00:00,-1.0000000000000075,near_1bar,1455.0,2017-05-31 20:00:00+00:00,1.2202578921478922,0.0,2.2202578921478997
1392.0,USDCHF,2017-06-01 13:00:00+00:00,-1.000000000000005,near_1bar,1457.0,2017-06-01 16:00:00+00:00,-1.0,1.0,5.10702591327572e-15
1393.0,AUDCAD,2017-06-05 09:00:00+00:00,-0.9999999999999936,none,,,,,
1394.0,CADCHF,2017-06-06 05:00:00+00:00,-1.0000000000000107,near_1bar,1458.0,2017-06-06 04:00:00+00:00,1.5714768484151351,0.0,2.571476848415146
1395.0,AUDJPY,2017-06-06 13:00:00+00:00,9.482436850816216,near_1bar,1459.0,2017-06-06 12:00:00+00:00,1.184659952375273,0.0,-8.297776898440942
1396.0,EURJPY,2017-06-06 17:00:00+00:00,-0.9999999999999938,near_1bar,1460.0,2017-06-06 16:00:00+00:00,2.7580991254196636,0.0,3.7580991254196574
1397.0,EURGBP,2017-06-08 21:00:00+00:00,-1.0000000000000029,none,,,,,
1398.0,CHFJPY,2017-06-12 17:00:00+00:00,-0.9999999999999921,near_1bar,1462.0,2017-06-12 16:00:00+00:00,2.0399732776081017,0.0,3.0399732776080937
1399.0,EURUSD,2017-06-16 13:00:00+00:00,-0.9999999999999855,none,,,,,
1400.0,USDCHF,2017-06-23 09:00:00+00:00,-1.000000000000008,near_1bar,1465.0,2017-06-23 08:00:00+00:00,-1.0,0.0,7.993605777301127e-15
1401.0,AUDNZD,2017-06-26 05:00:00+00:00,8.944458230647392,none,,,,,
1402.0,CADCHF,2017-06-28 01:00:00+00:00,7.832458297217347,near_1bar,1467.0,2017-06-28 00:00:00+00:00,1.8663301053449084,0.0,-5.966128191872438
1403.0,NZDCHF,2017-06-28 13:00:00+00:00,-0.9999999999999931,none,,,,,
1404.0,AUDCAD,2017-06-29 01:00:00+00:00,-1.0000000000000084,near_1bar,1468.0,2017-06-29 00:00:00+00:00,-1.0,0.0,8.43769498715119e-15
1405.0,GBPCAD,2017-07-05 13:00:00+00:00,-1.0000000000000073,near_1bar,1470.0,2017-07-05 12:00:00+00:00,-1.0,0.0,7.327471962526033e-15
1406.0,NZDUSD,2017-07-06 13:00:00+00:00,-0.9999999999999919,near_1bar,1471.0,2017-07-06 16:00:00+00:00,0.4731027049207351,1.0,1.473102704920727
1407.0,AUDCHF,2017-07-07 01:00:00+00:00,7.939282391204677,none,,,,,
1408.0,GBPNZD,2017-07-13 17:00:00+00:00,-1.000000000000003,none,,,,,
1409.0,EURGBP,2017-07-17 09:00:00+00:00,8.390017887526925,near_1bar,1474.0,2017-07-17 08:00:00+00:00,1.3389744847500769,0.0,-7.051043402776848
1410.0,USDCHF,2017-07-17 13:00:00+00:00,-1.0000000000000093,near_1bar,1475.0,2017-07-17 12:00:00+00:00,0.5893140354247007,0.0,1.5893140354247102
1411.0,NZDJPY,2017-07-18 01:00:00+00:00,-0.9999999999999991,near_1bar,1476.0,2017-07-18 00:00:00+00:00,0.7329721289026393,0.0,1.7329721289026385
1412.0,GBPCHF,2017-07-20 17:00:00+00:00,-1.0000000000000102,none,,,,,
1413.0,GBPJPY,2017-07-25 09:00:00+00:00,-1.0000000000000102,near_1bar,1478.0,2017-07-25 12:00:00+00:00,0.19275400591267733,1.0,1.1927540059126875
1414.0,AUDNZD,2017-07-31 01:00:00+00:00,4.115585829670391,none,,,,,
1415.0,CADJPY,2017-08-01 05:00:00+00:00,-0.999999999999993,near_1bar,1479.0,2017-08-01 04:00:00+00:00,0.23568409313815591,0.0,1.235684093138149
1416.0,AUDJPY,2017-08-04 01:00:00+00:00,-0.9999999999999912,none,,,,,
1417.0,CADCHF,2017-08-06 21:00:00+00:00,-0.9999999999999971,none,,,,,
1418.0,NZDCAD,2017-08-08 09:00:00+00:00,-0.9999999999999968,none,,,,,
1419.0,AUDUSD,2017-08-09 05:00:00+00:00,-0.9999999999999938,near_1bar,1482.0,2017-08-09 04:00:00+00:00,0.5283676091363078,0.0,1.5283676091363017
1420.0,USDCHF,2017-08-09 13:00:00+00:00,-0.9999999999999943,near_1bar,1483.0,2017-08-09 12:00:00+00:00,0.3447875613316159,0.0,1.3447875613316103
1421.0,NZDCHF,2017-08-10 09:00:00+00:00,-1.000000000000001,none,,,,,
1422.0,GBPUSD,2017-08-11 13:00:00+00:00,-1.000000000000002,none,,,,,
1423.0,EURJPY,2017-08-14 05:00:00+00:00,-1.0000000000000175,near_1bar,1486.0,2017-08-14 04:00:00+00:00,0.7135057973765877,0.0,1.7135057973766052
1424.0,AUDCAD,2017-08-14 17:00:00+00:00,-0.9999999999999986,near_1bar,1487.0,2017-08-14 16:00:00+00:00,-1.0,0.0,-1.4432899320127035e-15
1425.0,GBPCAD,2017-08-16 01:00:00+00:00,-1.000000000000011,none,,,,,
1426.0,EURUSD,2017-08-16 17:00:00+00:00,-0.9999999999999909,near_1bar,1488.0,2017-08-16 16:00:00+00:00,1.0458424422738122,0.0,2.045842442273803
1427.0,GBPCHF,2017-08-17 01:00:00+00:00,-1.0000000000000138,near_1bar,1489.0,2017-08-17 04:00:00+00:00,2.4657929276824886,1.0,3.4657929276825024
1428.0,EURCHF,2017-08-18 13:00:00+00:00,3.0386783294394046,near_1bar,1490.0,2017-08-18 12:00:00+00:00,0.7914325313137593,0.0,-2.247245798125645
1429.0,AUDCAD,2017-08-20 21:00:00+00:00,-0.9999999999999969,none,,,,,
1430.0,AUDJPY,2017-08-24 09:00:00+00:00,-1.0000000000000058,none,,,,,
1431.0,AUDCHF,2017-08-27 21:00:00+00:00,-0.9999999999999984,near_1bar,1493.0,2017-08-27 20:00:00+00:00,0.861274175585448,0.0,1.8612741755854465
1432.0,AUDCAD,2017-08-29 13:00:00+00:00,-1.0000000000000067,near_1bar,1494.0,2017-08-29 12:00:00+00:00,-1.0,0.0,6.661338147750939e-15
1433.0,CADCHF,2017-08-29 17:00:00+00:00,2.9561676237329153,near_1bar,1495.0,2017-08-29 16:00:00+00:00,1.4863199347072167,0.0,-1.4698476890256986
1434.0,USDCHF,2017-08-30 17:00:00+00:00,-1.0000000000000027,none,,,,,
1435.0,AUDUSD,2017-08-31 13:00:00+00:00,-1.0000000000000062,near_1bar,1498.0,2017-08-31 12:00:00+00:00,0.8838293058972508,0.0,1.883829305897257
1436.0,GBPAUD,2017-09-08 05:00:00+00:00,9.066555607816115,none,,,,,
1437.0,EURAUD,2017-09-12 13:00:00+00:00,-1.000000000000005,none,,,,,
1438.0,EURNZD,2017-09-12 17:00:00+00:00,-1.0000000000000062,near_1bar,1499.0,2017-09-12 20:00:00+00:00,0.5523209407369454,1.0,1.5523209407369516
1439.0,AUDNZD,2017-09-13 09:00:00+00:00,-1.000000000000009,near_1bar,1500.0,2017-09-13 08:00:00+00:00,1.0389253900212556,0.0,2.038925390021265
1440.0,CADCHF,2017-09-26 01:00:00+00:00,-0.9999999999999907,none,,,,,
1441.0,NZDUSD,2017-09-26 17:00:00+00:00,-0.9999999999999934,near_1bar,1502.0,2017-09-26 16:00:00+00:00,-1.0,0.0,-6.5503158452884236e-15
1442.0,AUDCHF,2017-09-27 05:00:00+00:00,-0.9999999999999951,near_1bar,1503.0,2017-09-27 08:00:00+00:00,-1.0,1.0,-4.884981308350689e-15
1443.0,CADJPY,2017-10-01 21:00:00+00:00,-0.9999999999999925,none,,,,,
1444.0,GBPCHF,2017-10-01 21:00:00+00:00,-0.999999999999989,near_1bar,1505.0,2017-10-01 20:00:00+00:00,0.8749244940119516,0.0,1.8749244940119407
1445.0,NZDCHF,2017-10-01 21:00:00+00:00,-0.9999999999999977,none,,,,,
1446.0,NZDUSD,2017-10-02 09:00:00+00:00,-1.0000000000000089,none,,,,,
1447.0,EURCHF,2017-10-02 13:00:00+00:00,4.735520158991078,near_1bar,1507.0,2017-10-02 12:00:00+00:00,1.5855619837150206,0.0,-3.1499581752760575
1448.0,GBPJPY,2017-10-03 01:00:00+00:00,-0.9999999999999892,near_1bar,1508.0,2017-10-03 00:00:00+00:00,0.3333323718479101,0.0,1.3333323718478993
1449.0,GBPCAD,2017-10-03 21:00:00+00:00,-1.0000000000000047,none,,,,,
1450.0,AUDCHF,2017-10-04 01:00:00+00:00,-0.9999999999999972,near_1bar,1509.0,2017-10-04 00:00:00+00:00,-1.0,0.0,-2.7755575615628914e-15
1451.0,CHFJPY,2017-10-08 21:00:00+00:00,-0.9999999999999969,none,,,,,
1452.0,USDJPY,2017-10-10 17:00:00+00:00,-1.0000000000000002,near_1bar,1514.0,2017-10-10 16:00:00+00:00,1.0680416314511798,0.0,2.0680416314511803
1453.0,CADCHF,2017-10-11 17:00:00+00:00,-0.9999999999999989,near_1bar,1516.0,2017-10-11 16:00:00+00:00,0.506760761366486,0.0,1.5067607613664848
1454.0,AUDCAD,2017-10-12 01:00:00+00:00,-1.0000000000000038,near_1bar,1517.0,2017-10-12 00:00:00+00:00,0.8312618001677845,0.0,1.8312618001677883
1455.0,USDCAD,2017-10-12 09:00:00+00:00,6.248757842307147,near_1bar,1518.0,2017-10-12 08:00:00+00:00,0.49249026213744646,0.0,-5.756267580169701
1456.0,NZDCAD,2017-10-12 13:00:00+00:00,-0.9999999999999929,none,,,,,
1457.0,CHFJPY,2017-10-12 21:00:00+00:00,-0.9999999999999992,none,,,,,
1458.0,EURAUD,2017-10-16 09:00:00+00:00,8.354775580851063,near_1bar,1520.0,2017-10-16 08:00:00+00:00,1.462887724991632,0.0,-6.891887855859431
1459.0,EURJPY,2017-10-16 09:00:00+00:00,-1.0000000000000162,near_1bar,1521.0,2017-10-16 08:00:00+00:00,1.1553726177511376,0.0,2.155372617751154
1460.0,GBPAUD,2017-10-17 13:00:00+00:00,-0.9999999999999968,none,,,,,
1461.0,GBPNZD,2017-10-17 13:00:00+00:00,5.495983459370467,none,,,,,
1462.0,USDJPY,2017-10-18 05:00:00+00:00,-1.0000000000000075,near_1bar,1524.0,2017-10-18 04:00:00+00:00,1.2160224123900474,0.0,2.216022412390055
1463.0,CHFJPY,2017-10-18 13:00:00+00:00,-0.9999999999999856,none,,,,,
1464.0,EURUSD,2017-10-23 13:00:00+00:00,-0.9999999999999893,none,,,,,
1465.0,AUDCAD,2017-10-25 09:00:00+00:00,-0.9999999999999928,near_1bar,1526.0,2017-10-25 08:00:00+00:00,0.24829555139996523,0.0,1.248295551399958
1466.0,EURGBP,2017-10-26 21:00:00+00:00,-1.0000000000000038,near_1bar,1527.0,2017-10-26 20:00:00+00:00,0.7783070773591857,0.0,1.7783070773591896
1467.0,GBPUSD,2017-10-27 09:00:00+00:00,3.589926970190226,near_1bar,1528.0,2017-10-27 12:00:00+00:00,0.48120412420038344,1.0,-3.108722845989843
1468.0,GBPJPY,2017-11-03 02:00:00+00:00,-0.9999999999999881,near_1bar,1529.0,2017-11-03 00:00:00+00:00,0.9603047101006896,0.0,1.9603047101006776
1469.0,EURNZD,2017-11-05 22:00:00+00:00,-0.999999999999999,none,,,,,
1470.0,EURCHF,2017-11-07 14:00:00+00:00,4.33796782266585,near_1bar,1532.0,2017-11-07 12:00:00+00:00,0.8087241945407393,0.0,-3.5292436281251107
1471.0,GBPNZD,2017-11-08 22:00:00+00:00,0.2832362276952255,none,,,,,
1472.0,GBPCAD,2017-11-09 10:00:00+00:00,1.6479262490289466,none,,,,,
1473.0,NZDCAD,2017-11-10 02:00:00+00:00,-1.000000000000003,none,,,,,
1474.0,EURNZD,2017-11-10 14:00:00+00:00,-0.9999999999999967,near_1bar,1536.0,2017-11-10 16:00:00+00:00,1.432153632066786,0.0,2.4321536320667825
1475.0,GBPCHF,2017-11-13 14:00:00+00:00,-0.9999999999999996,near_1bar,1538.0,2017-11-13 12:00:00+00:00,0.810178221062954,0.0,1.8101782210629536
1476.0,AUDCHF,2017-11-13 22:00:00+00:00,-0.999999999999998,near_1bar,1539.0,2017-11-14 00:00:00+00:00,0.646820023894195,0.0,1.646820023894193
1477.0,AUDUSD,2017-11-13 22:00:00+00:00,-0.9999999999999862,near_1bar,1540.0,2017-11-14 00:00:00+00:00,0.18065063548727922,0.0,1.1806506354872655
1478.0,NZDCHF,2017-11-14 22:00:00+00:00,-0.9999999999999971,none,,,,,
1479.0,AUDNZD,2017-11-15 02:00:00+00:00,-1.0000000000000029,none,,,,,
1480.0,NZDCAD,2017-11-15 10:00:00+00:00,-0.9999999999999923,none,,,,,
1481.0,USDJPY,2017-11-16 06:00:00+00:00,-0.9999999999999928,near_1bar,1543.0,2017-11-16 04:00:00+00:00,-1.0,0.0,-7.216449660063518e-15
1482.0,CADCHF,2017-11-20 02:00:00+00:00,-0.9999999999999895,none,,,,,
1483.0,NZDUSD,2017-11-20 06:00:00+00:00,8.636144819584802,none,,,,,
1484.0,USDCAD,2017-11-23 10:00:00+00:00,-0.999999999999996,none,,,,,
1485.0,EURNZD,2017-11-28 14:00:00+00:00,-0.9999999999999946,none,,,,,
1486.0,USDCAD,2017-12-04 14:00:00+00:00,-1.0000000000000018,near_1bar,1549.0,2017-12-04 12:00:00+00:00,0.646565113943289,0.0,1.6465651139432906
1487.0,EURCAD,2017-12-05 14:00:00+00:00,-1.0000000000000053,near_1bar,1551.0,2017-12-05 12:00:00+00:00,0.565078109761647,0.0,1.5650781097616524
1488.0,AUDUSD,2017-12-12 06:00:00+00:00,6.453343462112503,near_1bar,1554.0,2017-12-12 08:00:00+00:00,3.4189812815180898,0.0,-3.0343621805944134
1489.0,GBPAUD,2017-12-13 18:00:00+00:00,-0.9999999999999963,near_1bar,1557.0,2017-12-13 16:00:00+00:00,0.17335613621869733,0.0,1.1733561362186937
1490.0,GBPNZD,2017-12-13 18:00:00+00:00,-1.000000000000002,none,,,,,
1491.0,CADJPY,2017-12-14 14:00:00+00:00,-1.0000000000000144,near_1bar,1559.0,2017-12-14 16:00:00+00:00,1.9784107268471125,0.0,2.9784107268471267
1492.0,EURJPY,2017-12-15 06:00:00+00:00,0.37117673636117077,none,,,,,
1493.0,CHFJPY,2017-12-15 14:00:00+00:00,2.9929929007665117,near_1bar,1562.0,2017-12-15 12:00:00+00:00,1.307553783317457,0.0,-1.6854391174490546
1494.0,GBPJPY,2017-12-15 14:00:00+00:00,-0.9999999999999948,none,,,,,
1495.0,GBPNZD,2017-12-19 02:00:00+00:00,-1.0000000000000002,none,,,,,
1496.0,GBPCHF,2017-12-19 14:00:00+00:00,-1.0000000000000033,near_1bar,1565.0,2017-12-19 12:00:00+00:00,0.49365737983834085,0.0,1.4936573798383441
1497.0,GBPCAD,2017-12-21 18:00:00+00:00,-0.9999999999999923,near_1bar,1567.0,2017-12-21 16:00:00+00:00,1.5356273752167588,0.0,2.5356273752167513
1498.0,USDCAD,2017-12-21 18:00:00+00:00,-0.999999999999991,near_1bar,1568.0,2017-12-21 16:00:00+00:00,-1.0,0.0,-8.992806499463768e-15
1499.0,AUDCAD,2017-12-29 06:00:00+00:00,-0.9999999999999952,none,,,,,
1500.0,EURCAD,2017-12-29 06:00:00+00:00,-1.0000000000000124,near_1bar,1570.0,2017-12-29 08:00:00+00:00,0.0,0.0,1.0000000000000124
1501.0,NZDCHF,2018-01-01 22:00:00+00:00,-1.0000000000000002,none,,,,,
1502.0,USDJPY,2018-01-02 14:00:00+00:00,-0.9999999999999958,none,,,,,
1503.0,GBPCAD,2018-01-02 22:00:00+00:00,-1.0000000000000022,none,,,,,
1504.0,AUDCAD,2018-01-10 10:00:00+00:00,6.336416814110195,none,,,,,
1505.0,CHFJPY,2018-01-11 10:00:00+00:00,-0.999999999999992,none,,,,,
1506.0,EURNZD,2018-01-12 18:00:00+00:00,-1.0000000000000007,near_1bar,1575.0,2018-01-12 20:00:00+00:00,0.5596725552312163,0.0,1.559672555231217
1507.0,CADCHF,2018-01-15 14:00:00+00:00,-0.9999999999999938,near_1bar,1577.0,2018-01-15 12:00:00+00:00,-1.0,0.0,-6.217248937900877e-15
1508.0,CADJPY,2018-01-17 14:00:00+00:00,-1.0000000000000042,none,,,,,
1509.0,EURGBP,2018-01-17 22:00:00+00:00,-0.9999999999999994,none,,,,,
1510.0,NZDJPY,2018-01-24 22:00:00+00:00,-0.9999999999999979,near_1bar,1582.0,2018-01-25 00:00:00+00:00,-1.0,0.0,-2.1094237467877974e-15
1511.0,AUDCHF,2018-01-25 02:00:00+00:00,-0.9999999999999949,none,,,,,
1512.0,EURCHF,2018-01-25 10:00:00+00:00,-1.0,none,,,,,
1513.0,USDCAD,2018-01-25 18:00:00+00:00,-1.0000000000000018,near_1bar,1583.0,2018-01-25 20:00:00+00:00,0.9780240633537827,0.0,1.9780240633537844
1514.0,GBPCHF,2018-01-28 22:00:00+00:00,-1.0000000000000069,none,,,,,
1515.0,EURAUD,2018-01-29 14:00:00+00:00,8.685375573082318,near_1bar,1584.0,2018-01-29 16:00:00+00:00,1.4811682719407857,0.0,-7.204207301141532
1516.0,NZDJPY,2018-01-31 02:00:00+00:00,-0.9999999999999969,near_1bar,1588.0,2018-01-31 00:00:00+00:00,-1.0,0.0,-3.1086244689504383e-15
1517.0,AUDNZD,2018-02-02 14:00:00+00:00,-1.0000000000000078,none,,,,,
1518.0,NZDUSD,2018-02-04 22:00:00+00:00,-0.9999999999999939,none,,,,,
1519.0,EURJPY,2018-02-06 02:00:00+00:00,-1.0000000000000075,near_1bar,1592.0,2018-02-06 04:00:00+00:00,-1.0,0.0,7.549516567451064e-15
1520.0,GBPJPY,2018-02-06 02:00:00+00:00,-0.9999999999999956,near_1bar,1593.0,2018-02-06 04:00:00+00:00,-1.0,0.0,-4.440892098500626e-15
1521.0,GBPUSD,2018-02-06 06:00:00+00:00,-1.000000000000003,none,,,,,
1522.0,EURUSD,2018-02-06 14:00:00+00:00,-1.0000000000000049,near_1bar,1594.0,2018-02-06 16:00:00+00:00,0.48108593009216655,0.0,1.4810859300921715
1523.0,GBPNZD,2018-02-07 14:00:00+00:00,-0.9999999999999981,none,,,,,
1524.0,AUDNZD,2018-02-07 22:00:00+00:00,-1.0000000000000109,near_1bar,1597.0,2018-02-08 00:00:00+00:00,-1.0,0.0,1.0880185641326534e-14
1525.0,AUDCAD,2018-02-09 06:00:00+00:00,-0.35561850831707853,none,,,,,
1526.0,EURUSD,2018-02-13 10:00:00+00:00,-1.0000000000000009,near_1bar,1601.0,2018-02-13 08:00:00+00:00,0.8052552027232014,0.0,1.8052552027232023
1527.0,CHFJPY,2018-02-14 14:00:00+00:00,-0.999999999999999,none,,,,,
1528.0,EURNZD,2018-02-19 02:00:00+00:00,-0.9999999999999958,none,,,,,
1529.0,EURAUD,2018-02-20 06:00:00+00:00,3.01580802441051,none,,,,,
1530.0,EURNZD,2018-02-22 22:00:00+00:00,-1.0000000000000075,near_1bar,1603.0,2018-02-23 00:00:00+00:00,0.809362777115923,0.0,1.8093627771159304
1531.0,AUDCHF,2018-03-01 10:00:00+00:00,-1.0000000000000095,near_1bar,1605.0,2018-03-01 08:00:00+00:00,0.9117554457552,0.0,1.9117554457552095
1532.0,GBPUSD,2018-03-06 10:00:00+00:00,-1.0000000000000056,none,,,,,
1533.0,GBPAUD,2018-03-13 10:00:00+00:00,3.786437532405692,near_1bar,1610.0,2018-03-13 12:00:00+00:00,2.2901025006024818,0.0,-1.49633503180321
1534.0,EURUSD,2018-03-19 06:00:00+00:00,-1.0000000000000147,none,,,,,
1535.0,EURGBP,2018-03-19 14:00:00+00:00,-0.9999999999999911,none,,,,,
1536.0,AUDNZD,2018-03-20 02:00:00+00:00,-1.0000000000000142,near_1bar,1612.0,2018-03-20 04:00:00+00:00,0.47495437004573254,0.0,1.4749543700457468
1537.0,AUDCAD,2018-03-21 18:00:00+00:00,-1.0000000000000082,near_1bar,1613.0,2018-03-21 16:00:00+00:00,-1.0,0.0,8.215650382226158e-15
1538.0,NZDCAD,2018-03-21 18:00:00+00:00,-1.0000000000000089,near_1bar,1614.0,2018-03-21 16:00:00+00:00,-1.0,0.0,8.881784197001252e-15
1539.0,NZDUSD,2018-03-21 18:00:00+00:00,-0.9999999999999921,none,,,,,
1540.0,USDJPY,2018-03-22 02:00:00+00:00,-1.0000000000000056,near_1bar,1615.0,2018-03-22 04:00:00+00:00,0.49830424152363484,0.0,1.4983042415236403
1541.0,USDJPY,2018-03-27 09:00:00+00:00,7.8088520650917275,near_1bar,1617.0,2018-03-27 12:00:00+00:00,0.528718846428735,1.0,-7.280133218662993
1542.0,USDCAD,2018-04-04 09:00:00+00:00,-0.9999999999999999,near_1bar,1618.0,2018-04-04 08:00:00+00:00,0.6526616695259915,0.0,1.6526616695259913
1543.0,GBPUSD,2018-04-04 13:00:00+00:00,-0.9999999999999954,near_1bar,1620.0,2018-04-04 12:00:00+00:00,0.989007191246662,0.0,1.9890071912466576
1544.0,GBPAUD,2018-04-05 17:00:00+00:00,-1.0000000000000036,near_1bar,1621.0,2018-04-05 16:00:00+00:00,0.6053248600720031,0.0,1.6053248600720067
1545.0,EURAUD,2018-04-10 05:00:00+00:00,-1.0000000000000064,none,,,,,
1546.0,GBPNZD,2018-04-12 09:00:00+00:00,-0.999999999999994,none,,,,,
1547.0,EURAUD,2018-04-16 09:00:00+00:00,-0.9999999999999932,near_1bar,1623.0,2018-04-16 08:00:00+00:00,0.7603731962975104,0.0,1.7603731962975036
1548.0,CHFJPY,2018-04-23 13:00:00+00:00,-0.9999999999999901,none,,,,,
1549.0,AUDJPY,2018-04-25 13:00:00+00:00,-0.9999999999999926,near_1bar,1627.0,2018-04-25 12:00:00+00:00,0.911972264203047,0.0,1.9119722642030395
1550.0,EURJPY,2018-04-27 13:00:00+00:00,-0.9999999999999841,near_1bar,1628.0,2018-04-27 16:00:00+00:00,-1.0,1.0,-1.587618925213974e-14
1551.0,GBPCHF,2018-04-30 01:00:00+00:00,-0.9999999999999952,none,,,,,
1552.0,AUDJPY,2018-05-01 01:00:00+00:00,-1.0000000000000044,near_1bar,1631.0,2018-05-01 00:00:00+00:00,1.1227345084119906,0.0,2.122734508411995
1553.0,EURAUD,2018-05-02 09:00:00+00:00,-1.0000000000000022,none,,,,,
1554.0,EURCHF,2018-05-10 13:00:00+00:00,-1.00000000000002,near_1bar,1636.0,2018-05-10 16:00:00+00:00,-1.0,1.0,1.9984014443252818e-14
1555.0,NZDCHF,2018-05-10 13:00:00+00:00,-1.0000000000000107,near_1bar,1634.0,2018-05-10 12:00:00+00:00,-1.0,0.0,1.0658141036401503e-14
1556.0,USDCAD,2018-05-15 09:00:00+00:00,-0.9999999999999931,none,,,,,
1557.0,EURGBP,2018-05-16 13:00:00+00:00,-0.9999999999999876,none,,,,,
1558.0,USDCAD,2018-05-22 13:00:00+00:00,5.480832333065431,near_1bar,1638.0,2018-05-22 12:00:00+00:00,0.9283118708544171,0.0,-4.552520462211014
1559.0,AUDCHF,2018-05-23 13:00:00+00:00,-0.9999999999999925,none,,,,,
1560.0,CADCHF,2018-05-23 13:00:00+00:00,-0.9999999999999903,near_1bar,1640.0,2018-05-23 16:00:00+00:00,-1.0,1.0,-9.658940314238862e-15
1561.0,CADJPY,2018-05-23 13:00:00+00:00,-1.0000000000000029,near_1bar,1641.0,2018-05-23 16:00:00+00:00,-1.0,1.0,2.886579864025407e-15
1562.0,AUDJPY,2018-05-28 21:00:00+00:00,-0.9999999999999893,none,,,,,
1563.0,AUDNZD,2018-05-30 05:00:00+00:00,-1.0000000000000013,none,,,,,
1564.0,USDJPY,2018-05-30 13:00:00+00:00,2.8973721770976755,none,,,,,
1565.0,AUDJPY,2018-06-01 05:00:00+00:00,-1.0000000000000067,none,,,,,
1566.0,AUDUSD,2018-06-13 09:00:00+00:00,-1.0000000000000007,none,,,,,
1567.0,AUDNZD,2018-06-13 13:00:00+00:00,-0.9999999999999831,near_1bar,1647.0,2018-06-13 12:00:00+00:00,1.2535690428954005,0.0,2.253569042895384
1568.0,AUDCHF,2018-06-14 09:00:00+00:00,-0.9999999999999932,near_1bar,1649.0,2018-06-14 12:00:00+00:00,-1.0,1.0,-6.772360450213455e-15
1569.0,AUDCAD,2018-06-14 13:00:00+00:00,-0.999999999999996,near_1bar,1648.0,2018-06-14 12:00:00+00:00,0.5281655295596767,0.0,1.5281655295596726
1570.0,CHFJPY,2018-06-15 01:00:00+00:00,-1.000000000000011,near_1bar,1652.0,2018-06-15 00:00:00+00:00,0.9371245459833826,0.0,1.9371245459833937
1571.0,EURGBP,2018-06-15 01:00:00+00:00,6.512045217734361,none,,,,,
1572.0,AUDJPY,2018-06-15 09:00:00+00:00,-1.0000000000000013,none,,,,,
1573.0,CADJPY,2018-06-15 21:00:00+00:00,-0.9999999999999902,none,,,,,
1574.0,NZDJPY,2018-06-18 09:00:00+00:00,-1.0000000000000049,none,,,,,
1575.0,NZDUSD,2018-06-19 13:00:00+00:00,-1.0000000000000004,none,,,,,
1576.0,AUDCAD,2018-06-20 01:00:00+00:00,-1.0000000000000002,near_1bar,1656.0,2018-06-20 04:00:00+00:00,0.5378704283171656,1.0,1.5378704283171658
1577.0,GBPCHF,2018-06-20 13:00:00+00:00,-1.000000000000014,none,,,,,
1578.0,CHFJPY,2018-06-20 17:00:00+00:00,1.7385002571075476,near_1bar,1657.0,2018-06-20 16:00:00+00:00,0.9688395882439449,0.0,-0.7696606688636027
1579.0,USDJPY,2018-06-25 09:00:00+00:00,2.1372746050038405,near_1bar,1660.0,2018-06-25 12:00:00+00:00,1.670049946284866,1.0,-0.46722465871897456
1580.0,GBPJPY,2018-06-27 21:00:00+00:00,-1.0000000000000075,none,,,,,
1581.0,USDCAD,2018-06-28 17:00:00+00:00,-0.9999999999999899,none,,,,,
1582.0,GBPCAD,2018-07-02 13:00:00+00:00,-0.9999999999999893,none,,,,,
1583.0,USDCHF,2018-07-06 17:00:00+00:00,-1.0000000000000053,none,,,,,
1584.0,EURAUD,2018-07-09 17:00:00+00:00,-0.999999999999997,none,,,,,
1585.0,GBPAUD,2018-07-10 05:00:00+00:00,-1.000000000000002,none,,,,,
1586.0,EURAUD,2018-07-13 05:00:00+00:00,-0.9999999999999883,none,,,,,
1587.0,GBPCAD,2018-07-13 09:00:00+00:00,-0.999999999999998,none,,,,,
1588.0,EURNZD,2018-07-17 05:00:00+00:00,5.192052521597384,none,,,,,
1589.0,GBPCHF,2018-07-17 13:00:00+00:00,-0.9999999999999857,none,,,,,
1590.0,GBPNZD,2018-07-17 21:00:00+00:00,-0.9999999999999911,near_1bar,1669.0,2018-07-17 20:00:00+00:00,0.22045901925285144,0.0,1.2204590192528426
1591.0,AUDUSD,2018-07-18 13:00:00+00:00,-0.9999999999999911,near_1bar,1671.0,2018-07-18 12:00:00+00:00,0.48416527834366946,0.0,1.4841652783436605
1592.0,EURUSD,2018-07-18 13:00:00+00:00,-1.0000000000000133,near_1bar,1672.0,2018-07-18 12:00:00+00:00,0.5110560361104839,0.0,1.5110560361104972
1593.0,EURCAD,2018-07-18 21:00:00+00:00,-0.9999999999999849,none,,,,,
1594.0,CADCHF,2018-07-19 21:00:00+00:00,-0.9999999999999942,none,,,,,
1595.0,NZDCHF,2018-07-19 21:00:00+00:00,-0.9999999999999876,near_1bar,1676.0,2018-07-19 20:00:00+00:00,-1.0,0.0,-1.2434497875801753e-14
1596.0,NZDUSD,2018-07-20 01:00:00+00:00,-0.9999999999999919,none,,,,,
1597.0,USDCAD,2018-07-23 01:00:00+00:00,-1.000000000000003,near_1bar,1677.0,2018-07-23 00:00:00+00:00,-1.0,0.0,3.1086244689504383e-15
1598.0,AUDCHF,2018-07-23 21:00:00+00:00,-0.9999999999999882,near_1bar,1678.0,2018-07-23 20:00:00+00:00,-1.0,0.0,-1.176836406102666e-14
1599.0,AUDNZD,2018-07-23 21:00:00+00:00,-1.0000000000000102,near_1bar,1679.0,2018-07-23 20:00:00+00:00,1.9805196958940723,0.0,2.9805196958940825
1600.0,EURCHF,2018-07-23 21:00:00+00:00,-0.9999999999999812,near_1bar,1680.0,2018-07-23 20:00:00+00:00,-1.0,0.0,-1.8762769116165146e-14
1601.0,AUDUSD,2018-07-24 05:00:00+00:00,-0.9999999999999921,none,,,,,
1602.0,GBPCHF,2018-07-26 05:00:00+00:00,-1.000000000000011,near_1bar,1682.0,2018-07-26 04:00:00+00:00,-1.0,0.0,1.1102230246251565e-14
1603.0,NZDCAD,2018-07-30 13:00:00+00:00,-1.0000000000000022,none,,,,,
1604.0,AUDCAD,2018-07-31 01:00:00+00:00,-1.0000000000000013,near_1bar,1685.0,2018-07-31 00:00:00+00:00,-1.0,0.0,1.3322676295501878e-15
1605.0,AUDNZD,2018-07-31 01:00:00+00:00,0.031626387567360525,near_1bar,1686.0,2018-07-31 00:00:00+00:00,1.9216542679324693,0.0,1.8900278803651087
1606.0,GBPAUD,2018-07-31 05:00:00+00:00,-1.0000000000000135,near_1bar,1687.0,2018-07-31 04:00:00+00:00,0.502613233370651,0.0,1.5026132333706645
1607.0,EURNZD,2018-07-31 21:00:00+00:00,7.002718760096078,none,,,,,
1608.0,USDCHF,2018-07-31 21:00:00+00:00,-0.999999999999998,near_1bar,1688.0,2018-08-01 00:00:00+00:00,-1.0,1.0,-1.9984014443252818e-15
1609.0,EURGBP,2018-08-02 09:00:00+00:00,-1.000000000000016,near_1bar,1689.0,2018-08-02 12:00:00+00:00,0.9626663456457283,1.0,1.9626663456457443
1610.0,NZDJPY,2018-08-02 13:00:00+00:00,-0.9999999999999847,none,,,,,
1611.0,GBPNZD,2018-08-06 17:00:00+00:00,-0.9999999999999942,near_1bar,1692.0,2018-08-06 16:00:00+00:00,0.7282677885978972,0.0,1.7282677885978914
1612.0,CADJPY,2018-08-08 13:00:00+00:00,-1.000000000000005,near_1bar,1693.0,2018-08-08 12:00:00+00:00,0.8488107429620817,0.0,1.8488107429620868
1613.0,USDJPY,2018-08-09 05:00:00+00:00,-1.0000000000000118,near_1bar,1694.0,2018-08-09 04:00:00+00:00,0.5050489619614773,0.0,1.505048961961489
1614.0,CADCHF,2018-08-12 21:00:00+00:00,-0.9999999999999896,near_1bar,1695.0,2018-08-12 20:00:00+00:00,0.25293812291008294,0.0,1.2529381229100724
1615.0,CADJPY,2018-08-14 05:00:00+00:00,-1.0000000000000082,near_1bar,1696.0,2018-08-14 04:00:00+00:00,0.6889245036039844,0.0,1.6889245036039926
1616.0,USDJPY,2018-08-14 13:00:00+00:00,-0.9999999999999971,near_1bar,1697.0,2018-08-14 16:00:00+00:00,1.497099203099099,1.0,2.497099203099096
1617.0,CADCHF,2018-08-16 13:00:00+00:00,-0.999999999999993,none,,,,,
1618.0,EURNZD,2018-08-19 21:00:00+00:00,6.481953206451037,near_1bar,1698.0,2018-08-19 20:00:00+00:00,2.1379890141667977,0.0,-4.343964192284239
1619.0,USDCAD,2018-08-19 21:00:00+00:00,-1.0000000000000124,none,,,,,
1620.0,USDCAD,2018-08-23 17:00:00+00:00,-0.9999999999999963,none,,,,,
1621.0,GBPNZD,2018-08-24 21:00:00+00:00,6.565610367001661,near_1bar,1699.0,2018-08-24 20:00:00+00:00,1.3652225772158246,0.0,-5.200387789785836
1622.0,AUDCAD,2018-08-28 21:00:00+00:00,-0.9999999999999885,near_1bar,1700.0,2018-08-28 20:00:00+00:00,-1.0,0.0,-1.1546319456101628e-14
1623.0,USDJPY,2018-09-06 17:00:00+00:00,-1.0000000000000144,none,,,,,
1624.0,EURGBP,2018-09-07 13:00:00+00:00,-1.0000000000000038,near_1bar,1703.0,2018-09-07 12:00:00+00:00,-1.0,0.0,3.774758283725532e-15
1625.0,NZDCAD,2018-09-09 21:00:00+00:00,-0.9999999999999893,none,,,,,
1626.0,EURUSD,2018-09-10 05:00:00+00:00,-0.9999999999999893,near_1bar,1705.0,2018-09-10 08:00:00+00:00,1.1303741926756814,1.0,2.1303741926756707
1627.0,CHFJPY,2018-09-11 01:00:00+00:00,-1.0000000000000064,none,,,,,
1628.0,EURAUD,2018-09-19 05:00:00+00:00,-0.9999999999999925,none,,,,,
1629.0,GBPAUD,2018-09-20 01:00:00+00:00,-0.9999999999999944,near_1bar,1708.0,2018-09-20 04:00:00+00:00,1.4092300348136577,1.0,2.4092300348136524
1630.0,EURCAD,2018-09-20 05:00:00+00:00,-1.0000000000000127,near_1bar,1707.0,2018-09-20 04:00:00+00:00,0.7435019453286029,0.0,1.7435019453286156
1631.0,AUDNZD,2018-09-24 01:00:00+00:00,-0.9999999999999744,none,,,,,
1632.0,GBPCAD,2018-09-24 05:00:00+00:00,-1.000000000000004,near_1bar,1711.0,2018-09-24 04:00:00+00:00,0.6295783832773959,0.0,1.6295783832774
1633.0,GBPAUD,2018-09-25 05:00:00+00:00,-1.0000000000000049,near_1bar,1712.0,2018-09-25 08:00:00+00:00,1.3589208729609656,1.0,2.3589208729609705
1634.0,AUDNZD,2018-09-27 13:00:00+00:00,-1.000000000000013,near_1bar,1713.0,2018-09-27 12:00:00+00:00,0.5441631410208224,0.0,1.5441631410208356
1635.0,GBPUSD,2018-10-05 13:00:00+00:00,-1.0000000000000002,none,,,,,
1636.0,CADJPY,2018-10-12 01:00:00+00:00,-0.9999999999999942,near_1bar,1718.0,2018-10-12 04:00:00+00:00,-1.0,1.0,-5.773159728050814e-15
1637.0,GBPJPY,2018-10-12 17:00:00+00:00,-1.0000000000000115,near_1bar,1719.0,2018-10-12 20:00:00+00:00,0.6275896957312084,1.0,1.62758969573122
1638.0,USDCAD,2018-10-16 17:00:00+00:00,7.772941093947498,near_1bar,1721.0,2018-10-16 16:00:00+00:00,0.8536881596084058,0.0,-6.9192529343390925
1639.0,CADJPY,2018-10-18 05:00:00+00:00,-1.000000000000013,none,,,,,
1640.0,GBPJPY,2018-10-18 05:00:00+00:00,-1.0000000000000069,near_1bar,1723.0,2018-10-18 08:00:00+00:00,0.5019469591316207,1.0,1.5019469591316277
1641.0,EURAUD,2018-10-19 17:00:00+00:00,-1.0000000000000075,near_1bar,1725.0,2018-10-19 16:00:00+00:00,-1.0,0.0,7.549516567451064e-15
1642.0,AUDCHF,2018-10-23 05:00:00+00:00,1.9723866974684707,none,,,,,
1643.0,GBPCHF,2018-10-23 09:00:00+00:00,-1.0000000000000082,none,,,,,
1644.0,GBPAUD,2018-10-24 17:00:00+00:00,-0.9999999999999918,none,,,,,
1645.0,AUDCAD,2018-10-25 09:00:00+00:00,5.889412997885293,near_1bar,1729.0,2018-10-25 12:00:00+00:00,2.3971631485281315,1.0,-3.492249849357161
1646.0,EURCHF,2018-10-25 09:00:00+00:00,-0.9999999999999858,near_1bar,1728.0,2018-10-25 08:00:00+00:00,-1.0,0.0,-1.4210854715202004e-14
1647.0,NZDUSD,2018-10-25 09:00:00+00:00,-1.000000000000014,none,,,,,
1648.0,EURCAD,2018-10-26 05:00:00+00:00,-0.999999999999997,none,,,,,
1649.0,EURNZD,2018-10-29 14:00:00+00:00,-1.0000000000000004,near_1bar,1732.0,2018-10-29 12:00:00+00:00,-1.0,0.0,4.440892098500626e-16
1650.0,EURCHF,2018-10-30 14:00:00+00:00,-0.9999999999999809,near_1bar,1733.0,2018-10-30 12:00:00+00:00,-1.0,0.0,-1.9095836023552692e-14
1651.0,EURCAD,2018-11-12 10:00:00+00:00,3.6966032301883085,none,,,,,
1652.0,CADCHF,2018-11-14 22:00:00+00:00,-0.9999999999999988,none,,,,,
1653.0,AUDCHF,2018-11-19 22:00:00+00:00,-0.9999999999999893,near_1bar,1738.0,2018-11-19 20:00:00+00:00,0.7788617574469823,0.0,1.7788617574469716
1654.0,AUDJPY,2018-11-20 22:00:00+00:00,-1.0000000000000013,near_1bar,1739.0,2018-11-21 00:00:00+00:00,0.804349796337682,0.0,1.8043497963376833
1655.0,USDCHF,2018-11-23 06:00:00+00:00,-1.0000000000000022,none,,,,,
1656.0,NZDJPY,2018-11-25 22:00:00+00:00,-0.999999999999989,near_1bar,1742.0,2018-11-25 20:00:00+00:00,1.2554894937100927,0.0,2.2554894937100816
1657.0,AUDCHF,2018-11-26 06:00:00+00:00,-0.9999999999999888,none,,,,,
1658.0,AUDUSD,2018-11-27 18:00:00+00:00,-1.0000000000000056,near_1bar,1743.0,2018-11-27 16:00:00+00:00,0.9717475959002223,0.0,1.971747595900228
1659.0,EURCAD,2018-12-03 14:00:00+00:00,2.1478673396085806,near_1bar,1747.0,2018-12-03 12:00:00+00:00,1.1092478186932802,0.0,-1.0386195209153004
1660.0,GBPUSD,2018-12-03 14:00:00+00:00,-1.000000000000002,none,,,,,
1661.0,GBPJPY,2018-12-04 06:00:00+00:00,-1.0000000000000056,none,,,,,
1662.0,CHFJPY,2018-12-04 22:00:00+00:00,-1.0000000000000069,none,,,,,
1663.0,EURJPY,2018-12-04 22:00:00+00:00,-0.9999999999999925,none,,,,,
1664.0,GBPCAD,2018-12-05 06:00:00+00:00,-1.0000000000000087,none,,,,,
1665.0,USDCHF,2018-12-07 02:00:00+00:00,-1.000000000000003,none,,,,,
1666.0,USDCHF,2018-12-12 18:00:00+00:00,-0.9999999999999939,none,,,,,
1667.0,EURUSD,2018-12-14 14:00:00+00:00,-0.31640541501586605,none,,,,,
1668.0,NZDCHF,2018-12-14 14:00:00+00:00,-0.9999999999999962,none,,,,,
1669.0,NZDJPY,2018-12-17 02:00:00+00:00,-0.9999999999999952,near_1bar,1754.0,2018-12-17 00:00:00+00:00,-1.0,0.0,-4.773959005888173e-15
1670.0,NZDCAD,2018-12-17 06:00:00+00:00,-1.0000000000000033,near_1bar,1756.0,2018-12-17 08:00:00+00:00,0.5571939171918538,0.0,1.5571939171918572
1671.0,AUDCAD,2018-12-20 06:00:00+00:00,-0.9999999999999941,near_1bar,1757.0,2018-12-20 08:00:00+00:00,-1.0,0.0,-5.88418203051333e-15
1672.0,NZDUSD,2018-12-20 06:00:00+00:00,-0.9999999999999982,near_1bar,1758.0,2018-12-20 08:00:00+00:00,0.8248696201130269,0.0,1.824869620113025
1673.0,NZDCAD,2018-12-20 14:00:00+00:00,-1.0000000000000038,none,,,,,
1674.0,AUDNZD,2018-12-24 22:00:00+00:00,-1.0000000000000144,near_1bar,1759.0,2018-12-25 00:00:00+00:00,0.776563565436801,0.0,1.7765635654368155
1675.0,AUDCAD,2018-12-26 02:00:00+00:00,-1.0000000000000036,near_1bar,1761.0,2018-12-26 00:00:00+00:00,-1.0,0.0,3.552713678800501e-15
1676.0,EURGBP,2018-12-31 14:00:00+00:00,-0.9999999999999987,near_1bar,1763.0,2018-12-31 12:00:00+00:00,0.7305900294154819,0.0,1.7305900294154806
1677.0,EURUSD,2019-01-02 22:00:00+00:00,-0.9999999999999932,near_1bar,1764.0,2019-01-03 00:00:00+00:00,0.7517636925338047,0.0,1.7517636925337978
1678.0,GBPAUD,2019-01-07 06:00:00+00:00,-0.9999999999999952,near_1bar,1767.0,2019-01-07 08:00:00+00:00,1.081733893130607,0.0,2.081733893130602
1679.0,EURAUD,2019-01-07 10:00:00+00:00,-1.0000000000000018,near_1bar,1766.0,2019-01-07 08:00:00+00:00,-1.0,0.0,1.7763568394002505e-15
1680.0,GBPNZD,2019-01-09 18:00:00+00:00,-1.0000000000000067,near_1bar,1770.0,2019-01-09 16:00:00+00:00,1.3631372539382371,0.0,2.363137253938244
1681.0,EURNZD,2019-01-11 10:00:00+00:00,-0.9999999999999891,none,,,,,
1682.0,GBPAUD,2019-01-14 02:00:00+00:00,-1.0000000000000064,near_1bar,1771.0,2019-01-14 00:00:00+00:00,1.346714968524267,0.0,2.3467149685242736
1683.0,GBPNZD,2019-01-15 18:00:00+00:00,-1.0000000000000042,near_1bar,1774.0,2019-01-15 16:00:00+00:00,1.00860183543841,0.0,2.008601835438414
1684.0,EURNZD,2019-01-17 02:00:00+00:00,-0.9999999999999928,near_1bar,1775.0,2019-01-17 04:00:00+00:00,-1.0,0.0,-7.216449660063518e-15
1685.0,EURCAD,2019-01-22 14:00:00+00:00,-0.9999999999999836,none,,,,,
1686.0,CHFJPY,2019-02-01 06:00:00+00:00,-1.0000000000000087,none,,,,,
1687.0,AUDCAD,2019-02-05 02:00:00+00:00,-0.9999999999999928,near_1bar,1777.0,2019-02-05 00:00:00+00:00,-1.0,0.0,-7.216449660063518e-15
1688.0,EURJPY,2019-02-07 14:00:00+00:00,-1.000000000000006,near_1bar,1779.0,2019-02-07 12:00:00+00:00,1.4065446202371346,0.0,2.4065446202371406
1689.0,AUDJPY,2019-02-08 02:00:00+00:00,2.6565725660835984,none,,,,,
1690.0,AUDUSD,2019-02-08 02:00:00+00:00,-0.9999999999999937,none,,,,,
1691.0,GBPCAD,2019-02-14 10:00:00+00:00,3.7223099521135588,none,,,,,
1692.0,GBPNZD,2019-02-14 22:00:00+00:00,4.217464615822024,none,,,,,
1693.0,GBPJPY,2019-02-15 02:00:00+00:00,5.238915601959074,none,,,,,
1694.0,GBPCHF,2019-02-15 06:00:00+00:00,3.1759588017569222,none,,,,,
1695.0,USDCAD,2019-02-20 02:00:00+00:00,-1.000000000000005,none,,,,,
1696.0,AUDCAD,2019-02-22 02:00:00+00:00,-1.0000000000000084,none,,,,,
1697.0,USDCAD,2019-02-25 22:00:00+00:00,-1.000000000000007,none,,,,,
1698.0,USDCHF,2019-02-27 14:00:00+00:00,-0.999999999999997,near_1bar,1786.0,2019-02-27 12:00:00+00:00,1.0999693545440419,0.0,2.0999693545440388
1699.0,CADCHF,2019-02-28 14:00:00+00:00,-1.0000000000000027,near_1bar,1787.0,2019-02-28 12:00:00+00:00,-1.0,0.0,2.6645352591003757e-15
1700.0,NZDCAD,2019-02-28 18:00:00+00:00,-0.9999999999999978,near_1bar,1788.0,2019-02-28 20:00:00+00:00,1.0657369297546575,0.0,2.0657369297546553
1701.0,AUDCHF,2019-02-28 22:00:00+00:00,-1.000000000000009,none,,,,,
1702.0,USDCHF,2019-03-04 22:00:00+00:00,-1.0000000000000064,none,,,,,
1703.0,AUDNZD,2019-03-05 02:00:00+00:00,-1.0000000000000149,none,,,,,
1704.0,AUDUSD,2019-03-05 06:00:00+00:00,-1.0000000000000104,near_1bar,1791.0,2019-03-05 04:00:00+00:00,0.5369264091525,0.0,1.5369264091525103
1705.0,EURCHF,2019-03-05 06:00:00+00:00,-0.9999999999999902,near_1bar,1792.0,2019-03-05 04:00:00+00:00,0.44938268697085126,0.0,1.4493826869708415
1706.0,NZDJPY,2019-03-06 06:00:00+00:00,-1.00000000000001,near_1bar,1793.0,2019-03-06 04:00:00+00:00,0.5390901575088464,0.0,1.5390901575088565
1707.0,NZDUSD,2019-03-06 06:00:00+00:00,-1.0000000000000107,near_1bar,1794.0,2019-03-06 04:00:00+00:00,0.6673404009706226,0.0,1.6673404009706334
1708.0,AUDCHF,2019-03-07 10:00:00+00:00,-1.0000000000000042,none,,,,,
1709.0,EURJPY,2019-03-08 06:00:00+00:00,-0.9999999999999905,none,,,,,
1710.0,EURCHF,2019-03-11 02:00:00+00:00,-1.000000000000018,near_1bar,1798.0,2019-03-11 04:00:00+00:00,1.2171512632470871,0.0,2.2171512632471053
1711.0,CADJPY,2019-03-11 06:00:00+00:00,-0.9999999999999856,none,,,,,
1712.0,AUDJPY,2019-03-11 10:00:00+00:00,-0.9999999999999979,none,,,,,
1713.0,AUDUSD,2019-03-11 22:00:00+00:00,-0.999999999999994,none,,,,,
1714.0,CHFJPY,2019-03-12 06:00:00+00:00,-1.0000000000000107,none,,,,,
1715.0,USDCAD,2019-03-19 14:00:00+00:00,2.130867771178318,near_1bar,1802.0,2019-03-19 16:00:00+00:00,0.700174196489598,0.0,-1.43069357468872
1716.0,AUDCHF,2019-03-20 06:00:00+00:00,-1.0000000000000009,near_1bar,1803.0,2019-03-20 04:00:00+00:00,1.31669500518816,0.0,2.316695005188161
1717.0,NZDCHF,2019-03-20 06:00:00+00:00,-1.000000000000013,near_1bar,1804.0,2019-03-20 04:00:00+00:00,-1.0,0.0,1.3100631690576847e-14
1718.0,GBPCHF,2019-03-20 22:00:00+00:00,-1.0000000000000004,none,,,,,
1719.0,GBPNZD,2019-03-21 10:00:00+00:00,3.4940534965573478,none,,,,,
1720.0,USDJPY,2019-03-21 14:00:00+00:00,-1.0000000000000049,near_1bar,1805.0,2019-03-21 12:00:00+00:00,0.8311599035006114,0.0,1.8311599035006163
1721.0,EURAUD,2019-03-22 14:00:00+00:00,-1.0000000000000082,near_1bar,1807.0,2019-03-22 16:00:00+00:00,0.1851279579393576,0.0,1.1851279579393659
1722.0,EURJPY,2019-03-25 06:00:00+00:00,-0.9999999999999983,none,,,,,
1723.0,AUDCHF,2019-03-26 06:00:00+00:00,-0.9999999999999858,near_1bar,1808.0,2019-03-26 04:00:00+00:00,1.3463207124578862,0.0,2.3463207124578718
1724.0,NZDCAD,2019-03-27 06:00:00+00:00,-0.9999999999999941,near_1bar,1809.0,2019-03-27 08:00:00+00:00,-1.0,0.0,-5.88418203051333e-15
1725.0,EURCAD,2019-03-28 14:00:00+00:00,-0.9999999999999927,none,,,,,
1726.0,GBPJPY,2019-03-29 18:00:00+00:00,-1.0000000000000038,none,,,,,
1727.0,GBPUSD,2019-03-29 18:00:00+00:00,-1.000000000000003,none,,,,,
1728.0,GBPCAD,2019-04-01 09:00:00+00:00,-0.999999999999994,none,,,,,
1729.0,AUDUSD,2019-04-02 17:00:00+00:00,-0.9999999999999875,none,,,,,
1730.0,GBPCAD,2019-04-05 17:00:00+00:00,-1.0,near_1bar,1816.0,2019-04-05 16:00:00+00:00,0.6270652352917361,0.0,1.627065235291736
1731.0,USDCAD,2019-04-09 13:00:00+00:00,-0.9999999999999987,near_1bar,1817.0,2019-04-09 12:00:00+00:00,1.2686823530792815,0.0,2.26868235307928
1732.0,GBPUSD,2019-04-18 21:00:00+00:00,-1.000000000000002,none,,,,,
1733.0,NZDJPY,2019-04-18 21:00:00+00:00,-1.0000000000000078,near_1bar,1819.0,2019-04-18 20:00:00+00:00,-1.0,0.0,7.771561172376096e-15
1734.0,AUDUSD,2019-04-23 17:00:00+00:00,-1.0000000000000009,none,,,,,
1735.0,USDJPY,2019-04-24 05:00:00+00:00,-0.9999999999999708,none,,,,,
1736.0,CADJPY,2019-04-24 09:00:00+00:00,-0.9999999999999971,none,,,,,
1737.0,GBPJPY,2019-04-24 09:00:00+00:00,-1.0000000000000009,near_1bar,1823.0,2019-04-24 12:00:00+00:00,0.6881776138134162,1.0,1.688177613813417
1738.0,NZDCHF,2019-04-24 21:00:00+00:00,-0.9999999999999826,near_1bar,1825.0,2019-04-24 20:00:00+00:00,0.6798942910663077,0.0,1.6798942910662902
1739.0,EURCAD,2019-04-26 01:00:00+00:00,-1.0000000000000129,near_1bar,1826.0,2019-04-26 04:00:00+00:00,0.7696354196288593,1.0,1.7696354196288722
1740.0,AUDCAD,2019-04-26 09:00:00+00:00,-0.9999999999999944,none,,,,,
1741.0,AUDNZD,2019-04-29 05:00:00+00:00,-0.9999999999999787,none,,,,,
1742.0,CADJPY,2019-04-29 13:00:00+00:00,-0.9999999999999817,none,,,,,
1743.0,GBPJPY,2019-04-30 13:00:00+00:00,-0.9999999999999803,none,,,,,
1744.0,CADCHF,2019-05-06 09:00:00+00:00,-1.000000000000007,near_1bar,1831.0,2019-05-06 08:00:00+00:00,-1.0,0.0,7.105427357601002e-15
1745.0,NZDCAD,2019-05-06 21:00:00+00:00,-0.9999999999999892,none,,,,,
1746.0,NZDCAD,2019-05-10 09:00:00+00:00,-1.0000000000000058,near_1bar,1834.0,2019-05-10 08:00:00+00:00,-1.0,0.0,5.773159728050814e-15
1747.0,GBPAUD,2019-05-12 21:00:00+00:00,-1.000000000000008,none,,,,,
1748.0,GBPAUD,2019-05-16 13:00:00+00:00,-0.9999999999999899,near_1bar,1835.0,2019-05-16 16:00:00+00:00,-1.0,1.0,-1.0103029524088925e-14
1749.0,EURCAD,2019-05-20 13:00:00+00:00,-0.999999999999995,none,,,,,
1750.0,USDCAD,2019-05-21 13:00:00+00:00,-0.999999999999999,none,,,,,
1751.0,EURUSD,2019-05-23 13:00:00+00:00,-1.000000000000004,near_1bar,1838.0,2019-05-23 12:00:00+00:00,0.4470691916897136,0.0,1.4470691916897176
1752.0,EURJPY,2019-05-28 09:00:00+00:00,-0.9999999999999954,none,,,,,
1753.0,EURAUD,2019-05-29 13:00:00+00:00,-0.9999999999999997,none,,,,,
1754.0,CHFJPY,2019-06-03 05:00:00+00:00,1.9384052079299352,none,,,,,
1755.0,AUDJPY,2019-06-04 09:00:00+00:00,-0.9999999999999969,near_1bar,1842.0,2019-06-04 08:00:00+00:00,0.49877433360500395,0.0,1.4987743336050008
1756.0,EURJPY,2019-06-06 17:00:00+00:00,-0.9999999999999915,none,,,,,
1757.0,EURCAD,2019-06-09 21:00:00+00:00,-1.0000000000000158,near_1bar,1844.0,2019-06-09 20:00:00+00:00,-1.0,0.0,1.5765166949677223e-14
1758.0,AUDNZD,2019-06-11 09:00:00+00:00,-0.9999999999999928,near_1bar,1845.0,2019-06-11 08:00:00+00:00,-1.0,0.0,-7.216449660063518e-15
1759.0,AUDUSD,2019-06-13 09:00:00+00:00,-0.9999999999999999,none,,,,,
1760.0,NZDUSD,2019-06-16 21:00:00+00:00,-1.0000000000000058,near_1bar,1848.0,2019-06-17 00:00:00+00:00,1.8804438648302473,1.0,2.8804438648302533
1761.0,GBPUSD,2019-06-20 01:00:00+00:00,-0.999999999999985,none,,,,,
1762.0,AUDUSD,2019-06-20 05:00:00+00:00,-0.999999999999993,near_1bar,1851.0,2019-06-20 04:00:00+00:00,0.9997858937632563,0.0,1.9997858937632493
1763.0,EURGBP,2019-06-20 09:00:00+00:00,9.358996781639176,none,,,,,
1764.0,EURNZD,2019-06-25 17:00:00+00:00,-0.9999999999999873,near_1bar,1853.0,2019-06-25 16:00:00+00:00,1.4231974312210762,0.0,2.4231974312210633
1765.0,GBPAUD,2019-06-25 21:00:00+00:00,-0.9999999999999971,none,,,,,
1766.0,EURAUD,2019-06-26 09:00:00+00:00,-1.0000000000000109,near_1bar,1854.0,2019-06-26 12:00:00+00:00,1.7555489033899532,1.0,2.755548903389964
1767.0,AUDCAD,2019-07-07 21:00:00+00:00,-0.9999999999999851,near_1bar,1856.0,2019-07-07 20:00:00+00:00,0.7885750006924641,0.0,1.7885750006924492
1768.0,GBPCHF,2019-07-09 17:00:00+00:00,-1.0000000000000175,near_1bar,1857.0,2019-07-09 16:00:00+00:00,-1.0,0.0,1.7541523789077473e-14
1769.0,AUDUSD,2019-07-10 13:00:00+00:00,-1.0000000000000102,none,,,,,
1770.0,AUDCAD,2019-07-12 13:00:00+00:00,-0.9999999999999882,none,,,,,
1771.0,CADCHF,2019-07-14 21:00:00+00:00,-0.9999999999999954,none,,,,,
1772.0,EURGBP,2019-07-14 21:00:00+00:00,-1.0000000000000022,none,,,,,
1773.0,EURJPY,2019-07-15 01:00:00+00:00,-0.999999999999983,none,,,,,
1774.0,CADJPY,2019-07-15 21:00:00+00:00,-0.9999999999999996,near_1bar,1866.0,2019-07-16 00:00:00+00:00,-1.0,1.0,-4.440892098500626e-16
1775.0,AUDNZD,2019-07-16 05:00:00+00:00,-0.9999999999999889,near_1bar,1867.0,2019-07-16 08:00:00+00:00,0.47037141290695916,1.0,1.470371412906948
1776.0,EURCHF,2019-07-16 09:00:00+00:00,-0.9999999999999784,none,,,,,
1777.0,CADCHF,2019-07-18 21:00:00+00:00,-1.0000000000000082,near_1bar,1868.0,2019-07-18 20:00:00+00:00,-1.0,0.0,8.215650382226158e-15
1778.0,USDJPY,2019-07-19 05:00:00+00:00,-1.0000000000000056,near_1bar,1869.0,2019-07-19 04:00:00+00:00,0.807298886661907,0.0,1.8072988866619126
1779.0,CADJPY,2019-07-22 05:00:00+00:00,-0.9999999999999855,none,,,,,
1780.0,AUDNZD,2019-07-23 17:00:00+00:00,-1.0000000000000164,none,,,,,
1781.0,AUDJPY,2019-07-24 17:00:00+00:00,-0.9999999999999963,near_1bar,1870.0,2019-07-24 16:00:00+00:00,-1.0,0.0,-3.6637359812630166e-15
1782.0,CADCHF,2019-07-26 17:00:00+00:00,-0.9999999999999941,near_1bar,1873.0,2019-07-26 16:00:00+00:00,-1.0,0.0,-5.88418203051333e-15
1783.0,GBPAUD,2019-07-30 09:00:00+00:00,6.795275616229722,near_1bar,1874.0,2019-07-30 08:00:00+00:00,1.2824142550439603,0.0,-5.512861361185761
1784.0,CHFJPY,2019-08-06 01:00:00+00:00,-1.0000000000000002,none,,,,,
1785.0,NZDCAD,2019-08-18 21:00:00+00:00,-0.9999999999999931,near_1bar,1875.0,2019-08-18 20:00:00+00:00,-1.0,0.0,-6.8833827526759706e-15
1786.0,EURCAD,2019-08-22 13:00:00+00:00,-1.0000000000000155,near_1bar,1877.0,2019-08-22 12:00:00+00:00,0.4002569507471856,0.0,1.4002569507472011
1787.0,CADJPY,2019-08-23 17:00:00+00:00,-0.9999999999999962,none,,,,,
1788.0,AUDCHF,2019-08-26 01:00:00+00:00,2.7208090700563488,near_1bar,1880.0,2019-08-26 00:00:00+00:00,1.2111674000165302,0.0,-1.5096416700398185
1789.0,AUDJPY,2019-08-26 01:00:00+00:00,3.9313498798742597,near_1bar,1881.0,2019-08-26 00:00:00+00:00,1.2310787076866947,0.0,-2.700271172187565
1790.0,AUDUSD,2019-08-26 01:00:00+00:00,-1.0000000000000098,none,,,,,
1791.0,USDCAD,2019-08-27 13:00:00+00:00,-0.9999999999999922,near_1bar,1883.0,2019-08-27 12:00:00+00:00,0.6063492395499244,0.0,1.6063492395499166
1792.0,AUDUSD,2019-08-29 09:00:00+00:00,-0.9999999999999987,none,,,,,
1793.0,EURUSD,2019-08-29 21:00:00+00:00,-1.0000000000000289,near_1bar,1885.0,2019-08-29 20:00:00+00:00,1.0399231442842845,0.0,2.0399231442843133
1794.0,GBPNZD,2019-09-02 21:00:00+00:00,-1.0000000000000013,none,,,,,
1795.0,GBPUSD,2019-09-03 13:00:00+00:00,8.064778661106834,near_1bar,1886.0,2019-09-03 12:00:00+00:00,1.4687915307963249,0.0,-6.595987130310509
1796.0,GBPJPY,2019-09-04 01:00:00+00:00,11.287195325031785,near_1bar,1887.0,2019-09-04 00:00:00+00:00,1.8586348564290174,0.0,-9.428560468602768
1797.0,EURCHF,2019-09-04 05:00:00+00:00,-1.0000000000000262,none,,,,,
1798.0,EURUSD,2019-09-05 09:00:00+00:00,-0.9999999999999758,near_1bar,1889.0,2019-09-05 08:00:00+00:00,0.8332615610380483,0.0,1.833261561038024
1799.0,GBPAUD,2019-09-05 09:00:00+00:00,-0.9999999999999998,near_1bar,1890.0,2019-09-05 08:00:00+00:00,0.7404877220385853,0.0,1.740487722038585
1800.0,NZDUSD,2019-09-06 13:00:00+00:00,-1.0000000000000104,near_1bar,1891.0,2019-09-06 12:00:00+00:00,-1.0,0.0,1.0436096431476471e-14
1801.0,GBPNZD,2019-09-06 17:00:00+00:00,6.8509454051008705,none,,,,,
1802.0,NZDCAD,2019-09-15 21:00:00+00:00,-1.0000000000000036,none,,,,,
1803.0,CADCHF,2019-09-23 09:00:00+00:00,0.19310764919001833,none,,,,,
1804.0,EURCHF,2019-09-23 09:00:00+00:00,-0.9999999999999835,none,,,,,
1805.0,USDJPY,2019-09-23 13:00:00+00:00,-1.0000000000000155,none,,,,,
1806.0,EURUSD,2019-09-23 17:00:00+00:00,-1.0000000000000167,none,,,,,
1807.0,AUDNZD,2019-09-24 21:00:00+00:00,-0.9999999999999903,near_1bar,1893.0,2019-09-24 20:00:00+00:00,0.6283200704175319,0.0,1.6283200704175222
1808.0,USDCHF,2019-09-24 21:00:00+00:00,0.7900702610288262,near_1bar,1894.0,2019-09-24 20:00:00+00:00,0.9978276574752283,0.0,0.20775739644640212
1809.0,AUDCAD,2019-09-27 01:00:00+00:00,-1.000000000000003,near_1bar,1900.0,2019-09-27 04:00:00+00:00,1.1247025386945793,1.0,2.1247025386945824
1810.0,EURCHF,2019-09-27 01:00:00+00:00,3.3911181263944887,none,,,,,
1811.0,EURJPY,2019-09-27 05:00:00+00:00,-0.9999999999999863,none,,,,,
1812.0,NZDCHF,2019-09-30 05:00:00+00:00,4.070192034376373,none,,,,,
1813.0,CHFJPY,2019-10-01 13:00:00+00:00,-1.0000000000000002,none,,,,,
1814.0,AUDCAD,2019-10-03 13:00:00+00:00,-0.9999999999999988,near_1bar,1903.0,2019-10-03 12:00:00+00:00,0.6547693251758331,0.0,1.654769325175832
1815.0,AUDUSD,2019-10-03 13:00:00+00:00,-0.9999999999999948,none,,,,,
1816.0,NZDJPY,2019-10-03 13:00:00+00:00,6.370972769690801,none,,,,,
1817.0,GBPNZD,2019-10-04 17:00:00+00:00,-1.0000000000000013,none,,,,,
1818.0,GBPAUD,2019-10-08 13:00:00+00:00,7.136594105837326,near_1bar,1906.0,2019-10-08 16:00:00+00:00,2.2264976241672225,1.0,-4.910096481670104
1819.0,GBPUSD,2019-10-08 17:00:00+00:00,9.890830989777054,near_1bar,1907.0,2019-10-08 16:00:00+00:00,1.9191929563000174,0.0,-7.971638033477037
1820.0,GBPNZD,2019-10-10 13:00:00+00:00,2.597171958524227,near_1bar,1908.0,2019-10-10 16:00:00+00:00,1.3636356858822645,1.0,-1.2335362726419625
1821.0,EURGBP,2019-10-10 21:00:00+00:00,-1.0000000000000022,near_1bar,1909.0,2019-10-10 20:00:00+00:00,-1.0,0.0,2.220446049250313e-15
1822.0,USDCAD,2019-10-14 05:00:00+00:00,-0.999999999999992,none,,,,,
1823.0,AUDCAD,2019-10-14 13:00:00+00:00,-0.9999999999999895,near_1bar,1912.0,2019-10-14 16:00:00+00:00,0.7896885861175453,1.0,1.789688586117535
1824.0,NZDUSD,2019-10-15 13:00:00+00:00,-0.9999999999999922,none,,,,,
1825.0,NZDCHF,2019-10-16 13:00:00+00:00,3.833743133625374,near_1bar,1913.0,2019-10-16 12:00:00+00:00,0.7151766692589855,0.0,-3.1185664643663884
1826.0,EURAUD,2019-10-22 05:00:00+00:00,-1.0000000000000129,near_1bar,1914.0,2019-10-22 08:00:00+00:00,-1.0,1.0,1.2878587085651816e-14
1827.0,EURNZD,2019-10-22 09:00:00+00:00,-0.9999999999999918,none,,,,,
1828.0,AUDNZD,2019-10-22 13:00:00+00:00,-0.9999999999999883,near_1bar,1915.0,2019-10-22 12:00:00+00:00,0.7257062501825686,0.0,1.725706250182557
1829.0,USDCHF,2019-10-23 13:00:00+00:00,-1.000000000000005,none,,,,,
1830.0,GBPCAD,2019-10-27 22:00:00+00:00,3.6294214303726595,none,,,,,
1831.0,EURUSD,2019-10-29 10:00:00+00:00,-0.9999999999999664,none,,,,,
1832.0,GBPAUD,2019-10-29 10:00:00+00:00,-0.9999999999999962,near_1bar,1917.0,2019-10-29 08:00:00+00:00,0.9044120002105307,0.0,1.904412000210527
1833.0,EURCAD,2019-10-29 14:00:00+00:00,1.0678414967422352,near_1bar,1918.0,2019-10-29 12:00:00+00:00,1.0467261144636912,0.0,-0.021115382278543926
1834.0,NZDCHF,2019-10-30 18:00:00+00:00,-0.999999999999998,none,,,,,
1835.0,EURJPY,2019-10-31 18:00:00+00:00,-1.000000000000002,near_1bar,1921.0,2019-10-31 20:00:00+00:00,1.1604963236864632,0.0,2.1604963236864654
1836.0,CADCHF,2019-11-03 22:00:00+00:00,-0.9999999999999865,none,,,,,
1837.0,USDJPY,2019-11-04 06:00:00+00:00,1.3843102679720583,near_1bar,1922.0,2019-11-04 04:00:00+00:00,0.8321391279411943,0.0,-0.552171140030864
1838.0,GBPNZD,2019-11-04 10:00:00+00:00,-1.0000000000000056,near_1bar,1923.0,2019-11-04 08:00:00+00:00,0.47087113453495677,0.0,1.4708711345349623
1839.0,EURUSD,2019-11-06 06:00:00+00:00,-1.0000000000000069,none,,,,,
1840.0,NZDUSD,2019-11-10 22:00:00+00:00,7.449100996189843,none,,,,,
1841.0,GBPAUD,2019-11-11 10:00:00+00:00,-0.9999999999999917,none,,,,,
1842.0,GBPUSD,2019-11-11 10:00:00+00:00,4.033704938912891,none,,,,,
1843.0,NZDJPY,2019-11-12 22:00:00+00:00,-1.0000000000000082,near_1bar,1929.0,2019-11-12 20:00:00+00:00,0.5601957479973926,0.0,1.5601957479974007
1844.0,AUDCHF,2019-11-13 10:00:00+00:00,-1.0000000000000127,none,,,,,
1845.0,AUDCAD,2019-11-13 18:00:00+00:00,-0.9999999999999879,none,,,,,
1846.0,GBPCHF,2019-11-13 18:00:00+00:00,-1.0000000000000058,near_1bar,1931.0,2019-11-13 20:00:00+00:00,1.0226936086009135,0.0,2.0226936086009193
1847.0,AUDJPY,2019-11-15 10:00:00+00:00,3.856144289218203,none,,,,,
1848.0,AUDUSD,2019-11-15 14:00:00+00:00,-1.0000000000000053,near_1bar,1932.0,2019-11-15 12:00:00+00:00,1.0292836720222363,0.0,2.029283672022242
1849.0,EURUSD,2019-11-18 14:00:00+00:00,-0.999999999999999,near_1bar,1933.0,2019-11-18 12:00:00+00:00,1.0312505341996747,0.0,2.031250534199674
1850.0,AUDCHF,2019-11-19 10:00:00+00:00,-0.9999999999999877,none,,,,,
1851.0,AUDCAD,2019-11-19 18:00:00+00:00,-0.9999999999999991,none,,,,,
1852.0,CHFJPY,2019-11-20 14:00:00+00:00,-1.0000000000000027,near_1bar,1934.0,2019-11-20 12:00:00+00:00,0.57067079992436,0.0,1.5706707999243625
1853.0,GBPJPY,2019-11-22 18:00:00+00:00,4.857544287764922,near_1bar,1936.0,2019-11-22 20:00:00+00:00,2.8724081548700506,0.0,-1.9851361328948713
1854.0,GBPNZD,2019-11-22 18:00:00+00:00,-0.99999999999999,none,,,,,
1855.0,CHFJPY,2019-11-25 22:00:00+00:00,-0.9999999999999976,none,,,,,
1856.0,EURAUD,2019-12-04 02:00:00+00:00,-1.0000000000000002,none,,,,,
1857.0,USDCHF,2019-12-04 02:00:00+00:00,-1.0000000000000044,none,,,,,
1858.0,AUDCHF,2019-12-04 06:00:00+00:00,-0.9999999999999885,near_1bar,1943.0,2019-12-04 08:00:00+00:00,0.5189007322573144,0.0,1.5189007322573027
1859.0,GBPNZD,2019-12-04 06:00:00+00:00,-0.9999999999999967,none,,,,,
1860.0,USDCAD,2019-12-04 18:00:00+00:00,-0.9999999999999832,none,,,,,
1861.0,AUDJPY,2019-12-10 14:00:00+00:00,-0.9999999999999954,near_1bar,1946.0,2019-12-10 12:00:00+00:00,1.3678838066190515,0.0,2.367883806619047
1862.0,EURCHF,2019-12-11 02:00:00+00:00,-0.9999999999999932,none,,,,,
1863.0,AUDCHF,2019-12-11 06:00:00+00:00,-1.0000000000000058,near_1bar,1948.0,2019-12-11 08:00:00+00:00,0.6893488210265095,0.0,1.6893488210265153
1864.0,GBPCAD,2019-12-18 02:00:00+00:00,-1.0000000000000016,none,,,,,
1865.0,GBPCHF,2019-12-18 02:00:00+00:00,-1.0000000000000047,none,,,,,
1866.0,GBPUSD,2019-12-18 14:00:00+00:00,-0.9999999999999913,near_1bar,1950.0,2019-12-18 16:00:00+00:00,0.5176154222327606,0.0,1.517615422232752
1867.0,EURCAD,2019-12-19 06:00:00+00:00,-1.0000000000000142,none,,,,,
1868.0,GBPJPY,2019-12-20 06:00:00+00:00,-1.0,none,,,,,
1869.0,CADCHF,2019-12-25 22:00:00+00:00,-0.9999999999999972,none,,,,,
1870.0,GBPJPY,2019-12-26 14:00:00+00:00,-0.9999999999999956,near_1bar,1956.0,2019-12-26 12:00:00+00:00,0.5989234662275914,0.0,1.5989234662275869
1871.0,EURCAD,2019-12-27 14:00:00+00:00,-1.0000000000000138,none,,,,,
1872.0,CADCHF,2020-01-01 22:00:00+00:00,-1.0000000000000135,none,,,,,
1873.0,AUDJPY,2020-01-03 10:00:00+00:00,-0.9999999999999994,near_1bar,1958.0,2020-01-03 12:00:00+00:00,0.502285148531911,0.0,1.5022851485319104
1874.0,CHFJPY,2020-01-06 02:00:00+00:00,1.7019669850009833,none,,,,,
1875.0,NZDJPY,2020-01-06 06:00:00+00:00,-1.0000000000000064,none,,,,,
1876.0,EURJPY,2020-01-06 10:00:00+00:00,-1.000000000000002,near_1bar,1963.0,2020-01-06 08:00:00+00:00,0.8022095472023734,0.0,1.8022095472023754
1877.0,NZDCAD,2020-01-07 14:00:00+00:00,-1.0000000000000089,none,,,,,
1878.0,NZDCHF,2020-01-08 02:00:00+00:00,-1.0000000000000109,near_1bar,1967.0,2020-01-08 00:00:00+00:00,-1.0,0.0,1.0880185641326534e-14
1879.0,AUDJPY,2020-01-08 22:00:00+00:00,-1.0000000000000098,none,,,,,
1880.0,USDJPY,2020-01-08 22:00:00+00:00,-0.9999999999999963,none,,,,,
1881.0,GBPUSD,2020-01-09 14:00:00+00:00,-1.0000000000000056,none,,,,,
1882.0,AUDCAD,2020-01-10 02:00:00+00:00,-0.9999999999999991,none,,,,,
1883.0,AUDCHF,2020-01-10 10:00:00+00:00,-1.000000000000004,none,,,,,
1884.0,AUDNZD,2020-01-10 10:00:00+00:00,-0.9999999999999981,near_1bar,1973.0,2020-01-10 08:00:00+00:00,0.6185909134800291,0.0,1.6185909134800274
1885.0,USDCHF,2020-01-14 10:00:00+00:00,-1.0000000000000124,none,,,,,
1886.0,NZDUSD,2020-01-15 14:00:00+00:00,-1.0000000000000029,none,,,,,
1887.0,GBPUSD,2020-01-16 14:00:00+00:00,-0.9999999999999869,none,,,,,
1888.0,EURUSD,2020-01-19 22:00:00+00:00,-1.000000000000035,none,,,,,
1889.0,EURCAD,2020-01-20 18:00:00+00:00,-0.999999999999984,none,,,,,
1890.0,AUDCHF,2020-01-22 02:00:00+00:00,-0.9999999999999988,none,,,,,
1891.0,AUDUSD,2020-01-22 22:00:00+00:00,-0.9999999999999922,none,,,,,
1892.0,EURNZD,2020-01-23 22:00:00+00:00,22.768537498393968,none,,,,,
1893.0,EURGBP,2020-01-28 22:00:00+00:00,-1.0000000000000149,none,,,,,
1894.0,EURUSD,2020-01-31 18:00:00+00:00,-0.9999999999999928,none,,,,,
1895.0,GBPUSD,2020-02-04 02:00:00+00:00,-0.9999999999999895,near_1bar,1986.0,2020-02-04 00:00:00+00:00,0.7981443605649388,0.0,1.7981443605649283
1896.0,GBPCHF,2020-02-04 06:00:00+00:00,-0.9999999999999871,near_1bar,1987.0,2020-02-04 08:00:00+00:00,0.6538389870276873,0.0,1.6538389870276744
1897.0,GBPCAD,2020-02-10 06:00:00+00:00,-0.9999999999999983,none,,,,,
1898.0,GBPUSD,2020-02-12 06:00:00+00:00,-0.9999999999999928,near_1bar,1991.0,2020-02-12 08:00:00+00:00,1.0556634616449472,0.0,2.05566346164494
1899.0,EURGBP,2020-02-12 22:00:00+00:00,-0.9999999999999964,near_1bar,1993.0,2020-02-12 20:00:00+00:00,2.6641635511973893,0.0,3.664163551197386
1900.0,EURAUD,2020-02-13 14:00:00+00:00,14.541768426858619,none,,,,,
1901.0,EURGBP,2020-02-20 10:00:00+00:00,-0.9999999999999907,none,,,,,
1902.0,GBPCAD,2020-02-21 06:00:00+00:00,-0.9999999999999947,near_1bar,1996.0,2020-02-21 08:00:00+00:00,0.42679621258701594,0.0,1.4267962125870106
1903.0,AUDJPY,2020-02-23 22:00:00+00:00,-1.000000000000001,near_1bar,1997.0,2020-02-23 20:00:00+00:00,-1.0,0.0,1.1102230246251565e-15
1904.0,NZDJPY,2020-02-24 18:00:00+00:00,-1.000000000000006,near_1bar,1999.0,2020-02-24 20:00:00+00:00,-1.0,0.0,5.995204332975845e-15
1905.0,GBPAUD,2020-03-04 10:00:00+00:00,-0.7920980113010399,none,,,,,
1906.0,GBPNZD,2020-03-16 18:00:00+00:00,-0.12220730694744993,none,,,,,
1907.0,EURCAD,2020-03-20 18:00:00+00:00,-0.9999999999999998,none,,,,,
1908.0,GBPAUD,2020-03-24 06:00:00+00:00,-0.9999999999999979,near_1bar,2006.0,2020-03-24 08:00:00+00:00,-1.0,0.0,-2.1094237467877974e-15
1909.0,CHFJPY,2020-03-31 17:00:00+00:00,-0.9999999999999956,near_1bar,2010.0,2020-03-31 16:00:00+00:00,-1.0,0.0,-4.440892098500626e-15
1910.0,EURJPY,2020-04-01 17:00:00+00:00,-1.0000000000000013,near_1bar,2011.0,2020-04-01 16:00:00+00:00,-1.0,0.0,1.3322676295501878e-15
1911.0,CHFJPY,2020-04-06 05:00:00+00:00,-1.000000000000006,near_1bar,2013.0,2020-04-06 04:00:00+00:00,-1.0,0.0,5.995204332975845e-15
1912.0,EURNZD,2020-04-07 21:00:00+00:00,-0.9999999999999989,none,,,,,
1913.0,EURCHF,2020-04-14 09:00:00+00:00,-1.000000000000021,none,,,,,
1914.0,USDJPY,2020-04-14 17:00:00+00:00,-1.0000000000000009,none,,,,,
1915.0,EURNZD,2020-04-16 01:00:00+00:00,-1.0000000000000013,none,,,,,
1916.0,CHFJPY,2020-04-21 13:00:00+00:00,-0.9999999999999969,near_1bar,2018.0,2020-04-21 12:00:00+00:00,1.394492852228748,0.0,2.394492852228745
1917.0,EURJPY,2020-04-21 13:00:00+00:00,-1.0000000000000089,near_1bar,2019.0,2020-04-21 12:00:00+00:00,0.600506768142074,0.0,1.600506768142083
1918.0,AUDJPY,2020-04-21 17:00:00+00:00,6.623416666586638,none,,,,,
1919.0,AUDUSD,2020-04-21 17:00:00+00:00,6.711548157783119,none,,,,,
1920.0,CADCHF,2020-04-21 17:00:00+00:00,2.4744366218033598,none,,,,,
1921.0,CADJPY,2020-04-21 17:00:00+00:00,-1.000000000000005,none,,,,,
1922.0,GBPCHF,2020-04-21 17:00:00+00:00,-0.9999999999999968,near_1bar,2021.0,2020-04-21 20:00:00+00:00,0.9037259720796973,1.0,1.9037259720796942
1923.0,NZDCHF,2020-04-23 01:00:00+00:00,6.048544429275663,none,,,,,
1924.0,NZDJPY,2020-04-23 01:00:00+00:00,6.859888785400863,none,,,,,
1925.0,NZDUSD,2020-04-23 01:00:00+00:00,6.920074732070075,none,,,,,
1926.0,GBPCAD,2020-04-24 13:00:00+00:00,-1.0000000000000067,none,,,,,
1927.0,EURUSD,2020-04-27 01:00:00+00:00,5.597998261683244,none,,,,,
1928.0,EURNZD,2020-04-27 09:00:00+00:00,-0.9999999999999931,none,,,,,
1929.0,GBPNZD,2020-04-27 09:00:00+00:00,-0.999999999999999,none,,,,,
1930.0,GBPCAD,2020-04-30 09:00:00+00:00,-1.0000000000000042,near_1bar,2028.0,2020-04-30 08:00:00+00:00,0.8841384300212147,0.0,1.884138430021219
1931.0,CHFJPY,2020-04-30 17:00:00+00:00,-1.0000000000000053,near_1bar,2029.0,2020-04-30 16:00:00+00:00,1.1477685288797936,0.0,2.1477685288797987
1932.0,GBPNZD,2020-04-30 17:00:00+00:00,-1.0000000000000004,near_1bar,2030.0,2020-04-30 16:00:00+00:00,-1.0,0.0,4.440892098500626e-16
1933.0,USDJPY,2020-04-30 17:00:00+00:00,-1.000000000000006,none,,,,,
1934.0,EURNZD,2020-05-01 01:00:00+00:00,-0.9999999999999979,none,,,,,
1935.0,USDCAD,2020-05-01 05:00:00+00:00,-1.000000000000006,near_1bar,2031.0,2020-05-01 04:00:00+00:00,-1.0,0.0,5.995204332975845e-15
1936.0,USDCHF,2020-05-01 17:00:00+00:00,-0.9999999999999996,near_1bar,2032.0,2020-05-01 16:00:00+00:00,0.7216569709430033,0.0,1.7216569709430027
1937.0,NZDJPY,2020-05-04 01:00:00+00:00,-1.0000000000000016,near_1bar,2033.0,2020-05-04 00:00:00+00:00,0.525953974643939,0.0,1.5259539746439406
1938.0,NZDJPY,2020-05-07 09:00:00+00:00,-0.9999999999999991,near_1bar,2034.0,2020-05-07 08:00:00+00:00,0.4704367928702936,0.0,1.4704367928702928
1939.0,GBPJPY,2020-05-08 13:00:00+00:00,-0.9999999999999892,near_1bar,2035.0,2020-05-08 12:00:00+00:00,1.8216251521079116,0.0,2.821625152107901
1940.0,EURCHF,2020-05-12 09:00:00+00:00,7.240859789827829,none,,,,,
1941.0,GBPUSD,2020-05-13 09:00:00+00:00,-0.9999999999999941,none,,,,,
1942.0,NZDCAD,2020-05-13 09:00:00+00:00,-0.9999999999999982,none,,,,,
1943.0,NZDUSD,2020-05-14 17:00:00+00:00,-0.9999999999999989,none,,,,,
1944.0,NZDCHF,2020-05-18 05:00:00+00:00,7.5604787015345964,near_1bar,2040.0,2020-05-18 08:00:00+00:00,1.3988413193906775,1.0,-6.161637382143919
1945.0,EURCHF,2020-05-18 09:00:00+00:00,6.592906704856149,near_1bar,2041.0,2020-05-18 12:00:00+00:00,1.691989500546094,1.0,-4.900917204310055
1946.0,NZDCAD,2020-05-19 05:00:00+00:00,7.126336748633845,near_1bar,2043.0,2020-05-19 04:00:00+00:00,2.487041871670111,0.0,-4.639294876963734
1947.0,USDCAD,2020-05-19 17:00:00+00:00,-1.0000000000000122,near_1bar,2045.0,2020-05-19 20:00:00+00:00,-1.0,1.0,1.2212453270876722e-14
1948.0,USDCHF,2020-05-21 13:00:00+00:00,-1.0000000000000115,near_1bar,2046.0,2020-05-21 12:00:00+00:00,-1.0,0.0,1.1546319456101628e-14
1949.0,EURCAD,2020-05-27 09:00:00+00:00,-1.0000000000000129,near_1bar,2047.0,2020-05-27 08:00:00+00:00,0.8766003470228492,0.0,1.876600347022862
1950.0,EURAUD,2020-05-27 21:00:00+00:00,-0.9999999999999938,none,,,,,
1951.0,AUDNZD,2020-05-28 05:00:00+00:00,-1.000000000000015,none,,,,,
1952.0,EURGBP,2020-06-02 09:00:00+00:00,3.8187388307688184,none,,,,,
1953.0,NZDCAD,2020-06-02 09:00:00+00:00,6.855631822469787,near_1bar,2049.0,2020-06-02 08:00:00+00:00,2.044593721288752,0.0,-4.811038101181035
1954.0,AUDNZD,2020-06-09 09:00:00+00:00,-1.000000000000004,none,,,,,
1955.0,AUDNZD,2020-06-15 17:00:00+00:00,-1.0000000000000164,none,,,,,
1956.0,GBPCAD,2020-06-17 09:00:00+00:00,-1.000000000000007,near_1bar,2052.0,2020-06-17 08:00:00+00:00,0.46003496061052584,0.0,1.460034960610533
1957.0,EURUSD,2020-06-17 17:00:00+00:00,7.172112344397075,near_1bar,2053.0,2020-06-17 16:00:00+00:00,2.295665145400987,0.0,-4.876447198996088
1958.0,NZDCAD,2020-06-19 09:00:00+00:00,-0.6550030986189376,none,,,,,
1959.0,EURJPY,2020-06-22 13:00:00+00:00,7.155970740681403,none,,,,,
1960.0,EURNZD,2020-06-22 13:00:00+00:00,-1.000000000000005,none,,,,,
1961.0,USDCAD,2020-06-23 13:00:00+00:00,-0.9999999999999972,near_1bar,2059.0,2020-06-23 16:00:00+00:00,0.5568559306383245,1.0,1.5568559306383216
1962.0,USDJPY,2020-06-24 13:00:00+00:00,-1.000000000000004,near_1bar,2060.0,2020-06-24 12:00:00+00:00,0.6718072525622416,0.0,1.6718072525622456
1963.0,NZDCHF,2020-06-28 21:00:00+00:00,-0.9999999999999952,none,,,,,
1964.0,EURAUD,2020-07-01 09:00:00+00:00,-1.0,near_1bar,2062.0,2020-07-01 12:00:00+00:00,0.8121935987556117,1.0,1.8121935987556117
1965.0,AUDNZD,2020-07-03 01:00:00+00:00,-0.9999999999999777,near_1bar,2064.0,2020-07-03 04:00:00+00:00,1.0670583173317798,1.0,2.0670583173317576
1966.0,USDCHF,2020-07-07 01:00:00+00:00,-1.0000000000000084,near_1bar,2066.0,2020-07-07 00:00:00+00:00,-1.0,0.0,8.43769498715119e-15
1967.0,EURAUD,2020-07-07 09:00:00+00:00,-1.0000000000000004,none,,,,,
1968.0,CADCHF,2020-07-09 21:00:00+00:00,-0.9999999999999996,near_1bar,2067.0,2020-07-10 00:00:00+00:00,0.5562620795102873,1.0,1.5562620795102868
1969.0,EURGBP,2020-07-13 13:00:00+00:00,-0.9999999999999865,near_1bar,2068.0,2020-07-13 12:00:00+00:00,0.7671957515352633,0.0,1.7671957515352497
1970.0,AUDNZD,2020-07-14 05:00:00+00:00,5.6501191763856715,none,,,,,
1971.0,GBPCHF,2020-07-14 13:00:00+00:00,4.865464995152138,none,,,,,
1972.0,CADCHF,2020-07-15 09:00:00+00:00,-1.0000000000000013,near_1bar,2069.0,2020-07-15 08:00:00+00:00,0.5128943196571097,0.0,1.5128943196571112
1973.0,USDJPY,2020-07-15 13:00:00+00:00,-0.9999999999999843,none,,,,,
1974.0,CHFJPY,2020-07-16 13:00:00+00:00,3.8972996054291986,near_1bar,2070.0,2020-07-16 12:00:00+00:00,1.1543775952382425,0.0,-2.742922010190956
1975.0,USDCHF,2020-07-21 09:00:00+00:00,-0.9999999999999881,none,,,,,
1976.0,GBPAUD,2020-07-23 17:00:00+00:00,-1.0000000000000044,near_1bar,2072.0,2020-07-23 16:00:00+00:00,1.0832910239784845,0.0,2.083291023978489
1977.0,GBPCHF,2020-07-24 05:00:00+00:00,-0.9999999999999923,none,,,,,
1978.0,NZDCHF,2020-07-24 05:00:00+00:00,-1.0000000000000009,none,,,,,
1979.0,AUDCHF,2020-07-27 09:00:00+00:00,-0.9999999999999951,near_1bar,2076.0,2020-07-27 08:00:00+00:00,0.7183046418226546,0.0,1.7183046418226497
1980.0,CADJPY,2020-07-29 09:00:00+00:00,-0.9999999999999992,none,,,,,
1981.0,NZDCAD,2020-08-03 21:00:00+00:00,-0.9999999999999926,none,,,,,
1982.0,EURGBP,2020-08-04 05:00:00+00:00,-0.9999999999999954,none,,,,,
1983.0,EURCHF,2020-08-11 01:00:00+00:00,0.6516836596413171,near_1bar,2083.0,2020-08-11 00:00:00+00:00,0.6140611800560977,0.0,-0.03762247958521947
1984.0,GBPCAD,2020-08-11 21:00:00+00:00,-1.0000000000000084,near_1bar,2084.0,2020-08-11 20:00:00+00:00,0.5200276943492236,0.0,1.5200276943492321
1985.0,NZDUSD,2020-08-12 13:00:00+00:00,-0.999999999999995,near_1bar,2085.0,2020-08-12 12:00:00+00:00,0.9208796916095052,0.0,1.9208796916095001
1986.0,EURCHF,2020-08-14 09:00:00+00:00,1.0270352664279288,none,,,,,
1987.0,EURCAD,2020-08-14 17:00:00+00:00,-1.0000000000000064,near_1bar,2087.0,2020-08-14 16:00:00+00:00,-1.0,0.0,6.439293542825908e-15
1988.0,GBPCHF,2020-08-17 17:00:00+00:00,-0.9999999999999812,none,,,,,
1989.0,GBPAUD,2020-08-18 05:00:00+00:00,-0.9999999999999984,none,,,,,
1990.0,NZDJPY,2020-08-19 01:00:00+00:00,-0.9999999999999969,none,,,,,
1991.0,USDJPY,2020-08-19 01:00:00+00:00,-1.0000000000000109,near_1bar,2090.0,2020-08-19 00:00:00+00:00,0.40379132994575556,0.0,1.4037913299457665
1992.0,CHFJPY,2020-08-23 21:00:00+00:00,-0.9999999999999966,none,,,,,
1993.0,AUDCHF,2020-08-25 09:00:00+00:00,-0.9999999999999845,none,,,,,
1994.0,AUDNZD,2020-08-27 21:00:00+00:00,-0.9999999999999898,none,,,,,
1995.0,GBPNZD,2020-08-28 01:00:00+00:00,-0.9999999999999905,none,,,,,
1996.0,EURUSD,2020-09-09 01:00:00+00:00,-0.9999999999999848,near_1bar,2093.0,2020-09-09 00:00:00+00:00,0.6172686461019229,0.0,1.6172686461019077
1997.0,CADJPY,2020-09-09 05:00:00+00:00,-1.000000000000001,near_1bar,2094.0,2020-09-09 08:00:00+00:00,-1.0,1.0,1.1102230246251565e-15
1998.0,EURJPY,2020-09-09 13:00:00+00:00,-1.0000000000000064,near_1bar,2095.0,2020-09-09 12:00:00+00:00,-1.0,0.0,6.439293542825908e-15
1999.0,CADCHF,2020-09-10 17:00:00+00:00,-0.9999999999999925,near_1bar,2096.0,2020-09-10 16:00:00+00:00,0.4586392929254401,0.0,1.4586392929254326
2000.0,AUDCHF,2020-09-10 21:00:00+00:00,-1.0000000000000042,none,,,,,
2001.0,EURAUD,2020-09-15 13:00:00+00:00,-0.9999999999999947,near_1bar,2098.0,2020-09-15 12:00:00+00:00,1.1881677804813988,0.0,2.1881677804813933
2002.0,USDCHF,2020-09-15 13:00:00+00:00,-1.000000000000009,near_1bar,2099.0,2020-09-15 12:00:00+00:00,1.58539983936925,0.0,2.585399839369259
2003.0,CADCHF,2020-09-16 01:00:00+00:00,-1.0000000000000093,near_1bar,2100.0,2020-09-16 00:00:00+00:00,0.2947677289889132,0.0,1.2947677289889226
2004.0,EURCHF,2020-09-16 05:00:00+00:00,-1.000000000000001,none,,,,,
2005.0,AUDJPY,2020-09-17 05:00:00+00:00,-1.0000000000000095,near_1bar,2101.0,2020-09-17 08:00:00+00:00,-1.0,1.0,9.547918011776346e-15
2006.0,EURCHF,2020-09-21 17:00:00+00:00,-0.9999999999999793,none,,,,,
2007.0,AUDUSD,2020-09-22 09:00:00+00:00,-0.9999999999999921,near_1bar,2103.0,2020-09-22 08:00:00+00:00,-1.0,0.0,-7.882583474838611e-15
2008.0,NZDCAD,2020-09-24 13:00:00+00:00,-0.999999999999996,none,,,,,
2009.0,NZDCHF,2020-09-24 13:00:00+00:00,-1.000000000000011,none,,,,,
2010.0,EURGBP,2020-09-28 17:00:00+00:00,-1.000000000000001,near_1bar,2107.0,2020-09-28 16:00:00+00:00,-1.0,0.0,1.1102230246251565e-15
2011.0,EURCHF,2020-10-05 05:00:00+00:00,-1.0000000000000118,none,,,,,
2012.0,USDCHF,2020-10-06 17:00:00+00:00,-0.9999999999999921,none,,,,,
2013.0,GBPCHF,2020-10-07 13:00:00+00:00,-1.0000000000000075,near_1bar,2109.0,2020-10-07 12:00:00+00:00,1.2116786715349197,0.0,2.2116786715349273
2014.0,NZDCHF,2020-10-09 13:00:00+00:00,-0.9999999999999893,none,,,,,
2015.0,GBPCAD,2020-10-09 17:00:00+00:00,-0.9999999999999932,none,,,,,
2016.0,EURGBP,2020-10-12 05:00:00+00:00,-1.0000000000000042,none,,,,,
2017.0,AUDCAD,2020-10-12 17:00:00+00:00,-1.0000000000000062,near_1bar,2112.0,2020-10-12 16:00:00+00:00,0.8746778334188119,0.0,1.874677833418818
2018.0,AUDNZD,2020-10-14 05:00:00+00:00,-0.9999999999999768,none,,,,,
2019.0,GBPAUD,2020-10-14 09:00:00+00:00,-0.9999999999999917,near_1bar,2117.0,2020-10-14 08:00:00+00:00,1.0758039504824657,0.0,2.0758039504824572
2020.0,GBPJPY,2020-10-14 09:00:00+00:00,-1.0000000000000069,none,,,,,
2021.0,EURNZD,2020-10-14 17:00:00+00:00,-0.9999999999999951,none,,,,,
2022.0,EURGBP,2020-10-15 13:00:00+00:00,-0.999999999999998,none,,,,,
2023.0,NZDJPY,2020-10-15 17:00:00+00:00,-1.0000000000000164,near_1bar,2118.0,2020-10-15 16:00:00+00:00,0.5327006702879724,0.0,1.5327006702879888
2024.0,GBPCAD,2020-10-15 21:00:00+00:00,-0.9999999999999992,near_1bar,2119.0,2020-10-15 20:00:00+00:00,0.731235064802416,0.0,1.7312350648024153
2025.0,AUDUSD,2020-10-19 09:00:00+00:00,-0.9999999999999871,near_1bar,2120.0,2020-10-19 08:00:00+00:00,0.4996681487647244,0.0,1.4996681487647114
2026.0,CADCHF,2020-10-19 21:00:00+00:00,-1.0000000000000155,none,,,,,
2027.0,NZDUSD,2020-10-20 13:00:00+00:00,11.739640620652196,near_1bar,2123.0,2020-10-20 12:00:00+00:00,0.8858126324649969,0.0,-10.853827988187199
2028.0,NZDCAD,2020-10-21 13:00:00+00:00,6.40837707688491,none,,,,,
2029.0,CADJPY,2020-10-22 05:00:00+00:00,-1.0000000000000124,near_1bar,2124.0,2020-10-22 08:00:00+00:00,1.2309357672666792,1.0,2.2309357672666916
2030.0,CHFJPY,2020-10-27 10:00:00+00:00,-1.0000000000000098,none,,,,,
2031.0,EURCHF,2020-10-28 02:00:00+00:00,-0.9999999999999819,near_1bar,2125.0,2020-10-28 04:00:00+00:00,1.6540164738964347,0.0,2.6540164738964167
2032.0,EURGBP,2020-10-28 06:00:00+00:00,-1.0000000000000004,none,,,,,
2033.0,NZDJPY,2020-10-28 14:00:00+00:00,-0.9999999999999896,none,,,,,
2034.0,GBPUSD,2020-11-02 06:00:00+00:00,6.733368507926447,near_1bar,2130.0,2020-11-02 08:00:00+00:00,0.6277535257336242,0.0,-6.105614982192823
2035.0,EURGBP,2020-11-03 02:00:00+00:00,-1.0000000000000056,none,,,,,
2036.0,EURCHF,2020-11-03 10:00:00+00:00,-0.9999999999999626,none,,,,,
2037.0,GBPAUD,2020-11-03 10:00:00+00:00,-0.9999999999999977,none,,,,,
2038.0,GBPNZD,2020-11-05 18:00:00+00:00,-0.9999999999999982,none,,,,,
2039.0,EURCAD,2020-11-06 10:00:00+00:00,-0.9999999999999997,near_1bar,2136.0,2020-11-06 08:00:00+00:00,0.4847583995000631,0.0,1.4847583995000628
2040.0,EURGBP,2020-11-06 10:00:00+00:00,-0.9999999999999919,none,,,,,
2041.0,EURCHF,2020-11-09 10:00:00+00:00,-1.0000000000000178,none,,,,,
2042.0,EURCAD,2020-11-12 18:00:00+00:00,-1.000000000000002,none,,,,,
2043.0,GBPJPY,2020-11-19 22:00:00+00:00,-1.0000000000000127,none,,,,,
2044.0,USDCHF,2020-11-23 14:00:00+00:00,-0.9999999999999973,near_1bar,2141.0,2020-11-23 12:00:00+00:00,-1.0,0.0,-2.6645352591003757e-15
2045.0,USDCAD,2020-11-24 10:00:00+00:00,-0.9999999999999929,near_1bar,2143.0,2020-11-24 08:00:00+00:00,-1.0,0.0,-7.105427357601002e-15
2046.0,CADCHF,2020-12-02 02:00:00+00:00,-1.000000000000009,none,,,,,
2047.0,AUDCHF,2020-12-02 14:00:00+00:00,-1.0000000000000093,none,,,,,
2048.0,GBPCHF,2020-12-03 10:00:00+00:00,-1.0000000000000113,none,,,,,
2049.0,GBPJPY,2020-12-07 10:00:00+00:00,-0.9999999999999918,near_1bar,2151.0,2020-12-07 12:00:00+00:00,0.3721754615518666,0.0,1.3721754615518584
2050.0,AUDCAD,2020-12-07 14:00:00+00:00,-0.9999999999999983,none,,,,,
2051.0,CADCHF,2020-12-07 22:00:00+00:00,-1.0000000000000047,none,,,,,
2052.0,EURCHF,2020-12-08 02:00:00+00:00,-0.9999999999999877,near_1bar,2153.0,2020-12-08 00:00:00+00:00,0.5953322468356355,0.0,1.595332246835623
2053.0,AUDCHF,2020-12-09 06:00:00+00:00,-0.9999999999999919,none,,,,,
2054.0,EURCAD,2020-12-10 18:00:00+00:00,-1.0000000000000135,none,,,,,
2055.0,USDJPY,2020-12-14 14:00:00+00:00,-0.9999999999999875,none,,,,,
2056.0,CHFJPY,2020-12-17 22:00:00+00:00,-1.0000000000000118,near_1bar,2156.0,2020-12-18 00:00:00+00:00,0.5705322216874251,0.0,1.570532221687437
2057.0,USDJPY,2020-12-21 06:00:00+00:00,-1.0000000000000044,none,,,,,
2058.0,NZDJPY,2020-12-21 14:00:00+00:00,-1.000000000000009,near_1bar,2161.0,2020-12-21 16:00:00+00:00,1.209891527004901,0.0,2.20989152700491
2059.0,EURGBP,2020-12-24 14:00:00+00:00,-1.0000000000000018,none,,,,,
2060.0,EURCAD,2021-01-04 10:00:00+00:00,-0.9999999999999952,near_1bar,2163.0,2021-01-04 12:00:00+00:00,-1.0,0.0,-4.773959005888173e-15
2061.0,EURNZD,2021-01-04 14:00:00+00:00,-1.0000000000000044,none,,,,,
2062.0,GBPAUD,2021-01-05 10:00:00+00:00,-0.9999999999999919,near_1bar,2164.0,2021-01-05 08:00:00+00:00,0.926438217413128,0.0,1.92643821741312
2063.0,GBPCHF,2021-01-06 14:00:00+00:00,10.084339269892796,none,,,,,
2064.0,GBPNZD,2021-01-11 10:00:00+00:00,5.372283872144459,none,,,,,
2065.0,GBPAUD,2021-01-12 10:00:00+00:00,3.822332408387193,none,,,,,
2066.0,EURCHF,2021-01-13 22:00:00+00:00,-0.9999999999999827,none,,,,,
2067.0,AUDUSD,2021-01-18 10:00:00+00:00,-1.0000000000000007,near_1bar,2173.0,2021-01-18 12:00:00+00:00,1.6213322093868012,0.0,2.621332209386802
2068.0,CHFJPY,2021-01-18 22:00:00+00:00,-1.0000000000000009,none,,,,,
2069.0,NZDUSD,2021-01-20 14:00:00+00:00,-0.9999999999999896,near_1bar,2177.0,2021-01-20 12:00:00+00:00,0.3670492739852303,0.0,1.3670492739852198
2070.0,USDJPY,2021-01-21 10:00:00+00:00,15.10991208290763,none,,,,,
2071.0,AUDCHF,2021-01-24 22:00:00+00:00,-0.9999999999999922,none,,,,,
2072.0,AUDJPY,2021-01-27 22:00:00+00:00,-0.9999999999999981,none,,,,,
2073.0,CADJPY,2021-01-28 10:00:00+00:00,12.170371516115628,near_1bar,2181.0,2021-01-28 12:00:00+00:00,2.2602659979417785,0.0,-9.91010551817385
2074.0,AUDCHF,2021-01-29 10:00:00+00:00,-1.0000000000000073,none,,,,,
2075.0,GBPNZD,2021-02-03 06:00:00+00:00,6.113923440906806,none,,,,,
2076.0,GBPUSD,2021-02-04 10:00:00+00:00,1.162633786088869,near_1bar,2185.0,2021-02-04 12:00:00+00:00,1.7428355225152157,0.0,0.5802017364263468
2077.0,GBPAUD,2021-02-11 14:00:00+00:00,-0.9999999999999869,none,,,,,
2078.0,NZDCAD,2021-02-14 22:00:00+00:00,-0.9999999999999873,near_1bar,2191.0,2021-02-14 20:00:00+00:00,0.8514858902555879,0.0,1.8514858902555753
2079.0,EURCAD,2021-02-16 02:00:00+00:00,-0.999999999999978,none,,,,,
2080.0,USDCHF,2021-02-16 10:00:00+00:00,8.8514749728009,none,,,,,
2081.0,NZDCAD,2021-02-18 06:00:00+00:00,-1.0000000000000038,near_1bar,2195.0,2021-02-18 08:00:00+00:00,0.8983216310549126,0.0,1.8983216310549165
2082.0,EURCAD,2021-02-22 10:00:00+00:00,-0.9999999999999993,none,,,,,
2083.0,GBPAUD,2021-02-23 06:00:00+00:00,-1.0000000000000102,none,,,,,
2084.0,CHFJPY,2021-02-24 06:00:00+00:00,-1.0000000000000004,none,,,,,
2085.0,EURCAD,2021-02-25 18:00:00+00:00,-1.000000000000014,none,,,,,
2086.0,EURAUD,2021-02-26 14:00:00+00:00,-1.0,none,,,,,
2087.0,AUDCAD,2021-02-28 22:00:00+00:00,-0.9999999999999983,near_1bar,2199.0,2021-02-28 20:00:00+00:00,-1.0,0.0,-1.6653345369377348e-15
2088.0,CHFJPY,2021-03-01 14:00:00+00:00,-1.0000000000000073,none,,,,,
2089.0,EURUSD,2021-03-02 10:00:00+00:00,-0.9999999999999851,near_1bar,2201.0,2021-03-02 08:00:00+00:00,-1.0,0.0,-1.4876988529977098e-14
2090.0,AUDUSD,2021-03-05 02:00:00+00:00,-1.0000000000000053,none,,,,,
2091.0,NZDUSD,2021-03-05 02:00:00+00:00,-1.0000000000000047,none,,,,,
2092.0,GBPCAD,2021-03-09 14:00:00+00:00,-0.9999999999999952,near_1bar,2203.0,2021-03-09 12:00:00+00:00,-1.0,0.0,-4.773959005888173e-15
2093.0,AUDUSD,2021-03-10 10:00:00+00:00,-1.0000000000000004,none,,,,,
2094.0,NZDUSD,2021-03-10 10:00:00+00:00,-0.9999999999999981,none,,,,,
2095.0,EURAUD,2021-03-16 18:00:00+00:00,-1.0000000000000115,none,,,,,
2096.0,EURCHF,2021-03-17 06:00:00+00:00,-1.0000000000000195,near_1bar,2207.0,2021-03-17 08:00:00+00:00,0.5473024075874937,0.0,1.5473024075875133
2097.0,USDCHF,2021-03-17 22:00:00+00:00,-0.9999999999999921,near_1bar,2208.0,2021-03-18 00:00:00+00:00,1.2395512456522741,0.0,2.239551245652266
2098.0,EURNZD,2021-03-18 06:00:00+00:00,2.3273868464181544,near_1bar,2209.0,2021-03-18 04:00:00+00:00,1.2682968209250567,0.0,-1.0590900254930977
2099.0,EURGBP,2021-03-18 10:00:00+00:00,-0.9999999999999898,none,,,,,
2100.0,EURCHF,2021-03-22 10:00:00+00:00,-0.9999999999999756,none,,,,,
2101.0,AUDCHF,2021-03-23 10:00:00+00:00,-1.0000000000000084,near_1bar,2215.0,2021-03-23 12:00:00+00:00,-1.0,0.0,8.43769498715119e-15
2102.0,GBPCHF,2021-03-23 10:00:00+00:00,-1.0000000000000002,none,,,,,
2103.0,GBPUSD,2021-03-29 09:00:00+00:00,-0.9999999999999891,near_1bar,2217.0,2021-03-29 08:00:00+00:00,0.5579149569553281,0.0,1.5579149569553172
2104.0,AUDCHF,2021-04-06 21:00:00+00:00,-1.000000000000012,none,,,,,
2105.0,GBPNZD,2021-04-07 01:00:00+00:00,-0.9999999999999982,near_1bar,2218.0,2021-04-07 00:00:00+00:00,-1.0,0.0,-1.7763568394002505e-15
2106.0,CADCHF,2021-04-07 17:00:00+00:00,-1.0000000000000027,none,,,,,
2107.0,EURCHF,2021-04-07 17:00:00+00:00,-0.9999999999999766,none,,,,,
2108.0,GBPAUD,2021-04-11 21:00:00+00:00,-1.000000000000003,none,,,,,
2109.0,GBPCAD,2021-04-13 09:00:00+00:00,-1.0000000000000093,none,,,,,
2110.0,GBPJPY,2021-04-14 01:00:00+00:00,-0.9999999999999892,none,,,,,
2111.0,AUDCHF,2021-04-14 13:00:00+00:00,-1.0000000000000049,none,,,,,
2112.0,EURCHF,2021-04-14 13:00:00+00:00,-0.999999999999973,near_1bar,2225.0,2021-04-14 12:00:00+00:00,-1.0,0.0,-2.6978419498391304e-14
2113.0,USDCAD,2021-04-15 01:00:00+00:00,-1.0000000000000073,near_1bar,2228.0,2021-04-15 00:00:00+00:00,0.3147178874392596,0.0,1.3147178874392669
2114.0,CADJPY,2021-04-16 01:00:00+00:00,-0.9999999999999872,none,,,,,
2115.0,EURNZD,2021-04-16 01:00:00+00:00,-1.0000000000000047,near_1bar,2230.0,2021-04-16 00:00:00+00:00,0.5296839619314277,0.0,1.5296839619314324
2116.0,EURJPY,2021-04-19 05:00:00+00:00,5.2783194375145825,near_1bar,2231.0,2021-04-19 04:00:00+00:00,0.5252463748537748,0.0,-4.753073062660808
2117.0,USDCAD,2021-04-20 09:00:00+00:00,-1.000000000000011,near_1bar,2233.0,2021-04-20 08:00:00+00:00,0.29841794394673027,0.0,1.2984179439467414
2118.0,CADJPY,2021-04-21 13:00:00+00:00,5.392375496809759,none,,,,,
2119.0,CHFJPY,2021-04-21 13:00:00+00:00,8.012333213047187,near_1bar,2234.0,2021-04-21 12:00:00+00:00,2.827631884399541,0.0,-5.184701328647646
2120.0,AUDJPY,2021-04-23 01:00:00+00:00,-0.1810903152870634,near_1bar,2235.0,2021-04-23 00:00:00+00:00,1.1884978009479987,0.0,1.369588116235062
2121.0,EURJPY,2021-04-23 05:00:00+00:00,1.9511655569511885,near_1bar,2236.0,2021-04-23 04:00:00+00:00,1.236419343354571,0.0,-0.7147462135966176
2122.0,EURNZD,2021-04-29 01:00:00+00:00,-1.0000000000000016,near_1bar,2237.0,2021-04-29 00:00:00+00:00,0.45729149610988723,0.0,1.4572914961098888
2123.0,AUDCHF,2021-04-29 17:00:00+00:00,-1.000000000000006,none,,,,,
2124.0,GBPCHF,2021-04-29 21:00:00+00:00,-0.9999999999999979,near_1bar,2239.0,2021-04-29 20:00:00+00:00,0.5645035209593341,0.0,1.5645035209593319
2125.0,EURCHF,2021-05-03 01:00:00+00:00,-1.0000000000000282,near_1bar,2242.0,2021-05-03 04:00:00+00:00,-1.0,1.0,2.8199664825478976e-14
2126.0,AUDUSD,2021-05-04 17:00:00+00:00,-1.0000000000000002,none,,,,,
2127.0,NZDUSD,2021-05-04 17:00:00+00:00,-1.0000000000000067,none,,,,,
2128.0,AUDCHF,2021-05-05 01:00:00+00:00,-1.0000000000000127,none,,,,,
2129.0,EURNZD,2021-05-06 05:00:00+00:00,2.705320488334359,none,,,,,
2130.0,EURAUD,2021-05-10 17:00:00+00:00,3.611884021237683,none,,,,,
2131.0,AUDNZD,2021-05-14 13:00:00+00:00,-1.000000000000007,none,,,,,
2132.0,NZDJPY,2021-05-19 17:00:00+00:00,-0.9999999999999956,none,,,,,
2133.0,AUDJPY,2021-05-20 01:00:00+00:00,-1.0000000000000133,none,,,,,
2134.0,CADCHF,2021-05-20 09:00:00+00:00,-0.9999999999999962,none,,,,,
2135.0,GBPCHF,2021-05-24 13:00:00+00:00,-0.9999999999999948,near_1bar,2253.0,2021-05-24 12:00:00+00:00,0.4948280304852531,0.0,1.494828030485248
2136.0,USDJPY,2021-05-25 05:00:00+00:00,2.020821706427084,near_1bar,2254.0,2021-05-25 08:00:00+00:00,0.8282196622904838,1.0,-1.1926020441366003
2137.0,EURNZD,2021-05-26 21:00:00+00:00,2.3362099778805385,none,,,,,
2138.0,EURCHF,2021-05-28 01:00:00+00:00,-1.000000000000006,near_1bar,2255.0,2021-05-28 00:00:00+00:00,0.49676765938815576,0.0,1.4967676593881618
2139.0,EURGBP,2021-05-28 05:00:00+00:00,-1.000000000000002,none,,,,,
2140.0,EURCAD,2021-06-02 21:00:00+00:00,-1.0000000000000147,near_1bar,2258.0,2021-06-02 20:00:00+00:00,0.5886838591135646,0.0,1.5886838591135792
2141.0,GBPUSD,2021-06-03 17:00:00+00:00,-0.9999999999999887,near_1bar,2259.0,2021-06-03 20:00:00+00:00,-1.0,1.0,-1.1324274851176597e-14
2142.0,EURUSD,2021-06-04 13:00:00+00:00,-0.9999999999999882,near_1bar,2262.0,2021-06-04 12:00:00+00:00,-1.0,0.0,-1.176836406102666e-14
2143.0,NZDUSD,2021-06-04 13:00:00+00:00,-0.9999999999999926,none,,,,,
2144.0,EURCHF,2021-06-06 21:00:00+00:00,-1.0000000000000233,near_1bar,2263.0,2021-06-06 20:00:00+00:00,0.4748262992736003,0.0,1.4748262992736236
2145.0,GBPJPY,2021-06-06 21:00:00+00:00,-0.9999999999999859,near_1bar,2264.0,2021-06-06 20:00:00+00:00,-1.0,0.0,-1.4099832412739488e-14
2146.0,EURAUD,2021-06-07 01:00:00+00:00,-1.000000000000016,near_1bar,2265.0,2021-06-07 00:00:00+00:00,0.576229258590391,0.0,1.576229258590407
2147.0,USDJPY,2021-06-08 01:00:00+00:00,0.6591964556980224,near_1bar,2266.0,2021-06-08 00:00:00+00:00,1.0137113577410375,0.0,0.35451490204301506
2148.0,GBPCHF,2021-06-08 13:00:00+00:00,-0.9999999999999923,near_1bar,2268.0,2021-06-08 16:00:00+00:00,0.7681537807178465,1.0,1.7681537807178387
2149.0,USDCHF,2021-06-09 13:00:00+00:00,2.519766490899929,near_1bar,2270.0,2021-06-09 12:00:00+00:00,2.208875386538683,0.0,-0.3108911043612457
2150.0,NZDJPY,2021-06-10 01:00:00+00:00,-1.000000000000019,none,,,,,
2151.0,EURAUD,2021-06-10 09:00:00+00:00,-0.9999999999999881,none,,,,,
2152.0,GBPAUD,2021-06-10 13:00:00+00:00,6.774266937666568,near_1bar,2272.0,2021-06-10 12:00:00+00:00,0.7840571985589957,0.0,-5.990209739107573
2153.0,GBPJPY,2021-06-10 13:00:00+00:00,-0.9999999999999852,near_1bar,2273.0,2021-06-10 12:00:00+00:00,-1.0,0.0,-1.4765966227514582e-14
2154.0,GBPCHF,2021-06-14 01:00:00+00:00,-1.0000000000000004,near_1bar,2274.0,2021-06-14 00:00:00+00:00,0.9892844903974956,0.0,1.989284490397496
2155.0,EURJPY,2021-06-14 05:00:00+00:00,-0.99999999999998,near_1bar,2275.0,2021-06-14 08:00:00+00:00,0.4080103643665558,1.0,1.4080103643665358
2156.0,NZDCAD,2021-06-16 21:00:00+00:00,-1.000000000000007,near_1bar,2277.0,2021-06-16 20:00:00+00:00,0.6045918505756933,0.0,1.6045918505757004
2157.0,AUDJPY,2021-06-17 01:00:00+00:00,-1.0000000000000147,none,,,,,
2158.0,CADCHF,2021-06-17 21:00:00+00:00,-0.9999999999999972,near_1bar,2279.0,2021-06-17 20:00:00+00:00,-1.0,0.0,-2.7755575615628914e-15
2159.0,EURGBP,2021-06-18 05:00:00+00:00,-1.0000000000000147,near_1bar,2280.0,2021-06-18 04:00:00+00:00,0.7249616107935919,0.0,1.7249616107936065
2160.0,NZDCAD,2021-06-22 09:00:00+00:00,3.186220366739524,near_1bar,2281.0,2021-06-22 12:00:00+00:00,0.7483359399306746,1.0,-2.4378844268088495
2161.0,AUDNZD,2021-06-22 17:00:00+00:00,-1.000000000000015,near_1bar,2282.0,2021-06-22 20:00:00+00:00,-1.0,1.0,1.509903313490213e-14
2162.0,EURNZD,2021-06-24 05:00:00+00:00,-1.0000000000000073,none,,,,,
2163.0,EURCAD,2021-06-24 13:00:00+00:00,-1.0000000000000122,near_1bar,2283.0,2021-06-24 12:00:00+00:00,0.9829851826860205,0.0,1.9829851826860327
2164.0,GBPCAD,2021-06-24 13:00:00+00:00,-0.9999999999999987,none,,,,,
2165.0,AUDNZD,2021-06-29 01:00:00+00:00,-0.9999999999999989,none,,,,,
2166.0,AUDCAD,2021-06-30 13:00:00+00:00,-0.9999999999999974,none,,,,,
2167.0,GBPCAD,2021-06-30 17:00:00+00:00,-1.0000000000000009,none,,,,,
2168.0,GBPCHF,2021-07-01 21:00:00+00:00,-0.9999999999999883,none,,,,,
2169.0,EURCHF,2021-07-05 05:00:00+00:00,-0.999999999999977,none,,,,,
2170.0,EURCAD,2021-07-05 09:00:00+00:00,-0.9999999999999982,none,,,,,
2171.0,AUDCAD,2021-07-05 17:00:00+00:00,-0.999999999999997,none,,,,,
2172.0,EURAUD,2021-07-06 13:00:00+00:00,4.49874146860345,near_1bar,2290.0,2021-07-06 12:00:00+00:00,0.6633819953619003,0.0,-3.83535947324155
2173.0,GBPNZD,2021-07-06 13:00:00+00:00,-0.0991145997385942,near_1bar,2291.0,2021-07-06 12:00:00+00:00,0.49944049133679513,0.0,0.5985550910753893
2174.0,GBPJPY,2021-07-06 17:00:00+00:00,-1.000000000000013,near_1bar,2293.0,2021-07-06 20:00:00+00:00,-1.0,1.0,1.3100631690576847e-14
2175.0,CADCHF,2021-07-06 21:00:00+00:00,-0.999999999999996,none,,,,,
2176.0,CHFJPY,2021-07-07 01:00:00+00:00,-1.0000000000000127,near_1bar,2295.0,2021-07-07 04:00:00+00:00,0.7718931420093855,1.0,1.7718931420093982
2177.0,AUDJPY,2021-07-07 05:00:00+00:00,-0.99999999999999,near_1bar,2294.0,2021-07-07 04:00:00+00:00,-1.0,0.0,-9.992007221626409e-15
2178.0,CADJPY,2021-07-07 09:00:00+00:00,-0.9999999999999971,near_1bar,2296.0,2021-07-07 08:00:00+00:00,-1.0,0.0,-2.886579864025407e-15
2179.0,NZDUSD,2021-07-09 09:00:00+00:00,-1.000000000000007,near_1bar,2298.0,2021-07-09 08:00:00+00:00,0.5344401474967971,0.0,1.5344401474968041
2180.0,USDCHF,2021-07-09 09:00:00+00:00,-0.9999999999999954,none,,,,,
2181.0,NZDJPY,2021-07-09 17:00:00+00:00,-1.0000000000000004,near_1bar,2299.0,2021-07-09 16:00:00+00:00,-1.0,0.0,4.440892098500626e-16
2182.0,EURGBP,2021-07-12 01:00:00+00:00,-0.9999999999999982,none,,,,,
2183.0,GBPJPY,2021-07-12 13:00:00+00:00,-1.0000000000000109,near_1bar,2300.0,2021-07-12 12:00:00+00:00,-1.0,0.0,1.0880185641326534e-14
2184.0,EURGBP,2021-07-15 17:00:00+00:00,-0.9999999999999883,none,,,,,
2185.0,NZDCHF,2021-07-20 09:00:00+00:00,-0.9999999999999934,none,,,,,
2186.0,AUDCAD,2021-07-20 21:00:00+00:00,-1.0000000000000024,none,,,,,
2187.0,GBPCAD,2021-07-20 21:00:00+00:00,-1.000000000000003,none,,,,,
2188.0,GBPNZD,2021-07-21 17:00:00+00:00,-0.9999999999999942,near_1bar,2303.0,2021-07-21 16:00:00+00:00,0.9292159489594252,0.0,1.9292159489594194
2189.0,GBPUSD,2021-07-22 09:00:00+00:00,-0.9999999999999951,near_1bar,2305.0,2021-07-22 08:00:00+00:00,0.7935871221355932,0.0,1.7935871221355884
2190.0,NZDCAD,2021-07-27 13:00:00+00:00,-0.9999999999999928,near_1bar,2306.0,2021-07-27 12:00:00+00:00,0.8783676201338186,0.0,1.8783676201338113
2191.0,CADCHF,2021-08-01 21:00:00+00:00,-1.000000000000001,near_1bar,2307.0,2021-08-01 20:00:00+00:00,0.8678132499065069,0.0,1.8678132499065079
2192.0,NZDJPY,2021-08-02 21:00:00+00:00,-0.9999999999999907,near_1bar,2308.0,2021-08-02 20:00:00+00:00,0.8554904348133545,0.0,1.8554904348133452
2193.0,NZDCAD,2021-08-03 01:00:00+00:00,-0.9999999999999908,near_1bar,2309.0,2021-08-03 00:00:00+00:00,0.8346546664083094,0.0,1.8346546664083
2194.0,USDCAD,2021-08-03 13:00:00+00:00,-1.0000000000000056,near_1bar,2311.0,2021-08-03 12:00:00+00:00,1.6621275706603396,0.0,2.662127570660345
2195.0,CADJPY,2021-08-04 01:00:00+00:00,-1.0000000000000113,near_1bar,2312.0,2021-08-04 04:00:00+00:00,0.6044825174817822,1.0,1.6044825174817934
2196.0,CADCHF,2021-08-05 13:00:00+00:00,-0.9999999999999956,near_1bar,2313.0,2021-08-05 12:00:00+00:00,0.8463964256337662,0.0,1.8463964256337617
2197.0,AUDUSD,2021-08-09 01:00:00+00:00,-0.9999999999999921,near_1bar,2314.0,2021-08-09 00:00:00+00:00,0.7963208787481177,0.0,1.79632087874811
2198.0,GBPCAD,2021-08-11 01:00:00+00:00,-0.9999999999999832,near_1bar,2315.0,2021-08-11 04:00:00+00:00,1.2493588061588454,1.0,2.2493588061588285
2199.0,GBPNZD,2021-08-11 17:00:00+00:00,-1.0000000000000004,near_1bar,2317.0,2021-08-11 16:00:00+00:00,1.0741766503817507,0.0,2.074176650381751
2200.0,EURAUD,2021-08-11 21:00:00+00:00,-0.2870986506934727,none,,,,,
2201.0,AUDUSD,2021-08-13 01:00:00+00:00,-1.0000000000000113,none,,,,,
2202.0,GBPJPY,2021-08-16 21:00:00+00:00,-0.9999999999999969,near_1bar,2319.0,2021-08-16 20:00:00+00:00,0.5866605593511098,0.0,1.5866605593511067
2203.0,GBPCHF,2021-08-17 13:00:00+00:00,-1.0000000000000162,near_1bar,2320.0,2021-08-17 16:00:00+00:00,1.2445593666183452,1.0,2.244559366618361
2204.0,NZDCHF,2021-08-17 13:00:00+00:00,-1.0000000000000007,none,,,,,
2205.0,NZDCAD,2021-08-19 13:00:00+00:00,-0.9999999999999941,near_1bar,2322.0,2021-08-19 12:00:00+00:00,1.2004873712742241,0.0,2.2004873712742183
2206.0,AUDCAD,2021-08-20 01:00:00+00:00,-0.9999999999999906,none,,,,,
2207.0,NZDCHF,2021-08-23 09:00:00+00:00,4.015463205828257,none,,,,,
2208.0,GBPCAD,2021-08-24 09:00:00+00:00,-1.0000000000000013,none,,,,,
2209.0,USDCAD,2021-08-30 13:00:00+00:00,-1.0000000000000075,near_1bar,2326.0,2021-08-30 16:00:00+00:00,0.6921220301888992,1.0,1.6921220301889068
2210.0,GBPAUD,2021-08-31 09:00:00+00:00,-0.9999999999999861,none,,,,,
2211.0,USDCAD,2021-09-07 09:00:00+00:00,-0.9999999999999838,near_1bar,2327.0,2021-09-07 08:00:00+00:00,0.8497543923350597,0.0,1.8497543923350435
2212.0,CADJPY,2021-09-09 09:00:00+00:00,-1.000000000000002,near_1bar,2329.0,2021-09-09 12:00:00+00:00,0.766070857961625,1.0,1.766070857961627
2213.0,CHFJPY,2021-09-09 09:00:00+00:00,-1.0000000000000082,none,,,,,
2214.0,EURGBP,2021-09-09 17:00:00+00:00,-0.9999999999999949,none,,,,,
2215.0,AUDUSD,2021-09-12 21:00:00+00:00,-1.0000000000000098,none,,,,,
2216.0,EURUSD,2021-09-13 13:00:00+00:00,-0.9999999999999832,near_1bar,2332.0,2021-09-13 12:00:00+00:00,-1.0,0.0,-1.6764367671839864e-14
2217.0,GBPJPY,2021-09-14 21:00:00+00:00,-0.9999999999999952,near_1bar,2333.0,2021-09-14 20:00:00+00:00,2.666831744100987,0.0,3.666831744100982
2218.0,USDJPY,2021-09-14 21:00:00+00:00,-1.0000000000000144,near_1bar,2334.0,2021-09-14 20:00:00+00:00,1.9124097268069435,0.0,2.912409726806958
2219.0,NZDCHF,2021-09-15 13:00:00+00:00,-1.000000000000011,near_1bar,2335.0,2021-09-15 12:00:00+00:00,0.6619552121107526,0.0,1.6619552121107637
2220.0,NZDUSD,2021-09-17 05:00:00+00:00,-0.9999999999999875,near_1bar,2336.0,2021-09-17 04:00:00+00:00,0.6491002657995998,0.0,1.6491002657995872
2221.0,CADCHF,2021-09-20 13:00:00+00:00,-1.00000000000001,none,,,,,
2222.0,AUDCHF,2021-09-20 17:00:00+00:00,-1.0000000000000047,near_1bar,2338.0,2021-09-20 20:00:00+00:00,1.1287819003062052,1.0,2.12878190030621
2223.0,GBPCHF,2021-09-20 17:00:00+00:00,-0.9999999999999905,near_1bar,2340.0,2021-09-20 20:00:00+00:00,-1.0,1.0,-9.547918011776346e-15
2224.0,NZDCHF,2021-09-20 17:00:00+00:00,-1.000000000000002,none,,,,,
2225.0,EURCHF,2021-09-22 01:00:00+00:00,-1.0000000000000264,none,,,,,
2226.0,GBPNZD,2021-09-23 09:00:00+00:00,-0.9999999999999946,none,,,,,
2227.0,AUDCAD,2021-09-23 13:00:00+00:00,-1.0000000000000067,near_1bar,2343.0,2021-09-23 12:00:00+00:00,0.41275151825903267,0.0,1.4127515182590393
2228.0,EURCAD,2021-09-23 13:00:00+00:00,-0.9999999999999947,none,,,,,
2229.0,NZDCAD,2021-09-24 01:00:00+00:00,-0.9999999999999928,none,,,,,
2230.0,AUDCHF,2021-09-24 13:00:00+00:00,0.4618839417797615,near_1bar,2348.0,2021-09-24 16:00:00+00:00,1.2434485558228545,1.0,0.781564614043093
2231.0,GBPAUD,2021-09-28 05:00:00+00:00,-0.9999999999999907,none,,,,,
2232.0,USDCAD,2021-10-05 01:00:00+00:00,-1.0000000000000124,near_1bar,2350.0,2021-10-05 00:00:00+00:00,-0.03488886874840047,0.0,0.965111131251612
2233.0,EURJPY,2021-10-06 17:00:00+00:00,-0.9999999999999983,near_1bar,2351.0,2021-10-06 16:00:00+00:00,2.141201236925118,0.0,3.141201236925116
2234.0,EURNZD,2021-10-11 09:00:00+00:00,-0.9999999999999877,none,,,,,
2235.0,USDCHF,2021-10-13 21:00:00+00:00,-1.0000000000000018,none,,,,,
2236.0,AUDNZD,2021-10-19 13:00:00+00:00,-0.9999999999999722,near_1bar,2354.0,2021-10-19 16:00:00+00:00,0.5391443068112941,1.0,1.5391443068112665
2237.0,GBPCHF,2021-10-24 21:00:00+00:00,-1.0000000000000138,near_1bar,2355.0,2021-10-24 20:00:00+00:00,0.5050763840288404,0.0,1.5050763840288541
2238.0,CADJPY,2021-10-27 13:00:00+00:00,-1.0000000000000062,near_1bar,2356.0,2021-10-27 12:00:00+00:00,-1.0,0.0,6.217248937900877e-15
2239.0,GBPJPY,2021-10-27 13:00:00+00:00,-0.9999999999999957,near_1bar,2357.0,2021-10-27 16:00:00+00:00,-1.0,1.0,-4.3298697960381105e-15
2240.0,USDJPY,2021-10-27 13:00:00+00:00,-0.9999999999999977,none,,,,,
2241.0,EURCAD,2021-10-27 17:00:00+00:00,-1.0000000000000147,none,,,,,
2242.0,NZDCHF,2021-10-29 13:00:00+00:00,-1.000000000000004,near_1bar,2360.0,2021-10-29 12:00:00+00:00,-1.0,0.0,3.9968028886505635e-15
2243.0,GBPCAD,2021-11-01 10:00:00+00:00,-0.9999999999999977,none,,,,,
2244.0,EURUSD,2021-11-01 14:00:00+00:00,-0.999999999999995,near_1bar,2361.0,2021-11-01 12:00:00+00:00,-1.0,0.0,-4.9960036108132044e-15
2245.0,AUDJPY,2021-11-02 18:00:00+00:00,-0.9999999999999941,near_1bar,2364.0,2021-11-02 16:00:00+00:00,-1.0,0.0,-5.88418203051333e-15
2246.0,NZDJPY,2021-11-02 18:00:00+00:00,-0.999999999999993,near_1bar,2365.0,2021-11-02 16:00:00+00:00,-1.0,0.0,-6.994405055138486e-15
2247.0,NZDUSD,2021-11-03 06:00:00+00:00,-0.9999999999999927,near_1bar,2366.0,2021-11-03 08:00:00+00:00,-1.0,0.0,-7.327471962526033e-15
2248.0,NZDJPY,2021-11-08 02:00:00+00:00,-1.0,near_1bar,2368.0,2021-11-08 04:00:00+00:00,-1.0,0.0,0.0
2249.0,GBPCAD,2021-11-09 06:00:00+00:00,-1.0000000000000098,none,,,,,
2250.0,AUDCAD,2021-11-10 06:00:00+00:00,-1.0000000000000029,none,,,,,
2251.0,NZDCAD,2021-11-11 10:00:00+00:00,-0.9999999999999958,near_1bar,2370.0,2021-11-11 08:00:00+00:00,-1.0,0.0,-4.218847493575595e-15
2252.0,EURNZD,2021-11-16 02:00:00+00:00,-0.9999999999999879,near_1bar,2371.0,2021-11-16 04:00:00+00:00,1.63463402019609,0.0,2.634634020196078
2253.0,NZDCAD,2021-11-17 10:00:00+00:00,-1.0000000000000042,none,,,,,
2254.0,EURNZD,2021-11-19 14:00:00+00:00,7.032195048808104,near_1bar,2373.0,2021-11-19 12:00:00+00:00,1.8832126300641672,0.0,-5.148982418743937
2255.0,USDJPY,2021-11-29 10:00:00+00:00,-1.0000000000000082,none,,,,,
2256.0,USDCHF,2021-12-05 22:00:00+00:00,-1.0000000000000044,near_1bar,2376.0,2021-12-05 20:00:00+00:00,0.5375934035278805,0.0,1.537593403527885
2257.0,GBPNZD,2021-12-08 22:00:00+00:00,8.754488086697524,none,,,,,
2258.0,GBPAUD,2021-12-09 10:00:00+00:00,4.691492930400677,none,,,,,
2259.0,GBPCAD,2021-12-10 14:00:00+00:00,4.096587397931868,near_1bar,2379.0,2021-12-10 16:00:00+00:00,1.1564973684865247,0.0,-2.9400900294453436
2260.0,EURGBP,2021-12-15 10:00:00+00:00,-1.0000000000000016,none,,,,,
2261.0,EURUSD,2021-12-15 18:00:00+00:00,-0.9999999999999898,near_1bar,2381.0,2021-12-15 16:00:00+00:00,0.6079951128740094,0.0,1.6079951128739993
2262.0,EURAUD,2021-12-15 22:00:00+00:00,-0.9999999999999964,near_1bar,2382.0,2021-12-16 00:00:00+00:00,1.1704867474654277,0.0,2.170486747465424
2263.0,AUDJPY,2021-12-20 10:00:00+00:00,1.8503993202925664,near_1bar,2386.0,2021-12-20 08:00:00+00:00,1.297365584680899,0.0,-0.5530337356116675
2264.0,AUDUSD,2021-12-20 10:00:00+00:00,-0.9999999999999987,near_1bar,2387.0,2021-12-20 08:00:00+00:00,0.743534136467493,0.0,1.7435341364674917
2265.0,AUDCHF,2021-12-20 22:00:00+00:00,-0.9999999999999938,none,,,,,
2266.0,NZDJPY,2021-12-21 02:00:00+00:00,-1.0000000000000013,none,,,,,
2267.0,NZDCHF,2021-12-21 06:00:00+00:00,-1.0000000000000109,near_1bar,2389.0,2021-12-21 08:00:00+00:00,-1.0,0.0,1.0880185641326534e-14
2268.0,EURNZD,2021-12-23 22:00:00+00:00,-1.0000000000000056,none,,,,,
2269.0,USDCHF,2021-12-26 22:00:00+00:00,-0.9999999999999988,none,,,,,
2270.0,EURCHF,2021-12-29 22:00:00+00:00,-0.9999999999999803,none,,,,,
2271.0,USDCHF,2021-12-30 06:00:00+00:00,-1.0000000000000007,none,,,,,
2272.0,EURUSD,2022-01-04 22:00:00+00:00,-0.9999999999999932,none,,,,,
2273.0,EURCHF,2022-01-05 14:00:00+00:00,-0.9999999999999876,none,,,,,
2274.0,USDCHF,2022-01-06 02:00:00+00:00,-0.9999999999999921,none,,,,,
2275.0,AUDNZD,2022-01-09 22:00:00+00:00,2.9136212618614485,none,,,,,
2276.0,USDCAD,2022-01-10 10:00:00+00:00,-0.9999999999999906,near_1bar,2396.0,2022-01-10 12:00:00+00:00,0.7581528350132138,0.0,1.7581528350132043
2277.0,GBPCAD,2022-01-12 10:00:00+00:00,-1.0000000000000082,none,,,,,
2278.0,GBPJPY,2022-01-14 02:00:00+00:00,-0.9999999999999993,near_1bar,2398.0,2022-01-14 04:00:00+00:00,0.4823399002910954,0.0,1.4823399002910946
2279.0,EURJPY,2022-01-14 18:00:00+00:00,-0.999999999999994,near_1bar,2399.0,2022-01-14 16:00:00+00:00,0.651755913456457,0.0,1.651755913456451
2280.0,NZDJPY,2022-01-14 18:00:00+00:00,-1.0000000000000038,near_1bar,2400.0,2022-01-14 16:00:00+00:00,0.11080305357274689,0.0,1.1108030535727507
2281.0,AUDJPY,2022-01-19 06:00:00+00:00,-0.9999999999999958,none,,,,,
2282.0,EURAUD,2022-01-19 18:00:00+00:00,-1.0000000000000067,near_1bar,2403.0,2022-01-19 16:00:00+00:00,0.7686023293438691,0.0,1.7686023293438757
2283.0,GBPAUD,2022-01-20 18:00:00+00:00,-1.0000000000000056,near_1bar,2404.0,2022-01-20 16:00:00+00:00,1.1870132561805504,0.0,2.187013256180556
2284.0,CHFJPY,2022-01-21 02:00:00+00:00,-0.9999999999999885,none,,,,,
2285.0,AUDCHF,2022-01-21 10:00:00+00:00,-1.0000000000000084,none,,,,,
2286.0,AUDUSD,2022-01-23 22:00:00+00:00,-1.0000000000000082,near_1bar,2405.0,2022-01-23 20:00:00+00:00,0.4844710008235875,0.0,1.4844710008235957
2287.0,CADCHF,2022-01-23 22:00:00+00:00,-0.9999999999999979,near_1bar,2406.0,2022-01-23 20:00:00+00:00,0.42887549434134714,0.0,1.428875494341345
2288.0,CADJPY,2022-01-23 22:00:00+00:00,-0.9999999999999976,near_1bar,2407.0,2022-01-23 20:00:00+00:00,0.43714084697068345,0.0,1.437140846970681
2289.0,USDJPY,2022-01-24 10:00:00+00:00,9.924022347409903,none,,,,,
2290.0,GBPCHF,2022-01-24 18:00:00+00:00,-1.0000000000000104,none,,,,,
2291.0,CHFJPY,2022-01-26 10:00:00+00:00,-1.000000000000009,none,,,,,
2292.0,AUDCHF,2022-01-27 06:00:00+00:00,-1.0000000000000067,none,,,,,
2293.0,CADJPY,2022-01-27 06:00:00+00:00,-1.0000000000000016,none,,,,,
2294.0,CHFJPY,2022-01-31 18:00:00+00:00,13.18859348623204,none,,,,,
2295.0,GBPAUD,2022-02-10 22:00:00+00:00,-0.9999999999999943,none,,,,,
2296.0,CADJPY,2022-02-14 10:00:00+00:00,-0.9999999999999928,none,,,,,
2297.0,USDJPY,2022-02-17 14:00:00+00:00,-1.0000000000000022,none,,,,,
2298.0,EURAUD,2022-02-17 18:00:00+00:00,-1.0000000000000122,none,,,,,
2299.0,AUDNZD,2022-02-20 22:00:00+00:00,-1.000000000000026,near_1bar,2413.0,2022-02-20 20:00:00+00:00,0.4800653703564213,0.0,1.4800653703564473
2300.0,CADJPY,2022-02-20 22:00:00+00:00,-0.9999999999999988,near_1bar,2414.0,2022-02-21 00:00:00+00:00,0.7489012727609203,0.0,1.7489012727609192
2301.0,EURCHF,2022-02-20 22:00:00+00:00,-1.0000000000000056,near_1bar,2415.0,2022-02-21 00:00:00+00:00,-1.0,0.0,5.551115123125783e-15
2302.0,EURJPY,2022-02-20 22:00:00+00:00,-0.9999999999999907,near_1bar,2416.0,2022-02-21 00:00:00+00:00,2.06026987441372,0.0,3.0602698744137107
2303.0,CADCHF,2022-02-21 02:00:00+00:00,-0.9999999999999916,none,,,,,
2304.0,EURNZD,2022-02-21 14:00:00+00:00,-1.0000000000000042,none,,,,,
2305.0,GBPNZD,2022-02-21 14:00:00+00:00,-0.999999999999986,near_1bar,2417.0,2022-02-21 16:00:00+00:00,-1.0,0.0,-1.3988810110276972e-14
2306.0,GBPCHF,2022-02-22 06:00:00+00:00,-1.0000000000000149,none,,,,,
2307.0,USDCHF,2022-02-22 06:00:00+00:00,5.971737438243395,near_1bar,2418.0,2022-02-22 08:00:00+00:00,0.7041190120422245,0.0,-5.267618426201171
2308.0,USDJPY,2022-02-23 22:00:00+00:00,-1.000000000000003,none,,,,,
2309.0,AUDNZD,2022-02-24 14:00:00+00:00,-1.0000000000000229,none,,,,,
2310.0,GBPCAD,2022-02-24 14:00:00+00:00,-1.0000000000000047,none,,,,,
2311.0,CADCHF,2022-02-25 06:00:00+00:00,-0.9999999999999937,none,,,,,
2312.0,CADJPY,2022-02-25 10:00:00+00:00,-1.0000000000000033,none,,,,,
2313.0,EURJPY,2022-02-25 14:00:00+00:00,-1.0000000000000013,near_1bar,2428.0,2022-02-25 16:00:00+00:00,1.8355346248409294,0.0,2.835534624840931
2314.0,USDCAD,2022-02-28 22:00:00+00:00,-1.0000000000000109,none,,,,,
2315.0,EURGBP,2022-03-08 10:00:00+00:00,-0.999999999999995,none,,,,,
2316.0,AUDUSD,2022-03-14 06:00:00+00:00,-0.9999999999999926,none,,,,,
2317.0,EURCAD,2022-03-22 06:00:00+00:00,-0.9999999999999926,none,,,,,
2318.0,GBPCHF,2022-03-25 10:00:00+00:00,-0.9999999999999891,near_1bar,2434.0,2022-03-25 12:00:00+00:00,0.5822369471467657,0.0,1.5822369471467548
2319.0,USDCHF,2022-03-25 14:00:00+00:00,-1.0000000000000062,none,,,,,
2320.0,EURUSD,2022-03-28 13:00:00+00:00,-0.9999999999999885,none,,,,,
2321.0,EURCAD,2022-03-29 13:00:00+00:00,-0.9999999999999943,near_1bar,2438.0,2022-03-29 12:00:00+00:00,-1.0,0.0,-5.662137425588298e-15
2322.0,NZDCAD,2022-03-29 13:00:00+00:00,-1.0000000000000053,none,,,,,
2323.0,CADCHF,2022-03-31 05:00:00+00:00,1.781516149347531,none,,,,,
2324.0,NZDCHF,2022-04-01 01:00:00+00:00,-1.0000000000000069,none,,,,,
2325.0,EURNZD,2022-04-06 17:00:00+00:00,5.720508831503291,none,,,,,
2326.0,GBPUSD,2022-04-07 17:00:00+00:00,-0.9999999999999932,near_1bar,2444.0,2022-04-07 16:00:00+00:00,-1.0,0.0,-6.772360450213455e-15
2327.0,NZDUSD,2022-04-07 17:00:00+00:00,-0.9999999999999952,near_1bar,2445.0,2022-04-07 16:00:00+00:00,-1.0,0.0,-4.773959005888173e-15
2328.0,AUDUSD,2022-04-12 13:00:00+00:00,-1.0000000000000002,none,,,,,
2329.0,GBPCAD,2022-04-19 05:00:00+00:00,-0.999999999999993,none,,,,,
2330.0,USDCAD,2022-04-21 13:00:00+00:00,6.634829812332535,near_1bar,2448.0,2022-04-21 16:00:00+00:00,1.1945247931852947,1.0,-5.440305019147241
2331.0,GBPCHF,2022-04-22 21:00:00+00:00,-0.9999999999999899,none,,,,,
2332.0,AUDNZD,2022-04-25 17:00:00+00:00,2.949248991202916,near_1bar,2451.0,2022-04-25 20:00:00+00:00,1.1852455253484262,1.0,-1.7640034658544899
2333.0,AUDCHF,2022-04-26 01:00:00+00:00,-1.0000000000000042,none,,,,,
2334.0,GBPNZD,2022-04-26 13:00:00+00:00,-1.0000000000000067,none,,,,,
2335.0,AUDJPY,2022-04-28 05:00:00+00:00,-1.000000000000001,none,,,,,
2336.0,NZDJPY,2022-04-28 05:00:00+00:00,-1.0000000000000024,none,,,,,
2337.0,GBPAUD,2022-04-29 05:00:00+00:00,-1.0000000000000022,near_1bar,2455.0,2022-04-29 04:00:00+00:00,0.6268886258487019,0.0,1.626888625848704
2338.0,CHFJPY,2022-05-04 17:00:00+00:00,-1.0000000000000095,near_1bar,2458.0,2022-05-04 20:00:00+00:00,1.2924907030744066,1.0,2.2924907030744164
2339.0,EURAUD,2022-05-05 13:00:00+00:00,3.310919314899381,near_1bar,2460.0,2022-05-05 12:00:00+00:00,1.0588837356784855,0.0,-2.2520355792208955
2340.0,AUDCHF,2022-05-12 17:00:00+00:00,-0.9999999999999938,none,,,,,
2341.0,USDJPY,2022-05-13 01:00:00+00:00,-1.000000000000004,none,,,,,
2342.0,EURCAD,2022-05-16 01:00:00+00:00,-1.0000000000000038,near_1bar,2464.0,2022-05-16 00:00:00+00:00,0.9819479975891932,0.0,1.981947997589197
2343.0,EURUSD,2022-05-17 09:00:00+00:00,-0.9999999999999892,near_1bar,2465.0,2022-05-17 08:00:00+00:00,1.0509756079550168,0.0,2.050975607955006
2344.0,GBPCHF,2022-05-19 13:00:00+00:00,-0.9999999999999948,near_1bar,2467.0,2022-05-19 12:00:00+00:00,-1.0,0.0,-5.218048215738236e-15
2345.0,AUDNZD,2022-05-23 09:00:00+00:00,-0.9999999999999868,none,,,,,
2346.0,EURNZD,2022-05-23 13:00:00+00:00,-0.9999999999999989,near_1bar,2469.0,2022-05-23 12:00:00+00:00,0.5014236066455484,0.0,1.5014236066455473
2347.0,GBPAUD,2022-05-24 21:00:00+00:00,-0.999999999999993,none,,,,,
2348.0,CADJPY,2022-05-25 01:00:00+00:00,6.730075177471309,none,,,,,
2349.0,GBPNZD,2022-05-31 05:00:00+00:00,-0.9999999999999963,none,,,,,
2350.0,EURNZD,2022-06-02 21:00:00+00:00,-0.9999999999999989,near_1bar,2475.0,2022-06-03 00:00:00+00:00,0.9187384057898165,1.0,1.9187384057898154
2351.0,NZDCAD,2022-06-06 05:00:00+00:00,-1.000000000000003,near_1bar,2477.0,2022-06-06 04:00:00+00:00,-1.0,0.0,3.1086244689504383e-15
2352.0,GBPNZD,2022-06-06 13:00:00+00:00,-1.0000000000000056,none,,,,,
2353.0,EURCAD,2022-06-07 05:00:00+00:00,-0.9999999999999949,none,,,,,
2354.0,NZDUSD,2022-06-07 13:00:00+00:00,-0.9999999999999933,near_1bar,2479.0,2022-06-07 12:00:00+00:00,-1.0,0.0,-6.661338147750939e-15
2355.0,EURUSD,2022-06-10 01:00:00+00:00,-1.0000000000000104,none,,,,,
2356.0,NZDCHF,2022-06-14 13:00:00+00:00,-1.0000000000000087,near_1bar,2482.0,2022-06-14 12:00:00+00:00,-1.0,0.0,8.659739592076221e-15
2357.0,USDCHF,2022-06-23 05:00:00+00:00,-1.0000000000000056,near_1bar,2484.0,2022-06-23 08:00:00+00:00,0.777933553952936,1.0,1.7779335539529415
2358.0,NZDUSD,2022-06-29 01:00:00+00:00,-0.999999999999995,near_1bar,2486.0,2022-06-29 00:00:00+00:00,0.5401278374050366,0.0,1.5401278374050316
2359.0,AUDUSD,2022-06-29 09:00:00+00:00,-0.9999999999999921,near_1bar,2487.0,2022-06-29 08:00:00+00:00,0.6928512669881524,0.0,1.6928512669881446
2360.0,EURCAD,2022-06-30 13:00:00+00:00,-0.9999999999999895,near_1bar,2488.0,2022-06-30 12:00:00+00:00,-1.0,0.0,-1.0547118733938987e-14
2361.0,EURGBP,2022-06-30 13:00:00+00:00,-0.9999999999999949,near_1bar,2489.0,2022-06-30 12:00:00+00:00,-1.0,0.0,-5.10702591327572e-15
2362.0,EURJPY,2022-06-30 13:00:00+00:00,-0.9999999999999957,near_1bar,2490.0,2022-06-30 12:00:00+00:00,-1.0,0.0,-4.3298697960381105e-15
2363.0,NZDJPY,2022-06-30 13:00:00+00:00,-1.000000000000002,near_1bar,2493.0,2022-06-30 16:00:00+00:00,0.591990968399387,1.0,1.5919909683993891
2364.0,EURUSD,2022-06-30 17:00:00+00:00,-1.0000000000000075,near_1bar,2491.0,2022-06-30 16:00:00+00:00,-1.0,0.0,7.549516567451064e-15
2365.0,AUDJPY,2022-07-04 05:00:00+00:00,-0.999999999999994,near_1bar,2494.0,2022-07-04 08:00:00+00:00,0.6278874310120848,1.0,1.6278874310120788
2366.0,GBPAUD,2022-07-05 05:00:00+00:00,-1.0000000000000007,near_1bar,2496.0,2022-07-05 04:00:00+00:00,-1.0,0.0,6.661338147750939e-16
2367.0,CADJPY,2022-07-06 05:00:00+00:00,-1.0000000000000029,near_1bar,2497.0,2022-07-06 04:00:00+00:00,0.8821484607655199,0.0,1.8821484607655228
2368.0,GBPJPY,2022-07-06 05:00:00+00:00,-0.999999999999998,near_1bar,2498.0,2022-07-06 04:00:00+00:00,0.7133634658300909,0.0,1.713363465830089
2369.0,GBPNZD,2022-07-06 13:00:00+00:00,-0.9999999999999977,near_1bar,2500.0,2022-07-06 12:00:00+00:00,-1.0,0.0,-2.3314683517128287e-15
2370.0,CADCHF,2022-07-19 13:00:00+00:00,-0.999999999999999,near_1bar,2502.0,2022-07-19 12:00:00+00:00,-1.0,0.0,-9.992007221626409e-16
2371.0,GBPCHF,2022-07-21 13:00:00+00:00,-0.9999999999999898,none,,,,,
2372.0,CADCHF,2022-07-25 05:00:00+00:00,-0.9999999999999934,near_1bar,2504.0,2022-07-25 08:00:00+00:00,-1.0,1.0,-6.5503158452884236e-15
2373.0,USDCAD,2022-07-25 21:00:00+00:00,-1.0000000000000036,none,,,,,
2374.0,USDCHF,2022-07-27 09:00:00+00:00,-0.9999999999999968,near_1bar,2506.0,2022-07-27 12:00:00+00:00,1.1117618365725177,1.0,2.1117618365725144
2375.0,USDJPY,2022-07-28 09:00:00+00:00,-0.999999999999992,none,,,,,
2376.0,AUDCHF,2022-07-31 21:00:00+00:00,-0.9999999999999989,none,,,,,
2377.0,NZDCHF,2022-07-31 21:00:00+00:00,-1.0,none,,,,,
2378.0,AUDJPY,2022-08-02 17:00:00+00:00,1.2299947198588377,near_1bar,2510.0,2022-08-02 16:00:00+00:00,1.564693614367789,0.0,0.3346988945089513
2379.0,AUDCAD,2022-08-03 01:00:00+00:00,-0.9999999999999973,near_1bar,2511.0,2022-08-03 00:00:00+00:00,0.7400210304877417,0.0,1.740021030487739
2380.0,AUDUSD,2022-08-03 01:00:00+00:00,-0.9999999999999983,none,,,,,
2381.0,USDCHF,2022-08-03 13:00:00+00:00,-1.0000000000000056,near_1bar,2512.0,2022-08-03 12:00:00+00:00,0.8457355147674789,0.0,1.8457355147674845
2382.0,AUDCHF,2022-08-05 01:00:00+00:00,-0.9999999999999996,near_1bar,2513.0,2022-08-05 00:00:00+00:00,-1.0,0.0,-4.440892098500626e-16
2383.0,AUDNZD,2022-08-12 05:00:00+00:00,4.195046997827288,near_1bar,2514.0,2022-08-12 04:00:00+00:00,1.2176864830968528,0.0,-2.977360514730435
2384.0,EURCAD,2022-08-12 21:00:00+00:00,-1.0000000000000033,none,,,,,
2385.0,GBPCAD,2022-08-15 05:00:00+00:00,-0.9999999999999878,none,,,,,
2386.0,GBPUSD,2022-08-16 05:00:00+00:00,-1.0000000000000115,none,,,,,
2387.0,EURUSD,2022-08-16 13:00:00+00:00,-1.0000000000000004,near_1bar,2516.0,2022-08-16 12:00:00+00:00,-1.0,0.0,4.440892098500626e-16
2388.0,GBPNZD,2022-08-17 09:00:00+00:00,-0.9999999999999925,none,,,,,
2389.0,AUDCHF,2022-08-18 05:00:00+00:00,-1.0000000000000058,none,,,,,
2390.0,NZDCAD,2022-08-21 21:00:00+00:00,-0.9999999999999922,none,,,,,
2391.0,NZDJPY,2022-08-21 21:00:00+00:00,-0.9999999999999948,near_1bar,2520.0,2022-08-21 20:00:00+00:00,1.3058238812939962,0.0,2.305823881293991
2392.0,NZDCHF,2022-08-22 01:00:00+00:00,-1.000000000000006,near_1bar,2521.0,2022-08-22 04:00:00+00:00,-1.0,1.0,5.995204332975845e-15
2393.0,NZDUSD,2022-08-23 13:00:00+00:00,-0.9999999999999996,near_1bar,2522.0,2022-08-23 12:00:00+00:00,-1.0,0.0,-4.440892098500626e-16
2394.0,NZDCAD,2022-08-30 09:00:00+00:00,-1.0000000000000102,near_1bar,2524.0,2022-08-30 08:00:00+00:00,-1.0,0.0,1.021405182655144e-14
2395.0,CHFJPY,2022-08-31 13:00:00+00:00,6.866175559893147,near_1bar,2525.0,2022-08-31 12:00:00+00:00,2.8095350388411027,0.0,-4.056640521052044
2396.0,GBPJPY,2022-08-31 13:00:00+00:00,-1.0000000000000016,near_1bar,2526.0,2022-08-31 12:00:00+00:00,1.4331077190588064,0.0,2.4331077190588077
2397.0,GBPNZD,2022-08-31 13:00:00+00:00,-1.0000000000000084,none,,,,,
2398.0,AUDCAD,2022-09-04 21:00:00+00:00,-0.9999999999999917,near_1bar,2528.0,2022-09-04 20:00:00+00:00,-1.0,0.0,-8.326672684688674e-15
2399.0,GBPNZD,2022-09-06 05:00:00+00:00,-1.000000000000006,near_1bar,2529.0,2022-09-06 04:00:00+00:00,0.5672655942759455,0.0,1.5672655942759515
2400.0,AUDCHF,2022-09-06 09:00:00+00:00,-0.9999999999999952,near_1bar,2530.0,2022-09-06 08:00:00+00:00,-1.0,0.0,-4.773959005888173e-15
2401.0,NZDCHF,2022-09-08 09:00:00+00:00,-1.0000000000000024,none,,,,,
2402.0,CADCHF,2022-09-08 17:00:00+00:00,-0.9999999999999889,near_1bar,2533.0,2022-09-08 16:00:00+00:00,-1.0,0.0,-1.1102230246251565e-14
2403.0,USDCHF,2022-09-09 09:00:00+00:00,-0.9999999999999942,none,,,,,
2404.0,USDCHF,2022-09-15 13:00:00+00:00,3.210837636986354,near_1bar,2535.0,2022-09-15 12:00:00+00:00,1.2362525011122916,0.0,-1.9745851358740625
2405.0,GBPJPY,2022-09-21 09:00:00+00:00,-1.000000000000005,near_1bar,2537.0,2022-09-21 08:00:00+00:00,0.4020303897962574,0.0,1.4020303897962625
2406.0,EURJPY,2022-09-22 05:00:00+00:00,-0.9999999999999971,none,,,,,
2407.0,AUDCAD,2022-09-25 21:00:00+00:00,-1.0000000000000022,near_1bar,2538.0,2022-09-25 20:00:00+00:00,0.5271937958459055,0.0,1.5271937958459079
2408.0,GBPNZD,2022-09-27 21:00:00+00:00,1.1008318745708157,none,,,,,
2409.0,AUDCAD,2022-09-29 09:00:00+00:00,-0.9999999999999952,none,,,,,
2410.0,GBPAUD,2022-09-29 13:00:00+00:00,3.204575997466437,near_1bar,2541.0,2022-09-29 12:00:00+00:00,1.1600736162704441,0.0,-2.044502381195993
2411.0,GBPCAD,2022-09-29 13:00:00+00:00,3.466420762703652,near_1bar,2542.0,2022-09-29 12:00:00+00:00,0.6879095309717924,0.0,-2.7785112317318594
2412.0,EURGBP,2022-10-04 09:00:00+00:00,-1.000000000000001,none,,,,,
2413.0,AUDNZD,2022-10-05 05:00:00+00:00,-0.999999999999999,none,,,,,
2414.0,NZDJPY,2022-10-10 17:00:00+00:00,5.591064575129781,none,,,,,
2415.0,CADJPY,2022-10-13 13:00:00+00:00,-1.000000000000003,none,,,,,
2416.0,EURNZD,2022-10-23 21:00:00+00:00,-0.9999999999999993,near_1bar,2547.0,2022-10-23 20:00:00+00:00,0.4633261674034036,0.0,1.463326167403403
2417.0,EURNZD,2022-10-27 21:00:00+00:00,-1.0,none,,,,,
2418.0,USDCHF,2022-10-28 05:00:00+00:00,-0.9999999999999962,near_1bar,2549.0,2022-10-28 04:00:00+00:00,0.7012436705611887,0.0,1.701243670561185
2419.0,EURCHF,2022-11-01 10:00:00+00:00,-0.9999999999999931,none,,,,,
2420.0,EURJPY,2022-11-02 02:00:00+00:00,-0.999999999999993,none,,,,,
2421.0,AUDJPY,2022-11-03 14:00:00+00:00,-1.0000000000000009,near_1bar,2550.0,2022-11-03 12:00:00+00:00,0.5363354763647845,0.0,1.5363354763647854
2422.0,CHFJPY,2022-11-03 14:00:00+00:00,-1.0000000000000067,near_1bar,2551.0,2022-11-03 12:00:00+00:00,0.5300159491812779,0.0,1.5300159491812846
2423.0,GBPJPY,2022-11-03 14:00:00+00:00,-1.000000000000002,none,,,,,
2424.0,GBPCAD,2022-11-03 22:00:00+00:00,-0.9999999999999969,near_1bar,2552.0,2022-11-03 20:00:00+00:00,0.4556787505104561,0.0,1.455678750510453
2425.0,EURCAD,2022-11-04 18:00:00+00:00,11.862124704434057,near_1bar,2554.0,2022-11-04 16:00:00+00:00,2.2504364403781167,0.0,-9.61168826405594
2426.0,USDJPY,2022-11-09 02:00:00+00:00,-1.0000000000000049,none,,,,,
2427.0,GBPCAD,2022-11-09 18:00:00+00:00,6.59968956329182,none,,,,,
2428.0,GBPCHF,2022-11-10 06:00:00+00:00,-0.9999999999999911,near_1bar,2557.0,2022-11-10 08:00:00+00:00,0.7540136588461321,0.0,1.7540136588461233
2429.0,AUDCHF,2022-11-10 10:00:00+00:00,-0.999999999999996,near_1bar,2558.0,2022-11-10 12:00:00+00:00,-1.0,0.0,-3.9968028886505635e-15
2430.0,GBPJPY,2022-11-10 22:00:00+00:00,-0.9999999999999958,none,,,,,
2431.0,NZDJPY,2022-11-10 22:00:00+00:00,-1.0000000000000075,none,,,,,
2432.0,AUDJPY,2022-11-11 18:00:00+00:00,-0.9999999999999943,none,,,,,
2433.0,AUDCHF,2022-11-16 22:00:00+00:00,-0.999999999999997,near_1bar,2564.0,2022-11-16 20:00:00+00:00,-1.0,0.0,-2.9976021664879227e-15
2434.0,CHFJPY,2022-11-25 06:00:00+00:00,-1.0000000000000062,none,,,,,
2435.0,AUDCHF,2022-11-28 14:00:00+00:00,-1.0000000000000036,none,,,,,
2436.0,GBPNZD,2022-11-29 10:00:00+00:00,-0.9999999999999961,none,,,,,
2437.0,EURAUD,2022-11-30 10:00:00+00:00,-0.9999999999999927,none,,,,,
2438.0,EURGBP,2022-12-01 18:00:00+00:00,3.1862442786212735,near_1bar,2570.0,2022-12-01 16:00:00+00:00,1.5522321917055386,0.0,-1.6340120869157349
2439.0,USDCHF,2022-12-02 10:00:00+00:00,-1.0000000000000053,near_1bar,2571.0,2022-12-02 12:00:00+00:00,-1.0,0.0,5.329070518200751e-15
2440.0,GBPNZD,2022-12-05 14:00:00+00:00,-1.0000000000000002,none,,,,,
2441.0,AUDUSD,2022-12-15 18:00:00+00:00,2.756760237828801,none,,,,,
2442.0,NZDCHF,2022-12-16 10:00:00+00:00,-0.9999999999999997,near_1bar,2574.0,2022-12-16 12:00:00+00:00,-1.0,0.0,-3.3306690738754696e-16
2443.0,GBPUSD,2022-12-19 14:00:00+00:00,-1.0000000000000042,none,,,,,
2444.0,AUDCAD,2022-12-21 10:00:00+00:00,1.36523272011473,near_1bar,2578.0,2022-12-21 12:00:00+00:00,0.7684824413365695,0.0,-0.5967502787781606
2445.0,AUDUSD,2022-12-21 10:00:00+00:00,2.205154591489696,none,,,,,
2446.0,EURCHF,2022-12-21 22:00:00+00:00,0.8995277782232698,none,,,,,
2447.0,GBPAUD,2022-12-22 14:00:00+00:00,-0.9999999999999957,near_1bar,2581.0,2022-12-22 12:00:00+00:00,-1.0,0.0,-4.3298697960381105e-15
2448.0,USDCAD,2022-12-27 18:00:00+00:00,-1.0000000000000058,near_1bar,2583.0,2022-12-27 16:00:00+00:00,0.6045209535152392,0.0,1.604520953515245
2449.0,EURAUD,2022-12-28 22:00:00+00:00,-1.0000000000000104,none,,,,,
2450.0,USDCHF,2022-12-29 22:00:00+00:00,-1.0000000000000058,near_1bar,2584.0,2022-12-29 20:00:00+00:00,0.820847528059728,0.0,1.8208475280597338
2451.0,EURCAD,2023-01-03 10:00:00+00:00,-0.9999999999999979,none,,,,,
2452.0,EURUSD,2023-01-04 06:00:00+00:00,-0.9999999999999978,near_1bar,2588.0,2023-01-04 04:00:00+00:00,1.6306683619488818,0.0,2.6306683619488798
2453.0,GBPUSD,2023-01-04 06:00:00+00:00,-1.0000000000000098,none,,,,,
2454.0,CHFJPY,2023-01-04 14:00:00+00:00,-1.0000000000000004,none,,,,,
2455.0,EURNZD,2023-01-04 14:00:00+00:00,-1.0000000000000033,none,,,,,
2456.0,EURGBP,2023-01-17 22:00:00+00:00,-1.0000000000000082,none,,,,,
2457.0,EURJPY,2023-01-19 06:00:00+00:00,1.3091935567912396,none,,,,,
2458.0,AUDJPY,2023-01-19 14:00:00+00:00,-0.9999999999999938,near_1bar,2592.0,2023-01-19 16:00:00+00:00,1.0821428604657215,0.0,2.0821428604657153
2459.0,CADCHF,2023-01-20 10:00:00+00:00,-0.9999999999999948,near_1bar,2594.0,2023-01-20 12:00:00+00:00,-1.0,0.0,-5.218048215738236e-15
2460.0,EURGBP,2023-01-23 06:00:00+00:00,-1.000000000000009,none,,,,,
2461.0,GBPNZD,2023-01-24 22:00:00+00:00,-0.9999999999999931,none,,,,,
2462.0,GBPCAD,2023-02-01 10:00:00+00:00,-1.000000000000011,near_1bar,2601.0,2023-02-01 12:00:00+00:00,0.9510120474343653,0.0,1.9510120474343764
2463.0,GBPUSD,2023-02-01 18:00:00+00:00,-1.0000000000000007,near_1bar,2602.0,2023-02-01 16:00:00+00:00,-1.0,0.0,6.661338147750939e-16
2464.0,CADCHF,2023-02-02 10:00:00+00:00,-1.0000000000000004,near_1bar,2605.0,2023-02-02 08:00:00+00:00,0.5141812179739972,0.0,1.5141812179739977
2465.0,CHFJPY,2023-02-03 06:00:00+00:00,4.016486784522385,none,,,,,
2466.0,CADJPY,2023-02-03 10:00:00+00:00,-0.9999999999999971,none,,,,,
2467.0,USDJPY,2023-02-03 10:00:00+00:00,2.562063354861793,near_1bar,2608.0,2023-02-03 12:00:00+00:00,1.3260004967085448,0.0,-1.2360628581532482
2468.0,NZDCHF,2023-02-05 22:00:00+00:00,-0.9999999999999962,none,,,,,
2469.0,NZDUSD,2023-02-05 22:00:00+00:00,-1.0000000000000004,near_1bar,2609.0,2023-02-05 20:00:00+00:00,-1.0,0.0,4.440892098500626e-16
2470.0,AUDCAD,2023-02-06 02:00:00+00:00,-0.9999999999999929,none,,,,,
2471.0,NZDCAD,2023-02-06 02:00:00+00:00,-0.9999999999999973,none,,,,,
2472.0,AUDUSD,2023-02-06 22:00:00+00:00,-0.9999999999999954,none,,,,,
2473.0,EURCHF,2023-02-07 22:00:00+00:00,-0.9999999999999892,none,,,,,
2474.0,NZDCHF,2023-02-09 06:00:00+00:00,-0.9999999999999949,none,,,,,
2475.0,EURUSD,2023-02-09 10:00:00+00:00,-1.0000000000000018,none,,,,,
2476.0,EURCAD,2023-02-09 14:00:00+00:00,-1.0000000000000147,none,,,,,
2477.0,EURJPY,2023-02-10 14:00:00+00:00,-1.000000000000003,near_1bar,2613.0,2023-02-10 12:00:00+00:00,0.9114776233494375,0.0,1.9114776233494406
2478.0,EURAUD,2023-02-13 22:00:00+00:00,10.245585787691766,near_1bar,2615.0,2023-02-13 20:00:00+00:00,0.6683687686662756,0.0,-9.57721701902549
2479.0,EURCHF,2023-02-14 14:00:00+00:00,-0.9999999999999858,none,,,,,
2480.0,NZDCHF,2023-02-14 14:00:00+00:00,-1.0000000000000062,none,,,,,
2481.0,AUDCHF,2023-02-15 14:00:00+00:00,-1.0000000000000027,near_1bar,2617.0,2023-02-15 12:00:00+00:00,-1.0,0.0,2.6645352591003757e-15
2482.0,AUDCHF,2023-02-20 22:00:00+00:00,-1.0000000000000095,none,,,,,
2483.0,EURGBP,2023-02-22 06:00:00+00:00,-1.0000000000000022,none,,,,,
2484.0,AUDNZD,2023-02-22 18:00:00+00:00,-0.9999999999999795,near_1bar,2620.0,2023-02-22 20:00:00+00:00,-1.0,0.0,-2.0539125955565396e-14
2485.0,NZDJPY,2023-02-23 22:00:00+00:00,-0.9999999999999917,near_1bar,2621.0,2023-02-24 00:00:00+00:00,0.5660773265693775,0.0,1.5660773265693693
2486.0,AUDNZD,2023-02-28 06:00:00+00:00,-0.9999999999999731,none,,,,,
2487.0,GBPCAD,2023-03-02 22:00:00+00:00,10.09839620849015,none,,,,,
2488.0,NZDCHF,2023-03-06 22:00:00+00:00,-0.999999999999988,near_1bar,2623.0,2023-03-06 20:00:00+00:00,-1.0,0.0,-1.199040866595169e-14
2489.0,GBPUSD,2023-03-10 06:00:00+00:00,8.154663727493283,none,,,,,
2490.0,GBPJPY,2023-03-13 14:00:00+00:00,-1.0000000000000069,none,,,,,
2491.0,USDCHF,2023-03-14 18:00:00+00:00,-1.0000000000000033,none,,,,,
2492.0,EURCHF,2023-03-15 18:00:00+00:00,-1.0000000000000033,near_1bar,2629.0,2023-03-15 16:00:00+00:00,-0.5796830118554697,0.0,0.42031698814453367
2493.0,EURNZD,2023-03-17 18:00:00+00:00,3.5027636062573038,none,,,,,
2494.0,USDCAD,2023-03-20 18:00:00+00:00,-1.0000000000000124,near_1bar,2632.0,2023-03-20 20:00:00+00:00,-1.0,0.0,1.2434497875801753e-14
2495.0,CHFJPY,2023-03-22 06:00:00+00:00,-1.000000000000005,none,,,,,
2496.0,NZDCHF,2023-03-26 21:00:00+00:00,-1.0000000000000013,near_1bar,2633.0,2023-03-26 20:00:00+00:00,-1.0,0.0,1.3322676295501878e-15
2497.0,AUDCAD,2023-03-27 21:00:00+00:00,-1.0000000000000078,near_1bar,2636.0,2023-03-28 00:00:00+00:00,-1.0,1.0,7.771561172376096e-15
2498.0,NZDCAD,2023-03-27 21:00:00+00:00,-0.9999999999999918,near_1bar,2634.0,2023-03-27 20:00:00+00:00,0.5320949870148123,0.0,1.532094987014804
2499.0,USDCAD,2023-03-27 21:00:00+00:00,-0.9999999999999947,near_1bar,2635.0,2023-03-27 20:00:00+00:00,-1.0,0.0,-5.329070518200751e-15
2500.0,USDCHF,2023-03-31 01:00:00+00:00,-0.9999999999999906,near_1bar,2637.0,2023-03-31 00:00:00+00:00,-1.0,0.0,-9.43689570931383e-15
2501.0,AUDNZD,2023-03-31 09:00:00+00:00,-1.0000000000000004,none,,,,,
2502.0,AUDCAD,2023-04-03 09:00:00+00:00,-0.9999999999999986,near_1bar,2638.0,2023-04-03 12:00:00+00:00,-1.0,1.0,-1.4432899320127035e-15
2503.0,NZDCAD,2023-04-03 09:00:00+00:00,-1.0000000000000033,near_1bar,2639.0,2023-04-03 12:00:00+00:00,0.5107164566035013,1.0,1.5107164566035047
2504.0,EURGBP,2023-04-05 01:00:00+00:00,-1.0000000000000024,none,,,,,
2505.0,AUDCHF,2023-04-05 17:00:00+00:00,-1.0000000000000089,near_1bar,2642.0,2023-04-05 16:00:00+00:00,-1.0,0.0,8.881784197001252e-15
2506.0,EURCHF,2023-04-06 09:00:00+00:00,-0.9999999999999978,none,,,,,
2507.0,AUDNZD,2023-04-06 17:00:00+00:00,-0.9999999999999798,none,,,,,
2508.0,AUDUSD,2023-04-10 05:00:00+00:00,-0.9999999999999912,near_1bar,2645.0,2023-04-10 04:00:00+00:00,0.7809050239437181,0.0,1.7809050239437094
2509.0,EURCHF,2023-04-12 13:00:00+00:00,-0.9999999999999923,none,,,,,
2510.0,CADCHF,2023-04-13 17:00:00+00:00,-0.9999999999999913,near_1bar,2647.0,2023-04-13 16:00:00+00:00,0.18589836469177162,0.0,1.185898364691763
2511.0,EURCAD,2023-04-17 05:00:00+00:00,-1.000000000000009,near_1bar,2648.0,2023-04-17 08:00:00+00:00,2.1539101514143297,1.0,3.1539101514143386
2512.0,GBPCAD,2023-04-17 09:00:00+00:00,2.29438861813747,none,,,,,
2513.0,GBPUSD,2023-04-17 17:00:00+00:00,-1.0000000000000162,near_1bar,2649.0,2023-04-17 16:00:00+00:00,0.8438039535093141,0.0,1.8438039535093305
2514.0,NZDJPY,2023-04-21 13:00:00+00:00,-0.9999999999999991,near_1bar,2653.0,2023-04-21 12:00:00+00:00,1.3861475928311005,0.0,2.3861475928310996
2515.0,NZDJPY,2023-04-27 05:00:00+00:00,8.29042631476958,near_1bar,2654.0,2023-04-27 04:00:00+00:00,1.3692888080532952,0.0,-6.921137506716284
2516.0,EURGBP,2023-05-02 05:00:00+00:00,-1.000000000000013,none,,,,,
2517.0,AUDNZD,2023-05-03 09:00:00+00:00,-0.9999999999999978,near_1bar,2656.0,2023-05-03 08:00:00+00:00,1.6400945267352194,0.0,2.640094526735217
2518.0,GBPCAD,2023-05-08 01:00:00+00:00,-0.9999999999999905,near_1bar,2657.0,2023-05-08 00:00:00+00:00,-1.0,0.0,-9.547918011776346e-15
2519.0,EURAUD,2023-05-09 05:00:00+00:00,-1.000000000000004,none,,,,,
2520.0,GBPAUD,2023-05-09 05:00:00+00:00,-0.9999999999999886,near_1bar,2658.0,2023-05-09 04:00:00+00:00,1.4128355661750542,0.0,2.4128355661750427
2521.0,CHFJPY,2023-05-11 17:00:00+00:00,11.37751319045159,near_1bar,2660.0,2023-05-11 16:00:00+00:00,1.4103104059784837,0.0,-9.967202784473105
2522.0,GBPJPY,2023-05-11 17:00:00+00:00,13.747573925633832,none,,,,,
2523.0,EURJPY,2023-05-12 17:00:00+00:00,11.112699016414874,none,,,,,
2524.0,NZDCAD,2023-05-16 01:00:00+00:00,-0.999999999999999,none,,,,,
2525.0,AUDCAD,2023-05-16 21:00:00+00:00,-1.0000000000000109,none,,,,,
2526.0,AUDCHF,2023-05-16 21:00:00+00:00,-1.0000000000000164,none,,,,,
2527.0,AUDUSD,2023-05-17 09:00:00+00:00,-0.9999999999999906,none,,,,,
2528.0,GBPUSD,2023-05-17 09:00:00+00:00,-1.0000000000000078,near_1bar,2664.0,2023-05-17 12:00:00+00:00,1.6430975945039779,1.0,2.6430975945039856
2529.0,AUDCAD,2023-05-22 09:00:00+00:00,-1.0000000000000069,near_1bar,2666.0,2023-05-22 08:00:00+00:00,1.0037242311199575,0.0,2.003724231119964
2530.0,GBPCHF,2023-05-22 09:00:00+00:00,2.222123782153321,near_1bar,2668.0,2023-05-22 12:00:00+00:00,1.2048589469915845,1.0,-1.0172648351617366
2531.0,AUDUSD,2023-05-22 17:00:00+00:00,-0.9999999999999925,none,,,,,
2532.0,GBPUSD,2023-05-22 17:00:00+00:00,-1.000000000000006,near_1bar,2669.0,2023-05-22 16:00:00+00:00,1.667652142412475,0.0,2.6676521424124813
2533.0,CADCHF,2023-05-26 13:00:00+00:00,-0.9999999999999948,near_1bar,2671.0,2023-05-26 12:00:00+00:00,1.2860416488835786,0.0,2.2860416488835735
2534.0,AUDJPY,2023-06-01 01:00:00+00:00,5.3433044809516295,none,,,,,
2535.0,NZDJPY,2023-06-02 01:00:00+00:00,4.691992755045955,none,,,,,
2536.0,EURAUD,2023-06-04 21:00:00+00:00,-1.0000000000000089,none,,,,,
2537.0,EURJPY,2023-06-07 05:00:00+00:00,9.766838020208262,near_1bar,2676.0,2023-06-07 08:00:00+00:00,3.0677267988132337,1.0,-6.699111221395028
2538.0,USDCHF,2023-06-09 13:00:00+00:00,-1.0000000000000078,near_1bar,2678.0,2023-06-09 12:00:00+00:00,-1.0,0.0,7.771561172376096e-15
2539.0,GBPNZD,2023-06-14 21:00:00+00:00,5.0115206359233495,none,,,,,
2540.0,AUDNZD,2023-06-22 17:00:00+00:00,-0.9999999999999771,none,,,,,
2541.0,NZDCHF,2023-06-26 21:00:00+00:00,-0.9999999999999954,none,,,,,
2542.0,GBPCAD,2023-06-29 21:00:00+00:00,6.717839490431192,none,,,,,
2543.0,NZDCHF,2023-06-30 05:00:00+00:00,-1.0000000000000007,near_1bar,2683.0,2023-06-30 08:00:00+00:00,0.743763269402978,1.0,1.7437632694029785
2544.0,NZDUSD,2023-06-30 13:00:00+00:00,-1.0000000000000098,none,,,,,
2545.0,GBPNZD,2023-07-05 21:00:00+00:00,-0.9999999999999918,near_1bar,2685.0,2023-07-05 20:00:00+00:00,0.9098687496091018,0.0,1.9098687496090936
2546.0,EURNZD,2023-07-06 13:00:00+00:00,-1.0000000000000053,near_1bar,2686.0,2023-07-06 12:00:00+00:00,0.9416966661500454,0.0,1.9416966661500508
2547.0,USDCAD,2023-07-12 09:00:00+00:00,-0.9999999999999837,none,,,,,
2548.0,NZDJPY,2023-07-13 01:00:00+00:00,-1.000000000000008,near_1bar,2689.0,2023-07-13 04:00:00+00:00,-1.0,1.0,7.993605777301127e-15
2549.0,EURAUD,2023-07-13 13:00:00+00:00,5.028747779426915,near_1bar,2690.0,2023-07-13 16:00:00+00:00,0.850281838068677,1.0,-4.178465941358239
2550.0,GBPAUD,2023-07-21 05:00:00+00:00,3.186540295311304,near_1bar,2691.0,2023-07-21 08:00:00+00:00,0.641535214608911,1.0,-2.545005080702393
2551.0,NZDCAD,2023-07-24 05:00:00+00:00,-0.9999999999999976,near_1bar,2692.0,2023-07-24 08:00:00+00:00,-1.0,1.0,-2.4424906541753444e-15
2552.0,EURAUD,2023-07-26 09:00:00+00:00,-0.99999999999999,near_1bar,2693.0,2023-07-26 08:00:00+00:00,1.5797844027622787,0.0,2.579784402762269
2553.0,NZDUSD,2023-07-28 09:00:00+00:00,-1.0000000000000047,none,,,,,
2554.0,AUDCAD,2023-07-28 13:00:00+00:00,-1.000000000000005,near_1bar,2695.0,2023-07-28 12:00:00+00:00,-1.0,0.0,5.10702591327572e-15
2555.0,GBPJPY,2023-07-28 13:00:00+00:00,0.19899302285588283,near_1bar,2696.0,2023-07-28 12:00:00+00:00,0.7975333670321924,0.0,0.5985403441763095
2556.0,AUDJPY,2023-07-31 01:00:00+00:00,-0.999999999999996,near_1bar,2698.0,2023-07-31 00:00:00+00:00,-0.6510594813177234,0.0,0.3489405186822726
2557.0,NZDJPY,2023-07-31 01:00:00+00:00,-1.0000000000000042,near_1bar,2699.0,2023-07-31 00:00:00+00:00,-0.6353344341718931,0.0,0.36466556582811116
2558.0,AUDNZD,2023-08-01 21:00:00+00:00,-0.2588354796185612,near_1bar,2701.0,2023-08-01 20:00:00+00:00,0.6306001641608149,0.0,0.889435643779376
2559.0,EURUSD,2023-08-03 13:00:00+00:00,-0.9999999999999986,none,,,,,
2560.0,GBPCHF,2023-08-03 13:00:00+00:00,0.24907870133178148,near_1bar,2702.0,2023-08-03 12:00:00+00:00,0.1836540224133391,0.0,-0.06542467891844236
2561.0,AUDJPY,2023-08-08 13:00:00+00:00,3.4061986464145537,near_1bar,2704.0,2023-08-08 12:00:00+00:00,0.5654517951242238,0.0,-2.84074685129033
2562.0,USDCHF,2023-08-10 13:00:00+00:00,8.512291302741337,near_1bar,2705.0,2023-08-10 12:00:00+00:00,0.739327625534533,0.0,-7.772963677206804
2563.0,EURCHF,2023-08-13 21:00:00+00:00,-1.0000000000000007,none,,,,,
2564.0,EURUSD,2023-08-14 05:00:00+00:00,-0.9999999999999777,none,,,,,
2565.0,EURGBP,2023-08-15 05:00:00+00:00,-1.000000000000013,near_1bar,2706.0,2023-08-15 08:00:00+00:00,0.8363729035784797,1.0,1.8363729035784928
2566.0,CADCHF,2023-08-17 13:00:00+00:00,-0.9999999999999849,none,,,,,
2567.0,NZDJPY,2023-08-17 21:00:00+00:00,5.042076423612391,none,,,,,
2568.0,EURCHF,2023-08-18 13:00:00+00:00,-0.9999999999999989,none,,,,,
2569.0,EURCAD,2023-08-23 13:00:00+00:00,-1.0000000000000162,none,,,,,
2570.0,NZDJPY,2023-08-23 13:00:00+00:00,2.876383376775486,none,,,,,
2571.0,CADJPY,2023-08-24 01:00:00+00:00,3.8622411140334676,near_1bar,2713.0,2023-08-24 00:00:00+00:00,1.3816813218517583,0.0,-2.480559792181709
2572.0,USDJPY,2023-08-24 01:00:00+00:00,6.063057313008159,near_1bar,2714.0,2023-08-24 00:00:00+00:00,0.8180195517258981,0.0,-5.24503776128226
2573.0,EURJPY,2023-08-24 05:00:00+00:00,-1.000000000000015,near_1bar,2715.0,2023-08-24 08:00:00+00:00,0.5569095051572236,1.0,1.5569095051572388
2574.0,GBPCHF,2023-08-27 21:00:00+00:00,-1.0000000000000195,none,,,,,
2575.0,EURAUD,2023-08-29 09:00:00+00:00,-0.9999999999999942,near_1bar,2717.0,2023-08-29 08:00:00+00:00,-1.0,0.0,-5.773159728050814e-15
2576.0,GBPNZD,2023-08-30 05:00:00+00:00,-0.999999999999998,near_1bar,2719.0,2023-08-30 08:00:00+00:00,-1.0,1.0,-1.9984014443252818e-15
2577.0,CADCHF,2023-08-30 13:00:00+00:00,0.6887042392013947,none,,,,,
2578.0,CHFJPY,2023-08-31 21:00:00+00:00,-0.9999999999999851,near_1bar,2721.0,2023-08-31 20:00:00+00:00,0.49248991049149715,0.0,1.4924899104914822
2579.0,EURNZD,2023-09-01 01:00:00+00:00,-0.9999999999999949,none,,,,,
2580.0,USDCAD,2023-09-01 01:00:00+00:00,-1.0000000000000033,none,,,,,
2581.0,EURAUD,2023-09-05 01:00:00+00:00,-0.999999999999989,near_1bar,2724.0,2023-09-05 00:00:00+00:00,-1.0,0.0,-1.099120794378905e-14
2582.0,NZDCAD,2023-09-05 17:00:00+00:00,-0.9999999999999947,near_1bar,2725.0,2023-09-05 16:00:00+00:00,0.9985684752568509,0.0,1.9985684752568456
2583.0,AUDUSD,2023-09-07 05:00:00+00:00,-0.9999999999999898,none,,,,,
2584.0,GBPJPY,2023-09-07 13:00:00+00:00,-0.9999999999999913,none,,,,,
2585.0,EURJPY,2023-09-08 01:00:00+00:00,-0.9999999999999993,near_1bar,2728.0,2023-09-08 00:00:00+00:00,0.7758076110152134,0.0,1.7758076110152128
2586.0,AUDNZD,2023-09-08 17:00:00+00:00,-1.0000000000000087,none,,,,,
2587.0,NZDJPY,2023-09-10 21:00:00+00:00,3.4066053253163537,near_1bar,2729.0,2023-09-10 20:00:00+00:00,1.8133872330189171,0.0,-1.5932180922974366
2588.0,GBPJPY,2023-09-12 17:00:00+00:00,-1.0000000000000062,none,,,,,
2589.0,AUDCAD,2023-09-13 13:00:00+00:00,-0.9999999999999936,none,,,,,
2590.0,AUDNZD,2023-09-14 01:00:00+00:00,-0.9999999999999698,none,,,,,
2591.0,GBPCHF,2023-09-17 21:00:00+00:00,-1.0000000000000073,near_1bar,2732.0,2023-09-17 20:00:00+00:00,0.4231495419785918,0.0,1.423149541978599
2592.0,GBPCHF,2023-09-21 05:00:00+00:00,-1.0000000000000147,none,,,,,
2593.0,EURJPY,2023-09-27 17:00:00+00:00,-0.9999999999999972,near_1bar,2735.0,2023-09-27 16:00:00+00:00,0.5399041125283884,0.0,1.5399041125283857
2594.0,AUDUSD,2023-09-28 09:00:00+00:00,-0.9999999999999898,none,,,,,
2595.0,GBPJPY,2023-10-02 21:00:00+00:00,-0.9999999999999953,none,,,,,
2596.0,NZDUSD,2023-10-03 17:00:00+00:00,-0.9999999999999983,near_1bar,2737.0,2023-10-03 16:00:00+00:00,0.7568034750859047,0.0,1.7568034750859032
2597.0,AUDJPY,2023-10-06 01:00:00+00:00,-1.000000000000007,near_1bar,2738.0,2023-10-06 00:00:00+00:00,1.0676505252051187,0.0,2.067650525205126
2598.0,GBPJPY,2023-10-06 13:00:00+00:00,-1.0000000000000009,near_1bar,2739.0,2023-10-06 12:00:00+00:00,1.3663214766398382,0.0,2.366321476639839
2599.0,USDCHF,2023-10-06 17:00:00+00:00,-1.0000000000000004,none,,,,,
2600.0,GBPCHF,2023-10-08 21:00:00+00:00,-0.9999999999999956,near_1bar,2740.0,2023-10-08 20:00:00+00:00,-1.0,0.0,-4.440892098500626e-15
2601.0,EURGBP,2023-10-09 21:00:00+00:00,-0.9999999999999889,near_1bar,2742.0,2023-10-10 00:00:00+00:00,1.1938193615609412,1.0,2.19381936156093
2602.0,NZDCAD,2023-10-15 21:00:00+00:00,-1.0000000000000009,near_1bar,2743.0,2023-10-16 00:00:00+00:00,0.6776247930719649,1.0,1.6776247930719657
2603.0,AUDCAD,2023-10-16 05:00:00+00:00,5.951397873170574,near_1bar,2744.0,2023-10-16 04:00:00+00:00,0.9593747994757895,0.0,-4.992023073694785
2604.0,GBPUSD,2023-10-20 01:00:00+00:00,9.353195753306533,none,,,,,
2605.0,AUDUSD,2023-10-23 09:00:00+00:00,-0.9999999999999963,none,,,,,
2606.0,NZDJPY,2023-10-23 09:00:00+00:00,2.724324333066768,none,,,,,
2607.0,GBPAUD,2023-10-25 05:00:00+00:00,-0.9999999999999986,near_1bar,2748.0,2023-10-25 04:00:00+00:00,0.5275929047812363,0.0,1.5275929047812349
2608.0,GBPJPY,2023-10-29 21:00:00+00:00,-1.000000000000006,none,,,,,
2609.0,USDJPY,2023-10-30 22:00:00+00:00,-1.0000000000000095,near_1bar,2751.0,2023-10-31 00:00:00+00:00,0.6743302235683474,0.0,1.674330223568357
2610.0,EURNZD,2023-11-01 18:00:00+00:00,-1.0000000000000084,none,,,,,
2611.0,EURUSD,2023-11-01 18:00:00+00:00,8.570557049372482,near_1bar,2754.0,2023-11-01 16:00:00+00:00,1.9495151384517444,0.0,-6.621041910920738
2612.0,EURAUD,2023-11-07 02:00:00+00:00,-0.9999999999999911,near_1bar,2757.0,2023-11-07 00:00:00+00:00,0.6968073349494934,0.0,1.6968073349494845
2613.0,GBPNZD,2023-11-07 02:00:00+00:00,-0.9999999999999978,none,,,,,
2614.0,EURGBP,2023-11-07 14:00:00+00:00,-0.9999999999999931,none,,,,,
2615.0,AUDNZD,2023-11-07 22:00:00+00:00,-1.000000000000016,none,,,,,
2616.0,EURNZD,2023-11-08 14:00:00+00:00,-0.9999999999999913,none,,,,,
2617.0,AUDCAD,2023-11-12 22:00:00+00:00,3.734890948200422,none,,,,,
2618.0,AUDNZD,2023-11-13 18:00:00+00:00,-0.9999999999999775,none,,,,,
2619.0,GBPCHF,2023-11-16 06:00:00+00:00,-0.9999999999999949,near_1bar,2762.0,2023-11-16 08:00:00+00:00,0.45379670723888116,0.0,1.453796707238876
2620.0,EURAUD,2023-11-21 02:00:00+00:00,-0.9999999999999969,none,,,,,
2621.0,GBPNZD,2023-11-21 06:00:00+00:00,-1.000000000000013,near_1bar,2765.0,2023-11-21 08:00:00+00:00,-1.0,0.0,1.3100631690576847e-14
2622.0,EURGBP,2023-11-21 22:00:00+00:00,-1.0000000000000042,none,,,,,
2623.0,EURCHF,2023-11-23 02:00:00+00:00,-0.999999999999985,none,,,,,
2624.0,USDCAD,2023-11-23 06:00:00+00:00,-0.9999999999999988,near_1bar,2769.0,2023-11-23 08:00:00+00:00,-1.0,0.0,-1.2212453270876722e-15
2625.0,EURAUD,2023-11-27 02:00:00+00:00,-0.9999999999999942,near_1bar,2770.0,2023-11-27 00:00:00+00:00,-1.0,0.0,-5.773159728050814e-15
2626.0,EURNZD,2023-11-27 14:00:00+00:00,-1.0000000000000033,none,,,,,
2627.0,GBPNZD,2023-11-29 06:00:00+00:00,-1.0000000000000062,near_1bar,2772.0,2023-11-29 04:00:00+00:00,0.24303088631355635,0.0,1.2430308863135626
2628.0,EURJPY,2023-11-30 10:00:00+00:00,-1.0000000000000142,none,,,,,
2629.0,GBPAUD,2023-12-04 02:00:00+00:00,-0.9999999999999913,none,,,,,
2630.0,NZDJPY,2023-12-05 14:00:00+00:00,-0.9999999999999998,near_1bar,2777.0,2023-12-05 12:00:00+00:00,-1.0,0.0,-2.220446049250313e-16
2631.0,AUDJPY,2023-12-05 22:00:00+00:00,-0.9999999999999918,none,,,,,
2632.0,GBPCAD,2023-12-08 14:00:00+00:00,-1.0000000000000113,none,,,,,
2633.0,CADCHF,2023-12-12 22:00:00+00:00,-0.9999999999999876,near_1bar,2780.0,2023-12-12 20:00:00+00:00,0.5181804904886523,0.0,1.51818049048864
2634.0,NZDCHF,2023-12-13 06:00:00+00:00,-0.9999999999999927,none,,,,,
2635.0,EURAUD,2023-12-14 10:00:00+00:00,-1.000000000000003,near_1bar,2784.0,2023-12-14 12:00:00+00:00,0.5561761306886058,0.0,1.556176130688609
2636.0,GBPCAD,2023-12-14 10:00:00+00:00,-1.0000000000000058,none,,,,,
2637.0,NZDCHF,2023-12-26 22:00:00+00:00,-1.0000000000000095,near_1bar,2786.0,2023-12-26 20:00:00+00:00,-1.0,0.0,9.547918011776346e-15
2638.0,GBPJPY,2023-12-28 14:00:00+00:00,8.229029074725812,none,,,,,
2639.0,AUDNZD,2023-12-29 14:00:00+00:00,-1.0000000000000098,none,,,,,
2640.0,GBPUSD,2024-01-02 14:00:00+00:00,-0.9999999999999993,none,,,,,
2641.0,AUDCAD,2024-01-03 14:00:00+00:00,-0.9999999999999941,near_1bar,2791.0,2024-01-03 16:00:00+00:00,-1.0,0.0,-5.88418203051333e-15
2642.0,EURAUD,2024-01-04 10:00:00+00:00,3.1964902520433096,none,,,,,
2643.0,NZDCAD,2024-01-04 18:00:00+00:00,-0.9999999999999927,none,,,,,
2644.0,AUDCAD,2024-01-08 22:00:00+00:00,-0.9999999999999976,none,,,,,
2645.0,AUDNZD,2024-01-10 10:00:00+00:00,-1.000000000000027,none,,,,,
2646.0,NZDUSD,2024-01-15 10:00:00+00:00,-0.9999999999999997,none,,,,,
2647.0,EURGBP,2024-01-17 10:00:00+00:00,-0.9999999999999918,none,,,,,
2648.0,EURUSD,2024-01-17 18:00:00+00:00,-0.9999999999999784,none,,,,,
2649.0,NZDJPY,2024-01-22 22:00:00+00:00,-1.000000000000001,none,,,,,
2650.0,USDCAD,2024-01-26 14:00:00+00:00,-1.000000000000017,near_1bar,2795.0,2024-01-26 12:00:00+00:00,0.5323431709653511,0.0,1.532343170965368
2651.0,USDCHF,2024-01-30 02:00:00+00:00,-0.9999999999999912,none,,,,,
2652.0,AUDJPY,2024-01-31 02:00:00+00:00,-1.000000000000003,none,,,,,
2653.0,USDCAD,2024-02-01 02:00:00+00:00,-0.9999999999999853,none,,,,,
2654.0,USDJPY,2024-02-01 02:00:00+00:00,4.112843171202746,none,,,,,
2655.0,CHFJPY,2024-02-01 06:00:00+00:00,-1.000000000000013,near_1bar,2802.0,2024-02-01 08:00:00+00:00,-1.0,0.0,1.3100631690576847e-14
2656.0,CADJPY,2024-02-01 14:00:00+00:00,2.867889038871868,none,,,,,
2657.0,USDCHF,2024-02-02 10:00:00+00:00,6.125441750004034,near_1bar,2808.0,2024-02-02 12:00:00+00:00,0.980355803978529,0.0,-5.145085946025505
2658.0,EURNZD,2024-02-07 02:00:00+00:00,-1.000000000000002,none,,,,,
2659.0,GBPNZD,2024-02-07 02:00:00+00:00,-0.9999999999999946,none,,,,,
2660.0,EURNZD,2024-02-13 02:00:00+00:00,-1.0000000000000036,near_1bar,2811.0,2024-02-13 00:00:00+00:00,0.7008479965429624,0.0,1.700847996542966
2661.0,EURGBP,2024-02-14 06:00:00+00:00,-1.0000000000000187,near_1bar,2812.0,2024-02-14 04:00:00+00:00,0.4961179943069986,0.0,1.4961179943070173
2662.0,EURAUD,2024-02-19 14:00:00+00:00,-1.0000000000000069,none,,,,,
2663.0,GBPAUD,2024-02-19 22:00:00+00:00,-1.0000000000000107,none,,,,,
2664.0,EURAUD,2024-02-23 06:00:00+00:00,-0.9999999999999855,none,,,,,
2665.0,GBPAUD,2024-02-23 06:00:00+00:00,-0.9999999999999899,none,,,,,
2666.0,CHFJPY,2024-02-29 22:00:00+00:00,-1.0000000000000142,near_1bar,2821.0,2024-03-01 00:00:00+00:00,-1.0,0.0,1.4210854715202004e-14
2667.0,CADJPY,2024-03-06 14:00:00+00:00,-0.9999999999999941,none,,,,,
2668.0,GBPJPY,2024-03-07 02:00:00+00:00,-1.000000000000013,none,,,,,
2669.0,NZDJPY,2024-03-07 10:00:00+00:00,-1.0000000000000013,near_1bar,2828.0,2024-03-07 12:00:00+00:00,0.46888914417133665,0.0,1.4688891441713379
2670.0,EURGBP,2024-03-07 14:00:00+00:00,-0.9999999999999986,near_1bar,2825.0,2024-03-07 12:00:00+00:00,0.6747754046341428,0.0,1.6747754046341412
2671.0,EURJPY,2024-03-07 14:00:00+00:00,-1.000000000000002,near_1bar,2826.0,2024-03-07 12:00:00+00:00,0.9537535939929292,0.0,1.9537535939929311
2672.0,USDCAD,2024-03-08 14:00:00+00:00,4.6397777340727,none,,,,,
2673.0,AUDJPY,2024-03-08 18:00:00+00:00,-1.0000000000000022,near_1bar,2830.0,2024-03-08 20:00:00+00:00,1.140148191422667,0.0,2.140148191422669
2674.0,USDCHF,2024-03-11 10:00:00+00:00,6.938357813117491,near_1bar,2832.0,2024-03-11 12:00:00+00:00,2.1687600191463,0.0,-4.76959779397119
2675.0,GBPAUD,2024-03-12 10:00:00+00:00,-1.0000000000000073,near_1bar,2833.0,2024-03-12 12:00:00+00:00,-1.0,0.0,7.327471962526033e-15
2676.0,EURJPY,2024-03-13 14:00:00+00:00,5.2230713796718575,none,,,,,
2677.0,AUDCHF,2024-03-17 18:00:00+00:00,-1.0000000000000095,near_1bar,2835.0,2024-03-17 20:00:00+00:00,1.3099262832449592,0.0,2.3099262832449687
2678.0,NZDCHF,2024-03-17 18:00:00+00:00,-1.0000000000000053,near_1bar,2836.0,2024-03-17 20:00:00+00:00,0.815703848189788,0.0,1.8157038481897934
2679.0,GBPCAD,2024-03-19 10:00:00+00:00,-1.0000000000000115,none,,,,,
2680.0,NZDUSD,2024-03-20 22:00:00+00:00,-0.9999999999999929,none,,,,,
2681.0,GBPAUD,2024-03-21 06:00:00+00:00,-0.9999999999999938,none,,,,,
2682.0,USDCAD,2024-03-21 06:00:00+00:00,2.6891017511996105,near_1bar,2838.0,2024-03-21 04:00:00+00:00,0.8429741123495851,0.0,-1.8461276388500254
2683.0,GBPUSD,2024-03-22 10:00:00+00:00,-0.9999999999999851,none,,,,,
2684.0,NZDCHF,2024-03-24 18:00:00+00:00,-0.9999999999999997,near_1bar,2840.0,2024-03-24 20:00:00+00:00,0.5380032043562917,0.0,1.5380032043562912
2685.0,AUDUSD,2024-03-28 10:00:00+00:00,-1.0000000000000069,near_1bar,2842.0,2024-03-28 12:00:00+00:00,0.5099664042637797,0.0,1.5099664042637866
2686.0,EURUSD,2024-03-28 10:00:00+00:00,-0.9999999999999826,none,,,,,
2687.0,AUDJPY,2024-03-28 14:00:00+00:00,-0.9999999999999891,near_1bar,2841.0,2024-03-28 12:00:00+00:00,0.7633461542869759,0.0,1.763346154286965
2688.0,EURGBP,2024-03-29 06:00:00+00:00,-0.999999999999991,none,,,,,
2689.0,AUDCAD,2024-03-29 10:00:00+00:00,-0.9999999999999932,none,,,,,
2690.0,GBPJPY,2024-04-02 05:00:00+00:00,12.424244058786662,near_1bar,2845.0,2024-04-02 08:00:00+00:00,0.5803486151321121,1.0,-11.843895443654551
2691.0,AUDUSD,2024-04-02 17:00:00+00:00,-1.0000000000000038,none,,,,,
2692.0,EURUSD,2024-04-03 13:00:00+00:00,-0.9999999999999789,near_1bar,2849.0,2024-04-03 12:00:00+00:00,0.48688061123948145,0.0,1.4868806112394604
2693.0,EURCAD,2024-04-04 05:00:00+00:00,-0.9999999999999806,none,,,,,
2694.0,EURAUD,2024-04-07 21:00:00+00:00,-1.0000000000000109,none,,,,,
2695.0,EURNZD,2024-04-10 13:00:00+00:00,-0.9999999999999964,none,,,,,
2696.0,EURGBP,2024-04-12 09:00:00+00:00,-1.00000000000002,near_1bar,2854.0,2024-04-12 08:00:00+00:00,1.4376539239129902,0.0,2.43765392391301
2697.0,EURCHF,2024-04-12 17:00:00+00:00,-1.000000000000009,near_1bar,2855.0,2024-04-12 16:00:00+00:00,0.672431034553756,0.0,1.6724310345537652
2698.0,AUDCHF,2024-04-14 21:00:00+00:00,-0.9999999999999895,none,,,,,
2699.0,CADCHF,2024-04-14 21:00:00+00:00,-1.000000000000007,near_1bar,2859.0,2024-04-14 20:00:00+00:00,0.5238472692912871,0.0,1.523847269291294
2700.0,CADJPY,2024-04-14 21:00:00+00:00,4.660840602500494,none,,,,,
2701.0,EURJPY,2024-04-14 21:00:00+00:00,7.851006960818963,none,,,,,
2702.0,GBPCHF,2024-04-14 21:00:00+00:00,-1.0000000000000195,none,,,,,
2703.0,NZDCHF,2024-04-17 01:00:00+00:00,-1.000000000000009,near_1bar,2860.0,2024-04-17 00:00:00+00:00,1.7354426125022606,0.0,2.7354426125022697
2704.0,GBPCAD,2024-04-19 05:00:00+00:00,-0.999999999999982,near_1bar,2862.0,2024-04-19 04:00:00+00:00,0.515685045059801,0.0,1.515685045059783
2705.0,NZDCHF,2024-04-22 13:00:00+00:00,2.0762381627055357,none,,,,,
2706.0,EURCAD,2024-04-23 05:00:00+00:00,1.341174866374756,none,,,,,
2707.0,AUDCHF,2024-04-23 13:00:00+00:00,-0.4599068699948552,near_1bar,2864.0,2024-04-23 16:00:00+00:00,1.18463197906176,1.0,1.6445388490566153
2708.0,GBPCAD,2024-04-25 05:00:00+00:00,-0.9999999999999981,none,,,,,
2709.0,EURCAD,2024-04-26 17:00:00+00:00,1.4201380742753782,none,,,,,
2710.0,USDCAD,2024-05-03 13:00:00+00:00,-0.9999999999999997,near_1bar,2868.0,2024-05-03 12:00:00+00:00,0.5134467184605371,0.0,1.513446718460537
2711.0,CHFJPY,2024-05-05 21:00:00+00:00,5.920353541086487,none,,,,,
2712.0,USDJPY,2024-05-06 01:00:00+00:00,4.246180347173002,near_1bar,2869.0,2024-05-06 00:00:00+00:00,0.5439005583370021,0.0,-3.702279788836
2713.0,AUDNZD,2024-05-08 13:00:00+00:00,-0.9999999999999777,none,,,,,
2714.0,GBPCAD,2024-05-09 21:00:00+00:00,4.546840087445903,none,,,,,
2715.0,AUDCHF,2024-05-12 21:00:00+00:00,-1.000000000000018,none,,,,,
2716.0,USDCAD,2024-05-14 21:00:00+00:00,-0.9999999999999967,none,,,,,
2717.0,EURUSD,2024-05-30 05:00:00+00:00,-0.999999999999999,near_1bar,2875.0,2024-05-30 08:00:00+00:00,0.4568564720341155,1.0,1.4568564720341146
2718.0,GBPUSD,2024-05-30 05:00:00+00:00,-1.0000000000000033,none,,,,,
2719.0,NZDCHF,2024-05-31 17:00:00+00:00,-0.9999999999999877,none,,,,,
2720.0,USDCAD,2024-06-03 01:00:00+00:00,4.200692765270398,none,,,,,
2721.0,EURAUD,2024-06-03 13:00:00+00:00,-1.0000000000000144,near_1bar,2879.0,2024-06-03 16:00:00+00:00,0.21935545512841176,1.0,1.2193554551284262
2722.0,EURCHF,2024-06-03 17:00:00+00:00,-0.9999999999999906,near_1bar,2880.0,2024-06-03 16:00:00+00:00,-1.0,0.0,-9.43689570931383e-15
2723.0,NZDJPY,2024-06-04 17:00:00+00:00,-0.9999999999999973,none,,,,,
2724.0,EURJPY,2024-06-05 01:00:00+00:00,-1.0000000000000095,near_1bar,2883.0,2024-06-05 00:00:00+00:00,1.3378098887287266,0.0,2.337809888728736
2725.0,CADJPY,2024-06-05 05:00:00+00:00,-0.999999999999997,none,,,,,
2726.0,GBPJPY,2024-06-05 05:00:00+00:00,-1.0000000000000078,near_1bar,2884.0,2024-06-05 04:00:00+00:00,0.5522223416994934,0.0,1.5522223416995011
2727.0,EURCAD,2024-06-12 09:00:00+00:00,-1.000000000000021,none,,,,,
2728.0,NZDCHF,2024-06-12 13:00:00+00:00,-1.000000000000003,none,,,,,
2729.0,GBPAUD,2024-06-16 21:00:00+00:00,-0.9999999999999948,none,,,,,
2730.0,GBPNZD,2024-06-16 21:00:00+00:00,6.347014330548168,none,,,,,
2731.0,USDCHF,2024-06-16 21:00:00+00:00,-1.0000000000000069,none,,,,,
2732.0,NZDCAD,2024-06-17 13:00:00+00:00,-1.0000000000000056,none,,,,,
2733.0,GBPUSD,2024-06-17 17:00:00+00:00,-0.999999999999992,near_1bar,2887.0,2024-06-17 16:00:00+00:00,1.8192358479281137,0.0,2.8192358479281054
2734.0,NZDUSD,2024-06-18 13:00:00+00:00,-0.9999999999999876,near_1bar,2890.0,2024-06-18 12:00:00+00:00,-1.0,0.0,-1.2434497875801753e-14
2735.0,USDCHF,2024-06-20 05:00:00+00:00,-0.9999999999999858,near_1bar,2891.0,2024-06-20 08:00:00+00:00,1.0810048867841644,1.0,2.08100488678415
2736.0,USDCAD,2024-06-21 05:00:00+00:00,-0.9999999999999701,none,,,,,
2737.0,NZDCAD,2024-06-21 09:00:00+00:00,-1.0000000000000173,none,,,,,
2738.0,USDCAD,2024-06-26 09:00:00+00:00,-0.9999999999999892,near_1bar,2894.0,2024-06-26 08:00:00+00:00,0.41306529763399213,0.0,1.4130652976339815
2739.0,AUDUSD,2024-06-28 05:00:00+00:00,-0.9999999999999888,near_1bar,2896.0,2024-06-28 08:00:00+00:00,0.9765298738357002,1.0,1.976529873835689
2740.0,EURGBP,2024-07-10 17:00:00+00:00,-0.9999999999999986,near_1bar,2897.0,2024-07-10 20:00:00+00:00,2.419674064491554,1.0,3.4196740644915526
2741.0,NZDCHF,2024-07-11 21:00:00+00:00,-0.999999999999987,none,,,,,
2742.0,NZDUSD,2024-07-16 09:00:00+00:00,-0.9999999999999947,none,,,,,
2743.0,EURCHF,2024-07-19 01:00:00+00:00,-0.9999999999999938,near_1bar,2902.0,2024-07-19 00:00:00+00:00,-1.0,0.0,-6.217248937900877e-15
2744.0,EURJPY,2024-07-19 09:00:00+00:00,-0.9999999999999895,none,,,,,
2745.0,GBPCHF,2024-07-21 21:00:00+00:00,-0.9999999999999866,near_1bar,2903.0,2024-07-21 20:00:00+00:00,-1.0,0.0,-1.3433698597964394e-14
2746.0,AUDCAD,2024-07-23 17:00:00+00:00,-1.0000000000000182,none,,,,,
2747.0,AUDNZD,2024-07-25 09:00:00+00:00,-1.0000000000000016,near_1bar,2904.0,2024-07-25 12:00:00+00:00,-1.0,1.0,1.5543122344752192e-15
2748.0,EURUSD,2024-07-31 09:00:00+00:00,-0.9999999999999988,none,,,,,
2749.0,GBPCAD,2024-07-31 17:00:00+00:00,-1.000000000000006,none,,,,,
2750.0,USDCAD,2024-08-06 01:00:00+00:00,-0.9999999999999875,near_1bar,2906.0,2024-08-06 00:00:00+00:00,-1.0,0.0,-1.2545520178264269e-14
2751.0,CHFJPY,2024-08-19 13:00:00+00:00,-0.9999999999999941,none,,,,,
2752.0,USDJPY,2024-08-19 13:00:00+00:00,-1.0000000000000075,none,,,,,
2753.0,GBPAUD,2024-08-20 05:00:00+00:00,-1.000000000000006,none,,,,,
2754.0,EURNZD,2024-08-20 13:00:00+00:00,-1.0000000000000056,none,,,,,
2755.0,CADJPY,2024-08-20 21:00:00+00:00,-0.9999999999999981,none,,,,,
2756.0,AUDNZD,2024-08-25 21:00:00+00:00,-1.0000000000000182,none,,,,,
2757.0,EURJPY,2024-08-26 13:00:00+00:00,-0.9999999999999917,none,,,,,
2758.0,AUDCHF,2024-08-28 17:00:00+00:00,-0.9999999999999999,none,,,,,
2759.0,EURCAD,2024-08-28 17:00:00+00:00,-0.9999999999999982,near_1bar,2914.0,2024-08-28 16:00:00+00:00,0.9732359747381941,0.0,1.9732359747381922
2760.0,CADCHF,2024-08-29 05:00:00+00:00,-1.0000000000000155,none,,,,,
2761.0,GBPCHF,2024-08-29 05:00:00+00:00,-1.0000000000000104,near_1bar,2915.0,2024-08-29 04:00:00+00:00,0.5177642072892414,0.0,1.5177642072892519
2762.0,EURJPY,2024-08-30 05:00:00+00:00,-0.9999999999999888,none,,,,,
2763.0,AUDCAD,2024-09-01 21:00:00+00:00,-1.000000000000008,near_1bar,2917.0,2024-09-01 20:00:00+00:00,0.9648610340642938,0.0,1.9648610340643018
2764.0,AUDCHF,2024-09-04 09:00:00+00:00,-0.9999999999999941,near_1bar,2918.0,2024-09-04 08:00:00+00:00,1.0383133086164587,0.0,2.038313308616453
2765.0,CADJPY,2024-09-05 01:00:00+00:00,-0.9999999999999969,near_1bar,2920.0,2024-09-05 00:00:00+00:00,0.42848041916808377,0.0,1.4284804191680807
2766.0,CHFJPY,2024-09-05 01:00:00+00:00,-0.9999999999999938,near_1bar,2921.0,2024-09-05 00:00:00+00:00,0.47955976204979567,0.0,1.4795597620497896
2767.0,NZDJPY,2024-09-05 17:00:00+00:00,-0.9999999999999917,none,,,,,
2768.0,EURCHF,2024-09-06 09:00:00+00:00,-1.0000000000000007,none,,,,,
2769.0,NZDCHF,2024-09-09 09:00:00+00:00,-1.000000000000001,none,,,,,
2770.0,EURUSD,2024-09-10 01:00:00+00:00,-0.9999999999999821,none,,,,,
2771.0,NZDCAD,2024-09-10 05:00:00+00:00,-1.0000000000000027,none,,,,,
2772.0,GBPUSD,2024-09-11 01:00:00+00:00,-1.0000000000000036,none,,,,,
2773.0,GBPCAD,2024-09-11 21:00:00+00:00,4.304960738533124,none,,,,,
2774.0,AUDCHF,2024-09-12 01:00:00+00:00,-1.0000000000000089,none,,,,,
2775.0,EURGBP,2024-09-16 21:00:00+00:00,-1.000000000000012,none,,,,,
2776.0,EURNZD,2024-09-18 13:00:00+00:00,-1.0000000000000113,near_1bar,2931.0,2024-09-18 12:00:00+00:00,0.6132083065004688,0.0,1.61320830650048
2777.0,GBPAUD,2024-09-18 13:00:00+00:00,-1.0000000000000053,near_1bar,2932.0,2024-09-18 12:00:00+00:00,1.1920477444430573,0.0,2.1920477444430624
2778.0,GBPNZD,2024-09-18 17:00:00+00:00,-1.000000000000014,none,,,,,
2779.0,USDCAD,2024-09-25 17:00:00+00:00,9.370895176851725,near_1bar,2935.0,2024-09-25 16:00:00+00:00,2.596674374111989,0.0,-6.774220802739736
2780.0,EURUSD,2024-10-02 09:00:00+00:00,-0.9999999999999983,none,,,,,
2781.0,AUDCAD,2024-10-07 17:00:00+00:00,-0.9999999999999925,none,,,,,
2782.0,EURCAD,2024-10-08 05:00:00+00:00,-0.9999999999999903,none,,,,,
2783.0,CADCHF,2024-10-13 21:00:00+00:00,-1.0000000000000135,near_1bar,2938.0,2024-10-13 20:00:00+00:00,0.5857452703859186,0.0,1.585745270385932
2784.0,AUDUSD,2024-10-15 09:00:00+00:00,-0.9999999999999932,near_1bar,2939.0,2024-10-15 12:00:00+00:00,-1.0,1.0,-6.772360450213455e-15
2785.0,CADJPY,2024-10-15 09:00:00+00:00,-0.9999999999999929,near_1bar,2940.0,2024-10-15 12:00:00+00:00,1.1144450458051307,1.0,2.1144450458051236
2786.0,AUDNZD,2024-10-15 21:00:00+00:00,-1.0000000000000029,near_1bar,2941.0,2024-10-15 20:00:00+00:00,0.821530691922636,0.0,1.8215306919226388
2787.0,NZDJPY,2024-10-16 01:00:00+00:00,-1.0000000000000089,none,,,,,
2788.0,GBPUSD,2024-10-16 09:00:00+00:00,-0.9999999999999928,none,,,,,
2789.0,CHFJPY,2024-10-17 05:00:00+00:00,-1.000000000000006,none,,,,,
2790.0,EURAUD,2024-10-18 13:00:00+00:00,-1.000000000000004,near_1bar,2942.0,2024-10-18 16:00:00+00:00,1.2532876880152926,1.0,2.2532876880152966
2791.0,NZDCHF,2024-10-20 21:00:00+00:00,-0.9999999999999943,none,,,,,
2792.0,EURNZD,2024-10-22 13:00:00+00:00,-1.0000000000000016,none,,,,,
2793.0,EURCHF,2024-10-23 01:00:00+00:00,-1.0000000000000033,none,,,,,
2794.0,EURCAD,2024-10-23 17:00:00+00:00,-1.000000000000007,none,,,,,
2795.0,AUDCHF,2024-10-23 21:00:00+00:00,-0.9999999999999982,near_1bar,2946.0,2024-10-24 00:00:00+00:00,0.5707946976068333,1.0,1.5707946976068317
2796.0,NZDCAD,2024-10-24 05:00:00+00:00,-0.9999999999999987,near_1bar,2947.0,2024-10-24 08:00:00+00:00,-1.0,1.0,-1.3322676295501878e-15
2797.0,NZDCHF,2024-10-24 05:00:00+00:00,-0.9999999999999937,none,,,,,
2798.0,CADCHF,2024-10-29 06:00:00+00:00,-1.0000000000000153,near_1bar,2949.0,2024-10-29 08:00:00+00:00,0.6835634467525221,0.0,1.6835634467525376
2799.0,EURGBP,2024-10-29 14:00:00+00:00,-0.9999999999999996,near_1bar,2950.0,2024-10-29 16:00:00+00:00,1.1228836233742165,0.0,2.122883623374216
2800.0,AUDNZD,2024-10-30 06:00:00+00:00,-1.0000000000000189,near_1bar,2951.0,2024-10-30 08:00:00+00:00,0.6687735587816721,0.0,1.668773558781691
2801.0,GBPCHF,2024-11-01 06:00:00+00:00,-0.9999999999999925,near_1bar,2953.0,2024-11-01 04:00:00+00:00,0.5340189506643462,0.0,1.5340189506643387
2802.0,CADCHF,2024-11-05 18:00:00+00:00,-1.0000000000000022,none,,,,,
2803.0,USDCAD,2024-11-05 22:00:00+00:00,9.513851287619385,none,,,,,
2804.0,GBPAUD,2024-11-06 10:00:00+00:00,-1.0000000000000067,none,,,,,
2805.0,EURCAD,2024-11-07 10:00:00+00:00,-0.9999999999999941,near_1bar,2955.0,2024-11-07 12:00:00+00:00,-1.0,0.0,-5.88418203051333e-15
2806.0,EURUSD,2024-11-07 10:00:00+00:00,-1.0000000000000049,near_1bar,2956.0,2024-11-07 12:00:00+00:00,-1.0,0.0,4.884981308350689e-15
2807.0,GBPNZD,2024-11-07 22:00:00+00:00,-1.000000000000005,near_1bar,2957.0,2024-11-08 00:00:00+00:00,1.0880688820833475,0.0,2.088068882083353
2808.0,GBPAUD,2024-11-11 22:00:00+00:00,-0.9999999999999994,none,,,,,
2809.0,EURCHF,2024-11-12 22:00:00+00:00,-0.9999999999999997,none,,,,,
2810.0,GBPNZD,2024-11-13 14:00:00+00:00,-1.0000000000000027,none,,,,,
2811.0,AUDJPY,2024-11-15 18:00:00+00:00,-1.000000000000006,near_1bar,2961.0,2024-11-15 20:00:00+00:00,0.45293892123296786,0.0,1.452938921232974
2812.0,AUDNZD,2024-11-17 22:00:00+00:00,-1.0000000000000187,near_1bar,2962.0,2024-11-17 20:00:00+00:00,1.2950876721149251,0.0,2.295087672114944
2813.0,CHFJPY,2024-11-17 22:00:00+00:00,-1.0000000000000082,near_1bar,2963.0,2024-11-17 20:00:00+00:00,0.4359320824239984,0.0,1.4359320824240065
2814.0,EURCHF,2024-11-18 06:00:00+00:00,-1.0000000000000009,none,,,,,
2815.0,EURJPY,2024-11-18 06:00:00+00:00,-0.9999999999999998,near_1bar,2965.0,2024-11-18 08:00:00+00:00,-1.0,0.0,-2.220446049250313e-16
2816.0,GBPJPY,2024-11-18 06:00:00+00:00,-1.000000000000006,none,,,,,
2817.0,NZDJPY,2024-11-18 14:00:00+00:00,-1.000000000000008,near_1bar,2967.0,2024-11-18 12:00:00+00:00,-1.0,0.0,7.993605777301127e-15
2818.0,EURNZD,2024-11-22 10:00:00+00:00,5.086671694853071,near_1bar,2969.0,2024-11-22 12:00:00+00:00,1.6867443648480103,0.0,-3.3999273300050605
2819.0,EURAUD,2024-11-26 06:00:00+00:00,4.0584544132598355,near_1bar,2971.0,2024-11-26 04:00:00+00:00,1.1002354023879204,0.0,-2.958219010871915
2820.0,CADCHF,2024-11-26 14:00:00+00:00,-0.9999999999999949,none,,,,,
2821.0,USDCHF,2024-11-27 18:00:00+00:00,-1.0000000000000064,near_1bar,2973.0,2024-11-27 16:00:00+00:00,1.0546199182070426,0.0,2.054619918207049
2822.0,AUDCHF,2024-11-27 22:00:00+00:00,-1.000000000000005,none,,,,,
2823.0,EURGBP,2024-12-04 14:00:00+00:00,-0.9999999999999867,none,,,,,
2824.0,AUDCAD,2024-12-09 06:00:00+00:00,-0.9999999999999942,none,,,,,
2825.0,EURGBP,2024-12-09 22:00:00+00:00,-0.9999999999999825,near_1bar,2977.0,2024-12-09 20:00:00+00:00,0.49879243274039636,0.0,1.4987924327403788
2826.0,NZDCAD,2024-12-11 10:00:00+00:00,-1.0000000000000022,none,,,,,
2827.0,EURUSD,2024-12-12 14:00:00+00:00,-0.9999999999999869,none,,,,,
2828.0,EURGBP,2024-12-13 06:00:00+00:00,-0.9999999999999902,near_1bar,2980.0,2024-12-13 04:00:00+00:00,1.691122848345337,0.0,2.6911228483453273
2829.0,GBPCHF,2024-12-20 10:00:00+00:00,-1.00000000000001,none,,,,,
2830.0,GBPCAD,2024-12-30 22:00:00+00:00,-1.0000000000000044,none,,,,,
2831.0,EURCAD,2025-01-01 22:00:00+00:00,-1.0000000000000093,near_1bar,2989.0,2025-01-02 00:00:00+00:00,0.5520610091736391,0.0,1.5520610091736484
2832.0,EURGBP,2025-01-01 22:00:00+00:00,0.005706017630727146,none,,,,,
2833.0,GBPUSD,2025-01-01 22:00:00+00:00,-0.9999999999999831,near_1bar,2987.0,2025-01-01 20:00:00+00:00,0.17575217640176533,0.0,1.1757521764017485
2834.0,GBPCAD,2025-01-06 14:00:00+00:00,-1.000000000000002,none,,,,,
2835.0,GBPNZD,2025-01-06 14:00:00+00:00,-1.0000000000000124,none,,,,,
2836.0,EURCAD,2025-01-07 06:00:00+00:00,-1.000000000000005,none,,,,,
2837.0,GBPCHF,2025-01-08 14:00:00+00:00,-0.9999999999999958,near_1bar,2993.0,2025-01-08 16:00:00+00:00,0.6834694359334847,0.0,1.6834694359334805
2838.0,GBPJPY,2025-01-09 14:00:00+00:00,-1.0000000000000002,none,,,,,
2839.0,AUDJPY,2025-01-13 18:00:00+00:00,-1.0000000000000064,none,,,,,
2840.0,EURJPY,2025-01-13 18:00:00+00:00,-0.9999999999999896,near_1bar,2996.0,2025-01-13 16:00:00+00:00,0.6891266370703505,0.0,1.68912663707034
2841.0,NZDJPY,2025-01-13 18:00:00+00:00,-0.9999999999999907,none,,,,,
2842.0,CHFJPY,2025-01-14 06:00:00+00:00,-0.9999999999999893,none,,,,,
2843.0,EURNZD,2025-01-14 06:00:00+00:00,-0.9999999999999957,none,,,,,
2844.0,AUDNZD,2025-01-14 10:00:00+00:00,-0.9999999999999777,near_1bar,2997.0,2025-01-14 12:00:00+00:00,0.6905423071469062,0.0,1.690542307146884
2845.0,USDJPY,2025-01-15 14:00:00+00:00,-0.9999999999999883,none,,,,,
2846.0,CADJPY,2025-01-16 02:00:00+00:00,-0.9999999999999948,near_1bar,3000.0,2025-01-16 04:00:00+00:00,-1.0,0.0,-5.218048215738236e-15
2847.0,AUDJPY,2025-01-20 10:00:00+00:00,-0.9999999999999942,none,,,,,
2848.0,NZDJPY,2025-01-20 10:00:00+00:00,-1.0000000000000033,none,,,,,
2849.0,CADJPY,2025-01-21 22:00:00+00:00,-1.0000000000000007,near_1bar,3006.0,2025-01-21 20:00:00+00:00,-1.0,0.0,6.661338147750939e-16
2850.0,CHFJPY,2025-01-22 14:00:00+00:00,-0.9999999999999932,none,,,,,
2851.0,CADCHF,2025-01-27 18:00:00+00:00,-0.9999999999999931,none,,,,,
2852.0,USDCHF,2025-01-27 22:00:00+00:00,-0.9999999999999961,none,,,,,
2853.0,AUDCHF,2025-01-29 02:00:00+00:00,-1.000000000000001,none,,,,,
2854.0,NZDCHF,2025-01-30 22:00:00+00:00,-1.0000000000000084,none,,,,,
2855.0,CADCHF,2025-01-31 14:00:00+00:00,-1.0000000000000113,none,,,,,
2856.0,AUDNZD,2025-02-02 22:00:00+00:00,-1.0000000000000067,near_1bar,3010.0,2025-02-03 00:00:00+00:00,0.881696116339057,0.0,1.8816961163390635
2857.0,EURCHF,2025-02-03 02:00:00+00:00,-1.0000000000000107,near_1bar,3012.0,2025-02-03 04:00:00+00:00,0.6750653373938255,0.0,1.675065337393836
2858.0,NZDUSD,2025-02-03 10:00:00+00:00,2.306572493901606,near_1bar,3015.0,2025-02-03 12:00:00+00:00,0.7037031763870509,0.0,-1.602869317514555
2859.0,AUDCHF,2025-02-03 14:00:00+00:00,-0.9999999999999968,none,,,,,
2860.0,AUDUSD,2025-02-03 14:00:00+00:00,1.525164087111148,near_1bar,3014.0,2025-02-03 12:00:00+00:00,0.9412992750171121,0.0,-0.583864812094036
2861.0,NZDCHF,2025-02-05 22:00:00+00:00,-0.9999999999999916,none,,,,,
2862.0,EURNZD,2025-02-06 02:00:00+00:00,-0.9999999999999907,none,,,,,
2863.0,EURNZD,2025-02-11 14:00:00+00:00,-1.000000000000002,near_1bar,3021.0,2025-02-11 12:00:00+00:00,0.6562793895281005,0.0,1.6562793895281025
2864.0,NZDCAD,2025-02-11 22:00:00+00:00,-1.0000000000000124,none,,,,,
2865.0,EURAUD,2025-02-12 06:00:00+00:00,-0.9999999999999939,near_1bar,3022.0,2025-02-12 08:00:00+00:00,2.7567310939491523,0.0,3.756731093949146
2866.0,AUDCAD,2025-02-12 14:00:00+00:00,-1.0000000000000022,none,,,,,
2867.0,USDCAD,2025-02-12 18:00:00+00:00,-0.9999999999999958,none,,,,,
2868.0,USDCHF,2025-02-17 22:00:00+00:00,-1.0000000000000107,none,,,,,
2869.0,NZDCAD,2025-02-19 02:00:00+00:00,-1.0000000000000069,none,,,,,
2870.0,CADCHF,2025-02-20 22:00:00+00:00,-1.0000000000000069,near_1bar,3026.0,2025-02-20 20:00:00+00:00,-1.0,0.0,6.8833827526759706e-15
2871.0,CADJPY,2025-02-24 02:00:00+00:00,-1.000000000000007,near_1bar,3028.0,2025-02-24 04:00:00+00:00,-1.0,0.0,7.105427357601002e-15
2872.0,NZDCHF,2025-02-25 18:00:00+00:00,-0.9999999999999917,none,,,,,
2873.0,GBPCHF,2025-02-25 22:00:00+00:00,-0.9999999999999999,none,,,,,
2874.0,GBPJPY,2025-02-28 02:00:00+00:00,-0.9999999999999949,near_1bar,3033.0,2025-02-28 04:00:00+00:00,0.4982597327345153,0.0,1.4982597327345102
2875.0,EURUSD,2025-02-28 10:00:00+00:00,17.86217650747023,none,,,,,
2876.0,NZDUSD,2025-03-02 22:00:00+00:00,-0.9999999999999865,none,,,,,
2877.0,EURJPY,2025-03-03 06:00:00+00:00,4.036934678702128,none,,,,,
2878.0,AUDUSD,2025-03-03 14:00:00+00:00,-0.9999999999999998,none,,,,,
2879.0,NZDCHF,2025-03-05 22:00:00+00:00,-1.0000000000000056,none,,,,,
2880.0,GBPNZD,2025-03-19 06:00:00+00:00,-0.999999999999982,none,,,,,
2881.0,EURGBP,2025-03-20 14:00:00+00:00,-1.000000000000004,near_1bar,3039.0,2025-03-20 16:00:00+00:00,2.359959333755378,0.0,3.359959333755382
2882.0,NZDCAD,2025-03-24 18:00:00+00:00,-1.0000000000000073,near_1bar,3042.0,2025-03-24 16:00:00+00:00,0.6541554489313886,0.0,1.6541554489313959
2883.0,AUDCAD,2025-03-25 10:00:00+00:00,-0.9999999999999933,none,,,,,
2884.0,EURGBP,2025-03-26 06:00:00+00:00,-1.000000000000014,near_1bar,3043.0,2025-03-26 08:00:00+00:00,2.5408203341632944,0.0,3.5408203341633087
2885.0,USDCAD,2025-03-26 14:00:00+00:00,-1.000000000000018,near_1bar,3045.0,2025-03-26 16:00:00+00:00,0.5382937001911304,0.0,1.5382937001911485
2886.0,EURAUD,2025-03-26 22:00:00+00:00,5.58693026426551,none,,,,,
2887.0,EURCHF,2025-03-26 22:00:00+00:00,-1.0000000000000084,none,,,,,
2888.0,GBPUSD,2025-03-26 22:00:00+00:00,-1.0000000000000047,near_1bar,3046.0,2025-03-27 00:00:00+00:00,1.3966922895121905,0.0,2.3966922895121954
2889.0,NZDCAD,2025-03-28 06:00:00+00:00,-0.9999999999999936,near_1bar,3048.0,2025-03-28 04:00:00+00:00,0.7497745163355595,0.0,1.749774516335553
2890.0,NZDUSD,2025-03-28 10:00:00+00:00,-0.9999999999999923,none,,,,,
2891.0,GBPCHF,2025-03-30 21:00:00+00:00,-0.9999999999999939,near_1bar,3050.0,2025-03-30 20:00:00+00:00,0.5116270011974687,0.0,1.5116270011974626
2892.0,AUDJPY,2025-03-31 13:00:00+00:00,-0.999999999999998,near_1bar,3055.0,2025-03-31 16:00:00+00:00,0.47431059209744164,1.0,1.4743105920974395
2893.0,EURGBP,2025-03-31 13:00:00+00:00,-0.9999999999999855,near_1bar,3054.0,2025-03-31 12:00:00+00:00,2.332695253008966,0.0,3.3326952530089513
2894.0,NZDJPY,2025-03-31 17:00:00+00:00,-1.000000000000002,none,,,,,
2895.0,AUDCHF,2025-04-01 13:00:00+00:00,-1.0000000000000109,near_1bar,3056.0,2025-04-01 12:00:00+00:00,-1.0,0.0,1.0880185641326534e-14
2896.0,EURJPY,2025-04-01 13:00:00+00:00,-1.0000000000000089,none,,,,,
2897.0,GBPUSD,2025-04-01 13:00:00+00:00,-0.9999999999999947,none,,,,,
2898.0,NZDCHF,2025-04-01 13:00:00+00:00,-0.9999999999999961,none,,,,,
2899.0,AUDCAD,2025-04-02 09:00:00+00:00,-1.0000000000000009,none,,,,,
2900.0,NZDCAD,2025-04-03 09:00:00+00:00,-1.000000000000001,none,,,,,
2901.0,CADJPY,2025-04-03 21:00:00+00:00,-1.0000000000000016,none,,,,,
2902.0,EURJPY,2025-04-04 21:00:00+00:00,2.5865431251338564,none,,,,,
2903.0,CADJPY,2025-04-09 17:00:00+00:00,-0.9999999999999984,none,,,,,
2904.0,EURJPY,2025-04-10 05:00:00+00:00,1.1562516451536344,none,,,,,
2905.0,GBPNZD,2025-04-10 05:00:00+00:00,-1.0000000000000033,none,,,,,
2906.0,EURAUD,2025-04-15 17:00:00+00:00,-1.0000000000000002,none,,,,,
2907.0,CADCHF,2025-04-21 17:00:00+00:00,2.248557421975497,none,,,,,
2908.0,CADJPY,2025-04-22 13:00:00+00:00,4.533577236142228,none,,,,,
2909.0,EURJPY,2025-04-22 13:00:00+00:00,5.084655230808053,near_1bar,3068.0,2025-04-22 12:00:00+00:00,0.7988311357190523,0.0,-4.285824095089001
2910.0,EURAUD,2025-04-23 13:00:00+00:00,-1.0000000000000047,none,,,,,
2911.0,GBPAUD,2025-04-23 13:00:00+00:00,-0.9999999999999974,near_1bar,3069.0,2025-04-23 16:00:00+00:00,-1.0,1.0,-2.55351295663786e-15
2912.0,EURGBP,2025-04-25 05:00:00+00:00,-0.9999999999999984,none,,,,,
2913.0,CHFJPY,2025-04-25 13:00:00+00:00,-0.9999999999999948,near_1bar,3072.0,2025-04-25 12:00:00+00:00,0.4638231894199147,0.0,1.4638231894199094
2914.0,EURAUD,2025-04-29 01:00:00+00:00,-1.0000000000000069,none,,,,,
2915.0,NZDCAD,2025-04-30 13:00:00+00:00,-1.0000000000000078,near_1bar,3073.0,2025-04-30 12:00:00+00:00,0.5016436845830606,0.0,1.5016436845830685
2916.0,GBPCAD,2025-05-01 05:00:00+00:00,-1.0000000000000102,none,,,,,
2917.0,EURUSD,2025-05-02 01:00:00+00:00,-0.9999999999999969,none,,,,,
2918.0,EURCAD,2025-05-02 09:00:00+00:00,-0.9999999999999942,none,,,,,
2919.0,EURGBP,2025-05-02 09:00:00+00:00,-1.000000000000009,near_1bar,3074.0,2025-05-02 12:00:00+00:00,-1.0,1.0,9.103828801926284e-15
2920.0,EURJPY,2025-05-06 13:00:00+00:00,7.3653489055541606,none,,,,,
2921.0,USDCHF,2025-05-07 17:00:00+00:00,-0.9999999999999992,near_1bar,3075.0,2025-05-07 16:00:00+00:00,1.0047797007935553,0.0,2.0047797007935544
2922.0,GBPUSD,2025-05-08 09:00:00+00:00,-1.0000000000000024,near_1bar,3076.0,2025-05-08 12:00:00+00:00,0.8618657627675511,1.0,1.8618657627675534
2923.0,NZDUSD,2025-05-09 05:00:00+00:00,-1.0000000000000018,none,,,,,
2924.0,AUDUSD,2025-05-12 17:00:00+00:00,3.3057636212962755,near_1bar,3078.0,2025-05-12 20:00:00+00:00,0.6772349672037984,1.0,-2.6285286540924773
2925.0,GBPUSD,2025-05-13 13:00:00+00:00,3.8997815348632643,near_1bar,3079.0,2025-05-13 16:00:00+00:00,0.9334246960182273,1.0,-2.966356838845037
2926.0,NZDJPY,2025-05-16 01:00:00+00:00,-0.9999999999999961,near_1bar,3081.0,2025-05-16 00:00:00+00:00,0.7009771514916783,0.0,1.7009771514916743
2927.0,CADCHF,2025-05-21 05:00:00+00:00,-1.0000000000000115,none,,,,,
2928.0,NZDCHF,2025-05-21 09:00:00+00:00,-0.9999999999999956,near_1bar,3083.0,2025-05-21 08:00:00+00:00,0.695364186661671,0.0,1.6953641866616667
2929.0,GBPCHF,2025-05-21 13:00:00+00:00,-1.0000000000000155,none,,,,,
2930.0,AUDJPY,2025-05-22 13:00:00+00:00,6.50358000622791,near_1bar,3086.0,2025-05-22 12:00:00+00:00,0.5983019695870881,0.0,-5.905278036640822
2931.0,CADJPY,2025-05-22 13:00:00+00:00,-1.0000000000000087,none,,,,,
2932.0,AUDCAD,2025-05-23 01:00:00+00:00,-0.9999999999999994,near_1bar,3087.0,2025-05-23 00:00:00+00:00,0.691993142005399,0.0,1.6919931420053984
2933.0,NZDCAD,2025-05-23 01:00:00+00:00,-1.0000000000000047,near_1bar,3088.0,2025-05-23 00:00:00+00:00,0.661524985016944,0.0,1.6615249850169487
2934.0,CHFJPY,2025-05-23 13:00:00+00:00,11.577662066179032,none,,,,,
2935.0,USDJPY,2025-05-25 21:00:00+00:00,5.40856074746003,none,,,,,
2936.0,EURNZD,2025-05-26 13:00:00+00:00,-1.000000000000007,near_1bar,3090.0,2025-05-26 12:00:00+00:00,0.8354364996103931,0.0,1.8354364996104002
2937.0,AUDCAD,2025-05-28 17:00:00+00:00,-0.9999999999999959,none,,,,,
2938.0,EURCAD,2025-05-29 13:00:00+00:00,-1.0000000000000058,none,,,,,
2939.0,AUDCHF,2025-05-30 13:00:00+00:00,-1.000000000000005,none,,,,,
2940.0,GBPCAD,2025-06-02 09:00:00+00:00,-1.0000000000000024,near_1bar,3097.0,2025-06-02 12:00:00+00:00,0.9088414423455028,1.0,1.9088414423455053
2941.0,GBPNZD,2025-06-02 09:00:00+00:00,-1.0000000000000078,none,,,,,
2942.0,AUDCAD,2025-06-02 21:00:00+00:00,-0.9999999999999991,none,,,,,
2943.0,USDCHF,2025-06-03 09:00:00+00:00,-0.9999999999999909,none,,,,,
2944.0,GBPAUD,2025-06-08 21:00:00+00:00,-1.000000000000011,near_1bar,3098.0,2025-06-08 20:00:00+00:00,0.5345682281564328,0.0,1.534568228156444
2945.0,EURAUD,2025-06-10 05:00:00+00:00,4.45064940532527,near_1bar,3100.0,2025-06-10 04:00:00+00:00,1.147628425108062,0.0,-3.303020980217208
2946.0,CADCHF,2025-06-13 05:00:00+00:00,-1.0000000000000078,near_1bar,3103.0,2025-06-13 04:00:00+00:00,-1.0,0.0,7.771561172376096e-15
2947.0,EURCHF,2025-06-13 05:00:00+00:00,-1.0000000000000073,near_1bar,3104.0,2025-06-13 04:00:00+00:00,-1.0,0.0,7.327471962526033e-15
2948.0,NZDCHF,2025-06-13 05:00:00+00:00,-1.000000000000002,none,,,,,
2949.0,NZDCAD,2025-06-13 13:00:00+00:00,-1.0000000000000049,none,,,,,
2950.0,NZDUSD,2025-06-13 13:00:00+00:00,-1.0000000000000009,none,,,,,
2951.0,GBPCHF,2025-06-16 17:00:00+00:00,-1.0000000000000095,none,,,,,
2952.0,GBPUSD,2025-06-18 13:00:00+00:00,-1.0000000000000022,none,,,,,
2953.0,AUDUSD,2025-06-19 17:00:00+00:00,-0.999999999999992,near_1bar,3108.0,2025-06-19 16:00:00+00:00,0.5239833223698933,0.0,1.5239833223698853
2954.0,CADJPY,2025-06-25 05:00:00+00:00,-1.0000000000000087,near_1bar,3111.0,2025-06-25 04:00:00+00:00,1.1440105069978452,0.0,2.144010506997854
2955.0,GBPCHF,2025-06-29 21:00:00+00:00,-0.999999999999997,none,,,,,
2956.0,AUDCHF,2025-06-30 01:00:00+00:00,-1.0000000000000158,none,,,,,
2957.0,AUDNZD,2025-06-30 05:00:00+00:00,8.163888948560643,near_1bar,3113.0,2025-06-30 08:00:00+00:00,1.8179991522324555,1.0,-6.345889796328188
2958.0,CADJPY,2025-06-30 13:00:00+00:00,-1.0000000000000013,near_1bar,3114.0,2025-06-30 12:00:00+00:00,1.1031231070827787,0.0,2.10312310708278
2959.0,EURCHF,2025-06-30 17:00:00+00:00,-0.9999999999999946,near_1bar,3116.0,2025-06-30 20:00:00+00:00,0.7036032122805173,1.0,1.7036032122805118
2960.0,USDJPY,2025-07-01 01:00:00+00:00,-0.9999999999999882,none,,,,,
2961.0,AUDCHF,2025-07-03 13:00:00+00:00,-1.000000000000003,none,,,,,
2962.0,EURCHF,2025-07-04 05:00:00+00:00,-0.9999999999999886,none,,,,,
2963.0,NZDJPY,2025-07-07 09:00:00+00:00,-0.9999999999999867,near_1bar,3118.0,2025-07-07 08:00:00+00:00,0.875602817441165,0.0,1.8756028174411516
2964.0,GBPUSD,2025-07-08 17:00:00+00:00,-0.9999999999999974,near_1bar,3119.0,2025-07-08 16:00:00+00:00,-1.0,0.0,-2.55351295663786e-15
2965.0,NZDUSD,2025-07-14 05:00:00+00:00,-0.9999999999999942,near_1bar,3120.0,2025-07-14 08:00:00+00:00,-1.0,1.0,-5.773159728050814e-15
2966.0,EURCAD,2025-07-17 01:00:00+00:00,-1.0000000000000058,none,,,,,
2967.0,GBPAUD,2025-07-17 05:00:00+00:00,-0.9999999999999926,near_1bar,3122.0,2025-07-17 08:00:00+00:00,0.6810695430832923,1.0,1.681069543083285
2968.0,AUDUSD,2025-07-17 17:00:00+00:00,-0.9999999999999991,near_1bar,3123.0,2025-07-17 20:00:00+00:00,0.6874167236140791,1.0,1.6874167236140782
2969.0,NZDCAD,2025-07-18 01:00:00+00:00,-1.0000000000000047,near_1bar,3124.0,2025-07-18 00:00:00+00:00,-1.0,0.0,4.6629367034256575e-15
2970.0,AUDJPY,2025-07-21 21:00:00+00:00,-1.0000000000000013,none,,,,,
2971.0,NZDCHF,2025-07-22 09:00:00+00:00,-1.000000000000007,near_1bar,3125.0,2025-07-22 12:00:00+00:00,0.44435419427181977,1.0,1.4443541942718268
2972.0,NZDJPY,2025-07-22 13:00:00+00:00,-0.9999999999999891,none,,,,,
2973.0,GBPJPY,2025-07-22 17:00:00+00:00,-0.9999999999999892,near_1bar,3127.0,2025-07-22 16:00:00+00:00,0.4437340825763084,0.0,1.4437340825762977
2974.0,GBPNZD,2025-07-23 13:00:00+00:00,-1.0000000000000133,near_1bar,3129.0,2025-07-23 12:00:00+00:00,1.943941741790455,0.0,2.9439417417904683
2975.0,CADJPY,2025-07-24 05:00:00+00:00,-0.9999999999999902,near_1bar,3130.0,2025-07-24 04:00:00+00:00,0.46922064412923686,0.0,1.469220644129227
2976.0,USDCHF,2025-07-24 13:00:00+00:00,-1.0000000000000036,none,,,,,
2977.0,CADCHF,2025-07-27 21:00:00+00:00,-1.0000000000000127,none,,,,,
2978.0,EURAUD,2025-07-28 21:00:00+00:00,-1.0000000000000062,none,,,,,
2979.0,EURCAD,2025-07-28 21:00:00+00:00,-0.9999999999999967,near_1bar,3132.0,2025-07-28 20:00:00+00:00,1.0774162297761918,0.0,2.0774162297761887
2980.0,EURCHF,2025-07-28 21:00:00+00:00,-0.9999999999999845,none,,,,,
2981.0,EURNZD,2025-07-28 21:00:00+00:00,-0.9999999999999967,none,,,,,
2982.0,GBPNZD,2025-07-29 05:00:00+00:00,5.730476539405067,near_1bar,3136.0,2025-07-29 08:00:00+00:00,2.290084712588942,1.0,-3.440391826816125
2983.0,EURJPY,2025-07-29 17:00:00+00:00,-1.0000000000000113,none,,,,,
2984.0,EURGBP,2025-07-29 21:00:00+00:00,-1.0000000000000075,near_1bar,3137.0,2025-07-29 20:00:00+00:00,0.6779208429870558,0.0,1.6779208429870633
2985.0,AUDCAD,2025-07-30 21:00:00+00:00,4.590752617240075,near_1bar,3139.0,2025-07-30 20:00:00+00:00,0.6062969905406144,0.0,-3.984455626699461
2986.0,EURCHF,2025-08-01 05:00:00+00:00,0.9079151271625651,none,,,,,
2987.0,EURNZD,2025-08-01 05:00:00+00:00,7.721814112714837,none,,,,,
2988.0,EURAUD,2025-08-01 13:00:00+00:00,-1.0000000000000062,none,,,,,
2989.0,EURCAD,2025-08-01 17:00:00+00:00,3.456941104019785,none,,,,,
2990.0,NZDCAD,2025-08-01 17:00:00+00:00,-1.0000000000000089,near_1bar,3141.0,2025-08-01 16:00:00+00:00,0.20540684267774034,0.0,1.2054068426777493
2991.0,AUDCHF,2025-08-04 01:00:00+00:00,-1.0000000000000036,near_1bar,3142.0,2025-08-04 00:00:00+00:00,0.5529748882793889,0.0,1.5529748882793926
2992.0,EURAUD,2025-08-11 21:00:00+00:00,-1.0000000000000036,near_1bar,3145.0,2025-08-11 20:00:00+00:00,1.2678260153449725,0.0,2.2678260153449763
2993.0,USDCHF,2025-08-13 13:00:00+00:00,-1.0000000000000002,none,,,,,
2994.0,USDJPY,2025-08-14 13:00:00+00:00,-1.0000000000000027,near_1bar,3146.0,2025-08-14 12:00:00+00:00,0.670570209319239,0.0,1.6705702093192416
2995.0,CADCHF,2025-08-17 21:00:00+00:00,-0.9999999999999838,near_1bar,3147.0,2025-08-17 20:00:00+00:00,-1.0,0.0,-1.6209256159527285e-14
2996.0,AUDUSD,2025-08-19 09:00:00+00:00,-0.9999999999999845,none,,,,,
2997.0,EURCHF,2025-08-20 05:00:00+00:00,-1.0000000000000173,none,,,,,
2998.0,CADCHF,2025-08-21 17:00:00+00:00,-1.0000000000000067,near_1bar,3151.0,2025-08-21 16:00:00+00:00,-1.0,0.0,6.661338147750939e-15
2999.0,EURUSD,2025-08-22 05:00:00+00:00,-0.999999999999998,none,,,,,
3000.0,GBPCHF,2025-08-24 21:00:00+00:00,-1.0000000000000162,none,,,,,
3001.0,AUDUSD,2025-08-25 01:00:00+00:00,-1.0000000000000047,none,,,,,
3002.0,EURGBP,2025-08-25 21:00:00+00:00,1.7626137941667495,near_1bar,3155.0,2025-08-25 20:00:00+00:00,0.7048985630613686,0.0,-1.057715231105381
3003.0,GBPAUD,2025-08-26 05:00:00+00:00,-0.9999999999999885,none,,,,,
3004.0,CADCHF,2025-08-27 05:00:00+00:00,-0.9999999999999805,none,,,,,
3005.0,GBPCAD,2025-08-27 05:00:00+00:00,-0.9999999999999996,near_1bar,3156.0,2025-08-27 04:00:00+00:00,0.8356435112513215,0.0,1.835643511251321
3006.0,GBPCHF,2025-08-28 09:00:00+00:00,-1.0000000000000235,none,,,,,
3007.0,USDCAD,2025-08-28 17:00:00+00:00,6.4711192098848835,none,,,,,
3008.0,EURCAD,2025-09-01 05:00:00+00:00,-0.9999999999999905,none,,,,,
3009.0,GBPCAD,2025-09-01 13:00:00+00:00,-1.0000000000000062,near_1bar,3160.0,2025-09-01 12:00:00+00:00,0.8365034391002697,0.0,1.836503439100276
3010.0,AUDCAD,2025-09-02 13:00:00+00:00,4.2893815913319475,near_1bar,3161.0,2025-09-02 12:00:00+00:00,1.6868171940391319,0.0,-2.6025643972928156
3011.0,GBPUSD,2025-09-03 13:00:00+00:00,-1.000000000000009,near_1bar,3163.0,2025-09-03 12:00:00+00:00,0.937289174794206,0.0,1.9372891747942151
3012.0,EURAUD,2025-09-04 01:00:00+00:00,-1.0000000000000104,none,,,,,
3013.0,GBPCHF,2025-09-04 13:00:00+00:00,-1.0000000000000007,none,,,,,
3014.0,GBPCAD,2025-09-05 13:00:00+00:00,-1.000000000000002,near_1bar,3164.0,2025-09-05 12:00:00+00:00,0.648496182356681,0.0,1.648496182356683
3015.0,AUDCHF,2025-09-07 21:00:00+00:00,-1.0000000000000047,near_1bar,3165.0,2025-09-07 20:00:00+00:00,0.7000059114839158,0.0,1.7000059114839203
3016.0,GBPNZD,2025-09-08 13:00:00+00:00,-1.000000000000012,none,,,,,
3017.0,EURNZD,2025-09-08 17:00:00+00:00,-0.9999999999999889,none,,,,,
3018.0,USDJPY,2025-09-09 13:00:00+00:00,-1.0000000000000107,near_1bar,3168.0,2025-09-09 12:00:00+00:00,0.7795057489521933,0.0,1.779505748952204
3019.0,GBPNZD,2025-09-15 09:00:00+00:00,-0.9999999999999972,none,,,,,
3020.0,NZDCHF,2025-09-16 21:00:00+00:00,-0.9999999999999918,near_1bar,3170.0,2025-09-16 20:00:00+00:00,-1.0,0.0,-8.215650382226158e-15
3021.0,CADJPY,2025-09-17 17:00:00+00:00,-1.0000000000000113,near_1bar,3171.0,2025-09-17 16:00:00+00:00,0.5099813749593299,0.0,1.5099813749593411
3022.0,NZDCHF,2025-09-22 01:00:00+00:00,-0.9999999999999942,none,,,,,
3023.0,EURUSD,2025-09-26 01:00:00+00:00,-1.0000000000000122,none,,,,,
3024.0,AUDCHF,2025-09-28 21:00:00+00:00,-0.9999999999999819,none,,,,,
3025.0,CHFJPY,2025-09-30 13:00:00+00:00,-0.9999999999999959,none,,,,,
3026.0,GBPAUD,2025-10-01 01:00:00+00:00,-1.0000000000000129,near_1bar,3174.0,2025-10-01 00:00:00+00:00,0.7666733757284627,0.0,1.7666733757284756
3027.0,EURGBP,2025-10-06 09:00:00+00:00,-1.000000000000012,none,,,,,
3028.0,EURAUD,2025-10-07 13:00:00+00:00,-1.0000000000000044,none,,,,,
3029.0,EURCAD,2025-10-08 05:00:00+00:00,-1.0000000000000138,none,,,,,
3030.0,EURCHF,2025-10-08 17:00:00+00:00,-1.000000000000012,near_1bar,3178.0,2025-10-08 20:00:00+00:00,-1.0,1.0,1.199040866595169e-14
3031.0,EURGBP,2025-10-09 17:00:00+00:00,1.5429607223534012,none,,,,,
3032.0,GBPCAD,2025-10-10 13:00:00+00:00,-1.0000000000000107,none,,,,,
3033.0,AUDCAD,2025-10-13 01:00:00+00:00,-0.9999999999999987,none,,,,,
3034.0,GBPCHF,2025-10-13 05:00:00+00:00,-0.9999999999999906,none,,,,,
3035.0,EURCAD,2025-10-13 13:00:00+00:00,-1.0000000000000104,none,,,,,
3036.0,AUDJPY,2025-10-16 05:00:00+00:00,-1.0000000000000069,near_1bar,3182.0,2025-10-16 04:00:00+00:00,0.8905791900352356,0.0,1.8905791900352424
3037.0,AUDNZD,2025-10-16 05:00:00+00:00,-1.0000000000000007,near_1bar,3183.0,2025-10-16 04:00:00+00:00,1.3825277638118223,0.0,2.382527763811823
3038.0,USDCHF,2025-10-16 05:00:00+00:00,-1.0000000000000093,near_1bar,3184.0,2025-10-16 04:00:00+00:00,0.9601606941451857,0.0,1.960160694145195
3039.0,AUDJPY,2025-10-21 09:00:00+00:00,4.374638336631121,near_1bar,3185.0,2025-10-21 08:00:00+00:00,0.8347918458157786,0.0,-3.539846490815343
3040.0,USDCHF,2025-10-21 09:00:00+00:00,-1.0000000000000007,near_1bar,3186.0,2025-10-21 12:00:00+00:00,1.0811447231127957,1.0,2.0811447231127964
3041.0,EURGBP,2025-10-21 21:00:00+00:00,3.0520439720402237,none,,,,,
3042.0,USDCAD,2025-10-28 18:00:00+00:00,-1.0000000000000195,none,,,,,
3043.0,EURCAD,2025-10-29 06:00:00+00:00,-0.9999999999999968,near_1bar,3189.0,2025-10-29 08:00:00+00:00,0.5185804120846691,0.0,1.518580412084666
3044.0,GBPJPY,2025-10-29 14:00:00+00:00,-1.0000000000000013,none,,,,,
3045.0,NZDCAD,2025-10-31 06:00:00+00:00,-0.9999999999999999,near_1bar,3191.0,2025-10-31 08:00:00+00:00,-1.0,0.0,-1.1102230246251565e-16
3046.0,NZDUSD,2025-10-31 10:00:00+00:00,-1.0000000000000122,near_1bar,3192.0,2025-10-31 12:00:00+00:00,0.7344502244925248,0.0,1.734450224492537
3047.0,AUDJPY,2025-11-04 14:00:00+00:00,-0.9999999999999905,none,,,,,
3048.0,CADJPY,2025-11-05 02:00:00+00:00,-1.0000000000000069,none,,,,,
3049.0,EURCAD,2025-11-05 06:00:00+00:00,-0.9999999999999868,none,,,,,
3050.0,EURJPY,2025-11-06 18:00:00+00:00,7.6830916987498545,none,,,,,
3051.0,GBPCHF,2025-11-11 14:00:00+00:00,-1.0000000000000149,none,,,,,
3052.0,NZDJPY,2025-11-12 10:00:00+00:00,-1.0000000000000084,none,,,,,
3053.0,EURCHF,2025-11-12 14:00:00+00:00,-0.9999999999999923,none,,,,,
3054.0,GBPCAD,2025-11-12 14:00:00+00:00,2.853837619686057,none,,,,,
3055.0,USDCHF,2025-11-13 22:00:00+00:00,-0.9999999999999921,near_1bar,3199.0,2025-11-13 20:00:00+00:00,1.2009266658966864,0.0,2.2009266658966786
3056.0,CADCHF,2025-11-17 14:00:00+00:00,2.8855749440313594,none,,,,,
3057.0,AUDCAD,2025-11-18 06:00:00+00:00,-1.0000000000000093,none,,,,,
3058.0,AUDCHF,2025-11-18 14:00:00+00:00,-1.0000000000000075,near_1bar,3201.0,2025-11-18 16:00:00+00:00,1.0925497119649972,0.0,2.0925497119650047
3059.0,EURCHF,2025-11-18 14:00:00+00:00,1.818016477204424,none,,,,,
3060.0,EURCAD,2025-11-18 18:00:00+00:00,-1.0000000000000133,none,,,,,
3061.0,GBPCHF,2025-11-19 06:00:00+00:00,4.053525290244333,none,,,,,
3062.0,GBPCAD,2025-11-19 10:00:00+00:00,2.290587781094903,none,,,,,
3063.0,AUDUSD,2025-11-19 18:00:00+00:00,-0.9999999999999901,none,,,,,
3064.0,GBPUSD,2025-11-20 10:00:00+00:00,4.428469288822826,near_1bar,3207.0,2025-11-20 12:00:00+00:00,1.4557409990723742,0.0,-2.9727282897504517
3065.0,AUDCAD,2025-11-24 02:00:00+00:00,4.361310475619724,none,,,,,
3066.0,EURGBP,2025-11-25 18:00:00+00:00,-0.9999999999999993,none,,,,,
3067.0,EURAUD,2025-11-27 10:00:00+00:00,-1.0000000000000009,none,,,,,
3068.0,GBPNZD,2025-11-27 22:00:00+00:00,-1.000000000000004,none,,,,,
3069.0,USDCAD,2025-11-28 18:00:00+00:00,-0.9999999999999882,none,,,,,
3070.0,EURGBP,2025-12-01 02:00:00+00:00,-0.999999999999993,none,,,,,
3071.0,GBPNZD,2025-12-03 06:00:00+00:00,-0.9999999999999813,near_1bar,3214.0,2025-12-03 08:00:00+00:00,0.6906550094989328,0.0,1.6906550094989141
3072.0,CHFJPY,2025-12-04 22:00:00+00:00,7.3078259627286855,near_1bar,3215.0,2025-12-04 20:00:00+00:00,1.0341459139430706,0.0,-6.273680048785614
3073.0,EURJPY,2025-12-05 06:00:00+00:00,4.0286127467229695,none,,,,,
3074.0,USDCHF,2025-12-11 02:00:00+00:00,-0.999999999999985,near_1bar,3218.0,2025-12-11 04:00:00+00:00,-1.0,0.0,-1.4988010832439613e-14
3075.0,GBPCAD,2025-12-12 14:00:00+00:00,1.9788327970385142,near_1bar,3219.0,2025-12-12 12:00:00+00:00,1.3256323980037634,0.0,-0.6532003990347508
3076.0,AUDCAD,2025-12-14 22:00:00+00:00,-0.9999999999999869,near_1bar,3220.0,2025-12-14 20:00:00+00:00,1.353531998945998,0.0,2.353531998945985
3077.0,NZDCAD,2025-12-14 22:00:00+00:00,-1.0000000000000093,near_1bar,3221.0,2025-12-14 20:00:00+00:00,1.9776292481968265,0.0,2.977629248196836
3078.0,GBPCAD,2025-12-18 10:00:00+00:00,-1.0000000000000069,none,,,,,
3079.0,CADCHF,2025-12-21 22:00:00+00:00,-1.000000000000011,near_1bar,3225.0,2025-12-21 20:00:00+00:00,-1.0,0.0,1.1102230246251565e-14
3080.0,AUDCAD,2025-12-22 22:00:00+00:00,14.620084866025051,near_1bar,3227.0,2025-12-22 20:00:00+00:00,1.670317271667466,0.0,-12.949767594357585
3081.0,NZDCAD,2025-12-22 22:00:00+00:00,-0.9999999999999936,none,,,,,
3082.0,NZDCHF,2026-01-04 22:00:00+00:00,1.1736588189876538,none,,,,,
3083.0,CHFJPY,2026-01-05 14:00:00+00:00,-0.9999999999999925,none,,,,,
3084.0,EURUSD,2026-01-05 14:00:00+00:00,-1.0000000000000178,near_1bar,3233.0,2026-01-05 12:00:00+00:00,2.251573252629115,0.0,3.2515732526291328
3085.0,EURJPY,2026-01-05 18:00:00+00:00,-0.999999999999987,none,,,,,
3086.0,GBPAUD,2026-01-08 02:00:00+00:00,-0.9999999999999969,none,,,,,
3087.0,GBPJPY,2026-01-08 22:00:00+00:00,-1.0000000000000047,none,,,,,
3088.0,EURJPY,2026-01-09 02:00:00+00:00,-0.9999999999999865,near_1bar,3236.0,2026-01-09 04:00:00+00:00,0.883846735015952,0.0,1.8838467350159385
3089.0,GBPUSD,2026-01-09 10:00:00+00:00,-1.0000000000000027,none,,,,,
3090.0,CHFJPY,2026-01-11 22:00:00+00:00,-1.000000000000009,near_1bar,3237.0,2026-01-12 00:00:00+00:00,0.526577942296201,0.0,1.52657794229621
3091.0,EURNZD,2026-01-13 02:00:00+00:00,-1.0000000000000095,near_1bar,3240.0,2026-01-13 04:00:00+00:00,-1.0,0.0,9.547918011776346e-15
3092.0,GBPCAD,2026-01-16 06:00:00+00:00,-1.0000000000000142,near_1bar,3241.0,2026-01-16 04:00:00+00:00,0.8818438211005988,0.0,1.881843821100613
3093.0,EURNZD,2026-01-16 10:00:00+00:00,-1.000000000000021,none,,,,,
3094.0,GBPNZD,2026-01-16 10:00:00+00:00,-0.9999999999999856,near_1bar,3242.0,2026-01-16 12:00:00+00:00,-1.0,0.0,-1.4432899320127035e-14
3095.0,GBPUSD,2026-01-19 06:00:00+00:00,-1.0000000000000009,none,,,,,
3096.0,GBPCHF,2026-01-19 14:00:00+00:00,-1.0000000000000109,none,,,,,
3097.0,EURCHF,2026-01-21 22:00:00+00:00,-0.9999999999999847,none,,,,,
3098.0,GBPCAD,2026-01-22 14:00:00+00:00,-1.0000000000000075,near_1bar,3250.0,2026-01-22 12:00:00+00:00,0.6835250103979907,0.0,1.6835250103979984
3099.0,EURJPY,2026-01-26 14:00:00+00:00,-1.0000000000000073,near_1bar,3252.0,2026-01-26 12:00:00+00:00,0.6559004161890879,0.0,1.6559004161890951
3100.0,GBPJPY,2026-01-26 18:00:00+00:00,-1.000000000000003,none,,,,,
3101.0,NZDCHF,2026-01-27 22:00:00+00:00,-1.0000000000000044,none,,,,,
3102.0,EURGBP,2026-01-28 22:00:00+00:00,-0.9999999999999865,near_1bar,3253.0,2026-01-28 20:00:00+00:00,0.9940983526212914,0.0,1.9940983526212779
3103.0,CADJPY,2026-01-29 10:00:00+00:00,-1.0000000000000049,none,,,,,
3104.0,AUDNZD,2026-02-02 06:00:00+00:00,6.667196837278973,none,,,,,
3105.0,EURCAD,2026-02-02 22:00:00+00:00,-0.9999999999999989,none,,,,,
3106.0,EURGBP,2026-02-05 02:00:00+00:00,-0.9999999999999929,none,,,,,
3107.0,AUDUSD,2026-02-05 22:00:00+00:00,-1.000000000000005,near_1bar,3257.0,2026-02-06 00:00:00+00:00,0.7119545640394154,0.0,1.7119545640394205
3108.0,GBPCAD,2026-02-06 02:00:00+00:00,-0.9999999999999932,near_1bar,3258.0,2026-02-06 00:00:00+00:00,-1.0,0.0,-6.772360450213455e-15
3109.0,GBPCAD,2026-02-13 14:00:00+00:00,-0.9999999999999871,none,,,,,
3110.0,GBPUSD,2026-02-17 14:00:00+00:00,-1.0000000000000067,near_1bar,3262.0,2026-02-17 16:00:00+00:00,-1.0,0.0,6.661338147750939e-15
3111.0,NZDCHF,2026-02-18 14:00:00+00:00,-1.0000000000000036,none,,,,,
3112.0,CADCHF,2026-02-18 22:00:00+00:00,-1.0000000000000133,none,,,,,
3113.0,EURCAD,2026-02-19 14:00:00+00:00,-1.0000000000000138,near_1bar,3264.0,2026-02-19 16:00:00+00:00,0.6563688149699259,0.0,1.6563688149699396
3114.0,EURUSD,2026-02-19 18:00:00+00:00,-1.0000000000000215,none,,,,,
3115.0,GBPUSD,2026-02-22 22:00:00+00:00,-1.0000000000000027,near_1bar,3266.0,2026-02-22 20:00:00+00:00,-1.0,0.0,2.6645352591003757e-15
3116.0,NZDCHF,2026-02-23 22:00:00+00:00,-1.000000000000001,none,,,,,
3117.0,NZDJPY,2026-02-23 22:00:00+00:00,-0.9999999999999911,none,,,,,
3118.0,AUDCAD,2026-03-01 22:00:00+00:00,-0.9999999999999993,none,,,,,
3119.0,NZDCAD,2026-03-01 22:00:00+00:00,-0.9999999999999936,near_1bar,3267.0,2026-03-01 20:00:00+00:00,-1.0,0.0,-6.439293542825908e-15
3120.0,EURCHF,2026-03-02 10:00:00+00:00,-0.9999999999999887,none,,,,,
3121.0,NZDUSD,2026-03-02 22:00:00+00:00,-0.9999999999999902,none,,,,,
3122.0,AUDUSD,2026-03-03 14:00:00+00:00,-1.0000000000000062,near_1bar,3272.0,2026-03-03 16:00:00+00:00,-1.0,0.0,6.217248937900877e-15
3123.0,EURGBP,2026-03-03 22:00:00+00:00,-0.9999999999999859,none,,,,,
3124.0,EURNZD,2026-03-04 22:00:00+00:00,4.094292282133818,near_1bar,3274.0,2026-03-04 20:00:00+00:00,1.546520178611496,0.0,-2.547772103522322
3125.0,USDCAD,2026-03-04 22:00:00+00:00,-0.9999999999999969,near_1bar,3275.0,2026-03-04 20:00:00+00:00,1.3167420478565472,0.0,2.316742047856544
3126.0,AUDCAD,2026-03-10 06:00:00+00:00,-1.000000000000002,near_1bar,3278.0,2026-03-10 04:00:00+00:00,-0.673641503393795,0.0,0.32635849660620697
3127.0,EURNZD,2026-03-11 06:00:00+00:00,4.638502434426154,none,,,,,
3128.0,USDCAD,2026-03-12 18:00:00+00:00,3.433776200171097,near_1bar,3279.0,2026-03-12 16:00:00+00:00,1.6553516638404233,0.0,-1.7784245363306737
3129.0,EURJPY,2026-03-16 06:00:00+00:00,5.334575752781869,near_1bar,3280.0,2026-03-16 08:00:00+00:00,0.57678123840736,0.0,-4.757794514374509
3130.0,GBPUSD,2026-03-16 10:00:00+00:00,-0.9999999999999911,near_1bar,3281.0,2026-03-16 12:00:00+00:00,0.49760106439389873,0.0,1.4976010643938897
3131.0,EURJPY,2026-03-19 14:00:00+00:00,4.732999727391516,near_1bar,3283.0,2026-03-19 16:00:00+00:00,1.6755893056666407,0.0,-3.0574104217248754
3132.0,NZDJPY,2026-03-19 18:00:00+00:00,-0.9999999999999909,near_1bar,3284.0,2026-03-19 16:00:00+00:00,-1.0,0.0,-9.103828801926284e-15
3133.0,CHFJPY,2026-03-20 02:00:00+00:00,-1.0000000000000089,near_1bar,3285.0,2026-03-20 00:00:00+00:00,-1.0,0.0,8.881784197001252e-15
3134.0,AUDCHF,2026-03-22 18:00:00+00:00,-0.9999999999999909,near_1bar,3286.0,2026-03-22 20:00:00+00:00,0.2824220549811904,0.0,1.2824220549811813
3135.0,CADCHF,2026-03-22 18:00:00+00:00,-1.0000000000000049,near_1bar,3287.0,2026-03-22 20:00:00+00:00,-1.0,0.0,4.884981308350689e-15
3136.0,AUDCAD,2026-03-23 10:00:00+00:00,-1.000000000000001,near_1bar,3288.0,2026-03-23 08:00:00+00:00,1.0358127799382983,0.0,2.0358127799382997
3137.0,AUDUSD,2026-03-23 10:00:00+00:00,-1.0000000000000027,none,,,,,
3138.0,USDCHF,2026-03-23 14:00:00+00:00,0.2010881248920957,none,,,,,
3139.0,CADCHF,2026-03-26 02:00:00+00:00,-1.0000000000000147,none,,,,,
3140.0,NZDJPY,2026-03-26 10:00:00+00:00,-0.9999999999999916,none,,,,,
3141.0,AUDNZD,2026-03-29 21:00:00+00:00,2.6213349145432505,near_1bar,3291.0,2026-03-29 20:00:00+00:00,1.335133185104164,0.0,-1.2862017294390866
3142.0,NZDCHF,2026-03-29 21:00:00+00:00,-0.9999999999999946,near_1bar,3292.0,2026-03-29 20:00:00+00:00,0.4288340845354285,0.0,1.428834084535423
3143.0,GBPJPY,2026-03-31 09:00:00+00:00,-0.9999999999999919,none,,,,,
3144.0,AUDCHF,2026-03-31 17:00:00+00:00,1.2469896370016607,near_1bar,3295.0,2026-03-31 16:00:00+00:00,0.920559899187829,0.0,-0.32642973781383167
3145.0,CADCHF,2026-04-02 01:00:00+00:00,-1.000000000000001,none,,,,,
3146.0,NZDCAD,2026-04-02 05:00:00+00:00,2.1634037699454844,none,,,,,
3147.0,NZDCHF,2026-04-02 05:00:00+00:00,-1.0000000000000078,none,,,,,
3148.0,EURAUD,2026-04-06 05:00:00+00:00,-0.9999999999999934,none,,,,,
3149.0,NZDCAD,2026-04-07 17:00:00+00:00,2.649276203163638,none,,,,,
3150.0,NZDCHF,2026-04-07 21:00:00+00:00,0.1632939437179147,none,,,,,
3151.0,USDJPY,2026-04-08 13:00:00+00:00,1.0519705012247387,none,,,,,
3152.0,USDCHF,2026-04-08 21:00:00+00:00,-1.0000000000000078,none,,,,,
,,,,utc_only,1.0,2010-01-22 04:00:00+00:00,-1.0,,
,,,,utc_only,2.0,2010-01-28 04:00:00+00:00,-1.0,,
,,,,utc_only,3.0,2010-01-29 16:00:00+00:00,-1.0,,
,,,,utc_only,10.0,2010-02-12 12:00:00+00:00,-1.0,,
,,,,utc_only,11.0,2010-02-23 04:00:00+00:00,-1.0,,
,,,,utc_only,12.0,2010-02-24 16:00:00+00:00,0.8680107077402858,,
,,,,utc_only,15.0,2010-03-02 08:00:00+00:00,0.5744993197792074,,
,,,,utc_only,17.0,2010-03-05 00:00:00+00:00,0.5447440645937274,,
,,,,utc_only,20.0,2010-03-16 08:00:00+00:00,0.4177235843003151,,
,,,,utc_only,21.0,2010-03-17 20:00:00+00:00,0.9411138827810122,,
,,,,utc_only,23.0,2010-03-22 00:00:00+00:00,1.1777073416292079,,
,,,,utc_only,24.0,2010-03-22 08:00:00+00:00,1.8927470264214952,,
,,,,utc_only,26.0,2010-03-22 16:00:00+00:00,1.6175667688311866,,
,,,,utc_only,27.0,2010-03-24 20:00:00+00:00,0.9305307554059908,,
,,,,utc_only,31.0,2010-03-30 08:00:00+00:00,1.041834156533561,,
,,,,utc_only,32.0,2010-03-31 12:00:00+00:00,0.4405042710140992,,
,,,,utc_only,35.0,2010-04-06 16:00:00+00:00,0.6490736957243735,,
,,,,utc_only,36.0,2010-04-06 16:00:00+00:00,0.9649466946791176,,
,,,,utc_only,37.0,2010-04-07 16:00:00+00:00,0.6203914278954649,,
,,,,utc_only,40.0,2010-04-19 00:00:00+00:00,0.8064296502488159,,
,,,,utc_only,41.0,2010-04-19 08:00:00+00:00,0.8652417661099101,,
,,,,utc_only,45.0,2010-04-19 12:00:00+00:00,0.6361178524193288,,
,,,,utc_only,49.0,2010-04-20 08:00:00+00:00,0.5719762073310822,,
,,,,utc_only,50.0,2010-04-21 08:00:00+00:00,1.9840359515866524,,
,,,,utc_only,53.0,2010-04-22 16:00:00+00:00,-1.0,,
,,,,utc_only,55.0,2010-04-27 04:00:00+00:00,0.7996157031501296,,
,,,,utc_only,56.0,2010-04-28 20:00:00+00:00,-1.0,,
,,,,utc_only,58.0,2010-05-03 04:00:00+00:00,0.8039738601632314,,
,,,,utc_only,62.0,2010-05-06 16:00:00+00:00,-1.0,,
,,,,utc_only,63.0,2010-05-06 20:00:00+00:00,0.8621003716746665,,
,,,,utc_only,65.0,2010-05-06 20:00:00+00:00,-1.0,,
,,,,utc_only,66.0,2010-05-07 12:00:00+00:00,0.1702592432113928,,
,,,,utc_only,67.0,2010-05-10 00:00:00+00:00,-1.0,,
,,,,utc_only,68.0,2010-05-10 00:00:00+00:00,-1.0,,
,,,,utc_only,70.0,2010-05-14 12:00:00+00:00,-1.0,,
,,,,utc_only,72.0,2010-05-27 04:00:00+00:00,-1.0,,
,,,,utc_only,73.0,2010-05-31 16:00:00+00:00,0.8888983118707419,,
,,,,utc_only,74.0,2010-06-01 12:00:00+00:00,0.054299388837241835,,
,,,,utc_only,77.0,2010-06-07 04:00:00+00:00,0.5262018893764907,,
,,,,utc_only,78.0,2010-06-07 04:00:00+00:00,1.0533883825785766,,
,,,,utc_only,79.0,2010-06-07 04:00:00+00:00,0.7774617122055572,,
,,,,utc_only,80.0,2010-06-07 08:00:00+00:00,0.8533039345336357,,
,,,,utc_only,81.0,2010-06-07 12:00:00+00:00,-1.0,,
,,,,utc_only,85.0,2010-06-09 16:00:00+00:00,-1.0,,
,,,,utc_only,86.0,2010-06-10 00:00:00+00:00,1.256037222264357,,
,,,,utc_only,88.0,2010-06-11 12:00:00+00:00,0.744004225086617,,
,,,,utc_only,91.0,2010-06-14 20:00:00+00:00,-1.0,,
,,,,utc_only,94.0,2010-06-21 08:00:00+00:00,-1.0,,
,,,,utc_only,95.0,2010-06-22 12:00:00+00:00,0.5982594769930669,,
,,,,utc_only,96.0,2010-06-22 20:00:00+00:00,-1.0,,
,,,,utc_only,97.0,2010-06-23 08:00:00+00:00,1.68630625020082,,
,,,,utc_only,98.0,2010-06-24 16:00:00+00:00,-1.0,,
,,,,utc_only,99.0,2010-06-25 08:00:00+00:00,0.31043655509800694,,
,,,,utc_only,100.0,2010-06-30 00:00:00+00:00,1.4834969901323967,,
,,,,utc_only,101.0,2010-07-02 00:00:00+00:00,0.552867745880944,,
,,,,utc_only,105.0,2010-07-16 16:00:00+00:00,0.5867003608970571,,
,,,,utc_only,106.0,2010-07-19 08:00:00+00:00,0.6156281220060742,,
,,,,utc_only,110.0,2010-07-23 16:00:00+00:00,-1.0,,
,,,,utc_only,112.0,2010-07-28 20:00:00+00:00,0.15720906708555926,,
,,,,utc_only,113.0,2010-07-30 04:00:00+00:00,-1.0,,
,,,,utc_only,117.0,2010-08-10 16:00:00+00:00,0.4775747350625577,,
,,,,utc_only,119.0,2010-08-12 16:00:00+00:00,-1.0,,
,,,,utc_only,120.0,2010-08-13 00:00:00+00:00,-1.0,,
,,,,utc_only,121.0,2010-08-13 04:00:00+00:00,-1.0,,
,,,,utc_only,122.0,2010-08-13 12:00:00+00:00,-1.0,,
,,,,utc_only,125.0,2010-08-17 00:00:00+00:00,0.6690609925104833,,
,,,,utc_only,127.0,2010-08-18 08:00:00+00:00,0.7169844764031323,,
,,,,utc_only,129.0,2010-08-19 04:00:00+00:00,1.4007548692448075,,
,,,,utc_only,133.0,2010-09-07 08:00:00+00:00,1.0333127092716783,,
,,,,utc_only,134.0,2010-09-08 04:00:00+00:00,2.538964137108451,,
,,,,utc_only,135.0,2010-09-08 04:00:00+00:00,2.7136146231541476,,
,,,,utc_only,138.0,2010-09-16 12:00:00+00:00,0.9992290671489741,,
,,,,utc_only,142.0,2010-09-30 08:00:00+00:00,-1.0,,
,,,,utc_only,144.0,2010-10-05 00:00:00+00:00,0.5358000025578235,,
,,,,utc_only,147.0,2010-10-07 16:00:00+00:00,-1.0,,
,,,,utc_only,148.0,2010-10-12 16:00:00+00:00,0.7912352863425189,,
,,,,utc_only,156.0,2010-10-19 20:00:00+00:00,1.373280197909493,,
,,,,utc_only,157.0,2010-10-19 20:00:00+00:00,0.4984912976910194,,
,,,,utc_only,159.0,2010-10-21 00:00:00+00:00,1.1232838268760763,,
,,,,utc_only,161.0,2010-10-25 16:00:00+00:00,0.4169035950500835,,
,,,,utc_only,164.0,2010-10-31 20:00:00+00:00,0.5347544616639054,,
,,,,utc_only,165.0,2010-11-01 16:00:00+00:00,-1.0,,
,,,,utc_only,167.0,2010-11-08 04:00:00+00:00,-1.0,,
,,,,utc_only,168.0,2010-11-10 04:00:00+00:00,0.6071351147776327,,
,,,,utc_only,169.0,2010-11-10 04:00:00+00:00,-1.0,,
,,,,utc_only,170.0,2010-11-14 20:00:00+00:00,-1.0,,
,,,,utc_only,172.0,2010-11-16 20:00:00+00:00,1.466986640904605,,
,,,,utc_only,175.0,2010-11-23 20:00:00+00:00,0.5037108052380478,,
,,,,utc_only,177.0,2010-11-24 04:00:00+00:00,-1.0,,
,,,,utc_only,179.0,2010-11-29 04:00:00+00:00,-1.0,,
,,,,utc_only,181.0,2010-11-30 20:00:00+00:00,0.7703650910288978,,
,,,,utc_only,183.0,2010-12-03 16:00:00+00:00,0.5149497387537965,,
,,,,utc_only,184.0,2010-12-06 08:00:00+00:00,-1.0,,
,,,,utc_only,186.0,2010-12-08 00:00:00+00:00,-1.0,,
,,,,utc_only,188.0,2010-12-16 20:00:00+00:00,1.2679936580509157,,
,,,,utc_only,190.0,2010-12-20 16:00:00+00:00,1.2177513672118527,,
,,,,utc_only,191.0,2010-12-20 20:00:00+00:00,-1.0,,
,,,,utc_only,192.0,2010-12-21 04:00:00+00:00,0.7797890205070923,,
,,,,utc_only,194.0,2010-12-21 08:00:00+00:00,0.6029626033768172,,
,,,,utc_only,195.0,2010-12-23 20:00:00+00:00,0.17079360238962332,,
,,,,utc_only,196.0,2010-12-27 08:00:00+00:00,0.7652146980841006,,
,,,,utc_only,198.0,2010-12-28 20:00:00+00:00,-1.0,,
,,,,utc_only,200.0,2010-12-30 16:00:00+00:00,0.6988980332652838,,
,,,,utc_only,201.0,2010-12-31 12:00:00+00:00,0.6832078306407181,,
,,,,utc_only,205.0,2011-01-12 12:00:00+00:00,2.16213140203946,,
,,,,utc_only,206.0,2011-01-14 08:00:00+00:00,0.5798573636213891,,
,,,,utc_only,209.0,2011-01-20 16:00:00+00:00,0.8172211422055413,,
,,,,utc_only,210.0,2011-01-21 12:00:00+00:00,2.2143345785963975,,
,,,,utc_only,212.0,2011-01-26 16:00:00+00:00,1.156091200711601,,
,,,,utc_only,213.0,2011-01-31 00:00:00+00:00,1.0747491639243396,,
,,,,utc_only,214.0,2011-02-01 12:00:00+00:00,0.8384350676646342,,
,,,,utc_only,215.0,2011-02-04 12:00:00+00:00,0.541528145006113,,
,,,,utc_only,217.0,2011-02-04 16:00:00+00:00,1.161446861681461,,
,,,,utc_only,218.0,2011-02-09 00:00:00+00:00,1.602610117284809,,
,,,,utc_only,220.0,2011-02-15 08:00:00+00:00,0.5149947991319017,,
,,,,utc_only,223.0,2011-02-22 08:00:00+00:00,1.0342844890401999,,
,,,,utc_only,224.0,2011-02-23 04:00:00+00:00,2.437728621945433,,
,,,,utc_only,226.0,2011-02-28 08:00:00+00:00,2.427784436781468,,
,,,,utc_only,227.0,2011-02-28 08:00:00+00:00,0.9384687454271077,,
,,,,utc_only,228.0,2011-03-02 12:00:00+00:00,0.796845079966944,,
,,,,utc_only,229.0,2011-03-10 08:00:00+00:00,1.9351914186609722,,
,,,,utc_only,230.0,2011-03-10 20:00:00+00:00,0.9867559713741874,,
,,,,utc_only,233.0,2011-03-11 16:00:00+00:00,2.0667879391083672,,
,,,,utc_only,236.0,2011-03-28 00:00:00+00:00,0.5278788375024966,,
,,,,utc_only,237.0,2011-03-29 20:00:00+00:00,-1.0,,
,,,,utc_only,238.0,2011-03-30 00:00:00+00:00,-1.0,,
,,,,utc_only,247.0,2011-04-26 04:00:00+00:00,0.4335576214781141,,
,,,,utc_only,248.0,2011-04-28 20:00:00+00:00,-1.0,,
,,,,utc_only,249.0,2011-05-04 20:00:00+00:00,1.7732725250558286,,
,,,,utc_only,250.0,2011-05-05 20:00:00+00:00,-1.0,,
,,,,utc_only,252.0,2011-05-09 20:00:00+00:00,0.8736212312121794,,
,,,,utc_only,253.0,2011-05-09 20:00:00+00:00,-1.0,,
,,,,utc_only,258.0,2011-05-13 12:00:00+00:00,-1.0,,
,,,,utc_only,262.0,2011-05-26 12:00:00+00:00,-1.0,,
,,,,utc_only,264.0,2011-05-30 12:00:00+00:00,0.30870022009529563,,
,,,,utc_only,265.0,2011-05-30 20:00:00+00:00,1.5096000320545346,,
,,,,utc_only,268.0,2011-06-09 12:00:00+00:00,0.4289794356158634,,
,,,,utc_only,270.0,2011-06-10 20:00:00+00:00,-1.0,,
,,,,utc_only,271.0,2011-06-13 16:00:00+00:00,-1.0,,
,,,,utc_only,272.0,2011-06-13 20:00:00+00:00,1.7033149178129718,,
,,,,utc_only,273.0,2011-06-15 12:00:00+00:00,0.8259936521883449,,
,,,,utc_only,274.0,2011-06-16 20:00:00+00:00,1.0051542356659713,,
,,,,utc_only,276.0,2011-06-20 20:00:00+00:00,0.8155806213883796,,
,,,,utc_only,278.0,2011-06-22 16:00:00+00:00,0.6065278349936953,,
,,,,utc_only,279.0,2011-06-22 20:00:00+00:00,2.5557119745112478,,
,,,,utc_only,282.0,2011-06-27 08:00:00+00:00,0.38997064478046517,,
,,,,utc_only,285.0,2011-06-29 12:00:00+00:00,-1.0,,
,,,,utc_only,287.0,2011-06-29 16:00:00+00:00,0.8836433163350128,,
,,,,utc_only,288.0,2011-07-01 20:00:00+00:00,1.4313894629586659,,
,,,,utc_only,291.0,2011-07-11 16:00:00+00:00,0.5748762695440818,,
,,,,utc_only,297.0,2011-07-13 12:00:00+00:00,0.685848267551745,,
,,,,utc_only,298.0,2011-07-13 12:00:00+00:00,0.8262904796582271,,
,,,,utc_only,300.0,2011-07-13 12:00:00+00:00,1.2062384462237752,,
,,,,utc_only,302.0,2011-07-19 20:00:00+00:00,1.104534963921092,,
,,,,utc_only,305.0,2011-07-28 12:00:00+00:00,1.146713957171678,,
,,,,utc_only,311.0,2011-08-15 08:00:00+00:00,-1.0,,
,,,,utc_only,312.0,2011-08-15 08:00:00+00:00,0.8717511501774773,,
,,,,utc_only,314.0,2011-08-26 16:00:00+00:00,0.8088168853777578,,
,,,,utc_only,315.0,2011-08-26 16:00:00+00:00,0.9301874580590483,,
,,,,utc_only,316.0,2011-08-30 04:00:00+00:00,0.7591819913046505,,
,,,,utc_only,317.0,2011-08-30 04:00:00+00:00,0.7699343915909143,,
,,,,utc_only,318.0,2011-08-30 12:00:00+00:00,-1.0,,
,,,,utc_only,320.0,2011-09-01 04:00:00+00:00,-1.0,,
,,,,utc_only,321.0,2011-09-02 08:00:00+00:00,-1.0,,
,,,,utc_only,322.0,2011-09-05 20:00:00+00:00,1.0425576006304125,,
,,,,utc_only,324.0,2011-09-11 20:00:00+00:00,0.7439160447823063,,
,,,,utc_only,325.0,2011-09-12 08:00:00+00:00,-1.0,,
,,,,utc_only,329.0,2011-09-12 20:00:00+00:00,0.6206709021189427,,
,,,,utc_only,332.0,2011-09-16 08:00:00+00:00,-1.0,,
,,,,utc_only,336.0,2011-09-23 16:00:00+00:00,1.1477717992219252,,
,,,,utc_only,339.0,2011-10-06 12:00:00+00:00,-1.0,,
,,,,utc_only,340.0,2011-10-13 08:00:00+00:00,0.8299615059159045,,
,,,,utc_only,342.0,2011-10-13 12:00:00+00:00,0.6630020385688202,,
,,,,utc_only,341.0,2011-10-13 12:00:00+00:00,1.4687952023808688,,
,,,,utc_only,346.0,2011-10-19 12:00:00+00:00,1.5954684064884948,,
,,,,utc_only,351.0,2011-10-25 12:00:00+00:00,-1.0,,
,,,,utc_only,358.0,2011-11-01 00:00:00+00:00,1.1490006127936399,,
,,,,utc_only,359.0,2011-11-01 12:00:00+00:00,-1.0,,
,,,,utc_only,360.0,2011-11-03 04:00:00+00:00,0.5114722488234785,,
,,,,utc_only,361.0,2011-11-03 04:00:00+00:00,-1.0,,
,,,,utc_only,362.0,2011-11-03 16:00:00+00:00,-1.0,,
,,,,utc_only,363.0,2011-11-04 08:00:00+00:00,0.9976783283164445,,
,,,,utc_only,366.0,2011-11-15 12:00:00+00:00,0.660274688394336,,
,,,,utc_only,367.0,2011-11-16 00:00:00+00:00,0.7438294339608944,,
,,,,utc_only,370.0,2011-11-21 16:00:00+00:00,1.3310411922930514,,
,,,,utc_only,374.0,2011-11-30 00:00:00+00:00,-1.0,,
,,,,utc_only,375.0,2011-11-30 16:00:00+00:00,0.7189702519908963,,
,,,,utc_only,376.0,2011-11-30 20:00:00+00:00,0.6123278358992137,,
,,,,utc_only,377.0,2011-12-08 12:00:00+00:00,0.5155353721933548,,
,,,,utc_only,378.0,2011-12-08 16:00:00+00:00,-1.0,,
,,,,utc_only,380.0,2011-12-15 20:00:00+00:00,2.1391633912119334,,
,,,,utc_only,381.0,2011-12-16 08:00:00+00:00,0.5370738428382402,,
,,,,utc_only,383.0,2011-12-19 08:00:00+00:00,2.133367548603979,,
,,,,utc_only,384.0,2011-12-20 12:00:00+00:00,1.4610691740572976,,
,,,,utc_only,385.0,2011-12-22 16:00:00+00:00,-1.0,,
,,,,utc_only,386.0,2011-12-27 12:00:00+00:00,-1.0,,
,,,,utc_only,388.0,2011-12-30 00:00:00+00:00,0.9058594129726487,,
,,,,utc_only,390.0,2012-01-04 04:00:00+00:00,0.8136384923250521,,
,,,,utc_only,392.0,2012-01-10 08:00:00+00:00,1.0638086446543777,,
,,,,utc_only,393.0,2012-01-13 04:00:00+00:00,1.714137069994916,,
,,,,utc_only,394.0,2012-01-17 08:00:00+00:00,-1.0,,
,,,,utc_only,395.0,2012-01-20 04:00:00+00:00,0.5622819574234984,,
,,,,utc_only,396.0,2012-01-22 20:00:00+00:00,-1.0,,
,,,,utc_only,397.0,2012-01-30 12:00:00+00:00,0.4793423194612234,,
,,,,utc_only,398.0,2012-01-31 16:00:00+00:00,0.5311127056053713,,
,,,,utc_only,399.0,2012-02-03 08:00:00+00:00,1.2799061588978604,,
,,,,utc_only,400.0,2012-02-06 04:00:00+00:00,0.5702765017290212,,
,,,,utc_only,401.0,2012-02-06 12:00:00+00:00,0.6384150882002699,,
,,,,utc_only,402.0,2012-02-08 00:00:00+00:00,0.5752062745282006,,
,,,,utc_only,403.0,2012-02-09 12:00:00+00:00,1.1540471787331712,,
,,,,utc_only,404.0,2012-02-10 08:00:00+00:00,-1.0,,
,,,,utc_only,405.0,2012-02-10 08:00:00+00:00,0.5367719733211038,,
,,,,utc_only,407.0,2012-02-10 20:00:00+00:00,0.6691328546533237,,
,,,,utc_only,408.0,2012-02-13 00:00:00+00:00,0.5847980696290889,,
,,,,utc_only,409.0,2012-02-13 08:00:00+00:00,1.172700948034545,,
,,,,utc_only,410.0,2012-02-13 12:00:00+00:00,0.6782320148988142,,
,,,,utc_only,412.0,2012-02-16 00:00:00+00:00,0.5297945717494056,,
,,,,utc_only,414.0,2012-02-16 12:00:00+00:00,0.7503371494938333,,
,,,,utc_only,415.0,2012-02-17 04:00:00+00:00,1.159347631927456,,
,,,,utc_only,416.0,2012-02-22 12:00:00+00:00,0.6139263986579279,,
,,,,utc_only,417.0,2012-02-22 20:00:00+00:00,1.0365061134523716,,
,,,,utc_only,419.0,2012-02-24 00:00:00+00:00,-1.0,,
,,,,utc_only,422.0,2012-03-02 20:00:00+00:00,1.2361569274376785,,
,,,,utc_only,423.0,2012-03-09 08:00:00+00:00,1.1175918598881087,,
,,,,utc_only,424.0,2012-03-12 00:00:00+00:00,1.165657134514405,,
,,,,utc_only,425.0,2012-03-12 04:00:00+00:00,0.9078260916773198,,
,,,,utc_only,427.0,2012-03-14 12:00:00+00:00,-1.0,,
,,,,utc_only,429.0,2012-03-16 12:00:00+00:00,0.630632101183147,,
,,,,utc_only,431.0,2012-03-20 00:00:00+00:00,0.5241871513617884,,
,,,,utc_only,432.0,2012-03-20 12:00:00+00:00,-1.0,,
,,,,utc_only,433.0,2012-03-21 08:00:00+00:00,0.6432098007546321,,
,,,,utc_only,436.0,2012-03-26 08:00:00+00:00,0.8422186051705258,,
,,,,utc_only,437.0,2012-03-29 08:00:00+00:00,0.7479003255218767,,
,,,,utc_only,441.0,2012-03-29 16:00:00+00:00,-1.0,,
,,,,utc_only,442.0,2012-04-02 20:00:00+00:00,0.6922620445060921,,
,,,,utc_only,443.0,2012-04-03 00:00:00+00:00,1.0065241258789546,,
,,,,utc_only,444.0,2012-04-03 16:00:00+00:00,2.8529838854637894,,
,,,,utc_only,448.0,2012-04-05 12:00:00+00:00,-1.0,,
,,,,utc_only,449.0,2012-04-05 12:00:00+00:00,-1.0,,
,,,,utc_only,450.0,2012-04-09 00:00:00+00:00,3.3528332054578946,,
,,,,utc_only,451.0,2012-04-10 00:00:00+00:00,0.46554200988275396,,
,,,,utc_only,452.0,2012-04-12 12:00:00+00:00,-1.0,,
,,,,utc_only,457.0,2012-04-18 16:00:00+00:00,0.662295852905554,,
,,,,utc_only,462.0,2012-04-27 08:00:00+00:00,-1.0,,
,,,,utc_only,463.0,2012-04-27 16:00:00+00:00,0.0969452022968621,,
,,,,utc_only,464.0,2012-04-27 20:00:00+00:00,0.5033194263167539,,
,,,,utc_only,467.0,2012-05-03 20:00:00+00:00,0.4104822188861621,,
,,,,utc_only,471.0,2012-05-28 12:00:00+00:00,-1.0,,
,,,,utc_only,472.0,2012-05-29 04:00:00+00:00,-1.0,,
,,,,utc_only,475.0,2012-06-05 16:00:00+00:00,0.4260963912706197,,
,,,,utc_only,477.0,2012-06-11 20:00:00+00:00,1.0580380180580038,,
,,,,utc_only,478.0,2012-06-12 00:00:00+00:00,0.5512227790705173,,
,,,,utc_only,482.0,2012-06-28 12:00:00+00:00,-1.0,,
,,,,utc_only,484.0,2012-06-29 00:00:00+00:00,-1.0,,
,,,,utc_only,483.0,2012-06-29 00:00:00+00:00,0.8531366728453247,,
,,,,utc_only,485.0,2012-07-09 00:00:00+00:00,0.6240810397743568,,
,,,,utc_only,487.0,2012-07-13 12:00:00+00:00,0.7172088545671157,,
,,,,utc_only,489.0,2012-07-22 20:00:00+00:00,2.031966022406567,,
,,,,utc_only,490.0,2012-07-23 16:00:00+00:00,2.1128700864899788,,
,,,,utc_only,493.0,2012-07-26 04:00:00+00:00,1.1929650996557222,,
,,,,utc_only,495.0,2012-07-26 08:00:00+00:00,0.9142819638052017,,
,,,,utc_only,496.0,2012-07-26 16:00:00+00:00,-1.0,,
,,,,utc_only,499.0,2012-08-08 16:00:00+00:00,1.0771140948434594,,
,,,,utc_only,501.0,2012-08-13 16:00:00+00:00,-1.0,,
,,,,utc_only,505.0,2012-08-17 12:00:00+00:00,-1.0,,
,,,,utc_only,506.0,2012-08-21 20:00:00+00:00,2.5044947189696325,,
,,,,utc_only,507.0,2012-08-22 16:00:00+00:00,-1.0,,
,,,,utc_only,510.0,2012-08-28 16:00:00+00:00,-1.0,,
,,,,utc_only,511.0,2012-08-28 16:00:00+00:00,3.2916180885470903,,
,,,,utc_only,512.0,2012-08-31 16:00:00+00:00,0.7367916804856799,,
,,,,utc_only,513.0,2012-08-31 16:00:00+00:00,0.2318340115826228,,
,,,,utc_only,514.0,2012-09-04 08:00:00+00:00,0.14810818231091977,,
,,,,utc_only,516.0,2012-09-05 16:00:00+00:00,0.8688754924809693,,
,,,,utc_only,521.0,2012-09-26 08:00:00+00:00,0.8278462096890766,,
,,,,utc_only,522.0,2012-09-26 08:00:00+00:00,-1.0,,
,,,,utc_only,527.0,2012-09-27 16:00:00+00:00,0.4993170431201662,,
,,,,utc_only,528.0,2012-10-01 12:00:00+00:00,0.917187387980783,,
,,,,utc_only,529.0,2012-10-01 12:00:00+00:00,0.6326728155714637,,
,,,,utc_only,530.0,2012-10-02 20:00:00+00:00,0.5277742677799857,,
,,,,utc_only,532.0,2012-10-04 16:00:00+00:00,-1.0,,
,,,,utc_only,534.0,2012-10-08 00:00:00+00:00,0.5491079413524264,,
,,,,utc_only,537.0,2012-10-09 00:00:00+00:00,-1.0,,
,,,,utc_only,542.0,2012-10-26 20:00:00+00:00,0.677028823365711,,
,,,,utc_only,543.0,2012-10-29 08:00:00+00:00,0.48388584637283805,,
,,,,utc_only,544.0,2012-11-02 20:00:00+00:00,0.546718815601307,,
,,,,utc_only,547.0,2012-11-09 00:00:00+00:00,1.5627669616924509,,
,,,,utc_only,548.0,2012-11-09 12:00:00+00:00,2.472909551662169,,
,,,,utc_only,550.0,2012-11-12 16:00:00+00:00,-1.0,,
,,,,utc_only,551.0,2012-11-12 20:00:00+00:00,3.4213680711266385,,
,,,,utc_only,556.0,2012-11-15 00:00:00+00:00,1.8003145315893025,,
,,,,utc_only,554.0,2012-11-15 00:00:00+00:00,0.9792793631808576,,
,,,,utc_only,555.0,2012-11-15 00:00:00+00:00,1.7159019930593,,
,,,,utc_only,557.0,2012-11-16 08:00:00+00:00,-1.0,,
,,,,utc_only,558.0,2012-11-19 00:00:00+00:00,1.7393140299421936,,
,,,,utc_only,559.0,2012-11-19 08:00:00+00:00,0.7497077198238096,,
,,,,utc_only,561.0,2012-11-21 16:00:00+00:00,0.5453624878900112,,
,,,,utc_only,562.0,2012-11-21 20:00:00+00:00,0.4004708782987286,,
,,,,utc_only,563.0,2012-11-23 20:00:00+00:00,-1.0,,
,,,,utc_only,565.0,2012-11-27 00:00:00+00:00,2.1548482338290373,,
,,,,utc_only,564.0,2012-11-27 00:00:00+00:00,0.6354419767053896,,
,,,,utc_only,567.0,2012-12-04 16:00:00+00:00,4.241341780947108,,
,,,,utc_only,569.0,2012-12-07 08:00:00+00:00,1.9627521934158694,,
,,,,utc_only,570.0,2012-12-07 08:00:00+00:00,1.4728112716613038,,
,,,,utc_only,571.0,2012-12-07 08:00:00+00:00,1.3162167498845212,,
,,,,utc_only,573.0,2012-12-09 20:00:00+00:00,1.663977068515131,,
,,,,utc_only,574.0,2012-12-11 08:00:00+00:00,1.0112663993643949,,
,,,,utc_only,575.0,2012-12-24 00:00:00+00:00,0.6620708997148063,,
,,,,utc_only,577.0,2012-12-26 12:00:00+00:00,0.8699685972983058,,
,,,,utc_only,579.0,2012-12-28 20:00:00+00:00,0.7214816803498778,,
,,,,utc_only,580.0,2012-12-31 16:00:00+00:00,4.219988676929436,,
,,,,utc_only,581.0,2012-12-31 16:00:00+00:00,3.9933273254281034,,
,,,,utc_only,582.0,2013-01-02 04:00:00+00:00,0.808444738856109,,
,,,,utc_only,583.0,2013-01-02 16:00:00+00:00,1.2151250365594009,,
,,,,utc_only,586.0,2013-01-11 04:00:00+00:00,1.9938486957077983,,
,,,,utc_only,587.0,2013-01-17 08:00:00+00:00,0.5148235293136246,,
,,,,utc_only,588.0,2013-01-22 16:00:00+00:00,1.3136216311700613,,
,,,,utc_only,589.0,2013-01-23 08:00:00+00:00,1.2021916818501135,,
,,,,utc_only,591.0,2013-01-24 00:00:00+00:00,1.0943134725713786,,
,,,,utc_only,594.0,2013-01-31 04:00:00+00:00,2.3071545555764263,,
,,,,utc_only,595.0,2013-02-01 04:00:00+00:00,1.0074578106692984,,
,,,,utc_only,598.0,2013-02-15 00:00:00+00:00,-1.0,,
,,,,utc_only,600.0,2013-02-15 12:00:00+00:00,0.09079282900463442,,
,,,,utc_only,604.0,2013-02-20 12:00:00+00:00,1.0885224103769722,,
,,,,utc_only,605.0,2013-02-20 12:00:00+00:00,0.6459192889311987,,
,,,,utc_only,606.0,2013-02-21 04:00:00+00:00,0.2702265699357533,,
,,,,utc_only,607.0,2013-02-27 16:00:00+00:00,1.3826107974212287,,
,,,,utc_only,608.0,2013-02-27 16:00:00+00:00,0.6508326063426084,,
,,,,utc_only,609.0,2013-02-27 16:00:00+00:00,1.0285591286529603,,
,,,,utc_only,611.0,2013-03-04 12:00:00+00:00,0.691990912380777,,
,,,,utc_only,612.0,2013-03-05 20:00:00+00:00,1.2457815276087576,,
,,,,utc_only,614.0,2013-03-08 20:00:00+00:00,1.4126442999774975,,
,,,,utc_only,615.0,2013-03-15 00:00:00+00:00,0.4574673715788221,,
,,,,utc_only,617.0,2013-03-19 16:00:00+00:00,0.7328935754201356,,
,,,,utc_only,621.0,2013-03-25 08:00:00+00:00,0.8010672409994659,,
,,,,utc_only,622.0,2013-03-25 20:00:00+00:00,1.858990151742857,,
,,,,utc_only,623.0,2013-03-25 20:00:00+00:00,1.899866573924437,,
,,,,utc_only,624.0,2013-03-26 00:00:00+00:00,1.942548922397445,,
,,,,utc_only,625.0,2013-03-27 12:00:00+00:00,0.3942926863281144,,
,,,,utc_only,626.0,2013-03-29 00:00:00+00:00,1.4692140773420659,,
,,,,utc_only,627.0,2013-04-01 16:00:00+00:00,3.2360582586580064,,
,,,,utc_only,628.0,2013-04-03 04:00:00+00:00,1.1987628533919539,,
,,,,utc_only,630.0,2013-04-03 16:00:00+00:00,1.1325245239290225,,
,,,,utc_only,633.0,2013-04-05 04:00:00+00:00,0.728490251058608,,
,,,,utc_only,635.0,2013-04-19 00:00:00+00:00,-1.0,,
,,,,utc_only,636.0,2013-04-21 20:00:00+00:00,1.0355465785532143,,
,,,,utc_only,638.0,2013-04-23 08:00:00+00:00,-1.0,,
,,,,utc_only,639.0,2013-04-23 08:00:00+00:00,0.6247527525269883,,
,,,,utc_only,641.0,2013-04-24 16:00:00+00:00,-1.0,,
,,,,utc_only,642.0,2013-04-25 00:00:00+00:00,-1.0,,
,,,,utc_only,643.0,2013-05-01 16:00:00+00:00,0.5696219124003292,,
,,,,utc_only,646.0,2013-05-03 00:00:00+00:00,1.376469474845434,,
,,,,utc_only,648.0,2013-05-07 16:00:00+00:00,-1.0,,
,,,,utc_only,649.0,2013-05-08 20:00:00+00:00,-1.0,,
,,,,utc_only,650.0,2013-05-09 20:00:00+00:00,1.3375393973432035,,
,,,,utc_only,651.0,2013-05-14 16:00:00+00:00,-1.0,,
,,,,utc_only,652.0,2013-05-17 12:00:00+00:00,-1.0,,
,,,,utc_only,653.0,2013-05-17 16:00:00+00:00,-1.0,,
,,,,utc_only,654.0,2013-05-21 16:00:00+00:00,-1.0,,
,,,,utc_only,656.0,2013-05-23 08:00:00+00:00,-1.0,,
,,,,utc_only,661.0,2013-05-29 16:00:00+00:00,-1.0,,
,,,,utc_only,660.0,2013-05-29 16:00:00+00:00,-1.0,,
,,,,utc_only,667.0,2013-06-09 20:00:00+00:00,-1.0,,
,,,,utc_only,670.0,2013-06-12 20:00:00+00:00,-1.0,,
,,,,utc_only,671.0,2013-06-13 16:00:00+00:00,1.5804116811399913,,
,,,,utc_only,672.0,2013-06-24 08:00:00+00:00,-1.0,,
,,,,utc_only,673.0,2013-06-26 16:00:00+00:00,0.515995513160433,,
,,,,utc_only,674.0,2013-07-02 12:00:00+00:00,0.5928066325402883,,
,,,,utc_only,678.0,2013-07-05 16:00:00+00:00,0.572640680406507,,
,,,,utc_only,680.0,2013-07-10 12:00:00+00:00,0.8620736869039591,,
,,,,utc_only,682.0,2013-07-11 08:00:00+00:00,0.6458091053091987,,
,,,,utc_only,685.0,2013-07-15 00:00:00+00:00,0.41320025487034723,,
,,,,utc_only,688.0,2013-07-17 12:00:00+00:00,-1.0,,
,,,,utc_only,689.0,2013-07-25 12:00:00+00:00,1.413769232361219,,
,,,,utc_only,691.0,2013-07-29 12:00:00+00:00,0.6244348067364087,,
,,,,utc_only,697.0,2013-08-02 04:00:00+00:00,0.9843815943949841,,
,,,,utc_only,699.0,2013-08-02 12:00:00+00:00,1.1283223997127716,,
,,,,utc_only,700.0,2013-08-07 16:00:00+00:00,-1.0,,
,,,,utc_only,701.0,2013-08-08 20:00:00+00:00,0.7148922394426962,,
,,,,utc_only,702.0,2013-08-09 04:00:00+00:00,0.6954264444908318,,
,,,,utc_only,704.0,2013-08-19 04:00:00+00:00,1.471906800879609,,
,,,,utc_only,709.0,2013-08-28 00:00:00+00:00,1.25618203285833,,
,,,,utc_only,708.0,2013-08-28 00:00:00+00:00,1.002356844272811,,
,,,,utc_only,714.0,2013-08-29 04:00:00+00:00,2.1187935588155344,,
,,,,utc_only,715.0,2013-08-30 16:00:00+00:00,0.6533575501459057,,
,,,,utc_only,716.0,2013-09-04 16:00:00+00:00,-1.0,,
,,,,utc_only,717.0,2013-09-05 04:00:00+00:00,-1.0,,
,,,,utc_only,718.0,2013-09-12 00:00:00+00:00,0.6405106047765383,,
,,,,utc_only,721.0,2013-09-20 00:00:00+00:00,0.5200367533733737,,
,,,,utc_only,722.0,2013-09-25 12:00:00+00:00,-1.0,,
,,,,utc_only,728.0,2013-10-08 04:00:00+00:00,1.0409544324965943,,
,,,,utc_only,730.0,2013-10-10 00:00:00+00:00,1.0522267581953542,,
,,,,utc_only,731.0,2013-10-11 00:00:00+00:00,0.5031298349362484,,
,,,,utc_only,732.0,2013-10-14 12:00:00+00:00,1.0216366191811597,,
,,,,utc_only,733.0,2013-10-15 12:00:00+00:00,1.6447101525778403,,
,,,,utc_only,736.0,2013-10-18 16:00:00+00:00,1.4710308093475626,,
,,,,utc_only,737.0,2013-10-24 20:00:00+00:00,0.394892512875207,,
,,,,utc_only,739.0,2013-10-29 04:00:00+00:00,0.6076437323756724,,
,,,,utc_only,742.0,2013-10-30 04:00:00+00:00,0.5326742957706903,,
,,,,utc_only,743.0,2013-10-30 04:00:00+00:00,0.440047098109286,,
,,,,utc_only,741.0,2013-10-30 04:00:00+00:00,1.1207570323807112,,
,,,,utc_only,744.0,2013-10-31 20:00:00+00:00,0.8451363441870401,,
,,,,utc_only,745.0,2013-11-01 12:00:00+00:00,0.4977776370975753,,
,,,,utc_only,747.0,2013-11-04 20:00:00+00:00,0.5466915344882124,,
,,,,utc_only,748.0,2013-11-18 16:00:00+00:00,-1.0,,
,,,,utc_only,749.0,2013-11-20 08:00:00+00:00,0.4721268227323773,,
,,,,utc_only,750.0,2013-11-21 12:00:00+00:00,-1.0,,
,,,,utc_only,751.0,2013-11-22 16:00:00+00:00,0.7763044996544513,,
,,,,utc_only,753.0,2013-12-03 12:00:00+00:00,1.177669589892525,,
,,,,utc_only,754.0,2013-12-05 08:00:00+00:00,1.3251204192818684,,
,,,,utc_only,755.0,2013-12-12 04:00:00+00:00,0.689830348776999,,
,,,,utc_only,757.0,2013-12-16 04:00:00+00:00,1.5895915000914755,,
,,,,utc_only,759.0,2013-12-17 16:00:00+00:00,1.2137667107506216,,
,,,,utc_only,761.0,2013-12-18 16:00:00+00:00,0.6443051453874805,,
,,,,utc_only,762.0,2013-12-18 16:00:00+00:00,0.7367861558098607,,
,,,,utc_only,763.0,2013-12-20 12:00:00+00:00,1.7202708821986126,,
,,,,utc_only,764.0,2013-12-23 20:00:00+00:00,0.973755670602275,,
,,,,utc_only,765.0,2013-12-26 16:00:00+00:00,-1.0,,
,,,,utc_only,766.0,2013-12-27 08:00:00+00:00,2.5951409742812794,,
,,,,utc_only,768.0,2014-01-02 16:00:00+00:00,1.158408228766778,,
,,,,utc_only,769.0,2014-01-06 08:00:00+00:00,0.5378725924289061,,
,,,,utc_only,770.0,2014-01-08 04:00:00+00:00,1.0729591147862272,,
,,,,utc_only,773.0,2014-01-14 04:00:00+00:00,1.2026815721549875,,
,,,,utc_only,776.0,2014-01-14 16:00:00+00:00,-1.0,,
,,,,utc_only,781.0,2014-01-20 16:00:00+00:00,0.3207850490515918,,
,,,,utc_only,784.0,2014-01-24 00:00:00+00:00,0.1437285470413156,,
,,,,utc_only,785.0,2014-01-27 00:00:00+00:00,1.1589634120599466,,
,,,,utc_only,787.0,2014-01-28 20:00:00+00:00,-1.0,,
,,,,utc_only,788.0,2014-02-03 16:00:00+00:00,-1.0,,
,,,,utc_only,790.0,2014-02-05 04:00:00+00:00,-1.0,,
,,,,utc_only,791.0,2014-02-05 08:00:00+00:00,0.6094852159102068,,
,,,,utc_only,792.0,2014-02-05 12:00:00+00:00,0.6450437531960723,,
,,,,utc_only,793.0,2014-02-10 20:00:00+00:00,0.6450748083225256,,
,,,,utc_only,794.0,2014-02-11 08:00:00+00:00,0.5624133931101284,,
,,,,utc_only,795.0,2014-02-11 08:00:00+00:00,0.9789727466663669,,
,,,,utc_only,797.0,2014-02-18 04:00:00+00:00,0.5698795026920129,,
,,,,utc_only,798.0,2014-02-20 08:00:00+00:00,0.24849311077401748,,
,,,,utc_only,799.0,2014-02-24 12:00:00+00:00,-1.0,,
,,,,utc_only,800.0,2014-02-25 00:00:00+00:00,0.6272265467798931,,
,,,,utc_only,802.0,2014-02-27 12:00:00+00:00,0.8350317191981689,,
,,,,utc_only,804.0,2014-02-27 16:00:00+00:00,0.5863904964778899,,
,,,,utc_only,805.0,2014-02-27 20:00:00+00:00,0.9186845626879142,,
,,,,utc_only,806.0,2014-02-28 12:00:00+00:00,0.24862736823455706,,
,,,,utc_only,807.0,2014-03-03 04:00:00+00:00,0.84300703983227,,
,,,,utc_only,808.0,2014-03-03 12:00:00+00:00,1.1150032334945923,,
,,,,utc_only,812.0,2014-03-10 20:00:00+00:00,0.7022665873169591,,
,,,,utc_only,813.0,2014-03-14 20:00:00+00:00,0.702989023052869,,
,,,,utc_only,814.0,2014-03-18 16:00:00+00:00,0.6121441467611729,,
,,,,utc_only,815.0,2014-03-20 04:00:00+00:00,0.6201133415737126,,
,,,,utc_only,816.0,2014-03-31 12:00:00+00:00,-1.0,,
,,,,utc_only,817.0,2014-04-03 12:00:00+00:00,0.6229346564456528,,
,,,,utc_only,818.0,2014-04-08 20:00:00+00:00,0.886079471396753,,
,,,,utc_only,820.0,2014-04-09 16:00:00+00:00,0.43228444194799287,,
,,,,utc_only,821.0,2014-04-14 20:00:00+00:00,0.5022311411458741,,
,,,,utc_only,825.0,2014-04-16 16:00:00+00:00,0.44405786458669155,,
,,,,utc_only,826.0,2014-04-17 12:00:00+00:00,0.758299724669212,,
,,,,utc_only,827.0,2014-04-22 00:00:00+00:00,0.7054694805600006,,
,,,,utc_only,828.0,2014-04-24 12:00:00+00:00,0.6250041908522724,,
,,,,utc_only,830.0,2014-04-28 04:00:00+00:00,0.48929512179585327,,
,,,,utc_only,834.0,2014-04-30 12:00:00+00:00,-1.0,,
,,,,utc_only,839.0,2014-05-05 12:00:00+00:00,-1.0,,
,,,,utc_only,841.0,2014-05-07 08:00:00+00:00,0.49402306724822537,,
,,,,utc_only,844.0,2014-05-08 16:00:00+00:00,0.8894433628798245,,
,,,,utc_only,848.0,2014-05-15 16:00:00+00:00,0.2073083144800189,,
,,,,utc_only,849.0,2014-05-20 12:00:00+00:00,1.5483380917065663,,
,,,,utc_only,851.0,2014-05-27 12:00:00+00:00,0.8253030481070025,,
,,,,utc_only,854.0,2014-05-29 20:00:00+00:00,1.2839960922911071,,
,,,,utc_only,855.0,2014-06-06 04:00:00+00:00,1.5867213670317306,,
,,,,utc_only,856.0,2014-06-06 08:00:00+00:00,1.22371173374524,,
,,,,utc_only,857.0,2014-06-06 12:00:00+00:00,-1.0,,
,,,,utc_only,858.0,2014-06-06 12:00:00+00:00,0.2790687353428691,,
,,,,utc_only,861.0,2014-06-11 12:00:00+00:00,0.8150596278444447,,
,,,,utc_only,865.0,2014-06-18 16:00:00+00:00,-1.0,,
,,,,utc_only,866.0,2014-06-18 16:00:00+00:00,1.1147964284729452,,
,,,,utc_only,867.0,2014-06-19 08:00:00+00:00,-1.0,,
,,,,utc_only,869.0,2014-06-25 08:00:00+00:00,1.2432752254855401,,
,,,,utc_only,871.0,2014-06-25 20:00:00+00:00,0.5880126861354068,,
,,,,utc_only,873.0,2014-07-01 00:00:00+00:00,0.9656701105889838,,
,,,,utc_only,875.0,2014-07-04 12:00:00+00:00,0.5619520359576401,,
,,,,utc_only,876.0,2014-07-11 00:00:00+00:00,0.26628342918059267,,
,,,,utc_only,878.0,2014-07-14 16:00:00+00:00,1.6802089914540381,,
,,,,utc_only,879.0,2014-07-14 20:00:00+00:00,0.51355221222182,,
,,,,utc_only,880.0,2014-07-16 12:00:00+00:00,-1.0,,
,,,,utc_only,883.0,2014-07-18 00:00:00+00:00,-1.0,,
,,,,utc_only,884.0,2014-07-18 16:00:00+00:00,-1.0,,
,,,,utc_only,889.0,2014-07-24 12:00:00+00:00,1.0328095878570953,,
,,,,utc_only,890.0,2014-08-05 04:00:00+00:00,-1.0,,
,,,,utc_only,893.0,2014-08-08 00:00:00+00:00,0.438800354106002,,
,,,,utc_only,895.0,2014-08-14 12:00:00+00:00,0.6916161779566103,,
,,,,utc_only,898.0,2014-08-18 20:00:00+00:00,0.5521220664007634,,
,,,,utc_only,899.0,2014-08-19 04:00:00+00:00,-1.0,,
,,,,utc_only,908.0,2014-09-10 16:00:00+00:00,0.500548847049217,,
,,,,utc_only,910.0,2014-09-10 20:00:00+00:00,1.030149373258602,,
,,,,utc_only,911.0,2014-09-14 20:00:00+00:00,1.1828182451911546,,
,,,,utc_only,912.0,2014-09-15 04:00:00+00:00,0.8794221094186162,,
,,,,utc_only,918.0,2014-10-08 08:00:00+00:00,2.5585650092569527,,
,,,,utc_only,919.0,2014-10-08 16:00:00+00:00,-1.0,,
,,,,utc_only,921.0,2014-10-14 16:00:00+00:00,0.6921018794158948,,
,,,,utc_only,923.0,2014-10-21 16:00:00+00:00,0.26998430997439143,,
,,,,utc_only,924.0,2014-10-23 08:00:00+00:00,-1.0,,
,,,,utc_only,925.0,2014-10-28 16:00:00+00:00,1.359276994520281,,
,,,,utc_only,926.0,2014-10-29 04:00:00+00:00,0.7543873567650036,,
,,,,utc_only,927.0,2014-10-29 16:00:00+00:00,0.032369453104484136,,
,,,,utc_only,928.0,2014-10-30 04:00:00+00:00,0.9229842171881881,,
,,,,utc_only,933.0,2014-10-31 12:00:00+00:00,0.5363851085433633,,
,,,,utc_only,934.0,2014-11-03 16:00:00+00:00,1.3140114895135415,,
,,,,utc_only,935.0,2014-11-04 00:00:00+00:00,-1.0,,
,,,,utc_only,936.0,2014-11-04 12:00:00+00:00,-1.0,,
,,,,utc_only,941.0,2014-11-10 08:00:00+00:00,-1.0,,
,,,,utc_only,942.0,2014-11-10 08:00:00+00:00,-1.0,,
,,,,utc_only,943.0,2014-11-10 12:00:00+00:00,0.7408208581172447,,
,,,,utc_only,944.0,2014-11-11 08:00:00+00:00,-1.0,,
,,,,utc_only,945.0,2014-11-12 20:00:00+00:00,0.3085883788592022,,
,,,,utc_only,946.0,2014-11-17 08:00:00+00:00,1.392667333545465,,
,,,,utc_only,947.0,2014-11-19 20:00:00+00:00,0.34766959582162466,,
,,,,utc_only,948.0,2014-11-20 08:00:00+00:00,0.8629092034003348,,
,,,,utc_only,951.0,2014-11-25 12:00:00+00:00,-1.0,,
,,,,utc_only,952.0,2014-11-27 00:00:00+00:00,-1.0,,
,,,,utc_only,953.0,2014-12-03 04:00:00+00:00,-1.0,,
,,,,utc_only,954.0,2014-12-04 12:00:00+00:00,0.5811942044666893,,
,,,,utc_only,957.0,2014-12-08 20:00:00+00:00,-1.0,,
,,,,utc_only,958.0,2014-12-09 20:00:00+00:00,0.5198552432885122,,
,,,,utc_only,959.0,2014-12-10 20:00:00+00:00,0.0,,
,,,,utc_only,960.0,2014-12-11 04:00:00+00:00,2.327896497895612,,
,,,,utc_only,961.0,2014-12-11 04:00:00+00:00,-1.0,,
,,,,utc_only,962.0,2014-12-11 20:00:00+00:00,1.0850075105874857,,
,,,,utc_only,963.0,2014-12-15 16:00:00+00:00,1.3591814569456084,,
,,,,utc_only,964.0,2014-12-16 12:00:00+00:00,0.0,,
,,,,utc_only,965.0,2014-12-17 16:00:00+00:00,-0.5371116995192455,,
,,,,utc_only,966.0,2014-12-18 04:00:00+00:00,-1.0,,
,,,,utc_only,967.0,2014-12-18 08:00:00+00:00,-1.0,,
,,,,utc_only,969.0,2014-12-24 12:00:00+00:00,-1.0,,
,,,,utc_only,973.0,2015-01-05 12:00:00+00:00,0.6736475693119282,,
,,,,utc_only,974.0,2015-01-06 08:00:00+00:00,-1.0,,
,,,,utc_only,975.0,2015-01-07 08:00:00+00:00,0.0,,
,,,,utc_only,977.0,2015-01-25 20:00:00+00:00,-1.0,,
,,,,utc_only,979.0,2015-01-29 20:00:00+00:00,-1.0,,
,,,,utc_only,980.0,2015-01-30 16:00:00+00:00,0.7908214892270361,,
,,,,utc_only,983.0,2015-02-16 12:00:00+00:00,0.424433951655247,,
,,,,utc_only,984.0,2015-02-17 12:00:00+00:00,0.7104124003347185,,
,,,,utc_only,985.0,2015-02-18 20:00:00+00:00,-1.0,,
,,,,utc_only,988.0,2015-02-20 12:00:00+00:00,-1.0,,
,,,,utc_only,989.0,2015-02-23 20:00:00+00:00,0.6780170284370003,,
,,,,utc_only,993.0,2015-03-05 16:00:00+00:00,0.9147493436242831,,
,,,,utc_only,995.0,2015-03-11 00:00:00+00:00,1.1304131131519428,,
,,,,utc_only,996.0,2015-03-11 20:00:00+00:00,-1.0,,
,,,,utc_only,997.0,2015-03-12 04:00:00+00:00,0.5510368533963377,,
,,,,utc_only,999.0,2015-03-17 16:00:00+00:00,-1.0,,
,,,,utc_only,1000.0,2015-03-19 04:00:00+00:00,-1.0,,
,,,,utc_only,1001.0,2015-03-19 20:00:00+00:00,-1.0,,
,,,,utc_only,1002.0,2015-03-24 12:00:00+00:00,0.6496327467270875,,
,,,,utc_only,1003.0,2015-03-24 12:00:00+00:00,-1.0,,
,,,,utc_only,1004.0,2015-03-26 04:00:00+00:00,0.5070755279775012,,
,,,,utc_only,1005.0,2015-03-30 04:00:00+00:00,0.632233865260627,,
,,,,utc_only,1006.0,2015-03-30 20:00:00+00:00,-1.0,,
,,,,utc_only,1007.0,2015-03-31 08:00:00+00:00,0.5215298602269484,,
,,,,utc_only,1008.0,2015-03-31 12:00:00+00:00,0.8092171296837827,,
,,,,utc_only,1009.0,2015-04-03 08:00:00+00:00,-1.0,,
,,,,utc_only,1011.0,2015-04-09 12:00:00+00:00,-1.0,,
,,,,utc_only,1015.0,2015-04-14 12:00:00+00:00,1.3882520112859935,,
,,,,utc_only,1019.0,2015-04-16 16:00:00+00:00,1.2787607941861672,,
,,,,utc_only,1022.0,2015-04-19 20:00:00+00:00,1.617427589380518,,
,,,,utc_only,1026.0,2015-04-27 04:00:00+00:00,-1.0,,
,,,,utc_only,1028.0,2015-04-30 08:00:00+00:00,-1.0,,
,,,,utc_only,1030.0,2015-05-08 00:00:00+00:00,0.5794133041215171,,
,,,,utc_only,1032.0,2015-05-14 04:00:00+00:00,-1.0,,
,,,,utc_only,1033.0,2015-05-14 08:00:00+00:00,3.242180347892753,,
,,,,utc_only,1034.0,2015-05-19 16:00:00+00:00,0.3854450271053099,,
,,,,utc_only,1035.0,2015-05-21 12:00:00+00:00,0.8337210244722266,,
,,,,utc_only,1037.0,2015-05-24 20:00:00+00:00,1.1709604316016597,,
,,,,utc_only,1038.0,2015-05-25 04:00:00+00:00,2.0511003067209512,,
,,,,utc_only,1040.0,2015-05-26 08:00:00+00:00,1.591466726538389,,
,,,,utc_only,1041.0,2015-05-26 12:00:00+00:00,1.8326881263445127,,
,,,,utc_only,1042.0,2015-05-29 04:00:00+00:00,-1.0,,
,,,,utc_only,1043.0,2015-05-29 12:00:00+00:00,0.7634861330594851,,
,,,,utc_only,1044.0,2015-06-01 04:00:00+00:00,-1.0,,
,,,,utc_only,1045.0,2015-06-01 12:00:00+00:00,-1.0,,
,,,,utc_only,1046.0,2015-06-02 08:00:00+00:00,1.3293593710749094,,
,,,,utc_only,1047.0,2015-06-02 16:00:00+00:00,0.6492508526916201,,
,,,,utc_only,1048.0,2015-06-03 08:00:00+00:00,1.709031078554052,,
,,,,utc_only,1049.0,2015-06-05 12:00:00+00:00,-1.0,,
,,,,utc_only,1050.0,2015-06-08 12:00:00+00:00,1.7700511505812242,,
,,,,utc_only,1051.0,2015-06-08 16:00:00+00:00,-1.0,,
,,,,utc_only,1053.0,2015-06-12 12:00:00+00:00,0.8697811861753331,,
,,,,utc_only,1058.0,2015-06-23 08:00:00+00:00,0.9707743372051305,,
,,,,utc_only,1063.0,2015-06-29 00:00:00+00:00,0.7095804495195837,,
,,,,utc_only,1064.0,2015-06-29 04:00:00+00:00,1.1574599201186193,,
,,,,utc_only,1068.0,2015-07-06 12:00:00+00:00,0.7142894350881085,,
,,,,utc_only,1069.0,2015-07-09 08:00:00+00:00,1.1463878639349094,,
,,,,utc_only,1071.0,2015-07-21 08:00:00+00:00,0.6604629256962716,,
,,,,utc_only,1078.0,2015-07-29 16:00:00+00:00,1.0185542786526165,,
,,,,utc_only,1079.0,2015-07-31 12:00:00+00:00,-1.0,,
,,,,utc_only,1083.0,2015-08-04 20:00:00+00:00,1.183228032528863,,
,,,,utc_only,1085.0,2015-08-06 12:00:00+00:00,1.089330119390539,,
,,,,utc_only,1089.0,2015-08-11 20:00:00+00:00,0.9592377401610939,,
,,,,utc_only,1090.0,2015-08-19 16:00:00+00:00,-1.0,,
,,,,utc_only,1092.0,2015-08-24 16:00:00+00:00,-1.0,,
,,,,utc_only,1103.0,2015-09-22 16:00:00+00:00,-1.0,,
,,,,utc_only,1104.0,2015-09-22 16:00:00+00:00,1.9605440469641073,,
,,,,utc_only,1105.0,2015-09-22 16:00:00+00:00,0.4369646645344095,,
,,,,utc_only,1110.0,2015-09-24 16:00:00+00:00,0.5589732699753303,,
,,,,utc_only,1111.0,2015-09-25 08:00:00+00:00,-1.0,,
,,,,utc_only,1115.0,2015-09-29 08:00:00+00:00,1.7094510067332338,,
,,,,utc_only,1116.0,2015-09-29 20:00:00+00:00,0.6658869410900332,,
,,,,utc_only,1117.0,2015-09-30 20:00:00+00:00,-1.0,,
,,,,utc_only,1118.0,2015-10-02 16:00:00+00:00,0.18444976459596923,,
,,,,utc_only,1119.0,2015-10-05 00:00:00+00:00,0.8562056084282763,,
,,,,utc_only,1121.0,2015-10-07 08:00:00+00:00,-1.0,,
,,,,utc_only,1122.0,2015-10-07 12:00:00+00:00,0.3018638713795322,,
,,,,utc_only,1123.0,2015-10-08 12:00:00+00:00,0.7313149418873574,,
,,,,utc_only,1128.0,2015-10-20 12:00:00+00:00,0.9999594202901259,,
,,,,utc_only,1130.0,2015-10-22 08:00:00+00:00,0.7237501729918359,,
,,,,utc_only,1135.0,2015-10-29 08:00:00+00:00,-1.0,,
,,,,utc_only,1138.0,2015-11-10 20:00:00+00:00,0.5487695834955622,,
,,,,utc_only,1139.0,2015-11-16 12:00:00+00:00,3.3575038119519385,,
,,,,utc_only,1140.0,2015-11-19 16:00:00+00:00,0.5301195724583977,,
,,,,utc_only,1141.0,2015-11-23 20:00:00+00:00,-1.0,,
,,,,utc_only,1142.0,2015-11-24 16:00:00+00:00,-1.0,,
,,,,utc_only,1144.0,2015-11-27 08:00:00+00:00,0.5,,
,,,,utc_only,1145.0,2015-11-30 04:00:00+00:00,0.47882286984792105,,
,,,,utc_only,1146.0,2015-12-03 08:00:00+00:00,-1.0,,
,,,,utc_only,1149.0,2015-12-03 20:00:00+00:00,0.738712762197914,,
,,,,utc_only,1150.0,2015-12-03 20:00:00+00:00,-1.0,,
,,,,utc_only,1155.0,2015-12-15 20:00:00+00:00,1.0772962879546113,,
,,,,utc_only,1157.0,2015-12-16 16:00:00+00:00,-1.0,,
,,,,utc_only,1160.0,2015-12-24 00:00:00+00:00,1.3084891422111435,,
,,,,utc_only,1161.0,2015-12-24 04:00:00+00:00,0.6093207283463816,,
,,,,utc_only,1162.0,2015-12-29 16:00:00+00:00,-1.0,,
,,,,utc_only,1163.0,2015-12-30 20:00:00+00:00,1.1578671801073797,,
,,,,utc_only,1164.0,2016-01-03 20:00:00+00:00,0.5130454651337356,,
,,,,utc_only,1168.0,2016-01-05 16:00:00+00:00,-1.0,,
,,,,utc_only,1169.0,2016-01-07 04:00:00+00:00,0.863445956886268,,
,,,,utc_only,1170.0,2016-01-08 12:00:00+00:00,1.305032847526509,,
,,,,utc_only,1171.0,2016-01-19 16:00:00+00:00,-1.0,,
,,,,utc_only,1172.0,2016-01-19 20:00:00+00:00,-1.0,,
,,,,utc_only,1173.0,2016-01-21 16:00:00+00:00,1.4992658631800437,,
,,,,utc_only,1175.0,2016-01-25 04:00:00+00:00,-1.0,,
,,,,utc_only,1176.0,2016-01-25 20:00:00+00:00,-1.0,,
,,,,utc_only,1177.0,2016-02-03 08:00:00+00:00,-1.0,,
,,,,utc_only,1179.0,2016-02-07 20:00:00+00:00,1.5091932581234946,,
,,,,utc_only,1180.0,2016-02-08 16:00:00+00:00,-1.0,,
,,,,utc_only,1181.0,2016-02-09 00:00:00+00:00,-1.0,,
,,,,utc_only,1182.0,2016-02-09 04:00:00+00:00,0.256755833265467,,
,,,,utc_only,1183.0,2016-02-09 04:00:00+00:00,0.6433457834391174,,
,,,,utc_only,1184.0,2016-02-09 04:00:00+00:00,-1.0,,
,,,,utc_only,1186.0,2016-02-10 12:00:00+00:00,0.5704518988099687,,
,,,,utc_only,1191.0,2016-02-15 00:00:00+00:00,-1.0,,
,,,,utc_only,1190.0,2016-02-15 00:00:00+00:00,0.5802656639965368,,
,,,,utc_only,1189.0,2016-02-15 00:00:00+00:00,0.8789712676009416,,
,,,,utc_only,1188.0,2016-02-15 00:00:00+00:00,0.7708407797187928,,
,,,,utc_only,1187.0,2016-02-15 00:00:00+00:00,1.4424368957061882,,
,,,,utc_only,1192.0,2016-02-15 20:00:00+00:00,-1.0,,
,,,,utc_only,1194.0,2016-02-17 04:00:00+00:00,-1.0,,
,,,,utc_only,1196.0,2016-02-19 12:00:00+00:00,-1.0,,
,,,,utc_only,1197.0,2016-02-22 12:00:00+00:00,-1.0,,
,,,,utc_only,1198.0,2016-02-24 16:00:00+00:00,1.4001845210349022,,
,,,,utc_only,1199.0,2016-02-24 16:00:00+00:00,0.5551011945988515,,
,,,,utc_only,1201.0,2016-03-02 16:00:00+00:00,0.7643115416231412,,
,,,,utc_only,1203.0,2016-03-10 20:00:00+00:00,0.532582133274877,,
,,,,utc_only,1204.0,2016-03-15 08:00:00+00:00,-1.0,,
,,,,utc_only,1205.0,2016-03-16 08:00:00+00:00,0.9375055943494768,,
,,,,utc_only,1207.0,2016-03-16 16:00:00+00:00,0.5300342571473307,,
,,,,utc_only,1208.0,2016-03-16 20:00:00+00:00,-1.0,,
,,,,utc_only,1209.0,2016-03-17 08:00:00+00:00,0.45586888578371276,,
,,,,utc_only,1210.0,2016-03-17 12:00:00+00:00,-1.0,,
,,,,utc_only,1211.0,2016-03-18 12:00:00+00:00,0.5528466997009976,,
,,,,utc_only,1212.0,2016-03-21 16:00:00+00:00,0.8577041094602981,,
,,,,utc_only,1213.0,2016-03-22 12:00:00+00:00,1.3301424666318904,,
,,,,utc_only,1214.0,2016-03-22 12:00:00+00:00,0.7307235012778246,,
,,,,utc_only,1215.0,2016-03-23 12:00:00+00:00,0.6975915530849696,,
,,,,utc_only,1216.0,2016-03-24 20:00:00+00:00,0.8851077776146473,,
,,,,utc_only,1217.0,2016-03-25 00:00:00+00:00,0.9678581424396691,,
,,,,utc_only,1218.0,2016-03-29 04:00:00+00:00,0.5235569196640788,,
,,,,utc_only,1219.0,2016-04-05 12:00:00+00:00,1.6130851038012854,,
,,,,utc_only,1220.0,2016-04-05 12:00:00+00:00,0.5729483605631314,,
,,,,utc_only,1223.0,2016-04-11 08:00:00+00:00,1.5421139992704482,,
,,,,utc_only,1224.0,2016-04-11 08:00:00+00:00,1.1899358149604087,,
,,,,utc_only,1225.0,2016-04-13 04:00:00+00:00,3.1390606188375307,,
,,,,utc_only,1226.0,2016-04-13 04:00:00+00:00,1.1165808671611388,,
,,,,utc_only,1227.0,2016-04-14 16:00:00+00:00,-1.0,,
,,,,utc_only,1228.0,2016-04-15 08:00:00+00:00,0.22908715202249397,,
,,,,utc_only,1229.0,2016-04-18 04:00:00+00:00,1.7100984624888413,,
,,,,utc_only,1233.0,2016-04-28 12:00:00+00:00,0.591548127646599,,
,,,,utc_only,1239.0,2016-05-13 08:00:00+00:00,0.8048236663530475,,
,,,,utc_only,1242.0,2016-05-18 04:00:00+00:00,-1.0,,
,,,,utc_only,1243.0,2016-05-19 16:00:00+00:00,0.4483621374894157,,
,,,,utc_only,1244.0,2016-05-23 12:00:00+00:00,0.757647944634768,,
,,,,utc_only,1247.0,2016-05-24 20:00:00+00:00,0.6530464218821163,,
,,,,utc_only,1249.0,2016-05-26 08:00:00+00:00,1.0204082784208715,,
,,,,utc_only,1250.0,2016-05-31 12:00:00+00:00,-1.0,,
,,,,utc_only,1251.0,2016-05-31 16:00:00+00:00,-1.0,,
,,,,utc_only,1252.0,2016-06-01 00:00:00+00:00,-1.0,,
,,,,utc_only,1255.0,2016-06-02 04:00:00+00:00,-1.0,,
,,,,utc_only,1254.0,2016-06-02 04:00:00+00:00,-1.0,,
,,,,utc_only,1256.0,2016-06-03 12:00:00+00:00,-1.5,,
,,,,utc_only,1257.0,2016-06-13 00:00:00+00:00,0.9713796838820763,,
,,,,utc_only,1261.0,2016-07-11 20:00:00+00:00,0.6249066553391208,,
,,,,utc_only,1262.0,2016-07-17 20:00:00+00:00,1.3132104197763315,,
,,,,utc_only,1264.0,2016-07-18 12:00:00+00:00,0.8606232189235138,,
,,,,utc_only,1266.0,2016-07-19 16:00:00+00:00,0.8183801283612433,,
,,,,utc_only,1272.0,2016-07-27 00:00:00+00:00,-1.0,,
,,,,utc_only,1274.0,2016-07-28 08:00:00+00:00,0.3934739725913662,,
,,,,utc_only,1276.0,2016-07-28 16:00:00+00:00,-1.0,,
,,,,utc_only,1280.0,2016-08-05 04:00:00+00:00,0.9016817472211476,,
,,,,utc_only,1284.0,2016-08-10 04:00:00+00:00,-1.0,,
,,,,utc_only,1287.0,2016-08-16 04:00:00+00:00,0.7658021524129668,,
,,,,utc_only,1288.0,2016-08-17 16:00:00+00:00,1.3115495761834786,,
,,,,utc_only,1289.0,2016-08-17 16:00:00+00:00,1.2126109201143107,,
,,,,utc_only,1293.0,2016-08-19 12:00:00+00:00,0.8463810896718098,,
,,,,utc_only,1292.0,2016-08-19 12:00:00+00:00,1.1816845156960119,,
,,,,utc_only,1295.0,2016-08-30 00:00:00+00:00,0.9837384581765776,,
,,,,utc_only,1296.0,2016-08-30 16:00:00+00:00,1.3657835030904875,,
,,,,utc_only,1297.0,2016-09-05 04:00:00+00:00,1.0911760208369445,,
,,,,utc_only,1298.0,2016-09-05 16:00:00+00:00,0.7418002642123515,,
,,,,utc_only,1308.0,2016-09-18 20:00:00+00:00,0.6845943248280482,,
,,,,utc_only,1311.0,2016-09-21 04:00:00+00:00,0.4739024240782689,,
,,,,utc_only,1313.0,2016-09-22 16:00:00+00:00,0.4505648756761174,,
,,,,utc_only,1314.0,2016-09-22 16:00:00+00:00,0.4778491452372,,
,,,,utc_only,1317.0,2016-09-27 08:00:00+00:00,-0.2687903360724919,,
,,,,utc_only,1318.0,2016-09-30 08:00:00+00:00,1.0959068825839098,,
,,,,utc_only,1322.0,2016-10-06 08:00:00+00:00,1.3257116460938678,,
,,,,utc_only,1324.0,2016-10-13 00:00:00+00:00,0.8604468631195596,,
,,,,utc_only,1325.0,2016-10-16 20:00:00+00:00,1.1078481694421987,,
,,,,utc_only,1326.0,2016-10-19 00:00:00+00:00,-1.0,,
,,,,utc_only,1327.0,2016-10-19 00:00:00+00:00,0.7412017731670304,,
,,,,utc_only,1331.0,2016-10-28 00:00:00+00:00,0.635794224044234,,
,,,,utc_only,1332.0,2016-10-28 08:00:00+00:00,2.2760643626867902,,
,,,,utc_only,1333.0,2016-11-02 04:00:00+00:00,0.0,,
,,,,utc_only,1334.0,2016-11-02 16:00:00+00:00,0.0,,
,,,,utc_only,1337.0,2016-11-06 20:00:00+00:00,0.23658050321164392,,
,,,,utc_only,1340.0,2016-11-09 04:00:00+00:00,1.8479284722817586,,
,,,,utc_only,1341.0,2016-11-09 04:00:00+00:00,0.5465959484265519,,
,,,,utc_only,1344.0,2016-11-14 08:00:00+00:00,-1.0,,
,,,,utc_only,1347.0,2016-11-18 16:00:00+00:00,0.9854250445313919,,
,,,,utc_only,1349.0,2016-11-29 00:00:00+00:00,0.551724959687298,,
,,,,utc_only,1350.0,2016-11-29 08:00:00+00:00,0.8352600366261851,,
,,,,utc_only,1351.0,2016-11-30 12:00:00+00:00,-1.0,,
,,,,utc_only,1352.0,2016-11-30 16:00:00+00:00,0.6045934915376797,,
,,,,utc_only,1354.0,2016-12-02 12:00:00+00:00,0.7538605410334973,,
,,,,utc_only,1355.0,2016-12-07 12:00:00+00:00,0.5692309585308645,,
,,,,utc_only,1356.0,2016-12-08 12:00:00+00:00,0.5248075465974237,,
,,,,utc_only,1358.0,2016-12-12 12:00:00+00:00,-1.0,,
,,,,utc_only,1359.0,2016-12-15 00:00:00+00:00,-1.0,,
,,,,utc_only,1360.0,2016-12-15 20:00:00+00:00,1.2932885495253934,,
,,,,utc_only,1362.0,2016-12-19 16:00:00+00:00,-1.0,,
,,,,utc_only,1363.0,2016-12-20 08:00:00+00:00,-1.0,,
,,,,utc_only,1364.0,2016-12-23 12:00:00+00:00,-1.0,,
,,,,utc_only,1365.0,2016-12-29 04:00:00+00:00,0.49677519773686457,,
,,,,utc_only,1366.0,2016-12-29 08:00:00+00:00,0.781623789138848,,
,,,,utc_only,1367.0,2016-12-29 08:00:00+00:00,0.781569112788495,,
,,,,utc_only,1369.0,2016-12-29 16:00:00+00:00,0.46390021800437264,,
,,,,utc_only,1368.0,2016-12-29 16:00:00+00:00,0.669860504756044,,
,,,,utc_only,1370.0,2016-12-29 16:00:00+00:00,0.7279911409593866,,
,,,,utc_only,1371.0,2016-12-30 04:00:00+00:00,-1.0,,
,,,,utc_only,1372.0,2016-12-30 20:00:00+00:00,-1.0,,
,,,,utc_only,1374.0,2017-01-10 20:00:00+00:00,-1.0,,
,,,,utc_only,1375.0,2017-01-10 20:00:00+00:00,-1.0,,
,,,,utc_only,1378.0,2017-01-17 12:00:00+00:00,0.8199290557235759,,
,,,,utc_only,1379.0,2017-01-19 04:00:00+00:00,-1.0,,
,,,,utc_only,1380.0,2017-01-19 04:00:00+00:00,-1.0,,
,,,,utc_only,1382.0,2017-01-24 04:00:00+00:00,1.5231891987801776,,
,,,,utc_only,1383.0,2017-02-01 00:00:00+00:00,0.4873170335668994,,
,,,,utc_only,1384.0,2017-02-01 00:00:00+00:00,1.35467950505153,,
,,,,utc_only,1386.0,2017-02-02 20:00:00+00:00,0.4366493148808026,,
,,,,utc_only,1387.0,2017-02-06 12:00:00+00:00,-1.0,,
,,,,utc_only,1388.0,2017-02-06 20:00:00+00:00,0.8191381535110589,,
,,,,utc_only,1393.0,2017-02-09 16:00:00+00:00,-1.0,,
,,,,utc_only,1394.0,2017-02-10 08:00:00+00:00,1.676167163614265,,
,,,,utc_only,1396.0,2017-02-14 12:00:00+00:00,0.4150631594729578,,
,,,,utc_only,1397.0,2017-02-15 12:00:00+00:00,0.6028293833005409,,
,,,,utc_only,1398.0,2017-02-19 20:00:00+00:00,0.7372847526227324,,
,,,,utc_only,1400.0,2017-02-22 12:00:00+00:00,-1.0,,
,,,,utc_only,1401.0,2017-02-22 20:00:00+00:00,-1.0,,
,,,,utc_only,1402.0,2017-02-23 16:00:00+00:00,0.7792778889852847,,
,,,,utc_only,1403.0,2017-02-27 08:00:00+00:00,0.7908131261376187,,
,,,,utc_only,1404.0,2017-02-27 08:00:00+00:00,1.4905763649840915,,
,,,,utc_only,1407.0,2017-02-27 16:00:00+00:00,-1.0,,
,,,,utc_only,1406.0,2017-02-27 16:00:00+00:00,-1.0,,
,,,,utc_only,1408.0,2017-02-28 20:00:00+00:00,0.6199976526756085,,
,,,,utc_only,1409.0,2017-03-01 00:00:00+00:00,0.6972589686971934,,
,,,,utc_only,1410.0,2017-03-01 04:00:00+00:00,-1.0,,
,,,,utc_only,1411.0,2017-03-01 16:00:00+00:00,-1.0,,
,,,,utc_only,1413.0,2017-03-03 12:00:00+00:00,0.735046542775696,,
,,,,utc_only,1414.0,2017-03-07 00:00:00+00:00,0.5640201695215539,,
,,,,utc_only,1416.0,2017-03-16 12:00:00+00:00,0.992010452804472,,
,,,,utc_only,1417.0,2017-03-21 00:00:00+00:00,1.1819761872254197,,
,,,,utc_only,1419.0,2017-03-22 12:00:00+00:00,0.8498565615970795,,
,,,,utc_only,1420.0,2017-03-22 16:00:00+00:00,0.28761353459993066,,
,,,,utc_only,1421.0,2017-03-22 20:00:00+00:00,0.23442350295123932,,
,,,,utc_only,1423.0,2017-03-27 20:00:00+00:00,0.8212284351665728,,
,,,,utc_only,1425.0,2017-03-28 16:00:00+00:00,0.9308780461847397,,
,,,,utc_only,1426.0,2017-03-31 16:00:00+00:00,-1.0,,
,,,,utc_only,1431.0,2017-04-04 00:00:00+00:00,-1.0,,
,,,,utc_only,1434.0,2017-04-12 16:00:00+00:00,1.994309403694722,,
,,,,utc_only,1435.0,2017-04-12 20:00:00+00:00,-1.0,,
,,,,utc_only,1436.0,2017-04-13 00:00:00+00:00,0.25318799183260143,,
,,,,utc_only,1437.0,2017-04-21 00:00:00+00:00,-1.0,,
,,,,utc_only,1443.0,2017-05-10 16:00:00+00:00,-1.0,,
,,,,utc_only,1445.0,2017-05-12 08:00:00+00:00,-1.0,,
,,,,utc_only,1446.0,2017-05-16 08:00:00+00:00,-1.0,,
,,,,utc_only,1447.0,2017-05-17 08:00:00+00:00,-1.0,,
,,,,utc_only,1448.0,2017-05-18 12:00:00+00:00,0.5782100157107317,,
,,,,utc_only,1449.0,2017-05-22 16:00:00+00:00,2.557788875234781,,
,,,,utc_only,1450.0,2017-05-24 00:00:00+00:00,-1.0,,
,,,,utc_only,1454.0,2017-05-31 00:00:00+00:00,0.8721014938946927,,
,,,,utc_only,1456.0,2017-06-01 00:00:00+00:00,-1.0,,
,,,,utc_only,1461.0,2017-06-09 08:00:00+00:00,-1.0,,
,,,,utc_only,1463.0,2017-06-16 08:00:00+00:00,1.2365767843881794,,
,,,,utc_only,1464.0,2017-06-23 08:00:00+00:00,2.2988159321714274,,
,,,,utc_only,1466.0,2017-06-26 20:00:00+00:00,0.708630981954479,,
,,,,utc_only,1469.0,2017-06-30 00:00:00+00:00,0.4369877706580782,,
,,,,utc_only,1472.0,2017-07-12 04:00:00+00:00,1.0108028566639047,,
,,,,utc_only,1473.0,2017-07-13 04:00:00+00:00,0.4280625825629145,,
,,,,utc_only,1477.0,2017-07-21 04:00:00+00:00,1.9484618701992036,,
,,,,utc_only,1480.0,2017-08-06 20:00:00+00:00,1.2938695334867827,,
,,,,utc_only,1481.0,2017-08-07 16:00:00+00:00,0.6480948316878183,,
,,,,utc_only,1484.0,2017-08-09 16:00:00+00:00,-1.0,,
,,,,utc_only,1485.0,2017-08-10 16:00:00+00:00,0.6275215777339612,,
,,,,utc_only,1491.0,2017-08-18 16:00:00+00:00,-1.0,,
,,,,utc_only,1492.0,2017-08-23 16:00:00+00:00,0.738206328149494,,
,,,,utc_only,1496.0,2017-08-29 16:00:00+00:00,1.2555801601058167,,
,,,,utc_only,1497.0,2017-08-30 12:00:00+00:00,0.3129179354104698,,
,,,,utc_only,1501.0,2017-09-14 04:00:00+00:00,0.5141317328055791,,
,,,,utc_only,1504.0,2017-09-28 16:00:00+00:00,-0.6521845438127644,,
,,,,utc_only,1506.0,2017-10-01 20:00:00+00:00,-1.0,,
,,,,utc_only,1510.0,2017-10-04 04:00:00+00:00,1.315401326639806,,
,,,,utc_only,1511.0,2017-10-05 16:00:00+00:00,-1.0,,
,,,,utc_only,1512.0,2017-10-06 20:00:00+00:00,1.4081880489788405,,
,,,,utc_only,1513.0,2017-10-10 00:00:00+00:00,0.525073542376177,,
,,,,utc_only,1515.0,2017-10-11 08:00:00+00:00,-1.0,,
,,,,utc_only,1519.0,2017-10-12 20:00:00+00:00,0.7073911678594872,,
,,,,utc_only,1522.0,2017-10-17 20:00:00+00:00,1.4931104963363484,,
,,,,utc_only,1523.0,2017-10-18 00:00:00+00:00,2.0566399051197553,,
,,,,utc_only,1525.0,2017-10-23 20:00:00+00:00,0.42033598801151445,,
,,,,utc_only,1530.0,2017-11-03 08:00:00+00:00,1.4309523332511254,,
,,,,utc_only,1531.0,2017-11-07 08:00:00+00:00,2.289222451798909,,
,,,,utc_only,1533.0,2017-11-09 12:00:00+00:00,1.3010805541753512,,
,,,,utc_only,1534.0,2017-11-09 16:00:00+00:00,2.044201600742345,,
,,,,utc_only,1535.0,2017-11-09 20:00:00+00:00,-1.0,,
,,,,utc_only,1537.0,2017-11-12 20:00:00+00:00,0.4864665559673855,,
,,,,utc_only,1541.0,2017-11-14 16:00:00+00:00,1.028786051945573,,
,,,,utc_only,1542.0,2017-11-15 12:00:00+00:00,0.4300583657063412,,
,,,,utc_only,1544.0,2017-11-16 08:00:00+00:00,-1.0,,
,,,,utc_only,1545.0,2017-11-23 08:00:00+00:00,0.31417514285184517,,
,,,,utc_only,1546.0,2017-11-28 16:00:00+00:00,0.5212162636054212,,
,,,,utc_only,1547.0,2017-11-28 20:00:00+00:00,0.7383103108716478,,
,,,,utc_only,1548.0,2017-12-03 20:00:00+00:00,0.9185742860594446,,
,,,,utc_only,1550.0,2017-12-05 00:00:00+00:00,1.3458040178227235,,
,,,,utc_only,1552.0,2017-12-05 20:00:00+00:00,1.1510126546290702,,
,,,,utc_only,1553.0,2017-12-08 12:00:00+00:00,1.180865077759661,,
,,,,utc_only,1555.0,2017-12-13 08:00:00+00:00,0.9171788075523655,,
,,,,utc_only,1556.0,2017-12-13 16:00:00+00:00,1.3428581836047182,,
,,,,utc_only,1558.0,2017-12-13 20:00:00+00:00,1.0161350927286672,,
,,,,utc_only,1560.0,2017-12-14 20:00:00+00:00,1.7404347700199796,,
,,,,utc_only,1561.0,2017-12-15 08:00:00+00:00,0.732618541185082,,
,,,,utc_only,1563.0,2017-12-17 20:00:00+00:00,1.0623109879688881,,
,,,,utc_only,1564.0,2017-12-19 04:00:00+00:00,1.0482485589807244,,
,,,,utc_only,1566.0,2017-12-20 04:00:00+00:00,1.2842185505824324,,
,,,,utc_only,1569.0,2017-12-28 20:00:00+00:00,1.328528860976339,,
,,,,utc_only,1571.0,2018-01-03 04:00:00+00:00,1.297622029759141,,
,,,,utc_only,1572.0,2018-01-04 04:00:00+00:00,1.1880655508216384,,
,,,,utc_only,1573.0,2018-01-10 08:00:00+00:00,0.4733944638366646,,
,,,,utc_only,1574.0,2018-01-11 00:00:00+00:00,0.5249614627866483,,
,,,,utc_only,1576.0,2018-01-14 20:00:00+00:00,0.5087109906919024,,
,,,,utc_only,1578.0,2018-01-21 20:00:00+00:00,-1.0,,
,,,,utc_only,1579.0,2018-01-23 04:00:00+00:00,0.7176260744705996,,
,,,,utc_only,1580.0,2018-01-24 16:00:00+00:00,-1.0,,
,,,,utc_only,1581.0,2018-01-25 00:00:00+00:00,-1.0,,
,,,,utc_only,1585.0,2018-01-29 16:00:00+00:00,0.21254190935451317,,
,,,,utc_only,1586.0,2018-01-29 16:00:00+00:00,0.7960705192676301,,
,,,,utc_only,1587.0,2018-01-30 08:00:00+00:00,-1.0,,
,,,,utc_only,1589.0,2018-01-31 20:00:00+00:00,1.467736830592413,,
,,,,utc_only,1590.0,2018-02-01 16:00:00+00:00,-1.0,,
,,,,utc_only,1591.0,2018-02-06 00:00:00+00:00,0.6077958020371452,,
,,,,utc_only,1595.0,2018-02-06 16:00:00+00:00,0.5591436824873558,,
,,,,utc_only,1596.0,2018-02-07 16:00:00+00:00,-1.0,,
,,,,utc_only,1598.0,2018-02-08 12:00:00+00:00,0.529702307353386,,
,,,,utc_only,1599.0,2018-02-11 20:00:00+00:00,1.2068698434173437,,
,,,,utc_only,1600.0,2018-02-13 04:00:00+00:00,0.5366935201570957,,
,,,,utc_only,1602.0,2018-02-20 16:00:00+00:00,0.9980350981436217,,
,,,,utc_only,1604.0,2018-02-28 04:00:00+00:00,0.6533051723924771,,
,,,,utc_only,1606.0,2018-03-01 20:00:00+00:00,0.6414099795128508,,
,,,,utc_only,1607.0,2018-03-02 12:00:00+00:00,0.9399063223743549,,
,,,,utc_only,1608.0,2018-03-04 20:00:00+00:00,2.0838517316165115,,
,,,,utc_only,1609.0,2018-03-07 00:00:00+00:00,-1.0,,
,,,,utc_only,1611.0,2018-03-16 16:00:00+00:00,0.8238788957300403,,
,,,,utc_only,1616.0,2018-03-22 16:00:00+00:00,1.7123133950695562,,
,,,,utc_only,1619.0,2018-04-04 12:00:00+00:00,-1.0,,
,,,,utc_only,1622.0,2018-04-11 00:00:00+00:00,0.5139186238717193,,
,,,,utc_only,1624.0,2018-04-16 12:00:00+00:00,-1.0,,
,,,,utc_only,1625.0,2018-04-23 20:00:00+00:00,0.4446900354526932,,
,,,,utc_only,1626.0,2018-04-24 00:00:00+00:00,1.2516933904680612,,
,,,,utc_only,1629.0,2018-04-29 20:00:00+00:00,-1.0,,
,,,,utc_only,1630.0,2018-04-30 12:00:00+00:00,-1.0,,
,,,,utc_only,1632.0,2018-05-08 16:00:00+00:00,0.6454048646783642,,
,,,,utc_only,1633.0,2018-05-09 08:00:00+00:00,1.8393055233328295,,
,,,,utc_only,1635.0,2018-05-10 12:00:00+00:00,0.7476953723438454,,
,,,,utc_only,1637.0,2018-05-18 00:00:00+00:00,0.535564634392119,,
,,,,utc_only,1639.0,2018-05-23 08:00:00+00:00,0.49269964058718124,,
,,,,utc_only,1642.0,2018-05-29 04:00:00+00:00,0.7153439415093412,,
,,,,utc_only,1643.0,2018-05-30 16:00:00+00:00,0.5520593903829483,,
,,,,utc_only,1644.0,2018-06-01 00:00:00+00:00,0.7005209456407294,,
,,,,utc_only,1645.0,2018-06-04 00:00:00+00:00,0.6995734655300195,,
,,,,utc_only,1646.0,2018-06-13 04:00:00+00:00,-1.0,,
,,,,utc_only,1650.0,2018-06-14 20:00:00+00:00,1.325977189006316,,
,,,,utc_only,1651.0,2018-06-15 00:00:00+00:00,0.5405514757282518,,
,,,,utc_only,1653.0,2018-06-15 16:00:00+00:00,0.7631151774904117,,
,,,,utc_only,1654.0,2018-06-18 04:00:00+00:00,-1.0,,
,,,,utc_only,1655.0,2018-06-18 20:00:00+00:00,-1.0,,
,,,,utc_only,1658.0,2018-06-21 08:00:00+00:00,-1.0,,
,,,,utc_only,1659.0,2018-06-22 04:00:00+00:00,-1.0,,
,,,,utc_only,1661.0,2018-06-28 12:00:00+00:00,1.2486512160817553,,
,,,,utc_only,1662.0,2018-07-04 12:00:00+00:00,0.3782368829112234,,
,,,,utc_only,1663.0,2018-07-09 08:00:00+00:00,1.2089698749026416,,
,,,,utc_only,1664.0,2018-07-09 12:00:00+00:00,0.4331686091049976,,
,,,,utc_only,1665.0,2018-07-10 08:00:00+00:00,0.6628906170209596,,
,,,,utc_only,1666.0,2018-07-10 20:00:00+00:00,-1.0,,
,,,,utc_only,1667.0,2018-07-12 00:00:00+00:00,0.5834986754194946,,
,,,,utc_only,1668.0,2018-07-13 16:00:00+00:00,0.5171805795721321,,
,,,,utc_only,1670.0,2018-07-18 00:00:00+00:00,-1.0,,
,,,,utc_only,1673.0,2018-07-19 00:00:00+00:00,0.4522393610144766,,
,,,,utc_only,1674.0,2018-07-19 08:00:00+00:00,0.49058417378223484,,
,,,,utc_only,1675.0,2018-07-19 16:00:00+00:00,0.551590949896595,,
,,,,utc_only,1681.0,2018-07-24 00:00:00+00:00,-1.0,,
,,,,utc_only,1683.0,2018-07-27 16:00:00+00:00,-1.0,,
,,,,utc_only,1684.0,2018-07-30 08:00:00+00:00,1.379541509476526,,
,,,,utc_only,1690.0,2018-08-02 16:00:00+00:00,1.129929444062304,,
,,,,utc_only,1691.0,2018-08-03 08:00:00+00:00,-1.0,,
,,,,utc_only,1701.0,2018-08-31 00:00:00+00:00,0.6684196387910857,,
,,,,utc_only,1702.0,2018-09-07 08:00:00+00:00,2.154826257222448,,
,,,,utc_only,1704.0,2018-09-10 04:00:00+00:00,0.4735732225313542,,
,,,,utc_only,1706.0,2018-09-10 12:00:00+00:00,1.8362062933189265,,
,,,,utc_only,1709.0,2018-09-20 12:00:00+00:00,0.6600292161626029,,
,,,,utc_only,1710.0,2018-09-23 20:00:00+00:00,0.5454504454063475,,
,,,,utc_only,1715.0,2018-10-03 00:00:00+00:00,1.3270739380583931,,
,,,,utc_only,1714.0,2018-10-03 00:00:00+00:00,0.6342216579576949,,
,,,,utc_only,1716.0,2018-10-03 12:00:00+00:00,1.0022965836363715,,
,,,,utc_only,1717.0,2018-10-08 12:00:00+00:00,0.6016654411121393,,
,,,,utc_only,1720.0,2018-10-15 08:00:00+00:00,-1.0,,
,,,,utc_only,1722.0,2018-10-17 16:00:00+00:00,-1.0,,
,,,,utc_only,1724.0,2018-10-18 08:00:00+00:00,-1.0,,
,,,,utc_only,1726.0,2018-10-23 16:00:00+00:00,1.8214947745382395,,
,,,,utc_only,1727.0,2018-10-24 12:00:00+00:00,-1.0,,
,,,,utc_only,1730.0,2018-10-25 16:00:00+00:00,-1.0,,
,,,,utc_only,1731.0,2018-10-26 16:00:00+00:00,0.7278495159235736,,
,,,,utc_only,1734.0,2018-10-31 08:00:00+00:00,1.542444394830644,,
,,,,utc_only,1735.0,2018-11-07 12:00:00+00:00,0.6605476839351985,,
,,,,utc_only,1736.0,2018-11-13 08:00:00+00:00,1.175010559038592,,
,,,,utc_only,1737.0,2018-11-14 04:00:00+00:00,-1.0,,
,,,,utc_only,1740.0,2018-11-21 00:00:00+00:00,-1.0,,
,,,,utc_only,1741.0,2018-11-21 16:00:00+00:00,0.5182342797280458,,
,,,,utc_only,1744.0,2018-11-28 08:00:00+00:00,0.800401698991523,,
,,,,utc_only,1745.0,2018-11-29 00:00:00+00:00,0.7352616390082145,,
,,,,utc_only,1746.0,2018-12-02 20:00:00+00:00,0.6540296759193032,,
,,,,utc_only,1748.0,2018-12-05 04:00:00+00:00,0.7223510081697017,,
,,,,utc_only,1749.0,2018-12-05 04:00:00+00:00,-1.0,,
,,,,utc_only,1750.0,2018-12-06 16:00:00+00:00,-1.0,,
,,,,utc_only,1751.0,2018-12-11 16:00:00+00:00,0.6905551583329572,,
,,,,utc_only,1752.0,2018-12-12 04:00:00+00:00,0.12956688489927537,,
,,,,utc_only,1753.0,2018-12-14 08:00:00+00:00,0.5711170215514249,,
,,,,utc_only,1755.0,2018-12-17 04:00:00+00:00,0.8000604071247555,,
,,,,utc_only,1760.0,2018-12-25 20:00:00+00:00,1.8884687840276941,,
,,,,utc_only,1762.0,2018-12-31 00:00:00+00:00,2.148406137994029,,
,,,,utc_only,1765.0,2019-01-03 16:00:00+00:00,1.6110511505232967,,
,,,,utc_only,1768.0,2019-01-08 00:00:00+00:00,1.3949004013383326,,
,,,,utc_only,1769.0,2019-01-09 12:00:00+00:00,-1.0,,
,,,,utc_only,1772.0,2019-01-14 16:00:00+00:00,1.5749216152951304,,
,,,,utc_only,1773.0,2019-01-15 16:00:00+00:00,1.0674845696794955,,
,,,,utc_only,1776.0,2019-02-04 12:00:00+00:00,0.49797041575649065,,
,,,,utc_only,1778.0,2019-02-06 04:00:00+00:00,0.4266450897582663,,
,,,,utc_only,1780.0,2019-02-15 04:00:00+00:00,1.0516983511700593,,
,,,,utc_only,1781.0,2019-02-15 08:00:00+00:00,2.093461656012173,,
,,,,utc_only,1782.0,2019-02-18 16:00:00+00:00,-1.0,,
,,,,utc_only,1783.0,2019-02-21 00:00:00+00:00,0.526619330036717,,
,,,,utc_only,1784.0,2019-02-21 16:00:00+00:00,1.1317835120814668,,
,,,,utc_only,1785.0,2019-02-21 20:00:00+00:00,0.6020844830860463,,
,,,,utc_only,1789.0,2019-03-01 04:00:00+00:00,1.109207805571371,,
,,,,utc_only,1790.0,2019-03-03 20:00:00+00:00,2.0290422454765524,,
,,,,utc_only,1795.0,2019-03-06 16:00:00+00:00,1.2566714948360986,,
,,,,utc_only,1796.0,2019-03-07 20:00:00+00:00,0.6006771837806795,,
,,,,utc_only,1797.0,2019-03-07 20:00:00+00:00,0.802622902436863,,
,,,,utc_only,1799.0,2019-03-11 12:00:00+00:00,-1.0,,
,,,,utc_only,1800.0,2019-03-11 20:00:00+00:00,0.5417271834831034,,
,,,,utc_only,1801.0,2019-03-12 04:00:00+00:00,0.7731502532720758,,
,,,,utc_only,1806.0,2019-03-21 16:00:00+00:00,0.6897917499437027,,
,,,,utc_only,1811.0,2019-03-29 08:00:00+00:00,-1.0,,
,,,,utc_only,1810.0,2019-03-29 08:00:00+00:00,-1.0,,
,,,,utc_only,1812.0,2019-04-01 00:00:00+00:00,-1.0,,
,,,,utc_only,1813.0,2019-04-01 04:00:00+00:00,0.5170920850944822,,
,,,,utc_only,1814.0,2019-04-02 08:00:00+00:00,0.9088171431270183,,
,,,,utc_only,1815.0,2019-04-02 12:00:00+00:00,0.9593292194061209,,
,,,,utc_only,1818.0,2019-04-17 12:00:00+00:00,0.9606784995341138,,
,,,,utc_only,1820.0,2019-04-21 20:00:00+00:00,0.6489782671357154,,
,,,,utc_only,1821.0,2019-04-23 04:00:00+00:00,0.616943613386971,,
,,,,utc_only,1822.0,2019-04-24 12:00:00+00:00,-1.0,,
,,,,utc_only,1824.0,2019-04-24 16:00:00+00:00,-1.0,,
,,,,utc_only,1827.0,2019-04-26 08:00:00+00:00,1.0660479483331797,,
,,,,utc_only,1828.0,2019-04-30 08:00:00+00:00,0.6408275422349953,,
,,,,utc_only,1829.0,2019-05-02 00:00:00+00:00,-1.0,,
,,,,utc_only,1830.0,2019-05-05 20:00:00+00:00,-1.0,,
,,,,utc_only,1832.0,2019-05-07 04:00:00+00:00,-1.0,,
,,,,utc_only,1833.0,2019-05-09 16:00:00+00:00,-1.0,,
,,,,utc_only,1836.0,2019-05-21 12:00:00+00:00,0.6886036031154045,,
,,,,utc_only,1837.0,2019-05-22 12:00:00+00:00,0.8843269131619029,,
,,,,utc_only,1839.0,2019-05-30 12:00:00+00:00,1.3186887956709399,,
,,,,utc_only,1840.0,2019-06-03 00:00:00+00:00,0.7327481031134409,,
,,,,utc_only,1841.0,2019-06-03 16:00:00+00:00,0.8663454542584836,,
,,,,utc_only,1843.0,2019-06-04 08:00:00+00:00,-1.0,,
,,,,utc_only,1846.0,2019-06-12 20:00:00+00:00,0.8042017169613576,,
,,,,utc_only,1847.0,2019-06-14 04:00:00+00:00,1.1401604026880119,,
,,,,utc_only,1849.0,2019-06-19 16:00:00+00:00,0.49445664029103104,,
,,,,utc_only,1850.0,2019-06-19 20:00:00+00:00,0.8416492853511925,,
,,,,utc_only,1852.0,2019-06-25 04:00:00+00:00,-1.0,,
,,,,utc_only,1855.0,2019-07-05 16:00:00+00:00,-1.0,,
,,,,utc_only,1858.0,2019-07-10 04:00:00+00:00,1.5959742717079974,,
,,,,utc_only,1859.0,2019-07-10 20:00:00+00:00,0.9962183687440417,,
,,,,utc_only,1860.0,2019-07-11 12:00:00+00:00,0.7537518031472277,,
,,,,utc_only,1861.0,2019-07-11 12:00:00+00:00,-1.0,,
,,,,utc_only,1862.0,2019-07-12 16:00:00+00:00,0.6816121745769959,,
,,,,utc_only,1863.0,2019-07-14 20:00:00+00:00,-1.0,,
,,,,utc_only,1864.0,2019-07-14 20:00:00+00:00,-1.0,,
,,,,utc_only,1865.0,2019-07-15 12:00:00+00:00,-1.0,,
,,,,utc_only,1871.0,2019-07-25 12:00:00+00:00,-1.0,,
,,,,utc_only,1872.0,2019-07-26 16:00:00+00:00,-1.0,,
,,,,utc_only,1876.0,2019-08-19 04:00:00+00:00,-1.0,,
,,,,utc_only,1878.0,2019-08-23 12:00:00+00:00,1.0065896671056014,,
,,,,utc_only,1879.0,2019-08-26 00:00:00+00:00,0.8257988493360147,,
,,,,utc_only,1882.0,2019-08-26 00:00:00+00:00,1.123497375540921,,
,,,,utc_only,1884.0,2019-08-27 16:00:00+00:00,-1.0,,
,,,,utc_only,1888.0,2019-09-05 00:00:00+00:00,1.1662935516683168,,
,,,,utc_only,1892.0,2019-09-23 12:00:00+00:00,1.1078048552390112,,
,,,,utc_only,1896.0,2019-09-25 00:00:00+00:00,0.7390841911128991,,
,,,,utc_only,1895.0,2019-09-25 00:00:00+00:00,0.9762240219305193,,
,,,,utc_only,1897.0,2019-09-25 12:00:00+00:00,0.767215290224564,,
,,,,utc_only,1898.0,2019-09-26 12:00:00+00:00,1.0838399192004977,,
,,,,utc_only,1899.0,2019-09-26 12:00:00+00:00,1.906368914432819,,
,,,,utc_only,1901.0,2019-09-27 12:00:00+00:00,0.9356420349279919,,
,,,,utc_only,1902.0,2019-10-01 16:00:00+00:00,0.9521365791642243,,
,,,,utc_only,1904.0,2019-10-04 04:00:00+00:00,1.8175866073167986,,
,,,,utc_only,1905.0,2019-10-06 20:00:00+00:00,0.8674857909476257,,
,,,,utc_only,1910.0,2019-10-14 00:00:00+00:00,0.627849302748126,,
,,,,utc_only,1911.0,2019-10-14 12:00:00+00:00,1.084246110650746,,
,,,,utc_only,1916.0,2019-10-23 00:00:00+00:00,-1.0,,
,,,,utc_only,1919.0,2019-10-30 12:00:00+00:00,0.550464901485132,,
,,,,utc_only,1920.0,2019-10-31 12:00:00+00:00,0.473420432883682,,
,,,,utc_only,1924.0,2019-11-06 00:00:00+00:00,0.8245637340220351,,
,,,,utc_only,1925.0,2019-11-08 12:00:00+00:00,1.9623006806180736,,
,,,,utc_only,1926.0,2019-11-11 04:00:00+00:00,1.0482576671814634,,
,,,,utc_only,1927.0,2019-11-11 16:00:00+00:00,0.5756578975948472,,
,,,,utc_only,1928.0,2019-11-12 04:00:00+00:00,0.41417739706353096,,
,,,,utc_only,1930.0,2019-11-13 04:00:00+00:00,0.8083278148426731,,
,,,,utc_only,1935.0,2019-11-21 00:00:00+00:00,0.7999677168716923,,
,,,,utc_only,1937.0,2019-11-25 04:00:00+00:00,0.477550866393185,,
,,,,utc_only,1938.0,2019-11-26 16:00:00+00:00,0.6596594676362498,,
,,,,utc_only,1939.0,2019-11-27 08:00:00+00:00,1.2362791472459258,,
,,,,utc_only,1940.0,2019-12-02 12:00:00+00:00,-1.0,,
,,,,utc_only,1941.0,2019-12-03 04:00:00+00:00,1.0880639004367538,,
,,,,utc_only,1942.0,2019-12-03 20:00:00+00:00,-1.0,,
,,,,utc_only,1944.0,2019-12-06 12:00:00+00:00,-1.0,,
,,,,utc_only,1945.0,2019-12-09 12:00:00+00:00,1.0048879688235326,,
,,,,utc_only,1947.0,2019-12-10 12:00:00+00:00,0.7819894762175974,,
,,,,utc_only,1949.0,2019-12-16 12:00:00+00:00,-1.0,,
,,,,utc_only,1951.0,2019-12-18 20:00:00+00:00,1.2135335932381786,,
,,,,utc_only,1952.0,2019-12-19 00:00:00+00:00,0.7987235601850682,,
,,,,utc_only,1953.0,2019-12-20 04:00:00+00:00,1.0444411726907479,,
,,,,utc_only,1954.0,2019-12-20 12:00:00+00:00,-1.0,,
,,,,utc_only,1955.0,2019-12-24 20:00:00+00:00,0.4608741176870905,,
,,,,utc_only,1957.0,2019-12-31 12:00:00+00:00,-1.0,,
,,,,utc_only,1959.0,2020-01-03 12:00:00+00:00,1.4622563419259234,,
,,,,utc_only,1960.0,2020-01-03 16:00:00+00:00,-1.0,,
,,,,utc_only,1961.0,2020-01-05 20:00:00+00:00,0.9322108455173418,,
,,,,utc_only,1962.0,2020-01-05 20:00:00+00:00,0.8200536548772379,,
,,,,utc_only,1964.0,2020-01-06 16:00:00+00:00,-1.0,,
,,,,utc_only,1965.0,2020-01-06 16:00:00+00:00,0.5908514686606656,,
,,,,utc_only,1966.0,2020-01-07 00:00:00+00:00,-1.0,,
,,,,utc_only,1968.0,2020-01-08 08:00:00+00:00,0.5921927544236928,,
,,,,utc_only,1969.0,2020-01-08 16:00:00+00:00,-1.0,,
,,,,utc_only,1970.0,2020-01-09 04:00:00+00:00,1.1428896640045254,,
,,,,utc_only,1971.0,2020-01-09 12:00:00+00:00,-1.0,,
,,,,utc_only,1972.0,2020-01-09 20:00:00+00:00,0.4637835975014658,,
,,,,utc_only,1974.0,2020-01-13 00:00:00+00:00,0.6570826940847838,,
,,,,utc_only,1975.0,2020-01-15 00:00:00+00:00,0.563671814683132,,
,,,,utc_only,1976.0,2020-01-16 08:00:00+00:00,0.5314528813792376,,
,,,,utc_only,1977.0,2020-01-20 16:00:00+00:00,0.5519585780682378,,
,,,,utc_only,1978.0,2020-01-21 08:00:00+00:00,-1.0,,
,,,,utc_only,1979.0,2020-01-21 08:00:00+00:00,-1.0,,
,,,,utc_only,1980.0,2020-01-21 20:00:00+00:00,-1.0,,
,,,,utc_only,1981.0,2020-01-22 00:00:00+00:00,2.1950622645882047,,
,,,,utc_only,1982.0,2020-01-22 12:00:00+00:00,1.0429905293742845,,
,,,,utc_only,1983.0,2020-01-26 20:00:00+00:00,1.4878601326733212,,
,,,,utc_only,1984.0,2020-01-30 16:00:00+00:00,2.2497616423423397,,
,,,,utc_only,1985.0,2020-01-31 04:00:00+00:00,0.44688470998965407,,
,,,,utc_only,1988.0,2020-02-04 16:00:00+00:00,0.6400249702979958,,
,,,,utc_only,1989.0,2020-02-05 08:00:00+00:00,0.47006352416280295,,
,,,,utc_only,1990.0,2020-02-11 04:00:00+00:00,2.6756391365720122,,
,,,,utc_only,1992.0,2020-02-12 12:00:00+00:00,1.1910167278242993,,
,,,,utc_only,1994.0,2020-02-18 12:00:00+00:00,0.5978125824832131,,
,,,,utc_only,1995.0,2020-02-20 12:00:00+00:00,-1.0,,
,,,,utc_only,1998.0,2020-02-24 20:00:00+00:00,0.7733839730781358,,
,,,,utc_only,2000.0,2020-02-26 12:00:00+00:00,0.7141962545635602,,
,,,,utc_only,2001.0,2020-02-27 00:00:00+00:00,-1.0,,
,,,,utc_only,2002.0,2020-02-27 12:00:00+00:00,0.29118692777929833,,
,,,,utc_only,2003.0,2020-02-28 16:00:00+00:00,0.5388365648784593,,
,,,,utc_only,2004.0,2020-03-03 16:00:00+00:00,1.3576732975365,,
,,,,utc_only,2005.0,2020-03-20 12:00:00+00:00,-0.5134511218476997,,
,,,,utc_only,2007.0,2020-03-25 12:00:00+00:00,-1.0,,
,,,,utc_only,2008.0,2020-03-27 04:00:00+00:00,-1.0,,
,,,,utc_only,2009.0,2020-03-30 04:00:00+00:00,-1.0,,
,,,,utc_only,2012.0,2020-04-03 08:00:00+00:00,-1.0,,
,,,,utc_only,2014.0,2020-04-09 08:00:00+00:00,-1.0,,
,,,,utc_only,2015.0,2020-04-20 20:00:00+00:00,1.6942799645544473,,
,,,,utc_only,2016.0,2020-04-21 04:00:00+00:00,0.7381679669064318,,
,,,,utc_only,2020.0,2020-04-21 12:00:00+00:00,0.6341230953762081,,
,,,,utc_only,2017.0,2020-04-21 12:00:00+00:00,0.9209074339658183,,
,,,,utc_only,2022.0,2020-04-22 04:00:00+00:00,1.1106128847262675,,
,,,,utc_only,2023.0,2020-04-22 08:00:00+00:00,2.165433194120873,,
,,,,utc_only,2024.0,2020-04-22 20:00:00+00:00,0.8919358435800158,,
,,,,utc_only,2025.0,2020-04-27 20:00:00+00:00,0.42010595245135196,,
,,,,utc_only,2026.0,2020-04-28 00:00:00+00:00,1.2729321658979975,,
,,,,utc_only,2027.0,2020-04-28 08:00:00+00:00,0.306316908769548,,
,,,,utc_only,2036.0,2020-05-11 12:00:00+00:00,0.6842604781583589,,
,,,,utc_only,2037.0,2020-05-12 20:00:00+00:00,1.9441138326030347,,
,,,,utc_only,2038.0,2020-05-13 00:00:00+00:00,1.6044830224815976,,
,,,,utc_only,2039.0,2020-05-13 08:00:00+00:00,2.205816719509049,,
,,,,utc_only,2042.0,2020-05-18 12:00:00+00:00,2.6144822199607636,,
,,,,utc_only,2044.0,2020-05-19 16:00:00+00:00,1.6250487182279805,,
,,,,utc_only,2048.0,2020-05-27 12:00:00+00:00,-1.0,,
,,,,utc_only,2050.0,2020-06-05 16:00:00+00:00,1.0119234701888922,,
,,,,utc_only,2051.0,2020-06-12 08:00:00+00:00,-1.0,,
,,,,utc_only,2054.0,2020-06-17 20:00:00+00:00,0.2336106679564242,,
,,,,utc_only,2055.0,2020-06-21 20:00:00+00:00,1.4154023592408194,,
,,,,utc_only,2056.0,2020-06-21 20:00:00+00:00,0.5328076569566244,,
,,,,utc_only,2057.0,2020-06-22 00:00:00+00:00,0.8858569641337566,,
,,,,utc_only,2058.0,2020-06-23 00:00:00+00:00,0.224350831833875,,
,,,,utc_only,2061.0,2020-06-26 16:00:00+00:00,2.63279830035275,,
,,,,utc_only,2063.0,2020-07-02 16:00:00+00:00,0.6954718594785259,,
,,,,utc_only,2065.0,2020-07-07 00:00:00+00:00,0.20531696053463389,,
,,,,utc_only,2071.0,2020-07-20 12:00:00+00:00,-1.0,,
,,,,utc_only,2073.0,2020-07-23 20:00:00+00:00,-1.0,,
,,,,utc_only,2074.0,2020-07-23 20:00:00+00:00,-1.0,,
,,,,utc_only,2075.0,2020-07-26 20:00:00+00:00,1.0791632940196427,,
,,,,utc_only,2077.0,2020-07-27 16:00:00+00:00,1.1783839805314766,,
,,,,utc_only,2078.0,2020-07-30 04:00:00+00:00,0.7634884720404864,,
,,,,utc_only,2079.0,2020-07-30 16:00:00+00:00,0.774021444352919,,
,,,,utc_only,2080.0,2020-07-31 12:00:00+00:00,1.1396055378858403,,
,,,,utc_only,2081.0,2020-08-03 08:00:00+00:00,1.5944637134917905,,
,,,,utc_only,2082.0,2020-08-06 16:00:00+00:00,-1.0,,
,,,,utc_only,2086.0,2020-08-12 20:00:00+00:00,0.5346283410375237,,
,,,,utc_only,2088.0,2020-08-17 00:00:00+00:00,1.380454373456717,,
,,,,utc_only,2089.0,2020-08-18 00:00:00+00:00,0.6204448644146365,,
,,,,utc_only,2091.0,2020-08-27 12:00:00+00:00,-1.0,,
,,,,utc_only,2092.0,2020-08-27 12:00:00+00:00,-1.0,,
,,,,utc_only,2097.0,2020-09-14 12:00:00+00:00,-1.0,,
,,,,utc_only,2102.0,2020-09-17 16:00:00+00:00,0.6174351165427827,,
,,,,utc_only,2104.0,2020-09-23 04:00:00+00:00,-1.0,,
,,,,utc_only,2105.0,2020-09-23 20:00:00+00:00,0.506265877735301,,
,,,,utc_only,2106.0,2020-09-23 20:00:00+00:00,1.8680686575825483,,
,,,,utc_only,2108.0,2020-10-05 04:00:00+00:00,-1.0,,
,,,,utc_only,2110.0,2020-10-09 08:00:00+00:00,0.5007176862735649,,
,,,,utc_only,2111.0,2020-10-09 12:00:00+00:00,0.6379626399757239,,
,,,,utc_only,2113.0,2020-10-13 08:00:00+00:00,1.4686619461286516,,
,,,,utc_only,2114.0,2020-10-13 16:00:00+00:00,-1.0,,
,,,,utc_only,2115.0,2020-10-13 20:00:00+00:00,-1.0,,
,,,,utc_only,2116.0,2020-10-14 04:00:00+00:00,0.9748433241553094,,
,,,,utc_only,2121.0,2020-10-20 08:00:00+00:00,0.6861377573808157,,
,,,,utc_only,2122.0,2020-10-20 12:00:00+00:00,0.40404951155599844,,
,,,,utc_only,2126.0,2020-10-28 12:00:00+00:00,0.570087933750934,,
,,,,utc_only,2127.0,2020-10-28 20:00:00+00:00,0.6493111404048475,,
,,,,utc_only,2128.0,2020-10-29 08:00:00+00:00,0.4985473263288203,,
,,,,utc_only,2129.0,2020-11-01 20:00:00+00:00,0.4247343212920667,,
,,,,utc_only,2131.0,2020-11-03 04:00:00+00:00,1.7922705404918344,,
,,,,utc_only,2132.0,2020-11-03 08:00:00+00:00,1.381178918703983,,
,,,,utc_only,2133.0,2020-11-03 16:00:00+00:00,-1.0,,
,,,,utc_only,2134.0,2020-11-04 16:00:00+00:00,0.40106955305478204,,
,,,,utc_only,2135.0,2020-11-05 08:00:00+00:00,-1.0,,
,,,,utc_only,2137.0,2020-11-11 08:00:00+00:00,-1.0,,
,,,,utc_only,2138.0,2020-11-19 08:00:00+00:00,0.6000109580823204,,
,,,,utc_only,2139.0,2020-11-19 08:00:00+00:00,1.3555488351547216,,
,,,,utc_only,2140.0,2020-11-20 08:00:00+00:00,1.5609007224847171,,
,,,,utc_only,2142.0,2020-11-23 12:00:00+00:00,-1.0,,
,,,,utc_only,2144.0,2020-11-26 04:00:00+00:00,1.1344011262028968,,
,,,,utc_only,2145.0,2020-11-27 20:00:00+00:00,0.4904404076760036,,
,,,,utc_only,2146.0,2020-12-01 16:00:00+00:00,0.7718462218482822,,
,,,,utc_only,2147.0,2020-12-01 16:00:00+00:00,0.5739511659870901,,
,,,,utc_only,2148.0,2020-12-03 00:00:00+00:00,0.5225264700150452,,
,,,,utc_only,2149.0,2020-12-06 20:00:00+00:00,0.9793372207234751,,
,,,,utc_only,2150.0,2020-12-07 00:00:00+00:00,2.5620925773618684,,
,,,,utc_only,2152.0,2020-12-07 16:00:00+00:00,0.706549293221276,,
,,,,utc_only,2154.0,2020-12-09 20:00:00+00:00,1.1848096682300335,,
,,,,utc_only,2155.0,2020-12-16 12:00:00+00:00,0.6823691341435665,,
,,,,utc_only,2157.0,2020-12-21 12:00:00+00:00,1.3260906149945169,,
,,,,utc_only,2158.0,2020-12-21 12:00:00+00:00,1.1607370474041496,,
,,,,utc_only,2159.0,2020-12-21 12:00:00+00:00,1.0698987375955236,,
,,,,utc_only,2160.0,2020-12-21 12:00:00+00:00,1.214940868341082,,
,,,,utc_only,2162.0,2020-12-29 16:00:00+00:00,-1.0,,
,,,,utc_only,2165.0,2021-01-05 08:00:00+00:00,0.7379981390803626,,
,,,,utc_only,2166.0,2021-01-05 20:00:00+00:00,0.9353837235462814,,
,,,,utc_only,2167.0,2021-01-11 12:00:00+00:00,0.3330016470901388,,
,,,,utc_only,2168.0,2021-01-11 16:00:00+00:00,0.8120300149407462,,
,,,,utc_only,2169.0,2021-01-12 12:00:00+00:00,-1.0,,
,,,,utc_only,2170.0,2021-01-14 08:00:00+00:00,2.491017027843881,,
,,,,utc_only,2171.0,2021-01-14 16:00:00+00:00,0.6006901185557351,,
,,,,utc_only,2172.0,2021-01-18 08:00:00+00:00,0.3527183222050314,,
,,,,utc_only,2174.0,2021-01-19 00:00:00+00:00,2.6695876374451104,,
,,,,utc_only,2175.0,2021-01-19 00:00:00+00:00,0.5516911146818283,,
,,,,utc_only,2176.0,2021-01-19 20:00:00+00:00,0.6250967294056522,,
,,,,utc_only,2178.0,2021-01-20 20:00:00+00:00,1.9424296991130134,,
,,,,utc_only,2179.0,2021-01-22 12:00:00+00:00,2.7266957096885993,,
,,,,utc_only,2180.0,2021-01-28 12:00:00+00:00,0.9534009338450455,,
,,,,utc_only,2182.0,2021-01-28 16:00:00+00:00,2.50753049496811,,
,,,,utc_only,2183.0,2021-02-01 20:00:00+00:00,0.5337393027712803,,
,,,,utc_only,2184.0,2021-02-03 12:00:00+00:00,1.0529374769561102,,
,,,,utc_only,2186.0,2021-02-04 16:00:00+00:00,1.4788032186801658,,
,,,,utc_only,2187.0,2021-02-08 04:00:00+00:00,-1.0,,
,,,,utc_only,2188.0,2021-02-09 00:00:00+00:00,0.4809571251999222,,
,,,,utc_only,2189.0,2021-02-09 20:00:00+00:00,-1.0,,
,,,,utc_only,2190.0,2021-02-11 20:00:00+00:00,0.6004292283379339,,
,,,,utc_only,2192.0,2021-02-16 04:00:00+00:00,0.9632269062347377,,
,,,,utc_only,2193.0,2021-02-16 20:00:00+00:00,-1.0,,
,,,,utc_only,2194.0,2021-02-17 16:00:00+00:00,1.4604017617496998,,
,,,,utc_only,2196.0,2021-02-25 00:00:00+00:00,1.0253762960791821,,
,,,,utc_only,2197.0,2021-02-25 20:00:00+00:00,0.7470313454874143,,
,,,,utc_only,2198.0,2021-02-26 12:00:00+00:00,0.6011955653007232,,
,,,,utc_only,2200.0,2021-02-28 20:00:00+00:00,-1.0,,
,,,,utc_only,2202.0,2021-03-05 16:00:00+00:00,-0.5828429464468464,,
,,,,utc_only,2204.0,2021-03-10 00:00:00+00:00,0.5718967708353556,,
,,,,utc_only,2205.0,2021-03-15 08:00:00+00:00,0.6624851398521553,,
,,,,utc_only,2206.0,2021-03-16 08:00:00+00:00,1.4103964488339493,,
,,,,utc_only,2210.0,2021-03-18 04:00:00+00:00,0.880264680221075,,
,,,,utc_only,2211.0,2021-03-18 20:00:00+00:00,0.5441178811754195,,
,,,,utc_only,2212.0,2021-03-22 00:00:00+00:00,0.6040571354685805,,
,,,,utc_only,2213.0,2021-03-22 00:00:00+00:00,0.5145480395548638,,
,,,,utc_only,2214.0,2021-03-22 16:00:00+00:00,1.0160517287868651,,
,,,,utc_only,2216.0,2021-03-26 04:00:00+00:00,1.014610530472754,,
,,,,utc_only,2219.0,2021-04-07 08:00:00+00:00,-1.0,,
,,,,utc_only,2220.0,2021-04-08 00:00:00+00:00,0.9679591844162996,,
,,,,utc_only,2221.0,2021-04-09 04:00:00+00:00,1.168392840021475,,
,,,,utc_only,2222.0,2021-04-09 08:00:00+00:00,0.9697627959225087,,
,,,,utc_only,2223.0,2021-04-11 20:00:00+00:00,1.4456310961587127,,
,,,,utc_only,2224.0,2021-04-13 04:00:00+00:00,0.4891888037599889,,
,,,,utc_only,2226.0,2021-04-14 20:00:00+00:00,-1.0,,
,,,,utc_only,2227.0,2021-04-14 20:00:00+00:00,1.0472816145144535,,
,,,,utc_only,2229.0,2021-04-15 12:00:00+00:00,0.719361590738351,,
,,,,utc_only,2232.0,2021-04-20 04:00:00+00:00,2.284664088540601,,
,,,,utc_only,2238.0,2021-04-29 04:00:00+00:00,-1.0,,
,,,,utc_only,2240.0,2021-04-30 20:00:00+00:00,0.960005722835136,,
,,,,utc_only,2241.0,2021-05-02 20:00:00+00:00,-1.0,,
,,,,utc_only,2243.0,2021-05-03 08:00:00+00:00,-1.0,,
,,,,utc_only,2244.0,2021-05-04 12:00:00+00:00,0.62471771450785,,
,,,,utc_only,2245.0,2021-05-06 00:00:00+00:00,0.8717923119677828,,
,,,,utc_only,2246.0,2021-05-06 16:00:00+00:00,-1.0,,
,,,,utc_only,2247.0,2021-05-07 00:00:00+00:00,1.518674832012247,,
,,,,utc_only,2248.0,2021-05-07 16:00:00+00:00,1.2317108472471794,,
,,,,utc_only,2249.0,2021-05-16 20:00:00+00:00,0.5408694714406416,,
,,,,utc_only,2250.0,2021-05-20 04:00:00+00:00,0.8873682503124074,,
,,,,utc_only,2251.0,2021-05-21 08:00:00+00:00,-1.0,,
,,,,utc_only,2252.0,2021-05-21 08:00:00+00:00,-1.0,,
,,,,utc_only,2256.0,2021-05-28 00:00:00+00:00,0.613035855904605,,
,,,,utc_only,2257.0,2021-06-01 16:00:00+00:00,0.592025053856331,,
,,,,utc_only,2260.0,2021-06-04 04:00:00+00:00,0.42988994976930744,,
,,,,utc_only,2261.0,2021-06-04 04:00:00+00:00,-1.0,,
,,,,utc_only,2267.0,2021-06-08 04:00:00+00:00,-1.0,,
,,,,utc_only,2269.0,2021-06-08 20:00:00+00:00,0.6487176807787195,,
,,,,utc_only,2271.0,2021-06-09 16:00:00+00:00,-1.0,,
,,,,utc_only,2276.0,2021-06-14 20:00:00+00:00,-1.0,,
,,,,utc_only,2278.0,2021-06-17 08:00:00+00:00,0.44540650402162646,,
,,,,utc_only,2284.0,2021-06-24 12:00:00+00:00,0.5819740522292963,,
,,,,utc_only,2285.0,2021-06-28 04:00:00+00:00,1.790511232723882,,
,,,,utc_only,2286.0,2021-06-28 08:00:00+00:00,-1.0,,
,,,,utc_only,2287.0,2021-07-01 20:00:00+00:00,0.5957398720744901,,
,,,,utc_only,2288.0,2021-07-02 12:00:00+00:00,0.8652885404214726,,
,,,,utc_only,2289.0,2021-07-02 16:00:00+00:00,-1.0,,
,,,,utc_only,2292.0,2021-07-06 16:00:00+00:00,-1.0,,
,,,,utc_only,2297.0,2021-07-08 16:00:00+00:00,-1.0,,
,,,,utc_only,2301.0,2021-07-12 16:00:00+00:00,0.9609242022456248,,
,,,,utc_only,2302.0,2021-07-16 04:00:00+00:00,0.914070828671474,,
,,,,utc_only,2304.0,2021-07-22 04:00:00+00:00,0.6655965299891768,,
,,,,utc_only,2310.0,2021-08-03 08:00:00+00:00,0.49012131138075105,,
,,,,utc_only,2316.0,2021-08-11 16:00:00+00:00,2.1505252147354232,,
,,,,utc_only,2318.0,2021-08-12 20:00:00+00:00,0.9360336665931124,,
,,,,utc_only,2321.0,2021-08-17 20:00:00+00:00,1.1081283737219914,,
,,,,utc_only,2323.0,2021-08-20 08:00:00+00:00,1.0349258555775502,,
,,,,utc_only,2324.0,2021-08-26 16:00:00+00:00,1.2594911088584433,,
,,,,utc_only,2325.0,2021-08-30 04:00:00+00:00,1.34485703039558,,
,,,,utc_only,2328.0,2021-09-08 16:00:00+00:00,0.6643199318959199,,
,,,,utc_only,2330.0,2021-09-09 20:00:00+00:00,3.1251517681532603,,
,,,,utc_only,2331.0,2021-09-13 12:00:00+00:00,1.0846733694293809,,
,,,,utc_only,2337.0,2021-09-20 12:00:00+00:00,0.6198652053913097,,
,,,,utc_only,2339.0,2021-09-20 20:00:00+00:00,1.4118588827655647,,
,,,,utc_only,2341.0,2021-09-21 00:00:00+00:00,0.741907292410579,,
,,,,utc_only,2342.0,2021-09-21 08:00:00+00:00,-1.0,,
,,,,utc_only,2344.0,2021-09-23 12:00:00+00:00,-1.0,,
,,,,utc_only,2345.0,2021-09-23 12:00:00+00:00,0.5714144093906748,,
,,,,utc_only,2346.0,2021-09-24 00:00:00+00:00,-1.0,,
,,,,utc_only,2347.0,2021-09-24 04:00:00+00:00,2.061425470953986,,
,,,,utc_only,2349.0,2021-09-27 04:00:00+00:00,-1.0,,
,,,,utc_only,2352.0,2021-10-11 16:00:00+00:00,-1.0,,
,,,,utc_only,2353.0,2021-10-14 12:00:00+00:00,0.9084297449959283,,
,,,,utc_only,2358.0,2021-10-28 00:00:00+00:00,0.5287532157341197,,
,,,,utc_only,2359.0,2021-10-28 16:00:00+00:00,0.49916798372134236,,
,,,,utc_only,2362.0,2021-11-01 20:00:00+00:00,-1.0,,
,,,,utc_only,2363.0,2021-11-02 04:00:00+00:00,0.6736404325593625,,
,,,,utc_only,2367.0,2021-11-03 16:00:00+00:00,-1.0,,
,,,,utc_only,2369.0,2021-11-09 08:00:00+00:00,-1.0,,
,,,,utc_only,2372.0,2021-11-18 12:00:00+00:00,0.4969560433163938,,
,,,,utc_only,2374.0,2021-11-19 16:00:00+00:00,0.6135292780345896,,
,,,,utc_only,2375.0,2021-11-26 20:00:00+00:00,1.0953160311724957,,
,,,,utc_only,2377.0,2021-12-09 08:00:00+00:00,0.6180093812119758,,
,,,,utc_only,2378.0,2021-12-09 16:00:00+00:00,0.8718292599276466,,
,,,,utc_only,2380.0,2021-12-13 12:00:00+00:00,1.009150482990303,,
,,,,utc_only,2383.0,2021-12-16 16:00:00+00:00,-1.0,,
,,,,utc_only,2384.0,2021-12-17 12:00:00+00:00,1.4096454900117752,,
,,,,utc_only,2385.0,2021-12-20 08:00:00+00:00,0.5686462019951966,,
,,,,utc_only,2388.0,2021-12-20 16:00:00+00:00,1.7292900094142631,,
,,,,utc_only,2390.0,2021-12-21 08:00:00+00:00,1.1111487848771238,,
,,,,utc_only,2391.0,2021-12-23 20:00:00+00:00,0.22293197266447257,,
,,,,utc_only,2392.0,2022-01-03 12:00:00+00:00,0.30118937651058697,,
,,,,utc_only,2393.0,2022-01-03 16:00:00+00:00,0.7293466430369826,,
,,,,utc_only,2394.0,2022-01-06 16:00:00+00:00,-1.0,,
,,,,utc_only,2395.0,2022-01-10 12:00:00+00:00,1.0143597741580819,,
,,,,utc_only,2397.0,2022-01-12 12:00:00+00:00,-1.0,,
,,,,utc_only,2401.0,2022-01-16 20:00:00+00:00,0.7143677733389255,,
,,,,utc_only,2402.0,2022-01-19 12:00:00+00:00,1.3204012219594352,,
,,,,utc_only,2408.0,2022-01-24 12:00:00+00:00,0.9431963011278753,,
,,,,utc_only,2409.0,2022-02-09 04:00:00+00:00,-1.0,,
,,,,utc_only,2410.0,2022-02-10 16:00:00+00:00,0.6141406872433173,,
,,,,utc_only,2411.0,2022-02-17 00:00:00+00:00,-1.0,,
,,,,utc_only,2412.0,2022-02-18 00:00:00+00:00,4.804680138083484,,
,,,,utc_only,2419.0,2022-02-22 12:00:00+00:00,-1.0,,
,,,,utc_only,2421.0,2022-02-23 04:00:00+00:00,0.3289905780926218,,
,,,,utc_only,2420.0,2022-02-23 04:00:00+00:00,0.5063221618907138,,
,,,,utc_only,2422.0,2022-02-24 04:00:00+00:00,-1.0,,
,,,,utc_only,2423.0,2022-02-24 16:00:00+00:00,0.967432470467275,,
,,,,utc_only,2424.0,2022-02-24 16:00:00+00:00,0.6052786971044545,,
,,,,utc_only,2425.0,2022-02-24 16:00:00+00:00,3.210629668727281,,
,,,,utc_only,2426.0,2022-02-25 00:00:00+00:00,0.8770303521096896,,
,,,,utc_only,2427.0,2022-02-25 00:00:00+00:00,-1.0,,
,,,,utc_only,2429.0,2022-02-28 20:00:00+00:00,4.618909402524969,,
,,,,utc_only,2430.0,2022-03-01 16:00:00+00:00,0.36187927788023116,,
,,,,utc_only,2431.0,2022-03-16 08:00:00+00:00,1.8617013777220544,,
,,,,utc_only,2432.0,2022-03-16 12:00:00+00:00,0.5269257597117333,,
,,,,utc_only,2433.0,2022-03-22 12:00:00+00:00,-1.0,,
,,,,utc_only,2435.0,2022-03-28 04:00:00+00:00,1.020605835019762,,
,,,,utc_only,2436.0,2022-03-28 08:00:00+00:00,0.9135214703945078,,
,,,,utc_only,2437.0,2022-03-28 12:00:00+00:00,-1.0,,
,,,,utc_only,2439.0,2022-03-30 20:00:00+00:00,1.1506077713242195,,
,,,,utc_only,2440.0,2022-03-31 20:00:00+00:00,-1.0,,
,,,,utc_only,2441.0,2022-04-01 08:00:00+00:00,0.6782131377868225,,
,,,,utc_only,2442.0,2022-04-01 08:00:00+00:00,0.4850871688192702,,
,,,,utc_only,2443.0,2022-04-04 00:00:00+00:00,3.1784557782578244,,
,,,,utc_only,2446.0,2022-04-08 16:00:00+00:00,-1.0,,
,,,,utc_only,2447.0,2022-04-14 00:00:00+00:00,-1.0,,
,,,,utc_only,2449.0,2022-04-24 20:00:00+00:00,1.108307077616669,,
,,,,utc_only,2450.0,2022-04-24 20:00:00+00:00,-1.0,,
,,,,utc_only,2452.0,2022-04-26 00:00:00+00:00,-1.0,,
,,,,utc_only,2453.0,2022-04-27 00:00:00+00:00,0.5318238254676166,,
,,,,utc_only,2454.0,2022-04-27 00:00:00+00:00,0.8038474474218058,,
,,,,utc_only,2456.0,2022-04-29 08:00:00+00:00,0.8130006017568331,,
,,,,utc_only,2457.0,2022-04-29 08:00:00+00:00,-1.0,,
,,,,utc_only,2459.0,2022-05-04 20:00:00+00:00,-1.0,,
,,,,utc_only,2461.0,2022-05-08 20:00:00+00:00,0.8639999174846169,,
,,,,utc_only,2462.0,2022-05-12 12:00:00+00:00,0.54431479084051,,
,,,,utc_only,2463.0,2022-05-13 08:00:00+00:00,1.5027667195762526,,
,,,,utc_only,2466.0,2022-05-19 08:00:00+00:00,1.0061494231871762,,
,,,,utc_only,2468.0,2022-05-23 08:00:00+00:00,0.857125318600483,,
,,,,utc_only,2470.0,2022-05-23 20:00:00+00:00,0.8249565860895967,,
,,,,utc_only,2471.0,2022-05-25 12:00:00+00:00,2.0305500522095326,,
,,,,utc_only,2472.0,2022-05-29 20:00:00+00:00,-1.0,,
,,,,utc_only,2473.0,2022-06-01 20:00:00+00:00,1.2840008925492892,,
,,,,utc_only,2474.0,2022-06-02 00:00:00+00:00,0.7510784015305506,,
,,,,utc_only,2476.0,2022-06-06 04:00:00+00:00,-1.0,,
,,,,utc_only,2478.0,2022-06-06 20:00:00+00:00,0.5788997158124707,,
,,,,utc_only,2480.0,2022-06-09 12:00:00+00:00,-1.0,,
,,,,utc_only,2481.0,2022-06-10 08:00:00+00:00,-1.0,,
,,,,utc_only,2483.0,2022-06-16 16:00:00+00:00,-1.0,,
,,,,utc_only,2485.0,2022-06-27 20:00:00+00:00,0.35198171830816527,,
,,,,utc_only,2492.0,2022-06-30 16:00:00+00:00,-1.0,,
,,,,utc_only,2495.0,2022-07-04 08:00:00+00:00,0.3764251483449781,,
,,,,utc_only,2499.0,2022-07-06 12:00:00+00:00,0.491251388147744,,
,,,,utc_only,2501.0,2022-07-18 16:00:00+00:00,0.7084017875714768,,
,,,,utc_only,2503.0,2022-07-25 04:00:00+00:00,1.0585666715729218,,
,,,,utc_only,2505.0,2022-07-25 08:00:00+00:00,-1.0,,
,,,,utc_only,2507.0,2022-07-28 04:00:00+00:00,0.5783830155784067,,
,,,,utc_only,2508.0,2022-07-29 16:00:00+00:00,-1.0,,
,,,,utc_only,2509.0,2022-07-29 16:00:00+00:00,0.5477637878427031,,
,,,,utc_only,2515.0,2022-08-12 12:00:00+00:00,-1.0,,
,,,,utc_only,2517.0,2022-08-16 12:00:00+00:00,-1.0,,
,,,,utc_only,2518.0,2022-08-17 16:00:00+00:00,0.7161426651736991,,
,,,,utc_only,2519.0,2022-08-21 20:00:00+00:00,0.7135246343696471,,
,,,,utc_only,2523.0,2022-08-25 00:00:00+00:00,-1.0,,
,,,,utc_only,2527.0,2022-09-01 00:00:00+00:00,0.6518152856343092,,
,,,,utc_only,2531.0,2022-09-08 04:00:00+00:00,-1.0,,
,,,,utc_only,2532.0,2022-09-08 12:00:00+00:00,1.99067498717017,,
,,,,utc_only,2534.0,2022-09-11 20:00:00+00:00,1.192745756230721,,
,,,,utc_only,2536.0,2022-09-21 08:00:00+00:00,1.077525550731604,,
,,,,utc_only,2539.0,2022-09-28 04:00:00+00:00,1.2088517258798097,,
,,,,utc_only,2540.0,2022-09-29 04:00:00+00:00,0.5693094590920436,,
,,,,utc_only,2543.0,2022-10-04 00:00:00+00:00,-0.5727428385939501,,
,,,,utc_only,2544.0,2022-10-04 16:00:00+00:00,-1.0,,
,,,,utc_only,2545.0,2022-10-12 08:00:00+00:00,0.585339175730232,,
,,,,utc_only,2546.0,2022-10-21 16:00:00+00:00,-1.0,,
,,,,utc_only,2548.0,2022-10-27 16:00:00+00:00,0.582751954519403,,
,,,,utc_only,2553.0,2022-11-03 20:00:00+00:00,0.5750760520255248,,
,,,,utc_only,2555.0,2022-11-08 04:00:00+00:00,-1.0,,
,,,,utc_only,2556.0,2022-11-09 12:00:00+00:00,-1.0,,
,,,,utc_only,2560.0,2022-11-10 16:00:00+00:00,0.5161924631856104,,
,,,,utc_only,2561.0,2022-11-10 16:00:00+00:00,0.6935289860819398,,
,,,,utc_only,2559.0,2022-11-10 16:00:00+00:00,0.5403821338548404,,
,,,,utc_only,2562.0,2022-11-10 20:00:00+00:00,-1.0,,
,,,,utc_only,2563.0,2022-11-11 00:00:00+00:00,-1.0,,
,,,,utc_only,2565.0,2022-11-17 04:00:00+00:00,0.6948535522020545,,
,,,,utc_only,2566.0,2022-11-24 16:00:00+00:00,-1.0,,
,,,,utc_only,2567.0,2022-11-28 20:00:00+00:00,0.5933454589116853,,
,,,,utc_only,2568.0,2022-11-29 12:00:00+00:00,0.6825504278951116,,
,,,,utc_only,2569.0,2022-12-01 12:00:00+00:00,-1.0,,
,,,,utc_only,2572.0,2022-12-11 20:00:00+00:00,-1.0,,
,,,,utc_only,2573.0,2022-12-16 08:00:00+00:00,0.5974135055690419,,
,,,,utc_only,2575.0,2022-12-20 04:00:00+00:00,-1.0,,
,,,,utc_only,2576.0,2022-12-20 04:00:00+00:00,0.8066085669902084,,
,,,,utc_only,2577.0,2022-12-20 16:00:00+00:00,0.5764720840481588,,
,,,,utc_only,2579.0,2022-12-22 00:00:00+00:00,0.7537030092308994,,
,,,,utc_only,2580.0,2022-12-22 08:00:00+00:00,0.6146145691913272,,
,,,,utc_only,2582.0,2022-12-27 08:00:00+00:00,-1.0,,
,,,,utc_only,2585.0,2023-01-02 04:00:00+00:00,0.1256580530481452,,
,,,,utc_only,2586.0,2023-01-03 00:00:00+00:00,0.756643303107833,,
,,,,utc_only,2587.0,2023-01-03 12:00:00+00:00,1.0979076604309128,,
,,,,utc_only,2589.0,2023-01-04 08:00:00+00:00,1.3772159742247552,,
,,,,utc_only,2590.0,2023-01-09 08:00:00+00:00,0.4882501645599363,,
,,,,utc_only,2591.0,2023-01-09 12:00:00+00:00,0.780020796056266,,
,,,,utc_only,2593.0,2023-01-19 16:00:00+00:00,1.2546023020803148,,
,,,,utc_only,2595.0,2023-01-23 00:00:00+00:00,1.8629822907161113,,
,,,,utc_only,2596.0,2023-01-24 04:00:00+00:00,0.931446299458661,,
,,,,utc_only,2597.0,2023-01-30 16:00:00+00:00,1.913550457009919,,
,,,,utc_only,2598.0,2023-01-31 20:00:00+00:00,0.5824234946291943,,
,,,,utc_only,2599.0,2023-02-01 00:00:00+00:00,0.5308193374184554,,
,,,,utc_only,2600.0,2023-02-01 04:00:00+00:00,-1.0,,
,,,,utc_only,2603.0,2023-02-01 16:00:00+00:00,-1.0,,
,,,,utc_only,2604.0,2023-02-02 00:00:00+00:00,-1.0,,
,,,,utc_only,2606.0,2023-02-02 16:00:00+00:00,0.6740029390882659,,
,,,,utc_only,2607.0,2023-02-03 12:00:00+00:00,1.125774284744279,,
,,,,utc_only,2610.0,2023-02-06 16:00:00+00:00,0.5326511072369724,,
,,,,utc_only,2611.0,2023-02-06 20:00:00+00:00,0.5203900203899232,,
,,,,utc_only,2612.0,2023-02-07 00:00:00+00:00,-1.0,,
,,,,utc_only,2614.0,2023-02-13 04:00:00+00:00,0.5334338379573869,,
,,,,utc_only,2616.0,2023-02-14 08:00:00+00:00,0.7453790051459562,,
,,,,utc_only,2618.0,2023-02-21 12:00:00+00:00,0.6959715217871718,,
,,,,utc_only,2619.0,2023-02-22 08:00:00+00:00,0.5794945191285557,,
,,,,utc_only,2622.0,2023-03-06 08:00:00+00:00,-1.0,,
,,,,utc_only,2624.0,2023-03-07 08:00:00+00:00,0.18348130053856992,,
,,,,utc_only,2625.0,2023-03-09 16:00:00+00:00,1.1032786305854971,,
,,,,utc_only,2626.0,2023-03-10 04:00:00+00:00,1.0829274650089131,,
,,,,utc_only,2627.0,2023-03-13 12:00:00+00:00,1.5370466639368408,,
,,,,utc_only,2628.0,2023-03-15 12:00:00+00:00,1.7894747224199963,,
,,,,utc_only,2630.0,2023-03-15 16:00:00+00:00,-1.0,,
,,,,utc_only,2631.0,2023-03-16 04:00:00+00:00,1.5029171637250718,,
,,,,utc_only,2640.0,2023-04-04 08:00:00+00:00,1.0106158552390325,,
,,,,utc_only,2641.0,2023-04-05 08:00:00+00:00,0.63564654644417,,
,,,,utc_only,2643.0,2023-04-06 12:00:00+00:00,0.5990787239938614,,
,,,,utc_only,2644.0,2023-04-06 16:00:00+00:00,0.20203104985502562,,
,,,,utc_only,2646.0,2023-04-11 08:00:00+00:00,-1.0,,
,,,,utc_only,2650.0,2023-04-18 04:00:00+00:00,1.948194562755343,,
,,,,utc_only,2651.0,2023-04-20 16:00:00+00:00,1.682417023288811,,
,,,,utc_only,2652.0,2023-04-21 00:00:00+00:00,1.3935959392681445,,
,,,,utc_only,2655.0,2023-05-02 12:00:00+00:00,-1.0,,
,,,,utc_only,2659.0,2023-05-11 08:00:00+00:00,1.1784186706372604,,
,,,,utc_only,2661.0,2023-05-12 00:00:00+00:00,3.476855783803186,,
,,,,utc_only,2662.0,2023-05-12 08:00:00+00:00,0.32648181839072,,
,,,,utc_only,2663.0,2023-05-16 16:00:00+00:00,0.9723400045115056,,
,,,,utc_only,2665.0,2023-05-18 16:00:00+00:00,0.20608520402475894,,
,,,,utc_only,2667.0,2023-05-22 12:00:00+00:00,1.4979238119287623,,
,,,,utc_only,2670.0,2023-05-26 08:00:00+00:00,1.1349347322615655,,
,,,,utc_only,2672.0,2023-05-30 16:00:00+00:00,2.020689246739713,,
,,,,utc_only,2673.0,2023-06-01 08:00:00+00:00,2.749364690470028,,
,,,,utc_only,2674.0,2023-06-02 12:00:00+00:00,-1.0,,
,,,,utc_only,2675.0,2023-06-05 04:00:00+00:00,1.062936051531087,,
,,,,utc_only,2677.0,2023-06-08 20:00:00+00:00,0.5536515421940835,,
,,,,utc_only,2679.0,2023-06-15 04:00:00+00:00,0.7186265937846824,,
,,,,utc_only,2680.0,2023-06-21 20:00:00+00:00,-1.0,,
,,,,utc_only,2681.0,2023-06-23 00:00:00+00:00,0.3656266565450262,,
,,,,utc_only,2682.0,2023-06-29 04:00:00+00:00,-1.0,,
,,,,utc_only,2684.0,2023-06-30 12:00:00+00:00,1.704302472212451,,
,,,,utc_only,2687.0,2023-07-12 04:00:00+00:00,1.666969890676578,,
,,,,utc_only,2688.0,2023-07-12 08:00:00+00:00,1.3914753816748102,,
,,,,utc_only,2694.0,2023-07-27 20:00:00+00:00,-1.0,,
,,,,utc_only,2697.0,2023-07-28 20:00:00+00:00,-1.0,,
,,,,utc_only,2700.0,2023-07-31 16:00:00+00:00,2.2308119013371472,,
,,,,utc_only,2703.0,2023-08-03 20:00:00+00:00,0.4933204702690143,,
,,,,utc_only,2707.0,2023-08-15 08:00:00+00:00,-1.0,,
,,,,utc_only,2708.0,2023-08-18 04:00:00+00:00,2.853373515052971,,
,,,,utc_only,2709.0,2023-08-21 08:00:00+00:00,0.5599395703777098,,
,,,,utc_only,2710.0,2023-08-22 20:00:00+00:00,-1.0,,
,,,,utc_only,2711.0,2023-08-23 12:00:00+00:00,0.5478926993133192,,
,,,,utc_only,2712.0,2023-08-23 16:00:00+00:00,0.4766189438186043,,
,,,,utc_only,2716.0,2023-08-25 08:00:00+00:00,0.5902461295137837,,
,,,,utc_only,2718.0,2023-08-29 16:00:00+00:00,0.5939995456009893,,
,,,,utc_only,2720.0,2023-08-30 16:00:00+00:00,2.61670473361279,,
,,,,utc_only,2722.0,2023-09-01 12:00:00+00:00,0.513717264383068,,
,,,,utc_only,2723.0,2023-09-04 12:00:00+00:00,-1.0,,
,,,,utc_only,2726.0,2023-09-06 08:00:00+00:00,0.5754924546998877,,
,,,,utc_only,2727.0,2023-09-07 20:00:00+00:00,-1.0,,
,,,,utc_only,2730.0,2023-09-13 08:00:00+00:00,0.19871460459222318,,
,,,,utc_only,2731.0,2023-09-14 20:00:00+00:00,0.39530182946572323,,
,,,,utc_only,2733.0,2023-09-22 00:00:00+00:00,0.7287760980739284,,
,,,,utc_only,2734.0,2023-09-26 08:00:00+00:00,0.5647671607163252,,
,,,,utc_only,2736.0,2023-10-03 04:00:00+00:00,0.8109909535341366,,
,,,,utc_only,2741.0,2023-10-09 04:00:00+00:00,-1.0,,
,,,,utc_only,2745.0,2023-10-19 04:00:00+00:00,0.6221156015726591,,
,,,,utc_only,2746.0,2023-10-19 08:00:00+00:00,1.7417946035199467,,
,,,,utc_only,2747.0,2023-10-24 16:00:00+00:00,0.6580308063422377,,
,,,,utc_only,2749.0,2023-10-26 04:00:00+00:00,1.235822047076636,,
,,,,utc_only,2750.0,2023-10-27 20:00:00+00:00,1.867226837334748,,
,,,,utc_only,2752.0,2023-10-31 12:00:00+00:00,0.5734173095089867,,
,,,,utc_only,2753.0,2023-11-01 08:00:00+00:00,0.5773807719929986,,
,,,,utc_only,2755.0,2023-11-06 08:00:00+00:00,-1.0,,
,,,,utc_only,2756.0,2023-11-06 12:00:00+00:00,0.7440159848653203,,
,,,,utc_only,2759.0,2023-11-07 04:00:00+00:00,0.5805403045758173,,
,,,,utc_only,2758.0,2023-11-07 04:00:00+00:00,0.6394518386036407,,
,,,,utc_only,2760.0,2023-11-08 04:00:00+00:00,-1.0,,
,,,,utc_only,2761.0,2023-11-14 04:00:00+00:00,-1.0,,
,,,,utc_only,2763.0,2023-11-20 12:00:00+00:00,-1.0,,
,,,,utc_only,2764.0,2023-11-21 08:00:00+00:00,0.8411987184302159,,
,,,,utc_only,2766.0,2023-11-21 12:00:00+00:00,-1.0,,
,,,,utc_only,2767.0,2023-11-22 12:00:00+00:00,-1.0,,
,,,,utc_only,2768.0,2023-11-22 20:00:00+00:00,-1.0,,
,,,,utc_only,2771.0,2023-11-27 00:00:00+00:00,-1.0,,
,,,,utc_only,2773.0,2023-11-30 00:00:00+00:00,-1.0,,
,,,,utc_only,2774.0,2023-12-01 16:00:00+00:00,0.5964798135362349,,
,,,,utc_only,2775.0,2023-12-04 16:00:00+00:00,-1.0,,
,,,,utc_only,2776.0,2023-12-05 12:00:00+00:00,0.6737255154923942,,
,,,,utc_only,2778.0,2023-12-06 00:00:00+00:00,0.5030308711143212,,
,,,,utc_only,2779.0,2023-12-10 20:00:00+00:00,0.6305983670873132,,
,,,,utc_only,2781.0,2023-12-12 20:00:00+00:00,-1.0,,
,,,,utc_only,2782.0,2023-12-13 08:00:00+00:00,1.1182028803317152,,
,,,,utc_only,2783.0,2023-12-13 12:00:00+00:00,1.4351568578763403,,
,,,,utc_only,2785.0,2023-12-14 12:00:00+00:00,0.2097920598793226,,
,,,,utc_only,2787.0,2023-12-28 20:00:00+00:00,1.8622553338524772,,
,,,,utc_only,2788.0,2023-12-29 04:00:00+00:00,-1.0,,
,,,,utc_only,2789.0,2024-01-02 16:00:00+00:00,1.1752173804246215,,
,,,,utc_only,2790.0,2024-01-02 20:00:00+00:00,0.5930877933181014,,
,,,,utc_only,2792.0,2024-01-03 16:00:00+00:00,-1.0,,
,,,,utc_only,2793.0,2024-01-04 04:00:00+00:00,1.2435847103552113,,
,,,,utc_only,2794.0,2024-01-15 12:00:00+00:00,-1.0,,
,,,,utc_only,2796.0,2024-01-29 08:00:00+00:00,1.5731702479030838,,
,,,,utc_only,2797.0,2024-01-29 16:00:00+00:00,0.7826091555828965,,
,,,,utc_only,2798.0,2024-01-31 08:00:00+00:00,1.4041436503165525,,
,,,,utc_only,2799.0,2024-01-31 20:00:00+00:00,0.6792669878111941,,
,,,,utc_only,2800.0,2024-01-31 20:00:00+00:00,0.9158823073880105,,
,,,,utc_only,2801.0,2024-02-01 08:00:00+00:00,1.020503909772525,,
,,,,utc_only,2805.0,2024-02-01 12:00:00+00:00,0.4475079551879117,,
,,,,utc_only,2803.0,2024-02-01 12:00:00+00:00,0.7638208703656191,,
,,,,utc_only,2804.0,2024-02-01 12:00:00+00:00,0.8496983412705914,,
,,,,utc_only,2806.0,2024-02-01 16:00:00+00:00,0.4575430424491086,,
,,,,utc_only,2807.0,2024-02-02 12:00:00+00:00,0.848921446489177,,
,,,,utc_only,2809.0,2024-02-06 20:00:00+00:00,0.5505218041782324,,
,,,,utc_only,2810.0,2024-02-07 16:00:00+00:00,0.6574177833000874,,
,,,,utc_only,2813.0,2024-02-15 12:00:00+00:00,0.7803887556151795,,
,,,,utc_only,2814.0,2024-02-19 08:00:00+00:00,0.981466460785048,,
,,,,utc_only,2815.0,2024-02-21 12:00:00+00:00,0.841224667059272,,
,,,,utc_only,2816.0,2024-02-22 12:00:00+00:00,1.7504016009464345,,
,,,,utc_only,2817.0,2024-02-23 12:00:00+00:00,0.9751223420552442,,
,,,,utc_only,2818.0,2024-02-29 08:00:00+00:00,0.7377396780149061,,
,,,,utc_only,2819.0,2024-02-29 16:00:00+00:00,1.3123908716297676,,
,,,,utc_only,2820.0,2024-03-01 00:00:00+00:00,0.7739571151831766,,
,,,,utc_only,2822.0,2024-03-05 08:00:00+00:00,1.4767116598056191,,
,,,,utc_only,2823.0,2024-03-05 08:00:00+00:00,1.1065304914136116,,
,,,,utc_only,2824.0,2024-03-05 12:00:00+00:00,1.1786115822896424,,
,,,,utc_only,2827.0,2024-03-07 12:00:00+00:00,0.8560155556325536,,
,,,,utc_only,2829.0,2024-03-08 08:00:00+00:00,0.7278321024063407,,
,,,,utc_only,2831.0,2024-03-10 20:00:00+00:00,1.382660171461227,,
,,,,utc_only,2834.0,2024-03-13 08:00:00+00:00,0.5314803836119822,,
,,,,utc_only,2837.0,2024-03-18 08:00:00+00:00,-1.0,,
,,,,utc_only,2839.0,2024-03-22 00:00:00+00:00,-1.0,,
,,,,utc_only,2843.0,2024-03-28 12:00:00+00:00,0.5985616722330227,,
,,,,utc_only,2844.0,2024-03-31 20:00:00+00:00,0.535870964456552,,
,,,,utc_only,2846.0,2024-04-02 12:00:00+00:00,1.0944846821366996,,
,,,,utc_only,2847.0,2024-04-03 04:00:00+00:00,0.6780062971029399,,
,,,,utc_only,2848.0,2024-04-03 08:00:00+00:00,0.7651815903072376,,
,,,,utc_only,2850.0,2024-04-04 16:00:00+00:00,1.20756407078195,,
,,,,utc_only,2851.0,2024-04-05 00:00:00+00:00,0.7112813499034051,,
,,,,utc_only,2852.0,2024-04-09 04:00:00+00:00,0.4578554700797993,,
,,,,utc_only,2853.0,2024-04-10 16:00:00+00:00,0.6110389451188136,,
,,,,utc_only,2856.0,2024-04-12 16:00:00+00:00,0.660578298679259,,
,,,,utc_only,2857.0,2024-04-12 20:00:00+00:00,1.1774915657833491,,
,,,,utc_only,2858.0,2024-04-12 20:00:00+00:00,2.5433924920438096,,
,,,,utc_only,2861.0,2024-04-19 04:00:00+00:00,1.7980628754545993,,
,,,,utc_only,2863.0,2024-04-22 08:00:00+00:00,1.4618427228164146,,
,,,,utc_only,2865.0,2024-04-23 20:00:00+00:00,1.5247232434553595,,
,,,,utc_only,2866.0,2024-04-25 12:00:00+00:00,1.7384391757756692,,
,,,,utc_only,2867.0,2024-05-02 00:00:00+00:00,0.24207464292146597,,
,,,,utc_only,2870.0,2024-05-06 12:00:00+00:00,-1.0,,
,,,,utc_only,2871.0,2024-05-07 16:00:00+00:00,-1.0,,
,,,,utc_only,2872.0,2024-05-12 20:00:00+00:00,2.1859832491685562,,
,,,,utc_only,2873.0,2024-05-17 08:00:00+00:00,0.6837944774414548,,
,,,,utc_only,2874.0,2024-05-30 08:00:00+00:00,2.240148429537709,,
,,,,utc_only,2876.0,2024-05-31 08:00:00+00:00,-1.0,,
,,,,utc_only,2877.0,2024-05-31 08:00:00+00:00,-1.0,,
,,,,utc_only,2878.0,2024-06-02 20:00:00+00:00,0.7887897326476412,,
,,,,utc_only,2881.0,2024-06-03 16:00:00+00:00,0.7426671155558433,,
,,,,utc_only,2882.0,2024-06-04 12:00:00+00:00,1.0407544861077154,,
,,,,utc_only,2885.0,2024-06-07 12:00:00+00:00,1.3509493975263047,,
,,,,utc_only,2886.0,2024-06-10 00:00:00+00:00,0.8360957053446085,,
,,,,utc_only,2888.0,2024-06-17 20:00:00+00:00,-1.0,,
,,,,utc_only,2889.0,2024-06-18 08:00:00+00:00,1.933649293521097,,
,,,,utc_only,2892.0,2024-06-20 20:00:00+00:00,0.38299852802022155,,
,,,,utc_only,2893.0,2024-06-21 12:00:00+00:00,2.9319902604482824,,
,,,,utc_only,2895.0,2024-06-26 20:00:00+00:00,0.8160584705051095,,
,,,,utc_only,2898.0,2024-07-11 04:00:00+00:00,3.3736032270509586,,
,,,,utc_only,2899.0,2024-07-11 16:00:00+00:00,-1.0,,
,,,,utc_only,2900.0,2024-07-15 12:00:00+00:00,-1.0,,
,,,,utc_only,2901.0,2024-07-17 00:00:00+00:00,1.5753085780616067,,
,,,,utc_only,2905.0,2024-07-30 08:00:00+00:00,1.5945612963495157,,
,,,,utc_only,2907.0,2024-08-19 08:00:00+00:00,0.5148528958357127,,
,,,,utc_only,2908.0,2024-08-19 08:00:00+00:00,0.698016690873902,,
,,,,utc_only,2909.0,2024-08-19 08:00:00+00:00,0.19168049309335194,,
,,,,utc_only,2911.0,2024-08-21 00:00:00+00:00,0.5614062577548802,,
,,,,utc_only,2910.0,2024-08-21 00:00:00+00:00,-1.0,,
,,,,utc_only,2912.0,2024-08-26 04:00:00+00:00,1.1579998233404702,,
,,,,utc_only,2913.0,2024-08-26 08:00:00+00:00,0.27043228659101864,,
,,,,utc_only,2916.0,2024-08-29 20:00:00+00:00,0.49469059502133245,,
,,,,utc_only,2919.0,2024-09-04 08:00:00+00:00,0.856227371087763,,
,,,,utc_only,2922.0,2024-09-05 12:00:00+00:00,0.8451240742384802,,
,,,,utc_only,2923.0,2024-09-09 00:00:00+00:00,0.7828544569056133,,
,,,,utc_only,2924.0,2024-09-09 00:00:00+00:00,0.8950200003252671,,
,,,,utc_only,2925.0,2024-09-10 04:00:00+00:00,0.9476947902122226,,
,,,,utc_only,2926.0,2024-09-12 08:00:00+00:00,0.7924372452483825,,
,,,,utc_only,2927.0,2024-09-12 12:00:00+00:00,0.920469586453575,,
,,,,utc_only,2928.0,2024-09-12 16:00:00+00:00,1.492264864301548,,
,,,,utc_only,2929.0,2024-09-15 20:00:00+00:00,1.0718081887255526,,
,,,,utc_only,2930.0,2024-09-17 08:00:00+00:00,-1.0,,
,,,,utc_only,2933.0,2024-09-19 12:00:00+00:00,1.2909156710985579,,
,,,,utc_only,2934.0,2024-09-23 20:00:00+00:00,1.063351673932563,,
,,,,utc_only,2937.0,2024-10-08 12:00:00+00:00,0.3646464544645355,,
,,,,utc_only,2936.0,2024-10-08 12:00:00+00:00,0.6117561960476463,,
,,,,utc_only,2943.0,2024-10-22 04:00:00+00:00,0.7739691388913059,,
,,,,utc_only,2944.0,2024-10-22 20:00:00+00:00,1.2480199546840725,,
,,,,utc_only,2945.0,2024-10-23 12:00:00+00:00,0.7972522189791091,,
,,,,utc_only,2948.0,2024-10-27 20:00:00+00:00,0.5738554631422073,,
,,,,utc_only,2952.0,2024-10-31 04:00:00+00:00,-1.0,,
,,,,utc_only,2954.0,2024-11-06 12:00:00+00:00,0.7367864584206419,,
,,,,utc_only,2958.0,2024-11-08 12:00:00+00:00,1.1458619330706004,,
,,,,utc_only,2959.0,2024-11-12 12:00:00+00:00,0.4799775821887928,,
,,,,utc_only,2960.0,2024-11-15 08:00:00+00:00,-1.0,,
,,,,utc_only,2964.0,2024-11-17 20:00:00+00:00,0.4639220814866794,,
,,,,utc_only,2966.0,2024-11-18 12:00:00+00:00,-1.0,,
,,,,utc_only,2968.0,2024-11-22 08:00:00+00:00,-1.0,,
,,,,utc_only,2970.0,2024-11-26 00:00:00+00:00,-1.0,,
,,,,utc_only,2972.0,2024-11-26 08:00:00+00:00,0.511872670866484,,
,,,,utc_only,2974.0,2024-11-28 20:00:00+00:00,-1.0,,
,,,,utc_only,2975.0,2024-12-02 08:00:00+00:00,1.0113257835767682,,
,,,,utc_only,2976.0,2024-12-02 16:00:00+00:00,-1.0,,
,,,,utc_only,2978.0,2024-12-12 00:00:00+00:00,-1.0,,
,,,,utc_only,2979.0,2024-12-12 20:00:00+00:00,-1.0,,
,,,,utc_only,2981.0,2024-12-13 08:00:00+00:00,-1.0,,
,,,,utc_only,2982.0,2024-12-23 12:00:00+00:00,0.4059108789489085,,
,,,,utc_only,2983.0,2024-12-29 20:00:00+00:00,0.8301940090703552,,
,,,,utc_only,2984.0,2024-12-31 04:00:00+00:00,0.0,,
,,,,utc_only,2985.0,2025-01-01 20:00:00+00:00,0.5653978809073866,,
,,,,utc_only,2986.0,2025-01-01 20:00:00+00:00,0.26108384734459544,,
,,,,utc_only,2988.0,2025-01-01 20:00:00+00:00,0.5724591636354266,,
,,,,utc_only,2990.0,2025-01-03 16:00:00+00:00,0.3189933916949007,,
,,,,utc_only,2991.0,2025-01-06 08:00:00+00:00,-1.0,,
,,,,utc_only,2992.0,2025-01-06 12:00:00+00:00,-1.0,,
,,,,utc_only,2994.0,2025-01-10 16:00:00+00:00,0.47558487765592394,,
,,,,utc_only,2995.0,2025-01-10 16:00:00+00:00,0.48699139122880253,,
,,,,utc_only,2998.0,2025-01-15 20:00:00+00:00,0.4242855982788292,,
,,,,utc_only,2999.0,2025-01-16 04:00:00+00:00,0.4583106471056602,,
,,,,utc_only,3001.0,2025-01-20 08:00:00+00:00,0.6055507045921502,,
,,,,utc_only,3002.0,2025-01-20 08:00:00+00:00,-1.0,,
,,,,utc_only,3003.0,2025-01-21 04:00:00+00:00,0.4756050702190205,,
,,,,utc_only,3004.0,2025-01-21 04:00:00+00:00,0.5647350391815115,,
,,,,utc_only,3005.0,2025-01-21 12:00:00+00:00,0.41875204042504816,,
,,,,utc_only,3007.0,2025-01-21 20:00:00+00:00,1.0648735186223548,,
,,,,utc_only,3008.0,2025-01-28 20:00:00+00:00,0.9312931752731352,,
,,,,utc_only,3009.0,2025-01-30 08:00:00+00:00,0.6844291488689418,,
,,,,utc_only,3011.0,2025-02-03 04:00:00+00:00,0.7665062462538346,,
,,,,utc_only,3013.0,2025-02-03 04:00:00+00:00,0.5352271569565022,,
,,,,utc_only,3016.0,2025-02-04 00:00:00+00:00,0.5720491141446907,,
,,,,utc_only,3017.0,2025-02-05 12:00:00+00:00,1.0752153300554084,,
,,,,utc_only,3018.0,2025-02-05 16:00:00+00:00,0.474584518912199,,
,,,,utc_only,3019.0,2025-02-06 16:00:00+00:00,2.499108677628452,,
,,,,utc_only,3020.0,2025-02-11 08:00:00+00:00,0.6004978537537807,,
,,,,utc_only,3023.0,2025-02-13 08:00:00+00:00,0.9799245674259064,,
,,,,utc_only,3024.0,2025-02-17 08:00:00+00:00,-1.0,,
,,,,utc_only,3025.0,2025-02-17 20:00:00+00:00,1.484338232101468,,
,,,,utc_only,3027.0,2025-02-23 20:00:00+00:00,-1.0,,
,,,,utc_only,3029.0,2025-02-25 08:00:00+00:00,0.27760493660041147,,
,,,,utc_only,3030.0,2025-02-25 16:00:00+00:00,0.5648573689207674,,
,,,,utc_only,3031.0,2025-02-27 04:00:00+00:00,-1.0,,
,,,,utc_only,3032.0,2025-02-27 04:00:00+00:00,1.7969300730196318,,
,,,,utc_only,3034.0,2025-03-03 00:00:00+00:00,2.7444943171469265,,
,,,,utc_only,3035.0,2025-03-04 16:00:00+00:00,0.7555867760141677,,
,,,,utc_only,3036.0,2025-03-05 16:00:00+00:00,0.2257708312241668,,
,,,,utc_only,3037.0,2025-03-11 00:00:00+00:00,0.5632608127610459,,
,,,,utc_only,3038.0,2025-03-19 12:00:00+00:00,0.461929101517247,,
,,,,utc_only,3040.0,2025-03-20 20:00:00+00:00,-1.0,,
,,,,utc_only,3041.0,2025-03-21 16:00:00+00:00,0.47699992871682684,,
,,,,utc_only,3044.0,2025-03-26 12:00:00+00:00,0.9202846774230689,,
,,,,utc_only,3047.0,2025-03-27 12:00:00+00:00,-1.0,,
,,,,utc_only,3049.0,2025-03-28 04:00:00+00:00,0.6656581660404011,,
,,,,utc_only,3052.0,2025-03-31 04:00:00+00:00,0.38114011556715227,,
,,,,utc_only,3051.0,2025-03-31 04:00:00+00:00,0.5486307346610694,,
,,,,utc_only,3053.0,2025-03-31 08:00:00+00:00,0.4294864417720703,,
,,,,utc_only,3057.0,2025-04-03 00:00:00+00:00,0.5013435071525221,,
,,,,utc_only,3058.0,2025-04-03 04:00:00+00:00,0.5790335486313365,,
,,,,utc_only,3059.0,2025-04-03 16:00:00+00:00,-1.0,,
,,,,utc_only,3060.0,2025-04-04 00:00:00+00:00,0.5279562611188592,,
,,,,utc_only,3061.0,2025-04-07 12:00:00+00:00,-0.4386952209135625,,
,,,,utc_only,3062.0,2025-04-09 16:00:00+00:00,0.5255755418072826,,
,,,,utc_only,3063.0,2025-04-11 04:00:00+00:00,-0.44768481800557386,,
,,,,utc_only,3064.0,2025-04-11 12:00:00+00:00,-0.5679553768695824,,
,,,,utc_only,3065.0,2025-04-17 04:00:00+00:00,-1.0,,
,,,,utc_only,3066.0,2025-04-21 08:00:00+00:00,0.9829055608873729,,
,,,,utc_only,3067.0,2025-04-21 12:00:00+00:00,0.9737878321283904,,
,,,,utc_only,3070.0,2025-04-23 20:00:00+00:00,-1.0,,
,,,,utc_only,3071.0,2025-04-25 08:00:00+00:00,-1.0,,
,,,,utc_only,3077.0,2025-05-08 20:00:00+00:00,0.6411274065907587,,
,,,,utc_only,3080.0,2025-05-14 20:00:00+00:00,0.6927053444036589,,
,,,,utc_only,3082.0,2025-05-19 16:00:00+00:00,-1.0,,
,,,,utc_only,3085.0,2025-05-22 08:00:00+00:00,1.9411146158645105,,
,,,,utc_only,3084.0,2025-05-22 08:00:00+00:00,0.7116626982428622,,
,,,,utc_only,3089.0,2025-05-23 20:00:00+00:00,0.9896247095169035,,
,,,,utc_only,3091.0,2025-05-27 00:00:00+00:00,1.1584418931997473,,
,,,,utc_only,3092.0,2025-05-29 00:00:00+00:00,-1.0,,
,,,,utc_only,3093.0,2025-05-29 04:00:00+00:00,0.8573335949673786,,
,,,,utc_only,3094.0,2025-05-30 08:00:00+00:00,0.49313672190545255,,
,,,,utc_only,3095.0,2025-06-01 20:00:00+00:00,-1.0,,
,,,,utc_only,3096.0,2025-06-02 04:00:00+00:00,1.1315090890668102,,
,,,,utc_only,3099.0,2025-06-09 12:00:00+00:00,0.894179524793921,,
,,,,utc_only,3101.0,2025-06-12 08:00:00+00:00,-1.0,,
,,,,utc_only,3102.0,2025-06-12 12:00:00+00:00,-1.0,,
,,,,utc_only,3105.0,2025-06-13 12:00:00+00:00,-1.0,,
,,,,utc_only,3106.0,2025-06-17 20:00:00+00:00,0.5015804584694765,,
,,,,utc_only,3107.0,2025-06-18 04:00:00+00:00,0.9896547044609647,,
,,,,utc_only,3109.0,2025-06-23 12:00:00+00:00,0.8267796190424366,,
,,,,utc_only,3110.0,2025-06-24 00:00:00+00:00,0.5079565002683551,,
,,,,utc_only,3112.0,2025-06-27 12:00:00+00:00,-1.0,,
,,,,utc_only,3115.0,2025-06-30 16:00:00+00:00,0.6369259917000291,,
,,,,utc_only,3117.0,2025-07-02 04:00:00+00:00,1.557458772506765,,
,,,,utc_only,3121.0,2025-07-16 04:00:00+00:00,0.7825578142943657,,
,,,,utc_only,3126.0,2025-07-22 16:00:00+00:00,-1.0,,
,,,,utc_only,3128.0,2025-07-22 20:00:00+00:00,0.4962046263249721,,
,,,,utc_only,3131.0,2025-07-24 20:00:00+00:00,1.2379495876342093,,
,,,,utc_only,3133.0,2025-07-29 08:00:00+00:00,1.2891198147008156,,
,,,,utc_only,3134.0,2025-07-29 08:00:00+00:00,0.5681699600206116,,
,,,,utc_only,3135.0,2025-07-29 08:00:00+00:00,1.8773924020728758,,
,,,,utc_only,3138.0,2025-07-30 12:00:00+00:00,1.125447855598722,,
,,,,utc_only,3140.0,2025-08-01 12:00:00+00:00,0.798121956308358,,
,,,,utc_only,3143.0,2025-08-04 00:00:00+00:00,0.21204964599606402,,
,,,,utc_only,3144.0,2025-08-04 04:00:00+00:00,-1.0,,
,,,,utc_only,3148.0,2025-08-18 16:00:00+00:00,1.8736833072400203,,
,,,,utc_only,3149.0,2025-08-19 20:00:00+00:00,2.224421390373901,,
,,,,utc_only,3150.0,2025-08-19 20:00:00+00:00,0.7636703595093767,,
,,,,utc_only,3152.0,2025-08-22 12:00:00+00:00,1.3924494458418983,,
,,,,utc_only,3153.0,2025-08-22 12:00:00+00:00,0.8567901820994615,,
,,,,utc_only,3154.0,2025-08-25 20:00:00+00:00,1.1902631949143887,,
,,,,utc_only,3157.0,2025-08-29 00:00:00+00:00,0.864376418306559,,
,,,,utc_only,3158.0,2025-08-29 12:00:00+00:00,1.6664737756992114,,
,,,,utc_only,3159.0,2025-09-01 00:00:00+00:00,1.3464391325127296,,
,,,,utc_only,3162.0,2025-09-03 04:00:00+00:00,0.9634748997158595,,
,,,,utc_only,3166.0,2025-09-08 12:00:00+00:00,1.0855774875183455,,
,,,,utc_only,3167.0,2025-09-08 20:00:00+00:00,2.619521606236978,,
,,,,utc_only,3169.0,2025-09-10 08:00:00+00:00,0.3254387517795252,,
,,,,utc_only,3172.0,2025-09-23 04:00:00+00:00,0.20090872288957645,,
,,,,utc_only,3173.0,2025-09-25 20:00:00+00:00,0.47124610952208623,,
,,,,utc_only,3175.0,2025-10-01 16:00:00+00:00,1.9607648611410173,,
,,,,utc_only,3176.0,2025-10-07 08:00:00+00:00,1.2624887776432352,,
,,,,utc_only,3177.0,2025-10-07 12:00:00+00:00,-1.0,,
,,,,utc_only,3179.0,2025-10-10 16:00:00+00:00,0.6378142755829401,,
,,,,utc_only,3180.0,2025-10-13 08:00:00+00:00,0.18287026157250086,,
,,,,utc_only,3181.0,2025-10-16 00:00:00+00:00,-1.0,,
,,,,utc_only,3187.0,2025-10-23 04:00:00+00:00,-1.0,,
,,,,utc_only,3188.0,2025-10-26 20:00:00+00:00,0.7857111910797939,,
,,,,utc_only,3190.0,2025-10-29 16:00:00+00:00,1.003401914039769,,
,,,,utc_only,3193.0,2025-11-03 04:00:00+00:00,1.004696813450253,,
,,,,utc_only,3194.0,2025-11-05 12:00:00+00:00,1.6085060418506976,,
,,,,utc_only,3195.0,2025-11-06 16:00:00+00:00,1.681693356666111,,
,,,,utc_only,3196.0,2025-11-07 16:00:00+00:00,1.4258443594012165,,
,,,,utc_only,3197.0,2025-11-13 00:00:00+00:00,1.4631405367604209,,
,,,,utc_only,3198.0,2025-11-13 08:00:00+00:00,0.7060218789248932,,
,,,,utc_only,3200.0,2025-11-17 20:00:00+00:00,0.7472436027861806,,
,,,,utc_only,3202.0,2025-11-18 16:00:00+00:00,1.0666278524308461,,
,,,,utc_only,3203.0,2025-11-18 20:00:00+00:00,1.2479232068238417,,
,,,,utc_only,3204.0,2025-11-19 00:00:00+00:00,0.8982163336024797,,
,,,,utc_only,3205.0,2025-11-20 04:00:00+00:00,0.8639555416431406,,
,,,,utc_only,3206.0,2025-11-20 12:00:00+00:00,0.35595974175660405,,
,,,,utc_only,3208.0,2025-11-23 20:00:00+00:00,0.9238156089437066,,
,,,,utc_only,3209.0,2025-11-24 08:00:00+00:00,-1.0,,
,,,,utc_only,3210.0,2025-11-27 08:00:00+00:00,0.5672835739417362,,
,,,,utc_only,3211.0,2025-11-27 16:00:00+00:00,-1.0,,
,,,,utc_only,3212.0,2025-12-02 04:00:00+00:00,0.6705054936814491,,
,,,,utc_only,3213.0,2025-12-02 16:00:00+00:00,0.49891603769885257,,
,,,,utc_only,3216.0,2025-12-08 12:00:00+00:00,0.6272243263299004,,
,,,,utc_only,3217.0,2025-12-08 16:00:00+00:00,0.5466332711001217,,
,,,,utc_only,3222.0,2025-12-14 20:00:00+00:00,0.6805377337821656,,
,,,,utc_only,3223.0,2025-12-17 20:00:00+00:00,1.5126291366837712,,
,,,,utc_only,3224.0,2025-12-18 04:00:00+00:00,0.9316690630108779,,
,,,,utc_only,3226.0,2025-12-22 08:00:00+00:00,2.3171381276974774,,
,,,,utc_only,3228.0,2025-12-23 16:00:00+00:00,0.518847010804565,,
,,,,utc_only,3229.0,2025-12-31 08:00:00+00:00,0.5888555981377248,,
,,,,utc_only,3230.0,2026-01-04 20:00:00+00:00,0.7655887622931044,,
,,,,utc_only,3231.0,2026-01-05 12:00:00+00:00,2.718736775459762,,
,,,,utc_only,3232.0,2026-01-05 12:00:00+00:00,0.40926251252969037,,
,,,,utc_only,3234.0,2026-01-08 08:00:00+00:00,1.1887964289174233,,
,,,,utc_only,3235.0,2026-01-09 00:00:00+00:00,-1.0,,
,,,,utc_only,3238.0,2026-01-12 04:00:00+00:00,2.1889374305898825,,
,,,,utc_only,3239.0,2026-01-12 12:00:00+00:00,0.49016815454044793,,
,,,,utc_only,3243.0,2026-01-19 12:00:00+00:00,2.3651724706579587,,
,,,,utc_only,3244.0,2026-01-19 20:00:00+00:00,-1.0,,
,,,,utc_only,3245.0,2026-01-19 20:00:00+00:00,-1.0,,
,,,,utc_only,3246.0,2026-01-21 04:00:00+00:00,0.7285629551860826,,
,,,,utc_only,3247.0,2026-01-21 16:00:00+00:00,-1.0,,
,,,,utc_only,3248.0,2026-01-21 20:00:00+00:00,-1.0,,
,,,,utc_only,3249.0,2026-01-22 00:00:00+00:00,1.2044474013304236,,
,,,,utc_only,3251.0,2026-01-25 20:00:00+00:00,0.49940377070668485,,
,,,,utc_only,3254.0,2026-01-29 04:00:00+00:00,0.5750901922840574,,
,,,,utc_only,3255.0,2026-01-29 16:00:00+00:00,0.4527351155315502,,
,,,,utc_only,3256.0,2026-01-30 16:00:00+00:00,-1.0,,
,,,,utc_only,3259.0,2026-02-06 00:00:00+00:00,-1.0,,
,,,,utc_only,3260.0,2026-02-11 08:00:00+00:00,-1.0,,
,,,,utc_only,3261.0,2026-02-16 00:00:00+00:00,0.9690215621157683,,
,,,,utc_only,3263.0,2026-02-19 00:00:00+00:00,-1.0,,
,,,,utc_only,3265.0,2026-02-20 12:00:00+00:00,-1.0,,
,,,,utc_only,3268.0,2026-03-02 00:00:00+00:00,0.4872061176871639,,
,,,,utc_only,3269.0,2026-03-02 08:00:00+00:00,-1.0,,
,,,,utc_only,3270.0,2026-03-03 00:00:00+00:00,0.9684555331755262,,
,,,,utc_only,3271.0,2026-03-03 16:00:00+00:00,0.23851522268739306,,
,,,,utc_only,3273.0,2026-03-04 12:00:00+00:00,-1.0,,
,,,,utc_only,3276.0,2026-03-05 04:00:00+00:00,0.7420799278796597,,
,,,,utc_only,3277.0,2026-03-05 08:00:00+00:00,1.6470156883785898,,
,,,,utc_only,3282.0,2026-03-16 16:00:00+00:00,-1.0,,
,,,,utc_only,3289.0,2026-03-23 16:00:00+00:00,-1.0,,
,,,,utc_only,3290.0,2026-03-26 08:00:00+00:00,0.16580001679848166,,
,,,,utc_only,3293.0,2026-03-30 20:00:00+00:00,-1.0,,
,,,,utc_only,3294.0,2026-03-31 04:00:00+00:00,0.2008852314103034,,
,,,,utc_only,3296.0,2026-03-31 20:00:00+00:00,-1.0,,
,,,,utc_only,3297.0,2026-04-03 16:00:00+00:00,0.44946288427491143,,
,,,,utc_only,3298.0,2026-04-05 20:00:00+00:00,1.341587486774562,,
,,,,utc_only,3299.0,2026-04-06 20:00:00+00:00,-1.0,,
,,,,utc_only,3300.0,2026-04-08 08:00:00+00:00,0.6191804242565587,,
,,,,utc_only,3301.0,2026-04-08 16:00:00+00:00,-0.35053565844774043,,
